CRASH_RECORD_ID,CRASH_DATE,POSTED_SPEED_LIMIT,TRAFFIC_CONTROL_DEVICE,DEVICE_CONDITION,WEATHER_CONDITION,LIGHTING_CONDITION,FIRST_CRASH_TYPE,TRAFFICWAY_TYPE,ALIGNMENT,ROADWAY_SURFACE_COND,ROAD_DEFECT,CRASH_TYPE,DAMAGE,PRIM_CONTRIBUTORY_CAUSE,SEC_CONTRIBUTORY_CAUSE,STREET_NO,STREET_DIRECTION,STREET_NAME,NUM_UNITS,MOST_SEVERE_INJURY,INJURIES_TOTAL,INJURIES_FATAL,INJURIES_INCAPACITATING,INJURIES_NON_INCAPACITATING,INJURIES_REPORTED_NOT_EVIDENT,INJURIES_NO_INDICATION,INJURIES_UNKNOWN,CRASH_HOUR,CRASH_DAY_OF_WEEK,CRASH_MONTH
ce12c9a7d9327a7833d5cd4bf8ccfebed6735c9fd43f696aea4d39ac3ad790c907ea7c5beff3209712ee4402db107412cd0879866ce35ca41863dfe205c79d53,2019-02-08 19:57:00,30,NO CONTROLS,NO CONTROLS,CLEAR,"DARKNESS, LIGHTED ROAD",REAR END,DIVIDED - W/MEDIAN BARRIER,STRAIGHT AND LEVEL,DRY,NO DEFECTS,INJURY AND / OR TOW DUE TO CRASH,"OVER $1,500",EXCEEDING AUTHORIZED SPEED LIMIT,FAILING TO REDUCE SPEED TO AVOID CRASH,4408,W,CERMAK RD,2,NONINCAPACITATING INJURY,3.0,0.0,0.0,3.0,0.0,2.0,0.0,19,6,2
303c76b9a645208c4ad969ff3707d71739c733828b140eda5d2b4383ae861f67cc3d428621c5e22a1b0e2a6bdcb9db5dc616652d0dfbc57b467d403629c69f99,2023-10-18 19:05:00,20,NO CONTROLS,NO CONTROLS,CLEAR,DARKNESS,REAR END,DIVIDED - W/MEDIAN (NOT RAISED),STRAIGHT AND LEVEL,DRY,NO DEFECTS,NO INJURY / DRIVE AWAY,"OVER $1,500",FOLLOWING TOO CLOSELY,NOT APPLICABLE,9929,S,VINCENNES AVE,2,NO INDICATION OF INJURY,0.0,0.0,0.0,0.0,0.0,2.0,0.0,19,4,10
f04ad52c4a3c0af9ca56d733589ddde92c51e2fc728eff4c660a7b1fd880b586f4778e823f54fc8da6312cedda0fbf0d80532c55500b8aaabf0b0dc1a9a3a40b,2020-10-31 13:34:00,30,TRAFFIC SIGNAL,FUNCTIONING PROPERLY,CLEAR,DAYLIGHT,REAR END,NOT DIVIDED,STRAIGHT AND LEVEL,DRY,NO DEFECTS,NO INJURY / DRIVE AWAY,"$501 - $1,500",FOLLOWING TOO CLOSELY,NOT APPLICABLE,5896,N,SHERIDAN RD,2,NO INDICATION OF INJURY,0.0,0.0,0.0,0.0,0.0,2.0,0.0,13,7,10
ed74fbc6380a7081210638a670ca6adf6d5a8d83bf620e210440cb55ee283511b4e1a47d0c2b830ee2ede8279f7ef8dada62023c35c7e515d6871fa8e9a8ec8d,2018-04-20 22:07:00,30,TRAFFIC SIGNAL,FUNCTIONING PROPERLY,CLEAR,"DARKNESS, LIGHTED ROAD",TURNING,DIVIDED - W/MEDIAN (NOT RAISED),STRAIGHT AND LEVEL,DRY,NO DEFECTS,INJURY AND / OR TOW DUE TO CRASH,"OVER $1,500","OPERATING VEHICLE IN ERRATIC, RECKLESS, CARELESS, NEGLIGENT OR AGGRESSIVE MANNER",DISTRACTION - FROM OUTSIDE VEHICLE,30,N,LEAVITT ST,2,NO INDICATION OF INJURY,0.0,0.0,0.0,0.0,0.0,3.0,0.0,22,6,4
1b002c405d5eb991ece922460a08c83d747a85ae6242383154ccbb90899200c450742b164c3a5dc5d6a0497c72790bc3b28956252dbeeaeb671fd725c1ddf7cc,2021-06-20 08:34:00,30,NO CONTROLS,NO CONTROLS,CLEAR,DAYLIGHT,PARKED MOTOR VEHICLE,NOT DIVIDED,STRAIGHT AND LEVEL,DRY,NO DEFECTS,NO INJURY / DRIVE AWAY,$500 OR LESS,UNABLE TO DETERMINE,UNABLE TO DETERMINE,1815,W,AUGUSTA BLVD,2,NO INDICATION OF INJURY,0.0,0.0,0.0,0.0,0.0,1.0,0.0,8,1,6
ba7201a6473d7cb0ed40b8317ee67c7e2a2567582a31e1ccb322483353d941934d28911e0d0063b2523f49a033ea1a79a436501bb057860236c0a410b158ec56,2021-12-21 22:00:00,30,NO CONTROLS,NO CONTROLS,CLEAR,UNKNOWN,PARKED MOTOR VEHICLE,NOT DIVIDED,STRAIGHT AND LEVEL,UNKNOWN,UNKNOWN,NO INJURY / DRIVE AWAY,"OVER $1,500",FAILING TO YIELD RIGHT-OF-WAY,NOT APPLICABLE,6245,W,RAVEN ST,2,NO INDICATION OF INJURY,0.0,0.0,0.0,0.0,0.0,1.0,0.0,22,3,12
cf68bbd9350e735eb4df3a2ebc37e2bd3b50d3b65c82d96c77054d5347786ebdcb6cef8d0d958f1bb42da4c12b3944edb78fa75ee05374f19a099be62eeeab97,2018-07-06 18:54:00,30,TRAFFIC SIGNAL,FUNCTIONING PROPERLY,CLEAR,DAYLIGHT,TURNING,ONE-WAY,STRAIGHT AND LEVEL,DRY,NO DEFECTS,NO INJURY / DRIVE AWAY,$500 OR LESS,FAILING TO REDUCE SPEED TO AVOID CRASH,FOLLOWING TOO CLOSELY,501,W,WASHINGTON BLVD,2,NO INDICATION OF INJURY,0.0,0.0,0.0,0.0,0.0,2.0,0.0,18,6,7
f14acd1e6e7b127796775f4d802dbbbc815b314b8958a0bb295052369aebb0649aa8259e27bbe3ed702d10821867c101829fdb05cd45379c4e195c52dc91fb3e,2020-02-23 23:25:00,15,NO CONTROLS,NO CONTROLS,CLEAR,"DARKNESS, LIGHTED ROAD",ANGLE,ALLEY,STRAIGHT AND LEVEL,DRY,NO DEFECTS,INJURY AND / OR TOW DUE TO CRASH,"OVER $1,500",FAILING TO YIELD RIGHT-OF-WAY,NOT APPLICABLE,1614,W,36TH ST,2,NO INDICATION OF INJURY,0.0,0.0,0.0,0.0,0.0,5.0,0.0,23,1,2
f5d84e2ac1c7e0c47e22c703b3fb28a72d5aae849b7a54f8d9ada4dfd02148573e3ffb6808402d7344c521b85feb2269166ce64ffb80be30e3285d312fc55b08,2021-11-18 12:30:00,30,TRAFFIC SIGNAL,FUNCTIONING PROPERLY,CLEAR,DAYLIGHT,REAR END,DIVIDED - W/MEDIAN BARRIER,STRAIGHT AND LEVEL,DRY,NO DEFECTS,INJURY AND / OR TOW DUE TO CRASH,"$501 - $1,500",FOLLOWING TOO CLOSELY,FAILING TO YIELD RIGHT-OF-WAY,5224,S,LAKE PARK AVE,2,"REPORTED, NOT EVIDENT",1.0,0.0,0.0,0.0,1.0,1.0,0.0,12,5,11
5c2deb8233cde4d020b1cde072ec8d35b0f8e69ca027dfbd67fc88920b631794768a87b2da93077c1d9aad16504982a97e7885774628bad71d7d83ba6b3c2e37,2021-08-04 15:40:00,30,NO CONTROLS,NO CONTROLS,CLEAR,DAYLIGHT,REAR TO FRONT,NOT DIVIDED,STRAIGHT AND LEVEL,DRY,OTHER,NO INJURY / DRIVE AWAY,"OVER $1,500",UNABLE TO DETERMINE,UNABLE TO DETERMINE,11800,S,MICHIGAN AVE,2,NO INDICATION OF INJURY,0.0,0.0,0.0,0.0,0.0,2.0,0.0,15,4,8
5080bd59410564cb58ba50c79ab945edb37f6fd3b995dda67e276a77d94ed9b8e60f09cf27737ec0c4d3472a9cba99d56f5e6e3be1e9bc7180f35e762ff34d07,2020-05-27 16:30:00,25,NO CONTROLS,NO CONTROLS,CLEAR,DAYLIGHT,REAR END,NOT DIVIDED,STRAIGHT AND LEVEL,DRY,NO DEFECTS,NO INJURY / DRIVE AWAY,"$501 - $1,500",UNABLE TO DETERMINE,UNABLE TO DETERMINE,6205,N,SHERIDAN RD,2,NO INDICATION OF INJURY,0.0,0.0,0.0,0.0,0.0,3.0,0.0,16,4,5
4b593141ed55309db4c4a198e7be187c5553a695bf8ef1aec3d331f7321d67ea7d7dc4ec91f0587a9b8dc50220692dbd767f95abda9b74565cc6407958a664a3,2019-08-03 02:30:00,40,NO CONTROLS,NO CONTROLS,CLEAR,"DARKNESS, LIGHTED ROAD",SIDESWIPE SAME DIRECTION,DIVIDED - W/MEDIAN (NOT RAISED),STRAIGHT AND LEVEL,DRY,NO DEFECTS,INJURY AND / OR TOW DUE TO CRASH,"OVER $1,500",IMPROPER LANE USAGE,NOT APPLICABLE,5100,S,LAKE SHORE DR NB,2,NO INDICATION OF INJURY,0.0,0.0,0.0,0.0,0.0,2.0,0.0,2,7,8
1f73d213c1b359acae8a2a986cc3797c386a8c13c5b9505e2a7e823cd1bffcb4b8464c3f203c8bf61cc30a311c6bca7e0341f7446f1d0cb3056a66c4f1c8b3a7,2022-10-31 14:09:00,30,NO CONTROLS,NO CONTROLS,UNKNOWN,UNKNOWN,PARKED MOTOR VEHICLE,NOT DIVIDED,STRAIGHT AND LEVEL,UNKNOWN,UNKNOWN,NO INJURY / DRIVE AWAY,"OVER $1,500",UNABLE TO DETERMINE,UNABLE TO DETERMINE,1706,W,ESTES AVE,2,NO INDICATION OF INJURY,0.0,0.0,0.0,0.0,0.0,1.0,0.0,14,2,10
629920f56dab41f958399945698a3b80b0707cf4b99c1cf8a86ffbd627af5fca21a4a1254f3d9815c2508915f3afa01788f854580b2ba69e0cb1179846dba1a0,2018-02-01 16:35:00,30,NO CONTROLS,NO CONTROLS,CLEAR,DAYLIGHT,SIDESWIPE SAME DIRECTION,NOT DIVIDED,STRAIGHT AND LEVEL,DRY,NO DEFECTS,NO INJURY / DRIVE AWAY,"OVER $1,500",IMPROPER OVERTAKING/PASSING,NOT APPLICABLE,3026,S,CALIFORNIA AVE,2,NO INDICATION OF INJURY,0.0,0.0,0.0,0.0,0.0,8.0,0.0,16,5,2
d80a7eb6be36589a323774b169334a3dcbbcef1784a8b5c0ec0779eaed39570f5dddf6b56ee082c2aeb2b4a6accfeaa7d7872ebf4aa76694f75ba596464e1fe6,2021-12-19 12:08:00,20,NO CONTROLS,NO CONTROLS,CLEAR,DAYLIGHT,ANGLE,ONE-WAY,STRAIGHT AND LEVEL,DRY,NO DEFECTS,INJURY AND / OR TOW DUE TO CRASH,"OVER $1,500","VISION OBSCURED (SIGNS, TREE LIMBS, BUILDINGS, ETC.)",FAILING TO YIELD RIGHT-OF-WAY,4013,W,MELROSE ST,2,"REPORTED, NOT EVIDENT",1.0,0.0,0.0,0.0,1.0,1.0,0.0,12,1,12
4a9837b8ccbc692d3c167521094683474a5e8c535a0782efe2960128f48be92401b1b5e0fc7733912964a3c8c2f699c58bee295a108230dcbf9cc6af8f9af7df,2020-10-24 02:50:00,30,STOP SIGN/FLASHER,UNKNOWN,CLEAR,"DARKNESS, LIGHTED ROAD",TURNING,NOT DIVIDED,STRAIGHT AND LEVEL,UNKNOWN,UNKNOWN,INJURY AND / OR TOW DUE TO CRASH,"OVER $1,500",UNABLE TO DETERMINE,UNABLE TO DETERMINE,5056,W,LAWRENCE AVE,2,NONINCAPACITATING INJURY,2.0,0.0,0.0,2.0,0.0,2.0,0.0,2,7,10
6f97fb86ed3811073972ee8cbaad1908168773cd97a5d51af4eb1d370218990ba0de1e33971c43573a9340b190a7797caadd999f75b4ea8b49b5e3c884630804,2018-08-17 14:05:00,30,NO CONTROLS,NO CONTROLS,CLEAR,DAYLIGHT,ANGLE,NOT DIVIDED,STRAIGHT AND LEVEL,DRY,NO DEFECTS,NO INJURY / DRIVE AWAY,"OVER $1,500",FAILING TO YIELD RIGHT-OF-WAY,FAILING TO YIELD RIGHT-OF-WAY,5016,N,MONTCLARE AVE,2,NO INDICATION OF INJURY,0.0,0.0,0.0,0.0,0.0,2.0,0.0,14,6,8
fac7ffb5f2888d54acde9bfaf34ef111feedce45dba7e2ad1e52586d5d003a65c661772d1a7ae6c8386f93d1cc76b0a4261a7d610aa7783a1c1cd9215d8c1893,2017-02-25 15:30:00,0,NO CONTROLS,NO CONTROLS,CLEAR,DAYLIGHT,HEAD ON,PARKING LOT,STRAIGHT AND LEVEL,DRY,UNKNOWN,NO INJURY / DRIVE AWAY,"OVER $1,500",IMPROPER BACKING,UNABLE TO DETERMINE,4720,S,COTTAGE GROVE AVE,2,NO INDICATION OF INJURY,0.0,0.0,0.0,0.0,0.0,2.0,0.0,15,7,2
42295a24dd7efaf8f6c267da47005f74ebc8288f1b2747417c3065a766de9b7d2676a597cb1d4658132dad1ebc58d5f1fcc6e8dfe86140ca7c042f30e371e902,2021-06-16 22:00:00,30,TRAFFIC SIGNAL,UNKNOWN,CLEAR,UNKNOWN,SIDESWIPE OPPOSITE DIRECTION,DIVIDED - W/MEDIAN (NOT RAISED),STRAIGHT AND LEVEL,UNKNOWN,UNKNOWN,NO INJURY / DRIVE AWAY,"OVER $1,500",UNABLE TO DETERMINE,UNABLE TO DETERMINE,4000,W,LAKE ST,2,NO INDICATION OF INJURY,0.0,0.0,0.0,0.0,0.0,3.0,0.0,22,4,6
87f6544b85c2497c2be7337ebdd74581ee351b32ac50df7cf02eb0c62bc347556b1de04ec331afe051e221ede6ca55be98f272cd752d1e0fe349da1bcd0cd319,2022-09-26 17:13:00,15,NO CONTROLS,NO CONTROLS,CLEAR,DAYLIGHT,PARKED MOTOR VEHICLE,OTHER,STRAIGHT AND LEVEL,DRY,UNKNOWN,NO INJURY / DRIVE AWAY,"$501 - $1,500",UNABLE TO DETERMINE,UNABLE TO DETERMINE,5058,S,HALSTED ST,2,NO INDICATION OF INJURY,0.0,0.0,0.0,0.0,0.0,1.0,0.0,17,2,9
5ab6f187b2db46081c53c4ebef4340f8cdd02866b024c468c090304c5502d506fe18dbe84184f52d851d12d16e1485ad10fb13c8d2daa662d297a9cc29a09787,2018-12-20 12:55:00,30,TRAFFIC SIGNAL,FUNCTIONING PROPERLY,CLEAR,DAYLIGHT,REAR END,NOT DIVIDED,STRAIGHT AND LEVEL,DRY,NO DEFECTS,NO INJURY / DRIVE AWAY,"OVER $1,500",FOLLOWING TOO CLOSELY,NOT APPLICABLE,6300,S,CICERO AVE,2,NO INDICATION OF INJURY,0.0,0.0,0.0,0.0,0.0,4.0,0.0,12,5,12
47cc5c5acc38c027a7db2ef53a137dcd365668355f9294687df28ad0e0d037bf4ddc2192680257eecd8b36ee177f497e51facb737e9e823b49e085917f63438a,2018-10-19 10:30:00,35,NO CONTROLS,NO CONTROLS,CLEAR,DAYLIGHT,REAR END,DIVIDED - W/MEDIAN BARRIER,STRAIGHT AND LEVEL,DRY,NO DEFECTS,INJURY AND / OR TOW DUE TO CRASH,"OVER $1,500",FOLLOWING TOO CLOSELY,FAILING TO REDUCE SPEED TO AVOID CRASH,521,W,87TH ST,2,NONINCAPACITATING INJURY,1.0,0.0,0.0,1.0,0.0,2.0,0.0,10,6,10
a16ce71e02ad21e104f459761f56642db6405c7e98a62979b4b94d27dca553b2c2800a5ddc65a0f1561a71468a406a79da3311c599636bb9d3155bc2c2084b41,2022-12-30 20:05:00,30,NO CONTROLS,NO CONTROLS,CLEAR,DAWN,PARKED MOTOR VEHICLE,OTHER,STRAIGHT AND LEVEL,DRY,UNKNOWN,NO INJURY / DRIVE AWAY,"$501 - $1,500",UNABLE TO DETERMINE,UNABLE TO DETERMINE,1,W,DELAWARE PL,2,NO INDICATION OF INJURY,0.0,0.0,0.0,0.0,0.0,1.0,0.0,20,6,12
8a9c627dd1d633d1166cbe82d7f22b6d4e2131414478c807c9ca40c55ce3ef67506db70f6bc8474e0b0c71151b3c8925eacb317dce56577abc5f7bdc7b73e76d,2024-04-14 14:10:00,30,TRAFFIC SIGNAL,FUNCTIONING PROPERLY,CLEAR,DAYLIGHT,TURNING,NOT DIVIDED,STRAIGHT AND LEVEL,DRY,NO DEFECTS,INJURY AND / OR TOW DUE TO CRASH,"OVER $1,500",UNABLE TO DETERMINE,UNABLE TO DETERMINE,300,N,KEDZIE AVE,2,NO INDICATION OF INJURY,0.0,0.0,0.0,0.0,0.0,2.0,0.0,14,1,4
86ab6bcff9076242b4423ef80bedc29d28345c003523c4187e71346f3d167ca832013d15b3234c16f6deab155fd41afb0c5211609327b2c7f5f94dab976433e4,2017-11-01 20:50:00,30,TRAFFIC SIGNAL,UNKNOWN,RAIN,"DARKNESS, LIGHTED ROAD",REAR END,DIVIDED - W/MEDIAN (NOT RAISED),STRAIGHT AND LEVEL,WET,UNKNOWN,NO INJURY / DRIVE AWAY,"$501 - $1,500",FOLLOWING TOO CLOSELY,FOLLOWING TOO CLOSELY,3658,N,WESTERN AVE,2,NO INDICATION OF INJURY,0.0,0.0,0.0,0.0,0.0,2.0,0.0,20,4,11
6258fec8dfb69c83dbd5126e1f221eecab920754d2cf63a41f845fcba02015ee737835a1468c4b05334d590f99766e0d232fa435f265e2032a809a78f5b834fc,2020-01-21 00:39:00,30,TRAFFIC SIGNAL,UNKNOWN,CLEAR,"DARKNESS, LIGHTED ROAD",ANGLE,FOUR WAY,STRAIGHT AND LEVEL,DRY,NO DEFECTS,INJURY AND / OR TOW DUE TO CRASH,"OVER $1,500",DISREGARDING TRAFFIC SIGNALS,NOT APPLICABLE,401,S,OAKLEY BLVD,2,NONINCAPACITATING INJURY,1.0,0.0,0.0,1.0,0.0,1.0,0.0,0,3,1
54050e3bad384856b70dca1abdac5bf0424b610b90ab28d1487390f33d2544eccece5cc46cd9459aab499008ae5072b99dead9e95e0b0796ef9e1cec7855558c,2021-07-17 23:00:00,30,TRAFFIC SIGNAL,FUNCTIONING PROPERLY,CLEAR,DAYLIGHT,TURNING,NOT DIVIDED,STRAIGHT AND LEVEL,DRY,NO DEFECTS,NO INJURY / DRIVE AWAY,"$501 - $1,500",UNABLE TO DETERMINE,UNABLE TO DETERMINE,1600,W,GARFIELD BLVD,2,NO INDICATION OF INJURY,0.0,0.0,0.0,0.0,0.0,6.0,0.0,23,7,7
51069d6ee98a222c93075012e401cf357dd6827995cb7dd238c36f534a883d13f550fe6fd05106d339c75a63c5fe6bf61bda94b19b557a5349415054828258a2,2018-10-21 02:00:00,30,STOP SIGN/FLASHER,FUNCTIONING IMPROPERLY,CLEAR,DARKNESS,PARKED MOTOR VEHICLE,ONE-WAY,STRAIGHT AND LEVEL,DRY,NO DEFECTS,NO INJURY / DRIVE AWAY,"OVER $1,500",UNABLE TO DETERMINE,NOT APPLICABLE,7753,S,CALUMET AVE,2,NO INDICATION OF INJURY,0.0,0.0,0.0,0.0,0.0,1.0,0.0,2,1,10
659414a8290adde44f157d73fffabd4d7b6968226ee6ca2bc626c4782b6302d8f5a2253486edea6d18894fbe6e4b6f8459aa90755636b0026a07da1dcbe3a767,2022-08-28 13:20:00,30,TRAFFIC SIGNAL,FUNCTIONING PROPERLY,CLEAR,DAYLIGHT,ANGLE,FOUR WAY,STRAIGHT AND LEVEL,DRY,NO DEFECTS,INJURY AND / OR TOW DUE TO CRASH,"OVER $1,500",FAILING TO YIELD RIGHT-OF-WAY,NOT APPLICABLE,801,W,MARQUETTE RD,3,NO INDICATION OF INJURY,0.0,0.0,0.0,0.0,0.0,3.0,0.0,13,1,8
bbfe9194194829e437a1d970a97cfb95dcd64aa86a5bf6e21a3f4358dc5705f2c1704186e8f263749cdd044e40fb3c5070f955a140ceb0436def49b8b46b0301,2022-04-23 18:07:00,30,NO CONTROLS,NO CONTROLS,CLEAR,DAYLIGHT,SIDESWIPE SAME DIRECTION,NOT DIVIDED,STRAIGHT AND LEVEL,DRY,NO DEFECTS,NO INJURY / DRIVE AWAY,"OVER $1,500",FAILING TO YIELD RIGHT-OF-WAY,NOT APPLICABLE,3350,W,16TH ST,2,NO INDICATION OF INJURY,0.0,0.0,0.0,0.0,0.0,2.0,0.0,18,7,4
574eb6b50e4b77693f77f56cd78f8f69da9984bf22f29a025652a76b62efc27a2f96590b9fddcfd797fb4b57fc26dd00e04ee3ed454bc504999be199fd619d67,2021-07-14 22:24:00,35,NO CONTROLS,NO CONTROLS,CLEAR,"DARKNESS, LIGHTED ROAD",TURNING,NOT DIVIDED,STRAIGHT AND LEVEL,DRY,NO DEFECTS,NO INJURY / DRIVE AWAY,"OVER $1,500",FAILING TO REDUCE SPEED TO AVOID CRASH,NOT APPLICABLE,1100,E,87TH ST,2,NO INDICATION OF INJURY,0.0,0.0,0.0,0.0,0.0,2.0,0.0,22,4,7
a1a8bc35a20f6f904cd22dbaa0e62f32ef2e8a9c75234a756ea3600734b737f4fc57bf9fe6c36633b54a153622f399c3f933d67594b00b217080728f72d5e855,2020-05-31 18:55:00,30,NO CONTROLS,NO CONTROLS,CLEAR,DAYLIGHT,SIDESWIPE SAME DIRECTION,NOT DIVIDED,STRAIGHT AND LEVEL,DRY,NO DEFECTS,NO INJURY / DRIVE AWAY,"$501 - $1,500",IMPROPER OVERTAKING/PASSING,NOT APPLICABLE,1226,N,MILWAUKEE AVE,2,NO INDICATION OF INJURY,0.0,0.0,0.0,0.0,0.0,2.0,0.0,18,1,5
358a988fa34a2141df3c0ee8b085359191a771e199f7f7a10ff07f55418e42d488653a9bafb079cfe03f3fa2b186fc279dda2be3f176b25978607d9e4affee6a,2022-12-20 13:30:00,30,NO CONTROLS,NO CONTROLS,CLEAR,DAYLIGHT,SIDESWIPE SAME DIRECTION,NOT DIVIDED,STRAIGHT AND LEVEL,DRY,NO DEFECTS,INJURY AND / OR TOW DUE TO CRASH,"OVER $1,500",FAILING TO YIELD RIGHT-OF-WAY,FAILING TO YIELD RIGHT-OF-WAY,10942,S,DR MARTIN LUTHER KING JR DR,2,"REPORTED, NOT EVIDENT",2.0,0.0,0.0,0.0,2.0,1.0,0.0,13,3,12
04f5b0553ae4aae591a3ac4581973fdb8244e29d87e0adebc28e2ecd8cd01257b5728e59aabb8815972805bef1483d863a4d818f0fbc147dccfba24cda11d04a,2023-12-14 12:00:00,30,UNKNOWN,UNKNOWN,UNKNOWN,UNKNOWN,PARKED MOTOR VEHICLE,NOT DIVIDED,STRAIGHT AND LEVEL,UNKNOWN,UNKNOWN,NO INJURY / DRIVE AWAY,"$501 - $1,500",UNABLE TO DETERMINE,UNABLE TO DETERMINE,3521,N,BROADWAY,2,NO INDICATION OF INJURY,0.0,0.0,0.0,0.0,0.0,1.0,0.0,12,5,12
75d01dfa47ebaf5a133f3a132671a652943a6d68137b0235d52e392bb00df316df267cba27f01883926f664b67fb590c6ef7045019b71b290ce86230ef4b0e85,2018-11-17 08:00:00,30,NO CONTROLS,NO CONTROLS,SNOW,DAWN,PARKED MOTOR VEHICLE,ONE-WAY,STRAIGHT AND LEVEL,WET,NO DEFECTS,NO INJURY / DRIVE AWAY,"OVER $1,500",UNABLE TO DETERMINE,NOT APPLICABLE,7735,S,EAST END AVE,2,NO INDICATION OF INJURY,0.0,0.0,0.0,0.0,0.0,1.0,0.0,8,7,11
d2f5bc26daddfbb615b4e9f8abf45c6f61781ce03fe89a332decef78ca5509539a1f8471ea032d1023190661f4789ee692e31d4a17ad278627a82600c56d3ebb,2019-06-12 15:15:00,30,STOP SIGN/FLASHER,FUNCTIONING PROPERLY,CLOUDY/OVERCAST,DAYLIGHT,PEDALCYCLIST,ONE-WAY,STRAIGHT AND LEVEL,DRY,NO DEFECTS,INJURY AND / OR TOW DUE TO CRASH,"$501 - $1,500",FAILING TO YIELD RIGHT-OF-WAY,NOT APPLICABLE,7000,S,STATE ST,2,"REPORTED, NOT EVIDENT",1.0,0.0,0.0,0.0,1.0,1.0,0.0,15,4,6
addfa7d6d3b36544de4288cd2ccd6e2987d760a2a5c3d381aeae14579448ad89b04f1ba9fbc8cd89e558ae85d63921a9f7d2743ac4861942a390aac38cc0a67f,2018-04-30 17:45:00,30,NO CONTROLS,NO CONTROLS,CLEAR,DAYLIGHT,SIDESWIPE SAME DIRECTION,NOT DIVIDED,STRAIGHT AND LEVEL,DRY,NO DEFECTS,NO INJURY / DRIVE AWAY,"$501 - $1,500",IMPROPER LANE USAGE,NOT APPLICABLE,4029,W,DIVISION ST,2,NO INDICATION OF INJURY,0.0,0.0,0.0,0.0,0.0,2.0,0.0,17,2,4
87e256a6b9f77533d85fc5879126dd0be01b5d2018da299a7dffa0111be76a99e3b8cf08be1b247ee618d05d7ebb37ee1a3bda3b8ce7b8edb40d74529620bf5e,2022-01-31 13:00:00,30,TRAFFIC SIGNAL,FUNCTIONING PROPERLY,CLEAR,DAYLIGHT,ANGLE,NOT DIVIDED,STRAIGHT AND LEVEL,DRY,NO DEFECTS,INJURY AND / OR TOW DUE TO CRASH,"OVER $1,500",FAILING TO YIELD RIGHT-OF-WAY,DISREGARDING OTHER TRAFFIC SIGNS,5000,S,CICERO AVE,2,NONINCAPACITATING INJURY,1.0,0.0,0.0,1.0,0.0,3.0,0.0,13,2,1
a03e00aef714a78029756314db648339e15966b9229045a092dcc1364296141ce6b4b46134da035ebe3457c06ce0095388e6d4dcb8e3bbc6672a8df9e687ae76,2021-09-24 09:49:00,35,NO CONTROLS,NO CONTROLS,CLEAR,DAYLIGHT,TURNING,DIVIDED - W/MEDIAN BARRIER,STRAIGHT AND LEVEL,DRY,NO DEFECTS,INJURY AND / OR TOW DUE TO CRASH,"OVER $1,500",FAILING TO YIELD RIGHT-OF-WAY,DISTRACTION - FROM INSIDE VEHICLE,2503,E,130TH ST,2,NONINCAPACITATING INJURY,1.0,0.0,0.0,1.0,0.0,1.0,0.0,9,6,9
adb3060d5b6ab4d81b37b116a4e88f0100db9ae18cb0f7492036fdc9c9d1de067ca22fcd0a0079e852dabf1345e8b6171708bff1b7c55434747edfceab508282,2023-12-16 07:30:00,30,NO CONTROLS,NO CONTROLS,CLEAR,DAWN,PARKED MOTOR VEHICLE,NOT DIVIDED,STRAIGHT AND LEVEL,DRY,NO DEFECTS,INJURY AND / OR TOW DUE TO CRASH,"$501 - $1,500",UNABLE TO DETERMINE,UNABLE TO DETERMINE,4918,W,WEST END AVE,2,NO INDICATION OF INJURY,0.0,0.0,0.0,0.0,0.0,1.0,0.0,7,7,12
e3deeb03485efbe78319e9d96737968614df88945e6064223e9c7e83b9128ffdfe912874c2d21a8450fa2973264fe1657c50cae2b351f892ca72499e58b61a55,2021-08-21 16:20:00,10,NO CONTROLS,NO CONTROLS,CLEAR,DAYLIGHT,REAR TO SIDE,PARKING LOT,STRAIGHT AND LEVEL,DRY,NO DEFECTS,NO INJURY / DRIVE AWAY,"OVER $1,500",FAILING TO YIELD RIGHT-OF-WAY,NOT APPLICABLE,9233,S,WESTERN AVE,2,NO INDICATION OF INJURY,0.0,0.0,0.0,0.0,0.0,2.0,0.0,16,7,8
6fbcf550fd7deb7294748aeade229b263265bf015b301f77cb028c57bfb949b51c1fb9412d6fec7afb9dc6330ce957e56bf3dd30408553a9ad15a2f6c8882ee8,2015-10-26 08:30:00,20,TRAFFIC SIGNAL,FUNCTIONING PROPERLY,CLEAR,DAYLIGHT,PEDESTRIAN,NOT DIVIDED,STRAIGHT AND LEVEL,DRY,NO DEFECTS,INJURY AND / OR TOW DUE TO CRASH,"OVER $1,500",CELL PHONE USE OTHER THAN TEXTING,DRIVING SKILLS/KNOWLEDGE/EXPERIENCE,6200,S,STONY ISLAND AVE,2,NONINCAPACITATING INJURY,1.0,0.0,0.0,1.0,0.0,1.0,0.0,8,2,10
3ef5b0738398fe3345545f2c18edff4b08446ef6b0e61459b6d30f35bdd642b917f9ef8b27dc72b71c48ef782057dee69e79f3b953cf676e8582fc9de84a0503,2020-09-28 13:48:00,30,TRAFFIC SIGNAL,FUNCTIONING PROPERLY,CLEAR,DAYLIGHT,REAR END,FOUR WAY,STRAIGHT AND LEVEL,DRY,UNKNOWN,NO INJURY / DRIVE AWAY,"OVER $1,500",UNABLE TO DETERMINE,UNABLE TO DETERMINE,1331,E,71ST ST,2,NO INDICATION OF INJURY,0.0,0.0,0.0,0.0,0.0,2.0,0.0,13,2,9