CRASH_RECORD_ID,CRASH_DATE,POSTED_SPEED_LIMIT,TRAFFIC_CONTROL_DEVICE,DEVICE_CONDITION,WEATHER_CONDITION,LIGHTING_CONDITION,FIRST_CRASH_TYPE,TRAFFICWAY_TYPE,ALIGNMENT,ROADWAY_SURFACE_COND,ROAD_DEFECT,CRASH_TYPE,DAMAGE,PRIM_CONTRIBUTORY_CAUSE,SEC_CONTRIBUTORY_CAUSE,STREET_NO,STREET_DIRECTION,STREET_NAME,NUM_UNITS,MOST_SEVERE_INJURY,INJURIES_TOTAL,INJURIES_FATAL,INJURIES_INCAPACITATING,INJURIES_NON_INCAPACITATING,INJURIES_REPORTED_NOT_EVIDENT,INJURIES_NO_INDICATION,INJURIES_UNKNOWN,CRASH_HOUR,CRASH_DAY_OF_WEEK,CRASH_MONTH
562137c257500a76ed82541e0509c5562b4dd5218ccd2072fb97ec6462f42e932c999eaedebbc744186b1595655a4a63e69c093fc77e36309ebf039c6460f60e,2022-07-21 00:00:00,25,NO CONTROLS,NO CONTROLS,UNKNOWN,UNKNOWN,PARKED MOTOR VEHICLE,ONE-WAY,STRAIGHT AND LEVEL,UNKNOWN,NO DEFECTS,NO INJURY / DRIVE AWAY,"$501 - $1,500",UNABLE TO DETERMINE,NOT APPLICABLE,12341,S,NORMAL AVE,2,NO INDICATION OF INJURY,0.0,0.0,0.0,0.0,0.0,1.0,0.0,0,5,7
e701060dadd6b278dfef7653af4797b058c98a635e0fa24fd788bf087aa95144d99caac837892b22ced8717fefb8ed8f0f5fa810da031b9ff4576a9c32a07043,2023-12-15 17:32:00,30,NO CONTROLS,NO CONTROLS,CLEAR,"DARKNESS, LIGHTED ROAD",PARKED MOTOR VEHICLE,DIVIDED - W/MEDIAN (NOT RAISED),STRAIGHT AND LEVEL,DRY,UNKNOWN,NO INJURY / DRIVE AWAY,"OVER $1,500",UNABLE TO DETERMINE,NOT APPLICABLE,5505,N,LINCOLN AVE,2,NO INDICATION OF INJURY,0.0,0.0,0.0,0.0,0.0,1.0,0.0,17,6,12
50de83ecc480522c66df666ec32969f6c6ccccee9ee6f6d53527e67e76acac5f9adfd91f143f8d436c7a55cc7765f0c2c72cd542dbfc3cff5630c98620465209,2019-12-05 00:01:00,30,TRAFFIC SIGNAL,FUNCTIONING PROPERLY,CLEAR,"DARKNESS, LIGHTED ROAD",REAR END,NOT DIVIDED,STRAIGHT AND LEVEL,DRY,NO DEFECTS,NO INJURY / DRIVE AWAY,"OVER $1,500",UNABLE TO DETERMINE,NOT APPLICABLE,2000,W,PERSHING RD,2,NO INDICATION OF INJURY,0.0,0.0,0.0,0.0,0.0,3.0,0.0,0,5,12
f34c29f328f592e86bd97ab2ffb2d7a7cf23bcb07e1de33dee93b8f27810bc2b03e02d917908f4e6309aa9a1ae36fbba49946b89ab615c8ad45ce4bc3c93e49b,2020-07-13 18:40:00,30,NO CONTROLS,NO CONTROLS,CLEAR,DAYLIGHT,PARKED MOTOR VEHICLE,NOT DIVIDED,STRAIGHT AND LEVEL,DRY,NO DEFECTS,INJURY AND / OR TOW DUE TO CRASH,"OVER $1,500",DISTRACTION - FROM INSIDE VEHICLE,UNABLE TO DETERMINE,4436,W,MADISON ST,2,NONINCAPACITATING INJURY,1.0,0.0,0.0,1.0,0.0,2.0,0.0,18,2,7
dc013f0c62457639b942f17903a2b52aa344bca3740fd10c1ef162ad5e0c1dbe35bc00fe2a4060c4e7abe2ae896188858285bb63e6922fb6f424e72e23364137,2016-11-20 16:00:00,30,TRAFFIC SIGNAL,FUNCTIONING PROPERLY,CLEAR,DAYLIGHT,SIDESWIPE SAME DIRECTION,NOT DIVIDED,STRAIGHT AND LEVEL,DRY,NO DEFECTS,NO INJURY / DRIVE AWAY,"$501 - $1,500",UNABLE TO DETERMINE,UNABLE TO DETERMINE,4500,S,WESTERN AVE,2,NO INDICATION OF INJURY,0.0,0.0,0.0,0.0,0.0,2.0,0.0,16,1,11
5164c71bc7de2c557dcc42996697c447199353327556cc64bf5368483e507cafffec86f0b86c055ae82378967f4b695822022e6b3def21edc4955581323235f9,2022-01-29 19:30:00,30,NO CONTROLS,NO CONTROLS,CLEAR,"DARKNESS, LIGHTED ROAD",HEAD ON,NOT DIVIDED,STRAIGHT AND LEVEL,SNOW OR SLUSH,NO DEFECTS,INJURY AND / OR TOW DUE TO CRASH,"OVER $1,500",DRIVING ON WRONG SIDE/WRONG WAY,WEATHER,2500,N,CICERO AVE,2,NO INDICATION OF INJURY,0.0,0.0,0.0,0.0,0.0,2.0,0.0,19,7,1
7d7a3d6af2c055632aa69d32bfb72da1e552ce1ae2e9ecf51a158d0bc5a8a3b9820ba755e5ccfd81254793bcd82f66deb4974167e31f5bfcaa8c3429c817e98e,2021-12-01 19:30:00,35,TRAFFIC SIGNAL,FUNCTIONING PROPERLY,CLEAR,"DARKNESS, LIGHTED ROAD",REAR END,NOT DIVIDED,STRAIGHT AND LEVEL,DRY,NO DEFECTS,NO INJURY / DRIVE AWAY,"OVER $1,500",UNABLE TO DETERMINE,UNABLE TO DETERMINE,2000,E,67TH ST,2,NO INDICATION OF INJURY,0.0,0.0,0.0,0.0,0.0,2.0,0.0,19,4,12
67641592ae6d82708fac2d9119fe94cc90cfd33dbcb2786cef3addfcb5966b831fdccf20ba68ebb0ed5241be6c8c897d3544356c075749fb4fad8a70b18b2472,2021-08-20 22:45:00,30,UNKNOWN,UNKNOWN,UNKNOWN,UNKNOWN,REAR END,UNKNOWN,STRAIGHT AND LEVEL,UNKNOWN,UNKNOWN,NO INJURY / DRIVE AWAY,"OVER $1,500",UNABLE TO DETERMINE,NOT APPLICABLE,600,N,LA SALLE DR,2,NO INDICATION OF INJURY,0.0,0.0,0.0,0.0,0.0,2.0,0.0,22,6,8
b89a23d21bc89ab0ed12ffbd45bbf064ab9fedf0d3a6dd6dfaccbec7d584922e8cf617ca25a687bd3ad5c75e942fd2b479affc129b0d31bc07d3e505712b5858,2017-09-14 18:30:00,30,NO CONTROLS,NO CONTROLS,CLEAR,DAYLIGHT,REAR END,NOT DIVIDED,STRAIGHT AND LEVEL,DRY,NO DEFECTS,NO INJURY / DRIVE AWAY,$500 OR LESS,UNABLE TO DETERMINE,UNABLE TO DETERMINE,2200,N,ASHLAND AVE,2,NO INDICATION OF INJURY,0.0,0.0,0.0,0.0,0.0,2.0,0.0,18,5,9
de469bb9bcc9c4c04edca575645bbe95b7e6a69082e4341dbe5565b7152ef7b0e6fb20af1f78e28fbfa6bc70c572b07f7f68ce10d503e851c2d5c92a66f438de,2020-05-22 14:45:00,30,STOP SIGN/FLASHER,FUNCTIONING PROPERLY,CLOUDY/OVERCAST,DAYLIGHT,TURNING,DIVIDED - W/MEDIAN (NOT RAISED),STRAIGHT AND LEVEL,DRY,UNKNOWN,INJURY AND / OR TOW DUE TO CRASH,"OVER $1,500",FAILING TO REDUCE SPEED TO AVOID CRASH,NOT APPLICABLE,3029,N,LARAMIE AVE,3,NONINCAPACITATING INJURY,1.0,0.0,0.0,1.0,0.0,2.0,0.0,14,6,5
14afab685cb4ffe6ed0ea0c0adb31928f6b2b17d40b57afea58b93419c3098b732c87e48a699e3d00932380953832796d115bebfe3f14d543a58d982eb29bc40,2017-07-18 08:30:00,30,NO CONTROLS,NO CONTROLS,CLEAR,DAYLIGHT,FIXED OBJECT,NOT DIVIDED,STRAIGHT ON GRADE,DRY,OTHER,NO INJURY / DRIVE AWAY,"OVER $1,500",ROAD CONSTRUCTION/MAINTENANCE,UNABLE TO DETERMINE,1939,W,68TH ST,1,NO INDICATION OF INJURY,0.0,0.0,0.0,0.0,0.0,2.0,0.0,8,3,7
f402145dcfe163d680269270d9fe724ed50e545634ddbab0a124d153092e326fdce0be4dccf39cb847bf4426c6e99e30d9b9e716d0ac52fbea36a2882585538d,2023-04-26 14:45:00,30,NO CONTROLS,NO CONTROLS,CLEAR,DAYLIGHT,REAR END,DIVIDED - W/MEDIAN (NOT RAISED),STRAIGHT AND LEVEL,DRY,NO DEFECTS,NO INJURY / DRIVE AWAY,"OVER $1,500",NOT APPLICABLE,NOT APPLICABLE,3514,N,PULASKI RD,2,NO INDICATION OF INJURY,0.0,0.0,0.0,0.0,0.0,2.0,0.0,14,4,4
0b34c5f3488d54ce91f22ce6f0effff0b67f685635b135b5fa3ea2eb56e7272fa87f94071bc5904880db41b67736772ad1dd21276d5580d2f3a6bd0594d6c65c,2021-09-22 07:48:00,20,STOP SIGN/FLASHER,FUNCTIONING PROPERLY,CLOUDY/OVERCAST,DAYLIGHT,ANGLE,NOT DIVIDED,STRAIGHT AND LEVEL,WET,NO DEFECTS,NO INJURY / DRIVE AWAY,"OVER $1,500",DISREGARDING STOP SIGN,FAILING TO YIELD RIGHT-OF-WAY,6800,S,NORMAL BLVD,2,NO INDICATION OF INJURY,0.0,0.0,0.0,0.0,0.0,2.0,0.0,7,4,9
20e5205133b3b437f0f28a762a66f7b52f70e3dba00afbdf46a12461d37841380c74eaa1bd86867b533bdd3975cab021dcd44d0a0f1a9b766be064345a6be207,2022-05-22 23:20:00,25,NO CONTROLS,NO CONTROLS,CLEAR,"DARKNESS, LIGHTED ROAD",REAR END,DIVIDED - W/MEDIAN (NOT RAISED),STRAIGHT AND LEVEL,DRY,NO DEFECTS,INJURY AND / OR TOW DUE TO CRASH,"OVER $1,500",FOLLOWING TOO CLOSELY,NOT APPLICABLE,1357,N,DAMEN AVE,2,NO INDICATION OF INJURY,0.0,0.0,0.0,0.0,0.0,4.0,0.0,23,1,5
b5baee90e372187e29f81c4e0454c83245b7f8a44d32b96ab20cbf3b57836f27854e2911e03816a60772c50af6a0c4b52db9ae67c60e6edb7ab7a35958e9708a,2022-07-13 15:47:00,25,NO CONTROLS,NO CONTROLS,CLEAR,DAYLIGHT,PARKED MOTOR VEHICLE,NOT DIVIDED,STRAIGHT AND LEVEL,DRY,NO DEFECTS,NO INJURY / DRIVE AWAY,"$501 - $1,500",DRIVING SKILLS/KNOWLEDGE/EXPERIENCE,UNABLE TO DETERMINE,5132,W,LE MOYNE ST,2,NO INDICATION OF INJURY,0.0,0.0,0.0,0.0,0.0,1.0,0.0,15,4,7
372c42a37c45f78762805cf29c81207ca005b7a3cde082bfc13c382b5ce8b5d5ca9bae7ee58b37ae48ac605c6db9ac75cc3ff4200d4b3ee96c95fec1d33edbd1,2022-11-12 18:45:00,25,NO CONTROLS,NO CONTROLS,CLEAR,DARKNESS,PARKED MOTOR VEHICLE,ONE-WAY,STRAIGHT AND LEVEL,DRY,NO DEFECTS,INJURY AND / OR TOW DUE TO CRASH,"OVER $1,500",ANIMAL,UNABLE TO DETERMINE,2750,W,GLENLAKE AVE,4,NO INDICATION OF INJURY,0.0,0.0,0.0,0.0,0.0,1.0,0.0,18,7,11
8d7e9e89d434f66ffff2606786fc397a46371c7f799de580b653429f4772d2aa27e1ef09a156c1a0af953ae325954624137eb0479c93ddcfff91831c770df769,2023-04-13 17:15:00,30,STOP SIGN/FLASHER,FUNCTIONING PROPERLY,CLEAR,DAYLIGHT,REAR END,NOT DIVIDED,STRAIGHT AND LEVEL,DRY,NO DEFECTS,NO INJURY / DRIVE AWAY,$500 OR LESS,CELL PHONE USE OTHER THAN TEXTING,CELL PHONE USE OTHER THAN TEXTING,902,N,LARAMIE AVE,2,NO INDICATION OF INJURY,0.0,0.0,0.0,0.0,0.0,3.0,0.0,17,5,4
934879d1d56e9a211a912318b0637994beb1bbd5c81a2472ad3e054f06d1dc06c87bfc11defcfc5ddc65c25782d737ca31928f0a009e9bbc6cf9fde32335fd73,2021-06-22 10:00:00,10,NO CONTROLS,NO CONTROLS,UNKNOWN,UNKNOWN,PARKED MOTOR VEHICLE,PARKING LOT,STRAIGHT AND LEVEL,UNKNOWN,UNKNOWN,NO INJURY / DRIVE AWAY,"$501 - $1,500",UNABLE TO DETERMINE,UNABLE TO DETERMINE,3150,N,LAKE SHORE DR,2,NO INDICATION OF INJURY,0.0,0.0,0.0,0.0,0.0,1.0,0.0,10,3,6
edca20666e36f43f81ed6a75de65cdc2bcbba765301234073451e12f73df9dbad74659383a20ec8e5a2be8a397a5173eb661a2ba61ef274f9d49173e778d0003,2020-10-24 13:15:00,30,NO CONTROLS,NO CONTROLS,CLEAR,DAYLIGHT,PARKED MOTOR VEHICLE,NOT DIVIDED,STRAIGHT AND LEVEL,DRY,NO DEFECTS,NO INJURY / DRIVE AWAY,"$501 - $1,500",UNABLE TO DETERMINE,UNABLE TO DETERMINE,10200,S,NORMAL AVE,2,NO INDICATION OF INJURY,0.0,0.0,0.0,0.0,0.0,1.0,0.0,13,7,10
c214c3f798c00d6ad6795629b8c7e6f1e93d904abe6792c279369be2fb36e846edb4e78b331b050d69b77fd49ecfa0b3830a07c830aa3aa29e03a9b1c224e10e,2019-09-26 13:30:00,30,NO CONTROLS,NO CONTROLS,CLEAR,DAYLIGHT,SIDESWIPE SAME DIRECTION,DIVIDED - W/MEDIAN (NOT RAISED),STRAIGHT AND LEVEL,DRY,UNKNOWN,NO INJURY / DRIVE AWAY,"OVER $1,500",FAILING TO YIELD RIGHT-OF-WAY,UNABLE TO DETERMINE,3256,N,LINCOLN AVE,2,NO INDICATION OF INJURY,0.0,0.0,0.0,0.0,0.0,3.0,0.0,13,5,9
9abd584f0ebe61b533980b4a0daf62761822adc70e7e712928ed3faf2f58f30e1f624f0c22851113353df5c38fcd08d5b42cdfd9865798fc964b08a058fa4f8a,2017-08-09 10:22:00,30,TRAFFIC SIGNAL,FUNCTIONING PROPERLY,CLEAR,DAYLIGHT,TURNING,DIVIDED - W/MEDIAN BARRIER,STRAIGHT AND LEVEL,DRY,NO DEFECTS,NO INJURY / DRIVE AWAY,"OVER $1,500",DISREGARDING TRAFFIC SIGNALS,FAILING TO REDUCE SPEED TO AVOID CRASH,3200,W,BELMONT AVE,2,NO INDICATION OF INJURY,0.0,0.0,0.0,0.0,0.0,3.0,0.0,10,4,8
d929a64c0d9c9d1fec47c057cb1ea6f7fb099e7726a906818d3bd5e0274677720572482a3fc8315a4be442fe5a415207afe65f1b8ab07079443fb2737c2514ba,2021-08-23 18:53:00,30,TRAFFIC SIGNAL,FUNCTIONING PROPERLY,CLEAR,DAYLIGHT,TURNING,NOT DIVIDED,STRAIGHT AND LEVEL,DRY,NO DEFECTS,INJURY AND / OR TOW DUE TO CRASH,"OVER $1,500",FOLLOWING TOO CLOSELY,OBSTRUCTED CROSSWALKS,4400,N,MARINE DR,2,NO INDICATION OF INJURY,0.0,0.0,0.0,0.0,0.0,2.0,0.0,18,2,8
b1baf7eb093fb19b0031f683f85b1a6a41228a25bbeea1a29c2e08abc311803669a45ff087949b22296bba76d6e3ae5c07e35c01a5e3f7ca2050abf8c4fb70dc,2018-08-03 23:00:00,30,NO CONTROLS,NO CONTROLS,CLEAR,DAYLIGHT,PARKED MOTOR VEHICLE,DIVIDED - W/MEDIAN (NOT RAISED),STRAIGHT AND LEVEL,DRY,NO DEFECTS,NO INJURY / DRIVE AWAY,"$501 - $1,500",NOT APPLICABLE,NOT APPLICABLE,3510,W,64TH PL,2,NO INDICATION OF INJURY,0.0,0.0,0.0,0.0,0.0,1.0,0.0,23,6,8
812e92b1d0c8c6ff12ee0c1a869bc2d8839148a49f08cff70c06d58c744565af9c5d4db08a038f18372a082790b4e3f47c9269f276acd1a78509980ef633a7c1,2018-05-31 17:00:00,25,LANE USE MARKING,FUNCTIONING PROPERLY,CLEAR,DAYLIGHT,SIDESWIPE SAME DIRECTION,ONE-WAY,STRAIGHT AND LEVEL,DRY,NO DEFECTS,INJURY AND / OR TOW DUE TO CRASH,"OVER $1,500",UNABLE TO DETERMINE,UNABLE TO DETERMINE,3076,W,PALMER BLVD,2,NO INDICATION OF INJURY,0.0,0.0,0.0,0.0,0.0,2.0,0.0,17,5,5
ef05499a715906171206ee198054dc88218255594215275e63497e63c9158213697cc83a0d79bc460d49b1d024b83cc45141d5adf153aaf360ae9df3bac0529b,2021-02-27 14:54:00,25,UNKNOWN,UNKNOWN,CLEAR,DAYLIGHT,SIDESWIPE SAME DIRECTION,ONE-WAY,STRAIGHT AND LEVEL,UNKNOWN,UNKNOWN,INJURY AND / OR TOW DUE TO CRASH,"OVER $1,500",UNABLE TO DETERMINE,UNABLE TO DETERMINE,1,S,SPRINGFIELD AVE,2,NONINCAPACITATING INJURY,1.0,0.0,0.0,1.0,0.0,1.0,0.0,14,7,2
59f8aef73f16f38a6213a27a56d023ea8269cda16b3907065650a625c85cf26e870720942ea180aee38a8ae79ef532929f743bc4874a738e69119d2c863c44b3,2019-11-09 02:25:00,30,TRAFFIC SIGNAL,FUNCTIONING PROPERLY,CLEAR,"DARKNESS, LIGHTED ROAD",TURNING,NOT DIVIDED,STRAIGHT AND LEVEL,DRY,NO DEFECTS,INJURY AND / OR TOW DUE TO CRASH,"OVER $1,500",IMPROPER TURNING/NO SIGNAL,FAILING TO REDUCE SPEED TO AVOID CRASH,2300,N,LINCOLN AVE,2,NO INDICATION OF INJURY,0.0,0.0,0.0,0.0,0.0,5.0,0.0,2,7,11
259bf738be3200814f7ed285db812c07a03174f6ef948665363f919f471666216f493e7b367dcf1f99bc5667f7791b55364da191551320bb3e64010134594e6d,2021-06-28 15:00:00,30,NO CONTROLS,NO CONTROLS,RAIN,DAYLIGHT,REAR END,DIVIDED - W/MEDIAN (NOT RAISED),STRAIGHT AND LEVEL,WET,NO DEFECTS,NO INJURY / DRIVE AWAY,"$501 - $1,500",WEATHER,FAILING TO REDUCE SPEED TO AVOID CRASH,7000,S,HALSTED ST,2,NO INDICATION OF INJURY,0.0,0.0,0.0,0.0,0.0,2.0,0.0,15,2,6
c7cb369b05c160e1c8962fe81520d36fd6d17d64545346b5dc4410f108a120468ca7eddccdfd9e9ba9e882ae2b0097ac77671c03c1cbf6b7cce3f33b944b2a00,2017-03-23 15:40:00,30,NO CONTROLS,NO CONTROLS,CLEAR,DAYLIGHT,PARKED MOTOR VEHICLE,NOT DIVIDED,STRAIGHT AND LEVEL,DRY,UNKNOWN,NO INJURY / DRIVE AWAY,"$501 - $1,500",DRIVING SKILLS/KNOWLEDGE/EXPERIENCE,NOT APPLICABLE,5000,S,KEDZIE AVE,2,NO INDICATION OF INJURY,0.0,0.0,0.0,0.0,0.0,1.0,0.0,15,5,3
7a70f9167f6056dd4c2ef6eb717c0ae82a6859585650bdc42218e798b7f5710d32812787dd1b5cacee7dfdefd09bc7bc096f94938f2b61c45d25c7c51da94cba,2019-07-16 22:59:00,30,STOP SIGN/FLASHER,NO CONTROLS,CLEAR,DARKNESS,PEDALCYCLIST,NOT DIVIDED,STRAIGHT AND LEVEL,DRY,NO DEFECTS,NO INJURY / DRIVE AWAY,$500 OR LESS,FAILING TO YIELD RIGHT-OF-WAY,NOT APPLICABLE,2100,S,PAULINA ST,2,NO INDICATION OF INJURY,0.0,0.0,0.0,0.0,0.0,4.0,0.0,22,3,7
69fccbcb5e70660281434a4eeb3e88cbdacb90f3b3ed93d88d2356d101b353085142d8f27e44b602aee7ba9318a213c0e7adab2eb5e2daa11804402fcf35bae6,2021-05-23 12:39:00,30,TRAFFIC SIGNAL,FUNCTIONING PROPERLY,CLEAR,DAYLIGHT,REAR END,FOUR WAY,STRAIGHT AND LEVEL,DRY,UNKNOWN,INJURY AND / OR TOW DUE TO CRASH,"OVER $1,500",UNABLE TO DETERMINE,UNABLE TO DETERMINE,3106,W,PETERSON AVE,2,NONINCAPACITATING INJURY,2.0,0.0,0.0,2.0,0.0,1.0,0.0,12,1,5
3b78255167ef4e3260b14d9dfaafe62b0074a1b1090e328acd50a3942cfe22afd501b97d8a2374c20c35603018e2ec90692d72adbf62b52a69878b8c1551101a,2017-08-03 15:55:00,30,STOP SIGN/FLASHER,UNKNOWN,CLEAR,DAYLIGHT,REAR END,NOT DIVIDED,STRAIGHT AND LEVEL,DRY,UNKNOWN,NO INJURY / DRIVE AWAY,"OVER $1,500",UNABLE TO DETERMINE,UNABLE TO DETERMINE,5623,W,LAKE ST,2,NO INDICATION OF INJURY,0.0,0.0,0.0,0.0,0.0,2.0,0.0,15,5,8
24b9b45876bc04694772b3434ac80532e163eb2b5afd9281ace7f1e3e6d1aef04516de3cba3c1801bbec41665bcb82f72c3abe2a8d4795fd29c98cbf4041023f,2020-02-15 10:05:00,30,UNKNOWN,UNKNOWN,CLEAR,DAYLIGHT,REAR TO FRONT,NOT DIVIDED,STRAIGHT AND LEVEL,UNKNOWN,UNKNOWN,NO INJURY / DRIVE AWAY,"OVER $1,500",UNABLE TO DETERMINE,UNABLE TO DETERMINE,1573,N,HONORE ST,2,NO INDICATION OF INJURY,0.0,0.0,0.0,0.0,0.0,2.0,0.0,10,7,2
524b1dac2834b4e959c5e125f293a52c84b4b672ded9395f826701d7844b47f4b05c49ea1fb534d8f1eb58b9763dd98916954fd000ca8d2b142a3b3a11574e92,2017-09-08 14:18:00,0,NO CONTROLS,NO CONTROLS,CLEAR,DAYLIGHT,ANGLE,OTHER,STRAIGHT AND LEVEL,DRY,NO DEFECTS,NO INJURY / DRIVE AWAY,"OVER $1,500",IMPROPER BACKING,UNABLE TO DETERMINE,8510,S,ASHLAND AVE,2,NO INDICATION OF INJURY,0.0,0.0,0.0,0.0,0.0,3.0,0.0,14,6,9
be84dd0e4b8332645a227deda80694561308ed14b9ae27a10c7a3d5048c29aeffd37d97b6c8e2d8da636862efb2708d651bfb07e57fce232bccdbde29023c859,2023-06-18 01:07:00,30,STOP SIGN/FLASHER,FUNCTIONING PROPERLY,CLEAR,"DARKNESS, LIGHTED ROAD",OTHER OBJECT,NOT DIVIDED,STRAIGHT AND LEVEL,DRY,NO DEFECTS,NO INJURY / DRIVE AWAY,"OVER $1,500",UNABLE TO DETERMINE,NOT APPLICABLE,1000,W,WAVELAND AVE,1,NO INDICATION OF INJURY,0.0,0.0,0.0,0.0,0.0,1.0,0.0,1,1,6
173db80d575389c1acd68950fb88764d87de91e219ac27f0bf8c02715e3461e15a3c441cd6fe10a6b70b30572bca55c9d3ab766a7d8d5c16a2d76d6210d81bd3,2020-01-21 10:30:00,30,NO CONTROLS,NO CONTROLS,CLEAR,DAYLIGHT,PARKED MOTOR VEHICLE,NOT DIVIDED,STRAIGHT AND LEVEL,DRY,NO DEFECTS,NO INJURY / DRIVE AWAY,"OVER $1,500",UNABLE TO DETERMINE,UNABLE TO DETERMINE,2650,W,FULTON ST,2,NO INDICATION OF INJURY,0.0,0.0,0.0,0.0,0.0,2.0,0.0,10,3,1
2f67c34a66c04a84a241df0d6ab0392e2da14dbb28f63083255071dd94699d8f0da04862d7061e7d144b628dec1b9383b7a2d76af07d25fd2eac04b4037aacbc,2023-10-31 17:50:00,30,NO CONTROLS,NO CONTROLS,SNOW,DAYLIGHT,REAR END,NOT DIVIDED,STRAIGHT AND LEVEL,WET,NO DEFECTS,NO INJURY / DRIVE AWAY,"$501 - $1,500",FOLLOWING TOO CLOSELY,UNABLE TO DETERMINE,2306,W,OGDEN AVE,2,NO INDICATION OF INJURY,0.0,0.0,0.0,0.0,0.0,2.0,0.0,17,3,10
90cb1182ac967cd5e5c07ed45d1e624279e33024f106e3b1a1d1acb0499930cdd378ece1bd00baeb30617a8254f30788112e55b7fd97089c421f538596812ff1,2019-10-06 01:16:00,30,NO CONTROLS,NO CONTROLS,CLEAR,DAWN,FIXED OBJECT,PARKING LOT,STRAIGHT AND LEVEL,DRY,NO DEFECTS,NO INJURY / DRIVE AWAY,"OVER $1,500",FAILING TO REDUCE SPEED TO AVOID CRASH,UNDER THE INFLUENCE OF ALCOHOL/DRUGS (USE WHEN ARREST IS EFFECTED),7400,S,HALSTED ST,1,NO INDICATION OF INJURY,0.0,0.0,0.0,0.0,0.0,1.0,0.0,1,1,10
06b6562a732d4efeb0bbd6ed3255011503980f81fe4b67a0911507d5adca56697a0ce3ab4e6cbea84bc58b5494ce5446129e6a5ed71bb7ac021d5c837649acda,2017-10-22 15:45:00,30,STOP SIGN/FLASHER,FUNCTIONING PROPERLY,RAIN,DARKNESS,TURNING,DIVIDED - W/MEDIAN (NOT RAISED),STRAIGHT AND LEVEL,WET,NO DEFECTS,INJURY AND / OR TOW DUE TO CRASH,"OVER $1,500",DISREGARDING STOP SIGN,EXCEEDING SAFE SPEED FOR CONDITIONS,2222,W,69TH ST,2,NO INDICATION OF INJURY,0.0,0.0,0.0,0.0,0.0,2.0,0.0,15,1,10
bfbf00bf5493b5b3db6230fcaaa3f0c9e6fe22857eceea234cb60ef84b98e63564321c02ca3eded218016b32232e9015c9d9bd9b0add4c81af02079a80bd559a,2019-07-08 16:05:00,30,TRAFFIC SIGNAL,FUNCTIONING PROPERLY,CLEAR,DAYLIGHT,REAR END,DIVIDED - W/MEDIAN (NOT RAISED),STRAIGHT AND LEVEL,DRY,NO DEFECTS,NO INJURY / DRIVE AWAY,"$501 - $1,500",DISTRACTION - FROM OUTSIDE VEHICLE,NOT APPLICABLE,10705,S,PULASKI RD,2,NO INDICATION OF INJURY,0.0,0.0,0.0,0.0,0.0,2.0,0.0,16,2,7
345f70ff82b602dbc0f881e4b5dadfd02a53e47dfd8a60e8fdfa07604bdc74111122e8b3818e61794d9396016383dfb484450301c42b761b958c609d2958f0d4,2020-11-10 19:30:00,30,TRAFFIC SIGNAL,FUNCTIONING PROPERLY,RAIN,"DARKNESS, LIGHTED ROAD",SIDESWIPE SAME DIRECTION,T-INTERSECTION,STRAIGHT AND LEVEL,WET,NO DEFECTS,NO INJURY / DRIVE AWAY,"OVER $1,500",FAILING TO YIELD RIGHT-OF-WAY,NOT APPLICABLE,2400,W,TAYLOR ST,2,NO INDICATION OF INJURY,0.0,0.0,0.0,0.0,0.0,2.0,0.0,19,3,11
592f5259f81ed6d6ae20c0768f4edd0a12876d3303695141a54fe3887e473866ecc010e471f912e302b29fae402597e4da44b773b52458410c5b090cdde86368,2022-07-16 16:00:00,30,TRAFFIC SIGNAL,FUNCTIONING PROPERLY,CLEAR,DAYLIGHT,TURNING,DIVIDED - W/MEDIAN (NOT RAISED),STRAIGHT AND LEVEL,DRY,NO DEFECTS,INJURY AND / OR TOW DUE TO CRASH,"OVER $1,500",IMPROPER TURNING/NO SIGNAL,FAILING TO YIELD RIGHT-OF-WAY,839,W,87TH ST,2,"REPORTED, NOT EVIDENT",4.0,0.0,0.0,0.0,4.0,0.0,0.0,16,7,7
62a0125447eae1db29b9d99fd079f708d640f3415dd666a62dc74be20dacb0144470c6ac3c32add8f26300311c2ce00d2d556b93ed262419744e603e64e5ee91,2022-02-20 22:45:00,30,TRAFFIC SIGNAL,FUNCTIONING PROPERLY,CLEAR,"DARKNESS, LIGHTED ROAD",FIXED OBJECT,NOT REPORTED,STRAIGHT AND LEVEL,UNKNOWN,UNKNOWN,NO INJURY / DRIVE AWAY,"OVER $1,500","EVASIVE ACTION DUE TO ANIMAL, OBJECT, NONMOTORIST",DISTRACTION - FROM OUTSIDE VEHICLE,301,S,LARAMIE AVE,1,NO INDICATION OF INJURY,0.0,0.0,0.0,0.0,0.0,2.0,0.0,22,1,2
a63b2b2f6a1b36c6725d0648dc59728e8c4f5d6a7bc7be138d0b087beacbed043fdb5c5e55f509704833547f65fd0c7e6c3291cf24fc2449884011c98f6da6a4,2020-06-10 15:56:00,30,STOP SIGN/FLASHER,FUNCTIONING PROPERLY,CLEAR,DAYLIGHT,TURNING,DIVIDED - W/MEDIAN (NOT RAISED),STRAIGHT AND LEVEL,DRY,NO DEFECTS,NO INJURY / DRIVE AWAY,"$501 - $1,500",FAILING TO YIELD RIGHT-OF-WAY,NOT APPLICABLE,4000,W,62ND ST,2,NO INDICATION OF INJURY,0.0,0.0,0.0,0.0,0.0,2.0,0.0,15,4,6