CRASH_RECORD_ID,CRASH_DATE,POSTED_SPEED_LIMIT,TRAFFIC_CONTROL_DEVICE,DEVICE_CONDITION,WEATHER_CONDITION,LIGHTING_CONDITION,FIRST_CRASH_TYPE,TRAFFICWAY_TYPE,ALIGNMENT,ROADWAY_SURFACE_COND,ROAD_DEFECT,CRASH_TYPE,DAMAGE,PRIM_CONTRIBUTORY_CAUSE,SEC_CONTRIBUTORY_CAUSE,STREET_NO,STREET_DIRECTION,STREET_NAME,NUM_UNITS,MOST_SEVERE_INJURY,INJURIES_TOTAL,INJURIES_FATAL,INJURIES_INCAPACITATING,INJURIES_NON_INCAPACITATING,INJURIES_REPORTED_NOT_EVIDENT,INJURIES_NO_INDICATION,INJURIES_UNKNOWN,CRASH_HOUR,CRASH_DAY_OF_WEEK,CRASH_MONTH
6556f897ca5fe2f2083febf66708ffe267d5f3c62b7279c0868079a7753176e3661d8610b567271cf3b0a83986d35e5970aabafa16dcfa901f19cde3d7725340,2023-06-03 13:30:00,15,NO CONTROLS,NO CONTROLS,CLEAR,DAYLIGHT,REAR TO FRONT,NOT DIVIDED,STRAIGHT AND LEVEL,DRY,NO DEFECTS,NO INJURY / DRIVE AWAY,"OVER $1,500",UNABLE TO DETERMINE,NOT APPLICABLE,4620,S,DAMEN AVE,2,NO INDICATION OF INJURY,0.0,0.0,0.0,0.0,0.0,4.0,0.0,13,7,6
1a365e4d767b5c1162058ac6e9470077fe71cfcc6012efb9cf9e67e21e58e764db0dc051ac0bfc41568a73460defc0823b06a7167b0012235a432176e41ba798,2022-07-20 15:30:00,30,NO CONTROLS,NO CONTROLS,CLEAR,DAYLIGHT,PARKED MOTOR VEHICLE,NOT DIVIDED,STRAIGHT AND LEVEL,DRY,NO DEFECTS,NO INJURY / DRIVE AWAY,"OVER $1,500",UNABLE TO DETERMINE,UNABLE TO DETERMINE,4649,S,PRAIRIE AVE,2,NO INDICATION OF INJURY,0.0,0.0,0.0,0.0,0.0,2.0,0.0,15,4,7
8457c31881cd5d104cecab8517427efe4c80985f7910c2605c4272d646d8990ed2e6895c6e6cafca3f9ad4d380536a3274b6c27b326b6bc7edda52ce167e10f5,2016-01-15 18:00:00,30,NO CONTROLS,NO CONTROLS,UNKNOWN,UNKNOWN,PARKED MOTOR VEHICLE,ONE-WAY,STRAIGHT AND LEVEL,UNKNOWN,NO DEFECTS,NO INJURY / DRIVE AWAY,"OVER $1,500",UNABLE TO DETERMINE,UNABLE TO DETERMINE,1500,W,48TH ST,2,NO INDICATION OF INJURY,0.0,0.0,0.0,0.0,0.0,1.0,0.0,18,6,1
865a696e272d5fe8785e266bbc0db952fd23c264870076b1b0524fb20e8d2615984f8283df29535a300927d3800775d1c0591e34043ac927abf339c38196cb57,2021-08-28 11:00:00,30,NO CONTROLS,NO CONTROLS,CLEAR,DAYLIGHT,SIDESWIPE SAME DIRECTION,NOT DIVIDED,STRAIGHT AND LEVEL,UNKNOWN,UNKNOWN,NO INJURY / DRIVE AWAY,"$501 - $1,500",IMPROPER OVERTAKING/PASSING,IMPROPER OVERTAKING/PASSING,2221,W,ROSCOE ST,2,NO INDICATION OF INJURY,0.0,0.0,0.0,0.0,0.0,3.0,0.0,11,7,8
6661c67dbfd4a13186decd4472a8fb08071c730908bdb9c51c9b6f774e87db17db2f3f0786092ad032ac754f3626173e9fee94a9df41586835cb57b5b284b6e5,2018-09-20 06:38:00,40,TRAFFIC SIGNAL,FUNCTIONING PROPERLY,CLEAR,DAYLIGHT,REAR END,DIVIDED - W/MEDIAN BARRIER,STRAIGHT AND LEVEL,DRY,NO DEFECTS,NO INJURY / DRIVE AWAY,"$501 - $1,500",DRIVING SKILLS/KNOWLEDGE/EXPERIENCE,NOT APPLICABLE,500,S,LAKE SHORE DR SB,2,NO INDICATION OF INJURY,0.0,0.0,0.0,0.0,0.0,2.0,0.0,6,5,9
8d4c5894b0ab413e58a81646e888c6660b66126477edfe71ed00fac81340457e77002ee12b23262fb467948f561369c850b7faacf83ea93d243e75b8093476ec,2018-08-12 06:30:00,20,NO CONTROLS,NO CONTROLS,CLEAR,DAYLIGHT,PARKED MOTOR VEHICLE,NOT DIVIDED,STRAIGHT AND LEVEL,DRY,NO DEFECTS,NO INJURY / DRIVE AWAY,"OVER $1,500",UNABLE TO DETERMINE,UNABLE TO DETERMINE,3832,W,FULTON ST,2,NO INDICATION OF INJURY,0.0,0.0,0.0,0.0,0.0,1.0,0.0,6,1,8
e46386f0001dc07a9506fb8df231b75dc7c0ec46ffabb0c5c71e85754ecf1c862fcab71d163964d730642f7fc5b80bd2886e3698f96dbb9bbf2f8a5ee7ef04a9,2020-11-23 12:35:00,30,NO CONTROLS,NO CONTROLS,CLEAR,DAYLIGHT,REAR END,ONE-WAY,STRAIGHT AND LEVEL,DRY,UNKNOWN,NO INJURY / DRIVE AWAY,"OVER $1,500",FOLLOWING TOO CLOSELY,UNABLE TO DETERMINE,5999,N,TALMAN AVE,2,NO INDICATION OF INJURY,0.0,0.0,0.0,0.0,0.0,2.0,0.0,12,2,11
9b4886b2711c91be95c13cd21434e55a507af5b6c14ae5b533f908762a3ff2b9a9b57b12812c2b1a3871868fbaab03fac24ae63659db356151c656c6b08aa862,2018-02-02 08:30:00,30,NO CONTROLS,NO CONTROLS,UNKNOWN,DAYLIGHT,PARKED MOTOR VEHICLE,NOT DIVIDED,STRAIGHT AND LEVEL,UNKNOWN,UNKNOWN,NO INJURY / DRIVE AWAY,"OVER $1,500",UNABLE TO DETERMINE,UNABLE TO DETERMINE,1602,W,37TH ST,2,NO INDICATION OF INJURY,0.0,0.0,0.0,0.0,0.0,1.0,0.0,8,6,2
fcdf48abe55d533da8f8538d375ad1353622a5c3e9a3b45c18d4a48bdb38caf83a1090d6f5c7c7df0c3062f23d9f505cee28307e626068a6548dde34e768ea32,2017-09-09 15:20:00,30,NO CONTROLS,NO CONTROLS,CLEAR,DAYLIGHT,PARKED MOTOR VEHICLE,PARKING LOT,STRAIGHT AND LEVEL,DRY,NO DEFECTS,NO INJURY / DRIVE AWAY,"OVER $1,500",UNABLE TO DETERMINE,NOT APPLICABLE,1147,S,WABASH AVE,2,NO INDICATION OF INJURY,0.0,0.0,0.0,0.0,0.0,1.0,0.0,15,7,9
81ef6f5fbf346bea97480ee472c82cb36d58ecbcbf7fc524c9ceda83fb2a55e793b55e8e725d4166312aefb9606d97cb1c6f115b6368ed3759f52ae66a39cae2,2021-09-20 19:30:00,30,TRAFFIC SIGNAL,FUNCTIONING PROPERLY,CLEAR,"DARKNESS, LIGHTED ROAD",REAR END,DIVIDED - W/MEDIAN (NOT RAISED),STRAIGHT AND LEVEL,DRY,NO DEFECTS,NO INJURY / DRIVE AWAY,"OVER $1,500",UNABLE TO DETERMINE,NOT APPLICABLE,1201,W,HOLLYWOOD AVE,2,NO INDICATION OF INJURY,0.0,0.0,0.0,0.0,0.0,2.0,0.0,19,2,9
a213472837227a661c79bcbcfa33a7f0bd8949e024c9faf875bf5fc085e92c9d9cc5ba0ea04f913bcc71e4194ec563c75e3d16ad639a3ae2a8db90754ca50423,2019-09-04 01:30:00,25,NO CONTROLS,NO CONTROLS,CLEAR,DARKNESS,FIXED OBJECT,ONE-WAY,STRAIGHT AND LEVEL,DRY,NO DEFECTS,INJURY AND / OR TOW DUE TO CRASH,"OVER $1,500",FAILING TO REDUCE SPEED TO AVOID CRASH,DRIVING SKILLS/KNOWLEDGE/EXPERIENCE,5901,W,THOMAS ST,1,NO INDICATION OF INJURY,0.0,0.0,0.0,0.0,0.0,3.0,0.0,1,4,9
28461afd276f13d26ebd08eab2fa467233962d0f322828dadc9353f083989944fdbeae3cfda1771e9056c60e7d280d4638a96ac31b1fa5bd905762e22db16caa,2020-04-19 15:15:00,30,NO CONTROLS,NO CONTROLS,CLEAR,DAYLIGHT,PARKED MOTOR VEHICLE,NOT DIVIDED,STRAIGHT AND LEVEL,DRY,NO DEFECTS,INJURY AND / OR TOW DUE TO CRASH,"OVER $1,500",UNABLE TO DETERMINE,NOT APPLICABLE,10900,S,AVENUE G,2,NO INDICATION OF INJURY,0.0,0.0,0.0,0.0,0.0,1.0,0.0,15,1,4
ee10d2e34ec315fe34bcc58b884f2632b4ff9761a141503b057687fd7d0f920140c1bba3afa20cff346531a0727ca32fdd6fd6803719ac3af68bd5c69778a37b,2023-05-25 16:00:00,30,NO CONTROLS,NO CONTROLS,CLEAR,DAYLIGHT,PEDALCYCLIST,NOT DIVIDED,STRAIGHT AND LEVEL,DRY,NO DEFECTS,INJURY AND / OR TOW DUE TO CRASH,"OVER $1,500",FAILING TO YIELD RIGHT-OF-WAY,NOT APPLICABLE,1702,W,DIVISION ST,2,"REPORTED, NOT EVIDENT",1.0,0.0,0.0,0.0,1.0,1.0,0.0,16,5,5
34d197f5d738d0afe4273294172f066813e85410b27e8bc90105298f1acde234f6eaf99c10a79eba156923cdff32646f10d707f78207ded27e3536b7071aebe7,2019-12-18 14:24:00,30,NO CONTROLS,NO CONTROLS,CLEAR,DAYLIGHT,SIDESWIPE SAME DIRECTION,ONE-WAY,STRAIGHT AND LEVEL,DRY,NO DEFECTS,NO INJURY / DRIVE AWAY,$500 OR LESS,IMPROPER OVERTAKING/PASSING,NOT APPLICABLE,630,W,MADISON ST,2,NO INDICATION OF INJURY,0.0,0.0,0.0,0.0,0.0,2.0,0.0,14,4,12
e8cbbb77ea2f55bf937bf275f75b6ca08f113556cd08b7925b545ed89782b0851b4e2ec7e30cb3bb380f9f9abeddd7142dcf8fad451a67f58d0b8beb6cd46f66,2023-03-01 18:45:00,30,STOP SIGN/FLASHER,FUNCTIONING PROPERLY,CLEAR,DAYLIGHT,PEDESTRIAN,FOUR WAY,STRAIGHT AND LEVEL,DRY,NO DEFECTS,INJURY AND / OR TOW DUE TO CRASH,"OVER $1,500",FAILING TO YIELD RIGHT-OF-WAY,UNABLE TO DETERMINE,10600,S,EWING AVE,2,INCAPACITATING INJURY,1.0,0.0,1.0,0.0,0.0,1.0,0.0,18,4,3
29550aebf31cb6ca82ce889fa68c5cec5ca608732dfbc783565b818617b6ab1f8225fe1e41ca7a087e57a87a0f54a4a607c7acd0a1d6de18878ec20b3856e267,2019-07-21 15:28:00,30,NO CONTROLS,NO CONTROLS,CLEAR,DAYLIGHT,REAR END,NOT DIVIDED,STRAIGHT AND LEVEL,DRY,NO DEFECTS,INJURY AND / OR TOW DUE TO CRASH,"OVER $1,500",FOLLOWING TOO CLOSELY,UNABLE TO DETERMINE,2900,N,DAMEN AVE,2,NO INDICATION OF INJURY,0.0,0.0,0.0,0.0,0.0,3.0,0.0,15,1,7
97115fd5bdff3e06014db6e9dc00127523972decd2614601fca8ed05488a32c63e946cdcb8ed6ebecb3235a485b1506f6c6f6321b8c4a918bdf26d818e16f422,2020-03-07 02:20:00,30,NO CONTROLS,NO CONTROLS,CLEAR,"DARKNESS, LIGHTED ROAD",PARKED MOTOR VEHICLE,NOT DIVIDED,STRAIGHT AND LEVEL,DRY,NO DEFECTS,INJURY AND / OR TOW DUE TO CRASH,"OVER $1,500",DISTRACTION - FROM INSIDE VEHICLE,NOT APPLICABLE,2143,W,JACKSON BLVD,3,NONINCAPACITATING INJURY,1.0,0.0,0.0,1.0,0.0,2.0,0.0,2,7,3
abef801ced512af26d8865f3a6eb17a26166d268f75cfc0945be37108e71e45369956186a46a8e21ca2def36bb2056979ea56938dd8b86fc1395fb69c877bd9c,2023-07-30 11:58:00,10,NO CONTROLS,UNKNOWN,CLEAR,DAYLIGHT,SIDESWIPE OPPOSITE DIRECTION,ALLEY,STRAIGHT AND LEVEL,UNKNOWN,UNKNOWN,NO INJURY / DRIVE AWAY,"$501 - $1,500",UNABLE TO DETERMINE,UNABLE TO DETERMINE,5835,S,ROCKWELL ST,2,NO INDICATION OF INJURY,0.0,0.0,0.0,0.0,0.0,8.0,0.0,11,1,7
2b9201f20702978f79573b42dd63644fb5b19e9e46840cb0bb77a0164094ebd53a3cc2bca9c9d227ba98aebc122300408aa03ef95447d7ab67ad6cf94535a0ca,2022-01-08 02:02:00,30,STOP SIGN/FLASHER,NO CONTROLS,CLEAR,"DARKNESS, LIGHTED ROAD",ANGLE,NOT DIVIDED,STRAIGHT AND LEVEL,UNKNOWN,UNKNOWN,NO INJURY / DRIVE AWAY,"OVER $1,500",UNABLE TO DETERMINE,UNABLE TO DETERMINE,1000,W,WAVELAND AVE,2,NO INDICATION OF INJURY,0.0,0.0,0.0,0.0,0.0,3.0,0.0,2,7,1
fe02f082ba59f6f550eb9eb5c8611042e5f2c215730ee59ad5ab30799f34afbfba7f21f5402aba85c687550f3c274e9c8c4aac3956ccc11d61ef995815c3c800,2023-11-10 07:15:00,30,STOP SIGN/FLASHER,FUNCTIONING PROPERLY,CLEAR,DARKNESS,SIDESWIPE SAME DIRECTION,DIVIDED - W/MEDIAN (NOT RAISED),STRAIGHT AND LEVEL,DRY,NO DEFECTS,NO INJURY / DRIVE AWAY,"$501 - $1,500",IMPROPER OVERTAKING/PASSING,UNABLE TO DETERMINE,7615,S,STONY ISLAND AVE,2,NO INDICATION OF INJURY,0.0,0.0,0.0,0.0,0.0,2.0,0.0,7,6,11
6b5ecda9db1696732725bb77ffc7f409f0085f13ea53b9423179c89f94f369c4c5762561002080cbeec2747add8005432dc665565a8d7784bc982ec87fba150e,2016-02-05 15:10:00,30,TRAFFIC SIGNAL,FUNCTIONING PROPERLY,CLEAR,DAYLIGHT,REAR END,NOT DIVIDED,STRAIGHT AND LEVEL,DRY,NO DEFECTS,NO INJURY / DRIVE AWAY,"OVER $1,500",FOLLOWING TOO CLOSELY,NOT APPLICABLE,899,S,KEDZIE AVE,2,NO INDICATION OF INJURY,0.0,0.0,0.0,0.0,0.0,2.0,0.0,15,6,2
7868fedc3766621052815c7e2f6f15c7625e517b0a70b4615c8ceb2f2162054a3a0fd7702ed8a173f8e8f060a327760d2113675ef045fca610884e5f838cf250,2017-02-27 07:45:00,30,STOP SIGN/FLASHER,FUNCTIONING PROPERLY,CLEAR,DAYLIGHT,REAR END,NOT DIVIDED,STRAIGHT AND LEVEL,DRY,NO DEFECTS,NO INJURY / DRIVE AWAY,"$501 - $1,500",CELL PHONE USE OTHER THAN TEXTING,FOLLOWING TOO CLOSELY,3001,W,CORTLAND ST,2,NO INDICATION OF INJURY,0.0,0.0,0.0,0.0,0.0,2.0,0.0,7,2,2
7f834954c9503ed3b61453d7e1426d40f976af3da894087cbc62085f020354e5bdedd66c5b6352f7850a05ce3119d981ce8bc68206a6db254b5682f764798b7c,2018-12-14 10:20:00,35,NO CONTROLS,NO CONTROLS,CLEAR,DAYLIGHT,PEDESTRIAN,ALLEY,STRAIGHT AND LEVEL,DRY,NO DEFECTS,INJURY AND / OR TOW DUE TO CRASH,"OVER $1,500",UNABLE TO DETERMINE,UNABLE TO DETERMINE,6337,N,CAMPBELL AVE,2,INCAPACITATING INJURY,1.0,0.0,1.0,0.0,0.0,1.0,0.0,10,6,12
95861b1a53ec3cb247fb71645c744ad58d8c3ca1ca0cd6efa90ec52ea5e1eb4ae37b0986bd4a6c610c90a6727ab6d131b46fc5edc31d3189e38c4c29c9933b5e,2022-10-12 17:11:00,30,STOP SIGN/FLASHER,FUNCTIONING PROPERLY,CLEAR,DAYLIGHT,ANGLE,NOT DIVIDED,STRAIGHT AND LEVEL,DRY,NO DEFECTS,INJURY AND / OR TOW DUE TO CRASH,"OVER $1,500",FAILING TO YIELD RIGHT-OF-WAY,FAILING TO REDUCE SPEED TO AVOID CRASH,5434,W,NORTH AVE,2,INCAPACITATING INJURY,5.0,0.0,1.0,4.0,0.0,1.0,0.0,17,4,10
531c5060446e7957fe92920af1ac5d301baccfcac85102b648ba81ec80bd2d5c370ed5e5a7fe496dd1c822be7e6ff41015f5c6021e80e29951fc173d5be8719a,2023-10-06 03:00:00,25,NO CONTROLS,NO CONTROLS,CLEAR,"DARKNESS, LIGHTED ROAD",PARKED MOTOR VEHICLE,NOT DIVIDED,STRAIGHT AND LEVEL,DRY,NO DEFECTS,NO INJURY / DRIVE AWAY,"OVER $1,500",UNABLE TO DETERMINE,UNABLE TO DETERMINE,7000,S,WOODLAWN AVE,2,NO INDICATION OF INJURY,0.0,0.0,0.0,0.0,0.0,1.0,0.0,3,6,10
720c703d36594f807fdc92157bf44c8ae850237c0b249fd968ceccd75e91eeaffd8fa64650097d531ee37fbd89d674e66433deb87622d4346bc9e2882530fdaf,2019-04-06 14:00:00,30,NO CONTROLS,NO CONTROLS,CLEAR,DAYLIGHT,PARKED MOTOR VEHICLE,NOT DIVIDED,STRAIGHT AND LEVEL,DRY,UNKNOWN,NO INJURY / DRIVE AWAY,"OVER $1,500",DRIVING SKILLS/KNOWLEDGE/EXPERIENCE,NOT APPLICABLE,5944,W,CHICAGO AVE,2,NO INDICATION OF INJURY,0.0,0.0,0.0,0.0,0.0,1.0,0.0,14,7,4
d264777c7755054489a97868855119cd7c9d0735f435c796a35eabf5321f1807257d1067d5071d17c8c51281026b5642f9b0c117301343ff46b9018c1b5800d3,2022-09-23 10:55:00,30,NO CONTROLS,NO CONTROLS,CLEAR,DAYLIGHT,SIDESWIPE SAME DIRECTION,NOT DIVIDED,STRAIGHT AND LEVEL,DRY,NO DEFECTS,NO INJURY / DRIVE AWAY,"OVER $1,500",UNABLE TO DETERMINE,NOT APPLICABLE,730,N,PULASKI RD,2,NO INDICATION OF INJURY,0.0,0.0,0.0,0.0,0.0,2.0,0.0,10,6,9
7000e2e44ff33683f2d2ecea30b62c8c9e9d1fea42eb0924ea5c6960f38eb3695abdb8424bcdb1daae7dd3bfc63450aaee35893f65deee7a62b6fce19f6326cf,2020-01-27 17:15:00,30,NO CONTROLS,NO CONTROLS,CLEAR,DAYLIGHT,SIDESWIPE SAME DIRECTION,NOT DIVIDED,STRAIGHT AND LEVEL,DRY,NO DEFECTS,NO INJURY / DRIVE AWAY,"OVER $1,500",IMPROPER OVERTAKING/PASSING,NOT APPLICABLE,20,S,CLARK ST,2,NO INDICATION OF INJURY,0.0,0.0,0.0,0.0,0.0,3.0,0.0,17,2,1
707829cd8a01d918e13864d0dc6082be78d5d12984f68af63cf12ec815c2270ad3a9128b5e3b02e9308f5656f08259512e62c8dcd2fc6c794db672f136f039cc,2018-05-08 19:09:00,30,TRAFFIC SIGNAL,FUNCTIONING PROPERLY,CLEAR,DAYLIGHT,PEDESTRIAN,ONE-WAY,STRAIGHT AND LEVEL,DRY,NO DEFECTS,INJURY AND / OR TOW DUE TO CRASH,"OVER $1,500",FAILING TO YIELD RIGHT-OF-WAY,IMPROPER TURNING/NO SIGNAL,598,S,CLARK ST,2,NONINCAPACITATING INJURY,1.0,0.0,0.0,1.0,0.0,3.0,0.0,19,3,5
e5e760d331d7b3107f51633a9a12a7f9511a08e657c25ff4f5d8984380a4cc31dea7398948b85707e4976a17b2b155934c4f590880deb4824582d843cac51872,2019-12-08 21:01:00,25,NO CONTROLS,NO CONTROLS,CLEAR,"DARKNESS, LIGHTED ROAD",PARKED MOTOR VEHICLE,ONE-WAY,STRAIGHT AND LEVEL,DRY,NO DEFECTS,NO INJURY / DRIVE AWAY,"OVER $1,500",UNABLE TO DETERMINE,UNABLE TO DETERMINE,3515,W,15TH ST,2,NO INDICATION OF INJURY,0.0,0.0,0.0,0.0,0.0,1.0,0.0,21,1,12
1ef5fe9373a1db4af81c3a8f1c5bb54a35f421ee038a62eec77060566d20f78274a896edc895cda8fc4b3565c7ed485dbe0cb082d06976ebb4b341a33fa3386f,2018-09-05 18:14:00,30,NO CONTROLS,UNKNOWN,CLEAR,DAYLIGHT,SIDESWIPE SAME DIRECTION,DIVIDED - W/MEDIAN BARRIER,STRAIGHT AND LEVEL,DRY,NO DEFECTS,NO INJURY / DRIVE AWAY,"$501 - $1,500",UNABLE TO DETERMINE,NOT APPLICABLE,124,E,CERMAK RD,2,NO INDICATION OF INJURY,0.0,0.0,0.0,0.0,0.0,2.0,0.0,18,4,9
c69f57dea4895e3b3d6c878a32cb186586d2b68b216761561f6116466fb9295bd0d992e97595d592ae5b8ccf927c9a72a0f7890467dd520015428049412916e0,2024-03-02 09:00:00,10,NO CONTROLS,NO CONTROLS,CLEAR,DAYLIGHT,SIDESWIPE SAME DIRECTION,OTHER,STRAIGHT AND LEVEL,DRY,NO DEFECTS,NO INJURY / DRIVE AWAY,"OVER $1,500",NOT APPLICABLE,NOT APPLICABLE,6747,W,IRVING PARK RD,2,NO INDICATION OF INJURY,0.0,0.0,0.0,0.0,0.0,2.0,0.0,9,7,3
1e2fe75b09cb600f7660bfb3bc7f69ad1b0ae60a5c4b72c384b8bcf5966a0e426e1a66d9247a2003c2b71bb636a3ac057267bd0a4b970e82b65bf2ef4107458a,2021-12-26 00:48:00,30,STOP SIGN/FLASHER,FUNCTIONING PROPERLY,CLEAR,"DARKNESS, LIGHTED ROAD",REAR END,NOT DIVIDED,STRAIGHT AND LEVEL,DRY,UNKNOWN,INJURY AND / OR TOW DUE TO CRASH,"OVER $1,500",UNABLE TO DETERMINE,UNABLE TO DETERMINE,300,N,HAMLIN AVE,2,"REPORTED, NOT EVIDENT",2.0,0.0,0.0,0.0,2.0,5.0,0.0,0,1,12
57f1d3207a5e214b34380d44dd965d790339f46153145bb3415b6cfb270a75ce71468944d2edc0046f45ccedfb7b97d7d3e7a75bbd32e9fcf62ed60f52ffa237,2022-01-15 18:07:00,30,NO CONTROLS,NO CONTROLS,CLEAR,"DARKNESS, LIGHTED ROAD",REAR END,FOUR WAY,STRAIGHT AND LEVEL,DRY,NO DEFECTS,NO INJURY / DRIVE AWAY,"OVER $1,500",FOLLOWING TOO CLOSELY,NOT APPLICABLE,732,W,95TH ST,2,NO INDICATION OF INJURY,0.0,0.0,0.0,0.0,0.0,2.0,0.0,18,7,1
1e3672c57ca51e56670b4ddbfc7e9788da10bf61ef73792d4140efb2fbef4c8878494cd3fa6419daf3054587f4c57d195c8f58781cf5a7c12c5add90c2046c9a,2022-02-10 23:25:00,30,NO CONTROLS,NO CONTROLS,CLEAR,"DARKNESS, LIGHTED ROAD",REAR END,DIVIDED - W/MEDIAN BARRIER,STRAIGHT AND LEVEL,DRY,NO DEFECTS,INJURY AND / OR TOW DUE TO CRASH,"OVER $1,500",FAILING TO REDUCE SPEED TO AVOID CRASH,UNABLE TO DETERMINE,4206,N,ASHLAND AVE,2,NO INDICATION OF INJURY,0.0,0.0,0.0,0.0,0.0,2.0,0.0,23,5,2
c8bc93db5e26cbb71d0d71ba4f3d6ed1a4d1835ad15608b6e12b93b6734954f7ce2190ba70351d304b44835e84355c4b058e0ef95be8683c85139fb2bdda1748,2019-11-18 09:00:00,30,NO CONTROLS,NO CONTROLS,CLEAR,DAYLIGHT,PARKED MOTOR VEHICLE,ONE-WAY,STRAIGHT AND LEVEL,DRY,NO DEFECTS,NO INJURY / DRIVE AWAY,"OVER $1,500",NOT APPLICABLE,NOT APPLICABLE,3059,W,51ST ST,3,NO INDICATION OF INJURY,0.0,0.0,0.0,0.0,0.0,1.0,0.0,9,2,11
e778e8ccabcbe4c31f7f12d37459c024cbe6aecc4802cdb0f7e342ce42e660ac34680f6591bd76e9c85c1d08f3182ad5abba8625e36b1cf3c42612018aedcc18,2021-04-07 12:20:00,20,STOP SIGN/FLASHER,FUNCTIONING PROPERLY,CLEAR,DAYLIGHT,OTHER OBJECT,ONE-WAY,STRAIGHT AND LEVEL,DRY,NO DEFECTS,NO INJURY / DRIVE AWAY,$500 OR LESS,UNABLE TO DETERMINE,UNABLE TO DETERMINE,156,N,LOREL AVE,1,NO INDICATION OF INJURY,0.0,0.0,0.0,0.0,0.0,2.0,0.0,12,4,4
351b93a42921a5044c552d832d3e4ca557bda98cf89c504b46462fc84ae12ba9930adc836ea319bfdebccee68e62c4cbf305cae55a15b67d058d1901778b309b,2024-02-11 23:00:00,25,NO CONTROLS,NO CONTROLS,UNKNOWN,UNKNOWN,PARKED MOTOR VEHICLE,ONE-WAY,STRAIGHT AND LEVEL,UNKNOWN,NO DEFECTS,NO INJURY / DRIVE AWAY,"OVER $1,500",UNABLE TO DETERMINE,NOT APPLICABLE,6148,N,ODELL AVE,2,NO INDICATION OF INJURY,0.0,0.0,0.0,0.0,0.0,1.0,0.0,23,1,2
da8b8abdb72290dc406f333de64435c70fc92e58a4bfde5e204f2b7d21fffb356ee9666f313766368b6c8a568cd02cd5a0ceab4a3e6da05795c6285506e4af93,2022-10-30 18:30:00,30,TRAFFIC SIGNAL,FUNCTIONING PROPERLY,CLEAR,DAYLIGHT,SIDESWIPE SAME DIRECTION,DIVIDED - W/MEDIAN (NOT RAISED),STRAIGHT AND LEVEL,DRY,NO DEFECTS,NO INJURY / DRIVE AWAY,"OVER $1,500",PHYSICAL CONDITION OF DRIVER,UNABLE TO DETERMINE,5500,S,KEDZIE AVE,2,NO INDICATION OF INJURY,0.0,0.0,0.0,0.0,0.0,2.0,0.0,18,1,10
1453c863cac201d0885173f0012476956d70ee928a8bc17269d7111b9d365c63037de6ae8494b3385f6205132a6e85b41b7b35fd230f94e246630ccdd3bb8ece,2021-08-20 14:52:00,30,TRAFFIC SIGNAL,FUNCTIONING PROPERLY,CLEAR,DAYLIGHT,REAR END,ONE-WAY,STRAIGHT AND LEVEL,DRY,WORN SURFACE,NO INJURY / DRIVE AWAY,"OVER $1,500",UNABLE TO DETERMINE,NOT APPLICABLE,7910,S,STONY ISLAND AVE,2,NO INDICATION OF INJURY,0.0,0.0,0.0,0.0,0.0,4.0,0.0,14,6,8
b9470135db1c8350e4695aed127553b5734189006d0386498c74c5a8d2511033d16d31c04b6768f0f356459b7098bdd67ff6f14988f05fd2011deed6d600dda1,2023-11-30 07:54:00,25,UNKNOWN,FUNCTIONING PROPERLY,CLEAR,DAYLIGHT,SIDESWIPE SAME DIRECTION,NOT DIVIDED,STRAIGHT AND LEVEL,DRY,NO DEFECTS,NO INJURY / DRIVE AWAY,$500 OR LESS,IMPROPER OVERTAKING/PASSING,NOT APPLICABLE,1633,W,MONTEREY AVE,2,NO INDICATION OF INJURY,0.0,0.0,0.0,0.0,0.0,2.0,0.0,7,5,11
9b826ea133fd92d04888b316589a235ed8ed3562f07555d8a9a6a1f0d94ae4a0897b8d1a62d86ad6995cba7cf51689d28d8fc1c2c813d8ec1bdc7bfde1aba6ff,2022-02-09 14:25:00,30,NO CONTROLS,NO CONTROLS,CLEAR,DAYLIGHT,PARKED MOTOR VEHICLE,ONE-WAY,STRAIGHT AND LEVEL,DRY,UNKNOWN,NO INJURY / DRIVE AWAY,"OVER $1,500",UNABLE TO DETERMINE,NOT APPLICABLE,4802,W,FLOURNOY ST,2,NO INDICATION OF INJURY,0.0,0.0,0.0,0.0,0.0,2.0,0.0,14,4,2
5877c85409fa3f420d5fa6a5a1c802a9fb91133d1b0dda14a8f6a71537cc2131f7c76bfb27a231e849dcb522e38a28e8474ec78b8d3f6d1943d8da9b0fcccea5,2023-06-29 09:34:00,30,TRAFFIC SIGNAL,FUNCTIONING PROPERLY,CLEAR,DAYLIGHT,REAR END,NOT DIVIDED,STRAIGHT AND LEVEL,DRY,NO DEFECTS,INJURY AND / OR TOW DUE TO CRASH,"OVER $1,500",FOLLOWING TOO CLOSELY,UNABLE TO DETERMINE,2200,E,MARQUETTE DR,2,"REPORTED, NOT EVIDENT",1.0,0.0,0.0,0.0,1.0,1.0,0.0,9,5,6
5bd5fdc422dadfe07454e9e0b0b802af7c11bd4bd7947ac740bf61f0420d7f74bc4a077ce2009ab7b5c4ba9bf6a11c257c15eebba5a4aba76b500ab392d08a6a,2019-01-14 15:30:00,15,NO CONTROLS,NO CONTROLS,CLEAR,DARKNESS,PARKED MOTOR VEHICLE,PARKING LOT,STRAIGHT AND LEVEL,DRY,NO DEFECTS,NO INJURY / DRIVE AWAY,"OVER $1,500",UNABLE TO DETERMINE,UNABLE TO DETERMINE,2310,W,LOGAN BLVD,2,NO INDICATION OF INJURY,0.0,0.0,0.0,0.0,0.0,1.0,0.0,15,2,1