CRASH_RECORD_ID,CRASH_DATE,POSTED_SPEED_LIMIT,TRAFFIC_CONTROL_DEVICE,DEVICE_CONDITION,WEATHER_CONDITION,LIGHTING_CONDITION,FIRST_CRASH_TYPE,TRAFFICWAY_TYPE,ALIGNMENT,ROADWAY_SURFACE_COND,ROAD_DEFECT,CRASH_TYPE,DAMAGE,PRIM_CONTRIBUTORY_CAUSE,SEC_CONTRIBUTORY_CAUSE,STREET_NO,STREET_DIRECTION,STREET_NAME,NUM_UNITS,MOST_SEVERE_INJURY,INJURIES_TOTAL,INJURIES_FATAL,INJURIES_INCAPACITATING,INJURIES_NON_INCAPACITATING,INJURIES_REPORTED_NOT_EVIDENT,INJURIES_NO_INDICATION,INJURIES_UNKNOWN,CRASH_HOUR,CRASH_DAY_OF_WEEK,CRASH_MONTH
d93b0a0d15f2acc476e469f6e7845e2d76f0cac3358d4a0e47e6478f3819633031f62da3024bc23426af2fba658d96c0ab1d9f7022f9fc56def18802ce2716fc,2019-09-23 09:30:00,30,STOP SIGN/FLASHER,FUNCTIONING PROPERLY,CLEAR,DAYLIGHT,TURNING,FOUR WAY,STRAIGHT AND LEVEL,DRY,NO DEFECTS,INJURY AND / OR TOW DUE TO CRASH,"OVER $1,500",FAILING TO YIELD RIGHT-OF-WAY,NOT APPLICABLE,7600,S,INDIANA AVE,2,NO INDICATION OF INJURY,0.0,0.0,0.0,0.0,0.0,2.0,0.0,9,2,9
0af34bf0714d155e9ec457a9d957abdda6d72438493bc469a27f57dc145599ab3811222749621560419ccbda4f4a25b464a3eb96a2c9f297aa1d35104bd3fc92,2018-12-12 05:46:00,30,STOP SIGN/FLASHER,FUNCTIONING PROPERLY,CLEAR,DAWN,ANGLE,NOT DIVIDED,STRAIGHT AND LEVEL,DRY,NO DEFECTS,INJURY AND / OR TOW DUE TO CRASH,"OVER $1,500",FAILING TO YIELD RIGHT-OF-WAY,FAILING TO REDUCE SPEED TO AVOID CRASH,2400,W,50TH ST,2,NONINCAPACITATING INJURY,1.0,0.0,0.0,1.0,0.0,1.0,0.0,5,4,12
fbc4ee6971d29014647a261aaa2c39a824afa68de20e3138b1ddc11b3438063615543847940bf4efeb754379907ad056265b580c03328bc601353cbc0bcf87be,2023-08-12 15:01:00,30,NO CONTROLS,NO CONTROLS,CLEAR,DAYLIGHT,TURNING,DIVIDED - W/MEDIAN (NOT RAISED),STRAIGHT AND LEVEL,DRY,NO DEFECTS,NO INJURY / DRIVE AWAY,"OVER $1,500",FAILING TO YIELD RIGHT-OF-WAY,UNABLE TO DETERMINE,4800,W,ROOSEVELT RD,2,NO INDICATION OF INJURY,0.0,0.0,0.0,0.0,0.0,2.0,0.0,15,7,8
484ff3ae9b9803d2aff72f19dd3cf68d6a705e1ee21daeb792373974445bf94c727e69e58011be3cb148f3e62ef1b87473f0adc0817efe57e9be342948c2360c,2016-06-22 16:00:00,35,NO CONTROLS,NO CONTROLS,CLEAR,DAYLIGHT,REAR END,NOT DIVIDED,STRAIGHT AND LEVEL,DRY,NO DEFECTS,NO INJURY / DRIVE AWAY,$500 OR LESS,UNABLE TO DETERMINE,NOT APPLICABLE,4339,W,55TH ST,2,NO INDICATION OF INJURY,0.0,0.0,0.0,0.0,0.0,2.0,0.0,16,4,6
b96dd99e672242a11c198a4db1c3ed8535f21c0b3491abbbf828004e5e62e9ffbe5f0c3c4bbb20e209f6313f368fc9e3afe74ec166c3f9af9db32c7aa803e423,2019-09-26 18:40:00,30,TRAFFIC SIGNAL,FUNCTIONING PROPERLY,CLEAR,DAYLIGHT,ANGLE,UNKNOWN INTERSECTION TYPE,STRAIGHT AND LEVEL,DRY,NO DEFECTS,INJURY AND / OR TOW DUE TO CRASH,"OVER $1,500",UNABLE TO DETERMINE,FAILING TO REDUCE SPEED TO AVOID CRASH,201,W,59TH ST,2,NONINCAPACITATING INJURY,1.0,0.0,0.0,1.0,0.0,3.0,0.0,18,5,9
b276bc58a9e9e31c8e3b5b1f8a48c21cd047dc9ec86b4f731e7f2f7c98e185a79429c76822ddf52248cf2d31ea3ddc38de3ba2bf4eb0fcf52e288b6cb6a84781,2022-04-02 20:00:00,30,TRAFFIC SIGNAL,FUNCTIONING PROPERLY,CLEAR,DARKNESS,SIDESWIPE SAME DIRECTION,NOT DIVIDED,STRAIGHT AND LEVEL,UNKNOWN,UNKNOWN,NO INJURY / DRIVE AWAY,"$501 - $1,500",IMPROPER LANE USAGE,IMPROPER OVERTAKING/PASSING,5700,N,SHERIDAN RD,2,NO INDICATION OF INJURY,0.0,0.0,0.0,0.0,0.0,3.0,0.0,20,7,4
58b14662b843a66bda4b47ee6323f2b393dbb5bfa2777a969af756ee256d8cbd8d02a0e2f3170c85267652e7ce986610f18dbb7066bfc70701bf0224841be960,2018-03-20 20:45:00,30,STOP SIGN/FLASHER,FUNCTIONING PROPERLY,CLEAR,"DARKNESS, LIGHTED ROAD",ANGLE,NOT DIVIDED,STRAIGHT AND LEVEL,DRY,NO DEFECTS,NO INJURY / DRIVE AWAY,"$501 - $1,500",UNABLE TO DETERMINE,UNABLE TO DETERMINE,530,N,MAY ST,2,NO INDICATION OF INJURY,0.0,0.0,0.0,0.0,0.0,2.0,0.0,20,3,3
31ba3852755bb4a10653b00d8f5966e7e35603a88fb1411c7df70f84f678d873c7a1ca3a2e6091d22e2528ee4a652b244a94293f66a053bfa4f8a66d54d47619,2021-09-03 15:15:00,30,UNKNOWN,UNKNOWN,CLEAR,DAYLIGHT,REAR END,NOT DIVIDED,STRAIGHT AND LEVEL,DRY,UNKNOWN,NO INJURY / DRIVE AWAY,$500 OR LESS,FOLLOWING TOO CLOSELY,DRIVING SKILLS/KNOWLEDGE/EXPERIENCE,3200,N,SHERIDAN RD,2,NO INDICATION OF INJURY,0.0,0.0,0.0,0.0,0.0,4.0,0.0,15,6,9
18ac18d5ed93199b97040499f3a72620da7d7d2d5a9996b2c873cc57ee0f12258333fa0b3a105859ecb32564c309346d07ebc9f906e7179d70c7258fa9cc0a16,2021-02-05 09:30:00,30,NO CONTROLS,NO CONTROLS,CLEAR,DAYLIGHT,REAR END,NOT DIVIDED,STRAIGHT AND LEVEL,SNOW OR SLUSH,NO DEFECTS,NO INJURY / DRIVE AWAY,"OVER $1,500",UNABLE TO DETERMINE,UNABLE TO DETERMINE,6700,N,WESTERN AVE,3,NO INDICATION OF INJURY,0.0,0.0,0.0,0.0,0.0,3.0,0.0,9,6,2
6cd4a773071f2e1aac1c637c2e60259354e30e5d8b362c832c4a0ef7f1d0d532fd03cd23711013a9ac835c6720da045bd191b7e87adee111a0ec532b8152459c,2022-05-10 13:50:00,30,TRAFFIC SIGNAL,FUNCTIONING PROPERLY,CLEAR,DAYLIGHT,REAR END,DIVIDED - W/MEDIAN BARRIER,STRAIGHT AND LEVEL,DRY,NO DEFECTS,NO INJURY / DRIVE AWAY,"OVER $1,500",UNABLE TO DETERMINE,UNABLE TO DETERMINE,3900,W,MADISON ST,2,NO INDICATION OF INJURY,0.0,0.0,0.0,0.0,0.0,2.0,0.0,13,3,5
99f290521fddbc82a68b259b7b3ef56bb26284e1c0dc08e70c2e66c0649b8fc1f3c6c2ed3186c3ea850c4a755f0ea9853e4dfa25d1d30bead4db8f11b5ba34ed,2017-12-27 19:30:00,15,NO CONTROLS,NO CONTROLS,CLEAR,DARKNESS,FIXED OBJECT,PARKING LOT,STRAIGHT AND LEVEL,ICE,NO DEFECTS,NO INJURY / DRIVE AWAY,$500 OR LESS,WEATHER,NOT APPLICABLE,2525,S,MICHIGAN AVE,1,NO INDICATION OF INJURY,0.0,0.0,0.0,0.0,0.0,1.0,0.0,19,4,12
1f8025cc9f938eaf7aab83c3d8905600cafcc57486ede32c484d09596508961de8c8d2d582e973c9a29f9970815cbbb973ab1de7435ea44d5ce5cecdca4d95be,2021-08-14 11:00:00,15,NO CONTROLS,NO CONTROLS,CLEAR,DAYLIGHT,PARKED MOTOR VEHICLE,PARKING LOT,STRAIGHT AND LEVEL,DRY,UNKNOWN,NO INJURY / DRIVE AWAY,"$501 - $1,500",UNABLE TO DETERMINE,UNABLE TO DETERMINE,1320,W,FULLERTON AVE,2,NO INDICATION OF INJURY,0.0,0.0,0.0,0.0,0.0,1.0,0.0,11,7,8
ec262f55dec73e7f7757e03a0595313a320e8a2e08946422b9a0658cac4bf04d45a350803848af85931323953a65a277677e3c4b283ced2ba10b9021112c1eb5,2021-09-05 03:08:00,30,NO CONTROLS,NO CONTROLS,CLEAR,"DARKNESS, LIGHTED ROAD",PARKED MOTOR VEHICLE,ONE-WAY,STRAIGHT AND LEVEL,DRY,NO DEFECTS,INJURY AND / OR TOW DUE TO CRASH,"OVER $1,500",UNABLE TO DETERMINE,UNABLE TO DETERMINE,5111,S,HOMAN AVE,2,NO INDICATION OF INJURY,0.0,0.0,0.0,0.0,0.0,1.0,0.0,3,1,9
123400e7e129781f24bfacc13214cb4f744d64b26ba54164eda091d5897feb826374db53b93bf9ce2fd541c1dc73c47dfdf56fd9b282b4f229fff7d1703b3655,2018-12-31 12:00:00,20,NO CONTROLS,NO CONTROLS,RAIN,DAYLIGHT,PARKED MOTOR VEHICLE,ONE-WAY,STRAIGHT AND LEVEL,WET,NO DEFECTS,NO INJURY / DRIVE AWAY,$500 OR LESS,IMPROPER BACKING,UNABLE TO DETERMINE,2532,W,WINNEMAC AVE,2,NO INDICATION OF INJURY,0.0,0.0,0.0,0.0,0.0,1.0,0.0,12,2,12
5148d8a955d9fc0220baeb1bb6eb217a26584f97306db5eb600157f46e6490cd45c71b835bbe2042b23ecb307c5817c41f71ce3a45548198db8f3d05bb416153,2016-06-10 17:00:00,30,NO CONTROLS,NO CONTROLS,CLEAR,DAYLIGHT,ANGLE,DIVIDED - W/MEDIAN (NOT RAISED),STRAIGHT AND LEVEL,DRY,NO DEFECTS,NO INJURY / DRIVE AWAY,"OVER $1,500",IMPROPER OVERTAKING/PASSING,DISREGARDING STOP SIGN,9500,S,HALSTED ST,2,NO INDICATION OF INJURY,0.0,0.0,0.0,0.0,0.0,2.0,0.0,17,6,6
d6d4f87a0280474dcd410e8bc91158aeab6209f8a57460862c14e8a457926895f4fe50e0c81f5f08c3c9133a19da21b35a070bf9211eb19df783c7c63c890e1a,2018-05-25 07:05:00,30,TRAFFIC SIGNAL,FUNCTIONING PROPERLY,CLEAR,DAYLIGHT,PEDESTRIAN,ONE-WAY,STRAIGHT AND LEVEL,DRY,NO DEFECTS,INJURY AND / OR TOW DUE TO CRASH,$500 OR LESS,"OPERATING VEHICLE IN ERRATIC, RECKLESS, CARELESS, NEGLIGENT OR AGGRESSIVE MANNER",FAILING TO YIELD RIGHT-OF-WAY,4353,S,INDIANA AVE,2,INCAPACITATING INJURY,1.0,0.0,1.0,0.0,0.0,1.0,0.0,7,6,5
1a09526b9fa10bf20909cbf6f4f3866a2b5c607133bdda05c83af59edcc0051fcaf5d72e734650ecfca7dddc1a63e166b68f35d2c67454940fbe9af64c45f713,2023-12-01 15:00:00,30,UNKNOWN,UNKNOWN,UNKNOWN,UNKNOWN,SIDESWIPE SAME DIRECTION,NOT DIVIDED,STRAIGHT AND LEVEL,UNKNOWN,UNKNOWN,NO INJURY / DRIVE AWAY,$500 OR LESS,UNABLE TO DETERMINE,UNABLE TO DETERMINE,7015,N,WESTERN AVE,2,NO INDICATION OF INJURY,0.0,0.0,0.0,0.0,0.0,2.0,0.0,15,6,12
455f28a7afd0689d3ca3030bdbc355bf8ab08e8fa5b302d2c7c3122f598e01e94a209e9742c784190da0751673741c391492136dd894488a750d0bbe72ab39d6,2023-07-22 19:12:00,30,UNKNOWN,UNKNOWN,CLEAR,DAYLIGHT,SIDESWIPE SAME DIRECTION,DIVIDED - W/MEDIAN (NOT RAISED),STRAIGHT AND LEVEL,DRY,NO DEFECTS,NO INJURY / DRIVE AWAY,"OVER $1,500",IMPROPER OVERTAKING/PASSING,NOT APPLICABLE,475,N,WABASH AVE,2,NO INDICATION OF INJURY,0.0,0.0,0.0,0.0,0.0,3.0,0.0,19,7,7
efed504f2def5a96a5bd35833d399b65d1f0177589119b8ab49219e75cdcd38fcff7e17fb11829e62be7ba3a8810f4f2a1c583c891e71719e34e49a78efb8bed,2017-09-29 12:10:00,30,TRAFFIC SIGNAL,FUNCTIONING PROPERLY,CLEAR,DAYLIGHT,REAR END,DIVIDED - W/MEDIAN (NOT RAISED),STRAIGHT AND LEVEL,DRY,NO DEFECTS,NO INJURY / DRIVE AWAY,"OVER $1,500",FOLLOWING TOO CLOSELY,FAILING TO REDUCE SPEED TO AVOID CRASH,6340,W,MONTROSE AVE,2,NO INDICATION OF INJURY,0.0,0.0,0.0,0.0,0.0,2.0,0.0,12,6,9
1070fd042ae845dd5d669518e2efd2fb603dabaae15aefa37479151cad9a83c48b428cd938ec55fe0f52b00924008577f810344392c80abd55a1a7ff43fc76c4,2024-02-14 07:50:00,30,NO CONTROLS,NO CONTROLS,CLEAR,DAYLIGHT,SIDESWIPE SAME DIRECTION,OTHER,STRAIGHT AND LEVEL,DRY,NO DEFECTS,NO INJURY / DRIVE AWAY,"$501 - $1,500",FOLLOWING TOO CLOSELY,NOT APPLICABLE,1699,N,LAKE SHORE DR SB,2,NO INDICATION OF INJURY,0.0,0.0,0.0,0.0,0.0,2.0,0.0,7,4,2
e28fe2ebb19e49f614255ab1531a89e85d0d312c6a71cf8dbcb62706913d3fb773422f8532252aea5abdfa9272c35dd07d0de0faba5085d4ddbf0fb93d2237fb,2021-03-17 20:30:00,30,TRAFFIC SIGNAL,FUNCTIONING PROPERLY,RAIN,"DARKNESS, LIGHTED ROAD",REAR END,NOT DIVIDED,STRAIGHT AND LEVEL,WET,NO DEFECTS,NO INJURY / DRIVE AWAY,"$501 - $1,500",UNABLE TO DETERMINE,NOT APPLICABLE,5000,W,FULLERTON AVE,2,NO INDICATION OF INJURY,0.0,0.0,0.0,0.0,0.0,2.0,0.0,20,4,3
e85ae33ea776053f6f3c7ae32f3295d74bc59bd679e10cc5f0c289608ab8dab837371370944e6c4bbec664428656e064ef006dab2c335fff4332e519fb1188d4,2020-02-11 14:11:00,20,NO CONTROLS,NO CONTROLS,CLEAR,DAYLIGHT,OTHER OBJECT,ALLEY,STRAIGHT AND LEVEL,DRY,NO DEFECTS,NO INJURY / DRIVE AWAY,"OVER $1,500",DRIVING SKILLS/KNOWLEDGE/EXPERIENCE,UNABLE TO DETERMINE,6100,W,IRVING PARK RD,1,NO INDICATION OF INJURY,0.0,0.0,0.0,0.0,0.0,1.0,0.0,14,3,2
0cac21952b071a509e94d9ec13377eef2b5fc163c0bb16789d80b9a599739456239f2775dedbfcd4354945345d7bb55149786f1ddce4a2a1747263838e947836,2016-05-20 13:30:00,30,UNKNOWN,UNKNOWN,CLEAR,DAYLIGHT,PARKED MOTOR VEHICLE,DIVIDED - W/MEDIAN BARRIER,STRAIGHT AND LEVEL,DRY,NO DEFECTS,NO INJURY / DRIVE AWAY,"OVER $1,500",UNABLE TO DETERMINE,UNABLE TO DETERMINE,2237,N,WESTERN AVE,2,NO INDICATION OF INJURY,0.0,0.0,0.0,0.0,0.0,1.0,0.0,13,6,5
3077f0cdae5c8d1aa1fc25430f0dca0314164eb79d11579c03849acef7af3a76e20c54001e1901331e8ad263c7ea6167f2c1b37a744af45f24e5113818922283,2020-01-16 15:00:00,30,TRAFFIC SIGNAL,UNKNOWN,CLEAR,DAYLIGHT,PEDESTRIAN,FOUR WAY,STRAIGHT AND LEVEL,DRY,NO DEFECTS,INJURY AND / OR TOW DUE TO CRASH,"OVER $1,500",IMPROPER TURNING/NO SIGNAL,UNABLE TO DETERMINE,23,N,WESTERN AVE,2,NONINCAPACITATING INJURY,1.0,0.0,0.0,1.0,0.0,1.0,0.0,15,5,1
6a27905afff63165e357cb5e7f4b39ab1b73f217cb924260c5cfd8292b0efe35019af317aec988f812abcd587de98d0744bd9a11c046d151b86e8beafecf7524,2024-04-18 11:13:00,30,NO CONTROLS,NO CONTROLS,CLEAR,DAYLIGHT,REAR END,NOT DIVIDED,STRAIGHT AND LEVEL,DRY,NO DEFECTS,NO INJURY / DRIVE AWAY,"$501 - $1,500",UNABLE TO DETERMINE,NOT APPLICABLE,2198,N,LEAVITT ST,2,NO INDICATION OF INJURY,0.0,0.0,0.0,0.0,0.0,2.0,0.0,11,5,4
6c1e32dc6a83cc45cb43eb4420462774c50e9a733781facdf70e236da5da4f0145e804656a2a1e376759208bdfc65c99a70b279c23e2a03eb181a0d761b19802,2023-08-23 14:10:00,30,TRAFFIC SIGNAL,FUNCTIONING PROPERLY,CLEAR,DAYLIGHT,TURNING,FOUR WAY,"CURVE, LEVEL",DRY,NO DEFECTS,NO INJURY / DRIVE AWAY,"OVER $1,500",UNABLE TO DETERMINE,UNABLE TO DETERMINE,218,W,GARFIELD BLVD,2,NO INDICATION OF INJURY,0.0,0.0,0.0,0.0,0.0,3.0,0.0,14,4,8
195891e37f0759b12aada7a885546aade2195571adc2df0bddfd1867d7dc653329ce8855104a77c441d83a0eeb30677e3f62bffc11890f70b28a330a864792ce,2021-04-11 01:53:00,20,NO CONTROLS,NO CONTROLS,UNKNOWN,"DARKNESS, LIGHTED ROAD",SIDESWIPE SAME DIRECTION,ONE-WAY,STRAIGHT AND LEVEL,UNKNOWN,NO DEFECTS,NO INJURY / DRIVE AWAY,"OVER $1,500",IMPROPER LANE USAGE,NOT APPLICABLE,3700,W,CONGRESS PKWY,2,NO INDICATION OF INJURY,0.0,0.0,0.0,0.0,0.0,2.0,0.0,1,1,4
209901d558ef491f348c897cfefa04294957a2b8cce38f31802cb8d694a264af5e1d4ac55d6c93831ce54dcb1796ad9748aa4260d2f65e521d15c5f849336262,2022-06-01 18:35:00,30,NO CONTROLS,NO CONTROLS,CLEAR,DAWN,ANGLE,NOT DIVIDED,STRAIGHT AND LEVEL,DRY,NO DEFECTS,NO INJURY / DRIVE AWAY,"OVER $1,500",FAILING TO YIELD RIGHT-OF-WAY,NOT APPLICABLE,1546,N,HOMAN AVE,2,NO INDICATION OF INJURY,0.0,0.0,0.0,0.0,0.0,3.0,0.0,18,4,6
73ecc362af6f38f2e0b7088241b01c0056cda7c4a88d592b4522595343664acb5db9a3b23333a1641c59505e6ebb32b818b7d15a3e31c80bf6979a9cd1f0e91f,2017-02-16 10:50:00,30,NO CONTROLS,NO CONTROLS,CLEAR,DAYLIGHT,SIDESWIPE SAME DIRECTION,NOT DIVIDED,STRAIGHT AND LEVEL,DRY,NO DEFECTS,NO INJURY / DRIVE AWAY,$500 OR LESS,UNABLE TO DETERMINE,UNABLE TO DETERMINE,6,S,MICHIGAN AVE,2,NO INDICATION OF INJURY,0.0,0.0,0.0,0.0,0.0,2.0,0.0,10,5,2
a47794bee283b5bd34071b02d89db637f1252df8f5f04d970f73902c1f8ed8c8a6323067ef61ece9d86cb15123fbc5bb0de2d9e37c6241711d3e2f3fd6ddb881,2017-08-23 11:42:00,35,TRAFFIC SIGNAL,FUNCTIONING PROPERLY,CLEAR,DAYLIGHT,REAR END,NOT DIVIDED,STRAIGHT AND LEVEL,DRY,NO DEFECTS,NO INJURY / DRIVE AWAY,$500 OR LESS,EQUIPMENT - VEHICLE CONDITION,UNABLE TO DETERMINE,760,S,KOSTNER AVE,2,NO INDICATION OF INJURY,0.0,0.0,0.0,0.0,0.0,2.0,0.0,11,4,8
c88c27e38f191e1b265cf2b39f62e47e9a52834410069b9106eaebfb3d557c602ac3cd58850b7d900ea37428b02d8a89dea3b9e7f0bc13c8a0ccf7c4ef9ff822,2021-07-12 08:15:00,30,NO CONTROLS,NO CONTROLS,CLEAR,DAYLIGHT,PARKED MOTOR VEHICLE,OTHER,STRAIGHT AND LEVEL,DRY,NO DEFECTS,NO INJURY / DRIVE AWAY,"OVER $1,500",UNABLE TO DETERMINE,UNABLE TO DETERMINE,13100,S,ST LAWRENCE AVE,3,NO INDICATION OF INJURY,0.0,0.0,0.0,0.0,0.0,1.0,0.0,8,2,7
1797f8742a073f404754748f2ce5972a6262b0aa826f47597ca30f538dc88ff64ac3fca6794a23b6f4923afba36c31448a6126336ee9704d68a3ce6ee9046c60,2022-10-04 01:40:00,25,NO CONTROLS,NO CONTROLS,CLEAR,"DARKNESS, LIGHTED ROAD",SIDESWIPE SAME DIRECTION,ONE-WAY,STRAIGHT AND LEVEL,DRY,NO DEFECTS,NO INJURY / DRIVE AWAY,"OVER $1,500",UNABLE TO DETERMINE,UNABLE TO DETERMINE,699,N,DEARBORN ST,2,NO INDICATION OF INJURY,0.0,0.0,0.0,0.0,0.0,2.0,0.0,1,3,10
786b9b93759033ab842d6d3a82ce71ac353249adf51532846497d97d540244dfbdc0fefdd8e66312bad8b6f803a48a280171a54dc1ea651871f25578a7ca2eab,2022-10-17 08:45:00,35,NO CONTROLS,NO CONTROLS,CLOUDY/OVERCAST,DAYLIGHT,PARKED MOTOR VEHICLE,DIVIDED - W/MEDIAN (NOT RAISED),STRAIGHT ON GRADE,UNKNOWN,UNKNOWN,INJURY AND / OR TOW DUE TO CRASH,"OVER $1,500",UNABLE TO DETERMINE,UNABLE TO DETERMINE,10525,S,KEDZIE AVE,2,NO INDICATION OF INJURY,0.0,0.0,0.0,0.0,0.0,1.0,0.0,8,2,10
f68671a194743e3002c1a6a2502ba0a28992ac12e56d46e07e078909c16f322fc4c727dff2d7d6db618dae56e9229e92a3200c71b82896feab32125372bc8c25,2016-08-16 18:45:00,30,TRAFFIC SIGNAL,FUNCTIONING PROPERLY,CLEAR,DAYLIGHT,REAR END,DIVIDED - W/MEDIAN (NOT RAISED),STRAIGHT AND LEVEL,DRY,NO DEFECTS,NO INJURY / DRIVE AWAY,"$501 - $1,500",FOLLOWING TOO CLOSELY,UNABLE TO DETERMINE,4900,W,CHICAGO AVE,2,NO INDICATION OF INJURY,0.0,0.0,0.0,0.0,0.0,2.0,0.0,18,3,8
f0bb5cb882718f7468fda490cb19302b557ee05961a1d4e2fd346864d95e149511d0c7f1b3a585d1a9f9df431c91f9443ef4b602d40df2e7410777952325b30c,2022-05-15 16:50:00,30,NO CONTROLS,NO CONTROLS,CLEAR,DAYLIGHT,TURNING,NOT DIVIDED,STRAIGHT AND LEVEL,DRY,NO DEFECTS,NO INJURY / DRIVE AWAY,"$501 - $1,500",UNABLE TO DETERMINE,UNABLE TO DETERMINE,2600,W,26TH ST,2,NO INDICATION OF INJURY,0.0,0.0,0.0,0.0,0.0,3.0,0.0,16,1,5
2928aa9ec31559ea7573cfc4891ee4b4ddc73bac8ee322deed5c1a19c81f7b0f6ef624cd4dd2de9b8be536ae800dc4caf3afd1373282c171d6c557e0731e0061,2020-03-09 23:25:00,20,NO CONTROLS,NO CONTROLS,CLEAR,"DARKNESS, LIGHTED ROAD",PARKED MOTOR VEHICLE,ONE-WAY,STRAIGHT AND LEVEL,DRY,NO DEFECTS,NO INJURY / DRIVE AWAY,"$501 - $1,500",UNABLE TO DETERMINE,UNABLE TO DETERMINE,4141,W,59TH ST,2,NO INDICATION OF INJURY,0.0,0.0,0.0,0.0,0.0,1.0,0.0,23,2,3
6655fef0e3ee0e45909e313ac5137e0780499f7d1256e732b6e8276395f07a22acb17973b0ba7b675f4de3652f20e82e153076f80f305ec342fcef1b964bc9e8,2020-06-25 09:58:00,20,NO CONTROLS,NO CONTROLS,CLEAR,DAYLIGHT,PARKED MOTOR VEHICLE,ONE-WAY,STRAIGHT AND LEVEL,DRY,NO DEFECTS,INJURY AND / OR TOW DUE TO CRASH,"OVER $1,500",UNABLE TO DETERMINE,UNABLE TO DETERMINE,4417,S,ELLIS AVE,2,NONINCAPACITATING INJURY,1.0,0.0,0.0,1.0,0.0,0.0,0.0,9,5,6
4ab63fc8b35a94521ebebb2283a7a2bb0cb2658f259347349b3cc23df92ddf15a9f7b425db29f891d5dcffcc6ef1b29f4d2cc0b51c6c9273f0f5cdeae292a16e,2018-10-04 16:23:00,30,TRAFFIC SIGNAL,FUNCTIONING PROPERLY,CLEAR,DAYLIGHT,TURNING,NOT DIVIDED,STRAIGHT AND LEVEL,DRY,NO DEFECTS,INJURY AND / OR TOW DUE TO CRASH,"OVER $1,500",IMPROPER TURNING/NO SIGNAL,NOT APPLICABLE,4200,W,LAKE ST,2,NONINCAPACITATING INJURY,2.0,0.0,0.0,2.0,0.0,1.0,0.0,16,5,10
d19124fa3487ee30d2b7c52023bdb2ec88bf57f52c2f83b2a2c09f3864b58c8ec54c9455701a413231980fef251210c9fd191b1ee3e121fdbdfc5b1c602aeea3,2024-01-31 10:40:00,25,STOP SIGN/FLASHER,FUNCTIONING PROPERLY,CLEAR,DAYLIGHT,ANGLE,FOUR WAY,STRAIGHT AND LEVEL,DRY,NO DEFECTS,INJURY AND / OR TOW DUE TO CRASH,"OVER $1,500","OPERATING VEHICLE IN ERRATIC, RECKLESS, CARELESS, NEGLIGENT OR AGGRESSIVE MANNER",FAILING TO REDUCE SPEED TO AVOID CRASH,11000,S,MICHIGAN AVE,2,NO INDICATION OF INJURY,0.0,0.0,0.0,0.0,0.0,2.0,0.0,10,4,1
fa142fc52e4425a23c4b0875ec2da201e82ccb2a3b9b62b97afb91a6d6eb906027298a56059aa98a65de1e21964ef6c08ea448744591192ea6af8374182aa0d6,2019-02-13 08:25:00,30,TRAFFIC SIGNAL,FUNCTIONING PROPERLY,UNKNOWN,DAYLIGHT,ANGLE,NOT DIVIDED,STRAIGHT AND LEVEL,UNKNOWN,UNKNOWN,NO INJURY / DRIVE AWAY,"OVER $1,500",DRIVING SKILLS/KNOWLEDGE/EXPERIENCE,UNABLE TO DETERMINE,7900,S,VINCENNES AVE,2,NO INDICATION OF INJURY,0.0,0.0,0.0,0.0,0.0,2.0,0.0,8,4,2
74c43840332c54f79fa2be844593bdf95730fb00cae4eda62b08ce25585e6e3e0214241eac576b96621c8dfa866f4b43a86ac9ab993c07abaf272541153b61ae,2018-08-30 16:18:00,30,NO CONTROLS,NO CONTROLS,CLEAR,DAYLIGHT,PARKED MOTOR VEHICLE,ONE-WAY,STRAIGHT AND LEVEL,DRY,NO DEFECTS,NO INJURY / DRIVE AWAY,$500 OR LESS,DRIVING SKILLS/KNOWLEDGE/EXPERIENCE,IMPROPER BACKING,9943,S,PRINCETON AVE,2,NO INDICATION OF INJURY,0.0,0.0,0.0,0.0,0.0,2.0,0.0,16,5,8
722db826fb6dff860fedb035a4ef47050167fa11bab39b09419050ad252690e85f93b35dff10c06e8d7f5c4a11390ce858754be3a28d1b47f010df12a71a8105,2023-11-04 13:40:00,30,UNKNOWN,UNKNOWN,CLEAR,DAYLIGHT,TURNING,NOT DIVIDED,STRAIGHT AND LEVEL,DRY,NO DEFECTS,NO INJURY / DRIVE AWAY,"$501 - $1,500",IMPROPER OVERTAKING/PASSING,IMPROPER OVERTAKING/PASSING,5691,N,MILWAUKEE AVE,2,NO INDICATION OF INJURY,0.0,0.0,0.0,0.0,0.0,2.0,0.0,13,7,11
d35c2bb8110aca39fdfe39705ee0c5ee6bd61a7e9e3d3673fa89451de188df522f7f6fa8d3567691e54d9bda627b5f979e6c3cdc922b29b37cbeb7e07208c8ce,2019-11-13 12:05:00,25,STOP SIGN/FLASHER,FUNCTIONING PROPERLY,SNOW,DAYLIGHT,REAR END,NOT DIVIDED,STRAIGHT AND LEVEL,ICE,NO DEFECTS,NO INJURY / DRIVE AWAY,"OVER $1,500",FOLLOWING TOO CLOSELY,FOLLOWING TOO CLOSELY,1598,W,CARMEN AVE,2,NO INDICATION OF INJURY,0.0,0.0,0.0,0.0,0.0,3.0,0.0,12,4,11