CRASH_RECORD_ID,CRASH_DATE,POSTED_SPEED_LIMIT,TRAFFIC_CONTROL_DEVICE,DEVICE_CONDITION,WEATHER_CONDITION,LIGHTING_CONDITION,FIRST_CRASH_TYPE,TRAFFICWAY_TYPE,ALIGNMENT,ROADWAY_SURFACE_COND,ROAD_DEFECT,CRASH_TYPE,DAMAGE,PRIM_CONTRIBUTORY_CAUSE,SEC_CONTRIBUTORY_CAUSE,STREET_NO,STREET_DIRECTION,STREET_NAME,NUM_UNITS,MOST_SEVERE_INJURY,INJURIES_TOTAL,INJURIES_FATAL,INJURIES_INCAPACITATING,INJURIES_NON_INCAPACITATING,INJURIES_REPORTED_NOT_EVIDENT,INJURIES_NO_INDICATION,INJURIES_UNKNOWN,CRASH_HOUR,CRASH_DAY_OF_WEEK,CRASH_MONTH
24eb1eb90626760df9a0c586327fd734296937fa45fc41ad67d35dd0f9c4162a2128753fa48dd5a019e982900659feed8d2a8061f92c79cd42074a74a5b4c6ad,2016-05-12 14:30:00,30,NO CONTROLS,NO CONTROLS,CLEAR,DAYLIGHT,PARKED MOTOR VEHICLE,DIVIDED - W/MEDIAN (NOT RAISED),STRAIGHT AND LEVEL,DRY,NO DEFECTS,NO INJURY / DRIVE AWAY,"$501 - $1,500",IMPROPER BACKING,FAILING TO REDUCE SPEED TO AVOID CRASH,3258,W,MONTROSE AVE,2,NO INDICATION OF INJURY,0.0,0.0,0.0,0.0,0.0,1.0,0.0,14,5,5
9e7f6f808f7643d455471364376433ec68e89dc62bec103a16b9615ba66cfb9def4f9c79800b3d5ac0794ae6fdd214e600ef7c3d4f4cb7ee5308e215afc59e82,2018-07-10 00:30:00,35,NO CONTROLS,NO CONTROLS,CLEAR,"DARKNESS, LIGHTED ROAD",FIXED OBJECT,DIVIDED - W/MEDIAN BARRIER,STRAIGHT AND LEVEL,DRY,NO DEFECTS,NO INJURY / DRIVE AWAY,"OVER $1,500",UNABLE TO DETERMINE,NOT APPLICABLE,430,W,GARFIELD BLVD,1,NO INDICATION OF INJURY,0.0,0.0,0.0,0.0,0.0,1.0,0.0,0,3,7
ae9e4095b4b54f55e569da93a77fa4713e44b8ee8481e1f5feef9f5fc994faf566b043ace16b9342a9a83d277e76268676318ee674797f8275bfd74487224117,2022-02-27 10:00:00,20,NO CONTROLS,NO CONTROLS,CLEAR,"DARKNESS, LIGHTED ROAD",PARKED MOTOR VEHICLE,DIVIDED - W/MEDIAN (NOT RAISED),STRAIGHT AND LEVEL,UNKNOWN,NO DEFECTS,NO INJURY / DRIVE AWAY,"$501 - $1,500",NOT APPLICABLE,NOT APPLICABLE,4249,W,AUGUSTA BLVD,2,NO INDICATION OF INJURY,0.0,0.0,0.0,0.0,0.0,1.0,0.0,10,1,2
e0924801e79bd7c29840de08fa035b41a41506e7412a1868bb88ddeb884f73cad730e1fd21bc8f9849489ab2e9058362febeb6eb2868c018d319307081d5dcad,2016-02-19 16:43:00,30,NO CONTROLS,UNKNOWN,UNKNOWN,UNKNOWN,ANGLE,NOT DIVIDED,STRAIGHT AND LEVEL,UNKNOWN,UNKNOWN,NO INJURY / DRIVE AWAY,"OVER $1,500",UNABLE TO DETERMINE,NOT APPLICABLE,7211,W,ALBION AVE,2,NO INDICATION OF INJURY,0.0,0.0,0.0,0.0,0.0,2.0,0.0,16,6,2
93a0b1d9f9062f8190c939a79a9062535c19fd58904f5b0aae88937e7fc242080ad362e27baf55f4e0cc57ae1e0488edd686494c0c953c962aff833bfaca48eb,2021-12-12 18:07:00,30,NO CONTROLS,NO CONTROLS,CLEAR,"DARKNESS, LIGHTED ROAD",TURNING,DIVIDED - W/MEDIAN BARRIER,STRAIGHT AND LEVEL,DRY,NO DEFECTS,NO INJURY / DRIVE AWAY,"OVER $1,500",DRIVING SKILLS/KNOWLEDGE/EXPERIENCE,UNABLE TO DETERMINE,4104,W,FULLERTON AVE,3,NO INDICATION OF INJURY,0.0,0.0,0.0,0.0,0.0,3.0,0.0,18,1,12
7e35e6e4447018aec6127ad845922315913d14cbd7f5c4374286024daf3f7946b930e2f3ddd076f8200748c053a08013b2d0f690ee16ecb86e1e36859c2ac5fb,2023-07-12 13:38:00,30,UNKNOWN,NO CONTROLS,RAIN,DAYLIGHT,ANGLE,NOT DIVIDED,STRAIGHT AND LEVEL,WET,NO DEFECTS,NO INJURY / DRIVE AWAY,"$501 - $1,500",UNABLE TO DETERMINE,UNABLE TO DETERMINE,3432,W,CHICAGO AVE,2,NO INDICATION OF INJURY,0.0,0.0,0.0,0.0,0.0,3.0,0.0,13,4,7
8ca461819412355813cbfad4d6bb286899724a6828b0a10e5cecb8681f5c593fd329cec60b67840862cabbf1090cb137e0fdf2a427c9969fc88a04bcb3afa51f,2023-10-02 08:31:00,35,NO CONTROLS,NO CONTROLS,CLEAR,DAYLIGHT,TURNING,NOT DIVIDED,STRAIGHT AND LEVEL,DRY,UNKNOWN,INJURY AND / OR TOW DUE TO CRASH,"OVER $1,500",UNABLE TO DETERMINE,NOT APPLICABLE,5733,N,SHERIDAN RD,2,NO INDICATION OF INJURY,0.0,0.0,0.0,0.0,0.0,2.0,0.0,8,2,10
d8709327b3997a2399ac67aa4a4e5cf1110a934e4453523d3f9bed41869069cf3e74d0e7bf71cd81638b77898106d965ec7b1142f5b6ffaaf521b39f77e31994,2021-09-10 20:30:00,25,UNKNOWN,UNKNOWN,CLEAR,"DARKNESS, LIGHTED ROAD",TURNING,DIVIDED - W/MEDIAN (NOT RAISED),STRAIGHT AND LEVEL,DRY,UNKNOWN,NO INJURY / DRIVE AWAY,"OVER $1,500",UNABLE TO DETERMINE,UNABLE TO DETERMINE,3100,N,LARAMIE AVE,2,NO INDICATION OF INJURY,0.0,0.0,0.0,0.0,0.0,2.0,0.0,20,6,9
8714a2dc9aa36a575e2f0e42a06126bcf136710f1423f2c5db5fcf8ef35e7c5799387943790ec626a2d88b5d1e8fcec404032355a6a9cf0fb24babfd37f860d3,2021-06-11 17:15:00,30,NO CONTROLS,NO CONTROLS,CLEAR,DAYLIGHT,SIDESWIPE SAME DIRECTION,NOT DIVIDED,STRAIGHT AND LEVEL,DRY,NO DEFECTS,NO INJURY / DRIVE AWAY,"OVER $1,500",IMPROPER OVERTAKING/PASSING,NOT APPLICABLE,5129,N,HARLEM AVE,2,NO INDICATION OF INJURY,0.0,0.0,0.0,0.0,0.0,2.0,0.0,17,6,6
cb94c78efad155b096daf2765401a12e3c84d61fc9c36aacaa38d62d57654bc923eab6f432081480178a633613632fadb10b2701182ab1a2876aedd98391e7c3,2019-04-15 15:15:00,30,STOP SIGN/FLASHER,FUNCTIONING PROPERLY,CLEAR,DAYLIGHT,REAR END,DIVIDED - W/MEDIAN (NOT RAISED),STRAIGHT AND LEVEL,DRY,NO DEFECTS,NO INJURY / DRIVE AWAY,"$501 - $1,500",UNABLE TO DETERMINE,NOT APPLICABLE,5558,W,MADISON ST,2,NO INDICATION OF INJURY,0.0,0.0,0.0,0.0,0.0,2.0,0.0,15,2,4
bcfd62e22faa0f7330c68242e7ab8763c13bd64bc790408adaa15f4df1e4dc14546e4663f0902869219d06d2ab410592f6a305c09626a31c887e18628cf5656f,2020-05-22 14:47:00,30,NO CONTROLS,NO CONTROLS,CLEAR,DAYLIGHT,TURNING,NOT DIVIDED,STRAIGHT AND LEVEL,DRY,NO DEFECTS,INJURY AND / OR TOW DUE TO CRASH,"OVER $1,500",UNABLE TO DETERMINE,NOT APPLICABLE,7908,S,HALSTED ST,2,"REPORTED, NOT EVIDENT",1.0,0.0,0.0,0.0,1.0,2.0,0.0,14,6,5
74f1b25244427fba0ad6ca4e409d50dfa06da7008367bcd4e68b304c12bcf25dba2484d1952211ae0f0f362bbc3bb6bc786a1527422eb619fe8f28c00a04e050,2023-04-10 19:00:00,30,NO CONTROLS,NO CONTROLS,CLEAR,DAYLIGHT,PARKED MOTOR VEHICLE,ONE-WAY,STRAIGHT AND LEVEL,DRY,NO DEFECTS,NO INJURY / DRIVE AWAY,"$501 - $1,500",UNABLE TO DETERMINE,UNABLE TO DETERMINE,6115,N,FRANCISCO AVE,2,NO INDICATION OF INJURY,0.0,0.0,0.0,0.0,0.0,1.0,0.0,19,2,4
a8cf1ab5390a6ef904b8469a790efdaf559e203318341cd4fe0c8040fe3764ef0d796283adba6733c4d24ae78c6f1e0701e343c4370eb6c69459339bdaded3d8,2022-11-07 15:15:00,30,UNKNOWN,UNKNOWN,CLEAR,DAYLIGHT,SIDESWIPE SAME DIRECTION,NOT DIVIDED,STRAIGHT AND LEVEL,UNKNOWN,UNKNOWN,NO INJURY / DRIVE AWAY,"$501 - $1,500",IMPROPER OVERTAKING/PASSING,UNABLE TO DETERMINE,700,S,LAKE SHORE DR E,2,NO INDICATION OF INJURY,0.0,0.0,0.0,0.0,0.0,2.0,0.0,15,2,11
a26df21434e52b605f34b75e462b2131d2e69f8c6875eb9659f0a8597edc2dc297d761ebeae4c29450cba33b15e61665d2be9085926a677dd6a07d6d83bfa635,2023-03-26 08:07:00,30,TRAFFIC SIGNAL,FUNCTIONING PROPERLY,CLEAR,DAYLIGHT,TURNING,OTHER,STRAIGHT AND LEVEL,DRY,NO DEFECTS,INJURY AND / OR TOW DUE TO CRASH,"OVER $1,500",FAILING TO YIELD RIGHT-OF-WAY,DRIVING SKILLS/KNOWLEDGE/EXPERIENCE,7900,S,SOUTH CHICAGO AVE,2,NONINCAPACITATING INJURY,1.0,0.0,0.0,1.0,0.0,2.0,0.0,8,1,3
9a3522f674743624cf9724940498305718825b587595c2daaf2ff98ffe701b20ce5ca9dd61126d85cbc733f1a89ec4723c013a1223c77d7e1e6736d230800a3e,2020-02-18 15:00:00,30,TRAFFIC SIGNAL,FUNCTIONING PROPERLY,CLEAR,DAYLIGHT,TURNING,NOT DIVIDED,STRAIGHT AND LEVEL,DRY,NO DEFECTS,NO INJURY / DRIVE AWAY,"$501 - $1,500",UNABLE TO DETERMINE,UNABLE TO DETERMINE,399,N,LA SALLE DR,2,NO INDICATION OF INJURY,0.0,0.0,0.0,0.0,0.0,2.0,0.0,15,3,2
e11e5fccc85d65b3bd77f940f892c60a5ecacce3507b5833fc9958163e8ecf790c171ebb2d0f4702bdd383e6a95fd3819038b1efe1878b18084a5156e8b11d83,2018-08-18 19:50:00,45,NO CONTROLS,NO CONTROLS,CLEAR,"DARKNESS, LIGHTED ROAD",REAR END,DIVIDED - W/MEDIAN BARRIER,STRAIGHT AND LEVEL,DRY,NO DEFECTS,INJURY AND / OR TOW DUE TO CRASH,"OVER $1,500",IMPROPER LANE USAGE,NOT APPLICABLE,4725,S,LAKE SHORE DR NB,2,NO INDICATION OF INJURY,0.0,0.0,0.0,0.0,0.0,2.0,0.0,19,7,8
b4315885cade415908be5355f55191029b0d108d1f81bc356e45aa53f15d4501b0105dee06b1840b0158d4f4b8502382070e40083b9bbf951e56db2a66146a29,2024-01-07 17:15:00,30,STOP SIGN/FLASHER,NO CONTROLS,CLEAR,DARKNESS,REAR END,DIVIDED - W/MEDIAN (NOT RAISED),STRAIGHT AND LEVEL,DRY,NO DEFECTS,NO INJURY / DRIVE AWAY,"$501 - $1,500",FOLLOWING TOO CLOSELY,NOT APPLICABLE,720,W,RANDOLPH ST,2,NO INDICATION OF INJURY,0.0,0.0,0.0,0.0,0.0,5.0,0.0,17,1,1
32ef3702c2fd6d0876c23ca0bdafc7e5972ed470892ca4dc2ae4d96ceeb9e9c78613a1b03e5d066719f19af89cebd34f0025784935fb3b460aa0be9bde9e346b,2022-08-21 16:18:00,30,TRAFFIC SIGNAL,FUNCTIONING PROPERLY,CLEAR,DAYLIGHT,SIDESWIPE SAME DIRECTION,DIVIDED - W/MEDIAN (NOT RAISED),STRAIGHT AND LEVEL,DRY,NO DEFECTS,NO INJURY / DRIVE AWAY,"$501 - $1,500",IMPROPER OVERTAKING/PASSING,UNABLE TO DETERMINE,5202,W,DIVERSEY AVE,2,NO INDICATION OF INJURY,0.0,0.0,0.0,0.0,0.0,2.0,0.0,16,1,8
5fe3746bd77295f2a9be3a73c6b4135954e8feb9788d9fea6bd568078809b8ca7fdae9731009a734dbcb02271cfb3afd23ac7237c24235d19d8688ccc6fca70b,2021-08-19 17:00:00,30,NO CONTROLS,NO CONTROLS,CLEAR,DAYLIGHT,ANGLE,FOUR WAY,STRAIGHT AND LEVEL,DRY,NO DEFECTS,NO INJURY / DRIVE AWAY,"OVER $1,500",DRIVING SKILLS/KNOWLEDGE/EXPERIENCE,NOT APPLICABLE,732,W,69TH ST,2,NO INDICATION OF INJURY,0.0,0.0,0.0,0.0,0.0,2.0,0.0,17,5,8
70ca7032b8568be2a5793a1f71b30d3524c81b16766cc6f4d3513b50588f4da63b68a5b3bf418d5b56a3e6e21786934d514f3a712a41882068b4e6e97dd791b0,2021-01-27 17:00:00,25,NO CONTROLS,NO CONTROLS,SNOW,DUSK,PARKED MOTOR VEHICLE,ONE-WAY,STRAIGHT AND LEVEL,WET,NO DEFECTS,NO INJURY / DRIVE AWAY,"OVER $1,500",UNABLE TO DETERMINE,UNABLE TO DETERMINE,2823,W,WARREN BLVD,2,NO INDICATION OF INJURY,0.0,0.0,0.0,0.0,0.0,1.0,0.0,17,4,1
d5d73d2f7b64474d517e226453f398047781bfe7573c298589d19f31162e85e1ff5272d8969c894fb6acd9db309f18926a9b4a9bb997981cccb72f1e9725cbd2,2023-11-08 04:00:00,30,UNKNOWN,UNKNOWN,UNKNOWN,UNKNOWN,PARKED MOTOR VEHICLE,UNKNOWN,STRAIGHT AND LEVEL,UNKNOWN,UNKNOWN,NO INJURY / DRIVE AWAY,"OVER $1,500",UNABLE TO DETERMINE,NOT APPLICABLE,5280,N,LUNA AVE,2,NO INDICATION OF INJURY,0.0,0.0,0.0,0.0,0.0,1.0,0.0,4,4,11
742a7edc006788e1db1afbc23e3af5caa6c5e1f132243e50cbf70ea526c589d79bec2e62cb029c525bd2b93ba03fbdc959b7a5fbdaca2f40f9aa4ebb6367b3f8,2021-01-08 22:00:00,30,NO CONTROLS,NO CONTROLS,UNKNOWN,"DARKNESS, LIGHTED ROAD",PARKED MOTOR VEHICLE,PARKING LOT,STRAIGHT AND LEVEL,UNKNOWN,UNKNOWN,NO INJURY / DRIVE AWAY,$500 OR LESS,UNABLE TO DETERMINE,UNABLE TO DETERMINE,2465,S,ARCHER AVE,2,NO INDICATION OF INJURY,0.0,0.0,0.0,0.0,0.0,1.0,0.0,22,6,1
917f7ea4d0ebdd8699ac85121483a18fde80d354852b5d10ed4ed68a11fde84d4ad928e74dec7299e097c3628c438b3d738b2382d9d7228f15b16a76efbadb9c,2017-04-21 12:00:00,30,NO CONTROLS,NO CONTROLS,CLEAR,DAYLIGHT,REAR END,NOT DIVIDED,STRAIGHT AND LEVEL,DRY,NO DEFECTS,NO INJURY / DRIVE AWAY,"OVER $1,500",UNABLE TO DETERMINE,NOT APPLICABLE,758,W,69TH ST,2,NO INDICATION OF INJURY,0.0,0.0,0.0,0.0,0.0,3.0,0.0,12,6,4
420be3ede46961bd502c8e28b0e75034471e96e14896b1cd7e4be87f19dad0bb99fc3ddcf78286052d1233434ff5754b093901fc806e660bf4c86cfcb13f2484,2018-11-13 15:30:00,30,UNKNOWN,UNKNOWN,CLEAR,DAYLIGHT,TURNING,NOT DIVIDED,STRAIGHT AND LEVEL,UNKNOWN,UNKNOWN,NO INJURY / DRIVE AWAY,"$501 - $1,500",UNABLE TO DETERMINE,NOT APPLICABLE,5700,W,FULLERTON AVE,2,NO INDICATION OF INJURY,0.0,0.0,0.0,0.0,0.0,2.0,0.0,15,3,11
362db4beb7eb8b1d6aa3351c26aa93d14fa5acd72170ddf9e4f930bae9247cee527ab1904c7843933cc87d393fbc3223c50f693f7944a7b8abe628aaa28841fe,2023-03-26 18:14:00,30,TRAFFIC SIGNAL,FUNCTIONING PROPERLY,RAIN,DAYLIGHT,ANGLE,FOUR WAY,STRAIGHT AND LEVEL,WET,NO DEFECTS,INJURY AND / OR TOW DUE TO CRASH,"OVER $1,500",FAILING TO YIELD RIGHT-OF-WAY,WEATHER,1201,S,KOSTNER AVE,2,NO INDICATION OF INJURY,0.0,0.0,0.0,0.0,0.0,3.0,0.0,18,1,3
4f0fe845a76497041a1f8f06082258b759b05ca71f982afda224bb293cf0a42a6e2c22ffdd2757d8a4ffd274e4cf06a45e4c070a6ca81e1da48271ff80bcf49b,2021-07-25 11:23:00,30,TRAFFIC SIGNAL,FUNCTIONING PROPERLY,CLEAR,DAYLIGHT,TURNING,DIVIDED - W/MEDIAN (NOT RAISED),STRAIGHT AND LEVEL,DRY,NO DEFECTS,NO INJURY / DRIVE AWAY,"OVER $1,500",FAILING TO YIELD RIGHT-OF-WAY,FAILING TO YIELD RIGHT-OF-WAY,1332,W,DIVISION ST,2,NO INDICATION OF INJURY,0.0,0.0,0.0,0.0,0.0,2.0,0.0,11,1,7
471cbf76897903d145c4c8430bc0a25905e18ac2792833c66d0c4eb4d323cc94fe12aaeea2807ba2b190e67f34d874e39f4ce20a8b01219a7969fcaeedb23f09,2022-01-25 18:00:00,30,NO CONTROLS,NO CONTROLS,CLEAR,DARKNESS,ANGLE,NOT DIVIDED,STRAIGHT AND LEVEL,DRY,NO DEFECTS,NO INJURY / DRIVE AWAY,"$501 - $1,500",FAILING TO YIELD RIGHT-OF-WAY,NOT APPLICABLE,4734,N,CUMBERLAND AVE,2,NO INDICATION OF INJURY,0.0,0.0,0.0,0.0,0.0,2.0,0.0,18,3,1
856891f847fee6d4e2de7316f7ddca03e18c4f4b60a13e3e17e29c3d34eaf9e4624345386825bd208ca029f9bcc446d9b16cae833c51d195f45971f2948d2034,2018-08-22 09:52:00,30,TRAFFIC SIGNAL,UNKNOWN,CLEAR,DAYLIGHT,TURNING,NOT DIVIDED,STRAIGHT AND LEVEL,DRY,NO DEFECTS,NO INJURY / DRIVE AWAY,"OVER $1,500",DISREGARDING TRAFFIC SIGNALS,DISREGARDING TRAFFIC SIGNALS,1300,S,HALSTED ST,2,NO INDICATION OF INJURY,0.0,0.0,0.0,0.0,0.0,4.0,0.0,9,4,8
1d797b105e7c79001faa70ec16eb5854880851fa518dc0bc3da3bea8056ebc815f81c90ee904fe8ea2cdd729a5cd5d1455f10d219e3ed70c799204b9272e3f3b,2019-02-05 12:15:00,30,TRAFFIC SIGNAL,FUNCTIONING PROPERLY,UNKNOWN,UNKNOWN,TURNING,NOT DIVIDED,STRAIGHT AND LEVEL,UNKNOWN,UNKNOWN,NO INJURY / DRIVE AWAY,$500 OR LESS,IMPROPER TURNING/NO SIGNAL,NOT APPLICABLE,6745,N,RIDGE BLVD,2,NO INDICATION OF INJURY,0.0,0.0,0.0,0.0,0.0,2.0,0.0,12,3,2
eb680863709282295382bb3fece8a910f48f86330079be41013eca5a68de986d9dd12bee5c68f8a09427811f2f9749eb196398d8b62d300a0a4387c7a18e6d33,2022-12-24 01:00:00,30,NO CONTROLS,NO CONTROLS,CLEAR,"DARKNESS, LIGHTED ROAD",FIXED OBJECT,NOT DIVIDED,STRAIGHT AND LEVEL,SNOW OR SLUSH,NO DEFECTS,INJURY AND / OR TOW DUE TO CRASH,"OVER $1,500",UNABLE TO DETERMINE,UNABLE TO DETERMINE,2853,W,DEVON AVE,1,NO INDICATION OF INJURY,0.0,0.0,0.0,0.0,0.0,1.0,0.0,1,7,12
87e2572a178a7ae8d426ac5143092718ed182813163287e82d3ccbb935eb6bef93cd906baafe592e96810cc2f3e89a88e52c4a1317be0eafa925feb7af8cc612,2021-09-19 15:30:00,30,NO CONTROLS,NO CONTROLS,CLEAR,DAYLIGHT,ANGLE,NOT DIVIDED,STRAIGHT AND LEVEL,DRY,NO DEFECTS,INJURY AND / OR TOW DUE TO CRASH,"OVER $1,500",UNABLE TO DETERMINE,UNABLE TO DETERMINE,11400,S,WESTERN AVE,2,"REPORTED, NOT EVIDENT",1.0,0.0,0.0,0.0,1.0,1.0,0.0,15,1,9
0c203afd0b68ee3ab9d3607612aa82b181b91e2467605925f50b50f78208cf9be1de7882766e21245cac179b6ae132320b1b4a0807c9a981bd5b2d83fb8e0e2b,2020-06-18 09:50:00,35,NO CONTROLS,NO CONTROLS,CLEAR,DAYLIGHT,REAR END,NOT DIVIDED,STRAIGHT AND LEVEL,DRY,NO DEFECTS,NO INJURY / DRIVE AWAY,"OVER $1,500",FOLLOWING TOO CLOSELY,FOLLOWING TOO CLOSELY,8354,S,PULASKI RD,2,NO INDICATION OF INJURY,0.0,0.0,0.0,0.0,0.0,2.0,0.0,9,5,6
1ddb48a5753ed6bd09b9a699e0e4a0f80878f9a8049cf402665e7bb64e1f7fe83ddeca7c8d6b538af7125ffe2f018791f32819f42871998f7fff81fa86dec5bb,2018-11-13 07:50:00,30,TRAFFIC SIGNAL,FUNCTIONING PROPERLY,CLEAR,DAYLIGHT,REAR END,DIVIDED - W/MEDIAN BARRIER,STRAIGHT AND LEVEL,DRY,NO DEFECTS,NO INJURY / DRIVE AWAY,$500 OR LESS,FOLLOWING TOO CLOSELY,NOT APPLICABLE,5961,N,LINCOLN AVE,2,NO INDICATION OF INJURY,0.0,0.0,0.0,0.0,0.0,2.0,0.0,7,3,11
d29423f16705538919a9f0c2831a94101fa6ee7886a94df52b52eb8833cab1170264eec393d9864bb90d90915bd3c48750ff60aa6c3974ca3b93e08e61b2dd8d,2023-03-22 14:20:00,30,TRAFFIC SIGNAL,FUNCTIONING PROPERLY,CLEAR,DAYLIGHT,SIDESWIPE SAME DIRECTION,FOUR WAY,STRAIGHT AND LEVEL,DRY,NO DEFECTS,NO INJURY / DRIVE AWAY,"OVER $1,500",DRIVING SKILLS/KNOWLEDGE/EXPERIENCE,UNABLE TO DETERMINE,340,W,ONTARIO ST,2,NO INDICATION OF INJURY,0.0,0.0,0.0,0.0,0.0,2.0,0.0,14,4,3
4f77fbefba11292e632ffc3223bfe061ab8e168cb06370d3a738b59cf0231360c87246ce3126ba1745fe8fe86353349ec26ac31f2436c8650db7497ccd2498ff,2019-11-18 21:35:00,30,NO CONTROLS,NO CONTROLS,CLEAR,"DARKNESS, LIGHTED ROAD",PARKED MOTOR VEHICLE,NOT DIVIDED,STRAIGHT AND LEVEL,UNKNOWN,UNKNOWN,NO INJURY / DRIVE AWAY,"OVER $1,500",UNABLE TO DETERMINE,NOT APPLICABLE,99,W,KINZIE ST,2,NO INDICATION OF INJURY,0.0,0.0,0.0,0.0,0.0,1.0,0.0,21,2,11
ad2a42ff452954397d04e7d3b099eb024c9b95c48f258ffb6bed468a8614d2e3a9c6c692cf300306f8c2cf8e05242f21034c588d2b8165acbb7312420c25da47,2018-12-21 08:10:00,30,TRAFFIC SIGNAL,FUNCTIONING PROPERLY,CLOUDY/OVERCAST,DAYLIGHT,PEDESTRIAN,DIVIDED - W/MEDIAN (NOT RAISED),STRAIGHT AND LEVEL,WET,NO DEFECTS,INJURY AND / OR TOW DUE TO CRASH,"OVER $1,500",FAILING TO YIELD RIGHT-OF-WAY,NOT APPLICABLE,5700,S,KEDZIE AVE,2,INCAPACITATING INJURY,1.0,0.0,1.0,0.0,0.0,2.0,0.0,8,6,12
8f69ba82a2e75483eab4ae3bca3fde4bfc7ea47d7a8e3081ce918da2797bddb75c12be07b3bbed98eb0b38216134646653a3e6b491afdaad97345059c2a8b4f7,2018-10-14 03:15:00,30,NO CONTROLS,UNKNOWN,CLEAR,"DARKNESS, LIGHTED ROAD",PARKED MOTOR VEHICLE,NOT DIVIDED,STRAIGHT AND LEVEL,DRY,NO DEFECTS,INJURY AND / OR TOW DUE TO CRASH,"OVER $1,500",DRIVING SKILLS/KNOWLEDGE/EXPERIENCE,NOT APPLICABLE,8359,S,INGLESIDE AVE,3,NO INDICATION OF INJURY,0.0,0.0,0.0,0.0,0.0,1.0,0.0,3,1,10
a103038ca98df96ed9a6666a84d3a22fe189375c31bc3bec7ce9bbceb0593669ab41026b6afbbea20ec2c5aff6aac668574f08aae69515683899bbb552c15d86,2019-08-06 12:00:00,30,UNKNOWN,UNKNOWN,CLEAR,DAYLIGHT,REAR END,CENTER TURN LANE,STRAIGHT AND LEVEL,UNKNOWN,UNKNOWN,NO INJURY / DRIVE AWAY,"$501 - $1,500",FOLLOWING TOO CLOSELY,NOT APPLICABLE,2400,N,DAMEN AVE,2,NO INDICATION OF INJURY,0.0,0.0,0.0,0.0,0.0,2.0,0.0,12,3,8
10e55dcf4e22b9909e65427ed14f7d68c3151cc9c2ff4cdcaabc02fdb379cd90f4f4b0ba91d719a84bc42d871b3a87588bb989493476854d630d825ec91d4a8e,2017-11-04 12:50:00,15,NO CONTROLS,NO CONTROLS,RAIN,DAYLIGHT,REAR END,NOT DIVIDED,STRAIGHT AND LEVEL,WET,UNKNOWN,NO INJURY / DRIVE AWAY,"$501 - $1,500",WEATHER,IMPROPER BACKING,3847,W,CERMAK RD,2,NO INDICATION OF INJURY,0.0,0.0,0.0,0.0,0.0,2.0,0.0,12,7,11
61fa175219663f6d6609d33530ea08a970eb7380330d585a2094189fe336c9dd4b6ec53942ca4b214e5ad12c293876cb88cd14ab5dce0afe8f5e8a44e73b1289,2019-07-03 08:15:00,30,UNKNOWN,UNKNOWN,UNKNOWN,DAYLIGHT,PARKED MOTOR VEHICLE,UNKNOWN,STRAIGHT AND LEVEL,DRY,NO DEFECTS,NO INJURY / DRIVE AWAY,"OVER $1,500",UNABLE TO DETERMINE,UNABLE TO DETERMINE,2626,N,LAKEVIEW AVE,2,NO INDICATION OF INJURY,0.0,0.0,0.0,0.0,0.0,1.0,0.0,8,4,7
3ec4c0ed750ade04f4832640fb33048e8acc1f8c61728f1e35f3a307f2cea14ddcc6575e3b360d7db4683a62dab2c0bf30c3139c8b4df090cc6a09fa189b55b7,2024-04-09 18:48:00,30,NO CONTROLS,NO CONTROLS,CLEAR,DAYLIGHT,SIDESWIPE SAME DIRECTION,NOT DIVIDED,STRAIGHT AND LEVEL,UNKNOWN,UNKNOWN,NO INJURY / DRIVE AWAY,"OVER $1,500",IMPROPER OVERTAKING/PASSING,IMPROPER OVERTAKING/PASSING,6403,N,BELL AVE,2,NO INDICATION OF INJURY,0.0,0.0,0.0,0.0,0.0,2.0,0.0,18,3,4
fc7ad3b2e5c29acd5270f7957aa9feb7b2cc1a8e13bf35569b1319639dc46998f12ff14d340320359b35935a9a55fbc2179d6e27d61a6f9733fca525d6597e77,2023-05-18 13:15:00,30,TRAFFIC SIGNAL,FUNCTIONING PROPERLY,CLEAR,DAYLIGHT,REAR END,NOT DIVIDED,STRAIGHT AND LEVEL,DRY,NO DEFECTS,INJURY AND / OR TOW DUE TO CRASH,"OVER $1,500",RELATED TO BUS STOP,NOT APPLICABLE,1546,W,PRATT BLVD,2,NO INDICATION OF INJURY,0.0,0.0,0.0,0.0,0.0,5.0,0.0,13,5,5
489c90a5da507be7c80ba865271271408f81bd343d9bd8e6a09f570c5ed71e6ccd4fe03a2ea8f16e34fff0e04f06ff1f1603a7918236c77c3afb6d0b37641017,2021-07-27 23:30:00,30,TRAFFIC SIGNAL,FUNCTIONING PROPERLY,CLEAR,"DARKNESS, LIGHTED ROAD",ANGLE,NOT DIVIDED,STRAIGHT AND LEVEL,DRY,UNKNOWN,NO INJURY / DRIVE AWAY,$500 OR LESS,FAILING TO YIELD RIGHT-OF-WAY,FAILING TO YIELD RIGHT-OF-WAY,625,N,WABASH AVE,2,NO INDICATION OF INJURY,0.0,0.0,0.0,0.0,0.0,2.0,0.0,23,3,7
48ba89f8e8b0ae2e257e52c4026b9ea26b37d4b2caa1cc947a7c39dacfea79ae64b287399d6e603fabacd1ec1790eeb0680481ba3c35795054ae33c294e8169c,2017-06-12 18:00:00,5,NO CONTROLS,NO CONTROLS,CLEAR,DAYLIGHT,PARKED MOTOR VEHICLE,PARKING LOT,STRAIGHT AND LEVEL,DRY,NO DEFECTS,NO INJURY / DRIVE AWAY,"OVER $1,500",NOT APPLICABLE,NOT APPLICABLE,6809,W,BELMONT AVE,2,NO INDICATION OF INJURY,0.0,0.0,0.0,0.0,0.0,1.0,0.0,18,2,6