CRASH_RECORD_ID,CRASH_DATE,POSTED_SPEED_LIMIT,TRAFFIC_CONTROL_DEVICE,DEVICE_CONDITION,WEATHER_CONDITION,LIGHTING_CONDITION,FIRST_CRASH_TYPE,TRAFFICWAY_TYPE,ALIGNMENT,ROADWAY_SURFACE_COND,ROAD_DEFECT,CRASH_TYPE,DAMAGE,PRIM_CONTRIBUTORY_CAUSE,SEC_CONTRIBUTORY_CAUSE,STREET_NO,STREET_DIRECTION,STREET_NAME,NUM_UNITS,MOST_SEVERE_INJURY,INJURIES_TOTAL,INJURIES_FATAL,INJURIES_INCAPACITATING,INJURIES_NON_INCAPACITATING,INJURIES_REPORTED_NOT_EVIDENT,INJURIES_NO_INDICATION,INJURIES_UNKNOWN,CRASH_HOUR,CRASH_DAY_OF_WEEK,CRASH_MONTH
9b39116508f0931089166359c584133d83634e8a8a8e61c087247e7afbba6df3902a0ac19eef77a6082327f602f7ab55755cbd7cb8cd0c632353ddef621cb1f2,2022-04-21 00:45:00,30,TRAFFIC SIGNAL,FUNCTIONING PROPERLY,RAIN,"DARKNESS, LIGHTED ROAD",ANGLE,FOUR WAY,STRAIGHT AND LEVEL,WET,NO DEFECTS,INJURY AND / OR TOW DUE TO CRASH,"OVER $1,500",UNABLE TO DETERMINE,UNABLE TO DETERMINE,1000,N,LARAMIE AVE,2,NONINCAPACITATING INJURY,2.0,0.0,0.0,1.0,1.0,0.0,0.0,0,5,4
8abb2405883d436c50f97f59ca7ed57938bff907d46abe34369da6bbecc44f8ede277037e1a5689f02f59a91630a6633841553d99abb65d05742cd0a05a757f7,2017-10-28 01:04:00,30,NO CONTROLS,NO CONTROLS,RAIN,"DARKNESS, LIGHTED ROAD",FIXED OBJECT,CENTER TURN LANE,STRAIGHT AND LEVEL,WET,NO DEFECTS,INJURY AND / OR TOW DUE TO CRASH,"OVER $1,500",WEATHER,WEATHER,3704,W,MARQUETTE RD,2,NO INDICATION OF INJURY,0.0,0.0,0.0,0.0,0.0,2.0,0.0,1,7,10
68f1ee4f6eee23920a5f4885258d04c9ab672fb5f7d9d8dbeac67586aa9f4d328e9dcab49d1c9c88e9044fb5945f60e65fd80c16a5eb33f82b2a5b4350dfeb62,2018-12-21 17:25:00,30,TRAFFIC SIGNAL,FUNCTIONING PROPERLY,CLEAR,"DARKNESS, LIGHTED ROAD",TURNING,DIVIDED - W/MEDIAN (NOT RAISED),STRAIGHT AND LEVEL,DRY,NO DEFECTS,NO INJURY / DRIVE AWAY,"OVER $1,500",UNABLE TO DETERMINE,NOT APPLICABLE,5502,W,DEVON AVE,2,NO INDICATION OF INJURY,0.0,0.0,0.0,0.0,0.0,3.0,0.0,17,6,12
bd6803617ed5811ffb80b78cb32a9a8a298989668ce4a9bd2d732edb8adcce3feaf4173e80403b005982e1b337025c5b1b958951162d9e6eb7b5843bd953a2ea,2022-11-01 12:30:00,30,NO CONTROLS,NO CONTROLS,CLEAR,DAYLIGHT,SIDESWIPE SAME DIRECTION,DIVIDED - W/MEDIAN (NOT RAISED),STRAIGHT AND LEVEL,DRY,NO DEFECTS,NO INJURY / DRIVE AWAY,"OVER $1,500",UNABLE TO DETERMINE,UNABLE TO DETERMINE,3800,N,ASHLAND AVE,2,NO INDICATION OF INJURY,0.0,0.0,0.0,0.0,0.0,2.0,0.0,12,3,11
dd6cf73c890d04deea5fd5bcf600d2a4ddfa8ac9c2695e319e6c8c7256b241f9949520cd750e03535e8c289c8d87d681bab01227fff5857c8e3731c1d0298f1f,2022-04-29 11:15:00,25,NO CONTROLS,NO CONTROLS,CLEAR,DAYLIGHT,SIDESWIPE SAME DIRECTION,NOT DIVIDED,STRAIGHT AND LEVEL,DRY,NO DEFECTS,INJURY AND / OR TOW DUE TO CRASH,"OVER $1,500",IMPROPER OVERTAKING/PASSING,UNABLE TO DETERMINE,1217,W,WILSON AVE,2,NONINCAPACITATING INJURY,1.0,0.0,0.0,1.0,0.0,2.0,0.0,11,6,4
9f3f13a85311220bf2a770615b5e59e1d16b7def15159c63d7dea3428d28c6dabab680ba502bf5ad8eb3e7ee758307502cb0fac9ccc1b513e42f5437b9c8c775,2017-02-17 01:10:00,30,STOP SIGN/FLASHER,FUNCTIONING PROPERLY,CLEAR,"DARKNESS, LIGHTED ROAD",PARKED MOTOR VEHICLE,ONE-WAY,STRAIGHT AND LEVEL,DRY,UNKNOWN,NO INJURY / DRIVE AWAY,"OVER $1,500",UNABLE TO DETERMINE,NOT APPLICABLE,7207,S,EXCHANGE AVE,2,NO INDICATION OF INJURY,0.0,0.0,0.0,0.0,0.0,1.0,0.0,1,6,2
06b79920559f58834fc34175977f0e6b16a34fd531e062b7bec575920a44531db89255f37361aeab2a8a5de8bebb6940759eac158242d9364f868038ac0daadd,2021-07-31 18:00:00,30,TRAFFIC SIGNAL,FUNCTIONING PROPERLY,CLEAR,DAYLIGHT,REAR END,ONE-WAY,STRAIGHT AND LEVEL,DRY,UNKNOWN,NO INJURY / DRIVE AWAY,"OVER $1,500",UNABLE TO DETERMINE,NOT APPLICABLE,100,W,ONTARIO ST,2,NO INDICATION OF INJURY,0.0,0.0,0.0,0.0,0.0,3.0,0.0,18,7,7
360521b6ca974d6a280de955c551201f422c53ae76a42a031db08ebacff4f117317e6479f2c0bfe4066cc1f7d273724256f7694489933b4ca309d6e1bf306d68,2020-01-14 21:36:00,30,TRAFFIC SIGNAL,FUNCTIONING PROPERLY,CLEAR,"DARKNESS, LIGHTED ROAD",ANGLE,DIVIDED - W/MEDIAN (NOT RAISED),STRAIGHT AND LEVEL,DRY,NO DEFECTS,INJURY AND / OR TOW DUE TO CRASH,"OVER $1,500",DISREGARDING TRAFFIC SIGNALS,FAILING TO REDUCE SPEED TO AVOID CRASH,3000,W,WARREN BLVD,2,"REPORTED, NOT EVIDENT",3.0,0.0,0.0,0.0,3.0,0.0,0.0,21,3,1
de443cd99ca48f8addd2399a572bbdf587e90cdbdd93d06e8a0685de4b525ed5ab00debbac6c3c4e4ca17ae4431d252380154da913f1e0b1ae03f3570848d64b,2021-05-24 16:09:00,30,NO CONTROLS,NO CONTROLS,CLEAR,DAYLIGHT,ANGLE,NOT DIVIDED,STRAIGHT AND LEVEL,DRY,NO DEFECTS,NO INJURY / DRIVE AWAY,"OVER $1,500",FAILING TO YIELD RIGHT-OF-WAY,UNABLE TO DETERMINE,5210,N,PULASKI RD,2,NO INDICATION OF INJURY,0.0,0.0,0.0,0.0,0.0,2.0,0.0,16,2,5
5b41a9bf25d20ff141040a6186f7dcaf2b4ea4d2984e8031f3287bd2146abbd5d9bd9ea634ff7a50819f17df48a23d8554623a791ffbae7a0cf596562e4ec849,2021-06-17 14:35:00,30,STOP SIGN/FLASHER,FUNCTIONING PROPERLY,CLEAR,DAYLIGHT,REAR END,NOT DIVIDED,STRAIGHT AND LEVEL,DRY,"RUT, HOLES",NO INJURY / DRIVE AWAY,"OVER $1,500",UNABLE TO DETERMINE,UNABLE TO DETERMINE,9702,S,PROSPECT AVE,2,NO INDICATION OF INJURY,0.0,0.0,0.0,0.0,0.0,2.0,0.0,14,5,6
e0ac656c0c1c47d800d55a73cceacdcc4aa72890c2e6f3070be61bcc509d9d8cc23c9282cc16fc27385cea30e9fb507285814e1c22bc8e82ecb9b9fe6b64df33,2018-06-13 11:00:00,30,NO CONTROLS,NO CONTROLS,CLEAR,DAYLIGHT,PARKED MOTOR VEHICLE,NOT DIVIDED,STRAIGHT AND LEVEL,DRY,NO DEFECTS,NO INJURY / DRIVE AWAY,"$501 - $1,500",UNABLE TO DETERMINE,UNABLE TO DETERMINE,2940,N,KOSTNER AVE,2,NO INDICATION OF INJURY,0.0,0.0,0.0,0.0,0.0,1.0,0.0,11,4,6
e95ffcfc2b8ab77f5ee6dbebfb2bcba9a47da6b5676f1f5d56b3bcfea66c27e0f372e55d08a7d69144931176077627fb5009df9b1eaef8387b659803d94cfb42,2021-06-13 16:00:00,30,TRAFFIC SIGNAL,FUNCTIONING PROPERLY,CLEAR,DAYLIGHT,TURNING,DIVIDED - W/MEDIAN (NOT RAISED),STRAIGHT AND LEVEL,DRY,NO DEFECTS,NO INJURY / DRIVE AWAY,"OVER $1,500",FOLLOWING TOO CLOSELY,NOT APPLICABLE,29,W,87TH ST,2,NO INDICATION OF INJURY,0.0,0.0,0.0,0.0,0.0,2.0,0.0,16,1,6
ac1539fb7501f6d256b243d75596d8d349e07637c630dac5121ffb7d454295d2849de3054814ff7005d6ff52ac8482aae58e596ff41fa7d7daf1b7f2bb417270,2021-11-24 07:15:00,20,NO CONTROLS,NO CONTROLS,CLEAR,DAYLIGHT,PARKED MOTOR VEHICLE,NOT DIVIDED,STRAIGHT AND LEVEL,DRY,UNKNOWN,INJURY AND / OR TOW DUE TO CRASH,"OVER $1,500",UNABLE TO DETERMINE,UNABLE TO DETERMINE,1334,W,98TH ST,2,NO INDICATION OF INJURY,0.0,0.0,0.0,0.0,0.0,1.0,0.0,7,4,11
c8ab4ce8fbc3c30aa81c4cc6b148883eeacbfa7e54f926cd7d637814608b69f7415450a69512c4af7ec1314a91f8c6d9e7cddd1205555615f029fcc150d4451d,2017-11-25 21:30:00,55,TRAFFIC SIGNAL,FUNCTIONING PROPERLY,CLEAR,"DARKNESS, LIGHTED ROAD",REAR END,ONE-WAY,STRAIGHT AND LEVEL,DRY,UNKNOWN,NO INJURY / DRIVE AWAY,$500 OR LESS,FOLLOWING TOO CLOSELY,NOT APPLICABLE,800,N,LAKE SHORE DR NB,2,NO INDICATION OF INJURY,0.0,0.0,0.0,0.0,0.0,3.0,0.0,21,7,11
feb2c80121351ee6fe63b9ebe7918a18eb1e294b6c1e6c1bd526279134c992d121892bbb8b8cb5e5f36461168568259696a964da9db8d937430b966b5ba68bb9,2017-12-09 13:50:00,30,NO CONTROLS,NO CONTROLS,CLOUDY/OVERCAST,DAYLIGHT,REAR END,NOT DIVIDED,STRAIGHT AND LEVEL,DRY,NO DEFECTS,NO INJURY / DRIVE AWAY,"OVER $1,500",FOLLOWING TOO CLOSELY,NOT APPLICABLE,6600,S,WESTERN AVE,2,NO INDICATION OF INJURY,0.0,0.0,0.0,0.0,0.0,2.0,0.0,13,7,12
9ed7fde72426ef8be55ce7a93aa36a09467ef7376d20598fd885be79be93234da4e65be81340bfabfb235a61c122b811504db0ae106ed1737058278c6cbfba9b,2023-11-20 10:30:00,15,NO CONTROLS,NO CONTROLS,CLOUDY/OVERCAST,DAYLIGHT,PARKED MOTOR VEHICLE,NOT DIVIDED,STRAIGHT AND LEVEL,DRY,NO DEFECTS,NO INJURY / DRIVE AWAY,"OVER $1,500",IMPROPER LANE USAGE,UNABLE TO DETERMINE,10000,W,BALMORAL AVE,2,NO INDICATION OF INJURY,0.0,0.0,0.0,0.0,0.0,1.0,0.0,10,2,11
d8424960da2e6c062b57c1909cf8bf5c22de25c460714c179f7b8d21f0a60d756e93751afc83eef02267747a52efdc9779de55133de58f66ebe44cef3ffee26a,2017-08-03 18:00:00,10,NO CONTROLS,NO CONTROLS,CLEAR,"DARKNESS, LIGHTED ROAD",PARKED MOTOR VEHICLE,PARKING LOT,STRAIGHT AND LEVEL,DRY,NO DEFECTS,NO INJURY / DRIVE AWAY,"OVER $1,500",UNABLE TO DETERMINE,UNABLE TO DETERMINE,644,S,LA SALLE ST,2,NO INDICATION OF INJURY,0.0,0.0,0.0,0.0,0.0,1.0,0.0,18,5,8
7e1a83788df28478868f45fe692ffaae989ab78603d6b5ad29e1ce36bffb73657139c9a3a7e15b7c5efd8a50a802f42f9e21b60c7067d2eb9c6ffe60fc07d3a7,2020-07-03 19:00:00,30,NO CONTROLS,NO CONTROLS,CLEAR,DAWN,SIDESWIPE SAME DIRECTION,NOT DIVIDED,STRAIGHT AND LEVEL,DRY,UNKNOWN,NO INJURY / DRIVE AWAY,"OVER $1,500",UNABLE TO DETERMINE,NOT APPLICABLE,3664,W,31ST ST,2,NO INDICATION OF INJURY,0.0,0.0,0.0,0.0,0.0,2.0,0.0,19,6,7
1983d84d6510af147f394f64e061195a7e4124e034cca1daab30af93b25413cc3a3dcf48d35858e5cf88e5db9316c6b75f90e61920af530093074b69b32cd090,2018-01-19 06:07:00,35,TRAFFIC SIGNAL,FUNCTIONING PROPERLY,CLEAR,DAWN,ANGLE,DIVIDED - W/MEDIAN BARRIER,STRAIGHT AND LEVEL,DRY,NO DEFECTS,INJURY AND / OR TOW DUE TO CRASH,"OVER $1,500",DISREGARDING TRAFFIC SIGNALS,NOT APPLICABLE,100,E,ONTARIO ST,2,NONINCAPACITATING INJURY,2.0,0.0,0.0,2.0,0.0,1.0,0.0,6,6,1
8cb734908d1f31114c82b0ae2b9744dfda877d81481ed3cf36a046c239ff30c3553853cdbf8e98fa3c0b7b367c6c9da815db84aaa27add6256a24fefb3799b2a,2021-04-19 12:30:00,30,TRAFFIC SIGNAL,FUNCTIONING PROPERLY,RAIN,DAYLIGHT,REAR END,NOT DIVIDED,STRAIGHT AND LEVEL,WET,NO DEFECTS,NO INJURY / DRIVE AWAY,"$501 - $1,500",UNABLE TO DETERMINE,WEATHER,1600,W,95TH ST,3,NO INDICATION OF INJURY,0.0,0.0,0.0,0.0,0.0,3.0,0.0,12,2,4
5296bdbeb0908dd33781d757cabc48a3d2f965c90e62420c21fec5715973a67aa4898501066efeabcd483bc41fa7ca9e5777ebce6815b9263b4c11a3474d235e,2017-10-30 11:40:00,30,STOP SIGN/FLASHER,FUNCTIONING IMPROPERLY,CLEAR,DAYLIGHT,ANGLE,NOT DIVIDED,STRAIGHT AND LEVEL,DRY,SHOULDER DEFECT,NO INJURY / DRIVE AWAY,"$501 - $1,500",DISREGARDING STOP SIGN,FAILING TO YIELD RIGHT-OF-WAY,3329,N,LARAMIE AVE,2,NO INDICATION OF INJURY,0.0,0.0,0.0,0.0,0.0,2.0,0.0,11,2,10
1605f51db8499b9f6bb643e9ec4af32df8dcd308653a70e1cd53fef6a95923ce7f7839ef8b23868c8d92c436cf4c27817882c44240a6a04d3e12b739e14324c5,2021-08-07 16:30:00,30,TRAFFIC SIGNAL,FUNCTIONING PROPERLY,CLEAR,DAYLIGHT,REAR END,NOT DIVIDED,STRAIGHT AND LEVEL,DRY,NO DEFECTS,NO INJURY / DRIVE AWAY,"OVER $1,500",UNABLE TO DETERMINE,NOT APPLICABLE,2401,N,KEDZIE BLVD,2,NO INDICATION OF INJURY,0.0,0.0,0.0,0.0,0.0,2.0,0.0,16,7,8
75baf9986c91f6e6c29c4f7c5dd7e130dbafa8b90c07c5be2029075e012b858474250c517b90921e8d8104cf8449be39a8e15895d5fdb7f4b8ae941a5205ea9c,2023-07-25 13:58:00,30,TRAFFIC SIGNAL,FUNCTIONING PROPERLY,CLEAR,DAYLIGHT,TURNING,DIVIDED - W/MEDIAN (NOT RAISED),STRAIGHT AND LEVEL,DRY,NO DEFECTS,NO INJURY / DRIVE AWAY,"OVER $1,500",UNABLE TO DETERMINE,UNABLE TO DETERMINE,300,W,59TH ST,2,NO INDICATION OF INJURY,0.0,0.0,0.0,0.0,0.0,2.0,0.0,13,3,7
c1d53c25ab5421d561dc1cf394d446e2663ee0739567b6ddda0ca41019d8a4d889e1db21202552f6b8961f7cf62bc383e920fa8c21e4e45d5d2f7ffda7d1b966,2022-05-16 15:45:00,25,NO CONTROLS,NO CONTROLS,CLEAR,DAYLIGHT,PARKED MOTOR VEHICLE,ONE-WAY,STRAIGHT AND LEVEL,UNKNOWN,UNKNOWN,NO INJURY / DRIVE AWAY,"OVER $1,500",UNABLE TO DETERMINE,UNABLE TO DETERMINE,7301,S,WABASH AVE,2,NO INDICATION OF INJURY,0.0,0.0,0.0,0.0,0.0,1.0,0.0,15,2,5
8af455fdd430e6e00e7e8d44d7504299afa77c6aba28be151337fe473be429efc0dcf2385eb8772d991a31806356a5835de3336d2774fb41a9aa6c32ae1dd78f,2021-03-22 21:15:00,30,STOP SIGN/FLASHER,NO CONTROLS,CLEAR,"DARKNESS, LIGHTED ROAD",PARKED MOTOR VEHICLE,ONE-WAY,STRAIGHT AND LEVEL,DRY,NO DEFECTS,NO INJURY / DRIVE AWAY,"$501 - $1,500",UNABLE TO DETERMINE,UNABLE TO DETERMINE,3951,W,AINSLIE ST,2,NO INDICATION OF INJURY,0.0,0.0,0.0,0.0,0.0,1.0,0.0,21,2,3
05b5d5c8624694eefa7e2b324baa48f828a59e3d1c5bf5ae18c78a68541b5122fdfc13e5b5e40921c1c1b29753415a98d48b88dcafcdd84977fd73d2b7a7cbde,2022-12-08 10:00:00,30,NO CONTROLS,NO CONTROLS,CLOUDY/OVERCAST,DAYLIGHT,PARKED MOTOR VEHICLE,ONE-WAY,STRAIGHT AND LEVEL,DRY,NO DEFECTS,INJURY AND / OR TOW DUE TO CRASH,"OVER $1,500",UNABLE TO DETERMINE,NOT APPLICABLE,4507,S,LARAMIE AVE,2,NO INDICATION OF INJURY,0.0,0.0,0.0,0.0,0.0,1.0,0.0,10,5,12
1c0b39dc4daaf8fd5c6677467350f231f0da850ecadacc053b839c1ba7e36b4ca327af859a3b49ff9d0f706ec705f94259d0990029434e33c95a6e3b4d38bc71,2023-02-16 18:15:00,30,NO CONTROLS,NO CONTROLS,SNOW,"DARKNESS, LIGHTED ROAD",REAR TO FRONT,NOT DIVIDED,STRAIGHT AND LEVEL,SNOW OR SLUSH,NO DEFECTS,NO INJURY / DRIVE AWAY,"$501 - $1,500",WEATHER,NOT APPLICABLE,155,N,WOLCOTT AVE,2,NO INDICATION OF INJURY,0.0,0.0,0.0,0.0,0.0,2.0,0.0,18,5,2
b50f24a1feef34d1ea30631ee48a88577638c74783854bd068bb8ea08b18b2679a893639d59e1d9598d8f00d3c6d2b3bf57d88c5c953177b896b833a9bdb6521,2018-12-21 21:50:00,30,TRAFFIC SIGNAL,FUNCTIONING PROPERLY,CLEAR,"DARKNESS, LIGHTED ROAD",REAR END,ONE-WAY,STRAIGHT AND LEVEL,DRY,NO DEFECTS,NO INJURY / DRIVE AWAY,$500 OR LESS,IMPROPER BACKING,IMPROPER BACKING,25,E,OHIO ST,2,NO INDICATION OF INJURY,0.0,0.0,0.0,0.0,0.0,2.0,0.0,21,6,12
3dc143b2a6bf0b77a463af5cd477ecc14f1a8fe85554d4912d5d5383a76dd38b01ce7b9b1f0ef53a0085b2b9d21686a9389ccf6b17366f764057160b753077c2,2018-06-06 12:15:00,30,STOP SIGN/FLASHER,FUNCTIONING PROPERLY,CLEAR,DAYLIGHT,SIDESWIPE SAME DIRECTION,NOT DIVIDED,STRAIGHT AND LEVEL,DRY,NO DEFECTS,NO INJURY / DRIVE AWAY,$500 OR LESS,IMPROPER OVERTAKING/PASSING,NOT APPLICABLE,2701,W,59TH ST,2,NO INDICATION OF INJURY,0.0,0.0,0.0,0.0,0.0,2.0,0.0,12,4,6
2a80a54b6585ac1fecf3ae27e269cfba046d0823ee6fab354cc16557ad45f7d955769db11467db7a33b0d29c1afc5db466d3488c055b1a12ffadc27449daf6af,2017-08-31 05:45:00,25,NO CONTROLS,NO CONTROLS,UNKNOWN,UNKNOWN,PARKED MOTOR VEHICLE,NOT DIVIDED,STRAIGHT AND LEVEL,UNKNOWN,UNKNOWN,NO INJURY / DRIVE AWAY,"OVER $1,500",UNABLE TO DETERMINE,NOT APPLICABLE,7236,S,COLES AVE,2,NO INDICATION OF INJURY,0.0,0.0,0.0,0.0,0.0,1.0,0.0,5,5,8
9818671c003376fcf26b38ce22c10ad694d36896b5c08611bab45ecb179cf590360f4b6b3dd600d2b7673a6c9e0514b66eb1d276134773f4905aa5985cef0cc3,2024-02-03 18:29:00,30,NO CONTROLS,NO CONTROLS,CLEAR,"DARKNESS, LIGHTED ROAD",ANGLE,NOT DIVIDED,STRAIGHT AND LEVEL,DRY,NO DEFECTS,NO INJURY / DRIVE AWAY,"OVER $1,500",FAILING TO YIELD RIGHT-OF-WAY,DRIVING SKILLS/KNOWLEDGE/EXPERIENCE,3701,W,ADDISON ST,2,NO INDICATION OF INJURY,0.0,0.0,0.0,0.0,0.0,5.0,0.0,18,7,2
d79ba78dd6d903a84ef396f8170bab6255d6001d12cef90a7fdd9386498869121eb0b8299627b09c9b91db077173d18dfdaaa490fb7fe7eb239c999135873331,2021-11-06 15:30:00,35,TRAFFIC SIGNAL,FUNCTIONING PROPERLY,CLEAR,DAYLIGHT,SIDESWIPE SAME DIRECTION,ONE-WAY,STRAIGHT AND LEVEL,DRY,NO DEFECTS,NO INJURY / DRIVE AWAY,"$501 - $1,500",IMPROPER OVERTAKING/PASSING,UNABLE TO DETERMINE,8723,S,STATE ST,2,NO INDICATION OF INJURY,0.0,0.0,0.0,0.0,0.0,2.0,0.0,15,7,11
4b1d18bb2df1efcf1d6f9cd27af094bd1fd5d055e66f3fb368d5566444b26e586b29ef84c6665b216fe95b9aa12f4ecfd890f7b00466bbe0867b9747a1f2b42b,2019-08-26 12:28:00,30,TRAFFIC SIGNAL,FUNCTIONING PROPERLY,RAIN,DAYLIGHT,ANGLE,DIVIDED - W/MEDIAN BARRIER,STRAIGHT AND LEVEL,WET,NO DEFECTS,INJURY AND / OR TOW DUE TO CRASH,"OVER $1,500",DISREGARDING TRAFFIC SIGNALS,DRIVING SKILLS/KNOWLEDGE/EXPERIENCE,342,N,COLUMBUS DR,3,NO INDICATION OF INJURY,0.0,0.0,0.0,0.0,0.0,3.0,0.0,12,2,8
3ac1e50256c4f22c63ebed4c5c39a64ccd6f51e8b09da71cb7fbbdc934e736003b8c41350a332dc0f3925ff2b5139c8c36a6fd2167cfe93873e3d01508c3fb71,2017-02-19 22:00:00,30,NO CONTROLS,NO CONTROLS,CLEAR,"DARKNESS, LIGHTED ROAD",PARKED MOTOR VEHICLE,NOT DIVIDED,STRAIGHT AND LEVEL,DRY,NO DEFECTS,NO INJURY / DRIVE AWAY,"OVER $1,500",UNABLE TO DETERMINE,UNABLE TO DETERMINE,5100,S,KEELER AVE,2,NO INDICATION OF INJURY,0.0,0.0,0.0,0.0,0.0,1.0,0.0,22,1,2
87ed4fe9ad2203adea855e054b089bc9ba013cbfb047a2c22e1c9e591bbffa101ab7ba69fba189139da2007fa52ff2be1db54bd1eb6b7d930a58ec3e6e42bc5d,2019-10-20 19:00:00,25,STOP SIGN/FLASHER,OTHER,CLEAR,"DARKNESS, LIGHTED ROAD",OVERTURNED,OTHER,STRAIGHT AND LEVEL,DRY,NO DEFECTS,INJURY AND / OR TOW DUE TO CRASH,$500 OR LESS,UNABLE TO DETERMINE,NOT APPLICABLE,3402,N,OCTAVIA AVE,1,NONINCAPACITATING INJURY,1.0,0.0,0.0,1.0,0.0,0.0,0.0,19,1,10
3489a321a3d6291fe74740d24af3ab39084055f1f8871bfabdc68bdf1bd44493600a1f65a3047fe32afa2bab18e57f250fe5b5ec438437ebe3863383da411e18,2019-11-23 11:50:00,30,TRAFFIC SIGNAL,FUNCTIONING PROPERLY,CLEAR,DAYLIGHT,REAR END,NOT DIVIDED,STRAIGHT AND LEVEL,DRY,NO DEFECTS,NO INJURY / DRIVE AWAY,"OVER $1,500",FOLLOWING TOO CLOSELY,UNABLE TO DETERMINE,3195,N,HARLEM AVE,2,NO INDICATION OF INJURY,0.0,0.0,0.0,0.0,0.0,3.0,0.0,11,7,11
fb65a440e85521d4632df78b83c288c42815ae6369535f4fe8a8c473130545f1251eaf5d5e44fe37abd3c8afeea4978c952804311a6f313170970263238c8789,2021-04-21 09:45:00,30,TRAFFIC SIGNAL,FUNCTIONING PROPERLY,CLEAR,DAYLIGHT,TURNING,FOUR WAY,STRAIGHT AND LEVEL,DRY,NO DEFECTS,INJURY AND / OR TOW DUE TO CRASH,"OVER $1,500",DISREGARDING TRAFFIC SIGNALS,NOT APPLICABLE,2400,W,ADDISON ST,2,NO INDICATION OF INJURY,0.0,0.0,0.0,0.0,0.0,3.0,0.0,9,4,4
e975fc499e2b97452d1405aecff346dc9f4e125116b047e151e9b9bd6a070bb4e8eaf9acffedf6d230c707fbda2bb933f7f2d4423e7ae03bbec150713da6bcf3,2020-10-22 10:30:00,20,NO CONTROLS,NO CONTROLS,CLEAR,DAYLIGHT,PARKED MOTOR VEHICLE,PARKING LOT,STRAIGHT AND LEVEL,DRY,NO DEFECTS,NO INJURY / DRIVE AWAY,$500 OR LESS,UNABLE TO DETERMINE,NOT APPLICABLE,232,W,87TH ST,2,NO INDICATION OF INJURY,0.0,0.0,0.0,0.0,0.0,1.0,0.0,10,5,10
16d6b2c29ec653c16a6aa361c3bde0f8b7e9af478f163bb7f4ae20054904a1475341eb1765d210ddda58bb145ef46fade4aa73bd1ef70a85bd5aa52ae445b5a3,2019-08-22 14:15:00,30,NO CONTROLS,NO CONTROLS,CLEAR,DAYLIGHT,TURNING,DIVIDED - W/MEDIAN (NOT RAISED),STRAIGHT AND LEVEL,DRY,NO DEFECTS,NO INJURY / DRIVE AWAY,"OVER $1,500",FAILING TO YIELD RIGHT-OF-WAY,IMPROPER TURNING/NO SIGNAL,4650,S,WESTERN AVE,2,NO INDICATION OF INJURY,0.0,0.0,0.0,0.0,0.0,6.0,0.0,14,5,8
29feebf8e9625b8c9d326ee32827f8fc18c1c6e58dab431ed9c5f08d06289ddc1214d200d8df6da91e4faaec2acb937a29143d1ac04aebd69975527069f40228,2018-02-02 08:50:00,30,NO CONTROLS,NO CONTROLS,CLEAR,DAYLIGHT,REAR END,NOT DIVIDED,STRAIGHT AND LEVEL,DRY,NO DEFECTS,NO INJURY / DRIVE AWAY,"$501 - $1,500",UNABLE TO DETERMINE,UNABLE TO DETERMINE,3600,W,BERTEAU AVE,2,NO INDICATION OF INJURY,0.0,0.0,0.0,0.0,0.0,2.0,0.0,8,6,2
450d5f01bda2698863b4d30d22f2357631dc172c96207f2bc69efeb02e9cbd393fb56b6505f8d9f4361dff1d5427f3081bc3f0d8d5d4d31e33050d783dfa8005,2017-09-06 08:18:00,30,NO CONTROLS,NO CONTROLS,CLEAR,DAYLIGHT,SIDESWIPE SAME DIRECTION,ONE-WAY,STRAIGHT AND LEVEL,DRY,SHOULDER DEFECT,NO INJURY / DRIVE AWAY,"$501 - $1,500",UNABLE TO DETERMINE,UNABLE TO DETERMINE,4815,S,CORNELL AVE,2,NO INDICATION OF INJURY,0.0,0.0,0.0,0.0,0.0,2.0,0.0,8,4,9
5d06ba186444a9df554305664a1ca52192cad18cbff2a3d5b461972c2a26018daa65f86aa1aae17f514e876189c12afba7b8c832b95d4819872320f58fe7e29e,2022-08-26 16:40:00,25,NO CONTROLS,NO CONTROLS,CLEAR,DAYLIGHT,REAR END,ONE-WAY,STRAIGHT AND LEVEL,DRY,NO DEFECTS,NO INJURY / DRIVE AWAY,"$501 - $1,500",NOT APPLICABLE,NOT APPLICABLE,2830,W,FLOURNOY ST,2,NO INDICATION OF INJURY,0.0,0.0,0.0,0.0,0.0,2.0,0.0,16,6,8
d230b57f0375374600ac14c92ec81787bb9ce9e3e45a4cfec41f6f49634b1ab2b661fe02503b50829cdb7a9c9f80a95efe69fa3b603553d2abc3ecf53490cfd7,2021-06-27 15:33:00,30,TRAFFIC SIGNAL,FUNCTIONING PROPERLY,CLEAR,DAYLIGHT,PARKED MOTOR VEHICLE,NOT DIVIDED,STRAIGHT AND LEVEL,DRY,NO DEFECTS,NO INJURY / DRIVE AWAY,"OVER $1,500",UNABLE TO DETERMINE,UNABLE TO DETERMINE,1600,S,INDIANA AVE,2,NO INDICATION OF INJURY,0.0,0.0,0.0,0.0,0.0,2.0,0.0,15,1,6
ac6d8a1359efe266c40b18d0946da09724e1f44261a4ad0e5f527f80047e7f01e3b8e02dda410356f74ba26a4e69b0abac910ae49c16cde94d1256f4c069c9b9,2021-07-18 11:00:00,20,NO CONTROLS,NO CONTROLS,CLEAR,DAYLIGHT,PARKED MOTOR VEHICLE,ONE-WAY,STRAIGHT AND LEVEL,DRY,NO DEFECTS,NO INJURY / DRIVE AWAY,"$501 - $1,500",UNABLE TO DETERMINE,UNABLE TO DETERMINE,1819,W,HADDON AVE,2,NO INDICATION OF INJURY,0.0,0.0,0.0,0.0,0.0,1.0,0.0,11,1,7