CRASH_RECORD_ID,CRASH_DATE,POSTED_SPEED_LIMIT,TRAFFIC_CONTROL_DEVICE,DEVICE_CONDITION,WEATHER_CONDITION,LIGHTING_CONDITION,FIRST_CRASH_TYPE,TRAFFICWAY_TYPE,ALIGNMENT,ROADWAY_SURFACE_COND,ROAD_DEFECT,CRASH_TYPE,DAMAGE,PRIM_CONTRIBUTORY_CAUSE,SEC_CONTRIBUTORY_CAUSE,STREET_NO,STREET_DIRECTION,STREET_NAME,NUM_UNITS,MOST_SEVERE_INJURY,INJURIES_TOTAL,INJURIES_FATAL,INJURIES_INCAPACITATING,INJURIES_NON_INCAPACITATING,INJURIES_REPORTED_NOT_EVIDENT,INJURIES_NO_INDICATION,INJURIES_UNKNOWN,CRASH_HOUR,CRASH_DAY_OF_WEEK,CRASH_MONTH
d9f1d5566b0182bf0d179db53df57040634dc4d8b7dcffc0f4cec14a81d5a6598e1e4a00562cd6df8157c32307a7ad9770e839051eaf28d17cf00a21b80d0c01,2020-02-24 17:44:00,30,NO CONTROLS,NO CONTROLS,CLEAR,DUSK,SIDESWIPE SAME DIRECTION,ONE-WAY,STRAIGHT AND LEVEL,UNKNOWN,UNKNOWN,NO INJURY / DRIVE AWAY,"$501 - $1,500",IMPROPER OVERTAKING/PASSING,"OPERATING VEHICLE IN ERRATIC, RECKLESS, CARELESS, NEGLIGENT OR AGGRESSIVE MANNER",550,E,49TH ST,2,NO INDICATION OF INJURY,0.0,0.0,0.0,0.0,0.0,3.0,0.0,17,2,2
99a4fb77f8a82f07a89ad5f19daab86e28b5f2998b226d2d889f5cdfcfbe7a7975b8e162718021c0918412345b245441a9cca9a314f889fec423107008cec652,2017-03-31 10:33:00,30,NO CONTROLS,NO CONTROLS,CLOUDY/OVERCAST,DAYLIGHT,PARKED MOTOR VEHICLE,NOT DIVIDED,STRAIGHT AND LEVEL,DRY,NO DEFECTS,INJURY AND / OR TOW DUE TO CRASH,"OVER $1,500",IMPROPER OVERTAKING/PASSING,"OPERATING VEHICLE IN ERRATIC, RECKLESS, CARELESS, NEGLIGENT OR AGGRESSIVE MANNER",805,W,69TH ST,3,NO INDICATION OF INJURY,0.0,0.0,0.0,0.0,0.0,2.0,0.0,10,6,3
6469a684f30999c3fad0c9cf9a597670179c41e3552c76f1b1844e52c2b41ec6058bfabcfaf1119b7568d043e7854d015e032c79ff6e36c287bb3f031fa1feff,2018-06-29 09:30:00,30,TRAFFIC SIGNAL,FUNCTIONING PROPERLY,CLEAR,DAYLIGHT,TURNING,NOT DIVIDED,STRAIGHT AND LEVEL,DRY,NO DEFECTS,NO INJURY / DRIVE AWAY,"$501 - $1,500",IMPROPER TURNING/NO SIGNAL,UNABLE TO DETERMINE,2400,W,PETERSON AVE,2,NO INDICATION OF INJURY,0.0,0.0,0.0,0.0,0.0,2.0,0.0,9,6,6
18f7b71e4109fd2e3f0a97f7afec3df663423c2fe88fe40669903fa9f093928d04c168cd10235bfaaabe4f5b0d78e69c0d33c480146502ef2f1ba72a42258776,2016-08-20 05:00:00,30,TRAFFIC SIGNAL,FUNCTIONING PROPERLY,CLEAR,DAWN,TURNING,NOT DIVIDED,STRAIGHT AND LEVEL,DRY,NO DEFECTS,NO INJURY / DRIVE AWAY,"OVER $1,500",UNABLE TO DETERMINE,NOT APPLICABLE,800,N,LAKE SHORE DR,2,NO INDICATION OF INJURY,0.0,0.0,0.0,0.0,0.0,2.0,0.0,5,7,8
5b27b3286231d70a0688da6d2d70b7d678df852717a096912144d3e51d7593565020b5522114587f292c5ce5f72117fbb4efe79ab797c25347bc7be2bf6826a1,2019-06-07 18:00:00,30,TRAFFIC SIGNAL,FUNCTIONING PROPERLY,CLEAR,DAYLIGHT,TURNING,NOT DIVIDED,STRAIGHT AND LEVEL,DRY,NO DEFECTS,NO INJURY / DRIVE AWAY,"OVER $1,500",UNABLE TO DETERMINE,UNABLE TO DETERMINE,3200,W,ROOSEVELT RD,2,NO INDICATION OF INJURY,0.0,0.0,0.0,0.0,0.0,2.0,0.0,18,6,6
c9110def661edadf979f2f3de460b4173a053b2cb67522d3ca4ce24ba8afd26f47eae4ca4a352b09d31c4fa7468110a2e2961770e60e3e2888a15167ce17e4ad,2017-03-18 07:45:00,30,NO CONTROLS,NO CONTROLS,CLEAR,DAYLIGHT,REAR END,NOT DIVIDED,STRAIGHT AND LEVEL,DRY,NO DEFECTS,NO INJURY / DRIVE AWAY,"$501 - $1,500",UNABLE TO DETERMINE,NOT APPLICABLE,2107,N,PULASKI RD,2,NO INDICATION OF INJURY,0.0,0.0,0.0,0.0,0.0,2.0,0.0,7,7,3
689220f7079dac6d8d6c39f29fc0dd9caff02e2dfbc99aa531dbf9af5f183a3c41b5ce23a207ab200a1aecc8436fa9ada1c96333de5577d11a03c0444fae7663,2021-09-24 15:01:00,35,TRAFFIC SIGNAL,FUNCTIONING PROPERLY,CLEAR,DAYLIGHT,PARKED MOTOR VEHICLE,DIVIDED - W/MEDIAN (NOT RAISED),STRAIGHT AND LEVEL,DRY,NO DEFECTS,NO INJURY / DRIVE AWAY,"OVER $1,500",IMPROPER OVERTAKING/PASSING,NOT APPLICABLE,3130,N,KEDZIE AVE,2,NO INDICATION OF INJURY,0.0,0.0,0.0,0.0,0.0,2.0,0.0,15,6,9
c4594dc9e81e4a425ba7ce63dc404debe315d998f227dbb886fc1a8a8ea73295b375e9c8e7b2b0dcee51150a181aa2f91adbb4dedab8596861526edbab6e2647,2023-09-01 12:39:00,30,TRAFFIC SIGNAL,FUNCTIONING PROPERLY,CLEAR,DAYLIGHT,SIDESWIPE SAME DIRECTION,NOT DIVIDED,STRAIGHT AND LEVEL,DRY,NO DEFECTS,INJURY AND / OR TOW DUE TO CRASH,"OVER $1,500",FAILING TO REDUCE SPEED TO AVOID CRASH,UNABLE TO DETERMINE,7198,N,LEHIGH AVE,2,NO INDICATION OF INJURY,0.0,0.0,0.0,0.0,0.0,3.0,0.0,12,6,9
7bc6ad52845b49649c38432f456ff5d192024d16f72bb56823977d7ba508f94ddefdfaa044e7f04c0eadeb88d2fe05b5029d6d31e34aedf64ca3258ce417c246,2019-09-04 07:32:00,20,TRAFFIC SIGNAL,FUNCTIONING PROPERLY,CLEAR,DAYLIGHT,TURNING,FOUR WAY,STRAIGHT AND LEVEL,DRY,NO DEFECTS,NO INJURY / DRIVE AWAY,"$501 - $1,500",TURNING RIGHT ON RED,NOT APPLICABLE,6358,W,DICKENS AVE,2,NO INDICATION OF INJURY,0.0,0.0,0.0,0.0,0.0,7.0,0.0,7,4,9
5a41f07ae312b524984e76db92a1d339560a44211312498fb7c318b1456096bf622ff229751ad3e2604f788af04f84164fb2bb8e0d019de6f6318ed7072b760f,2017-10-13 07:35:00,0,NO CONTROLS,NO CONTROLS,CLEAR,DAYLIGHT,FIXED OBJECT,ALLEY,STRAIGHT AND LEVEL,DRY,NO DEFECTS,NO INJURY / DRIVE AWAY,$500 OR LESS,UNABLE TO DETERMINE,NOT APPLICABLE,2615,N,AVERS AVE,1,NO INDICATION OF INJURY,0.0,0.0,0.0,0.0,0.0,1.0,0.0,7,6,10
a245b8009132db9ff1fe7ee03b954bf355f87f513c26acb87de40afdcdf1aa64c6b8aa427259207cf805142346a1965b042b8c13d302504b97dddeda3126937d,2018-12-22 13:30:00,30,TRAFFIC SIGNAL,FUNCTIONING PROPERLY,CLEAR,DAYLIGHT,SIDESWIPE SAME DIRECTION,NOT DIVIDED,STRAIGHT AND LEVEL,DRY,NO DEFECTS,NO INJURY / DRIVE AWAY,"OVER $1,500",FAILING TO YIELD RIGHT-OF-WAY,UNABLE TO DETERMINE,4900,S,PULASKI RD,2,NO INDICATION OF INJURY,0.0,0.0,0.0,0.0,0.0,3.0,0.0,13,7,12
3522077251d095b449d15a6c125dd1c11e9f29eb2896808a5950250f086bfe5df8cbe8cc33b637a964991cb4334f0e56085dec406a871c627c37c6d21e58c0c1,2020-01-10 22:45:00,15,STOP SIGN/FLASHER,FUNCTIONING PROPERLY,RAIN,"DARKNESS, LIGHTED ROAD",ANGLE,FOUR WAY,STRAIGHT AND LEVEL,WET,NO DEFECTS,INJURY AND / OR TOW DUE TO CRASH,"OVER $1,500",FAILING TO YIELD RIGHT-OF-WAY,NOT APPLICABLE,10500,S,HOXIE AVE,2,NO INDICATION OF INJURY,0.0,0.0,0.0,0.0,0.0,4.0,0.0,22,6,1
0c7c3bb9c5025cdca74f8c9b2ed1c5b595b261fe65b9721a432e6e28ae725d64f80fa114695536725be0bf5414612b251b5abb1e8c14371cb863644281d86aab,2018-01-03 07:20:00,30,NO CONTROLS,NO CONTROLS,CLEAR,DAYLIGHT,SIDESWIPE SAME DIRECTION,NOT DIVIDED,STRAIGHT AND LEVEL,SNOW OR SLUSH,NO DEFECTS,NO INJURY / DRIVE AWAY,"$501 - $1,500",IMPROPER OVERTAKING/PASSING,NOT APPLICABLE,2535,S,CALIFORNIA AVE,2,NO INDICATION OF INJURY,0.0,0.0,0.0,0.0,0.0,2.0,0.0,7,4,1
aacb3d7d9b09e034a237da2321df5a60e05efe2f9db7c05b8eddb132d5254b12a9b07668ccfef6d4788045401b7f7ba9d2163c0ee0d0931273ccfe5dddc0f88e,2023-10-24 06:30:00,0,NO CONTROLS,NO CONTROLS,CLEAR,DARKNESS,PARKED MOTOR VEHICLE,PARKING LOT,STRAIGHT AND LEVEL,DRY,NO DEFECTS,NO INJURY / DRIVE AWAY,$500 OR LESS,NOT APPLICABLE,NOT APPLICABLE,9235,S,HAMILTON AVE,2,NO INDICATION OF INJURY,0.0,0.0,0.0,0.0,0.0,1.0,0.0,6,3,10
02afa49a0142d11b29cdd20cde2bc71f2167464185cbb5750e62ed449d41fb12e822b274614c7033c70138dfd68103928199982a4f11f2dca1730a6a75268e40,2017-12-16 10:40:00,30,TRAFFIC SIGNAL,FUNCTIONING PROPERLY,CLEAR,DAYLIGHT,REAR END,ONE-WAY,STRAIGHT AND LEVEL,DRY,NO DEFECTS,NO INJURY / DRIVE AWAY,"OVER $1,500",DISTRACTION - FROM INSIDE VEHICLE,NOT APPLICABLE,910,S,CLINTON ST,2,NO INDICATION OF INJURY,0.0,0.0,0.0,0.0,0.0,2.0,0.0,10,7,12
dac83e577021fbd858c7eb33b8b56e46e2954b7317a24777692c21eaf550afef4c76234fe954b5735a70726eb5a2f075f241491f60dea3e2db2b5c8098a630ea,2021-06-30 09:00:00,30,NO CONTROLS,NO CONTROLS,CLEAR,DAYLIGHT,PARKED MOTOR VEHICLE,NOT DIVIDED,STRAIGHT AND LEVEL,DRY,NO DEFECTS,NO INJURY / DRIVE AWAY,"$501 - $1,500",UNABLE TO DETERMINE,NOT APPLICABLE,2321,W,NORTH AVE,2,NO INDICATION OF INJURY,0.0,0.0,0.0,0.0,0.0,1.0,0.0,9,4,6
c1f4db897155c72238a060ed4a67f36879cfabd873cf6d5aea1a1fc883b4f93bf63d58e1d511f95a772a5e30110fd69726bf9b3d9c6d8873ffebd86822cf1e96,2023-03-05 16:00:00,30,NO CONTROLS,NO CONTROLS,CLEAR,DAYLIGHT,TURNING,NOT DIVIDED,STRAIGHT AND LEVEL,DRY,NO DEFECTS,NO INJURY / DRIVE AWAY,"OVER $1,500",IMPROPER BACKING,UNABLE TO DETERMINE,1240,E,47TH ST,2,NO INDICATION OF INJURY,0.0,0.0,0.0,0.0,0.0,2.0,0.0,16,1,3
34cd292c8f35ac649b6f66c589bd14d07dcc95a325254c8cb6ca097873f3035c146e01bf84dfbf84d46a2d8259f37302b440be9582b2a83cc584eae02ca43e19,2023-11-17 08:00:00,30,NO CONTROLS,NO CONTROLS,CLEAR,DAYLIGHT,REAR END,NOT DIVIDED,STRAIGHT AND LEVEL,DRY,NO DEFECTS,NO INJURY / DRIVE AWAY,$500 OR LESS,UNABLE TO DETERMINE,UNABLE TO DETERMINE,812,N,DAMEN AVE,2,NO INDICATION OF INJURY,0.0,0.0,0.0,0.0,0.0,4.0,0.0,8,6,11
9679749a21a3b74999f41c35eac6c86f121c8fd1db0cf8df912c85bd0ba984093ec7ef4f0adef372455a06b7394f43bae0cfa8ab09a8988be4c8fc3ee7257b32,2019-01-17 07:25:00,35,NO CONTROLS,NO CONTROLS,CLEAR,DAYLIGHT,TURNING,NOT DIVIDED,STRAIGHT AND LEVEL,DRY,NO DEFECTS,INJURY AND / OR TOW DUE TO CRASH,"OVER $1,500",UNABLE TO DETERMINE,UNABLE TO DETERMINE,5601,S,PULASKI RD,2,NO INDICATION OF INJURY,0.0,0.0,0.0,0.0,0.0,2.0,0.0,7,5,1
9fbf4a121b6ce0bb3249d2850c09ed6efef4eb59638367903f210979d3d22f90f6aa3f2c96c4b5d69ee27b6b0ab3e33b0bba477c3d7115a1e814a40215246580,2024-04-26 13:02:00,30,TRAFFIC SIGNAL,FUNCTIONING PROPERLY,RAIN,DAYLIGHT,REAR TO FRONT,NOT DIVIDED,STRAIGHT AND LEVEL,WET,UNKNOWN,NO INJURY / DRIVE AWAY,$500 OR LESS,UNABLE TO DETERMINE,UNABLE TO DETERMINE,1199,S,CLINTON ST,2,NO INDICATION OF INJURY,0.0,0.0,0.0,0.0,0.0,2.0,0.0,13,6,4
f9d4299169010c45e6ef7c7b4170a5b8bdaf5783ad7cf9ee6084eb3f51bdaa089e3a303a24feb027e7bb2886e12e2d5a7ddb95aa130bdce2e7dc6d322615c51a,2022-04-16 09:30:00,25,STOP SIGN/FLASHER,FUNCTIONING PROPERLY,CLEAR,DAYLIGHT,TURNING,NOT DIVIDED,CURVE ON GRADE,DRY,NO DEFECTS,NO INJURY / DRIVE AWAY,"OVER $1,500",FAILING TO YIELD RIGHT-OF-WAY,NOT APPLICABLE,7210,N,ROGERS AVE,2,NO INDICATION OF INJURY,0.0,0.0,0.0,0.0,0.0,2.0,0.0,9,7,4
1d2543777cb2a7565ef3cc053ff5b0edda6b693648948f7f04302cd307f4fc1b3ab5c3d2152ae74607e8f4bb57fe95d999ffd45fa14486efaeb05d50f0e862e0,2021-11-18 04:30:00,35,NO CONTROLS,NO CONTROLS,CLEAR,"DARKNESS, LIGHTED ROAD",ANIMAL,DIVIDED - W/MEDIAN BARRIER,STRAIGHT AND LEVEL,DRY,NO DEFECTS,INJURY AND / OR TOW DUE TO CRASH,"OVER $1,500",ANIMAL,ANIMAL,8836,S,LAKE SHORE DR,1,NO INDICATION OF INJURY,0.0,0.0,0.0,0.0,0.0,1.0,0.0,4,5,11
9a90d9c485cb0086adc37c1ab63a489401f6e3e322b3955feef7fb60f3fbcd4b3f4f719f5dd63ca398e70249d80ad64ec9f3462d8e305b4b6cab9dbb2f420542,2017-02-27 18:54:00,35,TRAFFIC SIGNAL,FUNCTIONING PROPERLY,CLEAR,"DARKNESS, LIGHTED ROAD",REAR END,DIVIDED - W/MEDIAN (NOT RAISED),STRAIGHT AND LEVEL,DRY,NO DEFECTS,INJURY AND / OR TOW DUE TO CRASH,"OVER $1,500",FOLLOWING TOO CLOSELY,NOT APPLICABLE,4700,S,CICERO AVE,2,"REPORTED, NOT EVIDENT",3.0,0.0,0.0,0.0,3.0,0.0,0.0,18,2,2
d7d8729851415aa7049b3280e86adba388bc983b7c114528f4e07d9090cd2740e1fe22644e388aca20605f00ca2115961123281cc67ae290e7d4d981e5a9b128,2021-07-04 10:00:00,20,NO CONTROLS,NO CONTROLS,CLEAR,DAYLIGHT,ANGLE,DIVIDED - W/MEDIAN (NOT RAISED),STRAIGHT AND LEVEL,DRY,NO DEFECTS,NO INJURY / DRIVE AWAY,"$501 - $1,500",FAILING TO YIELD RIGHT-OF-WAY,NOT APPLICABLE,6911,W,GRAND AVE,2,NO INDICATION OF INJURY,0.0,0.0,0.0,0.0,0.0,2.0,0.0,10,1,7
02554f0f0657b161210d8b4b04f64cf39edf2e4c4cf37f0313c8d45c5bbf7cb3404dcea7e2ee1a50504555b1f4002875f9cbc7d1fd599ba60f2acb84df738978,2019-06-16 14:00:00,30,NO CONTROLS,NO CONTROLS,CLOUDY/OVERCAST,DAYLIGHT,REAR END,DIVIDED - W/MEDIAN (NOT RAISED),STRAIGHT AND LEVEL,DRY,NO DEFECTS,NO INJURY / DRIVE AWAY,"$501 - $1,500",UNABLE TO DETERMINE,NOT APPLICABLE,348,S,CENTRAL AVE,2,NO INDICATION OF INJURY,0.0,0.0,0.0,0.0,0.0,5.0,0.0,14,1,6
2db38ee6b90155f6fd42455512bf3b6fc93b7cee2fcf3999a1bd014a3df1de5b8d2102382a34046b489d1033a9540189cce599126b6cd2d2daf933c4037ac072,2023-05-25 20:30:00,30,TRAFFIC SIGNAL,FUNCTIONING PROPERLY,CLEAR,DUSK,PEDESTRIAN,NOT DIVIDED,STRAIGHT AND LEVEL,DRY,NO DEFECTS,INJURY AND / OR TOW DUE TO CRASH,$500 OR LESS,UNABLE TO DETERMINE,UNABLE TO DETERMINE,5165,S,ARCHER AVE,2,"REPORTED, NOT EVIDENT",1.0,0.0,0.0,0.0,1.0,1.0,0.0,20,5,5
aeb762cfeb7158e95337624107a72edbb6d32f194e068961b5674f1b69a36c6ac3bc86f2df1151abef707bd518666cba35304230aed19f77e7091a8287d8825c,2023-10-15 18:16:00,35,STOP SIGN/FLASHER,FUNCTIONING PROPERLY,CLEAR,"DARKNESS, LIGHTED ROAD",PEDESTRIAN,NOT DIVIDED,STRAIGHT AND LEVEL,UNKNOWN,UNKNOWN,INJURY AND / OR TOW DUE TO CRASH,"OVER $1,500",DISREGARDING STOP SIGN,NOT APPLICABLE,200,N,GREEN ST,2,NONINCAPACITATING INJURY,1.0,0.0,0.0,1.0,0.0,1.0,0.0,18,1,10
aecc9f6344446bb5a6022fd68a521777e8b3bedaaa2857a90fa921129636ef269fa97af34aa5d0ea6f270f404dd7573c859391101ceb512a815e46f23bd3aaa2,2023-10-29 23:00:00,30,NO CONTROLS,NO CONTROLS,UNKNOWN,UNKNOWN,PARKED MOTOR VEHICLE,DIVIDED - W/MEDIAN (NOT RAISED),STRAIGHT AND LEVEL,UNKNOWN,NO DEFECTS,NO INJURY / DRIVE AWAY,"OVER $1,500",DISTRACTION - FROM INSIDE VEHICLE,UNABLE TO DETERMINE,3063,N,MILWAUKEE AVE,2,NO INDICATION OF INJURY,0.0,0.0,0.0,0.0,0.0,1.0,0.0,23,1,10
44bf79836c771def7411510d469118ff12a2f646b33bf8560e382f6b429e5cba41e6779cceec13b11b13574dffa9a72951a34065cb6621c2baed285874d55620,2019-08-27 18:30:00,30,NO CONTROLS,NO CONTROLS,CLEAR,DAYLIGHT,PARKED MOTOR VEHICLE,DIVIDED - W/MEDIAN (NOT RAISED),STRAIGHT AND LEVEL,DRY,UNKNOWN,NO INJURY / DRIVE AWAY,"OVER $1,500",UNABLE TO DETERMINE,NOT APPLICABLE,5000,N,CLARK ST,2,NO INDICATION OF INJURY,0.0,0.0,0.0,0.0,0.0,1.0,0.0,18,3,8
28c8e072c4e852534dcec6a0944dac86c98780915849d34f972d39de41ec603af9e156b89bcf405fe1c2bea7d4e57e6b3d566fd66e00b511e8635044564eea87,2018-05-06 21:45:00,35,TRAFFIC SIGNAL,FUNCTIONING PROPERLY,CLEAR,"DARKNESS, LIGHTED ROAD",TURNING,NOT DIVIDED,STRAIGHT AND LEVEL,DRY,NO DEFECTS,NO INJURY / DRIVE AWAY,"$501 - $1,500",IMPROPER TURNING/NO SIGNAL,IMPROPER LANE USAGE,2801,S,ARCHER AVE,2,NO INDICATION OF INJURY,0.0,0.0,0.0,0.0,0.0,2.0,0.0,21,1,5
8a09e48db330794fca8ec22692ae49bf36c3869c5d28c0c97eee07f72d74a62e5b13bb24c092172dc5e6f0094e7edaa4dfb3b8c9edbb2502c314b6bbf13ae4c2,2021-05-16 10:30:00,30,NO CONTROLS,NO CONTROLS,CLEAR,DAYLIGHT,ANGLE,ONE-WAY,STRAIGHT AND LEVEL,DRY,NO DEFECTS,INJURY AND / OR TOW DUE TO CRASH,"OVER $1,500",FAILING TO YIELD RIGHT-OF-WAY,DRIVING SKILLS/KNOWLEDGE/EXPERIENCE,1916,W,BIRCHWOOD AVE,4,INCAPACITATING INJURY,1.0,0.0,1.0,0.0,0.0,1.0,0.0,10,1,5
1724b53f782768b8a808058584b48751b94e0150c606c1f64e35bb41b420381dafce90f3637a79ba7eac6b3bc300a09e01a2e6a81da6f722bfa45adb80fa8c24,2022-01-14 18:00:00,35,STOP SIGN/FLASHER,FUNCTIONING PROPERLY,SNOW,"DARKNESS, LIGHTED ROAD",REAR END,NOT DIVIDED,STRAIGHT AND LEVEL,WET,NO DEFECTS,NO INJURY / DRIVE AWAY,"OVER $1,500",NOT APPLICABLE,NOT APPLICABLE,4901,W,47TH ST,2,NO INDICATION OF INJURY,0.0,0.0,0.0,0.0,0.0,2.0,0.0,18,6,1
3cd8ba127e8e05cb2d781bc59e14b3152e1cc140f1488e71e94c94024deec6c8799d188c722b54c6c0d63edff462c5e3b89e8b09b39dc42b471cbae6d35baac6,2023-10-04 08:45:00,30,NO CONTROLS,NO CONTROLS,CLEAR,DAYLIGHT,SIDESWIPE SAME DIRECTION,NOT DIVIDED,STRAIGHT AND LEVEL,DRY,NO DEFECTS,NO INJURY / DRIVE AWAY,"$501 - $1,500",UNABLE TO DETERMINE,UNABLE TO DETERMINE,1723,W,35TH ST,2,NO INDICATION OF INJURY,0.0,0.0,0.0,0.0,0.0,2.0,0.0,8,4,10
0d837d33650b98069d9f699a88f0059e0fe45c3cc7b7066ce77cf3676d792e77c7e88ea2032c54420bdcdc1487b08a8541f72c16808dca1fbc7dfdfc43de8dfc,2021-06-25 15:00:00,30,STOP SIGN/FLASHER,FUNCTIONING PROPERLY,CLEAR,DAYLIGHT,REAR END,NOT DIVIDED,STRAIGHT AND LEVEL,DRY,NO DEFECTS,INJURY AND / OR TOW DUE TO CRASH,"$501 - $1,500",UNABLE TO DETERMINE,UNABLE TO DETERMINE,118,N,CENTRAL AVE,2,"REPORTED, NOT EVIDENT",2.0,0.0,0.0,0.0,2.0,1.0,0.0,15,6,6
8829b9fa7fdd6edfc16cfe043b514b7cba5d0470092d646e45845451c55b50124040c430179e591d53c5064ca7cfb585cfda1713662a6aecf5ca1ca9f8b88893,2022-06-23 17:30:00,30,NO CONTROLS,NO CONTROLS,CLEAR,DAYLIGHT,PARKED MOTOR VEHICLE,ONE-WAY,STRAIGHT AND LEVEL,UNKNOWN,UNKNOWN,NO INJURY / DRIVE AWAY,"$501 - $1,500","OPERATING VEHICLE IN ERRATIC, RECKLESS, CARELESS, NEGLIGENT OR AGGRESSIVE MANNER","OPERATING VEHICLE IN ERRATIC, RECKLESS, CARELESS, NEGLIGENT OR AGGRESSIVE MANNER",2049,W,17TH ST,2,NO INDICATION OF INJURY,0.0,0.0,0.0,0.0,0.0,3.0,0.0,17,5,6
4992d404f49fe700e413f0f411829aa7a59dad06464c295b32117894f976d81364b1f7db1f0043a8606a13634ea644ba11bf0c70f13fe55c47f248afe37ba5d3,2016-05-07 11:30:00,0,NO CONTROLS,NO CONTROLS,CLEAR,DAYLIGHT,SIDESWIPE SAME DIRECTION,PARKING LOT,STRAIGHT AND LEVEL,DRY,NO DEFECTS,NO INJURY / DRIVE AWAY,"OVER $1,500",FOLLOWING TOO CLOSELY,UNABLE TO DETERMINE,11401,S,OAKLEY AVE,2,NO INDICATION OF INJURY,0.0,0.0,0.0,0.0,0.0,2.0,0.0,11,7,5
d8938ffcb9c626901e80a25539f5b68aa55766c0ee6b60ea1aa8f4c9737a596177ebb20695c6df5c6bfd4969bcbf0d665f2b3c1382e7ef0c1de8084ec3c9b53e,2016-08-06 21:35:00,30,STOP SIGN/FLASHER,NO CONTROLS,CLEAR,"DARKNESS, LIGHTED ROAD",ANGLE,NOT DIVIDED,STRAIGHT AND LEVEL,DRY,NO DEFECTS,NO INJURY / DRIVE AWAY,"OVER $1,500",FAILING TO YIELD RIGHT-OF-WAY,NOT APPLICABLE,6601,N,KEDZIE AVE,2,NO INDICATION OF INJURY,0.0,0.0,0.0,0.0,0.0,2.0,0.0,21,7,8
75190104c68c7397919364db625d60b56ac629b7c6e0819125c8b4d1b4bdeb61ed035c5fdde585ffb7786bace45a071f64c0b370f81322c35b69f0da4a1a38bf,2018-05-21 08:06:00,15,NO CONTROLS,NO CONTROLS,RAIN,DAYLIGHT,FIXED OBJECT,ALLEY,STRAIGHT AND LEVEL,WET,NO DEFECTS,NO INJURY / DRIVE AWAY,"$501 - $1,500",IMPROPER BACKING,IMPROPER BACKING,419,W,BELDEN AVE,1,NO INDICATION OF INJURY,0.0,0.0,0.0,0.0,0.0,1.0,0.0,8,2,5
a7b51263fad04b3a12272b05747ffc5428d6e18039619e8411e96e334df3a09ca176717c7b5432137504135f12a06fa5b3b03bd113db9d6d6f101161a42abc2d,2024-04-11 15:18:00,30,NO CONTROLS,NO CONTROLS,RAIN,DAYLIGHT,REAR END,NOT DIVIDED,STRAIGHT AND LEVEL,WET,UNKNOWN,NO INJURY / DRIVE AWAY,"$501 - $1,500",DRIVING SKILLS/KNOWLEDGE/EXPERIENCE,DISTRACTION - FROM INSIDE VEHICLE,5400,S,DAMEN AVE,3,NO INDICATION OF INJURY,0.0,0.0,0.0,0.0,0.0,5.0,0.0,15,5,4
6e877ba71e8f8231342de67206b8ada24997ace63314e6a03b367bf25f6fd6eb43e63b0ebb23e7831dbe5f34f46e726d1ddd70221d5a4fbbddb656a67f173690,2023-05-09 12:08:00,30,OTHER,FUNCTIONING PROPERLY,CLEAR,DAYLIGHT,PARKED MOTOR VEHICLE,DIVIDED - W/MEDIAN (NOT RAISED),STRAIGHT AND LEVEL,DRY,NO DEFECTS,NO INJURY / DRIVE AWAY,"OVER $1,500",DRIVING SKILLS/KNOWLEDGE/EXPERIENCE,DRIVING SKILLS/KNOWLEDGE/EXPERIENCE,5222,W,GRAND AVE,2,NO INDICATION OF INJURY,0.0,0.0,0.0,0.0,0.0,1.0,0.0,12,3,5
3ef21e4e40ed7fbbfd64e026459e16ac98df2dfdb1b7a342f72abdc8057bf42f849dc012c076a5b6421f1dc8f00d7226f4f399f1240a985882b5b705b82ae19a,2021-09-29 06:30:00,30,NO CONTROLS,NO CONTROLS,CLEAR,"DARKNESS, LIGHTED ROAD",PARKED MOTOR VEHICLE,ONE-WAY,STRAIGHT AND LEVEL,DRY,NO DEFECTS,NO INJURY / DRIVE AWAY,"$501 - $1,500",UNABLE TO DETERMINE,NOT APPLICABLE,6442,S,LAFLIN ST,2,NO INDICATION OF INJURY,0.0,0.0,0.0,0.0,0.0,1.0,0.0,6,4,9
d71b94a65c7c15d8c9bc88ab09bde6b6e24dbf6d63f89fa605de20bde296916b08220f69cc9a9436b8aef0fc1f0147a556880c92414760c2284ede95214c0896,2019-03-29 20:42:00,30,NO CONTROLS,NO CONTROLS,RAIN,DARKNESS,REAR END,DIVIDED - W/MEDIAN (NOT RAISED),STRAIGHT AND LEVEL,WET,NO DEFECTS,NO INJURY / DRIVE AWAY,"OVER $1,500","VISION OBSCURED (SIGNS, TREE LIMBS, BUILDINGS, ETC.)",WEATHER,5336,W,CHICAGO AVE,2,NO INDICATION OF INJURY,0.0,0.0,0.0,0.0,0.0,2.0,0.0,20,6,3
9bc47891c3516089fee66f3e90f6c76a1d11bd49fb6b76499f9b18fb9415e9802433a97f4d512c1cf7b3ae65fd128b0b5f9a5275ad00d6c1128d0ef1a104f3c5,2021-07-16 09:30:00,30,TRAFFIC SIGNAL,FUNCTIONING PROPERLY,CLOUDY/OVERCAST,DAYLIGHT,REAR END,NOT DIVIDED,STRAIGHT AND LEVEL,DRY,NO DEFECTS,INJURY AND / OR TOW DUE TO CRASH,"$501 - $1,500",FAILING TO REDUCE SPEED TO AVOID CRASH,NOT APPLICABLE,9512,S,STATE ST,2,"REPORTED, NOT EVIDENT",1.0,0.0,0.0,0.0,1.0,1.0,0.0,9,6,7