CRASH_RECORD_ID,CRASH_DATE,POSTED_SPEED_LIMIT,TRAFFIC_CONTROL_DEVICE,DEVICE_CONDITION,WEATHER_CONDITION,LIGHTING_CONDITION,FIRST_CRASH_TYPE,TRAFFICWAY_TYPE,ALIGNMENT,ROADWAY_SURFACE_COND,ROAD_DEFECT,CRASH_TYPE,DAMAGE,PRIM_CONTRIBUTORY_CAUSE,SEC_CONTRIBUTORY_CAUSE,STREET_NO,STREET_DIRECTION,STREET_NAME,NUM_UNITS,MOST_SEVERE_INJURY,INJURIES_TOTAL,INJURIES_FATAL,INJURIES_INCAPACITATING,INJURIES_NON_INCAPACITATING,INJURIES_REPORTED_NOT_EVIDENT,INJURIES_NO_INDICATION,INJURIES_UNKNOWN,CRASH_HOUR,CRASH_DAY_OF_WEEK,CRASH_MONTH
da122b9ec24e90d7f064a940b7a36916bb1889cae9b14308aeb320c5d0a3c9637783581d5d4d81e4cffbc2535748173279278ce5141afd58aa586ae347cbfa1b,2023-10-03 15:25:00,25,NO CONTROLS,NO CONTROLS,CLEAR,DAYLIGHT,TURNING,NOT DIVIDED,STRAIGHT AND LEVEL,DRY,NO DEFECTS,NO INJURY / DRIVE AWAY,"$501 - $1,500",DRIVING SKILLS/KNOWLEDGE/EXPERIENCE,DRIVING SKILLS/KNOWLEDGE/EXPERIENCE,2631,E,126TH ST,2,NO INDICATION OF INJURY,0.0,0.0,0.0,0.0,0.0,2.0,0.0,15,3,10
974be26560308f97d2c30a7db9f8264fbaf55d6ac19ae5ab029fa14df06a52a1a527a6f69455ba1ed987a0d4c0a90211b53ff7f2550cef009c2c99d72c16df20,2019-09-24 12:30:00,30,NO CONTROLS,NO CONTROLS,CLEAR,DAYLIGHT,REAR END,DIVIDED - W/MEDIAN (NOT RAISED),STRAIGHT AND LEVEL,DRY,NO DEFECTS,NO INJURY / DRIVE AWAY,"$501 - $1,500",NOT APPLICABLE,NOT APPLICABLE,3900,S,PULASKI RD,2,NO INDICATION OF INJURY,0.0,0.0,0.0,0.0,0.0,2.0,0.0,12,3,9
9e9b06c6308096c0c9049e917874beae82d09328e73ab4a035f1ee9b71a405cd233c195793713f3d1fb1cdb93f608496aee2752714a80b1bd300a8bfd8100f79,2022-05-13 16:47:00,30,TRAFFIC SIGNAL,FUNCTIONING PROPERLY,CLEAR,DAYLIGHT,ANGLE,FOUR WAY,STRAIGHT AND LEVEL,DRY,NO DEFECTS,INJURY AND / OR TOW DUE TO CRASH,"OVER $1,500",DISREGARDING TRAFFIC SIGNALS,NOT APPLICABLE,4400,W,JACKSON BLVD,2,"REPORTED, NOT EVIDENT",2.0,0.0,0.0,0.0,2.0,2.0,0.0,16,6,5
e8d60edfc3281e2c8d3a280c28ff5de23b3249111d51f72dfa29fb8a3119d17bcea2403a8dedf661c6acc8a2f6529b1a7165bf6ce2031cc08459280198dd154c,2023-09-26 07:30:00,25,NO CONTROLS,NO CONTROLS,CLEAR,DUSK,PARKED MOTOR VEHICLE,DRIVEWAY,STRAIGHT AND LEVEL,DRY,NO DEFECTS,NO INJURY / DRIVE AWAY,"OVER $1,500",IMPROPER OVERTAKING/PASSING,DRIVING SKILLS/KNOWLEDGE/EXPERIENCE,191,N,WACKER DR,2,NO INDICATION OF INJURY,0.0,0.0,0.0,0.0,0.0,1.0,0.0,7,3,9
779110b0a406e32b6b6ce2074ac8785e05fc5e7d1904e45af5a482ca26ddfc2019f897e0c98de43e5c73adf09c34e0053f948bdff2964df5d1f7514ee2de1348,2018-03-24 16:30:00,30,NO CONTROLS,NO CONTROLS,CLEAR,DAYLIGHT,PARKED MOTOR VEHICLE,ONE-WAY,STRAIGHT AND LEVEL,DRY,NO DEFECTS,NO INJURY / DRIVE AWAY,"OVER $1,500",UNABLE TO DETERMINE,UNABLE TO DETERMINE,7159,S,UNION AVE,2,NO INDICATION OF INJURY,0.0,0.0,0.0,0.0,0.0,1.0,0.0,16,7,3
54476c1fd1b7e2e1136ccd04682aab0788478de1bd8ac5d8d9a612d8f158f136e54e5d215ce10a20b9d5258e448ccab23d3b17fa4715409012c4d1ae96e6f051,2019-02-04 08:00:00,20,NO CONTROLS,NO CONTROLS,CLEAR,DAYLIGHT,FIXED OBJECT,NOT DIVIDED,STRAIGHT AND LEVEL,OTHER,"RUT, HOLES",NO INJURY / DRIVE AWAY,"$501 - $1,500",UNABLE TO DETERMINE,UNABLE TO DETERMINE,600,W,BLACKHAWK ST,1,NO INDICATION OF INJURY,0.0,0.0,0.0,0.0,0.0,1.0,0.0,8,2,2
437dd289594f27b754821c8c50ed999e802fbf659d76b20ce8ad21ab938cdb168c14fa87f99e829bf623a79bd239804005c06e502f7e2a88ba3e15697c8116ac,2017-11-13 06:55:00,30,TRAFFIC SIGNAL,FUNCTIONING PROPERLY,CLEAR,DAYLIGHT,REAR END,CENTER TURN LANE,STRAIGHT AND LEVEL,DRY,NO DEFECTS,NO INJURY / DRIVE AWAY,"$501 - $1,500",UNABLE TO DETERMINE,UNABLE TO DETERMINE,4000,W,IRVING PARK RD,2,NO INDICATION OF INJURY,0.0,0.0,0.0,0.0,0.0,2.0,0.0,6,2,11
0b36abce9859c83246926980ba935711073f5464c0317e5915a317399fc4beb2c50bb42c6a5223f7aebd2fe741e1cf8fb5df367a7ff52f242c39ee99c47addf5,2022-04-16 15:15:00,30,OTHER REG. SIGN,FUNCTIONING PROPERLY,CLEAR,DAYLIGHT,TURNING,DIVIDED - W/MEDIAN (NOT RAISED),STRAIGHT AND LEVEL,DRY,NO DEFECTS,NO INJURY / DRIVE AWAY,"$501 - $1,500",IMPROPER TURNING/NO SIGNAL,NOT APPLICABLE,636,S,MICHIGAN AVE,2,NO INDICATION OF INJURY,0.0,0.0,0.0,0.0,0.0,2.0,0.0,15,7,4
d420eefc02e37971dff11cc555803ea54591ca019e7405b45857a95315f55130243d33cabfa1d49eaa688c40ba59d5832e32706c08d2423b13235a3718aae6d9,2022-07-19 16:38:00,30,STOP SIGN/FLASHER,UNKNOWN,CLEAR,DAYLIGHT,SIDESWIPE SAME DIRECTION,NOT DIVIDED,STRAIGHT AND LEVEL,DRY,UNKNOWN,NO INJURY / DRIVE AWAY,"OVER $1,500",IMPROPER OVERTAKING/PASSING,NOT APPLICABLE,5458,S,KARLOV AVE,2,NO INDICATION OF INJURY,0.0,0.0,0.0,0.0,0.0,4.0,0.0,16,3,7
dfd9749bc515fa7beeeecd9c14b554efd9f9fd8efcc8d548ff8890888bec6cea4e7b95684355b6e11bbb1290dfed36d558cc1476e30da055ce40f469beb23e03,2019-11-10 12:22:00,30,NO CONTROLS,NO CONTROLS,CLEAR,DAYLIGHT,PARKED MOTOR VEHICLE,DIVIDED - W/MEDIAN (NOT RAISED),STRAIGHT AND LEVEL,DRY,NO DEFECTS,NO INJURY / DRIVE AWAY,"OVER $1,500",UNABLE TO DETERMINE,UNABLE TO DETERMINE,1707,W,51ST ST,2,NO INDICATION OF INJURY,0.0,0.0,0.0,0.0,0.0,1.0,0.0,12,1,11
f098af4827e81a4cc451f5d70a140fc0f08baa15bdb8316c8a2f2ca089eac81bf60c1f9447b52c865c639a85411bf71026cf572a6d5b1b48955d2e2a870178c2,2017-05-09 17:30:00,25,NO CONTROLS,NO CONTROLS,CLEAR,DAYLIGHT,PARKED MOTOR VEHICLE,NOT DIVIDED,STRAIGHT AND LEVEL,DRY,NO DEFECTS,NO INJURY / DRIVE AWAY,"OVER $1,500",UNABLE TO DETERMINE,NOT APPLICABLE,311,S,WACKER DR,2,NO INDICATION OF INJURY,0.0,0.0,0.0,0.0,0.0,1.0,0.0,17,3,5
0f25939f9998fc89f955614c7b5ece364c67ad8064d994f425d3919e96cb05543e578f85559f9117231b992e56e6ad461ed246d433beca1773a2ac7047e08625,2017-12-19 16:46:00,0,NO CONTROLS,NO CONTROLS,CLEAR,DUSK,PARKED MOTOR VEHICLE,PARKING LOT,STRAIGHT AND LEVEL,DRY,NO DEFECTS,NO INJURY / DRIVE AWAY,"OVER $1,500",NOT APPLICABLE,NOT APPLICABLE,3033,S,HALSTED ST,2,NO INDICATION OF INJURY,0.0,0.0,0.0,0.0,0.0,3.0,0.0,16,3,12
d216e071e2c9d38e761b9a821236d02bf4b73c9ac9853fbc05cb747c01619bd233e8d62d56662bdb549668868bb12fd4f5b6ca8abbdf8b3400f96d5d1e6bc1bf,2023-01-15 12:38:00,30,TRAFFIC SIGNAL,UNKNOWN,CLEAR,DAYLIGHT,REAR TO FRONT,FOUR WAY,STRAIGHT AND LEVEL,UNKNOWN,UNKNOWN,NO INJURY / DRIVE AWAY,"OVER $1,500",IMPROPER BACKING,NOT APPLICABLE,1531,W,IRVING PARK RD,2,NO INDICATION OF INJURY,0.0,0.0,0.0,0.0,0.0,2.0,0.0,12,1,1
30c31524fe2bc80ee986a52cffd34ade22b8adb0adb1c344c92899fa478c1c43d63efe9288718bb64762054012c3455ce6b18f4efe32923d3431128fad4a3b47,2023-10-13 12:14:00,30,STOP SIGN/FLASHER,FUNCTIONING PROPERLY,CLOUDY/OVERCAST,DAYLIGHT,ANGLE,FOUR WAY,STRAIGHT AND LEVEL,DRY,NO DEFECTS,NO INJURY / DRIVE AWAY,"OVER $1,500",FAILING TO YIELD RIGHT-OF-WAY,DRIVING SKILLS/KNOWLEDGE/EXPERIENCE,1900,S,HALSTED ST,2,NO INDICATION OF INJURY,0.0,0.0,0.0,0.0,0.0,2.0,0.0,12,6,10
77113589ec3b1e97f454c0988eb8de0b4388758eb21b41d2b17a09bdc1ed1fa340173df2deac50b1399a7f917edf66fbd0215bf5d6a307ff8d03a87f760e697d,2022-08-05 07:20:00,35,NO CONTROLS,NO CONTROLS,CLEAR,DAYLIGHT,REAR END,NOT DIVIDED,STRAIGHT AND LEVEL,DRY,NO DEFECTS,INJURY AND / OR TOW DUE TO CRASH,"$501 - $1,500",UNABLE TO DETERMINE,UNABLE TO DETERMINE,5220,W,FULLERTON AVE,2,"REPORTED, NOT EVIDENT",1.0,0.0,0.0,0.0,1.0,1.0,0.0,7,6,8
9c61f7d60cd5e2727049a323df711a4a7531265022ab45db24365b5d2ccf5d3320eb7346c6e9cc17de5e39a4c8ac60860ebddc515802d64b531abc5a58c80cfd,2018-11-19 07:45:00,35,NO CONTROLS,NOT FUNCTIONING,CLEAR,DAYLIGHT,ANGLE,NOT DIVIDED,STRAIGHT AND LEVEL,DRY,NO DEFECTS,NO INJURY / DRIVE AWAY,"$501 - $1,500",UNABLE TO DETERMINE,UNABLE TO DETERMINE,3554,W,ALTGELD ST,2,NO INDICATION OF INJURY,0.0,0.0,0.0,0.0,0.0,2.0,0.0,7,2,11
70da67b9ae0b80e10209e8f580d49f5b7be5b69379dc6d390fe54868e56236a53a1b70bcb1005e159c218986041f8e380a735cf956030585c34f9a2002f45537,2023-08-10 14:00:00,30,STOP SIGN/FLASHER,NO CONTROLS,CLEAR,DAYLIGHT,PARKED MOTOR VEHICLE,ONE-WAY,STRAIGHT AND LEVEL,DRY,NO DEFECTS,INJURY AND / OR TOW DUE TO CRASH,"OVER $1,500",NOT APPLICABLE,NOT APPLICABLE,15,N,LONG AVE,2,NO INDICATION OF INJURY,0.0,0.0,0.0,0.0,0.0,2.0,0.0,14,5,8
a1b76f4a3c5d04b4688931f088c73b9bdf5f427993d49931523b8e2d7f2e959d9ec8c3e4dd8a214528cc41d2abffef768124724126731343d1eb4c5b73fc4537,2020-10-09 13:50:00,35,TRAFFIC SIGNAL,FUNCTIONING PROPERLY,CLEAR,DAYLIGHT,ANGLE,CENTER TURN LANE,STRAIGHT AND LEVEL,DRY,NO DEFECTS,INJURY AND / OR TOW DUE TO CRASH,"OVER $1,500",DISREGARDING TRAFFIC SIGNALS,NOT APPLICABLE,5700,N,NAGLE AVE,2,NO INDICATION OF INJURY,0.0,0.0,0.0,0.0,0.0,2.0,0.0,13,6,10
3858ae2a4a2abb3cfd0ce6a350ed20556cb4a41ca5ce50232570e69496ab3bbcb917505e9bb6ed5a4c7494581e4524df4f48d732ff7c61d87b21f2e9632c6bfd,2019-06-16 02:24:00,30,STOP SIGN/FLASHER,FUNCTIONING PROPERLY,RAIN,"DARKNESS, LIGHTED ROAD",ANGLE,NOT REPORTED,STRAIGHT AND LEVEL,WET,NO DEFECTS,NO INJURY / DRIVE AWAY,"OVER $1,500",UNABLE TO DETERMINE,UNABLE TO DETERMINE,8231,W,ADDISON ST,2,NO INDICATION OF INJURY,0.0,0.0,0.0,0.0,0.0,2.0,0.0,2,1,6
cff8337c788068001057e2e23f58c46f4710ca55b6bd959e004b76ff92c5bc58649fa018e11090210ce7cce181aec2646c828a18c8c9b5a102cde32fa7b198be,2018-04-25 11:30:00,30,NO CONTROLS,NO CONTROLS,CLEAR,DAYLIGHT,REAR END,ONE-WAY,STRAIGHT AND LEVEL,DRY,NO DEFECTS,NO INJURY / DRIVE AWAY,"$501 - $1,500",FOLLOWING TOO CLOSELY,NOT APPLICABLE,3155,S,ROBINSON ST,2,NO INDICATION OF INJURY,0.0,0.0,0.0,0.0,0.0,2.0,0.0,11,4,4
bd22d935b68f0bebeb25f4a9aaf117914cd9354689fc25ca78577e360179f87c87991c1a7dba021f6ad54687fae8fba90bfc629910c2d88012d16515906ae857,2018-02-11 04:00:00,30,NO CONTROLS,NO CONTROLS,SNOW,DARKNESS,SIDESWIPE SAME DIRECTION,NOT DIVIDED,STRAIGHT AND LEVEL,SNOW OR SLUSH,NO DEFECTS,NO INJURY / DRIVE AWAY,"$501 - $1,500",IMPROPER TURNING/NO SIGNAL,NOT APPLICABLE,3650,W,ARMITAGE AVE,2,NO INDICATION OF INJURY,0.0,0.0,0.0,0.0,0.0,2.0,0.0,4,1,2
363321fb2c518205e4aed2827e2d0cfe5b8a308651ebc494cf1ffbc4c437394d7a1b8ec985077f8a1e92713c15a19dc72865a48ed28a64c314b9346783ba17ce,2018-11-30 07:35:00,30,LANE USE MARKING,NO CONTROLS,CLEAR,DAYLIGHT,SIDESWIPE SAME DIRECTION,NOT DIVIDED,STRAIGHT AND LEVEL,DRY,DEBRIS ON ROADWAY,NO INJURY / DRIVE AWAY,"OVER $1,500",FAILING TO REDUCE SPEED TO AVOID CRASH,FAILING TO YIELD RIGHT-OF-WAY,4359,W,GRAND AVE,2,NO INDICATION OF INJURY,0.0,0.0,0.0,0.0,0.0,2.0,0.0,7,6,11
6907756c673bb7246c3df51c4d7e3d53f091d95fc442d43010578efc68d6f394be6d6ff1b2b150411f70978492134524fe0ac34743836fb7f7e3113087394b8b,2020-09-20 14:00:00,35,STOP SIGN/FLASHER,FUNCTIONING PROPERLY,CLEAR,DAYLIGHT,OVERTURNED,NOT DIVIDED,STRAIGHT AND LEVEL,DRY,NO DEFECTS,INJURY AND / OR TOW DUE TO CRASH,"OVER $1,500",DRIVING SKILLS/KNOWLEDGE/EXPERIENCE,UNABLE TO DETERMINE,3130,W,47TH ST,2,NONINCAPACITATING INJURY,1.0,0.0,0.0,1.0,0.0,5.0,0.0,14,1,9
997ad33f09b1d6c7292b746d849d9fac8a7795eaa633a5055331a65b5d254f2be16928f2d3a7448154b561a6acd72d9cbb733f1acdc30f449fddecc1f1b224ee,2022-01-14 17:36:00,30,NO CONTROLS,NO CONTROLS,SNOW,"DARKNESS, LIGHTED ROAD",TURNING,NOT DIVIDED,STRAIGHT AND LEVEL,SNOW OR SLUSH,NO DEFECTS,NO INJURY / DRIVE AWAY,"OVER $1,500",UNABLE TO DETERMINE,WEATHER,3399,W,ROOSEVELT RD,2,NO INDICATION OF INJURY,0.0,0.0,0.0,0.0,0.0,2.0,0.0,17,6,1
893555fd347ad3c7926b528aabbeb97c659ad25049da7b9186cc6c74349df1846edf640f4e67391319f732553748f2518ae15cadb3806747c859cc316dd9d877,2017-10-14 17:50:00,30,STOP SIGN/FLASHER,FUNCTIONING PROPERLY,RAIN,DUSK,REAR END,DIVIDED - W/MEDIAN (NOT RAISED),STRAIGHT AND LEVEL,WET,NO DEFECTS,NO INJURY / DRIVE AWAY,"OVER $1,500",FAILING TO REDUCE SPEED TO AVOID CRASH,NOT APPLICABLE,1906,W,CHICAGO AVE,2,NO INDICATION OF INJURY,0.0,0.0,0.0,0.0,0.0,2.0,0.0,17,7,10
473c066aac2f6b5cd2b117f1d77e1bdf784976546707713099025d6fac5535ee0d9fc9299ec6467f1266d7a63a389013632bfe4022e993629899f60aee89a13e,2016-06-23 10:50:00,30,TRAFFIC SIGNAL,FUNCTIONING IMPROPERLY,CLEAR,DAYLIGHT,SIDESWIPE SAME DIRECTION,NOT DIVIDED,STRAIGHT AND LEVEL,DRY,NO DEFECTS,NO INJURY / DRIVE AWAY,"$501 - $1,500",FOLLOWING TOO CLOSELY,NOT APPLICABLE,510,W,JACKSON BLVD,2,NO INDICATION OF INJURY,0.0,0.0,0.0,0.0,0.0,2.0,0.0,10,5,6
341e3c1e71a0a0236a86de675eaadaa476eaf8ac4679823a30510834cf98b3a9714dea939780f32cf2a614140fdd5aa8032bc9dc9c5fc5d27f48101ef905670d,2021-09-14 04:33:00,30,NO CONTROLS,NO CONTROLS,CLEAR,"DARKNESS, LIGHTED ROAD",PARKED MOTOR VEHICLE,NOT DIVIDED,STRAIGHT AND LEVEL,DRY,NO DEFECTS,INJURY AND / OR TOW DUE TO CRASH,"OVER $1,500",UNABLE TO DETERMINE,UNABLE TO DETERMINE,1852,E,75TH ST,4,NO INDICATION OF INJURY,0.0,0.0,0.0,0.0,0.0,1.0,0.0,4,3,9
fa9f2e95f4dca7192800f93ed8294611c22dc88ba880ab9f2a34e3119c6ab875f783266e678be06c689b6c907050dbfcfc81b3e61d1978c7471ef5000ed36910,2019-05-29 06:56:00,30,NO CONTROLS,NO CONTROLS,CLEAR,DAYLIGHT,TURNING,NOT DIVIDED,STRAIGHT AND LEVEL,DRY,NO DEFECTS,INJURY AND / OR TOW DUE TO CRASH,"OVER $1,500",IMPROPER TURNING/NO SIGNAL,FAILING TO YIELD RIGHT-OF-WAY,498,W,16TH ST,2,NO INDICATION OF INJURY,0.0,0.0,0.0,0.0,0.0,3.0,0.0,6,4,5
2fd4aeed3528a8da610783d635caef9556137257e47957777a4319850ec3e0a7297dfb97bda11179ff180f33148dfe2329febbde63970d9871c28e6771b20e86,2020-01-16 11:00:00,30,STOP SIGN/FLASHER,FUNCTIONING PROPERLY,CLEAR,DAYLIGHT,ANGLE,OTHER,STRAIGHT AND LEVEL,DRY,UNKNOWN,INJURY AND / OR TOW DUE TO CRASH,"OVER $1,500",UNABLE TO DETERMINE,UNABLE TO DETERMINE,732,E,76TH ST,2,NONINCAPACITATING INJURY,1.0,0.0,0.0,1.0,0.0,1.0,0.0,11,5,1
2aa079264a33465c8affcececb3182689761294954a8b3ed75aa3669d4ec83896e11c48fa63d843911b35bfcc95294a0eb05ec950d5c13f0df97a014a828a673,2019-02-14 23:18:00,30,NO CONTROLS,NO CONTROLS,CLEAR,"DARKNESS, LIGHTED ROAD",FIXED OBJECT,NOT DIVIDED,STRAIGHT AND LEVEL,WET,UNKNOWN,INJURY AND / OR TOW DUE TO CRASH,"OVER $1,500",EXCEEDING SAFE SPEED FOR CONDITIONS,ROAD ENGINEERING/SURFACE/MARKING DEFECTS,5659,N,NAGLE AVE,1,NO INDICATION OF INJURY,0.0,0.0,0.0,0.0,0.0,1.0,0.0,23,5,2
02b49dce6552d9ab3feee09922164429ec7612fde917225e4ad464a469e30777be2db3916aa9038448003d35afcb1e96d1f6603f0f0e6c4aab1b1f5b79cf72a2,2021-01-13 15:00:00,30,NO CONTROLS,NO CONTROLS,CLEAR,DAYLIGHT,SIDESWIPE SAME DIRECTION,DIVIDED - W/MEDIAN (NOT RAISED),STRAIGHT AND LEVEL,DRY,NO DEFECTS,NO INJURY / DRIVE AWAY,"OVER $1,500",FAILING TO YIELD RIGHT-OF-WAY,UNABLE TO DETERMINE,1245,S,MICHIGAN AVE,2,NO INDICATION OF INJURY,0.0,0.0,0.0,0.0,0.0,2.0,0.0,15,4,1
a52b563b5518c139ee4c8108fdd8724aa0b9ca5c4b19b6ff6a910c9bf6f41eccc02ced83ae6d7016a1453f6661df4146db6faf93a76888f37022b6819e6f0005,2019-08-28 17:09:00,30,NO CONTROLS,NO CONTROLS,CLEAR,DAYLIGHT,TURNING,NOT DIVIDED,STRAIGHT AND LEVEL,DRY,NO DEFECTS,NO INJURY / DRIVE AWAY,"$501 - $1,500",UNABLE TO DETERMINE,UNABLE TO DETERMINE,2332,W,59TH ST,2,NO INDICATION OF INJURY,0.0,0.0,0.0,0.0,0.0,2.0,0.0,17,4,8
05ee6a3c2aefd3b3bba1fb5c2516635ea01cd1509fbe56dd75243d6ec70e7028bb5cfd470045d4094a7770f5f0b2498b1162172b27a99a0f8ad8940d280a5e4d,2018-05-01 08:40:00,35,LANE USE MARKING,FUNCTIONING PROPERLY,CLEAR,DAYLIGHT,SIDESWIPE SAME DIRECTION,OTHER,STRAIGHT AND LEVEL,DRY,UNKNOWN,NO INJURY / DRIVE AWAY,"$501 - $1,500",NOT APPLICABLE,FOLLOWING TOO CLOSELY,8643,S,STATE ST,2,NO INDICATION OF INJURY,0.0,0.0,0.0,0.0,0.0,2.0,0.0,8,3,5
66503ae25e01888f6a98851e019f56b887165d8a16460e54b8ba20cfa7fb56713a2a78861063dd7b547f6175df591c02802613181507338d8a1850959e2140d2,2016-10-22 18:50:00,30,NO CONTROLS,NO CONTROLS,CLEAR,DAYLIGHT,REAR END,NOT DIVIDED,STRAIGHT AND LEVEL,DRY,NO DEFECTS,NO INJURY / DRIVE AWAY,"$501 - $1,500",FOLLOWING TOO CLOSELY,FAILING TO REDUCE SPEED TO AVOID CRASH,3326,N,HARLEM AVE,2,NO INDICATION OF INJURY,0.0,0.0,0.0,0.0,0.0,6.0,0.0,18,7,10
9a0c8922d37ecf7c04ca79942f1ccbb46533cea2a4b2bcede77ca8a63da816cdde59a2707e4fc83e42c3285f927325b2f7365c8d0dd557784eea8df38727201c,2018-10-21 16:00:00,30,NO CONTROLS,NO CONTROLS,CLEAR,DAYLIGHT,PARKED MOTOR VEHICLE,ONE-WAY,STRAIGHT AND LEVEL,DRY,NO DEFECTS,NO INJURY / DRIVE AWAY,"OVER $1,500",UNABLE TO DETERMINE,NOT APPLICABLE,255,E,GRAND AVE,2,NO INDICATION OF INJURY,0.0,0.0,0.0,0.0,0.0,1.0,0.0,16,1,10
b0168040a6b7bb1029878456ec6daf6e424e194a92790f573485570d4c040fe449ff5e02c4081f994c9a71b9edfebb355961edfe3c55212859142ada187dc737,2019-06-12 16:00:00,10,NO CONTROLS,NO CONTROLS,CLEAR,DAYLIGHT,REAR END,ALLEY,STRAIGHT AND LEVEL,DRY,NO DEFECTS,NO INJURY / DRIVE AWAY,$500 OR LESS,FOLLOWING TOO CLOSELY,UNABLE TO DETERMINE,6416,N,LEAVITT ST,2,NO INDICATION OF INJURY,0.0,0.0,0.0,0.0,0.0,2.0,0.0,16,4,6
7fe511f61a00a66d31752ea456b6fb5f8dc692caa97fa9a4df5aeb1a252140bc0538b22e6307d5cea4bf51aa71f8cbb55af954f40dd5851a0322b4e041c2061b,2020-08-16 00:25:00,30,STOP SIGN/FLASHER,NO CONTROLS,CLEAR,"DARKNESS, LIGHTED ROAD",HEAD ON,FOUR WAY,STRAIGHT AND LEVEL,DRY,NO DEFECTS,NO INJURY / DRIVE AWAY,"OVER $1,500",IMPROPER OVERTAKING/PASSING,NOT APPLICABLE,8200,S,AVALON AVE,2,NO INDICATION OF INJURY,0.0,0.0,0.0,0.0,0.0,2.0,0.0,0,1,8
2d205ed469e13fc051460587bd8e39ff04eeff8c7df7b4f481a7915ae07122c115b02fb356e8faadaf06f86c01d9048cf632b1ca801970f7afb2fc602b86182a,2020-07-15 11:15:00,30,STOP SIGN/FLASHER,NO CONTROLS,CLEAR,DAYLIGHT,REAR END,ONE-WAY,STRAIGHT AND LEVEL,DRY,NO DEFECTS,NO INJURY / DRIVE AWAY,"OVER $1,500",IMPROPER OVERTAKING/PASSING,UNABLE TO DETERMINE,251,W,HURON ST,2,NO INDICATION OF INJURY,0.0,0.0,0.0,0.0,0.0,3.0,0.0,11,4,7
3418945ce1f73becdb68641da7be1abb26bde111486089a5edb88815259b6c33518f9f2539d34000cae7bdb649b61e7cfec68081a574d71f4fbd7c73a6aad97a,2019-05-08 15:55:00,30,NO CONTROLS,NO CONTROLS,CLEAR,DAYLIGHT,REAR END,NOT DIVIDED,STRAIGHT ON GRADE,DRY,NO DEFECTS,INJURY AND / OR TOW DUE TO CRASH,"OVER $1,500",FOLLOWING TOO CLOSELY,NOT APPLICABLE,1310,S,WESTERN AVE,2,NO INDICATION OF INJURY,0.0,0.0,0.0,0.0,0.0,5.0,0.0,15,4,5
3c05d2cc93440668f963eda22a9b1e38d0fc109a53cc1df8d37454bea4a76421ac1369f6f8838b79b021fda507d66ba15c81cfde56fab509f95a3e0ae1966ebf,2021-08-02 17:45:00,10,NO CONTROLS,NO CONTROLS,CLEAR,DAYLIGHT,HEAD ON,OTHER,STRAIGHT AND LEVEL,DRY,NO DEFECTS,NO INJURY / DRIVE AWAY,"OVER $1,500",DISTRACTION - FROM OUTSIDE VEHICLE,UNABLE TO DETERMINE,3803,W,ROOSEVELT RD,2,NO INDICATION OF INJURY,0.0,0.0,0.0,0.0,0.0,2.0,0.0,17,2,8
361e709bb7becae792e0893e1456375098b72a4560f40abd4aabda6dea9de74aec75145731266b0d9bb2f5b5a3c530f395204b182fa3997f7d0bb3b4b62a9a96,2021-02-27 15:30:00,30,NO CONTROLS,NO CONTROLS,CLEAR,DAYLIGHT,SIDESWIPE SAME DIRECTION,NOT DIVIDED,STRAIGHT AND LEVEL,SNOW OR SLUSH,NO DEFECTS,NO INJURY / DRIVE AWAY,"$501 - $1,500",UNABLE TO DETERMINE,UNABLE TO DETERMINE,1439,W,18TH ST,2,NO INDICATION OF INJURY,0.0,0.0,0.0,0.0,0.0,2.0,0.0,15,7,2
8e1b7967001fa8de378f8320ca4d25f2157b4beaf3dc4c887416c780f32c5cd41d8e1551c4c995484425e4fb5696da530648e9d417ecf581fec6dd31b004a77b,2017-10-16 11:45:00,30,NO CONTROLS,NO CONTROLS,CLEAR,DAYLIGHT,PEDESTRIAN,NOT DIVIDED,STRAIGHT AND LEVEL,DRY,NO DEFECTS,INJURY AND / OR TOW DUE TO CRASH,$500 OR LESS,DRIVING SKILLS/KNOWLEDGE/EXPERIENCE,DRIVING SKILLS/KNOWLEDGE/EXPERIENCE,6500,N,WESTERN AVE,2,"REPORTED, NOT EVIDENT",1.0,0.0,0.0,0.0,1.0,1.0,0.0,11,2,10
086aac649aa3432619ebb75c50a245f0e2b498968999504d638dfa737c755dde632a7e414924e9eca92e0033249bc4cb14a23a791a239e28f5af03f8cdadba8c,2021-11-18 19:20:00,30,NO CONTROLS,NO CONTROLS,CLEAR,"DARKNESS, LIGHTED ROAD",TURNING,DIVIDED - W/MEDIAN (NOT RAISED),STRAIGHT AND LEVEL,DRY,NO DEFECTS,NO INJURY / DRIVE AWAY,"OVER $1,500",UNABLE TO DETERMINE,UNABLE TO DETERMINE,834,E,79TH ST,2,NO INDICATION OF INJURY,0.0,0.0,0.0,0.0,0.0,3.0,0.0,19,5,11