CRASH_RECORD_ID,CRASH_DATE,POSTED_SPEED_LIMIT,TRAFFIC_CONTROL_DEVICE,DEVICE_CONDITION,WEATHER_CONDITION,LIGHTING_CONDITION,FIRST_CRASH_TYPE,TRAFFICWAY_TYPE,ALIGNMENT,ROADWAY_SURFACE_COND,ROAD_DEFECT,CRASH_TYPE,DAMAGE,PRIM_CONTRIBUTORY_CAUSE,SEC_CONTRIBUTORY_CAUSE,STREET_NO,STREET_DIRECTION,STREET_NAME,NUM_UNITS,MOST_SEVERE_INJURY,INJURIES_TOTAL,INJURIES_FATAL,INJURIES_INCAPACITATING,INJURIES_NON_INCAPACITATING,INJURIES_REPORTED_NOT_EVIDENT,INJURIES_NO_INDICATION,INJURIES_UNKNOWN,CRASH_HOUR,CRASH_DAY_OF_WEEK,CRASH_MONTH
0895b079e5ae43639488755bb350b24d43bec7615d1f658cbc2cd16be0de44bf9289c3f5f5c6c671d944d781c78b2ed13d21c7f3f05a27707759a4d3de2f430a,2023-04-21 21:10:00,30,NO CONTROLS,NO CONTROLS,CLEAR,DARKNESS,TURNING,NOT DIVIDED,STRAIGHT AND LEVEL,DRY,NO DEFECTS,INJURY AND / OR TOW DUE TO CRASH,"OVER $1,500",FAILING TO YIELD RIGHT-OF-WAY,UNABLE TO DETERMINE,11658,S,TORRENCE AVE,2,NO INDICATION OF INJURY,0.0,0.0,0.0,0.0,0.0,3.0,0.0,21,6,4
eadc4dd42ed0dcda57d33acb6e8c8a9deb6eb849cea5e3c7abc7fac6862baf724a8830865e698fc0933f8113380b1748dc220f77da5fc59976769a4150dc6c6d,2021-08-27 23:25:00,30,TRAFFIC SIGNAL,FUNCTIONING PROPERLY,CLEAR,"DARKNESS, LIGHTED ROAD",TURNING,NOT DIVIDED,STRAIGHT AND LEVEL,DRY,NO DEFECTS,INJURY AND / OR TOW DUE TO CRASH,"OVER $1,500",FAILING TO YIELD RIGHT-OF-WAY,UNABLE TO DETERMINE,7401,S,CICERO AVE,2,NONINCAPACITATING INJURY,1.0,0.0,0.0,1.0,0.0,2.0,0.0,23,6,8
09e3e5e8b7b45e25dc3a4d97bf584087fe9192dcb1ab400406819b5d7ca1a58d59b6a0270cab29c0289eb546e4c3bdad3de8c7736beab6f80406c04f009275f0,2020-11-02 07:30:00,30,TRAFFIC SIGNAL,FUNCTIONING PROPERLY,CLEAR,DAYLIGHT,ANGLE,FOUR WAY,STRAIGHT AND LEVEL,DRY,UNKNOWN,NO INJURY / DRIVE AWAY,"OVER $1,500",UNABLE TO DETERMINE,UNABLE TO DETERMINE,1800,S,ASHLAND AVE,2,NO INDICATION OF INJURY,0.0,0.0,0.0,0.0,0.0,2.0,0.0,7,2,11
44faae7f93d411c5ec37894c7777538909cd0fc2399fae7388efa6e4fdd45a1121fba91593d22121d7aabb9005f003c95f95db989fb9e625b1c3c1b7886170d9,2018-02-12 20:00:00,30,NO CONTROLS,NO CONTROLS,CLEAR,"DARKNESS, LIGHTED ROAD",SIDESWIPE SAME DIRECTION,NOT DIVIDED,STRAIGHT AND LEVEL,DRY,UNKNOWN,NO INJURY / DRIVE AWAY,$500 OR LESS,DISREGARDING ROAD MARKINGS,DISREGARDING ROAD MARKINGS,420,E,103RD ST,2,NO INDICATION OF INJURY,0.0,0.0,0.0,0.0,0.0,3.0,0.0,20,2,2
5b6a631316f65c3516dc47c90ab1068493a8f73f61ff354d225fbebbcb2f6d37d7f57ab008958190b3095e546ae3a1f0a96460faa2668cde9b8ab6cb72983a61,2017-01-10 21:30:00,35,TRAFFIC SIGNAL,FUNCTIONING PROPERLY,CLEAR,"DARKNESS, LIGHTED ROAD",TURNING,DIVIDED - W/MEDIAN (NOT RAISED),STRAIGHT AND LEVEL,DRY,UNKNOWN,NO INJURY / DRIVE AWAY,"OVER $1,500",EXCEEDING AUTHORIZED SPEED LIMIT,EXCEEDING SAFE SPEED FOR CONDITIONS,5901,S,HALSTED ST,2,NO INDICATION OF INJURY,0.0,0.0,0.0,0.0,0.0,3.0,0.0,21,3,1
f5b3b28e7c1027e57d73380c42e036cc3d4279a3ef9cf5066fa25a1d9280510891e6b298e8bc3147b0583caf8008eb9fc33af8891cae0fe9c6070033b46328e5,2023-10-25 09:00:00,20,NO CONTROLS,NO CONTROLS,RAIN,DAYLIGHT,OTHER OBJECT,OTHER,"CURVE, LEVEL",WET,NO DEFECTS,INJURY AND / OR TOW DUE TO CRASH,"OVER $1,500",UNABLE TO DETERMINE,NOT APPLICABLE,10000,W,OHARE ST,1,NO INDICATION OF INJURY,0.0,0.0,0.0,0.0,0.0,1.0,0.0,9,4,10
955c9ef6fa3b6fe323d7dc0c1ad2f1cc94bc41cf3dddd82f9d00c5afd83ec426a8b20b9c2d4ac7ee184e8ba21a0cb5e88ddb12e156406783a5e183e45060cd42,2022-01-15 11:55:00,30,NO CONTROLS,NO CONTROLS,SNOW,DAYLIGHT,SIDESWIPE SAME DIRECTION,DIVIDED - W/MEDIAN (NOT RAISED),STRAIGHT AND LEVEL,SNOW OR SLUSH,NO DEFECTS,INJURY AND / OR TOW DUE TO CRASH,"OVER $1,500",FAILING TO YIELD RIGHT-OF-WAY,NOT APPLICABLE,2315,N,SACRAMENTO AVE,2,NO INDICATION OF INJURY,0.0,0.0,0.0,0.0,0.0,2.0,0.0,11,7,1
9ee5ed39cbe6613a1e27d5a93ca318e0f6360f0a8f8a1c584e7b59f3c2ca815cedfde4f83b2897cd11c8b3acf5c5e9dbe4206d6a758ca2d82bb9d07e308625ea,2022-08-12 17:50:00,30,NO CONTROLS,NO CONTROLS,CLEAR,DAYLIGHT,PEDALCYCLIST,NOT DIVIDED,STRAIGHT AND LEVEL,DRY,NO DEFECTS,NO INJURY / DRIVE AWAY,$500 OR LESS,IMPROPER BACKING,NOT APPLICABLE,1550,N,MILWAUKEE AVE,2,NO INDICATION OF INJURY,0.0,0.0,0.0,0.0,0.0,2.0,0.0,17,6,8
2e2365c53e958dbc626e0a213ef6076181e4ac0f252afa63100779c4d2732b791f95f33186cfb6c4f0a57d3c2f6b6dd2c5f7c79b59ef7585c2b178f667cdb02b,2019-02-09 12:01:00,30,TRAFFIC SIGNAL,FUNCTIONING PROPERLY,CLEAR,DAYLIGHT,SIDESWIPE SAME DIRECTION,DIVIDED - W/MEDIAN (NOT RAISED),STRAIGHT AND LEVEL,DRY,NO DEFECTS,NO INJURY / DRIVE AWAY,"OVER $1,500",IMPROPER TURNING/NO SIGNAL,DRIVING SKILLS/KNOWLEDGE/EXPERIENCE,1189,S,LARAMIE AVE,2,NO INDICATION OF INJURY,0.0,0.0,0.0,0.0,0.0,3.0,0.0,12,7,2
dcfe322adeef6f46b55089df2c948087a6938b76f898da81ff8667ebad15d0a26fc7d860a3a972af7080c3b1f15dd7e907bbe2ca6896d38f55954b94aefde8b8,2021-04-26 17:03:00,30,TRAFFIC SIGNAL,FUNCTIONING PROPERLY,CLEAR,DAYLIGHT,REAR END,NOT DIVIDED,STRAIGHT AND LEVEL,DRY,NO DEFECTS,NO INJURY / DRIVE AWAY,"OVER $1,500",FOLLOWING TOO CLOSELY,NOT APPLICABLE,7200,N,SACRAMENTO AVE,2,NO INDICATION OF INJURY,0.0,0.0,0.0,0.0,0.0,2.0,0.0,17,2,4
8f77c3c8d7824848b18a9c1ade16b80840676bcf05a426dd9bebf0488184158eea0f1efbcf129ad8e0b0d2813b172deb410fe02100fea9590429e556a28aa52b,2022-06-30 06:00:00,30,TRAFFIC SIGNAL,FUNCTIONING PROPERLY,CLEAR,DAYLIGHT,SIDESWIPE SAME DIRECTION,NOT DIVIDED,STRAIGHT AND LEVEL,DRY,UNKNOWN,NO INJURY / DRIVE AWAY,"OVER $1,500",UNABLE TO DETERMINE,NOT APPLICABLE,5500,S,WENTWORTH AVE,2,NO INDICATION OF INJURY,0.0,0.0,0.0,0.0,0.0,3.0,0.0,6,5,6
20123b00900020810f622de25e8629efe5a5648466475a6482aa80a10e73f4b0db6e99c25a7ab5757d0f2985f6e262847e53578c0d59dc74c6061cafce6babd2,2021-10-20 22:00:00,20,NO CONTROLS,NO CONTROLS,CLEAR,"DARKNESS, LIGHTED ROAD",PARKED MOTOR VEHICLE,PARKING LOT,STRAIGHT AND LEVEL,DRY,NO DEFECTS,NO INJURY / DRIVE AWAY,$500 OR LESS,WEATHER,NOT APPLICABLE,1160,N,LARRABEE ST,2,NO INDICATION OF INJURY,0.0,0.0,0.0,0.0,0.0,1.0,0.0,22,4,10
9043d04f7ef0424454dc774ce45ae73c65f5d187fc1165b6da613468fa06afd5f2a070be749367943421f2db51514038d432c291ab621efe603c056e444eee3c,2017-10-02 13:40:00,15,OTHER REG. SIGN,FUNCTIONING PROPERLY,CLEAR,DAYLIGHT,SIDESWIPE SAME DIRECTION,OTHER,STRAIGHT AND LEVEL,DRY,NO DEFECTS,NO INJURY / DRIVE AWAY,"$501 - $1,500",FAILING TO YIELD RIGHT-OF-WAY,UNABLE TO DETERMINE,5700,S,CICERO AVE,2,NO INDICATION OF INJURY,0.0,0.0,0.0,0.0,0.0,4.0,0.0,13,2,10
f815bdb7e8750fbb8d5d8ab78b6ae15fb01c50fea2d766359d066dccf63ed61e313a23a33c6daf38d4dc73c13d5f00b7592d9fd073d28d8b25711a103c16bd60,2023-04-15 17:40:00,30,TRAFFIC SIGNAL,FUNCTIONING PROPERLY,CLEAR,DAYLIGHT,SIDESWIPE SAME DIRECTION,NOT DIVIDED,STRAIGHT AND LEVEL,DRY,UNKNOWN,NO INJURY / DRIVE AWAY,"OVER $1,500",UNDER THE INFLUENCE OF ALCOHOL/DRUGS (USE WHEN ARREST IS EFFECTED),DISREGARDING ROAD MARKINGS,5703,S,CALIFORNIA AVE,4,NO INDICATION OF INJURY,0.0,0.0,0.0,0.0,0.0,7.0,0.0,17,7,4
f0785d9c004d9e4f35401baa7ae07b3715c69a3bf46f0c1f21f45993b450e4e80de0bb62e7565139343685dbc552312a1a4c90f8985fd679a183d12b24a48e34,2024-03-21 15:15:00,30,STOP SIGN/FLASHER,FUNCTIONING PROPERLY,CLEAR,DAYLIGHT,ANGLE,NOT DIVIDED,STRAIGHT AND LEVEL,DRY,NO DEFECTS,NO INJURY / DRIVE AWAY,"$501 - $1,500",DISREGARDING STOP SIGN,NOT APPLICABLE,6700,S,KILDARE AVE,2,NO INDICATION OF INJURY,0.0,0.0,0.0,0.0,0.0,2.0,0.0,15,5,3
870ce52bfa23cfed8fdc00f9c18848a41ab54a36744c77674e337ec17f9430b2fd960a666d71024c1e0b873c314daa20f1f356da786731970de9bacb20748b50,2022-12-21 08:30:00,30,NO CONTROLS,NO CONTROLS,CLEAR,DAYLIGHT,SIDESWIPE SAME DIRECTION,DIVIDED - W/MEDIAN (NOT RAISED),STRAIGHT AND LEVEL,DRY,NO DEFECTS,NO INJURY / DRIVE AWAY,"OVER $1,500","OPERATING VEHICLE IN ERRATIC, RECKLESS, CARELESS, NEGLIGENT OR AGGRESSIVE MANNER",NOT APPLICABLE,1818,E,103RD ST,2,NO INDICATION OF INJURY,0.0,0.0,0.0,0.0,0.0,2.0,0.0,8,4,12
b784b084901e60ffd11acb1e456fd2e385952ddf5672b953971c75b225070237d1907191deb97b5006dfdd3baad9718a710a52137b359b78bf098edd128c956b,2021-08-27 16:40:00,30,NO CONTROLS,NO CONTROLS,CLEAR,DAYLIGHT,REAR END,NOT DIVIDED,STRAIGHT AND LEVEL,DRY,NO DEFECTS,NO INJURY / DRIVE AWAY,"$501 - $1,500",FOLLOWING TOO CLOSELY,NOT APPLICABLE,2106,S,KEDZIE AVE,2,NO INDICATION OF INJURY,0.0,0.0,0.0,0.0,0.0,2.0,0.0,16,6,8
3662415b143afe2cff811290fab8086ac5021a241ae6f02eea52b152319f870bbaa7bb14960de4349e240f490ef3b16aef0613bba9e7d5e00b9912535c45cf68,2018-05-31 11:48:00,30,NO CONTROLS,NO CONTROLS,FOG/SMOKE/HAZE,"DARKNESS, LIGHTED ROAD",PARKED MOTOR VEHICLE,NOT DIVIDED,STRAIGHT AND LEVEL,DRY,NO DEFECTS,NO INJURY / DRIVE AWAY,"$501 - $1,500",NOT APPLICABLE,NOT APPLICABLE,2513,S,ELEANOR ST,2,NO INDICATION OF INJURY,0.0,0.0,0.0,0.0,0.0,1.0,0.0,11,5,5
a7ba6882e02c2ca553d894c3a3b81b808933ff0b79c4a8fc0419094f359bd2e89b1c3c088a97838d85d6e6c69d83c103d7f61c251ac1c2d78cd94f1e312e5fd1,2019-05-11 15:58:00,30,STOP SIGN/FLASHER,FUNCTIONING PROPERLY,CLEAR,DAYLIGHT,ANGLE,DIVIDED - W/MEDIAN (NOT RAISED),STRAIGHT AND LEVEL,DRY,NO DEFECTS,NO INJURY / DRIVE AWAY,$500 OR LESS,UNABLE TO DETERMINE,UNABLE TO DETERMINE,6200,W,BARRY AVE,2,NO INDICATION OF INJURY,0.0,0.0,0.0,0.0,0.0,2.0,0.0,15,7,5
a64d62152cf23127413b943a88f5e17ea96614c1718410d430ffe846245e08ea2c8f1267971b9f76fab9afbaf28f1ef41db73562c52b69aa2688a318c4e06fe2,2017-12-24 03:00:00,30,NO CONTROLS,NO CONTROLS,CLEAR,DARKNESS,PARKED MOTOR VEHICLE,NOT DIVIDED,STRAIGHT AND LEVEL,DRY,NO DEFECTS,INJURY AND / OR TOW DUE TO CRASH,"OVER $1,500",NOT APPLICABLE,NOT APPLICABLE,10731,S,DRAKE AVE,2,NO INDICATION OF INJURY,0.0,0.0,0.0,0.0,0.0,1.0,0.0,3,1,12
ebce9456b1fb68e693121696b12305cc7ecd7bf501f35b246b6c2573b018d214041ebd1ef99f1910634a6148e7747c868c7113611bc3bbbe8443ed0bd12713c8,2023-11-07 07:46:00,30,NO CONTROLS,NO CONTROLS,CLEAR,DAYLIGHT,SIDESWIPE SAME DIRECTION,NOT DIVIDED,STRAIGHT AND LEVEL,DRY,NO DEFECTS,NO INJURY / DRIVE AWAY,"$501 - $1,500",IMPROPER OVERTAKING/PASSING,IMPROPER LANE USAGE,1501,W,74TH ST,2,NO INDICATION OF INJURY,0.0,0.0,0.0,0.0,0.0,2.0,0.0,7,3,11
3aa2657ceb7e40004138731f921be063fd18b1a99ff4bb2a193042723651f6b865142c08515ec2fcf451914a5b4930ae2b567489df6b35b2ae0955526bf1213f,2022-09-25 15:36:00,30,NO CONTROLS,NO CONTROLS,CLEAR,DAYLIGHT,PARKED MOTOR VEHICLE,NOT DIVIDED,STRAIGHT AND LEVEL,DRY,NO DEFECTS,NO INJURY / DRIVE AWAY,"$501 - $1,500",IMPROPER BACKING,NOT APPLICABLE,2136,W,DEVON AVE,2,NO INDICATION OF INJURY,0.0,0.0,0.0,0.0,0.0,3.0,0.0,15,1,9
909ddb47e53e1f59954551cf93be882eb411a84d410464a87b3ef2b48d3cfecba0d1dfe97a763f168c3228f1a33993f6c1feea6845e2d769bb85e30e7ed33a78,2023-03-07 18:59:00,30,NO CONTROLS,NO CONTROLS,UNKNOWN,UNKNOWN,ANGLE,NOT DIVIDED,STRAIGHT AND LEVEL,UNKNOWN,UNKNOWN,NO INJURY / DRIVE AWAY,"$501 - $1,500",UNABLE TO DETERMINE,NOT APPLICABLE,8401,S,PULASKI RD,2,NO INDICATION OF INJURY,0.0,0.0,0.0,0.0,0.0,2.0,0.0,18,3,3
6cf961453d5ab572f829248d768476acfb72363e7d9a6506cd86653d6b4db6e242b5193db0e61bda323d6f47ab3d94acbcf52a43d3910925d1b46c2b076095db,2019-12-16 00:45:00,30,TRAFFIC SIGNAL,FUNCTIONING PROPERLY,CLEAR,"DARKNESS, LIGHTED ROAD",TURNING,FOUR WAY,STRAIGHT AND LEVEL,DRY,NO DEFECTS,NO INJURY / DRIVE AWAY,"OVER $1,500",IMPROPER LANE USAGE,UNABLE TO DETERMINE,58,W,ONTARIO ST,2,NO INDICATION OF INJURY,0.0,0.0,0.0,0.0,0.0,2.0,0.0,0,2,12
e9557c15c5f843410f60a4bd10c6db1139cfdfe4d887dab94e93d0e45e0c9a6bf35c1c5ef7ea90f94a15c21a4de73a38a689ae22dcee83d154a15587deb0f59b,2015-11-14 02:50:00,35,TRAFFIC SIGNAL,FUNCTIONING PROPERLY,CLEAR,"DARKNESS, LIGHTED ROAD",TURNING,ONE-WAY,STRAIGHT AND LEVEL,DRY,NO DEFECTS,NO INJURY / DRIVE AWAY,$500 OR LESS,UNABLE TO DETERMINE,UNABLE TO DETERMINE,304,W,ONTARIO ST,2,NO INDICATION OF INJURY,0.0,0.0,0.0,0.0,0.0,2.0,0.0,2,7,11
934118b24ade9d9966c7ecc21560b479f084d04644fc84f97c0985e95f5e7794751c4f61c3e5d7cd81eaa499d25ded8af9028992969403afddb9d52593636b1d,2017-05-27 23:50:00,30,STOP SIGN/FLASHER,FUNCTIONING PROPERLY,CLEAR,"DARKNESS, LIGHTED ROAD",SIDESWIPE SAME DIRECTION,ONE-WAY,STRAIGHT AND LEVEL,DRY,NO DEFECTS,NO INJURY / DRIVE AWAY,"OVER $1,500","OPERATING VEHICLE IN ERRATIC, RECKLESS, CARELESS, NEGLIGENT OR AGGRESSIVE MANNER",FAILING TO YIELD RIGHT-OF-WAY,340,W,ONTARIO ST,2,NO INDICATION OF INJURY,0.0,0.0,0.0,0.0,0.0,3.0,0.0,23,7,5
f8214c4b1e18d5467a8783d8feec011d0417342ea4184c58c0e00182b208142fdb718c4660177d0d74ae21fd5e6d3146f9447e3a6794fa6051742648da415c1e,2021-03-08 22:53:00,30,NO CONTROLS,NO CONTROLS,CLEAR,"DARKNESS, LIGHTED ROAD",TURNING,NOT DIVIDED,STRAIGHT AND LEVEL,DRY,UNKNOWN,NO INJURY / DRIVE AWAY,"OVER $1,500",IMPROPER TURNING/NO SIGNAL,NOT APPLICABLE,5253,S,DAMEN AVE,2,NO INDICATION OF INJURY,0.0,0.0,0.0,0.0,0.0,2.0,0.0,22,2,3
256155a00ad182ad610b39f3e263e1bb987c10200a8c9e2250a1b3587be6d2f54178cb5851f192252f730eded78b9436ebee774f8bb78d67d054d24c1d01366a,2019-06-29 01:50:00,30,NO CONTROLS,NO CONTROLS,CLEAR,"DARKNESS, LIGHTED ROAD",REAR END,ONE-WAY,STRAIGHT AND LEVEL,DRY,NO DEFECTS,INJURY AND / OR TOW DUE TO CRASH,$500 OR LESS,FAILING TO REDUCE SPEED TO AVOID CRASH,FOLLOWING TOO CLOSELY,5444,W,OHIO ST,2,"REPORTED, NOT EVIDENT",4.0,0.0,0.0,0.0,4.0,2.0,0.0,1,7,6
fce3b5926d839aa7624accbeb9bc620b36618969c436208b0f85e083d01891ae298be41cd0cd7e0487e3114c88e3f9c2747b8a4cbb8570921fc771fa641b3439,2020-11-05 18:11:00,30,NO CONTROLS,UNKNOWN,CLEAR,DARKNESS,ANGLE,NOT DIVIDED,STRAIGHT AND LEVEL,DRY,NO DEFECTS,NO INJURY / DRIVE AWAY,"OVER $1,500",FAILING TO REDUCE SPEED TO AVOID CRASH,DRIVING SKILLS/KNOWLEDGE/EXPERIENCE,5131,N,LINCOLN AVE,2,NO INDICATION OF INJURY,0.0,0.0,0.0,0.0,0.0,2.0,0.0,18,5,11
6f7bd84edd41195aadd68892bf07f67ab4444420dc192e5d75e9d6d61e581117e90bdeb1a9fd41b40d8b32ca47a0eda9fde4965dad52dda2de79a707d63ab0dd,2021-12-07 15:10:00,25,TRAFFIC SIGNAL,FUNCTIONING PROPERLY,CLEAR,DAYLIGHT,REAR END,DIVIDED - W/MEDIAN (NOT RAISED),STRAIGHT AND LEVEL,DRY,NO DEFECTS,INJURY AND / OR TOW DUE TO CRASH,"$501 - $1,500",FOLLOWING TOO CLOSELY,NOT APPLICABLE,1901,W,MONTEREY AVE,2,NONINCAPACITATING INJURY,2.0,0.0,0.0,2.0,0.0,1.0,0.0,15,3,12
d11c84d0e3170b00d57747a46fc6c7e6365ca46bb11b5278096018a070d66a8ebb964d72c5c25613b73f7385ef2c55093c13cfaecdea23fbdecc346329352ce0,2022-05-15 20:41:00,30,TRAFFIC SIGNAL,FUNCTIONING PROPERLY,RAIN,"DARKNESS, LIGHTED ROAD",REAR TO FRONT,OTHER,STRAIGHT AND LEVEL,WET,NO DEFECTS,NO INJURY / DRIVE AWAY,"$501 - $1,500",UNABLE TO DETERMINE,UNABLE TO DETERMINE,9500,S,STONY ISLAND AVE,2,NO INDICATION OF INJURY,0.0,0.0,0.0,0.0,0.0,4.0,0.0,20,1,5
53a6442f16fcdd3ad31fee56da94ac5c776c55854d700a4784d7dc3dd745475072eeec4e643cf70bc77e76c4ab67bb576e3af8a82ace378500dc16cc5c657903,2017-06-13 17:35:00,30,NO CONTROLS,NO CONTROLS,CLEAR,DAYLIGHT,SIDESWIPE SAME DIRECTION,NOT DIVIDED,STRAIGHT AND LEVEL,DRY,NO DEFECTS,NO INJURY / DRIVE AWAY,$500 OR LESS,NOT APPLICABLE,NOT APPLICABLE,3757,W,DEVON AVE,2,NO INDICATION OF INJURY,0.0,0.0,0.0,0.0,0.0,2.0,0.0,17,3,6
aa6474c4a9a755d03b6615c29b1dd165052ac914f238b5d19b12fccaa7ad66f6d15596af29d62dd3ea9ede56fc5dff86816499ef0e7aabe1caa8768c8fdd8018,2017-12-14 11:20:00,30,TRAFFIC SIGNAL,FUNCTIONING PROPERLY,CLEAR,DAYLIGHT,REAR END,DIVIDED - W/MEDIAN (NOT RAISED),STRAIGHT AND LEVEL,DRY,NO DEFECTS,NO INJURY / DRIVE AWAY,"$501 - $1,500",UNABLE TO DETERMINE,NOT APPLICABLE,149,N,LA SALLE ST,2,NO INDICATION OF INJURY,0.0,0.0,0.0,0.0,0.0,3.0,0.0,11,5,12
d5c7b7b93da517f5ff890398623436234635f1de36f12d6e30c619a43415ede2e755d8a2d6e779a37cbf4fa44f1a80a28c1a7e34cda101249db69dc05afcda38,2022-10-15 16:40:00,30,NO CONTROLS,NO CONTROLS,CLEAR,DAYLIGHT,ANGLE,NOT DIVIDED,STRAIGHT AND LEVEL,DRY,NO DEFECTS,INJURY AND / OR TOW DUE TO CRASH,"OVER $1,500",FAILING TO YIELD RIGHT-OF-WAY,UNABLE TO DETERMINE,532,W,119TH ST,2,NO INDICATION OF INJURY,0.0,0.0,0.0,0.0,0.0,2.0,0.0,16,7,10
b2468f65dcdee9ac8106fa525a38af1e02e0079401a08f1d9d1c2533af974ba14abc637f84806c0171baaa342a31dc0458c020c337f1f99844a44760888b3a2b,2021-10-28 06:45:00,30,TRAFFIC SIGNAL,FUNCTIONING PROPERLY,CLEAR,DARKNESS,ANGLE,DIVIDED - W/MEDIAN (NOT RAISED),STRAIGHT AND LEVEL,DRY,NO DEFECTS,INJURY AND / OR TOW DUE TO CRASH,"OVER $1,500",DISREGARDING TRAFFIC SIGNALS,NOT APPLICABLE,2019,S,CANALPORT AVE,2,NO INDICATION OF INJURY,0.0,0.0,0.0,0.0,0.0,2.0,0.0,6,5,10
eb2ea80a3aa6b83f97518102a5fdda5a9355355483a2591b11acbaab1845ec8412fec93290ad4ac841009049e77196964bdd6631896ed0a5f6c6df31ae660235,2018-05-01 14:55:00,30,TRAFFIC SIGNAL,FUNCTIONING PROPERLY,CLEAR,DAYLIGHT,SIDESWIPE SAME DIRECTION,NOT DIVIDED,STRAIGHT AND LEVEL,DRY,NO DEFECTS,NO INJURY / DRIVE AWAY,$500 OR LESS,UNABLE TO DETERMINE,UNABLE TO DETERMINE,6300,S,STEWART AVE,2,NO INDICATION OF INJURY,0.0,0.0,0.0,0.0,0.0,3.0,0.0,14,3,5
0f274d1e9585733fbcbfe618d5c9bd9dfeb70a250932a557afc8b237772551f836c242ca778547bde37d542ca40e976ecd73faa579b9ee2f724b6979d2ffee5a,2020-10-04 01:00:00,30,TRAFFIC SIGNAL,FUNCTIONING PROPERLY,RAIN,"DARKNESS, LIGHTED ROAD",REAR END,NOT DIVIDED,STRAIGHT AND LEVEL,WET,NO DEFECTS,NO INJURY / DRIVE AWAY,"OVER $1,500",UNABLE TO DETERMINE,UNABLE TO DETERMINE,5158,W,BELMONT AVE,2,NO INDICATION OF INJURY,0.0,0.0,0.0,0.0,0.0,3.0,0.0,1,1,10
128372f09aef9754fbacac49532bcfbc840fa05d711faf58463890713d05111656c0ccd9d83046b54ec5bdee398326669d9182ebc0fd58318211b997e315f178,2016-04-09 16:40:00,45,UNKNOWN,UNKNOWN,UNKNOWN,UNKNOWN,SIDESWIPE SAME DIRECTION,OTHER,STRAIGHT AND LEVEL,UNKNOWN,UNKNOWN,NO INJURY / DRIVE AWAY,"OVER $1,500",UNABLE TO DETERMINE,NOT APPLICABLE,732,N,LAKE SHORE DR,2,NO INDICATION OF INJURY,0.0,0.0,0.0,0.0,0.0,2.0,0.0,16,7,4
fffc4c75ac2bd6171c4c9f52efd3f30197936c26d21c91bddd2d5cd96d69ed668b47713e92be4bd6f82aa74f4b4db9806f53ffb1cf3f8fec37eb56e07fd06dd3,2017-01-01 03:35:00,30,NO CONTROLS,NO CONTROLS,CLEAR,"DARKNESS, LIGHTED ROAD",SIDESWIPE SAME DIRECTION,NOT DIVIDED,STRAIGHT AND LEVEL,DRY,NO DEFECTS,NO INJURY / DRIVE AWAY,"$501 - $1,500",IMPROPER LANE USAGE,IMPROPER OVERTAKING/PASSING,370,E,71ST ST,2,NO INDICATION OF INJURY,0.0,0.0,0.0,0.0,0.0,2.0,0.0,3,1,1
1cbf9c4516eaa94dd108702171fbd1584272078339f5de60156db0fdacda795d85d98e15d1429b91f608073afe84a87652c957a9a3dbeaa9dc571eaf44e7dee8,2021-04-02 00:30:00,40,NO CONTROLS,NO CONTROLS,CLEAR,"DARKNESS, LIGHTED ROAD",REAR END,DIVIDED - W/MEDIAN BARRIER,STRAIGHT AND LEVEL,DRY,NO DEFECTS,INJURY AND / OR TOW DUE TO CRASH,"OVER $1,500",EQUIPMENT - VEHICLE CONDITION,NOT APPLICABLE,3700,N,LAKE SHORE DR SB,2,INCAPACITATING INJURY,2.0,0.0,1.0,0.0,1.0,0.0,0.0,0,6,4
edc90e5c189369c5acb576278824c7eb5828337fa86dd5ea9c804e8eacbed14ebcedf14bb938ce67cf8aa43b4980730c3ae83fb38aae2f063b2b0b0c5b2303a8,2018-07-15 21:05:00,45,NO CONTROLS,NO CONTROLS,CLEAR,"DARKNESS, LIGHTED ROAD",SIDESWIPE SAME DIRECTION,DIVIDED - W/MEDIAN BARRIER,STRAIGHT AND LEVEL,DRY,NO DEFECTS,NO INJURY / DRIVE AWAY,"$501 - $1,500",UNABLE TO DETERMINE,NOT APPLICABLE,700,N,LAKE SHORE DR NB,2,NO INDICATION OF INJURY,0.0,0.0,0.0,0.0,0.0,2.0,0.0,21,1,7
4454d9087d4a09d70b8769818731dbb2f076e3cacbcf3310757b6ffa20e5c2e9c88cb5cb727f8aca8e771cf429f1b9ebbc7f57054e07ed03174764ff974fb07e,2022-07-06 07:10:00,30,TRAFFIC SIGNAL,FUNCTIONING IMPROPERLY,CLOUDY/OVERCAST,DAYLIGHT,TURNING,T-INTERSECTION,STRAIGHT AND LEVEL,WET,NO DEFECTS,INJURY AND / OR TOW DUE TO CRASH,"$501 - $1,500",FAILING TO YIELD RIGHT-OF-WAY,NOT APPLICABLE,1220,N,CHERRY AVE,2,NONINCAPACITATING INJURY,1.0,0.0,0.0,1.0,0.0,1.0,0.0,7,4,7
52015b6f8f54628ef3f32b587b92bf94264e101bfa71d96bb50df8a905c8a98ec35ffaf24bc7bce46d4f3922f46d0cb4765fec7d303643a4072b61b600a10034,2020-01-28 18:30:00,30,NO CONTROLS,NO CONTROLS,CLEAR,DAYLIGHT,REAR END,NOT DIVIDED,STRAIGHT AND LEVEL,DRY,NO DEFECTS,NO INJURY / DRIVE AWAY,"$501 - $1,500",NOT APPLICABLE,NOT APPLICABLE,5199,S,CICERO AVE,2,NO INDICATION OF INJURY,0.0,0.0,0.0,0.0,0.0,2.0,0.0,18,3,1