CRASH_RECORD_ID,CRASH_DATE,POSTED_SPEED_LIMIT,TRAFFIC_CONTROL_DEVICE,DEVICE_CONDITION,WEATHER_CONDITION,LIGHTING_CONDITION,FIRST_CRASH_TYPE,TRAFFICWAY_TYPE,ALIGNMENT,ROADWAY_SURFACE_COND,ROAD_DEFECT,CRASH_TYPE,DAMAGE,PRIM_CONTRIBUTORY_CAUSE,SEC_CONTRIBUTORY_CAUSE,STREET_NO,STREET_DIRECTION,STREET_NAME,NUM_UNITS,MOST_SEVERE_INJURY,INJURIES_TOTAL,INJURIES_FATAL,INJURIES_INCAPACITATING,INJURIES_NON_INCAPACITATING,INJURIES_REPORTED_NOT_EVIDENT,INJURIES_NO_INDICATION,INJURIES_UNKNOWN,CRASH_HOUR,CRASH_DAY_OF_WEEK,CRASH_MONTH
7140c814ae96de87263cb390fb40f5dc8802ffdaa5ae9eb1e28ddd6686250b88b298e81cb2aab87dbad6a0dbe9fb9e970b6dfbf8d6f8f492a6a434b289eb77d2,2018-11-08 11:09:00,30,NO CONTROLS,NO CONTROLS,CLEAR,DAYLIGHT,TURNING,NOT DIVIDED,STRAIGHT AND LEVEL,DRY,NO DEFECTS,INJURY AND / OR TOW DUE TO CRASH,"OVER $1,500",FAILING TO YIELD RIGHT-OF-WAY,UNABLE TO DETERMINE,6451,W,DEVON AVE,4,INCAPACITATING INJURY,1.0,0.0,1.0,0.0,0.0,1.0,0.0,11,5,11
b25c09fed3f3a8075c5a7df080f481b26d51d8eae450c4d4fd15a050de63e9123c10f420565fdda56b5aca93a380e16fac754bc6273cda661edcb0bfa193387f,2023-11-16 14:30:00,30,STOP SIGN/FLASHER,FUNCTIONING PROPERLY,CLEAR,DAYLIGHT,ANGLE,FOUR WAY,STRAIGHT AND LEVEL,DRY,NO DEFECTS,NO INJURY / DRIVE AWAY,"$501 - $1,500",UNABLE TO DETERMINE,NOT APPLICABLE,3338,W,BRYN MAWR AVE,2,NO INDICATION OF INJURY,0.0,0.0,0.0,0.0,0.0,2.0,0.0,14,5,11
4cb98d1632c2a45b90318ac1d18bbcbc8ce7667f7591e4294177054c8b86a33c173044734fd48293cf355e8cf37200e2fc722c0dd4d80ed8342982b51b95b27b,2021-04-12 10:55:00,20,NO CONTROLS,NO CONTROLS,CLEAR,DAYLIGHT,OTHER OBJECT,PARKING LOT,STRAIGHT AND LEVEL,DRY,NO DEFECTS,NO INJURY / DRIVE AWAY,$500 OR LESS,UNABLE TO DETERMINE,UNABLE TO DETERMINE,2003,N,PULASKI RD,1,NO INDICATION OF INJURY,0.0,0.0,0.0,0.0,0.0,1.0,0.0,10,2,4
84d65d42b0e0519f25dead2d34deb435ed9b7cdb2751f0edb8ccd01853aca8931edafbf10587059394f413711852cb4354f61f4f58da3e999ad2660ed177d234,2021-02-20 04:25:00,30,TRAFFIC SIGNAL,FUNCTIONING PROPERLY,UNKNOWN,"DARKNESS, LIGHTED ROAD",TURNING,NOT DIVIDED,STRAIGHT AND LEVEL,SNOW OR SLUSH,UNKNOWN,NO INJURY / DRIVE AWAY,"OVER $1,500",DISREGARDING TRAFFIC SIGNALS,NOT APPLICABLE,2742,W,79TH ST,2,NO INDICATION OF INJURY,0.0,0.0,0.0,0.0,0.0,2.0,0.0,4,7,2
7028bad84f00de008893bf004fa07371cb7050a36ca6b3635dbbb7ab6a00f271161cb02107e6ad9ed1e92a8ca23fd282eff35bdeb18915419a056d4917e6badd,2019-01-22 20:45:00,20,NO CONTROLS,NO CONTROLS,SNOW,"DARKNESS, LIGHTED ROAD",FIXED OBJECT,NOT DIVIDED,STRAIGHT AND LEVEL,WET,NO DEFECTS,NO INJURY / DRIVE AWAY,"OVER $1,500",WEATHER,NOT APPLICABLE,5911,S,CORNELL DR,1,NO INDICATION OF INJURY,0.0,0.0,0.0,0.0,0.0,1.0,0.0,20,3,1
3f3afaa3bf1bfc82834086d757f7849b3eb90758115fcee1ee78191d92f35346eea84fcccc4ff6a7f2deb5cbb46ecc80102f557164a1e0b2cb72e11ccb12ce62,2021-08-12 15:00:00,30,TRAFFIC SIGNAL,FUNCTIONING PROPERLY,CLEAR,DAYLIGHT,REAR END,NOT DIVIDED,STRAIGHT AND LEVEL,DRY,NO DEFECTS,NO INJURY / DRIVE AWAY,"OVER $1,500",UNABLE TO DETERMINE,NOT APPLICABLE,2330,W,CERMAK RD,2,NO INDICATION OF INJURY,0.0,0.0,0.0,0.0,0.0,2.0,0.0,15,5,8
d87fd990053cb54de86ff6727395773ac3342d2bb88ecbb8529dcf1bdcb73f3b60d85f8f3a5956d08beb80f7508a228dd17becf8c04d696f7dfda36b4302f28b,2022-12-29 16:15:00,30,NO CONTROLS,NO CONTROLS,OTHER,"DARKNESS, LIGHTED ROAD",PARKED MOTOR VEHICLE,NOT DIVIDED,STRAIGHT AND LEVEL,WET,UNKNOWN,NO INJURY / DRIVE AWAY,"$501 - $1,500",IMPROPER BACKING,NOT APPLICABLE,5419,N,KEDZIE AVE,2,NO INDICATION OF INJURY,0.0,0.0,0.0,0.0,0.0,1.0,0.0,16,5,12
a705d0c66b2ab5b85570f54a880c25445f9e288f2dd66ff3c0393e1691188415c0698c15d30645595f926f4957f827f841e9398a82092b00571890935c0bf54c,2021-06-27 03:15:00,30,TRAFFIC SIGNAL,FUNCTIONING PROPERLY,CLEAR,"DARKNESS, LIGHTED ROAD",TURNING,NOT DIVIDED,STRAIGHT AND LEVEL,DRY,UNKNOWN,NO INJURY / DRIVE AWAY,"OVER $1,500",DISREGARDING TRAFFIC SIGNALS,DISREGARDING TRAFFIC SIGNALS,6698,S,WESTERN AVE,2,NO INDICATION OF INJURY,0.0,0.0,0.0,0.0,0.0,2.0,0.0,3,1,6
deb91edcc8ecdceb6817f10c4c7ee382d8745776637c9ea2c4ded88646ba1fb2583e556a70c3789fcfb53b9860ebe1960be64a22751ba4401f53148e176d60bd,2021-08-23 23:30:00,30,NO CONTROLS,NO CONTROLS,CLEAR,DARKNESS,PARKED MOTOR VEHICLE,ONE-WAY,STRAIGHT AND LEVEL,DRY,NO DEFECTS,NO INJURY / DRIVE AWAY,"OVER $1,500",UNABLE TO DETERMINE,UNABLE TO DETERMINE,6258,S,CAMPBELL AVE,2,NO INDICATION OF INJURY,0.0,0.0,0.0,0.0,0.0,1.0,0.0,23,2,8
6277e1ec3b2a4be1c4cabb3cfb6725ab0e9c937eead24e8d8286d5132a4ae4033c39072a609c121c468ff6c0dc4f6244d65f48373ff4531d3f55a7d461463276,2022-11-03 09:46:00,30,UNKNOWN,UNKNOWN,UNKNOWN,DAYLIGHT,PEDESTRIAN,NOT DIVIDED,STRAIGHT AND LEVEL,UNKNOWN,UNKNOWN,INJURY AND / OR TOW DUE TO CRASH,"OVER $1,500",UNABLE TO DETERMINE,UNABLE TO DETERMINE,430,N,DEARBORN ST,2,NONINCAPACITATING INJURY,1.0,0.0,0.0,1.0,0.0,1.0,0.0,9,5,11
4cfac6adb76b56189989a19f678b43bb0806c0c62c43001b6b1bce1c20984ca61a2c50f4cb432dae482811a551d98936944ce7c6e06b46bc706edc543508bf15,2024-01-26 15:06:00,30,TRAFFIC SIGNAL,FUNCTIONING PROPERLY,RAIN,DAYLIGHT,SIDESWIPE SAME DIRECTION,DIVIDED - W/MEDIAN (NOT RAISED),STRAIGHT AND LEVEL,WET,NO DEFECTS,NO INJURY / DRIVE AWAY,"OVER $1,500",IMPROPER OVERTAKING/PASSING,FAILING TO YIELD RIGHT-OF-WAY,1900,S,ASHLAND AVE,2,NO INDICATION OF INJURY,0.0,0.0,0.0,0.0,0.0,2.0,0.0,15,6,1
7b66559055045266d072bd7683027878f6fa576854b84bb27cdaa0cb60bf6c5e4a3437ac4ca7474b9463267558d23608b642dc8c88a468298d2010383090f706,2019-11-17 01:45:00,30,NO CONTROLS,NO CONTROLS,CLEAR,"DARKNESS, LIGHTED ROAD",PARKED MOTOR VEHICLE,NOT DIVIDED,STRAIGHT AND LEVEL,DRY,UNKNOWN,INJURY AND / OR TOW DUE TO CRASH,"OVER $1,500",UNABLE TO DETERMINE,UNABLE TO DETERMINE,2102,W,FOSTER AVE,3,NO INDICATION OF INJURY,0.0,0.0,0.0,0.0,0.0,1.0,0.0,1,1,11
808afae09ef641e2b5d512eec2a81fdd829eb4e45d3a80e2770651be71119a2b94047d9238bb570089569c24832fb69f7bff99287034cd2a1b48019560a15939,2024-02-04 23:00:00,25,NO CONTROLS,NO CONTROLS,UNKNOWN,UNKNOWN,PARKED MOTOR VEHICLE,NOT DIVIDED,STRAIGHT AND LEVEL,UNKNOWN,UNKNOWN,NO INJURY / DRIVE AWAY,"OVER $1,500",UNABLE TO DETERMINE,UNABLE TO DETERMINE,6620,N,RAVENSWOOD AVE,2,NO INDICATION OF INJURY,0.0,0.0,0.0,0.0,0.0,1.0,0.0,23,1,2
7aaa14a9fcbadac22667eb056649e35cbe0273869258b998fc3e0126bb7c5ebf7874a81db5b9839a31aee94a5da78d44233d601d23111b129ccbcfa844601fd8,2022-03-08 15:40:00,30,NO CONTROLS,NO CONTROLS,CLEAR,DAYLIGHT,TURNING,NOT DIVIDED,STRAIGHT AND LEVEL,DRY,NO DEFECTS,INJURY AND / OR TOW DUE TO CRASH,"OVER $1,500",FAILING TO YIELD RIGHT-OF-WAY,IMPROPER TURNING/NO SIGNAL,1646,W,115TH ST,2,NO INDICATION OF INJURY,0.0,0.0,0.0,0.0,0.0,2.0,0.0,15,3,3
98ff4c24e23b9b005c3b698a4dc449a044a47d77be04d8686af185067948707c9ea498e1f3a68c02a43c45b01cfc1e5f114fb32af34f55bd3b432c2742596474,2023-04-12 14:00:00,30,NO CONTROLS,NO CONTROLS,CLEAR,DAYLIGHT,REAR END,DIVIDED - W/MEDIAN (NOT RAISED),STRAIGHT AND LEVEL,DRY,NO DEFECTS,NO INJURY / DRIVE AWAY,"OVER $1,500",FOLLOWING TOO CLOSELY,UNABLE TO DETERMINE,4722,S,WESTERN AVE,2,NO INDICATION OF INJURY,0.0,0.0,0.0,0.0,0.0,2.0,0.0,14,4,4
dcb195dcdca8207a14a5e44abc1a098cc0547f8d10555987a740b2829b4c04c596619c20f4d8a0c6cfc3bdf4f7b9316e97490d476145b8b1faa167734121ab73,2022-08-23 12:00:00,20,NO CONTROLS,NO CONTROLS,CLEAR,DAYLIGHT,PARKED MOTOR VEHICLE,PARKING LOT,STRAIGHT AND LEVEL,DRY,NO DEFECTS,NO INJURY / DRIVE AWAY,"$501 - $1,500",FOLLOWING TOO CLOSELY,DRIVING SKILLS/KNOWLEDGE/EXPERIENCE,1,W,PARKING LOT D ST,2,NO INDICATION OF INJURY,0.0,0.0,0.0,0.0,0.0,2.0,0.0,12,3,8
18258bf4255defb29acbd253136097836f6c3c571f049c0f5b11bbb0e50e1a30aaa552d9a36826f50a9606be57cfa53ac77ac4d13cb957806a23773a9a00dd9d,2023-10-18 16:19:00,30,NO CONTROLS,NO CONTROLS,CLEAR,DAYLIGHT,SIDESWIPE SAME DIRECTION,NOT DIVIDED,STRAIGHT AND LEVEL,DRY,NO DEFECTS,NO INJURY / DRIVE AWAY,$500 OR LESS,UNABLE TO DETERMINE,UNABLE TO DETERMINE,7812,S,STONY ISLAND AVE,2,NO INDICATION OF INJURY,0.0,0.0,0.0,0.0,0.0,3.0,0.0,16,4,10
73ce07897d5b9619b1a44eba39c1203550c4fccd582c9c0f99c04457d84ea0db3b2d1680c547d5d0ad7d96affe9ce695c31b2b2f90384f751599879e916c27a6,2023-07-20 13:20:00,30,NO CONTROLS,NO CONTROLS,CLEAR,DAYLIGHT,PEDESTRIAN,NOT DIVIDED,STRAIGHT AND LEVEL,DRY,UNKNOWN,INJURY AND / OR TOW DUE TO CRASH,"OVER $1,500",UNABLE TO DETERMINE,NOT APPLICABLE,5129,S,KEDZIE AVE,2,INCAPACITATING INJURY,1.0,0.0,1.0,0.0,0.0,1.0,0.0,13,5,7
5effc4ffc18e3e8635301ebc937ec57073b3723664b97353df39f32f830a50908e0d15a059711aafd4b8fea32eb88d66c021d724b79aad2a50b176aa1d9a183c,2022-06-03 16:55:00,30,TRAFFIC SIGNAL,UNKNOWN,CLEAR,DAYLIGHT,REAR END,NOT DIVIDED,STRAIGHT AND LEVEL,DRY,UNKNOWN,NO INJURY / DRIVE AWAY,$500 OR LESS,UNABLE TO DETERMINE,NOT APPLICABLE,3818,W,FULLERTON AVE,2,NO INDICATION OF INJURY,0.0,0.0,0.0,0.0,0.0,4.0,0.0,16,6,6
fc1c717e5f781461511f18d279062673c2c3338272750105f17acaa444deade1fb025c8f54c483a4680362b247569a38ac124ce70a52755735068fefbe791def,2016-11-30 10:45:00,30,NO CONTROLS,NO CONTROLS,CLEAR,DAYLIGHT,REAR END,NOT DIVIDED,STRAIGHT AND LEVEL,DRY,NO DEFECTS,NO INJURY / DRIVE AWAY,$500 OR LESS,FOLLOWING TOO CLOSELY,UNABLE TO DETERMINE,1400,N,LA SALLE DR,2,NO INDICATION OF INJURY,0.0,0.0,0.0,0.0,0.0,2.0,0.0,10,4,11
c8e3fb6f7a4d946cbefc5791cedf563f728966267e700140ffa822002edd42e94f7ac3c2b1f80b156b6c1fd3cbfaa789ea349dec059ab9c444a2ff7a139605c6,2019-01-31 12:08:00,30,UNKNOWN,UNKNOWN,CLEAR,DAYLIGHT,TURNING,NOT DIVIDED,STRAIGHT AND LEVEL,ICE,NO DEFECTS,NO INJURY / DRIVE AWAY,"$501 - $1,500",UNABLE TO DETERMINE,UNABLE TO DETERMINE,3958,W,CHICAGO AVE,2,NO INDICATION OF INJURY,0.0,0.0,0.0,0.0,0.0,3.0,0.0,12,5,1
02765893c8cda1495c8f20d1f9229f7d5b7b29b862e89b12767fcdae299b2a19d314f5039675b30298634dea1266c3b49c7b1a59550c36f238cc1be09838eeef,2016-07-22 15:30:00,30,TRAFFIC SIGNAL,FUNCTIONING PROPERLY,CLEAR,DAYLIGHT,REAR END,NOT DIVIDED,STRAIGHT AND LEVEL,DRY,NO DEFECTS,NO INJURY / DRIVE AWAY,"OVER $1,500",FOLLOWING TOO CLOSELY,NOT APPLICABLE,5150,N,WESTERN AVE,2,NO INDICATION OF INJURY,0.0,0.0,0.0,0.0,0.0,2.0,0.0,15,6,7
e726dbe9e0c553b99d9cde06455eecf9eee973fe82db404f8926a4a2d3d6da2aa2350fabc3ce9ebc5c1de7141a21774ace623012fb88430fe000bf4ec3a51912,2024-04-17 21:08:00,30,NO CONTROLS,NO CONTROLS,CLOUDY/OVERCAST,"DARKNESS, LIGHTED ROAD",SIDESWIPE SAME DIRECTION,DIVIDED - W/MEDIAN BARRIER,STRAIGHT AND LEVEL,DRY,NO DEFECTS,INJURY AND / OR TOW DUE TO CRASH,"OVER $1,500",UNABLE TO DETERMINE,NOT APPLICABLE,3118,S,KEDZIE AVE,4,NONINCAPACITATING INJURY,1.0,0.0,0.0,1.0,0.0,2.0,0.0,21,4,4
9f4a84cc4a96b597630cf84a24df91329c192317b3c3e9e1e8aba775f9f36479648c5c64c1797b7dd0915e84cddfbdf743790349753f6dc9c43714abe52405ef,2018-12-08 17:40:00,30,NO CONTROLS,NO CONTROLS,CLEAR,DARKNESS,REAR END,NOT DIVIDED,STRAIGHT AND LEVEL,DRY,NO DEFECTS,NO INJURY / DRIVE AWAY,$500 OR LESS,FOLLOWING TOO CLOSELY,NOT APPLICABLE,5800,N,HARLEM AVE,2,NO INDICATION OF INJURY,0.0,0.0,0.0,0.0,0.0,2.0,0.0,17,7,12
102a9dab670c2308eff8fea691fe855ded206791d3c1c370360d5b0846ff5d0da4cc28b4f6c104c528f5ce286792cee0d2ca992ce5d344afa41bd92ccf8b7d3c,2021-02-25 11:50:00,30,NO CONTROLS,NO CONTROLS,CLEAR,DAYLIGHT,PARKED MOTOR VEHICLE,NOT DIVIDED,STRAIGHT AND LEVEL,DRY,NO DEFECTS,NO INJURY / DRIVE AWAY,"$501 - $1,500",UNABLE TO DETERMINE,NOT APPLICABLE,3707,W,AUGUSTA BLVD,2,NO INDICATION OF INJURY,0.0,0.0,0.0,0.0,0.0,2.0,0.0,11,5,2
a8a43b6b7785b1ba2e3c61e7253ab001a3b0cf6e64a7bae13d736be0e298d8b21078f6bc0489a971acb4191676636a7e59b6651407c35b69374d2eb9bba6c880,2023-05-03 15:00:00,30,NO CONTROLS,NO CONTROLS,UNKNOWN,UNKNOWN,PARKED MOTOR VEHICLE,ONE-WAY,STRAIGHT AND LEVEL,UNKNOWN,UNKNOWN,NO INJURY / DRIVE AWAY,"$501 - $1,500",UNABLE TO DETERMINE,NOT APPLICABLE,817,W,GUNNISON ST,2,NO INDICATION OF INJURY,0.0,0.0,0.0,0.0,0.0,1.0,0.0,15,4,5
94f409d897466dac39e969ff7f8a6839910aab3ebf90ecd5124065811daf446455bb105fb59187a82014535e25907874d905250d1811aa8cd3970ff4e02ec704,2018-03-06 15:00:00,30,NO CONTROLS,NO CONTROLS,CLEAR,DAYLIGHT,PARKED MOTOR VEHICLE,NOT DIVIDED,STRAIGHT AND LEVEL,DRY,NO DEFECTS,NO INJURY / DRIVE AWAY,"$501 - $1,500",NOT APPLICABLE,NOT APPLICABLE,5049,W,DIVERSEY AVE,2,NO INDICATION OF INJURY,0.0,0.0,0.0,0.0,0.0,1.0,0.0,15,3,3
094ed7e9c682743d9e086ae391cb0072fd3167a69be3429dbb3c9895be0a57a744d4f66e493c90e5db9bea5731b9d116d416dbcf91ec4a6204a2954663bbca18,2024-01-29 19:00:00,15,NO CONTROLS,NO CONTROLS,CLEAR,DAYLIGHT,OTHER OBJECT,PARKING LOT,STRAIGHT AND LEVEL,UNKNOWN,UNKNOWN,NO INJURY / DRIVE AWAY,"$501 - $1,500",UNABLE TO DETERMINE,NOT APPLICABLE,323,S,WESTERN AVE,1,NO INDICATION OF INJURY,0.0,0.0,0.0,0.0,0.0,1.0,0.0,19,2,1
fa27470b078e1bac6f6e824e3eb163292680e1faf910309b950ca0c62a444147f7cb5f419641e03b2762d160f224043b24c91afa69dc476d4e40dad95d82a631,2017-10-30 17:33:00,30,STOP SIGN/FLASHER,FUNCTIONING PROPERLY,CLEAR,DAYLIGHT,ANGLE,NOT DIVIDED,STRAIGHT AND LEVEL,DRY,NO DEFECTS,INJURY AND / OR TOW DUE TO CRASH,"OVER $1,500",UNABLE TO DETERMINE,DRIVING SKILLS/KNOWLEDGE/EXPERIENCE,3027,W,ADDISON ST,2,NO INDICATION OF INJURY,0.0,0.0,0.0,0.0,0.0,2.0,0.0,17,2,10
a206bd07bfe7599d21ea849b044b50c40b0ac84fd2d6b575ec00692932b99315bc95b3d8b060b948908d63d48668fe63fff824644bc7fb08d56c2167e5e9c818,2018-06-13 08:05:00,30,NO CONTROLS,NO CONTROLS,CLEAR,DAYLIGHT,REAR END,NOT DIVIDED,STRAIGHT AND LEVEL,DRY,NO DEFECTS,INJURY AND / OR TOW DUE TO CRASH,"$501 - $1,500",FOLLOWING TOO CLOSELY,DRIVING SKILLS/KNOWLEDGE/EXPERIENCE,1843,W,IRVING PARK RD,2,"REPORTED, NOT EVIDENT",1.0,0.0,0.0,0.0,1.0,1.0,0.0,8,4,6
a41a84d0a76097e97cc2f8b0b1af3ce76bc56b96aa5b19c7044efeb958fca0f151133029a0a1a2088ec7c102db00bf720f0fea66c379ead41a2e915c045c7289,2018-05-15 07:30:00,30,NO CONTROLS,NO CONTROLS,RAIN,DAYLIGHT,SIDESWIPE SAME DIRECTION,DIVIDED - W/MEDIAN BARRIER,STRAIGHT AND LEVEL,DRY,OTHER,NO INJURY / DRIVE AWAY,"$501 - $1,500",UNABLE TO DETERMINE,UNABLE TO DETERMINE,5600,S,CICERO AVE,2,NO INDICATION OF INJURY,0.0,0.0,0.0,0.0,0.0,2.0,0.0,7,3,5
2a87905cae78f0d0f5839ba4823acc9a08bf59ebcbcea940c0c9aa0fcf549697f6feef3242f2819de366eecb09ba70a77b7bf32cdd46236809293733a023149e,2023-08-01 20:28:00,30,NO CONTROLS,NO CONTROLS,CLEAR,"DARKNESS, LIGHTED ROAD",FIXED OBJECT,ONE-WAY,STRAIGHT AND LEVEL,DRY,NO DEFECTS,INJURY AND / OR TOW DUE TO CRASH,$500 OR LESS,PHYSICAL CONDITION OF DRIVER,NOT APPLICABLE,5360,S,LOWE AVE,1,NO INDICATION OF INJURY,0.0,0.0,0.0,0.0,0.0,1.0,0.0,20,3,8
d22cc4de71ed13a76e297298553ccb8a3b63d3eb6b2f217f39ba474f37a28e478091cba3caba905aa2faababd85794aced68ca94df118fca76e36fcdc3747273,2019-11-25 12:00:00,30,UNKNOWN,NO CONTROLS,UNKNOWN,UNKNOWN,PARKED MOTOR VEHICLE,UNKNOWN,STRAIGHT AND LEVEL,UNKNOWN,UNKNOWN,NO INJURY / DRIVE AWAY,$500 OR LESS,UNABLE TO DETERMINE,NOT APPLICABLE,1414,W,BELLE PLAINE AVE,2,NO INDICATION OF INJURY,0.0,0.0,0.0,0.0,0.0,1.0,0.0,12,2,11
4361cfd58e1b4754d6c7c45f0c53a0154d6170d95a40c72fb5be7d3de22531fa13f63e39ea09d681591908b552af44bf401c500285a3c49ef80811539632c9f5,2021-06-15 21:45:00,20,STOP SIGN/FLASHER,FUNCTIONING PROPERLY,CLEAR,"DARKNESS, LIGHTED ROAD",PARKED MOTOR VEHICLE,NOT DIVIDED,STRAIGHT AND LEVEL,DRY,NO DEFECTS,NO INJURY / DRIVE AWAY,"$501 - $1,500",UNABLE TO DETERMINE,UNABLE TO DETERMINE,2604,E,92ND ST,2,NO INDICATION OF INJURY,0.0,0.0,0.0,0.0,0.0,1.0,0.0,21,3,6
b623637c6924943d0c907b2f38e40ff98f5bf19e9af46b505f3d23fc4b29e6eb6d8be81648a0b30d3a1b2d383120fbeafe38e539dc03c998563ddb9761e094a5,2017-12-27 08:00:00,35,NO CONTROLS,NO CONTROLS,CLEAR,DAYLIGHT,SIDESWIPE SAME DIRECTION,PARKING LOT,STRAIGHT AND LEVEL,DRY,NO DEFECTS,NO INJURY / DRIVE AWAY,"$501 - $1,500",UNABLE TO DETERMINE,UNABLE TO DETERMINE,3857,S,DR MARTIN LUTHER KING JR DR,2,NO INDICATION OF INJURY,0.0,0.0,0.0,0.0,0.0,2.0,0.0,8,4,12
55b4a5f93236a2e23ceae8a33c3170cfa766085c0fb0a3831fbb24a08def4a5c40deca14024a6822afce941bbe0c85ea0679dd6261cf8ca1c72cb871d00c28d9,2020-02-10 09:00:00,30,TRAFFIC SIGNAL,FUNCTIONING PROPERLY,CLEAR,DAYLIGHT,REAR END,NOT DIVIDED,STRAIGHT AND LEVEL,DRY,NO DEFECTS,NO INJURY / DRIVE AWAY,"$501 - $1,500",PHYSICAL CONDITION OF DRIVER,FAILING TO REDUCE SPEED TO AVOID CRASH,1801,S,SACRAMENTO DR,2,NO INDICATION OF INJURY,0.0,0.0,0.0,0.0,0.0,2.0,0.0,9,2,2
f2c8f24e9951916dc8d5f58f326ff61203de8d9347427e5bbcac879eca1175176ef9dd6e23ad39616f91ab58c846e5725b2b76431395d0ac5ffa7c3fa48a7122,2022-12-21 12:15:00,30,NO CONTROLS,NO CONTROLS,CLEAR,DAYLIGHT,REAR END,NOT DIVIDED,STRAIGHT AND LEVEL,DRY,NO DEFECTS,NO INJURY / DRIVE AWAY,"OVER $1,500",FOLLOWING TOO CLOSELY,FOLLOWING TOO CLOSELY,8300,S,VINCENNES AVE,3,NO INDICATION OF INJURY,0.0,0.0,0.0,0.0,0.0,3.0,0.0,12,4,12
b5f5a4b1589a51992d581c0b5abbd21a4b7f998e39d95a29e3a0ea627b815968b2572ee10eaf789a7dc297ab3fa76ea5b30be8aed2c531a414acb281bd3df4eb,2017-05-07 14:12:00,30,TRAFFIC SIGNAL,FUNCTIONING PROPERLY,CLEAR,DAWN,REAR END,DIVIDED - W/MEDIAN (NOT RAISED),STRAIGHT AND LEVEL,DRY,NO DEFECTS,NO INJURY / DRIVE AWAY,$500 OR LESS,FOLLOWING TOO CLOSELY,UNABLE TO DETERMINE,30,W,87TH ST,2,NO INDICATION OF INJURY,0.0,0.0,0.0,0.0,0.0,2.0,0.0,14,1,5
79a163c73c810a3afdc1bf72c5e4452a9d6ceefc5c2853398084ab65c1bc103dfd298cc2954608468182e6b87115bbfbbc0887562db937a82487adcf81feaac8,2018-08-23 00:44:00,30,NO CONTROLS,NO CONTROLS,CLEAR,"DARKNESS, LIGHTED ROAD",FIXED OBJECT,DIVIDED - W/MEDIAN (NOT RAISED),STRAIGHT AND LEVEL,DRY,NO DEFECTS,INJURY AND / OR TOW DUE TO CRASH,"OVER $1,500",UNABLE TO DETERMINE,NOT APPLICABLE,429,W,83RD ST,1,NO INDICATION OF INJURY,0.0,0.0,0.0,0.0,0.0,4.0,0.0,0,5,8
c55f9bb48654093e46b59630800270eec13655e02d2accd35bd33ce273a1a478b21c3c0a10f75ed603355e224e8c3318c7eb896028b70ef40c67079bcb5a94c7,2023-03-12 11:15:00,30,UNKNOWN,UNKNOWN,UNKNOWN,DAYLIGHT,REAR END,NOT DIVIDED,STRAIGHT AND LEVEL,UNKNOWN,UNKNOWN,NO INJURY / DRIVE AWAY,"OVER $1,500",UNABLE TO DETERMINE,UNABLE TO DETERMINE,4436,N,BROADWAY,2,NO INDICATION OF INJURY,0.0,0.0,0.0,0.0,0.0,2.0,0.0,11,1,3
42d15b2ad06644592583a7466fd186ec54641c351f74061343170f1f3260fa970358a056a4439f1f711892614c6dd3a5c77e40cc034cc9ebc17e4b304f1c8c6a,2018-08-24 13:30:00,30,NO CONTROLS,NO CONTROLS,CLEAR,DAYLIGHT,REAR END,NOT DIVIDED,STRAIGHT AND LEVEL,DRY,NO DEFECTS,NO INJURY / DRIVE AWAY,"OVER $1,500",FOLLOWING TOO CLOSELY,NOT APPLICABLE,1149,S,WESTERN AVE,2,NO INDICATION OF INJURY,0.0,0.0,0.0,0.0,0.0,2.0,0.0,13,6,8
6f3a12c8e6c7c57ea006d3ec2c3e812849a18c003d1b7c9b445398c3c17c58129eed94a98f9ba9bdd201219c7e634349fbe54e03f0db07e05434732d256845bd,2017-03-27 20:56:00,30,NO CONTROLS,NO CONTROLS,CLEAR,DARKNESS,TURNING,ONE-WAY,STRAIGHT AND LEVEL,DRY,NO DEFECTS,NO INJURY / DRIVE AWAY,"OVER $1,500",IMPROPER TURNING/NO SIGNAL,IMPROPER TURNING/NO SIGNAL,150,W,GARFIELD BLVD,2,NO INDICATION OF INJURY,0.0,0.0,0.0,0.0,0.0,3.0,0.0,20,2,3
f943206dc299ea1953bf18b657f41fdfd58b9e5cf16db4ca85d78d7f86ec5b35a3a861acfce37a1f44c76669569d5dfc497dcf2bbf2810c85309bde021477cf4,2023-10-25 13:00:00,30,NO CONTROLS,NO CONTROLS,CLEAR,DAYLIGHT,PARKED MOTOR VEHICLE,NOT DIVIDED,STRAIGHT AND LEVEL,WET,NO DEFECTS,INJURY AND / OR TOW DUE TO CRASH,"OVER $1,500",DRIVING SKILLS/KNOWLEDGE/EXPERIENCE,UNABLE TO DETERMINE,302,W,INSTITUTE PL,2,NO INDICATION OF INJURY,0.0,0.0,0.0,0.0,0.0,1.0,0.0,13,4,10
c11f9dd78271bf97fd924549099b7d0bb3149f4ec0d22c7dbb1f2a392daa8e2d17a2b74f677cbd83495aa5680e7fcc4966eb4040f305ee09eecdc475496a371a,2021-05-01 18:30:00,15,NO CONTROLS,NO CONTROLS,CLEAR,DAYLIGHT,PARKED MOTOR VEHICLE,PARKING LOT,STRAIGHT AND LEVEL,DRY,NO DEFECTS,NO INJURY / DRIVE AWAY,"OVER $1,500",UNABLE TO DETERMINE,NOT APPLICABLE,443,E,34TH ST,2,NO INDICATION OF INJURY,0.0,0.0,0.0,0.0,0.0,1.0,0.0,18,7,5