CRASH_RECORD_ID,CRASH_DATE,POSTED_SPEED_LIMIT,TRAFFIC_CONTROL_DEVICE,DEVICE_CONDITION,WEATHER_CONDITION,LIGHTING_CONDITION,FIRST_CRASH_TYPE,TRAFFICWAY_TYPE,ALIGNMENT,ROADWAY_SURFACE_COND,ROAD_DEFECT,CRASH_TYPE,DAMAGE,PRIM_CONTRIBUTORY_CAUSE,SEC_CONTRIBUTORY_CAUSE,STREET_NO,STREET_DIRECTION,STREET_NAME,NUM_UNITS,MOST_SEVERE_INJURY,INJURIES_TOTAL,INJURIES_FATAL,INJURIES_INCAPACITATING,INJURIES_NON_INCAPACITATING,INJURIES_REPORTED_NOT_EVIDENT,INJURIES_NO_INDICATION,INJURIES_UNKNOWN,CRASH_HOUR,CRASH_DAY_OF_WEEK,CRASH_MONTH
de4413c51c4030f3fb8e973131f3d0caed84e925d60845d5bb57b666e49727bcba65555fb8cceae62fb4e36a2c898ba3bf44e0401e835502ac726191e45e424f,2018-08-24 08:15:00,30,NO CONTROLS,NO CONTROLS,CLOUDY/OVERCAST,DAYLIGHT,FIXED OBJECT,ALLEY,STRAIGHT AND LEVEL,DRY,NO DEFECTS,NO INJURY / DRIVE AWAY,"OVER $1,500",FAILING TO REDUCE SPEED TO AVOID CRASH,NOT APPLICABLE,1450,N,CAMPBELL AVE,1,NO INDICATION OF INJURY,0.0,0.0,0.0,0.0,0.0,1.0,0.0,8,6,8
000a7247e94055c3c517c4ca7cc3e01f384ec1c517c0a9f8d51eb737e1af0fa7339e9f3ece9cd031f1b15a6607cf15be4ed7926807d71a946fac84dfa43bc990,2021-10-01 11:00:00,15,NO CONTROLS,NO CONTROLS,CLEAR,DAYLIGHT,REAR TO SIDE,PARKING LOT,STRAIGHT AND LEVEL,DRY,NO DEFECTS,NO INJURY / DRIVE AWAY,"OVER $1,500",IMPROPER BACKING,UNABLE TO DETERMINE,4626,W,DIVERSEY AVE,2,NO INDICATION OF INJURY,0.0,0.0,0.0,0.0,0.0,3.0,0.0,11,6,10
c22bb36fb3ed5b84852c7b1598e9538b51ee8cf9a1c6bc87bd1e08411e42a7ebc9853d231e144a8010fdfb417f99742c6b6bd3a1940a2de3e93bc59c70b19ecc,2023-01-21 13:45:00,30,NO CONTROLS,NO CONTROLS,CLOUDY/OVERCAST,DAYLIGHT,FIXED OBJECT,ONE-WAY,STRAIGHT AND LEVEL,DRY,NO DEFECTS,INJURY AND / OR TOW DUE TO CRASH,"OVER $1,500",FAILING TO REDUCE SPEED TO AVOID CRASH,UNABLE TO DETERMINE,3758,N,ORIOLE AVE,1,NO INDICATION OF INJURY,0.0,0.0,0.0,0.0,0.0,1.0,0.0,13,7,1
e0e61a282f8346a6c58050d92a8851d9b92827a15f359f8367cdc12e1cb324a925b0f8182483512f90a39afbfd9b9cdd8dfc3a8be204ec0990204dd3bf89d917,2019-09-13 16:15:00,30,NO CONTROLS,NO CONTROLS,CLEAR,DAYLIGHT,SIDESWIPE SAME DIRECTION,ONE-WAY,STRAIGHT AND LEVEL,DRY,NO DEFECTS,NO INJURY / DRIVE AWAY,"OVER $1,500",UNABLE TO DETERMINE,NOT APPLICABLE,333,E,ONTARIO ST,2,NO INDICATION OF INJURY,0.0,0.0,0.0,0.0,0.0,3.0,0.0,16,6,9
40e855fb511a1cc1030fffab3bf78410b8225553778e05d1c015a8fb67802fd64b226deea6440ede275283f3b16a0aefe74277ee64a630f84e52d32aad55cc9a,2019-03-09 13:50:00,30,STOP SIGN/FLASHER,UNKNOWN,RAIN,DAYLIGHT,ANGLE,NOT DIVIDED,STRAIGHT AND LEVEL,WET,UNKNOWN,NO INJURY / DRIVE AWAY,"$501 - $1,500",UNABLE TO DETERMINE,UNABLE TO DETERMINE,8200,S,YATES BLVD,2,NO INDICATION OF INJURY,0.0,0.0,0.0,0.0,0.0,2.0,0.0,13,7,3
561a12a27c3d81e49b87bac1b4efd5d10ce0ecaa8ba75b799f9f7431a2871c858bc8eaf90b1a856a6e2e95d1fe373b583a77309922068789537e6d6b49f3d5ee,2021-08-11 14:00:00,30,NO CONTROLS,NO CONTROLS,CLEAR,DAYLIGHT,PARKED MOTOR VEHICLE,ONE-WAY,STRAIGHT AND LEVEL,DRY,UNKNOWN,NO INJURY / DRIVE AWAY,"OVER $1,500",NOT APPLICABLE,UNABLE TO DETERMINE,4935,S,MICHIGAN AVE,3,NO INDICATION OF INJURY,0.0,0.0,0.0,0.0,0.0,1.0,0.0,14,4,8
539d11059f7eecf8f444c07cd1525aa344c4803816b9fc375169425f39befd2fc92c0ef4c0724400055c30de070351a2a0162891f4559a270d5283e0686bc533,2019-02-13 18:00:00,30,NO CONTROLS,NO CONTROLS,CLEAR,"DARKNESS, LIGHTED ROAD",REAR END,NOT DIVIDED,STRAIGHT AND LEVEL,DRY,NO DEFECTS,NO INJURY / DRIVE AWAY,"$501 - $1,500",UNABLE TO DETERMINE,UNABLE TO DETERMINE,900,N,CLARK ST,2,NO INDICATION OF INJURY,0.0,0.0,0.0,0.0,0.0,2.0,0.0,18,4,2
ce56885d53abafd2bcc10d082b860917bf3c3a3b05da587730529d60124f967664f369e3d8cbf32a9d8d9a457fcdfa3f615f316ed900ee040d1567f2c3c03f6f,2023-01-24 15:40:00,30,STOP SIGN/FLASHER,NO CONTROLS,CLEAR,DAYLIGHT,TURNING,NOT DIVIDED,STRAIGHT AND LEVEL,DRY,NO DEFECTS,NO INJURY / DRIVE AWAY,"OVER $1,500",IMPROPER TURNING/NO SIGNAL,NOT APPLICABLE,6301,N,CLARK ST,2,NO INDICATION OF INJURY,0.0,0.0,0.0,0.0,0.0,2.0,0.0,15,3,1
bc900d21b213762d225faa913b257b497e3b19e3068e652cee6ca3afcbc0636d75cae73b57633cf1fc3155652f4046b053ac45e2bd580360dbef488becd26eda,2023-02-08 18:35:00,30,NO CONTROLS,NO CONTROLS,CLEAR,"DARKNESS, LIGHTED ROAD",PARKED MOTOR VEHICLE,DIVIDED - W/MEDIAN (NOT RAISED),STRAIGHT AND LEVEL,DRY,NO DEFECTS,NO INJURY / DRIVE AWAY,"$501 - $1,500",NOT APPLICABLE,NOT APPLICABLE,309,S,PULASKI RD,2,NO INDICATION OF INJURY,0.0,0.0,0.0,0.0,0.0,2.0,0.0,18,4,2
585e3ecde1d1485eaad4af3ca9891a3e1ff188e426bbcce10aafe3cc6ed1a358009b040433788d02c978024601f64ee1f61fb5daf0a4451554b315c6d3bf8d11,2017-11-07 20:15:00,30,TRAFFIC SIGNAL,FUNCTIONING PROPERLY,CLEAR,"DARKNESS, LIGHTED ROAD",REAR END,NOT DIVIDED,STRAIGHT AND LEVEL,DRY,UNKNOWN,NO INJURY / DRIVE AWAY,"OVER $1,500",FOLLOWING TOO CLOSELY,UNABLE TO DETERMINE,3002,W,DIVERSEY AVE,2,NO INDICATION OF INJURY,0.0,0.0,0.0,0.0,0.0,3.0,0.0,20,3,11
cae5c6c2d170281cc4713f360bde42662a87cd607ba2e13cee0601c7cbef9a6539a2111a44c17bc82639fef8245f2b9e6304518537901b0f3695a6dc515c25f4,2017-09-10 21:00:00,30,NO CONTROLS,FUNCTIONING IMPROPERLY,CLEAR,DARKNESS,REAR END,NOT DIVIDED,STRAIGHT AND LEVEL,DRY,NO DEFECTS,NO INJURY / DRIVE AWAY,"$501 - $1,500",UNABLE TO DETERMINE,NOT APPLICABLE,1501,E,53RD ST,2,NO INDICATION OF INJURY,0.0,0.0,0.0,0.0,0.0,2.0,0.0,21,1,9
44c2b81d25f726d742365096b0fb0f6c4a038dbfbb07174a350ce37490750bbe99a0873b8a4441c7af1bc4c366619ef3390b357d9095009127e3d45ceba5319c,2024-02-29 07:00:00,30,NO CONTROLS,NO CONTROLS,CLEAR,DAYLIGHT,REAR END,DIVIDED - W/MEDIAN BARRIER,STRAIGHT AND LEVEL,DRY,NO DEFECTS,NO INJURY / DRIVE AWAY,"OVER $1,500",IMPROPER LANE USAGE,NOT APPLICABLE,2500,N,LAKE SHORE DR SB,3,NO INDICATION OF INJURY,0.0,0.0,0.0,0.0,0.0,3.0,0.0,7,5,2
37a215843a67b9d2118972242e0ab68232583ffe20401f100ee4de7b8087481f8094ebd7ad6468417477c1b82dec3081b52b429cad17b9954f1ac390e4b5d705,2020-10-18 15:58:00,35,NO CONTROLS,NO CONTROLS,RAIN,DAYLIGHT,FIXED OBJECT,DIVIDED - W/MEDIAN BARRIER,"CURVE, LEVEL",WET,NO DEFECTS,INJURY AND / OR TOW DUE TO CRASH,"OVER $1,500",WEATHER,NOT APPLICABLE,3499,E,89TH ST,1,NO INDICATION OF INJURY,0.0,0.0,0.0,0.0,0.0,1.0,0.0,15,1,10
634f4155a7c67cfcfe3fc615d24dd78a1f57e2b1fa99afc71f4a5c544ccd02d64b63eafae8336ae4b4da76fd102cec54e82b18b290f83325b9c887673f975c87,2022-10-25 16:00:00,25,NO CONTROLS,NO CONTROLS,RAIN,DAYLIGHT,ANGLE,NOT DIVIDED,STRAIGHT AND LEVEL,WET,NO DEFECTS,NO INJURY / DRIVE AWAY,"$501 - $1,500",NOT APPLICABLE,NOT APPLICABLE,3800,W,ROOSEVELT RD,2,NO INDICATION OF INJURY,0.0,0.0,0.0,0.0,0.0,7.0,0.0,16,3,10
a65b75ee66e8bd76b481153d5f93e799bbae87b02ef3b1e310be8dd515e098deff75b4e8e95e69814a2a5e204433be603baf4f4ebaa504409bc6479f26f93cde,2016-07-04 11:00:00,30,STOP SIGN/FLASHER,FUNCTIONING PROPERLY,CLEAR,"DARKNESS, LIGHTED ROAD",PARKED MOTOR VEHICLE,ONE-WAY,STRAIGHT AND LEVEL,DRY,NO DEFECTS,INJURY AND / OR TOW DUE TO CRASH,"OVER $1,500","OPERATING VEHICLE IN ERRATIC, RECKLESS, CARELESS, NEGLIGENT OR AGGRESSIVE MANNER",FAILING TO REDUCE SPEED TO AVOID CRASH,502,N,PEORIA ST,2,NO INDICATION OF INJURY,0.0,0.0,0.0,0.0,0.0,1.0,0.0,11,2,7
38e557f2f95ab65357d4ae5c3f91995d87e23b09ba8da6b265a293764119476851bce0f3414f09fd196f3f357a27f030099d09947a18de3a011be68f0620da7b,2022-11-18 14:30:00,30,NO CONTROLS,NO CONTROLS,SNOW,DAYLIGHT,ANGLE,ALLEY,STRAIGHT AND LEVEL,WET,NO DEFECTS,NO INJURY / DRIVE AWAY,"$501 - $1,500",FAILING TO YIELD RIGHT-OF-WAY,FAILING TO YIELD RIGHT-OF-WAY,255,W,95TH ST,2,NO INDICATION OF INJURY,0.0,0.0,0.0,0.0,0.0,2.0,0.0,14,6,11
efc70c7a68b6a9d5915b7840b50b7f954b3a60c44af20ccc69fbf59fc8f63168624ef821e7d3f68851fccce38252f7830809a0cc82f5871f7ed661c999686e25,2023-03-12 15:26:00,30,NO CONTROLS,NO CONTROLS,RAIN,DAYLIGHT,PARKED MOTOR VEHICLE,PARKING LOT,STRAIGHT AND LEVEL,WET,NO DEFECTS,NO INJURY / DRIVE AWAY,$500 OR LESS,UNABLE TO DETERMINE,UNABLE TO DETERMINE,3227,W,ADDISON ST,2,NO INDICATION OF INJURY,0.0,0.0,0.0,0.0,0.0,3.0,0.0,15,1,3
22f5a88ab9370777b9008acbeeb06878d1ab1bbb8a46a8c83373104aa27e8cc46ecbcf7148aaf5f7f8833326201584bf94b86f33a4d5fd9c6ed8c288935a67b8,2023-02-01 18:30:00,30,TRAFFIC SIGNAL,FUNCTIONING PROPERLY,CLEAR,"DARKNESS, LIGHTED ROAD",REAR END,UNKNOWN,STRAIGHT ON GRADE,DRY,NO DEFECTS,INJURY AND / OR TOW DUE TO CRASH,"$501 - $1,500",UNABLE TO DETERMINE,UNABLE TO DETERMINE,2000,E,95TH ST,2,NO INDICATION OF INJURY,0.0,0.0,0.0,0.0,0.0,2.0,0.0,18,4,2
9360f13f7ef5d14abe41c0c9b8c118cc172d7bf25750554e4c1fa2a950292d325da9001e090b7f596980adc57240da47be7de067f90113d3121e47230c9dff43,2020-05-22 19:45:00,30,NO CONTROLS,NO CONTROLS,CLEAR,UNKNOWN,PARKED MOTOR VEHICLE,NOT DIVIDED,STRAIGHT AND LEVEL,DRY,UNKNOWN,NO INJURY / DRIVE AWAY,"OVER $1,500",UNABLE TO DETERMINE,NOT APPLICABLE,5648,S,WOOD ST,2,NO INDICATION OF INJURY,0.0,0.0,0.0,0.0,0.0,1.0,0.0,19,6,5
e52de91a700f41fa9b1ad4ce9d9b87473717fa520e9cf4ff5892e84110773b336c9d61fb665f78f5c6c50f6ddb9021b6929970d756b9f401c0a0e711ec313e89,2019-01-03 17:30:00,30,NO CONTROLS,NO CONTROLS,UNKNOWN,UNKNOWN,ANGLE,UNKNOWN,STRAIGHT AND LEVEL,UNKNOWN,UNKNOWN,NO INJURY / DRIVE AWAY,"OVER $1,500",UNABLE TO DETERMINE,NOT APPLICABLE,6500,W,DEVON AVE,2,NO INDICATION OF INJURY,0.0,0.0,0.0,0.0,0.0,2.0,0.0,17,5,1
e60ad09107726b3a72b4d3308a6f9535077709aee04e764be7d8b276af05d14bac6a5f963ee758ba89e456d04d13a2591fb20b1bc01f5ecc7fad0b4bd76f120f,2020-05-23 06:05:00,30,NO CONTROLS,NO CONTROLS,CLEAR,DAYLIGHT,PARKED MOTOR VEHICLE,ONE-WAY,STRAIGHT AND LEVEL,DRY,NO DEFECTS,NO INJURY / DRIVE AWAY,"$501 - $1,500",IMPROPER BACKING,NOT APPLICABLE,437,E,72ND ST,2,NO INDICATION OF INJURY,0.0,0.0,0.0,0.0,0.0,1.0,0.0,6,7,5
624811ced01f9eb1dae59bab4d7c3bce8b25b5f641a71bd32bdf157e46864c966d8bc7b692c1a3b0749a51017ea917f126210d0a0d2b008bbdee6f6e2c9352c0,2017-08-23 13:35:00,30,NO CONTROLS,NO CONTROLS,UNKNOWN,DARKNESS,ANGLE,ONE-WAY,STRAIGHT AND LEVEL,DRY,UNKNOWN,NO INJURY / DRIVE AWAY,"$501 - $1,500",NOT APPLICABLE,NOT APPLICABLE,930,E,81ST ST,2,NO INDICATION OF INJURY,0.0,0.0,0.0,0.0,0.0,2.0,0.0,13,4,8
9004e31cb03aff249c513d758fee599c6886c942f0dd741806711938fa2ff5659ef3727eb52cfc3a3c79929a092239ac836e209e860188604fe5f9386754332d,2023-01-25 16:05:00,25,TRAFFIC SIGNAL,FUNCTIONING PROPERLY,RAIN,DAYLIGHT,TURNING,NOT DIVIDED,STRAIGHT AND LEVEL,WET,NO DEFECTS,NO INJURY / DRIVE AWAY,$500 OR LESS,"VISION OBSCURED (SIGNS, TREE LIMBS, BUILDINGS, ETC.)",FAILING TO REDUCE SPEED TO AVOID CRASH,4001,W,MARQUETTE RD,2,NO INDICATION OF INJURY,0.0,0.0,0.0,0.0,0.0,2.0,0.0,16,4,1
de7579ac68b9c59e63a675955c3b52a455572356a8b8a16b4bc525f3c7a3e4fb1518697710ce9d2dc023515f7161c5780e32ccf2a534a9d4bf824ea44b358db2,2020-09-25 07:00:00,30,NO CONTROLS,NO CONTROLS,CLEAR,DAYLIGHT,TURNING,NOT DIVIDED,STRAIGHT AND LEVEL,DRY,NO DEFECTS,NO INJURY / DRIVE AWAY,"OVER $1,500",DISTRACTION - FROM OUTSIDE VEHICLE,NOT APPLICABLE,5600,S,DR MARTIN LUTHER KING JR DR,2,NO INDICATION OF INJURY,0.0,0.0,0.0,0.0,0.0,2.0,0.0,7,6,9
69c8c8267e0104895827f07b6146ebb838310dd170bd1cf1e83074c6bb67d3e3ebf7851a0e94587e858e853bb243d3eb2bd36af79660e746291a8b42936da8f2,2019-04-08 14:03:00,30,TRAFFIC SIGNAL,FUNCTIONING PROPERLY,CLEAR,DAYLIGHT,TURNING,DIVIDED - W/MEDIAN (NOT RAISED),STRAIGHT AND LEVEL,DRY,NO DEFECTS,INJURY AND / OR TOW DUE TO CRASH,"$501 - $1,500",IMPROPER TURNING/NO SIGNAL,NOT APPLICABLE,5701,S,HARLEM AVE,2,NONINCAPACITATING INJURY,2.0,0.0,0.0,2.0,0.0,2.0,0.0,14,2,4
50bee61d7456f9b68cf5bdbb49a232a90fff1e651229f3cd2214d6b315a10acd8717cdb1068d68ea7aa7c24e5d6a63b3ab31743226a1ec043258d96cf7df292b,2019-04-24 00:29:00,35,NO CONTROLS,NO CONTROLS,CLEAR,"DARKNESS, LIGHTED ROAD",FIXED OBJECT,DIVIDED - W/MEDIAN BARRIER,STRAIGHT AND LEVEL,DRY,NO DEFECTS,INJURY AND / OR TOW DUE TO CRASH,"OVER $1,500",UNABLE TO DETERMINE,UNABLE TO DETERMINE,4532,W,CHICAGO AVE,1,NO INDICATION OF INJURY,0.0,0.0,0.0,0.0,0.0,1.0,0.0,0,4,4
e9eefffb359a478b2780cd12d8c63ffe7179313f933e5cd3d7b92887406d4395267b8e0b968fbebc5c192476727267e7cd24a5a857195786ad6b6a0e20d55f74,2019-09-25 16:15:00,30,TRAFFIC SIGNAL,FUNCTIONING PROPERLY,CLEAR,DAYLIGHT,REAR END,DIVIDED - W/MEDIAN (NOT RAISED),STRAIGHT AND LEVEL,DRY,NO DEFECTS,NO INJURY / DRIVE AWAY,$500 OR LESS,UNABLE TO DETERMINE,UNABLE TO DETERMINE,2405,W,IRVING PARK RD,2,NO INDICATION OF INJURY,0.0,0.0,0.0,0.0,0.0,3.0,0.0,16,4,9
f57bb8d819690bd917c33148d897a6561c17566ec5303826440e7dd7f9f98e231bd85d25b5d9c0e3fa6e90dd90e9d4e1ac5b7bd6d402d25aff7607d73f6f8134,2018-01-27 19:15:00,30,NO CONTROLS,NO CONTROLS,CLEAR,DAYLIGHT,SIDESWIPE SAME DIRECTION,OTHER,STRAIGHT AND LEVEL,DRY,NO DEFECTS,NO INJURY / DRIVE AWAY,"OVER $1,500",IMPROPER OVERTAKING/PASSING,IMPROPER LANE USAGE,1,E,DELAWARE PL,2,NO INDICATION OF INJURY,0.0,0.0,0.0,0.0,0.0,3.0,0.0,19,7,1
1ae6e66265467f4dfdce0367e4c6168039fa1643fc914ee0caae985bb9db1fc0d938d2aaef6a97e7936c35ffed012a36c8294c2a7b08ec60e18164bbc61f768b,2022-06-12 08:56:00,30,TRAFFIC SIGNAL,FUNCTIONING PROPERLY,CLOUDY/OVERCAST,DAYLIGHT,TURNING,NOT DIVIDED,STRAIGHT AND LEVEL,DRY,NO DEFECTS,INJURY AND / OR TOW DUE TO CRASH,"OVER $1,500",DISREGARDING TRAFFIC SIGNALS,FAILING TO REDUCE SPEED TO AVOID CRASH,4659,N,ASHLAND AVE,2,NO INDICATION OF INJURY,0.0,0.0,0.0,0.0,0.0,2.0,0.0,8,1,6
994b10071d20eb59899582538762d886f6ae9c26126da3901c90ff80044efd5dbcd660feb9b26535ab8e9a765373836632d6598379281dccf2a3fec6b68689a8,2017-01-22 01:23:00,30,NO CONTROLS,NO CONTROLS,CLEAR,"DARKNESS, LIGHTED ROAD",SIDESWIPE SAME DIRECTION,NOT DIVIDED,STRAIGHT AND LEVEL,DRY,UNKNOWN,NO INJURY / DRIVE AWAY,"OVER $1,500",UNABLE TO DETERMINE,NOT APPLICABLE,10,W,HUBBARD ST,2,NO INDICATION OF INJURY,0.0,0.0,0.0,0.0,0.0,2.0,0.0,1,1,1
9dff187a6225368b9864684d043c4c923f7a541e5497525066a246cd68ce3b5ee48e1c42526d91c057e7fa0725399fc77b65a6857c38783c73640b583f6006e9,2019-09-26 14:00:00,10,NO CONTROLS,NO CONTROLS,CLEAR,DAYLIGHT,PARKED MOTOR VEHICLE,PARKING LOT,STRAIGHT AND LEVEL,DRY,UNKNOWN,NO INJURY / DRIVE AWAY,"OVER $1,500",UNABLE TO DETERMINE,NOT APPLICABLE,6300,S,HALSTED ST,2,NO INDICATION OF INJURY,0.0,0.0,0.0,0.0,0.0,2.0,0.0,14,5,9
5225483e5a31e0a7eb0b1ccba3310a2fbfa66347edde55903fdb04f4ca86fa9babefcb09e7648b909c5d00a7fbd40f9951b47c0e592ef121008617e79f348c5c,2018-03-29 18:30:00,30,NO CONTROLS,NO CONTROLS,CLEAR,"DARKNESS, LIGHTED ROAD",TURNING,DIVIDED - W/MEDIAN (NOT RAISED),STRAIGHT AND LEVEL,DRY,NO DEFECTS,INJURY AND / OR TOW DUE TO CRASH,"OVER $1,500",IMPROPER TURNING/NO SIGNAL,FAILING TO YIELD RIGHT-OF-WAY,4341,N,NARRAGANSETT AVE,2,NO INDICATION OF INJURY,0.0,0.0,0.0,0.0,0.0,2.0,0.0,18,5,3
70061b64254677e2332a8ad3b578d27ba2739100a1a1500d4894c5ad1a7f3c4404b510701fcee181abba0b8058e7ea5e1a6414634c6385629166db8df2fed289,2015-10-31 13:59:00,30,TRAFFIC SIGNAL,FUNCTIONING IMPROPERLY,RAIN,DAYLIGHT,REAR END,DIVIDED - W/MEDIAN (NOT RAISED),STRAIGHT AND LEVEL,WET,UNKNOWN,NO INJURY / DRIVE AWAY,"$501 - $1,500",FOLLOWING TOO CLOSELY,NOT APPLICABLE,1200,S,CLARK ST,2,NO INDICATION OF INJURY,0.0,0.0,0.0,0.0,0.0,2.0,0.0,13,7,10
58270a49b92327be410fc9e57ac1c2858e1eb23d93104c8e0578088d12573a623d75ffeb0e88c234f8d01a7eca2d44c73eb3b8f386818b9ee1e134fa527f0968,2021-07-16 20:00:00,30,NO CONTROLS,NO CONTROLS,UNKNOWN,UNKNOWN,PARKED MOTOR VEHICLE,ONE-WAY,STRAIGHT AND LEVEL,UNKNOWN,NO DEFECTS,NO INJURY / DRIVE AWAY,"OVER $1,500",UNABLE TO DETERMINE,NOT APPLICABLE,9636,S,PARNELL AVE,2,NO INDICATION OF INJURY,0.0,0.0,0.0,0.0,0.0,1.0,0.0,20,6,7
a52ca5458b493b48eee64a48381ffe1a81c42b28e82551e9a1702f755253da3c9622e37f25c5340ee053cca4a2e60a20dc98bc80153c62374da5de8703ce691c,2020-02-19 16:15:00,30,TRAFFIC SIGNAL,FUNCTIONING PROPERLY,CLOUDY/OVERCAST,DAYLIGHT,SIDESWIPE SAME DIRECTION,DIVIDED - W/MEDIAN BARRIER,STRAIGHT AND LEVEL,DRY,UNKNOWN,NO INJURY / DRIVE AWAY,"OVER $1,500",IMPROPER OVERTAKING/PASSING,UNABLE TO DETERMINE,1556,W,HARRISON ST,2,NO INDICATION OF INJURY,0.0,0.0,0.0,0.0,0.0,2.0,0.0,16,4,2
a590fe7b6bff88a74ef7e13fcdb11dc97a94d145b4540302b7a03e0f70a897ceb316913e1933797c3d8a7b7fe930ef4871f18b9876ae8d4bf470fa920757747b,2016-09-04 17:15:00,30,TRAFFIC SIGNAL,FUNCTIONING PROPERLY,CLEAR,DAYLIGHT,REAR END,NOT DIVIDED,STRAIGHT AND LEVEL,DRY,NO DEFECTS,INJURY AND / OR TOW DUE TO CRASH,"OVER $1,500",UNABLE TO DETERMINE,UNABLE TO DETERMINE,343,W,BELMONT AVE,2,"REPORTED, NOT EVIDENT",1.0,0.0,0.0,0.0,1.0,4.0,0.0,17,1,9
0d72690bd5f6b9322f1dcc4ffddb325f8a4714c998ccb1c1d64dfc8f6418bde1131386407896e6195632210929284920e98385a1efac1a5ef6001aedaa3ad2d8,2024-03-15 14:05:00,30,TRAFFIC SIGNAL,FUNCTIONING PROPERLY,CLEAR,DAWN,REAR END,UNKNOWN,STRAIGHT AND LEVEL,DRY,NO DEFECTS,NO INJURY / DRIVE AWAY,$500 OR LESS,UNABLE TO DETERMINE,NOT APPLICABLE,2000,W,76TH ST,2,NO INDICATION OF INJURY,0.0,0.0,0.0,0.0,0.0,2.0,0.0,14,6,3
917cdb030287bde91a397cfcc7feb4ea05e05c745a7526aea122f28449e25b7381a8ec615164b703f94e7687446bb28f43a7e6fb2fb6be06b633a14838bf269f,2022-10-31 22:27:00,30,NO CONTROLS,NO CONTROLS,CLEAR,"DARKNESS, LIGHTED ROAD",PARKED MOTOR VEHICLE,NOT DIVIDED,STRAIGHT AND LEVEL,DRY,NO DEFECTS,NO INJURY / DRIVE AWAY,"OVER $1,500",IMPROPER BACKING,NOT APPLICABLE,88,E,WACKER DR,2,NO INDICATION OF INJURY,0.0,0.0,0.0,0.0,0.0,2.0,0.0,22,2,10
f8e12f61b505022ef3619de0b95c59ff3e9bc8fef1749ef171c91e1e85b4134af1f6718c13ddd8dbe9beed83e22d9cea999306c59c798d6a1a5a826119aeff77,2023-06-04 15:54:00,25,UNKNOWN,UNKNOWN,CLEAR,DAYLIGHT,ANGLE,NOT DIVIDED,STRAIGHT AND LEVEL,DRY,UNKNOWN,NO INJURY / DRIVE AWAY,$500 OR LESS,NOT APPLICABLE,NOT APPLICABLE,2453,N,HALSTED ST,2,NO INDICATION OF INJURY,0.0,0.0,0.0,0.0,0.0,2.0,0.0,15,1,6
262364ad8ee155c8cec03a6d278c832ca744d415598be89988f62d8b5e8f9b389ed9f9475cd5d09c43b60be07d2a5942af75126dad55180c829c4c8c86093321,2019-04-28 12:00:00,25,NO CONTROLS,NO CONTROLS,CLEAR,DAYLIGHT,ANGLE,NOT DIVIDED,STRAIGHT AND LEVEL,DRY,NO DEFECTS,INJURY AND / OR TOW DUE TO CRASH,"OVER $1,500",FAILING TO YIELD RIGHT-OF-WAY,UNABLE TO DETERMINE,7158,S,RICHMOND ST,2,NO INDICATION OF INJURY,0.0,0.0,0.0,0.0,0.0,3.0,0.0,12,1,4
8bf7abf26f6a9ce7b5805f10347c0847c165b54dceea748f0ce7346a96c6f0b47dca26858507f1a8e6846a029b2df3dc22c8e3a4644172b8927e8590c19db341,2023-11-20 17:00:00,30,TRAFFIC SIGNAL,UNKNOWN,RAIN,DUSK,REAR END,FOUR WAY,STRAIGHT AND LEVEL,WET,UNKNOWN,NO INJURY / DRIVE AWAY,"OVER $1,500",FAILING TO REDUCE SPEED TO AVOID CRASH,WEATHER,2157,N,DAMEN AVE,2,NO INDICATION OF INJURY,0.0,0.0,0.0,0.0,0.0,2.0,0.0,17,2,11
7064b3661fbcb999b0185e3d10c90ed991971edf9c77df622c0484a9edb19dabe5f3595fc05ccee9f3f9a60be32e877ca1807dececd6f8dacb6a8241284ed375,2020-06-25 15:43:00,30,NO CONTROLS,NO CONTROLS,CLEAR,DAYLIGHT,PARKED MOTOR VEHICLE,NOT DIVIDED,STRAIGHT AND LEVEL,DRY,NO DEFECTS,NO INJURY / DRIVE AWAY,$500 OR LESS,UNABLE TO DETERMINE,DRIVING SKILLS/KNOWLEDGE/EXPERIENCE,5850,W,BELMONT AVE,2,NO INDICATION OF INJURY,0.0,0.0,0.0,0.0,0.0,1.0,0.0,15,5,6
a0941e77c3b37a4056e706ef3c4831a37a64f801861ac1bfc0c63061359851e365efda93d8186145444a767b5d10538d710c899464dd38ccc416b5c78963768e,2017-09-09 18:43:00,30,NO CONTROLS,NO CONTROLS,CLEAR,DAYLIGHT,SIDESWIPE SAME DIRECTION,NOT DIVIDED,STRAIGHT AND LEVEL,DRY,NO DEFECTS,NO INJURY / DRIVE AWAY,$500 OR LESS,IMPROPER BACKING,DRIVING SKILLS/KNOWLEDGE/EXPERIENCE,4448,S,CALIFORNIA AVE,2,NO INDICATION OF INJURY,0.0,0.0,0.0,0.0,0.0,2.0,0.0,18,7,9
241c7d8fd6e32fea9fa7492dc35c575919487a1612dafcdfc67762a37f2506b986746e7f6972da16f0dffffccc1bbd183d3121dea8e990b5b23fda07074d25f6,2019-03-24 23:30:00,30,TRAFFIC SIGNAL,FUNCTIONING PROPERLY,CLEAR,"DARKNESS, LIGHTED ROAD",REAR END,DIVIDED - W/MEDIAN (NOT RAISED),STRAIGHT AND LEVEL,DRY,NO DEFECTS,NO INJURY / DRIVE AWAY,"OVER $1,500",UNABLE TO DETERMINE,UNABLE TO DETERMINE,6330,S,CICERO AVE,2,NO INDICATION OF INJURY,0.0,0.0,0.0,0.0,0.0,3.0,0.0,23,1,3