CRASH_RECORD_ID,CRASH_DATE,POSTED_SPEED_LIMIT,TRAFFIC_CONTROL_DEVICE,DEVICE_CONDITION,WEATHER_CONDITION,LIGHTING_CONDITION,FIRST_CRASH_TYPE,TRAFFICWAY_TYPE,ALIGNMENT,ROADWAY_SURFACE_COND,ROAD_DEFECT,CRASH_TYPE,DAMAGE,PRIM_CONTRIBUTORY_CAUSE,SEC_CONTRIBUTORY_CAUSE,STREET_NO,STREET_DIRECTION,STREET_NAME,NUM_UNITS,MOST_SEVERE_INJURY,INJURIES_TOTAL,INJURIES_FATAL,INJURIES_INCAPACITATING,INJURIES_NON_INCAPACITATING,INJURIES_REPORTED_NOT_EVIDENT,INJURIES_NO_INDICATION,INJURIES_UNKNOWN,CRASH_HOUR,CRASH_DAY_OF_WEEK,CRASH_MONTH
7b647f5e18d497fadd81956998c00b3c19c1e0b6f7bf1bd33f25d9fd6386dc6968590334efa2c862e6a6709599c7778cbb0614273e0288c57ceb03c0f85b7bf6,2023-12-07 08:30:00,25,STOP SIGN/FLASHER,FUNCTIONING PROPERLY,CLEAR,DAYLIGHT,ANGLE,FOUR WAY,STRAIGHT AND LEVEL,DRY,NO DEFECTS,NO INJURY / DRIVE AWAY,"OVER $1,500",NOT APPLICABLE,NOT APPLICABLE,8000,S,RACINE AVE,2,NO INDICATION OF INJURY,0.0,0.0,0.0,0.0,0.0,2.0,0.0,8,5,12
cc2e0359b9b357aac24cae32ded4802d314bc9e9c1ec2a8de5aa73c006ed84d1b1805359533b39dd8e23ac3c2b241086b55c2a75f5d123e03aacf91afcfcfa20,2016-05-17 15:30:00,30,TRAFFIC SIGNAL,FUNCTIONING PROPERLY,CLEAR,DAYLIGHT,REAR END,DIVIDED - W/MEDIAN (NOT RAISED),STRAIGHT AND LEVEL,DRY,UNKNOWN,NO INJURY / DRIVE AWAY,"OVER $1,500",FOLLOWING TOO CLOSELY,FAILING TO REDUCE SPEED TO AVOID CRASH,4700,S,CALIFORNIA AVE,2,NO INDICATION OF INJURY,0.0,0.0,0.0,0.0,0.0,2.0,0.0,15,3,5
f57ba082344490b4b5b28a7004db89627bd52b8c3525a24a3214984e1bd2d7033a0ef5343fa306dd500942470ee8347d0dd4a57777557ff2c0e1c8ec8f5db798,2020-01-27 12:05:00,20,NO CONTROLS,NO CONTROLS,CLEAR,DAYLIGHT,PARKED MOTOR VEHICLE,ONE-WAY,STRAIGHT AND LEVEL,DRY,NO DEFECTS,NO INJURY / DRIVE AWAY,$500 OR LESS,UNABLE TO DETERMINE,NOT APPLICABLE,2111,W,CATON ST,2,NO INDICATION OF INJURY,0.0,0.0,0.0,0.0,0.0,1.0,0.0,12,2,1
ce705f446b16e1c0d2d6623f6fa961b5f3f0663a5da8ad0ff899c6ccd9062d3272be3eaeffe3e2509e54bd1d8b59dfb303ec0693bc72471e8427ad4a34e208de,2018-02-06 10:00:00,30,NO CONTROLS,NO CONTROLS,CLEAR,"DARKNESS, LIGHTED ROAD",PARKED MOTOR VEHICLE,NOT DIVIDED,STRAIGHT AND LEVEL,DRY,NO DEFECTS,INJURY AND / OR TOW DUE TO CRASH,"OVER $1,500",NOT APPLICABLE,NOT APPLICABLE,1699,W,WALNUT ST,2,NO INDICATION OF INJURY,0.0,0.0,0.0,0.0,0.0,1.0,0.0,10,3,2
4ac9a08260b2149fdc45e13848bf2d0cf39d9f7d8bd9ba4ff15677e618d33b11241eccc6518e8c42f7c1775651d90c5757773023317dc90818ba9a6fa8d8553f,2018-04-02 16:50:00,40,UNKNOWN,UNKNOWN,UNKNOWN,DAYLIGHT,PARKED MOTOR VEHICLE,UNKNOWN,STRAIGHT AND LEVEL,UNKNOWN,UNKNOWN,NO INJURY / DRIVE AWAY,$500 OR LESS,UNABLE TO DETERMINE,UNABLE TO DETERMINE,8300,S,RACINE AVE,2,NO INDICATION OF INJURY,0.0,0.0,0.0,0.0,0.0,2.0,0.0,16,2,4
c9dd4c0866961a15517966d038977203fd6eb5ce8c5e6b450cda02c3c3dd359f7bb8eac9201ccdf47d524b7a0f33d7456908ec9295602d0b3a4b09fff40d05ca,2017-08-31 17:29:00,30,TRAFFIC SIGNAL,FUNCTIONING IMPROPERLY,CLEAR,DAWN,PEDESTRIAN,DIVIDED - W/MEDIAN (NOT RAISED),STRAIGHT AND LEVEL,DRY,NO DEFECTS,INJURY AND / OR TOW DUE TO CRASH,"$501 - $1,500",FAILING TO YIELD RIGHT-OF-WAY,UNABLE TO DETERMINE,3357,W,MONTROSE AVE,2,NONINCAPACITATING INJURY,1.0,0.0,0.0,1.0,0.0,1.0,0.0,17,5,8
964667ad91bb8061883aa48104842c1268a3e2ca6b770a32a3ec3a0967360665dc5503a1d00d0ba585c7b9fcdd6da536b4b14bd93f6340a7684968055ea01757,2016-01-18 11:30:00,30,TRAFFIC SIGNAL,FUNCTIONING PROPERLY,CLEAR,DAYLIGHT,SIDESWIPE SAME DIRECTION,DIVIDED - W/MEDIAN (NOT RAISED),STRAIGHT AND LEVEL,DRY,NO DEFECTS,NO INJURY / DRIVE AWAY,"$501 - $1,500",IMPROPER OVERTAKING/PASSING,UNABLE TO DETERMINE,9101,S,ASHLAND AVE,2,NO INDICATION OF INJURY,0.0,0.0,0.0,0.0,0.0,2.0,0.0,11,2,1
6179fb2092452f5a4e9accf512f8157de81dd240e0a2676b72cca44ca5447284a1428f368ae417984cd72f8bd5f0c81655c5c4df60a35e368da55bf39866ae24,2023-02-12 15:09:00,10,NO CONTROLS,NO CONTROLS,CLEAR,DAYLIGHT,PARKED MOTOR VEHICLE,NOT DIVIDED,STRAIGHT AND LEVEL,DRY,NO DEFECTS,NO INJURY / DRIVE AWAY,"OVER $1,500",UNABLE TO DETERMINE,NOT APPLICABLE,3607,W,FULLERTON AVE,2,NO INDICATION OF INJURY,0.0,0.0,0.0,0.0,0.0,1.0,0.0,15,1,2
cac9222c381ba7c19b91f4ef3a873034cf00fd658aac1c8084edf8ada55570dcac1cab20fb2f30f2790909cf4aaada8b68738e509fee1be1b3a907ba44e26863,2017-09-04 06:00:00,20,NO CONTROLS,NO CONTROLS,CLEAR,"DARKNESS, LIGHTED ROAD",PARKED MOTOR VEHICLE,ONE-WAY,STRAIGHT AND LEVEL,DRY,NO DEFECTS,NO INJURY / DRIVE AWAY,"OVER $1,500",UNABLE TO DETERMINE,NOT APPLICABLE,172,N,LA CROSSE AVE,2,NO INDICATION OF INJURY,0.0,0.0,0.0,0.0,0.0,1.0,0.0,6,2,9
7fa77d0f7f5decca13499e8a328f6987a6cee882409b678fef9b0ba96e466eac15da736a01d9937104e213877443623b4647e134b53c213ba6ef3886a45d966d,2021-06-22 21:50:00,30,NO CONTROLS,NO CONTROLS,CLEAR,"DARKNESS, LIGHTED ROAD",PARKED MOTOR VEHICLE,ONE-WAY,STRAIGHT AND LEVEL,DRY,NO DEFECTS,NO INJURY / DRIVE AWAY,"$501 - $1,500",IMPROPER LANE USAGE,UNABLE TO DETERMINE,8035,S,LAFLIN ST,2,NO INDICATION OF INJURY,0.0,0.0,0.0,0.0,0.0,1.0,0.0,21,3,6
6dd0ad1cf9abe1a1f4f4faf7ae6b0539b847ee32ecd53b6b985d3b377481168be08125a1432f2b123e3ee0391a535a460d8f806dc2a8d2a0ad5c4999410e77ba,2020-12-24 21:08:00,30,UNKNOWN,UNKNOWN,CLEAR,"DARKNESS, LIGHTED ROAD",REAR END,NOT DIVIDED,STRAIGHT AND LEVEL,DRY,NO DEFECTS,INJURY AND / OR TOW DUE TO CRASH,"OVER $1,500",FOLLOWING TOO CLOSELY,NOT APPLICABLE,11500,S,CHAMPLAIN AVE,2,NONINCAPACITATING INJURY,1.0,0.0,0.0,1.0,0.0,1.0,0.0,21,5,12
ee76c70784952581e644d9ca2765105f1b2f6d9dd87741bb8637859b74d3726c9fb20859d8b3798ce668c5e9b1273d7535e056a0297c6da0bfc4c4f30b54072a,2017-06-20 18:00:00,30,NO CONTROLS,NO CONTROLS,CLEAR,DAYLIGHT,SIDESWIPE SAME DIRECTION,NOT DIVIDED,STRAIGHT AND LEVEL,DRY,NO DEFECTS,NO INJURY / DRIVE AWAY,"$501 - $1,500",UNABLE TO DETERMINE,UNABLE TO DETERMINE,600,E,115TH ST,2,NO INDICATION OF INJURY,0.0,0.0,0.0,0.0,0.0,2.0,0.0,18,3,6
30365bc4516d9b068968c8a9e6aa6d072ebcf024d4c4d934657add82d829d2d2a1aa104d1f1d4bfb8bf51cd1c006a536e6922b09db4c839c370a966806cd0184,2017-12-21 14:00:00,30,NO CONTROLS,NO CONTROLS,CLEAR,DUSK,REAR END,NOT DIVIDED,STRAIGHT AND LEVEL,DRY,NO DEFECTS,NO INJURY / DRIVE AWAY,$500 OR LESS,FOLLOWING TOO CLOSELY,NOT APPLICABLE,600,S,PULASKI RD,2,NO INDICATION OF INJURY,0.0,0.0,0.0,0.0,0.0,2.0,0.0,14,5,12
64ad81b9a72a24c2e4c906f826d3465a323ef916fd95d5385a99f69d29a58db6d6d085bbc7082b66bf0cc462f89f9f1aab727597a8a0577eff919c2d14080bcd,2021-02-21 01:00:00,30,NO CONTROLS,NO CONTROLS,SNOW,UNKNOWN,PARKED MOTOR VEHICLE,ONE-WAY,STRAIGHT AND LEVEL,SNOW OR SLUSH,NO DEFECTS,NO INJURY / DRIVE AWAY,$500 OR LESS,UNABLE TO DETERMINE,UNABLE TO DETERMINE,4431,N,CLIFTON AVE,2,NO INDICATION OF INJURY,0.0,0.0,0.0,0.0,0.0,1.0,0.0,1,1,2
cfd1164696f4498291bc861a1a2484100e27f64c1ea9f2212a3cdcd3765e44331f978db0ee6caf92e519224e5f405149f687ace4dd2f1ff991154daa7b290c2c,2024-03-02 17:58:00,30,NO CONTROLS,NO CONTROLS,CLEAR,"DARKNESS, LIGHTED ROAD",PARKED MOTOR VEHICLE,PARKING LOT,STRAIGHT AND LEVEL,DRY,NO DEFECTS,NO INJURY / DRIVE AWAY,"OVER $1,500",UNABLE TO DETERMINE,UNABLE TO DETERMINE,5500,W,MONTROSE AVE,3,NO INDICATION OF INJURY,0.0,0.0,0.0,0.0,0.0,3.0,0.0,17,7,3
2a43f051e268c3910d51eda2c951efbc21dc01fca7a75945bc44d3f58073ac812b225326a892ab1fe4fe4dcc9d1f01c7111f768fdb4c939bdda617ce00b87912,2021-11-11 16:30:00,30,NO CONTROLS,NO CONTROLS,CLEAR,"DARKNESS, LIGHTED ROAD",PARKED MOTOR VEHICLE,NOT DIVIDED,STRAIGHT AND LEVEL,DRY,NO DEFECTS,NO INJURY / DRIVE AWAY,"OVER $1,500",UNABLE TO DETERMINE,NOT APPLICABLE,2240,W,MADISON ST,2,NO INDICATION OF INJURY,0.0,0.0,0.0,0.0,0.0,1.0,0.0,16,5,11
e5fefb3ea14d5ec951c93e8b838f5de83dfaec1e9ca71de37c1f9f499a95b28d873d533a3890a69260cfcdb6c139f2ddb551a758bacce70460242f68f4a6a8a8,2022-12-17 11:00:00,30,NO CONTROLS,NO CONTROLS,CLOUDY/OVERCAST,DAYLIGHT,PARKED MOTOR VEHICLE,ONE-WAY,STRAIGHT AND LEVEL,WET,NO DEFECTS,NO INJURY / DRIVE AWAY,"OVER $1,500",UNABLE TO DETERMINE,NOT APPLICABLE,12409,S,NORMAL AVE,2,NO INDICATION OF INJURY,0.0,0.0,0.0,0.0,0.0,1.0,0.0,11,7,12
9c0d419613333932b886a157c9c8b4cb3118a2c9ce47f13e493c768f861911d395070765e4c3cd078225686e9c243dae1a9fe29fe96434bc41a39f2aea31e9b8,2017-12-24 10:30:00,0,NO CONTROLS,NO CONTROLS,SNOW,DAYLIGHT,PARKED MOTOR VEHICLE,NOT DIVIDED,STRAIGHT AND LEVEL,WET,UNKNOWN,NO INJURY / DRIVE AWAY,"OVER $1,500",UNABLE TO DETERMINE,UNABLE TO DETERMINE,11050,S,CENTRAL PARK AVE,2,NO INDICATION OF INJURY,0.0,0.0,0.0,0.0,0.0,1.0,0.0,10,1,12
a38323a3ad376a6eed6b8cc28382e117c93f19fc195aab6a03951388349db7902a53f47689289f348b001b69d9a0fc2ce15994ab33478d14a00b7b2b75149a14,2018-07-01 05:40:00,30,UNKNOWN,UNKNOWN,UNKNOWN,UNKNOWN,PARKED MOTOR VEHICLE,ONE-WAY,STRAIGHT AND LEVEL,UNKNOWN,UNKNOWN,NO INJURY / DRIVE AWAY,"$501 - $1,500",UNABLE TO DETERMINE,UNABLE TO DETERMINE,6215,N,WINTHROP AVE,2,NO INDICATION OF INJURY,0.0,0.0,0.0,0.0,0.0,1.0,0.0,5,1,7
ae2b8fc5a58690ee142e5860f0c5163b213fecb3f6f78194e4d01c072fe59542474832f1929dba25a77b7ceeb21aaf5b862f3df9f986613ea11a95d66baf3ce9,2021-12-11 12:00:00,30,NO CONTROLS,NO CONTROLS,CLEAR,DAYLIGHT,PARKED MOTOR VEHICLE,NOT DIVIDED,STRAIGHT AND LEVEL,DRY,NO DEFECTS,NO INJURY / DRIVE AWAY,"OVER $1,500",FAILING TO REDUCE SPEED TO AVOID CRASH,DRIVING SKILLS/KNOWLEDGE/EXPERIENCE,6313,S,CALIFORNIA AVE,2,NO INDICATION OF INJURY,0.0,0.0,0.0,0.0,0.0,1.0,0.0,12,7,12
d0c436c153d5f90f41bc40d3a36676e853089f32c7a958cb459a67e6c0a56da4eaae23ef9e9b8a9b899bf679dddfc8940c12ea66b0aa81600914789f09761f77,2023-09-26 17:00:00,30,NO CONTROLS,NO CONTROLS,CLEAR,DAYLIGHT,PARKED MOTOR VEHICLE,NOT DIVIDED,STRAIGHT AND LEVEL,DRY,UNKNOWN,NO INJURY / DRIVE AWAY,"OVER $1,500",UNABLE TO DETERMINE,UNABLE TO DETERMINE,3623,S,HALSTED ST,2,NO INDICATION OF INJURY,0.0,0.0,0.0,0.0,0.0,1.0,0.0,17,3,9
08c0bcde207b5bed5f02b38d625d7d0815b0641871262c9a7b909b18d22781b6e73f2c743cf17fd62f1d59459826c86147073afa9679feaa4c03e9947059fa47,2019-01-14 16:55:00,30,TRAFFIC SIGNAL,FUNCTIONING PROPERLY,CLEAR,DUSK,TURNING,NOT DIVIDED,STRAIGHT AND LEVEL,DRY,NO DEFECTS,INJURY AND / OR TOW DUE TO CRASH,"OVER $1,500",UNABLE TO DETERMINE,NOT APPLICABLE,4500,N,CENTRAL AVE,3,NONINCAPACITATING INJURY,2.0,0.0,0.0,2.0,0.0,1.0,0.0,16,2,1
f5b1682d5801816e26624b0969d3c98403158518af3e5a90acfb03155ef338933aa4ce0032da41611b8412f4c64b371a36cfe0c6f384548f8a0cd5aed1f21831,2017-12-05 14:15:00,25,TRAFFIC SIGNAL,FUNCTIONING PROPERLY,CLEAR,DAYLIGHT,REAR END,UNKNOWN,STRAIGHT AND LEVEL,DRY,NO DEFECTS,NO INJURY / DRIVE AWAY,"$501 - $1,500",UNABLE TO DETERMINE,UNABLE TO DETERMINE,628,W,MADISON ST,2,NO INDICATION OF INJURY,0.0,0.0,0.0,0.0,0.0,2.0,0.0,14,3,12
2dc9bcc99178b606e7ef776ede62abdb9661d577b622d943df3a125777c8f69f8faaf28811b8f95ddbb464cacc3ecc17df226016924cae6614f6451a5cd5ccf7,2019-09-22 00:20:00,30,NO CONTROLS,NO CONTROLS,UNKNOWN,"DARKNESS, LIGHTED ROAD",PARKED MOTOR VEHICLE,NOT DIVIDED,STRAIGHT AND LEVEL,UNKNOWN,NO DEFECTS,INJURY AND / OR TOW DUE TO CRASH,"OVER $1,500",UNABLE TO DETERMINE,UNABLE TO DETERMINE,5325,W,WASHINGTON BLVD,2,NO INDICATION OF INJURY,0.0,0.0,0.0,0.0,0.0,1.0,0.0,0,1,9
cefc7e00f6b147c2f849eaa239d99ecac0ef0b6239c5ca791799068d710a36e401a14984d51fe7b9d11cec63b578574bc7ce4a7d6e0dbb441009c5d7a3f8f721,2019-07-31 10:30:00,30,TRAFFIC SIGNAL,FUNCTIONING PROPERLY,CLEAR,DAYLIGHT,REAR END,NOT DIVIDED,STRAIGHT AND LEVEL,DRY,NO DEFECTS,NO INJURY / DRIVE AWAY,"$501 - $1,500",UNABLE TO DETERMINE,UNABLE TO DETERMINE,598,E,71ST ST,2,NO INDICATION OF INJURY,0.0,0.0,0.0,0.0,0.0,2.0,0.0,10,4,7
acdc99a08921103fbac497c6f6ac7b804ac2242735e06432ec1c51476b090db77e0e1fd72bb929597bad0f85cb318ce3bcce0d4e4435b5eef90f295c227e9a98,2022-08-17 01:00:00,25,NO CONTROLS,NO CONTROLS,CLEAR,DUSK,PARKED MOTOR VEHICLE,DIVIDED - W/MEDIAN (NOT RAISED),STRAIGHT AND LEVEL,DRY,NO DEFECTS,NO INJURY / DRIVE AWAY,"OVER $1,500",UNABLE TO DETERMINE,UNABLE TO DETERMINE,516,E,67TH ST,2,NO INDICATION OF INJURY,0.0,0.0,0.0,0.0,0.0,1.0,0.0,1,4,8
b686885cbc97e1546a0dea6ff9fce84758f5b7bbd14e79dee9a217181a6dcdbad0aa687b13d0f96ce0c5fff3e9507e669679f177f3528165626bc2f4a1829a05,2018-12-15 17:45:00,30,NO CONTROLS,NO CONTROLS,CLEAR,"DARKNESS, LIGHTED ROAD",TURNING,OTHER,STRAIGHT AND LEVEL,DRY,NO DEFECTS,NO INJURY / DRIVE AWAY,"OVER $1,500",IMPROPER BACKING,DRIVING SKILLS/KNOWLEDGE/EXPERIENCE,10532,S,INDIANAPOLIS AVE,2,NO INDICATION OF INJURY,0.0,0.0,0.0,0.0,0.0,2.0,0.0,17,7,12
11ccbe3ced06506e2cda5cd7a2016aaef5804b7f7205d4e361fe6dd0f057f14c4e333805ae0471807897f6608ae5194dbab10434f0847cd9d80069d9dcb840ff,2017-05-05 17:30:00,30,TRAFFIC SIGNAL,UNKNOWN,CLEAR,DAYLIGHT,REAR END,NOT DIVIDED,STRAIGHT AND LEVEL,DRY,UNKNOWN,NO INJURY / DRIVE AWAY,"$501 - $1,500",UNABLE TO DETERMINE,UNABLE TO DETERMINE,11101,S,WESTERN AVE,2,NO INDICATION OF INJURY,0.0,0.0,0.0,0.0,0.0,2.0,0.0,17,6,5
f4c093a4a946a02443dae1d3eed38767e3172ab7fd5849fd803d7cb4cfe54cb08c8db4d2b6bdab86904d726fbff5932511fae3ab255bd898de6d4c3cd9007902,2021-02-20 09:04:00,40,TRAFFIC SIGNAL,FUNCTIONING PROPERLY,CLEAR,DAYLIGHT,FIXED OBJECT,FOUR WAY,CURVE ON HILLCREST,DRY,NO DEFECTS,INJURY AND / OR TOW DUE TO CRASH,"OVER $1,500",UNABLE TO DETERMINE,UNABLE TO DETERMINE,6701,S,SOUTH SHORE DR,1,NONINCAPACITATING INJURY,1.0,0.0,0.0,1.0,0.0,0.0,0.0,9,7,2
c8d46fb55e7b50e8b758ada6c90e537d2cd421a3824bf13d369ca9e43a51a8d02cccea75ebad975f17af6532108084b28b8064053c75402e6ee3f02ec3004e0b,2024-03-01 08:11:00,30,NO CONTROLS,NO CONTROLS,CLEAR,DAYLIGHT,SIDESWIPE SAME DIRECTION,NOT DIVIDED,STRAIGHT AND LEVEL,DRY,NO DEFECTS,NO INJURY / DRIVE AWAY,"OVER $1,500",IMPROPER OVERTAKING/PASSING,DRIVING SKILLS/KNOWLEDGE/EXPERIENCE,2626,W,111TH ST,2,NO INDICATION OF INJURY,0.0,0.0,0.0,0.0,0.0,3.0,0.0,8,6,3
2b69f4ff8dbc18b911165f40f428cd7e81ba5d604473b12ea0ee346b7d4c261db95a909320c729bfe90fccfd48b2e441e08ee17f6c5dc88f5d865b70163a5c5c,2016-02-28 02:30:00,25,NO CONTROLS,NO CONTROLS,CLEAR,"DARKNESS, LIGHTED ROAD",PARKED MOTOR VEHICLE,ONE-WAY,STRAIGHT AND LEVEL,DRY,NO DEFECTS,NO INJURY / DRIVE AWAY,"$501 - $1,500",UNABLE TO DETERMINE,UNABLE TO DETERMINE,6202,S,ST LAWRENCE AVE,2,NO INDICATION OF INJURY,0.0,0.0,0.0,0.0,0.0,1.0,0.0,2,1,2
3d7e29306dded9eaf6ef4dccc395a0ebb42f1ae933deb35efbb3eeaf7fdee0a786d46dd4308d94ed363dd896faca2c2f11454dbda15e94192435e974e0192311,2017-12-20 17:20:00,30,TRAFFIC SIGNAL,FUNCTIONING PROPERLY,CLEAR,"DARKNESS, LIGHTED ROAD",TURNING,DIVIDED - W/MEDIAN (NOT RAISED),STRAIGHT AND LEVEL,DRY,NO DEFECTS,NO INJURY / DRIVE AWAY,$500 OR LESS,FAILING TO YIELD RIGHT-OF-WAY,IMPROPER TURNING/NO SIGNAL,1703,W,ARMITAGE AVE,2,NO INDICATION OF INJURY,0.0,0.0,0.0,0.0,0.0,2.0,0.0,17,4,12
724341ca371050eedda726f0024170e43515dc8d81fabc6a3613f47847999707ab6b50c59b46f9bdbfed1fc154ba86b52815ec10a759faa8ffc622479b04db12,2023-11-30 22:47:00,35,TRAFFIC SIGNAL,UNKNOWN,CLEAR,"DARKNESS, LIGHTED ROAD",REAR END,OTHER,STRAIGHT AND LEVEL,DRY,UNKNOWN,NO INJURY / DRIVE AWAY,"OVER $1,500",FOLLOWING TOO CLOSELY,FOLLOWING TOO CLOSELY,3939,W,79TH ST,2,NO INDICATION OF INJURY,0.0,0.0,0.0,0.0,0.0,2.0,0.0,22,5,11
81490c93b65d284e153ee486f0568a0b0e2e24c50e490c39820482e62acd3ebfbcd0570eb40990483800180263db204e1be3d125caa373af4597ff774d4adcf4,2021-05-03 16:12:00,30,TRAFFIC SIGNAL,FUNCTIONING PROPERLY,CLOUDY/OVERCAST,DAYLIGHT,REAR END,NOT DIVIDED,STRAIGHT AND LEVEL,DRY,NO DEFECTS,NO INJURY / DRIVE AWAY,$500 OR LESS,FOLLOWING TOO CLOSELY,FOLLOWING TOO CLOSELY,1201,S,CALIFORNIA BLVD,2,NO INDICATION OF INJURY,0.0,0.0,0.0,0.0,0.0,2.0,0.0,16,2,5
669f49ae685e4fd2b14d3202fdd29b5622de3fa1b124b4389c15ac890b25f0dcc09c59cb1d6dd2e35ade2d03b696417a4965659a399ab98b6b69868936dd218a,2021-01-27 16:15:00,30,STOP SIGN/FLASHER,FUNCTIONING PROPERLY,CLOUDY/OVERCAST,DAYLIGHT,TURNING,NOT DIVIDED,STRAIGHT AND LEVEL,SNOW OR SLUSH,UNKNOWN,NO INJURY / DRIVE AWAY,"$501 - $1,500",UNABLE TO DETERMINE,NOT APPLICABLE,9100,S,WENTWORTH AVE,2,NO INDICATION OF INJURY,0.0,0.0,0.0,0.0,0.0,2.0,0.0,16,4,1
92dc9627e6172639a8e7cd92b9f36e7a4b9f24e51466a6662766fe7be38ecb7708c3ae2adf6ade9070dcfeff88234c22b29071876af4b8ee7ebe165926ab7dfe,2023-08-11 14:17:00,30,NO CONTROLS,NO CONTROLS,CLEAR,DAYLIGHT,HEAD ON,NOT DIVIDED,STRAIGHT AND LEVEL,DRY,NO DEFECTS,INJURY AND / OR TOW DUE TO CRASH,"OVER $1,500",UNABLE TO DETERMINE,UNABLE TO DETERMINE,4201,W,WASHINGTON BLVD,2,NONINCAPACITATING INJURY,1.0,0.0,0.0,1.0,0.0,1.0,0.0,14,6,8
03d88a9baedd0c644f4296515fc3351b21a8befa1df815bee4936b5c776c8ed7c086a7d661287d8b6a00187da3210dc59352b122d71fb22fbaa19b17ccbe657b,2021-07-01 10:48:00,30,NO CONTROLS,NO CONTROLS,CLEAR,DAYLIGHT,REAR TO SIDE,NOT DIVIDED,STRAIGHT AND LEVEL,DRY,NO DEFECTS,NO INJURY / DRIVE AWAY,"OVER $1,500",UNABLE TO DETERMINE,NOT APPLICABLE,6552,W,ROSCOE ST,2,NO INDICATION OF INJURY,0.0,0.0,0.0,0.0,0.0,3.0,0.0,10,5,7
df33a60515da9665956e4ccdef458375f5a16ec4a5a182dfb6343ba0709a72f05534c9a3cf22be613f09b39ff457c0b6d2404857522a27415e0650b3cba9efab,2022-07-15 09:01:00,20,NO CONTROLS,NO CONTROLS,RAIN,DAYLIGHT,PARKED MOTOR VEHICLE,NOT DIVIDED,STRAIGHT AND LEVEL,WET,NO DEFECTS,NO INJURY / DRIVE AWAY,"OVER $1,500",UNABLE TO DETERMINE,NOT APPLICABLE,3123,W,15TH ST,2,NO INDICATION OF INJURY,0.0,0.0,0.0,0.0,0.0,1.0,0.0,9,6,7
4d055b3e2be3bdb1c686a695804055bd93c1a784e1fff4fd0f9621c6e55d81046d1e323b38ee25c367b785d56a8781338ef368786014003bbb17b268ac2dd1ac,2020-09-01 15:30:00,30,NO CONTROLS,NO CONTROLS,CLEAR,DAYLIGHT,PARKED MOTOR VEHICLE,NOT DIVIDED,STRAIGHT AND LEVEL,DRY,NO DEFECTS,NO INJURY / DRIVE AWAY,"$501 - $1,500",NOT APPLICABLE,NOT APPLICABLE,7521,S,WESTERN AVE,2,NO INDICATION OF INJURY,0.0,0.0,0.0,0.0,0.0,2.0,0.0,15,3,9
96ad3d4e1a50a7ebe901c95a243530914bb9ec7159d440d900146020fbb163c1013d660d5a07b06c14c31483d1cbe58531974f332628bb4f3dc8e0b52c9c68f2,2018-02-22 21:24:00,30,NO CONTROLS,NO CONTROLS,CLEAR,"DARKNESS, LIGHTED ROAD",REAR END,NOT DIVIDED,STRAIGHT AND LEVEL,DRY,NO DEFECTS,NO INJURY / DRIVE AWAY,"OVER $1,500",FOLLOWING TOO CLOSELY,FAILING TO REDUCE SPEED TO AVOID CRASH,648,W,16TH ST,2,NO INDICATION OF INJURY,0.0,0.0,0.0,0.0,0.0,2.0,0.0,21,5,2
ae82f322a94d5f0c650c6e3c67d5f4db803985b2bcd7a6c0e6285abf887f3ccd86034da3061ceb9e810f04b7acb1c7e6c7b5840c123b08c397000eb7dd223b90,2019-06-28 22:55:00,30,TRAFFIC SIGNAL,FUNCTIONING PROPERLY,CLEAR,"DARKNESS, LIGHTED ROAD",TURNING,FOUR WAY,STRAIGHT AND LEVEL,DRY,NO DEFECTS,NO INJURY / DRIVE AWAY,"$501 - $1,500",FAILING TO YIELD RIGHT-OF-WAY,IMPROPER OVERTAKING/PASSING,700,W,ROOSEVELT RD,2,NO INDICATION OF INJURY,0.0,0.0,0.0,0.0,0.0,2.0,0.0,22,6,6
02abd6a009add59f10296b61f429b1da9610e314dc791850c0ee1ab325e00a538ff85e74bf1da7bbb048fd2bd51146e5685fca3dd7e3ccf42bdbf17c63230425,2018-12-22 01:30:00,30,NO CONTROLS,NO CONTROLS,CLEAR,"DARKNESS, LIGHTED ROAD",FIXED OBJECT,NOT DIVIDED,STRAIGHT AND LEVEL,DRY,NO DEFECTS,NO INJURY / DRIVE AWAY,$500 OR LESS,UNDER THE INFLUENCE OF ALCOHOL/DRUGS (USE WHEN ARREST IS EFFECTED),PHYSICAL CONDITION OF DRIVER,2454,S,ASHLAND AVE,1,NO INDICATION OF INJURY,0.0,0.0,0.0,0.0,0.0,1.0,0.0,1,7,12
dc924e6e00b13680028dc35a1ec9e952e7b10eb74281f2c1baf4211f193ac8c8a8d5b4523bd78f71edade82f88a5b5234a3c6161dfe5456e37de3c0a1ae4aa6c,2018-05-24 14:00:00,30,TRAFFIC SIGNAL,FUNCTIONING PROPERLY,CLEAR,DAYLIGHT,REAR END,NOT DIVIDED,STRAIGHT AND LEVEL,DRY,NO DEFECTS,NO INJURY / DRIVE AWAY,"$501 - $1,500",IMPROPER BACKING,IMPROPER BACKING,400,N,CLARK ST,2,NO INDICATION OF INJURY,0.0,0.0,0.0,0.0,0.0,2.0,0.0,14,5,5