CRASH_RECORD_ID,CRASH_DATE,POSTED_SPEED_LIMIT,TRAFFIC_CONTROL_DEVICE,DEVICE_CONDITION,WEATHER_CONDITION,LIGHTING_CONDITION,FIRST_CRASH_TYPE,TRAFFICWAY_TYPE,ALIGNMENT,ROADWAY_SURFACE_COND,ROAD_DEFECT,CRASH_TYPE,DAMAGE,PRIM_CONTRIBUTORY_CAUSE,SEC_CONTRIBUTORY_CAUSE,STREET_NO,STREET_DIRECTION,STREET_NAME,NUM_UNITS,MOST_SEVERE_INJURY,INJURIES_TOTAL,INJURIES_FATAL,INJURIES_INCAPACITATING,INJURIES_NON_INCAPACITATING,INJURIES_REPORTED_NOT_EVIDENT,INJURIES_NO_INDICATION,INJURIES_UNKNOWN,CRASH_HOUR,CRASH_DAY_OF_WEEK,CRASH_MONTH
2661a535ae04e21b15584d6dee47669f03d5d5627a9fa89b04f9261df21b10ef119c0089c1d392ef73427b40c8746c9cdbbee98b7d251687e2717dde873ade1e,2017-02-10 13:25:00,5,NO CONTROLS,NO CONTROLS,CLEAR,DAYLIGHT,ANGLE,PARKING LOT,STRAIGHT AND LEVEL,DRY,NO DEFECTS,NO INJURY / DRIVE AWAY,"$501 - $1,500",DRIVING SKILLS/KNOWLEDGE/EXPERIENCE,UNABLE TO DETERMINE,10900,S,DOTY AVE E,2,NO INDICATION OF INJURY,0.0,0.0,0.0,0.0,0.0,2.0,0.0,13,6,2
a7665f78ce09b54403518de87728d185158bd97cdb592559f40bb0d58bd1b7077f9a553f1e43a5a401d6ef296152482d057f6e2c7cdb4256b77e9d19f9f6de5e,2019-08-21 16:00:00,30,NO CONTROLS,NO CONTROLS,CLEAR,DAYLIGHT,SIDESWIPE SAME DIRECTION,OTHER,STRAIGHT AND LEVEL,DRY,NO DEFECTS,NO INJURY / DRIVE AWAY,"$501 - $1,500",NOT APPLICABLE,NOT APPLICABLE,6800,S,PULASKI RD,2,NO INDICATION OF INJURY,0.0,0.0,0.0,0.0,0.0,2.0,0.0,16,4,8
23cae6341fd02fc5569d755fcbe601b41cf02deeb804e207c07baf35f8fb79d9a874b22021378c4f223d665a20df8374966f2811d34156a80e8e7be5b39f30cc,2019-07-19 12:40:00,30,NO CONTROLS,NO CONTROLS,CLEAR,DAYLIGHT,SIDESWIPE SAME DIRECTION,NOT DIVIDED,STRAIGHT AND LEVEL,DRY,NO DEFECTS,NO INJURY / DRIVE AWAY,"$501 - $1,500",FAILING TO YIELD RIGHT-OF-WAY,NOT APPLICABLE,6425,W,GRAND AVE,2,NO INDICATION OF INJURY,0.0,0.0,0.0,0.0,0.0,2.0,0.0,12,6,7
6753c82d3f1484b0e7ed0762573c45239467b11376e2d534420cb65baff4e87efd1936cf1ef18604b1f83b49a329764a2e0d947d7c88efd6790073e1c365e69b,2022-02-23 14:00:00,30,NO CONTROLS,NO CONTROLS,CLEAR,DAYLIGHT,PARKED MOTOR VEHICLE,NOT DIVIDED,STRAIGHT AND LEVEL,DRY,NO DEFECTS,INJURY AND / OR TOW DUE TO CRASH,"OVER $1,500",UNABLE TO DETERMINE,NOT APPLICABLE,1031,W,WILLOW ST,2,NO INDICATION OF INJURY,0.0,0.0,0.0,0.0,0.0,1.0,0.0,14,4,2
39155126e4942de29d5ceef0dcf0227e22a8cb79851e465938fc3b40f1d414f6684349ff86cd130eeee7a7ccbb13485393e3266806cccb2e7bc68f86c442b446,2019-01-05 23:43:00,30,NO CONTROLS,NO CONTROLS,CLEAR,"DARKNESS, LIGHTED ROAD",PARKED MOTOR VEHICLE,NOT DIVIDED,STRAIGHT AND LEVEL,DRY,NO DEFECTS,NO INJURY / DRIVE AWAY,$500 OR LESS,UNABLE TO DETERMINE,UNABLE TO DETERMINE,2399,N,CALIFORNIA AVE,2,NO INDICATION OF INJURY,0.0,0.0,0.0,0.0,0.0,1.0,0.0,23,7,1
8e4cf7f60dab5c252d3b9967b805c9ec299c169f5c8b4a4d8b050f5ea5cec4cfef0149252dfdf612cc2545acffa122723946c2d728209cf20a26ea3259e9c156,2017-12-29 17:00:00,25,TRAFFIC SIGNAL,FUNCTIONING PROPERLY,SNOW,"DARKNESS, LIGHTED ROAD",REAR END,NOT DIVIDED,STRAIGHT AND LEVEL,WET,UNKNOWN,NO INJURY / DRIVE AWAY,"$501 - $1,500",UNABLE TO DETERMINE,UNABLE TO DETERMINE,3414,S,ARCHER AVE,2,NO INDICATION OF INJURY,0.0,0.0,0.0,0.0,0.0,2.0,0.0,17,6,12
558ac92dbce10722931511008976ed8818fb0beb20a8770aca43334d4c98f84a53e75f9cc5db459f2add1fcd86ebc45dabc290e0b5e394b96e5b7262e1f21cb2,2016-05-10 07:45:00,20,NO CONTROLS,NO CONTROLS,RAIN,DAYLIGHT,PARKED MOTOR VEHICLE,NOT DIVIDED,STRAIGHT AND LEVEL,WET,UNKNOWN,NO INJURY / DRIVE AWAY,$500 OR LESS,"OPERATING VEHICLE IN ERRATIC, RECKLESS, CARELESS, NEGLIGENT OR AGGRESSIVE MANNER",NOT APPLICABLE,6700,S,OGLESBY AVE,2,NO INDICATION OF INJURY,0.0,0.0,0.0,0.0,0.0,1.0,0.0,7,3,5
e3ac701fd1ffdaf06fbcd0611024032fe930ead713bd2a1fa166623cd6b2fb816f24d7dc9e38883e0ab6d0b3009d60d372921efeb7e77022cd41132516fb2774,2020-06-05 16:40:00,30,TRAFFIC SIGNAL,FUNCTIONING PROPERLY,CLEAR,DAYLIGHT,SIDESWIPE SAME DIRECTION,NOT DIVIDED,STRAIGHT AND LEVEL,DRY,NO DEFECTS,NO INJURY / DRIVE AWAY,"OVER $1,500",UNABLE TO DETERMINE,NOT APPLICABLE,2908,W,GRAND AVE,2,NO INDICATION OF INJURY,0.0,0.0,0.0,0.0,0.0,2.0,0.0,16,6,6
452743ffcf3f0877c35c4219a0112a5b31aa16cab21b2964cc694dbfcf1f1c2a2f4b41baf9826e35d7b9fa66a572bf3d012e354d759ae459f42384c2b5e7f6bd,2022-03-23 08:40:00,30,TRAFFIC SIGNAL,FUNCTIONING PROPERLY,CLEAR,DAYLIGHT,TURNING,ONE-WAY,STRAIGHT AND LEVEL,WET,NO DEFECTS,NO INJURY / DRIVE AWAY,"OVER $1,500",IMPROPER TURNING/NO SIGNAL,IMPROPER LANE USAGE,1202,S,UNION AVE,2,NO INDICATION OF INJURY,0.0,0.0,0.0,0.0,0.0,2.0,0.0,8,4,3
84b590ad5d62465b15077c06fbbad572fc28b8ed9fff53fe37ebdecd341ba66c585c46204d1dd2c29ff06a750e8b675ccefd5635b4be4663e530daad0ffbfdfb,2022-05-02 15:00:00,30,NO CONTROLS,NO CONTROLS,RAIN,DAYLIGHT,REAR END,NOT DIVIDED,STRAIGHT AND LEVEL,WET,NO DEFECTS,NO INJURY / DRIVE AWAY,"OVER $1,500",FOLLOWING TOO CLOSELY,FOLLOWING TOO CLOSELY,3900,S,CALIFORNIA AVE,2,NO INDICATION OF INJURY,0.0,0.0,0.0,0.0,0.0,2.0,0.0,15,2,5
e20b81663905120069959bf947b8d6c8e9206ccc3e24b5bf9ba97654f11a880a1a2d6b6179187417a5acbe09b3d317c56688811ede2e2a6ec24edbeb665668d9,2021-03-26 11:50:00,30,NO CONTROLS,NO CONTROLS,CLEAR,DAYLIGHT,TURNING,ONE-WAY,STRAIGHT AND LEVEL,DRY,NO DEFECTS,NO INJURY / DRIVE AWAY,"OVER $1,500",UNABLE TO DETERMINE,UNABLE TO DETERMINE,1900,W,WARREN BLVD,2,NO INDICATION OF INJURY,0.0,0.0,0.0,0.0,0.0,4.0,0.0,11,6,3
f18915ef8d4067fd50383250172da72f816cf0205b5b1536edb26fb6bc06834c3a71fab9588946ffb39e1667e9f59c1d06399d8b434d98144c66919d3d5456b3,2016-08-11 10:05:00,30,UNKNOWN,UNKNOWN,CLEAR,DAYLIGHT,ANGLE,ALLEY,STRAIGHT AND LEVEL,DRY,NO DEFECTS,NO INJURY / DRIVE AWAY,"$501 - $1,500",UNABLE TO DETERMINE,NOT APPLICABLE,612,E,90TH ST,2,NO INDICATION OF INJURY,0.0,0.0,0.0,0.0,0.0,2.0,0.0,10,5,8
522fe0298db4c27e8c86328be9b09bd1acf181cf7571f6f3ab269aae5dba08747f0ddb90bdfb27e206bce9979f79f924473b6f6245a623e4da073ba715599c4d,2016-03-28 07:10:00,30,TRAFFIC SIGNAL,FUNCTIONING PROPERLY,CLOUDY/OVERCAST,DAYLIGHT,SIDESWIPE SAME DIRECTION,NOT DIVIDED,STRAIGHT AND LEVEL,DRY,UNKNOWN,NO INJURY / DRIVE AWAY,$500 OR LESS,IMPROPER OVERTAKING/PASSING,NOT APPLICABLE,6,N,CENTRAL AVE,2,NO INDICATION OF INJURY,0.0,0.0,0.0,0.0,0.0,2.0,0.0,7,2,3
ec9e747e23024a24849e6c50051f71263341b479a5d6c06e2849021a3fefaa057e945da5f68023e884b31f9ed6cb5545d540edcd82365f9988c16513cc726584,2023-06-13 14:00:00,35,TRAFFIC SIGNAL,FUNCTIONING PROPERLY,RAIN,DAYLIGHT,TURNING,FOUR WAY,STRAIGHT AND LEVEL,WET,NO DEFECTS,INJURY AND / OR TOW DUE TO CRASH,"OVER $1,500",FAILING TO YIELD RIGHT-OF-WAY,UNABLE TO DETERMINE,4700,S,STATE ST,2,"REPORTED, NOT EVIDENT",1.0,0.0,0.0,0.0,1.0,2.0,0.0,14,3,6
4697e3eb911b4c3a9a76ac6206ab46695d3f90fd8e07177b9ab2637b37b8dda652746d968e4f4ab8f3e93f581f81bfd703385b1fa74cdb42631066082ccccc14,2018-01-06 11:16:00,30,TRAFFIC SIGNAL,FUNCTIONING PROPERLY,CLEAR,DAYLIGHT,REAR END,DIVIDED - W/MEDIAN (NOT RAISED),STRAIGHT AND LEVEL,DRY,NO DEFECTS,NO INJURY / DRIVE AWAY,"OVER $1,500",FOLLOWING TOO CLOSELY,FAILING TO YIELD RIGHT-OF-WAY,11600,W,IRVING PARK RD,2,NO INDICATION OF INJURY,0.0,0.0,0.0,0.0,0.0,2.0,0.0,11,7,1
b770ec9f39e818308c8860d27dea5771722879114b6f7a8927f6e27b9e91c2aa6b199f31cfd4814e9de288f62241278da2990dbc87a2ad28dceb951665087282,2022-05-31 22:07:00,30,TRAFFIC SIGNAL,FUNCTIONING PROPERLY,CLEAR,"DARKNESS, LIGHTED ROAD",TURNING,DIVIDED - W/MEDIAN BARRIER,CURVE ON GRADE,DRY,UNKNOWN,INJURY AND / OR TOW DUE TO CRASH,"OVER $1,500",UNABLE TO DETERMINE,UNABLE TO DETERMINE,5700,S,LAKE SHORE DR,2,"REPORTED, NOT EVIDENT",1.0,0.0,0.0,0.0,1.0,1.0,0.0,22,3,5
1a756e237d7c3e5eaf8568dc54094c1e9ae064c473d576537a2d337526ba3c9f4a2f09b73f2afc50df48f1add8b521a78a7d0bfc6aac95be2d9b551572495d07,2015-11-29 06:15:00,30,TRAFFIC SIGNAL,FUNCTIONING PROPERLY,CLEAR,"DARKNESS, LIGHTED ROAD",REAR END,DIVIDED - W/MEDIAN (NOT RAISED),STRAIGHT AND LEVEL,DRY,NO DEFECTS,NO INJURY / DRIVE AWAY,"OVER $1,500",FAILING TO REDUCE SPEED TO AVOID CRASH,DRIVING SKILLS/KNOWLEDGE/EXPERIENCE,5158,W,DIVISION ST,2,NO INDICATION OF INJURY,0.0,0.0,0.0,0.0,0.0,3.0,0.0,6,1,11
ba887eb30653edcbc782f1f1fd0351d4d7f670c3fcffbb97c0a63229c2d271679a22b171ab0f97713f1dcd66f95287dd305167143e082d67cea0d95acdc0c998,2020-03-15 14:10:00,30,NO CONTROLS,NO CONTROLS,CLEAR,DAYLIGHT,ANGLE,ONE-WAY,STRAIGHT AND LEVEL,DRY,NO DEFECTS,NO INJURY / DRIVE AWAY,"$501 - $1,500",DRIVING ON WRONG SIDE/WRONG WAY,UNABLE TO DETERMINE,7222,S,STONY ISLAND AVE,2,NO INDICATION OF INJURY,0.0,0.0,0.0,0.0,0.0,2.0,0.0,14,1,3
df6d983fa8fbcd0811e83964411c9c721dec64ffdfefbd5f5e85ada4e34c8e48855a25036088f7a65e84feef7ae2baae4ee2b210c0be1afd78a639520706f4a2,2021-07-09 14:15:00,25,STOP SIGN/FLASHER,NO CONTROLS,CLEAR,DAYLIGHT,PARKED MOTOR VEHICLE,ONE-WAY,STRAIGHT AND LEVEL,UNKNOWN,UNKNOWN,NO INJURY / DRIVE AWAY,"OVER $1,500",UNABLE TO DETERMINE,UNABLE TO DETERMINE,99,N,MASON AVE,2,NO INDICATION OF INJURY,0.0,0.0,0.0,0.0,0.0,1.0,0.0,14,6,7
f92fc1ec6796b4957a1ad9e29b17ea7b7fa74f90536e7d9a72c55720d4556ba65b71393591bbb373392ba13945e482134a37c46df876b4ff61a6f8e153180a68,2021-05-13 17:45:00,55,NO CONTROLS,NO CONTROLS,CLEAR,DAYLIGHT,OTHER OBJECT,DIVIDED - W/MEDIAN BARRIER,STRAIGHT AND LEVEL,DRY,NO DEFECTS,NO INJURY / DRIVE AWAY,"OVER $1,500",UNABLE TO DETERMINE,UNABLE TO DETERMINE,2200,S,LAKE SHORE DR W,1,NO INDICATION OF INJURY,0.0,0.0,0.0,0.0,0.0,1.0,0.0,17,5,5
ab1381738fcda9bc17097bc225efea6e46d3d7180f12209387ed22cfb6f039e0af7915bb644224f6b3c4159b8a5f3e0df1d363160e8c14bb6428f4e00048abc4,2019-11-07 14:40:00,30,TRAFFIC SIGNAL,FUNCTIONING IMPROPERLY,CLEAR,DAYLIGHT,TURNING,NOT DIVIDED,STRAIGHT AND LEVEL,DRY,NO DEFECTS,NO INJURY / DRIVE AWAY,"OVER $1,500",IMPROPER TURNING/NO SIGNAL,NOT APPLICABLE,8203,S,COTTAGE GROVE AVE,2,NO INDICATION OF INJURY,0.0,0.0,0.0,0.0,0.0,2.0,0.0,14,5,11
9bf79da43690431d72f442392598d31ce9d0c0f441caf5264cbed93054aa25e6c1dcf4e38c79c1d9af50908c73906502e4152ab9714123d7e16970c934304ccd,2017-12-06 13:35:00,30,STOP SIGN/FLASHER,FUNCTIONING PROPERLY,CLEAR,DAYLIGHT,PARKED MOTOR VEHICLE,NOT DIVIDED,STRAIGHT AND LEVEL,DRY,NO DEFECTS,NO INJURY / DRIVE AWAY,"OVER $1,500",IMPROPER LANE USAGE,UNABLE TO DETERMINE,3209,W,38TH PL,2,NO INDICATION OF INJURY,0.0,0.0,0.0,0.0,0.0,1.0,0.0,13,4,12
715d1eed7eb45a847ec971c6657fec3ec7f6434b0125223ffc43180f6a39ea58fb2e3e67c54deebb8f176c47c50eb38a04e6614c88b78c0f0ddfef6dfe8fca85,2021-05-02 11:25:00,10,OTHER WARNING SIGN,FUNCTIONING PROPERLY,CLEAR,DAYLIGHT,ANGLE,PARKING LOT,STRAIGHT AND LEVEL,DRY,NO DEFECTS,INJURY AND / OR TOW DUE TO CRASH,"$501 - $1,500",IMPROPER LANE USAGE,IMPROPER LANE USAGE,1255,S,MICHIGAN AVE,2,"REPORTED, NOT EVIDENT",2.0,0.0,0.0,0.0,2.0,1.0,0.0,11,1,5
49d3d6949e7a9b84b2b5353496f11414067ae8a57cc59048677ad1ebb2f0786eebc5fda9ccb550263fa091ed9cd75dbd3f3ea1018a2567a848b09a3d9122c6d0,2019-07-14 00:30:00,30,TRAFFIC SIGNAL,FUNCTIONING PROPERLY,CLEAR,DARKNESS,TURNING,NOT DIVIDED,STRAIGHT AND LEVEL,DRY,NO DEFECTS,NO INJURY / DRIVE AWAY,"$501 - $1,500",UNABLE TO DETERMINE,UNABLE TO DETERMINE,1116,S,HOMAN AVE,2,NO INDICATION OF INJURY,0.0,0.0,0.0,0.0,0.0,2.0,0.0,0,1,7
7e2bad56acd383d52a7791cc9b775bf90e1dda5a2b38214a6d59333d4316d63e5dbd20870b7ace60461fb15407f517b61c19e1c9e89ef6917104a477d1d00194,2018-05-03 12:50:00,35,TRAFFIC SIGNAL,FUNCTIONING PROPERLY,CLEAR,DAYLIGHT,TURNING,NOT DIVIDED,STRAIGHT AND LEVEL,DRY,NO DEFECTS,NO INJURY / DRIVE AWAY,"OVER $1,500",FAILING TO YIELD RIGHT-OF-WAY,NOT APPLICABLE,6358,N,WESTERN AVE,2,NO INDICATION OF INJURY,0.0,0.0,0.0,0.0,0.0,2.0,0.0,12,5,5
6509973d446aae476344fc448916baf61de55a2168effd4ccaf17a1395560625226b7baef82be420a610354759cb65fa5e5edebc50979c5dfd66fa40402910d7,2021-10-08 14:05:00,30,NO CONTROLS,NO CONTROLS,CLEAR,DAYLIGHT,REAR END,NOT DIVIDED,STRAIGHT AND LEVEL,DRY,NO DEFECTS,INJURY AND / OR TOW DUE TO CRASH,"OVER $1,500",UNABLE TO DETERMINE,UNABLE TO DETERMINE,1757,W,71ST ST,2,NO INDICATION OF INJURY,0.0,0.0,0.0,0.0,0.0,2.0,0.0,14,6,10
f12dc793e5b9e7c1ca073a5beee278b1d3b7867920af9e276a7c6003e6b2355995b1a4e6e0909dd62de1132c6100a425a8e7c281e70ea2967975af58b1e15d07,2022-04-28 18:30:00,35,NO CONTROLS,NO CONTROLS,CLEAR,DAYLIGHT,REAR END,NOT DIVIDED,STRAIGHT AND LEVEL,DRY,NO DEFECTS,NO INJURY / DRIVE AWAY,"OVER $1,500",UNABLE TO DETERMINE,NOT APPLICABLE,2700,W,55TH ST,2,NO INDICATION OF INJURY,0.0,0.0,0.0,0.0,0.0,2.0,0.0,18,5,4
d219d24c218ddfb0fb05e1f1614652358ec165be633abfba9ee4d323cf24e07cd7197998449a9e92412803496e567df42985eb3602d35e1bc111aa3c9996a801,2022-11-10 00:01:00,30,NO CONTROLS,NO CONTROLS,CLEAR,"DARKNESS, LIGHTED ROAD",PARKED MOTOR VEHICLE,NOT DIVIDED,STRAIGHT AND LEVEL,DRY,NO DEFECTS,NO INJURY / DRIVE AWAY,"$501 - $1,500",IMPROPER LANE USAGE,UNABLE TO DETERMINE,4450,N,LARAMIE AVE,2,NO INDICATION OF INJURY,0.0,0.0,0.0,0.0,0.0,1.0,0.0,0,5,11
d49a2b6258ebfcc8f9fdd72f506bff2f3bc5c9082d684f2d6c1ce31d24302f1d1e8ed7dd0600cbb9305a8f7bcbb281137a5eb3f64ea8577d8455b72f808d32a2,2022-03-27 13:00:00,30,TRAFFIC SIGNAL,FUNCTIONING PROPERLY,CLEAR,DAYLIGHT,PEDESTRIAN,DIVIDED - W/MEDIAN BARRIER,STRAIGHT AND LEVEL,DRY,NO DEFECTS,NO INJURY / DRIVE AWAY,$500 OR LESS,IMPROPER TURNING/NO SIGNAL,NOT APPLICABLE,200,E,18TH ST,2,NO INDICATION OF INJURY,0.0,0.0,0.0,0.0,0.0,2.0,0.0,13,1,3
4a4e161e8a3a96de138f505347ee518056b45560726774980670d0eb66b8934fcc15801e94ef340139062e13330507f08c3037bb735b143a4833b0daa94ee401,2023-07-22 23:30:00,30,STOP SIGN/FLASHER,FUNCTIONING PROPERLY,CLEAR,"DARKNESS, LIGHTED ROAD",PEDALCYCLIST,DIVIDED - W/MEDIAN (NOT RAISED),STRAIGHT AND LEVEL,DRY,UNKNOWN,INJURY AND / OR TOW DUE TO CRASH,"OVER $1,500",FAILING TO YIELD RIGHT-OF-WAY,NOT APPLICABLE,1500,W,18TH ST,2,NONINCAPACITATING INJURY,1.0,0.0,0.0,1.0,0.0,1.0,0.0,23,7,7
3f2abcee1752ebf69bdd10f3137b1ee4f90d95ecd27aa07f58aad49aa847206d89225ee3449f1c621be9c2a8c672c0b0bd922e707afc0bed68157732a9000351,2022-08-17 01:59:00,30,TRAFFIC SIGNAL,FUNCTIONING PROPERLY,CLEAR,"DARKNESS, LIGHTED ROAD",TURNING,UNKNOWN INTERSECTION TYPE,STRAIGHT AND LEVEL,UNKNOWN,UNKNOWN,INJURY AND / OR TOW DUE TO CRASH,"OVER $1,500","OPERATING VEHICLE IN ERRATIC, RECKLESS, CARELESS, NEGLIGENT OR AGGRESSIVE MANNER",IMPROPER OVERTAKING/PASSING,2801,N,BROADWAY,2,"REPORTED, NOT EVIDENT",1.0,0.0,0.0,0.0,1.0,2.0,0.0,1,4,8
22430c1ad9ed04a12fc2db57290023ff7c57c83c65f7e5499275a8fe401d149e0236fc2be2350e5a6e31ad332cefbf9051f2d7542f4562d12b76b91c78c9852d,2017-10-04 18:05:00,30,NO CONTROLS,NO CONTROLS,CLEAR,DAYLIGHT,OTHER OBJECT,NOT DIVIDED,STRAIGHT AND LEVEL,DRY,NO DEFECTS,INJURY AND / OR TOW DUE TO CRASH,"OVER $1,500",UNABLE TO DETERMINE,UNABLE TO DETERMINE,220,N,KEYSTONE AVE,1,NO INDICATION OF INJURY,0.0,0.0,0.0,0.0,0.0,3.0,0.0,18,4,10
f9ca653776485a69d4e586122dac1cb99943d3dea206eaf8c2be1fd1e82aab94d01c24d4b30aad0a045f1f22345653ba84476f1cb188afc6d996485f73b8948f,2019-11-24 12:25:00,10,NO CONTROLS,FUNCTIONING PROPERLY,CLEAR,DAYLIGHT,ANGLE,PARKING LOT,STRAIGHT AND LEVEL,DRY,UNKNOWN,NO INJURY / DRIVE AWAY,"$501 - $1,500",UNABLE TO DETERMINE,UNABLE TO DETERMINE,4620,S,DAMEN AVE,2,NO INDICATION OF INJURY,0.0,0.0,0.0,0.0,0.0,3.0,0.0,12,1,11
d0362986efcf9afc267e91b4956e05de238ba3b964fbad3cfe90774d754ffd5af26e98f362945015f9d6ba5ed684503dd6c88e01ff8706f23bbe47ca83cff9e3,2020-12-06 18:45:00,30,NO CONTROLS,NO CONTROLS,CLEAR,DARKNESS,PARKED MOTOR VEHICLE,ONE-WAY,STRAIGHT AND LEVEL,DRY,NO DEFECTS,INJURY AND / OR TOW DUE TO CRASH,"OVER $1,500",UNABLE TO DETERMINE,UNABLE TO DETERMINE,5806,W,HURON ST,2,NO INDICATION OF INJURY,0.0,0.0,0.0,0.0,0.0,1.0,0.0,18,1,12
ff998447606505a25be896ed90172f96c77f41bab63be062d9ec660b03d32efdd871a41e414592855491a86d36e43c470705170f60aed7dcd0b6a3cf4eeae428,2022-04-27 22:30:00,30,NO CONTROLS,NO CONTROLS,UNKNOWN,DARKNESS,PARKED MOTOR VEHICLE,ONE-WAY,STRAIGHT AND LEVEL,UNKNOWN,UNKNOWN,NO INJURY / DRIVE AWAY,"$501 - $1,500",UNABLE TO DETERMINE,NOT APPLICABLE,7031,S,EUCLID AVE,2,NO INDICATION OF INJURY,0.0,0.0,0.0,0.0,0.0,1.0,0.0,22,4,4
4e63601bd636f3f88bc4647d76db29f7bc50b197463e6b03f1cc296579cef60ac5a9acfffced33fd698928a534bf61faf11da3da19d802e4ff167aa93ade62bb,2024-04-10 19:51:00,40,NO CONTROLS,NO CONTROLS,CLEAR,"DARKNESS, LIGHTED ROAD",REAR END,ONE-WAY,STRAIGHT AND LEVEL,UNKNOWN,UNKNOWN,INJURY AND / OR TOW DUE TO CRASH,"OVER $1,500",UNABLE TO DETERMINE,NOT APPLICABLE,3730,S,LAKE SHORE DR SB,2,NONINCAPACITATING INJURY,2.0,0.0,0.0,2.0,0.0,0.0,0.0,19,4,4
28ad4ee3f5f872be06035f075d5eac11d1da6deea34b7653d162d8f8c52c13ac96efd7934d5fbbc3db13502524be21f2d8e5df48ccc699876000259939c1d28a,2018-03-19 20:43:00,30,NO CONTROLS,NO CONTROLS,CLEAR,"DARKNESS, LIGHTED ROAD",SIDESWIPE SAME DIRECTION,UNKNOWN,STRAIGHT AND LEVEL,DRY,NO DEFECTS,NO INJURY / DRIVE AWAY,"$501 - $1,500",UNABLE TO DETERMINE,UNABLE TO DETERMINE,1522,E,53RD ST,2,NO INDICATION OF INJURY,0.0,0.0,0.0,0.0,0.0,3.0,0.0,20,2,3
60dac17fa73974b6bb467b2fbe5780648131e2b29dc118a0fcc563b60151b340c023b5abd32ab0de22426ad27b677f1f9ebeac84dd671c9a19c07546acf105a8,2020-01-21 08:30:00,35,NO CONTROLS,NO CONTROLS,CLEAR,DAYLIGHT,TURNING,DIVIDED - W/MEDIAN (NOT RAISED),STRAIGHT AND LEVEL,DRY,NO DEFECTS,INJURY AND / OR TOW DUE TO CRASH,"OVER $1,500",FAILING TO YIELD RIGHT-OF-WAY,NOT APPLICABLE,3034,W,FOSTER AVE,2,NO INDICATION OF INJURY,0.0,0.0,0.0,0.0,0.0,2.0,0.0,8,3,1
03b12e783845a3d710c31bef374be9034c8e68ca905af35545e18983b8b06e299912daf4dc4ccef2709d9b9f251384f17ab34b97d790fd0b14bf45fcd62a5416,2022-07-29 09:30:00,30,NO CONTROLS,NO CONTROLS,CLEAR,DAYLIGHT,PARKED MOTOR VEHICLE,PARKING LOT,STRAIGHT AND LEVEL,DRY,NO DEFECTS,NO INJURY / DRIVE AWAY,"$501 - $1,500",UNABLE TO DETERMINE,UNABLE TO DETERMINE,4837,N,CENTRAL AVE,2,NO INDICATION OF INJURY,0.0,0.0,0.0,0.0,0.0,1.0,0.0,9,6,7
2aed3fc2a7801ca6132b827e3b09ed0b53103e4a7ae042688fb09affa199a7cb5f359013da6ed5c6226019b5c37305a831fba65fe67f3642942aea4f62732ed4,2018-11-21 15:30:00,30,TRAFFIC SIGNAL,FUNCTIONING PROPERLY,CLEAR,DAYLIGHT,REAR END,NOT DIVIDED,STRAIGHT AND LEVEL,DRY,NO DEFECTS,NO INJURY / DRIVE AWAY,"$501 - $1,500",FOLLOWING TOO CLOSELY,FOLLOWING TOO CLOSELY,14,W,95TH ST,2,NO INDICATION OF INJURY,0.0,0.0,0.0,0.0,0.0,2.0,0.0,15,4,11
2cbcddf50ac062e6e0eaccc86feea71a287d0a99d3fd736e4cbaf3595fbeef39625e890a2bfe76d5e12c5375ba4f2f2425f142e70a211e2226a14f3bc087d3f8,2018-01-17 07:52:00,30,NO CONTROLS,NO CONTROLS,OTHER,DAYLIGHT,REAR END,NOT DIVIDED,STRAIGHT ON GRADE,ICE,NO DEFECTS,INJURY AND / OR TOW DUE TO CRASH,"OVER $1,500",WEATHER,WEATHER,22,E,ROOSEVELT RD,2,NO INDICATION OF INJURY,0.0,0.0,0.0,0.0,0.0,3.0,0.0,7,4,1
a3b79594e3f987f40ac7a215e43ebc13fa77e29b4cb15189f7ce9a0cb7dfe2e3a600abf6234f289888361f05e90ecd47b433a76eb321e52c0f2084b2d2d1347a,2017-12-30 02:00:00,30,TRAFFIC SIGNAL,FUNCTIONING PROPERLY,SNOW,"DARKNESS, LIGHTED ROAD",REAR END,NOT DIVIDED,STRAIGHT AND LEVEL,SNOW OR SLUSH,NO DEFECTS,NO INJURY / DRIVE AWAY,"$501 - $1,500",WEATHER,DRIVING SKILLS/KNOWLEDGE/EXPERIENCE,600,E,63RD ST,2,NO INDICATION OF INJURY,0.0,0.0,0.0,0.0,0.0,2.0,0.0,2,7,12
a345516304ea29cb589ea8ac36707efc54dddb1354e76aaccfc4b7683f92b0ea9d4a8c01e0ccd282813de79af280fceceb50099be60f17c1a2cd2b75060bfab3,2021-09-09 12:30:00,30,TRAFFIC SIGNAL,FUNCTIONING PROPERLY,CLEAR,DAYLIGHT,SIDESWIPE SAME DIRECTION,NOT DIVIDED,STRAIGHT AND LEVEL,DRY,NO DEFECTS,NO INJURY / DRIVE AWAY,"OVER $1,500",UNABLE TO DETERMINE,DRIVING SKILLS/KNOWLEDGE/EXPERIENCE,100,N,OGDEN AVE,2,NO INDICATION OF INJURY,0.0,0.0,0.0,0.0,0.0,2.0,0.0,12,5,9
208de2a20ad8fc7fda8e81786385c6281573168c58f5959940ead1f16af134aab56343b09ffc8fff97fd973975503685ba543a5d5db86f983501cadbd4f607a2,2019-11-06 08:10:00,30,NO CONTROLS,NO CONTROLS,CLEAR,DAYLIGHT,SIDESWIPE OPPOSITE DIRECTION,ONE-WAY,STRAIGHT AND LEVEL,DRY,NO DEFECTS,NO INJURY / DRIVE AWAY,"OVER $1,500",DRIVING ON WRONG SIDE/WRONG WAY,NOT APPLICABLE,3766,W,19TH ST,2,NO INDICATION OF INJURY,0.0,0.0,0.0,0.0,0.0,4.0,0.0,8,4,11