CRASH_RECORD_ID,CRASH_DATE,POSTED_SPEED_LIMIT,TRAFFIC_CONTROL_DEVICE,DEVICE_CONDITION,WEATHER_CONDITION,LIGHTING_CONDITION,FIRST_CRASH_TYPE,TRAFFICWAY_TYPE,ALIGNMENT,ROADWAY_SURFACE_COND,ROAD_DEFECT,CRASH_TYPE,DAMAGE,PRIM_CONTRIBUTORY_CAUSE,SEC_CONTRIBUTORY_CAUSE,STREET_NO,STREET_DIRECTION,STREET_NAME,NUM_UNITS,MOST_SEVERE_INJURY,INJURIES_TOTAL,INJURIES_FATAL,INJURIES_INCAPACITATING,INJURIES_NON_INCAPACITATING,INJURIES_REPORTED_NOT_EVIDENT,INJURIES_NO_INDICATION,INJURIES_UNKNOWN,CRASH_HOUR,CRASH_DAY_OF_WEEK,CRASH_MONTH
156d723f8e0627f267cdc4120eff65c2a5a815611ad513b3cd92e44f3523d6cd3556ec4397e84f8ce556eca18e184cfa8e6da482b82ba428b0ee43c354e350c3,2018-01-05 10:00:00,30,NO CONTROLS,NO CONTROLS,CLEAR,DAYLIGHT,PARKED MOTOR VEHICLE,UNKNOWN,STRAIGHT AND LEVEL,UNKNOWN,UNKNOWN,NO INJURY / DRIVE AWAY,"OVER $1,500",UNABLE TO DETERMINE,NOT APPLICABLE,6403,N,OAKLEY AVE,2,NO INDICATION OF INJURY,0.0,0.0,0.0,0.0,0.0,1.0,0.0,10,6,1
8b83fbbc2d988df2730df4b2c4716c18a14aa7863c3d6f2dd45fbe4dcf13fc2160344aa7d14900ff178eed1fbc483a6611b79cf728c8715528c091a06d8bf5b3,2021-11-15 14:15:00,30,TRAFFIC SIGNAL,FUNCTIONING PROPERLY,RAIN,DAYLIGHT,TURNING,FOUR WAY,STRAIGHT AND LEVEL,UNKNOWN,UNKNOWN,NO INJURY / DRIVE AWAY,"OVER $1,500",UNABLE TO DETERMINE,NOT APPLICABLE,1100,W,VAN BUREN ST,2,NO INDICATION OF INJURY,0.0,0.0,0.0,0.0,0.0,2.0,0.0,14,2,11
39c5006341c744f501be0f8642a3f341e0c515caf187d7aa6783362a6d32863baee738d3be5eaf2a48eb057d2f899847a617c4e627c101b50c45bd183fec5be2,2018-11-27 15:00:00,20,NO CONTROLS,NO CONTROLS,SNOW,DAYLIGHT,PARKED MOTOR VEHICLE,PARKING LOT,STRAIGHT AND LEVEL,SNOW OR SLUSH,NO DEFECTS,NO INJURY / DRIVE AWAY,$500 OR LESS,WEATHER,NOT APPLICABLE,3510,S,MICHIGAN AVE,2,NO INDICATION OF INJURY,0.0,0.0,0.0,0.0,0.0,1.0,0.0,15,3,11
15f5a6c522b184fdec618d4f7f1f67c9344f5384e75984401d79ae565a4107fb34fea73cc01037269f0391c4e938cf69364eaed55aede872f41b7a4b72f5aab3,2022-02-01 14:50:00,35,NO CONTROLS,NO CONTROLS,RAIN,DAYLIGHT,SIDESWIPE SAME DIRECTION,DIVIDED - W/MEDIAN BARRIER,CURVE ON GRADE,WET,NO DEFECTS,NO INJURY / DRIVE AWAY,"OVER $1,500",PHYSICAL CONDITION OF DRIVER,NOT APPLICABLE,6500,S,CHICAGO SKYWAY OB,2,NO INDICATION OF INJURY,0.0,0.0,0.0,0.0,0.0,2.0,0.0,14,3,2
c4fe3e71c1e8af7ec2122a885c9b51f101d93d27b37ed149931dfa5f26c33358dae1f6205b954500264644aa824992fdbf7a98ddecbded895bf254fd24c62845,2023-04-18 08:25:00,20,NO CONTROLS,NO CONTROLS,CLEAR,DAYLIGHT,SIDESWIPE SAME DIRECTION,NOT DIVIDED,STRAIGHT AND LEVEL,DRY,NO DEFECTS,NO INJURY / DRIVE AWAY,"OVER $1,500",UNABLE TO DETERMINE,UNABLE TO DETERMINE,3432,W,38TH ST,2,NO INDICATION OF INJURY,0.0,0.0,0.0,0.0,0.0,2.0,0.0,8,3,4
345df516b317d726aa2e27c3e68c8ff9a12b5968d1003db65d6e5d4bc825bc2cd5f83a9bf8d943db894fc5fcf4dd214382736733c7c33cbf2d78ff204638b986,2019-05-28 06:30:00,30,TRAFFIC SIGNAL,FUNCTIONING PROPERLY,CLEAR,DAYLIGHT,TURNING,NOT DIVIDED,STRAIGHT AND LEVEL,DRY,NO DEFECTS,INJURY AND / OR TOW DUE TO CRASH,"OVER $1,500",UNABLE TO DETERMINE,NOT APPLICABLE,4400,W,OGDEN AVE,2,NONINCAPACITATING INJURY,1.0,0.0,0.0,1.0,0.0,1.0,0.0,6,3,5
3dca7200f5aff62bf2fd69e63596b1c1a4a8add5b57f0433bf8f0106ac9b910ae822e7f1608b943d714c5b5fec3b3b3e28b63ea771350ebb73f36798a7444e62,2018-09-09 13:30:00,30,NO CONTROLS,NOT FUNCTIONING,CLEAR,DAYLIGHT,REAR END,DIVIDED - W/MEDIAN (NOT RAISED),STRAIGHT AND LEVEL,DRY,NO DEFECTS,NO INJURY / DRIVE AWAY,"$501 - $1,500",DRIVING SKILLS/KNOWLEDGE/EXPERIENCE,FOLLOWING TOO CLOSELY,4221,W,47TH ST,2,NO INDICATION OF INJURY,0.0,0.0,0.0,0.0,0.0,2.0,0.0,13,1,9
57737f3a14eef57f964f7d1185a4ee2383f228c2d30f7487ae5ad02a1098839a594ec57608d4a217d24b3c91d7ef791a42e78f6cea68f7d2693fd05fe042ff0b,2023-02-11 14:00:00,30,STOP SIGN/FLASHER,NO CONTROLS,CLEAR,DAYLIGHT,REAR END,NOT DIVIDED,STRAIGHT AND LEVEL,DRY,NO DEFECTS,NO INJURY / DRIVE AWAY,"OVER $1,500",UNABLE TO DETERMINE,UNABLE TO DETERMINE,440,E,MARQUETTE RD,2,NO INDICATION OF INJURY,0.0,0.0,0.0,0.0,0.0,3.0,0.0,14,7,2
b6ef5e2dd6824faefabcc5c10822563fcf6a70e0f09e1e49d13d8626aba7fb8f2edd1dd9beeba6b678b623901b2764657d886594fd3aa80ab2a1f5651db3ad05,2019-01-23 07:40:00,30,NO CONTROLS,NO CONTROLS,SNOW,DAYLIGHT,REAR END,DIVIDED - W/MEDIAN (NOT RAISED),STRAIGHT AND LEVEL,ICE,UNKNOWN,INJURY AND / OR TOW DUE TO CRASH,"OVER $1,500",WEATHER,WEATHER,5116,N,LINCOLN AVE,3,"REPORTED, NOT EVIDENT",1.0,0.0,0.0,0.0,1.0,3.0,0.0,7,4,1
8f8ef60073d44bb1428f1b7abf9212f448397926ef09e72a34b5de3ce61651314052cc296d0f4636f924c870e62887f37334d755c527a9bf288722cbfe40d7c5,2022-06-20 12:01:00,30,TRAFFIC SIGNAL,FUNCTIONING PROPERLY,CLEAR,DAYLIGHT,ANGLE,FOUR WAY,STRAIGHT AND LEVEL,DRY,NO DEFECTS,INJURY AND / OR TOW DUE TO CRASH,"OVER $1,500",DISREGARDING TRAFFIC SIGNALS,NOT APPLICABLE,600,S,WESTERN AVE,3,"REPORTED, NOT EVIDENT",1.0,0.0,0.0,0.0,1.0,4.0,0.0,12,2,6
ae72a04e021b67be766a68356443dbcf1feb8685ecbc2683b057ee3e46b17f5094d52a75663cf10b32541bf90f3355649cedc74be14b51e91dbea849fd7fd0dd,2018-12-12 18:45:00,30,STOP SIGN/FLASHER,FUNCTIONING PROPERLY,CLEAR,DAYLIGHT,TURNING,NOT DIVIDED,STRAIGHT AND LEVEL,DRY,UNKNOWN,NO INJURY / DRIVE AWAY,"OVER $1,500",IMPROPER BACKING,FAILING TO YIELD RIGHT-OF-WAY,4900,N,ASHLAND AVE,2,NO INDICATION OF INJURY,0.0,0.0,0.0,0.0,0.0,3.0,0.0,18,4,12
63ecc3c54c624f6ea5cfe5bc1cf33231a863ffa062f5a5557260f3d6997b4a9346080c5dbaed1d3d7b4e54837d90a136072df43dbd6e36534bdf0bb77c64244f,2021-06-02 14:08:00,20,NO CONTROLS,NO CONTROLS,CLEAR,DAYLIGHT,SIDESWIPE OPPOSITE DIRECTION,NOT DIVIDED,STRAIGHT AND LEVEL,DRY,NO DEFECTS,NO INJURY / DRIVE AWAY,"$501 - $1,500",UNABLE TO DETERMINE,NOT APPLICABLE,311,W,BELDEN AVE,2,NO INDICATION OF INJURY,0.0,0.0,0.0,0.0,0.0,2.0,0.0,14,4,6
6ee8a076d964d323f3416a2312eb51eb6819c3e9f7d3f59fece7b387be4c0f994c7a00b07f580a654b8425c6b77493f4f5547410738fed2a71395cc935bb5cf8,2017-12-18 17:15:00,30,TRAFFIC SIGNAL,FUNCTIONING PROPERLY,CLEAR,DARKNESS,TURNING,DIVIDED - W/MEDIAN (NOT RAISED),STRAIGHT AND LEVEL,UNKNOWN,UNKNOWN,NO INJURY / DRIVE AWAY,"$501 - $1,500",IMPROPER TURNING/NO SIGNAL,IMPROPER OVERTAKING/PASSING,500,N,OGDEN AVE,2,NO INDICATION OF INJURY,0.0,0.0,0.0,0.0,0.0,3.0,0.0,17,2,12
737c6b17d0a7765f71fbe5127ed8da6b02cd797abe9e3dd18bd9fd2cb211f04ad3483e7d608dcf12a83dda58518f6f8463aa4a689d4d826c3bb962b0b5e80c03,2023-07-02 00:20:00,30,TRAFFIC SIGNAL,FUNCTIONING PROPERLY,CLEAR,DARKNESS,SIDESWIPE SAME DIRECTION,NOT DIVIDED,STRAIGHT AND LEVEL,DRY,NO DEFECTS,NO INJURY / DRIVE AWAY,"$501 - $1,500",NOT APPLICABLE,NOT APPLICABLE,4801,W,PETERSON AVE,2,NO INDICATION OF INJURY,0.0,0.0,0.0,0.0,0.0,4.0,0.0,0,1,7
8e3c76d7f1a8c8c38be3b4cbf1049372fae3f924e7fc0c45410761bae1ecf3919250f45885cb888ba314771ca4d98ea93947506092987059b1a968c385a335c6,2017-10-04 17:40:00,30,STOP SIGN/FLASHER,FUNCTIONING PROPERLY,CLEAR,DUSK,REAR END,NOT DIVIDED,STRAIGHT AND LEVEL,DRY,NO DEFECTS,NO INJURY / DRIVE AWAY,"OVER $1,500",FOLLOWING TOO CLOSELY,NOT APPLICABLE,140,W,LAKE ST,2,NO INDICATION OF INJURY,0.0,0.0,0.0,0.0,0.0,2.0,0.0,17,4,10
880bbaf12d6c2fc39c89edd3e261d3252c5e4d5a96ebdca49e67f8673d6633ddd47d01b99827f7ba6f6383202d3fcb21a1de6adafd6a56600898c2fc734a64a3,2021-03-10 10:50:00,30,NO CONTROLS,NO CONTROLS,CLEAR,DAYLIGHT,ANGLE,NOT DIVIDED,STRAIGHT AND LEVEL,DRY,NO DEFECTS,NO INJURY / DRIVE AWAY,"OVER $1,500",FAILING TO YIELD RIGHT-OF-WAY,DRIVING SKILLS/KNOWLEDGE/EXPERIENCE,5541,W,HARRISON ST,2,NO INDICATION OF INJURY,0.0,0.0,0.0,0.0,0.0,3.0,0.0,10,4,3
34576f08620bbfd246a783cd1f80b3058bc4cf20bee9ff845af6ab868b2c9cefe38b1b2d76a53e081d955e685577fb4be4f3e980074f9c5039b277afec9e39e0,2019-01-31 09:10:00,30,TRAFFIC SIGNAL,FUNCTIONING PROPERLY,CLEAR,DAYLIGHT,REAR END,DIVIDED - W/MEDIAN BARRIER,STRAIGHT ON GRADE,ICE,NO DEFECTS,NO INJURY / DRIVE AWAY,"OVER $1,500",FOLLOWING TOO CLOSELY,DRIVING SKILLS/KNOWLEDGE/EXPERIENCE,3802,S,PULASKI RD,2,NO INDICATION OF INJURY,0.0,0.0,0.0,0.0,0.0,2.0,0.0,9,5,1
a181e517eab87d5037cea4152db8c522cb75d6d3c1440097b9227bbe116716a8eac4317c7a0e81d0b682aa7c28154ddf14cc854dbe0da0d9fffa46a41ab55ae0,2022-12-31 04:31:00,30,TRAFFIC SIGNAL,FUNCTIONING PROPERLY,CLEAR,"DARKNESS, LIGHTED ROAD",TURNING,CENTER TURN LANE,STRAIGHT AND LEVEL,DRY,NO DEFECTS,INJURY AND / OR TOW DUE TO CRASH,"OVER $1,500",DISREGARDING TRAFFIC SIGNALS,UNABLE TO DETERMINE,4000,W,ADDISON ST,3,NONINCAPACITATING INJURY,3.0,0.0,0.0,3.0,0.0,2.0,0.0,4,7,12
85fd5230a239e557c3b21b039d2d7088f305a1d132f5e21a019d080918c83d1b64d14c4248f6ed7ab289ed263e425595c6f2cca611a4c04d3ae11d9c12e0eeae,2023-09-08 08:30:00,30,NO CONTROLS,NO CONTROLS,UNKNOWN,UNKNOWN,PARKED MOTOR VEHICLE,OTHER,STRAIGHT AND LEVEL,UNKNOWN,UNKNOWN,NO INJURY / DRIVE AWAY,"$501 - $1,500",UNABLE TO DETERMINE,NOT APPLICABLE,1800,W,JACKSON BLVD,2,NO INDICATION OF INJURY,0.0,0.0,0.0,0.0,0.0,1.0,0.0,8,6,9
5ea088c16bc3e58aacea186c4b4bb5570ba3737a2c4e05b187e6e574023e7540e072fb8fc111094ea5c63af1a34d9b3f25091f312be5b88d95ef8e01ea63b71a,2018-10-01 14:43:00,35,TRAFFIC SIGNAL,FUNCTIONING PROPERLY,CLOUDY/OVERCAST,DAYLIGHT,ANGLE,NOT DIVIDED,STRAIGHT AND LEVEL,DRY,NO DEFECTS,INJURY AND / OR TOW DUE TO CRASH,"$501 - $1,500",DISREGARDING TRAFFIC SIGNALS,EQUIPMENT - VEHICLE CONDITION,3599,W,OGDEN AVE,2,NO INDICATION OF INJURY,0.0,0.0,0.0,0.0,0.0,3.0,0.0,14,2,10
f47f7c991f6d818918913d2d7e9e41c3dcf8cdcc08478379da10d5748d96474a766376a9ce77fe498c1003669fade14cd24ce66a75e2c024613fa1526132fcc3,2017-09-10 21:33:00,25,TRAFFIC SIGNAL,FUNCTIONING PROPERLY,CLEAR,"DARKNESS, LIGHTED ROAD",PARKED MOTOR VEHICLE,NOT DIVIDED,STRAIGHT AND LEVEL,DRY,NO DEFECTS,INJURY AND / OR TOW DUE TO CRASH,"OVER $1,500",UNABLE TO DETERMINE,NOT APPLICABLE,1545,W,PRATT BLVD,4,NO INDICATION OF INJURY,0.0,0.0,0.0,0.0,0.0,1.0,0.0,21,1,9
a0d52a99e61dadc56bdaabf72e9e22cef4f726b642246c3853b2c63c57d963f950b4ff2be1389dc2513f1539e6688a4d6640d2d5bf2cd433676609c537821c19,2020-05-21 18:33:00,30,NO CONTROLS,NO CONTROLS,CLEAR,DAYLIGHT,SIDESWIPE SAME DIRECTION,NOT DIVIDED,STRAIGHT ON GRADE,DRY,NO DEFECTS,NO INJURY / DRIVE AWAY,"OVER $1,500",UNABLE TO DETERMINE,UNABLE TO DETERMINE,1538,W,43RD ST,2,NO INDICATION OF INJURY,0.0,0.0,0.0,0.0,0.0,5.0,0.0,18,5,5
c31c2815f7e3126c0c965d5a826eab4fe4cd557314a2aa2fcccda1fd8ee7ff08f7fdf21c3d1c4fcb0762321b36acf10bd8b02519b7892b390bc508447c4815ca,2018-09-22 13:30:00,30,NO CONTROLS,NO CONTROLS,CLEAR,DAYLIGHT,PARKED MOTOR VEHICLE,PARKING LOT,STRAIGHT AND LEVEL,DRY,NO DEFECTS,NO INJURY / DRIVE AWAY,"OVER $1,500",UNABLE TO DETERMINE,NOT APPLICABLE,2015,E,79TH ST,2,NO INDICATION OF INJURY,0.0,0.0,0.0,0.0,0.0,1.0,0.0,13,7,9
2fe1db9844c7a09517d3d45ceedfa596368a59aca326d778881ed142f207d61efe6b8489b147124fa3c5789271d4134741704173fe3173cde5226f234d70da6f,2016-03-15 02:30:00,30,TRAFFIC SIGNAL,FUNCTIONING PROPERLY,CLEAR,"DARKNESS, LIGHTED ROAD",TURNING,NOT DIVIDED,STRAIGHT AND LEVEL,DRY,NO DEFECTS,INJURY AND / OR TOW DUE TO CRASH,"OVER $1,500",FAILING TO YIELD RIGHT-OF-WAY,NOT APPLICABLE,600,S,CICERO AVE,5,NONINCAPACITATING INJURY,1.0,0.0,0.0,1.0,0.0,2.0,0.0,2,3,3
be23cd5b4ad22203af32d181fc572fabe5cf493b5c1024da8ffb9c8f3026091d12e7cd7e32e5cf39c0784993b51690fbb8e54de4a8f1e62f5ccccfce47d1cec6,2015-10-23 21:30:00,30,NO CONTROLS,NO CONTROLS,RAIN,"DARKNESS, LIGHTED ROAD",TURNING,NOT DIVIDED,STRAIGHT AND LEVEL,WET,NO DEFECTS,NO INJURY / DRIVE AWAY,"OVER $1,500",IMPROPER TURNING/NO SIGNAL,UNABLE TO DETERMINE,3047,S,KEDVALE AVE,2,NO INDICATION OF INJURY,0.0,0.0,0.0,0.0,0.0,3.0,0.0,21,6,10
ee994e91c83cb8879b1ee899a3ea14e4cc4b303ed280bd6a4a4893cec76e7bb998c04c433963c897c8323120a2ae9c8dd7f42a1881d21c5d3c3d19da9ece5631,2019-09-06 09:08:00,30,UNKNOWN,UNKNOWN,CLEAR,DAYLIGHT,REAR TO SIDE,FOUR WAY,STRAIGHT AND LEVEL,DRY,NO DEFECTS,INJURY AND / OR TOW DUE TO CRASH,"OVER $1,500",DISREGARDING STOP SIGN,NOT APPLICABLE,7200,S,JEFFERY BLVD,2,NONINCAPACITATING INJURY,1.0,0.0,0.0,1.0,0.0,2.0,0.0,9,6,9
1b2f136533058c7d53d1167adc3a738f65010b1deea19cfa43e9f4b9aaf1e9d11b60f1f62b6adde09d4ab2e6b3d9f7432817539193dc95293974337d8a76a21b,2023-11-22 19:38:00,30,TRAFFIC SIGNAL,FUNCTIONING PROPERLY,CLEAR,"DARKNESS, LIGHTED ROAD",SIDESWIPE SAME DIRECTION,ONE-WAY,STRAIGHT AND LEVEL,DRY,NO DEFECTS,INJURY AND / OR TOW DUE TO CRASH,"OVER $1,500",UNABLE TO DETERMINE,NOT APPLICABLE,30,W,79TH ST,2,NONINCAPACITATING INJURY,1.0,0.0,0.0,1.0,0.0,1.0,0.0,19,4,11
3b7f915f665e4ff8943c9a0ca931ac86af50ef53805b11341736e3de0551751bd9666b54c1870e9c4e3f751fa3f4868ca13e5932ddb7c5955a0a2eeb40b87016,2018-04-18 16:45:00,30,NO CONTROLS,NO CONTROLS,RAIN,DUSK,TURNING,DIVIDED - W/MEDIAN (NOT RAISED),STRAIGHT AND LEVEL,WET,NO DEFECTS,INJURY AND / OR TOW DUE TO CRASH,"OVER $1,500",IMPROPER TURNING/NO SIGNAL,EXCEEDING SAFE SPEED FOR CONDITIONS,2999,W,PETERSON AVE,2,NO INDICATION OF INJURY,0.0,0.0,0.0,0.0,0.0,3.0,0.0,16,4,4
affd1fed6263ce5eda60b68596348c1fdb18717f3188ba900a73bcec12d4fdad931cc1aa51194caeec2938991b2e7af41181bf761e55cc31d46702cb7607bc42,2021-02-16 07:45:00,55,NO CONTROLS,NO CONTROLS,SNOW,DAYLIGHT,FIXED OBJECT,DIVIDED - W/MEDIAN BARRIER,STRAIGHT AND LEVEL,SNOW OR SLUSH,NO DEFECTS,INJURY AND / OR TOW DUE TO CRASH,"OVER $1,500",WEATHER,WEATHER,3900,S,LAKE SHORE DR NB,1,NO INDICATION OF INJURY,0.0,0.0,0.0,0.0,0.0,1.0,0.0,7,3,2
cf26a38a1441670eaf26a9e1bbdeb3084f966f1fffa7dc5c095633f578ad29d4ffceed473e289cf462a49bcdf71f8e8bac0ba96e789e753d296e673563060120,2016-03-14 08:30:00,30,TRAFFIC SIGNAL,FUNCTIONING PROPERLY,CLEAR,DAYLIGHT,SIDESWIPE SAME DIRECTION,NOT DIVIDED,STRAIGHT AND LEVEL,WET,NO DEFECTS,NO INJURY / DRIVE AWAY,"OVER $1,500",IMPROPER LANE USAGE,NOT APPLICABLE,3701,W,OGDEN AVE,2,NO INDICATION OF INJURY,0.0,0.0,0.0,0.0,0.0,2.0,0.0,8,2,3
a676c0ebb1cc3ab048f2bbbbb1e7ff3c0b3b649cab6f63026046906eaa449eae4107c0676793e760e287f820ed3819ddbd9fa2cb569ce7080c2a41f76193b111,2018-11-05 18:25:00,30,NO CONTROLS,NO CONTROLS,RAIN,"DARKNESS, LIGHTED ROAD",ANGLE,NOT DIVIDED,STRAIGHT AND LEVEL,WET,NO DEFECTS,NO INJURY / DRIVE AWAY,"OVER $1,500",FAILING TO YIELD RIGHT-OF-WAY,NOT APPLICABLE,4450,N,LONG AVE,2,NO INDICATION OF INJURY,0.0,0.0,0.0,0.0,0.0,2.0,0.0,18,2,11
4f3a2d598d2f169715e7eca29521faa327edfd1a8d6cbc9020a4dbac1778968ead4684e0fb3246cf56b291a389a58d26a1ed681b5c40a7c09711f617f81bb9dc,2022-09-28 07:50:00,30,STOP SIGN/FLASHER,FUNCTIONING PROPERLY,CLEAR,DAYLIGHT,TURNING,T-INTERSECTION,STRAIGHT AND LEVEL,DRY,NO DEFECTS,INJURY AND / OR TOW DUE TO CRASH,"OVER $1,500",IMPROPER TURNING/NO SIGNAL,UNABLE TO DETERMINE,327,W,43RD ST,3,NO INDICATION OF INJURY,0.0,0.0,0.0,0.0,0.0,2.0,0.0,7,4,9
c790106494e4468bb6f62dfad8d06d593470c3628badf5784c4b6685b3da84b9e73a61792047dbd8b171cd25212b1b630628411c5f1b71994e2c9d3248eced9a,2020-10-24 22:56:00,30,UNKNOWN,UNKNOWN,UNKNOWN,"DARKNESS, LIGHTED ROAD",TURNING,T-INTERSECTION,STRAIGHT AND LEVEL,UNKNOWN,UNKNOWN,NO INJURY / DRIVE AWAY,"$501 - $1,500",UNABLE TO DETERMINE,NOT APPLICABLE,1756,S,CENTRAL PARK AVE,2,NO INDICATION OF INJURY,0.0,0.0,0.0,0.0,0.0,2.0,0.0,22,7,10
a722c29e174a49a26a7467bb09c2cf30f242190be8f0f695e91b6149fab93dd346a786d1f331e57bc5afb4c8e867fcf514df0a644e51f303bcf4bb53df8e71c0,2019-11-15 06:57:00,30,TRAFFIC SIGNAL,FUNCTIONING PROPERLY,CLEAR,DAYLIGHT,REAR END,FOUR WAY,STRAIGHT AND LEVEL,DRY,NO DEFECTS,NO INJURY / DRIVE AWAY,"OVER $1,500",FOLLOWING TOO CLOSELY,UNABLE TO DETERMINE,5703,S,COTTAGE GROVE AVE,2,NO INDICATION OF INJURY,0.0,0.0,0.0,0.0,0.0,4.0,0.0,6,6,11
66f138c55ff98d35f00e46a916fe31eedbac83a39ad07f474e6a96224f239203c1cbfdf92d6d0b28d6f8ab88c94dcaaf8bdc2f649d0e1bc4ee504d334772235e,2024-02-26 19:02:00,30,NO CONTROLS,NO CONTROLS,CLEAR,DARKNESS,PEDALCYCLIST,NOT DIVIDED,STRAIGHT AND LEVEL,DRY,NO DEFECTS,INJURY AND / OR TOW DUE TO CRASH,"OVER $1,500",FAILING TO YIELD RIGHT-OF-WAY,FAILING TO YIELD RIGHT-OF-WAY,2301,N,LARAMIE AVE,5,INCAPACITATING INJURY,2.0,0.0,1.0,1.0,0.0,1.0,0.0,19,2,2
4b79964a40c278b9f0e34da6559d934cbe4999bbbe6fded9fa93d6369b7fa25e12ad6c6d7d088295f27dadf836130e3e6eb7c9ca01c0453b725bdd79286353b5,2015-10-22 20:45:00,15,NO CONTROLS,NO CONTROLS,CLEAR,UNKNOWN,PARKED MOTOR VEHICLE,PARKING LOT,STRAIGHT ON GRADE,DRY,NO DEFECTS,NO INJURY / DRIVE AWAY,"$501 - $1,500",UNABLE TO DETERMINE,UNABLE TO DETERMINE,500,W,MONROE ST,2,NO INDICATION OF INJURY,0.0,0.0,0.0,0.0,0.0,1.0,0.0,20,5,10
71fd229cee723b52344edaae32ae62140496cdb9f44587d7e2edd331ee4ffc4eb243483dc4a3a8a2ececdfca7f91907e9a9ce6225e7ffa2113174ef2e709707f,2020-06-06 22:00:00,20,NO CONTROLS,NO CONTROLS,CLEAR,"DARKNESS, LIGHTED ROAD",PARKED MOTOR VEHICLE,ONE-WAY,STRAIGHT AND LEVEL,DRY,NO DEFECTS,NO INJURY / DRIVE AWAY,"OVER $1,500",UNABLE TO DETERMINE,NOT APPLICABLE,7826,S,SANGAMON ST,2,NO INDICATION OF INJURY,0.0,0.0,0.0,0.0,0.0,1.0,0.0,22,7,6
3bd717ada0b576998bbaa53233b9ca87204e4828587192a36525577ecf956c3cc8187dee3059d3f741f54a045938fcb0cc32c5dde690cab43cdda2ffa35ed9be,2019-09-24 08:00:00,30,NO CONTROLS,NO CONTROLS,CLEAR,DAYLIGHT,PEDALCYCLIST,ONE-WAY,STRAIGHT AND LEVEL,DRY,NO DEFECTS,INJURY AND / OR TOW DUE TO CRASH,$500 OR LESS,UNABLE TO DETERMINE,UNABLE TO DETERMINE,7632,W,HIGGINS AVE,2,NONINCAPACITATING INJURY,1.0,0.0,0.0,1.0,0.0,1.0,0.0,8,3,9
f933089043fb188045c94f9fff805abddd13279fa6be362d5237261c1604b9739c7e28c7f90ae5cea159de2bc47b846b7ca998e2bebaa5faa155c198937bb47a,2015-09-25 11:00:00,30,TRAFFIC SIGNAL,FUNCTIONING PROPERLY,CLEAR,DAYLIGHT,REAR END,NOT DIVIDED,STRAIGHT AND LEVEL,DRY,NO DEFECTS,NO INJURY / DRIVE AWAY,"$501 - $1,500",FOLLOWING TOO CLOSELY,NOT APPLICABLE,8300,S,DR MARTIN LUTHER KING JR DR,3,NO INDICATION OF INJURY,0.0,0.0,0.0,0.0,0.0,3.0,0.0,11,6,9
57838757dfb2b7f1061d40a7cf8e5f6ac7def9ac7bc6994a5f5d396622cfe5c9bd8c999f393e0cd2a007da187f6c32ea6fb5e506948eb538b6ea8e9066c233ac,2017-06-04 21:30:00,30,TRAFFIC SIGNAL,FUNCTIONING PROPERLY,CLEAR,"DARKNESS, LIGHTED ROAD",REAR END,NOT DIVIDED,STRAIGHT AND LEVEL,DRY,NO DEFECTS,NO INJURY / DRIVE AWAY,"OVER $1,500",NOT APPLICABLE,NOT APPLICABLE,2307,W,DEVON AVE,2,NO INDICATION OF INJURY,0.0,0.0,0.0,0.0,0.0,4.0,0.0,21,1,6
76a89594887beef39040d970e99a8b829f0999d0ee5ffa0dd133d16e7632cbb5243d56692b463a099d15f359d311582b93eca0e2843466893b298a4fa6880329,2021-05-25 13:06:00,30,STOP SIGN/FLASHER,FUNCTIONING PROPERLY,CLEAR,DAYLIGHT,ANGLE,FOUR WAY,STRAIGHT ON GRADE,DRY,NO DEFECTS,INJURY AND / OR TOW DUE TO CRASH,"OVER $1,500",DISREGARDING STOP SIGN,FAILING TO REDUCE SPEED TO AVOID CRASH,8801,S,RACINE AVE,2,NO INDICATION OF INJURY,0.0,0.0,0.0,0.0,0.0,3.0,0.0,13,3,5
f1ba46691477249e8ac499c68460c4f785720f6249622976aa00747d5730fbb130f2aba96e1b52f41ecaa3d0a66f6f5023400caf5a85dc7a326c81521da8a832,2018-06-09 18:45:00,30,TRAFFIC SIGNAL,FUNCTIONING PROPERLY,CLEAR,DAYLIGHT,TURNING,NOT DIVIDED,STRAIGHT AND LEVEL,DRY,NO DEFECTS,NO INJURY / DRIVE AWAY,"OVER $1,500",IMPROPER TURNING/NO SIGNAL,"OPERATING VEHICLE IN ERRATIC, RECKLESS, CARELESS, NEGLIGENT OR AGGRESSIVE MANNER",800,E,79TH ST,2,NO INDICATION OF INJURY,0.0,0.0,0.0,0.0,0.0,5.0,0.0,18,7,6
aa93734038f42a54e597fb1f154de1d9a40206035a28eeb43e9dc21d67df5406ebeeeb89546f7d04b43520a0a6b3f8a15bc2ce90f57d327b96046dbfa03bd05a,2021-08-05 08:45:00,30,NO CONTROLS,NO CONTROLS,CLEAR,DAYLIGHT,REAR END,DIVIDED - W/MEDIAN (NOT RAISED),STRAIGHT AND LEVEL,DRY,NO DEFECTS,NO INJURY / DRIVE AWAY,"OVER $1,500",FOLLOWING TOO CLOSELY,FAILING TO REDUCE SPEED TO AVOID CRASH,3435,W,IRVING PARK RD,2,NO INDICATION OF INJURY,0.0,0.0,0.0,0.0,0.0,2.0,0.0,8,5,8