CRASH_RECORD_ID,CRASH_DATE,POSTED_SPEED_LIMIT,TRAFFIC_CONTROL_DEVICE,DEVICE_CONDITION,WEATHER_CONDITION,LIGHTING_CONDITION,FIRST_CRASH_TYPE,TRAFFICWAY_TYPE,ALIGNMENT,ROADWAY_SURFACE_COND,ROAD_DEFECT,CRASH_TYPE,DAMAGE,PRIM_CONTRIBUTORY_CAUSE,SEC_CONTRIBUTORY_CAUSE,STREET_NO,STREET_DIRECTION,STREET_NAME,NUM_UNITS,MOST_SEVERE_INJURY,INJURIES_TOTAL,INJURIES_FATAL,INJURIES_INCAPACITATING,INJURIES_NON_INCAPACITATING,INJURIES_REPORTED_NOT_EVIDENT,INJURIES_NO_INDICATION,INJURIES_UNKNOWN,CRASH_HOUR,CRASH_DAY_OF_WEEK,CRASH_MONTH
431d5e9eeef12e2d3df1ca465f78f85747f9132811a4bb36c0a6e36c403f352e54fd9d0ad98c486f6ce95005b671eb98e52ac02e015944867dd7da8cdf18eb77,2019-05-10 23:35:00,30,TRAFFIC SIGNAL,FUNCTIONING PROPERLY,CLEAR,"DARKNESS, LIGHTED ROAD",SIDESWIPE SAME DIRECTION,T-INTERSECTION,STRAIGHT AND LEVEL,DRY,NO DEFECTS,NO INJURY / DRIVE AWAY,"$501 - $1,500",UNABLE TO DETERMINE,NOT APPLICABLE,138,W,CERMAK RD,2,NO INDICATION OF INJURY,0.0,0.0,0.0,0.0,0.0,3.0,0.0,23,6,5
97277f8e451e38b7426ccbc4901a314d7099887c9bb1f8da893f61bbda4fe0ad0a18c264bcb53cc1f4523e6b4f98e2d9b5ae49fc0e9227e83c92ac7c77b811af,2022-07-12 08:04:00,30,NO CONTROLS,NO CONTROLS,CLEAR,DAYLIGHT,TURNING,DIVIDED - W/MEDIAN (NOT RAISED),STRAIGHT AND LEVEL,DRY,NO DEFECTS,INJURY AND / OR TOW DUE TO CRASH,"OVER $1,500",FAILING TO YIELD RIGHT-OF-WAY,DRIVING SKILLS/KNOWLEDGE/EXPERIENCE,3524,S,CALIFORNIA AVE,2,NO INDICATION OF INJURY,0.0,0.0,0.0,0.0,0.0,6.0,0.0,8,3,7
ea52333b8591bbb1166748221998f67f193b22e1528555615cb362789764f627ff1dc0a4915ffb1687e2108b68f89f627626644f05824ad4bbccc32a26946a5c,2021-05-12 16:07:00,35,OTHER,FUNCTIONING PROPERLY,CLEAR,DAYLIGHT,TURNING,DIVIDED - W/MEDIAN (NOT RAISED),STRAIGHT AND LEVEL,DRY,NO DEFECTS,INJURY AND / OR TOW DUE TO CRASH,"OVER $1,500",FAILING TO YIELD RIGHT-OF-WAY,UNABLE TO DETERMINE,6900,S,SOUTH CHICAGO AVE,3,NONINCAPACITATING INJURY,1.0,0.0,0.0,1.0,0.0,1.0,0.0,16,4,5
0d5ffa49c620f492bcc5f9ea407429d72e2ede5b3bb03d19b1e5f3dc7c730f9455578bef191d1d05ddf9fb2efd3014174b222e81e226ea3ae4d92507029e1160,2022-11-18 19:30:00,30,NO CONTROLS,NO CONTROLS,BLOWING SNOW,"DARKNESS, LIGHTED ROAD",ANGLE,DIVIDED - W/MEDIAN (NOT RAISED),STRAIGHT AND LEVEL,WET,NO DEFECTS,NO INJURY / DRIVE AWAY,"OVER $1,500",IMPROPER BACKING,NOT APPLICABLE,71,E,MADISON ST,2,NO INDICATION OF INJURY,0.0,0.0,0.0,0.0,0.0,3.0,0.0,19,6,11
83b7d25a1fedbbb829acfe27b5d1c5d2d86a6bd4e16e3c4e411c8f3b9fdd3258685fea7e2362f2207fc8ecc219b21bdbbcb6892b94757568738636847455e982,2017-05-05 10:27:00,30,NO CONTROLS,NO CONTROLS,CLEAR,DAYLIGHT,SIDESWIPE SAME DIRECTION,NOT DIVIDED,STRAIGHT AND LEVEL,DRY,NO DEFECTS,NO INJURY / DRIVE AWAY,"OVER $1,500",UNABLE TO DETERMINE,NOT APPLICABLE,8300,S,VINCENNES AVE,2,NO INDICATION OF INJURY,0.0,0.0,0.0,0.0,0.0,2.0,0.0,10,6,5
81654e8acf898bb9fc14cf81cf730f62eb55fdc7f040c2f395ee52d680fd569e8a2f25528a282d42bb421c551d63f1cf1254d15463bb8659cd3f8ec7d4db3581,2018-03-05 18:45:00,30,NO CONTROLS,NO CONTROLS,RAIN,"DARKNESS, LIGHTED ROAD",SIDESWIPE OPPOSITE DIRECTION,NOT DIVIDED,STRAIGHT AND LEVEL,WET,NO DEFECTS,NO INJURY / DRIVE AWAY,"OVER $1,500",IMPROPER LANE USAGE,DRIVING SKILLS/KNOWLEDGE/EXPERIENCE,329,N,LARAMIE AVE,2,NO INDICATION OF INJURY,0.0,0.0,0.0,0.0,0.0,2.0,0.0,18,2,3
c5b7f35724487ce00028e9b668f53d7592b04faed9c539fb1372baa0a01f70c390025145e059b8fb3f1c52f7cf0482d8054ce08b1d8ee91fe9a45c24b9926e61,2017-01-16 02:20:00,35,TRAFFIC SIGNAL,FUNCTIONING PROPERLY,CLOUDY/OVERCAST,"DARKNESS, LIGHTED ROAD",REAR END,NOT DIVIDED,STRAIGHT AND LEVEL,ICE,NO DEFECTS,NO INJURY / DRIVE AWAY,"$501 - $1,500",UNABLE TO DETERMINE,UNABLE TO DETERMINE,9299,S,COTTAGE GROVE AVE,2,NO INDICATION OF INJURY,0.0,0.0,0.0,0.0,0.0,2.0,0.0,2,2,1
2939b13016ab76c244934c763af6d22a5ebd365adb74c2a8ba6fcfdb0a794d30b908f481b5e1a757fc37a05d168b77de7505715f31bbd2d50273f631e5ae9edf,2022-07-03 14:40:00,30,NO CONTROLS,NO CONTROLS,CLEAR,DAYLIGHT,PARKED MOTOR VEHICLE,NOT DIVIDED,STRAIGHT AND LEVEL,DRY,NO DEFECTS,INJURY AND / OR TOW DUE TO CRASH,"$501 - $1,500","OPERATING VEHICLE IN ERRATIC, RECKLESS, CARELESS, NEGLIGENT OR AGGRESSIVE MANNER",IMPROPER BACKING,2111,E,70TH ST,2,NO INDICATION OF INJURY,0.0,0.0,0.0,0.0,0.0,1.0,0.0,14,1,7
dd3cafd6181a6fbc588bd3616aa9c3e6a1651df19602704e7b9bdac391672a6b8a54b9e150e225aa9bcec4574de9d4e9fc35813603080afff53056d31b1242da,2020-02-28 14:30:00,30,TRAFFIC SIGNAL,FUNCTIONING PROPERLY,CLEAR,DAYLIGHT,PARKED MOTOR VEHICLE,PARKING LOT,STRAIGHT AND LEVEL,DRY,NO DEFECTS,NO INJURY / DRIVE AWAY,"$501 - $1,500",IMPROPER LANE USAGE,IMPROPER LANE USAGE,3,W,CULLERTON ST,2,NO INDICATION OF INJURY,0.0,0.0,0.0,0.0,0.0,1.0,0.0,14,6,2
35ab946c769449bf6b784eb7a20ad2fa57e80cb8768c80e6c4f215a76ab442751488eb56f0356a72dd6b2a5ad41c38eef7ab9cd4b44818e717567f95a5d1deae,2016-07-25 01:00:00,0,TRAFFIC SIGNAL,FUNCTIONING PROPERLY,RAIN,"DARKNESS, LIGHTED ROAD",TURNING,DIVIDED - W/MEDIAN BARRIER,STRAIGHT AND LEVEL,WET,OTHER,NO INJURY / DRIVE AWAY,"$501 - $1,500",UNABLE TO DETERMINE,UNABLE TO DETERMINE,500,N,LAKE SHORE DR,2,NO INDICATION OF INJURY,0.0,0.0,0.0,0.0,0.0,4.0,0.0,1,2,7
4920641255844adc8876c4c31bc2dca6d43ed7b91a829ddfb42330b99775ee6c24f2cfb48bf94cc901d9d56975c99765f3f2ec27e2d38daabd9eb9b0e968c2a9,2022-04-20 15:10:00,30,TRAFFIC SIGNAL,FUNCTIONING PROPERLY,CLEAR,DAYLIGHT,REAR END,NOT DIVIDED,STRAIGHT AND LEVEL,DRY,NO DEFECTS,NO INJURY / DRIVE AWAY,"OVER $1,500",UNABLE TO DETERMINE,UNABLE TO DETERMINE,651,N,ASHLAND AVE,2,NO INDICATION OF INJURY,0.0,0.0,0.0,0.0,0.0,2.0,0.0,15,4,4
bf7a5360a80ac25ce5dc7259dce619fc4da9ffcf5f8e5f7e972afa93aca2d1a139399d51e770a6fef747484f740f857511cd095d259592abe74012b601b4b0d2,2022-09-16 18:00:00,15,NO CONTROLS,NO CONTROLS,CLEAR,DUSK,FIXED OBJECT,ALLEY,STRAIGHT AND LEVEL,DRY,UNKNOWN,NO INJURY / DRIVE AWAY,"OVER $1,500",UNABLE TO DETERMINE,UNABLE TO DETERMINE,3143,W,DOUGLAS BLVD,1,NO INDICATION OF INJURY,0.0,0.0,0.0,0.0,0.0,1.0,0.0,18,6,9
e2dc66e78f9645dd18524ca605c5c1df9725d3206e26e984998c2a2cc6dd458c2e03650729d96fcb1f8bf40e43105397f621ab35feaeafc008d4dd18ffeac515,2017-07-09 14:22:00,30,NO CONTROLS,NO CONTROLS,RAIN,DAYLIGHT,PARKED MOTOR VEHICLE,ONE-WAY,STRAIGHT AND LEVEL,DRY,NO DEFECTS,NO INJURY / DRIVE AWAY,"$501 - $1,500",UNABLE TO DETERMINE,UNABLE TO DETERMINE,4128,W,25TH ST,2,NO INDICATION OF INJURY,0.0,0.0,0.0,0.0,0.0,1.0,0.0,14,1,7
d3a9ddfd3bc0bb3a66a7b9e7141e57bf30f0895399cf73d26cb851436d5c8a3b943370ff6ecfc17dc2ea1e9f56787947d391adb7025656c2663bd232d7fb55ff,2019-05-18 17:40:00,30,NO CONTROLS,NO CONTROLS,CLEAR,DAYLIGHT,PEDESTRIAN,ONE-WAY,STRAIGHT AND LEVEL,WET,UNKNOWN,NO INJURY / DRIVE AWAY,$500 OR LESS,UNABLE TO DETERMINE,NOT APPLICABLE,135,W,ADAMS ST,2,NO INDICATION OF INJURY,0.0,0.0,0.0,0.0,0.0,2.0,0.0,17,7,5
473d2b8f33c63ce1e3545bb29430a1c4bc319e4a94a87479652674fee6070adf44620f2ff0ecdacdf6c06ed0fe5bd4a5d0b66d0f36d8080ce6ea9949760a2f10,2023-12-24 09:15:00,20,NO CONTROLS,NO CONTROLS,CLEAR,DAYLIGHT,SIDESWIPE SAME DIRECTION,ONE-WAY,STRAIGHT AND LEVEL,DRY,UNKNOWN,NO INJURY / DRIVE AWAY,"OVER $1,500",FAILING TO YIELD RIGHT-OF-WAY,FAILING TO YIELD RIGHT-OF-WAY,2804,E,89TH ST,2,NO INDICATION OF INJURY,0.0,0.0,0.0,0.0,0.0,2.0,0.0,9,1,12
47289d7538cf53b9fa79daf592dca8d196203d9b8c042f768056f63c5d10761471911d723db230379e340cf07861af569ac0d8e5ea5b39b4237903f4b0e53d52,2021-03-30 17:51:00,30,TRAFFIC SIGNAL,FUNCTIONING PROPERLY,CLEAR,DAYLIGHT,PEDESTRIAN,FOUR WAY,STRAIGHT AND LEVEL,DRY,UNKNOWN,INJURY AND / OR TOW DUE TO CRASH,"OVER $1,500",FAILING TO YIELD RIGHT-OF-WAY,FAILING TO REDUCE SPEED TO AVOID CRASH,126,E,PERSHING RD,2,NONINCAPACITATING INJURY,1.0,0.0,0.0,1.0,0.0,1.0,0.0,17,3,3
1a1fb24533fc7e8e7ea7ace20276a3857ceac7e1a307d086b46cabc85076bb126f98e25e094ebc9f2cfdca6b5e307e94877da222b6d0b0b670fe8f883dde0b90,2017-10-25 13:55:00,30,TRAFFIC SIGNAL,FUNCTIONING PROPERLY,CLEAR,DAYLIGHT,TURNING,CENTER TURN LANE,STRAIGHT AND LEVEL,DRY,NO DEFECTS,NO INJURY / DRIVE AWAY,$500 OR LESS,DISTRACTION - FROM OUTSIDE VEHICLE,NOT APPLICABLE,6400,W,NORTH AVE,2,NO INDICATION OF INJURY,0.0,0.0,0.0,0.0,0.0,2.0,0.0,13,4,10
985b39a19482810ea2e1d45a1d9edbee7216fc9546c30dffa1f941325967cfbd8045029947cfada42933c6f19d9b3610ed6e4ffd54d31004199d165a4fb7e376,2023-03-29 21:00:00,30,UNKNOWN,UNKNOWN,CLEAR,DARKNESS,PARKED MOTOR VEHICLE,NOT DIVIDED,STRAIGHT AND LEVEL,DRY,UNKNOWN,NO INJURY / DRIVE AWAY,"OVER $1,500",NOT APPLICABLE,NOT APPLICABLE,2741,W,CONGRESS PKWY,2,NO INDICATION OF INJURY,0.0,0.0,0.0,0.0,0.0,1.0,0.0,21,4,3
984afb7a833060f8a3c0749a630ba0f429863590d6ca0172f04bfce1fe82c4dd8179c30832bbba59aead12678da0903d753f97476021d2d22312546e4dc57634,2017-09-08 14:00:00,0,NO CONTROLS,NO CONTROLS,CLEAR,DAYLIGHT,PARKED MOTOR VEHICLE,PARKING LOT,STRAIGHT AND LEVEL,DRY,NO DEFECTS,NO INJURY / DRIVE AWAY,"OVER $1,500",IMPROPER BACKING,DRIVING SKILLS/KNOWLEDGE/EXPERIENCE,4600,W,63RD ST,2,NO INDICATION OF INJURY,0.0,0.0,0.0,0.0,0.0,1.0,0.0,14,6,9
338fb1edb15468649ccdca4339045268a20dd36abea3f131237a4ef9454a48247fe948e0404c1500379b3ed16280e6ab0a95d72f4301fbe2d4499f3e8a91a329,2019-03-01 21:00:00,30,TRAFFIC SIGNAL,UNKNOWN,CLEAR,"DARKNESS, LIGHTED ROAD",SIDESWIPE SAME DIRECTION,DIVIDED - W/MEDIAN (NOT RAISED),STRAIGHT AND LEVEL,DRY,UNKNOWN,NO INJURY / DRIVE AWAY,"OVER $1,500",IMPROPER LANE USAGE,IMPROPER TURNING/NO SIGNAL,620,N,RACINE AVE,2,NO INDICATION OF INJURY,0.0,0.0,0.0,0.0,0.0,2.0,0.0,21,6,3
f170174806bf34f411ba2f1ae687e1b61364c712bf912053f9bf99da62a0be51e7ca5871047ce85e0143204c97226614567c63046700f8f7581f8374c369ef6f,2018-03-08 15:30:00,30,NO CONTROLS,NO CONTROLS,CLEAR,DAYLIGHT,REAR END,NOT DIVIDED,STRAIGHT AND LEVEL,DRY,NO DEFECTS,NO INJURY / DRIVE AWAY,"$501 - $1,500",FOLLOWING TOO CLOSELY,NOT APPLICABLE,1027,W,WASHINGTON BLVD,2,NO INDICATION OF INJURY,0.0,0.0,0.0,0.0,0.0,2.0,0.0,15,5,3
5c1b4e274614da37f50ce94a113870f08e50b1eb130408c81f0b27262c49a3cf5bbe67108a9f8dd56ddd9fb02bac4f65b687458bf81ef1fca2b398a941627eed,2020-03-23 14:00:00,30,NO CONTROLS,NO CONTROLS,UNKNOWN,UNKNOWN,PARKED MOTOR VEHICLE,NOT DIVIDED,STRAIGHT AND LEVEL,UNKNOWN,NO DEFECTS,NO INJURY / DRIVE AWAY,"OVER $1,500",UNABLE TO DETERMINE,UNABLE TO DETERMINE,6108,S,ELLIS AVE,2,NO INDICATION OF INJURY,0.0,0.0,0.0,0.0,0.0,1.0,0.0,14,2,3
d5d7f525927051faba34d95697054cd02ae1eeec2afa09869d5e5305a97ef519632d32bfe7e276b2ca1f9768bd23fe59fee1aee20198f29f14e89d480fa7548f,2023-03-30 11:30:00,30,NO CONTROLS,NO CONTROLS,CLEAR,DAYLIGHT,TURNING,DIVIDED - W/MEDIAN BARRIER,STRAIGHT AND LEVEL,UNKNOWN,UNKNOWN,NO INJURY / DRIVE AWAY,"OVER $1,500",FOLLOWING TOO CLOSELY,FOLLOWING TOO CLOSELY,4116,N,CICERO AVE,2,NO INDICATION OF INJURY,0.0,0.0,0.0,0.0,0.0,3.0,0.0,11,5,3
9c02c7447905de67635d3fe5785fcc4e6795c9cb2d9738287da72b27644d38d0dfeb58de8d57ee024b83002f859f993a799ca502f22133ef1ece3ca6db2c07ff,2020-09-09 06:20:00,30,NO CONTROLS,NO CONTROLS,CLEAR,DUSK,FIXED OBJECT,NOT DIVIDED,STRAIGHT AND LEVEL,DRY,NO DEFECTS,NO INJURY / DRIVE AWAY,"OVER $1,500",IMPROPER LANE USAGE,UNABLE TO DETERMINE,10550,S,WENTWORTH AVE,1,NO INDICATION OF INJURY,0.0,0.0,0.0,0.0,0.0,1.0,0.0,6,4,9
97586fdf90519cd29c9f45553c9930382435cd81e4449607d72458db9e68e0aa7f50a46561ea9ed0a7283d05c8f41934d3f22e89ff4dc9de2ab050d92cda9736,2016-03-11 12:45:00,30,UNKNOWN,UNKNOWN,CLEAR,DAYLIGHT,PARKED MOTOR VEHICLE,PARKING LOT,STRAIGHT AND LEVEL,DRY,UNKNOWN,NO INJURY / DRIVE AWAY,"$501 - $1,500",NOT APPLICABLE,NOT APPLICABLE,99,N,KEDZIE AVE,2,NO INDICATION OF INJURY,0.0,0.0,0.0,0.0,0.0,1.0,0.0,12,6,3
9d4cd1c99428415b226124640191bd634f9d511d3382937b8e371b73b5be4ed3f497f5ece7b7d39fe5b53d846028433e9c0595722a4227fa9984d8ff36a85f2b,2018-09-27 19:01:00,30,TRAFFIC SIGNAL,FUNCTIONING PROPERLY,CLEAR,"DARKNESS, LIGHTED ROAD",REAR END,ONE-WAY,STRAIGHT AND LEVEL,DRY,NO DEFECTS,NO INJURY / DRIVE AWAY,"OVER $1,500",FAILING TO REDUCE SPEED TO AVOID CRASH,FOLLOWING TOO CLOSELY,375,W,OHIO ST,2,NO INDICATION OF INJURY,0.0,0.0,0.0,0.0,0.0,2.0,0.0,19,5,9
6fab99dd14877e27ac3344aa11f57d93110033f842520daca24aebe27212f4e551bff23f1719c20d681b3ade5d2c7358fddd24812fb783dcbab5f3d1f8e86ff1,2017-11-18 01:09:00,25,UNKNOWN,UNKNOWN,RAIN,"DARKNESS, LIGHTED ROAD",OTHER OBJECT,UNKNOWN,STRAIGHT AND LEVEL,UNKNOWN,UNKNOWN,INJURY AND / OR TOW DUE TO CRASH,"OVER $1,500",NOT APPLICABLE,NOT APPLICABLE,3058,S,CALIFORNIA AVE,1,NO INDICATION OF INJURY,0.0,0.0,0.0,0.0,0.0,1.0,0.0,1,7,11
a823039ef3b3f03c0bfd6029e7e4a2d113b9f4d63f300b252867527005bb24495cd5671c7bbd009b17c445dc235b81ed906112bb96aa9e3a6448ccbcd2b4cf0f,2015-10-16 12:00:00,30,NO CONTROLS,NO CONTROLS,CLEAR,DAYLIGHT,ANGLE,DIVIDED - W/MEDIAN (NOT RAISED),STRAIGHT AND LEVEL,UNKNOWN,NO DEFECTS,NO INJURY / DRIVE AWAY,"OVER $1,500",DRIVING SKILLS/KNOWLEDGE/EXPERIENCE,FAILING TO YIELD RIGHT-OF-WAY,1932,W,MONTROSE AVE,2,NO INDICATION OF INJURY,0.0,0.0,0.0,0.0,0.0,4.0,0.0,12,6,10
4b58f827a7e199cfd8616f252a91fe8322352c021858571f684f4bfd599510ee006a0fb0e80efdf670202b8eeef7bf997e989d0a6cd4247ab3614cf6f29b78c0,2017-09-02 07:37:00,35,NO CONTROLS,NO CONTROLS,CLEAR,UNKNOWN,PARKED MOTOR VEHICLE,ONE-WAY,STRAIGHT AND LEVEL,DRY,NO DEFECTS,NO INJURY / DRIVE AWAY,"$501 - $1,500",UNABLE TO DETERMINE,UNABLE TO DETERMINE,2432,S,SACRAMENTO AVE,2,NO INDICATION OF INJURY,0.0,0.0,0.0,0.0,0.0,1.0,0.0,7,7,9
82a5489908da507fbc6f830da77186b1b3940c8a5023c9c73f960b9b885ebeb9db1da79dd3d616eb0f4a6b3a9e970e2b0f5dcaa845426e8850809c53934959b8,2017-12-29 17:12:00,35,STOP SIGN/FLASHER,FUNCTIONING PROPERLY,SNOW,"DARKNESS, LIGHTED ROAD",SIDESWIPE SAME DIRECTION,NOT DIVIDED,"CURVE, LEVEL",SNOW OR SLUSH,NO DEFECTS,INJURY AND / OR TOW DUE TO CRASH,"OVER $1,500",EXCEEDING SAFE SPEED FOR CONDITIONS,WEATHER,3116,S,WESTERN AVE,3,"REPORTED, NOT EVIDENT",1.0,0.0,0.0,0.0,1.0,1.0,0.0,17,6,12
583c98c612d5db78c5e21aba32405a0fd946172e219fcafa35de70c842dba89f1f617a0180e83aed6a62e55c810e88bde50b3d8328e0be1b3300e08a7c0128f6,2024-04-11 16:11:00,30,UNKNOWN,UNKNOWN,UNKNOWN,UNKNOWN,PARKED MOTOR VEHICLE,UNKNOWN,STRAIGHT AND LEVEL,UNKNOWN,UNKNOWN,NO INJURY / DRIVE AWAY,$500 OR LESS,UNABLE TO DETERMINE,NOT APPLICABLE,2421,W,ARDMORE AVE,2,NO INDICATION OF INJURY,0.0,0.0,0.0,0.0,0.0,1.0,0.0,16,5,4
c981cb25d2f3f211eb852b6f154d6a8ca426e017860935259b0cbf24059c597debc2d93cfecfc97640ed4d582d246cd0c15cfe22e002073968a441dca9e1308e,2023-11-13 08:22:00,40,NO CONTROLS,NO CONTROLS,CLEAR,DAYLIGHT,REAR END,DIVIDED - W/MEDIAN BARRIER,STRAIGHT ON GRADE,DRY,NO DEFECTS,NO INJURY / DRIVE AWAY,"OVER $1,500",FOLLOWING TOO CLOSELY,NOT APPLICABLE,3600,N,LAKE SHORE DR,2,NO INDICATION OF INJURY,0.0,0.0,0.0,0.0,0.0,2.0,0.0,8,2,11
2b7900276a54e2f100d41060fee6ecb43763a2eaa08441b368688cde28602bbb407180193026c2717aef270e117423387136c7acaf6bad91d59a852364568704,2023-01-20 14:35:00,30,NO CONTROLS,NO CONTROLS,CLEAR,DAYLIGHT,PARKED MOTOR VEHICLE,DIVIDED - W/MEDIAN (NOT RAISED),STRAIGHT AND LEVEL,DRY,NO DEFECTS,NO INJURY / DRIVE AWAY,"$501 - $1,500",UNABLE TO DETERMINE,UNABLE TO DETERMINE,5551,N,BROADWAY,2,NO INDICATION OF INJURY,0.0,0.0,0.0,0.0,0.0,2.0,0.0,14,6,1
2aaea3aed6ed723b6daaf6383a56337d5c6443652f8cca7aa709e95e24895f0424aab2ac64070d38d14448d869836653f910378bc0f8e27c6c807669971c562e,2018-09-05 00:01:00,30,POLICE/FLAGMAN,OTHER,CLEAR,"DARKNESS, LIGHTED ROAD",REAR END,NOT DIVIDED,STRAIGHT AND LEVEL,DRY,NO DEFECTS,INJURY AND / OR TOW DUE TO CRASH,"OVER $1,500",FAILING TO REDUCE SPEED TO AVOID CRASH,UNABLE TO DETERMINE,5501,S,HARLEM AVE,2,NONINCAPACITATING INJURY,2.0,0.0,0.0,2.0,0.0,1.0,0.0,0,4,9
b6d1b5dda5b751f69f9f5afebcf888be6c5966cc524a529b6850731251bb88a655c8da42e910a43940c113548bb1aaf57cbec98300786e84bc96061de63bc739,2019-11-16 11:43:00,40,TRAFFIC SIGNAL,FUNCTIONING PROPERLY,CLEAR,DAYLIGHT,REAR END,DIVIDED - W/MEDIAN BARRIER,STRAIGHT AND LEVEL,DRY,NO DEFECTS,NO INJURY / DRIVE AWAY,"OVER $1,500",FOLLOWING TOO CLOSELY,NOT APPLICABLE,1200,S,LAKE SHORE DR E,2,NO INDICATION OF INJURY,0.0,0.0,0.0,0.0,0.0,2.0,0.0,11,7,11
dd6c72d4ae0e7f2b5f0d737faeebdd0d6a8e7938db63ab8cc37ac7cf96d0fddb6504530ee444436331d63044d95a7e9678001776260752929ab1886d0b524c72,2018-10-14 22:15:00,40,NO CONTROLS,NO CONTROLS,RAIN,"DARKNESS, LIGHTED ROAD",REAR END,ONE-WAY,STRAIGHT AND LEVEL,WET,NO DEFECTS,NO INJURY / DRIVE AWAY,"$501 - $1,500",WEATHER,UNABLE TO DETERMINE,5,W,TERMINAL ST,2,NO INDICATION OF INJURY,0.0,0.0,0.0,0.0,0.0,3.0,0.0,22,1,10
24f7972123db85180571ff45a5180f059a7c1cf4997ea9de7a5259aeb102d0bbbd56f6a7cc2fdf6a1ba4737511144a845f23fbc916af9f3e70eac1a96dd0503f,2021-01-15 15:30:00,30,NO CONTROLS,NO CONTROLS,FREEZING RAIN/DRIZZLE,DAYLIGHT,ANGLE,ONE-WAY,STRAIGHT AND LEVEL,ICE,UNKNOWN,NO INJURY / DRIVE AWAY,"$501 - $1,500",FAILING TO YIELD RIGHT-OF-WAY,WEATHER,2335,S,AVERS AVE,2,NO INDICATION OF INJURY,0.0,0.0,0.0,0.0,0.0,3.0,0.0,15,6,1
5fde9dbda40c2d5e8c78023416f3c193651411182a4c0454d2e16ebdd0ce552897292d1ed57c199ab8a2bf0bbf4efe4e2832d8778b6735b7cdce6968bf94947f,2018-06-01 19:35:00,25,NO CONTROLS,NO CONTROLS,CLEAR,DAYLIGHT,SIDESWIPE SAME DIRECTION,DIVIDED - W/MEDIAN (NOT RAISED),STRAIGHT AND LEVEL,DRY,NO DEFECTS,NO INJURY / DRIVE AWAY,"$501 - $1,500",UNABLE TO DETERMINE,UNABLE TO DETERMINE,6901,S,CICERO AVE,2,NO INDICATION OF INJURY,0.0,0.0,0.0,0.0,0.0,2.0,0.0,19,6,6
293da3bfcfb3f1e49960a0c5fead8d11e2a0ddf678a4c323b4a1d3e26af84e2c27a575677ff23022120db0a19ede74b1ad3213537eb4a7dc54e604f83a802f34,2021-09-10 07:30:00,30,STOP SIGN/FLASHER,UNKNOWN,CLEAR,DAYLIGHT,SIDESWIPE SAME DIRECTION,DIVIDED - W/MEDIAN (NOT RAISED),STRAIGHT AND LEVEL,UNKNOWN,UNKNOWN,NO INJURY / DRIVE AWAY,$500 OR LESS,FOLLOWING TOO CLOSELY,FOLLOWING TOO CLOSELY,1732,E,72ND PL,2,NO INDICATION OF INJURY,0.0,0.0,0.0,0.0,0.0,2.0,0.0,7,6,9
164c98d322c0eabf485a23f34a85db73ae2239ef7380056d7238a1e24959c2249f914806763d2c9640315d08080af1d259580ddaa7761dca3582364e413de664,2019-02-28 18:00:00,30,UNKNOWN,UNKNOWN,CLEAR,UNKNOWN,REAR END,NOT DIVIDED,STRAIGHT AND LEVEL,DRY,UNKNOWN,INJURY AND / OR TOW DUE TO CRASH,"OVER $1,500",UNABLE TO DETERMINE,FAILING TO REDUCE SPEED TO AVOID CRASH,4051,W,MADISON ST,2,"REPORTED, NOT EVIDENT",4.0,0.0,0.0,0.0,4.0,2.0,0.0,18,5,2
e420d866fe920e402e29aff0c8c20eb12c5eb92700a59ff89470b5d10bb5f0f8400e232bbd9c8ad570bb92ef11cefe041fe02eb6746f64927df9506ebb44f2e6,2024-02-18 03:30:00,30,TRAFFIC SIGNAL,UNKNOWN,CLEAR,DARKNESS,SIDESWIPE SAME DIRECTION,NOT DIVIDED,STRAIGHT AND LEVEL,UNKNOWN,UNKNOWN,NO INJURY / DRIVE AWAY,$500 OR LESS,UNABLE TO DETERMINE,UNABLE TO DETERMINE,6000,S,KEDZIE AVE,2,NO INDICATION OF INJURY,0.0,0.0,0.0,0.0,0.0,2.0,0.0,3,1,2
2b611aeb77208949cdebe4f67c7bf966fe9ddc9d698ade7f258174ce17e592800dcbbcb0235e5ef1d1eafb848f3649ce18f2074b122d62f3d09bdf68989992ed,2023-08-29 14:00:00,30,NO CONTROLS,UNKNOWN,CLEAR,DAYLIGHT,ANGLE,OTHER,STRAIGHT AND LEVEL,DRY,UNKNOWN,INJURY AND / OR TOW DUE TO CRASH,"OVER $1,500",FAILING TO YIELD RIGHT-OF-WAY,UNABLE TO DETERMINE,300,S,WELLS ST,2,NO INDICATION OF INJURY,0.0,0.0,0.0,0.0,0.0,2.0,0.0,14,3,8
9541e74ddc9b01dae84f0902e91b45c5a37902eab668eda7ba06fff7f1a8f2aa7ffdb96bbc42b994423c2e09bc1c33b285154efbaf208de09f1038bcb59f9326,2018-12-23 22:20:00,30,NO CONTROLS,NO CONTROLS,CLEAR,"DARKNESS, LIGHTED ROAD",SIDESWIPE SAME DIRECTION,NOT DIVIDED,STRAIGHT AND LEVEL,DRY,NO DEFECTS,INJURY AND / OR TOW DUE TO CRASH,"OVER $1,500",UNABLE TO DETERMINE,UNABLE TO DETERMINE,13762,S,LEYDEN AVE,3,INCAPACITATING INJURY,4.0,0.0,1.0,3.0,0.0,0.0,0.0,22,1,12