CRASH_RECORD_ID,CRASH_DATE,POSTED_SPEED_LIMIT,TRAFFIC_CONTROL_DEVICE,DEVICE_CONDITION,WEATHER_CONDITION,LIGHTING_CONDITION,FIRST_CRASH_TYPE,TRAFFICWAY_TYPE,ALIGNMENT,ROADWAY_SURFACE_COND,ROAD_DEFECT,CRASH_TYPE,DAMAGE,PRIM_CONTRIBUTORY_CAUSE,SEC_CONTRIBUTORY_CAUSE,STREET_NO,STREET_DIRECTION,STREET_NAME,NUM_UNITS,MOST_SEVERE_INJURY,INJURIES_TOTAL,INJURIES_FATAL,INJURIES_INCAPACITATING,INJURIES_NON_INCAPACITATING,INJURIES_REPORTED_NOT_EVIDENT,INJURIES_NO_INDICATION,INJURIES_UNKNOWN,CRASH_HOUR,CRASH_DAY_OF_WEEK,CRASH_MONTH
d93c7caacaa84102a30254fb76d42318009118cfa465318c3ddbab52b0bb41a5b614c0bd6554f0b6932d08e393d81780b619089a9fee6e6b714ecd07d580fb10,2017-12-09 18:32:00,30,NO CONTROLS,NO CONTROLS,CLOUDY/OVERCAST,"DARKNESS, LIGHTED ROAD",REAR END,NOT DIVIDED,STRAIGHT AND LEVEL,DRY,NO DEFECTS,NO INJURY / DRIVE AWAY,"OVER $1,500",UNABLE TO DETERMINE,UNABLE TO DETERMINE,2258,W,LAKE ST,2,NO INDICATION OF INJURY,0.0,0.0,0.0,0.0,0.0,3.0,0.0,18,7,12
8438c342df3b3997365cef6cf8484031f38ecdcc7941898a6240c861f21d73211115feaf149b4b89e098cadc2123d01497eed7a27dc8531ca8dfa3ef7b144668,2023-10-07 18:30:00,30,NO CONTROLS,NO CONTROLS,CLEAR,DUSK,TURNING,DIVIDED - W/MEDIAN (NOT RAISED),STRAIGHT AND LEVEL,DRY,NO DEFECTS,NO INJURY / DRIVE AWAY,"OVER $1,500",IMPROPER LANE USAGE,UNABLE TO DETERMINE,8700,S,DORCHESTER AVE,2,NO INDICATION OF INJURY,0.0,0.0,0.0,0.0,0.0,4.0,0.0,18,7,10
84d64aa89020ace0d4aceac76d74d3f03643c5667241cf2d1a93ffb3cb7cbea31161668e832a1d5a312805664a50ed6f2878881da8a1d761a5ee899db7ec8b5e,2019-05-03 21:10:00,30,TRAFFIC SIGNAL,FUNCTIONING PROPERLY,CLEAR,"DARKNESS, LIGHTED ROAD",TURNING,DIVIDED - W/MEDIAN (NOT RAISED),STRAIGHT AND LEVEL,WET,NO DEFECTS,NO INJURY / DRIVE AWAY,"$501 - $1,500",NOT APPLICABLE,UNABLE TO DETERMINE,100,E,PEARSON ST,2,NO INDICATION OF INJURY,0.0,0.0,0.0,0.0,0.0,2.0,0.0,21,6,5
2400b73e0ffef3654f1ac74ec65c2cc36e18e00980f0ce14a7d25a64d350c328116eb7cc428222044fad187a79431c41127cc10a451caa602409c67a4af77c95,2017-12-16 21:25:00,30,NO CONTROLS,NO CONTROLS,CLEAR,"DARKNESS, LIGHTED ROAD",PARKED MOTOR VEHICLE,NOT DIVIDED,STRAIGHT AND LEVEL,DRY,NO DEFECTS,NO INJURY / DRIVE AWAY,"OVER $1,500",UNDER THE INFLUENCE OF ALCOHOL/DRUGS (USE WHEN ARREST IS EFFECTED),FAILING TO REDUCE SPEED TO AVOID CRASH,10332,S,AVENUE L,2,NO INDICATION OF INJURY,0.0,0.0,0.0,0.0,0.0,2.0,0.0,21,7,12
08cc8de30d5f09cf6fb07a0ebfe8334d5f4c27feff7a31721d7a12e0e6af99bdc06fe001761b3d1cf36a4cfc7404a584d97bd04da348b4522c52093da9f8f90a,2019-05-15 08:40:00,30,TRAFFIC SIGNAL,FUNCTIONING PROPERLY,UNKNOWN,DAYLIGHT,SIDESWIPE SAME DIRECTION,NOT DIVIDED,STRAIGHT AND LEVEL,UNKNOWN,UNKNOWN,NO INJURY / DRIVE AWAY,"OVER $1,500",IMPROPER OVERTAKING/PASSING,IMPROPER OVERTAKING/PASSING,1000,W,83RD ST,2,NO INDICATION OF INJURY,0.0,0.0,0.0,0.0,0.0,2.0,0.0,8,4,5
88ff3b1173a4444631d632240cc6a5db3406a5ef04e52a07100172e589a2706713d74a7476215c3bc8df93292b2fdc57b4e07259afafd5d5f54e9d7730c3e9c1,2018-12-31 16:30:00,20,NO CONTROLS,NO CONTROLS,RAIN,"DARKNESS, LIGHTED ROAD",PARKED MOTOR VEHICLE,ONE-WAY,STRAIGHT AND LEVEL,WET,NO DEFECTS,NO INJURY / DRIVE AWAY,"OVER $1,500",NOT APPLICABLE,NOT APPLICABLE,3841,W,AINSLIE ST,2,NO INDICATION OF INJURY,0.0,0.0,0.0,0.0,0.0,3.0,0.0,16,2,12
c314d0cb07cc65b3145a85c04c521472bf1f8335c5c933819cf4d3a1c87cf6cedfe522c7e3c56946f910c9ad0591906e13f7a4c4aa2f80c8b345ab8a0fb30de4,2016-11-30 21:15:00,10,NO CONTROLS,NO CONTROLS,CLEAR,DARKNESS,REAR END,PARKING LOT,STRAIGHT AND LEVEL,DRY,NO DEFECTS,NO INJURY / DRIVE AWAY,"$501 - $1,500",IMPROPER BACKING,FAILING TO YIELD RIGHT-OF-WAY,3759,W,CHICAGO AVE,2,NO INDICATION OF INJURY,0.0,0.0,0.0,0.0,0.0,2.0,0.0,21,4,11
cd86f4489f1bc2b5839f67ed68c0d434fc057c36697b620d580c09c08d0b9cb1df6045b8d20954867b77518f75f1d4c5bf7a24bd6c256583a94c4363e478d432,2020-08-05 17:25:00,30,TRAFFIC SIGNAL,FUNCTIONING PROPERLY,CLEAR,DAYLIGHT,SIDESWIPE SAME DIRECTION,NOT DIVIDED,STRAIGHT AND LEVEL,DRY,NO DEFECTS,NO INJURY / DRIVE AWAY,$500 OR LESS,IMPROPER OVERTAKING/PASSING,NOT APPLICABLE,1600,W,GARFIELD BLVD,2,NO INDICATION OF INJURY,0.0,0.0,0.0,0.0,0.0,2.0,0.0,17,4,8
dcc5a7a5c756c757a3ecc49ac2462feb2ffca926c481aadf7fca7dfebd6de0a4f74f8afbd4f2b6d2e7918e09fea45a45356edf6757dace6d47c6d3867f75a394,2022-08-12 22:00:00,30,NO CONTROLS,NO CONTROLS,CLEAR,"DARKNESS, LIGHTED ROAD",TURNING,NOT DIVIDED,STRAIGHT AND LEVEL,DRY,NO DEFECTS,INJURY AND / OR TOW DUE TO CRASH,"OVER $1,500",DRIVING SKILLS/KNOWLEDGE/EXPERIENCE,UNABLE TO DETERMINE,100,W,75TH ST,2,NONINCAPACITATING INJURY,1.0,0.0,0.0,1.0,0.0,2.0,0.0,22,6,8
c142604a89d10a684a399a0a4f65966bdbec40ddbe1330e87d380db25da9b3bc03c74837023075a4932d3419bbc2fea98c7dedc537d66f6ee9d78ed8d247f31b,2018-03-03 08:50:00,30,NO CONTROLS,NO CONTROLS,CLEAR,DAYLIGHT,FIXED OBJECT,NOT DIVIDED,STRAIGHT AND LEVEL,DRY,NO DEFECTS,NO INJURY / DRIVE AWAY,"$501 - $1,500",DISTRACTION - FROM OUTSIDE VEHICLE,IMPROPER LANE USAGE,6310,N,NAGLE AVE,1,NO INDICATION OF INJURY,0.0,0.0,0.0,0.0,0.0,1.0,0.0,8,7,3
8f2c9d9a85ec4b4bea7cf19d73c68320cd5281246fb2965f9d46004f07e96ec1d539015033d51cdc16886e752efe0e69ca2661f1495ca3429dae155ffb5ecf40,2020-12-31 12:40:00,30,TRAFFIC SIGNAL,FUNCTIONING PROPERLY,CLEAR,DAYLIGHT,ANGLE,FOUR WAY,STRAIGHT AND LEVEL,SNOW OR SLUSH,NO DEFECTS,INJURY AND / OR TOW DUE TO CRASH,"OVER $1,500",UNABLE TO DETERMINE,UNABLE TO DETERMINE,3000,W,WASHINGTON BLVD,2,NONINCAPACITATING INJURY,2.0,0.0,0.0,2.0,0.0,0.0,0.0,12,5,12
8b2768aafb3c544b54c7ad18ef1d7b3c66bd1d657006aaa9d59f8dc7e66427c02a55f18dc513198762a9e7946033ec44646d2b2f8693da607f1ac27b6ab67af9,2019-06-24 14:30:00,30,STOP SIGN/FLASHER,FUNCTIONING PROPERLY,CLEAR,DAYLIGHT,REAR END,ONE-WAY,STRAIGHT AND LEVEL,WET,NO DEFECTS,NO INJURY / DRIVE AWAY,"$501 - $1,500",UNABLE TO DETERMINE,NOT APPLICABLE,2399,W,ROSEMONT AVE,2,NO INDICATION OF INJURY,0.0,0.0,0.0,0.0,0.0,2.0,0.0,14,2,6
99ccaf064997126ebcb01b21e01f50480b7f974cb031afb62ab5601420ef9fc1f78c47b86a9904810e3014a985e237232af3f0a7ce8ab055e6af3103ee57011a,2018-02-22 01:00:00,30,NO CONTROLS,NO CONTROLS,CLEAR,DARKNESS,PARKED MOTOR VEHICLE,NOT DIVIDED,STRAIGHT AND LEVEL,DRY,NO DEFECTS,NO INJURY / DRIVE AWAY,"OVER $1,500",NOT APPLICABLE,NOT APPLICABLE,2036,N,LARAMIE AVE,2,NO INDICATION OF INJURY,0.0,0.0,0.0,0.0,0.0,1.0,0.0,1,5,2
fe040c43428323dab70588bd3e2c5fc79805bac4ba6266af6cdbef6359ce0e4932dfe4097d7a2b52615d9fccd4da79038da0e8d7c0a3daea4c6fcb97045813cb,2019-02-18 09:15:00,25,NO CONTROLS,NO CONTROLS,SNOW,DAYLIGHT,SIDESWIPE SAME DIRECTION,ONE-WAY,STRAIGHT AND LEVEL,SNOW OR SLUSH,NO DEFECTS,NO INJURY / DRIVE AWAY,$500 OR LESS,FAILING TO YIELD RIGHT-OF-WAY,WEATHER,5136,S,CHRISTIANA AVE,2,NO INDICATION OF INJURY,0.0,0.0,0.0,0.0,0.0,2.0,0.0,9,2,2
75a26cd305e9b03ac7eddb0551c73389aa27955c7f60dc77636083c9132007984b2e0bd7b8f57a100377ab250b8ee92b87413dc86a0b6d8e7e8b56452d985712,2023-06-10 22:28:00,30,RAILROAD CROSSING GATE,FUNCTIONING PROPERLY,CLEAR,"DARKNESS, LIGHTED ROAD",REAR END,NOT DIVIDED,STRAIGHT ON GRADE,DRY,NO DEFECTS,NO INJURY / DRIVE AWAY,"OVER $1,500",UNABLE TO DETERMINE,NOT APPLICABLE,1810,W,99TH ST,2,NO INDICATION OF INJURY,0.0,0.0,0.0,0.0,0.0,4.0,0.0,22,7,6
f1b5ae4dc644815a879871b54438f20ed2739d44e0704a5d46abb0c238a47e88d6ff117724ca2516611ce05adf0bdf148ecc78402bc32b90a19ccc8e7b831e6e,2018-05-24 17:16:00,30,NO CONTROLS,NO CONTROLS,CLEAR,DAYLIGHT,SIDESWIPE SAME DIRECTION,DIVIDED - W/MEDIAN (NOT RAISED),STRAIGHT AND LEVEL,DRY,NO DEFECTS,NO INJURY / DRIVE AWAY,"$501 - $1,500",IMPROPER LANE USAGE,NOT APPLICABLE,3532,W,PETERSON AVE,2,NO INDICATION OF INJURY,0.0,0.0,0.0,0.0,0.0,2.0,0.0,17,5,5
aae2b40b9a8f7e0aa32ef6cd40e96aad04a5bef9a100dcb142a5c1019459f5209a35c2f1dac67ef8b5ecc4187118ce210d4961c7c056e16a45d7774bfda415f2,2023-06-25 23:13:00,30,NO CONTROLS,NO CONTROLS,CLEAR,"DARKNESS, LIGHTED ROAD",REAR END,NOT DIVIDED,STRAIGHT AND LEVEL,OTHER,NO DEFECTS,INJURY AND / OR TOW DUE TO CRASH,"OVER $1,500",FOLLOWING TOO CLOSELY,EQUIPMENT - VEHICLE CONDITION,5158,S,CENTRAL AVE,2,NO INDICATION OF INJURY,0.0,0.0,0.0,0.0,0.0,3.0,0.0,23,1,6
fb62945127b81ca52c3b04518eb512e28fb1546c4153a2131326f1cc539b5dc49985378a9f1522e6b99ccb66b979d61b151df5f85682e3de1d8bcef78ed6965e,2021-03-22 22:39:00,30,NO CONTROLS,NO CONTROLS,CLEAR,"DARKNESS, LIGHTED ROAD",PARKED MOTOR VEHICLE,NOT DIVIDED,STRAIGHT AND LEVEL,DRY,NO DEFECTS,INJURY AND / OR TOW DUE TO CRASH,"OVER $1,500",UNABLE TO DETERMINE,NOT APPLICABLE,4708,N,PULASKI RD,3,NONINCAPACITATING INJURY,1.0,0.0,0.0,1.0,0.0,1.0,0.0,22,2,3
ac3f310f6a976a6ba062fabf5b641a7b009c6a38c433ad9180755db3165ec8804cd63512dfc3a4971c533a9f599fb6b41d9fc3e4fa6fc651bf68fb2478a3eea0,2023-09-14 17:15:00,30,NO CONTROLS,NO CONTROLS,CLEAR,DAYLIGHT,ANGLE,NOT DIVIDED,STRAIGHT AND LEVEL,DRY,UNKNOWN,NO INJURY / DRIVE AWAY,"OVER $1,500",UNABLE TO DETERMINE,NOT APPLICABLE,13130,S,LANGLEY AVE,2,NO INDICATION OF INJURY,0.0,0.0,0.0,0.0,0.0,2.0,0.0,17,5,9
caae3c16b6e84ff83da8f5e53829c815f34592247dbc5a3467dd0ca3fa2819b37e81e2535b71e42e7e4d70ebb90c4cd5d372e443baeca8caef676f9c06eaa71f,2018-05-14 18:30:00,30,NO CONTROLS,NO CONTROLS,RAIN,DUSK,REAR END,NOT DIVIDED,STRAIGHT AND LEVEL,WET,NO DEFECTS,NO INJURY / DRIVE AWAY,$500 OR LESS,UNABLE TO DETERMINE,NOT APPLICABLE,1622,W,DIVISION ST,2,NO INDICATION OF INJURY,0.0,0.0,0.0,0.0,0.0,6.0,0.0,18,2,5
85453552dbe5c8042ef0ccf82b2ffc9e47f694d8db493058e7c9f0615f1c9b760996665434474f5ad4d6850b1921c68abc9af74e239e8d43ae7cdd28ed5ed35d,2017-08-01 16:00:00,30,UNKNOWN,UNKNOWN,CLEAR,DAYLIGHT,REAR END,UNKNOWN,STRAIGHT AND LEVEL,UNKNOWN,UNKNOWN,NO INJURY / DRIVE AWAY,"OVER $1,500",IMPROPER BACKING,IMPROPER BACKING,5023,W,CULLOM AVE,2,NO INDICATION OF INJURY,0.0,0.0,0.0,0.0,0.0,2.0,0.0,16,3,8
9bc252cfb7762ab5f975068892dd65a9d087fb4f882480b6db480e1d01594828ef01eeba983367c51a809ef03662cf0bee9544b2fef403a5e46cc0a9d959969f,2022-10-27 18:00:00,30,NO CONTROLS,NO CONTROLS,UNKNOWN,UNKNOWN,TURNING,DIVIDED - W/MEDIAN (NOT RAISED),STRAIGHT AND LEVEL,UNKNOWN,UNKNOWN,NO INJURY / DRIVE AWAY,"OVER $1,500",IMPROPER TURNING/NO SIGNAL,IMPROPER TURNING/NO SIGNAL,13000,S,ELLIS AVE,2,NO INDICATION OF INJURY,0.0,0.0,0.0,0.0,0.0,2.0,0.0,18,5,10
8ff60ebe1efc448fdabe1e5c83fef747b4508a674ffe3f1234e5dd22e0cb4183366358bc620bf95678c566e10639a5b764280fb46acc8238d85c58a32c76eef9,2020-05-17 00:00:00,30,NO CONTROLS,NO CONTROLS,UNKNOWN,UNKNOWN,PARKED MOTOR VEHICLE,NOT DIVIDED,STRAIGHT AND LEVEL,UNKNOWN,NO DEFECTS,NO INJURY / DRIVE AWAY,"$501 - $1,500",UNABLE TO DETERMINE,NOT APPLICABLE,5638,W,WRIGHTWOOD AVE,2,NO INDICATION OF INJURY,0.0,0.0,0.0,0.0,0.0,1.0,0.0,0,1,5
4d258ca8b155a9a4f6d18c88385a5225d8011a3df16e369ae422262e4e7ce20b86484602e2f050ab7e6b37893bb1ac754c09c9d0f728c774f203fbc5219d5fb6,2021-09-19 12:30:00,30,TRAFFIC SIGNAL,FUNCTIONING PROPERLY,CLEAR,DAYLIGHT,ANGLE,NOT DIVIDED,STRAIGHT AND LEVEL,DRY,NO DEFECTS,INJURY AND / OR TOW DUE TO CRASH,"$501 - $1,500",FAILING TO YIELD RIGHT-OF-WAY,NOT APPLICABLE,5601,N,HARLEM AVE,2,NO INDICATION OF INJURY,0.0,0.0,0.0,0.0,0.0,2.0,0.0,12,1,9
d632d9567c7c10fce618a8c7d7ab4acd2988de851a084426746fc3a895ebbdc3db4b038ccff258339988dd20caa55d65f51fea200a14abd8a1a8283486b5924c,2017-01-12 17:30:00,30,STOP SIGN/FLASHER,FUNCTIONING PROPERLY,CLEAR,"DARKNESS, LIGHTED ROAD",REAR END,DIVIDED - W/MEDIAN (NOT RAISED),STRAIGHT AND LEVEL,DRY,NO DEFECTS,NO INJURY / DRIVE AWAY,$500 OR LESS,FOLLOWING TOO CLOSELY,NOT APPLICABLE,1339,N,WELLS ST,2,NO INDICATION OF INJURY,0.0,0.0,0.0,0.0,0.0,2.0,0.0,17,5,1
e81dee1a7ed27eaf676832130397089a9560a70f3e56a2b81bb9f8ed7938d912a0e415abc71f025eef3cc2f9c2e07956af18579c2b486780543ea7149a927485,2023-11-02 16:30:00,30,NO CONTROLS,NO CONTROLS,CLEAR,DAYLIGHT,SIDESWIPE SAME DIRECTION,NOT DIVIDED,STRAIGHT AND LEVEL,DRY,NO DEFECTS,NO INJURY / DRIVE AWAY,"$501 - $1,500",UNABLE TO DETERMINE,UNABLE TO DETERMINE,3600,S,PULASKI RD,2,NO INDICATION OF INJURY,0.0,0.0,0.0,0.0,0.0,2.0,0.0,16,5,11
377a9bd8a643d231dc0e96cb64627e9b2e6f4273e5c946832eac3c22ba3df88139b80939c62943d8cd41611fdc9bef3cc382b4564481986bf68dbef2bee31cfe,2020-09-10 21:10:00,30,TRAFFIC SIGNAL,FUNCTIONING PROPERLY,CLEAR,"DARKNESS, LIGHTED ROAD",ANGLE,DIVIDED - W/MEDIAN (NOT RAISED),STRAIGHT AND LEVEL,DRY,NO DEFECTS,NO INJURY / DRIVE AWAY,"$501 - $1,500",DISREGARDING TRAFFIC SIGNALS,UNABLE TO DETERMINE,10505,S,AVENUE B,2,NO INDICATION OF INJURY,0.0,0.0,0.0,0.0,0.0,3.0,0.0,21,5,9
7e9d7f49745d83034e43f756112325222b58b9ea7a3ab385e11633731c02f18f88ea9055502b4c94588785efa4410fab58989cb4a0f3e4d19fe40b36e656f135,2018-04-06 08:10:00,15,NO CONTROLS,NO CONTROLS,CLEAR,DAYLIGHT,ANGLE,PARKING LOT,STRAIGHT AND LEVEL,DRY,NO DEFECTS,NO INJURY / DRIVE AWAY,"OVER $1,500",FAILING TO YIELD RIGHT-OF-WAY,NOT APPLICABLE,3320,N,WESTERN AVE,2,NO INDICATION OF INJURY,0.0,0.0,0.0,0.0,0.0,2.0,0.0,8,6,4
842b3ae8dcbed1d8b84f663b90ff52674c2d0b1eef33fa5471a03de1054538a8bc68c7d164b460c2514b19b549fd89341eba8f37f9ca0314d8a9bc3921fe571a,2020-06-20 21:00:00,30,TRAFFIC SIGNAL,FUNCTIONING PROPERLY,CLEAR,"DARKNESS, LIGHTED ROAD",SIDESWIPE SAME DIRECTION,NOT DIVIDED,STRAIGHT AND LEVEL,WET,NO DEFECTS,NO INJURY / DRIVE AWAY,"$501 - $1,500",UNABLE TO DETERMINE,UNABLE TO DETERMINE,7500,S,JEFFERY BLVD,2,NO INDICATION OF INJURY,0.0,0.0,0.0,0.0,0.0,2.0,0.0,21,7,6
a86962ed1462dcb33779709ff4127b4aeecaeff38ecacf69294f91930f0858abac8fe03eb003ba061cab7b8ac73484aea60e79d3968005c3ed35ec89b537ace8,2023-07-28 12:51:00,30,STOP SIGN/FLASHER,OTHER,CLEAR,DAYLIGHT,ANGLE,FOUR WAY,STRAIGHT AND LEVEL,DRY,NO DEFECTS,NO INJURY / DRIVE AWAY,"OVER $1,500",UNABLE TO DETERMINE,NOT APPLICABLE,300,N,WOOD ST,2,NO INDICATION OF INJURY,0.0,0.0,0.0,0.0,0.0,2.0,0.0,12,6,7
91bf9e0b0c6cb10465639781db520093d95ba98025c066d43ba4dadc81eb222a46ca7706d034749bf9b6bce5058e5ea65a217c91827a18f0506384b115fa7469,2017-08-31 16:20:00,20,NO CONTROLS,NO CONTROLS,CLEAR,DAYLIGHT,FIXED OBJECT,NOT DIVIDED,STRAIGHT AND LEVEL,DRY,NO DEFECTS,NO INJURY / DRIVE AWAY,"OVER $1,500",DRIVING SKILLS/KNOWLEDGE/EXPERIENCE,UNABLE TO DETERMINE,1916,W,62ND ST,2,NO INDICATION OF INJURY,0.0,0.0,0.0,0.0,0.0,1.0,0.0,16,5,8
63b5ba24fbb0b7046079ceb05270b8659fc6369731a8f04313ba63678611d5b943cd7a25632080aa33b2550f16220feb2ab30f74d10fabcf800b48e325ba6788,2018-10-02 17:30:00,25,TRAFFIC SIGNAL,FUNCTIONING PROPERLY,CLEAR,DUSK,ANGLE,NOT DIVIDED,STRAIGHT AND LEVEL,DRY,NO DEFECTS,NO INJURY / DRIVE AWAY,$500 OR LESS,DISREGARDING TRAFFIC SIGNALS,NOT APPLICABLE,5400,S,CALIFORNIA AVE,2,NO INDICATION OF INJURY,0.0,0.0,0.0,0.0,0.0,2.0,0.0,17,3,10
c4548551b1d257ab45a4e64dfec6fb7f7ddec11b06004fa171b3afaaa3a03de50cb9e00c3ef25c8d78171e11d92d89bcec0084440eb5d0e7ac862305b19e0db0,2018-04-29 17:42:00,30,NO CONTROLS,NO CONTROLS,CLEAR,DAYLIGHT,PARKED MOTOR VEHICLE,NOT DIVIDED,STRAIGHT AND LEVEL,DRY,NO DEFECTS,NO INJURY / DRIVE AWAY,"$501 - $1,500","OPERATING VEHICLE IN ERRATIC, RECKLESS, CARELESS, NEGLIGENT OR AGGRESSIVE MANNER",NOT APPLICABLE,930,W,87TH ST,2,NO INDICATION OF INJURY,0.0,0.0,0.0,0.0,0.0,2.0,0.0,17,1,4
5c87aca42bf2957110dcbbffb68304ebfd952a208f0687631268bd0a3139d8c885af7b0fa16304801c3dde8ab1d6b30d25b31ddaf2746aca91a514336c24e7c1,2017-01-13 03:00:00,30,UNKNOWN,UNKNOWN,UNKNOWN,DARKNESS,PARKED MOTOR VEHICLE,NOT DIVIDED,STRAIGHT AND LEVEL,ICE,UNKNOWN,NO INJURY / DRIVE AWAY,"OVER $1,500",DRIVING SKILLS/KNOWLEDGE/EXPERIENCE,WEATHER,10534,S,UNION AVE,2,NO INDICATION OF INJURY,0.0,0.0,0.0,0.0,0.0,1.0,0.0,3,6,1
ecc905ee2e7fd1cb4be05f62624c1460b3015a8e10a599f546e2748bf69e2dbd45882eea58732e629809d375240a86f54441f62e4bac9861a990f66b099c9379,2021-10-22 08:00:00,35,TRAFFIC SIGNAL,FUNCTIONING PROPERLY,CLEAR,DAYLIGHT,TURNING,DIVIDED - W/MEDIAN BARRIER,STRAIGHT AND LEVEL,DRY,NO DEFECTS,NO INJURY / DRIVE AWAY,"$501 - $1,500",IMPROPER OVERTAKING/PASSING,UNABLE TO DETERMINE,4358,W,79TH ST,2,NO INDICATION OF INJURY,0.0,0.0,0.0,0.0,0.0,2.0,0.0,8,6,10
2b2389d6897f2a1d967135dcbbc301fae500182b4f80c5c8d20111ca86387289334867b90e65dd13b5749a866bbd02a34fcf2f55c45741345110c9890280ef76,2021-06-10 00:59:00,30,STOP SIGN/FLASHER,FUNCTIONING PROPERLY,CLEAR,"DARKNESS, LIGHTED ROAD",ANGLE,DIVIDED - W/MEDIAN BARRIER,STRAIGHT AND LEVEL,DRY,NO DEFECTS,INJURY AND / OR TOW DUE TO CRASH,"OVER $1,500",DISREGARDING STOP SIGN,DRIVING SKILLS/KNOWLEDGE/EXPERIENCE,4600,W,LAKE ST,2,NO INDICATION OF INJURY,0.0,0.0,0.0,0.0,0.0,5.0,0.0,0,5,6
6b60348a31e8b59f13a6e8aa1261e856376ff7b220a16bf884fb99e69a9ea531e62ae1c170a7613727ad9988965a646d2d825164005fb394fedeaaa09d047a82,2019-03-25 09:48:00,30,TRAFFIC SIGNAL,FUNCTIONING PROPERLY,CLEAR,DAYLIGHT,REAR END,NOT DIVIDED,STRAIGHT AND LEVEL,DRY,NO DEFECTS,NO INJURY / DRIVE AWAY,"OVER $1,500",UNABLE TO DETERMINE,NOT APPLICABLE,1443,W,DIVISION ST,2,NO INDICATION OF INJURY,0.0,0.0,0.0,0.0,0.0,2.0,0.0,9,2,3
756c9e51634d10c2ba49c48074b460cec0b3e4840f7f95649b5c973b9d242d02a786b15a075235d7d266f5b894f14c2c98ac3faa8eaa5abcb42e630f49fd75cb,2024-02-27 16:30:00,20,NO CONTROLS,NO CONTROLS,CLEAR,DAYLIGHT,PARKED MOTOR VEHICLE,PARKING LOT,STRAIGHT AND LEVEL,DRY,NO DEFECTS,NO INJURY / DRIVE AWAY,"OVER $1,500",UNABLE TO DETERMINE,UNABLE TO DETERMINE,300,N,CENTRAL PARK AVE,2,NO INDICATION OF INJURY,0.0,0.0,0.0,0.0,0.0,2.0,0.0,16,3,2
f86627430af9126f61ec3b3179b1c5ae80aef7d246e2eca8d03db1c1cf5f74447c13b60d74b44241b160278b0db280c44c45b8b293956ab10a7b44794f0ff110,2018-02-08 21:10:00,55,OTHER,UNKNOWN,SNOW,"DARKNESS, LIGHTED ROAD",SIDESWIPE SAME DIRECTION,DIVIDED - W/MEDIAN BARRIER,STRAIGHT AND LEVEL,SNOW OR SLUSH,UNKNOWN,NO INJURY / DRIVE AWAY,"$501 - $1,500",EXCEEDING SAFE SPEED FOR CONDITIONS,UNABLE TO DETERMINE,4400,N,LAKE SHORE DR SB,2,NO INDICATION OF INJURY,0.0,0.0,0.0,0.0,0.0,3.0,0.0,21,5,2
00168f2b5c3597e34097ed4ad5a63659efcd7123b5ec24c86d3c25473f846d930324ad2615b4717658b4de85d98b6413c04c874495a654365e2efea75a0a0186,2020-09-09 20:39:00,30,TRAFFIC SIGNAL,FUNCTIONING PROPERLY,CLEAR,"DARKNESS, LIGHTED ROAD",PEDESTRIAN,NOT DIVIDED,STRAIGHT AND LEVEL,DRY,NO DEFECTS,INJURY AND / OR TOW DUE TO CRASH,"OVER $1,500",DRIVING SKILLS/KNOWLEDGE/EXPERIENCE,FAILING TO REDUCE SPEED TO AVOID CRASH,5700,N,SHERIDAN RD,2,NONINCAPACITATING INJURY,1.0,0.0,0.0,1.0,0.0,1.0,0.0,20,4,9
d0975d4a66e6239f12936b991905b46a2444eb50d77de12434a03dba9325dab211471fafca1084f15b4152eb0b1129abaca6f747d47cd2b6665893327413c060,2018-09-30 11:51:00,0,NO CONTROLS,NO CONTROLS,CLOUDY/OVERCAST,DAYLIGHT,PARKED MOTOR VEHICLE,PARKING LOT,STRAIGHT AND LEVEL,DRY,NO DEFECTS,NO INJURY / DRIVE AWAY,$500 OR LESS,DRIVING SKILLS/KNOWLEDGE/EXPERIENCE,UNABLE TO DETERMINE,11730,S,MARSHFIELD AVE,2,NO INDICATION OF INJURY,0.0,0.0,0.0,0.0,0.0,2.0,0.0,11,1,9
c533d4375c5a4da1f259bd0e52c4254c041663dad80f51abccceeea6ea2578f3279d58c8cc0b7ae5b71276af4354362c1ff001de298467119ccb36195b83d679,2020-05-03 02:20:00,15,NO CONTROLS,NO CONTROLS,CLEAR,DARKNESS,REAR TO SIDE,PARKING LOT,STRAIGHT AND LEVEL,DRY,NO DEFECTS,NO INJURY / DRIVE AWAY,"$501 - $1,500",UNABLE TO DETERMINE,NOT APPLICABLE,8300,S,STONY ISLAND AVE,2,NO INDICATION OF INJURY,0.0,0.0,0.0,0.0,0.0,3.0,0.0,2,1,5
460c45877b4c7017a021ce608cbb2531844df3f2d8ea368fdc4c201e3de85b0448392077151df682c1d80870d99d45a091bf00f70988fe5126a3264dd6da9cde,2022-06-28 16:30:00,30,NO CONTROLS,NO CONTROLS,CLEAR,DAYLIGHT,ANGLE,NOT DIVIDED,STRAIGHT AND LEVEL,DRY,UNKNOWN,NO INJURY / DRIVE AWAY,"$501 - $1,500",UNABLE TO DETERMINE,UNABLE TO DETERMINE,9500,S,STONY ISLAND AVE,2,NO INDICATION OF INJURY,0.0,0.0,0.0,0.0,0.0,2.0,0.0,16,3,6