CRASH_RECORD_ID,CRASH_DATE,POSTED_SPEED_LIMIT,TRAFFIC_CONTROL_DEVICE,DEVICE_CONDITION,WEATHER_CONDITION,LIGHTING_CONDITION,FIRST_CRASH_TYPE,TRAFFICWAY_TYPE,ALIGNMENT,ROADWAY_SURFACE_COND,ROAD_DEFECT,CRASH_TYPE,DAMAGE,PRIM_CONTRIBUTORY_CAUSE,SEC_CONTRIBUTORY_CAUSE,STREET_NO,STREET_DIRECTION,STREET_NAME,NUM_UNITS,MOST_SEVERE_INJURY,INJURIES_TOTAL,INJURIES_FATAL,INJURIES_INCAPACITATING,INJURIES_NON_INCAPACITATING,INJURIES_REPORTED_NOT_EVIDENT,INJURIES_NO_INDICATION,INJURIES_UNKNOWN,CRASH_HOUR,CRASH_DAY_OF_WEEK,CRASH_MONTH
820b232306f70d61fae82dc22e5b3e428799cf0c5329ad438306f3c75b0e0907d067b630249576cdfa7938234fbcb8c41d890a6c92bcc7d93615105c1970e9c9,2019-04-06 19:07:00,30,NO CONTROLS,NO CONTROLS,UNKNOWN,UNKNOWN,PARKED MOTOR VEHICLE,NOT DIVIDED,STRAIGHT AND LEVEL,UNKNOWN,UNKNOWN,NO INJURY / DRIVE AWAY,"OVER $1,500",UNABLE TO DETERMINE,NOT APPLICABLE,3548,N,BROADWAY,2,NO INDICATION OF INJURY,0.0,0.0,0.0,0.0,0.0,1.0,0.0,19,7,4
fb9357a65a98d60a0550cbea1a4e81807d14d6d71863387dce61ff6c4b338fe291779dfabfa1a54f456e1318cae2936a913b9eb79a727e0412836de3eca5f987,2023-03-24 12:15:00,30,NO CONTROLS,NO CONTROLS,UNKNOWN,UNKNOWN,PARKED MOTOR VEHICLE,PARKING LOT,STRAIGHT AND LEVEL,UNKNOWN,UNKNOWN,NO INJURY / DRIVE AWAY,"OVER $1,500",UNABLE TO DETERMINE,UNABLE TO DETERMINE,4650,S,RACINE AVE,2,NO INDICATION OF INJURY,0.0,0.0,0.0,0.0,0.0,1.0,0.0,12,6,3
b670c4cd09416cb96fe9eb44bc7a70bf3fecf745c3f7c715f0ecbae739fb96c0a6279ed07192eca6338e3466ebfb82c699595b86f02020d6df2060aa8fb17a62,2018-10-24 13:30:00,30,UNKNOWN,UNKNOWN,CLEAR,DAYLIGHT,REAR END,NOT DIVIDED,STRAIGHT AND LEVEL,UNKNOWN,UNKNOWN,NO INJURY / DRIVE AWAY,"OVER $1,500",UNABLE TO DETERMINE,NOT APPLICABLE,3118,N,ASHLAND AVE,2,NO INDICATION OF INJURY,0.0,0.0,0.0,0.0,0.0,3.0,0.0,13,4,10
640af98108646db1af1259c1bdd3d4babe447bb1690d37a218a353289243e495e1e23b983f22e7e7fdd3d523abb7a5fa0525bf1c93ef2e4b4e0d1ce87611411e,2021-12-06 18:00:00,30,NO CONTROLS,NO CONTROLS,UNKNOWN,UNKNOWN,PARKED MOTOR VEHICLE,NOT DIVIDED,STRAIGHT AND LEVEL,DRY,NO DEFECTS,NO INJURY / DRIVE AWAY,"OVER $1,500",IMPROPER BACKING,IMPROPER BACKING,1833,S,OAKLEY AVE,2,NO INDICATION OF INJURY,0.0,0.0,0.0,0.0,0.0,1.0,0.0,18,2,12
3b5d000d93ba65a38624efaa51b163d7008485c5628ddf9bc4b256569c7578ca0efd47dbba645e72483d62e73d3f1e6356d147a6df68c785553ce3fc3f7755f2,2018-03-22 15:20:00,35,STOP SIGN/FLASHER,FUNCTIONING PROPERLY,CLEAR,DAYLIGHT,TURNING,CENTER TURN LANE,STRAIGHT AND LEVEL,DRY,NO DEFECTS,NO INJURY / DRIVE AWAY,$500 OR LESS,FAILING TO YIELD RIGHT-OF-WAY,NOT APPLICABLE,8700,S,MAY ST,2,NO INDICATION OF INJURY,0.0,0.0,0.0,0.0,0.0,2.0,0.0,15,5,3
2a5f52924f5e8bc0f04e2b74bcd26b02b2a236c15f06f718b018cbe43e5eee67f8912d0053594aefbb082dc36b4b76465d6714dba4c985c23d963a9802d62df6,2023-08-19 10:39:00,30,NO CONTROLS,NO CONTROLS,CLEAR,DAYLIGHT,REAR END,DIVIDED - W/MEDIAN (NOT RAISED),STRAIGHT AND LEVEL,DRY,NO DEFECTS,INJURY AND / OR TOW DUE TO CRASH,"OVER $1,500",UNABLE TO DETERMINE,NOT APPLICABLE,2255,W,DIVERSEY AVE,2,NO INDICATION OF INJURY,0.0,0.0,0.0,0.0,0.0,2.0,0.0,10,7,8
c3d7c9ea28fb49770733d24f3334c324059d253ca3e0a92bb884387f2151d2e27caeaa7fe0ca5f222a37d010c588331503962021402648fea1d1bf041277a7b0,2022-10-23 15:25:00,30,NO CONTROLS,NO CONTROLS,CLEAR,DAYLIGHT,REAR END,NOT DIVIDED,STRAIGHT AND LEVEL,DRY,NO DEFECTS,NO INJURY / DRIVE AWAY,"$501 - $1,500",IMPROPER BACKING,NOT APPLICABLE,5701,N,BROADWAY,2,NO INDICATION OF INJURY,0.0,0.0,0.0,0.0,0.0,2.0,0.0,15,1,10
0b03a7b48f50f0be1ed549289aa79abc1bbf7db5b4c1c3bce66d51423a1490efb30f635a4648ffc1f9ef10c50410b6207e606b3048ae55dcef8cd1c165199c6b,2021-11-05 17:38:00,45,NO CONTROLS,NO CONTROLS,CLEAR,DAYLIGHT,REAR END,DIVIDED - W/MEDIAN BARRIER,STRAIGHT AND LEVEL,DRY,NO DEFECTS,NO INJURY / DRIVE AWAY,"OVER $1,500",UNABLE TO DETERMINE,UNABLE TO DETERMINE,306,W,BELMONT AVE,3,NO INDICATION OF INJURY,0.0,0.0,0.0,0.0,0.0,3.0,0.0,17,6,11
184ee00b857d85da45ea41bf53ad410cdc42bd91e1daead29ed60caeafb4f38eb2b40b989412070d5cbac63c7b1e98c47994490501b7328e1e22ad66742a1456,2017-09-07 19:48:00,35,NO CONTROLS,NO CONTROLS,CLEAR,"DARKNESS, LIGHTED ROAD",REAR END,NOT DIVIDED,STRAIGHT AND LEVEL,DRY,NO DEFECTS,NO INJURY / DRIVE AWAY,"OVER $1,500",FAILING TO REDUCE SPEED TO AVOID CRASH,FOLLOWING TOO CLOSELY,7400,N,HARLEM AVE,2,NO INDICATION OF INJURY,0.0,0.0,0.0,0.0,0.0,2.0,0.0,19,5,9
852a0e88c9d2723552beca4a6e7dde724d568b8bae9d6f05ca759304eb90852b4e00418db82d884368fbaca6e17390baf8b4718b6ed617bde62f7c93d00bb573,2019-01-19 23:15:00,30,NO CONTROLS,NO CONTROLS,SNOW,"DARKNESS, LIGHTED ROAD",SIDESWIPE SAME DIRECTION,DIVIDED - W/MEDIAN BARRIER,STRAIGHT AND LEVEL,SNOW OR SLUSH,NO DEFECTS,NO INJURY / DRIVE AWAY,"OVER $1,500",EQUIPMENT - VEHICLE CONDITION,WEATHER,330,S,WESTERN AVE,2,NO INDICATION OF INJURY,0.0,0.0,0.0,0.0,0.0,2.0,0.0,23,7,1
8a8fe8785c1579f4852f9d533ae22c4ec8ebe7abbd578a44466e5f9bcb77b8503b60e857c03fd1e5a8ffec9f288e4a56508467aa0fabf2bbf2b2298df5c02833,2018-07-06 12:00:00,30,NO CONTROLS,NO CONTROLS,CLEAR,DAYLIGHT,PARKED MOTOR VEHICLE,NOT DIVIDED,STRAIGHT AND LEVEL,DRY,WORN SURFACE,NO INJURY / DRIVE AWAY,"$501 - $1,500",UNABLE TO DETERMINE,NOT APPLICABLE,3151,W,53RD ST,2,NO INDICATION OF INJURY,0.0,0.0,0.0,0.0,0.0,1.0,0.0,12,6,7
18e297f8e4408327f66d9ab88eb01ee2a1d167ac5d1dcd05203da70a7c769f397310ba9d1fffb4a98e486eb8968f4dfe543a055755aaa1a45ff3f4fc2c004def,2018-07-09 17:25:00,30,TRAFFIC SIGNAL,FUNCTIONING PROPERLY,CLEAR,DAYLIGHT,REAR END,ONE-WAY,STRAIGHT AND LEVEL,DRY,NO DEFECTS,NO INJURY / DRIVE AWAY,"OVER $1,500",FOLLOWING TOO CLOSELY,NOT APPLICABLE,149,W,OHIO ST,2,NO INDICATION OF INJURY,0.0,0.0,0.0,0.0,0.0,2.0,0.0,17,2,7
968acda15a0c2fe58a2ba9331a51b42501ab19a9df17575a138ce8108753ed32c87ad2eb86e25d9799c46c0beef0e8afa9be46aebef0d07c619d5bfcb523077d,2018-04-11 14:30:00,30,LANE USE MARKING,FUNCTIONING PROPERLY,CLEAR,DAYLIGHT,SIDESWIPE SAME DIRECTION,ONE-WAY,STRAIGHT AND LEVEL,DRY,NO DEFECTS,INJURY AND / OR TOW DUE TO CRASH,"OVER $1,500",IMPROPER OVERTAKING/PASSING,FOLLOWING TOO CLOSELY,50,W,WASHINGTON ST,2,"REPORTED, NOT EVIDENT",1.0,0.0,0.0,0.0,1.0,1.0,0.0,14,4,4
2ca0acbd628104a918a2121355ee19c37e5d4a4ddee59598f4b515d9ea88fe7e99bbad0726731130b2807ee8d398097d14b8312e80c1efe63b2030ef18f6f947,2021-05-01 13:00:00,30,TRAFFIC SIGNAL,FUNCTIONING PROPERLY,CLEAR,DAYLIGHT,ANGLE,NOT DIVIDED,STRAIGHT AND LEVEL,DRY,NO DEFECTS,INJURY AND / OR TOW DUE TO CRASH,"OVER $1,500",DISREGARDING TRAFFIC SIGNALS,FAILING TO REDUCE SPEED TO AVOID CRASH,400,N,STATE ST,2,"REPORTED, NOT EVIDENT",1.0,0.0,0.0,0.0,1.0,2.0,0.0,13,7,5
ba61f33ac2ae13a22a128ca38df98da5204793fdd3db90d575becf4545e05197375ebb51d38477ad6ae892c86d7470c250baaa4c611728ade5404c63b2776258,2023-04-18 18:51:00,30,TRAFFIC SIGNAL,FUNCTIONING PROPERLY,CLEAR,DAYLIGHT,HEAD ON,NOT DIVIDED,STRAIGHT AND LEVEL,DRY,NO DEFECTS,INJURY AND / OR TOW DUE TO CRASH,"$501 - $1,500",IMPROPER OVERTAKING/PASSING,DRIVING SKILLS/KNOWLEDGE/EXPERIENCE,1998,E,88TH ST,2,NONINCAPACITATING INJURY,1.0,0.0,0.0,1.0,0.0,3.0,0.0,18,3,4
70f3a72cb7da76def02a470203b39eae8f83ec1d508a60c8b1246ad45e636942ad8beac3b43995e2e2f5fc236e0254091f7915424c2c4fb5ac77f66ffea98010,2016-04-19 10:00:00,30,NO CONTROLS,NO CONTROLS,CLEAR,DAYLIGHT,PARKED MOTOR VEHICLE,UNKNOWN,STRAIGHT AND LEVEL,DRY,UNKNOWN,NO INJURY / DRIVE AWAY,"$501 - $1,500",UNABLE TO DETERMINE,UNABLE TO DETERMINE,1149,E,56TH ST,2,NO INDICATION OF INJURY,0.0,0.0,0.0,0.0,0.0,1.0,0.0,10,3,4
87e7240780717950ac127a1bdebb46c573a823c7fb3f3ca753938250d0cb0f075ac10cc90c4eb44aeaf764583af56bd69fc0d202f6f9adeba25e7812e4a12318,2016-12-09 22:40:00,30,NO CONTROLS,NO CONTROLS,CLEAR,"DARKNESS, LIGHTED ROAD",SIDESWIPE SAME DIRECTION,DIVIDED - W/MEDIAN BARRIER,STRAIGHT AND LEVEL,DRY,NO DEFECTS,NO INJURY / DRIVE AWAY,"$501 - $1,500",FOLLOWING TOO CLOSELY,FOLLOWING TOO CLOSELY,505,N,MICHIGAN AVE,2,NO INDICATION OF INJURY,0.0,0.0,0.0,0.0,0.0,2.0,0.0,22,6,12
f12f1f00e0c4b3e57faf0e1916f1aba8b4b8e528afcb68d2f3a16b04902818c84f7207a9f636b54af41cadaba315220dd5b62d5248186fccb4d5e1ef596b354b,2023-01-20 09:10:00,45,DELINEATORS,FUNCTIONING PROPERLY,RAIN,DAYLIGHT,SIDESWIPE SAME DIRECTION,DIVIDED - W/MEDIAN BARRIER,STRAIGHT AND LEVEL,WET,NO DEFECTS,NO INJURY / DRIVE AWAY,"OVER $1,500",IMPROPER LANE USAGE,NOT APPLICABLE,4300,S,LAKE SHORE DR NB,2,NO INDICATION OF INJURY,0.0,0.0,0.0,0.0,0.0,4.0,0.0,9,6,1
af31a73143fc29690468aeb11907f60d1e45bb43632ffcf6418f46404203014c5e664e45880187c7562131eae393b3f08eecbaf62b5c45c40ad9ed4a43593ec6,2018-06-15 09:00:00,0,NO CONTROLS,NO CONTROLS,UNKNOWN,UNKNOWN,PARKED MOTOR VEHICLE,ONE-WAY,STRAIGHT AND LEVEL,UNKNOWN,NO DEFECTS,NO INJURY / DRIVE AWAY,"$501 - $1,500",UNABLE TO DETERMINE,NOT APPLICABLE,2719,N,RIDGEWAY AVE,2,NO INDICATION OF INJURY,0.0,0.0,0.0,0.0,0.0,1.0,0.0,9,6,6
2cbfcc4fa92b879c162f4cce5fcb97db26ddee1867fe207e587e337d44a50c9006bac2f36bd7917985abbd2ef06c389b33cc87407992a3e4b56a2c7e01123aa8,2022-06-18 13:43:00,30,NO CONTROLS,NO CONTROLS,CLEAR,DAYLIGHT,REAR END,NOT DIVIDED,STRAIGHT AND LEVEL,DRY,NO DEFECTS,NO INJURY / DRIVE AWAY,"$501 - $1,500",UNABLE TO DETERMINE,UNABLE TO DETERMINE,364,N,MICHIGAN AVE,2,NO INDICATION OF INJURY,0.0,0.0,0.0,0.0,0.0,4.0,0.0,13,7,6
1ae1f73ce69abaf9975849b83e9adeaca8859322a22def33c33ab3d310dac01189a76a0be01c78d325740727443496ba372111c54b84b6da7e0544231905e14f,2018-11-27 10:15:00,30,TRAFFIC SIGNAL,FUNCTIONING PROPERLY,SNOW,DAYLIGHT,TURNING,DIVIDED - W/MEDIAN BARRIER,STRAIGHT AND LEVEL,WET,NO DEFECTS,NO INJURY / DRIVE AWAY,"OVER $1,500",DISREGARDING TRAFFIC SIGNALS,NOT APPLICABLE,8298,S,STONY ISLAND AVE,2,NO INDICATION OF INJURY,0.0,0.0,0.0,0.0,0.0,2.0,0.0,10,3,11
a5afcd0261a8f64233ee944770c89e41c00c7a3ff37a71f18d0e809d7db5e4cb408c30ef8bab9065524942c8c73d5755b0a563f1d3b187089ec0b8fa196cff82,2022-05-14 11:53:00,30,NO CONTROLS,NO CONTROLS,CLEAR,DAYLIGHT,SIDESWIPE SAME DIRECTION,DIVIDED - W/MEDIAN (NOT RAISED),STRAIGHT AND LEVEL,DRY,NO DEFECTS,NO INJURY / DRIVE AWAY,"OVER $1,500",FAILING TO YIELD RIGHT-OF-WAY,FAILING TO REDUCE SPEED TO AVOID CRASH,7299,W,DEVON AVE,2,NO INDICATION OF INJURY,0.0,0.0,0.0,0.0,0.0,2.0,0.0,11,7,5
4ba6c53f3fe771f43f80a26e5405b9112b2d8abeb01887302c7e27a3a8826c0713e9faeac726e2a243b972f1ef9ab6fa4da70b9bf019d0e8666af30c31b273c6,2019-08-30 09:00:00,10,NO CONTROLS,NO CONTROLS,CLEAR,DAYLIGHT,PARKED MOTOR VEHICLE,PARKING LOT,STRAIGHT AND LEVEL,DRY,UNKNOWN,NO INJURY / DRIVE AWAY,"OVER $1,500",UNABLE TO DETERMINE,UNABLE TO DETERMINE,6014,S,COTTAGE GROVE AVE,2,NO INDICATION OF INJURY,0.0,0.0,0.0,0.0,0.0,1.0,0.0,9,6,8
6e89dd41e57753c4a6eb71b22aa44e4086ccf7541a1587ae62eaabfcdd049f8b9c0f69c9688ed512e671a6d5f91d9442a2da9fe3e1bf4b7eb888d5237243f678,2017-01-18 21:40:00,50,NO CONTROLS,NO CONTROLS,CLEAR,"DARKNESS, LIGHTED ROAD",FIXED OBJECT,DIVIDED - W/MEDIAN BARRIER,STRAIGHT AND LEVEL,DRY,OTHER,NO INJURY / DRIVE AWAY,"$501 - $1,500",ROAD ENGINEERING/SURFACE/MARKING DEFECTS,NOT APPLICABLE,3318,N,LAKE SHORE DR NB,1,NO INDICATION OF INJURY,0.0,0.0,0.0,0.0,0.0,1.0,0.0,21,4,1
f8307cea6493c7fa358c6e4b961b524e19e516c7c030f6322e388abbb2a74fd1c852318ad71c95d2c3c74d63b390ba46c62e2396cadc60c4ef271f52b24c96b0,2019-05-15 13:30:00,30,TRAFFIC SIGNAL,FUNCTIONING PROPERLY,CLEAR,DAYLIGHT,REAR END,DIVIDED - W/MEDIAN (NOT RAISED),STRAIGHT AND LEVEL,DRY,UNKNOWN,NO INJURY / DRIVE AWAY,"$501 - $1,500",UNABLE TO DETERMINE,NOT APPLICABLE,109,E,51ST ST,2,NO INDICATION OF INJURY,0.0,0.0,0.0,0.0,0.0,2.0,0.0,13,4,5
6992bf383e2a1bce962efb4140654f964632cc5420641f0e4020f5447bc73fd0a04e3c6ea43d24390f323311a9fce68ca541182f5b6ec125643621ff1a9047d4,2017-10-24 15:35:00,30,TRAFFIC SIGNAL,UNKNOWN,RAIN,DAYLIGHT,TURNING,NOT DIVIDED,STRAIGHT AND LEVEL,WET,UNKNOWN,NO INJURY / DRIVE AWAY,"OVER $1,500",UNABLE TO DETERMINE,UNABLE TO DETERMINE,11501,S,HALSTED ST,2,NO INDICATION OF INJURY,0.0,0.0,0.0,0.0,0.0,4.0,0.0,15,3,10
69d0bdfb73363730fcd9b040651f1c949ffc3a5db6824c3d3397c9bb525b9cb52c8af223e46bf29fbee5dd15cf470d6c45de59ebc1e759544916a397eeaf86d3,2022-11-06 15:29:00,30,NO CONTROLS,NO CONTROLS,CLEAR,DAYLIGHT,PARKED MOTOR VEHICLE,NOT DIVIDED,STRAIGHT AND LEVEL,DRY,UNKNOWN,NO INJURY / DRIVE AWAY,"$501 - $1,500",DRIVING SKILLS/KNOWLEDGE/EXPERIENCE,UNABLE TO DETERMINE,140,N,HALSTED ST,2,NO INDICATION OF INJURY,0.0,0.0,0.0,0.0,0.0,2.0,0.0,15,1,11
2d3704366cba7b1d0890dba52a493172420a1e649bf600367490f40719102270d5d0d3a72db3c79e80b410d1f78aa29d2d41856fa3405d4b511277878a49433a,2019-08-05 17:58:00,30,TRAFFIC SIGNAL,FUNCTIONING PROPERLY,CLEAR,DAYLIGHT,REAR END,DIVIDED - W/MEDIAN (NOT RAISED),STRAIGHT AND LEVEL,DRY,NO DEFECTS,NO INJURY / DRIVE AWAY,"$501 - $1,500",FOLLOWING TOO CLOSELY,UNABLE TO DETERMINE,5003,S,PULASKI RD,2,NO INDICATION OF INJURY,0.0,0.0,0.0,0.0,0.0,2.0,0.0,17,2,8
3d842a00bd240de580c72d2c3638131fc9540826720d99ec6760b146579b32c560e864ecd9b32f4d209824adaa6c5721579ed6d206a8d99bbc95ab22a9af4563,2023-08-04 20:30:00,30,TRAFFIC SIGNAL,FUNCTIONING PROPERLY,CLEAR,DARKNESS,PARKED MOTOR VEHICLE,NOT DIVIDED,STRAIGHT AND LEVEL,DRY,NO DEFECTS,NO INJURY / DRIVE AWAY,$500 OR LESS,DRIVING SKILLS/KNOWLEDGE/EXPERIENCE,DRIVING SKILLS/KNOWLEDGE/EXPERIENCE,101,N,PULASKI RD,2,NO INDICATION OF INJURY,0.0,0.0,0.0,0.0,0.0,1.0,0.0,20,6,8
ba5b891cacb1d54805475c61420ed2e87c59838d221a9713ffc429ada7b99dc8d9e61101a1a3297b772ba67cdf2fafacda4fe9a607bc395b2d80cf97ba7d8a11,2018-07-03 09:30:00,30,NO CONTROLS,NO CONTROLS,CLEAR,DAYLIGHT,SIDESWIPE SAME DIRECTION,NOT DIVIDED,STRAIGHT AND LEVEL,DRY,NO DEFECTS,NO INJURY / DRIVE AWAY,"OVER $1,500",NOT APPLICABLE,NOT APPLICABLE,8240,S,COTTAGE GROVE AVE,2,NO INDICATION OF INJURY,0.0,0.0,0.0,0.0,0.0,4.0,0.0,9,3,7
7bab7f138078990753ccfa1799e25f083294d5a473a303c70af84594c074269fc987f4a175937f9709dc7a77eb4ef2c5773cae9fb9a4ec4b956a014b37ef8a38,2021-06-13 13:49:00,30,TRAFFIC SIGNAL,FUNCTIONING PROPERLY,CLEAR,DAYLIGHT,TURNING,NOT DIVIDED,STRAIGHT AND LEVEL,DRY,NO DEFECTS,NO INJURY / DRIVE AWAY,"$501 - $1,500",UNABLE TO DETERMINE,UNABLE TO DETERMINE,5200,N,BROADWAY,2,NO INDICATION OF INJURY,0.0,0.0,0.0,0.0,0.0,5.0,0.0,13,1,6
2a5b3adb8c719ad9f1d85e9ac1d700b4515d1074a341702aded1aefb0d43feff4f5dbecec13ed6554d4579f63ebc37f395a1d1f40df36791f2573d255ad50eaa,2019-10-14 16:40:00,30,TRAFFIC SIGNAL,FUNCTIONING PROPERLY,CLEAR,DAYLIGHT,SIDESWIPE SAME DIRECTION,UNKNOWN INTERSECTION TYPE,STRAIGHT AND LEVEL,DRY,NO DEFECTS,NO INJURY / DRIVE AWAY,"OVER $1,500",UNABLE TO DETERMINE,NOT APPLICABLE,301,S,CANAL ST,2,NO INDICATION OF INJURY,0.0,0.0,0.0,0.0,0.0,2.0,0.0,16,2,10
93593f28a0eb5c3000b1ec3eb2fde81d165386750568d7453700a32fb913b479ecb1fb37f72ef119ce4a225eb90429e4f9dc8ee65cf56d73bc0e51028b9846a4,2019-08-24 16:30:00,30,NO CONTROLS,NO CONTROLS,CLEAR,DAYLIGHT,SIDESWIPE SAME DIRECTION,ONE-WAY,STRAIGHT AND LEVEL,DRY,NO DEFECTS,NO INJURY / DRIVE AWAY,"$501 - $1,500",FAILING TO YIELD RIGHT-OF-WAY,NOT APPLICABLE,501,S,LAVERGNE AVE,2,NO INDICATION OF INJURY,0.0,0.0,0.0,0.0,0.0,3.0,0.0,16,7,8
e48ace35d2bf201bbb3edaa2f47d5a0d2890cb2b3d8c5d6aae51cd542723fb4e742b9903148202812f19d853462c18b48fbc5e49fdd79d2dd21a2659dda5cf48,2018-01-17 13:15:00,25,NO CONTROLS,NO CONTROLS,CLEAR,DAYLIGHT,HEAD ON,NOT DIVIDED,STRAIGHT AND LEVEL,DRY,NO DEFECTS,NO INJURY / DRIVE AWAY,"OVER $1,500",IMPROPER BACKING,FAILING TO YIELD RIGHT-OF-WAY,4530,W,AUGUSTA BLVD,2,NO INDICATION OF INJURY,0.0,0.0,0.0,0.0,0.0,2.0,0.0,13,4,1
2833287ea25e21815781affd55c0f28843687286821e0b8754070bb91f1e752208b4ec5d69ccaa7b498d3c8e94b7836cc1f35840bc42aeb73a51b844237afb17,2017-02-28 20:30:00,30,NO CONTROLS,NO CONTROLS,RAIN,"DARKNESS, LIGHTED ROAD",REAR END,NOT DIVIDED,STRAIGHT AND LEVEL,WET,UNKNOWN,INJURY AND / OR TOW DUE TO CRASH,"OVER $1,500",FOLLOWING TOO CLOSELY,WEATHER,399,N,CICERO AVE,2,"REPORTED, NOT EVIDENT",1.0,0.0,0.0,0.0,1.0,1.0,0.0,20,3,2
f4ea3de2a55f4c2d87fe400d0e2cede2961fc42e22348a0930a063d9807c9905ba6cda916051e3b554b496974342c3e0554361864fb0c17c1f4d8d1ca1f758f5,2019-10-12 12:45:00,20,NO CONTROLS,NO CONTROLS,CLEAR,DAYLIGHT,FIXED OBJECT,NOT DIVIDED,STRAIGHT AND LEVEL,DRY,"RUT, HOLES",NO INJURY / DRIVE AWAY,"OVER $1,500",ROAD ENGINEERING/SURFACE/MARKING DEFECTS,NOT APPLICABLE,1408,N,HONORE ST,1,NO INDICATION OF INJURY,0.0,0.0,0.0,0.0,0.0,2.0,0.0,12,7,10
be314b2966d220b5f697825a6d4205f5463fd687ae0371cd240ebae641819ac62bc6fe7b7be79e26a1d8894fcaacc7995a3655affeb67c542c8d7038edef08e8,2017-07-16 10:05:00,20,NO CONTROLS,NO CONTROLS,CLEAR,DAYLIGHT,SIDESWIPE SAME DIRECTION,ONE-WAY,STRAIGHT AND LEVEL,DRY,NO DEFECTS,NO INJURY / DRIVE AWAY,"OVER $1,500",IMPROPER TURNING/NO SIGNAL,NOT APPLICABLE,5904,S,HAMLIN AVE,2,NO INDICATION OF INJURY,0.0,0.0,0.0,0.0,0.0,2.0,0.0,10,1,7
6b206feca716b4ce18f65a0abf38ed7ed8cb36be6720102d8bebb5b1f4451ee2a039fde47018ca41023db833a981f62e2eac024d063ed61271b33e30494d8282,2020-01-18 19:50:00,0,NO CONTROLS,NO CONTROLS,CLEAR,"DARKNESS, LIGHTED ROAD",REAR TO FRONT,PARKING LOT,STRAIGHT AND LEVEL,SNOW OR SLUSH,NO DEFECTS,NO INJURY / DRIVE AWAY,$500 OR LESS,IMPROPER BACKING,NOT APPLICABLE,3201,S,STATE ST,2,NO INDICATION OF INJURY,0.0,0.0,0.0,0.0,0.0,2.0,0.0,19,7,1
af3445371237eb34a3df95de1b448c20417b4bd60e4ba65fb7848781a3e0b79c6f674acc881766a479407cd882ac028c6e57ca89bb4f82367bbd41e9af0089fc,2020-09-24 07:58:00,30,TRAFFIC SIGNAL,FUNCTIONING PROPERLY,CLEAR,DAYLIGHT,TURNING,FOUR WAY,STRAIGHT AND LEVEL,DRY,NO DEFECTS,NO INJURY / DRIVE AWAY,"OVER $1,500",UNABLE TO DETERMINE,UNABLE TO DETERMINE,2400,W,59TH ST,2,NO INDICATION OF INJURY,0.0,0.0,0.0,0.0,0.0,2.0,0.0,7,5,9
55f30e220a7afe25af5ed7f61f4a8e239af384267064a6c7af193a2bdabd7360efa2d251b46090a939e10872d382be5fb96664cf58bc7de9c5d18ee1b28c14dc,2019-11-04 18:00:00,30,TRAFFIC SIGNAL,FUNCTIONING PROPERLY,CLEAR,DAWN,FIXED OBJECT,RAMP,STRAIGHT AND LEVEL,DRY,"RUT, HOLES",NO INJURY / DRIVE AWAY,"$501 - $1,500",NOT APPLICABLE,NOT APPLICABLE,10001,S,WOODLAWN AVE,1,NO INDICATION OF INJURY,0.0,0.0,0.0,0.0,0.0,1.0,0.0,18,2,11
a935a82240f9b40a8761350c6f8a80de2ed1441070040e26cce3101df6c7d84a0ccd116201f1d613574896f554a40c4773a0e7227f3d5425a1995cec17f8f566,2019-04-12 06:40:00,30,NO CONTROLS,NO CONTROLS,CLEAR,DAYLIGHT,TURNING,DIVIDED - W/MEDIAN (NOT RAISED),STRAIGHT AND LEVEL,DRY,NO DEFECTS,NO INJURY / DRIVE AWAY,"$501 - $1,500",IMPROPER TURNING/NO SIGNAL,NOT APPLICABLE,5415,N,HARLEM AVE,2,NO INDICATION OF INJURY,0.0,0.0,0.0,0.0,0.0,3.0,0.0,6,6,4
ce6edc05ead540484cbc9e6b59f8ad9fa7f4a4a09f911d58c9f99a4266e7892e2008f21fe6215ae88b8afc19e91738cb76d77bff2b1822f0ec9e22b845de4944,2023-08-30 11:50:00,25,TRAFFIC SIGNAL,FUNCTIONING PROPERLY,CLEAR,DAYLIGHT,ANGLE,DIVIDED - W/MEDIAN (NOT RAISED),STRAIGHT AND LEVEL,DRY,NO DEFECTS,NO INJURY / DRIVE AWAY,"OVER $1,500",FAILING TO YIELD RIGHT-OF-WAY,FAILING TO REDUCE SPEED TO AVOID CRASH,11100,S,DR MARTIN LUTHER KING JR DR,2,NO INDICATION OF INJURY,0.0,0.0,0.0,0.0,0.0,2.0,0.0,11,4,8
575fdd9558ce0784ecc88b53b09cc35b259dfafe4b48ae22bc36c677c8226a27a77117e6d15925bd6459c75df1b1a80b939646eb6f05947a0d249f73d246287a,2020-05-18 19:30:00,10,NO CONTROLS,NO CONTROLS,CLEAR,DAYLIGHT,PARKED MOTOR VEHICLE,PARKING LOT,STRAIGHT AND LEVEL,DRY,NO DEFECTS,NO INJURY / DRIVE AWAY,"OVER $1,500",DRIVING SKILLS/KNOWLEDGE/EXPERIENCE,UNABLE TO DETERMINE,300,W,79TH ST,2,NO INDICATION OF INJURY,0.0,0.0,0.0,0.0,0.0,1.0,0.0,19,2,5
97fa1b83c0f61a3031582c7b2fc928c192acc9dfc6d34dc35589754318311192e2f2577f10c2aa85b57c99ba7286899b00297e0cca160df65bd159115fae498a,2023-11-03 12:35:00,30,NO CONTROLS,NO CONTROLS,CLEAR,DAYLIGHT,PARKED MOTOR VEHICLE,ONE-WAY,STRAIGHT AND LEVEL,DRY,NO DEFECTS,NO INJURY / DRIVE AWAY,"OVER $1,500",IMPROPER OVERTAKING/PASSING,NOT APPLICABLE,4640,S,MICHIGAN AVE,2,NO INDICATION OF INJURY,0.0,0.0,0.0,0.0,0.0,1.0,0.0,12,6,11