CRASH_RECORD_ID,CRASH_DATE,POSTED_SPEED_LIMIT,TRAFFIC_CONTROL_DEVICE,DEVICE_CONDITION,WEATHER_CONDITION,LIGHTING_CONDITION,FIRST_CRASH_TYPE,TRAFFICWAY_TYPE,ALIGNMENT,ROADWAY_SURFACE_COND,ROAD_DEFECT,CRASH_TYPE,DAMAGE,PRIM_CONTRIBUTORY_CAUSE,SEC_CONTRIBUTORY_CAUSE,STREET_NO,STREET_DIRECTION,STREET_NAME,NUM_UNITS,MOST_SEVERE_INJURY,INJURIES_TOTAL,INJURIES_FATAL,INJURIES_INCAPACITATING,INJURIES_NON_INCAPACITATING,INJURIES_REPORTED_NOT_EVIDENT,INJURIES_NO_INDICATION,INJURIES_UNKNOWN,CRASH_HOUR,CRASH_DAY_OF_WEEK,CRASH_MONTH
0c4bf8d928f0d41462928df88766e5ccb1e8ee59c4128fa79c27e2c06ce25f2c4c0b29228ec0039b26bc64b99b961813512a5f1cd45c5f3bf4cb5f3d9d6217f3,2023-11-12 04:10:00,30,TRAFFIC SIGNAL,FUNCTIONING PROPERLY,CLEAR,"DARKNESS, LIGHTED ROAD",REAR TO FRONT,NOT DIVIDED,STRAIGHT AND LEVEL,UNKNOWN,UNKNOWN,NO INJURY / DRIVE AWAY,$500 OR LESS,FAILING TO REDUCE SPEED TO AVOID CRASH,IMPROPER BACKING,440,E,ILLINOIS ST,2,NO INDICATION OF INJURY,0.0,0.0,0.0,0.0,0.0,2.0,0.0,4,1,11
51fea9e8c8f336423fcdfbde56fa0b48203b908d6f3233a663084ca790fabbbe8cc8ba6711bf0d4edbf41fd674dfa3bfa9ccfd9525e1c7e3e80beddcd93c8edb,2021-05-18 16:15:00,15,NO CONTROLS,NO CONTROLS,CLEAR,DAYLIGHT,PARKED MOTOR VEHICLE,PARKING LOT,STRAIGHT AND LEVEL,DRY,NO DEFECTS,NO INJURY / DRIVE AWAY,"$501 - $1,500",DRIVING SKILLS/KNOWLEDGE/EXPERIENCE,NOT APPLICABLE,4211,N,CICERO AVE,2,NO INDICATION OF INJURY,0.0,0.0,0.0,0.0,0.0,1.0,0.0,16,3,5
7e37b1058650ac05ab4aa518bbb8154b54a00f877ef178d128ba7b11e46d7d5ef85d7fc6d18d538d79ec37da35028bd22c594e6b9cde0d08db67224ec02bdd0b,2018-02-06 11:25:00,30,STOP SIGN/FLASHER,FUNCTIONING PROPERLY,CLEAR,DAYLIGHT,ANGLE,NOT DIVIDED,STRAIGHT AND LEVEL,DRY,NO DEFECTS,INJURY AND / OR TOW DUE TO CRASH,"OVER $1,500",DISREGARDING TRAFFIC SIGNALS,UNABLE TO DETERMINE,1400,S,CENTRAL PARK AVE,2,NONINCAPACITATING INJURY,1.0,0.0,0.0,1.0,0.0,3.0,0.0,11,3,2
119ae314e7f60d2dd6d6dd2f0c853abf07e7959d91fc771e8239c4209d115dfd4536b7ba971023796d312920729a4681b80817111faeb0b1b9c2d549d7921bec,2020-06-29 12:15:00,30,TRAFFIC SIGNAL,FUNCTIONING PROPERLY,RAIN,DAWN,REAR END,DIVIDED - W/MEDIAN (NOT RAISED),STRAIGHT AND LEVEL,WET,NO DEFECTS,NO INJURY / DRIVE AWAY,"$501 - $1,500",FAILING TO REDUCE SPEED TO AVOID CRASH,WEATHER,1000,E,83RD ST,2,NO INDICATION OF INJURY,0.0,0.0,0.0,0.0,0.0,2.0,0.0,12,2,6
20018e4437a0d0793919d8eaaacfa27dc37c4d26fe897a7cdf76225dc776b9ec1a07b9c421a9567c5e4588c8477a9a101dce3bacc7c0818eee5ca9e98a6298d4,2020-07-21 02:00:00,30,NO CONTROLS,NO CONTROLS,CLEAR,DAYLIGHT,PARKED MOTOR VEHICLE,ONE-WAY,STRAIGHT AND LEVEL,DRY,UNKNOWN,NO INJURY / DRIVE AWAY,"OVER $1,500",UNABLE TO DETERMINE,UNABLE TO DETERMINE,7826,S,COLFAX AVE,2,NO INDICATION OF INJURY,0.0,0.0,0.0,0.0,0.0,1.0,0.0,2,3,7
b88e25839cf8ff6294878d53c7e2943181641464371d3d6d1a97d5df9cf06010ca1ff365f03a2d8ac9c27a69fc475557c81d330395b53b71a1c3a36c6e225cc0,2024-03-27 21:20:00,15,NO CONTROLS,NO CONTROLS,CLEAR,"DARKNESS, LIGHTED ROAD",FIXED OBJECT,PARKING LOT,STRAIGHT AND LEVEL,DRY,NO DEFECTS,NO INJURY / DRIVE AWAY,"OVER $1,500",UNABLE TO DETERMINE,NOT APPLICABLE,146,W,103RD ST,1,NO INDICATION OF INJURY,0.0,0.0,0.0,0.0,0.0,3.0,0.0,21,4,3
de69a48b747a663f1b1104000d7a82da804b6169acac4b0577ccf39e15c56f70d93689a42ad087f34fc6ad505637b44b0eae6d9d0b97064dbe437d6acde3c077,2023-11-26 10:00:00,25,NO CONTROLS,NO CONTROLS,SNOW,DAYLIGHT,ANGLE,NOT DIVIDED,STRAIGHT AND LEVEL,SNOW OR SLUSH,UNKNOWN,NO INJURY / DRIVE AWAY,"$501 - $1,500",FAILING TO YIELD RIGHT-OF-WAY,NOT APPLICABLE,7600,S,LUELLA AVE,2,NO INDICATION OF INJURY,0.0,0.0,0.0,0.0,0.0,2.0,0.0,10,1,11
9f43cc7395761ede396249e467824bfc6ec029361311a822a3b77e5d9c9a568321940ac49e6dd74a8e2c9f2659fbcf967ee72f0d9531f81052c8d0e98369a3d0,2022-08-02 14:15:00,30,NO CONTROLS,NO CONTROLS,CLEAR,DAYLIGHT,PARKED MOTOR VEHICLE,ONE-WAY,STRAIGHT AND LEVEL,DRY,NO DEFECTS,NO INJURY / DRIVE AWAY,"$501 - $1,500",UNABLE TO DETERMINE,NOT APPLICABLE,2320,W,MOFFAT ST,2,NO INDICATION OF INJURY,0.0,0.0,0.0,0.0,0.0,1.0,0.0,14,3,8
2ea168e11f050eeeeb20a5c10ac52ee53417d5652a87b2bf5bd118364305fc8b1aa7e7766d26306d25940a968743d1529f703e21627ea15a21d13bfb5e9c147d,2019-02-04 10:30:00,30,NO CONTROLS,NO CONTROLS,UNKNOWN,UNKNOWN,PARKED MOTOR VEHICLE,NOT DIVIDED,STRAIGHT AND LEVEL,UNKNOWN,NO DEFECTS,NO INJURY / DRIVE AWAY,"OVER $1,500",UNABLE TO DETERMINE,UNABLE TO DETERMINE,2308,N,LISTER AVE,2,NO INDICATION OF INJURY,0.0,0.0,0.0,0.0,0.0,1.0,0.0,10,2,2
879bd26384e7da0721b94b4d469a7dfbef3a08a63bc835cb8219ea34791598d2db27f163a64c81e92d7190186f18efb88cb3a0824f7ffdfa607465e739222223,2022-12-20 12:35:00,35,UNKNOWN,UNKNOWN,UNKNOWN,UNKNOWN,REAR END,UNKNOWN,STRAIGHT AND LEVEL,UNKNOWN,UNKNOWN,INJURY AND / OR TOW DUE TO CRASH,"OVER $1,500",UNABLE TO DETERMINE,UNABLE TO DETERMINE,5885,S,ARCHER AVE,2,NONINCAPACITATING INJURY,1.0,0.0,0.0,1.0,0.0,1.0,0.0,12,3,12
ec2b4b406515748c6076d7411ae6b4380e6dd1137d50a0d24a382000807d763e8e42a78834d98a79b1897503551547e926f541e56a5db058de4e7106afec6173,2020-01-09 15:40:00,30,NO CONTROLS,NO CONTROLS,CLEAR,DAYLIGHT,SIDESWIPE SAME DIRECTION,DIVIDED - W/MEDIAN (NOT RAISED),STRAIGHT AND LEVEL,DRY,NO DEFECTS,NO INJURY / DRIVE AWAY,"OVER $1,500",FAILING TO YIELD RIGHT-OF-WAY,DRIVING SKILLS/KNOWLEDGE/EXPERIENCE,6300,S,PULASKI RD,2,NO INDICATION OF INJURY,0.0,0.0,0.0,0.0,0.0,2.0,0.0,15,5,1
60963d7c0284de9287fb2c51d4eafb1359865310049bb0f1dde1e3f0fe83a6de389f8ae27ebcef590ee8ce6aa7bfef502c0d22549a35e9c6ce46b663d4205ae1,2018-07-10 15:30:00,30,TRAFFIC SIGNAL,UNKNOWN,CLEAR,DAYLIGHT,PEDESTRIAN,DIVIDED - W/MEDIAN (NOT RAISED),STRAIGHT AND LEVEL,DRY,NO DEFECTS,INJURY AND / OR TOW DUE TO CRASH,$500 OR LESS,UNABLE TO DETERMINE,UNABLE TO DETERMINE,3200,N,CICERO AVE,2,NONINCAPACITATING INJURY,1.0,0.0,0.0,1.0,0.0,1.0,0.0,15,3,7
4b749bba9fe42df4e1cecb02d6b7724df8319b850d44713922c6bf0a764efc9ff88e9e712e65390dbb672fec4f2dd15fee37488378bc772dc1826de54fc5366f,2023-04-23 12:00:00,30,NO CONTROLS,NO CONTROLS,CLEAR,UNKNOWN,PARKED MOTOR VEHICLE,ONE-WAY,STRAIGHT AND LEVEL,DRY,NO DEFECTS,NO INJURY / DRIVE AWAY,"OVER $1,500",UNABLE TO DETERMINE,UNABLE TO DETERMINE,10107,S,PRINCETON AVE,2,NO INDICATION OF INJURY,0.0,0.0,0.0,0.0,0.0,1.0,0.0,12,1,4
eb559b966d98ca78b33e7e3203b8a5bb09c769ddcb141c175638dc4ac8ebbd4f89902c3b7d9e198caeadaaacbbd23d5752f530cd0f2d32741432dc2c24448dcc,2020-11-23 09:30:00,30,NO CONTROLS,NO CONTROLS,CLEAR,DAYLIGHT,ANGLE,NOT DIVIDED,STRAIGHT AND LEVEL,DRY,NO DEFECTS,NO INJURY / DRIVE AWAY,"OVER $1,500",ROAD CONSTRUCTION/MAINTENANCE,UNABLE TO DETERMINE,1100,N,STATE ST,2,NO INDICATION OF INJURY,0.0,0.0,0.0,0.0,0.0,2.0,0.0,9,2,11
24f54bbca7037399a2b37c5d53c4c7131a06cbc5858b3af26ae8c2bd04a01919357b820a62fe6dd1c482d18aad3cdb049b0a427adfad15d73eaa20d885498a89,2024-04-10 17:10:00,35,STOP SIGN/FLASHER,NO CONTROLS,CLEAR,DAYLIGHT,ANGLE,FOUR WAY,STRAIGHT AND LEVEL,DRY,NO DEFECTS,INJURY AND / OR TOW DUE TO CRASH,"OVER $1,500",DISREGARDING STOP SIGN,FAILING TO YIELD RIGHT-OF-WAY,634,E,79TH ST,2,"REPORTED, NOT EVIDENT",1.0,0.0,0.0,0.0,1.0,1.0,0.0,17,4,4
b27e94f1dd4d97aa03d61d76e0c3ae0f258713587186cdf542240e971d81e80c8ad48d170eeb5126ffc16c4db716aa90f4b3edb7b1e4dbcf4ba18d1eac31eb4d,2018-08-06 17:20:00,30,TRAFFIC SIGNAL,FUNCTIONING PROPERLY,CLEAR,DAYLIGHT,SIDESWIPE SAME DIRECTION,DIVIDED - W/MEDIAN (NOT RAISED),STRAIGHT AND LEVEL,DRY,NO DEFECTS,NO INJURY / DRIVE AWAY,"OVER $1,500",DRIVING SKILLS/KNOWLEDGE/EXPERIENCE,NOT APPLICABLE,11300,S,COTTAGE GROVE AVE,2,NO INDICATION OF INJURY,0.0,0.0,0.0,0.0,0.0,2.0,0.0,17,2,8
64686618d586225564c47489a8578aa1ec79ad01b4a7306356645d98af4bb7c2403da75a2fc09a7174aaccbced7f43cc52f2f93bedc0612f8ddb2fc38d228975,2018-01-17 17:33:00,30,NO CONTROLS,NO CONTROLS,OTHER,"DARKNESS, LIGHTED ROAD",SIDESWIPE SAME DIRECTION,NOT DIVIDED,STRAIGHT AND LEVEL,DRY,NO DEFECTS,NO INJURY / DRIVE AWAY,"OVER $1,500",IMPROPER LANE USAGE,NOT APPLICABLE,459,W,DIVISION ST,2,NO INDICATION OF INJURY,0.0,0.0,0.0,0.0,0.0,4.0,0.0,17,4,1
914eb17f9bd137f0f22314f531d6e2a7ee47a33c60b76fe9d5bca465f5de717de8e3121056dee888aa9ba9d26394c2dbf60c9d88191b628e446e6c4148a05565,2018-12-31 03:00:00,30,NO CONTROLS,NO CONTROLS,CLOUDY/OVERCAST,"DARKNESS, LIGHTED ROAD",FIXED OBJECT,NOT DIVIDED,STRAIGHT AND LEVEL,WET,NO DEFECTS,INJURY AND / OR TOW DUE TO CRASH,$500 OR LESS,EXCEEDING SAFE SPEED FOR CONDITIONS,NOT APPLICABLE,1818,S,BURNHAM HARBOR DR,1,NO INDICATION OF INJURY,0.0,0.0,0.0,0.0,0.0,1.0,0.0,3,2,12
3017832dd3d5c26aa016e2a0a9fd8e44477f18e51d18191668461a2c5a14e8bc21724d3ea53ff07a31f40e53cf9a3ef0c3d70fc0a1681631aaf24cdfa2228567,2019-04-04 21:45:00,35,TRAFFIC SIGNAL,FUNCTIONING PROPERLY,CLEAR,"DARKNESS, LIGHTED ROAD",REAR END,NOT DIVIDED,STRAIGHT AND LEVEL,DRY,NO DEFECTS,NO INJURY / DRIVE AWAY,"OVER $1,500",FOLLOWING TOO CLOSELY,DRIVING SKILLS/KNOWLEDGE/EXPERIENCE,41,E,NORTH AVE,2,NO INDICATION OF INJURY,0.0,0.0,0.0,0.0,0.0,2.0,0.0,21,5,4
ef1d8a3c6fc3507fb0119a984a662a1570d61fbd59b76d4eb8ba891b2ac01485736166de6cc4805a1e63f04c9a8429af1b8179cd8856538e0bb5432cc749aa2a,2020-05-05 22:00:00,30,NO CONTROLS,NO CONTROLS,CLEAR,"DARKNESS, LIGHTED ROAD",REAR END,NOT DIVIDED,STRAIGHT AND LEVEL,DRY,NO DEFECTS,NO INJURY / DRIVE AWAY,"$501 - $1,500",FOLLOWING TOO CLOSELY,FAILING TO REDUCE SPEED TO AVOID CRASH,1700,S,CANAL ST,2,NO INDICATION OF INJURY,0.0,0.0,0.0,0.0,0.0,4.0,0.0,22,3,5
d67f59b3cfec875f61f23bfcf81a0b99f5af4fdbb7a21665fe431d35fadb3eaec3c5843bd098da2ab70704cbed5193a59e10cafeee2a16d650c7daf3823ec9fe,2023-04-12 16:50:00,30,NO CONTROLS,NO CONTROLS,CLEAR,DAYLIGHT,PARKED MOTOR VEHICLE,ONE-WAY,STRAIGHT AND LEVEL,DRY,NO DEFECTS,NO INJURY / DRIVE AWAY,"$501 - $1,500",DRIVING SKILLS/KNOWLEDGE/EXPERIENCE,UNABLE TO DETERMINE,5635,W,GRACE ST,2,NO INDICATION OF INJURY,0.0,0.0,0.0,0.0,0.0,1.0,0.0,16,4,4
535a0984c88467e2c443a107e75568887da37bae2d7df5d5fe31911ea031702abae98d8c4dca4e42261066255b19b08164b912d05ca6adf7491723b4dccc307b,2017-05-13 12:00:00,30,NO CONTROLS,NO CONTROLS,CLEAR,DAYLIGHT,ANGLE,ONE-WAY,STRAIGHT AND LEVEL,DRY,NO DEFECTS,NO INJURY / DRIVE AWAY,"OVER $1,500",UNABLE TO DETERMINE,UNABLE TO DETERMINE,3146,N,KEATING AVE,2,NO INDICATION OF INJURY,0.0,0.0,0.0,0.0,0.0,3.0,0.0,12,7,5
7ffa0a9c90c6fd846fea794f5f783d11295b92ad0d60b987da9d44dcb178168ed3832fe6a1e01e0536f4cb1995ffd97b210d318eed6dbf906a3ca8839ddae25b,2018-05-16 22:30:00,30,NO CONTROLS,NO CONTROLS,CLEAR,DARKNESS,PARKED MOTOR VEHICLE,NOT DIVIDED,STRAIGHT AND LEVEL,DRY,NO DEFECTS,NO INJURY / DRIVE AWAY,$500 OR LESS,UNABLE TO DETERMINE,UNABLE TO DETERMINE,3115,W,JARVIS AVE,2,NO INDICATION OF INJURY,0.0,0.0,0.0,0.0,0.0,1.0,0.0,22,4,5
52f36f3e1821a3bb30f18fc437e00f42cca228b5fec7a01c7314877d4e617c26ecec0b670033fdade9c46b5496de45de0e76a4744b57200ad7e6844381fbca88,2023-09-30 21:20:00,30,TRAFFIC SIGNAL,FUNCTIONING PROPERLY,CLEAR,"DARKNESS, LIGHTED ROAD",TURNING,NOT DIVIDED,STRAIGHT AND LEVEL,UNKNOWN,UNKNOWN,NO INJURY / DRIVE AWAY,"OVER $1,500",IMPROPER TURNING/NO SIGNAL,IMPROPER LANE USAGE,298,E,JACKSON DR,2,NO INDICATION OF INJURY,0.0,0.0,0.0,0.0,0.0,2.0,0.0,21,7,9
145c146827cafe23f1bac3d2e47036607350f50a1d921f52bc38c993450540a2aa739dffd73c847c5732d4c5d8d40bcd6ccc64d462fe9f01c4fee6705d9a7476,2021-07-09 11:50:00,30,TRAFFIC SIGNAL,FUNCTIONING PROPERLY,RAIN,DAWN,REAR END,NOT DIVIDED,STRAIGHT AND LEVEL,DRY,NO DEFECTS,NO INJURY / DRIVE AWAY,"$501 - $1,500",FAILING TO REDUCE SPEED TO AVOID CRASH,NOT APPLICABLE,800,W,FULTON MARKET,3,NO INDICATION OF INJURY,0.0,0.0,0.0,0.0,0.0,3.0,0.0,11,6,7
f81d6c07f79b7f852d4298183f0a07cec0f43a2cdc5f1a7060a3fb5b219f92e169466867bfe7fe2d4edc32828deeab4b259503376e427f1537357f8e69b97c8b,2020-09-22 05:20:00,30,NO CONTROLS,NO CONTROLS,CLEAR,"DARKNESS, LIGHTED ROAD",PARKED MOTOR VEHICLE,NOT DIVIDED,STRAIGHT AND LEVEL,DRY,NO DEFECTS,NO INJURY / DRIVE AWAY,"OVER $1,500",UNABLE TO DETERMINE,NOT APPLICABLE,3750,N,LAKE SHORE DR,2,NO INDICATION OF INJURY,0.0,0.0,0.0,0.0,0.0,1.0,0.0,5,3,9
40c7e6d49e533dfaff6049983478e51e2ebf59c9abd6043a3ca1c45ab62de047dfa6665bbd61aa592edeb93344a844217d7c1fddd83010c27f237032ef7f798a,2017-12-03 21:15:00,30,TRAFFIC SIGNAL,FUNCTIONING PROPERLY,CLEAR,DARKNESS,SIDESWIPE SAME DIRECTION,DIVIDED - W/MEDIAN (NOT RAISED),STRAIGHT AND LEVEL,DRY,NO DEFECTS,NO INJURY / DRIVE AWAY,$500 OR LESS,FOLLOWING TOO CLOSELY,UNABLE TO DETERMINE,239,W,63RD ST,2,NO INDICATION OF INJURY,0.0,0.0,0.0,0.0,0.0,3.0,0.0,21,1,12
822cb06475b18c879bb85cff961e916655cf013c641e345b1b9f310795eac8c8a0011f9c89f81c440b9cb3b4d726f90b6a1724dfc7c1497a480acd2749fafe12,2020-12-11 11:55:00,20,NO CONTROLS,NO CONTROLS,CLEAR,DAYLIGHT,ANGLE,DIVIDED - W/MEDIAN (NOT RAISED),STRAIGHT AND LEVEL,DRY,NO DEFECTS,INJURY AND / OR TOW DUE TO CRASH,"OVER $1,500",FAILING TO YIELD RIGHT-OF-WAY,NOT APPLICABLE,1556,N,HONORE ST,2,NONINCAPACITATING INJURY,1.0,0.0,0.0,1.0,0.0,1.0,0.0,11,6,12
f140d765f51e8596eb763f520b17d08cf8bdabb4131f33ba0ed2a811f4cab0e3716cd68849f0b8e9ed89fbf0e1d0f9a19c35f49a1cc8ee05417db4939a5e16aa,2016-09-17 02:02:00,30,TRAFFIC SIGNAL,FUNCTIONING PROPERLY,RAIN,"DARKNESS, LIGHTED ROAD",REAR END,NOT DIVIDED,STRAIGHT AND LEVEL,WET,NO DEFECTS,NO INJURY / DRIVE AWAY,"OVER $1,500",FOLLOWING TOO CLOSELY,NOT APPLICABLE,3401,N,KIMBALL AVE,2,NO INDICATION OF INJURY,0.0,0.0,0.0,0.0,0.0,2.0,0.0,2,7,9
b7119320bc836e32b1fc321af760eac518e18c564a4e39d6ca4d2fd61454ca7fe6ef46c0a7af9424932389b78aaf1b26a364d461af75f3132a985a9aa7df4ab9,2017-08-07 10:45:00,30,STOP SIGN/FLASHER,FUNCTIONING PROPERLY,CLEAR,DAYLIGHT,SIDESWIPE SAME DIRECTION,OTHER,STRAIGHT AND LEVEL,DRY,NO DEFECTS,NO INJURY / DRIVE AWAY,"OVER $1,500",UNABLE TO DETERMINE,NOT APPLICABLE,2701,N,KIMBALL AVE,2,NO INDICATION OF INJURY,0.0,0.0,0.0,0.0,0.0,2.0,0.0,10,2,8
307ef32a2d2613f84994fd606e5b3d184d8b41034b6b4028e0928d52670a8ac55d21aa2b3f23c095b4d8ff328ceeccd4796c8bcbd4ad02fdaca46546ef72ae17,2017-11-07 07:50:00,30,TRAFFIC SIGNAL,FUNCTIONING PROPERLY,CLEAR,DAYLIGHT,REAR END,ONE-WAY,STRAIGHT AND LEVEL,DRY,NO DEFECTS,INJURY AND / OR TOW DUE TO CRASH,"$501 - $1,500",UNABLE TO DETERMINE,UNABLE TO DETERMINE,6709,S,STONY ISLAND AVE,2,"REPORTED, NOT EVIDENT",2.0,0.0,0.0,0.0,2.0,1.0,0.0,7,3,11
4b8a75f424b252f01b8f27bd76e697ebb4505d98e24a75370ce3a90b90e15ce18fc44f7dcb27af79f3e59cc99539d127735d64f2e7506dc49787ce204ea4621f,2018-07-30 13:00:00,10,NO CONTROLS,NO CONTROLS,CLEAR,DAYLIGHT,PARKED MOTOR VEHICLE,PARKING LOT,STRAIGHT AND LEVEL,DRY,NO DEFECTS,NO INJURY / DRIVE AWAY,$500 OR LESS,IMPROPER BACKING,UNABLE TO DETERMINE,5885,S,ARCHER AVE,2,NO INDICATION OF INJURY,0.0,0.0,0.0,0.0,0.0,1.0,0.0,13,2,7
d164940a4f6f49dd528c922a330095c9906d611db70ffdf44e7ae018565d45ce94f8a6beff4048640f51606fd6484f84c0fa21347c309d3b45d33d9e03e66bfa,2021-03-22 15:10:00,30,NO CONTROLS,NO CONTROLS,CLEAR,DAYLIGHT,REAR END,PARKING LOT,STRAIGHT AND LEVEL,DRY,NO DEFECTS,NO INJURY / DRIVE AWAY,"$501 - $1,500",NOT APPLICABLE,NOT APPLICABLE,2200,S,WESTERN AVE,2,NO INDICATION OF INJURY,0.0,0.0,0.0,0.0,0.0,2.0,0.0,15,2,3
47b913362b8dc7e16d55fe5cc233cb642c75d3c1e37d5c3ef7d3160336e0fac39014a6bd44a17f2ef93235d49d2ed29537379b70c07edf7494136c34e112c13e,2022-08-19 12:45:00,30,TRAFFIC SIGNAL,FUNCTIONING PROPERLY,CLEAR,DAYLIGHT,REAR END,"FIVE POINT, OR MORE",STRAIGHT AND LEVEL,DRY,NO DEFECTS,NO INJURY / DRIVE AWAY,"$501 - $1,500",FOLLOWING TOO CLOSELY,FAILING TO REDUCE SPEED TO AVOID CRASH,2400,W,OGDEN AVE,2,NO INDICATION OF INJURY,0.0,0.0,0.0,0.0,0.0,2.0,0.0,12,6,8
c303bfdb8de0130c2ef7e887722e654f4aaeb5e337a6efc0bb89ad389c43f4ada447c87994021c46840d0b1f9162a953cf5f8669f0610baad6b4350af2da5136,2020-09-20 18:15:00,15,NO CONTROLS,NO CONTROLS,CLEAR,DAYLIGHT,ANGLE,PARKING LOT,STRAIGHT AND LEVEL,DRY,NO DEFECTS,NO INJURY / DRIVE AWAY,"OVER $1,500",NOT APPLICABLE,MOTORCYCLE ADVANCING LEGALLY ON RED LIGHT,5931,S,KEDZIE AVE,2,NO INDICATION OF INJURY,0.0,0.0,0.0,0.0,0.0,4.0,0.0,18,1,9
1ea8a3ae7dae5e85b73a191c5f849a1bfde875ab52decb21866e093d29411fad3121f67beff4ff6a0eedb6043214bb7e5909d2db8f3ea380f6b6f8e37a4a4b1e,2022-04-29 21:00:00,20,NO CONTROLS,NO CONTROLS,RAIN,"DARKNESS, LIGHTED ROAD",PARKED MOTOR VEHICLE,PARKING LOT,STRAIGHT AND LEVEL,WET,NO DEFECTS,NO INJURY / DRIVE AWAY,$500 OR LESS,UNABLE TO DETERMINE,UNABLE TO DETERMINE,333,W,35TH ST,2,NO INDICATION OF INJURY,0.0,0.0,0.0,0.0,0.0,1.0,0.0,21,6,4
9732c5e6e89364419ff99eac167d28445adb115e56bb1a39b8ccd9adb29ba0ced6a23ea965490a8e742cb2a4dce6d24bddb54cf772f290f647e485a3b1bcce3d,2019-10-07 16:42:00,35,NO CONTROLS,NO CONTROLS,CLEAR,DAYLIGHT,FIXED OBJECT,DIVIDED - W/MEDIAN BARRIER,STRAIGHT AND LEVEL,DRY,NO DEFECTS,INJURY AND / OR TOW DUE TO CRASH,"OVER $1,500",ROAD ENGINEERING/SURFACE/MARKING DEFECTS,UNABLE TO DETERMINE,12035,S,HALSTED ST,1,INCAPACITATING INJURY,1.0,0.0,1.0,0.0,0.0,0.0,0.0,16,2,10
71e299fd3ee896da63eabebf991434502f99bd510d15b8bea00c1dbdb0b882ad9f5c2f8642127b28d56bc77cddf86cc0b15880f345d7e49616114799763332ad,2019-06-25 07:15:00,30,NO CONTROLS,NO CONTROLS,CLEAR,DAYLIGHT,REAR END,DIVIDED - W/MEDIAN (NOT RAISED),STRAIGHT AND LEVEL,DRY,NO DEFECTS,INJURY AND / OR TOW DUE TO CRASH,"$501 - $1,500",FOLLOWING TOO CLOSELY,UNABLE TO DETERMINE,1835,W,NORTH AVE,2,"REPORTED, NOT EVIDENT",1.0,0.0,0.0,0.0,1.0,1.0,0.0,7,3,6
bb3d00ec5e959cdf1e2f76491881faf501cf6ecb74859f7c9938aa426c750de796b6467b81a844b69ede1126adfbea74759666d2c269baa5cdc403ba27185e42,2021-10-11 07:55:00,25,NO CONTROLS,NO CONTROLS,CLEAR,DAYLIGHT,PARKED MOTOR VEHICLE,ONE-WAY,STRAIGHT AND LEVEL,DRY,NO DEFECTS,NO INJURY / DRIVE AWAY,$500 OR LESS,UNABLE TO DETERMINE,UNABLE TO DETERMINE,5108,W,ROSCOE ST,2,NO INDICATION OF INJURY,0.0,0.0,0.0,0.0,0.0,1.0,0.0,7,2,10
876d5e79786d93a07fd3f425a230442707232a07772cfc5fffcc1ea1b4f95908a2892589fcaba3e5cc15b4004eb89501d14d82b07d505cbe88e843bc48ac674c,2021-04-26 14:55:00,30,NO CONTROLS,NO CONTROLS,CLEAR,DAYLIGHT,OTHER OBJECT,DIVIDED - W/MEDIAN (NOT RAISED),STRAIGHT AND LEVEL,DRY,NO DEFECTS,NO INJURY / DRIVE AWAY,"$501 - $1,500",UNABLE TO DETERMINE,NOT APPLICABLE,5103,N,HARLEM AVE,1,NO INDICATION OF INJURY,0.0,0.0,0.0,0.0,0.0,1.0,0.0,14,2,4
a25ecfdde96fbcecee7be02ae7e3e5adc8081c53a657f268abc623d9454447a99fdfb978722e615a9370442fc9b91e4796ddf6af8b4ee953e984669ab36e1b72,2024-01-18 16:20:00,30,NO CONTROLS,NO CONTROLS,CLOUDY/OVERCAST,DAYLIGHT,TURNING,NOT DIVIDED,STRAIGHT AND LEVEL,DRY,NO DEFECTS,NO INJURY / DRIVE AWAY,$500 OR LESS,FAILING TO YIELD RIGHT-OF-WAY,NOT APPLICABLE,6030,N,SHERIDAN RD,2,NO INDICATION OF INJURY,0.0,0.0,0.0,0.0,0.0,2.0,0.0,16,5,1
e0e0df53a44c4070a49e7e3bcc45629a7d7c84326c5da243b801e2122ecfa08e92b480f87a17669e29cb3b3a482c0f7f2e315c3236c3207d6e373ea057f4d35c,2021-02-09 13:55:00,20,STOP SIGN/FLASHER,FUNCTIONING PROPERLY,CLEAR,DAYLIGHT,PARKED MOTOR VEHICLE,NOT DIVIDED,STRAIGHT AND LEVEL,SNOW OR SLUSH,NO DEFECTS,NO INJURY / DRIVE AWAY,"$501 - $1,500",WEATHER,WEATHER,1700,W,SUMMERDALE AVE,2,NO INDICATION OF INJURY,0.0,0.0,0.0,0.0,0.0,1.0,0.0,13,3,2
bebc4741b4b4cd56f788e25c43f6158419ba12d5e88f5df1e4f9e9983ce89bdedb23601af9b8bf06c9a823f99dccc8203a3e91cf88cb194d305e213a84eb0ca8,2024-02-27 19:30:00,30,TRAFFIC SIGNAL,FUNCTIONING PROPERLY,RAIN,"DARKNESS, LIGHTED ROAD",SIDESWIPE SAME DIRECTION,FOUR WAY,STRAIGHT AND LEVEL,WET,NO DEFECTS,NO INJURY / DRIVE AWAY,"OVER $1,500",IMPROPER LANE USAGE,UNABLE TO DETERMINE,6700,S,STONY ISLAND AVE,2,NO INDICATION OF INJURY,0.0,0.0,0.0,0.0,0.0,2.0,0.0,19,3,2