CRASH_RECORD_ID,CRASH_DATE,POSTED_SPEED_LIMIT,TRAFFIC_CONTROL_DEVICE,DEVICE_CONDITION,WEATHER_CONDITION,LIGHTING_CONDITION,FIRST_CRASH_TYPE,TRAFFICWAY_TYPE,ALIGNMENT,ROADWAY_SURFACE_COND,ROAD_DEFECT,CRASH_TYPE,DAMAGE,PRIM_CONTRIBUTORY_CAUSE,SEC_CONTRIBUTORY_CAUSE,STREET_NO,STREET_DIRECTION,STREET_NAME,NUM_UNITS,MOST_SEVERE_INJURY,INJURIES_TOTAL,INJURIES_FATAL,INJURIES_INCAPACITATING,INJURIES_NON_INCAPACITATING,INJURIES_REPORTED_NOT_EVIDENT,INJURIES_NO_INDICATION,INJURIES_UNKNOWN,CRASH_HOUR,CRASH_DAY_OF_WEEK,CRASH_MONTH
c2bc09fa38e08e44247d5982d59f9ac3f580f15bc4fce403d8e58f8fb7fbd133c4a21dc377cfcd6928dc5295422ccc541ba6459d6bc8da940cfe1417ef245a67,2022-11-29 14:00:00,10,NO CONTROLS,NO CONTROLS,CLEAR,DAYLIGHT,REAR TO FRONT,PARKING LOT,STRAIGHT AND LEVEL,DRY,UNKNOWN,NO INJURY / DRIVE AWAY,"OVER $1,500",UNABLE TO DETERMINE,NOT APPLICABLE,516,W,OHARE ST,2,NO INDICATION OF INJURY,0.0,0.0,0.0,0.0,0.0,2.0,0.0,14,3,11
86cbf18b9d479ad9241555c380799fd81e61a8b280a73b0ffdc6d78510eeae3b65f79e1a6ba61b96a2499ea39db432cd5b271d5c85739ea3fc8b7d4d09943985,2021-12-27 09:00:00,30,STOP SIGN/FLASHER,FUNCTIONING PROPERLY,FOG/SMOKE/HAZE,DAYLIGHT,REAR END,NOT DIVIDED,STRAIGHT AND LEVEL,WET,NO DEFECTS,NO INJURY / DRIVE AWAY,"$501 - $1,500",FOLLOWING TOO CLOSELY,UNABLE TO DETERMINE,1400,W,99TH ST,2,NO INDICATION OF INJURY,0.0,0.0,0.0,0.0,0.0,2.0,0.0,9,2,12
ab7770b98a5dc6ed5499a56c9675ea632c621dbaf582c1353266ff87b4ef44592707b2aa5931919dcf480056c0ae2f40f9b1d3347168f0211e7fd780b2002ba2,2022-08-11 22:42:00,20,NO CONTROLS,NO CONTROLS,CLEAR,"DARKNESS, LIGHTED ROAD",PARKED MOTOR VEHICLE,ONE-WAY,STRAIGHT AND LEVEL,DRY,NO DEFECTS,INJURY AND / OR TOW DUE TO CRASH,"OVER $1,500",UNABLE TO DETERMINE,UNABLE TO DETERMINE,7439,S,LUELLA AVE,4,NO INDICATION OF INJURY,0.0,0.0,0.0,0.0,0.0,1.0,0.0,22,5,8
a1d2642a254c27b672b1617c4408709d1f14a5b74d797ae864e601d3f175fb9b07c315b780acb3c06a8707b5cca3b712df107a17d4c1a8786c143994af2c434c,2019-02-21 09:28:00,35,TRAFFIC SIGNAL,FUNCTIONING PROPERLY,CLEAR,DAYLIGHT,REAR END,NOT DIVIDED,STRAIGHT AND LEVEL,DRY,NO DEFECTS,NO INJURY / DRIVE AWAY,$500 OR LESS,FOLLOWING TOO CLOSELY,DRIVING SKILLS/KNOWLEDGE/EXPERIENCE,732,S,LARAMIE AVE,2,NO INDICATION OF INJURY,0.0,0.0,0.0,0.0,0.0,3.0,0.0,9,5,2
9f3cccf4b94f169e6edbc3ca1792c63607b0ae3abad2aaabcaecc908abd343dfaf180076d0f9412d6b898396e94b202e879ae8a0361b7e2d471d188267e63013,2023-03-06 15:08:00,30,NO CONTROLS,NO CONTROLS,CLEAR,DAYLIGHT,PARKED MOTOR VEHICLE,NOT DIVIDED,STRAIGHT AND LEVEL,DRY,NO DEFECTS,NO INJURY / DRIVE AWAY,"OVER $1,500",UNABLE TO DETERMINE,NOT APPLICABLE,1800,S,WOOD ST,2,NO INDICATION OF INJURY,0.0,0.0,0.0,0.0,0.0,2.0,0.0,15,2,3
c6832ea72b9a1922a9fdeb09212612b885be463247462347e8a7279c9d9d6ab315d81f91572d1e46333d221bc48c761afbc4c255798c9ddf195e1f2ee8b35755,2019-11-30 20:30:00,30,TRAFFIC SIGNAL,FUNCTIONING PROPERLY,RAIN,"DARKNESS, LIGHTED ROAD",SIDESWIPE SAME DIRECTION,ONE-WAY,STRAIGHT AND LEVEL,WET,NO DEFECTS,NO INJURY / DRIVE AWAY,"OVER $1,500",IMPROPER LANE USAGE,NOT APPLICABLE,455,N,ORLEANS ST,2,NO INDICATION OF INJURY,0.0,0.0,0.0,0.0,0.0,2.0,0.0,20,7,11
c1e84b19d9505320083af15bbc1f4e1e51ff0ca55258e9d677d1cc55c43536a96f6fde9b0ec6a4c454dd2493a21658b69d6a4aa0ce2e30a1e1ab2bdfc51edcf0,2020-11-12 13:03:00,30,NO CONTROLS,NO CONTROLS,CLEAR,DAYLIGHT,TURNING,ONE-WAY,STRAIGHT AND LEVEL,DRY,NO DEFECTS,INJURY AND / OR TOW DUE TO CRASH,"OVER $1,500",IMPROPER TURNING/NO SIGNAL,UNABLE TO DETERMINE,5800,S,INDIANA AVE,2,"REPORTED, NOT EVIDENT",4.0,0.0,0.0,0.0,4.0,0.0,0.0,13,5,11
6fe284e6fab08639db8dadd716cf0689fddd006b4984e5161b50eeb7921922137216b730115ed7694b25db47d56af8ab8d42d1dee4b53a4143e1f4b7655a2297,2019-04-15 06:20:00,40,NO CONTROLS,NO CONTROLS,CLEAR,DAYLIGHT,REAR END,DIVIDED - W/MEDIAN BARRIER,STRAIGHT AND LEVEL,DRY,UNKNOWN,NO INJURY / DRIVE AWAY,"OVER $1,500",NOT APPLICABLE,NOT APPLICABLE,5700,S,LAKE SHORE DR,2,NO INDICATION OF INJURY,0.0,0.0,0.0,0.0,0.0,2.0,0.0,6,2,4
3ea4fb23843b142c03036842ae5d6ac89608c5c15c876bba8199b322625189d87e5c4258b49eafe66c9f0ca2959537626be68588922ab7b2586232b4ef7c09fe,2016-03-06 14:45:00,30,TRAFFIC SIGNAL,FUNCTIONING PROPERLY,CLEAR,DAYLIGHT,TURNING,NOT DIVIDED,STRAIGHT AND LEVEL,DRY,NO DEFECTS,NO INJURY / DRIVE AWAY,"$501 - $1,500",IMPROPER LANE USAGE,FAILING TO YIELD RIGHT-OF-WAY,4459,S,PULASKI RD,2,NO INDICATION OF INJURY,0.0,0.0,0.0,0.0,0.0,3.0,0.0,14,1,3
d47bc3a2036a7c81ccae0e422459d5aa94c4f99428f4f92f06ef6deec8fd0e526d31951391e363037dc1663ad208a0ab9717e29e9891671c61c373e62962ab4c,2021-08-10 18:38:00,30,NO CONTROLS,NO CONTROLS,CLEAR,DAYLIGHT,TURNING,ONE-WAY,STRAIGHT AND LEVEL,DRY,NO DEFECTS,NO INJURY / DRIVE AWAY,"OVER $1,500",FAILING TO YIELD RIGHT-OF-WAY,NOT APPLICABLE,24,E,KINZIE ST,2,NO INDICATION OF INJURY,0.0,0.0,0.0,0.0,0.0,2.0,0.0,18,3,8
945e8615750e1b6cf580974239ef2bf5f78933635ec2f458a19c4d097f29b65a07f3697e05fc2ca45159f193028c9de7a511f998c68cd8cdc61a0202d17ca44f,2019-01-09 12:00:00,30,NO CONTROLS,NO CONTROLS,CLEAR,DAYLIGHT,PARKED MOTOR VEHICLE,ONE-WAY,STRAIGHT AND LEVEL,DRY,NO DEFECTS,NO INJURY / DRIVE AWAY,"OVER $1,500",UNABLE TO DETERMINE,UNABLE TO DETERMINE,8459,S,HONORE ST,2,NO INDICATION OF INJURY,0.0,0.0,0.0,0.0,0.0,1.0,0.0,12,4,1
d8c72d3778a7140b94db490f0d3e2a69471f40e671567617818ca0edcda8cb4ca6d1973264808d6499a7cf417a77e203f888bff64ca4f637d52d741f4d381a9e,2024-03-03 16:00:00,30,NO CONTROLS,NO CONTROLS,CLEAR,DAYLIGHT,PARKED MOTOR VEHICLE,DIVIDED - W/MEDIAN (NOT RAISED),STRAIGHT AND LEVEL,DRY,NO DEFECTS,NO INJURY / DRIVE AWAY,"$501 - $1,500",UNABLE TO DETERMINE,NOT APPLICABLE,5569,N,CALIFORNIA AVE,2,NO INDICATION OF INJURY,0.0,0.0,0.0,0.0,0.0,1.0,0.0,16,1,3
27da5ec783ff9531a19eba39c6f87b5fb66e43510c7798cfd3da4a4743784e31d33b33696461f8a79b6c5da05dbec4ffe8db23e53a8aedfb80d8b71c7deedf95,2021-01-01 17:00:00,30,NO CONTROLS,NO CONTROLS,CLEAR,"DARKNESS, LIGHTED ROAD",PARKED MOTOR VEHICLE,NOT DIVIDED,STRAIGHT AND LEVEL,ICE,NO DEFECTS,INJURY AND / OR TOW DUE TO CRASH,"OVER $1,500",WEATHER,UNABLE TO DETERMINE,4249,W,JACKSON BLVD,2,NO INDICATION OF INJURY,0.0,0.0,0.0,0.0,0.0,1.0,0.0,17,6,1
b111f94f71fb69fcb67cc4e8fb6d978d11714023281aa87c0afa1b15e24de0ad2dd051917597b82828de8d866e0a4a01e4b8811bd3029b74e6e8acf5c264065b,2015-10-28 12:30:00,0,NO CONTROLS,NO CONTROLS,UNKNOWN,UNKNOWN,FIXED OBJECT,PARKING LOT,STRAIGHT AND LEVEL,UNKNOWN,UNKNOWN,NO INJURY / DRIVE AWAY,"OVER $1,500",NOT APPLICABLE,NOT APPLICABLE,5211,S,CICERO AVE,1,NO INDICATION OF INJURY,0.0,0.0,0.0,0.0,0.0,2.0,0.0,12,4,10
067b070ace774ad8d613d4aa95d184aec968c9f4486fe252abdd146efc83a963f9fe7f17ac476e2640bf290825ee63b3ea33932cbe0cf50c46e3e61b3b4861f6,2019-12-28 22:00:00,30,NO CONTROLS,NO CONTROLS,RAIN,"DARKNESS, LIGHTED ROAD",SIDESWIPE SAME DIRECTION,NOT DIVIDED,STRAIGHT AND LEVEL,WET,NO DEFECTS,NO INJURY / DRIVE AWAY,"OVER $1,500",FAILING TO YIELD RIGHT-OF-WAY,IMPROPER LANE USAGE,140,W,OHIO ST,2,NO INDICATION OF INJURY,0.0,0.0,0.0,0.0,0.0,4.0,0.0,22,7,12
6d9da15a13d2942d152c3a0f3ede8c0d754dc6e1e062acab59d6ea3d351d6a577ea69422d4a794f6ea6f2aad9e3392ad10386a26e7f57aa1f1f85b7a9155a8f5,2022-06-30 23:50:00,30,TRAFFIC SIGNAL,FUNCTIONING PROPERLY,CLEAR,"DARKNESS, LIGHTED ROAD",REAR END,NOT DIVIDED,STRAIGHT AND LEVEL,UNKNOWN,UNKNOWN,NO INJURY / DRIVE AWAY,"OVER $1,500",FOLLOWING TOO CLOSELY,UNABLE TO DETERMINE,5358,W,GRAND AVE,2,NO INDICATION OF INJURY,0.0,0.0,0.0,0.0,0.0,3.0,0.0,23,5,6
747e8df681c767b14cdaff05537706199152427233a9edd2881a207a80cde4dd3174af1bce5a10e25b19359ef1292c7f4e5ac87cec5daef0672f847fa33d6eb5,2022-06-29 13:00:00,30,NO CONTROLS,NO CONTROLS,CLEAR,DAYLIGHT,PARKED MOTOR VEHICLE,PARKING LOT,STRAIGHT AND LEVEL,DRY,NO DEFECTS,NO INJURY / DRIVE AWAY,"OVER $1,500",UNABLE TO DETERMINE,UNABLE TO DETERMINE,7101,S,STONY ISLAND AVE,2,NO INDICATION OF INJURY,0.0,0.0,0.0,0.0,0.0,1.0,0.0,13,4,6
f41e5801bd2cce28ced1c6211686d7dc5705184ad2e30d86cf07be65238b24e6cab5098db7b140e92372291f8badab24fb9e5268f41bab254effd9aa22a44a09,2018-06-20 15:00:00,30,TRAFFIC SIGNAL,FUNCTIONING PROPERLY,CLEAR,DAYLIGHT,TURNING,NOT DIVIDED,STRAIGHT AND LEVEL,DRY,NO DEFECTS,NO INJURY / DRIVE AWAY,"$501 - $1,500",UNABLE TO DETERMINE,UNABLE TO DETERMINE,300,N,LOWER COLUMBUS DR,2,NO INDICATION OF INJURY,0.0,0.0,0.0,0.0,0.0,2.0,0.0,15,4,6
6cede8e57f3d70dfc55ab8b9965054aa65c9682c621c0b1aaf84221628140f76a63fd332350f5f4ca7a31d0938de3646f8e54b705e3b2f47b2972223b4ab2177,2018-07-26 17:20:00,55,NO CONTROLS,NO CONTROLS,CLEAR,DAYLIGHT,REAR END,OTHER,STRAIGHT AND LEVEL,DRY,NO DEFECTS,NO INJURY / DRIVE AWAY,"OVER $1,500",UNABLE TO DETERMINE,UNABLE TO DETERMINE,8600,S,JEFFERY BLVD,2,NO INDICATION OF INJURY,0.0,0.0,0.0,0.0,0.0,3.0,0.0,17,5,7
089ed4accc95efe7887774da50c1128aaef9c7d6a9dc2e45fac3ff777271eb7dd3c6e5fc2ecb38a07015ae33a3e700e7e97970a958c261f47176d0af4185a8ab,2021-07-13 16:13:00,30,STOP SIGN/FLASHER,UNKNOWN,CLEAR,DAYLIGHT,ANGLE,FOUR WAY,STRAIGHT AND LEVEL,UNKNOWN,UNKNOWN,INJURY AND / OR TOW DUE TO CRASH,"OVER $1,500",FAILING TO YIELD RIGHT-OF-WAY,NOT APPLICABLE,1929,W,72ND ST,2,INCAPACITATING INJURY,3.0,0.0,1.0,0.0,2.0,0.0,0.0,16,3,7
749f6cc6a277b76942b91deb6877561667889ecf3fc400f9fc65211f6b1053e09d536ca71c6e7b3e5b4aa7edf118fb9fdab7759c22a6c781a739b6cc95a7bff4,2022-10-18 19:20:00,30,STOP SIGN/FLASHER,FUNCTIONING PROPERLY,CLEAR,"DARKNESS, LIGHTED ROAD",REAR END,NOT DIVIDED,STRAIGHT AND LEVEL,DRY,NO DEFECTS,NO INJURY / DRIVE AWAY,"OVER $1,500",NOT APPLICABLE,NOT APPLICABLE,1401,W,82ND ST,2,NO INDICATION OF INJURY,0.0,0.0,0.0,0.0,0.0,2.0,0.0,19,3,10
098484adf454fbc59da7e47c4ab0cf98ebc56a59d0aa0e59a05b3b61ba093ab91db9b5b308a28d7bbb591c35082049fa0b8eba7b17c652a8c17168089f113e27,2019-10-31 09:45:00,30,TRAFFIC SIGNAL,FUNCTIONING PROPERLY,SNOW,DAYLIGHT,SIDESWIPE SAME DIRECTION,OTHER,STRAIGHT AND LEVEL,SNOW OR SLUSH,NO DEFECTS,NO INJURY / DRIVE AWAY,"$501 - $1,500",DRIVING SKILLS/KNOWLEDGE/EXPERIENCE,UNABLE TO DETERMINE,2405,W,CONGRESS PKWY,2,NO INDICATION OF INJURY,0.0,0.0,0.0,0.0,0.0,2.0,0.0,9,5,10
4ea7b6cee589da239b5779256bd6aead36c238a805188fefba7618a04a6df5a121fc134570bf582ee8638817e026d4e819de2922ae03b825e3b87c6cf301ff1e,2018-11-28 17:20:00,35,TRAFFIC SIGNAL,FUNCTIONING PROPERLY,CLEAR,"DARKNESS, LIGHTED ROAD",TURNING,DIVIDED - W/MEDIAN (NOT RAISED),STRAIGHT AND LEVEL,DRY,NO DEFECTS,INJURY AND / OR TOW DUE TO CRASH,"OVER $1,500",FAILING TO YIELD RIGHT-OF-WAY,UNABLE TO DETERMINE,2421,E,130TH ST,2,"REPORTED, NOT EVIDENT",1.0,0.0,0.0,0.0,1.0,1.0,0.0,17,4,11
8262da2c8ebc08dd13fb23f3ccbf45e8db8f293f6ff566bf5f687b1bef1b8dca746b1884c76cccacbafddb5e450dc43eda35669ea869aa8eec359f443412ff3e,2023-08-10 10:30:00,30,NO CONTROLS,NO CONTROLS,CLEAR,DAYLIGHT,PARKED MOTOR VEHICLE,NOT DIVIDED,STRAIGHT AND LEVEL,DRY,NO DEFECTS,NO INJURY / DRIVE AWAY,"OVER $1,500",UNABLE TO DETERMINE,UNABLE TO DETERMINE,1715,N,WINNEBAGO AVE,2,NO INDICATION OF INJURY,0.0,0.0,0.0,0.0,0.0,1.0,0.0,10,5,8
f5ecd1f5a3ce5fc348a1dc9bbee505fcb79e4e34a057bee50422cc454665ef2c2a78fae4c9592498fd228c3fbc3d0e0154f891897993b237340311f72eb4245a,2023-03-31 22:50:00,30,TRAFFIC SIGNAL,FUNCTIONING PROPERLY,CLEAR,"DARKNESS, LIGHTED ROAD",PEDESTRIAN,FOUR WAY,STRAIGHT AND LEVEL,WET,NO DEFECTS,INJURY AND / OR TOW DUE TO CRASH,$500 OR LESS,UNABLE TO DETERMINE,DISREGARDING TRAFFIC SIGNALS,3158,N,PULASKI RD,2,NONINCAPACITATING INJURY,1.0,0.0,0.0,1.0,0.0,1.0,0.0,22,6,3
7ee43cd5740eaec412a260959fe82c14ba176c548612ac3d4352f3707a6a251c5d32f047cc80db2eed310216e5cc104a0a73c5a441b00d37f9d39bc77e9fa25e,2020-01-14 14:00:00,30,TRAFFIC SIGNAL,FUNCTIONING PROPERLY,CLEAR,DUSK,SIDESWIPE SAME DIRECTION,ONE-WAY,STRAIGHT AND LEVEL,DRY,NO DEFECTS,NO INJURY / DRIVE AWAY,"OVER $1,500",UNABLE TO DETERMINE,UNABLE TO DETERMINE,200,N,CLARK ST,2,NO INDICATION OF INJURY,0.0,0.0,0.0,0.0,0.0,2.0,0.0,14,3,1
b6d26a142a4eec120838a5d984448ee92bc8491734c6e3dbe5652b8abc401538bd419e2223b62c955732732eb4fde105bd411fdf5f44ad407cfdcd41919d837e,2019-11-15 09:35:00,30,TRAFFIC SIGNAL,FUNCTIONING PROPERLY,CLEAR,DAYLIGHT,ANGLE,FOUR WAY,STRAIGHT AND LEVEL,DRY,NO DEFECTS,INJURY AND / OR TOW DUE TO CRASH,"OVER $1,500",DISREGARDING TRAFFIC SIGNALS,UNABLE TO DETERMINE,4700,S,STATE ST,2,NONINCAPACITATING INJURY,1.0,0.0,0.0,1.0,0.0,3.0,0.0,9,6,11
f76208194d719e10656d80186950986ac5d7fd7ee32e136406cb55baeb9bf4b5c0abea7da840429405db64b2a7b9ffb026abc843997b519dc1f601d2e33fd387,2024-01-30 08:51:00,30,NO CONTROLS,NO CONTROLS,CLEAR,DAYLIGHT,FIXED OBJECT,OTHER,STRAIGHT AND LEVEL,WET,NO DEFECTS,NO INJURY / DRIVE AWAY,"OVER $1,500",UNABLE TO DETERMINE,NOT APPLICABLE,300,N,LA SALLE DR,1,NO INDICATION OF INJURY,0.0,0.0,0.0,0.0,0.0,1.0,0.0,8,3,1
c81d45f85fdf651212d880c8d2f1687304d980f79e02c72c60359784fb95bc482d3fdef1304484ca951e68138f2bc16927531b897ad1013b636e74e1d8d4e183,2016-11-04 15:34:00,30,NO CONTROLS,NO CONTROLS,CLEAR,DAYLIGHT,REAR END,NOT DIVIDED,STRAIGHT AND LEVEL,DRY,NO DEFECTS,NO INJURY / DRIVE AWAY,"OVER $1,500",FOLLOWING TOO CLOSELY,UNABLE TO DETERMINE,2400,W,TAYLOR ST,2,NO INDICATION OF INJURY,0.0,0.0,0.0,0.0,0.0,3.0,0.0,15,6,11
742cb524ba793dfed7e3162191eb17c340324335c8d4ea5f1cebc6c39a21a20689afee0f43ba293c58d0cb3938fa7341ed42a324144f266400f8408de311e2ce,2019-11-20 21:49:00,30,TRAFFIC SIGNAL,FUNCTIONING PROPERLY,CLEAR,"DARKNESS, LIGHTED ROAD",REAR END,ONE-WAY,STRAIGHT AND LEVEL,DRY,NO DEFECTS,NO INJURY / DRIVE AWAY,"OVER $1,500",IMPROPER BACKING,UNABLE TO DETERMINE,100,W,GRAND AVE,2,NO INDICATION OF INJURY,0.0,0.0,0.0,0.0,0.0,2.0,0.0,21,4,11
9e5fff89c4ddd0d6c7fae5bd2a72df3c77de7aed1281695282e342158db1b52a36380a69a483e9ebf9b5a1980b41f17f436669a0b7490d3662d5f77e1c25cf31,2023-07-01 23:00:00,30,NO CONTROLS,NO CONTROLS,CLEAR,DARKNESS,SIDESWIPE SAME DIRECTION,NOT DIVIDED,STRAIGHT AND LEVEL,DRY,NO DEFECTS,INJURY AND / OR TOW DUE TO CRASH,"OVER $1,500",FOLLOWING TOO CLOSELY,FOLLOWING TOO CLOSELY,3498,W,26TH ST,2,NONINCAPACITATING INJURY,1.0,0.0,0.0,1.0,0.0,2.0,0.0,23,7,7
f9e8e81ec79758e7668519230a85f4befb434da55627b74d0dd7e25874cfe09f22204f871b5e37595d2dd60a82a52b288648acc9106d47a39eadde1db3ad8d25,2019-01-29 14:28:00,30,NO CONTROLS,NO CONTROLS,CLEAR,DAYLIGHT,TURNING,DIVIDED - W/MEDIAN (NOT RAISED),STRAIGHT AND LEVEL,SNOW OR SLUSH,NO DEFECTS,NO INJURY / DRIVE AWAY,$500 OR LESS,UNABLE TO DETERMINE,NOT APPLICABLE,2100,W,59TH ST,2,NO INDICATION OF INJURY,0.0,0.0,0.0,0.0,0.0,2.0,0.0,14,3,1
f9e570e1ed9aae1bd598fab06932ae8a3e0981f2d7e3095fcefe17aa9f3bcc093a0a5b1980b1e2283336c52c13c8ba00e65d5afe21cc9a94bd0934747dd6db5d,2020-08-26 14:10:00,30,NO CONTROLS,NO CONTROLS,CLEAR,DAYLIGHT,SIDESWIPE SAME DIRECTION,NOT DIVIDED,STRAIGHT AND LEVEL,DRY,NO DEFECTS,NO INJURY / DRIVE AWAY,"OVER $1,500",IMPROPER LANE USAGE,IMPROPER TURNING/NO SIGNAL,3811,W,WASHINGTON BLVD,2,NO INDICATION OF INJURY,0.0,0.0,0.0,0.0,0.0,3.0,0.0,14,4,8
6755fbbf32efa18822a1365c25b68a1a626b4e4d81b06a99882ea1cafe4f03bafdae102fbd7c4a7250d4599900b9c4a6074e5883075e1334f15457c0210fa028,2022-10-18 23:33:00,30,NO CONTROLS,NO CONTROLS,CLEAR,"DARKNESS, LIGHTED ROAD",OTHER NONCOLLISION,NOT DIVIDED,"CURVE, LEVEL",DRY,NO DEFECTS,INJURY AND / OR TOW DUE TO CRASH,"OVER $1,500",UNABLE TO DETERMINE,UNABLE TO DETERMINE,8399,S,BIRKHOFF AVE,1,NO INDICATION OF INJURY,0.0,0.0,0.0,0.0,0.0,1.0,0.0,23,3,10
85e071385027b257b144d4c6874c4b483170b3edbb1a4ff655cc18614ed05bb22311e8f2e1d886c5b0f78b385d76c989341409858026bca3ff1a15a94014bb3d,2018-12-11 16:30:00,30,NO CONTROLS,NO CONTROLS,CLEAR,DAYLIGHT,TURNING,NOT DIVIDED,STRAIGHT AND LEVEL,DRY,NO DEFECTS,NO INJURY / DRIVE AWAY,"$501 - $1,500",IMPROPER LANE USAGE,DRIVING SKILLS/KNOWLEDGE/EXPERIENCE,6401,N,HARLEM AVE,2,NO INDICATION OF INJURY,0.0,0.0,0.0,0.0,0.0,2.0,0.0,16,3,12
65ea63b45d53c35b32e84c91523906cd168cca44a1d56f9c6c36037ba3c9da6cd65a94df73fddb86fab5035d96c6b1f46b3f261531e8e3ee069e5ca287a6ba02,2021-03-29 17:00:00,30,NO CONTROLS,NO CONTROLS,CLEAR,DAYLIGHT,SIDESWIPE SAME DIRECTION,DIVIDED - W/MEDIAN (NOT RAISED),STRAIGHT AND LEVEL,DRY,NO DEFECTS,NO INJURY / DRIVE AWAY,"$501 - $1,500",FOLLOWING TOO CLOSELY,FAILING TO YIELD RIGHT-OF-WAY,7100,W,DEVON AVE,2,NO INDICATION OF INJURY,0.0,0.0,0.0,0.0,0.0,2.0,0.0,17,2,3
1d138357aebdd82ff4c9444fbd01d4c9b1edd80f8a603266af7d1a272d35e5baa45de8041573683ad52aaf26127c827064d670bc3a02808b030323b8005b92ab,2021-03-21 15:15:00,30,NO CONTROLS,NO CONTROLS,CLEAR,DAYLIGHT,REAR END,DIVIDED - W/MEDIAN BARRIER,STRAIGHT AND LEVEL,DRY,UNKNOWN,INJURY AND / OR TOW DUE TO CRASH,"OVER $1,500",FOLLOWING TOO CLOSELY,NOT APPLICABLE,5401,S,LAKE PARK AVE,2,NO INDICATION OF INJURY,0.0,0.0,0.0,0.0,0.0,3.0,0.0,15,1,3
bac3145ad92e9a648c54721ed6f3d4e4f503871db934d4e819da590dd6dd4c74bf4f89a89da750580c4637aed868939bb604023b73029fecb93166f644730fc4,2023-07-11 10:43:00,30,TRAFFIC SIGNAL,UNKNOWN,CLEAR,DAYLIGHT,REAR END,NOT DIVIDED,STRAIGHT AND LEVEL,DRY,NO DEFECTS,NO INJURY / DRIVE AWAY,"OVER $1,500",UNABLE TO DETERMINE,UNABLE TO DETERMINE,5500,S,NARRAGANSETT AVE,3,NO INDICATION OF INJURY,0.0,0.0,0.0,0.0,0.0,3.0,0.0,10,3,7
a8166137858fc7d222ce4269d5d1f59313df5668c1781aec79e5d6dd5998ca55485f4de46f6ca202fecc5edb7dfcf50cd336754240b977bcd543eadf9e85f75e,2023-11-22 20:35:00,30,NO CONTROLS,NO CONTROLS,CLEAR,"DARKNESS, LIGHTED ROAD",PEDESTRIAN,ONE-WAY,STRAIGHT AND LEVEL,DRY,NO DEFECTS,INJURY AND / OR TOW DUE TO CRASH,$500 OR LESS,DRIVING ON WRONG SIDE/WRONG WAY,IMPROPER BACKING,4230,W,CRYSTAL ST,2,"REPORTED, NOT EVIDENT",1.0,0.0,0.0,0.0,1.0,1.0,0.0,20,4,11
631a87fe6ec13168425780b9f0f575cca1e861a63cf790c96b67b857aabb6e841c91d7036f67542d5269acfd94af77fef02bf1c04f7b77864c4e08b142337b89,2020-03-05 15:10:00,15,NO CONTROLS,NO CONTROLS,CLEAR,DAYLIGHT,REAR TO FRONT,ONE-WAY,STRAIGHT AND LEVEL,DRY,NO DEFECTS,INJURY AND / OR TOW DUE TO CRASH,"OVER $1,500",IMPROPER BACKING,UNABLE TO DETERMINE,5481,S,RIDGEWOOD CT,2,NO INDICATION OF INJURY,0.0,0.0,0.0,0.0,0.0,2.0,0.0,15,5,3
ea61693983e6ec5c9e51f31f13d3ab17fd8df44c81051926bbe16a59f89a422cc25d3640e8c6dda9a9c1c8fb669ae3f89b4a01b13c6572f0343ee99d4bafc404,2019-02-20 18:10:00,30,NO CONTROLS,NO CONTROLS,CLEAR,DAYLIGHT,REAR END,NOT DIVIDED,STRAIGHT AND LEVEL,WET,NO DEFECTS,NO INJURY / DRIVE AWAY,"OVER $1,500",UNABLE TO DETERMINE,UNABLE TO DETERMINE,6029,N,LINCOLN AVE,2,NO INDICATION OF INJURY,0.0,0.0,0.0,0.0,0.0,2.0,0.0,18,4,2
3c388201fa562f66e5c822cb93423d142173006c5c306600c15585b684e608452c1f615411db8f4a3c1ee8d2f9c52e3b1fa6962e3b566eef37c880a8381accec,2022-09-24 12:30:00,30,NO CONTROLS,NO CONTROLS,CLEAR,DAYLIGHT,ANGLE,NOT DIVIDED,STRAIGHT AND LEVEL,DRY,NO DEFECTS,NO INJURY / DRIVE AWAY,"OVER $1,500",FAILING TO YIELD RIGHT-OF-WAY,UNABLE TO DETERMINE,4234,N,KEDZIE AVE,2,NO INDICATION OF INJURY,0.0,0.0,0.0,0.0,0.0,4.0,0.0,12,7,9
2d54a04df4d9f83d4660dc7535b2b7df2b2f9a19a9169159a168ab405e0e16e180df8fc7376eacb26ca0879a054ab824b4b3158644b3aabd7a5c80dbf32f3865,2017-11-10 09:55:00,30,TRAFFIC SIGNAL,FUNCTIONING PROPERLY,SNOW,DAYLIGHT,TURNING,NOT DIVIDED,STRAIGHT AND LEVEL,WET,NO DEFECTS,NO INJURY / DRIVE AWAY,"OVER $1,500",FAILING TO YIELD RIGHT-OF-WAY,UNABLE TO DETERMINE,5538,W,FOSTER AVE,2,NO INDICATION OF INJURY,0.0,0.0,0.0,0.0,0.0,2.0,0.0,9,6,11
17434e7d84c0c3b1b1ac9eba8cfbdf65e73a58edb3397017079a6cc57809cb45491d6a483319c3e225255a027a15e18b6ed45121ffb3397d12e7c70c62626298,2023-12-17 15:00:00,30,STOP SIGN/FLASHER,UNKNOWN,CLOUDY/OVERCAST,DAYLIGHT,ANGLE,NOT DIVIDED,STRAIGHT AND LEVEL,UNKNOWN,UNKNOWN,INJURY AND / OR TOW DUE TO CRASH,"OVER $1,500",UNABLE TO DETERMINE,NOT APPLICABLE,5500,W,BELMONT AVE,2,INCAPACITATING INJURY,2.0,0.0,2.0,0.0,0.0,0.0,0.0,15,1,12