CRASH_RECORD_ID,CRASH_DATE,POSTED_SPEED_LIMIT,TRAFFIC_CONTROL_DEVICE,DEVICE_CONDITION,WEATHER_CONDITION,LIGHTING_CONDITION,FIRST_CRASH_TYPE,TRAFFICWAY_TYPE,ALIGNMENT,ROADWAY_SURFACE_COND,ROAD_DEFECT,CRASH_TYPE,DAMAGE,PRIM_CONTRIBUTORY_CAUSE,SEC_CONTRIBUTORY_CAUSE,STREET_NO,STREET_DIRECTION,STREET_NAME,NUM_UNITS,MOST_SEVERE_INJURY,INJURIES_TOTAL,INJURIES_FATAL,INJURIES_INCAPACITATING,INJURIES_NON_INCAPACITATING,INJURIES_REPORTED_NOT_EVIDENT,INJURIES_NO_INDICATION,INJURIES_UNKNOWN,CRASH_HOUR,CRASH_DAY_OF_WEEK,CRASH_MONTH
f17753d606b099e9e052054dbe4f1756fff19673d01a2264fb444484e257e0a286e2c93a0a508558d156b02b5cec2a0e38de9b3bfbab9486e22db431a63d8894,2017-02-09 18:20:00,30,NO CONTROLS,NO CONTROLS,CLEAR,"DARKNESS, LIGHTED ROAD",PARKED MOTOR VEHICLE,NOT DIVIDED,STRAIGHT AND LEVEL,DRY,NO DEFECTS,NO INJURY / DRIVE AWAY,"$501 - $1,500",FOLLOWING TOO CLOSELY,NOT APPLICABLE,2732,N,HAMPDEN CT,2,NO INDICATION OF INJURY,0.0,0.0,0.0,0.0,0.0,2.0,0.0,18,5,2
7bc914aaff504af14b9d83dea9f69ff76998ef257ae73c30fa686335f8caf120b0f5501000f4210af44c322c0b16d25b364db71ec7fe3ed89f8553b13af2bcb0,2018-07-31 09:17:00,30,NO CONTROLS,NO CONTROLS,CLEAR,DAYLIGHT,PARKED MOTOR VEHICLE,NOT DIVIDED,STRAIGHT AND LEVEL,DRY,NO DEFECTS,INJURY AND / OR TOW DUE TO CRASH,"OVER $1,500",FAILING TO REDUCE SPEED TO AVOID CRASH,NOT APPLICABLE,7536,S,ASHLAND AVE,2,"REPORTED, NOT EVIDENT",3.0,0.0,0.0,0.0,3.0,4.0,0.0,9,3,7
5af7f52f49494a68c95629f1b91da101b9673838328d87b59004bb5bb101359da03dc86b93b15b9196cff622e12946d37c5dcf6ae22b8f656a92ac7ad7abd523,2024-02-06 15:35:00,30,STOP SIGN/FLASHER,FUNCTIONING PROPERLY,CLEAR,DAYLIGHT,ANGLE,DIVIDED - W/MEDIAN (NOT RAISED),STRAIGHT AND LEVEL,DRY,NO DEFECTS,INJURY AND / OR TOW DUE TO CRASH,"OVER $1,500",UNABLE TO DETERMINE,NOT APPLICABLE,4100,W,ARMITAGE AVE,2,NO INDICATION OF INJURY,0.0,0.0,0.0,0.0,0.0,2.0,0.0,15,3,2
647fe59911af062586975381ec8382b3a7f174ba2cea021bf651dca5cab700b293d5cb7518c7f52ca1f4db407a9b65e5306a81d0d704ae31ec27e85cbd5b341b,2023-10-26 16:52:00,25,TRAFFIC SIGNAL,FUNCTIONING PROPERLY,RAIN,DAYLIGHT,REAR END,NOT DIVIDED,STRAIGHT AND LEVEL,WET,NO DEFECTS,INJURY AND / OR TOW DUE TO CRASH,"OVER $1,500",FAILING TO REDUCE SPEED TO AVOID CRASH,WEATHER,5551,W,DEVON AVE,3,NONINCAPACITATING INJURY,3.0,0.0,0.0,1.0,2.0,1.0,0.0,16,5,10
329eb83e7887b337d7907dec18fa948ea7b090adf6929401dc97d3ea74664990393b21b376246458e373b696bc33cfac78c76400536b9657caca7af3887586e5,2018-05-06 13:20:00,30,NO CONTROLS,NO CONTROLS,CLEAR,DAYLIGHT,REAR END,DIVIDED - W/MEDIAN BARRIER,STRAIGHT AND LEVEL,DRY,NO DEFECTS,NO INJURY / DRIVE AWAY,$500 OR LESS,IMPROPER OVERTAKING/PASSING,FAILING TO YIELD RIGHT-OF-WAY,4939,S,ASHLAND AVE,3,NO INDICATION OF INJURY,0.0,0.0,0.0,0.0,0.0,7.0,0.0,13,1,5
01e305405ecd4367ab77378ff1cf7b56f727f681cbbd335e94f0e01b5c6c54c21bd7ff7633195670ad6ffae3c573359f856012ac2b5be46b71873eb6e5a55a65,2019-10-02 15:20:00,30,OTHER,FUNCTIONING PROPERLY,CLEAR,DAYLIGHT,TURNING,FOUR WAY,STRAIGHT AND LEVEL,DRY,NO DEFECTS,NO INJURY / DRIVE AWAY,$500 OR LESS,UNABLE TO DETERMINE,NOT APPLICABLE,1601,E,75TH ST,2,NO INDICATION OF INJURY,0.0,0.0,0.0,0.0,0.0,3.0,0.0,15,4,10
9a60bab6466ce799556e01500b7967400e8bb1c05648d0cca642c06b73786ab9886bd365f32c191f12dd91ca4f08668c732f93fc3639018ce8470a4c6fe9e7c5,2020-10-19 20:47:00,30,TRAFFIC SIGNAL,UNKNOWN,RAIN,"DARKNESS, LIGHTED ROAD",REAR END,NOT DIVIDED,STRAIGHT AND LEVEL,WET,UNKNOWN,NO INJURY / DRIVE AWAY,"OVER $1,500",UNABLE TO DETERMINE,NOT APPLICABLE,1809,W,LAWRENCE AVE,2,NO INDICATION OF INJURY,0.0,0.0,0.0,0.0,0.0,3.0,0.0,20,2,10
150221ee090d25725ca3c1a0f3fdd1172281969f3da10abf376a847914a75a36f1fe8922abad93b84b3a696b5b33db164c0f685273edbf0a06c91be8e2390060,2023-06-01 15:04:00,30,NO CONTROLS,NO CONTROLS,CLEAR,DAYLIGHT,PEDESTRIAN,DIVIDED - W/MEDIAN BARRIER,STRAIGHT AND LEVEL,DRY,NO DEFECTS,INJURY AND / OR TOW DUE TO CRASH,$500 OR LESS,FAILING TO YIELD RIGHT-OF-WAY,FAILING TO REDUCE SPEED TO AVOID CRASH,5100,S,CICERO AVE,2,NONINCAPACITATING INJURY,1.0,0.0,0.0,1.0,0.0,1.0,0.0,15,5,6
9c816720de90f71f328281c580f5cec2e1f4f925c6247d4474db33b0dbf35020170b0a800cd5f47473feada00c3cfdcb097a010ff7270a00c247095029ddda44,2018-06-11 19:30:00,35,NO CONTROLS,NO CONTROLS,CLEAR,DAYLIGHT,PARKED MOTOR VEHICLE,NOT DIVIDED,STRAIGHT AND LEVEL,DRY,NO DEFECTS,NO INJURY / DRIVE AWAY,"$501 - $1,500",UNABLE TO DETERMINE,UNABLE TO DETERMINE,4447,N,SPRINGFIELD AVE,2,NO INDICATION OF INJURY,0.0,0.0,0.0,0.0,0.0,1.0,0.0,19,2,6
df51cc1d5cbfe2a7fc13c8835f2cbaf40d1bf430b1532fba8d9351153c41829f75e7efa7a385ac171b4a6c12d0fb843789a2841798ea9a5174160e8fd99451d1,2019-04-07 19:35:00,30,STOP SIGN/FLASHER,FUNCTIONING PROPERLY,RAIN,DARKNESS,REAR END,NOT DIVIDED,STRAIGHT AND LEVEL,WET,NO DEFECTS,NO INJURY / DRIVE AWAY,"$501 - $1,500",FAILING TO REDUCE SPEED TO AVOID CRASH,UNABLE TO DETERMINE,6694,S,RHODES AVE,2,NO INDICATION OF INJURY,0.0,0.0,0.0,0.0,0.0,2.0,0.0,19,1,4
6599345a42745dfd9f2d5027dea792999702eb4a4a3917a00da67e29ab442788213bfa4f37966ff9fe6322553a2584683324f5a1ed53916cf1423dec499832ed,2022-10-16 22:35:00,20,NO CONTROLS,NO CONTROLS,CLEAR,DARKNESS,PARKED MOTOR VEHICLE,ONE-WAY,STRAIGHT AND LEVEL,DRY,NO DEFECTS,NO INJURY / DRIVE AWAY,"OVER $1,500",UNABLE TO DETERMINE,NOT APPLICABLE,5053,W,ADAMS ST,2,NO INDICATION OF INJURY,0.0,0.0,0.0,0.0,0.0,1.0,0.0,22,1,10
edfe024ce0648c64a6db97e3bc6511aa4eed1dcfeaaa2c764588add16876ca3ad114288e7c79274731ff996b8603d3a8ca38edd6eabeea18ecac802d799c3c04,2021-05-31 02:00:00,30,NO CONTROLS,NO CONTROLS,CLEAR,"DARKNESS, LIGHTED ROAD",PEDESTRIAN,NOT DIVIDED,STRAIGHT AND LEVEL,DRY,NO DEFECTS,INJURY AND / OR TOW DUE TO CRASH,$500 OR LESS,UNABLE TO DETERMINE,NOT APPLICABLE,2201,S,WENTWORTH AVE,2,NONINCAPACITATING INJURY,1.0,0.0,0.0,1.0,0.0,1.0,0.0,2,2,5
31e8cf67d099a901379ce11609f841223358c5b7f9fbac7c6c2f9019fd571e5788938a4c40f0062eb15834fe1ed915bbea2db254763b85313f11f1b7e78b94ac,2017-07-19 16:41:00,30,NO CONTROLS,NO CONTROLS,CLEAR,DAYLIGHT,REAR END,NOT DIVIDED,STRAIGHT AND LEVEL,DRY,NO DEFECTS,INJURY AND / OR TOW DUE TO CRASH,"OVER $1,500",FAILING TO REDUCE SPEED TO AVOID CRASH,NOT APPLICABLE,6828,S,ASHLAND AVE,2,NO INDICATION OF INJURY,0.0,0.0,0.0,0.0,0.0,2.0,0.0,16,4,7
3989de4ccd3d26820020d810b818761464f6874631363b0ab38100c4e324ec9b3ad87f5c0e3d3896df6eda04d8366be083e6981b1ae9f7ab260dfdf4e1f8ee14,2021-05-31 15:20:00,30,TRAFFIC SIGNAL,FUNCTIONING PROPERLY,CLEAR,DAYLIGHT,REAR END,ONE-WAY,STRAIGHT AND LEVEL,DRY,NO DEFECTS,INJURY AND / OR TOW DUE TO CRASH,"$501 - $1,500",FOLLOWING TOO CLOSELY,FOLLOWING TOO CLOSELY,50,W,WASHINGTON ST,2,"REPORTED, NOT EVIDENT",1.0,0.0,0.0,0.0,1.0,3.0,0.0,15,2,5
60c75983194e75b2dbc7a8ba76b7e554535681af2eb751edfd1765ef2d6eb630f684893206d349f4010fc8da495921185ed786584b8e88d7d292015a5ea517c8,2023-11-08 17:28:00,30,NO CONTROLS,NO CONTROLS,RAIN,DUSK,ANGLE,DRIVEWAY,STRAIGHT AND LEVEL,WET,NO DEFECTS,INJURY AND / OR TOW DUE TO CRASH,"$501 - $1,500",FAILING TO YIELD RIGHT-OF-WAY,IMPROPER OVERTAKING/PASSING,823,W,MONROE ST,2,"REPORTED, NOT EVIDENT",2.0,0.0,0.0,0.0,2.0,1.0,0.0,17,4,11
e4b2a959b9962ff397e4c37beb684fc9899178ae7118148ce06d2bfb145ca670f5c7f1fb4775aea3472949dc214905b4de155a0a76c469e5109447840172f7f4,2022-09-01 10:25:00,30,OTHER,OTHER,CLEAR,DAYLIGHT,REAR END,NOT DIVIDED,STRAIGHT AND LEVEL,DRY,NO DEFECTS,NO INJURY / DRIVE AWAY,"OVER $1,500",FOLLOWING TOO CLOSELY,NOT APPLICABLE,100,W,CONGRESS PKWY,2,NO INDICATION OF INJURY,0.0,0.0,0.0,0.0,0.0,2.0,0.0,10,5,9
ad7f01c77bf9a61380c0dcfd1b0926f351c96ad311299aff94ba9746cb538aab3f922464b02f8e96feb612b6e43f345c5724fb83ba0b2b28281282f9be62e3a1,2023-07-01 18:46:00,30,NO CONTROLS,NO CONTROLS,RAIN,"DARKNESS, LIGHTED ROAD",REAR END,DIVIDED - W/MEDIAN (NOT RAISED),STRAIGHT AND LEVEL,WET,UNKNOWN,NO INJURY / DRIVE AWAY,"OVER $1,500",UNABLE TO DETERMINE,UNABLE TO DETERMINE,5258,W,NORTH AVE,2,NO INDICATION OF INJURY,0.0,0.0,0.0,0.0,0.0,2.0,0.0,18,7,7
563ac9594cf3949e00596286353073f2aafac66131d62d817efb9b326f2e68f257592da39d32a75cb4a7487ab133cac110220c5b92413280641518ec5fc144f4,2020-08-07 12:39:00,25,TRAFFIC SIGNAL,FUNCTIONING PROPERLY,CLEAR,DAYLIGHT,ANGLE,FOUR WAY,STRAIGHT AND LEVEL,DRY,NO DEFECTS,NO INJURY / DRIVE AWAY,"$501 - $1,500",DISREGARDING TRAFFIC SIGNALS,NOT APPLICABLE,3200,N,LAVERGNE AVE,2,NO INDICATION OF INJURY,0.0,0.0,0.0,0.0,0.0,2.0,0.0,12,6,8
3b9e4b56346293ffd840e9f5122db6da4c85197e469359ac2e044c2a667493c08ae2b08c8e16a71917200b3594076751650d59237d8efbfb37fbf4284dcff09e,2022-10-14 10:00:00,10,NO CONTROLS,NO CONTROLS,CLEAR,DAYLIGHT,REAR END,PARKING LOT,STRAIGHT AND LEVEL,DRY,UNKNOWN,NO INJURY / DRIVE AWAY,"$501 - $1,500",UNABLE TO DETERMINE,UNABLE TO DETERMINE,9205,S,WESTERN AVE,2,NO INDICATION OF INJURY,0.0,0.0,0.0,0.0,0.0,2.0,0.0,10,6,10
1ece66b09230cfe7e3dee011f8cc2b636a6e9ebb0bc075bd93d04eb0214564f02746681b3ada3437638a5900feb0df6ed59ded205b9df4c65ba53b3050218e58,2024-02-14 07:15:00,30,OTHER,UNKNOWN,UNKNOWN,DAWN,REAR END,NOT DIVIDED,STRAIGHT AND LEVEL,UNKNOWN,UNKNOWN,NO INJURY / DRIVE AWAY,"OVER $1,500",UNABLE TO DETERMINE,UNABLE TO DETERMINE,3000,E,106TH ST,2,NO INDICATION OF INJURY,0.0,0.0,0.0,0.0,0.0,2.0,0.0,7,4,2
18fc85a4de9b934e5be91560838e675e77d8f23d1a49be991dd276c3b13bf684eb2c373d2d62cb6530cdbfc311e6f2cd539ddd7d7f449ced859bf29e47551539,2022-12-06 16:00:00,30,STOP SIGN/FLASHER,FUNCTIONING PROPERLY,CLEAR,"DARKNESS, LIGHTED ROAD",ANGLE,FOUR WAY,STRAIGHT AND LEVEL,DRY,NO DEFECTS,NO INJURY / DRIVE AWAY,"OVER $1,500",DISREGARDING STOP SIGN,UNABLE TO DETERMINE,10500,S,DR MARTIN LUTHER KING JR DR,2,NO INDICATION OF INJURY,0.0,0.0,0.0,0.0,0.0,2.0,0.0,16,3,12
065e991553a247abc02650c4c1f00c2dd3958d116c901c35e6e524d1d636506341935dd7fd7b857da40559e28783b8932ef2db34b5de813f1ff7550d793152c4,2022-03-29 15:30:00,25,NO CONTROLS,NO CONTROLS,CLEAR,DAYLIGHT,TURNING,NOT DIVIDED,STRAIGHT AND LEVEL,DRY,NO DEFECTS,INJURY AND / OR TOW DUE TO CRASH,"$501 - $1,500",UNABLE TO DETERMINE,UNABLE TO DETERMINE,2313,W,47TH ST,2,NO INDICATION OF INJURY,0.0,0.0,0.0,0.0,0.0,2.0,0.0,15,3,3
45ee9e7735bcf9e71d02cc872cf323a816d2457e392193b91c33be437edf1cff151f3d2057b3f123f85ce26d9424a45d9ef3d00751be50e44b0f4184090aa7a0,2016-03-19 02:07:00,35,NO CONTROLS,NO CONTROLS,CLEAR,"DARKNESS, LIGHTED ROAD",PARKED MOTOR VEHICLE,DIVIDED - W/MEDIAN (NOT RAISED),STRAIGHT AND LEVEL,DRY,NO DEFECTS,NO INJURY / DRIVE AWAY,"OVER $1,500",IMPROPER BACKING,NOT APPLICABLE,69,E,43RD ST,2,NO INDICATION OF INJURY,0.0,0.0,0.0,0.0,0.0,1.0,0.0,2,7,3
baaaaeddcdc337c83f1bbeb5002182525c4aaba2e44453a07c1cf2a62306d53b867c7551c2413c345df1b487e20048ffadb78989cbe47e6de8b38f8a4834e5d8,2023-07-20 08:51:00,30,NO CONTROLS,NO CONTROLS,CLEAR,DAYLIGHT,REAR END,DIVIDED - W/MEDIAN BARRIER,STRAIGHT AND LEVEL,DRY,NO DEFECTS,NO INJURY / DRIVE AWAY,"OVER $1,500",UNABLE TO DETERMINE,UNABLE TO DETERMINE,333,S,MICHIGAN AVE,2,NO INDICATION OF INJURY,0.0,0.0,0.0,0.0,0.0,2.0,0.0,8,5,7
ffd5601f70b0e1f291de8927fe9dbfc015c8aeb91042105769e6fc35cdb5cf786dfb4859bfbd7a77761e93bb565e3cdf9ce59a1ca49c3845be3838060f0940f8,2019-07-28 13:00:00,30,NO CONTROLS,NO CONTROLS,CLEAR,DAYLIGHT,PARKED MOTOR VEHICLE,NOT DIVIDED,STRAIGHT AND LEVEL,DRY,NO DEFECTS,NO INJURY / DRIVE AWAY,"OVER $1,500",UNABLE TO DETERMINE,UNABLE TO DETERMINE,5419,N,LINCOLN AVE,2,NO INDICATION OF INJURY,0.0,0.0,0.0,0.0,0.0,1.0,0.0,13,1,7
93f39ed3606167af0921866e6d5be06bc2b4ac9b2dc61f671821573b2c6c6a7e4be17857ad1c69d4bb89ac8f6ba948e4bd462e3d227315964606b1cdac6ce6c7,2019-08-22 03:21:00,25,NO CONTROLS,NO CONTROLS,CLEAR,"DARKNESS, LIGHTED ROAD",FIXED OBJECT,NOT DIVIDED,STRAIGHT AND LEVEL,DRY,NO DEFECTS,INJURY AND / OR TOW DUE TO CRASH,"OVER $1,500",FAILING TO REDUCE SPEED TO AVOID CRASH,NOT APPLICABLE,4000,W,GLADYS AVE,1,NO INDICATION OF INJURY,0.0,0.0,0.0,0.0,0.0,2.0,0.0,3,5,8
e120a886ea26e13e46e5995b7d2435fffa3c3de87168b850bfd5f9ce4cbdc2880ecb0d1d7ce4f3945cc170b5428f099821eeaead20eccfebd35d7a6f1571f074,2022-06-14 14:25:00,30,NO CONTROLS,NO CONTROLS,CLEAR,DAYLIGHT,PEDALCYCLIST,OTHER,STRAIGHT AND LEVEL,DRY,UNKNOWN,INJURY AND / OR TOW DUE TO CRASH,"OVER $1,500",UNABLE TO DETERMINE,UNABLE TO DETERMINE,1040,W,ARMITAGE AVE,2,NONINCAPACITATING INJURY,1.0,0.0,0.0,1.0,0.0,0.0,0.0,14,3,6
64fd3cc5b17f5e001c9aaab0f7b42f5c0f57bd81e02685de7e688018f45e8bffc945ae75ea4ab446fae13cc25092d222f7f3868fc6ec5aeaefa018efcc6a50ee,2023-02-22 06:00:00,25,NO CONTROLS,NO CONTROLS,UNKNOWN,UNKNOWN,PARKED MOTOR VEHICLE,ONE-WAY,STRAIGHT AND LEVEL,UNKNOWN,UNKNOWN,NO INJURY / DRIVE AWAY,$500 OR LESS,UNABLE TO DETERMINE,UNABLE TO DETERMINE,6209,S,MICHIGAN AVE,2,NO INDICATION OF INJURY,0.0,0.0,0.0,0.0,0.0,1.0,0.0,6,4,2
cdec86c02c5fc799795721ab22543fc8c91e7fc149ed6c08ceb7cc840ff4601179baeba5085d77c3c15ccb9df1a617d72b673b31ae50a8fc1537a943a99cd756,2021-11-05 20:55:00,30,NO CONTROLS,NO CONTROLS,CLEAR,"DARKNESS, LIGHTED ROAD",PARKED MOTOR VEHICLE,PARKING LOT,STRAIGHT AND LEVEL,DRY,NO DEFECTS,NO INJURY / DRIVE AWAY,"$501 - $1,500",IMPROPER BACKING,UNABLE TO DETERMINE,6100,S,COTTAGE GROVE AVE,2,NO INDICATION OF INJURY,0.0,0.0,0.0,0.0,0.0,1.0,0.0,20,6,11
5b3c1e6f8a36b5c0031cdd21e880ebfe2a20a10facc2b02562a63243668b0a8df0b3873f69fa639bf8ad24e802b0ee22e336fc26bc6a6f79e1e707e7f96e8364,2020-06-17 07:40:00,30,STOP SIGN/FLASHER,FUNCTIONING PROPERLY,CLEAR,DAYLIGHT,TURNING,NOT DIVIDED,STRAIGHT AND LEVEL,DRY,NO DEFECTS,INJURY AND / OR TOW DUE TO CRASH,"OVER $1,500",DISREGARDING TRAFFIC SIGNALS,NOT APPLICABLE,6259,S,HARLEM AVE,2,NO INDICATION OF INJURY,0.0,0.0,0.0,0.0,0.0,2.0,0.0,7,4,6
5d803ee066987bc3fd5c90b73bdb34eba6c5f8bec9b48567542ad225967f30b6549b0b078b14b90e2ffe3bc64c8b6d358a483cb8e80cbff955b8c3bad534f017,2020-02-14 08:30:00,15,NO CONTROLS,NO CONTROLS,CLEAR,DAYLIGHT,PARKED MOTOR VEHICLE,ONE-WAY,STRAIGHT AND LEVEL,ICE,NO DEFECTS,NO INJURY / DRIVE AWAY,"$501 - $1,500",UNABLE TO DETERMINE,UNABLE TO DETERMINE,4821,N,HARDING AVE,2,NO INDICATION OF INJURY,0.0,0.0,0.0,0.0,0.0,1.0,0.0,8,6,2
7be005e41aeb15f7894a23bcc609e2a2fe0b98e48d96c10e2ccd654ec4f37c3fbac3ea4305e4a25b8de8d94bfc6a7eacc2e4584ee47d4525ab25c16e28f2e447,2019-06-07 12:30:00,30,STOP SIGN/FLASHER,FUNCTIONING PROPERLY,CLEAR,DAYLIGHT,TURNING,T-INTERSECTION,STRAIGHT AND LEVEL,DRY,NO DEFECTS,NO INJURY / DRIVE AWAY,"$501 - $1,500",IMPROPER TURNING/NO SIGNAL,UNABLE TO DETERMINE,4149,S,RICHMOND ST,2,NO INDICATION OF INJURY,0.0,0.0,0.0,0.0,0.0,2.0,0.0,12,6,6
362ae6641506cb9fa5ebf874545f76460f4956e4087edc0f457e326905a88c2c6bb72f740143e480bb13bb6ee52f730301e30a099e8e7608f78d10647526bf91,2019-12-03 09:45:00,30,TRAFFIC SIGNAL,FUNCTIONING PROPERLY,CLOUDY/OVERCAST,DAYLIGHT,REAR END,NOT DIVIDED,STRAIGHT AND LEVEL,DRY,NO DEFECTS,NO INJURY / DRIVE AWAY,"$501 - $1,500",FAILING TO YIELD RIGHT-OF-WAY,NOT APPLICABLE,3644,S,ARCHER AVE,2,NO INDICATION OF INJURY,0.0,0.0,0.0,0.0,0.0,2.0,0.0,9,3,12
c569225cf721c1addec19fa657c91452f8f4f34567f58cefe8f9cd9d3dc54d8b89908c1bd1917248ed6c4f9490da5ca43322c3264cb71ecccd67cdb240c07957,2023-06-10 10:30:00,30,UNKNOWN,UNKNOWN,UNKNOWN,UNKNOWN,REAR END,UNKNOWN,STRAIGHT AND LEVEL,UNKNOWN,UNKNOWN,NO INJURY / DRIVE AWAY,"$501 - $1,500",FOLLOWING TOO CLOSELY,FOLLOWING TOO CLOSELY,6157,N,SHERIDAN RD,2,NO INDICATION OF INJURY,0.0,0.0,0.0,0.0,0.0,2.0,0.0,10,7,6
a918bdcd006a55e74e5b6a67b0655f02b2d5ffea89dcb600b06fece5cbbd8fa2bea22779c65b449f23b8c14830800e445aaf109abca78d27e3428e82cd770ca7,2020-07-11 18:59:00,30,STOP SIGN/FLASHER,UNKNOWN,CLEAR,DAYLIGHT,ANGLE,FOUR WAY,STRAIGHT AND LEVEL,UNKNOWN,UNKNOWN,INJURY AND / OR TOW DUE TO CRASH,"OVER $1,500",DISREGARDING STOP SIGN,NOT APPLICABLE,302,S,KILPATRICK AVE,2,NO INDICATION OF INJURY,0.0,0.0,0.0,0.0,0.0,3.0,0.0,18,7,7
b6565a3511baeb2a01b0a14de0cdb65e3ed7515dc7c30ae9efa350b86392106df14295d7705e2e2d9a80c7ed8f8f1094925a131d1de741bca0210a55ea753d85,2022-01-09 00:59:00,20,NO CONTROLS,NO CONTROLS,FREEZING RAIN/DRIZZLE,DARKNESS,PARKED MOTOR VEHICLE,ONE-WAY,STRAIGHT AND LEVEL,ICE,NO DEFECTS,NO INJURY / DRIVE AWAY,"$501 - $1,500",WEATHER,WEATHER,5439,N,LAPORTE AVE,2,NO INDICATION OF INJURY,0.0,0.0,0.0,0.0,0.0,1.0,0.0,0,1,1
2434c2603e81c034c63509d6a9f2b41c049e8ac41353b16d01c13d1e5911ca63a19bf44fd6df39cbeb60946e081592ad593697b26a0cf3618b860b319546b992,2016-09-14 12:30:00,30,NO CONTROLS,NO CONTROLS,CLEAR,DAYLIGHT,PEDALCYCLIST,NOT DIVIDED,STRAIGHT AND LEVEL,DRY,NO DEFECTS,NO INJURY / DRIVE AWAY,$500 OR LESS,FOLLOWING TOO CLOSELY,FAILING TO YIELD RIGHT-OF-WAY,1876,N,DAMEN AVE,2,NO INDICATION OF INJURY,0.0,0.0,0.0,0.0,0.0,1.0,0.0,12,4,9
2c096ae9d7f2d4c6cf3dad052c9c88afc3d4f8995851b629e87884002ef21ab1ec99d5c89cf160c8e8ec0bb171e5975708fce8f10adce5511a2ea620776faa82,2019-07-18 13:20:00,30,STOP SIGN/FLASHER,UNKNOWN,CLEAR,DAYLIGHT,REAR END,NOT DIVIDED,STRAIGHT AND LEVEL,UNKNOWN,UNKNOWN,NO INJURY / DRIVE AWAY,"OVER $1,500",UNABLE TO DETERMINE,NOT APPLICABLE,6900,S,LAFAYETTE AVE,2,NO INDICATION OF INJURY,0.0,0.0,0.0,0.0,0.0,2.0,0.0,13,5,7
eb4942fcbc78a73ee0ed639ed28acc0a14a96993738c0ae747826c554f85f7c40f50ef877408a44881e457159862ba5f301fcfc31b53ac93256801c4acc1f1f0,2020-07-05 21:22:00,30,TRAFFIC SIGNAL,FUNCTIONING PROPERLY,CLEAR,"DARKNESS, LIGHTED ROAD",REAR END,NOT DIVIDED,STRAIGHT AND LEVEL,DRY,NO DEFECTS,INJURY AND / OR TOW DUE TO CRASH,"OVER $1,500",UNABLE TO DETERMINE,NOT APPLICABLE,700,W,26TH ST,3,NONINCAPACITATING INJURY,2.0,0.0,0.0,2.0,0.0,2.0,0.0,21,1,7
7618910e3b089d8ff36acdb8b740845200c4e4ce77729e82a854aa1400f7a378e2bc0a93b86c8b8ff7e2713fb56ad65cc84a20e34a011291174f62b7e73b95fc,2023-09-18 11:55:00,30,NO CONTROLS,NO CONTROLS,CLEAR,DAYLIGHT,PARKED MOTOR VEHICLE,DIVIDED - W/MEDIAN (NOT RAISED),STRAIGHT AND LEVEL,DRY,NO DEFECTS,NO INJURY / DRIVE AWAY,"OVER $1,500",UNABLE TO DETERMINE,NOT APPLICABLE,2300,S,WOOD ST,2,NO INDICATION OF INJURY,0.0,0.0,0.0,0.0,0.0,1.0,0.0,11,2,9
83f2e94972c102b471d5aff103ce2903e635437d30e93c6fd61cc68105848af929903155b9982fd3a2aa78b5e0df038547fa7907a18495431a9122ea3fb17ee7,2020-08-18 15:00:00,30,STOP SIGN/FLASHER,FUNCTIONING PROPERLY,CLEAR,DAYLIGHT,HEAD ON,DIVIDED - W/MEDIAN (NOT RAISED),STRAIGHT AND LEVEL,DRY,NO DEFECTS,INJURY AND / OR TOW DUE TO CRASH,"OVER $1,500",IMPROPER OVERTAKING/PASSING,NOT APPLICABLE,4801,W,DIVISION ST,2,INCAPACITATING INJURY,1.0,0.0,1.0,0.0,0.0,1.0,0.0,15,3,8
7652d03c32458efc6ab630b54a45044917bddff96984c724cf969e169c6b36437edfb668880583f6d0091db527945458bd6a6a57c61f6a468201b5317662527b,2020-11-16 16:25:00,15,NO CONTROLS,NO CONTROLS,CLEAR,DAYLIGHT,PARKED MOTOR VEHICLE,PARKING LOT,STRAIGHT AND LEVEL,DRY,NO DEFECTS,NO INJURY / DRIVE AWAY,"$501 - $1,500",NOT APPLICABLE,NOT APPLICABLE,6525,W,DIVERSEY AVE,2,NO INDICATION OF INJURY,0.0,0.0,0.0,0.0,0.0,1.0,0.0,16,2,11
ed1ca1bd440230e3ca5b584dd702e42d6252c83fe673ba7c9ccc557be20f153a4f6c5594763751f69f6e9fb7865f735bc6c08939f772e7edf5491a274929414f,2020-12-07 16:30:00,35,TRAFFIC SIGNAL,FUNCTIONING PROPERLY,CLEAR,"DARKNESS, LIGHTED ROAD",REAR END,NOT DIVIDED,STRAIGHT AND LEVEL,DRY,NO DEFECTS,INJURY AND / OR TOW DUE TO CRASH,"OVER $1,500",UNABLE TO DETERMINE,UNABLE TO DETERMINE,3300,S,HALSTED ST,2,"REPORTED, NOT EVIDENT",2.0,0.0,0.0,0.0,2.0,1.0,0.0,16,2,12
9aacef4f04cf580b7a8812b12075d5c7805a5366dc1364126bc8220ffe42947086a308ace368d2909a62fba93d2d300ef6dda095c32a8cbe6a1bf2d151e5b7d8,2019-11-14 12:38:00,30,NO CONTROLS,NO CONTROLS,CLEAR,DAYLIGHT,PARKED MOTOR VEHICLE,NOT DIVIDED,STRAIGHT AND LEVEL,DRY,NO DEFECTS,INJURY AND / OR TOW DUE TO CRASH,"OVER $1,500","OPERATING VEHICLE IN ERRATIC, RECKLESS, CARELESS, NEGLIGENT OR AGGRESSIVE MANNER",UNABLE TO DETERMINE,4655,S,LAKE PARK AVE,4,NO INDICATION OF INJURY,0.0,0.0,0.0,0.0,0.0,1.0,0.0,12,5,11