CRASH_RECORD_ID,CRASH_DATE,POSTED_SPEED_LIMIT,TRAFFIC_CONTROL_DEVICE,DEVICE_CONDITION,WEATHER_CONDITION,LIGHTING_CONDITION,FIRST_CRASH_TYPE,TRAFFICWAY_TYPE,ALIGNMENT,ROADWAY_SURFACE_COND,ROAD_DEFECT,CRASH_TYPE,DAMAGE,PRIM_CONTRIBUTORY_CAUSE,SEC_CONTRIBUTORY_CAUSE,STREET_NO,STREET_DIRECTION,STREET_NAME,NUM_UNITS,MOST_SEVERE_INJURY,INJURIES_TOTAL,INJURIES_FATAL,INJURIES_INCAPACITATING,INJURIES_NON_INCAPACITATING,INJURIES_REPORTED_NOT_EVIDENT,INJURIES_NO_INDICATION,INJURIES_UNKNOWN,CRASH_HOUR,CRASH_DAY_OF_WEEK,CRASH_MONTH
ba3d727aa317cc0ea2b518700d7aea7dae358a5f7eaf2c775da31979341f5af58fa1ee4669fc4614b4d7917670553b80e4b8bf6774d04ef47334bf95f13c9a08,2019-02-01 14:22:00,30,TRAFFIC SIGNAL,FUNCTIONING PROPERLY,CLEAR,DAYLIGHT,SIDESWIPE SAME DIRECTION,NOT DIVIDED,STRAIGHT ON GRADE,WET,NO DEFECTS,INJURY AND / OR TOW DUE TO CRASH,"OVER $1,500",IMPROPER LANE USAGE,NOT APPLICABLE,841,N,HALSTED ST,3,INCAPACITATING INJURY,2.0,0.0,2.0,0.0,0.0,3.0,0.0,14,6,2
742d7f389e6e8d3fb2661d105dfe82c015ac4e8ea170885986026d92d390ef175ac6a9918b521e49853ad3ce9e72ee5b05db79f0f008338fd22c94f6b068fc47,2019-06-18 16:18:00,30,NO CONTROLS,NO CONTROLS,CLEAR,DAYLIGHT,TURNING,NOT DIVIDED,STRAIGHT AND LEVEL,DRY,NO DEFECTS,INJURY AND / OR TOW DUE TO CRASH,"OVER $1,500",FAILING TO YIELD RIGHT-OF-WAY,"VISION OBSCURED (SIGNS, TREE LIMBS, BUILDINGS, ETC.)",6420,S,KEDZIE AVE,2,NO INDICATION OF INJURY,0.0,0.0,0.0,0.0,0.0,2.0,0.0,16,3,6
f24e716714a23b46d4f5d6aafa14c1d65e6bdd75d74c60e18cb809d0b7380bdc1798c542c7ba195cc367da7f3282fe0b527dbd68f603248d7c880c44664ff7b0,2023-05-24 16:00:00,30,NO CONTROLS,NO CONTROLS,CLEAR,DAYLIGHT,SIDESWIPE SAME DIRECTION,OTHER,STRAIGHT AND LEVEL,DRY,UNKNOWN,NO INJURY / DRIVE AWAY,"OVER $1,500",DISTRACTION - FROM INSIDE VEHICLE,NOT APPLICABLE,10000,W,OHARE ST,2,NO INDICATION OF INJURY,0.0,0.0,0.0,0.0,0.0,3.0,0.0,16,4,5
575a774455cd026318fdd30967b23ee709a80bcb78d11ed1e7beb91fbe71d30415507319fbea1f7f11dc7ec91302196d7a682b78793ca8d767f1cd869b2ca93b,2022-09-02 01:56:00,30,TRAFFIC SIGNAL,FUNCTIONING PROPERLY,CLEAR,"DARKNESS, LIGHTED ROAD",TURNING,FOUR WAY,STRAIGHT AND LEVEL,DRY,NO DEFECTS,NO INJURY / DRIVE AWAY,"OVER $1,500",IMPROPER TURNING/NO SIGNAL,IMPROPER OVERTAKING/PASSING,1,S,HALSTED ST,2,NO INDICATION OF INJURY,0.0,0.0,0.0,0.0,0.0,4.0,0.0,1,6,9
7b6b264f956964c760bbc7de0b651272eff0c0bc7ac759ab229dd0e840960ced8bea28f005e20a2605e18b73a9c81ca91ac494ac0d07c0ce28302fef3580ce27,2021-09-11 12:15:00,25,NO CONTROLS,NO CONTROLS,CLEAR,DAYLIGHT,PARKED MOTOR VEHICLE,DIVIDED - W/MEDIAN (NOT RAISED),STRAIGHT AND LEVEL,DRY,NO DEFECTS,INJURY AND / OR TOW DUE TO CRASH,"OVER $1,500",UNABLE TO DETERMINE,UNABLE TO DETERMINE,3750,W,GIDDINGS ST,2,NO INDICATION OF INJURY,0.0,0.0,0.0,0.0,0.0,1.0,0.0,12,7,9
77acb76c73f7404a72c1fd26129139c658c34fdc9ca2e13c018bc49be96ef50e7d6b3101f584845bc33e63ba768d4e46920ed6d59eb158055d8491d7be4bfeac,2019-11-25 16:54:00,25,NO CONTROLS,NO CONTROLS,CLEAR,"DARKNESS, LIGHTED ROAD",PARKED MOTOR VEHICLE,NOT DIVIDED,STRAIGHT AND LEVEL,DRY,NO DEFECTS,NO INJURY / DRIVE AWAY,"OVER $1,500",DRIVING SKILLS/KNOWLEDGE/EXPERIENCE,UNABLE TO DETERMINE,4736,W,ROSCOE ST,2,NO INDICATION OF INJURY,0.0,0.0,0.0,0.0,0.0,1.0,0.0,16,2,11
47eec42292a76a7483c7e5ec1648cd4ba3422997f3fdb5adbb785925112d9171b12713819d6c83c97793b3f8eec9f3e3cb8f406c01b7c1e297dbe9d0b2d6f530,2020-02-11 13:12:00,30,NO CONTROLS,NO CONTROLS,CLEAR,DAYLIGHT,PEDALCYCLIST,NOT DIVIDED,STRAIGHT AND LEVEL,DRY,NO DEFECTS,INJURY AND / OR TOW DUE TO CRASH,"OVER $1,500",UNABLE TO DETERMINE,FAILING TO YIELD RIGHT-OF-WAY,3463,N,BROADWAY,2,NONINCAPACITATING INJURY,1.0,0.0,0.0,1.0,0.0,1.0,0.0,13,3,2
ef51f148f45e3465427a5232fcde766aa01caa24de1c5d2b47bf2ed93ad70fbcee93781ba8006d16461452ef44c714635395947892efb1f974651ad372b60467,2021-07-03 23:15:00,30,TRAFFIC SIGNAL,FUNCTIONING PROPERLY,CLEAR,"DARKNESS, LIGHTED ROAD",SIDESWIPE SAME DIRECTION,NOT DIVIDED,STRAIGHT AND LEVEL,DRY,NO DEFECTS,NO INJURY / DRIVE AWAY,"OVER $1,500",UNABLE TO DETERMINE,NOT APPLICABLE,1600,S,WESTERN AVE,2,NO INDICATION OF INJURY,0.0,0.0,0.0,0.0,0.0,2.0,0.0,23,7,7
c5e4c87a76fe37e019a43822f12254b49a43d95b08ea51bfb41e4e5be4612bfb02f1823bb3df1886c9d028e795044b54bb851d849a2caa2f8a49f8914cb4227d,2022-02-24 16:00:00,35,STOP SIGN/FLASHER,NO CONTROLS,SNOW,DAYLIGHT,ANGLE,FOUR WAY,STRAIGHT AND LEVEL,WET,NO DEFECTS,NO INJURY / DRIVE AWAY,"OVER $1,500",FAILING TO YIELD RIGHT-OF-WAY,WEATHER,1900,W,35TH ST,2,NO INDICATION OF INJURY,0.0,0.0,0.0,0.0,0.0,2.0,0.0,16,5,2
6bd4ca3de237a9eb0b861f689800276482de756fd7e889bdb44bf1c8820e9af43b1e122d1976aee99b4ea027ba096d33e31ef907b3003ff49ddbec7e20126c3d,2020-10-31 23:32:00,30,NO CONTROLS,NO CONTROLS,RAIN,"DARKNESS, LIGHTED ROAD",REAR END,NOT DIVIDED,STRAIGHT AND LEVEL,WET,NO DEFECTS,INJURY AND / OR TOW DUE TO CRASH,"OVER $1,500",NOT APPLICABLE,NOT APPLICABLE,856,E,67TH ST,5,NO INDICATION OF INJURY,0.0,0.0,0.0,0.0,0.0,2.0,0.0,23,7,10
acb985e907ca2b69ab85905718d70285681d1aff0672d7eb4cb10370832fc81374e017aa9e1f603161ccc2b5e044d07ffff707a6511b1d801f0254b66e6b559c,2018-12-26 08:30:00,30,TRAFFIC SIGNAL,FUNCTIONING PROPERLY,CLEAR,DAYLIGHT,HEAD ON,UNKNOWN,STRAIGHT AND LEVEL,DRY,NO DEFECTS,INJURY AND / OR TOW DUE TO CRASH,"OVER $1,500",DRIVING SKILLS/KNOWLEDGE/EXPERIENCE,FAILING TO REDUCE SPEED TO AVOID CRASH,6304,S,YALE AVE,2,NO INDICATION OF INJURY,0.0,0.0,0.0,0.0,0.0,2.0,0.0,8,4,12
fa11b5023aa3efc0ff7ed2569fbcd0340766336d2b9514b094dceae4e50176eada8acbd4daf5ba830a7cb1bf85bc303a24a68fb319c373523e7ed81c12169d05,2017-08-27 13:00:00,35,NO CONTROLS,NO CONTROLS,UNKNOWN,UNKNOWN,SIDESWIPE SAME DIRECTION,NOT DIVIDED,STRAIGHT AND LEVEL,UNKNOWN,UNKNOWN,NO INJURY / DRIVE AWAY,"$501 - $1,500",UNABLE TO DETERMINE,UNABLE TO DETERMINE,1602,W,119TH ST,2,NO INDICATION OF INJURY,0.0,0.0,0.0,0.0,0.0,2.0,0.0,13,1,8
1f1f3e2ab062921449e9b784fd70019ae98453b057e9530a026867b429d4ff1588e3fc98a58decb8fd3113190d8231a2eed0d8967b9a18cf76db51a9ff77aaf1,2021-04-09 17:39:00,30,TRAFFIC SIGNAL,FUNCTIONING PROPERLY,CLEAR,DAYLIGHT,TURNING,FOUR WAY,STRAIGHT AND LEVEL,DRY,NO DEFECTS,INJURY AND / OR TOW DUE TO CRASH,"OVER $1,500",IMPROPER TURNING/NO SIGNAL,NOT APPLICABLE,401,E,PERSHING RD,2,NO INDICATION OF INJURY,0.0,0.0,0.0,0.0,0.0,5.0,0.0,17,6,4
36abe975901de0ad910ae0ddcb9e7dfffe4fea4b52aa48e4bf882dc7a148ddf401d9873e61bd6812c38aaa213767c601f3929b7ac704101678922a5308030619,2019-10-31 18:50:00,35,STOP SIGN/FLASHER,FUNCTIONING PROPERLY,CLEAR,DUSK,TURNING,NOT DIVIDED,STRAIGHT AND LEVEL,DRY,NO DEFECTS,NO INJURY / DRIVE AWAY,"OVER $1,500",FAILING TO REDUCE SPEED TO AVOID CRASH,FAILING TO REDUCE SPEED TO AVOID CRASH,3701,W,47TH ST,2,NO INDICATION OF INJURY,0.0,0.0,0.0,0.0,0.0,2.0,0.0,18,5,10
ecb039b08ec4045710d26cf41c09f21080e4002cc8238c29e6ed604d5b6a5e02425e65260bf543ca8995c2fecadb6a9b180378d6ab638f550b64a0525832f86d,2017-10-07 13:10:00,30,STOP SIGN/FLASHER,FUNCTIONING PROPERLY,CLEAR,DAYLIGHT,SIDESWIPE SAME DIRECTION,DIVIDED - W/MEDIAN (NOT RAISED),STRAIGHT AND LEVEL,DRY,NO DEFECTS,INJURY AND / OR TOW DUE TO CRASH,"OVER $1,500",FAILING TO YIELD RIGHT-OF-WAY,DISREGARDING STOP SIGN,2865,N,ELSTON AVE,3,INCAPACITATING INJURY,1.0,0.0,1.0,0.0,0.0,2.0,0.0,13,7,10
fa854647d88350b96acfb59b05f302062bd724e0eb17049e7b09306ae50c3786f26a13fb74b7a4c2ff1c7948773fbd4540451e6fd835e0821de8485b66240367,2022-09-15 05:30:00,30,NO CONTROLS,NO CONTROLS,CLEAR,"DARKNESS, LIGHTED ROAD",PARKED MOTOR VEHICLE,NOT DIVIDED,STRAIGHT AND LEVEL,DRY,NO DEFECTS,NO INJURY / DRIVE AWAY,"OVER $1,500",UNABLE TO DETERMINE,NOT APPLICABLE,5151,S,KOSTNER AVE,2,NO INDICATION OF INJURY,0.0,0.0,0.0,0.0,0.0,1.0,0.0,5,5,9
406991e350858f35dcc663a1ab1374453da157ec062b0637fd82fa8e0681343861392f97293d15aeb01f395e5cbc6b679ab8daf40d16b5b84ecb8ca4e5d23b22,2018-01-01 01:05:00,30,TRAFFIC SIGNAL,FUNCTIONING PROPERLY,CLEAR,"DARKNESS, LIGHTED ROAD",REAR END,NOT DIVIDED,STRAIGHT AND LEVEL,DRY,NO DEFECTS,NO INJURY / DRIVE AWAY,"OVER $1,500",FOLLOWING TOO CLOSELY,FAILING TO REDUCE SPEED TO AVOID CRASH,5200,W,LAKE ST,2,NO INDICATION OF INJURY,0.0,0.0,0.0,0.0,0.0,5.0,0.0,1,2,1
033ddfaad6c42e713711cd127054e86a659dc6a2896b78d88288f9e02bdea26ad26068a37ec03c682c04033245ba6d256fdf24431d8c7addacc74d543b88ba09,2023-06-18 20:05:00,30,TRAFFIC SIGNAL,FUNCTIONING PROPERLY,CLEAR,DAWN,PEDESTRIAN,NOT DIVIDED,STRAIGHT AND LEVEL,DRY,NO DEFECTS,NO INJURY / DRIVE AWAY,$500 OR LESS,DISREGARDING TRAFFIC SIGNALS,NOT APPLICABLE,4400,N,CLARENDON AVE,2,NO INDICATION OF INJURY,0.0,0.0,0.0,0.0,0.0,2.0,0.0,20,1,6
7db821a0a77d6895e85aae6d7d4cfaf4b35d237f4ee292365e90cd0951083dc708bae31d4ccf4c458fc984fb25e3fd783806fef4b8f0b451a24173f49b24cfe9,2024-04-20 13:25:00,30,NO CONTROLS,NO CONTROLS,CLEAR,DAYLIGHT,SIDESWIPE SAME DIRECTION,DIVIDED - W/MEDIAN (NOT RAISED),STRAIGHT AND LEVEL,DRY,NO DEFECTS,NO INJURY / DRIVE AWAY,$500 OR LESS,IMPROPER LANE USAGE,NOT APPLICABLE,1105,W,BRYN MAWR AVE,2,NO INDICATION OF INJURY,0.0,0.0,0.0,0.0,0.0,2.0,0.0,13,7,4
367936a54af217fd671a5367905a8ce299616c80fc1714ce27aa6f774975b27c41824d04f684a5645f5fbbad0ede4321652a5667ab0b5dbd6357b28387953537,2020-07-02 12:00:00,10,NO CONTROLS,NO CONTROLS,UNKNOWN,DAYLIGHT,PARKED MOTOR VEHICLE,PARKING LOT,STRAIGHT AND LEVEL,UNKNOWN,UNKNOWN,NO INJURY / DRIVE AWAY,"OVER $1,500",UNABLE TO DETERMINE,UNABLE TO DETERMINE,5342,S,INDIANA AVE,2,NO INDICATION OF INJURY,0.0,0.0,0.0,0.0,0.0,1.0,0.0,12,5,7
bc3f67b324c8b3d866927782d4723bd8577c45b5ff121cf62b0cc089a41776d17abb21b220be57747715133670b15b1db78f26b5ff30e8c08afb9ade77619ca0,2023-03-25 22:20:00,30,TRAFFIC SIGNAL,UNKNOWN,CLEAR,"DARKNESS, LIGHTED ROAD",SIDESWIPE SAME DIRECTION,NOT DIVIDED,STRAIGHT AND LEVEL,DRY,UNKNOWN,INJURY AND / OR TOW DUE TO CRASH,"OVER $1,500",IMPROPER OVERTAKING/PASSING,UNABLE TO DETERMINE,728,W,ROOSEVELT RD,2,NO INDICATION OF INJURY,0.0,0.0,0.0,0.0,0.0,2.0,0.0,22,7,3
ba3ab413b355641023f3f96d857e182d33680374528c0be38b238c0a7f96823d035345eedbffad65094a12aec23f58cabbc15e5b0985bf25967e69d8e2510267,2023-02-05 14:55:00,30,NO CONTROLS,NO CONTROLS,CLEAR,DAYLIGHT,TURNING,NOT DIVIDED,STRAIGHT AND LEVEL,DRY,NO DEFECTS,INJURY AND / OR TOW DUE TO CRASH,"OVER $1,500",UNABLE TO DETERMINE,NOT APPLICABLE,748,E,47TH ST,2,NO INDICATION OF INJURY,0.0,0.0,0.0,0.0,0.0,2.0,0.0,14,1,2
c52cd8c7f9502d9de692d9b09093ba3834f0d571c9cae3151401e2ba3ec33e76966627d5106d35103ec85406efda7a2ffe333454bcf9ddda5c45df215570fcfa,2022-02-14 16:30:00,30,NO CONTROLS,NO CONTROLS,CLEAR,DAYLIGHT,PARKED MOTOR VEHICLE,NOT DIVIDED,STRAIGHT AND LEVEL,DRY,NO DEFECTS,NO INJURY / DRIVE AWAY,"$501 - $1,500",UNABLE TO DETERMINE,UNABLE TO DETERMINE,4441,N,MILWAUKEE AVE,2,NO INDICATION OF INJURY,0.0,0.0,0.0,0.0,0.0,1.0,0.0,16,2,2
484a9247b7035a6a12ca102470288e1ab77bb393c38e75dd6d23c5aa1e6389a80998927c8bc44c5f5dddf46b5c827d7a02a34437b2ef17c9d69e275263bd6eec,2022-08-02 12:41:00,35,TRAFFIC SIGNAL,FUNCTIONING PROPERLY,CLEAR,DAYLIGHT,REAR TO FRONT,DIVIDED - W/MEDIAN (NOT RAISED),STRAIGHT AND LEVEL,UNKNOWN,UNKNOWN,NO INJURY / DRIVE AWAY,$500 OR LESS,IMPROPER BACKING,NOT APPLICABLE,10301,S,TORRENCE AVE,2,NO INDICATION OF INJURY,0.0,0.0,0.0,0.0,0.0,2.0,0.0,12,3,8
c4f3742b409fa2fe92572d482b470ab653ce9e2370458395b47f3c5dec12cf9b057cc5a1a55a7ade1348f59c78bcb619fd7c0cc9ba015b47966b82b9126795a9,2021-11-20 12:40:00,30,UNKNOWN,UNKNOWN,UNKNOWN,UNKNOWN,PARKED MOTOR VEHICLE,UNKNOWN,STRAIGHT AND LEVEL,UNKNOWN,UNKNOWN,NO INJURY / DRIVE AWAY,"OVER $1,500",UNABLE TO DETERMINE,NOT APPLICABLE,5645,W,DIVERSEY AVE,2,NO INDICATION OF INJURY,0.0,0.0,0.0,0.0,0.0,1.0,0.0,12,7,11
befa338f3299db990d00783cc1e83a182c815293f02835a17d728b3faaa8f7735aadb47d624d38c128f34fce814f842f24c3c4b5aebde8cb239e603bebfeb4b6,2020-06-20 07:05:00,30,STOP SIGN/FLASHER,FUNCTIONING PROPERLY,CLEAR,DAYLIGHT,TURNING,DIVIDED - W/MEDIAN BARRIER,STRAIGHT AND LEVEL,DRY,NO DEFECTS,INJURY AND / OR TOW DUE TO CRASH,"OVER $1,500",FAILING TO YIELD RIGHT-OF-WAY,DISREGARDING STOP SIGN,8010,S,STONY ISLAND AVE,4,NONINCAPACITATING INJURY,3.0,0.0,0.0,2.0,1.0,0.0,0.0,7,7,6
23b26db9306332f282dd56a97039970ded80e9c0ddee5d8c3e98b43e971f2a15986ef2b61445893d18b30267c3a49ac3c32240ef875391ebef34d31b42c0119b,2019-04-01 08:10:00,30,NO CONTROLS,NO CONTROLS,CLEAR,DAYLIGHT,REAR END,NOT DIVIDED,STRAIGHT AND LEVEL,DRY,NO DEFECTS,NO INJURY / DRIVE AWAY,"$501 - $1,500",FAILING TO YIELD RIGHT-OF-WAY,FAILING TO REDUCE SPEED TO AVOID CRASH,5421,W,BELMONT AVE,2,NO INDICATION OF INJURY,0.0,0.0,0.0,0.0,0.0,2.0,0.0,8,2,4
7d83fedd0b6145199645dce4312cc1c975ed51e2e88bfc2069e5778a0d6f4c0ab740c887647433b07e4b546ec98625fc9bad4cd8b062afaf2efaa162f5ef5b12,2024-01-10 09:00:00,15,NO CONTROLS,NO CONTROLS,CLEAR,DAYLIGHT,PARKED MOTOR VEHICLE,PARKING LOT,STRAIGHT AND LEVEL,WET,NO DEFECTS,NO INJURY / DRIVE AWAY,"OVER $1,500",IMPROPER BACKING,NOT APPLICABLE,6460,W,FULLERTON AVE,2,NO INDICATION OF INJURY,0.0,0.0,0.0,0.0,0.0,1.0,0.0,9,4,1
efac2a61cbbb555bb4702f483f40c7f1a9ca7b2c05f085a0ce1eac2ac033c40380eead5d1acde6e112a3ceb67a042b3b132d96723cffb53f7ec7d874998ad10a,2018-11-17 13:25:00,30,NO CONTROLS,NO CONTROLS,SNOW,DAYLIGHT,TURNING,PARKING LOT,STRAIGHT AND LEVEL,WET,NO DEFECTS,INJURY AND / OR TOW DUE TO CRASH,"OVER $1,500",FAILING TO YIELD RIGHT-OF-WAY,UNABLE TO DETERMINE,5201,N,SHERIDAN RD,2,NO INDICATION OF INJURY,0.0,0.0,0.0,0.0,0.0,2.0,0.0,13,7,11
ee62777c38fce7931a4a0a8a6ea9ef019749cafc308f4dcb51cb7b928127ba8b9112d320a961b3eb22c7ad2c3bb62faa406183bee27d227db6b4c38c55839e40,2017-03-26 13:40:00,30,TRAFFIC SIGNAL,FUNCTIONING PROPERLY,CLEAR,DAYLIGHT,REAR END,NOT DIVIDED,STRAIGHT AND LEVEL,WET,NO DEFECTS,NO INJURY / DRIVE AWAY,"$501 - $1,500",FOLLOWING TOO CLOSELY,DRIVING SKILLS/KNOWLEDGE/EXPERIENCE,36,W,RANDOLPH ST,2,NO INDICATION OF INJURY,0.0,0.0,0.0,0.0,0.0,3.0,0.0,13,1,3
00362886d9fd56761edf4041344d392ad562a882ed524dc5c0e757cbaa476e434436bf3cd68e2fc914ff60f8f94fc7729132610453f85e1fe1e0add8fbbbc336,2021-08-03 11:35:00,45,NO CONTROLS,NO CONTROLS,CLEAR,DAYLIGHT,REAR END,DIVIDED - W/MEDIAN BARRIER,STRAIGHT AND LEVEL,DRY,NO DEFECTS,NO INJURY / DRIVE AWAY,"OVER $1,500",UNABLE TO DETERMINE,NOT APPLICABLE,1401,S,LAKE SHORE DR E,2,NO INDICATION OF INJURY,0.0,0.0,0.0,0.0,0.0,2.0,0.0,11,3,8
9ebca4638353c78522521a021b9d08c882dc7f2b8de8b217e1e955a011cf55578dccae2471cc107ac1fdbdc2afa52e31f6ecab683ad05d829b71a4fd0f684831,2022-10-03 08:40:00,20,NO CONTROLS,NO CONTROLS,CLEAR,DAYLIGHT,TURNING,ALLEY,STRAIGHT AND LEVEL,DRY,NO DEFECTS,INJURY AND / OR TOW DUE TO CRASH,"OVER $1,500",UNABLE TO DETERMINE,UNABLE TO DETERMINE,3325,W,BRYN MAWR AVE,2,NO INDICATION OF INJURY,0.0,0.0,0.0,0.0,0.0,2.0,0.0,8,2,10
dd2f6cb2ec6bb3b24d67838d5a9985e5237db6d87ba94fc8a1184aecadbd9a737f82b592cad0777609a86404eff412c572c360e613ec636c9ec54c571c61feb2,2024-04-15 16:45:00,30,STOP SIGN/FLASHER,FUNCTIONING PROPERLY,CLEAR,DAYLIGHT,ANGLE,NOT DIVIDED,STRAIGHT AND LEVEL,DRY,UNKNOWN,NO INJURY / DRIVE AWAY,"OVER $1,500",NOT APPLICABLE,FAILING TO YIELD RIGHT-OF-WAY,5000,W,AUGUSTA BLVD,2,NO INDICATION OF INJURY,0.0,0.0,0.0,0.0,0.0,2.0,0.0,16,2,4
445f08610862ddf8f3c66d03c6e78bc5d4cbc5b2ba89fad8d53d2d80239157076bb424acfca66177ad74dea8081334270ca86f3f46e0d5e0fb9c4496cac31e54,2021-07-07 10:31:00,35,TRAFFIC SIGNAL,FUNCTIONING PROPERLY,CLEAR,DAYLIGHT,REAR END,NOT DIVIDED,STRAIGHT AND LEVEL,DRY,NO DEFECTS,INJURY AND / OR TOW DUE TO CRASH,"OVER $1,500",FAILING TO YIELD RIGHT-OF-WAY,UNABLE TO DETERMINE,1599,W,119TH ST,2,NO INDICATION OF INJURY,0.0,0.0,0.0,0.0,0.0,3.0,0.0,10,4,7
c41a75ede65570d1b212ff942943fef382fc06174866990de2eaea3effb38f12c1482780d2db66967c883f49ad147c01bd1c1e39c9a67ecb952e0b7a56c6f539,2020-07-29 13:15:00,30,UNKNOWN,UNKNOWN,UNKNOWN,UNKNOWN,SIDESWIPE SAME DIRECTION,UNKNOWN,STRAIGHT AND LEVEL,UNKNOWN,UNKNOWN,NO INJURY / DRIVE AWAY,"OVER $1,500",UNABLE TO DETERMINE,NOT APPLICABLE,2860,W,TOUHY AVE,2,NO INDICATION OF INJURY,0.0,0.0,0.0,0.0,0.0,3.0,0.0,13,4,7
49432980b3169e25f8a2b3099899d5e607951a332ed94675d5566069284598b5770a880890e794701e963aba83fbe551d86a68e3a264ecc8299f620e3ba508b2,2021-03-15 13:30:00,30,STOP SIGN/FLASHER,FUNCTIONING PROPERLY,SNOW,DAYLIGHT,ANGLE,NOT DIVIDED,STRAIGHT AND LEVEL,SNOW OR SLUSH,NO DEFECTS,NO INJURY / DRIVE AWAY,"$501 - $1,500",WEATHER,UNABLE TO DETERMINE,1700,N,WOOD ST,2,NO INDICATION OF INJURY,0.0,0.0,0.0,0.0,0.0,3.0,0.0,13,2,3
751f83001b6dc87d06cfebdc8599f9f21092855e2e21a531650d562ea81821eae120b2e436825efc0179a56643aea258e6a0050c3fdea51f3fbfd4cf53aa0e32,2017-10-31 07:45:00,30,NO CONTROLS,NO CONTROLS,CLEAR,DAYLIGHT,REAR END,NOT DIVIDED,STRAIGHT AND LEVEL,DRY,NO DEFECTS,NO INJURY / DRIVE AWAY,"$501 - $1,500",UNABLE TO DETERMINE,NOT APPLICABLE,2719,N,CALIFORNIA AVE,2,NO INDICATION OF INJURY,0.0,0.0,0.0,0.0,0.0,4.0,0.0,7,3,10
b7e9c6ea73ce4991d754a8cfe3cbf3cc7561234bb2bcddc5bc3585ee6c681ef9f522a74ba9f00375d106de85ca8e67a6cc790591e39d8007b8789d14c70b8e2d,2022-10-22 12:40:00,30,NO CONTROLS,NO CONTROLS,CLEAR,DAYLIGHT,PARKED MOTOR VEHICLE,DIVIDED - W/MEDIAN (NOT RAISED),STRAIGHT AND LEVEL,DRY,NO DEFECTS,INJURY AND / OR TOW DUE TO CRASH,"OVER $1,500",NOT APPLICABLE,NOT APPLICABLE,4650,N,MILWAUKEE AVE,4,NONINCAPACITATING INJURY,1.0,0.0,0.0,1.0,0.0,0.0,0.0,12,7,10
2687b618aa12a93951c9b3b51d88a287acefce878163d7fa6b787ccdb46ee48094a4ccb94a2de6e10e99da7b61d0446376248cdbc6f721482b8a0d13d57a274e,2021-09-18 19:15:00,30,NO CONTROLS,NO CONTROLS,CLEAR,"DARKNESS, LIGHTED ROAD",PARKED MOTOR VEHICLE,DIVIDED - W/MEDIAN (NOT RAISED),STRAIGHT AND LEVEL,DRY,NO DEFECTS,NO INJURY / DRIVE AWAY,$500 OR LESS,DRIVING SKILLS/KNOWLEDGE/EXPERIENCE,NOT APPLICABLE,745,W,79TH ST,2,NO INDICATION OF INJURY,0.0,0.0,0.0,0.0,0.0,1.0,0.0,19,7,9
b0bcfdf606cedb8a88b04e3002433c640ffe6778fe46af4e9ab263054ba3a9865c7728b2c31cbefea342f37a32d8de3fdb3e7ae827b8985e7feeefe2fd962545,2022-06-12 17:00:00,30,TRAFFIC SIGNAL,UNKNOWN,UNKNOWN,DAYLIGHT,REAR END,NOT DIVIDED,STRAIGHT AND LEVEL,UNKNOWN,UNKNOWN,NO INJURY / DRIVE AWAY,"$501 - $1,500",UNABLE TO DETERMINE,NOT APPLICABLE,4350,W,79TH ST,2,NO INDICATION OF INJURY,0.0,0.0,0.0,0.0,0.0,2.0,0.0,17,1,6
15ec1e027e02ba331f0f2be992af1119d7fa71e7f557ddd74037fb2dce2b2acba2652f7f4d2dd1bb2e75a3b5ce0cc5a4d3826b776624405e29cda981c3d6f38a,2023-03-01 14:10:00,30,TRAFFIC SIGNAL,FUNCTIONING PROPERLY,CLEAR,DAYLIGHT,REAR END,NOT DIVIDED,STRAIGHT AND LEVEL,DRY,NO DEFECTS,NO INJURY / DRIVE AWAY,"OVER $1,500",UNABLE TO DETERMINE,NOT APPLICABLE,1200,W,47TH ST,2,NO INDICATION OF INJURY,0.0,0.0,0.0,0.0,0.0,2.0,0.0,14,4,3
4173650cbea09e7b42d3f6db543fb8b73802998396019b363d8f90307f4d44430d22f7dd4b4a36e44fd0ccc50081235582fad29aa9190b7ecca9130c576adf02,2018-02-27 12:35:00,15,NO CONTROLS,NO CONTROLS,CLEAR,DAYLIGHT,ANGLE,PARKING LOT,STRAIGHT AND LEVEL,DRY,NO DEFECTS,NO INJURY / DRIVE AWAY,"OVER $1,500",FAILING TO YIELD RIGHT-OF-WAY,NOT APPLICABLE,5857,S,KEDZIE AVE,2,NO INDICATION OF INJURY,0.0,0.0,0.0,0.0,0.0,3.0,0.0,12,3,2
6336ef1ede52bcdc258f89e646fc3735801ef3ed6163767d63a0a183e130c1b2373a25faf85791d82a1326f0db2de6b4647df30295746851c2714daea7d559dd,2022-10-03 13:33:00,30,TRAFFIC SIGNAL,FUNCTIONING PROPERLY,CLEAR,DAYLIGHT,PEDESTRIAN,NOT DIVIDED,STRAIGHT AND LEVEL,DRY,NO DEFECTS,INJURY AND / OR TOW DUE TO CRASH,"OVER $1,500",UNABLE TO DETERMINE,UNABLE TO DETERMINE,4555,N,PULASKI RD,2,FATAL,1.0,1.0,0.0,0.0,0.0,1.0,0.0,13,2,10