CRASH_RECORD_ID,CRASH_DATE,POSTED_SPEED_LIMIT,TRAFFIC_CONTROL_DEVICE,DEVICE_CONDITION,WEATHER_CONDITION,LIGHTING_CONDITION,FIRST_CRASH_TYPE,TRAFFICWAY_TYPE,ALIGNMENT,ROADWAY_SURFACE_COND,ROAD_DEFECT,CRASH_TYPE,DAMAGE,PRIM_CONTRIBUTORY_CAUSE,SEC_CONTRIBUTORY_CAUSE,STREET_NO,STREET_DIRECTION,STREET_NAME,NUM_UNITS,MOST_SEVERE_INJURY,INJURIES_TOTAL,INJURIES_FATAL,INJURIES_INCAPACITATING,INJURIES_NON_INCAPACITATING,INJURIES_REPORTED_NOT_EVIDENT,INJURIES_NO_INDICATION,INJURIES_UNKNOWN,CRASH_HOUR,CRASH_DAY_OF_WEEK,CRASH_MONTH
3630a4df8d9e54babc837437142a74b93838792c4b0e1cd997966da2ac31a18948ab900b0b989336c7f80598977d55ac0afbd1f61214e4886dcad8a575e0627b,2021-01-26 09:45:00,30,NO CONTROLS,NO CONTROLS,SNOW,DAYLIGHT,REAR END,NOT DIVIDED,STRAIGHT AND LEVEL,SNOW OR SLUSH,NO DEFECTS,NO INJURY / DRIVE AWAY,"OVER $1,500",FOLLOWING TOO CLOSELY,NOT APPLICABLE,1208,W,WRIGHTWOOD AVE,2,NO INDICATION OF INJURY,0.0,0.0,0.0,0.0,0.0,2.0,0.0,9,3,1
5f8b4acdf430b0e2053b33e1dbefa0384e7d07bc3f86337b4c62eedb21fe72a9716b4db71b2b743aa72096fa74dd47dfe2a19ca7b99651435f385aa92f59e3a5,2023-12-20 23:24:00,35,TRAFFIC SIGNAL,FUNCTIONING PROPERLY,CLEAR,"DARKNESS, LIGHTED ROAD",TURNING,T-INTERSECTION,STRAIGHT AND LEVEL,DRY,NO DEFECTS,INJURY AND / OR TOW DUE TO CRASH,"OVER $1,500",UNABLE TO DETERMINE,NOT APPLICABLE,5900,S,CICERO AVE,2,"REPORTED, NOT EVIDENT",4.0,0.0,0.0,0.0,4.0,0.0,0.0,23,4,12
8e0869ee686cf5758f730255c7bdf22930b62dbd89106441502406a7a2abdcee602e866fcc439a195b9bc426485659d3b4d258270be3276ad1c4bc2850c05db2,2023-11-05 12:45:00,20,NO CONTROLS,NO CONTROLS,CLEAR,DAYLIGHT,ANGLE,ONE-WAY,STRAIGHT AND LEVEL,DRY,NO DEFECTS,NO INJURY / DRIVE AWAY,"$501 - $1,500",UNABLE TO DETERMINE,NOT APPLICABLE,2812,W,BARRY AVE,2,NO INDICATION OF INJURY,0.0,0.0,0.0,0.0,0.0,2.0,0.0,12,1,11
b6607fb5ba40021212a7316876574faa2c5fbfc031b01e3f2cec2560596d870b5162d45fa8dc26693aa5ffa7a665eb81c0caa16d57747586c61774c0c10bc095,2023-05-17 12:30:00,30,NO CONTROLS,NO CONTROLS,CLEAR,DAYLIGHT,PARKED MOTOR VEHICLE,NOT DIVIDED,STRAIGHT AND LEVEL,DRY,NO DEFECTS,NO INJURY / DRIVE AWAY,"$501 - $1,500",DRIVING SKILLS/KNOWLEDGE/EXPERIENCE,NOT APPLICABLE,220,E,47TH ST,2,NO INDICATION OF INJURY,0.0,0.0,0.0,0.0,0.0,2.0,0.0,12,4,5
5fa6f5bc750fd1d6a939f545538b6d85e2138a8029fe504fcf4dde1df723495f0c545a9e25aecbf8d9e0ab328c28dd955a3cd683b8416ee0ec68a73bedb9cb2b,2020-02-10 16:00:00,30,TRAFFIC SIGNAL,FUNCTIONING PROPERLY,CLEAR,DAYLIGHT,ANGLE,NOT DIVIDED,STRAIGHT AND LEVEL,DRY,NO DEFECTS,NO INJURY / DRIVE AWAY,"OVER $1,500",UNABLE TO DETERMINE,NOT APPLICABLE,3659,N,HALSTED ST,2,NO INDICATION OF INJURY,0.0,0.0,0.0,0.0,0.0,2.0,0.0,16,2,2
a02fedb77609137e512f9155f4a44e222a49b1783f14727ebe5ac88326c84eaa3ef40d405eaf67db0eb293f50a4bd2c350aaa679c6deb170c207fb5f1d39af6d,2022-09-17 16:05:00,30,NO CONTROLS,NO CONTROLS,CLEAR,DAYLIGHT,PARKED MOTOR VEHICLE,DIVIDED - W/MEDIAN (NOT RAISED),STRAIGHT AND LEVEL,DRY,NO DEFECTS,INJURY AND / OR TOW DUE TO CRASH,"OVER $1,500",DISTRACTION - FROM INSIDE VEHICLE,NOT APPLICABLE,30,E,80TH ST,3,NO INDICATION OF INJURY,0.0,0.0,0.0,0.0,0.0,1.0,0.0,16,7,9
f653b0b5f72e96c80b22c0e67d5ffb33f1eb9605e2747c94b6a4280798131b3ee4d73cb795f5ee639e6df67ec8f1eedabe7ce6f497e2cfe5382ef971eec0de8b,2021-09-18 15:55:00,30,TRAFFIC SIGNAL,FUNCTIONING PROPERLY,CLEAR,DAYLIGHT,SIDESWIPE SAME DIRECTION,DIVIDED - W/MEDIAN (NOT RAISED),STRAIGHT AND LEVEL,DRY,NO DEFECTS,NO INJURY / DRIVE AWAY,"OVER $1,500",PHYSICAL CONDITION OF DRIVER,UNABLE TO DETERMINE,7202,W,BELMONT AVE,2,NO INDICATION OF INJURY,0.0,0.0,0.0,0.0,0.0,3.0,0.0,15,7,9
ba7cac2cd217ba631b42d2d31942aab6ea60cff87541b45df7708fc68870acf9d034968fa189f086d2029729020100e99e73a96c8d4841e44a2d0a4696c29de4,2017-12-18 08:13:00,20,STOP SIGN/FLASHER,NO CONTROLS,RAIN,DAYLIGHT,TURNING,DIVIDED - W/MEDIAN (NOT RAISED),STRAIGHT AND LEVEL,WET,NO DEFECTS,NO INJURY / DRIVE AWAY,"OVER $1,500",EXCEEDING SAFE SPEED FOR CONDITIONS,EXCEEDING SAFE SPEED FOR CONDITIONS,2700,N,MILWAUKEE AVE,2,NO INDICATION OF INJURY,0.0,0.0,0.0,0.0,0.0,2.0,0.0,8,2,12
2cad2367e6bb58eca90459eec91c1ee0ad8992ca665387d644d7eae50e6cc2027a68225a4464d24b9c383be4bb7fdc5fd48695e4d1c840c6ff2904218d029f48,2016-11-22 20:45:00,30,NO CONTROLS,NO CONTROLS,UNKNOWN,"DARKNESS, LIGHTED ROAD",PARKED MOTOR VEHICLE,NOT DIVIDED,STRAIGHT AND LEVEL,UNKNOWN,UNKNOWN,NO INJURY / DRIVE AWAY,"$501 - $1,500",UNABLE TO DETERMINE,UNABLE TO DETERMINE,4000,W,HOLLYWOOD AVE,2,NO INDICATION OF INJURY,0.0,0.0,0.0,0.0,0.0,1.0,0.0,20,3,11
6ea6a07bfc4ea62a9efdc47a6689b991324efbfbbdcf196a5d2707a69f281e86c6f829c3bfaec6cc79bafdc944e6b9a40a00ca0cf52188b9cbba7d1b2b363c26,2019-10-01 14:20:00,35,TRAFFIC SIGNAL,NO CONTROLS,CLEAR,DAYLIGHT,SIDESWIPE SAME DIRECTION,FOUR WAY,STRAIGHT AND LEVEL,DRY,NO DEFECTS,NO INJURY / DRIVE AWAY,"$501 - $1,500",UNABLE TO DETERMINE,UNABLE TO DETERMINE,9500,S,STONY ISLAND AVE,2,NO INDICATION OF INJURY,0.0,0.0,0.0,0.0,0.0,2.0,0.0,14,3,10
b01c616e59e3f32e0805cb97fe8e454317fe9a0796ae9910c858eb97981cf1169579e3a098054b2f866fd66cbc887b69ba45d32f55b83d15ce16857eea5090eb,2018-01-27 23:00:00,25,NO CONTROLS,NO CONTROLS,CLEAR,DARKNESS,PARKED MOTOR VEHICLE,ONE-WAY,STRAIGHT AND LEVEL,DRY,NO DEFECTS,NO INJURY / DRIVE AWAY,"$501 - $1,500",UNABLE TO DETERMINE,NOT APPLICABLE,4137,N,MC VICKER AVE,2,NO INDICATION OF INJURY,0.0,0.0,0.0,0.0,0.0,1.0,0.0,23,7,1
aafb94d3dae9f2f0537542399f3afaebde7ff05179f1c7c622ea380bd413089b4f4b4dea8eb49e470597312c2949c6bc1562ef22b4e95c63406cda61d1acf855,2018-09-09 02:15:00,20,TRAFFIC SIGNAL,FUNCTIONING PROPERLY,CLEAR,"DARKNESS, LIGHTED ROAD",REAR END,ONE-WAY,STRAIGHT AND LEVEL,DRY,NO DEFECTS,NO INJURY / DRIVE AWAY,"OVER $1,500",UNABLE TO DETERMINE,UNABLE TO DETERMINE,4301,S,PULASKI RD,2,NO INDICATION OF INJURY,0.0,0.0,0.0,0.0,0.0,2.0,0.0,2,1,9
403841a4e7b8f496a6a709c16b20046fe46deeb193457e4e15fcd2d3986f845513bb0a409acc390bc5d3b1c4bac5a042154c8ef98bf351095970a13d8acc5198,2023-03-04 17:34:00,30,TRAFFIC SIGNAL,FUNCTIONING PROPERLY,RAIN,DARKNESS,PEDALCYCLIST,NOT DIVIDED,STRAIGHT ON HILLCREST,WET,UNKNOWN,INJURY AND / OR TOW DUE TO CRASH,$500 OR LESS,WEATHER,WEATHER,658,W,ROOSEVELT RD,2,INCAPACITATING INJURY,1.0,0.0,1.0,0.0,0.0,1.0,0.0,17,7,3
c6d42a52366f28aa574c863620b500081f8ca89b987f95cea2089a5df7b22da13d617f52239fa124a5c251ab759597b3bb2bb9fe11adeaeb3c34020c3548ab61,2018-04-27 23:40:00,30,NO CONTROLS,NO CONTROLS,CLEAR,"DARKNESS, LIGHTED ROAD",PARKED MOTOR VEHICLE,ONE-WAY,STRAIGHT AND LEVEL,DRY,NO DEFECTS,INJURY AND / OR TOW DUE TO CRASH,"OVER $1,500",UNABLE TO DETERMINE,NOT APPLICABLE,3611,W,23RD ST,2,NO INDICATION OF INJURY,0.0,0.0,0.0,0.0,0.0,1.0,0.0,23,6,4
022fc65275a0342502e83158b35817ec77c31439400de5d587ce3d9e1dc01a06601a48bc26090a6da4dc086efd6dfe313e23e04b8790faad69a8b907267eba56,2021-11-16 16:50:00,30,TRAFFIC SIGNAL,FUNCTIONING PROPERLY,CLEAR,"DARKNESS, LIGHTED ROAD",SIDESWIPE SAME DIRECTION,DIVIDED - W/MEDIAN BARRIER,STRAIGHT AND LEVEL,DRY,NO DEFECTS,NO INJURY / DRIVE AWAY,"OVER $1,500",UNABLE TO DETERMINE,NOT APPLICABLE,699,N,MICHIGAN AVE,2,NO INDICATION OF INJURY,0.0,0.0,0.0,0.0,0.0,2.0,0.0,16,3,11
cee958b74755c946af34e99d71db3d38f4ed5e983ac6d8815b649cf033d557901435ded0a9b7131bc19ad3bf00c3f0e69e43db7bdd15c2c1fc93c29bf6f3949a,2024-04-09 12:20:00,30,TRAFFIC SIGNAL,FUNCTIONING PROPERLY,CLEAR,DAYLIGHT,FIXED OBJECT,DIVIDED - W/MEDIAN BARRIER,STRAIGHT AND LEVEL,DRY,NO DEFECTS,INJURY AND / OR TOW DUE TO CRASH,"OVER $1,500",UNABLE TO DETERMINE,UNABLE TO DETERMINE,3300,W,ROOSEVELT RD,1,NO INDICATION OF INJURY,0.0,0.0,0.0,0.0,0.0,1.0,0.0,12,3,4
88860b3afdcccd14bdfea281508eb6af2714342526ceb951ae345a13d0f9cc0b6c91c0ec2dd435b4246d626f4f9e41df0a8b107a90ba94a94894b24728d0e962,2021-06-16 20:30:00,15,NO CONTROLS,NO CONTROLS,CLEAR,DAWN,PARKED MOTOR VEHICLE,PARKING LOT,STRAIGHT AND LEVEL,DRY,NO DEFECTS,NO INJURY / DRIVE AWAY,"$501 - $1,500",UNABLE TO DETERMINE,NOT APPLICABLE,1767,W,NORTH SHORE AVE,2,NO INDICATION OF INJURY,0.0,0.0,0.0,0.0,0.0,1.0,0.0,20,4,6
30b60fe73e0f013babd590a8d5e95122b6dfa5606bb3065fbf33c00fa3c9069e9b61e1dc7f9084d86f5b3313bc33ec457abd33d6ec0110828cb22f574d8c818f,2023-11-17 18:53:00,30,TRAFFIC SIGNAL,FUNCTIONING PROPERLY,CLEAR,DAYLIGHT,TURNING,NOT DIVIDED,STRAIGHT AND LEVEL,DRY,NO DEFECTS,NO INJURY / DRIVE AWAY,"$501 - $1,500",FAILING TO YIELD RIGHT-OF-WAY,IMPROPER OVERTAKING/PASSING,13000,S,ELLIS AVE,2,NO INDICATION OF INJURY,0.0,0.0,0.0,0.0,0.0,2.0,0.0,18,6,11
53c2fcca33e64c14594d056767d549dc669f15c64870e4ee54634f68b0bd448fef85d01c370e67ef05ca2f1270c6580db95a045576bd8944d37d3ff3841dc823,2016-09-27 13:00:00,30,TRAFFIC SIGNAL,FUNCTIONING PROPERLY,CLEAR,DAYLIGHT,TURNING,DIVIDED - W/MEDIAN (NOT RAISED),STRAIGHT AND LEVEL,DRY,NO DEFECTS,NO INJURY / DRIVE AWAY,$500 OR LESS,IMPROPER OVERTAKING/PASSING,NOT APPLICABLE,100,S,MICHIGAN AVE,2,NO INDICATION OF INJURY,0.0,0.0,0.0,0.0,0.0,2.0,0.0,13,3,9
540cf5944b9ee306db511385f1615b4068beb55659d515d22877182e548ec84e2817742616428b9b245c8781ad4eb6ef24107ae96b845bf8dcd065b6e05c174c,2024-01-04 15:00:00,30,TRAFFIC SIGNAL,FUNCTIONING PROPERLY,CLEAR,DAYLIGHT,TURNING,NOT DIVIDED,STRAIGHT AND LEVEL,DRY,NO DEFECTS,NO INJURY / DRIVE AWAY,$500 OR LESS,FOLLOWING TOO CLOSELY,FOLLOWING TOO CLOSELY,3159,N,KOSTNER AVE,2,NO INDICATION OF INJURY,0.0,0.0,0.0,0.0,0.0,2.0,0.0,15,5,1
a534de342286ca635704495f2b7147b72819200ad5cb09d1a3d158c415cd52e4465058ec6209880e988c5ccaf20f99e5c85df1956e5410bc1fd7d3085b05be17,2020-12-30 17:10:00,35,TRAFFIC SIGNAL,FUNCTIONING PROPERLY,CLEAR,DUSK,TURNING,T-INTERSECTION,STRAIGHT AND LEVEL,OTHER,NO DEFECTS,INJURY AND / OR TOW DUE TO CRASH,"$501 - $1,500",FAILING TO YIELD RIGHT-OF-WAY,NOT APPLICABLE,1200,S,INDIANA AVE,2,NO INDICATION OF INJURY,0.0,0.0,0.0,0.0,0.0,3.0,0.0,17,4,12
f6e7a611dc5ade16051c63799ad0564e1a2e5cbb3a4e245ce5a452c2ddc60cf565d4a587541cb2a92c4d4319140ad302f64ee084740c5f5c562f14979d7f3edb,2018-06-08 12:45:00,25,UNKNOWN,UNKNOWN,RAIN,DAYLIGHT,PARKED MOTOR VEHICLE,ONE-WAY,STRAIGHT AND LEVEL,WET,UNKNOWN,NO INJURY / DRIVE AWAY,"OVER $1,500",IMPROPER OVERTAKING/PASSING,UNABLE TO DETERMINE,5310,S,LAKE PARK AVE W,2,NO INDICATION OF INJURY,0.0,0.0,0.0,0.0,0.0,2.0,0.0,12,6,6
93b95e20ff86d630ab117b095fc9d8f458e996b1cde67fa36488a9b51abc9b0cc52a30ee978520b6207f2ae5434b1d3a8b4c454e32841d83c22b6e8a98cdcbea,2016-04-02 16:50:00,30,TRAFFIC SIGNAL,FUNCTIONING PROPERLY,CLEAR,DAYLIGHT,REAR END,NOT DIVIDED,STRAIGHT AND LEVEL,WET,NO DEFECTS,NO INJURY / DRIVE AWAY,"OVER $1,500",UNABLE TO DETERMINE,NOT APPLICABLE,39,E,CHICAGO AVE,3,NO INDICATION OF INJURY,0.0,0.0,0.0,0.0,0.0,3.0,0.0,16,7,4
86196ade8a66916cfc96567df5637d1c6df213a780d9f37f41720031c34db04bc7e087a7bb536ca395d3df0b3349d65d612898b9ff4290bd2309cd6acaafac89,2016-10-11 15:37:00,35,NO CONTROLS,NO CONTROLS,CLEAR,DAYLIGHT,PEDESTRIAN,PARKING LOT,STRAIGHT ON GRADE,DRY,NO DEFECTS,INJURY AND / OR TOW DUE TO CRASH,"OVER $1,500",UNABLE TO DETERMINE,UNABLE TO DETERMINE,7455,S,DR MARTIN LUTHER KING JR DR,2,NONINCAPACITATING INJURY,1.0,0.0,0.0,1.0,0.0,1.0,0.0,15,3,10
74ce5342e873142721c85a55b02cf935995592112071d6b115038b5f52a09a22acd4c90048bfc69bf64bc10d64b4f265cbae03284e80de718848739a967a2820,2020-08-17 13:45:00,30,TRAFFIC SIGNAL,FUNCTIONING PROPERLY,CLEAR,DAYLIGHT,REAR END,FOUR WAY,STRAIGHT ON GRADE,DRY,UNKNOWN,INJURY AND / OR TOW DUE TO CRASH,$500 OR LESS,EQUIPMENT - VEHICLE CONDITION,NOT APPLICABLE,10705,S,HALSTED ST,2,NONINCAPACITATING INJURY,1.0,0.0,0.0,1.0,0.0,1.0,0.0,13,2,8
8f5632119805e061c332491074bb4388c7765fbab0003d6b7b69d79a99116542d2fdcccfa44a57ea614e5101d75537df13b3eb491d9083c27c53756658afeef8,2017-04-04 11:00:00,35,NO CONTROLS,NO CONTROLS,CLEAR,DAYLIGHT,REAR END,DIVIDED - W/MEDIAN (NOT RAISED),STRAIGHT AND LEVEL,DRY,NO DEFECTS,NO INJURY / DRIVE AWAY,"OVER $1,500",FOLLOWING TOO CLOSELY,FOLLOWING TOO CLOSELY,8653,S,PULASKI RD,2,NO INDICATION OF INJURY,0.0,0.0,0.0,0.0,0.0,2.0,0.0,11,3,4
ff2d35fcefe961e2687d41ba2f75b3efb7994e1e5b557ed2a1619eceb9e0b5240fb9cd0d9660949112b7c08c903c53e7258f57d57cad443a17249cd7d8280220,2018-02-24 17:30:00,30,TRAFFIC SIGNAL,FUNCTIONING PROPERLY,CLEAR,"DARKNESS, LIGHTED ROAD",REAR END,NOT DIVIDED,STRAIGHT AND LEVEL,DRY,NO DEFECTS,NO INJURY / DRIVE AWAY,"OVER $1,500",NOT APPLICABLE,NOT APPLICABLE,6801,W,BELMONT AVE,2,NO INDICATION OF INJURY,0.0,0.0,0.0,0.0,0.0,2.0,0.0,17,7,2
4106dad59e4832b6d3fbf771ad00c6b9189581052c5b2952c30f3fac4b60809544bf4f0d50f22c00acf89cca0fb74e53d18a33e2ddf530a085c718c3c5c91b59,2020-02-08 01:24:00,30,TRAFFIC SIGNAL,UNKNOWN,CLEAR,"DARKNESS, LIGHTED ROAD",TURNING,FOUR WAY,STRAIGHT AND LEVEL,DRY,NO DEFECTS,INJURY AND / OR TOW DUE TO CRASH,"OVER $1,500",UNABLE TO DETERMINE,NOT APPLICABLE,5900,S,STATE ST,2,NO INDICATION OF INJURY,0.0,0.0,0.0,0.0,0.0,2.0,0.0,1,7,2
d67a9c7f0c90699ba24ce62e5012c1b7fbb524088192c30384893aac43b9caad6856e3e83949612a6ee97fd0110c2ce68b913f6080c3bb9f2ccf8a29ee308ca4,2020-07-13 15:00:00,20,NO CONTROLS,NO CONTROLS,UNKNOWN,UNKNOWN,PARKED MOTOR VEHICLE,NOT DIVIDED,STRAIGHT AND LEVEL,DRY,NO DEFECTS,NO INJURY / DRIVE AWAY,"$501 - $1,500",UNABLE TO DETERMINE,UNABLE TO DETERMINE,2442,W,45TH PL,2,NO INDICATION OF INJURY,0.0,0.0,0.0,0.0,0.0,1.0,0.0,15,2,7
4973b49833fad89e5cd6fe5a0705938bc0b6d147321de122690fe5cfa9f08deffb9ae5df21a795e5b3a71443255f49b3c9db9882a9c104e40aec4732086c5fc0,2021-06-10 13:35:00,30,TRAFFIC SIGNAL,FUNCTIONING PROPERLY,CLEAR,DAYLIGHT,REAR END,NOT DIVIDED,STRAIGHT AND LEVEL,DRY,NO DEFECTS,INJURY AND / OR TOW DUE TO CRASH,"OVER $1,500",UNABLE TO DETERMINE,UNABLE TO DETERMINE,1216,S,ASHLAND AVE,2,NO INDICATION OF INJURY,0.0,0.0,0.0,0.0,0.0,2.0,0.0,13,5,6
fe55a33a5764f5d1eccc60bd55a00cda04b184bbcc41edf0921fb6f255f74933e0f3d7ff93f61266cfaa95b2a5346ec1b140155b9f9b6a244974d19ae19b9067,2020-11-09 15:50:00,30,TRAFFIC SIGNAL,FUNCTIONING PROPERLY,CLEAR,DAYLIGHT,REAR END,NOT DIVIDED,STRAIGHT AND LEVEL,DRY,NO DEFECTS,NO INJURY / DRIVE AWAY,"$501 - $1,500",UNABLE TO DETERMINE,UNABLE TO DETERMINE,6500,S,COTTAGE GROVE AVE,2,NO INDICATION OF INJURY,0.0,0.0,0.0,0.0,0.0,2.0,0.0,15,2,11
56b4a83f98162d1ff00231cb96b65a6f65a7918f8f4d4f06942668fc48da9d761d6514dfd6954354d89d42de56fa8e34f05b129687cc50be696472d80c77eaf5,2016-06-23 20:15:00,30,NO CONTROLS,NO CONTROLS,CLEAR,DUSK,TURNING,DIVIDED - W/MEDIAN (NOT RAISED),STRAIGHT AND LEVEL,DRY,NO DEFECTS,NO INJURY / DRIVE AWAY,"OVER $1,500",FAILING TO YIELD RIGHT-OF-WAY,IMPROPER TURNING/NO SIGNAL,3900,W,MARQUETTE RD,2,NO INDICATION OF INJURY,0.0,0.0,0.0,0.0,0.0,2.0,0.0,20,5,6
f61d3f60e56953c3eff0a6d0d7cba90e84ea2e894fa6c985f372c5aa3aac5d0b9badd647c6b03791d26891d840321a2bbbe95abfe9c8761ccab1776cb90e2b07,2024-03-26 10:24:00,30,NO CONTROLS,NO CONTROLS,RAIN,DAYLIGHT,REAR END,DIVIDED - W/MEDIAN (NOT RAISED),STRAIGHT AND LEVEL,WET,NO DEFECTS,NO INJURY / DRIVE AWAY,$500 OR LESS,UNABLE TO DETERMINE,UNABLE TO DETERMINE,3916,W,87TH ST,2,NO INDICATION OF INJURY,0.0,0.0,0.0,0.0,0.0,2.0,0.0,10,3,3
17e318906bcae035ef86db4bdb52d212c6b0915fc0646bf991ac3b9fa8f00219dad78d172060b3847bde8e9b33a716d4eca2dd434f476c0255371d8ec602e24f,2023-06-01 16:40:00,30,STOP SIGN/FLASHER,FUNCTIONING PROPERLY,CLEAR,DAYLIGHT,ANGLE,NOT DIVIDED,STRAIGHT AND LEVEL,DRY,NO DEFECTS,NO INJURY / DRIVE AWAY,"$501 - $1,500",DISREGARDING OTHER TRAFFIC SIGNS,NOT APPLICABLE,300,W,51ST ST,2,NO INDICATION OF INJURY,0.0,0.0,0.0,0.0,0.0,3.0,0.0,16,5,6
e1ad73a19d6565daf8aaac8e4754ec5feab387d74afe865feae626df90077b7c24a30244dc867aa6112e8fc2316ad3b38517a28384e2aa8d0a930ce73cca5dbf,2021-01-18 01:00:00,30,NO CONTROLS,NO CONTROLS,CLEAR,DARKNESS,PARKED MOTOR VEHICLE,PARKING LOT,STRAIGHT AND LEVEL,DRY,NO DEFECTS,NO INJURY / DRIVE AWAY,"OVER $1,500",UNABLE TO DETERMINE,NOT APPLICABLE,3000,S,ASHLAND AVE,2,NO INDICATION OF INJURY,0.0,0.0,0.0,0.0,0.0,1.0,0.0,1,2,1
4a90313ac8fdd36e3cc42a01757d7caf3f17b6479404e8dd6dffd4658199d7c17169d14c7ef8a74185873f7f363de367927eb4752127a3f1243ce6a69f4dc278,2019-09-13 19:45:00,30,STOP SIGN/FLASHER,OTHER,CLEAR,DAYLIGHT,ANGLE,FOUR WAY,STRAIGHT AND LEVEL,DRY,NO DEFECTS,NO INJURY / DRIVE AWAY,"OVER $1,500",FAILING TO YIELD RIGHT-OF-WAY,NOT APPLICABLE,2259,W,ARMITAGE AVE,2,NO INDICATION OF INJURY,0.0,0.0,0.0,0.0,0.0,4.0,0.0,19,6,9
7245d2f0be0f6ee35d7159a0b07b01315ddba219c60a654a49cf2f21b7e8bb03748f5b36bea7a221159b0d393f1e9d7ff69b79e8e547f38733dbd102bbeeb01b,2023-05-29 09:00:00,30,NO CONTROLS,NO CONTROLS,UNKNOWN,DAYLIGHT,PARKED MOTOR VEHICLE,NOT DIVIDED,STRAIGHT AND LEVEL,DRY,NO DEFECTS,NO INJURY / DRIVE AWAY,"OVER $1,500",UNABLE TO DETERMINE,UNABLE TO DETERMINE,4332,W,26TH ST,2,NO INDICATION OF INJURY,0.0,0.0,0.0,0.0,0.0,1.0,0.0,9,2,5
4775211358965d2ef2f67eb74edd39a6a67e60e0cf10f059c70d986fd22c6d6bb40c85a8739aa197ea7dff00b8388fa44f842b16284971de1517d353a7cf3cc1,2020-03-11 11:20:00,30,NO CONTROLS,NO CONTROLS,CLEAR,DAYLIGHT,PARKED MOTOR VEHICLE,DIVIDED - W/MEDIAN (NOT RAISED),STRAIGHT AND LEVEL,DRY,NO DEFECTS,NO INJURY / DRIVE AWAY,"OVER $1,500",DRIVING SKILLS/KNOWLEDGE/EXPERIENCE,NOT APPLICABLE,3051,W,CERMAK RD,2,NO INDICATION OF INJURY,0.0,0.0,0.0,0.0,0.0,2.0,0.0,11,4,3
a7cace0796f2c9e84fbd168061729ea5234b1ebfe156b672eb404d9a6e29eb7c9ddf46f35fe987bb918e46939c39d69a8ff5bc3f34c9bf1a3a13c22ed8d50de1,2022-07-01 23:08:00,25,NO CONTROLS,NO CONTROLS,CLEAR,DARKNESS,REAR TO FRONT,ONE-WAY,STRAIGHT AND LEVEL,DRY,NO DEFECTS,NO INJURY / DRIVE AWAY,$500 OR LESS,UNABLE TO DETERMINE,UNABLE TO DETERMINE,1365,N,HUDSON AVE,2,NO INDICATION OF INJURY,0.0,0.0,0.0,0.0,0.0,2.0,0.0,23,6,7
e83a22baaa5126a6da044d288ff5cc89220f8676ea4653c7796303750f00659fc4bbe9a16a91b4bba0793856abe034d568cea7fe89cd79fe1a382395707b0172,2018-01-09 14:15:00,30,NO CONTROLS,NO CONTROLS,CLEAR,DAYLIGHT,TURNING,NOT DIVIDED,STRAIGHT AND LEVEL,DRY,NO DEFECTS,NO INJURY / DRIVE AWAY,"$501 - $1,500",FAILING TO REDUCE SPEED TO AVOID CRASH,UNABLE TO DETERMINE,100,W,91ST ST,2,NO INDICATION OF INJURY,0.0,0.0,0.0,0.0,0.0,2.0,0.0,14,3,1
9d192d77d0463630c665fffbf944ef9b7884a6adcab5dcea15266203c91ac30dcf183e1e93e49dbe9a61a1d115a466577500c7a443b1882e250785c01b000a56,2020-01-04 20:23:00,30,OTHER REG. SIGN,OTHER,CLEAR,"DARKNESS, LIGHTED ROAD",SIDESWIPE SAME DIRECTION,DIVIDED - W/MEDIAN BARRIER,STRAIGHT AND LEVEL,DRY,NO DEFECTS,NO INJURY / DRIVE AWAY,"$501 - $1,500",UNABLE TO DETERMINE,IMPROPER OVERTAKING/PASSING,2627,N,WESTERN AVE,2,NO INDICATION OF INJURY,0.0,0.0,0.0,0.0,0.0,3.0,0.0,20,7,1
59f6413ebb03d6d7589d2f1dc1c87bc92e3481fdbc47a196ba1fd3774ff62cfbc130b7e8f054f5dc476b84eb4150d3238170ce0cb6b1c24390aada54c25f65f0,2022-06-01 18:25:00,30,NO CONTROLS,NO CONTROLS,CLEAR,DAYLIGHT,REAR END,NOT DIVIDED,STRAIGHT AND LEVEL,DRY,NO DEFECTS,NO INJURY / DRIVE AWAY,"$501 - $1,500",UNABLE TO DETERMINE,NOT APPLICABLE,3109,N,LOCKWOOD AVE,2,NO INDICATION OF INJURY,0.0,0.0,0.0,0.0,0.0,2.0,0.0,18,4,6
068048e83ff3eedea8e88d04eb8bf797c5eeb84ad9e8bee893b3579445c091ab8b6424f8bca2ba1afcaa29ac61b9f967db102637cab9800223c06ce2d1fa1197,2019-05-12 22:45:00,30,NO CONTROLS,NO CONTROLS,CLEAR,DARKNESS,FIXED OBJECT,NOT DIVIDED,STRAIGHT AND LEVEL,DRY,NO DEFECTS,INJURY AND / OR TOW DUE TO CRASH,"OVER $1,500",DRIVING SKILLS/KNOWLEDGE/EXPERIENCE,UNABLE TO DETERMINE,9600,S,BEVERLY AVE,1,NO INDICATION OF INJURY,0.0,0.0,0.0,0.0,0.0,1.0,0.0,22,1,5
42829a8077b8aceab32e95c05239f276dd65462d25a517c6e246220a18379d777df72636173d38b5e4e00f027c274b7822012ff52c3f4687953dbd16501b7778,2022-09-15 18:10:00,25,STOP SIGN/FLASHER,FUNCTIONING PROPERLY,CLEAR,DARKNESS,REAR END,FOUR WAY,STRAIGHT AND LEVEL,DRY,NO DEFECTS,NO INJURY / DRIVE AWAY,"$501 - $1,500",FAILING TO REDUCE SPEED TO AVOID CRASH,FOLLOWING TOO CLOSELY,648,N,FRANKLIN ST,2,NO INDICATION OF INJURY,0.0,0.0,0.0,0.0,0.0,2.0,0.0,18,5,9