CRASH_RECORD_ID,CRASH_DATE,POSTED_SPEED_LIMIT,TRAFFIC_CONTROL_DEVICE,DEVICE_CONDITION,WEATHER_CONDITION,LIGHTING_CONDITION,FIRST_CRASH_TYPE,TRAFFICWAY_TYPE,ALIGNMENT,ROADWAY_SURFACE_COND,ROAD_DEFECT,CRASH_TYPE,DAMAGE,PRIM_CONTRIBUTORY_CAUSE,SEC_CONTRIBUTORY_CAUSE,STREET_NO,STREET_DIRECTION,STREET_NAME,NUM_UNITS,MOST_SEVERE_INJURY,INJURIES_TOTAL,INJURIES_FATAL,INJURIES_INCAPACITATING,INJURIES_NON_INCAPACITATING,INJURIES_REPORTED_NOT_EVIDENT,INJURIES_NO_INDICATION,INJURIES_UNKNOWN,CRASH_HOUR,CRASH_DAY_OF_WEEK,CRASH_MONTH
97222278936f146333b084b0074090f1bd653ceff9d56d24d70b239228fda3b5b884cac795dadcce23293cb0d6943e44611e45f988937179c4c99078d5bba404,2017-11-15 19:00:00,30,NO CONTROLS,NO CONTROLS,RAIN,DARKNESS,REAR END,DIVIDED - W/MEDIAN (NOT RAISED),STRAIGHT AND LEVEL,WET,NO DEFECTS,INJURY AND / OR TOW DUE TO CRASH,"OVER $1,500",UNABLE TO DETERMINE,NOT APPLICABLE,3532,W,DIVISION ST,2,NONINCAPACITATING INJURY,1.0,0.0,0.0,1.0,0.0,3.0,0.0,19,4,11
13f78ebae8a91fe495f392eed3d85382bedad3761b93eca6a9fee5112063c151aabbdec57270bb03a1bd3e8cdb1800fd94b90c1a9ec130aeb3f53634675f5600,2016-12-04 16:00:00,30,NO CONTROLS,NO CONTROLS,SNOW,"DARKNESS, LIGHTED ROAD",PARKED MOTOR VEHICLE,DIVIDED - W/MEDIAN BARRIER,STRAIGHT AND LEVEL,WET,NO DEFECTS,NO INJURY / DRIVE AWAY,"$501 - $1,500",UNABLE TO DETERMINE,UNABLE TO DETERMINE,4342,N,ASHLAND AVE,2,NO INDICATION OF INJURY,0.0,0.0,0.0,0.0,0.0,2.0,0.0,16,1,12
cfaaa320b7c1525680f94fad8d2946a68efdaf00ca88477207e5ef083fabd35b6aed8bf0a1eca0b44e22663652879f0484e2b69e2969643abf3264db461fbcdd,2022-01-07 18:18:00,25,NO CONTROLS,NO CONTROLS,CLEAR,DARKNESS,PARKED MOTOR VEHICLE,NOT DIVIDED,STRAIGHT AND LEVEL,DRY,NO DEFECTS,NO INJURY / DRIVE AWAY,"OVER $1,500",UNABLE TO DETERMINE,UNABLE TO DETERMINE,2414,N,PARKSIDE AVE,2,NO INDICATION OF INJURY,0.0,0.0,0.0,0.0,0.0,1.0,0.0,18,6,1
e49486dbcaacd5f6cae675cea0470157949b71125774bd19ca6d3bbead1d11c3d396c1a347b785d57afcd0b38a171046c77d16600beb8cc486caa19378ca0fd2,2017-10-07 07:10:00,35,TRAFFIC SIGNAL,FUNCTIONING PROPERLY,CLEAR,DAYLIGHT,ANGLE,DIVIDED - W/MEDIAN (NOT RAISED),STRAIGHT AND LEVEL,WET,NO DEFECTS,INJURY AND / OR TOW DUE TO CRASH,"OVER $1,500",DISREGARDING TRAFFIC SIGNALS,FAILING TO REDUCE SPEED TO AVOID CRASH,1700,W,MONTEREY AVE,2,NO INDICATION OF INJURY,0.0,0.0,0.0,0.0,0.0,2.0,0.0,7,7,10
27b555aba6eb674402cc2c97f59787b1b26efc87306d82caf3ca5add484a479b667b28fd26a0f9e06327266491c167d6a91f4c64c61863b08e8d885e97d9f08b,2018-12-19 07:30:00,15,NO CONTROLS,NO CONTROLS,CLEAR,DAYLIGHT,PARKED MOTOR VEHICLE,ONE-WAY,STRAIGHT AND LEVEL,DRY,NO DEFECTS,NO INJURY / DRIVE AWAY,"OVER $1,500","OPERATING VEHICLE IN ERRATIC, RECKLESS, CARELESS, NEGLIGENT OR AGGRESSIVE MANNER",UNABLE TO DETERMINE,7757,S,PEORIA ST,2,NO INDICATION OF INJURY,0.0,0.0,0.0,0.0,0.0,1.0,0.0,7,4,12
972fd3fa399165ef9654537de27e5ba6c3b6d925c4ea94513b480c947d4e9fbba7b454f552a98ea8e7cc3bf4ab42738e841ce8693ac2ed9abb8aabe5e07b17c0,2016-08-05 15:20:00,30,TRAFFIC SIGNAL,FUNCTIONING PROPERLY,CLEAR,DAYLIGHT,REAR END,NOT DIVIDED,STRAIGHT AND LEVEL,DRY,NO DEFECTS,NO INJURY / DRIVE AWAY,"$501 - $1,500",UNABLE TO DETERMINE,NOT APPLICABLE,300,S,OAKLEY BLVD,2,NO INDICATION OF INJURY,0.0,0.0,0.0,0.0,0.0,2.0,0.0,15,6,8
ac9e888691a3149aa044919b7d83104b5fba47879e72b30a1209443a6fd3877764a8220d35662714cadcf2c6f173cfb3f4958ed0ed62067bbe0017cc2c93e774,2023-06-11 14:00:00,30,UNKNOWN,UNKNOWN,CLOUDY/OVERCAST,DAYLIGHT,PARKED MOTOR VEHICLE,NOT DIVIDED,STRAIGHT AND LEVEL,UNKNOWN,UNKNOWN,NO INJURY / DRIVE AWAY,"$501 - $1,500",IMPROPER TURNING/NO SIGNAL,UNABLE TO DETERMINE,2938,N,BROADWAY,2,NO INDICATION OF INJURY,0.0,0.0,0.0,0.0,0.0,4.0,0.0,14,1,6
f35d017543c7f4b7451d47540f4586233c89c540bfa58077ae47138b16d5136f1592c0356ecc0bbd3deef155deb8214c1802e2dafdf62e55a8dde32a443c597b,2020-12-18 11:25:00,5,NO CONTROLS,NO CONTROLS,CLEAR,DAYLIGHT,REAR TO SIDE,PARKING LOT,STRAIGHT AND LEVEL,DRY,NO DEFECTS,NO INJURY / DRIVE AWAY,"$501 - $1,500",UNABLE TO DETERMINE,NOT APPLICABLE,5250,N,HARLEM AVE,2,NO INDICATION OF INJURY,0.0,0.0,0.0,0.0,0.0,2.0,0.0,11,6,12
612798c7c4943f5251e90371b32fbbbb50494c28c310a8cd727f9146cdaa89257d2b61acbaf69e0f7415e742b24a249eef5d945778014d0c0e9a4d7796492d8a,2018-06-14 08:20:00,30,NO CONTROLS,NO CONTROLS,CLEAR,DAYLIGHT,REAR END,NOT DIVIDED,STRAIGHT AND LEVEL,DRY,NO DEFECTS,NO INJURY / DRIVE AWAY,"OVER $1,500",UNABLE TO DETERMINE,UNABLE TO DETERMINE,5149,W,LAKE ST,2,NO INDICATION OF INJURY,0.0,0.0,0.0,0.0,0.0,2.0,0.0,8,5,6
70a870dee14e4ceeda555f049c15e75028dd7819025bb226934d4bb1de7b64cdbdb249566fc72e3bc179fcdcd4cb90e3d1c1fb2bb499596f3de9fe4c049efbb0,2018-05-11 22:00:00,20,NO CONTROLS,NO CONTROLS,UNKNOWN,"DARKNESS, LIGHTED ROAD",PARKED MOTOR VEHICLE,ONE-WAY,STRAIGHT AND LEVEL,UNKNOWN,NO DEFECTS,NO INJURY / DRIVE AWAY,"OVER $1,500",UNABLE TO DETERMINE,NOT APPLICABLE,6533,S,OAKLEY AVE,2,NO INDICATION OF INJURY,0.0,0.0,0.0,0.0,0.0,1.0,0.0,22,6,5
b0ab577681559cf6c256d0509b0c409359561af05f1afff7371966983abdc1045a57f177bc86198d5ac6bab7cefcf207b3250eebe87f19c296077772422dfd62,2016-09-18 01:35:00,30,TRAFFIC SIGNAL,FUNCTIONING PROPERLY,CLEAR,"DARKNESS, LIGHTED ROAD",ANGLE,NOT DIVIDED,STRAIGHT AND LEVEL,DRY,NO DEFECTS,INJURY AND / OR TOW DUE TO CRASH,"OVER $1,500",UNDER THE INFLUENCE OF ALCOHOL/DRUGS (USE WHEN ARREST IS EFFECTED),NOT APPLICABLE,4400,W,OGDEN AVE,2,NONINCAPACITATING INJURY,1.0,0.0,0.0,1.0,0.0,1.0,0.0,1,1,9
b68654c43a558530eb72e8981db24e8894e679af51ee8475bc5e4f777c81cf081d524d715e637a7a737bc1ed428083e3c9c040cae96a01cb6114e52ec2ea4cbe,2019-06-12 15:05:00,30,NO CONTROLS,NO CONTROLS,CLEAR,DAYLIGHT,TURNING,NOT DIVIDED,STRAIGHT AND LEVEL,WET,NO DEFECTS,NO INJURY / DRIVE AWAY,"OVER $1,500",UNABLE TO DETERMINE,NOT APPLICABLE,6343,N,CALIFORNIA AVE,2,NO INDICATION OF INJURY,0.0,0.0,0.0,0.0,0.0,3.0,0.0,15,4,6
1db886b8cc889662a10b4e549cf507d60b1fdded173d5ac11f949d01ee66b940797030770a8a793bc99018eca42d1d36223f27a119766f85222361f3c476c8db,2020-04-24 14:25:00,30,NO CONTROLS,NO CONTROLS,CLEAR,DAYLIGHT,TURNING,NOT DIVIDED,STRAIGHT AND LEVEL,DRY,NO DEFECTS,INJURY AND / OR TOW DUE TO CRASH,"OVER $1,500",FAILING TO YIELD RIGHT-OF-WAY,NOT APPLICABLE,3154,W,MARQUETTE RD,2,NO INDICATION OF INJURY,0.0,0.0,0.0,0.0,0.0,2.0,0.0,14,6,4
a7173f74333ba29f9c8eaca22eadddb799b6f62ee63e402f40f15573bb14c2ecb8d977406b01b801976e6d96b3e2b5586f7e1af0c6a2c25838ca26292b7d09be,2022-09-23 17:00:00,25,STOP SIGN/FLASHER,NO CONTROLS,CLEAR,DAYLIGHT,SIDESWIPE SAME DIRECTION,ONE-WAY,STRAIGHT AND LEVEL,DRY,NO DEFECTS,NO INJURY / DRIVE AWAY,$500 OR LESS,UNABLE TO DETERMINE,UNABLE TO DETERMINE,3199,W,HOOD AVE,2,NO INDICATION OF INJURY,0.0,0.0,0.0,0.0,0.0,2.0,0.0,17,6,9
ca6ed13a8d628f423f8f2401da1e896636dba93ba68bd66eea17f9b4893ea9ca03ee1a4f0c977f5e73e6c78cad4c77d30fa2435cbcced286b86a67b7ef6a8f9a,2017-11-20 16:21:00,30,TRAFFIC SIGNAL,UNKNOWN,CLEAR,DAYLIGHT,TURNING,DIVIDED - W/MEDIAN (NOT RAISED),STRAIGHT AND LEVEL,DRY,NO DEFECTS,INJURY AND / OR TOW DUE TO CRASH,"OVER $1,500",FAILING TO YIELD RIGHT-OF-WAY,UNABLE TO DETERMINE,6200,N,CLARK ST,2,NO INDICATION OF INJURY,0.0,0.0,0.0,0.0,0.0,2.0,0.0,16,2,11
dc1858efd2be44912cb237d8f50168cea3c70c73d6cfdef9e8ae7ac093b303592396491f901f50a03767d425200610d42033d8565b24caa4ab73ca81e068587f,2018-05-25 09:05:00,30,TRAFFIC SIGNAL,FUNCTIONING PROPERLY,CLEAR,DAYLIGHT,SIDESWIPE SAME DIRECTION,ONE-WAY,STRAIGHT AND LEVEL,DRY,NO DEFECTS,NO INJURY / DRIVE AWAY,"OVER $1,500",FAILING TO YIELD RIGHT-OF-WAY,UNABLE TO DETERMINE,440,W,RANDOLPH ST,2,NO INDICATION OF INJURY,0.0,0.0,0.0,0.0,0.0,2.0,0.0,9,6,5
8e021375ec823be4bc8e08410f5f990d4b04d2a93a920d4a1cfd57ec5c63f48ce04b9624585b67c2654d3ff4883563fffd51adeea54da5057edba8868e419893,2018-07-10 19:30:00,35,TRAFFIC SIGNAL,FUNCTIONING PROPERLY,CLEAR,DUSK,TURNING,NOT DIVIDED,STRAIGHT AND LEVEL,DRY,NO DEFECTS,NO INJURY / DRIVE AWAY,"OVER $1,500","VISION OBSCURED (SIGNS, TREE LIMBS, BUILDINGS, ETC.)",UNABLE TO DETERMINE,6421,W,ARCHER AVE,2,NO INDICATION OF INJURY,0.0,0.0,0.0,0.0,0.0,3.0,0.0,19,3,7
9a158ca147e8402a6919b0de833349b7ee70d57622569737b5131421f1d7d24186d74d1ae4a494eed2ebb83c67008743a35488481c2e04e51a1e95c448d72cc3,2018-03-30 17:20:00,25,NO CONTROLS,NO CONTROLS,CLEAR,DAYLIGHT,ANGLE,PARKING LOT,STRAIGHT AND LEVEL,DRY,NO DEFECTS,NO INJURY / DRIVE AWAY,"$501 - $1,500",UNABLE TO DETERMINE,UNABLE TO DETERMINE,4455,S,PULASKI RD,2,NO INDICATION OF INJURY,0.0,0.0,0.0,0.0,0.0,2.0,0.0,17,6,3
3ad96daeec77370153aa19c026077e610122c2f354fe5d4b603e3dc8ce1e23b0533f690b28af4612e0875d065903a348a5fe9315b3a20e4734fc2f0f5552c3b1,2017-06-12 09:00:00,0,NO CONTROLS,NO CONTROLS,CLEAR,DAYLIGHT,PARKED MOTOR VEHICLE,PARKING LOT,STRAIGHT AND LEVEL,DRY,NO DEFECTS,NO INJURY / DRIVE AWAY,"OVER $1,500",UNABLE TO DETERMINE,UNABLE TO DETERMINE,5050,S,LAKE SHORE DR SB,2,NO INDICATION OF INJURY,0.0,0.0,0.0,0.0,0.0,1.0,0.0,9,2,6
de3ca0507dcfb32caa7bb2d84df31969db801c82024109fed50bcf5d37fd0a253eb5206c12eb85366fbba212ef6d310d47a4a2242e4883eaed613bfb3b27025e,2020-07-09 18:24:00,30,UNKNOWN,UNKNOWN,CLEAR,DAYLIGHT,PARKED MOTOR VEHICLE,NOT DIVIDED,STRAIGHT AND LEVEL,DRY,NO DEFECTS,NO INJURY / DRIVE AWAY,"$501 - $1,500",IMPROPER BACKING,NOT APPLICABLE,1329,W,CHICAGO AVE,2,NO INDICATION OF INJURY,0.0,0.0,0.0,0.0,0.0,1.0,0.0,18,5,7
c7ebf7bece5c23df1d7560ddbc453939d71f0ca44ea8cbb4222991099dbfb8fbb501872f5a9ddadc5201651d566f85d6c73ed7c6e38a79925a90233c95fd9f0c,2021-01-18 22:30:00,30,TRAFFIC SIGNAL,UNKNOWN,CLEAR,"DARKNESS, LIGHTED ROAD",TURNING,FOUR WAY,STRAIGHT AND LEVEL,UNKNOWN,UNKNOWN,NO INJURY / DRIVE AWAY,"OVER $1,500",DISREGARDING TRAFFIC SIGNALS,NOT APPLICABLE,5500,S,KEDZIE AVE,2,NO INDICATION OF INJURY,0.0,0.0,0.0,0.0,0.0,3.0,0.0,22,2,1
25c1457bd093258f0c644c7e8b588d1d50207bcd68ae3b3548d71b8b199cfa3e0efc605e72bbcf9b861c79333af9c3b4499f003aa137b9191990c6cd802ee05c,2017-12-23 00:30:00,30,TRAFFIC SIGNAL,FUNCTIONING PROPERLY,CLEAR,"DARKNESS, LIGHTED ROAD",ANGLE,NOT DIVIDED,STRAIGHT AND LEVEL,DRY,NO DEFECTS,INJURY AND / OR TOW DUE TO CRASH,"OVER $1,500",DISREGARDING TRAFFIC SIGNALS,NOT APPLICABLE,400,E,63RD ST,3,"REPORTED, NOT EVIDENT",3.0,0.0,0.0,0.0,3.0,2.0,0.0,0,7,12
860cfda823e4f2818dcf2fccd2f70e441aa5c84b4387e9e3048cbfa02266fed6c81eb92cdfcd28144916d9aae0a21e3c23bc702a8c294da67b42ea2ab4acfab4,2020-06-13 15:01:00,30,STOP SIGN/FLASHER,FUNCTIONING PROPERLY,CLEAR,DAYLIGHT,PEDESTRIAN,NOT DIVIDED,STRAIGHT AND LEVEL,DRY,UNKNOWN,INJURY AND / OR TOW DUE TO CRASH,"OVER $1,500",FAILING TO REDUCE SPEED TO AVOID CRASH,UNABLE TO DETERMINE,3900,W,JACKSON BLVD,2,NONINCAPACITATING INJURY,1.0,0.0,0.0,1.0,0.0,2.0,0.0,15,7,6
db15c78ca6c04afea3473759e04b0b4dc307d3e4739d3da5b3d3497f3f18867962d3107f1f63825f4e3fc0e6d12d807edefdcaf4f781d0bb3bdc04a2f385b7f2,2022-12-07 19:45:00,30,UNKNOWN,UNKNOWN,UNKNOWN,UNKNOWN,PARKED MOTOR VEHICLE,PARKING LOT,STRAIGHT AND LEVEL,UNKNOWN,UNKNOWN,NO INJURY / DRIVE AWAY,"OVER $1,500",UNABLE TO DETERMINE,UNABLE TO DETERMINE,1220,S,ASHLAND AVE,2,NO INDICATION OF INJURY,0.0,0.0,0.0,0.0,0.0,1.0,0.0,19,4,12
23f5fed62f0d0ff92b4a802bbef07ed9f832b985f082b1d570df7d19bf462edca9dc23ac46feecdd8139d22be99f645a2d05f923100f8ec117a9947b55097314,2017-05-23 09:20:00,30,TRAFFIC SIGNAL,FUNCTIONING PROPERLY,RAIN,DAYLIGHT,REAR END,NOT DIVIDED,STRAIGHT AND LEVEL,WET,NO DEFECTS,NO INJURY / DRIVE AWAY,"OVER $1,500",FOLLOWING TOO CLOSELY,WEATHER,343,N,MICHIGAN AVE,2,NO INDICATION OF INJURY,0.0,0.0,0.0,0.0,0.0,2.0,0.0,9,3,5
fac7ab1ff399ebfa7f3571e1f9cc38ad26c0389e1a074de413e17882d353e55ccb37dd54dca15e03db383bab9a697ad31b05c0e4c4e7464c4acd00546ff963c5,2019-01-03 13:25:00,30,NO CONTROLS,NO CONTROLS,CLEAR,DAYLIGHT,PARKED MOTOR VEHICLE,NOT DIVIDED,STRAIGHT AND LEVEL,DRY,NO DEFECTS,NO INJURY / DRIVE AWAY,"$501 - $1,500",UNABLE TO DETERMINE,UNABLE TO DETERMINE,71,S,FRANKLIN ST,2,NO INDICATION OF INJURY,0.0,0.0,0.0,0.0,0.0,2.0,0.0,13,5,1
f1f8e15f406af1ecf8f3f9122495c6ca31212e8e623693874508ff42a80d523dfd599062442fa34ae4e78d4bd2edadb65e1e21b47504ed09fe35749c25fda685,2023-10-30 16:20:00,30,NO CONTROLS,FUNCTIONING PROPERLY,CLEAR,DAYLIGHT,SIDESWIPE SAME DIRECTION,DIVIDED - W/MEDIAN (NOT RAISED),STRAIGHT AND LEVEL,DRY,UNKNOWN,NO INJURY / DRIVE AWAY,"OVER $1,500",FOLLOWING TOO CLOSELY,UNABLE TO DETERMINE,6659,S,WENTWORTH AVE,2,NO INDICATION OF INJURY,0.0,0.0,0.0,0.0,0.0,2.0,0.0,16,2,10
e41813465e2aabd33613be04c9b85d1d1208878514bbbdca7f1039ff05f3006f16afb3732edb6b19b8aaac24c251896cae73aa5e7a1069642e976a7bd36a947a,2023-11-09 07:55:00,30,STOP SIGN/FLASHER,FUNCTIONING PROPERLY,CLEAR,DAYLIGHT,PARKED MOTOR VEHICLE,DIVIDED - W/MEDIAN (NOT RAISED),STRAIGHT AND LEVEL,DRY,NO DEFECTS,NO INJURY / DRIVE AWAY,"OVER $1,500",IMPROPER OVERTAKING/PASSING,UNABLE TO DETERMINE,1400,S,INDIANA AVE,2,NO INDICATION OF INJURY,0.0,0.0,0.0,0.0,0.0,1.0,0.0,7,5,11
cd80017da6ae69d903274bf6fd3d8743ac71ea2a721cb2ee7254b5e6f9a690160fa3babb8150a5b80c137442c7d519b6454fcce00a3f98333f78def2503f85ab,2023-06-11 01:00:00,30,TRAFFIC SIGNAL,FUNCTIONING PROPERLY,CLEAR,"DARKNESS, LIGHTED ROAD",REAR END,FOUR WAY,STRAIGHT AND LEVEL,DRY,NO DEFECTS,NO INJURY / DRIVE AWAY,"$501 - $1,500",FAILING TO REDUCE SPEED TO AVOID CRASH,TEXTING,801,W,95TH ST,2,NO INDICATION OF INJURY,0.0,0.0,0.0,0.0,0.0,2.0,0.0,1,1,6
e92f4f847858e75cc39841b6bb385bcb39906b440b5267bc28038d3f81d2727ab87f1ba629bf43516b2ca9016a3d8beed451826e48fbf83aaa80257a4b4fae28,2021-01-04 16:30:00,30,NO CONTROLS,NO CONTROLS,CLEAR,"DARKNESS, LIGHTED ROAD",PARKED MOTOR VEHICLE,NOT DIVIDED,STRAIGHT AND LEVEL,DRY,NO DEFECTS,INJURY AND / OR TOW DUE TO CRASH,"OVER $1,500",EQUIPMENT - VEHICLE CONDITION,NOT APPLICABLE,8519,S,DAMEN AVE,3,"REPORTED, NOT EVIDENT",2.0,0.0,0.0,0.0,2.0,0.0,0.0,16,2,1
6c4a225ed58582026767b3f2345652aa9fd8c43a8eb979fc1017f6c4d0d7b1a297e61a5ee95c339486751c12adbabb76e9ab496659c6a67876b504f259ecb164,2017-09-09 17:52:00,30,NO CONTROLS,NO CONTROLS,CLEAR,DAYLIGHT,REAR END,NOT DIVIDED,STRAIGHT ON GRADE,DRY,NO DEFECTS,INJURY AND / OR TOW DUE TO CRASH,"OVER $1,500",FAILING TO REDUCE SPEED TO AVOID CRASH,NOT APPLICABLE,11,E,43RD ST,3,NO INDICATION OF INJURY,0.0,0.0,0.0,0.0,0.0,6.0,0.0,17,7,9
fba4fad3d4d40c80c0289c83f60a4d517cf113b7c17d3c9d9616b795ed71713692f8d29053df6f2104e06dc92995e8b621c97bc484216e6a69f6c22d011afba7,2022-07-30 09:30:00,25,NO CONTROLS,NO CONTROLS,CLEAR,DAYLIGHT,PEDALCYCLIST,NOT DIVIDED,STRAIGHT AND LEVEL,DRY,NO DEFECTS,INJURY AND / OR TOW DUE TO CRASH,"OVER $1,500",IMPROPER TURNING/NO SIGNAL,NOT APPLICABLE,754,W,35TH ST,2,INCAPACITATING INJURY,1.0,0.0,1.0,0.0,0.0,1.0,0.0,9,7,7
0eea311fc795b2bd5c9e78b95dfc0d19ac49cfad1791586af7a3ecf4d0861144402d4d2694362e48a1144e8e221ba5ea3cc6aa78f310888b1cee13336235cebf,2019-07-18 19:45:00,35,NO CONTROLS,NO CONTROLS,CLEAR,DAYLIGHT,SIDESWIPE SAME DIRECTION,DIVIDED - W/MEDIAN (NOT RAISED),STRAIGHT AND LEVEL,DRY,NO DEFECTS,NO INJURY / DRIVE AWAY,"$501 - $1,500",DRIVING SKILLS/KNOWLEDGE/EXPERIENCE,DRIVING SKILLS/KNOWLEDGE/EXPERIENCE,3951,N,CALIFORNIA AVE,2,NO INDICATION OF INJURY,0.0,0.0,0.0,0.0,0.0,4.0,0.0,19,5,7
0476a77d5fd3bb9247a9c0bf3ba233027bf6dba8728e9f8258b827a453097a8f904fa9d0cda6df5d7aa43788a576641a6508265d57270e228c4ea8b9565d3c9a,2023-03-08 18:05:00,25,TRAFFIC SIGNAL,FUNCTIONING PROPERLY,CLEAR,DARKNESS,SIDESWIPE SAME DIRECTION,NOT DIVIDED,STRAIGHT AND LEVEL,DRY,NO DEFECTS,NO INJURY / DRIVE AWAY,$500 OR LESS,UNABLE TO DETERMINE,UNABLE TO DETERMINE,3500,S,STATE ST,2,NO INDICATION OF INJURY,0.0,0.0,0.0,0.0,0.0,4.0,0.0,18,4,3
c39085a3fcc011f3410468b7c57851467878f13c1bbfff2e797190f7e2078f14d96c140968d2a30111ff205f96d63b4495f9acc27eab3c67da3a75cd72db2129,2018-08-30 07:30:00,35,UNKNOWN,NO CONTROLS,CLEAR,DAYLIGHT,REAR END,NOT DIVIDED,STRAIGHT AND LEVEL,DRY,NO DEFECTS,NO INJURY / DRIVE AWAY,"$501 - $1,500",UNABLE TO DETERMINE,NOT APPLICABLE,4606,N,CENTRAL AVE,2,NO INDICATION OF INJURY,0.0,0.0,0.0,0.0,0.0,2.0,0.0,7,5,8
29e62d08bf7a5d77bcd73cb9786e3b80d5ae355b77fa688d1d15616b17821d3a028ebd4a8ba78ed1f1351236a815434a0948a309f7f9d3f0d761738aa14fc276,2021-10-09 10:05:00,30,NO CONTROLS,NO CONTROLS,CLEAR,DAYLIGHT,PARKED MOTOR VEHICLE,PARKING LOT,STRAIGHT AND LEVEL,DRY,NO DEFECTS,NO INJURY / DRIVE AWAY,$500 OR LESS,UNABLE TO DETERMINE,NOT APPLICABLE,1160,N,LARRABEE ST,2,NO INDICATION OF INJURY,0.0,0.0,0.0,0.0,0.0,2.0,0.0,10,7,10
519d7d7b0c1c29990ee68632bafcebafd5bb667a043183d33ec85e5672d52f4671824fec91b1575be0a94677d03a17b5a86a0048556680acc073020cef513f93,2024-04-08 14:08:00,30,STOP SIGN/FLASHER,FUNCTIONING PROPERLY,CLEAR,DAYLIGHT,PEDALCYCLIST,NOT DIVIDED,STRAIGHT AND LEVEL,DRY,NO DEFECTS,INJURY AND / OR TOW DUE TO CRASH,"OVER $1,500",DISREGARDING STOP SIGN,UNABLE TO DETERMINE,6124,W,GUNNISON ST,2,"REPORTED, NOT EVIDENT",1.0,0.0,0.0,0.0,1.0,1.0,0.0,14,2,4
18f28ad9471fcba7670f21b39ce1cfd72cd19b0fa0dd2fce3b82231adf753a138a393b6425ce6b9098171ef5d440021170f52f4bee969512619ad7bfff082155,2024-04-12 21:47:00,30,NO CONTROLS,NO CONTROLS,CLEAR,"DARKNESS, LIGHTED ROAD",PARKED MOTOR VEHICLE,NOT DIVIDED,STRAIGHT AND LEVEL,DRY,NO DEFECTS,NO INJURY / DRIVE AWAY,"OVER $1,500",UNABLE TO DETERMINE,UNABLE TO DETERMINE,3416,N,SOUTHPORT AVE,2,NO INDICATION OF INJURY,0.0,0.0,0.0,0.0,0.0,3.0,0.0,21,6,4
b92ecd067ca61deaefeeb27cd4cb9a9820e552e2541ad5702d3691cc349ea4a1f4c2c0462d2887646c27d70b08e1b7214f6b50fe876f6904132094495be9d274,2023-10-18 00:30:00,30,NO CONTROLS,NO CONTROLS,UNKNOWN,DARKNESS,PARKED MOTOR VEHICLE,NOT DIVIDED,STRAIGHT AND LEVEL,UNKNOWN,UNKNOWN,NO INJURY / DRIVE AWAY,"$501 - $1,500",UNABLE TO DETERMINE,NOT APPLICABLE,1538,N,KEDVALE AVE,2,NO INDICATION OF INJURY,0.0,0.0,0.0,0.0,0.0,1.0,0.0,0,4,10
75a91a9b1ad1bc4059cb41850d405859037769e533701c7df0a9eba1530c8821ce06e179a5e002f601a56102bd5c8d2e43cf2879423f085dc6128de7e4b19ed4,2018-09-28 08:06:00,30,NO CONTROLS,NO CONTROLS,CLEAR,DAYLIGHT,REAR END,DIVIDED - W/MEDIAN (NOT RAISED),STRAIGHT AND LEVEL,DRY,NO DEFECTS,NO INJURY / DRIVE AWAY,$500 OR LESS,UNABLE TO DETERMINE,NOT APPLICABLE,368,E,48TH ST,2,NO INDICATION OF INJURY,0.0,0.0,0.0,0.0,0.0,2.0,0.0,8,6,9
1d562aa3147e40a9206f8982fe6371e3c33d269c70ea95f3fde6119efabcf13b5e63badca4bddf4c1f06940fac0c529ae578e25974c61c8ad9df0b34cf1fca2a,2021-08-25 18:10:00,30,NO CONTROLS,NO CONTROLS,CLEAR,DAYLIGHT,ANGLE,NOT DIVIDED,STRAIGHT AND LEVEL,DRY,NO DEFECTS,INJURY AND / OR TOW DUE TO CRASH,"OVER $1,500",FAILING TO YIELD RIGHT-OF-WAY,NOT APPLICABLE,6721,S,PULASKI RD,2,NONINCAPACITATING INJURY,1.0,0.0,0.0,1.0,0.0,2.0,0.0,18,4,8
fd4e0628c506fedcc4afb086f8a01bbe5cdef462dfd0d11fe6ee735b5ba28b2f8f6e0a65f8c956faaabf406af863e9b211e3c51cab015670e53af0637cb0e86c,2017-05-13 14:52:00,30,TRAFFIC SIGNAL,FUNCTIONING PROPERLY,CLEAR,DAYLIGHT,SIDESWIPE SAME DIRECTION,DIVIDED - W/MEDIAN (NOT RAISED),STRAIGHT AND LEVEL,DRY,NO DEFECTS,NO INJURY / DRIVE AWAY,"OVER $1,500",IMPROPER OVERTAKING/PASSING,NOT APPLICABLE,1510,W,ELMDALE AVE,3,NO INDICATION OF INJURY,0.0,0.0,0.0,0.0,0.0,4.0,0.0,14,7,5
e7a82c758f84e2193e0b3841e9fa686ce6d8a589996a986982ccee27692b4c5f4465788ffc16161756c8a1cdc95df5ffd87c8a5dfc765b674dc1350706fda0b2,2019-06-22 20:15:00,30,TRAFFIC SIGNAL,FUNCTIONING PROPERLY,CLEAR,"DARKNESS, LIGHTED ROAD",REAR END,FOUR WAY,STRAIGHT AND LEVEL,DRY,NO DEFECTS,NO INJURY / DRIVE AWAY,$500 OR LESS,UNABLE TO DETERMINE,NOT APPLICABLE,1700,N,DAMEN AVE,2,NO INDICATION OF INJURY,0.0,0.0,0.0,0.0,0.0,3.0,0.0,20,7,6