CRASH_RECORD_ID,CRASH_DATE,POSTED_SPEED_LIMIT,TRAFFIC_CONTROL_DEVICE,DEVICE_CONDITION,WEATHER_CONDITION,LIGHTING_CONDITION,FIRST_CRASH_TYPE,TRAFFICWAY_TYPE,ALIGNMENT,ROADWAY_SURFACE_COND,ROAD_DEFECT,CRASH_TYPE,DAMAGE,PRIM_CONTRIBUTORY_CAUSE,SEC_CONTRIBUTORY_CAUSE,STREET_NO,STREET_DIRECTION,STREET_NAME,NUM_UNITS,MOST_SEVERE_INJURY,INJURIES_TOTAL,INJURIES_FATAL,INJURIES_INCAPACITATING,INJURIES_NON_INCAPACITATING,INJURIES_REPORTED_NOT_EVIDENT,INJURIES_NO_INDICATION,INJURIES_UNKNOWN,CRASH_HOUR,CRASH_DAY_OF_WEEK,CRASH_MONTH
80d0765b79c2a4d7dcf9103ab13a1992fb111f0aa071f3316e5631b3b876d2d4606b38d01124a08951c83947b8f9224a207b83c6c454ab7c5ce18ea4b15561ce,2023-12-16 17:00:00,30,NO CONTROLS,NO CONTROLS,UNKNOWN,DUSK,REAR END,ONE-WAY,STRAIGHT AND LEVEL,UNKNOWN,UNKNOWN,NO INJURY / DRIVE AWAY,"$501 - $1,500",FOLLOWING TOO CLOSELY,UNABLE TO DETERMINE,100,W,OHIO ST,2,NO INDICATION OF INJURY,0.0,0.0,0.0,0.0,0.0,2.0,0.0,17,7,12
d7f8408e6f6c59f1a24c1ad79098e5a259e039c25f266d74f3cc66a5b0da85dad9d01e711f8de4d190b0dfafca70dea575eb03776eab60b3465f472f23d8354d,2018-06-04 13:07:00,30,NO CONTROLS,NO CONTROLS,CLEAR,DAYLIGHT,SIDESWIPE SAME DIRECTION,NOT DIVIDED,STRAIGHT AND LEVEL,DRY,NO DEFECTS,NO INJURY / DRIVE AWAY,"OVER $1,500",IMPROPER LANE USAGE,UNABLE TO DETERMINE,1446,W,IRVING PARK RD,2,NO INDICATION OF INJURY,0.0,0.0,0.0,0.0,0.0,2.0,0.0,13,2,6
4b03c2befaa5a096711e835f00db1b74159bd70dd7b81c5960bbcf9dd55e31eb80ea5c665e24328878ec87570b100f10fdd646a09f20225fd4190a62d4526c3b,2023-06-11 10:57:00,30,TRAFFIC SIGNAL,FUNCTIONING PROPERLY,CLOUDY/OVERCAST,DAYLIGHT,TURNING,FOUR WAY,STRAIGHT AND LEVEL,WET,NO DEFECTS,NO INJURY / DRIVE AWAY,"OVER $1,500",FAILING TO YIELD RIGHT-OF-WAY,NOT APPLICABLE,1000,N,LAKE SHORE DR,2,NO INDICATION OF INJURY,0.0,0.0,0.0,0.0,0.0,2.0,0.0,10,1,6
7aff6db877dbadaa585be81096cd55665444ddd25a1956619e476d7a6aa128fdc9509438d994728cad282043d7c8d3fec5ea05aabd89da8b8e538e48fcd05dd1,2018-01-15 12:30:00,30,NO CONTROLS,NO CONTROLS,CLEAR,DAYLIGHT,PARKED MOTOR VEHICLE,NOT DIVIDED,STRAIGHT AND LEVEL,WET,NO DEFECTS,NO INJURY / DRIVE AWAY,"OVER $1,500","OPERATING VEHICLE IN ERRATIC, RECKLESS, CARELESS, NEGLIGENT OR AGGRESSIVE MANNER",UNABLE TO DETERMINE,10538,S,WENTWORTH AVE,2,NO INDICATION OF INJURY,0.0,0.0,0.0,0.0,0.0,1.0,0.0,12,2,1
43f35cc615d06d7e2ce0946b7b15c1d845a23e3a8daadbcefd7aa0d2a4ab06f05e049afd89d8454e5aad3bdd85982c05ca96c6d1ebd954fe4f0423e280257d3b,2021-09-03 21:45:00,30,NO CONTROLS,UNKNOWN,CLEAR,DARKNESS,PARKED MOTOR VEHICLE,NOT DIVIDED,STRAIGHT AND LEVEL,DRY,UNKNOWN,INJURY AND / OR TOW DUE TO CRASH,"OVER $1,500",UNABLE TO DETERMINE,NOT APPLICABLE,9910,S,CHARLES ST,2,NO INDICATION OF INJURY,0.0,0.0,0.0,0.0,0.0,1.0,0.0,21,6,9
0956c5df8028abe8ffa1aea9b304ce604da649add5bef4185050cc34f8f89c2f89c1d80f1ad484d0af5d7cdd9e8ed6f9a00f924214bda376577a65e0afcc8282,2019-01-27 10:50:00,30,NO CONTROLS,NO CONTROLS,OTHER,DAYLIGHT,ANGLE,NOT DIVIDED,STRAIGHT AND LEVEL,ICE,NO DEFECTS,NO INJURY / DRIVE AWAY,"OVER $1,500",WEATHER,NOT APPLICABLE,1620,W,WEBSTER AVE,2,NO INDICATION OF INJURY,0.0,0.0,0.0,0.0,0.0,2.0,0.0,10,1,1
58a9a9f22e78441d328eda284c00277e8cdd31e654f51d7f994fdff2669900e2c9c62ac7cc39ad11cf62ec430b71d167f338fe1c55954e5c28ff49a15b90b645,2019-03-19 18:25:00,30,NO CONTROLS,NO CONTROLS,CLEAR,DUSK,ANGLE,DIVIDED - W/MEDIAN (NOT RAISED),STRAIGHT AND LEVEL,DRY,NO DEFECTS,INJURY AND / OR TOW DUE TO CRASH,"OVER $1,500",UNABLE TO DETERMINE,UNABLE TO DETERMINE,11055,S,WESTERN AVE,2,NO INDICATION OF INJURY,0.0,0.0,0.0,0.0,0.0,2.0,0.0,18,3,3
0099406c2ec42c7f12ddc9f026454c8b6d4f03cdb8e9d485c89e5e5d7996ff2852b8685b949ff1d611f5081994ead4ee6d778b8cc8156819b93eed1652115a4c,2020-03-09 14:30:00,30,TRAFFIC SIGNAL,FUNCTIONING PROPERLY,CLEAR,DAYLIGHT,TURNING,DIVIDED - W/MEDIAN (NOT RAISED),STRAIGHT AND LEVEL,WET,NO DEFECTS,INJURY AND / OR TOW DUE TO CRASH,"$501 - $1,500",IMPROPER TURNING/NO SIGNAL,FAILING TO YIELD RIGHT-OF-WAY,2405,N,SACRAMENTO AVE,2,NONINCAPACITATING INJURY,1.0,0.0,0.0,1.0,0.0,1.0,0.0,14,2,3
f0b434f2e8165b3ad2eaf16ca9873890826ae484d3f097c2f16f5b94d44436d42557181be809b9234b97a3e7613f8c089a0c24e028b63a9b38c3639d931ea892,2017-06-06 13:58:00,35,TRAFFIC SIGNAL,FUNCTIONING PROPERLY,CLEAR,DAYLIGHT,REAR END,DIVIDED - W/MEDIAN (NOT RAISED),STRAIGHT AND LEVEL,DRY,NO DEFECTS,NO INJURY / DRIVE AWAY,"OVER $1,500",NOT APPLICABLE,NOT APPLICABLE,498,N,STATE ST,2,NO INDICATION OF INJURY,0.0,0.0,0.0,0.0,0.0,2.0,0.0,13,3,6
2adc9f0bcce34f0c2de7cbfecb7a4e38f9fca01d6a7e9502e0c3fff07d7ea81cc42a9d2468a301e5d13bdf9ddcf42d46772119bfecde731625e3c1349a41d2cf,2023-06-30 07:30:00,35,TRAFFIC SIGNAL,FUNCTIONING PROPERLY,CLEAR,DAYLIGHT,TURNING,DIVIDED - W/MEDIAN (NOT RAISED),STRAIGHT AND LEVEL,DRY,NO DEFECTS,NO INJURY / DRIVE AWAY,"OVER $1,500",FAILING TO YIELD RIGHT-OF-WAY,NOT APPLICABLE,6001,W,ADDISON ST,2,NO INDICATION OF INJURY,0.0,0.0,0.0,0.0,0.0,3.0,0.0,7,6,6
a944f79b25f4f0f9cde69cabdebadf8bd562aeb366411095ccc21e2969417c346ec701c2f14c94414821324f9b5d8555ef8070baa4d2e42c4dfc2797ce7854bf,2018-01-30 08:00:00,30,UNKNOWN,UNKNOWN,UNKNOWN,DAYLIGHT,REAR END,NOT DIVIDED,STRAIGHT AND LEVEL,UNKNOWN,UNKNOWN,NO INJURY / DRIVE AWAY,"OVER $1,500",UNABLE TO DETERMINE,NOT APPLICABLE,2700,N,NARRAGANSETT AVE,2,NO INDICATION OF INJURY,0.0,0.0,0.0,0.0,0.0,2.0,0.0,8,3,1
b8089cfbfc1ef61ccb0aa31ef5adde7d49c2867e626d169892802ac3d9362e9e9d932a643352b4eba54d5a1d6d3234cf045174860ad52e40b8de2541b494713a,2019-08-17 02:55:00,25,NO CONTROLS,NO CONTROLS,CLEAR,"DARKNESS, LIGHTED ROAD",SIDESWIPE OPPOSITE DIRECTION,ONE-WAY,STRAIGHT AND LEVEL,DRY,NO DEFECTS,NO INJURY / DRIVE AWAY,"OVER $1,500","OPERATING VEHICLE IN ERRATIC, RECKLESS, CARELESS, NEGLIGENT OR AGGRESSIVE MANNER",IMPROPER OVERTAKING/PASSING,8129,S,WOODLAWN AVE,2,NO INDICATION OF INJURY,0.0,0.0,0.0,0.0,0.0,1.0,0.0,2,7,8
a3e79105fd6c6c73d724aa8112421921e1fd4c213ef2fed62063fbc7ac71445cdc38f02f97328d6f87fc42017af0c933e2cd476b0d6409b5e0580e2f6d554262,2018-02-18 01:00:00,30,NO CONTROLS,NO CONTROLS,SNOW,UNKNOWN,PARKED MOTOR VEHICLE,ONE-WAY,STRAIGHT AND LEVEL,SNOW OR SLUSH,UNKNOWN,NO INJURY / DRIVE AWAY,"OVER $1,500",UNABLE TO DETERMINE,NOT APPLICABLE,3552,N,LOCKWOOD AVE,2,NO INDICATION OF INJURY,0.0,0.0,0.0,0.0,0.0,1.0,0.0,1,1,2
f4ff64c0437f41bcde7dccded1e7f06d78b4907d40d94507dc94dd381976156504bb2d0c2a9de0aec4f5c9ddc95a07fcb56e3b5d66dcf3508823847992f50ce1,2021-10-03 07:24:00,30,NO CONTROLS,NO CONTROLS,CLEAR,DAYLIGHT,PARKED MOTOR VEHICLE,NOT DIVIDED,STRAIGHT AND LEVEL,DRY,NO DEFECTS,NO INJURY / DRIVE AWAY,"OVER $1,500",UNABLE TO DETERMINE,NOT APPLICABLE,3400,W,LELAND AVE,2,NO INDICATION OF INJURY,0.0,0.0,0.0,0.0,0.0,1.0,0.0,7,1,10
a5b932f7f2b01a388015c67ac7eacc5b31a934a98b0fcea1c377a3c94906f5505996f27fd1c89f685ce3034b9d1e257ef329f64b146ca09829e1de4ab4b1b11b,2017-04-14 16:45:00,30,NO CONTROLS,NO CONTROLS,CLEAR,DAYLIGHT,REAR END,NOT DIVIDED,STRAIGHT AND LEVEL,DRY,NO DEFECTS,NO INJURY / DRIVE AWAY,"OVER $1,500",NOT APPLICABLE,NOT APPLICABLE,1100,W,JACKSON BLVD,2,NO INDICATION OF INJURY,0.0,0.0,0.0,0.0,0.0,2.0,0.0,16,6,4
e3b1480b579888d3e5f23457b72c9370bc361b786235a00c1ce973ff2f366fc86c2f08ce6954d198ebdbcf7db03cdd9e46d1c0381df25a6e98addebdd52cae4b,2021-01-19 13:20:00,30,TRAFFIC SIGNAL,FUNCTIONING PROPERLY,CLEAR,DAYLIGHT,TURNING,FOUR WAY,STRAIGHT AND LEVEL,DRY,UNKNOWN,NO INJURY / DRIVE AWAY,"$501 - $1,500",IMPROPER OVERTAKING/PASSING,IMPROPER OVERTAKING/PASSING,5201,W,MADISON ST,2,NO INDICATION OF INJURY,0.0,0.0,0.0,0.0,0.0,2.0,0.0,13,3,1
d9848f5a4ce52d7718c1d2f9b84b711fbaf37f62dad59ead499bf7b55aba28def466ac4ec22bf27f60e6ea83d6a0d1cb566d70b145a5544c516a409463aa9437,2021-11-04 19:25:00,30,NO CONTROLS,NO CONTROLS,CLEAR,DUSK,REAR END,DIVIDED - W/MEDIAN BARRIER,STRAIGHT AND LEVEL,DRY,UNKNOWN,NO INJURY / DRIVE AWAY,"OVER $1,500",UNABLE TO DETERMINE,NOT APPLICABLE,1600,E,103RD ST,3,NO INDICATION OF INJURY,0.0,0.0,0.0,0.0,0.0,3.0,0.0,19,5,11
149235893fbd09678648b26ef9004c38d91d4826b2df4ec749a2ddec27d1fa5a566eb25424545e9192920dcdd5025bd99e44d8cc4be9cc4930cd536cd4a7b488,2020-05-12 08:30:00,15,NO CONTROLS,NO CONTROLS,CLEAR,DAYLIGHT,HEAD ON,ALLEY,STRAIGHT AND LEVEL,DRY,NO DEFECTS,NO INJURY / DRIVE AWAY,$500 OR LESS,"OPERATING VEHICLE IN ERRATIC, RECKLESS, CARELESS, NEGLIGENT OR AGGRESSIVE MANNER",NOT APPLICABLE,2449,N,LECLAIRE AVE,2,NO INDICATION OF INJURY,0.0,0.0,0.0,0.0,0.0,2.0,0.0,8,3,5
cfd37cfd9ce4c62b69c2b1b0a67ab95f2ad271d80120da3c4b558e9ddffa342b0b61f2bdb9512c07c74c362719114030472ab0af82d6314c189e576c0c301046,2018-01-09 15:38:00,30,TRAFFIC SIGNAL,FUNCTIONING PROPERLY,CLEAR,DAYLIGHT,REAR END,DIVIDED - W/MEDIAN (NOT RAISED),STRAIGHT AND LEVEL,DRY,NO DEFECTS,INJURY AND / OR TOW DUE TO CRASH,"OVER $1,500",FOLLOWING TOO CLOSELY,NOT APPLICABLE,151,W,87TH ST,2,"REPORTED, NOT EVIDENT",1.0,0.0,0.0,0.0,1.0,5.0,0.0,15,3,1
a158cd713c96da611293e50cb6469f0455c06a55289314f6863841d6013ea486fda49480c92d25de654c9bd4cfc2add05543520ba9ed87c489017d27e26e05c1,2019-05-27 14:45:00,30,STOP SIGN/FLASHER,FUNCTIONING PROPERLY,RAIN,DAYLIGHT,TURNING,FOUR WAY,STRAIGHT AND LEVEL,WET,NO DEFECTS,INJURY AND / OR TOW DUE TO CRASH,"OVER $1,500",FAILING TO YIELD RIGHT-OF-WAY,NOT APPLICABLE,1800,W,ARMITAGE AVE,2,"REPORTED, NOT EVIDENT",1.0,0.0,0.0,0.0,1.0,2.0,0.0,14,2,5
a08ba75f7cf1e8a4f6908d686ba876198147af3b8352ca329f86723a33bdfb437c7694cef937b17bc7d58cc185f5c90eb402b4891bbd00386bd6f87af68845e0,2024-01-23 09:03:00,30,NO CONTROLS,NO CONTROLS,RAIN,DAYLIGHT,TURNING,DIVIDED - W/MEDIAN (NOT RAISED),STRAIGHT AND LEVEL,WET,NO DEFECTS,NO INJURY / DRIVE AWAY,"OVER $1,500",UNABLE TO DETERMINE,NOT APPLICABLE,5122,S,ARCHER AVE,2,NO INDICATION OF INJURY,0.0,0.0,0.0,0.0,0.0,2.0,0.0,9,3,1
c3be71a91e30056868d35a92bfb4434f554f48dc375cb55cfcf386abce03ef4af39ec8b2c729d791d27fe87b995c07130c99a42d63b11210722d552e0661265f,2021-01-15 17:56:00,30,TRAFFIC SIGNAL,FUNCTIONING PROPERLY,CLEAR,DARKNESS,SIDESWIPE SAME DIRECTION,NOT DIVIDED,STRAIGHT AND LEVEL,DRY,NO DEFECTS,NO INJURY / DRIVE AWAY,"$501 - $1,500",DISREGARDING ROAD MARKINGS,NOT APPLICABLE,1958,E,79TH ST,2,NO INDICATION OF INJURY,0.0,0.0,0.0,0.0,0.0,2.0,0.0,17,6,1
2f0b8fd051bc3ce21d61ffb7713770ad02fdab21b88851a45568264ae915f17cb63d2f366461383e4f7c2cf7ac7c0b30dc363a5d4cfea79871ed10ec265293b1,2020-11-12 16:00:00,25,NO CONTROLS,NO CONTROLS,CLEAR,DAYLIGHT,PARKED MOTOR VEHICLE,ONE-WAY,STRAIGHT AND LEVEL,DRY,NO DEFECTS,NO INJURY / DRIVE AWAY,"$501 - $1,500",UNABLE TO DETERMINE,UNABLE TO DETERMINE,13357,S,BURLEY AVE,2,NO INDICATION OF INJURY,0.0,0.0,0.0,0.0,0.0,1.0,0.0,16,5,11
ef199e2e416831270b4e6dc385e2d832e310035ba35c2a8c6a427c41a01958f7cce8e2ec430c88100ca0bb422a23c85ad936359592017fc21f4b71c0bd5a6961,2022-01-20 15:58:00,30,NO CONTROLS,NO CONTROLS,CLEAR,DAYLIGHT,PEDESTRIAN,DIVIDED - W/MEDIAN BARRIER,STRAIGHT AND LEVEL,DRY,UNKNOWN,INJURY AND / OR TOW DUE TO CRASH,$500 OR LESS,UNABLE TO DETERMINE,NOT APPLICABLE,10801,S,HALSTED ST,2,NONINCAPACITATING INJURY,1.0,0.0,0.0,1.0,0.0,1.0,0.0,15,5,1
6b05071825fac9f8ed5f05e555cdca0ec3469f421539c52a002a3be88b98aaabd9ec5abbf9babe331f81131baa12e5764088a453317c890fddaf7df97cb51272,2020-06-02 17:00:00,25,NO CONTROLS,NO CONTROLS,UNKNOWN,DUSK,SIDESWIPE SAME DIRECTION,NOT DIVIDED,STRAIGHT AND LEVEL,UNKNOWN,UNKNOWN,NO INJURY / DRIVE AWAY,$500 OR LESS,UNABLE TO DETERMINE,UNABLE TO DETERMINE,10301,S,WENTWORTH AVE,2,NO INDICATION OF INJURY,0.0,0.0,0.0,0.0,0.0,2.0,0.0,17,3,6
50fe0732a78102961414c9bc1765b58b30ff965cdcb2f118e8c1f91dcf86693ead99ca47ca23c0129a037f62b6ff1694dff56b5a810a3b7f08d41134ba4bed92,2017-07-30 20:25:00,30,NO CONTROLS,NO CONTROLS,CLEAR,"DARKNESS, LIGHTED ROAD",REAR END,NOT DIVIDED,STRAIGHT AND LEVEL,DRY,NO DEFECTS,INJURY AND / OR TOW DUE TO CRASH,"OVER $1,500",FOLLOWING TOO CLOSELY,UNABLE TO DETERMINE,5515,S,CALIFORNIA AVE,2,"REPORTED, NOT EVIDENT",2.0,0.0,0.0,0.0,2.0,1.0,0.0,20,1,7
a609d211af16ac8e172c93f0f3201270e5361aa462ea3d19d9d3c516265b4b31c1e7941a55e91c19b19443305cbbbe211adef8110b059d3c290ba7496c4eb563,2020-08-08 13:40:00,25,NO CONTROLS,NO CONTROLS,CLEAR,DAYLIGHT,PARKED MOTOR VEHICLE,NOT DIVIDED,STRAIGHT AND LEVEL,DRY,NO DEFECTS,NO INJURY / DRIVE AWAY,"$501 - $1,500",DRIVING SKILLS/KNOWLEDGE/EXPERIENCE,NOT APPLICABLE,13251,S,VERNON AVE,2,NO INDICATION OF INJURY,0.0,0.0,0.0,0.0,0.0,1.0,0.0,13,7,8
654b429bdd80d10dd0e48ceb575703244c4a3b4b2ce388b3892e318f1025b0817eb69623620ec0c15b822775a0bf9eaf91e27942986fcf28509005b3c83b1aee,2018-04-19 18:07:00,35,NO CONTROLS,NO CONTROLS,CLEAR,DAYLIGHT,REAR END,NOT DIVIDED,STRAIGHT AND LEVEL,DRY,NO DEFECTS,NO INJURY / DRIVE AWAY,"$501 - $1,500",UNABLE TO DETERMINE,NOT APPLICABLE,6231,W,MONTROSE AVE,2,NO INDICATION OF INJURY,0.0,0.0,0.0,0.0,0.0,6.0,0.0,18,5,4
f21f8660cf50ae4f77ec88cad0e17a27d3d17ce84b225a28463ddadcd6fc368c54b00af9105459d6aec134318382c094e32c068223d5bcd996af3e9e37eec71c,2024-02-22 08:00:00,20,NO CONTROLS,NO CONTROLS,CLEAR,DAYLIGHT,PARKED MOTOR VEHICLE,ONE-WAY,STRAIGHT AND LEVEL,DRY,NO DEFECTS,NO INJURY / DRIVE AWAY,"OVER $1,500",NOT APPLICABLE,NOT APPLICABLE,5562,W,FULTON ST,2,NO INDICATION OF INJURY,0.0,0.0,0.0,0.0,0.0,1.0,0.0,8,5,2
8a558c0c401dd4da51dbbf369b9e78f525c48282ef6ec819e66ac26aba15a6f733cf0840ff07f0c6618245ff4c2ef3a2839bbd8e05afe11640084088cc27aa3e,2023-07-23 18:31:00,25,STOP SIGN/FLASHER,FUNCTIONING PROPERLY,CLEAR,DAYLIGHT,ANGLE,T-INTERSECTION,STRAIGHT AND LEVEL,DRY,NO DEFECTS,INJURY AND / OR TOW DUE TO CRASH,"OVER $1,500","OPERATING VEHICLE IN ERRATIC, RECKLESS, CARELESS, NEGLIGENT OR AGGRESSIVE MANNER",DRIVING SKILLS/KNOWLEDGE/EXPERIENCE,9300,S,EMERALD AVE,2,NO INDICATION OF INJURY,0.0,0.0,0.0,0.0,0.0,6.0,0.0,18,1,7
1221e5bd4d76e69104b7dd7ef1b362f55a8e796f88365345d5607e2923c92dd4d6aee862c85926c7a840f9411f026fa0a24f85eb745020413ce4ac5e7046e580,2017-07-29 05:15:00,30,NO CONTROLS,NO CONTROLS,CLEAR,"DARKNESS, LIGHTED ROAD",FIXED OBJECT,DIVIDED - W/MEDIAN (NOT RAISED),STRAIGHT AND LEVEL,DRY,NO DEFECTS,INJURY AND / OR TOW DUE TO CRASH,"OVER $1,500","OPERATING VEHICLE IN ERRATIC, RECKLESS, CARELESS, NEGLIGENT OR AGGRESSIVE MANNER",FAILING TO REDUCE SPEED TO AVOID CRASH,2400,S,LOOMIS ST,1,NO INDICATION OF INJURY,0.0,0.0,0.0,0.0,0.0,1.0,0.0,5,7,7
660ea1c5dd644edd52d96fd59fecceb89c4a2fb5865afaca202ae15214cb1f7645846de1751532c1a4221979980ffdfbb48f246a75b511ccf3eecfde4188bb5f,2022-02-16 10:30:00,30,NO CONTROLS,NO CONTROLS,CLOUDY/OVERCAST,DAYLIGHT,TURNING,ONE-WAY,STRAIGHT AND LEVEL,DRY,UNKNOWN,INJURY AND / OR TOW DUE TO CRASH,"OVER $1,500",IMPROPER LANE USAGE,IMPROPER TURNING/NO SIGNAL,1836,W,WASHINGTON BLVD,2,"REPORTED, NOT EVIDENT",1.0,0.0,0.0,0.0,1.0,1.0,0.0,10,4,2
165b267ba62c315e06d578e471736eaca6d6fccaafd1a7b07563f57e6cd86ff1845a44a91c4d94bb4dbd512c2393be6f5b0c9b786be86256555bda0f37470643,2019-06-22 23:45:00,30,NO CONTROLS,NO CONTROLS,CLEAR,"DARKNESS, LIGHTED ROAD",PARKED MOTOR VEHICLE,NOT DIVIDED,STRAIGHT AND LEVEL,DRY,NO DEFECTS,NO INJURY / DRIVE AWAY,"$501 - $1,500",UNABLE TO DETERMINE,NOT APPLICABLE,4600,S,WOOD ST,3,NO INDICATION OF INJURY,0.0,0.0,0.0,0.0,0.0,1.0,0.0,23,7,6
429e5d18f3ace68e5ef2b0ed736deffd121619e42d32efe2b3f34940c51bf2f8c565ea56878cbf5272f6becd1278cfa185a1b3bd25ecdb4d25e1e2185e84ca09,2022-09-11 17:20:00,30,UNKNOWN,UNKNOWN,UNKNOWN,UNKNOWN,SIDESWIPE SAME DIRECTION,DIVIDED - W/MEDIAN (NOT RAISED),STRAIGHT AND LEVEL,UNKNOWN,UNKNOWN,NO INJURY / DRIVE AWAY,"$501 - $1,500",UNABLE TO DETERMINE,NOT APPLICABLE,6600,N,SHERIDAN RD,2,NO INDICATION OF INJURY,0.0,0.0,0.0,0.0,0.0,2.0,0.0,17,1,9
cc45d5e1d5a37446b0feeff81177a605f62323c7bd54d4f4275cd9adc25f35000578391a512ce87171cc98ac3cbd00511a17f35424d3343e07b9eeb6fe20dc91,2019-07-09 14:10:00,35,NO CONTROLS,FUNCTIONING PROPERLY,CLEAR,DAYLIGHT,TURNING,NOT DIVIDED,STRAIGHT AND LEVEL,DRY,NO DEFECTS,NO INJURY / DRIVE AWAY,"$501 - $1,500",IMPROPER OVERTAKING/PASSING,NOT APPLICABLE,4935,W,LE MOYNE ST,2,NO INDICATION OF INJURY,0.0,0.0,0.0,0.0,0.0,3.0,0.0,14,3,7
21bc3bbf5fc600f68aa25facb3ad0bad62985adbabb7cc4bfccd274b026e77f479ba2c5fc14bd804dc0b0d55b61f9ae8e812297695f69b3f704c8160b78c5e52,2016-09-09 15:00:00,10,NO CONTROLS,NO CONTROLS,CLEAR,DAYLIGHT,SIDESWIPE OPPOSITE DIRECTION,PARKING LOT,STRAIGHT AND LEVEL,DRY,NO DEFECTS,NO INJURY / DRIVE AWAY,"$501 - $1,500",UNABLE TO DETERMINE,UNABLE TO DETERMINE,3350,N,WESTERN AVE,2,NO INDICATION OF INJURY,0.0,0.0,0.0,0.0,0.0,2.0,0.0,15,6,9
5fa1f5b327780b145228c6fd5c64071ddf909274ef5c30ddf01a95800b435496e598620f4baa5e988227b832562ef65e0bd6fd6251760e3b252b8499a1ad0b56,2021-05-06 13:00:00,15,NO CONTROLS,NO CONTROLS,CLOUDY/OVERCAST,DAYLIGHT,SIDESWIPE SAME DIRECTION,NOT DIVIDED,STRAIGHT AND LEVEL,DRY,NO DEFECTS,INJURY AND / OR TOW DUE TO CRASH,"OVER $1,500",UNABLE TO DETERMINE,UNABLE TO DETERMINE,221,W,24TH ST,2,NO INDICATION OF INJURY,0.0,0.0,0.0,0.0,0.0,2.0,0.0,13,5,5
6ccd7bcdfbf9151f17cfb47e422e36889c6e31d744cdc18ac636fd95f7b8a9527f5fa7c4200f35deb8d5226e3b195c69d80b53b60663c6d057f082ece6c08c5d,2022-03-23 19:32:00,30,TRAFFIC SIGNAL,FUNCTIONING PROPERLY,CLOUDY/OVERCAST,"DARKNESS, LIGHTED ROAD",TURNING,FOUR WAY,STRAIGHT AND LEVEL,WET,NO DEFECTS,INJURY AND / OR TOW DUE TO CRASH,"OVER $1,500","OPERATING VEHICLE IN ERRATIC, RECKLESS, CARELESS, NEGLIGENT OR AGGRESSIVE MANNER",FAILING TO REDUCE SPEED TO AVOID CRASH,400,N,OAKLEY BLVD,2,NO INDICATION OF INJURY,0.0,0.0,0.0,0.0,0.0,3.0,0.0,19,4,3
6b81b440b1ff74734b24e6511ee52960c3d7731503b34941c8c92378a8a004b81afc6bd416359731220ddc7fbbf17205d1908f71a0b42a917d294bb5acd5e929,2021-11-10 14:48:00,30,TRAFFIC SIGNAL,FUNCTIONING PROPERLY,CLEAR,DAYLIGHT,REAR END,NOT DIVIDED,STRAIGHT AND LEVEL,DRY,NO DEFECTS,INJURY AND / OR TOW DUE TO CRASH,"OVER $1,500",FAILING TO REDUCE SPEED TO AVOID CRASH,IMPROPER LANE USAGE,5824,N,HARLEM AVE,2,NONINCAPACITATING INJURY,1.0,0.0,0.0,1.0,0.0,1.0,0.0,14,4,11
9d6888e3f14c688084f2485ca7da04c5c64da0ad078ac9363f4c3a5645d9282c76e39be8253367d3661a99fb69ee409f22ac29d54c83017010341b8caaba62d3,2021-11-22 12:00:00,20,UNKNOWN,UNKNOWN,UNKNOWN,UNKNOWN,PARKED MOTOR VEHICLE,UNKNOWN,STRAIGHT AND LEVEL,UNKNOWN,UNKNOWN,NO INJURY / DRIVE AWAY,"$501 - $1,500",UNABLE TO DETERMINE,NOT APPLICABLE,6349,N,PAULINA ST,2,NO INDICATION OF INJURY,0.0,0.0,0.0,0.0,0.0,1.0,0.0,12,2,11
b0cc970746cfa44ae715ff4453dd3cb08e70dfbf7ccdebf8f3baf201ecaa37334be9800604800390b50d7526b4c17980470ca470911583e76d2501b5d450bd5d,2017-09-28 06:25:00,25,NO CONTROLS,NO CONTROLS,CLEAR,DAYLIGHT,REAR END,DIVIDED - W/MEDIAN (NOT RAISED),STRAIGHT AND LEVEL,DRY,NO DEFECTS,NO INJURY / DRIVE AWAY,"$501 - $1,500",UNABLE TO DETERMINE,UNABLE TO DETERMINE,4430,S,KEDZIE AVE,2,NO INDICATION OF INJURY,0.0,0.0,0.0,0.0,0.0,2.0,0.0,6,5,9
ef5682b8315b213c0ba9671fa2d66119cff3988a1c73ff1e9e3f7469a1cc6626f3f0e82f4d37949885a2ea2decfd011a4256c8836d77787a0b152c45cd456754,2018-02-02 01:00:00,30,NO CONTROLS,NO CONTROLS,CLEAR,"DARKNESS, LIGHTED ROAD",REAR END,NOT DIVIDED,STRAIGHT AND LEVEL,DRY,NO DEFECTS,NO INJURY / DRIVE AWAY,"OVER $1,500",FOLLOWING TOO CLOSELY,FOLLOWING TOO CLOSELY,3122,W,TOUHY AVE,2,NO INDICATION OF INJURY,0.0,0.0,0.0,0.0,0.0,2.0,0.0,1,6,2
4e4c4600e0b200f2fa0b75cdb2bcc1d8fad228290a406d124ab1d97d59f58fe9b32f65f6d83a85c71230928b9c1b5bb696676b8742c9d47f5691638a7f9a8615,2021-11-21 05:30:00,30,TRAFFIC SIGNAL,FUNCTIONING PROPERLY,CLEAR,DAYLIGHT,FIXED OBJECT,DIVIDED - W/MEDIAN BARRIER,STRAIGHT AND LEVEL,DRY,NO DEFECTS,INJURY AND / OR TOW DUE TO CRASH,"$501 - $1,500",UNABLE TO DETERMINE,UNABLE TO DETERMINE,2200,N,LAKE SHORE DR SB,1,"REPORTED, NOT EVIDENT",1.0,0.0,0.0,0.0,1.0,0.0,0.0,5,1,11