CRASH_RECORD_ID,CRASH_DATE,POSTED_SPEED_LIMIT,TRAFFIC_CONTROL_DEVICE,DEVICE_CONDITION,WEATHER_CONDITION,LIGHTING_CONDITION,FIRST_CRASH_TYPE,TRAFFICWAY_TYPE,ALIGNMENT,ROADWAY_SURFACE_COND,ROAD_DEFECT,CRASH_TYPE,DAMAGE,PRIM_CONTRIBUTORY_CAUSE,SEC_CONTRIBUTORY_CAUSE,STREET_NO,STREET_DIRECTION,STREET_NAME,NUM_UNITS,MOST_SEVERE_INJURY,INJURIES_TOTAL,INJURIES_FATAL,INJURIES_INCAPACITATING,INJURIES_NON_INCAPACITATING,INJURIES_REPORTED_NOT_EVIDENT,INJURIES_NO_INDICATION,INJURIES_UNKNOWN,CRASH_HOUR,CRASH_DAY_OF_WEEK,CRASH_MONTH
e3091da713d163e3a7dab6492b065de53a8ac9b3f63adb0c7f28967c8aad360dc92a313c000d52acc0164ce781d5b4d42a7ea9412af376b0050eaa0ce87ea591,2023-11-03 08:42:00,30,NO CONTROLS,NO CONTROLS,CLEAR,DAYLIGHT,TURNING,DIVIDED - W/MEDIAN (NOT RAISED),STRAIGHT AND LEVEL,DRY,NO DEFECTS,INJURY AND / OR TOW DUE TO CRASH,"OVER $1,500",IMPROPER LANE USAGE,UNABLE TO DETERMINE,7232,S,WESTERN AVE,2,NONINCAPACITATING INJURY,3.0,0.0,0.0,2.0,1.0,1.0,0.0,8,6,11
f0c65c17206a53559a1fc80eaebd9f02d3b9634336a44b12063daeacafb5c963ebba9a360df79b553a5e9e94f4f8398b5bfb563a399f8f9ae088fbd20a768d04,2020-12-07 15:10:00,30,TRAFFIC SIGNAL,FUNCTIONING PROPERLY,CLEAR,DAYLIGHT,REAR END,DIVIDED - W/MEDIAN (NOT RAISED),STRAIGHT AND LEVEL,DRY,NO DEFECTS,NO INJURY / DRIVE AWAY,"$501 - $1,500",FOLLOWING TOO CLOSELY,DRIVING SKILLS/KNOWLEDGE/EXPERIENCE,3140,W,63RD ST,2,NO INDICATION OF INJURY,0.0,0.0,0.0,0.0,0.0,3.0,0.0,15,2,12
2627284cab649d5e3374c8bfd451a22ad615543863a85ccccf4fed1efad270dc588b1bfdcfbb3466e57b2e196d7a52ce499822f97da9eb3d95f15aa823593566,2021-10-08 12:15:00,30,NO CONTROLS,NO CONTROLS,CLEAR,DAYLIGHT,TURNING,NOT DIVIDED,STRAIGHT AND LEVEL,UNKNOWN,UNKNOWN,INJURY AND / OR TOW DUE TO CRASH,"$501 - $1,500",IMPROPER OVERTAKING/PASSING,IMPROPER LANE USAGE,460,N,DAMEN AVE,2,"REPORTED, NOT EVIDENT",1.0,0.0,0.0,0.0,1.0,3.0,0.0,12,6,10
42b67755f573c68b47e31a74835ba1d351316b97613847f24d2ef38879fd5171835dba401be09e52971430fa76fe1fdf839307592db71a9eb3f27d06941ebae6,2022-08-09 08:37:00,35,TRAFFIC SIGNAL,FUNCTIONING PROPERLY,CLOUDY/OVERCAST,DAYLIGHT,FIXED OBJECT,FOUR WAY,STRAIGHT AND LEVEL,DRY,NO DEFECTS,NO INJURY / DRIVE AWAY,"$501 - $1,500",DRIVING SKILLS/KNOWLEDGE/EXPERIENCE,NOT APPLICABLE,1000,E,111TH ST,1,NO INDICATION OF INJURY,0.0,0.0,0.0,0.0,0.0,1.0,0.0,8,3,8
21f3d7a5a6bd5548637ace77dd3e5db366fb708ec3a3b4aa0b514193b4c161994fcb43e6c457fe7960ee802177f8ec0738837372621da9a3b042a094b2c9bfaf,2022-11-14 23:20:00,15,NO CONTROLS,NO CONTROLS,CLEAR,"DARKNESS, LIGHTED ROAD",FIXED OBJECT,PARKING LOT,STRAIGHT AND LEVEL,DRY,NO DEFECTS,NO INJURY / DRIVE AWAY,"$501 - $1,500","EVASIVE ACTION DUE TO ANIMAL, OBJECT, NONMOTORIST",DISTRACTION - FROM OUTSIDE VEHICLE,4830,W,DIVERSEY AVE,1,NO INDICATION OF INJURY,0.0,0.0,0.0,0.0,0.0,1.0,0.0,23,2,11
b14e3a9407e87f7c130868a9146c7c804b74c11aca0b1bb42c6f8cf67d6f28e6fe0d18814578a21f4b620c48c22f6486e0a5da3524173cdf764e0cc390364ad6,2020-04-07 01:00:00,30,NO CONTROLS,NO CONTROLS,RAIN,"DARKNESS, LIGHTED ROAD",PARKED MOTOR VEHICLE,NOT DIVIDED,STRAIGHT AND LEVEL,WET,NO DEFECTS,INJURY AND / OR TOW DUE TO CRASH,"OVER $1,500",UNABLE TO DETERMINE,WEATHER,2534,W,FULLERTON AVE,2,NO INDICATION OF INJURY,0.0,0.0,0.0,0.0,0.0,1.0,0.0,1,3,4
f84508b881b651b02bda2e475c51f53a794d2b60641120c4ca6a52c30d16dd15ada9ca2b122dd80bd6c0e6a3750e953af3a6e75be148173f2c53736f83d02806,2024-03-18 20:33:00,30,TRAFFIC SIGNAL,FUNCTIONING PROPERLY,CLEAR,"DARKNESS, LIGHTED ROAD",TURNING,NOT DIVIDED,STRAIGHT AND LEVEL,DRY,NO DEFECTS,INJURY AND / OR TOW DUE TO CRASH,"OVER $1,500",FAILING TO YIELD RIGHT-OF-WAY,IMPROPER TURNING/NO SIGNAL,4800,W,NORTH AVE,2,NONINCAPACITATING INJURY,2.0,0.0,0.0,2.0,0.0,2.0,0.0,20,2,3
0136f8dc741baff1b1133db59a54cbfb520e031dad74586ba0a6a468cb33b9e4b39b14f777bf923908bf7d61f3a441e6a8da3dadc47ceaeb9c6d3f97bd76c34a,2020-04-24 22:37:00,25,NO CONTROLS,NO CONTROLS,CLEAR,"DARKNESS, LIGHTED ROAD",FIXED OBJECT,ROUNDABOUT,STRAIGHT AND LEVEL,DRY,NO DEFECTS,INJURY AND / OR TOW DUE TO CRASH,"OVER $1,500",UNABLE TO DETERMINE,FAILING TO REDUCE SPEED TO AVOID CRASH,5802,W,BARRY AVE,1,NONINCAPACITATING INJURY,1.0,0.0,0.0,1.0,0.0,0.0,0.0,22,6,4
2fcd35a7d2711a70a65e51e540f7c2946f84d511c309154789014e37f3aaf78cf53a9a27d58a74a330b8afd37c51682e13230db7f4924381865123b49de6df20,2021-12-11 14:38:00,30,NO CONTROLS,NO CONTROLS,CLEAR,DAYLIGHT,REAR END,DIVIDED - W/MEDIAN (NOT RAISED),STRAIGHT AND LEVEL,DRY,UNKNOWN,INJURY AND / OR TOW DUE TO CRASH,"OVER $1,500",DRIVING SKILLS/KNOWLEDGE/EXPERIENCE,NOT APPLICABLE,2931,W,FOSTER AVE,3,NONINCAPACITATING INJURY,1.0,0.0,0.0,1.0,0.0,3.0,0.0,14,7,12
9411f1d60674d12ba8810f1fdf270d68457250fb2738fb85f3d96ed1243b63d781ae5ba66ba4c4ceee6493c07aea1906d88c53f733265f9ba5e404d9a9b49c01,2023-09-29 14:43:00,30,STOP SIGN/FLASHER,FUNCTIONING PROPERLY,CLEAR,DAYLIGHT,ANGLE,NOT DIVIDED,STRAIGHT AND LEVEL,DRY,NO DEFECTS,NO INJURY / DRIVE AWAY,"OVER $1,500",DISREGARDING STOP SIGN,NOT APPLICABLE,5200,S,KOSTNER AVE,2,NO INDICATION OF INJURY,0.0,0.0,0.0,0.0,0.0,2.0,0.0,14,6,9
098ca4678c3238791212ee9443b7861ea1ada21c1a2b32d024014408704dccf9f4cf74184a15094751baf21618528dcf0b49421ac3f388c6a3d2ddc95eba6b9e,2017-08-26 05:45:00,15,NO CONTROLS,NO CONTROLS,CLEAR,DAWN,PARKED MOTOR VEHICLE,ONE-WAY,STRAIGHT AND LEVEL,DRY,NO DEFECTS,INJURY AND / OR TOW DUE TO CRASH,"OVER $1,500",UNDER THE INFLUENCE OF ALCOHOL/DRUGS (USE WHEN ARREST IS EFFECTED),PHYSICAL CONDITION OF DRIVER,5610,S,NATOMA AVE,5,NO INDICATION OF INJURY,0.0,0.0,0.0,0.0,0.0,1.0,0.0,5,7,8
7b719b5b7e7938ca47ccffa05906965cb95f6ff14f7350b52201d9cc8bee77f8c68a2e96135d828c8fbbfa275b188af90427d183f5ed51dd386e90af2503d572,2021-12-21 13:56:00,30,TRAFFIC SIGNAL,FUNCTIONING PROPERLY,CLEAR,DAYLIGHT,TURNING,FOUR WAY,STRAIGHT AND LEVEL,DRY,NO DEFECTS,INJURY AND / OR TOW DUE TO CRASH,$500 OR LESS,FAILING TO YIELD RIGHT-OF-WAY,NOT APPLICABLE,3100,S,DAMEN AVE,2,NONINCAPACITATING INJURY,1.0,0.0,0.0,1.0,0.0,1.0,0.0,13,3,12
41304a8fd46a2567c2a99df9a8334ebfa3badfaa1b4be8ed66d2547c67cb9377d599283c89909714b5904336480526af8b6d74977fa51673b3ac224844ae8d42,2017-05-25 15:15:00,30,TRAFFIC SIGNAL,FUNCTIONING PROPERLY,CLEAR,DAYLIGHT,SIDESWIPE SAME DIRECTION,ONE-WAY,STRAIGHT AND LEVEL,DRY,NO DEFECTS,NO INJURY / DRIVE AWAY,"$501 - $1,500",IMPROPER OVERTAKING/PASSING,NOT APPLICABLE,100,E,MONROE DR,2,NO INDICATION OF INJURY,0.0,0.0,0.0,0.0,0.0,2.0,0.0,15,5,5
4c4cc0973d8a680680ed06deba95573f7fdf8ac6fea68c84639318b56db66f6c575c15065015792bf3d0ca02725b601fa37d87d4b4e4d04e5c22e06f624a5418,2019-02-27 15:20:00,30,NO CONTROLS,NO CONTROLS,CLEAR,DAYLIGHT,REAR END,OTHER,STRAIGHT AND LEVEL,DRY,NO DEFECTS,NO INJURY / DRIVE AWAY,"$501 - $1,500",NOT APPLICABLE,NOT APPLICABLE,3710,S,CALIFORNIA AVE,2,NO INDICATION OF INJURY,0.0,0.0,0.0,0.0,0.0,2.0,0.0,15,4,2
3468ecff66acd1140b5ce68c4f2fb6fe2f0b5ac683f9eb3eca44b3b794bead4a4c0673d6f192f555f704c6afb3208abc8e89176764d19edac972e8ed908aaff9,2019-01-03 11:05:00,30,NO CONTROLS,NO CONTROLS,CLEAR,DAYLIGHT,PARKED MOTOR VEHICLE,NOT DIVIDED,STRAIGHT AND LEVEL,DRY,NO DEFECTS,NO INJURY / DRIVE AWAY,"$501 - $1,500",UNABLE TO DETERMINE,UNABLE TO DETERMINE,1,S,LOWER WACKER DR,2,NO INDICATION OF INJURY,0.0,0.0,0.0,0.0,0.0,1.0,0.0,11,5,1
388836c65997f7acaf80152bbf79ed551014c7d33095f08cdf8b6cab1ed03b30289e50f512dfbc047ab84a1f20f4b2cdf6738e4d87e59d4467632f76c29c518c,2022-06-16 18:00:00,30,NO CONTROLS,NO CONTROLS,CLEAR,DAYLIGHT,PARKED MOTOR VEHICLE,NOT DIVIDED,STRAIGHT AND LEVEL,DRY,NO DEFECTS,INJURY AND / OR TOW DUE TO CRASH,"OVER $1,500",IMPROPER LANE USAGE,NOT APPLICABLE,10451,S,COTTAGE GROVE AVE,2,NO INDICATION OF INJURY,0.0,0.0,0.0,0.0,0.0,1.0,0.0,18,5,6
0d42c4e03edb65aca0f4df86173c172e812bf0c61c5af0815246a969f6674e46401676a1b971449b23305c499ad9bba322f3858f9f005d9a233defd196ec2518,2017-09-25 18:59:00,30,NO CONTROLS,NO CONTROLS,CLEAR,"DARKNESS, LIGHTED ROAD",PARKED MOTOR VEHICLE,ONE-WAY,STRAIGHT AND LEVEL,DRY,NO DEFECTS,NO INJURY / DRIVE AWAY,"$501 - $1,500",DRIVING SKILLS/KNOWLEDGE/EXPERIENCE,UNABLE TO DETERMINE,8708,S,SAGINAW AVE,2,NO INDICATION OF INJURY,0.0,0.0,0.0,0.0,0.0,1.0,0.0,18,2,9
963def766ed12bb6eb7a379fc8708b68aee80066ee22e931b8267aa823ff8a10394a79cbf7b51738a45a02459ad6bf9eb4c605aa5fef1732dabbe027e4c54057,2017-05-20 12:40:00,30,TRAFFIC SIGNAL,FUNCTIONING PROPERLY,CLOUDY/OVERCAST,DAYLIGHT,ANGLE,NOT DIVIDED,STRAIGHT AND LEVEL,WET,NO DEFECTS,INJURY AND / OR TOW DUE TO CRASH,"OVER $1,500","OPERATING VEHICLE IN ERRATIC, RECKLESS, CARELESS, NEGLIGENT OR AGGRESSIVE MANNER","OPERATING VEHICLE IN ERRATIC, RECKLESS, CARELESS, NEGLIGENT OR AGGRESSIVE MANNER",300,S,CENTRAL AVE,2,NONINCAPACITATING INJURY,2.0,0.0,0.0,2.0,0.0,5.0,0.0,12,7,5
15532af4f0c3a2c3ebc722849d8eb3ae34b64f1ec99eb3a58555649b29a1459fd7f0f8de3188a648393e338b187868e23e1556470208c320c762547ccf20f8c3,2019-08-09 15:45:00,30,NO CONTROLS,NO CONTROLS,CLEAR,DAYLIGHT,REAR END,NOT DIVIDED,STRAIGHT AND LEVEL,DRY,UNKNOWN,NO INJURY / DRIVE AWAY,"$501 - $1,500",FOLLOWING TOO CLOSELY,NOT APPLICABLE,5100,S,HALSTED ST,2,NO INDICATION OF INJURY,0.0,0.0,0.0,0.0,0.0,3.0,0.0,15,6,8
2b8a98904a9bbe2e024f193b43c27e0c0c47b01c4afbee9278a0c65e4bb51cb151f5a7c99d3ce063e0927c55f18792deb96eb517d80ebd71bb4368ae7256fead,2017-10-20 16:40:00,30,TRAFFIC SIGNAL,FUNCTIONING PROPERLY,CLEAR,DAYLIGHT,TURNING,DIVIDED - W/MEDIAN (NOT RAISED),STRAIGHT AND LEVEL,DRY,NO DEFECTS,INJURY AND / OR TOW DUE TO CRASH,"$501 - $1,500",IMPROPER TURNING/NO SIGNAL,NOT APPLICABLE,5101,S,KEDZIE AVE,2,NONINCAPACITATING INJURY,1.0,0.0,0.0,1.0,0.0,2.0,0.0,16,6,10
f23efddafcae4a67e4bfd2e952e73726dbe710ed6b70ab48b5c780a7f734a86c6e11dcbc9563269c0fbb2ac538b60fde479adcd1cb8ec97016352de692b448fa,2018-02-10 09:00:00,15,NO CONTROLS,NO CONTROLS,SNOW,DAYLIGHT,PARKED MOTOR VEHICLE,OTHER,STRAIGHT AND LEVEL,SNOW OR SLUSH,NO DEFECTS,INJURY AND / OR TOW DUE TO CRASH,"OVER $1,500",WEATHER,NOT APPLICABLE,1745,W,33RD ST,2,NO INDICATION OF INJURY,0.0,0.0,0.0,0.0,0.0,1.0,0.0,9,7,2
450adb39f1a53ae3e8d45c98c3f3ee4aa3790502823d5c01c3dc489956dd43d3e05798b4be59893dedbcf047186d16e26bfa43765d44c6d5ee7377baf4cf4a74,2017-01-12 08:45:00,30,TRAFFIC SIGNAL,FUNCTIONING PROPERLY,CLEAR,DAYLIGHT,REAR END,NOT DIVIDED,STRAIGHT AND LEVEL,SNOW OR SLUSH,NO DEFECTS,NO INJURY / DRIVE AWAY,"OVER $1,500",FOLLOWING TOO CLOSELY,FOLLOWING TOO CLOSELY,99,E,BANKS ST,2,NO INDICATION OF INJURY,0.0,0.0,0.0,0.0,0.0,2.0,0.0,8,5,1
fda3394b9b89aa60e495aedd629060fa7d434615e0739388e1d9e88fcf469bae7b821cfe9b3c084b825f0bc149bbc557de27f20c9bcae11e7c66ec87316decc8,2023-02-11 00:05:00,15,NO CONTROLS,NO CONTROLS,CLEAR,"DARKNESS, LIGHTED ROAD",FIXED OBJECT,ALLEY,STRAIGHT AND LEVEL,DRY,NO DEFECTS,INJURY AND / OR TOW DUE TO CRASH,"OVER $1,500",UNABLE TO DETERMINE,UNABLE TO DETERMINE,2534,N,MARMORA AVE,3,NO INDICATION OF INJURY,0.0,0.0,0.0,0.0,0.0,1.0,0.0,0,7,2
4294e7f480511ba854b8c9ec84d03c8dc9f6ec0dde0fb50ca750b9fadaa5a35a46f7bf7f00710e9cf03d32bca902043f76752e5138bd67ccfaa7cdde8cc895db,2018-09-23 00:30:00,25,NO CONTROLS,NO CONTROLS,CLEAR,"DARKNESS, LIGHTED ROAD",PARKED MOTOR VEHICLE,NOT DIVIDED,STRAIGHT AND LEVEL,DRY,NO DEFECTS,NO INJURY / DRIVE AWAY,"OVER $1,500",UNABLE TO DETERMINE,NOT APPLICABLE,5729,W,BLOOMINGDALE AVE,2,NO INDICATION OF INJURY,0.0,0.0,0.0,0.0,0.0,1.0,0.0,0,1,9
45cc7528ff9d4c44f4c54ce967e77aa0969831cc31bc44687ef960903ca03e6a0e83941f869eb1ee3b8e44f0485af6010a7634882641c6770899d5e3f94f761e,2022-06-06 08:25:00,30,NO CONTROLS,NO CONTROLS,RAIN,DAYLIGHT,PEDALCYCLIST,T-INTERSECTION,STRAIGHT AND LEVEL,WET,NO DEFECTS,INJURY AND / OR TOW DUE TO CRASH,$500 OR LESS,UNABLE TO DETERMINE,NOT APPLICABLE,4700,W,BELMONT AVE,2,NONINCAPACITATING INJURY,1.0,0.0,0.0,1.0,0.0,1.0,0.0,8,2,6
29068692e89e4964d093362838cf85697285feb3f85f43913642ed4468a5374af2580169ad5ad7b3b8358be7e2e847645d8049b0084591ac223586b2dafa79b6,2022-02-01 06:30:00,30,NO CONTROLS,NO CONTROLS,CLEAR,"DARKNESS, LIGHTED ROAD",PARKED MOTOR VEHICLE,ONE-WAY,STRAIGHT AND LEVEL,DRY,NO DEFECTS,INJURY AND / OR TOW DUE TO CRASH,"OVER $1,500",IMPROPER BACKING,NOT APPLICABLE,7231,S,MARSHFIELD AVE,2,NONINCAPACITATING INJURY,5.0,0.0,0.0,5.0,0.0,1.0,0.0,6,3,2
dfbe4e982f4db647b493283a53843802b5e1df8253692c0c987b60940dfea42fb79b75719767fe79da0fb2ade33ecae4c9e3988debcb30362ebed57cb4755842,2017-03-04 22:00:00,35,TRAFFIC SIGNAL,FUNCTIONING PROPERLY,CLEAR,"DARKNESS, LIGHTED ROAD",TURNING,DIVIDED - W/MEDIAN BARRIER,STRAIGHT AND LEVEL,DRY,NO DEFECTS,NO INJURY / DRIVE AWAY,"OVER $1,500",IMPROPER OVERTAKING/PASSING,UNABLE TO DETERMINE,5700,S,LAKE SHORE DR,2,NO INDICATION OF INJURY,0.0,0.0,0.0,0.0,0.0,2.0,0.0,22,7,3
3c460c2e6235a58e158bf1eb773d94c8abb720fc1cceb58f5ec71b344e1f3c0f1657412af253fdb11ac703ee58753297615be0880b824b08bfba7fed11d51e19,2022-05-23 01:06:00,30,STOP SIGN/FLASHER,FUNCTIONING PROPERLY,CLEAR,"DARKNESS, LIGHTED ROAD",ANGLE,FOUR WAY,STRAIGHT AND LEVEL,DRY,NO DEFECTS,INJURY AND / OR TOW DUE TO CRASH,"OVER $1,500",NOT APPLICABLE,NOT APPLICABLE,7500,S,INDIANA AVE,2,NO INDICATION OF INJURY,0.0,0.0,0.0,0.0,0.0,2.0,0.0,1,2,5
78b48138fa6c249f09d025d2fb936fa14432e0ae5e2200fb836d098f8345e5b87b918b6ac31fee9fa09aecc8e2e57112ec0e115b197b4aad6243c5f54bbb2707,2023-05-06 20:40:00,20,NO CONTROLS,NO CONTROLS,CLEAR,UNKNOWN,PARKED MOTOR VEHICLE,PARKING LOT,STRAIGHT AND LEVEL,DRY,NO DEFECTS,NO INJURY / DRIVE AWAY,"OVER $1,500",UNABLE TO DETERMINE,UNABLE TO DETERMINE,10509,S,WESTERN AVE,2,NO INDICATION OF INJURY,0.0,0.0,0.0,0.0,0.0,3.0,0.0,20,7,5
1fde6b929294e23114a0c992efd4e5a6e1264cfae8d064b94f93bf8e2c4527289604843b160d71b4905695924d85ba3789481984a309541f3cb56e96654b359e,2022-02-20 09:00:00,30,NO CONTROLS,NO CONTROLS,CLEAR,DAYLIGHT,PARKED MOTOR VEHICLE,NOT DIVIDED,STRAIGHT AND LEVEL,SNOW OR SLUSH,NO DEFECTS,NO INJURY / DRIVE AWAY,"OVER $1,500",UNABLE TO DETERMINE,NOT APPLICABLE,2046,W,HOOD AVE,2,NO INDICATION OF INJURY,0.0,0.0,0.0,0.0,0.0,1.0,0.0,9,1,2
40b53682bcc2214e37c6a79098b77bcca725378235f3b85022af8f1d86f98fc4317da4b911819ab8bfaa056157cf5e07c71f6df8d3efdbc4187e1c4f23dd199b,2017-10-01 04:45:00,30,NO CONTROLS,NO CONTROLS,CLEAR,"DARKNESS, LIGHTED ROAD",PARKED MOTOR VEHICLE,DIVIDED - W/MEDIAN (NOT RAISED),STRAIGHT AND LEVEL,DRY,NO DEFECTS,INJURY AND / OR TOW DUE TO CRASH,"$501 - $1,500",UNABLE TO DETERMINE,UNABLE TO DETERMINE,2914,W,ADDISON ST,2,NO INDICATION OF INJURY,0.0,0.0,0.0,0.0,0.0,1.0,0.0,4,1,10
d13f06b60dc39fe4bfaa66a974d648995286ebb11ee3bdb91ae2f6fa998cf75951b977c8359a6edc6454e54609c42886e98842ebc560dfdf35468fbbc75b7226,2023-06-14 12:22:00,55,NO CONTROLS,NO CONTROLS,CLEAR,DAYLIGHT,REAR END,DIVIDED - W/MEDIAN BARRIER,STRAIGHT AND LEVEL,DRY,NO DEFECTS,NO INJURY / DRIVE AWAY,$500 OR LESS,FOLLOWING TOO CLOSELY,UNABLE TO DETERMINE,10000,W,OHARE ST,2,NO INDICATION OF INJURY,0.0,0.0,0.0,0.0,0.0,10.0,0.0,12,4,6
4b27209403a5a6966d7d9336323d645e24a180b6277c5fc97db9c360adac8283b73c014fde323a65860827547ba94ac27e05e63e95780772e78ba2ceb3b7078c,2022-07-05 15:47:00,30,TRAFFIC SIGNAL,FUNCTIONING PROPERLY,UNKNOWN,DAYLIGHT,REAR END,FOUR WAY,STRAIGHT AND LEVEL,UNKNOWN,UNKNOWN,NO INJURY / DRIVE AWAY,"OVER $1,500",UNABLE TO DETERMINE,UNABLE TO DETERMINE,807,W,ROOSEVELT RD,2,NO INDICATION OF INJURY,0.0,0.0,0.0,0.0,0.0,2.0,0.0,15,3,7
cc86dca2c8ff1368e31a07d67ba0d2ec94230f882fd7b30a8a3d252a7bf2317737186ad4cb21c9e8f3d226cd9e84d06a71b3d0d5c55368c2cddfdccd997c06c6,2021-04-09 22:25:00,30,NO CONTROLS,NO CONTROLS,CLEAR,"DARKNESS, LIGHTED ROAD",SIDESWIPE SAME DIRECTION,NOT DIVIDED,STRAIGHT AND LEVEL,DRY,NO DEFECTS,NO INJURY / DRIVE AWAY,"OVER $1,500",IMPROPER OVERTAKING/PASSING,FAILING TO YIELD RIGHT-OF-WAY,1033,W,18TH ST,2,NO INDICATION OF INJURY,0.0,0.0,0.0,0.0,0.0,3.0,0.0,22,6,4
ecf7d0317ed6f2a7264fbc3533fa8077c050a46b374fc3080075f3bdf378e71c48505e7a7c19266ce04a22667c80ee0178ff70aba5ccaa99f282ac7ffe6d7c6d,2018-10-08 20:15:00,30,NO CONTROLS,NO CONTROLS,CLEAR,DARKNESS,REAR END,NOT DIVIDED,STRAIGHT AND LEVEL,DRY,NO DEFECTS,NO INJURY / DRIVE AWAY,"OVER $1,500",FOLLOWING TOO CLOSELY,NOT APPLICABLE,6300,N,CALDWELL AVE,2,NO INDICATION OF INJURY,0.0,0.0,0.0,0.0,0.0,2.0,0.0,20,2,10
0919ebec0b8b1a45dd839000d0ebd09570e206378bc2618d992f2801d1d3dcb66814da6880a866166518011cb85b47df25df1eccbe7571e58dd21e36d4f65e04,2023-08-08 05:55:00,30,TRAFFIC SIGNAL,FUNCTIONING PROPERLY,CLEAR,DAYLIGHT,TURNING,NOT DIVIDED,STRAIGHT ON GRADE,DRY,NO DEFECTS,NO INJURY / DRIVE AWAY,"$501 - $1,500",FOLLOWING TOO CLOSELY,NOT APPLICABLE,400,W,BELMONT AVE,2,NO INDICATION OF INJURY,0.0,0.0,0.0,0.0,0.0,2.0,0.0,5,3,8
68916cda701d0a49c9cafc4e2ffb1a8ede86320d214148cc66fa8a4bc485b3d15dba764066f17daca2d7abde61711dcc5975145de1c5c52b3d4add90bd7f94ef,2023-11-20 17:50:00,30,TRAFFIC SIGNAL,FUNCTIONING PROPERLY,RAIN,"DARKNESS, LIGHTED ROAD",PEDESTRIAN,FOUR WAY,STRAIGHT AND LEVEL,WET,NO DEFECTS,INJURY AND / OR TOW DUE TO CRASH,$500 OR LESS,FAILING TO YIELD RIGHT-OF-WAY,DRIVING SKILLS/KNOWLEDGE/EXPERIENCE,4601,N,BROADWAY,2,NONINCAPACITATING INJURY,1.0,0.0,0.0,1.0,0.0,2.0,0.0,17,2,11
eb5e266af8717505f0a2fa8bc033669d0b6eaaa964e61ddfe57e0b7e6c16205dcb1c004ea675ea0863d6d0ed91f0af2989ca1c32a7df7a9c9fb68b133d8b2b05,2023-08-07 15:50:00,30,NO CONTROLS,NO CONTROLS,CLEAR,DAYLIGHT,TURNING,DIVIDED - W/MEDIAN (NOT RAISED),STRAIGHT AND LEVEL,DRY,NO DEFECTS,INJURY AND / OR TOW DUE TO CRASH,"OVER $1,500",FOLLOWING TOO CLOSELY,FOLLOWING TOO CLOSELY,1135,W,59TH ST,2,NO INDICATION OF INJURY,0.0,0.0,0.0,0.0,0.0,2.0,0.0,15,2,8
894e893ab8032b90ea193ce21ac1ac1c6cddc194573e6cfce7a7ee113893ddf727cd9371249035ed67fee53ef99cc0fb304f12e8f0f0ca5c1bcc180efb5ef2ab,2023-01-01 03:19:00,30,NO CONTROLS,NO CONTROLS,RAIN,"DARKNESS, LIGHTED ROAD",SIDESWIPE SAME DIRECTION,NOT DIVIDED,STRAIGHT AND LEVEL,WET,UNKNOWN,INJURY AND / OR TOW DUE TO CRASH,"OVER $1,500",IMPROPER OVERTAKING/PASSING,FAILING TO REDUCE SPEED TO AVOID CRASH,3067,N,ELSTON AVE,2,NO INDICATION OF INJURY,0.0,0.0,0.0,0.0,0.0,2.0,0.0,3,1,1
6a8e686a5680891206a035387768d1e22fa98a1678e8a53d6046314e0c92099ebebe0f30bcd77230560bac9390d70a9e30f9d3b01c131e70574cf8158cac0722,2018-07-05 18:32:00,30,NO CONTROLS,NO CONTROLS,RAIN,DAYLIGHT,TURNING,NOT DIVIDED,STRAIGHT AND LEVEL,WET,UNKNOWN,NO INJURY / DRIVE AWAY,"$501 - $1,500",IMPROPER OVERTAKING/PASSING,NOT APPLICABLE,3199,W,HOWARD ST,2,NO INDICATION OF INJURY,0.0,0.0,0.0,0.0,0.0,2.0,0.0,18,5,7
89d76d0ae612af9691d35033cf741a3d2a1c57146384acadce5738798997b07b2d983174f012b3ccdd12726e1b7ef2a25a7d5ce64040325c7992628951ada01f,2020-09-12 06:30:00,25,NO CONTROLS,NO CONTROLS,RAIN,DAYLIGHT,SIDESWIPE SAME DIRECTION,NOT DIVIDED,STRAIGHT AND LEVEL,WET,NO DEFECTS,NO INJURY / DRIVE AWAY,"$501 - $1,500",UNABLE TO DETERMINE,UNABLE TO DETERMINE,6614,N,ROCKWELL ST,2,NO INDICATION OF INJURY,0.0,0.0,0.0,0.0,0.0,2.0,0.0,6,7,9
23f372497a6eef48f4b5f7071114013ed9a5e5de993f6d6946d4ebc5e53490c597348d7daba2e761c5f0bdc2494c914c109374f829269f7af1bfad4897f30955,2019-01-27 10:05:00,30,NO CONTROLS,NO CONTROLS,CLEAR,DAYLIGHT,FIXED OBJECT,ONE-WAY,STRAIGHT AND LEVEL,ICE,NO DEFECTS,INJURY AND / OR TOW DUE TO CRASH,"OVER $1,500",EXCEEDING SAFE SPEED FOR CONDITIONS,FAILING TO REDUCE SPEED TO AVOID CRASH,715,N,RACINE AVE,2,NO INDICATION OF INJURY,0.0,0.0,0.0,0.0,0.0,1.0,0.0,10,1,1