CRASH_RECORD_ID,CRASH_DATE,POSTED_SPEED_LIMIT,TRAFFIC_CONTROL_DEVICE,DEVICE_CONDITION,WEATHER_CONDITION,LIGHTING_CONDITION,FIRST_CRASH_TYPE,TRAFFICWAY_TYPE,ALIGNMENT,ROADWAY_SURFACE_COND,ROAD_DEFECT,CRASH_TYPE,DAMAGE,PRIM_CONTRIBUTORY_CAUSE,SEC_CONTRIBUTORY_CAUSE,STREET_NO,STREET_DIRECTION,STREET_NAME,NUM_UNITS,MOST_SEVERE_INJURY,INJURIES_TOTAL,INJURIES_FATAL,INJURIES_INCAPACITATING,INJURIES_NON_INCAPACITATING,INJURIES_REPORTED_NOT_EVIDENT,INJURIES_NO_INDICATION,INJURIES_UNKNOWN,CRASH_HOUR,CRASH_DAY_OF_WEEK,CRASH_MONTH
7fbe2629a0ddb4773b0baa70b9d37f024863abdae381e7bee60c0993de178612a44cedb75ae7c1e74e0d73455d8feaac337f9b9703a4b6b12f198421973f4487,2019-11-22 08:40:00,35,NO CONTROLS,NO CONTROLS,CLEAR,DAYLIGHT,PARKED MOTOR VEHICLE,ONE-WAY,STRAIGHT AND LEVEL,DRY,NO DEFECTS,NO INJURY / DRIVE AWAY,"OVER $1,500","VISION OBSCURED (SIGNS, TREE LIMBS, BUILDINGS, ETC.)",NOT APPLICABLE,501,N,DEARBORN ST,2,NO INDICATION OF INJURY,0.0,0.0,0.0,0.0,0.0,1.0,0.0,8,6,11
145f54f5d7b422972b7ecb91540837aa0aaf4fc46f7c96b0771baf1496af454bfa1a4d4887a19df01e947334520f99e7d59cc35e6d854e5ff25705ce5640dfdb,2017-08-15 15:45:00,0,NO CONTROLS,NO CONTROLS,CLEAR,DAYLIGHT,ANGLE,PARKING LOT,STRAIGHT AND LEVEL,DRY,NO DEFECTS,NO INJURY / DRIVE AWAY,"$501 - $1,500",DRIVING SKILLS/KNOWLEDGE/EXPERIENCE,UNABLE TO DETERMINE,7900,S,PERRY AVE,2,NO INDICATION OF INJURY,0.0,0.0,0.0,0.0,0.0,3.0,0.0,15,3,8
200ccd64128e3da1e19b6bef8f4a3075b510b0b89dfb6e53f3f3d6f3e6122007a6fade38e43642848b20957d79dc772c5320caa5d1914b476309778cebbe76a3,2019-01-18 12:33:00,30,TRAFFIC SIGNAL,FUNCTIONING PROPERLY,CLEAR,DAYLIGHT,REAR END,NOT DIVIDED,STRAIGHT AND LEVEL,DRY,NO DEFECTS,NO INJURY / DRIVE AWAY,"OVER $1,500",UNABLE TO DETERMINE,UNABLE TO DETERMINE,1005,W,ROOSEVELT RD,2,NO INDICATION OF INJURY,0.0,0.0,0.0,0.0,0.0,4.0,0.0,12,6,1
ea139d25c6d5c836c2f8507f6331691deeac33cad8b44a6cbc46a76519455db1572bf0963dbf7a2640e8d9f9fc1bc2176584f5da64615f6a2a084493d2a32284,2017-12-14 07:55:00,30,TRAFFIC SIGNAL,FUNCTIONING PROPERLY,CLEAR,DAYLIGHT,REAR END,DIVIDED - W/MEDIAN (NOT RAISED),STRAIGHT AND LEVEL,DRY,NO DEFECTS,NO INJURY / DRIVE AWAY,"$501 - $1,500",UNABLE TO DETERMINE,NOT APPLICABLE,2437,W,GRAND AVE,2,NO INDICATION OF INJURY,0.0,0.0,0.0,0.0,0.0,2.0,0.0,7,5,12
635679a19c828b667ec5dd1b4e87ec04f3077d71b14a8fb9cc2b856aa23698e74185e1ffaac2c9a86a7fee1f471138fd21c2eceed5d9239dbb91d860c70fdc9b,2023-08-03 15:53:00,45,STOP SIGN/FLASHER,FUNCTIONING PROPERLY,CLEAR,DAYLIGHT,TURNING,FOUR WAY,STRAIGHT AND LEVEL,DRY,NO DEFECTS,INJURY AND / OR TOW DUE TO CRASH,"OVER $1,500",FAILING TO YIELD RIGHT-OF-WAY,DISTRACTION - FROM OUTSIDE VEHICLE,1200,W,CERMAK RD,2,NO INDICATION OF INJURY,0.0,0.0,0.0,0.0,0.0,3.0,0.0,15,5,8
cbeaca0ce93137b1a6afe8fd77043116fc5940efcdc81f4bf9c769a75e838bc1601815e3ac67380547b7c318c628096c386f1ee084b7fb2957f038c3d4e7a322,2021-10-22 09:44:00,30,OTHER RAILROAD CROSSING,NO CONTROLS,CLEAR,DAYLIGHT,FIXED OBJECT,NOT DIVIDED,STRAIGHT AND LEVEL,DRY,UNKNOWN,NO INJURY / DRIVE AWAY,"OVER $1,500",NOT APPLICABLE,NOT APPLICABLE,2110,S,KEDZIE AVE,1,NO INDICATION OF INJURY,0.0,0.0,0.0,0.0,0.0,1.0,0.0,9,6,10
87f7361836bcebfaa68866b9a1b0bc2c72584e596a7a7f0ead8d92f2f2258d16719fa5144be84821baa8bafc5fa138f6d9893dacc95caa5a904d0b16bf613db0,2020-10-27 09:38:00,30,NO CONTROLS,FUNCTIONING PROPERLY,RAIN,DAYLIGHT,SIDESWIPE OPPOSITE DIRECTION,DIVIDED - W/MEDIAN (NOT RAISED),STRAIGHT AND LEVEL,WET,NO DEFECTS,NO INJURY / DRIVE AWAY,"OVER $1,500",FAILING TO YIELD RIGHT-OF-WAY,NOT APPLICABLE,3505,N,KIMBALL AVE,2,NO INDICATION OF INJURY,0.0,0.0,0.0,0.0,0.0,2.0,0.0,9,3,10
f6343358c24e4ff26e73b2d58973f0a51478fb271938e94c0235e95078a3b962f84ab22f5a77b50df23c0d0a1696c84548c329d84c381835f60f2047200242b0,2022-11-23 17:55:00,30,TRAFFIC SIGNAL,FUNCTIONING PROPERLY,CLEAR,DARKNESS,PARKED MOTOR VEHICLE,ONE-WAY,STRAIGHT AND LEVEL,DRY,UNKNOWN,NO INJURY / DRIVE AWAY,"$501 - $1,500",FAILING TO REDUCE SPEED TO AVOID CRASH,UNABLE TO DETERMINE,301,E,35TH ST,2,NO INDICATION OF INJURY,0.0,0.0,0.0,0.0,0.0,1.0,0.0,17,4,11
9855822a0e9eb175be210f5ebd1bda69ab59bb776c41a4db5bfc4c0ff795e599a87ac978ac8a3bd16ad20b22bfdb43e39c26623ec0053163ea082f2b1c8f7ecf,2022-05-07 11:25:00,30,TRAFFIC SIGNAL,NO CONTROLS,CLEAR,DAYLIGHT,REAR END,FOUR WAY,STRAIGHT AND LEVEL,DRY,NO DEFECTS,NO INJURY / DRIVE AWAY,"$501 - $1,500",FAILING TO YIELD RIGHT-OF-WAY,NOT APPLICABLE,6300,S,CICERO AVE,2,NO INDICATION OF INJURY,0.0,0.0,0.0,0.0,0.0,2.0,0.0,11,7,5
6805ea793d59faccba6aa3a70e19c1be7804f36915d8ac7160ab86852a3d8327364e04b75f4d8451ced10fd913c62dfc8e3ef26ed5c7531647b165eadf47f456,2019-01-28 17:50:00,30,TRAFFIC SIGNAL,FUNCTIONING PROPERLY,CLEAR,DAYLIGHT,REAR END,DIVIDED - W/MEDIAN BARRIER,STRAIGHT AND LEVEL,SNOW OR SLUSH,NO DEFECTS,NO INJURY / DRIVE AWAY,"$501 - $1,500",FOLLOWING TOO CLOSELY,NOT APPLICABLE,2170,W,OGDEN AVE,2,NO INDICATION OF INJURY,0.0,0.0,0.0,0.0,0.0,2.0,0.0,17,2,1
b91d95e88496ec75134ec8f932748f065b7cc36679c6867d03d8f6a411c8430e7cdc2aee501fc6ce51c3c4e3bf3638f9feb4444c9c61916e21b73bfe05ee8530,2021-09-07 17:16:00,30,STOP SIGN/FLASHER,FUNCTIONING PROPERLY,RAIN,DAYLIGHT,ANGLE,FOUR WAY,STRAIGHT AND LEVEL,WET,NO DEFECTS,INJURY AND / OR TOW DUE TO CRASH,"OVER $1,500",UNABLE TO DETERMINE,UNABLE TO DETERMINE,7300,S,CALUMET AVE,2,NO INDICATION OF INJURY,0.0,0.0,0.0,0.0,0.0,2.0,0.0,17,3,9
419e5c3f02f083c3da7002178217b73d0b83474bf4427f36a07d79f4303939ffb6689a04fee626ba8e8fb051c383fd22ff656706ddd6c1fe193ba668873c2245,2023-05-21 18:00:00,10,NO CONTROLS,NO CONTROLS,CLEAR,DAYLIGHT,ANGLE,PARKING LOT,STRAIGHT AND LEVEL,DRY,NO DEFECTS,NO INJURY / DRIVE AWAY,$500 OR LESS,UNABLE TO DETERMINE,NOT APPLICABLE,3954,W,CERMAK RD,2,NO INDICATION OF INJURY,0.0,0.0,0.0,0.0,0.0,2.0,0.0,18,1,5
debb34f13596829a0158f33a075ce853d47426623f450a1418df4df6284ce5d7efeec5584b9ef9674ecf3711f515fcfb895095f1adaea785ca73f612bd58a937,2020-09-23 04:00:00,30,NO CONTROLS,NO CONTROLS,CLEAR,DARKNESS,OTHER OBJECT,OTHER,STRAIGHT AND LEVEL,DRY,NO DEFECTS,INJURY AND / OR TOW DUE TO CRASH,"OVER $1,500",HAD BEEN DRINKING (USE WHEN ARREST IS NOT MADE),NOT APPLICABLE,8642,S,WABASH AVE,1,NO INDICATION OF INJURY,0.0,0.0,0.0,0.0,0.0,1.0,0.0,4,4,9
5c44e631718fd057700caf159ba736ee41bfcac70f074190211e751640517abc9741d0a457f0096256a962fd14f9bf76b1ef45e807de5a2c84f9657fe984ef63,2019-02-10 12:10:00,15,NO CONTROLS,NO CONTROLS,CLEAR,DAYLIGHT,SIDESWIPE SAME DIRECTION,PARKING LOT,STRAIGHT AND LEVEL,DRY,NO DEFECTS,NO INJURY / DRIVE AWAY,"OVER $1,500",FAILING TO YIELD RIGHT-OF-WAY,FAILING TO REDUCE SPEED TO AVOID CRASH,4612,W,IRVING PARK RD,2,NO INDICATION OF INJURY,0.0,0.0,0.0,0.0,0.0,2.0,0.0,12,1,2
956126f6b6cf949e39bbd0a35bc7ee821695033ee6c1e675b2891046aa476813387fbaab502bfea32c0fc3b58825d4bf3017074b5b5e81a9b079a8e87cd92009,2019-08-19 11:30:00,30,TRAFFIC SIGNAL,FUNCTIONING PROPERLY,CLEAR,DAYLIGHT,REAR END,NOT DIVIDED,STRAIGHT AND LEVEL,DRY,NO DEFECTS,NO INJURY / DRIVE AWAY,"$501 - $1,500",FOLLOWING TOO CLOSELY,UNABLE TO DETERMINE,6000,W,FOSTER AVE,2,NO INDICATION OF INJURY,0.0,0.0,0.0,0.0,0.0,2.0,0.0,11,2,8
995cac774e1a59ce1c246047f14b94fd6165647089b6bea34f13073d6ff75571c4430fbb88ec5c3c7b428faea03947ba25aae4eac9acf1bd0def5e005ec3a752,2023-06-06 12:56:00,30,NO CONTROLS,NO CONTROLS,CLEAR,DAYLIGHT,OTHER NONCOLLISION,ONE-WAY,STRAIGHT AND LEVEL,DRY,"RUT, HOLES",INJURY AND / OR TOW DUE TO CRASH,"OVER $1,500",ROAD CONSTRUCTION/MAINTENANCE,ROAD CONSTRUCTION/MAINTENANCE,2432,N,FRANCISCO AVE,1,INCAPACITATING INJURY,1.0,0.0,1.0,0.0,0.0,0.0,0.0,12,3,6
ab49eae187458259e41ec1757e13c73a7402dbd1b42246a411708ea0e7f3ebd2213ed182b681f865017e2374569a28ffb221a14732eb3c3636bb4c5db7301192,2018-07-23 12:30:00,30,NO CONTROLS,NO CONTROLS,CLEAR,DAYLIGHT,SIDESWIPE OPPOSITE DIRECTION,NOT DIVIDED,STRAIGHT AND LEVEL,DRY,NO DEFECTS,NO INJURY / DRIVE AWAY,"OVER $1,500",IMPROPER BACKING,FAILING TO YIELD RIGHT-OF-WAY,121,N,KILDARE AVE,2,NO INDICATION OF INJURY,0.0,0.0,0.0,0.0,0.0,4.0,0.0,12,2,7
d16e2147125fb5ac5019d6d3f687db84b0ced61ca0b6787ba3d5a68490107988ca85509f13708bdc6b838c1dae6ae70eeffe2d72450ceb81fa516afa9e983254,2022-12-27 21:15:00,20,NO CONTROLS,UNKNOWN,SNOW,"DARKNESS, LIGHTED ROAD",PARKED MOTOR VEHICLE,NOT DIVIDED,STRAIGHT AND LEVEL,WET,NO DEFECTS,INJURY AND / OR TOW DUE TO CRASH,"OVER $1,500",NOT APPLICABLE,UNABLE TO DETERMINE,4323,W,31ST ST,2,"REPORTED, NOT EVIDENT",2.0,0.0,0.0,0.0,2.0,1.0,0.0,21,3,12
1a7c809d49c2868fa3496a01e1043a7c7c41a0197b763fc94935a3231de80c7be1b8e9ac8e797ad0dd40acd1bc1ef97eb6e6c66e87da1a8855d3e6643459ad95,2019-06-27 15:35:00,30,NO CONTROLS,NO CONTROLS,CLEAR,DAYLIGHT,SIDESWIPE SAME DIRECTION,NOT DIVIDED,STRAIGHT AND LEVEL,DRY,UNKNOWN,NO INJURY / DRIVE AWAY,"$501 - $1,500",IMPROPER LANE USAGE,NOT APPLICABLE,7400,S,WESTERN AVE,2,NO INDICATION OF INJURY,0.0,0.0,0.0,0.0,0.0,3.0,0.0,15,5,6
5723b16c849eda04118af780504f5413a2337d60b979194c9f6ede45fcc06b5dea084aff06e41c2a0934047297e3b3eb59af99c33ea6a3c4bfedaa8adfc722ff,2023-05-08 14:15:00,30,NO CONTROLS,NO CONTROLS,RAIN,DAYLIGHT,PARKED MOTOR VEHICLE,NOT DIVIDED,STRAIGHT AND LEVEL,WET,NO DEFECTS,INJURY AND / OR TOW DUE TO CRASH,"OVER $1,500",NOT APPLICABLE,NOT APPLICABLE,80,E,68TH ST,2,NO INDICATION OF INJURY,0.0,0.0,0.0,0.0,0.0,1.0,0.0,14,2,5
ebcbff04fc4ee31ff3b02c5725203911ce5766999ae698848c45cecb5bdc02bebec40931941ef233f6d4105780aa3c2f53a5ed1d415bafed3820b1ec528b7f89,2023-10-02 15:45:00,20,NO CONTROLS,NO CONTROLS,CLEAR,DAYLIGHT,PARKED MOTOR VEHICLE,PARKING LOT,STRAIGHT AND LEVEL,DRY,NO DEFECTS,NO INJURY / DRIVE AWAY,$500 OR LESS,UNABLE TO DETERMINE,NOT APPLICABLE,501,W,SURF ST,2,NO INDICATION OF INJURY,0.0,0.0,0.0,0.0,0.0,1.0,0.0,15,2,10
91455dd839e6d22172ccbe9173da566fd15a14194d3163b36a387f6088bd994aaad6f9d25e1935646bd53e24084474eb38352a889b2f1091c1ecee3dc32cfeac,2021-02-25 10:00:00,30,NO CONTROLS,NO CONTROLS,CLEAR,DAYLIGHT,PARKED MOTOR VEHICLE,NOT DIVIDED,STRAIGHT AND LEVEL,DRY,NO DEFECTS,NO INJURY / DRIVE AWAY,"OVER $1,500",UNABLE TO DETERMINE,UNABLE TO DETERMINE,9356,S,AVALON AVE,2,NO INDICATION OF INJURY,0.0,0.0,0.0,0.0,0.0,1.0,0.0,10,5,2
3a00be53cfc08843fd757f6e3dbac3cee9a715aca2bccb106aafca08dde121da8bc7d6c13e31f075bbb6d7f78ba433558aabcf79ec6b1bae01c8b5b018186db2,2020-12-06 00:05:00,30,NO CONTROLS,NO CONTROLS,CLEAR,"DARKNESS, LIGHTED ROAD",SIDESWIPE SAME DIRECTION,ONE-WAY,STRAIGHT AND LEVEL,DRY,NO DEFECTS,NO INJURY / DRIVE AWAY,"$501 - $1,500",FAILING TO REDUCE SPEED TO AVOID CRASH,NOT APPLICABLE,50,E,RANDOLPH ST,2,NO INDICATION OF INJURY,0.0,0.0,0.0,0.0,0.0,2.0,0.0,0,1,12
199fdc953bf036f5c11cfecc7d621f77dced504c0e9f6ec6e8c4bc06b4eee67d386fec6259dfc7dc5d7ad21ec5c033a23485a78bd59b031adbe1f2e3ab7bafd8,2018-09-05 08:00:00,30,NO CONTROLS,NO CONTROLS,CLEAR,DAYLIGHT,PARKED MOTOR VEHICLE,DIVIDED - W/MEDIAN (NOT RAISED),STRAIGHT AND LEVEL,DRY,NO DEFECTS,NO INJURY / DRIVE AWAY,"OVER $1,500",IMPROPER TURNING/NO SIGNAL,NOT APPLICABLE,1955,E,75TH ST,2,NO INDICATION OF INJURY,0.0,0.0,0.0,0.0,0.0,1.0,0.0,8,4,9
db2cc8a335c07849eaa4d63bbab10274cf30fa6388c167c2336bf466a4262d8af0f680a548516e8dfdc27ec103a6858f9d0984b1d37f7360bf6e0843d03207bd,2020-02-29 05:35:00,30,NO CONTROLS,NO CONTROLS,UNKNOWN,DAWN,FIXED OBJECT,DIVIDED - W/MEDIAN (NOT RAISED),STRAIGHT AND LEVEL,UNKNOWN,NO DEFECTS,INJURY AND / OR TOW DUE TO CRASH,"OVER $1,500",PHYSICAL CONDITION OF DRIVER,UNABLE TO DETERMINE,1121,W,BELMONT AVE,1,NONINCAPACITATING INJURY,1.0,0.0,0.0,1.0,0.0,0.0,0.0,5,7,2
7ddd9cc8f3a22252305f057ea808c0e6f6032ff78535a8a821116265af6de5698a20515a48298053a7369e483829d672d9ef342902bcd18a0cb3914a69aea620,2020-08-10 16:20:00,30,TRAFFIC SIGNAL,FUNCTIONING PROPERLY,RAIN,DAYLIGHT,REAR END,DIVIDED - W/MEDIAN (NOT RAISED),STRAIGHT AND LEVEL,WET,NO DEFECTS,NO INJURY / DRIVE AWAY,$500 OR LESS,FOLLOWING TOO CLOSELY,NOT APPLICABLE,5958,W,ROOSEVELT RD,2,NO INDICATION OF INJURY,0.0,0.0,0.0,0.0,0.0,3.0,0.0,16,2,8
b1f820cbe4a6351d4d980a2e38fa2ce1037dca0488b4ba89c7e9cc78bc6afcbd6c46dfd52761e5020b6e515e26e89ce6805adbe1aed592a98983208dca245db3,2022-05-18 11:40:00,30,NO CONTROLS,NO CONTROLS,CLEAR,DAYLIGHT,SIDESWIPE SAME DIRECTION,DIVIDED - W/MEDIAN (NOT RAISED),STRAIGHT AND LEVEL,DRY,UNKNOWN,NO INJURY / DRIVE AWAY,"OVER $1,500",UNABLE TO DETERMINE,NOT APPLICABLE,4232,W,GRAND AVE,2,NO INDICATION OF INJURY,0.0,0.0,0.0,0.0,0.0,2.0,0.0,11,4,5
6dfd34325e64283921809f20752370989be7c8688795ea39c5a7d589160a9009607ce84fda3bba1111f944daaf0a35eabd4899b2126a4d4f553f730bf75b7995,2021-02-05 16:30:00,20,NO CONTROLS,NO CONTROLS,CLEAR,DAYLIGHT,SIDESWIPE SAME DIRECTION,DIVIDED - W/MEDIAN (NOT RAISED),STRAIGHT AND LEVEL,DRY,UNKNOWN,NO INJURY / DRIVE AWAY,"OVER $1,500",UNABLE TO DETERMINE,UNABLE TO DETERMINE,1799,W,OGDEN AVE,2,NO INDICATION OF INJURY,0.0,0.0,0.0,0.0,0.0,3.0,0.0,16,6,2
6b527baa4db37d0ddfceee046a7422e6a628374ff3d93b530016cde657e0b0b94ee243f7ad8c7d1e71b84dec8986142de85fae9a224c5ec4473e7c4204d206ef,2022-06-28 18:45:00,30,STOP SIGN/FLASHER,FUNCTIONING PROPERLY,CLEAR,DAYLIGHT,TURNING,FOUR WAY,STRAIGHT AND LEVEL,DRY,NO DEFECTS,INJURY AND / OR TOW DUE TO CRASH,"OVER $1,500",UNABLE TO DETERMINE,UNABLE TO DETERMINE,2103,N,WESTERN AVE,2,NONINCAPACITATING INJURY,1.0,0.0,0.0,1.0,0.0,1.0,0.0,18,3,6
96f3ff847b2912bf278a8200db1fbe50ce26c74f53fa2516dcb99e88543cabb4ef5f031fe9ca42c035958cc018c0b127459faecdbb59532ecdc838d07548fb0a,2017-04-29 14:30:00,30,TRAFFIC SIGNAL,FUNCTIONING PROPERLY,RAIN,DAYLIGHT,REAR END,NOT DIVIDED,STRAIGHT AND LEVEL,WET,NO DEFECTS,NO INJURY / DRIVE AWAY,"$501 - $1,500",WEATHER,FAILING TO REDUCE SPEED TO AVOID CRASH,249,S,STATE ST,2,NO INDICATION OF INJURY,0.0,0.0,0.0,0.0,0.0,2.0,0.0,14,7,4
8e6eabadd219169cf1b92bcc33417a2fbcbb9cd2e31872140960a0541c5c321506f7257c214e09bca5ce2b9c3a9fc36ac467f5e51bed922b519dc9d99d15764b,2019-05-23 14:10:00,30,NO CONTROLS,NO CONTROLS,CLEAR,DAYLIGHT,REAR END,NOT DIVIDED,STRAIGHT AND LEVEL,DRY,NO DEFECTS,NO INJURY / DRIVE AWAY,"OVER $1,500",FOLLOWING TOO CLOSELY,UNABLE TO DETERMINE,5410,W,FOSTER AVE,2,NO INDICATION OF INJURY,0.0,0.0,0.0,0.0,0.0,2.0,0.0,14,5,5
bdffd7d86fc551319b44997d46c2fa8f5a26322d9e76fb5b6708d792e60016aed6d3eadb6a110174b28576fa81ae45c7b34c15552dc7c1236c31b62652c1c303,2020-11-18 12:26:00,20,NO CONTROLS,NO CONTROLS,CLEAR,DAYLIGHT,PARKED MOTOR VEHICLE,ONE-WAY,STRAIGHT AND LEVEL,DRY,NO DEFECTS,NO INJURY / DRIVE AWAY,"$501 - $1,500",DRIVING SKILLS/KNOWLEDGE/EXPERIENCE,NOT APPLICABLE,810,N,KEDVALE AVE,2,NO INDICATION OF INJURY,0.0,0.0,0.0,0.0,0.0,1.0,0.0,12,4,11
e4d36282c3aa65bf1452dcf5907d1c3aaa680f779f05f4fab774c24c41f9da5c6ac9345bc810dd075441f91056f53d174a8dbec37d076c9113bd2bb38c7d73af,2022-12-28 17:10:00,30,NO CONTROLS,NO CONTROLS,CLEAR,UNKNOWN,SIDESWIPE SAME DIRECTION,DIVIDED - W/MEDIAN (NOT RAISED),STRAIGHT AND LEVEL,UNKNOWN,UNKNOWN,NO INJURY / DRIVE AWAY,"OVER $1,500",DRIVING SKILLS/KNOWLEDGE/EXPERIENCE,UNABLE TO DETERMINE,2921,W,TOUHY AVE,2,NO INDICATION OF INJURY,0.0,0.0,0.0,0.0,0.0,3.0,0.0,17,4,12
025f7f6ac34df78356f39e9fe1c5fbad29a428de4f51829d32f907348b4c12cc68c7f0e6c454ab49e52ee07e22e98c7ec43ebf2d83490612018ab246a05a5b96,2018-07-06 06:30:00,20,NO CONTROLS,NO CONTROLS,CLEAR,DAYLIGHT,PARKED MOTOR VEHICLE,DIVIDED - W/MEDIAN (NOT RAISED),STRAIGHT AND LEVEL,DRY,NO DEFECTS,NO INJURY / DRIVE AWAY,$500 OR LESS,FAILING TO YIELD RIGHT-OF-WAY,FAILING TO YIELD RIGHT-OF-WAY,6042,N,RICHMOND ST,2,NO INDICATION OF INJURY,0.0,0.0,0.0,0.0,0.0,1.0,0.0,6,6,7
9f47dabe0b1f5cc8b21e73683563f7b917faaf55ac49d6d50b8da6ee6d76a0a7e60525649c56497df6f5489e80be9d1c874c7985a2a57904211d5f44fd350a89,2023-09-05 08:18:00,35,TRAFFIC SIGNAL,FUNCTIONING PROPERLY,CLEAR,DAYLIGHT,PEDESTRIAN,FOUR WAY,STRAIGHT AND LEVEL,UNKNOWN,UNKNOWN,INJURY AND / OR TOW DUE TO CRASH,"OVER $1,500",DISREGARDING TRAFFIC SIGNALS,FAILING TO YIELD RIGHT-OF-WAY,2759,N,NARRAGANSETT AVE,2,INCAPACITATING INJURY,1.0,0.0,1.0,0.0,0.0,1.0,0.0,8,3,9
ddb0202f01e4ea0a46e9e1ec80c6caba247234daefdd734489cecc0de5e806bdd49cc2d84423cea624003217045b789032a9550d0a99a89a579acd1abb107189,2019-06-25 20:22:00,30,TRAFFIC SIGNAL,FUNCTIONING PROPERLY,CLEAR,UNKNOWN,PEDALCYCLIST,NOT DIVIDED,STRAIGHT AND LEVEL,UNKNOWN,NO DEFECTS,NO INJURY / DRIVE AWAY,$500 OR LESS,NOT APPLICABLE,NOT APPLICABLE,5319,S,WOODLAWN AVE,2,NO INDICATION OF INJURY,0.0,0.0,0.0,0.0,0.0,2.0,0.0,20,3,6
53dbabaad2e28bfcde28f5fc9206fc5cc34e268be6b33fb7e69ef5dc975d182f28514f2eb32ad11410d6f9ef616038edaf982687058d71f27fde0551ce0e64a9,2022-12-27 07:50:00,30,TRAFFIC SIGNAL,UNKNOWN,CLEAR,DAYLIGHT,TURNING,FOUR WAY,STRAIGHT AND LEVEL,DRY,UNKNOWN,NO INJURY / DRIVE AWAY,"$501 - $1,500",UNABLE TO DETERMINE,NOT APPLICABLE,4201,S,CICERO AVE,2,NO INDICATION OF INJURY,0.0,0.0,0.0,0.0,0.0,2.0,0.0,7,3,12
e1d6c2eec10d9b662afd31e53b96d5043f37bb5c8bcf7ee545e77f11c7216ba4a5c7f21e7519760523c035f66b16d9bdbb72a9fff70823b2490c48ecf0cf9596,2022-01-28 22:30:00,30,TRAFFIC SIGNAL,FUNCTIONING PROPERLY,CLEAR,"DARKNESS, LIGHTED ROAD",ANGLE,NOT DIVIDED,STRAIGHT AND LEVEL,DRY,NO DEFECTS,NO INJURY / DRIVE AWAY,"OVER $1,500",UNABLE TO DETERMINE,UNABLE TO DETERMINE,8700,S,JEFFERY BLVD,2,NO INDICATION OF INJURY,0.0,0.0,0.0,0.0,0.0,2.0,0.0,22,6,1
64f41ec8f574ab71bfe4be4423acd7a2793a8a1a81295f69c27bb60c33add171d9e678128a23a5be7268388a1940de323025f13693223608d1c956bf3de9eec0,2019-08-22 15:15:00,15,NO CONTROLS,NO CONTROLS,CLEAR,DAYLIGHT,ANGLE,ALLEY,STRAIGHT AND LEVEL,DRY,NO DEFECTS,NO INJURY / DRIVE AWAY,"$501 - $1,500",FAILING TO YIELD RIGHT-OF-WAY,NOT APPLICABLE,5940,W,MONTROSE AVE,2,NO INDICATION OF INJURY,0.0,0.0,0.0,0.0,0.0,4.0,0.0,15,5,8
c83eab72bc0ef23ff71cd39ba2609c991c1ae937281c7fc55d59354ca2e9f6fd9050eb26eee190bc5b9d2462b90038bbbde0607e59b056a194a26634e93518e3,2021-10-25 21:52:00,30,TRAFFIC SIGNAL,FUNCTIONING PROPERLY,UNKNOWN,UNKNOWN,TURNING,FOUR WAY,STRAIGHT AND LEVEL,UNKNOWN,UNKNOWN,NO INJURY / DRIVE AWAY,"OVER $1,500",UNABLE TO DETERMINE,UNABLE TO DETERMINE,201,W,103RD ST,2,NO INDICATION OF INJURY,0.0,0.0,0.0,0.0,0.0,2.0,0.0,21,2,10
99c153c2082473b9612e79f957c89d6171b4d853e86f388a1bb51d4db6cc14a4470823229b80a17ee03205ac14c542bd40d509603facef1de50ff8a18f7338bf,2024-03-05 21:13:00,30,TRAFFIC SIGNAL,UNKNOWN,CLEAR,"DARKNESS, LIGHTED ROAD",TURNING,FOUR WAY,STRAIGHT AND LEVEL,UNKNOWN,UNKNOWN,NO INJURY / DRIVE AWAY,"OVER $1,500",UNABLE TO DETERMINE,UNABLE TO DETERMINE,1355,W,NEWPORT AVE,2,NO INDICATION OF INJURY,0.0,0.0,0.0,0.0,0.0,2.0,0.0,21,3,3
42c261e91bd1623f4ba37b573d5691e4b4d015db61ba312fef8779d6b9eb5b32d9b0c82cc9ef8721e13dc37c389a66487d384238c849e11ba586d3738d0bb856,2016-10-06 17:28:00,30,TRAFFIC SIGNAL,FUNCTIONING PROPERLY,CLEAR,"DARKNESS, LIGHTED ROAD",SIDESWIPE SAME DIRECTION,DIVIDED - W/MEDIAN (NOT RAISED),STRAIGHT AND LEVEL,WET,NO DEFECTS,NO INJURY / DRIVE AWAY,$500 OR LESS,IMPROPER OVERTAKING/PASSING,UNABLE TO DETERMINE,10300,S,MICHIGAN AVE,2,NO INDICATION OF INJURY,0.0,0.0,0.0,0.0,0.0,2.0,0.0,17,5,10
2c486fa0490d00223eb47b3b1ff138772691287aff399c3b52cfdd0f4e4559e938aea4826293118d612c225057dbda13fb70f61b7ab2829ea4d21d6cb049635a,2020-07-12 18:05:00,15,NO CONTROLS,NO CONTROLS,CLEAR,DAYLIGHT,REAR END,NOT DIVIDED,STRAIGHT AND LEVEL,DRY,NO DEFECTS,INJURY AND / OR TOW DUE TO CRASH,"OVER $1,500",UNABLE TO DETERMINE,UNABLE TO DETERMINE,10503,S,WESTERN AVE,3,NO INDICATION OF INJURY,0.0,0.0,0.0,0.0,0.0,3.0,0.0,18,1,7
e69089ebbca78f172b4a351355d5e75b1eee04cda89e2107903a97c435d728ce2bd5847a57b44ffd8a4a36253ed01cf32cbf373ac5497e85b7d0a5bb5edf5c63,2023-10-29 03:00:00,45,NO CONTROLS,NO CONTROLS,RAIN,DARKNESS,FIXED OBJECT,DIVIDED - W/MEDIAN BARRIER,STRAIGHT AND LEVEL,WET,UNKNOWN,INJURY AND / OR TOW DUE TO CRASH,"OVER $1,500",EQUIPMENT - VEHICLE CONDITION,UNABLE TO DETERMINE,1001,N,LAKE SHORE DR,1,NO INDICATION OF INJURY,0.0,0.0,0.0,0.0,0.0,1.0,0.0,3,1,10