CRASH_RECORD_ID,CRASH_DATE,POSTED_SPEED_LIMIT,TRAFFIC_CONTROL_DEVICE,DEVICE_CONDITION,WEATHER_CONDITION,LIGHTING_CONDITION,FIRST_CRASH_TYPE,TRAFFICWAY_TYPE,ALIGNMENT,ROADWAY_SURFACE_COND,ROAD_DEFECT,CRASH_TYPE,DAMAGE,PRIM_CONTRIBUTORY_CAUSE,SEC_CONTRIBUTORY_CAUSE,STREET_NO,STREET_DIRECTION,STREET_NAME,NUM_UNITS,MOST_SEVERE_INJURY,INJURIES_TOTAL,INJURIES_FATAL,INJURIES_INCAPACITATING,INJURIES_NON_INCAPACITATING,INJURIES_REPORTED_NOT_EVIDENT,INJURIES_NO_INDICATION,INJURIES_UNKNOWN,CRASH_HOUR,CRASH_DAY_OF_WEEK,CRASH_MONTH
ef94d1bc47eae03438436ad09a7295b4652f4c7d553de5626856b1e916dbea4ccdf9f5f56f126040c06b58cba4f4ae1ee8ec15b36c0d6dfef812deb9d65d5cb7,2023-01-07 21:16:00,20,NO CONTROLS,NO CONTROLS,CLEAR,"DARKNESS, LIGHTED ROAD",PARKED MOTOR VEHICLE,NOT DIVIDED,STRAIGHT AND LEVEL,DRY,NO DEFECTS,INJURY AND / OR TOW DUE TO CRASH,"OVER $1,500",PHYSICAL CONDITION OF DRIVER,NOT APPLICABLE,4646,S,PAULINA ST,2,INCAPACITATING INJURY,2.0,0.0,1.0,1.0,0.0,0.0,0.0,21,7,1
76d958a3333239f9e64f02853fd8644ee395de74d6d94a8bc17d71b9df46371f55a7d89398c84dc43d58b253f818a8e006bf5b4a9b7445189295e656588daff6,2020-10-19 05:05:00,30,TRAFFIC SIGNAL,FUNCTIONING PROPERLY,CLEAR,"DARKNESS, LIGHTED ROAD",REAR END,DIVIDED - W/MEDIAN (NOT RAISED),STRAIGHT AND LEVEL,DRY,NO DEFECTS,NO INJURY / DRIVE AWAY,$500 OR LESS,UNABLE TO DETERMINE,UNABLE TO DETERMINE,2401,W,IRVING PARK RD,2,NO INDICATION OF INJURY,0.0,0.0,0.0,0.0,0.0,2.0,0.0,5,2,10
0be56f8d67e30496217b21f79bab3d85eba790e9acd27028f1c21db306c86ed07e284e21f94f2b4e2d689783956dd9fdfc1bcbd7a5f50ae90692d2e6df75135d,2018-03-20 12:30:00,30,TRAFFIC SIGNAL,FUNCTIONING PROPERLY,CLEAR,DAYLIGHT,REAR END,NOT DIVIDED,STRAIGHT AND LEVEL,DRY,UNKNOWN,NO INJURY / DRIVE AWAY,"OVER $1,500",FOLLOWING TOO CLOSELY,FAILING TO REDUCE SPEED TO AVOID CRASH,10,E,79TH ST,2,NO INDICATION OF INJURY,0.0,0.0,0.0,0.0,0.0,2.0,0.0,12,3,3
1eb48f72860c0959247084be3176d4f62fa79e8921aceca5b48f884080275944f56f0f420747998b365d6d9e06543f0efa8e0d8279f7121bbefea09cf1923116,2016-07-21 16:12:00,30,TRAFFIC SIGNAL,FUNCTIONING PROPERLY,CLEAR,DAYLIGHT,REAR END,DIVIDED - W/MEDIAN (NOT RAISED),STRAIGHT AND LEVEL,DRY,NO DEFECTS,INJURY AND / OR TOW DUE TO CRASH,"$501 - $1,500",FOLLOWING TOO CLOSELY,NOT APPLICABLE,4810,N,BROADWAY,2,"REPORTED, NOT EVIDENT",1.0,0.0,0.0,0.0,1.0,1.0,0.0,16,5,7
925ee4f822eafa4d3b3d98798e559124b28bc0c87a458b4be6e015226405995a73053c3f0f8297d684403bd263e39a98d594b83d825e65cdd2d2a6d49a1aca6b,2019-08-05 00:40:00,30,NO CONTROLS,NO CONTROLS,CLEAR,"DARKNESS, LIGHTED ROAD",REAR END,NOT DIVIDED,STRAIGHT AND LEVEL,DRY,NO DEFECTS,NO INJURY / DRIVE AWAY,$500 OR LESS,IMPROPER BACKING,NOT APPLICABLE,207,W,76TH ST,2,NO INDICATION OF INJURY,0.0,0.0,0.0,0.0,0.0,4.0,0.0,0,2,8
a5497c9c22ad0f58fe74aea91179e8fa9e66bbc409143fe1fd8cfc1ca3c3e768fb00999fa5ab5c543aa9cd85b6daf928d7c3fb6b9bb909bdaf88dacb992724b9,2020-02-09 10:45:00,30,NO CONTROLS,NO CONTROLS,SNOW,DAYLIGHT,OTHER NONCOLLISION,DIVIDED - W/MEDIAN (NOT RAISED),STRAIGHT AND LEVEL,SNOW OR SLUSH,UNKNOWN,NO INJURY / DRIVE AWAY,"OVER $1,500",ROAD ENGINEERING/SURFACE/MARKING DEFECTS,UNABLE TO DETERMINE,6110,W,FULLERTON AVE,1,NO INDICATION OF INJURY,0.0,0.0,0.0,0.0,0.0,1.0,0.0,10,1,2
b9692caca44d15a45bc13d04c2e0cf8cd84434b3efc79a169614ff60b5bf2e66e0699873a3a4fcce3b899daf053fc96f8c2b2a50997938dfbb80e036616d43ee,2023-08-17 14:20:00,30,NO CONTROLS,NO CONTROLS,CLEAR,DAYLIGHT,TURNING,DIVIDED - W/MEDIAN (NOT RAISED),STRAIGHT AND LEVEL,DRY,NO DEFECTS,INJURY AND / OR TOW DUE TO CRASH,"OVER $1,500",FAILING TO YIELD RIGHT-OF-WAY,NOT APPLICABLE,6000,S,PULASKI RD,2,NO INDICATION OF INJURY,0.0,0.0,0.0,0.0,0.0,3.0,0.0,14,5,8
1bce861c6382a3f72a33710122b72160bd8f3ad462dc41984a32f839cc8871f3796b028503fc27cfbee1284ded70b67e93531474091343e038affe8be54cebbe,2023-03-15 17:30:00,30,NO CONTROLS,NO CONTROLS,CLEAR,DAYLIGHT,REAR END,NOT DIVIDED,STRAIGHT AND LEVEL,DRY,NO DEFECTS,INJURY AND / OR TOW DUE TO CRASH,"OVER $1,500",UNABLE TO DETERMINE,UNABLE TO DETERMINE,4429,W,CERMAK RD,2,NONINCAPACITATING INJURY,1.0,0.0,0.0,1.0,0.0,1.0,0.0,17,4,3
64661a841f513db1f999d04ea39b42289bc6c721325b557580757f935b8f1da58f7ec105bbfdef731421bfed6901101ad9efd6236feeff5e27b5b7313d2797c0,2017-09-22 15:15:00,35,TRAFFIC SIGNAL,FUNCTIONING PROPERLY,CLEAR,DAYLIGHT,PEDALCYCLIST,OTHER,STRAIGHT AND LEVEL,DRY,NO DEFECTS,INJURY AND / OR TOW DUE TO CRASH,"OVER $1,500",NOT APPLICABLE,NOT APPLICABLE,1,E,ROOSEVELT RD,2,"REPORTED, NOT EVIDENT",1.0,0.0,0.0,0.0,1.0,1.0,0.0,15,6,9
620547537d77db70f9b94255993b657fbc2bf6297686a4da6c9d49ace7ec3073a90aeed5567e3f66cbb820a5dd5f82602b5f96dfba942805af078d0c113f6cf1,2021-10-04 05:47:00,30,NO CONTROLS,NO CONTROLS,CLEAR,DAYLIGHT,SIDESWIPE OPPOSITE DIRECTION,NOT DIVIDED,STRAIGHT AND LEVEL,DRY,NO DEFECTS,NO INJURY / DRIVE AWAY,"OVER $1,500",UNABLE TO DETERMINE,UNABLE TO DETERMINE,2656,W,25TH ST,3,NO INDICATION OF INJURY,0.0,0.0,0.0,0.0,0.0,2.0,0.0,5,2,10
d998558b05c416af29de439b1cf1b584e7c2205cf8f7e20a8d5d3050f153babbcd7f68a4d077806fb841ba0f13583b11aae11de154b72dda7d86e31d54ebb730,2016-09-23 15:00:00,30,TRAFFIC SIGNAL,FUNCTIONING PROPERLY,CLEAR,DAYLIGHT,SIDESWIPE SAME DIRECTION,DIVIDED - W/MEDIAN (NOT RAISED),STRAIGHT AND LEVEL,DRY,NO DEFECTS,NO INJURY / DRIVE AWAY,$500 OR LESS,IMPROPER LANE USAGE,UNABLE TO DETERMINE,9500,S,JEFFERY AVE,2,NO INDICATION OF INJURY,0.0,0.0,0.0,0.0,0.0,2.0,0.0,15,6,9
3481929b40fe364c554392b54032056da1045925260767ebf6e55ce911998abeb245c4fe8a8c5bf82855fb24f68be049b0be8d7fbcbcc5725ec34114bf48925e,2022-06-13 02:00:00,10,NO CONTROLS,NO CONTROLS,CLEAR,DARKNESS,PARKED MOTOR VEHICLE,PARKING LOT,STRAIGHT AND LEVEL,WET,NO DEFECTS,NO INJURY / DRIVE AWAY,"$501 - $1,500",UNABLE TO DETERMINE,UNABLE TO DETERMINE,1650,E,71ST ST,2,NO INDICATION OF INJURY,0.0,0.0,0.0,0.0,0.0,1.0,0.0,2,2,6
cba3547a78c4b51000ed01be24aacc5fbb0a82543b3f0091138c9ce3f6fb27c7bb92ccef93205559b95f276f9383954336e4e2eab9f68a840c2e59938e6cb34a,2020-03-14 16:15:00,30,TRAFFIC SIGNAL,UNKNOWN,CLEAR,DAYLIGHT,TURNING,ONE-WAY,STRAIGHT AND LEVEL,DRY,UNKNOWN,NO INJURY / DRIVE AWAY,"OVER $1,500",UNABLE TO DETERMINE,NOT APPLICABLE,3801,W,HARRISON ST,2,NO INDICATION OF INJURY,0.0,0.0,0.0,0.0,0.0,4.0,0.0,16,7,3
6b5da24fafbe6d7adc1e1b2833fa171beec7793a4e4e67e29ca71cd7e9f81c32c2b847e6788604ee9d56333ebb9ae071cf9e6ffc5952287a4cb149485299f170,2023-06-15 20:30:00,35,NO CONTROLS,NO CONTROLS,CLEAR,"DARKNESS, LIGHTED ROAD",SIDESWIPE SAME DIRECTION,DIVIDED - W/MEDIAN (NOT RAISED),STRAIGHT AND LEVEL,DRY,NO DEFECTS,INJURY AND / OR TOW DUE TO CRASH,"OVER $1,500",UNABLE TO DETERMINE,UNABLE TO DETERMINE,8100,S,PULASKI RD,2,NONINCAPACITATING INJURY,1.0,0.0,0.0,1.0,0.0,1.0,0.0,20,5,6
a4a6585c30c043a179de828b8d028a8d94644788e003f606e9d29e4bcd812376731a1da9793ce74aca946d09ab3c018678cef24ab58da1d0de947d3fe38e9db7,2020-02-01 09:48:00,30,TRAFFIC SIGNAL,FUNCTIONING PROPERLY,CLOUDY/OVERCAST,DAYLIGHT,REAR END,FOUR WAY,STRAIGHT AND LEVEL,WET,NO DEFECTS,NO INJURY / DRIVE AWAY,"OVER $1,500",FAILING TO REDUCE SPEED TO AVOID CRASH,UNABLE TO DETERMINE,4358,W,ROOSEVELT RD,2,NO INDICATION OF INJURY,0.0,0.0,0.0,0.0,0.0,3.0,0.0,9,7,2
dc3a95eb873c13e4c867e824c75258ed3a557d825536a7ba5ff7e70a1a14aa3c9eeb6a9cb8efbc511f57d27c50dd784da64f4b3d425250036da69cec62bd59a2,2022-02-04 12:00:00,30,NO CONTROLS,NO CONTROLS,CLEAR,DAYLIGHT,SIDESWIPE SAME DIRECTION,DIVIDED - W/MEDIAN (NOT RAISED),STRAIGHT AND LEVEL,DRY,NO DEFECTS,NO INJURY / DRIVE AWAY,$500 OR LESS,UNABLE TO DETERMINE,UNABLE TO DETERMINE,1959,S,ASHLAND AVE,2,NO INDICATION OF INJURY,0.0,0.0,0.0,0.0,0.0,2.0,0.0,12,6,2
96d3a21031be58f864a2c3a3ef5d46af9b6601a7bce00c6a074fe5852fa7caa525077438b6bfed83b4dfb0ef5746dcb102173a6234e919e5fff59ae6278bf6c7,2019-03-08 09:30:00,30,NO CONTROLS,NO CONTROLS,CLEAR,DAYLIGHT,SIDESWIPE SAME DIRECTION,NOT DIVIDED,STRAIGHT AND LEVEL,WET,NO DEFECTS,NO INJURY / DRIVE AWAY,"OVER $1,500",UNABLE TO DETERMINE,UNABLE TO DETERMINE,200,W,95TH ST,2,NO INDICATION OF INJURY,0.0,0.0,0.0,0.0,0.0,2.0,0.0,9,6,3
e7ca2cbdc0b0bed032a2b828cec8b6294135a49663b7b2850c473acdadbb91e22950fb18e5fd04f67841b169fa3d4fa1acbdc3753f68272f94524b5b7e53a779,2021-09-09 18:00:00,30,NO CONTROLS,NO CONTROLS,CLEAR,DAYLIGHT,REAR TO FRONT,OTHER,STRAIGHT AND LEVEL,OTHER,NO DEFECTS,NO INJURY / DRIVE AWAY,"$501 - $1,500",IMPROPER BACKING,NOT APPLICABLE,6700,W,DIVERSEY AVE,2,NO INDICATION OF INJURY,0.0,0.0,0.0,0.0,0.0,2.0,0.0,18,5,9
1883e8522e5e0597852af9af249b46810ed26e2bb532146d9526a9fda22d748700dcb53f99366122c4a12822086d1bfd6cfc90e6ba31c4797dc6d64a45685082,2019-08-26 03:18:00,45,TRAFFIC SIGNAL,FUNCTIONING PROPERLY,CLEAR,"DARKNESS, LIGHTED ROAD",ANGLE,FOUR WAY,STRAIGHT AND LEVEL,DRY,NO DEFECTS,INJURY AND / OR TOW DUE TO CRASH,"OVER $1,500",DISREGARDING TRAFFIC SIGNALS,NOT APPLICABLE,6299,S,CORNELL DR,2,NONINCAPACITATING INJURY,3.0,0.0,0.0,3.0,0.0,0.0,0.0,3,2,8
866efacd952c0b5dbe43b9c9e6d4c171a59c83f206f10aa7718afa0d74ad99f26b3f45be0a5caa3528e40cede528f8db88a7f89253d5bf2ff4a40e26e0ac6333,2021-08-21 16:30:00,30,TRAFFIC SIGNAL,FUNCTIONING PROPERLY,CLEAR,DAYLIGHT,REAR END,DIVIDED - W/MEDIAN BARRIER,STRAIGHT AND LEVEL,DRY,NO DEFECTS,NO INJURY / DRIVE AWAY,"$501 - $1,500",FOLLOWING TOO CLOSELY,FOLLOWING TOO CLOSELY,50,W,ROOSEVELT RD,2,NO INDICATION OF INJURY,0.0,0.0,0.0,0.0,0.0,2.0,0.0,16,7,8
136b2e165fa77b604c81fd96e519e2bb57a651317c712f1f3417285fa4a968cdf27a20fff118fe6d769c058016130aec06be4953be85d38a48082b4e3aaae9d2,2021-09-30 08:00:00,25,STOP SIGN/FLASHER,NO CONTROLS,CLEAR,DAYLIGHT,TURNING,NOT DIVIDED,STRAIGHT AND LEVEL,DRY,NO DEFECTS,NO INJURY / DRIVE AWAY,"$501 - $1,500",DRIVING SKILLS/KNOWLEDGE/EXPERIENCE,NOT APPLICABLE,6399,W,SCHUBERT AVE,2,NO INDICATION OF INJURY,0.0,0.0,0.0,0.0,0.0,4.0,0.0,8,5,9
fa8de652d2d674b324746ac56020944f1c9a8a8b2a37139cba2cfc96b0af3ec8aa915f98809bd54a409ba25d8ed5f5738ebbac5715ed10b0ebee501c5c1f9e33,2021-02-17 10:00:00,30,NO CONTROLS,NO CONTROLS,CLEAR,DAYLIGHT,PARKED MOTOR VEHICLE,ONE-WAY,STRAIGHT AND LEVEL,SNOW OR SLUSH,NO DEFECTS,NO INJURY / DRIVE AWAY,"OVER $1,500",WEATHER,NOT APPLICABLE,4267,W,28TH ST,2,NO INDICATION OF INJURY,0.0,0.0,0.0,0.0,0.0,2.0,0.0,10,4,2
2b047339532341a6e43a3c5c99ef22cac01ac24979ad7bc578157d53678941df7267d7f46b9ebbb504d38118cd86d8bd9ec18924f8c3037348d271b5b6523db8,2021-09-21 12:00:00,30,TRAFFIC SIGNAL,FUNCTIONING PROPERLY,CLOUDY/OVERCAST,DAYLIGHT,TURNING,DIVIDED - W/MEDIAN BARRIER,STRAIGHT AND LEVEL,DRY,NO DEFECTS,INJURY AND / OR TOW DUE TO CRASH,"OVER $1,500",IMPROPER LANE USAGE,NOT APPLICABLE,5531,N,NAGLE AVE,2,NO INDICATION OF INJURY,0.0,0.0,0.0,0.0,0.0,2.0,0.0,12,3,9
ba628476f939f66684b2fd40a5dfb85c0df0993dc560b0312614cb315b1e9f662b1705cba6d2d53f76f9282e36adb5d81e58c5769784b956206c5c52d11d2fef,2018-03-02 14:18:00,30,STOP SIGN/FLASHER,FUNCTIONING PROPERLY,CLEAR,DAYLIGHT,TURNING,CENTER TURN LANE,STRAIGHT AND LEVEL,DRY,NO DEFECTS,NO INJURY / DRIVE AWAY,"$501 - $1,500",DISREGARDING STOP SIGN,NOT APPLICABLE,799,E,46TH ST,2,NO INDICATION OF INJURY,0.0,0.0,0.0,0.0,0.0,2.0,0.0,14,6,3
7c49ac59b483c674f563fc0f86a89d269c411ff0043851acbf1dfae9c625032f4af0ff4dd7fba7b4b2c8e09897d9647be512190b8e8ea4efbd7c35a7f25f8158,2023-09-24 02:40:00,30,NO CONTROLS,NO CONTROLS,CLEAR,"DARKNESS, LIGHTED ROAD",FIXED OBJECT,DIVIDED - W/MEDIAN BARRIER,"CURVE, LEVEL",DRY,NO DEFECTS,INJURY AND / OR TOW DUE TO CRASH,"OVER $1,500",NOT APPLICABLE,NOT APPLICABLE,12199,S,AVENUE O,1,NO INDICATION OF INJURY,0.0,0.0,0.0,0.0,0.0,1.0,0.0,2,1,9
b564876b544a97a049aaaab0a9c00ad2ebcf3a8027c0c491d7852f580828cc6421d994f6e7ec3b568c6398801ac0fd133460aab1ed67d522cbbfb416805c8f7b,2020-10-08 09:20:00,25,NO CONTROLS,NO CONTROLS,CLEAR,DAYLIGHT,PEDALCYCLIST,ONE-WAY,STRAIGHT AND LEVEL,OTHER,OTHER,INJURY AND / OR TOW DUE TO CRASH,"OVER $1,500",UNABLE TO DETERMINE,UNABLE TO DETERMINE,2509,W,ARDMORE AVE,2,NONINCAPACITATING INJURY,1.0,0.0,0.0,1.0,0.0,1.0,0.0,9,5,10
885aae4c48eb406f471a8d86738af008b0147344e741324445fae37af79d39c548dfb1fe78bee1eb237caecbb789c52cf2c1dd5c2c3779a57c6365c83199d2b9,2019-03-06 13:00:00,15,NO CONTROLS,NO CONTROLS,CLEAR,DAYLIGHT,ANGLE,PARKING LOT,STRAIGHT AND LEVEL,DRY,NO DEFECTS,NO INJURY / DRIVE AWAY,"$501 - $1,500",UNABLE TO DETERMINE,UNABLE TO DETERMINE,1011,N,ORLEANS ST,2,NO INDICATION OF INJURY,0.0,0.0,0.0,0.0,0.0,2.0,0.0,13,4,3
a8b74f3c4eec754415dff63a1d7dd7b2ba03f43f8ae5267b25076a4aa6dc4ff4e0d72d36d7bab9a085f06074a68ad3981bd4f1b0a65b790af977e19330b9f759,2020-10-15 16:20:00,30,NO CONTROLS,NO CONTROLS,CLEAR,DAYLIGHT,REAR END,NOT DIVIDED,STRAIGHT AND LEVEL,DRY,NO DEFECTS,NO INJURY / DRIVE AWAY,"OVER $1,500",FOLLOWING TOO CLOSELY,FAILING TO REDUCE SPEED TO AVOID CRASH,4964,N,AUSTIN AVE,3,NO INDICATION OF INJURY,0.0,0.0,0.0,0.0,0.0,5.0,0.0,16,5,10
62c725835e8632468604462e9886a49b18c8fd227d9d990550b0f0a3f5c420a41858b4c840183c7093591210ac9909a07a42ba12fdb12ffb8847daaa5bd18dcd,2021-12-26 10:56:00,35,TRAFFIC SIGNAL,FUNCTIONING PROPERLY,CLEAR,DAYLIGHT,ANGLE,FOUR WAY,STRAIGHT AND LEVEL,DRY,DEBRIS ON ROADWAY,INJURY AND / OR TOW DUE TO CRASH,"OVER $1,500",DISREGARDING TRAFFIC SIGNALS,NOT APPLICABLE,850,W,87TH ST,2,NONINCAPACITATING INJURY,1.0,0.0,0.0,1.0,0.0,3.0,0.0,10,1,12
7c4328251b056f0b5b697d19fbc9465d6edc614e46d826fdffcd7c4cb3ea597f8678b069438fa3417bfe349b8d76a31054bd2739d7bf87c83ef2645b093f31da,2019-01-15 17:55:00,35,NO CONTROLS,NO CONTROLS,CLEAR,"DARKNESS, LIGHTED ROAD",SIDESWIPE SAME DIRECTION,NOT DIVIDED,STRAIGHT AND LEVEL,DRY,NO DEFECTS,NO INJURY / DRIVE AWAY,$500 OR LESS,NOT APPLICABLE,NOT APPLICABLE,169,W,ONTARIO ST,2,NO INDICATION OF INJURY,0.0,0.0,0.0,0.0,0.0,2.0,0.0,17,3,1
509ebad819f84a4d1233b27b5cef28110d3f42c2ce9f52e5d7af5a3ddd8db8c460920d130189cc686b713d5c5a7421ab2750155f478f908e443d3da73a050fc5,2020-09-05 01:36:00,30,TRAFFIC SIGNAL,FUNCTIONING PROPERLY,RAIN,DAYLIGHT,TURNING,NOT DIVIDED,STRAIGHT AND LEVEL,DRY,NO DEFECTS,NO INJURY / DRIVE AWAY,"$501 - $1,500",IMPROPER OVERTAKING/PASSING,DRIVING SKILLS/KNOWLEDGE/EXPERIENCE,401,E,61ST ST,2,NO INDICATION OF INJURY,0.0,0.0,0.0,0.0,0.0,2.0,0.0,1,7,9
69944dc5da634d52f021f1d49b15471636b8c2aceaabcc6985187f0ef1c6cba69cfcb3e1d0374073643c7a1a86a90b1c449e1707601ef901b7b6a73c7b77390c,2018-05-26 15:45:00,30,NO CONTROLS,NO CONTROLS,CLEAR,DAYLIGHT,SIDESWIPE SAME DIRECTION,NOT DIVIDED,STRAIGHT AND LEVEL,DRY,NO DEFECTS,INJURY AND / OR TOW DUE TO CRASH,"OVER $1,500",IMPROPER LANE USAGE,UNABLE TO DETERMINE,6132,W,FOSTER AVE,2,NONINCAPACITATING INJURY,1.0,0.0,0.0,1.0,0.0,3.0,0.0,15,7,5
b91e1fe5be182de95a24d0f97937fd52844e7aabb67a8ef66435b890181f9b32e37357f1fd09508481854fff1f5e9c7141271066a8c9acf9fe4308acec555bfd,2016-02-08 12:30:00,30,NO CONTROLS,NO CONTROLS,SNOW,"DARKNESS, LIGHTED ROAD",PARKED MOTOR VEHICLE,NOT DIVIDED,STRAIGHT AND LEVEL,WET,UNKNOWN,NO INJURY / DRIVE AWAY,"OVER $1,500",UNABLE TO DETERMINE,NOT APPLICABLE,6545,N,RAVENSWOOD AVE,2,NO INDICATION OF INJURY,0.0,0.0,0.0,0.0,0.0,1.0,0.0,12,2,2
e3e4a76ceb1e21b4e62e996f37480ca923008a3f7a7587ddc97dce0ce28971d70491784a5aac18ec97f86531fe75b6c9a468e0f1a0dcaa786371f12a3d399d92,2019-08-26 06:57:00,30,TRAFFIC SIGNAL,FUNCTIONING PROPERLY,CLOUDY/OVERCAST,DAYLIGHT,REAR END,NOT DIVIDED,STRAIGHT AND LEVEL,DRY,NO DEFECTS,NO INJURY / DRIVE AWAY,$500 OR LESS,UNABLE TO DETERMINE,NOT APPLICABLE,2101,S,DAMEN AVE,2,NO INDICATION OF INJURY,0.0,0.0,0.0,0.0,0.0,2.0,0.0,6,2,8
00a01719d25710f1ec3dde830e7f266947e6de74832375387bab849fc2a7c0549358bb32970a6f1155d13fe4dddd1dc25a451ea026b6d63a8b063a6c711f2325,2020-08-13 16:42:00,30,TRAFFIC SIGNAL,FUNCTIONING PROPERLY,CLEAR,DAYLIGHT,ANGLE,FOUR WAY,STRAIGHT AND LEVEL,DRY,NO DEFECTS,INJURY AND / OR TOW DUE TO CRASH,"OVER $1,500",UNABLE TO DETERMINE,NOT APPLICABLE,6299,S,COTTAGE GROVE AVE,3,NO INDICATION OF INJURY,0.0,0.0,0.0,0.0,0.0,3.0,0.0,16,5,8
9ede5fe363b52f19facf713bd480ae87afe7e2b02b2bc0fa562e2b39d9ba72602ca2c49717ab3d7520b37a8df8bb761dfb1c8d4620064962267359825f79a245,2023-12-26 17:06:00,30,STOP SIGN/FLASHER,FUNCTIONING PROPERLY,RAIN,"DARKNESS, LIGHTED ROAD",PEDESTRIAN,FOUR WAY,STRAIGHT AND LEVEL,WET,NO DEFECTS,INJURY AND / OR TOW DUE TO CRASH,$500 OR LESS,FAILING TO YIELD RIGHT-OF-WAY,FAILING TO REDUCE SPEED TO AVOID CRASH,5032,N,DAMEN AVE,2,NONINCAPACITATING INJURY,1.0,0.0,0.0,1.0,0.0,1.0,0.0,17,3,12
91fb1e774f16f1d6627c1a92b4c91f5b927d36c522bb2251d0ce5e980ce1bcbb081b158d519616025ea0658884132f1363efd599a768d38d9b30091dc6906a8b,2023-07-02 05:21:00,45,NO CONTROLS,NO CONTROLS,RAIN,DAWN,FIXED OBJECT,DIVIDED - W/MEDIAN BARRIER,STRAIGHT AND LEVEL,WET,NO DEFECTS,INJURY AND / OR TOW DUE TO CRASH,"OVER $1,500",WEATHER,NOT APPLICABLE,990,N,LAKE SHORE DR,1,NO INDICATION OF INJURY,0.0,0.0,0.0,0.0,0.0,1.0,0.0,5,1,7
4e1a28860dc6344d51fce55d090a6105571b8bd51f6b9c19fe86b840f84d919070cebf36b904cbc5b9bcdc49858c99d4bb31e390fd0aba9decd9915e5fed27d0,2024-04-24 09:45:00,30,NO CONTROLS,NO CONTROLS,CLEAR,DAYLIGHT,SIDESWIPE SAME DIRECTION,NOT DIVIDED,STRAIGHT AND LEVEL,DRY,UNKNOWN,NO INJURY / DRIVE AWAY,"$501 - $1,500",UNABLE TO DETERMINE,UNABLE TO DETERMINE,1930,W,103RD ST,2,NO INDICATION OF INJURY,0.0,0.0,0.0,0.0,0.0,2.0,0.0,9,4,4
eb13d84ae8012c9aed9b1f89a0cc4073f67b829f144fb65a6dba821e4f726440fb61cc0e74e34eef6d4b6d04a9d00cddd99187d9004aed1276d8b5d011789c2b,2016-11-05 17:13:00,0,NO CONTROLS,NO CONTROLS,CLEAR,DAYLIGHT,FIXED OBJECT,UNKNOWN,STRAIGHT AND LEVEL,"SAND, MUD, DIRT",OTHER,INJURY AND / OR TOW DUE TO CRASH,"OVER $1,500","OPERATING VEHICLE IN ERRATIC, RECKLESS, CARELESS, NEGLIGENT OR AGGRESSIVE MANNER",FAILING TO REDUCE SPEED TO AVOID CRASH,5658,S,BISHOP ST,1,NO INDICATION OF INJURY,0.0,0.0,0.0,0.0,0.0,1.0,0.0,17,7,11
716c9f7e5774600cade71cdcd4f65326053041a14c6197b98335950ba209903d32aaf15d6c0061a7faad758c3f471651bb417023c979fdf4b7e74ca5febf5259,2020-03-18 11:50:00,30,NO CONTROLS,NO CONTROLS,RAIN,DAYLIGHT,FIXED OBJECT,DIVIDED - W/MEDIAN BARRIER,STRAIGHT AND LEVEL,WET,NO DEFECTS,NO INJURY / DRIVE AWAY,"OVER $1,500",WEATHER,NOT APPLICABLE,3100,W,79TH ST,1,NO INDICATION OF INJURY,0.0,0.0,0.0,0.0,0.0,1.0,0.0,11,4,3
2d2b19b90cc6c03fe17e54fcb336237d586c3d253d6a838d192d9062e2bcafc13617997adabb13db785fac521de2aca7b6320e746f70c274050c585a8d4003cc,2018-12-14 20:55:00,30,NO CONTROLS,UNKNOWN,UNKNOWN,UNKNOWN,ANGLE,DIVIDED - W/MEDIAN (NOT RAISED),STRAIGHT AND LEVEL,UNKNOWN,UNKNOWN,NO INJURY / DRIVE AWAY,"$501 - $1,500",NOT APPLICABLE,NOT APPLICABLE,5500,W,CHICAGO AVE,2,NO INDICATION OF INJURY,0.0,0.0,0.0,0.0,0.0,2.0,0.0,20,6,12
a63b46c6f12aad0e087fe4d51b0b468d71b7854969872f7a0bc03942d009f91bbf53c8aec64c9da3b612110c950d55ab8af616d62ca5b30d44534924a0273dbc,2016-03-14 08:50:00,20,STOP SIGN/FLASHER,FUNCTIONING PROPERLY,RAIN,DAYLIGHT,ANGLE,NOT DIVIDED,STRAIGHT AND LEVEL,WET,UNKNOWN,NO INJURY / DRIVE AWAY,"$501 - $1,500",EXCEEDING SAFE SPEED FOR CONDITIONS,WEATHER,3400,W,ALTGELD ST,2,NO INDICATION OF INJURY,0.0,0.0,0.0,0.0,0.0,2.0,0.0,8,2,3
d20d0af84eab638646280af5f506d2383ad097530b2bae4a88c835dad13c91cd0dded91807b8f67b39e85d677505dda58cf27f1ab722d9ddf58f529c400e2f1b,2018-12-20 15:30:00,30,NO CONTROLS,NO CONTROLS,CLEAR,DAYLIGHT,PARKED MOTOR VEHICLE,PARKING LOT,STRAIGHT AND LEVEL,DRY,NO DEFECTS,NO INJURY / DRIVE AWAY,"$501 - $1,500",IMPROPER OVERTAKING/PASSING,NOT APPLICABLE,3143,N,NASHVILLE AVE,2,NO INDICATION OF INJURY,0.0,0.0,0.0,0.0,0.0,1.0,0.0,15,5,12