CRASH_RECORD_ID,CRASH_DATE,POSTED_SPEED_LIMIT,TRAFFIC_CONTROL_DEVICE,DEVICE_CONDITION,WEATHER_CONDITION,LIGHTING_CONDITION,FIRST_CRASH_TYPE,TRAFFICWAY_TYPE,ALIGNMENT,ROADWAY_SURFACE_COND,ROAD_DEFECT,CRASH_TYPE,DAMAGE,PRIM_CONTRIBUTORY_CAUSE,SEC_CONTRIBUTORY_CAUSE,STREET_NO,STREET_DIRECTION,STREET_NAME,NUM_UNITS,MOST_SEVERE_INJURY,INJURIES_TOTAL,INJURIES_FATAL,INJURIES_INCAPACITATING,INJURIES_NON_INCAPACITATING,INJURIES_REPORTED_NOT_EVIDENT,INJURIES_NO_INDICATION,INJURIES_UNKNOWN,CRASH_HOUR,CRASH_DAY_OF_WEEK,CRASH_MONTH
17bdc8090ec5c8a1c5be98dc731f6ae6ea04e84041758cc9aa0400f80e2c321023398519ef9ff85cd77d073d14dd567a9c40d8142fac7b4c566a8c7a9a4c1b1b,2023-11-02 12:10:00,20,NO CONTROLS,NO CONTROLS,CLEAR,DAYLIGHT,FIXED OBJECT,ALLEY,STRAIGHT AND LEVEL,DRY,NO DEFECTS,NO INJURY / DRIVE AWAY,"OVER $1,500",IMPROPER OVERTAKING/PASSING,NOT APPLICABLE,844,W,LAKESIDE PL,1,NO INDICATION OF INJURY,0.0,0.0,0.0,0.0,0.0,2.0,0.0,12,5,11
baf5ceeb3a0e4f7413a1f594315247fe8afd1ec7eb9f5a51a106d901d2d55ae4514644c4eab9c9cea40e0b16ec368402fe849e55f95a3967b3b00fc421dc5281,2020-06-09 07:00:00,10,NO CONTROLS,NO CONTROLS,CLEAR,DAYLIGHT,PARKED MOTOR VEHICLE,ONE-WAY,STRAIGHT AND LEVEL,DRY,NO DEFECTS,NO INJURY / DRIVE AWAY,"OVER $1,500",UNABLE TO DETERMINE,UNABLE TO DETERMINE,8156,S,WOOD ST,2,NO INDICATION OF INJURY,0.0,0.0,0.0,0.0,0.0,1.0,0.0,7,3,6
3450d91f24eae5846aaf8c0b253a26933628c3f3868c46ca6ce00efd5526d07b2fe1afe5308cfd06de5a1a8679bd2427f504212459658d19ff79e25966406664,2023-06-11 00:15:00,30,NO CONTROLS,NO CONTROLS,CLEAR,"DARKNESS, LIGHTED ROAD",REAR END,ONE-WAY,STRAIGHT AND LEVEL,DRY,NO DEFECTS,INJURY AND / OR TOW DUE TO CRASH,"OVER $1,500",FAILING TO REDUCE SPEED TO AVOID CRASH,NOT APPLICABLE,2400,S,LAKE SHORE DR SB,2,NONINCAPACITATING INJURY,1.0,0.0,0.0,1.0,0.0,2.0,0.0,0,1,6
226601823ffa506148dbc670c7a88dd0f705e62570a1322711baa17963db4af76c4c2849df56f2cfdf7057ac453166af2fdb41b34478110da6656c2de513d5c8,2024-01-22 10:00:00,40,NO CONTROLS,NO CONTROLS,FREEZING RAIN/DRIZZLE,DAYLIGHT,FIXED OBJECT,DIVIDED - W/MEDIAN BARRIER,STRAIGHT AND LEVEL,WET,NO DEFECTS,INJURY AND / OR TOW DUE TO CRASH,"OVER $1,500",UNABLE TO DETERMINE,UNABLE TO DETERMINE,900,N,LAKE SHORE DR SB,1,"REPORTED, NOT EVIDENT",2.0,0.0,0.0,0.0,2.0,0.0,0.0,10,2,1
4cd3b83c42b45393f1a084138a7c369e93e60dd660927d651f6b8e2ee03141edebf13c35db3dfab76f89738a1a5e08db316229b147ecb811653a4483ee013ab2,2020-02-13 13:03:00,30,TRAFFIC SIGNAL,FUNCTIONING PROPERLY,SNOW,DAYLIGHT,ANGLE,NOT DIVIDED,STRAIGHT AND LEVEL,SNOW OR SLUSH,NO DEFECTS,NO INJURY / DRIVE AWAY,"OVER $1,500",DISREGARDING TRAFFIC SIGNALS,NOT APPLICABLE,400,S,WACKER DR,2,NO INDICATION OF INJURY,0.0,0.0,0.0,0.0,0.0,5.0,0.0,13,5,2
013a24803531e936de6ac21cdebd4bc7cf6cee7466a69b7c8452400bb0b2da0bed4102b13e39df12d05b3dc81aecab33f690481f703ef026d2de3b4697df17c8,2016-07-24 17:43:00,40,NO CONTROLS,NO CONTROLS,CLEAR,DAYLIGHT,SIDESWIPE SAME DIRECTION,DIVIDED - W/MEDIAN BARRIER,STRAIGHT AND LEVEL,DRY,NO DEFECTS,NO INJURY / DRIVE AWAY,"$501 - $1,500",IMPROPER OVERTAKING/PASSING,UNABLE TO DETERMINE,6292,S,LAKE SHORE DR,2,NO INDICATION OF INJURY,0.0,0.0,0.0,0.0,0.0,4.0,0.0,17,1,7
47b7cc1b8d43ef301a8f031da244156a3f9cb263b88ab6f6d4c7dd39815cefa2cc70b506e70bcffffba66e244cb5920388bc21f099ee06b319ec3643d461c2a4,2017-03-01 12:40:00,30,NO CONTROLS,NO CONTROLS,CLEAR,DAYLIGHT,TURNING,DIVIDED - W/MEDIAN (NOT RAISED),STRAIGHT AND LEVEL,DRY,NO DEFECTS,NO INJURY / DRIVE AWAY,"$501 - $1,500",UNABLE TO DETERMINE,UNABLE TO DETERMINE,3320,N,WESTERN AVE,2,NO INDICATION OF INJURY,0.0,0.0,0.0,0.0,0.0,2.0,0.0,12,4,3
a4d58accd94297d83fb4017a046da4e9d1cbe0128a861938cc0d3c3ce57f50594402b613a0d1c5caa188372d65e24bff3281d84b0970ad8addd436f0ea530d2f,2023-06-05 16:06:00,30,NO CONTROLS,NO CONTROLS,CLEAR,DAYLIGHT,TURNING,NOT DIVIDED,STRAIGHT AND LEVEL,DRY,NO DEFECTS,NO INJURY / DRIVE AWAY,"OVER $1,500",UNABLE TO DETERMINE,UNABLE TO DETERMINE,3505,N,KIMBALL AVE,2,NO INDICATION OF INJURY,0.0,0.0,0.0,0.0,0.0,3.0,0.0,16,2,6
ac269401d4c10d8dab1ada5a1d50ee8659ecaa39e6a8225658d5800f5ff2b79a41f1e2d2c333d6be187344bcb517374665f01798f698befb78f2d7b16412f4c0,2018-09-04 08:30:00,25,NO CONTROLS,NO CONTROLS,CLEAR,DAYLIGHT,SIDESWIPE SAME DIRECTION,ONE-WAY,STRAIGHT AND LEVEL,DRY,NO DEFECTS,NO INJURY / DRIVE AWAY,"OVER $1,500",UNABLE TO DETERMINE,UNABLE TO DETERMINE,10620,S,EBERHART AVE,2,NO INDICATION OF INJURY,0.0,0.0,0.0,0.0,0.0,2.0,0.0,8,3,9
d372a186676acafacddf6dc1ec0ecb23596348083c9980a60f41d1d0c31a1bd36a0c2f094f79fa69763950cf88a2dc6e863b8b7a4aeb253ee41f9bd427c61fde,2022-05-07 10:10:00,30,TRAFFIC SIGNAL,FUNCTIONING PROPERLY,CLEAR,DAYLIGHT,REAR END,NOT DIVIDED,STRAIGHT AND LEVEL,DRY,NO DEFECTS,NO INJURY / DRIVE AWAY,"OVER $1,500",FOLLOWING TOO CLOSELY,NOT APPLICABLE,1345,S,HALSTED ST,2,NO INDICATION OF INJURY,0.0,0.0,0.0,0.0,0.0,2.0,0.0,10,7,5
92cbd226c276d211ccfcc6fbca77755f0091a2c5853abe2ae087287559d8a70f3836b733b85fd1e5fb07a8c7b0f4fe25da2ff7a984f28f257e5fe4d329e7b0f4,2018-08-31 07:45:00,15,NO CONTROLS,NO CONTROLS,CLEAR,DAYLIGHT,HEAD ON,ALLEY,STRAIGHT AND LEVEL,DRY,NO DEFECTS,NO INJURY / DRIVE AWAY,"OVER $1,500",UNABLE TO DETERMINE,UNABLE TO DETERMINE,2955,N,SACRAMENTO AVE,3,NO INDICATION OF INJURY,0.0,0.0,0.0,0.0,0.0,7.0,0.0,7,6,8
12548cd04fc4dcf0d4223a0eb2b540d59b219eb594513274a131fa0b96ce611cfabcf2aff9ea200b9768b3346650f0d470817efc8d1ed6deb1be0d22a761fec3,2015-12-12 07:15:00,30,TRAFFIC SIGNAL,FUNCTIONING PROPERLY,FOG/SMOKE/HAZE,DAYLIGHT,REAR END,NOT DIVIDED,STRAIGHT AND LEVEL,WET,NO DEFECTS,NO INJURY / DRIVE AWAY,$500 OR LESS,UNABLE TO DETERMINE,UNABLE TO DETERMINE,300,N,MICHIGAN AVE,2,NO INDICATION OF INJURY,0.0,0.0,0.0,0.0,0.0,5.0,0.0,7,7,12
a2d9ec4b255b098448d44ef21800df80b3a030ab562697eaeaa428b5f47ffa4e65e3b381e7c7b5ebd85e95f2e906cbd8cc09235df31482a6138c149790757b3e,2019-03-24 12:50:00,30,STOP SIGN/FLASHER,UNKNOWN,CLOUDY/OVERCAST,DAYLIGHT,ANGLE,NOT DIVIDED,STRAIGHT AND LEVEL,UNKNOWN,UNKNOWN,NO INJURY / DRIVE AWAY,"OVER $1,500",UNABLE TO DETERMINE,NOT APPLICABLE,630,W,31ST ST,2,NO INDICATION OF INJURY,0.0,0.0,0.0,0.0,0.0,3.0,0.0,12,1,3
5c3e4126af4f1a1c06d7a2255b2d0779778182b9b15a3eedd723a03e8904361aafc9766b5790a6a09e87301dc88013129943380a50f18e1b5d34303f4ced23a5,2022-02-04 17:45:00,25,NO CONTROLS,NO CONTROLS,UNKNOWN,"DARKNESS, LIGHTED ROAD",PARKED MOTOR VEHICLE,ONE-WAY,STRAIGHT AND LEVEL,SNOW OR SLUSH,UNKNOWN,NO INJURY / DRIVE AWAY,"OVER $1,500",UNABLE TO DETERMINE,UNABLE TO DETERMINE,6122,W,LAWRENCE AVE,2,NO INDICATION OF INJURY,0.0,0.0,0.0,0.0,0.0,1.0,0.0,17,6,2
ad47c075210cb0d062b557252746572e85e4e1e6bbb29f1f6b93950d71992fdda1963c1a1d32b58c6d7e9077e6a0119a5821b4954cc4270323870f35cd60331a,2019-12-10 17:40:00,30,TRAFFIC SIGNAL,FUNCTIONING PROPERLY,CLEAR,"DARKNESS, LIGHTED ROAD",TURNING,NOT DIVIDED,STRAIGHT AND LEVEL,DRY,NO DEFECTS,NO INJURY / DRIVE AWAY,"$501 - $1,500",FAILING TO YIELD RIGHT-OF-WAY,FAILING TO REDUCE SPEED TO AVOID CRASH,2358,N,NARRAGANSETT AVE,2,NO INDICATION OF INJURY,0.0,0.0,0.0,0.0,0.0,2.0,0.0,17,3,12
a77d752f21b0e9f1e1024a6ffdd1aa05614a80efac6ea3602ecb0b5d696e3f1b103d0c54e384eadb55903b31f54eada1d46717dfff8bda54cc36ee3b84b2ab04,2022-09-29 15:40:00,30,NO CONTROLS,NO CONTROLS,CLEAR,DAYLIGHT,REAR END,NOT DIVIDED,STRAIGHT AND LEVEL,DRY,NO DEFECTS,NO INJURY / DRIVE AWAY,$500 OR LESS,UNABLE TO DETERMINE,NOT APPLICABLE,3265,W,FULLERTON AVE,2,NO INDICATION OF INJURY,0.0,0.0,0.0,0.0,0.0,2.0,0.0,15,5,9
25c500e759eb3646f8586ce84541bd07f12b5d0dd679b04b60d6d64d788d7c1e5dc8c3f99a77e5d3665a8fba0d8c70983e743d5e8cd714836bb524272b64851a,2020-07-06 12:10:00,30,NO CONTROLS,NO CONTROLS,CLEAR,DAYLIGHT,PARKED MOTOR VEHICLE,NOT DIVIDED,STRAIGHT AND LEVEL,DRY,NO DEFECTS,NO INJURY / DRIVE AWAY,"OVER $1,500",IMPROPER BACKING,NOT APPLICABLE,4434,S,ROCKWELL ST,2,NO INDICATION OF INJURY,0.0,0.0,0.0,0.0,0.0,3.0,0.0,12,2,7
f086d3c8e2a19daf0e4c17f73681f52b9cced8eb44a63c4ec0aa0483fef40a02a723d5474d54e86d2a37fda4feb864ebc01c7dfb7d62402965031e021b0f498c,2021-01-22 11:45:00,30,TRAFFIC SIGNAL,NOT FUNCTIONING,CLEAR,DAYLIGHT,TURNING,NOT DIVIDED,STRAIGHT AND LEVEL,DRY,NO DEFECTS,NO INJURY / DRIVE AWAY,"OVER $1,500",FAILING TO YIELD RIGHT-OF-WAY,NOT APPLICABLE,8300,S,DR MARTIN LUTHER KING JR DR,2,NO INDICATION OF INJURY,0.0,0.0,0.0,0.0,0.0,2.0,0.0,11,6,1
2668f602ab55c92d482a3d0b73e42aaff57cd7bdd3db724ac87f337c7a0f50d1c02a504ab5d82f28c3c5534f2682d138daf9799bd0435ecc77e7f14392a36381,2015-10-19 09:00:00,30,LANE USE MARKING,OTHER,CLEAR,DAYLIGHT,REAR END,ONE-WAY,STRAIGHT AND LEVEL,DRY,NO DEFECTS,NO INJURY / DRIVE AWAY,"OVER $1,500",DRIVING SKILLS/KNOWLEDGE/EXPERIENCE,NOT APPLICABLE,2230,N,DAYTON ST,2,NO INDICATION OF INJURY,0.0,0.0,0.0,0.0,0.0,2.0,0.0,9,2,10
81e633ef87d515c0b0e39029827058553a15f2f9c30064b211beea25938fbaa4dc66e10582201fd9db2e90252c63664a50713ec91f112ce5f3fbeed255ad5763,2018-05-09 15:45:00,30,TRAFFIC SIGNAL,UNKNOWN,CLEAR,DAYLIGHT,REAR END,NOT DIVIDED,STRAIGHT AND LEVEL,UNKNOWN,UNKNOWN,NO INJURY / DRIVE AWAY,"$501 - $1,500",FOLLOWING TOO CLOSELY,UNABLE TO DETERMINE,3902,W,MADISON ST,2,NO INDICATION OF INJURY,0.0,0.0,0.0,0.0,0.0,2.0,0.0,15,4,5
add2d0e37b532246eb75c79a8acb0e0f1691ecf92231fc130ef2d5ae3fd862198c886abdf69dca0bebec7ebc18ecfef0040f93ea5c82a648860eb371fbd97e8d,2020-02-14 20:46:00,30,NO CONTROLS,NO CONTROLS,CLEAR,"DARKNESS, LIGHTED ROAD",REAR END,DIVIDED - W/MEDIAN (NOT RAISED),STRAIGHT AND LEVEL,SNOW OR SLUSH,NO DEFECTS,INJURY AND / OR TOW DUE TO CRASH,"$501 - $1,500",FOLLOWING TOO CLOSELY,UNABLE TO DETERMINE,51,E,95TH ST,2,NONINCAPACITATING INJURY,1.0,0.0,0.0,1.0,0.0,1.0,0.0,20,6,2
9ba893b34305260b0192d674ba3a563a67ec781c523bd1981079af9d9ed4c07049ac898a63976a51640fd6d178c3c8d2ec479b3b6533c3ec1773b52250a2ebc5,2016-09-27 13:30:00,0,NO CONTROLS,NO CONTROLS,CLEAR,DAYLIGHT,PARKED MOTOR VEHICLE,DIVIDED - W/MEDIAN (NOT RAISED),STRAIGHT AND LEVEL,DRY,NO DEFECTS,NO INJURY / DRIVE AWAY,$500 OR LESS,UNABLE TO DETERMINE,NOT APPLICABLE,800,S,LAVERGNE AVE,2,NO INDICATION OF INJURY,0.0,0.0,0.0,0.0,0.0,1.0,0.0,13,3,9
fc1f3375a879747dd9f0524fd5904448d0621494e943d073e9364b1f0c84ebc186505f6653dc38c2460f0faea71108ae4c87c4f40f45c2a7b5a9176d5b802912,2019-04-29 17:30:00,30,TRAFFIC SIGNAL,FUNCTIONING PROPERLY,CLEAR,DAYLIGHT,TURNING,FOUR WAY,STRAIGHT AND LEVEL,DRY,NO DEFECTS,NO INJURY / DRIVE AWAY,"$501 - $1,500",IMPROPER OVERTAKING/PASSING,NOT APPLICABLE,1210,W,GRANVILLE AVE,2,NO INDICATION OF INJURY,0.0,0.0,0.0,0.0,0.0,2.0,0.0,17,2,4
b0c4798f4ca27a2130e5c8a5a87e8a1ddd6892a00479a1e04506b08b8f1b671a50062b18fc7c565167630733e3a6b7cbf675e2a898f9220e6e6a9a0df58700af,2020-01-29 17:10:00,30,NO CONTROLS,NO CONTROLS,CLEAR,DUSK,TURNING,CENTER TURN LANE,STRAIGHT AND LEVEL,DRY,NO DEFECTS,NO INJURY / DRIVE AWAY,"OVER $1,500",UNABLE TO DETERMINE,NOT APPLICABLE,8711,W,BRYN MAWR AVE,2,NO INDICATION OF INJURY,0.0,0.0,0.0,0.0,0.0,2.0,0.0,17,4,1
1dd254c60428ca1e60e827ea4d7793c67a0e317df3e6a1a0d35401ab9e13d88df33dc68866e3c81f687aaaadee9d5e5a9cf27d97b5d12cd3144c7bc7fa2e8491,2019-02-09 11:10:00,10,NO CONTROLS,NO CONTROLS,CLEAR,DAYLIGHT,PARKED MOTOR VEHICLE,PARKING LOT,STRAIGHT AND LEVEL,DRY,NO DEFECTS,NO INJURY / DRIVE AWAY,"$501 - $1,500",IMPROPER BACKING,UNABLE TO DETERMINE,2158,S,ARCHER AVE,2,NO INDICATION OF INJURY,0.0,0.0,0.0,0.0,0.0,1.0,0.0,11,7,2
e222dbd75bc5f4f8823530d3d05d091304fef36ae991e4ae5168e9653174d9980d7c0e8390e3038ace109f683f944a1f90212abad47b7633ea47d90b70824cb4,2018-01-03 14:00:00,30,TRAFFIC SIGNAL,FUNCTIONING PROPERLY,CLEAR,DAYLIGHT,REAR END,NOT DIVIDED,STRAIGHT AND LEVEL,ICE,NO DEFECTS,NO INJURY / DRIVE AWAY,"$501 - $1,500",UNABLE TO DETERMINE,UNABLE TO DETERMINE,805,W,DIVISION ST,2,NO INDICATION OF INJURY,0.0,0.0,0.0,0.0,0.0,2.0,0.0,14,4,1
b6443a8cebda074edc4d4aebd7cbaf0a09233b231ac1a8297131dcd5c2edec14af868ff6c8e5191c510c29eca946a84b1b408d2abc2f347df604576e43c5aa6f,2024-02-13 14:00:00,30,NO CONTROLS,NO CONTROLS,CLEAR,DAYLIGHT,REAR END,NOT DIVIDED,STRAIGHT AND LEVEL,DRY,NO DEFECTS,NO INJURY / DRIVE AWAY,"OVER $1,500",FOLLOWING TOO CLOSELY,NOT APPLICABLE,6600,N,SHERIDAN RD,2,NO INDICATION OF INJURY,0.0,0.0,0.0,0.0,0.0,2.0,0.0,14,3,2
66e6b1c4e2c7a06b3891aa5d30691f02c90ee632d88e50fd14209625cbf86f03df2e814039a167413c5dcd4e531e7f173d3e0a54d59fe74f303b5f4a9e44fe9f,2022-12-16 17:10:00,35,NO CONTROLS,NO CONTROLS,SNOW,"DARKNESS, LIGHTED ROAD",REAR END,NOT DIVIDED,STRAIGHT AND LEVEL,WET,NO DEFECTS,INJURY AND / OR TOW DUE TO CRASH,"OVER $1,500",FAILING TO REDUCE SPEED TO AVOID CRASH,FAILING TO REDUCE SPEED TO AVOID CRASH,5645,S,CENTRAL AVE,2,NONINCAPACITATING INJURY,2.0,0.0,0.0,2.0,0.0,1.0,0.0,17,6,12
261e390a90c8b96b0a766e31abc527afecccf93bbb9bfeeffc876185b46a126d74e9582f65d13666a649e399ff504b1d69c1c53f62826388e8f4686d3e69692b,2016-12-08 16:00:00,30,STOP SIGN/FLASHER,FUNCTIONING PROPERLY,CLEAR,"DARKNESS, LIGHTED ROAD",ANGLE,NOT DIVIDED,STRAIGHT AND LEVEL,DRY,NO DEFECTS,INJURY AND / OR TOW DUE TO CRASH,"OVER $1,500",UNABLE TO DETERMINE,UNABLE TO DETERMINE,6900,S,WABASH AVE,2,NO INDICATION OF INJURY,0.0,0.0,0.0,0.0,0.0,2.0,0.0,16,5,12
d3892fc7fb96e9d30a2c090730ff8f6086c99784e04b2aeeebed405767a21ae225fa534036c5ada4ae91317da1e37d2990f4d6c4758667c098c64bcead5996f0,2017-03-01 17:20:00,30,NO CONTROLS,NO CONTROLS,SNOW,DUSK,REAR END,NOT DIVIDED,STRAIGHT AND LEVEL,WET,NO DEFECTS,NO INJURY / DRIVE AWAY,"OVER $1,500",FOLLOWING TOO CLOSELY,NOT APPLICABLE,5500,N,ELSTON AVE,3,NO INDICATION OF INJURY,0.0,0.0,0.0,0.0,0.0,5.0,0.0,17,4,3
d0943ca019d95246107e275eaa6f3a443119d1b078c9805da378610534a54d7736a9de19df2d738a18588fe91b11155a373ee1ac98ecd91312212a53f4ab9fe9,2018-09-26 16:00:00,25,NO CONTROLS,NO CONTROLS,CLEAR,DAYLIGHT,SIDESWIPE SAME DIRECTION,DIVIDED - W/MEDIAN BARRIER,STRAIGHT AND LEVEL,DRY,NO DEFECTS,NO INJURY / DRIVE AWAY,"$501 - $1,500",DRIVING SKILLS/KNOWLEDGE/EXPERIENCE,UNABLE TO DETERMINE,5990,N,RIDGE AVE,2,NO INDICATION OF INJURY,0.0,0.0,0.0,0.0,0.0,4.0,0.0,16,4,9
5924558bfea7f932682382b16c70576da829eaa1adfcc4a77080243b3d8fccde4354af4708800381a499eb1097d9a4ffa1d5310a86093f50d6bb16f525386bc6,2020-08-10 17:35:00,30,NO CONTROLS,NO CONTROLS,RAIN,DUSK,PARKED MOTOR VEHICLE,NOT DIVIDED,STRAIGHT AND LEVEL,WET,NO DEFECTS,INJURY AND / OR TOW DUE TO CRASH,"OVER $1,500",UNABLE TO DETERMINE,UNABLE TO DETERMINE,2222,E,75TH ST,2,NO INDICATION OF INJURY,0.0,0.0,0.0,0.0,0.0,1.0,0.0,17,2,8
6ff0bae7b5469baa280203a4d4d0e8b15ae6ccf5e132df16f66a358c23230a4b0f828395477d65197fb291b5aa32e40f37c4c9809d9a70067a63bdf51dc0ff06,2018-01-22 17:54:00,35,TRAFFIC SIGNAL,FUNCTIONING PROPERLY,CLEAR,DARKNESS,PEDESTRIAN,NOT DIVIDED,STRAIGHT AND LEVEL,DRY,NO DEFECTS,INJURY AND / OR TOW DUE TO CRASH,$500 OR LESS,NOT APPLICABLE,UNABLE TO DETERMINE,7900,S,WOOD ST,2,NONINCAPACITATING INJURY,1.0,0.0,0.0,1.0,0.0,1.0,0.0,17,2,1
4e1371c099799fdfc2683f066eddf388266df672f83df3a5907bae5ec1763fcfc96c44645f7e2a800ab362f8a8c2a1c54963121a64801783843fb347361cb0b3,2019-09-28 07:30:00,30,TRAFFIC SIGNAL,FUNCTIONING PROPERLY,RAIN,DAYLIGHT,REAR END,NOT DIVIDED,STRAIGHT AND LEVEL,WET,NO DEFECTS,NO INJURY / DRIVE AWAY,"OVER $1,500",FOLLOWING TOO CLOSELY,FAILING TO YIELD RIGHT-OF-WAY,1000,W,NORTH AVE,3,NO INDICATION OF INJURY,0.0,0.0,0.0,0.0,0.0,3.0,0.0,7,7,9
1521d71f79716e7fcfaa52cb0fa985b6b18ddeb5eb821971c5bb615b990b7dc79ab0b2f3f8c0541ded97e6080eefd6385d9e2df5ccbe34351aaf46a7b8f211ce,2019-09-04 17:27:00,30,NO CONTROLS,NO CONTROLS,CLEAR,DAYLIGHT,FIXED OBJECT,NOT DIVIDED,STRAIGHT AND LEVEL,DRY,NO DEFECTS,INJURY AND / OR TOW DUE TO CRASH,"OVER $1,500",DRIVING SKILLS/KNOWLEDGE/EXPERIENCE,NOT APPLICABLE,1944,W,33RD ST,1,NO INDICATION OF INJURY,0.0,0.0,0.0,0.0,0.0,3.0,0.0,17,4,9
e6e5f150a37557c3e95927f8c23082199adb4799c698c6493799b7428ae5cbf22efa8acd0cbf1b4338ccbff482ad3547ef2b2366ace4e34765371ec1e55e6212,2019-07-15 08:06:00,30,NO CONTROLS,NO CONTROLS,CLEAR,DAYLIGHT,PARKED MOTOR VEHICLE,ONE-WAY,STRAIGHT AND LEVEL,DRY,WORN SURFACE,NO INJURY / DRIVE AWAY,"$501 - $1,500",IMPROPER OVERTAKING/PASSING,ROAD ENGINEERING/SURFACE/MARKING DEFECTS,5513,W,IOWA ST,2,NO INDICATION OF INJURY,0.0,0.0,0.0,0.0,0.0,1.0,0.0,8,2,7
d6c0caed2f06303b8d1cdc8c68f58e4c4f43aea5d0d9f33990c97e9e54ce0d3f71064c20efd67a97eb4787bf02ffa57af21323f65478fed38036b84906297139,2018-08-26 03:00:00,30,NO CONTROLS,NO CONTROLS,CLEAR,DAYLIGHT,PARKED MOTOR VEHICLE,DIVIDED - W/MEDIAN (NOT RAISED),STRAIGHT AND LEVEL,DRY,"RUT, HOLES",NO INJURY / DRIVE AWAY,"OVER $1,500",UNABLE TO DETERMINE,UNABLE TO DETERMINE,4817,S,DR MARTIN LUTHER KING JR DR,3,NO INDICATION OF INJURY,0.0,0.0,0.0,0.0,0.0,1.0,0.0,3,1,8
98b348e2ac9d0ce72427bdceb34cf7a7f8db00e62cafd28c1597038b315d31cb8f08301c452bdf81595fc0314f40293310c9705186d2d25033db35ea629d53d6,2022-02-17 15:10:00,25,TRAFFIC SIGNAL,FUNCTIONING PROPERLY,SNOW,DAYLIGHT,TURNING,FOUR WAY,STRAIGHT AND LEVEL,SNOW OR SLUSH,NO DEFECTS,NO INJURY / DRIVE AWAY,"$501 - $1,500",WEATHER,NOT APPLICABLE,2358,W,107TH ST,2,NO INDICATION OF INJURY,0.0,0.0,0.0,0.0,0.0,2.0,0.0,15,5,2
56694771835443134dac27d266b3a25a8fb2c26c60e7043433408bcd8ff071a16e91eefc929f970d45fe5f214bf52b6fec72fad2846ab5055de7bb7c26422a42,2022-08-12 22:46:00,30,TRAFFIC SIGNAL,FUNCTIONING PROPERLY,CLEAR,"DARKNESS, LIGHTED ROAD",REAR END,FOUR WAY,STRAIGHT AND LEVEL,DRY,UNKNOWN,INJURY AND / OR TOW DUE TO CRASH,$500 OR LESS,UNABLE TO DETERMINE,UNABLE TO DETERMINE,1600,W,PETERSON AVE,2,"REPORTED, NOT EVIDENT",1.0,0.0,0.0,0.0,1.0,1.0,0.0,22,6,8
387a6761c427f815990030969e3830bbd7fd9b6afbcf70f476860c75a5e25afc0c4515e68c244ad74d5d36cbf365ec502f2f063d008859c43b0a48a67c2cac9e,2021-05-20 14:31:00,40,TRAFFIC SIGNAL,FUNCTIONING PROPERLY,CLEAR,DAYLIGHT,HEAD ON,DIVIDED - W/MEDIAN (NOT RAISED),CURVE ON GRADE,DRY,NO DEFECTS,INJURY AND / OR TOW DUE TO CRASH,"OVER $1,500",DRIVING ON WRONG SIDE/WRONG WAY,DRIVING SKILLS/KNOWLEDGE/EXPERIENCE,5600,N,LAKE SHORE DR NB,2,NONINCAPACITATING INJURY,4.0,0.0,0.0,4.0,0.0,0.0,0.0,14,5,5
7838bcf49aa8c244ffd8003583f49eacae35a8265a58cb7bd6768efd16d327935ba110863be10d70e44d2bb9a3df8aacad605cbba5186a2eb9069b3993afc3f2,2023-12-17 04:53:00,30,TRAFFIC SIGNAL,FUNCTIONING PROPERLY,FREEZING RAIN/DRIZZLE,"DARKNESS, LIGHTED ROAD",FIXED OBJECT,NOT DIVIDED,STRAIGHT AND LEVEL,WET,NO DEFECTS,NO INJURY / DRIVE AWAY,"OVER $1,500",UNDER THE INFLUENCE OF ALCOHOL/DRUGS (USE WHEN ARREST IS EFFECTED),DRIVING ON WRONG SIDE/WRONG WAY,6700,S,SOUTH SHORE DR,1,NO INDICATION OF INJURY,0.0,0.0,0.0,0.0,0.0,1.0,0.0,4,1,12
09807f257d53224d8b54aec9455d52db66ae6692a22d05b3bdad004c9098ece100ac614d9141d767e6aece821c9881b32137e731f6a1787af6c64e7cc6c40eef,2019-01-12 19:05:00,30,TRAFFIC SIGNAL,FUNCTIONING PROPERLY,SNOW,"DARKNESS, LIGHTED ROAD",TURNING,NOT DIVIDED,STRAIGHT AND LEVEL,SNOW OR SLUSH,NO DEFECTS,NO INJURY / DRIVE AWAY,"OVER $1,500",DISREGARDING YIELD SIGN,FAILING TO REDUCE SPEED TO AVOID CRASH,2801,W,CERMAK RD,2,NO INDICATION OF INJURY,0.0,0.0,0.0,0.0,0.0,4.0,0.0,19,7,1
ad1260b900bd21f5327d6521f8e634d231f9ace9d6f1baa36de8eb10240ad238bf834ada4e913bb3f9368489dd69c1ab665395776a88f64bf4cd0b7fe3a65740,2018-01-30 22:30:00,30,NO CONTROLS,NO CONTROLS,CLEAR,"DARKNESS, LIGHTED ROAD",PARKED MOTOR VEHICLE,ONE-WAY,STRAIGHT AND LEVEL,DRY,NO DEFECTS,NO INJURY / DRIVE AWAY,"$501 - $1,500",IMPROPER BACKING,IMPROPER BACKING,4347,W,CRYSTAL ST,2,NO INDICATION OF INJURY,0.0,0.0,0.0,0.0,0.0,1.0,0.0,22,3,1