CRASH_RECORD_ID,CRASH_DATE,POSTED_SPEED_LIMIT,TRAFFIC_CONTROL_DEVICE,DEVICE_CONDITION,WEATHER_CONDITION,LIGHTING_CONDITION,FIRST_CRASH_TYPE,TRAFFICWAY_TYPE,ALIGNMENT,ROADWAY_SURFACE_COND,ROAD_DEFECT,CRASH_TYPE,DAMAGE,PRIM_CONTRIBUTORY_CAUSE,SEC_CONTRIBUTORY_CAUSE,STREET_NO,STREET_DIRECTION,STREET_NAME,NUM_UNITS,MOST_SEVERE_INJURY,INJURIES_TOTAL,INJURIES_FATAL,INJURIES_INCAPACITATING,INJURIES_NON_INCAPACITATING,INJURIES_REPORTED_NOT_EVIDENT,INJURIES_NO_INDICATION,INJURIES_UNKNOWN,CRASH_HOUR,CRASH_DAY_OF_WEEK,CRASH_MONTH
1c6d4a5cca2429fdd819d95d9b8867a564f3d21948f466566b52b9ec98261a03f02cecbbae5df04173201041802fa1f88efde7bf961dc7ade5d46b20e2c7482d,2023-05-26 16:00:00,30,NO CONTROLS,NO CONTROLS,CLEAR,DAYLIGHT,ANGLE,PARKING LOT,STRAIGHT AND LEVEL,DRY,NO DEFECTS,NO INJURY / DRIVE AWAY,"OVER $1,500",IMPROPER OVERTAKING/PASSING,UNABLE TO DETERMINE,8900,S,LAFAYETTE AVE,2,NO INDICATION OF INJURY,0.0,0.0,0.0,0.0,0.0,2.0,0.0,16,6,5
07cd921ca2360e9b1db9444dd50bee77346de025aca99d243c1f78e0c21df2e5bec1b4f3037aab579de0e4ce30c67652370074c6a090f9726a767c3db0d41488,2022-11-19 19:18:00,25,STOP SIGN/FLASHER,NO CONTROLS,CLEAR,"DARKNESS, LIGHTED ROAD",ANGLE,NOT DIVIDED,STRAIGHT AND LEVEL,DRY,NO DEFECTS,INJURY AND / OR TOW DUE TO CRASH,"OVER $1,500",DISREGARDING STOP SIGN,NOT APPLICABLE,4300,S,VINCENNES AVE,2,"REPORTED, NOT EVIDENT",1.0,0.0,0.0,0.0,1.0,2.0,0.0,19,7,11
d0f92b1724e869653149385ad11a17f6fb777c2696ae7dc33e1291e9cb8e4de7f28fca2d10de104b081a197801f3dccea1976f34b6211a40118fde2701ca54a6,2019-08-26 10:00:00,35,NO CONTROLS,NO CONTROLS,CLOUDY/OVERCAST,DAYLIGHT,OTHER OBJECT,ALLEY,STRAIGHT AND LEVEL,DRY,NO DEFECTS,NO INJURY / DRIVE AWAY,"$501 - $1,500",EQUIPMENT - VEHICLE CONDITION,NOT APPLICABLE,8140,S,RACINE AVE,1,NO INDICATION OF INJURY,0.0,0.0,0.0,0.0,0.0,2.0,0.0,10,2,8
d0a5acf2ce30d3b010031d1289d32db61c38960f678093ffa5f32cc6e99ec4b90a72d295a5a305a40a122e144b5b0b1890dcbffb63325d2e2717786512d8e034,2023-03-25 00:30:00,30,TRAFFIC SIGNAL,UNKNOWN,UNKNOWN,UNKNOWN,TURNING,T-INTERSECTION,STRAIGHT AND LEVEL,UNKNOWN,UNKNOWN,INJURY AND / OR TOW DUE TO CRASH,"OVER $1,500",UNABLE TO DETERMINE,UNABLE TO DETERMINE,200,E,130TH ST,2,NO INDICATION OF INJURY,0.0,0.0,0.0,0.0,0.0,2.0,0.0,0,7,3
3d19aeea8130658fe514069a3e9977bc8a821005477089b9e3eadf939842865412eac263a992f656874471cb11bb030dd151e620df92e48edd772124538d2d06,2020-08-04 22:26:00,30,TRAFFIC SIGNAL,FUNCTIONING PROPERLY,CLEAR,"DARKNESS, LIGHTED ROAD",ANGLE,DIVIDED - W/MEDIAN (NOT RAISED),STRAIGHT AND LEVEL,DRY,NO DEFECTS,INJURY AND / OR TOW DUE TO CRASH,"OVER $1,500",DISREGARDING TRAFFIC SIGNALS,FAILING TO REDUCE SPEED TO AVOID CRASH,4099,W,GRAND AVE,2,NONINCAPACITATING INJURY,1.0,0.0,0.0,1.0,0.0,2.0,0.0,22,3,8
6565924d58405352b2488e02459b2867099dcbacde5aa9ca68a46e4882d7203a72e3fb3906ffd7cd66ffe63f9dcad7c1b7df3da3e4993ddc1037a38067a2be76,2018-07-06 06:15:00,30,TRAFFIC SIGNAL,FUNCTIONING PROPERLY,CLEAR,DAYLIGHT,TURNING,DIVIDED - W/MEDIAN (NOT RAISED),STRAIGHT AND LEVEL,DRY,NO DEFECTS,NO INJURY / DRIVE AWAY,"$501 - $1,500",FAILING TO YIELD RIGHT-OF-WAY,NOT APPLICABLE,5400,W,NORTH AVE,2,NO INDICATION OF INJURY,0.0,0.0,0.0,0.0,0.0,2.0,0.0,6,6,7
76bce867bc1dd27c55516a5de6b3f002a320adc0a8a33eafb757ec1271dff6fd4b74f0dda49d01d31f91f9c2ab53ee15fa95557e41aefa0cf32c51856c5abf32,2022-10-13 07:05:00,5,NO CONTROLS,NO CONTROLS,CLEAR,DAYLIGHT,REAR END,OTHER,STRAIGHT AND LEVEL,DRY,UNKNOWN,NO INJURY / DRIVE AWAY,"OVER $1,500",NOT APPLICABLE,NOT APPLICABLE,10320,S,KEDZIE AVE,2,NO INDICATION OF INJURY,0.0,0.0,0.0,0.0,0.0,2.0,0.0,7,5,10
03dd7f529af519e526ade3cc32b786001dd8486efc52d3c413ea6781724c392e0a2df7cd182bf80542602112d0f489c959bf6d56b4558e962905ab6dc372fef2,2018-05-29 16:25:00,30,NO CONTROLS,NO CONTROLS,CLEAR,DAYLIGHT,HEAD ON,PARKING LOT,STRAIGHT AND LEVEL,DRY,NO DEFECTS,NO INJURY / DRIVE AWAY,$500 OR LESS,UNABLE TO DETERMINE,NOT APPLICABLE,1430,S,ASHLAND AVE,2,NO INDICATION OF INJURY,0.0,0.0,0.0,0.0,0.0,2.0,0.0,16,3,5
d10743081b6732d31cb257f5f8ef9fce8f3c7a1a04aa2b0f54034314303b3bb84b2a976e993eca6869ea8b535eb60b7098fd0aeb68de9861ad6a01db434771ba,2021-09-27 19:10:00,30,NO CONTROLS,NO CONTROLS,CLEAR,"DARKNESS, LIGHTED ROAD",REAR END,NOT DIVIDED,STRAIGHT AND LEVEL,DRY,NO DEFECTS,NO INJURY / DRIVE AWAY,"OVER $1,500",FOLLOWING TOO CLOSELY,NOT APPLICABLE,4741,W,WILSON AVE,2,NO INDICATION OF INJURY,0.0,0.0,0.0,0.0,0.0,2.0,0.0,19,2,9
261462edb92a6b5ec5d1822f635ead7e3adadc68e81ed0c84614286a51500e200e8f6ce8433f94921f61233fb533510578131d5d1975347f5b3f7a5cd6c08cdc,2022-05-04 12:35:00,30,TRAFFIC SIGNAL,FUNCTIONING PROPERLY,CLEAR,DAYLIGHT,TURNING,NOT DIVIDED,STRAIGHT AND LEVEL,WET,NO DEFECTS,INJURY AND / OR TOW DUE TO CRASH,"OVER $1,500",UNABLE TO DETERMINE,NOT APPLICABLE,3800,W,WASHINGTON BLVD,2,NONINCAPACITATING INJURY,2.0,0.0,0.0,2.0,0.0,2.0,0.0,12,4,5
ace4095f04409c0d13f2e8769e0de7994f555df1f8fb17ae0a586fa276b36472e08fc14cd66b053f08e987f24c023015ef120b522049d575805035f455ea9b7e,2024-02-09 00:15:00,30,TRAFFIC SIGNAL,FUNCTIONING PROPERLY,CLEAR,"DARKNESS, LIGHTED ROAD",SIDESWIPE SAME DIRECTION,CENTER TURN LANE,STRAIGHT AND LEVEL,WET,NO DEFECTS,INJURY AND / OR TOW DUE TO CRASH,"OVER $1,500",FAILING TO YIELD RIGHT-OF-WAY,NOT APPLICABLE,4658,S,WESTERN BLVD,2,NO INDICATION OF INJURY,0.0,0.0,0.0,0.0,0.0,3.0,0.0,0,6,2
c67159bbc8005a8c92f563fed899a0c6bc6282250dc5ddb0d3e558fcd3f296ba833e27948dfd1582b49c071ed46a7da58b83ae8ac32cef7e67f451b9e905d47b,2020-12-12 01:30:00,25,NO CONTROLS,NO CONTROLS,UNKNOWN,"DARKNESS, LIGHTED ROAD",PARKED MOTOR VEHICLE,ONE-WAY,STRAIGHT AND LEVEL,UNKNOWN,NO DEFECTS,NO INJURY / DRIVE AWAY,"$501 - $1,500",UNABLE TO DETERMINE,UNABLE TO DETERMINE,4541,N,WOLCOTT AVE,2,NO INDICATION OF INJURY,0.0,0.0,0.0,0.0,0.0,1.0,0.0,1,7,12
951720a3293182362f4a524f5f2cb162257f7f3d040b4424d38498da8a5231c18a3d7542c80e195a02b896e85776c475b41a59585c5cbf7fa252739594bab303,2018-01-15 12:10:00,30,TRAFFIC SIGNAL,FUNCTIONING PROPERLY,SNOW,DAYLIGHT,ANGLE,DIVIDED - W/MEDIAN (NOT RAISED),STRAIGHT AND LEVEL,SNOW OR SLUSH,NO DEFECTS,INJURY AND / OR TOW DUE TO CRASH,"OVER $1,500",DISREGARDING TRAFFIC SIGNALS,UNABLE TO DETERMINE,400,W,79TH ST,2,NO INDICATION OF INJURY,0.0,0.0,0.0,0.0,0.0,4.0,0.0,12,2,1
808abc636ca186ab0d07e03067e5e6da3e4651d81ec992eee63c0083db1ccff9f76f18f854787bdbce034ced5b452522e475d332c19d853e1c9c5bb489a87776,2019-09-26 17:20:00,30,TRAFFIC SIGNAL,FUNCTIONING PROPERLY,CLEAR,DAYLIGHT,REAR END,NOT DIVIDED,STRAIGHT AND LEVEL,DRY,NO DEFECTS,NO INJURY / DRIVE AWAY,"OVER $1,500",FOLLOWING TOO CLOSELY,NOT APPLICABLE,3720,W,ROOSEVELT RD,2,NO INDICATION OF INJURY,0.0,0.0,0.0,0.0,0.0,2.0,0.0,17,5,9
9d0ab6dc05b1524fd7b38724c739611be0d1b53da55fead075a9eb5853351878bd32363d578b9456848617193b354cbd490d366ef760afc9e7aa7dcdf8422c4d,2015-12-09 19:45:00,30,TRAFFIC SIGNAL,FUNCTIONING PROPERLY,CLEAR,"DARKNESS, LIGHTED ROAD",TURNING,CENTER TURN LANE,STRAIGHT AND LEVEL,DRY,NO DEFECTS,NO INJURY / DRIVE AWAY,"OVER $1,500",DISREGARDING TRAFFIC SIGNALS,NOT APPLICABLE,2400,W,87TH ST,2,NO INDICATION OF INJURY,0.0,0.0,0.0,0.0,0.0,2.0,0.0,19,4,12
bf764a869cc2d55719d2e9893f79b644a7149be4bc1bf5ac64354c4fd0accf11ecfe812cc7c0a5b5af8a59951835af4bc82dba925ee570f4957ac2f753144ce5,2015-08-25 17:40:00,30,NO CONTROLS,NO CONTROLS,CLOUDY/OVERCAST,DAYLIGHT,SIDESWIPE SAME DIRECTION,NOT DIVIDED,STRAIGHT AND LEVEL,DRY,NO DEFECTS,NO INJURY / DRIVE AWAY,"OVER $1,500",IMPROPER LANE USAGE,NOT APPLICABLE,54,N,CENTRAL AVE,2,NO INDICATION OF INJURY,0.0,0.0,0.0,0.0,0.0,2.0,0.0,17,3,8
2a46c541bb4b7420ffe6259ca8e013f81b3e197edb0cd3abead0021f6ef8f9f35f751b16663f8615999f29c78cfd93cf47a7c95612621ecf06861d9528a480a4,2020-10-01 17:39:00,30,STOP SIGN/FLASHER,FUNCTIONING PROPERLY,RAIN,DAYLIGHT,ANGLE,FOUR WAY,STRAIGHT AND LEVEL,WET,NO DEFECTS,NO INJURY / DRIVE AWAY,"$501 - $1,500",UNABLE TO DETERMINE,NOT APPLICABLE,7100,S,MARSHFIELD AVE,2,NO INDICATION OF INJURY,0.0,0.0,0.0,0.0,0.0,4.0,0.0,17,5,10
10ecf01a1399944545bbcba96b6fc426b537abfefdd77dad5debce170ef6d98580c6f0c185af525b324bfffa8546e7e370ff2def86525da608d747dba6104dd8,2018-09-17 19:50:00,30,NO CONTROLS,NO CONTROLS,CLEAR,DUSK,REAR END,NOT DIVIDED,STRAIGHT AND LEVEL,DRY,NO DEFECTS,INJURY AND / OR TOW DUE TO CRASH,"$501 - $1,500",UNABLE TO DETERMINE,UNABLE TO DETERMINE,35,W,47TH ST,2,INCAPACITATING INJURY,2.0,0.0,1.0,1.0,0.0,0.0,0.0,19,2,9
ff1ed263eb794bd1a7dc588ce33a9e7bba3537512ccfe48c89731ce03fb8bf709d2595218e2cdd320f24797f7ce0c6ebe3b56a6818474e9059aa20b02b24f543,2019-03-15 01:10:00,30,NO CONTROLS,NO CONTROLS,CLEAR,"DARKNESS, LIGHTED ROAD",PARKED MOTOR VEHICLE,ONE-WAY,STRAIGHT AND LEVEL,DRY,WORN SURFACE,NO INJURY / DRIVE AWAY,"OVER $1,500",UNABLE TO DETERMINE,UNABLE TO DETERMINE,7300,S,MAY ST,5,NO INDICATION OF INJURY,0.0,0.0,0.0,0.0,0.0,1.0,0.0,1,6,3
1ff03a71e7ffabc8ee31138d74bf07abbbd98e141bf00e5b6f0d82992c10846598143cdb8379192e46a568eebd08c2960763abab3fa2e43543a8c465fdcb1b0a,2023-03-20 12:28:00,30,TRAFFIC SIGNAL,FUNCTIONING PROPERLY,CLEAR,DAYLIGHT,TURNING,FOUR WAY,STRAIGHT AND LEVEL,DRY,NO DEFECTS,NO INJURY / DRIVE AWAY,"OVER $1,500",UNABLE TO DETERMINE,NOT APPLICABLE,4400,W,OGDEN AVE,2,NO INDICATION OF INJURY,0.0,0.0,0.0,0.0,0.0,2.0,0.0,12,2,3
5efb8b3d5e29adfa8a47603a313d63e28f3d19b7ae1102bc4a0e4c1791bf1e841a7b2033d03ef1bf9ee7e163bc2561c3edf002ebf048db38b4717c09e1231b5c,2019-04-20 15:30:00,30,UNKNOWN,NO CONTROLS,CLEAR,DAYLIGHT,REAR END,UNKNOWN,STRAIGHT AND LEVEL,DRY,NO DEFECTS,NO INJURY / DRIVE AWAY,"$501 - $1,500",UNABLE TO DETERMINE,UNABLE TO DETERMINE,6700,W,DIVERSEY AVE,2,NO INDICATION OF INJURY,0.0,0.0,0.0,0.0,0.0,3.0,0.0,15,7,4
0c8a786ef75cd7e0cdc4dd7d4b1745ed9a52ed452ab2213f2601f7d9a99c62196ab82fe075b00cf9032798c1d5859c1ae532b19c5c209435ae0b7fa5b4a1d334,2021-09-13 20:00:00,30,TRAFFIC SIGNAL,FUNCTIONING PROPERLY,CLEAR,DARKNESS,REAR END,FOUR WAY,STRAIGHT AND LEVEL,DRY,NO DEFECTS,NO INJURY / DRIVE AWAY,"$501 - $1,500",FOLLOWING TOO CLOSELY,DRIVING SKILLS/KNOWLEDGE/EXPERIENCE,5101,S,COTTAGE GROVE AVE,2,NO INDICATION OF INJURY,0.0,0.0,0.0,0.0,0.0,2.0,0.0,20,2,9
18cddcea5ba7cc685e65ebf5c6a09649826c54c17455e3f18182316265e4d09dd1f7f5bc6c2f9fdb4897ec6822e5e603af76c0d72b797acac7ceae0b864e26bd,2019-04-14 11:00:00,30,TRAFFIC SIGNAL,FUNCTIONING PROPERLY,SNOW,DAYLIGHT,PEDESTRIAN,NOT DIVIDED,STRAIGHT AND LEVEL,WET,NO DEFECTS,INJURY AND / OR TOW DUE TO CRASH,"OVER $1,500",FAILING TO YIELD RIGHT-OF-WAY,NOT APPLICABLE,599,S,STATE ST,2,INCAPACITATING INJURY,1.0,0.0,1.0,0.0,0.0,1.0,0.0,11,1,4
46efeb0e8f0b0da76e9eca9e19877566a79a5335475701a8eb18fedcb2083b19e50e45120e95f29631ede4ff7a769aa467b6774315731475fa06299cd499d339,2023-04-24 13:00:00,10,NO CONTROLS,NO CONTROLS,CLEAR,DAYLIGHT,REAR TO FRONT,PARKING LOT,STRAIGHT AND LEVEL,DRY,UNKNOWN,NO INJURY / DRIVE AWAY,"OVER $1,500",IMPROPER BACKING,NOT APPLICABLE,1101,S,CANAL ST,2,NO INDICATION OF INJURY,0.0,0.0,0.0,0.0,0.0,2.0,0.0,13,2,4
0611dbfdef945448a7086da13c8e5e9981151093c39e84428ea11698fdc57ed2537302f0efeed1961bf18c7aa4b5f246ecc2d42ba2f6e95e14995cc65a396ed8,2023-01-21 16:05:00,30,TRAFFIC SIGNAL,FUNCTIONING PROPERLY,CLEAR,DAYLIGHT,TURNING,OTHER,STRAIGHT AND LEVEL,UNKNOWN,UNKNOWN,NO INJURY / DRIVE AWAY,"OVER $1,500",UNABLE TO DETERMINE,UNABLE TO DETERMINE,1156,W,HOLLYWOOD AVE,2,NO INDICATION OF INJURY,0.0,0.0,0.0,0.0,0.0,4.0,0.0,16,7,1
821f6ad5c83df0cd1e1feedbac3405387a7b1789252c5b154f633a2be8b5ce994205be32230cc4f14b79bf1d88c0a4a6c9e5e414f1ba2f5857fc020175e14286,2022-02-18 08:30:00,35,UNKNOWN,NO CONTROLS,CLEAR,DAYLIGHT,PARKED MOTOR VEHICLE,NOT DIVIDED,STRAIGHT AND LEVEL,DRY,NO DEFECTS,NO INJURY / DRIVE AWAY,"$501 - $1,500",UNABLE TO DETERMINE,NOT APPLICABLE,4853,N,MILWAUKEE AVE,2,NO INDICATION OF INJURY,0.0,0.0,0.0,0.0,0.0,1.0,0.0,8,6,2
354f49e35fcc8b4514f37128b2fbbc2a85b7d67e7309c46219cd6c4727001430e64d678c2d6deaf30847984460ff7b03870cbcb915306f083188273504f377ab,2024-01-18 17:40:00,30,NO CONTROLS,NO CONTROLS,CLEAR,DARKNESS,TURNING,DIVIDED - W/MEDIAN (NOT RAISED),STRAIGHT AND LEVEL,UNKNOWN,NO DEFECTS,INJURY AND / OR TOW DUE TO CRASH,"OVER $1,500",FAILING TO YIELD RIGHT-OF-WAY,UNABLE TO DETERMINE,3412,N,HARLEM AVE,2,"REPORTED, NOT EVIDENT",2.0,0.0,0.0,0.0,2.0,2.0,0.0,17,5,1
f294ecc4abc6e7c3e25482dd52875a88f5e0a5a606f1e4b78141c113b2884026d7667ea463bfabba7be5254d73dcf16a030b2c7fe15fcb4e194ba7b53a3d69c5,2017-04-03 12:15:00,35,NO CONTROLS,NO CONTROLS,RAIN,DAYLIGHT,TURNING,DIVIDED - W/MEDIAN (NOT RAISED),STRAIGHT AND LEVEL,WET,NO DEFECTS,NO INJURY / DRIVE AWAY,"OVER $1,500",UNABLE TO DETERMINE,ANIMAL,3157,W,63RD ST,2,NO INDICATION OF INJURY,0.0,0.0,0.0,0.0,0.0,3.0,0.0,12,2,4
bc20cc98267f1fd29f771115b202ad0b7cae5ee69a75a7146507d80b71f044e451368c8fd025e740d29bb11f6172e55acfbb318f3985249605f9b0fd42d458f4,2020-07-14 17:43:00,30,STOP SIGN/FLASHER,FUNCTIONING PROPERLY,CLEAR,DAYLIGHT,PEDALCYCLIST,FOUR WAY,STRAIGHT AND LEVEL,DRY,NO DEFECTS,INJURY AND / OR TOW DUE TO CRASH,"OVER $1,500",UNABLE TO DETERMINE,UNABLE TO DETERMINE,1958,N,KARLOV AVE,2,NONINCAPACITATING INJURY,1.0,0.0,0.0,1.0,0.0,1.0,0.0,17,3,7
f2b0296c2689ee26b92e5c2c7f9bac01f801e592b2e6adfb8f88a7960ff203f381c059ccefd1694168eb2247a49f4e19214753a2a034f29063c0d8ccb93943b4,2019-12-05 17:57:00,20,NO CONTROLS,NO CONTROLS,CLEAR,DARKNESS,ANGLE,PARKING LOT,STRAIGHT AND LEVEL,DRY,UNKNOWN,NO INJURY / DRIVE AWAY,"OVER $1,500",UNABLE TO DETERMINE,UNABLE TO DETERMINE,1015,W,87TH ST,2,NO INDICATION OF INJURY,0.0,0.0,0.0,0.0,0.0,3.0,0.0,17,5,12
e2ddbd7e7852de03ba72bc10f8512074dd2c5f34889e60d4836d90292aea5de713b4c7c2b1b822e7e3644793366cd56f1477768cf79c34ac6cd13392385e7b70,2020-11-07 18:40:00,10,NO CONTROLS,NO CONTROLS,CLEAR,DAYLIGHT,FIXED OBJECT,PARKING LOT,STRAIGHT AND LEVEL,DRY,NO DEFECTS,NO INJURY / DRIVE AWAY,"$501 - $1,500",UNABLE TO DETERMINE,NOT APPLICABLE,2301,S,DR MARTIN LUTHER KING JR DR,1,NO INDICATION OF INJURY,0.0,0.0,0.0,0.0,0.0,2.0,0.0,18,7,11
d41f701c1892ecf5d5b0d5ebe418d9905d8be0af6f5a1298af2beea1663a331ded6a5756a58b90aa8b1b2fae517fff028c35e4830fa1c9627fc300e237d32dca,2021-07-04 02:46:00,30,NO CONTROLS,NO CONTROLS,CLEAR,"DARKNESS, LIGHTED ROAD",PARKED MOTOR VEHICLE,UNKNOWN,STRAIGHT AND LEVEL,DRY,UNKNOWN,NO INJURY / DRIVE AWAY,"$501 - $1,500",UNABLE TO DETERMINE,UNABLE TO DETERMINE,3801,W,HARRISON ST,2,NO INDICATION OF INJURY,0.0,0.0,0.0,0.0,0.0,2.0,0.0,2,1,7
a8887fd4f30a0ba752616b3264c9a64f4ab5a72e03ba750be41da6dc5884ac58309f72839e4a62c5cba6a554fc6ae2f715a32f5ebde6c5d5b291957640b179f0,2017-11-09 15:45:00,35,NO CONTROLS,NO CONTROLS,CLEAR,DAYLIGHT,SIDESWIPE SAME DIRECTION,DIVIDED - W/MEDIAN (NOT RAISED),STRAIGHT AND LEVEL,DRY,UNKNOWN,INJURY AND / OR TOW DUE TO CRASH,"OVER $1,500",DISREGARDING ROAD MARKINGS,NOT APPLICABLE,4300,N,ASHLAND AVE,2,NONINCAPACITATING INJURY,1.0,0.0,0.0,1.0,0.0,2.0,0.0,15,5,11
9c2280264100ba9afbbf024c7d7adaa64cfc6d9e981e4054282085c5220afa2f58633e7ce43037445415e325908faf9ea1d791bae9263ee7ff53ed825e70fc19,2016-04-22 19:30:00,25,NO CONTROLS,NO CONTROLS,CLEAR,DARKNESS,SIDESWIPE OPPOSITE DIRECTION,NOT DIVIDED,STRAIGHT AND LEVEL,DRY,NO DEFECTS,NO INJURY / DRIVE AWAY,"$501 - $1,500",IMPROPER BACKING,UNABLE TO DETERMINE,6807,N,SHERIDAN RD,2,NO INDICATION OF INJURY,0.0,0.0,0.0,0.0,0.0,2.0,0.0,19,6,4
4e1cbdbd6914725e2ecf110e1b9b08962608436fe07c3aecda07c1e9eeff412c73aa1e634173b2a4b61290b0ee55485006d0c94829e6061d43db88f914d19405,2020-03-04 08:00:00,30,TRAFFIC SIGNAL,FUNCTIONING PROPERLY,CLEAR,DAYLIGHT,SIDESWIPE SAME DIRECTION,NOT DIVIDED,STRAIGHT AND LEVEL,WET,NO DEFECTS,NO INJURY / DRIVE AWAY,"$501 - $1,500",IMPROPER OVERTAKING/PASSING,DRIVING SKILLS/KNOWLEDGE/EXPERIENCE,750,N,KILBOURN AVE,2,NO INDICATION OF INJURY,0.0,0.0,0.0,0.0,0.0,2.0,0.0,8,4,3
d2caea9d0e2b191d0eb62968645591515faf656958f0de6f0803e0ea82c09522b2197cc111d40b1fa3b29c8f456053cb5986faa077e331f7d401f99ac359dee9,2019-02-07 16:37:00,25,STOP SIGN/FLASHER,FUNCTIONING PROPERLY,RAIN,"DARKNESS, LIGHTED ROAD",TURNING,NOT DIVIDED,STRAIGHT AND LEVEL,WET,UNKNOWN,NO INJURY / DRIVE AWAY,"OVER $1,500",IMPROPER TURNING/NO SIGNAL,UNABLE TO DETERMINE,1000,N,PAULINA ST,2,NO INDICATION OF INJURY,0.0,0.0,0.0,0.0,0.0,2.0,0.0,16,5,2
058a381561063483413fb5dc83ca02078f9fa222705909871d8353ed2da99872fb37b3105c51dd8b9192084b576f13bf3e2d5bca9945dd7fdc653b9f2441a8e8,2023-01-24 22:10:00,10,NO CONTROLS,NO CONTROLS,CLEAR,DARKNESS,REAR END,ONE-WAY,"CURVE, LEVEL",UNKNOWN,UNKNOWN,NO INJURY / DRIVE AWAY,"OVER $1,500",UNABLE TO DETERMINE,UNABLE TO DETERMINE,2901,S,DR MARTIN LUTHER KING JR DR,2,NO INDICATION OF INJURY,0.0,0.0,0.0,0.0,0.0,2.0,0.0,22,3,1
ed1d01d83a361fda5e75b75818df6aea1b2b61da92a34a34f6f82e1ff25c8e4934de6f4504535ba7a84c056730d40142961f001028b3d103eb454fb1da206929,2019-02-26 13:30:00,30,TRAFFIC SIGNAL,FUNCTIONING PROPERLY,UNKNOWN,DAYLIGHT,REAR END,DIVIDED - W/MEDIAN (NOT RAISED),STRAIGHT AND LEVEL,UNKNOWN,UNKNOWN,NO INJURY / DRIVE AWAY,"$501 - $1,500",PHYSICAL CONDITION OF DRIVER,FOLLOWING TOO CLOSELY,2400,W,55TH ST,2,NO INDICATION OF INJURY,0.0,0.0,0.0,0.0,0.0,3.0,0.0,13,3,2
b3d8b6323e3059b1d44780c2229d32882f4af7a6564e06fe4e90ece9ddf106ed89cb9f2e6326cc8f67963c273295ebf8f2af8aef034e4d0bcd46b0a339ebd90d,2024-03-06 18:00:00,30,NO CONTROLS,NO CONTROLS,CLEAR,"DARKNESS, LIGHTED ROAD",PARKED MOTOR VEHICLE,NOT DIVIDED,STRAIGHT AND LEVEL,DRY,NO DEFECTS,INJURY AND / OR TOW DUE TO CRASH,"OVER $1,500",UNABLE TO DETERMINE,UNABLE TO DETERMINE,1920,W,37TH ST,2,NO INDICATION OF INJURY,0.0,0.0,0.0,0.0,0.0,1.0,0.0,18,4,3
be4b7776b2fb43c2b2f4ac52d2f86f8549e865960f11aeb9d144b6db6323f38b8bd088b4f7955cfacfd1abc4aeb1d913a3f6d5c26e130269957e0cc54ac874e8,2023-06-18 02:00:00,30,NO CONTROLS,NO CONTROLS,CLEAR,DARKNESS,PARKED MOTOR VEHICLE,ONE-WAY,STRAIGHT AND LEVEL,DRY,NO DEFECTS,NO INJURY / DRIVE AWAY,"OVER $1,500",IMPROPER BACKING,UNABLE TO DETERMINE,9113,S,BISHOP ST,2,NO INDICATION OF INJURY,0.0,0.0,0.0,0.0,0.0,1.0,0.0,2,1,6
f02178190a925faa36355287f7635edf01d8f8852e0a154d341eca0325daee55c6bf5f4f33259b02c2643cf7ba5e0e8d52e888e23da05e3692f02672a91b2f4c,2022-02-20 00:15:00,30,NO CONTROLS,NO CONTROLS,CLEAR,"DARKNESS, LIGHTED ROAD",PARKED MOTOR VEHICLE,NOT DIVIDED,STRAIGHT AND LEVEL,DRY,NO DEFECTS,NO INJURY / DRIVE AWAY,"OVER $1,500",UNABLE TO DETERMINE,NOT APPLICABLE,3051,S,ARCHER AVE,2,NO INDICATION OF INJURY,0.0,0.0,0.0,0.0,0.0,1.0,0.0,0,1,2
867c5fc3610a5317f9a49aa5bfe85b033722a81cdc77bf1c62f75013b5281b719ddfbf6caf5b1ace66133d6a7dc89e4df193ae0d38855ad0da50c476527bc415,2023-01-08 00:24:00,30,STOP SIGN/FLASHER,NO CONTROLS,CLEAR,DARKNESS,REAR TO SIDE,ONE-WAY,STRAIGHT AND LEVEL,DRY,NO DEFECTS,NO INJURY / DRIVE AWAY,"OVER $1,500",DISTRACTION - FROM INSIDE VEHICLE,DISTRACTION - FROM INSIDE VEHICLE,5129,W,WILSON AVE,2,NO INDICATION OF INJURY,0.0,0.0,0.0,0.0,0.0,2.0,0.0,0,1,1
8bb0e90ad6f9034471c6d20bfcb0c56ea0184392bb82b243bbc9ae6fd8e50d694db3d83fe5ebafdd96caea8dc285f20fb88ab39ff06f18de54f4a61a5176f6ee,2019-06-16 23:55:00,35,NO CONTROLS,NO CONTROLS,CLEAR,"DARKNESS, LIGHTED ROAD",PARKED MOTOR VEHICLE,NOT DIVIDED,STRAIGHT AND LEVEL,DRY,NO DEFECTS,INJURY AND / OR TOW DUE TO CRASH,"OVER $1,500",FAILING TO REDUCE SPEED TO AVOID CRASH,NOT APPLICABLE,1246,S,CENTRAL PARK AVE,2,NO INDICATION OF INJURY,0.0,0.0,0.0,0.0,0.0,1.0,0.0,23,1,6
513932f546824f79d961a311928c0943405f801c0fee10216f186a2812c49a5c8f2627d15ee6a388579c6e926ef2289c6eab02221534a6383fead3cc6deb2945,2018-10-19 17:00:00,30,TRAFFIC SIGNAL,FUNCTIONING PROPERLY,CLEAR,DAYLIGHT,SIDESWIPE SAME DIRECTION,DIVIDED - W/MEDIAN (NOT RAISED),STRAIGHT AND LEVEL,WET,NO DEFECTS,NO INJURY / DRIVE AWAY,"OVER $1,500",FAILING TO YIELD RIGHT-OF-WAY,NOT APPLICABLE,4802,N,MILWAUKEE AVE,2,NO INDICATION OF INJURY,0.0,0.0,0.0,0.0,0.0,2.0,0.0,17,6,10