CRASH_RECORD_ID,CRASH_DATE,POSTED_SPEED_LIMIT,TRAFFIC_CONTROL_DEVICE,DEVICE_CONDITION,WEATHER_CONDITION,LIGHTING_CONDITION,FIRST_CRASH_TYPE,TRAFFICWAY_TYPE,ALIGNMENT,ROADWAY_SURFACE_COND,ROAD_DEFECT,CRASH_TYPE,DAMAGE,PRIM_CONTRIBUTORY_CAUSE,SEC_CONTRIBUTORY_CAUSE,STREET_NO,STREET_DIRECTION,STREET_NAME,NUM_UNITS,MOST_SEVERE_INJURY,INJURIES_TOTAL,INJURIES_FATAL,INJURIES_INCAPACITATING,INJURIES_NON_INCAPACITATING,INJURIES_REPORTED_NOT_EVIDENT,INJURIES_NO_INDICATION,INJURIES_UNKNOWN,CRASH_HOUR,CRASH_DAY_OF_WEEK,CRASH_MONTH
2ba89d93a1dfd080b4716d8871c1028ecf35641c4d33ff8a024ebfcdee46dd504b1ada96e8bfff61936364ac23db458ceefc66cd4de7e9df7e1767d61a4264c4,2022-08-14 16:30:00,30,NO CONTROLS,NO CONTROLS,CLOUDY/OVERCAST,DAYLIGHT,FIXED OBJECT,NOT DIVIDED,STRAIGHT AND LEVEL,DRY,NO DEFECTS,INJURY AND / OR TOW DUE TO CRASH,"OVER $1,500",UNABLE TO DETERMINE,UNABLE TO DETERMINE,8950,S,COLFAX AVE,1,NO INDICATION OF INJURY,0.0,0.0,0.0,0.0,0.0,1.0,0.0,16,1,8
e37b67d3c0fdabef3e2c520279d140406be31b6b5736ad57ccc1c26e631849002bdf068b039652af3c9f941f484f7b5722071c274c79f003b8d0abf1ce6c2bfd,2023-10-31 07:45:00,30,UNKNOWN,UNKNOWN,CLEAR,DAYLIGHT,ANGLE,DIVIDED - W/MEDIAN (NOT RAISED),STRAIGHT AND LEVEL,DRY,UNKNOWN,INJURY AND / OR TOW DUE TO CRASH,"OVER $1,500",NOT APPLICABLE,NOT APPLICABLE,6700,S,COTTAGE GROVE AVE,2,NO INDICATION OF INJURY,0.0,0.0,0.0,0.0,0.0,2.0,0.0,7,3,10
02e8669c3660ea5dd3377c0496c02dd77553c981859b54373ca3b64bb7255cb3efef6ffa797ebca14483cb949bc4dd8bddc2a79d6ae7b18e3cfe02171a086d80,2020-11-17 13:29:00,30,NO CONTROLS,NO CONTROLS,OTHER,DAYLIGHT,FIXED OBJECT,ALLEY,STRAIGHT AND LEVEL,WET,UNKNOWN,NO INJURY / DRIVE AWAY,$500 OR LESS,UNABLE TO DETERMINE,NOT APPLICABLE,11827,S,LA SALLE ST,1,NO INDICATION OF INJURY,0.0,0.0,0.0,0.0,0.0,2.0,0.0,13,3,11
c5a2634799475512a17248cbac40242ddde9859e8d0d3ff804edfa9d981e6f6e40c0ce874b5597688c29e4d7b4c5a4cb830563a72a20e7456f57e577f151c749,2020-03-02 16:15:00,20,STOP SIGN/FLASHER,OTHER,CLEAR,DAYLIGHT,SIDESWIPE SAME DIRECTION,NOT DIVIDED,STRAIGHT AND LEVEL,DRY,NO DEFECTS,NO INJURY / DRIVE AWAY,"OVER $1,500",IMPROPER LANE USAGE,NOT APPLICABLE,6900,S,BELL AVE,2,NO INDICATION OF INJURY,0.0,0.0,0.0,0.0,0.0,2.0,0.0,16,2,3
f92479759542a0a7e463f02dbb842a375e8af639da3dc3f57aa7b683487eacb43b06b002f638a5a3c95da15f58d908f39758c0cc7857ad5c6942c42657d00988,2022-09-01 08:45:00,30,NO CONTROLS,NO CONTROLS,CLEAR,DAYLIGHT,PARKED MOTOR VEHICLE,NOT DIVIDED,STRAIGHT AND LEVEL,DRY,NO DEFECTS,NO INJURY / DRIVE AWAY,"$501 - $1,500",DISTRACTION - FROM OUTSIDE VEHICLE,NOT APPLICABLE,9833,S,HAMILTON AVE,2,NO INDICATION OF INJURY,0.0,0.0,0.0,0.0,0.0,1.0,0.0,8,5,9
34146c19564cb03d8d6a4666c72b5157ca5eb6e1ab43cf8fdf8ca57d30f8e944382bd20a9c47536febefbc949f89cbe641f0c31e45f9dd036f0a43a6991d6b13,2017-12-12 16:00:00,30,TRAFFIC SIGNAL,FUNCTIONING PROPERLY,CLEAR,DAYLIGHT,TURNING,NOT DIVIDED,STRAIGHT AND LEVEL,DRY,NO DEFECTS,INJURY AND / OR TOW DUE TO CRASH,"OVER $1,500",IMPROPER TURNING/NO SIGNAL,IMPROPER TURNING/NO SIGNAL,5399,S,ARCHER AVE,3,NONINCAPACITATING INJURY,1.0,0.0,0.0,1.0,0.0,2.0,0.0,16,3,12
fd751dbf777930fd67729210caada639f46d5e52161841418a9a2bcb53df19a1d53da902b6779de50ca9529b80f88c5747d5e962a226f7d7a3442761a7485014,2018-03-03 18:40:00,30,TRAFFIC SIGNAL,FUNCTIONING PROPERLY,CLEAR,"DARKNESS, LIGHTED ROAD",ANGLE,DIVIDED - W/MEDIAN (NOT RAISED),STRAIGHT AND LEVEL,DRY,NO DEFECTS,NO INJURY / DRIVE AWAY,"$501 - $1,500",IMPROPER LANE USAGE,NOT APPLICABLE,5852,N,RIDGE AVE,2,NO INDICATION OF INJURY,0.0,0.0,0.0,0.0,0.0,3.0,0.0,18,7,3
42c7e547d3d07ff0bc56dee30220f4134d30dc4895645f7cb94308dda311eec1a848655957755ccb5d04f6369cb183bfdd24beaf66ecbea10e34be4a9dbbe8c3,2019-05-23 00:45:00,30,NO CONTROLS,NO CONTROLS,RAIN,"DARKNESS, LIGHTED ROAD",REAR END,NOT DIVIDED,STRAIGHT AND LEVEL,WET,NO DEFECTS,NO INJURY / DRIVE AWAY,"OVER $1,500",FOLLOWING TOO CLOSELY,UNABLE TO DETERMINE,600,S,LARAMIE AVE,2,NO INDICATION OF INJURY,0.0,0.0,0.0,0.0,0.0,2.0,0.0,0,5,5
d0993c823e9049a7988180f367ff7c67c6f365cc4ea6a57d5437fce1fce8cd5bf654927988bf3e6a3b26d65434f4bd3d5764f852ecd5def1dcfa401d97b6cfbe,2020-12-12 10:40:00,30,STOP SIGN/FLASHER,FUNCTIONING PROPERLY,RAIN,DAYLIGHT,TURNING,FOUR WAY,STRAIGHT AND LEVEL,WET,NO DEFECTS,INJURY AND / OR TOW DUE TO CRASH,"OVER $1,500",DISREGARDING STOP SIGN,UNABLE TO DETERMINE,498,E,71ST ST,2,NO INDICATION OF INJURY,0.0,0.0,0.0,0.0,0.0,2.0,0.0,10,7,12
d16309e9c520c83595987114bd7931e7ed9f556a0ad5f9bb88f9120f57f82ca5ac3b0921895aa77ee9c4151284e4cad54a7362363e3bc87d2cb2dc7164a9f8d6,2017-05-19 17:30:00,15,TRAFFIC SIGNAL,FUNCTIONING PROPERLY,CLEAR,DAYLIGHT,FIXED OBJECT,DIVIDED - W/MEDIAN BARRIER,STRAIGHT AND LEVEL,DRY,NO DEFECTS,NO INJURY / DRIVE AWAY,"OVER $1,500",FOLLOWING TOO CLOSELY,NOT APPLICABLE,57,W,69TH ST,1,NO INDICATION OF INJURY,0.0,0.0,0.0,0.0,0.0,1.0,0.0,17,6,5
091a8fe7bab1d9cbb384352a5eb54db2393cb884f1b68869cdea2cf99a5e1d3ae2dc2b72ca84a03da1c7a194eaaf09fb811ff8c91ae7e9535d541d82d8cd8ce8,2021-12-02 10:30:00,10,NO CONTROLS,NO CONTROLS,CLEAR,DAYLIGHT,PARKED MOTOR VEHICLE,PARKING LOT,STRAIGHT AND LEVEL,DRY,NO DEFECTS,NO INJURY / DRIVE AWAY,"$501 - $1,500",UNABLE TO DETERMINE,UNABLE TO DETERMINE,680,N,LAKE SHORE DR,2,NO INDICATION OF INJURY,0.0,0.0,0.0,0.0,0.0,1.0,0.0,10,5,12
946e6c5b2463b4f0aba5a706f06e8c4113611eaa84f39bca1eef9795f75134ebad08360bd1c59ad974cca2f1ff768ff93026674424c6091a6953ef909e29ea32,2023-06-02 03:52:00,30,NO CONTROLS,NO CONTROLS,CLEAR,"DARKNESS, LIGHTED ROAD",FIXED OBJECT,NOT DIVIDED,STRAIGHT AND LEVEL,DRY,NO DEFECTS,INJURY AND / OR TOW DUE TO CRASH,"OVER $1,500",NOT APPLICABLE,NOT APPLICABLE,2610,N,HALSTED ST,1,NO INDICATION OF INJURY,0.0,0.0,0.0,0.0,0.0,1.0,0.0,3,6,6
7fe3151718d30745774d1c3ca7f7fbb7ab722f68eea7f72a3b3959f83274d4ff82e0b62747638f1cbc484411694655261e2cc943e63535bc515a27e16bca1024,2020-12-11 18:25:00,30,STOP SIGN/FLASHER,FUNCTIONING PROPERLY,RAIN,"DARKNESS, LIGHTED ROAD",ANGLE,FOUR WAY,STRAIGHT AND LEVEL,WET,UNKNOWN,NO INJURY / DRIVE AWAY,"OVER $1,500",UNABLE TO DETERMINE,NOT APPLICABLE,1306,S,PULASKI RD,2,NO INDICATION OF INJURY,0.0,0.0,0.0,0.0,0.0,3.0,0.0,18,6,12
28df5b3d838c286ebf9842d97828f951bf54de137de8343b600f60b14cc037b5c616b9450d1b8e2de9bc0c7aa4b6d55fe8602809cc3b24e75fb9a777ecb59171,2018-02-08 07:05:00,35,NO CONTROLS,NO CONTROLS,CLEAR,DAWN,REAR END,DIVIDED - W/MEDIAN (NOT RAISED),STRAIGHT AND LEVEL,SNOW OR SLUSH,NO DEFECTS,INJURY AND / OR TOW DUE TO CRASH,"OVER $1,500",FAILING TO REDUCE SPEED TO AVOID CRASH,NOT APPLICABLE,3453,N,CUMBERLAND AVE,2,NO INDICATION OF INJURY,0.0,0.0,0.0,0.0,0.0,2.0,0.0,7,5,2
7c8099d1e42596039ea6edb3e56435e2bd469b1a6e607e948bce440178828c9c07b20281d37cde27173d2066002066ce4f5d8dac53495e1191f9ee36cd80ee1c,2023-04-29 12:35:00,30,TRAFFIC SIGNAL,FUNCTIONING PROPERLY,RAIN,DAYLIGHT,TURNING,NOT DIVIDED,STRAIGHT AND LEVEL,WET,NO DEFECTS,NO INJURY / DRIVE AWAY,"$501 - $1,500",DRIVING SKILLS/KNOWLEDGE/EXPERIENCE,NOT APPLICABLE,6300,S,CENTRAL AVE,2,NO INDICATION OF INJURY,0.0,0.0,0.0,0.0,0.0,2.0,0.0,12,7,4
b1c7ff03303a26abef2f4627b003404c9068f0a3c6294b2c4de034d29ea05537099e2218faf7c10d182fb789a028d589087411b96355ba950b51019f2b2af015,2018-03-01 16:40:00,30,NO CONTROLS,NO CONTROLS,CLEAR,DAYLIGHT,REAR END,DIVIDED - W/MEDIAN (NOT RAISED),STRAIGHT AND LEVEL,DRY,NO DEFECTS,NO INJURY / DRIVE AWAY,"OVER $1,500",FOLLOWING TOO CLOSELY,UNABLE TO DETERMINE,9458,S,ASHLAND AVE,2,NO INDICATION OF INJURY,0.0,0.0,0.0,0.0,0.0,2.0,0.0,16,5,3
b8e39670912ff628c375241ab00c3d70c0091717c5bfaaa91c631788ed6d91ed583e80f9efc5c36b03c4ab1fc82520a5ac3eb76bb199b3dce8d482dabdb9ff25,2021-08-19 19:50:00,20,NO CONTROLS,NO CONTROLS,CLEAR,"DARKNESS, LIGHTED ROAD",SIDESWIPE SAME DIRECTION,NOT DIVIDED,STRAIGHT AND LEVEL,DRY,NO DEFECTS,NO INJURY / DRIVE AWAY,"$501 - $1,500",UNABLE TO DETERMINE,NOT APPLICABLE,443,N,STATE ST,2,NO INDICATION OF INJURY,0.0,0.0,0.0,0.0,0.0,2.0,0.0,19,5,8
91480458a8837b81811ec629bc77dda297db5d0f0de7ae3996cb10dcc4e0ef63cb9819cd72301f2f2f8102b12502fe58e12ba0a822808e25478b255655cdc4ae,2018-12-08 14:14:00,30,NO CONTROLS,NO CONTROLS,CLEAR,DAYLIGHT,FIXED OBJECT,PARKING LOT,STRAIGHT AND LEVEL,DRY,NO DEFECTS,INJURY AND / OR TOW DUE TO CRASH,"OVER $1,500",EQUIPMENT - VEHICLE CONDITION,NOT APPLICABLE,654,W,LAWRENCE DR,1,NO INDICATION OF INJURY,0.0,0.0,0.0,0.0,0.0,1.0,0.0,14,7,12
b7f5c5182b195f5915d0dedaf0c21f72e6e59fc29d3ecde9ac5e9b4821951876f4b72029ea24210e59fa030275c7b0a650f7d3320d73c9bb1796d9c08806f867,2020-03-03 14:35:00,30,STOP SIGN/FLASHER,FUNCTIONING PROPERLY,CLEAR,DAYLIGHT,REAR END,ONE-WAY,STRAIGHT AND LEVEL,WET,NO DEFECTS,NO INJURY / DRIVE AWAY,"OVER $1,500",NOT APPLICABLE,NOT APPLICABLE,200,N,KOSTNER AVE,2,NO INDICATION OF INJURY,0.0,0.0,0.0,0.0,0.0,7.0,0.0,14,3,3
6eb468665f21b4f5d68e824c3cfaf7ec2ae52d264346677351cef7264c751ccf26048127aef83978447b8795e978e58d1f9387122a863f2b182415dd3844b0fd,2019-03-05 08:50:00,30,TRAFFIC SIGNAL,FUNCTIONING PROPERLY,CLEAR,DAYLIGHT,TURNING,DIVIDED - W/MEDIAN (NOT RAISED),STRAIGHT AND LEVEL,DRY,NO DEFECTS,NO INJURY / DRIVE AWAY,"OVER $1,500",FAILING TO YIELD RIGHT-OF-WAY,NOT APPLICABLE,150,W,83RD ST,2,NO INDICATION OF INJURY,0.0,0.0,0.0,0.0,0.0,2.0,0.0,8,3,3
ad5ad51ca1113759e6caebfd6d44775631f2ad383444a17663de49ce9ebc314e80b7dc88cdf642ff4d4a2254dbdb030dfc24d390be05dbb616020b92356875a6,2023-05-19 14:07:00,50,TRAFFIC SIGNAL,FUNCTIONING PROPERLY,CLOUDY/OVERCAST,DAYLIGHT,REAR END,DIVIDED - W/MEDIAN (NOT RAISED),STRAIGHT AND LEVEL,DRY,NO DEFECTS,NO INJURY / DRIVE AWAY,"OVER $1,500",FOLLOWING TOO CLOSELY,NOT APPLICABLE,10400,W,ZEMKE RD,2,NO INDICATION OF INJURY,0.0,0.0,0.0,0.0,0.0,2.0,0.0,14,6,5
4351b4ede06940cd2785849b7e91dd92f6abb7c0690c22fa1b793f195eaa85c8fb2ac2ff812d214999a43af976657404d23ba89356b00907bdb1487c4e81512c,2017-07-23 15:25:00,30,NO CONTROLS,NO CONTROLS,CLEAR,DAYLIGHT,PARKED MOTOR VEHICLE,ONE-WAY,STRAIGHT AND LEVEL,DRY,NO DEFECTS,NO INJURY / DRIVE AWAY,"$501 - $1,500",UNABLE TO DETERMINE,UNABLE TO DETERMINE,5311,S,LAKE PARK AVE W,2,NO INDICATION OF INJURY,0.0,0.0,0.0,0.0,0.0,1.0,0.0,15,1,7
506d0611302e86c70178acc5bb589fa8f5f830b6c9673f9f932fde391899d2d1b2d50548125de01ef76b3744fc797141870843934643cdb29fdb24276c16c13f,2022-04-13 10:06:00,30,TRAFFIC SIGNAL,FUNCTIONING PROPERLY,RAIN,DAYLIGHT,TURNING,FOUR WAY,STRAIGHT AND LEVEL,WET,NO DEFECTS,INJURY AND / OR TOW DUE TO CRASH,"OVER $1,500",DISREGARDING TRAFFIC SIGNALS,NOT APPLICABLE,800,W,87TH ST,2,NO INDICATION OF INJURY,0.0,0.0,0.0,0.0,0.0,2.0,0.0,10,4,4
01b9f82ce903ff619dfef0789680d2413b0564f63dee09972bc4a274955cd34d3bc2fb7785da3b95c5c11dbca20706e90ad46b6ddf6274bac3ab8b51e08fed36,2021-12-03 19:30:00,30,TRAFFIC SIGNAL,UNKNOWN,UNKNOWN,DARKNESS,REAR END,NOT DIVIDED,STRAIGHT AND LEVEL,UNKNOWN,UNKNOWN,NO INJURY / DRIVE AWAY,"OVER $1,500",UNABLE TO DETERMINE,UNABLE TO DETERMINE,5200,N,HARLEM AVE,2,NO INDICATION OF INJURY,0.0,0.0,0.0,0.0,0.0,2.0,0.0,19,6,12
e830ed72be2712c823bb0715baa3ba4b1c88251fbae5066011352485d8347be7e5b8c1a5b274fe4dbb8b05ce2b90a0b5b434f70b694725ac081e615c48a3b798,2023-12-10 18:45:00,10,OTHER,OTHER,CLEAR,"DARKNESS, LIGHTED ROAD",PARKED MOTOR VEHICLE,OTHER,STRAIGHT AND LEVEL,DRY,NO DEFECTS,NO INJURY / DRIVE AWAY,"OVER $1,500",UNABLE TO DETERMINE,UNABLE TO DETERMINE,10000,W,OHARE ST,2,NO INDICATION OF INJURY,0.0,0.0,0.0,0.0,0.0,1.0,0.0,18,1,12
c2a4eed6531d8d20aaffcfd2f18c4ba87c5accb4e725d47c89fe3a999c3d5c1fa93ac30b9b16327d60fde027349da378e73676112763a5308f231b8c8c716b09,2018-10-14 13:30:00,30,NO CONTROLS,NO CONTROLS,CLEAR,DAYLIGHT,REAR END,NOT DIVIDED,STRAIGHT AND LEVEL,DRY,NO DEFECTS,NO INJURY / DRIVE AWAY,"$501 - $1,500",FOLLOWING TOO CLOSELY,UNABLE TO DETERMINE,6200,N,MILWAUKEE AVE,2,NO INDICATION OF INJURY,0.0,0.0,0.0,0.0,0.0,3.0,0.0,13,1,10
0c0889106a0f675e3ec948490c2e7f3155790d3a201046263b7b5a4165e0c475cdf15a22c5d7f752590bec6bb8d5a7f15edeed7b1eb9c64985f784012b4664c7,2017-09-07 00:15:00,30,TRAFFIC SIGNAL,FUNCTIONING PROPERLY,CLEAR,"DARKNESS, LIGHTED ROAD",REAR END,NOT DIVIDED,STRAIGHT AND LEVEL,DRY,NO DEFECTS,NO INJURY / DRIVE AWAY,"OVER $1,500",UNABLE TO DETERMINE,NOT APPLICABLE,1201,W,ADDISON ST,2,NO INDICATION OF INJURY,0.0,0.0,0.0,0.0,0.0,2.0,0.0,0,5,9
869b4879e6bdbc13bbbe38877a7e412a2c1f5629e6f67b0deb3fb0eae1875bfd3c164a8a68fcd415276bfaf98b84c713365ea2a9cc99b4ae4c118835392d7800,2019-07-28 19:35:00,30,NO CONTROLS,NO CONTROLS,CLEAR,DAYLIGHT,REAR END,NOT DIVIDED,STRAIGHT AND LEVEL,DRY,NO DEFECTS,NO INJURY / DRIVE AWAY,"OVER $1,500",UNABLE TO DETERMINE,UNABLE TO DETERMINE,3900,W,FULLERTON AVE,2,NO INDICATION OF INJURY,0.0,0.0,0.0,0.0,0.0,2.0,0.0,19,1,7
2b5ccb37c2ba07d13e8d7a930733b1b0d18d6d6c48ff73669bd0031a2d5c639e7e5d63fcaac87faa9adb66dbccf2822cab1dab8cbb439dc7aa0ff3deb79f3905,2019-07-27 10:45:00,30,NO CONTROLS,NO CONTROLS,CLEAR,DAYLIGHT,PARKED MOTOR VEHICLE,NOT DIVIDED,STRAIGHT AND LEVEL,DRY,NO DEFECTS,INJURY AND / OR TOW DUE TO CRASH,"OVER $1,500",DISTRACTION - FROM OUTSIDE VEHICLE,NOT APPLICABLE,3942,W,JACKSON BLVD,3,INCAPACITATING INJURY,3.0,0.0,3.0,0.0,0.0,0.0,0.0,10,7,7
39953bb402cfedf8cf20dd32fc2caaa4e26658308c9e335785bbb5be272f4c3fb19ce5190541c7e1b582ee970d5bb02c6800f422fcdbe271831e635a078151e4,2017-11-25 10:45:00,30,NO CONTROLS,NO CONTROLS,CLEAR,DAYLIGHT,SIDESWIPE SAME DIRECTION,NOT DIVIDED,STRAIGHT AND LEVEL,DRY,NO DEFECTS,NO INJURY / DRIVE AWAY,"OVER $1,500",UNABLE TO DETERMINE,UNABLE TO DETERMINE,3100,W,CERMAK RD,2,NO INDICATION OF INJURY,0.0,0.0,0.0,0.0,0.0,2.0,0.0,10,7,11
8c564ada6ae4a3cd6a708a95ce0d9c40592968afdd3d0843533b8a1234b526b796ffecf6e3bc0bea664c88a5c521e3e77a0e4104734ba61405f6908c78eb9dff,2023-09-06 14:12:00,30,TRAFFIC SIGNAL,FUNCTIONING PROPERLY,CLEAR,DAYLIGHT,REAR END,DIVIDED - W/MEDIAN (NOT RAISED),STRAIGHT AND LEVEL,DRY,NO DEFECTS,NO INJURY / DRIVE AWAY,"OVER $1,500",UNABLE TO DETERMINE,UNABLE TO DETERMINE,3803,W,MONTROSE AVE,2,NO INDICATION OF INJURY,0.0,0.0,0.0,0.0,0.0,2.0,0.0,14,4,9
63aa1a459ed83137c3969c3e5ab5743b08b82703b4dc7813e9217ef9ed292accf607729ee60e85b56247002135c8603039685bb3f0b1578992b86ff73efbd70f,2020-01-31 05:33:00,30,NO CONTROLS,NO CONTROLS,SLEET/HAIL,DAWN,SIDESWIPE SAME DIRECTION,DIVIDED - W/MEDIAN (NOT RAISED),STRAIGHT AND LEVEL,WET,NO DEFECTS,NO INJURY / DRIVE AWAY,"OVER $1,500",UNABLE TO DETERMINE,NOT APPLICABLE,5717,S,COTTAGE GROVE AVE,2,NO INDICATION OF INJURY,0.0,0.0,0.0,0.0,0.0,3.0,0.0,5,6,1
16439fd63dea123f6056ab62374e0e7b8683bb31dd55fe318dc78c2281e367c6d79edeac63ac8b6ad0c7ea5c88d6ad8c823548b298ba355546bcbf356ccfe26b,2022-07-31 19:45:00,25,NO CONTROLS,NO CONTROLS,CLEAR,DUSK,PARKED MOTOR VEHICLE,ONE-WAY,STRAIGHT AND LEVEL,DRY,UNKNOWN,NO INJURY / DRIVE AWAY,"OVER $1,500",UNABLE TO DETERMINE,UNABLE TO DETERMINE,920,W,WAVELAND AVE,2,NO INDICATION OF INJURY,0.0,0.0,0.0,0.0,0.0,1.0,0.0,19,1,7
c99677aded9be7633934552058f29c65cb9ab0bfe86c80b3738e6ac71b3195bde82a71831e87832e404fd02999d51734a5153a12d96c3153913dfe9e49ecb5d7,2021-02-09 19:10:00,30,NO CONTROLS,NO CONTROLS,CLEAR,DARKNESS,PARKED MOTOR VEHICLE,ONE-WAY,STRAIGHT AND LEVEL,SNOW OR SLUSH,NO DEFECTS,NO INJURY / DRIVE AWAY,"OVER $1,500",DRIVING SKILLS/KNOWLEDGE/EXPERIENCE,UNABLE TO DETERMINE,4346,N,BELL AVE,2,NO INDICATION OF INJURY,0.0,0.0,0.0,0.0,0.0,1.0,0.0,19,3,2
2e33cadcdb6b02dbb13832aabb9edd92da7843cb9e6db93b138887df5b28601aaec046b5da0f50edd3a6cf7a5cce4746af9eb9019b98bf486b2d00500d2afbdd,2022-11-06 20:00:00,30,NO CONTROLS,NO CONTROLS,CLEAR,DARKNESS,REAR END,NOT DIVIDED,STRAIGHT AND LEVEL,DRY,NO DEFECTS,NO INJURY / DRIVE AWAY,"$501 - $1,500",UNABLE TO DETERMINE,UNABLE TO DETERMINE,6800,W,DIVERSEY AVE,2,NO INDICATION OF INJURY,0.0,0.0,0.0,0.0,0.0,2.0,0.0,20,1,11
2ef8b2a14116d85930d6898f9600c47646ee38a6dd30fdf451a2156438a70fcd6a6bbb2488a036aabe926d513f7a53fb34ac33e36e576b4af7e1743087406a26,2020-10-11 14:30:00,30,NO CONTROLS,NO CONTROLS,CLEAR,DAYLIGHT,SIDESWIPE SAME DIRECTION,NOT DIVIDED,STRAIGHT AND LEVEL,DRY,UNKNOWN,NO INJURY / DRIVE AWAY,"OVER $1,500",UNABLE TO DETERMINE,NOT APPLICABLE,4444,W,ROOSEVELT RD,2,NO INDICATION OF INJURY,0.0,0.0,0.0,0.0,0.0,4.0,0.0,14,1,10
1a4f78b1581151add6534c0e50c62bfbcc817eaecb96affd7b544cc5bef5b5cdc396ff6fad378d18994a6862822eb0c81e285a1d9732f08669254a1d6ca7dc6a,2023-03-07 11:45:00,30,UNKNOWN,UNKNOWN,UNKNOWN,UNKNOWN,TURNING,NOT DIVIDED,STRAIGHT AND LEVEL,UNKNOWN,UNKNOWN,NO INJURY / DRIVE AWAY,"OVER $1,500",UNABLE TO DETERMINE,UNABLE TO DETERMINE,354,N,UNION AVE,2,NO INDICATION OF INJURY,0.0,0.0,0.0,0.0,0.0,2.0,0.0,11,3,3
904a63986504ddb97b78fc9c4030d7b225eaadee6b51fb5788b68b4933c8ba5d5b4cbe487fa793d12a0812d1d5ece5b72279a7e90aeca3ea6e27483a767284c7,2023-09-12 06:34:00,30,TRAFFIC SIGNAL,FUNCTIONING PROPERLY,CLEAR,DAYLIGHT,TURNING,FOUR WAY,STRAIGHT AND LEVEL,DRY,NO DEFECTS,INJURY AND / OR TOW DUE TO CRASH,"OVER $1,500",DRIVING SKILLS/KNOWLEDGE/EXPERIENCE,NOT APPLICABLE,5500,N,HARLEM AVE,2,NO INDICATION OF INJURY,0.0,0.0,0.0,0.0,0.0,4.0,0.0,6,3,9
d159295eb77c7e5b17008b73b5d4f8f19c5a5cdca2d840d47ef69e04566c97e1df3f737abbd525c59a8e1a81679961242e94c0d26026a698e1eebe2bc086cb1a,2017-04-15 17:04:00,30,TRAFFIC SIGNAL,FUNCTIONING PROPERLY,CLEAR,DAYLIGHT,TURNING,DIVIDED - W/MEDIAN BARRIER,STRAIGHT AND LEVEL,DRY,NO DEFECTS,INJURY AND / OR TOW DUE TO CRASH,"OVER $1,500",IMPROPER TURNING/NO SIGNAL,FAILING TO YIELD RIGHT-OF-WAY,645,S,CENTRAL AVE,2,NO INDICATION OF INJURY,0.0,0.0,0.0,0.0,0.0,2.0,0.0,17,7,4
95338cd949f50ae5089c2dad73023558a1147b4c593ba26f161d914bb20a67712e1b69c855f7c39e32707aee06c13d378b26bde7ea1ce2fb97217dfac7727945,2020-07-15 03:00:00,30,NO CONTROLS,NO CONTROLS,CLEAR,"DARKNESS, LIGHTED ROAD",PARKED MOTOR VEHICLE,ONE-WAY,STRAIGHT AND LEVEL,DRY,NO DEFECTS,INJURY AND / OR TOW DUE TO CRASH,"OVER $1,500",FAILING TO REDUCE SPEED TO AVOID CRASH,UNABLE TO DETERMINE,3900,N,AVONDALE AVE,3,NO INDICATION OF INJURY,0.0,0.0,0.0,0.0,0.0,2.0,0.0,3,4,7
5c9be864b6fe6e90ee1cdb70689e315e81a2d4d79662c5c373797897ad37ef614a4cf1b57b7a41539996b4a58c5aeae16b0b543fdffc70b8f449630ade1dbaaf,2017-01-31 18:45:00,30,NO CONTROLS,NO CONTROLS,CLEAR,DARKNESS,PARKED MOTOR VEHICLE,NOT DIVIDED,STRAIGHT AND LEVEL,DRY,UNKNOWN,NO INJURY / DRIVE AWAY,"OVER $1,500",DRIVING SKILLS/KNOWLEDGE/EXPERIENCE,DRIVING SKILLS/KNOWLEDGE/EXPERIENCE,834,W,DIVERSEY PKWY,2,NO INDICATION OF INJURY,0.0,0.0,0.0,0.0,0.0,2.0,0.0,18,3,1
cb6e58b1ffa1deb80b9b83ca17054c27cc34d801afe367872fd5c23490858e46b85cdb4ff624c1065e8c8eda8a17e64a9565fb3a07b7be0221af53b541053708,2021-11-02 10:40:00,35,NO CONTROLS,NO CONTROLS,CLEAR,DAYLIGHT,SIDESWIPE SAME DIRECTION,DIVIDED - W/MEDIAN (NOT RAISED),STRAIGHT AND LEVEL,DRY,NO DEFECTS,NO INJURY / DRIVE AWAY,"OVER $1,500",IMPROPER OVERTAKING/PASSING,NOT APPLICABLE,8400,S,HOLLAND RD,2,NO INDICATION OF INJURY,0.0,0.0,0.0,0.0,0.0,2.0,0.0,10,3,11
d99f19deb34101c5aab70682f1628e87f347fe309d9159e2203d94b4265b4d3c2a27fcda2ba65f68b002bc7a3a9bc94ce27089c8ccaf32df7addd2ccbd94539b,2017-07-27 17:00:00,30,NO CONTROLS,NO CONTROLS,CLEAR,DAYLIGHT,REAR END,NOT DIVIDED,STRAIGHT AND LEVEL,UNKNOWN,NO DEFECTS,NO INJURY / DRIVE AWAY,"OVER $1,500",UNABLE TO DETERMINE,UNABLE TO DETERMINE,525,W,VAN BUREN ST,2,NO INDICATION OF INJURY,0.0,0.0,0.0,0.0,0.0,2.0,0.0,17,5,7