CRASH_RECORD_ID,CRASH_DATE,POSTED_SPEED_LIMIT,TRAFFIC_CONTROL_DEVICE,DEVICE_CONDITION,WEATHER_CONDITION,LIGHTING_CONDITION,FIRST_CRASH_TYPE,TRAFFICWAY_TYPE,ALIGNMENT,ROADWAY_SURFACE_COND,ROAD_DEFECT,CRASH_TYPE,DAMAGE,PRIM_CONTRIBUTORY_CAUSE,SEC_CONTRIBUTORY_CAUSE,STREET_NO,STREET_DIRECTION,STREET_NAME,NUM_UNITS,MOST_SEVERE_INJURY,INJURIES_TOTAL,INJURIES_FATAL,INJURIES_INCAPACITATING,INJURIES_NON_INCAPACITATING,INJURIES_REPORTED_NOT_EVIDENT,INJURIES_NO_INDICATION,INJURIES_UNKNOWN,CRASH_HOUR,CRASH_DAY_OF_WEEK,CRASH_MONTH
37d929d8ad72adefa3cd6a32be370a7fc8a0478336992c4fd6d1f7260aa07b42e5eb2ba91df6c8bcca2abde7d582e6d8e7ec934de3091570e26473734dc99d90,2018-11-12 08:44:00,30,NO CONTROLS,NO CONTROLS,CLEAR,DAYLIGHT,TURNING,NOT DIVIDED,STRAIGHT AND LEVEL,DRY,NO DEFECTS,INJURY AND / OR TOW DUE TO CRASH,"OVER $1,500",IMPROPER TURNING/NO SIGNAL,DRIVING SKILLS/KNOWLEDGE/EXPERIENCE,3751,W,CHICAGO AVE,2,NONINCAPACITATING INJURY,2.0,0.0,0.0,2.0,0.0,1.0,0.0,8,2,11
e3b87805d2314d33474909634a4a996f5a37038dfcdaec5827cba971e27a28e1089aee6ab552a594ce0d293bd2f25126b4c4c92c97d282885b61cc2a392adbce,2017-01-06 21:15:00,30,NO CONTROLS,NO CONTROLS,CLEAR,DARKNESS,SIDESWIPE SAME DIRECTION,NOT DIVIDED,STRAIGHT AND LEVEL,UNKNOWN,UNKNOWN,NO INJURY / DRIVE AWAY,"OVER $1,500",UNABLE TO DETERMINE,UNABLE TO DETERMINE,1800,W,76TH ST,2,NO INDICATION OF INJURY,0.0,0.0,0.0,0.0,0.0,2.0,0.0,21,6,1
8320f0c2e246399bf84ea4fca94a5140ea78d54f6ff7993ce1fa687d29b2898c9fcf60905f12564e7883b0cb987833a79f0f24b1980bfa0c7a96d3c25cec8589,2022-09-01 03:25:00,30,TRAFFIC SIGNAL,FUNCTIONING PROPERLY,CLEAR,"DARKNESS, LIGHTED ROAD",REAR END,DIVIDED - W/MEDIAN (NOT RAISED),STRAIGHT AND LEVEL,DRY,NO DEFECTS,NO INJURY / DRIVE AWAY,"$501 - $1,500",UNABLE TO DETERMINE,NOT APPLICABLE,2800,W,MARQUETTE RD,2,NO INDICATION OF INJURY,0.0,0.0,0.0,0.0,0.0,2.0,0.0,3,5,9
39ca12d606477458d979fa060653e4d7df6d459cd7971226399c55a4808ae3fed803b24418ee0aa5cc04c77d918405548d07cbaa8c68c491c51ec88af3e40ec2,2021-12-14 14:45:00,30,NO CONTROLS,NO CONTROLS,CLEAR,DAYLIGHT,SIDESWIPE SAME DIRECTION,ONE-WAY,STRAIGHT AND LEVEL,DRY,NO DEFECTS,NO INJURY / DRIVE AWAY,"OVER $1,500",DRIVING SKILLS/KNOWLEDGE/EXPERIENCE,NOT APPLICABLE,110,E,PEARSON ST,2,NO INDICATION OF INJURY,0.0,0.0,0.0,0.0,0.0,3.0,0.0,14,3,12
43bee86e0eb140a07bf6090f34c95d4cb39bfeb21b3beb270df81e5e2d1d8c4b46972bcdf5017050d56b986d339e916cf79e5c9a71742064cad7c5f41558044d,2024-04-06 12:30:00,30,NO CONTROLS,NO CONTROLS,CLEAR,DAYLIGHT,PEDESTRIAN,DIVIDED - W/MEDIAN (NOT RAISED),STRAIGHT AND LEVEL,DRY,NO DEFECTS,INJURY AND / OR TOW DUE TO CRASH,$500 OR LESS,"VISION OBSCURED (SIGNS, TREE LIMBS, BUILDINGS, ETC.)",NOT APPLICABLE,4221,S,ARCHER AVE,2,NONINCAPACITATING INJURY,1.0,0.0,0.0,1.0,0.0,1.0,0.0,12,7,4
b431723575f3130dd76e2789fa7f583997379d5d4192e1a07457769521b6682e67239393d166f11019c70480181fa404e61737b1fd9e5ec365b346e5a6f9bec1,2019-10-20 17:00:00,30,TRAFFIC SIGNAL,FUNCTIONING PROPERLY,CLEAR,DAYLIGHT,HEAD ON,NOT DIVIDED,STRAIGHT AND LEVEL,DRY,NO DEFECTS,NO INJURY / DRIVE AWAY,"OVER $1,500",UNABLE TO DETERMINE,NOT APPLICABLE,11000,S,DR MARTIN LUTHER KING JR DR,2,NO INDICATION OF INJURY,0.0,0.0,0.0,0.0,0.0,2.0,0.0,17,1,10
413c94dc6d527e0d5eb9211f14673e19cd983e7988d45af17d05e43155565a46c93661f7b939c07a58f188880302179a661070d0e391c6fc7e646eb9119ca4eb,2018-01-05 14:45:00,30,NO CONTROLS,NO CONTROLS,CLEAR,DAYLIGHT,PEDESTRIAN,NOT DIVIDED,STRAIGHT AND LEVEL,DRY,NO DEFECTS,INJURY AND / OR TOW DUE TO CRASH,$500 OR LESS,NOT APPLICABLE,NOT APPLICABLE,6353,N,CENTRAL AVE,2,NONINCAPACITATING INJURY,1.0,0.0,0.0,1.0,0.0,1.0,0.0,14,6,1
a1aece5ac6a81f32e44f3c01c27642143c2092012deab794f7044939fae797b1fc424be0a60c292bbae097d7e951e81c40877b8a26e31b90fa7d570ff2c2f5b7,2020-06-15 16:00:00,30,TRAFFIC SIGNAL,FUNCTIONING PROPERLY,CLEAR,DAYLIGHT,REAR END,OTHER,STRAIGHT AND LEVEL,DRY,OTHER,NO INJURY / DRIVE AWAY,"$501 - $1,500",FOLLOWING TOO CLOSELY,UNABLE TO DETERMINE,5658,S,COTTAGE GROVE AVE,2,NO INDICATION OF INJURY,0.0,0.0,0.0,0.0,0.0,2.0,0.0,16,2,6
07cdf4543bc91f79cc3815633fd153c2a77ff5ff015826bd39e773bd5b7e97758cb8b4d4827042ee6ecee15b6a8cbebd1b20823355b83afb49ba6af203868d60,2020-02-17 21:17:00,30,TRAFFIC SIGNAL,FUNCTIONING PROPERLY,RAIN,"DARKNESS, LIGHTED ROAD",PEDESTRIAN,FOUR WAY,STRAIGHT AND LEVEL,WET,UNKNOWN,INJURY AND / OR TOW DUE TO CRASH,"OVER $1,500",DISREGARDING TRAFFIC SIGNALS,UNABLE TO DETERMINE,4000,N,CLARK ST,2,INCAPACITATING INJURY,1.0,0.0,1.0,0.0,0.0,1.0,0.0,21,2,2
a937ecdbf13ff6f061d95d3c9fd271109e133ae4dd28573999d497959acc8d09858623fd83a32470762049498aebe526233b6a346ae08670fd47fceb6b746b82,2023-07-27 18:57:00,30,STOP SIGN/FLASHER,UNKNOWN,CLEAR,DAYLIGHT,ANGLE,NOT DIVIDED,STRAIGHT AND LEVEL,DRY,NO DEFECTS,NO INJURY / DRIVE AWAY,"OVER $1,500",UNABLE TO DETERMINE,UNABLE TO DETERMINE,533,N,MILWAUKEE AVE,2,NO INDICATION OF INJURY,0.0,0.0,0.0,0.0,0.0,3.0,0.0,18,5,7
f56e6cac3783e0d811a8e9bd3e558e5552bb5ccf57741df6aa71535f3020690d45023bc6fad983dae1d80fe140fb1403d4cca37fdef8fc92ceaf8f176509f840,2020-08-07 20:10:00,35,NO CONTROLS,NO CONTROLS,CLEAR,DUSK,PEDALCYCLIST,DIVIDED - W/MEDIAN (NOT RAISED),STRAIGHT AND LEVEL,DRY,NO DEFECTS,INJURY AND / OR TOW DUE TO CRASH,"$501 - $1,500",UNABLE TO DETERMINE,NOT APPLICABLE,2850,N,LARAMIE AVE,2,INCAPACITATING INJURY,1.0,0.0,1.0,0.0,0.0,1.0,0.0,20,6,8
a3c37d8fca09711ddb51a5d506d23fe6e7e6febf5a4e8cae250fc4cc382197b30e17fc1169ea594ee84ea2535f4cf96e32b5d448fc86cfca3db35b122d28fc8c,2017-11-15 16:00:00,30,STOP SIGN/FLASHER,FUNCTIONING PROPERLY,CLEAR,DAYLIGHT,TURNING,NOT DIVIDED,STRAIGHT AND LEVEL,WET,NO DEFECTS,NO INJURY / DRIVE AWAY,$500 OR LESS,FAILING TO YIELD RIGHT-OF-WAY,FAILING TO REDUCE SPEED TO AVOID CRASH,1533,E,67TH ST,2,NO INDICATION OF INJURY,0.0,0.0,0.0,0.0,0.0,2.0,0.0,16,4,11
f692168fad3d45b2926d8a42d5c0840e2e33aa2f6a5970c434f6fbb3d0945e68315130f874c6aadd09581450bea433c38359cb0cdbf9176434c7735ac0562dd1,2020-01-22 15:00:00,25,NO CONTROLS,NO CONTROLS,CLEAR,DAYLIGHT,PARKED MOTOR VEHICLE,ONE-WAY,STRAIGHT AND LEVEL,DRY,NO DEFECTS,NO INJURY / DRIVE AWAY,"OVER $1,500",UNABLE TO DETERMINE,NOT APPLICABLE,2343,N,MAJOR AVE,2,NO INDICATION OF INJURY,0.0,0.0,0.0,0.0,0.0,1.0,0.0,15,4,1
f96cf1f3ee2ad90c5372b52b5e47de442f2c5f90c792dcb8bb56b6959e4a5c47ad17a6e3a0694e5aeb547113f640a9a3a70347cf5b228ac05776dbde6a626a2e,2023-01-21 02:25:00,30,NO CONTROLS,NO CONTROLS,CLEAR,"DARKNESS, LIGHTED ROAD",PARKED MOTOR VEHICLE,ONE-WAY,STRAIGHT AND LEVEL,DRY,NO DEFECTS,INJURY AND / OR TOW DUE TO CRASH,"OVER $1,500",UNABLE TO DETERMINE,NOT APPLICABLE,4228,W,CONGRESS PKWY,2,NO INDICATION OF INJURY,0.0,0.0,0.0,0.0,0.0,1.0,0.0,2,7,1
5a69641e558916ef1965017b64a5016e3aeab67c486bd965cde97d9915738ede2e39876627ddce82b85c00bd5d568ffc7daf8db4a629104ffbf1b3d40e81e332,2018-12-18 16:34:00,20,NO CONTROLS,NO CONTROLS,UNKNOWN,DAYLIGHT,FIXED OBJECT,NOT DIVIDED,STRAIGHT AND LEVEL,WET,NO DEFECTS,NO INJURY / DRIVE AWAY,"OVER $1,500",ROAD CONSTRUCTION/MAINTENANCE,NOT APPLICABLE,169,E,63RD ST,1,NO INDICATION OF INJURY,0.0,0.0,0.0,0.0,0.0,1.0,0.0,16,3,12
6534be45397539a4008a04c6227c4aaf82af43680f3b781f4bfab3434cb317144b07818b50dc32665010330683dc765cbed5446ba7ad01c2dab2ed00c3944594,2024-01-24 11:26:00,3,NO CONTROLS,NO CONTROLS,RAIN,DAYLIGHT,REAR TO SIDE,PARKING LOT,STRAIGHT AND LEVEL,WET,NO DEFECTS,NO INJURY / DRIVE AWAY,"OVER $1,500",UNABLE TO DETERMINE,NOT APPLICABLE,2200,S,LOOMIS ST,2,NO INDICATION OF INJURY,0.0,0.0,0.0,0.0,0.0,2.0,0.0,11,4,1
33bd3b54d9f2899030d2a54486a1b58280d15bc5e4ff251ebf66411a49d79fb07aad64750f62de5d07fc310c866428ea294c0b4f2a1295c6207d26e856493e7a,2018-06-30 08:45:00,25,NO CONTROLS,NO CONTROLS,CLEAR,UNKNOWN,PARKED MOTOR VEHICLE,ONE-WAY,STRAIGHT AND LEVEL,DRY,NO DEFECTS,NO INJURY / DRIVE AWAY,"$501 - $1,500",UNABLE TO DETERMINE,UNABLE TO DETERMINE,6316,N,PAULINA ST,2,NO INDICATION OF INJURY,0.0,0.0,0.0,0.0,0.0,1.0,0.0,8,7,6
2761a79b9737824d8801b5507fd63615bb2979cf7827f4bdd65603fedae68ef123b9dc64c9043eaf872c47d289c81d9463c77936e2557209b00eb6afa8bdec1d,2019-02-01 06:55:00,30,NO CONTROLS,NO CONTROLS,CLEAR,DAYLIGHT,SIDESWIPE OPPOSITE DIRECTION,NOT DIVIDED,STRAIGHT AND LEVEL,WET,NO DEFECTS,NO INJURY / DRIVE AWAY,"$501 - $1,500",UNABLE TO DETERMINE,UNABLE TO DETERMINE,332,W,47TH ST,2,NO INDICATION OF INJURY,0.0,0.0,0.0,0.0,0.0,4.0,0.0,6,6,2
1cca41f663a35901d150ec60fec8d0432e2775498597d07d8281d89ee3a7943fc13ed9bed432ff4f78fd9e6cdff0edf2a94480cc8beae4521995da2000f749b4,2018-07-01 15:00:00,30,TRAFFIC SIGNAL,FUNCTIONING PROPERLY,CLEAR,DAYLIGHT,REAR END,NOT DIVIDED,STRAIGHT AND LEVEL,DRY,NO DEFECTS,NO INJURY / DRIVE AWAY,"$501 - $1,500",FOLLOWING TOO CLOSELY,NOT APPLICABLE,2144,S,ASHLAND AVE,2,NO INDICATION OF INJURY,0.0,0.0,0.0,0.0,0.0,2.0,0.0,15,1,7
89814c30a5dd3760031190799a428a1be54e59b12922dd198f69c1e3278851129e31a130021f8bf6d142e4347deb9077870735491a08e09da93277aff33ed1e2,2023-06-02 14:20:00,35,TRAFFIC SIGNAL,FUNCTIONING PROPERLY,CLEAR,DAYLIGHT,SIDESWIPE OPPOSITE DIRECTION,DIVIDED - W/MEDIAN (NOT RAISED),STRAIGHT AND LEVEL,DRY,NO DEFECTS,NO INJURY / DRIVE AWAY,"OVER $1,500",UNABLE TO DETERMINE,NOT APPLICABLE,875,N,MICHIGAN AVE,2,NO INDICATION OF INJURY,0.0,0.0,0.0,0.0,0.0,3.0,0.0,14,6,6
625870319c0284f46a9637b30a69d4f626e7192166e264d596a104c20683d8d781377ce140c0d7fcaaca8dc907b42465e826448a0bbd1052761faa40d204b86b,2020-08-02 03:52:00,30,STOP SIGN/FLASHER,FUNCTIONING PROPERLY,RAIN,"DARKNESS, LIGHTED ROAD",FIXED OBJECT,NOT DIVIDED,STRAIGHT AND LEVEL,WET,NO DEFECTS,INJURY AND / OR TOW DUE TO CRASH,"OVER $1,500",UNABLE TO DETERMINE,NOT APPLICABLE,1900,W,51ST ST,1,NO INDICATION OF INJURY,0.0,0.0,0.0,0.0,0.0,1.0,0.0,3,1,8
5e853f016e4b10a8ac463a71b39242d5c65b3af69f530fa80251731aa4e7a5de312c86e156e5184db59c9d3d6d148ba90f0a3ae5e6936933f64dba8974baedfe,2020-10-07 11:00:00,30,NO CONTROLS,NO CONTROLS,CLEAR,DAYLIGHT,PARKED MOTOR VEHICLE,DIVIDED - W/MEDIAN (NOT RAISED),STRAIGHT AND LEVEL,DRY,NO DEFECTS,NO INJURY / DRIVE AWAY,"$501 - $1,500",FOLLOWING TOO CLOSELY,DRIVING SKILLS/KNOWLEDGE/EXPERIENCE,3120,S,CALIFORNIA AVE,2,NO INDICATION OF INJURY,0.0,0.0,0.0,0.0,0.0,1.0,0.0,11,4,10
241bafe26e1ce16489bbbf5ca9e92fe264222cd99aedbbaca518b04d05a9d4b217682bf7151e761a95abfb6493bf9fe895ba6f5bb7f03ea3563bb8e2177a8a62,2018-01-04 13:10:00,10,NO CONTROLS,NO CONTROLS,SNOW,DAYLIGHT,ANGLE,ALLEY,STRAIGHT AND LEVEL,SNOW OR SLUSH,NO DEFECTS,NO INJURY / DRIVE AWAY,"$501 - $1,500",UNABLE TO DETERMINE,UNABLE TO DETERMINE,3247,N,LEAVITT ST,2,NO INDICATION OF INJURY,0.0,0.0,0.0,0.0,0.0,2.0,0.0,13,5,1
67b9df915f12455c85f098e775c1f2c3f4a304c6c1fd8979a428ab0f2bfa29e7bb9214c2a1a039cd7f2078aa6f194caf3775164e08be0816b54cd018d07dfffb,2022-01-29 05:00:00,15,NO CONTROLS,NO CONTROLS,UNKNOWN,UNKNOWN,PARKED MOTOR VEHICLE,NOT DIVIDED,STRAIGHT AND LEVEL,UNKNOWN,NO DEFECTS,INJURY AND / OR TOW DUE TO CRASH,"OVER $1,500",UNABLE TO DETERMINE,UNABLE TO DETERMINE,6417,W,BARRY AVE,2,NO INDICATION OF INJURY,0.0,0.0,0.0,0.0,0.0,1.0,0.0,5,7,1
424f5d8797e47d6121eb9b966050cd92c62c76345c82fa5f015c1cf6fe98e241ffd898dad040104979b44737889eaf0ce81ca668bab13ef6dba73949faf90b2c,2019-04-20 13:15:00,5,NO CONTROLS,NO CONTROLS,CLEAR,DAYLIGHT,REAR END,ONE-WAY,STRAIGHT AND LEVEL,WET,NO DEFECTS,NO INJURY / DRIVE AWAY,"$501 - $1,500",FOLLOWING TOO CLOSELY,NOT APPLICABLE,1538,E,95TH ST,2,NO INDICATION OF INJURY,0.0,0.0,0.0,0.0,0.0,3.0,0.0,13,7,4
6ddbf7dd215fec9d0f4701c06a28ebf8bc63b58640b4a626f83e1ae0b73872886d77365232dd528fced16336c52f3ed36fc59407ac54fc0606cefbe40489dbb5,2018-06-15 14:55:00,30,TRAFFIC SIGNAL,FUNCTIONING PROPERLY,CLEAR,DAYLIGHT,TURNING,DIVIDED - W/MEDIAN BARRIER,STRAIGHT AND LEVEL,DRY,NO DEFECTS,INJURY AND / OR TOW DUE TO CRASH,"OVER $1,500",UNABLE TO DETERMINE,UNABLE TO DETERMINE,458,N,DAMEN AVE,2,NONINCAPACITATING INJURY,1.0,0.0,0.0,1.0,0.0,1.0,0.0,14,6,6
ce62a9180f59e38a999920dee210067e4ac0b81473359dfb3ae45e975290556bceafa8a3ec71e4c230c2350cf53f675328c0c859b57526ad7a38e039f8009e60,2021-04-06 12:14:00,30,TRAFFIC SIGNAL,UNKNOWN,UNKNOWN,DAYLIGHT,REAR END,NOT DIVIDED,STRAIGHT AND LEVEL,UNKNOWN,UNKNOWN,NO INJURY / DRIVE AWAY,"$501 - $1,500",UNABLE TO DETERMINE,NOT APPLICABLE,2758,W,47TH ST,2,NO INDICATION OF INJURY,0.0,0.0,0.0,0.0,0.0,4.0,0.0,12,3,4
4b08fb31cc837e89090789e3777b083f3d2cd9e93cee3673487a95e752a7083b2237433c4e6ac0ecbf860164dbb75ab1e1b1854c8dbfdd4b7f4c75575785e7ed,2023-06-17 22:00:00,15,NO CONTROLS,NO CONTROLS,CLEAR,"DARKNESS, LIGHTED ROAD",PARKED MOTOR VEHICLE,ONE-WAY,STRAIGHT AND LEVEL,DRY,NO DEFECTS,NO INJURY / DRIVE AWAY,"$501 - $1,500",UNABLE TO DETERMINE,NOT APPLICABLE,1100,W,78TH ST,2,NO INDICATION OF INJURY,0.0,0.0,0.0,0.0,0.0,1.0,0.0,22,7,6
fc62fa1235f5591c7f59d9eef868aaa75b2bd6ddc139cb442467bcbbe2ee88b03024d9e39c5554f4916dc75cfbc93cd71a47e66f82d2dbc61c4b002bc4dee79f,2023-05-11 08:00:00,30,TRAFFIC SIGNAL,FUNCTIONING PROPERLY,CLEAR,DAYLIGHT,REAR END,DIVIDED - W/MEDIAN (NOT RAISED),STRAIGHT AND LEVEL,DRY,NO DEFECTS,NO INJURY / DRIVE AWAY,"$501 - $1,500",FOLLOWING TOO CLOSELY,FOLLOWING TOO CLOSELY,2539,N,KEDZIE BLVD,2,NO INDICATION OF INJURY,0.0,0.0,0.0,0.0,0.0,2.0,0.0,8,5,5
94fceb15f04f9e0c33e269418e9570c4c46bbb127bb4744a6b9b6c639eff6e75f81823bcd239f21d1b2115cb1e28a9dcf2c1893edb281d8a8fe7fe0e779e76e2,2020-08-29 01:40:00,30,NO CONTROLS,UNKNOWN,CLEAR,"DARKNESS, LIGHTED ROAD",PARKED MOTOR VEHICLE,DIVIDED - W/MEDIAN BARRIER,STRAIGHT AND LEVEL,DRY,NO DEFECTS,NO INJURY / DRIVE AWAY,"OVER $1,500",UNABLE TO DETERMINE,UNABLE TO DETERMINE,2440,S,KEDZIE AVE,5,NO INDICATION OF INJURY,0.0,0.0,0.0,0.0,0.0,1.0,0.0,1,7,8
eec7044b93dcffa8e09c98419a96045043096c2826588cacea879f01c6742ad01e1892abd5d613b3bb3b41c9fd32e1a6a9709fed0e81f67b3ed02529fd5acac4,2021-12-30 07:35:00,25,DELINEATORS,FUNCTIONING PROPERLY,CLOUDY/OVERCAST,DAYLIGHT,ANGLE,DIVIDED - W/MEDIAN BARRIER,"CURVE, LEVEL",WET,NO DEFECTS,NO INJURY / DRIVE AWAY,"OVER $1,500",WEATHER,ROAD ENGINEERING/SURFACE/MARKING DEFECTS,900,N,LAKE SHORE DR SB,2,NO INDICATION OF INJURY,0.0,0.0,0.0,0.0,0.0,4.0,0.0,7,5,12
bb8233977cda5527e50b243cc3e9f958ed95a978391f27e5cec8c37b0093095a868023ce53514ae53e7fd64b6e2a61cfb3739f2fef66bd88e1af711f0dd0cb05,2018-11-05 12:30:00,30,NO CONTROLS,NO CONTROLS,CLEAR,DAYLIGHT,PARKED MOTOR VEHICLE,NOT DIVIDED,STRAIGHT AND LEVEL,DRY,NO DEFECTS,NO INJURY / DRIVE AWAY,"$501 - $1,500",UNABLE TO DETERMINE,UNABLE TO DETERMINE,1158,N,CLEVELAND AVE,2,NO INDICATION OF INJURY,0.0,0.0,0.0,0.0,0.0,1.0,0.0,12,2,11
8190ca0a2d7b773713bbd4366d24f5feadb4b0267636e0541ad532625006bd6bd4ad6a5ea8192e91e089ea152256d1dcda924a14eb9e1efc3a318a9b0ccd8b56,2021-10-13 18:30:00,30,UNKNOWN,UNKNOWN,UNKNOWN,DARKNESS,TURNING,NOT DIVIDED,STRAIGHT AND LEVEL,UNKNOWN,UNKNOWN,NO INJURY / DRIVE AWAY,$500 OR LESS,DISREGARDING TRAFFIC SIGNALS,DISREGARDING TRAFFIC SIGNALS,640,W,ROOSEVELT RD,2,NO INDICATION OF INJURY,0.0,0.0,0.0,0.0,0.0,2.0,0.0,18,4,10
86230035722444d16f210b77e8c40780fc7659535f4eaf0555c5d88099370ab2273b09264eed3fc9d798a86cb9e352831584de13434654ccab8a171fba09861e,2015-11-16 00:30:00,30,NO CONTROLS,NO CONTROLS,CLEAR,DARKNESS,PARKED MOTOR VEHICLE,ONE-WAY,STRAIGHT AND LEVEL,UNKNOWN,NO DEFECTS,NO INJURY / DRIVE AWAY,"OVER $1,500",UNABLE TO DETERMINE,NOT APPLICABLE,7059,S,CREGIER AVE,2,NO INDICATION OF INJURY,0.0,0.0,0.0,0.0,0.0,1.0,0.0,0,2,11
86fcf23cb7499f4fb9d0563d4183cdae6a20228439df9bdf806bda78d4d166741f0684d25c360429dbaa27301258aa16649b50b5f6fb767ba83de946ee29c7d8,2020-12-03 10:45:00,35,NO CONTROLS,NO CONTROLS,CLEAR,DAYLIGHT,TURNING,NOT DIVIDED,STRAIGHT AND LEVEL,DRY,NO DEFECTS,NO INJURY / DRIVE AWAY,"$501 - $1,500","OPERATING VEHICLE IN ERRATIC, RECKLESS, CARELESS, NEGLIGENT OR AGGRESSIVE MANNER",FAILING TO REDUCE SPEED TO AVOID CRASH,1500,W,76TH ST,2,NO INDICATION OF INJURY,0.0,0.0,0.0,0.0,0.0,2.0,0.0,10,5,12
4a6857c23f7474aa30fcc813f6cf87056102316ae9bbfa1c75ed608c636b6e2d2f704e47a868fa6a95bd792b0d818071102429b8b255a21c8fc01ff7b7d1268c,2021-12-27 15:00:00,25,STOP SIGN/FLASHER,FUNCTIONING PROPERLY,CLEAR,DAYLIGHT,PARKED MOTOR VEHICLE,ONE-WAY,STRAIGHT AND LEVEL,WET,NO DEFECTS,NO INJURY / DRIVE AWAY,"OVER $1,500",UNABLE TO DETERMINE,UNABLE TO DETERMINE,2858,S,TRIPP AVE,2,NO INDICATION OF INJURY,0.0,0.0,0.0,0.0,0.0,1.0,0.0,15,2,12
8f575be475d104ee2908cf389493c914ffcb38afc1e483a7c1a595868e8ac1889faff656b29ab0a97d7ede09cb46dd05de23a4ba7efa006884d476e785674883,2022-10-23 16:45:00,30,TRAFFIC SIGNAL,FUNCTIONING PROPERLY,CLEAR,DAYLIGHT,REAR END,DIVIDED - W/MEDIAN (NOT RAISED),STRAIGHT AND LEVEL,DRY,NO DEFECTS,INJURY AND / OR TOW DUE TO CRASH,"OVER $1,500",FAILING TO REDUCE SPEED TO AVOID CRASH,UNABLE TO DETERMINE,1400,S,KEDZIE AVE,2,NONINCAPACITATING INJURY,1.0,0.0,0.0,1.0,0.0,3.0,0.0,16,1,10
d7d0d2c412bfe17aeb216dae797b4f123769aec26ca5bf041355e2bfeeee246116bc9d0cc75656e0d815c5d1cfb7879f9fcc19dd56cf805cb216e07caea79bd9,2023-05-21 16:53:00,30,TRAFFIC SIGNAL,FUNCTIONING PROPERLY,CLEAR,DAYLIGHT,PARKED MOTOR VEHICLE,DIVIDED - W/MEDIAN (NOT RAISED),STRAIGHT AND LEVEL,DRY,NO DEFECTS,NO INJURY / DRIVE AWAY,"OVER $1,500",NOT APPLICABLE,NOT APPLICABLE,3955,W,NORTH AVE,2,NO INDICATION OF INJURY,0.0,0.0,0.0,0.0,0.0,1.0,0.0,16,1,5
add67f8f450208c51ceabadc3260e30b9e7095f4028e982d004bec3fea3a9297ae91105c7d72f970fcf969b01a94c537be7685f0038881a7d3192f49788e1a7f,2023-02-11 10:45:00,30,TRAFFIC SIGNAL,FUNCTIONING PROPERLY,CLEAR,DAYLIGHT,TURNING,UNKNOWN INTERSECTION TYPE,STRAIGHT AND LEVEL,DRY,NO DEFECTS,NO INJURY / DRIVE AWAY,"OVER $1,500",UNABLE TO DETERMINE,UNABLE TO DETERMINE,1900,W,87TH ST,2,NO INDICATION OF INJURY,0.0,0.0,0.0,0.0,0.0,2.0,0.0,10,7,2
fca8f3627d52aa7f8f9c062bd89a52d5ecb66705aa2a0c73d000a71c02793d312b0d4f4c5e6f1db7ad85dd3b5274972aa85b4fef49f13eea9d8de79f90ef3595,2021-08-01 20:00:00,15,NO CONTROLS,NO CONTROLS,CLEAR,"DARKNESS, LIGHTED ROAD",PARKED MOTOR VEHICLE,PARKING LOT,STRAIGHT AND LEVEL,DRY,NO DEFECTS,NO INJURY / DRIVE AWAY,"OVER $1,500",UNABLE TO DETERMINE,UNABLE TO DETERMINE,2001,N,PULASKI RD,2,NO INDICATION OF INJURY,0.0,0.0,0.0,0.0,0.0,1.0,0.0,20,1,8
6df44604b34d9ccda38a918a5f886eff770754607990a47f7a6391152379623e8f9fc9c6d3e16eeb8d786e525ef8e0d6496d03ee73d7dac714702d66b4731255,2023-11-16 13:36:00,25,NO CONTROLS,NO CONTROLS,CLEAR,DAYLIGHT,PARKED MOTOR VEHICLE,ONE-WAY,STRAIGHT AND LEVEL,DRY,NO DEFECTS,NO INJURY / DRIVE AWAY,"OVER $1,500",IMPROPER TURNING/NO SIGNAL,NOT APPLICABLE,5453,S,NORDICA AVE,2,NO INDICATION OF INJURY,0.0,0.0,0.0,0.0,0.0,1.0,0.0,13,5,11
3d308fb6562abb58f5dabd374e0ea93eb6e8d4e3b20e0567b41f940337805b405f90182c49079466a1302129268c646129b9d930fc04c5b31467f16e98bf4968,2024-03-02 16:19:00,45,NO CONTROLS,NO CONTROLS,CLEAR,DAYLIGHT,REAR END,DIVIDED - W/MEDIAN BARRIER,STRAIGHT AND LEVEL,DRY,NO DEFECTS,NO INJURY / DRIVE AWAY,$500 OR LESS,DISTRACTION - FROM INSIDE VEHICLE,DRIVING SKILLS/KNOWLEDGE/EXPERIENCE,327,N,LAKE SHORE DR NB,2,NO INDICATION OF INJURY,0.0,0.0,0.0,0.0,0.0,4.0,0.0,16,7,3
4d09edb1216f9ae78c4f7362e59034a9e641cc221df0822a38b7ad2e80d7a2f896c2a79b30d6da91d0a634ecf9a598bb6b4b2165e237282afd34000033cea043,2018-10-04 07:30:00,35,TRAFFIC SIGNAL,FUNCTIONING PROPERLY,CLEAR,DAYLIGHT,REAR END,NOT DIVIDED,STRAIGHT AND LEVEL,DRY,NO DEFECTS,NO INJURY / DRIVE AWAY,"$501 - $1,500",UNABLE TO DETERMINE,UNABLE TO DETERMINE,6753,N,WESTERN AVE,2,NO INDICATION OF INJURY,0.0,0.0,0.0,0.0,0.0,2.0,0.0,7,5,10
ec00f39b53ea05e2ff803d43169eff74898cfa892d2ba440020d38ce9186979ae9dab1bcc5c262c8e8629123b9c85a245fc5c858275447d7ab01930e1becbff0,2018-05-25 15:00:00,30,STOP SIGN/FLASHER,FUNCTIONING PROPERLY,CLEAR,DAYLIGHT,SIDESWIPE SAME DIRECTION,ONE-WAY,STRAIGHT AND LEVEL,DRY,UNKNOWN,NO INJURY / DRIVE AWAY,"$501 - $1,500",IMPROPER OVERTAKING/PASSING,IMPROPER LANE USAGE,4232,W,13TH ST,2,NO INDICATION OF INJURY,0.0,0.0,0.0,0.0,0.0,2.0,0.0,15,6,5