CRASH_RECORD_ID,CRASH_DATE,POSTED_SPEED_LIMIT,TRAFFIC_CONTROL_DEVICE,DEVICE_CONDITION,WEATHER_CONDITION,LIGHTING_CONDITION,FIRST_CRASH_TYPE,TRAFFICWAY_TYPE,ALIGNMENT,ROADWAY_SURFACE_COND,ROAD_DEFECT,CRASH_TYPE,DAMAGE,PRIM_CONTRIBUTORY_CAUSE,SEC_CONTRIBUTORY_CAUSE,STREET_NO,STREET_DIRECTION,STREET_NAME,NUM_UNITS,MOST_SEVERE_INJURY,INJURIES_TOTAL,INJURIES_FATAL,INJURIES_INCAPACITATING,INJURIES_NON_INCAPACITATING,INJURIES_REPORTED_NOT_EVIDENT,INJURIES_NO_INDICATION,INJURIES_UNKNOWN,CRASH_HOUR,CRASH_DAY_OF_WEEK,CRASH_MONTH
ccc51fea8a04e766669fcec5a8c66a331249d199980ffd531b2b82121eede2917e89baf0ef41bec2c81eefc689d9d4dae4919240d8cec29e35a6f3be3612ee58,2015-12-18 07:00:00,30,TRAFFIC SIGNAL,FUNCTIONING PROPERLY,CLEAR,DAYLIGHT,REAR END,DIVIDED - W/MEDIAN (NOT RAISED),STRAIGHT AND LEVEL,DRY,NO DEFECTS,NO INJURY / DRIVE AWAY,"$501 - $1,500",UNABLE TO DETERMINE,UNABLE TO DETERMINE,5500,S,DAMEN AVE,2,NO INDICATION OF INJURY,0.0,0.0,0.0,0.0,0.0,2.0,0.0,7,6,12
fd1e507314916a4834be0c8af4fbf24938c3a333e306600777c829a3cb9d48d2d732cf14938b62b745c96b0db8fa234138ab78c87dfe21f5a534274065a74b20,2021-11-07 04:00:00,30,NO CONTROLS,NO CONTROLS,CLEAR,DARKNESS,PARKED MOTOR VEHICLE,NOT DIVIDED,STRAIGHT AND LEVEL,DRY,NO DEFECTS,NO INJURY / DRIVE AWAY,"OVER $1,500",UNABLE TO DETERMINE,NOT APPLICABLE,209,W,LAKE ST,2,NO INDICATION OF INJURY,0.0,0.0,0.0,0.0,0.0,1.0,0.0,4,1,11
ab777ef0a5174cef19655c12de7aaa815446808e39bbba7c4bc05e341f20283fa6bf24147e1b504cbf11afde5126469adc6f7548726fb07005917490a3686293,2018-11-05 05:00:00,35,NO CONTROLS,NO CONTROLS,CLEAR,"DARKNESS, LIGHTED ROAD",REAR END,NOT DIVIDED,STRAIGHT ON GRADE,WET,NO DEFECTS,INJURY AND / OR TOW DUE TO CRASH,"$501 - $1,500",UNABLE TO DETERMINE,UNABLE TO DETERMINE,5299,S,WESTERN AVE,2,"REPORTED, NOT EVIDENT",2.0,0.0,0.0,0.0,2.0,1.0,0.0,5,2,11
b2515848d18789cf8f64251860d3a0aeab67ad428ba6778eb6827f4eeed15cb1103e02eb0bc645f67ae9ffd3e6c1a4439dd72f1c79c38fbbd1b240f2294b0c17,2022-10-02 15:15:00,30,NO CONTROLS,NO CONTROLS,CLEAR,DAYLIGHT,TURNING,DIVIDED - W/MEDIAN (NOT RAISED),STRAIGHT AND LEVEL,DRY,NO DEFECTS,INJURY AND / OR TOW DUE TO CRASH,"OVER $1,500",FAILING TO YIELD RIGHT-OF-WAY,FAILING TO YIELD RIGHT-OF-WAY,5201,S,PULASKI RD,2,NO INDICATION OF INJURY,0.0,0.0,0.0,0.0,0.0,2.0,0.0,15,1,10
b84b376ce662bca95d3c73875dc3da18bd243e0a773bb2903c3f978dae23384a0103821d4a9abfca8a2930a66c5457761b68fa123c78634c0e91e684062996a2,2022-11-11 22:22:00,30,TRAFFIC SIGNAL,FUNCTIONING PROPERLY,CLEAR,"DARKNESS, LIGHTED ROAD",REAR END,NOT DIVIDED,STRAIGHT AND LEVEL,UNKNOWN,UNKNOWN,NO INJURY / DRIVE AWAY,"OVER $1,500",FOLLOWING TOO CLOSELY,NOT APPLICABLE,2758,W,35TH ST,2,NO INDICATION OF INJURY,0.0,0.0,0.0,0.0,0.0,2.0,0.0,22,6,11
7ea506082303d9eb727a6f49b6813ccbe2a5f2e5c102f6de2f7d9c62a315408eca0c6dbaf1b626a1924e60f41b3347d9a8249473b71714b6aa429dcd84c216d6,2020-02-13 13:52:00,25,NO CONTROLS,NO CONTROLS,RAIN,DAYLIGHT,REAR END,ONE-WAY,STRAIGHT AND LEVEL,DRY,NO DEFECTS,NO INJURY / DRIVE AWAY,"$501 - $1,500",NOT APPLICABLE,NOT APPLICABLE,2400,W,VAN BUREN ST,2,NO INDICATION OF INJURY,0.0,0.0,0.0,0.0,0.0,2.0,0.0,13,5,2
8a1c37a1e6834c4e059dd85ee26ec9be3fe13c141e93746e405376654a1ba0a104243a5956e586ebb4f4836b45cc4b2239929d33d0393c816ad7ee381d586892,2016-12-04 02:05:00,30,NO CONTROLS,NO CONTROLS,CLEAR,"DARKNESS, LIGHTED ROAD",FIXED OBJECT,NOT DIVIDED,STRAIGHT AND LEVEL,DRY,NO DEFECTS,INJURY AND / OR TOW DUE TO CRASH,"OVER $1,500",UNABLE TO DETERMINE,IMPROPER OVERTAKING/PASSING,6107,S,ARCHER AVE,1,INCAPACITATING INJURY,1.0,0.0,1.0,0.0,0.0,0.0,0.0,2,1,12
503d4dd13672c48ab1b53b15b6c07cc1cc0e3eea49f8143a8d3cef603a8d33eb179427f3734577bba9d3959540b33848f69562668e67d5db661a7b84062a8015,2024-03-20 19:50:00,30,TRAFFIC SIGNAL,FUNCTIONING PROPERLY,CLEAR,"DARKNESS, LIGHTED ROAD",REAR END,NOT DIVIDED,STRAIGHT AND LEVEL,DRY,NO DEFECTS,NO INJURY / DRIVE AWAY,"OVER $1,500",UNABLE TO DETERMINE,NOT APPLICABLE,2315,W,OGDEN AVE,2,NO INDICATION OF INJURY,0.0,0.0,0.0,0.0,0.0,2.0,0.0,19,4,3
ae69175ece1614fa39e1eae1e10a558395babbf46b689f4220edba3038998da2de65f28c30a7203dfa276d5e7605bff576a4e001d740368d049598201a68cbaa,2018-04-23 07:45:00,30,NO CONTROLS,NO CONTROLS,CLEAR,DAYLIGHT,PARKED MOTOR VEHICLE,ONE-WAY,STRAIGHT AND LEVEL,DRY,NO DEFECTS,NO INJURY / DRIVE AWAY,"OVER $1,500",UNABLE TO DETERMINE,UNABLE TO DETERMINE,5933,S,SANGAMON ST,2,NO INDICATION OF INJURY,0.0,0.0,0.0,0.0,0.0,1.0,0.0,7,2,4
37bd8000a400ba4ef7c508d55ea0f340c3d5c1f603931add138e1c55d35e7c4ed2919540371fd8c660a757d16a02b523ce69d8bfb30059429c11c7a964260dfe,2021-10-07 06:30:00,15,NO CONTROLS,NO CONTROLS,RAIN,DAYLIGHT,ANGLE,PARKING LOT,STRAIGHT AND LEVEL,WET,NO DEFECTS,NO INJURY / DRIVE AWAY,"OVER $1,500",FAILING TO YIELD RIGHT-OF-WAY,FAILING TO YIELD RIGHT-OF-WAY,7901,S,CICERO AVE,2,NO INDICATION OF INJURY,0.0,0.0,0.0,0.0,0.0,2.0,0.0,6,5,10
7690305464404b6c09a77dc91b1ac8a60b3486bb00beae551843cd2cb2cf2752cebaa301c166f662f02c5fd9bfe8663925ece419648a3488fa46de6d0edea2bf,2024-01-17 05:56:00,30,TRAFFIC SIGNAL,FUNCTIONING PROPERLY,CLEAR,"DARKNESS, LIGHTED ROAD",TURNING,FOUR WAY,STRAIGHT AND LEVEL,DRY,NO DEFECTS,INJURY AND / OR TOW DUE TO CRASH,"OVER $1,500",IMPROPER TURNING/NO SIGNAL,FAILING TO REDUCE SPEED TO AVOID CRASH,4400,W,OGDEN AVE,2,NO INDICATION OF INJURY,0.0,0.0,0.0,0.0,0.0,2.0,0.0,5,4,1
9588d590af136fa469056c0f7df3e8f17d5f7dac493371df4e0d6d9de164ba8c25aae12d01060a15a353ceb60144e1b3c5a80a30a3d3073bff63a8911d95784d,2016-01-22 16:20:00,30,NO CONTROLS,NO CONTROLS,UNKNOWN,UNKNOWN,TURNING,ALLEY,STRAIGHT AND LEVEL,UNKNOWN,UNKNOWN,NO INJURY / DRIVE AWAY,"$501 - $1,500",IMPROPER TURNING/NO SIGNAL,UNABLE TO DETERMINE,4859,S,LAWLER AVE,2,NO INDICATION OF INJURY,0.0,0.0,0.0,0.0,0.0,2.0,0.0,16,6,1
5af1ca5d640894a3cfaa90ae2046bfc79f9b8516902257c9aa64063c34c67a63f07b83cac194f547b5f0af5a4661cd855108015c593f4d5d42e13b1fa3fd60aa,2023-09-29 09:45:00,30,UNKNOWN,UNKNOWN,UNKNOWN,UNKNOWN,REAR END,NOT DIVIDED,STRAIGHT AND LEVEL,UNKNOWN,UNKNOWN,NO INJURY / DRIVE AWAY,"OVER $1,500",UNABLE TO DETERMINE,UNABLE TO DETERMINE,45,W,79TH ST,2,NO INDICATION OF INJURY,0.0,0.0,0.0,0.0,0.0,2.0,0.0,9,6,9
c5d3717c08c0fa1a1931c38b90653249a75c86a1e477eed8b042e442a48f9dc2f758debbec330b948dc3f6b18848323311bf859e4d0c6b01974a62aac4f184b8,2022-01-21 16:20:00,35,NO CONTROLS,NO CONTROLS,CLEAR,DAYLIGHT,ANGLE,DIVIDED - W/MEDIAN (NOT RAISED),STRAIGHT AND LEVEL,DRY,NO DEFECTS,NO INJURY / DRIVE AWAY,"OVER $1,500",DRIVING ON WRONG SIDE/WRONG WAY,UNABLE TO DETERMINE,8800,S,PRINCETON AVE,2,NO INDICATION OF INJURY,0.0,0.0,0.0,0.0,0.0,2.0,0.0,16,6,1
eddf68858c34aaf40de805ddcaab31699b2682b2c0d08de9cb51378ef9a187add90e41360c9b024181867d08537a0f8b745382bf69bf227cfbd198a24559d25c,2023-04-11 00:01:00,30,TRAFFIC SIGNAL,FUNCTIONING PROPERLY,CLEAR,"DARKNESS, LIGHTED ROAD",REAR END,FOUR WAY,STRAIGHT AND LEVEL,DRY,NO DEFECTS,NO INJURY / DRIVE AWAY,"OVER $1,500",FOLLOWING TOO CLOSELY,UNABLE TO DETERMINE,2,E,GARFIELD BLVD,2,NO INDICATION OF INJURY,0.0,0.0,0.0,0.0,0.0,2.0,0.0,0,3,4
88c78e7aacda50d338eb1dbd19f7db8590ac3987874be7889b7471889db9eedb7586cb505d6eda901f4cc8820bbf91ff68dfab6ff85a2b9aac5ca141b138174f,2023-02-19 18:00:00,30,TRAFFIC SIGNAL,FUNCTIONING PROPERLY,CLEAR,DUSK,SIDESWIPE SAME DIRECTION,NOT DIVIDED,STRAIGHT AND LEVEL,DRY,NO DEFECTS,INJURY AND / OR TOW DUE TO CRASH,"OVER $1,500",IMPROPER OVERTAKING/PASSING,"OPERATING VEHICLE IN ERRATIC, RECKLESS, CARELESS, NEGLIGENT OR AGGRESSIVE MANNER",401,E,61ST ST,2,"REPORTED, NOT EVIDENT",1.0,0.0,0.0,0.0,1.0,1.0,0.0,18,1,2
0a54bda8c1fad05cbd771db882e93620fca6026c629c171b60328241df2db87323bd041061635d0534f1f73557cfb9daaf2fe312a9293d51fd353d895dde24a8,2016-09-29 07:45:00,30,NO CONTROLS,NO CONTROLS,CLEAR,DAYLIGHT,SIDESWIPE SAME DIRECTION,NOT DIVIDED,STRAIGHT AND LEVEL,DRY,NO DEFECTS,NO INJURY / DRIVE AWAY,"OVER $1,500",IMPROPER OVERTAKING/PASSING,NOT APPLICABLE,3010,W,ADDISON ST,2,NO INDICATION OF INJURY,0.0,0.0,0.0,0.0,0.0,2.0,0.0,7,5,9
72e1706d6c05ea29a0159d4a8e393b6c975c020582f11f552f920ab38375a47f1cc67cf19aac3b521ddbe461964c02d63e38ccfb30e5227e5db471b14e8eb8f4,2018-04-18 17:40:00,30,NO CONTROLS,NO CONTROLS,RAIN,DAYLIGHT,REAR END,OTHER,STRAIGHT AND LEVEL,WET,UNKNOWN,NO INJURY / DRIVE AWAY,$500 OR LESS,UNABLE TO DETERMINE,UNABLE TO DETERMINE,3604,W,GRAND AVE,2,NO INDICATION OF INJURY,0.0,0.0,0.0,0.0,0.0,2.0,0.0,17,4,4
abf7a6a662657043a086269d65ab7baf918d241a988b8c6f79af618fd63e37ba40143aa7c5f302596893c2892521291273afc5748d0a97bc0c1d6a27a97ec9d9,2021-10-19 18:00:00,30,TRAFFIC SIGNAL,FUNCTIONING PROPERLY,CLEAR,DAYLIGHT,REAR END,DIVIDED - W/MEDIAN (NOT RAISED),STRAIGHT AND LEVEL,DRY,NO DEFECTS,NO INJURY / DRIVE AWAY,"OVER $1,500",FAILING TO REDUCE SPEED TO AVOID CRASH,DRIVING SKILLS/KNOWLEDGE/EXPERIENCE,8300,S,WESTERN AVE,2,NO INDICATION OF INJURY,0.0,0.0,0.0,0.0,0.0,2.0,0.0,18,3,10
3e2e4173e2daed63add7bf0c5967172e29b83a948826d2f083c0a80f791283f385f1a812bb84e6441fdd322c8e4fe3eb75ae286506552f12494c6a07006474a6,2023-07-16 17:10:00,30,UNKNOWN,UNKNOWN,CLEAR,DAYLIGHT,REAR END,NOT DIVIDED,STRAIGHT AND LEVEL,DRY,UNKNOWN,NO INJURY / DRIVE AWAY,"OVER $1,500",FAILING TO YIELD RIGHT-OF-WAY,FAILING TO YIELD RIGHT-OF-WAY,1040,W,TAYLOR ST,2,NO INDICATION OF INJURY,0.0,0.0,0.0,0.0,0.0,2.0,0.0,17,1,7
6bd624d4e3c42e05f6b4b6785d437500b50463b7308cbc73a6ea6cafc4c6ed3158e8869225283407b4e1fd3c5365a928a50337048d2f5fc5867e23882312295f,2021-05-17 12:50:00,30,NO CONTROLS,NO CONTROLS,CLEAR,DAYLIGHT,PARKED MOTOR VEHICLE,ONE-WAY,STRAIGHT AND LEVEL,DRY,NO DEFECTS,NO INJURY / DRIVE AWAY,"OVER $1,500",IMPROPER OVERTAKING/PASSING,NOT APPLICABLE,3947,S,DR MARTIN LUTHER KING JR DR,2,NO INDICATION OF INJURY,0.0,0.0,0.0,0.0,0.0,1.0,0.0,12,2,5
94d92c1b1618706123d32a997f14b6e350cce2aa462ff116d1991113ca021af6d7cabbe8cdfae2a63cae2ad02afaf6b52f58be535136413b1621c76135407f51,2018-04-08 08:15:00,30,STOP SIGN/FLASHER,FUNCTIONING PROPERLY,CLEAR,DAYLIGHT,ANGLE,NOT DIVIDED,STRAIGHT AND LEVEL,DRY,NO DEFECTS,INJURY AND / OR TOW DUE TO CRASH,"OVER $1,500",DISREGARDING STOP SIGN,FAILING TO YIELD RIGHT-OF-WAY,3900,W,59TH ST,2,NO INDICATION OF INJURY,0.0,0.0,0.0,0.0,0.0,2.0,0.0,8,1,4
f499e550d27072d123f775bc91e88f160f8e269f495888d1fd34304009f684a8739ff845eb686594cdbd0544f1628eb4e86161c3c53e2befa40a4f0943e4ded2,2017-08-24 14:10:00,25,STOP SIGN/FLASHER,FUNCTIONING PROPERLY,CLEAR,DAYLIGHT,ANGLE,ONE-WAY,STRAIGHT AND LEVEL,DRY,NO DEFECTS,NO INJURY / DRIVE AWAY,"OVER $1,500",FAILING TO REDUCE SPEED TO AVOID CRASH,UNABLE TO DETERMINE,3400,W,61ST ST,2,NO INDICATION OF INJURY,0.0,0.0,0.0,0.0,0.0,2.0,0.0,14,5,8
48eb0c97ac7465894970d11267b792cc2ed33dad21e69a9da071550ae97a476aadeff9a9bd3d3ce4772e1fc1aa61fdc60bd85af7679517861c019112308d1064,2022-06-27 00:00:00,30,STOP SIGN/FLASHER,FUNCTIONING PROPERLY,CLEAR,"DARKNESS, LIGHTED ROAD",REAR END,DIVIDED - W/MEDIAN (NOT RAISED),STRAIGHT AND LEVEL,DRY,NO DEFECTS,NO INJURY / DRIVE AWAY,"OVER $1,500",UNABLE TO DETERMINE,UNABLE TO DETERMINE,4200,S,CICERO AVE,2,NO INDICATION OF INJURY,0.0,0.0,0.0,0.0,0.0,2.0,0.0,0,2,6
74baeeb046715eb1d5bd296e76a6869b72592493b263f79b62b5cb7d33d7e0d1c681457c783094ba466ced09d98deeeea98bb01aecc9a6b8c62b12f92602be1e,2024-04-29 06:13:00,30,UNKNOWN,UNKNOWN,UNKNOWN,UNKNOWN,SIDESWIPE SAME DIRECTION,ONE-WAY,STRAIGHT AND LEVEL,UNKNOWN,UNKNOWN,NO INJURY / DRIVE AWAY,"OVER $1,500",UNABLE TO DETERMINE,UNABLE TO DETERMINE,102,E,ILLINOIS ST,2,NO INDICATION OF INJURY,0.0,0.0,0.0,0.0,0.0,2.0,0.0,6,2,4
dd4fd6cf001b93fc4ba09e90e8bd59647beaa375b7edb32a31510e3802c39af9af0b62a04fcb37544d47c8dcf124f837ef2b511e3003fe04ec37957385092761,2023-08-22 07:30:00,30,NO CONTROLS,NO CONTROLS,CLEAR,DAYLIGHT,OTHER OBJECT,ONE-WAY,STRAIGHT AND LEVEL,DRY,DEBRIS ON ROADWAY,NO INJURY / DRIVE AWAY,"OVER $1,500",ROAD CONSTRUCTION/MAINTENANCE,UNABLE TO DETERMINE,1544,W,JACKSON BLVD,1,NO INDICATION OF INJURY,0.0,0.0,0.0,0.0,0.0,1.0,0.0,7,3,8
04f483cd147fc2e43f21b08ce8e49cabe59028761dfdf90d074264c1451e85037c9f956b202636e7981011590c42729cc104032a303f71097c8f5fd8e31d2f15,2016-04-09 10:30:00,30,TRAFFIC SIGNAL,FUNCTIONING PROPERLY,CLEAR,DAYLIGHT,REAR END,NOT DIVIDED,STRAIGHT AND LEVEL,DRY,NO DEFECTS,NO INJURY / DRIVE AWAY,"OVER $1,500",FAILING TO REDUCE SPEED TO AVOID CRASH,DRIVING SKILLS/KNOWLEDGE/EXPERIENCE,6300,S,KOLIN AVE,2,NO INDICATION OF INJURY,0.0,0.0,0.0,0.0,0.0,2.0,0.0,10,7,4
933ffcb32f0ab9b780ecd84e13f991eea74de7c33a029057b0607e032d016e532cb7a62398ed9094833f22ee9a7a16a4c15b3dd7bb57df40cd1aab21f7de90ad,2021-11-22 15:00:00,30,NO CONTROLS,NO CONTROLS,CLEAR,DAYLIGHT,PARKED MOTOR VEHICLE,NOT DIVIDED,STRAIGHT AND LEVEL,DRY,NO DEFECTS,NO INJURY / DRIVE AWAY,"$501 - $1,500",UNABLE TO DETERMINE,UNABLE TO DETERMINE,5610,N,CALIFORNIA AVE,2,NO INDICATION OF INJURY,0.0,0.0,0.0,0.0,0.0,1.0,0.0,15,2,11
cff6d0a49aa93b1c286f67d9b682ae1ecb51398badaa8444c3d4c329762cd40ef6f73abce304709f41e4a042819bf9ea0d607e0b7fe53915e1116a0ec457ff44,2020-11-12 10:22:00,10,NO CONTROLS,NO CONTROLS,CLEAR,DAYLIGHT,PARKED MOTOR VEHICLE,ALLEY,STRAIGHT AND LEVEL,DRY,UNKNOWN,NO INJURY / DRIVE AWAY,"OVER $1,500",FAILING TO REDUCE SPEED TO AVOID CRASH,NOT APPLICABLE,2424,W,PETERSON AVE,2,NO INDICATION OF INJURY,0.0,0.0,0.0,0.0,0.0,1.0,0.0,10,5,11
857613e400d2e333b782e6f35a83f2d83b06d293a05f5b4c64a8c454f11f3c0226a23ce0c9a8c8717535199bca9cd225d94e197aa1dab9bd9987716ab17192ec,2016-11-30 09:00:00,30,NO CONTROLS,NO CONTROLS,CLEAR,DAYLIGHT,ANGLE,ALLEY,STRAIGHT AND LEVEL,DRY,NO DEFECTS,NO INJURY / DRIVE AWAY,"$501 - $1,500",FAILING TO YIELD RIGHT-OF-WAY,FAILING TO YIELD RIGHT-OF-WAY,5500,S,UNION AVE,2,NO INDICATION OF INJURY,0.0,0.0,0.0,0.0,0.0,2.0,0.0,9,4,11
03d2a87cf4355a04256d92dae746b21ee31db7d19cbe18b822ed45e003491ccb9999d2fb8db802b63ebf59e387fa58a234c453d6aff145d3918d22efeaaf1388,2016-08-18 13:35:00,30,TRAFFIC SIGNAL,FUNCTIONING PROPERLY,CLEAR,DAYLIGHT,SIDESWIPE SAME DIRECTION,DIVIDED - W/MEDIAN (NOT RAISED),STRAIGHT AND LEVEL,UNKNOWN,UNKNOWN,NO INJURY / DRIVE AWAY,$500 OR LESS,UNABLE TO DETERMINE,UNABLE TO DETERMINE,20,N,CLARK ST,2,NO INDICATION OF INJURY,0.0,0.0,0.0,0.0,0.0,2.0,0.0,13,5,8
ad66a7f629c2cc63bddd633c9d538f8594ae07375ec4cf83583e1db72aca8d3835b79183e8bb18c4ea648582c97027bfb61ffc921b447d4dc18c13fe3f3ab700,2023-07-23 15:45:00,30,UNKNOWN,UNKNOWN,UNKNOWN,UNKNOWN,SIDESWIPE SAME DIRECTION,NOT REPORTED,STRAIGHT AND LEVEL,UNKNOWN,UNKNOWN,NO INJURY / DRIVE AWAY,"OVER $1,500",UNABLE TO DETERMINE,UNABLE TO DETERMINE,611,W,MONTROSE DR,2,NO INDICATION OF INJURY,0.0,0.0,0.0,0.0,0.0,2.0,0.0,15,1,7
4491eb73e8e38352a1888aaf3f80f14ba370b7965ca25d3d539d40cbd0f5a7abeb3aa8cbdb568ea430a3c5fd715fd4744f682555c1c8b4c9fa94c17e67c55755,2019-06-20 16:30:00,10,UNKNOWN,UNKNOWN,UNKNOWN,UNKNOWN,PARKED MOTOR VEHICLE,UNKNOWN,STRAIGHT AND LEVEL,UNKNOWN,UNKNOWN,NO INJURY / DRIVE AWAY,"$501 - $1,500",UNABLE TO DETERMINE,UNABLE TO DETERMINE,750,N,DEARBORN ST,2,NO INDICATION OF INJURY,0.0,0.0,0.0,0.0,0.0,1.0,0.0,16,5,6
f76491ece10e1942d85efab5b9a5a6a1c3d015f8c80fcc58f01b9fc526eb3170c06ad35f194e5ea723ab429d7544157a08ba8909f4897500bf40fe56ecf533b1,2023-04-24 02:00:00,35,NO CONTROLS,NO CONTROLS,CLEAR,"DARKNESS, LIGHTED ROAD",TURNING,NOT DIVIDED,STRAIGHT AND LEVEL,DRY,NO DEFECTS,INJURY AND / OR TOW DUE TO CRASH,"$501 - $1,500",IMPROPER TURNING/NO SIGNAL,IMPROPER LANE USAGE,3242,N,CICERO AVE,2,NO INDICATION OF INJURY,0.0,0.0,0.0,0.0,0.0,4.0,0.0,2,2,4
cf705a5d3d99e3fdcc23d380e5de011495d9834bb77e56dd96741539c587d2d42421ea78f197d6519e960059b1247a47fe69b66d8b9cb346b53239579a3db839,2023-12-24 19:25:00,25,STOP SIGN/FLASHER,FUNCTIONING PROPERLY,CLEAR,"DARKNESS, LIGHTED ROAD",ANGLE,NOT REPORTED,STRAIGHT AND LEVEL,DRY,NO DEFECTS,INJURY AND / OR TOW DUE TO CRASH,"OVER $1,500",DISREGARDING TRAFFIC SIGNALS,NOT APPLICABLE,259,E,47TH ST,2,INCAPACITATING INJURY,3.0,0.0,1.0,2.0,0.0,0.0,0.0,19,1,12
f30761960990220144ccd693bcd2bcc62fb3358818b6da22cf914e4e64b3d6dab7c0429ece41f7311bb78ce73882733ba6a79c799ac1c8c3f4167c16d6c0d661,2019-05-03 10:45:00,30,TRAFFIC SIGNAL,FUNCTIONING PROPERLY,CLEAR,DAYLIGHT,REAR END,DIVIDED - W/MEDIAN (NOT RAISED),STRAIGHT AND LEVEL,DRY,NO DEFECTS,NO INJURY / DRIVE AWAY,"OVER $1,500",FAILING TO YIELD RIGHT-OF-WAY,FOLLOWING TOO CLOSELY,4648,S,CICERO AVE,2,NO INDICATION OF INJURY,0.0,0.0,0.0,0.0,0.0,6.0,0.0,10,6,5
5923917332bc0d0b944234f77c840d7b00e523da3f5f31b7ea2cadae7cf231d7ecb7d16c15c7e8eaddc0aa625e070c8da39bc952b185f805980d2b6dabec7209,2018-11-26 10:15:00,30,NO CONTROLS,NO CONTROLS,SNOW,DAYLIGHT,SIDESWIPE SAME DIRECTION,NOT DIVIDED,STRAIGHT AND LEVEL,WET,NO DEFECTS,NO INJURY / DRIVE AWAY,$500 OR LESS,IMPROPER OVERTAKING/PASSING,IMPROPER OVERTAKING/PASSING,4200,W,LAKE ST,2,NO INDICATION OF INJURY,0.0,0.0,0.0,0.0,0.0,2.0,0.0,10,2,11
0ace014711ce4a16c37f145a85a64893104c65c5a5333a5a89cf51400cce6325399a9193e09b43313ee12505fd1b9801a06ad82502c4792d060b9e5d15375432,2019-11-18 17:05:00,30,NO CONTROLS,NO CONTROLS,CLEAR,DARKNESS,PARKED MOTOR VEHICLE,DRIVEWAY,STRAIGHT AND LEVEL,DRY,NO DEFECTS,NO INJURY / DRIVE AWAY,"$501 - $1,500",IMPROPER BACKING,NOT APPLICABLE,659,W,63RD ST,2,NO INDICATION OF INJURY,0.0,0.0,0.0,0.0,0.0,1.0,0.0,17,2,11
75cd764dae3f7a2b7051dd5f056160b713a2e4df6b38d90fc497d2c65d38b1331f35b84d48387f14be108f8d35ac65204e2f165e7ec6ff75d5606368605094d6,2018-08-25 19:40:00,30,NO CONTROLS,NO CONTROLS,CLEAR,DAYLIGHT,SIDESWIPE SAME DIRECTION,NOT DIVIDED,STRAIGHT AND LEVEL,DRY,NO DEFECTS,NO INJURY / DRIVE AWAY,$500 OR LESS,UNABLE TO DETERMINE,UNABLE TO DETERMINE,445,W,LAKE ST,2,NO INDICATION OF INJURY,0.0,0.0,0.0,0.0,0.0,2.0,0.0,19,7,8
72e5455a1456ba2503d6ea019a9c7bae4bfb6a768256dfddd90f0b69a568de7ea30cb903554174f1cab0914e5e9daec460696e1215bd730fa3e39b8e64a13c8a,2019-01-07 13:00:00,30,TRAFFIC SIGNAL,FUNCTIONING PROPERLY,RAIN,DAYLIGHT,SIDESWIPE SAME DIRECTION,NOT DIVIDED,STRAIGHT AND LEVEL,WET,NO DEFECTS,NO INJURY / DRIVE AWAY,"OVER $1,500",IMPROPER LANE USAGE,UNABLE TO DETERMINE,5709,N,CENTRAL AVE,2,NO INDICATION OF INJURY,0.0,0.0,0.0,0.0,0.0,2.0,0.0,13,2,1
99ed15ccbfad9daa1648541bc22f20160cc83fe981f16869cc3d2ac2ae0091e0a2afaa429576864c9136def1c40f0a5af919a3fa40d83f24611e916383354ae8,2020-04-20 08:30:00,30,NO CONTROLS,NO CONTROLS,CLEAR,DAYLIGHT,SIDESWIPE OPPOSITE DIRECTION,FOUR WAY,STRAIGHT AND LEVEL,DRY,NO DEFECTS,INJURY AND / OR TOW DUE TO CRASH,"OVER $1,500",UNABLE TO DETERMINE,UNABLE TO DETERMINE,430,E,113TH ST,2,NO INDICATION OF INJURY,0.0,0.0,0.0,0.0,0.0,2.0,0.0,8,2,4
3bfdceb27beacc2d9898ec3831e571ef35a0de6d305e23ca541ae6f99b51fca743b3074538a3b559a314b2ae72114708761df44266aed8cc6aa42d9e666e4cc1,2017-07-10 17:50:00,25,NO CONTROLS,NO CONTROLS,CLEAR,DAYLIGHT,PARKED MOTOR VEHICLE,NOT DIVIDED,STRAIGHT AND LEVEL,DRY,NO DEFECTS,NO INJURY / DRIVE AWAY,"$501 - $1,500",NOT APPLICABLE,NOT APPLICABLE,3200,W,NORTH AVE,2,NO INDICATION OF INJURY,0.0,0.0,0.0,0.0,0.0,1.0,0.0,17,2,7
f6097e229ae6e177fbc63c779771f33d006e68f5d6eef1dcd108b972d0ad8807894e1bd57491542ebf4f94f0d8599d495401388610d533f2de5f6dc4c7781f3a,2018-06-01 11:00:00,30,NO CONTROLS,NO CONTROLS,CLEAR,DAYLIGHT,PARKED MOTOR VEHICLE,ONE-WAY,STRAIGHT AND LEVEL,DRY,NO DEFECTS,NO INJURY / DRIVE AWAY,"OVER $1,500",UNABLE TO DETERMINE,UNABLE TO DETERMINE,2448,S,AVERS AVE,2,NO INDICATION OF INJURY,0.0,0.0,0.0,0.0,0.0,7.0,0.0,11,6,6