CRASH_RECORD_ID,CRASH_DATE,POSTED_SPEED_LIMIT,TRAFFIC_CONTROL_DEVICE,DEVICE_CONDITION,WEATHER_CONDITION,LIGHTING_CONDITION,FIRST_CRASH_TYPE,TRAFFICWAY_TYPE,ALIGNMENT,ROADWAY_SURFACE_COND,ROAD_DEFECT,CRASH_TYPE,DAMAGE,PRIM_CONTRIBUTORY_CAUSE,SEC_CONTRIBUTORY_CAUSE,STREET_NO,STREET_DIRECTION,STREET_NAME,NUM_UNITS,MOST_SEVERE_INJURY,INJURIES_TOTAL,INJURIES_FATAL,INJURIES_INCAPACITATING,INJURIES_NON_INCAPACITATING,INJURIES_REPORTED_NOT_EVIDENT,INJURIES_NO_INDICATION,INJURIES_UNKNOWN,CRASH_HOUR,CRASH_DAY_OF_WEEK,CRASH_MONTH
3b9c6a73c39404cef648c021a7b68724aaee7d74439a4ee921d2be6c9e2d11b67baaf990ee191e791233c1f3bdb0420c444ee70bcc12aef9dd3c1edcfd4d5ba9,2022-05-22 00:00:00,15,NO CONTROLS,NO CONTROLS,CLEAR,DARKNESS,PARKED MOTOR VEHICLE,NOT DIVIDED,STRAIGHT AND LEVEL,DRY,NO DEFECTS,INJURY AND / OR TOW DUE TO CRASH,"OVER $1,500",IMPROPER LANE USAGE,NOT APPLICABLE,4716,W,BELLE PLAINE AVE,2,NO INDICATION OF INJURY,0.0,0.0,0.0,0.0,0.0,1.0,0.0,0,1,5
c09d150aef3ccd44674067280d0acab817e856ac76cd98e7ed4965136f09e214d12e0ff27b26a568bfd2297ccf9309116093fc75d6102a0d12724584938926fa,2016-12-21 12:00:00,30,TRAFFIC SIGNAL,FUNCTIONING PROPERLY,CLEAR,DAYLIGHT,SIDESWIPE SAME DIRECTION,NOT DIVIDED,STRAIGHT AND LEVEL,DRY,NO DEFECTS,NO INJURY / DRIVE AWAY,"OVER $1,500",IMPROPER OVERTAKING/PASSING,NOT APPLICABLE,650,N,MICHIGAN AVE,2,NO INDICATION OF INJURY,0.0,0.0,0.0,0.0,0.0,2.0,0.0,12,4,12
427bc1f335bae657df132cb0297794a4bef7ef21c3fe77cca406f7b24295a7415acd9bb193ba9ae9b95c7e6c4a92f90be026efb0ec9fbd69e3472c61f05be80c,2024-03-26 22:30:00,30,NO CONTROLS,NO CONTROLS,CLEAR,"DARKNESS, LIGHTED ROAD",PARKED MOTOR VEHICLE,NOT DIVIDED,STRAIGHT AND LEVEL,DRY,NO DEFECTS,NO INJURY / DRIVE AWAY,"OVER $1,500",UNABLE TO DETERMINE,NOT APPLICABLE,6321,W,DIVERSEY AVE,2,NO INDICATION OF INJURY,0.0,0.0,0.0,0.0,0.0,1.0,0.0,22,3,3
2e28430420da323631e66d1682bfac36093e3566ea9a3b15c1c843936fc6a14830270541825abde7661e904e5ee7eb4a6954f2a97a5713a5f4e65c50db20d72d,2017-01-11 09:30:00,30,NO CONTROLS,NO CONTROLS,CLEAR,DAYLIGHT,REAR END,RAMP,STRAIGHT ON GRADE,DRY,NO DEFECTS,NO INJURY / DRIVE AWAY,"OVER $1,500",FOLLOWING TOO CLOSELY,FOLLOWING TOO CLOSELY,5200,N,LAKE SHORE DR RAMP,2,NO INDICATION OF INJURY,0.0,0.0,0.0,0.0,0.0,2.0,0.0,9,4,1
51e09c008906e14a6d6ccc8749582c80350b0274326b882737bb7d6133195d65b8b41995aeb9a03ea189bbb6e397de1fa68a34b96688998c16ec59aaf0cefaef,2023-09-13 17:05:00,30,TRAFFIC SIGNAL,FUNCTIONING PROPERLY,CLEAR,DAYLIGHT,SIDESWIPE SAME DIRECTION,FOUR WAY,STRAIGHT AND LEVEL,DRY,NO DEFECTS,NO INJURY / DRIVE AWAY,"OVER $1,500",IMPROPER LANE USAGE,NOT APPLICABLE,1600,W,71ST ST,2,NO INDICATION OF INJURY,0.0,0.0,0.0,0.0,0.0,3.0,0.0,17,4,9
d5d05b9283e4e62fafdb3fe03da38149dec6dc79351bf65c2bca6aa7f4215e2f0292989e9f3c440d30d695375cd680e707f3fdb386982d3cdcf2d6b421c0bdbf,2024-02-05 23:00:00,30,NO CONTROLS,NO CONTROLS,CLEAR,"DARKNESS, LIGHTED ROAD",PARKED MOTOR VEHICLE,NOT DIVIDED,STRAIGHT AND LEVEL,DRY,NO DEFECTS,INJURY AND / OR TOW DUE TO CRASH,"OVER $1,500",FAILING TO REDUCE SPEED TO AVOID CRASH,FOLLOWING TOO CLOSELY,3251,W,55TH ST,2,NO INDICATION OF INJURY,0.0,0.0,0.0,0.0,0.0,2.0,0.0,23,2,2
84f6130e7d0e682ecc545f78fd8a90942ab7a8cb16d170efb6d7313359b39835979072a93294cc4307f5da6989999bf35db2a873434791311930a25528a7cc54,2018-06-08 10:40:00,30,TRAFFIC SIGNAL,FUNCTIONING PROPERLY,RAIN,DAYLIGHT,REAR END,DIVIDED - W/MEDIAN (NOT RAISED),STRAIGHT AND LEVEL,WET,NO DEFECTS,NO INJURY / DRIVE AWAY,"OVER $1,500",FOLLOWING TOO CLOSELY,NOT APPLICABLE,300,S,WESTERN AVE,3,NO INDICATION OF INJURY,0.0,0.0,0.0,0.0,0.0,3.0,0.0,10,6,6
2b677c841b7da5a5611ea36e01e88e129937a5617709b08266f659aab1f42e79890e6e81e45195aaddbeec5963e5323f5da6b2455cf988ecc333cecbe05cddc5,2022-11-07 07:45:00,30,TRAFFIC SIGNAL,FUNCTIONING PROPERLY,CLEAR,DAYLIGHT,ANGLE,NOT DIVIDED,STRAIGHT AND LEVEL,DRY,NO DEFECTS,INJURY AND / OR TOW DUE TO CRASH,"OVER $1,500",UNABLE TO DETERMINE,UNABLE TO DETERMINE,2,N,KEDZIE AVE,2,"REPORTED, NOT EVIDENT",1.0,0.0,0.0,0.0,1.0,1.0,0.0,7,2,11
53d55e65b6b7b2118fa66bc3dd91b20d176006d8906e3ed306e16bd1b9e1a4e960d71c289e234a0c83762c8931dcf643ff709a5d5b3549efd79f473327cce013,2020-03-16 00:50:00,30,STOP SIGN/FLASHER,FUNCTIONING PROPERLY,CLEAR,"DARKNESS, LIGHTED ROAD",TURNING,T-INTERSECTION,CURVE ON GRADE,DRY,NO DEFECTS,INJURY AND / OR TOW DUE TO CRASH,"OVER $1,500",IMPROPER TURNING/NO SIGNAL,FAILING TO REDUCE SPEED TO AVOID CRASH,927,S,CICERO AVE,2,NONINCAPACITATING INJURY,2.0,0.0,0.0,2.0,0.0,0.0,0.0,0,2,3
5e4d85262dd6272c02cb9e77b50bda727f3e55e1dcf787dd1f4bee2901d9f13558259078f023ffb3d21bcc9735c9e1f621d978346e8ed24d6de2eb35e853a85d,2018-02-15 16:10:00,20,NO CONTROLS,NO CONTROLS,CLEAR,DAYLIGHT,ANGLE,NOT DIVIDED,STRAIGHT AND LEVEL,WET,NO DEFECTS,NO INJURY / DRIVE AWAY,"OVER $1,500",FAILING TO YIELD RIGHT-OF-WAY,"OPERATING VEHICLE IN ERRATIC, RECKLESS, CARELESS, NEGLIGENT OR AGGRESSIVE MANNER",8293,S,YATES BLVD,2,NO INDICATION OF INJURY,0.0,0.0,0.0,0.0,0.0,2.0,0.0,16,5,2
0b48f4bbeb3f07cf16e952e79d719d638ce7034cab2fd2c25d005b1fb2631556a2b2e640f3057e21a59dffa76ef3423906adf09b926ee169f92730f7e0ee2242,2019-02-12 07:50:00,30,NO CONTROLS,NO CONTROLS,RAIN,DAYLIGHT,ANGLE,ALLEY,STRAIGHT AND LEVEL,SNOW OR SLUSH,NO DEFECTS,NO INJURY / DRIVE AWAY,$500 OR LESS,WEATHER,UNABLE TO DETERMINE,611,N,WOOD ST,2,NO INDICATION OF INJURY,0.0,0.0,0.0,0.0,0.0,3.0,0.0,7,3,2
4bed3e67a1bdc441d1e7fbaf71c31dfaf3987903404788a16fe1649e2b5d7c5ba20133b299b20647139a6cef13f4902bf74dc67383d62bdda39deb740d0895e9,2023-06-18 09:27:00,30,NO CONTROLS,NO CONTROLS,CLEAR,DAYLIGHT,ANGLE,OTHER,STRAIGHT AND LEVEL,DRY,NO DEFECTS,INJURY AND / OR TOW DUE TO CRASH,"OVER $1,500",FAILING TO YIELD RIGHT-OF-WAY,FAILING TO REDUCE SPEED TO AVOID CRASH,1545,W,ARMITAGE AVE,3,NONINCAPACITATING INJURY,1.0,0.0,0.0,1.0,0.0,3.0,0.0,9,1,6
c54bd1fe658f000c6e67542d3c670456685c631053763132d16d0f74b5a590ac5391443489d1391cd1378ffd9dca97810857928dbf7679bacd5a6fcbbe62f5ff,2021-11-19 13:00:00,20,STOP SIGN/FLASHER,FUNCTIONING PROPERLY,CLEAR,DAYLIGHT,ANGLE,NOT DIVIDED,STRAIGHT AND LEVEL,DRY,NO DEFECTS,INJURY AND / OR TOW DUE TO CRASH,"OVER $1,500",FAILING TO YIELD RIGHT-OF-WAY,NOT APPLICABLE,1500,N,HUMBOLDT DR,2,NONINCAPACITATING INJURY,1.0,0.0,0.0,1.0,0.0,1.0,0.0,13,6,11
55d9a146fe03002caa063099dbfa9e2f2a93a7954b4691ff4c137bb7bc6d98fbca4ae346d1aae514286716e234ddccba2f548bae5f4c5c1875e562c9574e1228,2023-06-05 10:34:00,25,NO CONTROLS,NO CONTROLS,CLEAR,DAYLIGHT,ANGLE,NOT DIVIDED,STRAIGHT AND LEVEL,DRY,UNKNOWN,INJURY AND / OR TOW DUE TO CRASH,"OVER $1,500",DRIVING SKILLS/KNOWLEDGE/EXPERIENCE,FAILING TO YIELD RIGHT-OF-WAY,850,W,EASTWOOD AVE,2,"REPORTED, NOT EVIDENT",1.0,0.0,0.0,0.0,1.0,2.0,0.0,10,2,6
681794ca5ff520ce1e6c257f5b3d7fe50fa4d98863072f44e826b0b7a25ecebaef98dae0c707aa984aebd24045acc03bbbbccdc6d3125d2dcb292267639d8733,2023-01-09 17:40:00,30,STOP SIGN/FLASHER,FUNCTIONING PROPERLY,CLEAR,"DARKNESS, LIGHTED ROAD",ANGLE,FOUR WAY,STRAIGHT AND LEVEL,DRY,NO DEFECTS,INJURY AND / OR TOW DUE TO CRASH,"OVER $1,500",DISREGARDING STOP SIGN,UNABLE TO DETERMINE,4859,N,PULASKI RD,2,NO INDICATION OF INJURY,0.0,0.0,0.0,0.0,0.0,2.0,0.0,17,2,1
cd9af15cc4959cbbdd914a2500ecf875b1ef0aae396506c2740a97e481b8c27fc645f5c3ade6337ffaabec94fd5950e4a924d142c3daf6db148454dd5d7c99dd,2020-10-28 22:30:00,35,NO CONTROLS,NO CONTROLS,UNKNOWN,DARKNESS,PARKED MOTOR VEHICLE,NOT DIVIDED,STRAIGHT AND LEVEL,UNKNOWN,UNKNOWN,NO INJURY / DRIVE AWAY,"$501 - $1,500",IMPROPER BACKING,IMPROPER BACKING,426,W,104TH ST,2,NO INDICATION OF INJURY,0.0,0.0,0.0,0.0,0.0,1.0,0.0,22,4,10
7d69850478df64331c75b70281ce22b0d61769a983c15fd52bc93df50594f395983c6aa91557aa4bf467c9111156e246ce5e3e8722b7afe41195c44280ef537c,2017-04-07 19:56:00,30,NO CONTROLS,NO CONTROLS,CLEAR,"DARKNESS, LIGHTED ROAD",REAR END,DIVIDED - W/MEDIAN (NOT RAISED),STRAIGHT AND LEVEL,DRY,NO DEFECTS,NO INJURY / DRIVE AWAY,"OVER $1,500",FAILING TO REDUCE SPEED TO AVOID CRASH,FAILING TO REDUCE SPEED TO AVOID CRASH,3900,W,ADDISON ST,2,NO INDICATION OF INJURY,0.0,0.0,0.0,0.0,0.0,2.0,0.0,19,6,4
a9b54e69ab14c4601962fda1c82b7b5722c5370bb4d5db95a2f80969ec2ee3f0bd97f8bd8762de8880ad28d2bb33ec061c4bf6d11eb3417e22a29d489eea3b2a,2018-03-03 14:00:00,30,NO CONTROLS,NO CONTROLS,CLEAR,DAYLIGHT,REAR END,DIVIDED - W/MEDIAN (NOT RAISED),STRAIGHT AND LEVEL,DRY,NO DEFECTS,NO INJURY / DRIVE AWAY,"$501 - $1,500",FOLLOWING TOO CLOSELY,NOT APPLICABLE,6500,W,DIVERSEY AVE,2,NO INDICATION OF INJURY,0.0,0.0,0.0,0.0,0.0,2.0,0.0,14,7,3
584ffbfaf62dffd52365f6afcda501930f5c4aa1cc7219f100882812b41506096fb98414c7f28bff5edd156c04ef44479015f3b2360ea335875dfdb1d088627d,2018-08-21 17:35:00,30,NO CONTROLS,NO CONTROLS,CLEAR,DAYLIGHT,PEDALCYCLIST,NOT DIVIDED,STRAIGHT AND LEVEL,DRY,NO DEFECTS,INJURY AND / OR TOW DUE TO CRASH,"OVER $1,500",NOT APPLICABLE,NOT APPLICABLE,2700,N,HALSTED ST,2,NONINCAPACITATING INJURY,1.0,0.0,0.0,1.0,0.0,1.0,0.0,17,3,8
6622f1c1b8bc047838725811976fa6e7522b3cce70d978e300e52f8c1082a038e83be0ba9d969b829afb0f978c0d92f0aa2ff23352fb8ef8e63e0fbde898cd70,2018-10-20 09:53:00,30,NO CONTROLS,NO CONTROLS,CLEAR,DAYLIGHT,PEDALCYCLIST,DIVIDED - W/MEDIAN (NOT RAISED),STRAIGHT AND LEVEL,DRY,NO DEFECTS,INJURY AND / OR TOW DUE TO CRASH,"OVER $1,500",UNABLE TO DETERMINE,NOT APPLICABLE,2243,N,ELSTON AVE,2,NONINCAPACITATING INJURY,1.0,0.0,0.0,1.0,0.0,1.0,0.0,9,7,10
2474ebce62f1306dadca7ef5bc0a74c9bccbaf120aa934f1447ea75407ded1502a7a8d43881160cc4ce16ff7f730f68927e5971ad7ce5e825fb675472dae8c35,2019-07-26 16:10:00,30,TRAFFIC SIGNAL,FUNCTIONING PROPERLY,CLEAR,DAYLIGHT,HEAD ON,NOT DIVIDED,STRAIGHT AND LEVEL,DRY,NO DEFECTS,NO INJURY / DRIVE AWAY,$500 OR LESS,UNABLE TO DETERMINE,NOT APPLICABLE,3500,S,ARCHER AVE,2,NO INDICATION OF INJURY,0.0,0.0,0.0,0.0,0.0,3.0,0.0,16,6,7
e30c423c8734a8676b9213b17167300642cc1cbc3c3bfa9381ba7a8e11e0af96ac49323367abb3120dedce4d288e1a5111ed8af90434c26ab5aad92be20ce230,2023-05-28 03:30:00,30,TRAFFIC SIGNAL,FUNCTIONING PROPERLY,CLEAR,"DARKNESS, LIGHTED ROAD",OTHER NONCOLLISION,NOT DIVIDED,"CURVE, LEVEL",DRY,NO DEFECTS,INJURY AND / OR TOW DUE TO CRASH,"OVER $1,500",FAILING TO REDUCE SPEED TO AVOID CRASH,FAILING TO REDUCE SPEED TO AVOID CRASH,5649,N,SHERIDAN RD,1,NO INDICATION OF INJURY,0.0,0.0,0.0,0.0,0.0,1.0,0.0,3,1,5
31c7a66a886816db941364f0d610e400b942942ecd1af9d0828769db72499b885b106fabee6b35a1d9f101b3dc11e24b2bee348430d01fdd86386f4fedee9848,2018-08-29 17:25:00,30,TRAFFIC SIGNAL,FUNCTIONING PROPERLY,CLEAR,DAYLIGHT,SIDESWIPE SAME DIRECTION,DIVIDED - W/MEDIAN (NOT RAISED),STRAIGHT AND LEVEL,DRY,NO DEFECTS,INJURY AND / OR TOW DUE TO CRASH,"OVER $1,500",FAILING TO YIELD RIGHT-OF-WAY,NOT APPLICABLE,5645,N,ASHLAND AVE,2,NO INDICATION OF INJURY,0.0,0.0,0.0,0.0,0.0,2.0,0.0,17,4,8
4026b9c3e224810f337a3583e929d2cf2e68729e39c5b66f3e1e0aa7b26fbc40c914a48cd98a61532922ad31f43276bb9b1809bd9856172f70ea7dd1e4f971eb,2020-07-23 13:00:00,35,NO CONTROLS,NO CONTROLS,CLEAR,DAYLIGHT,PARKED MOTOR VEHICLE,DIVIDED - W/MEDIAN (NOT RAISED),STRAIGHT AND LEVEL,DRY,NO DEFECTS,NO INJURY / DRIVE AWAY,"$501 - $1,500",UNABLE TO DETERMINE,UNABLE TO DETERMINE,2135,W,OGDEN AVE,2,NO INDICATION OF INJURY,0.0,0.0,0.0,0.0,0.0,1.0,0.0,13,5,7
311ccea5739641dca436fb44123919439edeb4d84fc6d8e380cfc1ff82fa028094d38407e4acdeb15980e165eb6b3fdf16a1019c38201f2d217303ef06af2585,2019-11-15 13:45:00,35,NO CONTROLS,NO CONTROLS,CLEAR,DAYLIGHT,SIDESWIPE SAME DIRECTION,NOT DIVIDED,STRAIGHT AND LEVEL,DRY,NO DEFECTS,NO INJURY / DRIVE AWAY,"$501 - $1,500",UNABLE TO DETERMINE,NOT APPLICABLE,700,N,LAKE SHORE DR,2,NO INDICATION OF INJURY,0.0,0.0,0.0,0.0,0.0,2.0,0.0,13,6,11
4c3a2dc62d690c25702c364db00f5d57c284dfe6929501bc9c93ab57b5b038eef0d13f3c567d1a80b015a21d86820dd12a080487e16d4860bfd4e9e5ad84be2a,2022-06-01 18:15:00,35,TRAFFIC SIGNAL,FUNCTIONING PROPERLY,CLEAR,DAYLIGHT,REAR END,NOT DIVIDED,STRAIGHT AND LEVEL,DRY,NO DEFECTS,NO INJURY / DRIVE AWAY,"OVER $1,500",UNABLE TO DETERMINE,NOT APPLICABLE,3645,W,79TH ST,2,NO INDICATION OF INJURY,0.0,0.0,0.0,0.0,0.0,2.0,0.0,18,4,6
a0bef286d1ed6e913e6cafd488bdab295c7cfa246c12ac82b79c8f0ddcca9885438f49a02515df4174fb6408407f8019c55b8a4793a360f70b7371cedeb46219,2023-04-26 10:00:00,40,TRAFFIC SIGNAL,FUNCTIONING PROPERLY,CLEAR,DAYLIGHT,SIDESWIPE SAME DIRECTION,NOT DIVIDED,STRAIGHT AND LEVEL,DRY,NO DEFECTS,NO INJURY / DRIVE AWAY,"$501 - $1,500",UNABLE TO DETERMINE,UNABLE TO DETERMINE,700,N,LAKE SHORE DR,2,NO INDICATION OF INJURY,0.0,0.0,0.0,0.0,0.0,2.0,0.0,10,4,4
17bc1514f8f1750894ce760abf67e044c8d7d02da0f63c4dcb85d97df13530dc4290ce89cbc4c29936787193fd71c156413499580b43556ad72f572835ae4058,2019-06-25 13:30:00,10,NO CONTROLS,NO CONTROLS,CLEAR,DAYLIGHT,REAR END,PARKING LOT,STRAIGHT ON HILLCREST,DRY,NO DEFECTS,NO INJURY / DRIVE AWAY,"OVER $1,500",FAILING TO YIELD RIGHT-OF-WAY,NOT APPLICABLE,17,E,ADAMS ST,2,NO INDICATION OF INJURY,0.0,0.0,0.0,0.0,0.0,2.0,0.0,13,3,6
a5d722888bf15ebddd6ae0f667c851348347ad5550afb46bba8edc2a8a94faa1af388d32d0d2f531eebd69bbcef0fa193c0723b2a97a2afa68e16aa03a41f201,2022-03-20 17:40:00,35,TRAFFIC SIGNAL,FUNCTIONING PROPERLY,CLEAR,DUSK,SIDESWIPE SAME DIRECTION,NOT DIVIDED,STRAIGHT AND LEVEL,DRY,NO DEFECTS,INJURY AND / OR TOW DUE TO CRASH,"$501 - $1,500",UNABLE TO DETERMINE,UNABLE TO DETERMINE,6398,W,GUNNISON ST,2,NO INDICATION OF INJURY,0.0,0.0,0.0,0.0,0.0,2.0,0.0,17,1,3
c0f0d974b6230ee27262d2284e0f11ad39d70f55aa8f4839586babe4dfaec89c16c6b6f37168f669ff943229de66a3136ae490b6140db70c1793b0248150de54,2018-10-08 11:45:00,30,TRAFFIC SIGNAL,FUNCTIONING PROPERLY,CLEAR,DAYLIGHT,REAR END,NOT DIVIDED,STRAIGHT AND LEVEL,DRY,NO DEFECTS,NO INJURY / DRIVE AWAY,"OVER $1,500",UNABLE TO DETERMINE,NOT APPLICABLE,1700,E,95TH ST,2,NO INDICATION OF INJURY,0.0,0.0,0.0,0.0,0.0,4.0,0.0,11,2,10
4379dd161c581e042b14031094a3c0047ec3ee24f55c66198cc2babece6c93733f21860d1db31828fb37a89a87804432e8760fa73212bff61645f997d9d2c77d,2019-03-14 10:05:00,30,TRAFFIC SIGNAL,FUNCTIONING PROPERLY,RAIN,DAYLIGHT,REAR END,NOT DIVIDED,STRAIGHT AND LEVEL,WET,NO DEFECTS,INJURY AND / OR TOW DUE TO CRASH,"OVER $1,500",FOLLOWING TOO CLOSELY,NOT APPLICABLE,2243,S,WESTERN AVE,2,NO INDICATION OF INJURY,0.0,0.0,0.0,0.0,0.0,2.0,0.0,10,5,3
5ac87084407a444ab97a17b8c5dad03a251d2be60978a59dd94ea027b33bf3710c7fa76b32e917f0dbb3d82ea59b3cf8de3c077e9a9aed7862fbc63704bbae02,2019-11-13 07:11:00,30,STOP SIGN/FLASHER,NO CONTROLS,CLEAR,DAYLIGHT,REAR END,NOT DIVIDED,STRAIGHT AND LEVEL,WET,NO DEFECTS,NO INJURY / DRIVE AWAY,"$501 - $1,500",EQUIPMENT - VEHICLE CONDITION,NOT APPLICABLE,5427,N,BOWMANVILLE AVE,2,NO INDICATION OF INJURY,0.0,0.0,0.0,0.0,0.0,2.0,0.0,7,4,11
fd127846c67b5d7896776a295b7c47af88226b8814b26b62f2a2328f47e9e76967ea95197a618f074e90f19d9149c4b605b9958174161c38f4c65c5c354b240e,2023-08-25 08:50:00,30,NO CONTROLS,NO CONTROLS,CLOUDY/OVERCAST,DAYLIGHT,SIDESWIPE SAME DIRECTION,ONE-WAY,STRAIGHT AND LEVEL,DRY,NO DEFECTS,INJURY AND / OR TOW DUE TO CRASH,"OVER $1,500",UNABLE TO DETERMINE,NOT APPLICABLE,1003,N,CAMPBELL AVE,2,"REPORTED, NOT EVIDENT",1.0,0.0,0.0,0.0,1.0,3.0,0.0,8,6,8
25467ec3a7a1df0e1f6be241cd07c16df69a524737ae99df34a9c593adff747524f1699af12d3f6b9bfcdda145d51d3e4168c92fa1f12e2d2e26f02d6fbc0f02,2022-08-23 08:40:00,30,TRAFFIC SIGNAL,FUNCTIONING PROPERLY,CLEAR,DAYLIGHT,REAR END,NOT DIVIDED,STRAIGHT AND LEVEL,DRY,NO DEFECTS,NO INJURY / DRIVE AWAY,$500 OR LESS,FOLLOWING TOO CLOSELY,NOT APPLICABLE,2949,W,IRVING PARK RD,2,NO INDICATION OF INJURY,0.0,0.0,0.0,0.0,0.0,2.0,0.0,8,3,8
5c022340e1747a6f585a052ea003c494c28fee68b40b086f444bebef56056f1861d4b1343efff53ca26a1fe1d110331fa6b3b67db58dcc1fa7ca03d7e01db3a6,2022-05-17 09:25:00,30,STOP SIGN/FLASHER,NO CONTROLS,CLEAR,DAYLIGHT,ANGLE,FOUR WAY,STRAIGHT AND LEVEL,DRY,NO DEFECTS,INJURY AND / OR TOW DUE TO CRASH,"OVER $1,500",FAILING TO YIELD RIGHT-OF-WAY,DISREGARDING STOP SIGN,12309,S,WENTWORTH AVE,2,NO INDICATION OF INJURY,0.0,0.0,0.0,0.0,0.0,2.0,0.0,9,3,5
202366ef8a7a3f4e04ba3bf579026bf807f2818042aabd4931594c118aff41214333f440e0af855beeb19fa4f6dfda51e27ba1c716a19e75441125d97da54ea1,2020-03-11 06:00:00,30,NO CONTROLS,NO CONTROLS,CLEAR,DAWN,PARKED MOTOR VEHICLE,DIVIDED - W/MEDIAN (NOT RAISED),STRAIGHT AND LEVEL,DRY,NO DEFECTS,NO INJURY / DRIVE AWAY,"OVER $1,500",UNABLE TO DETERMINE,UNABLE TO DETERMINE,2654,N,AUSTIN AVE,2,NO INDICATION OF INJURY,0.0,0.0,0.0,0.0,0.0,1.0,0.0,6,4,3
57b962558baf44feaa16f029d42849393c977607cfd2ed5462347f6fb408db3f3ea77578ccf03b76876a5ed2837cd16109dd89726340ed2c1e0f5c2510c32c5a,2019-08-22 20:40:00,30,TRAFFIC SIGNAL,FUNCTIONING PROPERLY,CLEAR,DUSK,REAR END,NOT DIVIDED,STRAIGHT AND LEVEL,DRY,NO DEFECTS,NO INJURY / DRIVE AWAY,"$501 - $1,500",FAILING TO REDUCE SPEED TO AVOID CRASH,UNABLE TO DETERMINE,5600,W,BELMONT AVE,2,NO INDICATION OF INJURY,0.0,0.0,0.0,0.0,0.0,2.0,0.0,20,5,8
6db3d3328d069393babcf3349cc71b7549a8ed5e8626baaf8b7c5e5a5e2542f9bc37bf4da8c15daa1fdfcf0e366dec15c133dd4d281de6ade920c615f1d0efce,2023-04-29 13:15:00,15,NO CONTROLS,NO CONTROLS,CLEAR,DAYLIGHT,OTHER OBJECT,ALLEY,STRAIGHT AND LEVEL,"SAND, MUD, DIRT",NO DEFECTS,INJURY AND / OR TOW DUE TO CRASH,"OVER $1,500",PHYSICAL CONDITION OF DRIVER,NOT APPLICABLE,5351,S,KILBOURN AVE,1,INCAPACITATING INJURY,2.0,0.0,2.0,0.0,0.0,3.0,0.0,13,7,4
691beb008c263f0c5ea496255c1df4e3cc2ab08134dc0dad1c1d66a7782fc9d19d40c9a36c4eb69b5d12bd602164753b2f9a7e85bf710bda3feb91031f901076,2022-02-06 11:00:00,35,NO CONTROLS,NO CONTROLS,CLEAR,DAYLIGHT,PARKED MOTOR VEHICLE,DIVIDED - W/MEDIAN (NOT RAISED),STRAIGHT AND LEVEL,SNOW OR SLUSH,UNKNOWN,NO INJURY / DRIVE AWAY,"$501 - $1,500",UNABLE TO DETERMINE,NOT APPLICABLE,2910,E,87TH ST,2,NO INDICATION OF INJURY,0.0,0.0,0.0,0.0,0.0,1.0,0.0,11,1,2
d06ade005ac1bb5b84e509e01393a7bd2e18f8a8bf89d8cb62fa8e2cf5eec0c0b21b960503af3d54860f13756ab87e8b5bc37e90f0536950ebbd2e8ef0caa7b5,2021-11-23 13:50:00,15,NO CONTROLS,NO CONTROLS,CLEAR,DAYLIGHT,PARKED MOTOR VEHICLE,RAMP,STRAIGHT ON GRADE,DRY,UNKNOWN,NO INJURY / DRIVE AWAY,"OVER $1,500",UNABLE TO DETERMINE,UNABLE TO DETERMINE,836,W,WELLINGTON AVE,2,NO INDICATION OF INJURY,0.0,0.0,0.0,0.0,0.0,3.0,0.0,13,3,11
74ec4ba1cba3392af940b90833093cbc19c8711fed2a8366ef889a23c746774c888c455e970fdb0dd30d1930a7ef12bdf10d90dcd034cb7a4980bf72d68c8190,2018-12-28 18:40:00,30,UNKNOWN,UNKNOWN,CLEAR,"DARKNESS, LIGHTED ROAD",PARKED MOTOR VEHICLE,DIVIDED - W/MEDIAN (NOT RAISED),STRAIGHT AND LEVEL,DRY,NO DEFECTS,NO INJURY / DRIVE AWAY,"OVER $1,500",IMPROPER OVERTAKING/PASSING,UNABLE TO DETERMINE,3550,W,CERMAK RD,2,NO INDICATION OF INJURY,0.0,0.0,0.0,0.0,0.0,1.0,0.0,18,6,12
7a3b8aefce033d29db0d4480f17771ce270880ab05a8d2d03251b328e0a3a8f9e1fc5a16b5d511ef119c2e839961b4b9f95dda7a55e54a3a48bb2b29a2811907,2023-01-25 10:30:00,30,NO CONTROLS,NO CONTROLS,SNOW,DAYLIGHT,PARKED MOTOR VEHICLE,NOT DIVIDED,STRAIGHT AND LEVEL,SNOW OR SLUSH,NO DEFECTS,NO INJURY / DRIVE AWAY,"OVER $1,500",IMPROPER BACKING,IMPROPER BACKING,5655,W,GRAND AVE,2,NO INDICATION OF INJURY,0.0,0.0,0.0,0.0,0.0,1.0,0.0,10,4,1
c6e275c1a0c5048d4d6cedd1b79797799ae2c129d4ac5b4c570aaf30607790f6f8df581088db993141e675554903b25166cc4cd6faaaf60e07d17c454a372f5c,2018-09-24 10:20:00,30,TRAFFIC SIGNAL,FUNCTIONING PROPERLY,CLOUDY/OVERCAST,DAYLIGHT,TURNING,ONE-WAY,STRAIGHT AND LEVEL,DRY,UNKNOWN,NO INJURY / DRIVE AWAY,"OVER $1,500",UNABLE TO DETERMINE,UNABLE TO DETERMINE,9500,S,WENTWORTH AVE,2,NO INDICATION OF INJURY,0.0,0.0,0.0,0.0,0.0,2.0,0.0,10,2,9