CRASH_RECORD_ID,CRASH_DATE,POSTED_SPEED_LIMIT,TRAFFIC_CONTROL_DEVICE,DEVICE_CONDITION,WEATHER_CONDITION,LIGHTING_CONDITION,FIRST_CRASH_TYPE,TRAFFICWAY_TYPE,ALIGNMENT,ROADWAY_SURFACE_COND,ROAD_DEFECT,CRASH_TYPE,DAMAGE,PRIM_CONTRIBUTORY_CAUSE,SEC_CONTRIBUTORY_CAUSE,STREET_NO,STREET_DIRECTION,STREET_NAME,NUM_UNITS,MOST_SEVERE_INJURY,INJURIES_TOTAL,INJURIES_FATAL,INJURIES_INCAPACITATING,INJURIES_NON_INCAPACITATING,INJURIES_REPORTED_NOT_EVIDENT,INJURIES_NO_INDICATION,INJURIES_UNKNOWN,CRASH_HOUR,CRASH_DAY_OF_WEEK,CRASH_MONTH
426c7bb21effc17af05f70204d3b0eff13316ddf34f388b521d5b65bc416c7ac42f86a4263a16d6efd364db8989b4d3589045cbd8002150cbb8cba24766631a2,2018-11-14 07:10:00,30,NO CONTROLS,NO CONTROLS,CLEAR,DAYLIGHT,TURNING,NOT DIVIDED,STRAIGHT AND LEVEL,DRY,NO DEFECTS,NO INJURY / DRIVE AWAY,"OVER $1,500",IMPROPER TURNING/NO SIGNAL,IMPROPER LANE USAGE,900,W,63RD ST,2,NO INDICATION OF INJURY,0.0,0.0,0.0,0.0,0.0,3.0,0.0,7,4,11
9286d90fe72890e1e6db774f9bb55692c6ab944211ae5e5b66b732b0a522bce194b245923ba85857573b7fc6cecaefbed55368c4f262ed69368d5951ebd138ad,2018-01-12 09:20:00,30,TRAFFIC SIGNAL,FUNCTIONING PROPERLY,CLEAR,DAYLIGHT,SIDESWIPE SAME DIRECTION,NOT DIVIDED,STRAIGHT AND LEVEL,WET,NO DEFECTS,INJURY AND / OR TOW DUE TO CRASH,"OVER $1,500",UNABLE TO DETERMINE,UNABLE TO DETERMINE,628,N,MC CLURG CT,2,NO INDICATION OF INJURY,0.0,0.0,0.0,0.0,0.0,2.0,0.0,9,6,1
a7b2d552f057bb99811d6dc02cd3bfb26a219f940d8b1c89a449df7049f85f64f1887eae8acc2631c84ec4d6ed579eb1567d5444e813a23e0761390bd4981caf,2023-06-15 06:05:00,25,NO CONTROLS,NO CONTROLS,CLEAR,DAYLIGHT,PARKED MOTOR VEHICLE,NOT DIVIDED,STRAIGHT AND LEVEL,DRY,NO DEFECTS,NO INJURY / DRIVE AWAY,$500 OR LESS,UNABLE TO DETERMINE,NOT APPLICABLE,5615,W,EDDY ST,2,NO INDICATION OF INJURY,0.0,0.0,0.0,0.0,0.0,1.0,0.0,6,5,6
c88ae76877d3dee54a587d8aed19d0baba2938291d4557466e00e6135227d9b4e9c953b5f7acec28a2b1784cfef39ac2d56368f8ffcbf5d7213b61efbbb8ef2c,2018-09-15 16:50:00,30,STOP SIGN/FLASHER,FUNCTIONING IMPROPERLY,CLEAR,DAYLIGHT,TURNING,NOT DIVIDED,STRAIGHT AND LEVEL,DRY,NO DEFECTS,INJURY AND / OR TOW DUE TO CRASH,"OVER $1,500",UNABLE TO DETERMINE,UNABLE TO DETERMINE,1300,S,DAMEN AVE,2,"REPORTED, NOT EVIDENT",1.0,0.0,0.0,0.0,1.0,3.0,0.0,16,7,9
9b46cb5e6ca71f553988a2ab2521bb1a468bead5671630ddc8dcadb73b5eb02a6b8be7eda3247a40d9c322e9df8009fd170667a755745784dccddf13f4505b5f,2016-09-14 08:06:00,30,TRAFFIC SIGNAL,FUNCTIONING IMPROPERLY,CLEAR,DAYLIGHT,SIDESWIPE SAME DIRECTION,NOT DIVIDED,STRAIGHT AND LEVEL,DRY,NO DEFECTS,NO INJURY / DRIVE AWAY,"OVER $1,500",UNABLE TO DETERMINE,UNABLE TO DETERMINE,420,S,PULASKI RD,3,NO INDICATION OF INJURY,0.0,0.0,0.0,0.0,0.0,6.0,0.0,8,4,9
610840b40f6af6f0605d2e95840656e45d97127e4bc8dd2ca9f46bf6bfaa576650a13d24948bb363f0ad5cf71779c5dd00c2144c94666d63e510e9e5cfdad582,2018-02-01 07:40:00,30,NO CONTROLS,NO CONTROLS,CLEAR,DAYLIGHT,PARKED MOTOR VEHICLE,NOT DIVIDED,STRAIGHT AND LEVEL,DRY,NO DEFECTS,NO INJURY / DRIVE AWAY,$500 OR LESS,UNABLE TO DETERMINE,UNABLE TO DETERMINE,6625,W,RAVEN ST,2,NO INDICATION OF INJURY,0.0,0.0,0.0,0.0,0.0,1.0,0.0,7,5,2
ce7825a87f6bd8fb060acca44142059258e0c75db401a9421c754d28b370494873e4170eab8bbb223c58f31c5d262ee474f699c276a97a7d5409314ab4b63a89,2016-06-10 19:10:00,30,TRAFFIC SIGNAL,FUNCTIONING PROPERLY,CLEAR,DAYLIGHT,SIDESWIPE SAME DIRECTION,DIVIDED - W/MEDIAN (NOT RAISED),STRAIGHT AND LEVEL,DRY,NO DEFECTS,NO INJURY / DRIVE AWAY,"$501 - $1,500",FAILING TO YIELD RIGHT-OF-WAY,IMPROPER OVERTAKING/PASSING,2205,W,GRAND AVE,2,NO INDICATION OF INJURY,0.0,0.0,0.0,0.0,0.0,3.0,0.0,19,6,6
a18c66b5a4948db500f7c5e2f3e06a5c8db3edfec54711f69a29c6e163b89f8d07fe6eaa64cbfbdb934a9873d02e75d557956f2ef88dc8cd92bbe887171f44fb,2022-02-25 16:00:00,30,NO CONTROLS,NO CONTROLS,CLEAR,DAYLIGHT,ANGLE,NOT DIVIDED,STRAIGHT AND LEVEL,SNOW OR SLUSH,NO DEFECTS,NO INJURY / DRIVE AWAY,"OVER $1,500",UNABLE TO DETERMINE,NOT APPLICABLE,4315,S,FAIRFIELD AVE,2,NO INDICATION OF INJURY,0.0,0.0,0.0,0.0,0.0,3.0,0.0,16,6,2
e27e3c6bdf78ca026c0fc146e77d82cecf73ddb6f7eef4204d6dc47f86d1855b18d3736256b18a2841936d06a5687bfd18eccae558ecbe59cf2f0ba91e914fd5,2020-04-30 18:14:00,10,NO CONTROLS,NO CONTROLS,CLEAR,DAYLIGHT,PEDESTRIAN,PARKING LOT,STRAIGHT AND LEVEL,DRY,UNKNOWN,NO INJURY / DRIVE AWAY,"OVER $1,500",UNABLE TO DETERMINE,UNABLE TO DETERMINE,7850,S,DR MARTIN LUTHER KING JR DR,2,NO INDICATION OF INJURY,0.0,0.0,0.0,0.0,0.0,2.0,0.0,18,5,4
3cd086cefee9c9872b0bd8dab60d6d83c36e59e83ec97a564706daf2681ff5c81952b568e7b65e4b3b3c847e99905e3c1ee01f1c85d379dfa987a0140b2c155b,2022-09-07 11:25:00,20,UNKNOWN,UNKNOWN,CLEAR,DAYLIGHT,PARKED MOTOR VEHICLE,UNKNOWN,STRAIGHT AND LEVEL,UNKNOWN,UNKNOWN,NO INJURY / DRIVE AWAY,"OVER $1,500",UNABLE TO DETERMINE,NOT APPLICABLE,1214,N,MENARD AVE,2,NO INDICATION OF INJURY,0.0,0.0,0.0,0.0,0.0,1.0,0.0,11,4,9
f4c56435eeb530c1857d2b7620d11ab7ac5f0791f45567e60cfa94761f13b7640b8796caae2c3142fc2ae20777e1fe5acafd7942f26fe0f41e5b60d20ead2496,2022-08-30 09:00:00,30,NO CONTROLS,NO CONTROLS,CLEAR,DAYLIGHT,PARKED MOTOR VEHICLE,NOT DIVIDED,STRAIGHT AND LEVEL,DRY,NO DEFECTS,NO INJURY / DRIVE AWAY,"OVER $1,500",FOLLOWING TOO CLOSELY,NOT APPLICABLE,1457,W,BYRON ST,2,NO INDICATION OF INJURY,0.0,0.0,0.0,0.0,0.0,1.0,0.0,9,3,8
0f455a69d352c2509938f0bbfac2564430ec8df4479283ec51220f4c4bad68e1c9d0e6d1636894fb4e8387630c4585a6db43e0de09e22e2c35322f4a028d49cb,2021-04-10 13:45:00,30,NO CONTROLS,FUNCTIONING PROPERLY,RAIN,DAYLIGHT,REAR END,NOT DIVIDED,STRAIGHT AND LEVEL,WET,NO DEFECTS,INJURY AND / OR TOW DUE TO CRASH,"OVER $1,500",DISTRACTION - FROM INSIDE VEHICLE,UNABLE TO DETERMINE,1828,W,47TH ST,4,NONINCAPACITATING INJURY,2.0,0.0,0.0,1.0,1.0,3.0,0.0,13,7,4
6d6d56a05ed8a759d132ef4d29f1003284a124ddf0947ee38fb27ce9df4c118530fa65930bdb3b21945bf7e33d2e6a6f0e2193a8c02aaa48b4d8d20fe5ed7ca4,2016-09-28 15:15:00,25,TRAFFIC SIGNAL,FUNCTIONING PROPERLY,CLEAR,DAYLIGHT,REAR END,DIVIDED - W/MEDIAN (NOT RAISED),STRAIGHT AND LEVEL,WET,NO DEFECTS,NO INJURY / DRIVE AWAY,"$501 - $1,500",UNABLE TO DETERMINE,UNABLE TO DETERMINE,7400,S,WESTERN AVE,2,NO INDICATION OF INJURY,0.0,0.0,0.0,0.0,0.0,2.0,0.0,15,4,9
ba44af39e273dc5ff3621b63100b6759ab8e4e740be1e40a785c56e4bcd187aad269e524c5062a26354f33329b71bfcbea9d1645fd4e326550dce501980275d6,2022-04-30 17:00:00,30,TRAFFIC SIGNAL,FUNCTIONING PROPERLY,UNKNOWN,DAYLIGHT,TURNING,ONE-WAY,STRAIGHT AND LEVEL,UNKNOWN,UNKNOWN,NO INJURY / DRIVE AWAY,"OVER $1,500",UNABLE TO DETERMINE,UNABLE TO DETERMINE,6367,N,MILWAUKEE AVE,2,NO INDICATION OF INJURY,0.0,0.0,0.0,0.0,0.0,2.0,0.0,17,7,4
7585c94cec391dfdeab0ebe5c0a0362ba55dbe4c1e0078fe66c562b0ead6a8c485f69ed28b22f2b3d430cbb5e12446365809fe7623a33941787217896f2e7420,2020-12-12 00:03:00,35,NO CONTROLS,NO CONTROLS,RAIN,"DARKNESS, LIGHTED ROAD",SIDESWIPE SAME DIRECTION,NOT DIVIDED,STRAIGHT AND LEVEL,WET,NO DEFECTS,INJURY AND / OR TOW DUE TO CRASH,"OVER $1,500",IMPROPER LANE USAGE,NOT APPLICABLE,4501,W,NORTH AVE,2,NO INDICATION OF INJURY,0.0,0.0,0.0,0.0,0.0,2.0,0.0,0,7,12
0edecdc913b4d63067638a40cf5daae597f8ab20d78536505875b794b4baf179791ab0139307626c15e6fd075b9549a5cc005c2b765aae87279a087fe9248aeb,2022-04-29 16:10:00,35,NO CONTROLS,NO CONTROLS,CLEAR,DAYLIGHT,REAR END,NOT DIVIDED,STRAIGHT AND LEVEL,DRY,NO DEFECTS,NO INJURY / DRIVE AWAY,"OVER $1,500",UNABLE TO DETERMINE,NOT APPLICABLE,6731,S,PULASKI RD,2,NO INDICATION OF INJURY,0.0,0.0,0.0,0.0,0.0,2.0,0.0,16,6,4
a34ac084c8a078902e0b6bc5e1c0f26de5ee88986cd6ca4ea949e777ee82d7e7a603f02ab88781c243a93b822b2334643d38bc2309302763120a16401f673219,2018-07-04 21:54:00,30,NO CONTROLS,NO CONTROLS,RAIN,"DARKNESS, LIGHTED ROAD",TURNING,DIVIDED - W/MEDIAN (NOT RAISED),STRAIGHT AND LEVEL,WET,NO DEFECTS,INJURY AND / OR TOW DUE TO CRASH,"OVER $1,500",IMPROPER TURNING/NO SIGNAL,FAILING TO YIELD RIGHT-OF-WAY,7530,S,YATES BLVD,7,INCAPACITATING INJURY,3.0,0.0,3.0,0.0,0.0,0.0,0.0,21,4,7
18823cfc66693ddcbf6266744f05200070fd9e75be463ad3417bb16705284cee4a247d09b4480773805478d4fbe8242de04645613120b11c9ed7af8f5b59221e,2019-06-18 08:05:00,30,TRAFFIC SIGNAL,FUNCTIONING PROPERLY,CLEAR,DAYLIGHT,REAR END,NOT DIVIDED,STRAIGHT AND LEVEL,DRY,NO DEFECTS,INJURY AND / OR TOW DUE TO CRASH,"OVER $1,500",FAILING TO REDUCE SPEED TO AVOID CRASH,NOT APPLICABLE,2810,N,WESTERN AVE,3,"REPORTED, NOT EVIDENT",1.0,0.0,0.0,0.0,1.0,2.0,0.0,8,3,6
c045a2702bccca2c64314fd521f63d043047c768d990a7c8fb35376d45dd82f3f931e6ab24e48365f198ae3d7a87ba409b2af585c56a906577b0a7095c0461c2,2021-04-06 08:54:00,15,NO CONTROLS,NO CONTROLS,CLEAR,DAYLIGHT,REAR TO FRONT,PARKING LOT,STRAIGHT AND LEVEL,DRY,NO DEFECTS,NO INJURY / DRIVE AWAY,"OVER $1,500",IMPROPER BACKING,DRIVING SKILLS/KNOWLEDGE/EXPERIENCE,500,S,PLYMOUTH CT,2,NO INDICATION OF INJURY,0.0,0.0,0.0,0.0,0.0,2.0,0.0,8,3,4
bdc90edde32aced8a9a6dbfee9efd073e2f9c426d17b08722793060f5581914e3574fa0dd9751209b2e116d891d893584445fdb70bf354fc90a1fc0e753f16a6,2019-05-25 12:47:00,30,NO CONTROLS,NO CONTROLS,CLEAR,DAYLIGHT,SIDESWIPE SAME DIRECTION,DIVIDED - W/MEDIAN (NOT RAISED),STRAIGHT AND LEVEL,DRY,NO DEFECTS,NO INJURY / DRIVE AWAY,$500 OR LESS,UNABLE TO DETERMINE,UNABLE TO DETERMINE,735,S,CICERO AVE,2,NO INDICATION OF INJURY,0.0,0.0,0.0,0.0,0.0,4.0,0.0,12,7,5
963fb19de7cee1943222ae4c464b60e1e9538d22f5982aba785325a9047924712d84c5ebf88821f1b6c8d89811c999169fa61ec44cb576529b7e52e0864eede7,2018-09-19 19:30:00,25,NO CONTROLS,NO CONTROLS,UNKNOWN,UNKNOWN,PARKED MOTOR VEHICLE,UNKNOWN,STRAIGHT AND LEVEL,UNKNOWN,UNKNOWN,NO INJURY / DRIVE AWAY,"$501 - $1,500",UNABLE TO DETERMINE,NOT APPLICABLE,11453,S,ST LOUIS AVE,2,NO INDICATION OF INJURY,0.0,0.0,0.0,0.0,0.0,1.0,0.0,19,4,9
64b92272e93fa7c835dae5812179de1dbc1e4d4978b32b58909d864362bd63e1f1f03c2d737c67de28d5c0137bcc65284d75d0f3ce0568212ac99f0772383c89,2023-05-12 16:30:00,35,TRAFFIC SIGNAL,FUNCTIONING PROPERLY,RAIN,DAYLIGHT,REAR END,FOUR WAY,STRAIGHT AND LEVEL,WET,NO DEFECTS,NO INJURY / DRIVE AWAY,$500 OR LESS,FOLLOWING TOO CLOSELY,NOT APPLICABLE,7558,S,ASHLAND AVE,2,NO INDICATION OF INJURY,0.0,0.0,0.0,0.0,0.0,2.0,0.0,16,6,5
b7325ee482f4f434beb955563775f5a5c4a1e95e14c326d77d9e7420718bc7ae3cf65678263da194003ef3e58d505b4da7cc46c639a7b59ec80d17ef3a78e481,2024-02-01 14:30:00,35,NO CONTROLS,NO CONTROLS,CLEAR,DAYLIGHT,FIXED OBJECT,PARKING LOT,STRAIGHT AND LEVEL,DRY,NO DEFECTS,INJURY AND / OR TOW DUE TO CRASH,"OVER $1,500",DRIVING SKILLS/KNOWLEDGE/EXPERIENCE,UNABLE TO DETERMINE,5444,S,WELLS ST,1,NO INDICATION OF INJURY,0.0,0.0,0.0,0.0,0.0,1.0,0.0,14,5,2
355e5082f0db0c1a5d6873152593e655eeea791d018f1c86039f73fde99f73563c96e326ff28037df2da2be14ec803c14165e23ef664801d26d3f1f88ebdb642,2021-07-22 10:30:00,25,NO CONTROLS,NO CONTROLS,CLEAR,DAYLIGHT,SIDESWIPE SAME DIRECTION,DIVIDED - W/MEDIAN (NOT RAISED),STRAIGHT AND LEVEL,DRY,NO DEFECTS,INJURY AND / OR TOW DUE TO CRASH,"OVER $1,500",UNABLE TO DETERMINE,NOT APPLICABLE,2335,W,DEVON AVE,2,NO INDICATION OF INJURY,0.0,0.0,0.0,0.0,0.0,2.0,0.0,10,5,7
2df523f7a0dd10f505f00fa372a24b29242c886a62f7105a182caee229240dae1ce9e06ffa32f146b923f3ad06ffa600f59ecc4829a04863b8e29c49b7654130,2019-04-05 05:50:00,30,TRAFFIC SIGNAL,FUNCTIONING PROPERLY,CLEAR,"DARKNESS, LIGHTED ROAD",FIXED OBJECT,DIVIDED - W/MEDIAN (NOT RAISED),STRAIGHT AND LEVEL,WET,NO DEFECTS,NO INJURY / DRIVE AWAY,"OVER $1,500","OPERATING VEHICLE IN ERRATIC, RECKLESS, CARELESS, NEGLIGENT OR AGGRESSIVE MANNER",FAILING TO REDUCE SPEED TO AVOID CRASH,900,S,MICHIGAN AVE,1,NO INDICATION OF INJURY,0.0,0.0,0.0,0.0,0.0,1.0,0.0,5,6,4
7173c202f2e818afef6d115f88e82c77ed6dc755faee19a7364b2a3b1c831fe4c91d842cd3fa3d296e36bedb4e065bf23ab5304e6dbab9493e1e3f58fe7dd317,2018-08-04 04:41:00,30,NO CONTROLS,NO CONTROLS,CLEAR,"DARKNESS, LIGHTED ROAD",FIXED OBJECT,DIVIDED - W/MEDIAN (NOT RAISED),STRAIGHT AND LEVEL,DRY,NO DEFECTS,INJURY AND / OR TOW DUE TO CRASH,"OVER $1,500",UNABLE TO DETERMINE,UNABLE TO DETERMINE,4206,W,63RD ST,1,NO INDICATION OF INJURY,0.0,0.0,0.0,0.0,0.0,1.0,0.0,4,7,8
e3b00f3fc3b53018beeb9f71fadcb155c5c55c8d56b012ace97ef9f4882e6e1b079d4d167b1d043ed7b5632115ad4525e2ba3ce198ce6b22ea18b825315f9fd2,2018-05-21 08:15:00,30,TRAFFIC SIGNAL,FUNCTIONING PROPERLY,RAIN,DAYLIGHT,PEDESTRIAN,NOT DIVIDED,STRAIGHT ON GRADE,WET,NO DEFECTS,INJURY AND / OR TOW DUE TO CRASH,$500 OR LESS,UNABLE TO DETERMINE,WEATHER,6259,S,DR MARTIN LUTHER KING JR DR,2,NONINCAPACITATING INJURY,1.0,0.0,0.0,1.0,0.0,1.0,0.0,8,2,5
6f206281d97b08afe16411b678d99847c876c2a65659fb0d2ca15a8880cc16412efa08f19dc9fbb19a2c8bba778ea668232cce4787cb270104e4b75a9bd7ce5a,2017-10-20 16:30:00,25,NO CONTROLS,NO CONTROLS,CLEAR,DUSK,PARKED MOTOR VEHICLE,ONE-WAY,STRAIGHT AND LEVEL,DRY,NO DEFECTS,NO INJURY / DRIVE AWAY,$500 OR LESS,IMPROPER OVERTAKING/PASSING,DRIVING SKILLS/KNOWLEDGE/EXPERIENCE,432,W,ROSLYN PL,2,NO INDICATION OF INJURY,0.0,0.0,0.0,0.0,0.0,1.0,0.0,16,6,10
e770f77f1bd761e637621f0373dff084b8b9a54fb7ed9f040d924463215c6a6f0a93040e28b3d184fd7c4a43496e1563a141becdbf7d319cbd403114a27b94eb,2017-08-13 21:00:00,30,NO CONTROLS,NO CONTROLS,CLEAR,DARKNESS,PARKED MOTOR VEHICLE,NOT DIVIDED,STRAIGHT AND LEVEL,DRY,NO DEFECTS,NO INJURY / DRIVE AWAY,"$501 - $1,500",UNABLE TO DETERMINE,UNABLE TO DETERMINE,2300,N,ELSTON AVE,2,NO INDICATION OF INJURY,0.0,0.0,0.0,0.0,0.0,1.0,0.0,21,1,8
d3be6242e382b3b039438178c1419045fa1b98da15ed97687a5ad6045451c694a5e69a086dfedfd4457f8be9c9ca8c66be0dd647c2bb3af3f64c93815e0c8ef8,2020-05-03 05:44:00,30,NO CONTROLS,NO CONTROLS,CLEAR,"DARKNESS, LIGHTED ROAD",PARKED MOTOR VEHICLE,ONE-WAY,STRAIGHT AND LEVEL,DRY,NO DEFECTS,INJURY AND / OR TOW DUE TO CRASH,"OVER $1,500",UNABLE TO DETERMINE,NOT APPLICABLE,4340,W,FLOURNOY ST,3,NO INDICATION OF INJURY,0.0,0.0,0.0,0.0,0.0,1.0,0.0,5,1,5
e54af70e521828a1fc9da2c8366088843f7de39bca28c3bbab586af94a2b1ea2e50bd737385f30b3f829ec545d029e1982175cdd3961297b5bdf13bc2e350b47,2024-04-01 17:00:00,20,STOP SIGN/FLASHER,NO CONTROLS,RAIN,DAYLIGHT,PEDALCYCLIST,FOUR WAY,STRAIGHT AND LEVEL,WET,UNKNOWN,INJURY AND / OR TOW DUE TO CRASH,$500 OR LESS,WEATHER,NOT APPLICABLE,18,W,ELM ST,2,NONINCAPACITATING INJURY,1.0,0.0,0.0,1.0,0.0,1.0,0.0,17,2,4
c66165ad71ddf63f3fef10425e5c0f04ff56c7d5c684c55e69ab32bf7eaefe4de52442f690bbb4fef32828bbcb65137fb0c00f22015b949157e1d75b136212bb,2022-02-05 10:22:00,35,TRAFFIC SIGNAL,FUNCTIONING PROPERLY,SNOW,DAYLIGHT,REAR END,DIVIDED - W/MEDIAN (NOT RAISED),STRAIGHT AND LEVEL,WET,NO DEFECTS,NO INJURY / DRIVE AWAY,"OVER $1,500",UNABLE TO DETERMINE,UNABLE TO DETERMINE,8301,S,CICERO AVE,3,NO INDICATION OF INJURY,0.0,0.0,0.0,0.0,0.0,3.0,0.0,10,7,2
95e67486e1415bfdf707be38f3ec02738a2e4d5a2b402a85f3979551d9ca54fc91a57a5b944dbfeb23f76afaead65b2efae22daceb0777df96c1f703bf7970a7,2017-09-15 14:15:00,30,TRAFFIC SIGNAL,UNKNOWN,UNKNOWN,DAYLIGHT,REAR END,DIVIDED - W/MEDIAN (NOT RAISED),STRAIGHT AND LEVEL,DRY,UNKNOWN,NO INJURY / DRIVE AWAY,"OVER $1,500",FOLLOWING TOO CLOSELY,NOT APPLICABLE,238,S,ASHLAND AVE,2,NO INDICATION OF INJURY,0.0,0.0,0.0,0.0,0.0,2.0,0.0,14,6,9
c42fda6cae7eb9add4c9a992d3e8f026bbf1218b924be4419813c9234b8e7acab574cbfcd18ae9fdc53a2a50874f39cf35f33990f1ac1ef063491b12ab4da0be,2017-06-06 20:50:00,30,NO CONTROLS,NO CONTROLS,CLEAR,"DARKNESS, LIGHTED ROAD",REAR END,ONE-WAY,STRAIGHT AND LEVEL,DRY,NO DEFECTS,NO INJURY / DRIVE AWAY,$500 OR LESS,FAILING TO YIELD RIGHT-OF-WAY,FAILING TO REDUCE SPEED TO AVOID CRASH,6305,S,ARTESIAN AVE,2,NO INDICATION OF INJURY,0.0,0.0,0.0,0.0,0.0,2.0,0.0,20,3,6
d6241fbc366b9c1bc79de79f7612acc581bb43fff67d7deea436c785bf7a60cd685ac49a1dbf893a680d8c1a3239cdf03b7ee552466604ab124662b0aa484be6,2018-12-19 17:09:00,30,NO CONTROLS,NO CONTROLS,CLEAR,"DARKNESS, LIGHTED ROAD",TURNING,DIVIDED - W/MEDIAN (NOT RAISED),STRAIGHT AND LEVEL,DRY,NO DEFECTS,INJURY AND / OR TOW DUE TO CRASH,"OVER $1,500",FAILING TO YIELD RIGHT-OF-WAY,NOT APPLICABLE,5500,S,MASSASOIT AVE,2,INCAPACITATING INJURY,2.0,0.0,2.0,0.0,0.0,1.0,0.0,17,4,12
b057ab7fba63cfe1ed1837c9a1f779fe9444a243a13b28d7e2d4fb136e2078c5db614de55e58fc94dac2ff17f474c55538f9625558d46ff5bdaa2eb3807e5b86,2019-07-07 14:00:00,30,NO CONTROLS,NO CONTROLS,CLEAR,DAYLIGHT,PARKED MOTOR VEHICLE,NOT DIVIDED,STRAIGHT AND LEVEL,DRY,NO DEFECTS,NO INJURY / DRIVE AWAY,"OVER $1,500",UNABLE TO DETERMINE,UNABLE TO DETERMINE,4936,N,CENTRAL PARK AVE,2,NO INDICATION OF INJURY,0.0,0.0,0.0,0.0,0.0,1.0,0.0,14,1,7
cff07d629b66fb6095c3132caac81abc1135d3462e4f36e4a51c414597b269bb09de6d9837178260a4b60138e79c71a4016a2f81b28aff46d33f582da23fd9cb,2022-03-05 16:00:00,30,NO CONTROLS,NO CONTROLS,CLOUDY/OVERCAST,DAYLIGHT,ANGLE,NOT DIVIDED,STRAIGHT AND LEVEL,DRY,NO DEFECTS,NO INJURY / DRIVE AWAY,"OVER $1,500",FAILING TO YIELD RIGHT-OF-WAY,UNABLE TO DETERMINE,1221,W,MORSE AVE,2,NO INDICATION OF INJURY,0.0,0.0,0.0,0.0,0.0,2.0,0.0,16,7,3
6202d6cc1f3e9daa0e09bec20485894210129440ef8689fd855a6cc04b7c48faac74594862013f43c093acd943ec2c4bf20bbd00f6728eeb19cbc7b68b1dfa5b,2021-08-25 19:40:00,35,NO CONTROLS,NO CONTROLS,RAIN,"DARKNESS, LIGHTED ROAD",SIDESWIPE SAME DIRECTION,NOT DIVIDED,STRAIGHT AND LEVEL,WET,NO DEFECTS,NO INJURY / DRIVE AWAY,"OVER $1,500",UNABLE TO DETERMINE,UNABLE TO DETERMINE,10714,S,WESTERN AVE,2,NO INDICATION OF INJURY,0.0,0.0,0.0,0.0,0.0,3.0,0.0,19,4,8
7aaa99a40fed273fce11715eb898d99694de21190ccd2346d478c7440f7f7d1f9b0449b883ef84cbbac0931bbc33babf9616fa7677874837321b6e06e2a45a9c,2023-10-13 17:53:00,30,TRAFFIC SIGNAL,UNKNOWN,RAIN,DUSK,ANGLE,T-INTERSECTION,STRAIGHT AND LEVEL,WET,UNKNOWN,INJURY AND / OR TOW DUE TO CRASH,"OVER $1,500",DISREGARDING TRAFFIC SIGNALS,UNABLE TO DETERMINE,2500,S,CALIFORNIA BLVD,2,NO INDICATION OF INJURY,0.0,0.0,0.0,0.0,0.0,4.0,0.0,17,6,10
d3412d3857517dc0fb5b2d28e193c006447d28d243dab4008dea3f98ce446dbcd9ad995e37c9497f58004730e0d2d5b9f0d0ad5ff034c4c561896ccd57a4e4d4,2017-03-06 10:00:00,15,NO CONTROLS,NO CONTROLS,RAIN,DAYLIGHT,REAR END,PARKING LOT,STRAIGHT AND LEVEL,WET,UNKNOWN,NO INJURY / DRIVE AWAY,"OVER $1,500",UNABLE TO DETERMINE,UNABLE TO DETERMINE,2400,N,WESTERN AVE,2,NO INDICATION OF INJURY,0.0,0.0,0.0,0.0,0.0,3.0,0.0,10,2,3
f7eb34c1c940b1406d12b1208badfd05cd0b4a23901b30da2b8dd5bac474c48769db4fad56e7a419832aad4d56710db3f4e4b258b6c34b662c6ec890685c47df,2020-02-20 14:55:00,30,NO CONTROLS,NO CONTROLS,CLEAR,DAYLIGHT,REAR END,DIVIDED - W/MEDIAN (NOT RAISED),STRAIGHT AND LEVEL,DRY,NO DEFECTS,NO INJURY / DRIVE AWAY,"OVER $1,500",UNABLE TO DETERMINE,UNABLE TO DETERMINE,10224,S,WESTERN AVE,2,NO INDICATION OF INJURY,0.0,0.0,0.0,0.0,0.0,2.0,0.0,14,5,2
d1770185d38b0678752f06fe4dcf3278a766e0904c217bf466947764c0f414ae84523e811ec4ada99756d84da0f7394f7240015645ec7ad065150ec6785c3a9f,2017-09-25 10:00:00,10,NO CONTROLS,NO CONTROLS,UNKNOWN,"DARKNESS, LIGHTED ROAD",PARKED MOTOR VEHICLE,PARKING LOT,STRAIGHT AND LEVEL,UNKNOWN,UNKNOWN,NO INJURY / DRIVE AWAY,"$501 - $1,500",UNABLE TO DETERMINE,UNABLE TO DETERMINE,6145,N,SHERIDAN RD,2,NO INDICATION OF INJURY,0.0,0.0,0.0,0.0,0.0,1.0,0.0,10,2,9
1f212c5ab60a493ceec517426c6e855380d3dc7aac55e723b4afee3c3dc5d4a23f696d75ca8817e5780af738c9f3eb6dab92aa7120f4bbf0a87680a736eda4d3,2018-10-25 17:27:00,30,NO CONTROLS,NO CONTROLS,CLEAR,"DARKNESS, LIGHTED ROAD",PEDALCYCLIST,OTHER,STRAIGHT ON HILLCREST,DRY,NO DEFECTS,INJURY AND / OR TOW DUE TO CRASH,$500 OR LESS,FAILING TO YIELD RIGHT-OF-WAY,PHYSICAL CONDITION OF DRIVER,7809,S,STATE ST,2,NONINCAPACITATING INJURY,1.0,0.0,0.0,1.0,0.0,1.0,0.0,17,5,10
0cff9ffa921d9332555829201b2884fff2182cf376079eb95cda041025c58227b11bdef0b9e09417103cbc4c46d86efe6cd695871e80a909ba0d622e2b8f71c1,2017-05-13 13:00:00,30,TRAFFIC SIGNAL,UNKNOWN,CLEAR,DAYLIGHT,REAR END,DIVIDED - W/MEDIAN BARRIER,STRAIGHT AND LEVEL,DRY,UNKNOWN,NO INJURY / DRIVE AWAY,"$501 - $1,500",UNABLE TO DETERMINE,UNABLE TO DETERMINE,1724,W,95TH ST,2,NO INDICATION OF INJURY,0.0,0.0,0.0,0.0,0.0,2.0,0.0,13,7,5