CRASH_RECORD_ID,CRASH_DATE,POSTED_SPEED_LIMIT,TRAFFIC_CONTROL_DEVICE,DEVICE_CONDITION,WEATHER_CONDITION,LIGHTING_CONDITION,FIRST_CRASH_TYPE,TRAFFICWAY_TYPE,ALIGNMENT,ROADWAY_SURFACE_COND,ROAD_DEFECT,CRASH_TYPE,DAMAGE,PRIM_CONTRIBUTORY_CAUSE,SEC_CONTRIBUTORY_CAUSE,STREET_NO,STREET_DIRECTION,STREET_NAME,NUM_UNITS,MOST_SEVERE_INJURY,INJURIES_TOTAL,INJURIES_FATAL,INJURIES_INCAPACITATING,INJURIES_NON_INCAPACITATING,INJURIES_REPORTED_NOT_EVIDENT,INJURIES_NO_INDICATION,INJURIES_UNKNOWN,CRASH_HOUR,CRASH_DAY_OF_WEEK,CRASH_MONTH
45fa4d7ec3ec92c3f2ddd565e115f6f841ca6fb2acb8b6ff0dce9167a1db3d08fe1c29b7eb20e792513390d24ebd9bcf2e745e2f51407ff7b3917c2919015531,2017-05-23 11:30:00,30,TRAFFIC SIGNAL,FUNCTIONING PROPERLY,CLOUDY/OVERCAST,DAYLIGHT,TURNING,NOT DIVIDED,STRAIGHT AND LEVEL,WET,NO DEFECTS,NO INJURY / DRIVE AWAY,"OVER $1,500",IMPROPER TURNING/NO SIGNAL,NOT APPLICABLE,5798,N,NAGLE AVE,2,NO INDICATION OF INJURY,0.0,0.0,0.0,0.0,0.0,2.0,0.0,11,3,5
c16aacaeb87aad2de8811a603541f46e79e1c6026800fdfeaf84e99c9231b99e839ddd5868bfa711b14af2ec64e14f23067d6a4186bb18d3e7895aa98f62e6af,2021-08-04 22:30:00,30,NO CONTROLS,NO CONTROLS,CLEAR,DARKNESS,ANGLE,PARKING LOT,STRAIGHT AND LEVEL,DRY,NO DEFECTS,NO INJURY / DRIVE AWAY,"OVER $1,500",UNABLE TO DETERMINE,UNABLE TO DETERMINE,5133,W,NORTH AVE,2,NO INDICATION OF INJURY,0.0,0.0,0.0,0.0,0.0,3.0,0.0,22,4,8
9a15a429eb5136cc87b7dd89b1eea221e4ed1d9403fd33a4434846fdfa976f80bb978d9fec0ecd1d4a4ec97a0609a39c36b76e3fef17a25534afdbdaf8a0db4c,2021-01-14 14:50:00,5,OTHER,NO CONTROLS,UNKNOWN,DAYLIGHT,PARKED MOTOR VEHICLE,OTHER,STRAIGHT AND LEVEL,UNKNOWN,UNKNOWN,NO INJURY / DRIVE AWAY,"OVER $1,500",IMPROPER BACKING,NOT APPLICABLE,4716,N,MILWAUKEE AVE,2,NO INDICATION OF INJURY,0.0,0.0,0.0,0.0,0.0,1.0,0.0,14,5,1
96c99f14d0475a72ed3bd73cf12468617d20f79057278e79aa11a6c0bc67e8317150972ac72edb42f91d6b3384db842d279aaa612e2473f701e046ec0b1bba11,2023-02-12 14:20:00,30,NO CONTROLS,NO CONTROLS,CLEAR,DAYLIGHT,PARKED MOTOR VEHICLE,OTHER,STRAIGHT AND LEVEL,DRY,NO DEFECTS,NO INJURY / DRIVE AWAY,$500 OR LESS,FOLLOWING TOO CLOSELY,NOT APPLICABLE,10000,W,OHARE ST,2,NO INDICATION OF INJURY,0.0,0.0,0.0,0.0,0.0,1.0,0.0,14,1,2
7e199fb05be3faa820a70680419c9f292667f07a5bee02f1d6cf54e74f6d02785d913ee678f8f11e585a97be24b2af95e1c2b3c2e2fe1329d0cf7aba0c93ca6c,2019-04-15 14:00:00,30,NO CONTROLS,NO CONTROLS,CLEAR,DAYLIGHT,PARKED MOTOR VEHICLE,NOT DIVIDED,STRAIGHT AND LEVEL,DRY,NO DEFECTS,NO INJURY / DRIVE AWAY,"OVER $1,500",UNABLE TO DETERMINE,NOT APPLICABLE,3000,N,KARLOV AVE,2,NO INDICATION OF INJURY,0.0,0.0,0.0,0.0,0.0,3.0,0.0,14,2,4
fd0e81bcc68d193cf4bece114071cea4036e331002d663efe184066b7bef7194514fb5fe484d6351a142a327c1721890a63d20f8103c529fdfacff2fd9f10753,2022-12-18 17:00:00,30,NO CONTROLS,NO CONTROLS,CLEAR,DARKNESS,SIDESWIPE SAME DIRECTION,NOT DIVIDED,STRAIGHT AND LEVEL,DRY,NO DEFECTS,NO INJURY / DRIVE AWAY,"$501 - $1,500",IMPROPER OVERTAKING/PASSING,NOT APPLICABLE,7100,W,IRVING PARK RD,2,NO INDICATION OF INJURY,0.0,0.0,0.0,0.0,0.0,3.0,0.0,17,1,12
d01375dd608c0cef2f913b7d2a1360d423242cf63cc1f11a0267b879141dd441beb329db98b9a47f22b1c5c30b23c67cf91ff153a36f8f65c16c985eab88e480,2018-03-10 02:57:00,30,STOP SIGN/FLASHER,NO CONTROLS,CLEAR,"DARKNESS, LIGHTED ROAD",ANGLE,DIVIDED - W/MEDIAN (NOT RAISED),STRAIGHT AND LEVEL,DRY,NO DEFECTS,INJURY AND / OR TOW DUE TO CRASH,"OVER $1,500",PHYSICAL CONDITION OF DRIVER,PHYSICAL CONDITION OF DRIVER,8757,S,STONY ISLAND AVE,2,NONINCAPACITATING INJURY,1.0,0.0,0.0,1.0,0.0,1.0,0.0,2,7,3
dbf88f7f5f2d28fea18e015f13bc43a2f2e6c5b48191f9eb7b3c9e043433f3a011ccf44fe9e6f9a5e5af8231f29ea4daa9c42376e4283a9efdd9307723779848,2019-03-02 15:45:00,30,TRAFFIC SIGNAL,FUNCTIONING PROPERLY,CLOUDY/OVERCAST,DAYLIGHT,REAR END,NOT DIVIDED,STRAIGHT AND LEVEL,DRY,NO DEFECTS,INJURY AND / OR TOW DUE TO CRASH,"OVER $1,500",FAILING TO REDUCE SPEED TO AVOID CRASH,NOT APPLICABLE,83,E,63RD ST,4,NONINCAPACITATING INJURY,2.0,0.0,0.0,2.0,0.0,2.0,0.0,15,7,3
0a3da94afc393514a351506132edda9d8d1aee8df344649ba23c7683c60f401ebeaf9e224772c68b42dbd6c62cc935ee5618e43bfdd65299d5038b67aadd3d08,2018-06-25 15:00:00,30,NO CONTROLS,NO CONTROLS,CLEAR,DAYLIGHT,SIDESWIPE SAME DIRECTION,NOT DIVIDED,STRAIGHT AND LEVEL,DRY,NO DEFECTS,INJURY AND / OR TOW DUE TO CRASH,"OVER $1,500",DRIVING SKILLS/KNOWLEDGE/EXPERIENCE,FAILING TO YIELD RIGHT-OF-WAY,7456,S,SOUTH SHORE DR,2,NONINCAPACITATING INJURY,3.0,0.0,0.0,3.0,0.0,1.0,0.0,15,2,6
078581960648ecd8bbdc254e80487b8a38254526e96cab10651f4c58a1225805e40f7f835d52c36ea7fd19c7868a8353bcb1290584ee1f838cc443966b6428c2,2023-08-12 13:10:00,30,NO CONTROLS,NO CONTROLS,CLEAR,DAYLIGHT,PARKED MOTOR VEHICLE,NOT DIVIDED,STRAIGHT AND LEVEL,DRY,NO DEFECTS,NO INJURY / DRIVE AWAY,"OVER $1,500",IMPROPER OVERTAKING/PASSING,IMPROPER OVERTAKING/PASSING,4646,N,AUSTIN AVE,2,NO INDICATION OF INJURY,0.0,0.0,0.0,0.0,0.0,1.0,0.0,13,7,8
e885c8d41793b1316ea99bd4e9e71d3611273215518cecfe24999d15af94a9785c1b9bff17177ede35a0ece082f50328ec39cf709bf7498c2240b93c5d4ef548,2019-12-09 12:30:00,30,TRAFFIC SIGNAL,FUNCTIONING PROPERLY,CLEAR,DAYLIGHT,SIDESWIPE SAME DIRECTION,NOT DIVIDED,STRAIGHT AND LEVEL,WET,NO DEFECTS,NO INJURY / DRIVE AWAY,"$501 - $1,500",IMPROPER OVERTAKING/PASSING,UNABLE TO DETERMINE,3939,W,OGDEN AVE,2,NO INDICATION OF INJURY,0.0,0.0,0.0,0.0,0.0,4.0,0.0,12,2,12
a2a6e879f1e1553047c0ba5f64957841ed5000c19b1a5265aa9c6a9a47acfe90b1098b83987a645fd8d7e3991ce1ff6c8b739d65703c82aed51986d7d8723ffa,2023-06-04 16:30:00,30,STOP SIGN/FLASHER,NO CONTROLS,CLEAR,DAYLIGHT,ANGLE,DIVIDED - W/MEDIAN (NOT RAISED),STRAIGHT AND LEVEL,DRY,NO DEFECTS,NO INJURY / DRIVE AWAY,"OVER $1,500",FAILING TO YIELD RIGHT-OF-WAY,NOT APPLICABLE,6200,W,HIGGINS AVE,2,NO INDICATION OF INJURY,0.0,0.0,0.0,0.0,0.0,2.0,0.0,16,1,6
9e5f348554876f37ad6f22ddf572f1f3196c81fb7684dbfa9141e9de1e247a3e737b1c8556165303433b3787e41dc6ca8f06d74ffa977ee396cd0ec128118f6b,2017-10-16 15:40:00,25,NO CONTROLS,NO CONTROLS,CLEAR,DAYLIGHT,REAR END,DIVIDED - W/MEDIAN (NOT RAISED),STRAIGHT AND LEVEL,DRY,NO DEFECTS,NO INJURY / DRIVE AWAY,"$501 - $1,500",UNABLE TO DETERMINE,UNABLE TO DETERMINE,6935,W,ARCHER AVE,2,NO INDICATION OF INJURY,0.0,0.0,0.0,0.0,0.0,2.0,0.0,15,2,10
fe23c46d3eea6010628ff18493c73ab187e4d1837eca95780f4b066469b6ee6720936859beab962d02f6c1a0bd509e6c7155bd931d316a3de0d10f1ad0450895,2022-06-29 18:53:00,30,NO CONTROLS,NO CONTROLS,CLEAR,DAYLIGHT,PARKED MOTOR VEHICLE,NOT DIVIDED,STRAIGHT AND LEVEL,DRY,NO DEFECTS,NO INJURY / DRIVE AWAY,"OVER $1,500",IMPROPER TURNING/NO SIGNAL,NOT APPLICABLE,5109,S,HARPER AVE,2,NO INDICATION OF INJURY,0.0,0.0,0.0,0.0,0.0,1.0,0.0,18,4,6
101167efb5e4e45b1317434b8091b51e9dc358672608b15a6eef9e1bc3c26833c4af553ea1e87b35da82b2d235adcbc86d5943f5d521d726e255fce0edccf30e,2019-12-13 22:08:00,30,NO CONTROLS,NO CONTROLS,CLEAR,"DARKNESS, LIGHTED ROAD",FIXED OBJECT,ONE-WAY,STRAIGHT AND LEVEL,DRY,NO DEFECTS,INJURY AND / OR TOW DUE TO CRASH,"OVER $1,500",UNABLE TO DETERMINE,UNABLE TO DETERMINE,1900,S,WASHTENAW AVE,1,NO INDICATION OF INJURY,0.0,0.0,0.0,0.0,0.0,1.0,0.0,22,6,12
51e6294f36d6ea80912565a37b3afef46f126ae7b30d1f6c20580a95af87b3a81db86e3d236bbc20cfcd9de2657a6fd6ddfc659e5918f8049e06450b8cdfed88,2021-04-19 13:44:00,30,STOP SIGN/FLASHER,FUNCTIONING PROPERLY,RAIN,DAYLIGHT,ANGLE,NOT DIVIDED,STRAIGHT AND LEVEL,DRY,NO DEFECTS,NO INJURY / DRIVE AWAY,"OVER $1,500",UNABLE TO DETERMINE,NOT APPLICABLE,45,E,79TH ST,2,NO INDICATION OF INJURY,0.0,0.0,0.0,0.0,0.0,2.0,0.0,13,2,4
74ae973eeda7a87aef6692021fe8210c99f70dbffd15c1f5ebe5fb18ed3840223b57c37baf42f86aacb1e67d983044c07c91334a6bca2fe3cd079577f4681dd0,2019-02-17 20:15:00,30,UNKNOWN,UNKNOWN,UNKNOWN,"DARKNESS, LIGHTED ROAD",OTHER OBJECT,UNKNOWN,STRAIGHT AND LEVEL,UNKNOWN,UNKNOWN,NO INJURY / DRIVE AWAY,"OVER $1,500",UNABLE TO DETERMINE,NOT APPLICABLE,350,N,STATE ST,1,NO INDICATION OF INJURY,0.0,0.0,0.0,0.0,0.0,1.0,0.0,20,1,2
573665ca5e093eaec616950be1845483c0d5113ad9d45f37e132765e1a0cf09eaa0c5fde57690839e58ceff952545fa41a8d406442cf847887aebeefd5047a25,2019-10-17 08:49:00,30,TRAFFIC SIGNAL,FUNCTIONING PROPERLY,CLEAR,DAYLIGHT,PEDESTRIAN,FOUR WAY,STRAIGHT AND LEVEL,DRY,NO DEFECTS,INJURY AND / OR TOW DUE TO CRASH,"OVER $1,500",FAILING TO YIELD RIGHT-OF-WAY,NOT APPLICABLE,500,N,WESTERN AVE,2,INCAPACITATING INJURY,1.0,0.0,1.0,0.0,0.0,1.0,0.0,8,5,10
45de436d8f625b144096d50fcaf5ba868fabdf6051092874612337e48656bb51a0e384d47ddc0dca89d6ac12fb5762281f206b4883ddaa26b0f4046163775047,2021-02-02 17:45:00,30,NO CONTROLS,NO CONTROLS,SNOW,"DARKNESS, LIGHTED ROAD",REAR END,DIVIDED - W/MEDIAN (NOT RAISED),STRAIGHT AND LEVEL,SNOW OR SLUSH,NO DEFECTS,INJURY AND / OR TOW DUE TO CRASH,$500 OR LESS,FOLLOWING TOO CLOSELY,FOLLOWING TOO CLOSELY,4831,W,MADISON ST,2,NONINCAPACITATING INJURY,2.0,0.0,0.0,2.0,0.0,1.0,0.0,17,3,2
d3b2c778501911724e74e996f766ec73e85074104356213f3f993d25517d37bcca42c47760aea2e26e7af0ac553264bb1fdcb9d8f958bce8c8ca203fb105204b,2019-08-09 18:13:00,30,NO CONTROLS,NO CONTROLS,CLEAR,DAYLIGHT,PARKED MOTOR VEHICLE,ONE-WAY,STRAIGHT AND LEVEL,DRY,NO DEFECTS,NO INJURY / DRIVE AWAY,"OVER $1,500",NOT APPLICABLE,NOT APPLICABLE,5437,W,HADDON AVE,2,NO INDICATION OF INJURY,0.0,0.0,0.0,0.0,0.0,2.0,0.0,18,6,8
19def6633f45d8d0c83d01930507f901646f3b006bd53f42a970c97e26a23dcd366f4a38d6052507deb0ecff9507276ec65d789ba2c08179def4487116de8d8c,2018-09-11 18:51:00,30,NO CONTROLS,NO CONTROLS,CLEAR,DUSK,PARKED MOTOR VEHICLE,NOT DIVIDED,STRAIGHT AND LEVEL,DRY,NO DEFECTS,NO INJURY / DRIVE AWAY,$500 OR LESS,FAILING TO YIELD RIGHT-OF-WAY,NOT APPLICABLE,2342,W,ROSEMONT AVE,2,NO INDICATION OF INJURY,0.0,0.0,0.0,0.0,0.0,1.0,0.0,18,3,9
0b91360c5b933e5bad4670bb1331051e7021827d345678281124e7c9a12796aba5a0c3e2d3839e2e093e8120da9ba5574fb7d79489f951ee5eefcc865f2db926,2023-06-01 15:00:00,30,UNKNOWN,UNKNOWN,UNKNOWN,UNKNOWN,PARKED MOTOR VEHICLE,NOT DIVIDED,STRAIGHT AND LEVEL,UNKNOWN,UNKNOWN,NO INJURY / DRIVE AWAY,"OVER $1,500",UNABLE TO DETERMINE,NOT APPLICABLE,1439,E,57TH ST,2,NO INDICATION OF INJURY,0.0,0.0,0.0,0.0,0.0,2.0,0.0,15,5,6
b3a0c17565e590c3a0fdec6ee034e6855447bb6e12ba1a98e4ad8007e428343c1493a2187883bbdd9ab909376b40bd91706e1bded38d7e503b18609c6b0b1491,2021-04-15 20:20:00,30,TRAFFIC SIGNAL,FUNCTIONING PROPERLY,CLEAR,"DARKNESS, LIGHTED ROAD",SIDESWIPE SAME DIRECTION,DIVIDED - W/MEDIAN (NOT RAISED),STRAIGHT AND LEVEL,DRY,NO DEFECTS,NO INJURY / DRIVE AWAY,"OVER $1,500",FAILING TO YIELD RIGHT-OF-WAY,FAILING TO YIELD RIGHT-OF-WAY,2159,S,PRINCETON AVE,2,NO INDICATION OF INJURY,0.0,0.0,0.0,0.0,0.0,2.0,0.0,20,5,4
2c8618be5342cef14ae4e91ac77c9c0d4f14c93334f9127913c861d2203f29134102f25e2a881d131dcd63927f858e52d82e4c3e005ce6ce2810f46f8734bc90,2022-08-13 02:13:00,30,TRAFFIC SIGNAL,UNKNOWN,UNKNOWN,"DARKNESS, LIGHTED ROAD",TURNING,DIVIDED - W/MEDIAN (NOT RAISED),STRAIGHT AND LEVEL,UNKNOWN,UNKNOWN,NO INJURY / DRIVE AWAY,"OVER $1,500",IMPROPER OVERTAKING/PASSING,UNABLE TO DETERMINE,3741,S,PULASKI RD,2,NO INDICATION OF INJURY,0.0,0.0,0.0,0.0,0.0,3.0,0.0,2,7,8
288c01d6390720e84fc8c571d4585954bd07a4bf38c8b1006ff90e43432b3485fce97b97b9e215dd6d12611d8aac5cc3a047307d3faf352cf2aab87f6b911d9d,2023-05-17 15:20:00,30,STOP SIGN/FLASHER,FUNCTIONING PROPERLY,CLEAR,DAYLIGHT,REAR END,ONE-WAY,STRAIGHT AND LEVEL,DRY,NO DEFECTS,NO INJURY / DRIVE AWAY,"OVER $1,500",UNABLE TO DETERMINE,NOT APPLICABLE,8700,S,STATE ST,3,NO INDICATION OF INJURY,0.0,0.0,0.0,0.0,0.0,3.0,0.0,15,4,5
78b284d02467a04c8888cfdf4334fa2b79073e634ad62424d995d727af8ddbc7d1a7c996c74aad60b715fd296311b467926917ad6cf72a998c36fcfe8b072946,2023-07-16 00:00:00,30,NO CONTROLS,NO CONTROLS,CLEAR,"DARKNESS, LIGHTED ROAD",PARKED MOTOR VEHICLE,DIVIDED - W/MEDIAN (NOT RAISED),STRAIGHT AND LEVEL,DRY,NO DEFECTS,INJURY AND / OR TOW DUE TO CRASH,"OVER $1,500",UNABLE TO DETERMINE,UNABLE TO DETERMINE,5323,W,WASHINGTON BLVD,2,INCAPACITATING INJURY,1.0,0.0,1.0,0.0,0.0,0.0,0.0,0,1,7
7bfac3302552efccffa335af76bef173d8f595cd02be50be9b510e96ecc6e08cbc96ed3f511a52843169552d8348fb135498af5d21552a8f89af25a7293c1527,2023-04-15 15:45:00,30,NO CONTROLS,NO CONTROLS,CLEAR,DAYLIGHT,TURNING,NOT DIVIDED,STRAIGHT AND LEVEL,DRY,NO DEFECTS,INJURY AND / OR TOW DUE TO CRASH,"$501 - $1,500",FAILING TO YIELD RIGHT-OF-WAY,FAILING TO REDUCE SPEED TO AVOID CRASH,1346,N,WELLS ST,2,NO INDICATION OF INJURY,0.0,0.0,0.0,0.0,0.0,2.0,0.0,15,7,4
7b12f6fa746ce2683a44229f696a929d196e3e5e440187a2fbd0f302dea92ca710ddc370bbb4544da8479261f3d6381a9147e624e1f43434d1bb75cc9eb736c2,2017-01-19 11:20:00,30,STOP SIGN/FLASHER,NO CONTROLS,CLEAR,DAYLIGHT,REAR END,OTHER,STRAIGHT AND LEVEL,DRY,NO DEFECTS,NO INJURY / DRIVE AWAY,"OVER $1,500",FOLLOWING TOO CLOSELY,BICYCLE ADVANCING LEGALLY ON RED LIGHT,49,E,83RD ST,2,NO INDICATION OF INJURY,0.0,0.0,0.0,0.0,0.0,2.0,0.0,11,5,1
31aea568b90fc38a78ff604cbd42277839cf26ba55bc2beeb90a67e702c0e6f573aff31585a67b34638b172ba6e4e6584bcdcbefefe4c879c8974f81d255a0e6,2019-07-28 16:30:00,15,NO CONTROLS,NO CONTROLS,CLEAR,DAYLIGHT,REAR END,PARKING LOT,STRAIGHT AND LEVEL,DRY,NO DEFECTS,NO INJURY / DRIVE AWAY,"OVER $1,500",IMPROPER BACKING,NOT APPLICABLE,5615,N,CUMBERLAND AVE,2,NO INDICATION OF INJURY,0.0,0.0,0.0,0.0,0.0,2.0,0.0,16,1,7
d977d4803c8db1ce7540e8689671f2458ce72f4e0f80bc22e266148c5b7cef610c5296ad2c308297a8f41bfe30d37f59c6d4a99b2ef2207d0dce1f624e834f66,2019-08-06 08:44:00,25,NO CONTROLS,NO CONTROLS,CLEAR,DAYLIGHT,OTHER OBJECT,NOT DIVIDED,STRAIGHT AND LEVEL,DRY,NO DEFECTS,NO INJURY / DRIVE AWAY,"OVER $1,500",DRIVING SKILLS/KNOWLEDGE/EXPERIENCE,NOT APPLICABLE,1508,W,100TH PL,1,NO INDICATION OF INJURY,0.0,0.0,0.0,0.0,0.0,1.0,0.0,8,3,8
e7bb27a4789a8065f16e4040906be715c6130907dd2c4ef5650137f1a6acbc756337d3db13b157cb614ac0e7211d9f692fbb937057fd961ef79e4927317dd505,2023-01-27 11:15:00,30,NO CONTROLS,NO CONTROLS,CLOUDY/OVERCAST,DAYLIGHT,REAR END,NOT DIVIDED,STRAIGHT AND LEVEL,SNOW OR SLUSH,NO DEFECTS,NO INJURY / DRIVE AWAY,"OVER $1,500",FOLLOWING TOO CLOSELY,FAILING TO REDUCE SPEED TO AVOID CRASH,858,W,IRVING PARK RD,2,NO INDICATION OF INJURY,0.0,0.0,0.0,0.0,0.0,2.0,0.0,11,6,1
4c51d5cb18617ff6a2e159fdd98eab7a6eb2f6dfa62a149768c2456c9edd92bf53f90316db02c0c3325a477a11eb7cd84f98eb268862672802d069c4b7525892,2017-11-03 14:28:00,10,NO CONTROLS,NO CONTROLS,CLEAR,DAYLIGHT,SIDESWIPE OPPOSITE DIRECTION,NOT DIVIDED,STRAIGHT AND LEVEL,DRY,NO DEFECTS,NO INJURY / DRIVE AWAY,"OVER $1,500",IMPROPER LANE USAGE,NOT APPLICABLE,4200,W,115TH ST,2,NO INDICATION OF INJURY,0.0,0.0,0.0,0.0,0.0,2.0,0.0,14,6,11
fa54aa7944c37d224745d3e030df49afb5dc67e8e018e7b1fa8cfb540a8debca06b8198ec274877d329c415b1bd1989ce55c1ccb9dab977f66ae0adb69e54a16,2020-06-17 11:21:00,30,NO CONTROLS,NO CONTROLS,CLEAR,DAYLIGHT,SIDESWIPE SAME DIRECTION,CENTER TURN LANE,STRAIGHT AND LEVEL,DRY,NO DEFECTS,NO INJURY / DRIVE AWAY,"OVER $1,500",FAILING TO YIELD RIGHT-OF-WAY,IMPROPER LANE USAGE,4722,N,WESTERN AVE,3,NO INDICATION OF INJURY,0.0,0.0,0.0,0.0,0.0,2.0,0.0,11,4,6
9cc5f4dc64fa74e001a0d92ed3bec97d74880280487361a90cc0eb2304b3b9b87700559b29d5eca46d5a7cc117e827b347045180a384cae811e1d4b2fc7d9dd1,2021-11-18 16:18:00,30,NO CONTROLS,NO CONTROLS,CLEAR,DAYLIGHT,PARKED MOTOR VEHICLE,ONE-WAY,STRAIGHT AND LEVEL,DRY,NO DEFECTS,NO INJURY / DRIVE AWAY,"$501 - $1,500",UNABLE TO DETERMINE,NOT APPLICABLE,1614,W,BERWYN AVE,2,NO INDICATION OF INJURY,0.0,0.0,0.0,0.0,0.0,1.0,0.0,16,5,11
97c7da1613ffa61297f88ebf800590606a3cbadabde60535c5131870c91398749eb0a76720c7f8757dae1eb4a76f5b696a912280231c318858903fbb6fb9657f,2021-07-18 08:30:00,30,NO CONTROLS,NO CONTROLS,CLEAR,DAYLIGHT,PARKED MOTOR VEHICLE,ONE-WAY,STRAIGHT AND LEVEL,DRY,NO DEFECTS,NO INJURY / DRIVE AWAY,"OVER $1,500",UNABLE TO DETERMINE,NOT APPLICABLE,3911,W,POLK ST,2,NO INDICATION OF INJURY,0.0,0.0,0.0,0.0,0.0,1.0,0.0,8,1,7
cebec86dd3c2393b9af70596bd067ed42cf77f7b9c175dd003345aa70370ff5c52a5ef858703d5bddf7d558bead9379a98b493e181b7b06297a071a4026d3a28,2020-09-05 15:30:00,35,TRAFFIC SIGNAL,UNKNOWN,UNKNOWN,DAYLIGHT,TURNING,NOT DIVIDED,STRAIGHT AND LEVEL,UNKNOWN,UNKNOWN,NO INJURY / DRIVE AWAY,"$501 - $1,500",FAILING TO YIELD RIGHT-OF-WAY,UNABLE TO DETERMINE,13,W,87TH ST,2,NO INDICATION OF INJURY,0.0,0.0,0.0,0.0,0.0,2.0,0.0,15,7,9
21e9d9a70967155cfe6a03b3b882e574ef2835f564adf6e6bbe05da1dba5e5c6072ebbdf806df621355e6430956c8c8a59f7d9b59cf92397f2e06f85e5527ad4,2021-09-19 09:45:00,30,NO CONTROLS,NO CONTROLS,CLEAR,DAYLIGHT,REAR END,DIVIDED - W/MEDIAN (NOT RAISED),STRAIGHT AND LEVEL,DRY,NO DEFECTS,NO INJURY / DRIVE AWAY,"OVER $1,500",FOLLOWING TOO CLOSELY,UNABLE TO DETERMINE,5908,S,ASHLAND AVE,2,NO INDICATION OF INJURY,0.0,0.0,0.0,0.0,0.0,2.0,0.0,9,1,9
7057bd2a0a357505dd1f555dfa1df8e9332b5a1d75e507b98b0f1e972914e7205243c3522ef6a2f7eab95d0d785c2703ec678da512722c92bcaed486aebba4cf,2023-08-19 15:00:00,30,TRAFFIC SIGNAL,FUNCTIONING PROPERLY,CLEAR,DAYLIGHT,TURNING,FOUR WAY,STRAIGHT AND LEVEL,DRY,NO DEFECTS,NO INJURY / DRIVE AWAY,"$501 - $1,500",FOLLOWING TOO CLOSELY,NOT APPLICABLE,505,N,STATE ST,2,NO INDICATION OF INJURY,0.0,0.0,0.0,0.0,0.0,2.0,0.0,15,7,8
4c0498124744e86dd61af7f2e7d24fca20ff035e837dd23dc70a3683a502afca5ae258126b777a464972b7571a0a8c06db566a764ed5b78e8c776d2443004c2c,2016-12-19 19:55:00,30,TRAFFIC SIGNAL,FUNCTIONING PROPERLY,CLEAR,"DARKNESS, LIGHTED ROAD",SIDESWIPE SAME DIRECTION,NOT DIVIDED,STRAIGHT AND LEVEL,SNOW OR SLUSH,NO DEFECTS,NO INJURY / DRIVE AWAY,$500 OR LESS,UNABLE TO DETERMINE,UNABLE TO DETERMINE,6298,W,NORTH AVE,2,NO INDICATION OF INJURY,0.0,0.0,0.0,0.0,0.0,2.0,0.0,19,2,12
c77afbe184c211098824c79220e0e16364a7119d31850bdc1bbb554212a67988915678649e48b7cf02f404ee8719bb74e64aa816c07da4831317c97987c0f757,2021-04-10 16:05:00,30,NO CONTROLS,NO CONTROLS,RAIN,DAYLIGHT,PARKED MOTOR VEHICLE,NOT DIVIDED,STRAIGHT AND LEVEL,WET,NO DEFECTS,INJURY AND / OR TOW DUE TO CRASH,"$501 - $1,500",UNABLE TO DETERMINE,NOT APPLICABLE,1791,W,HOWARD ST,2,NONINCAPACITATING INJURY,1.0,0.0,0.0,1.0,0.0,2.0,0.0,16,7,4
0c94f468fa8a02c51127af93acb29fa11684898275455c569d3f030ff68756ce9b3d1d47627bae37948301497cc0cef03f97eea1417fee397874259e0cf05154,2019-01-17 21:30:00,0,TRAFFIC SIGNAL,FUNCTIONING PROPERLY,CLEAR,"DARKNESS, LIGHTED ROAD",TURNING,OTHER,STRAIGHT AND LEVEL,DRY,NO DEFECTS,NO INJURY / DRIVE AWAY,"OVER $1,500",IMPROPER TURNING/NO SIGNAL,IMPROPER LANE USAGE,800,E,59TH ST,2,NO INDICATION OF INJURY,0.0,0.0,0.0,0.0,0.0,4.0,0.0,21,5,1
c18b126103dcb135e69462d469fa318bf900edd0c84e50949963cba014985c78ad6dd0ba1814abec8bb846746601712b543612e27e5ac4ba3db099646af9cabe,2021-03-23 15:50:00,30,TRAFFIC SIGNAL,FUNCTIONING PROPERLY,RAIN,DUSK,REAR END,FOUR WAY,STRAIGHT AND LEVEL,WET,NO DEFECTS,NO INJURY / DRIVE AWAY,"OVER $1,500",PHYSICAL CONDITION OF DRIVER,NOT APPLICABLE,5100,S,HALSTED ST,2,NO INDICATION OF INJURY,0.0,0.0,0.0,0.0,0.0,2.0,0.0,15,3,3
4291e23c79a21410c93c92b210847e65be206ed82da3af7cfd2c2e1436732d4fd150b1c4f40472d647dc2d8a1d2aa48eaa82d9a2e6d277277a9a2e77f5cdd99d,2022-06-16 01:07:00,25,NO CONTROLS,NO CONTROLS,RAIN,DARKNESS,PARKED MOTOR VEHICLE,ONE-WAY,STRAIGHT AND LEVEL,WET,NO DEFECTS,NO INJURY / DRIVE AWAY,"OVER $1,500",UNABLE TO DETERMINE,NOT APPLICABLE,4407,W,CORTEZ ST,3,NO INDICATION OF INJURY,0.0,0.0,0.0,0.0,0.0,1.0,0.0,1,5,6