CRASH_RECORD_ID,CRASH_DATE,POSTED_SPEED_LIMIT,TRAFFIC_CONTROL_DEVICE,DEVICE_CONDITION,WEATHER_CONDITION,LIGHTING_CONDITION,FIRST_CRASH_TYPE,TRAFFICWAY_TYPE,ALIGNMENT,ROADWAY_SURFACE_COND,ROAD_DEFECT,CRASH_TYPE,DAMAGE,PRIM_CONTRIBUTORY_CAUSE,SEC_CONTRIBUTORY_CAUSE,STREET_NO,STREET_DIRECTION,STREET_NAME,NUM_UNITS,MOST_SEVERE_INJURY,INJURIES_TOTAL,INJURIES_FATAL,INJURIES_INCAPACITATING,INJURIES_NON_INCAPACITATING,INJURIES_REPORTED_NOT_EVIDENT,INJURIES_NO_INDICATION,INJURIES_UNKNOWN,CRASH_HOUR,CRASH_DAY_OF_WEEK,CRASH_MONTH
43f51ebfd72ff262973cb0ff25fe618f4043016904077de35b0e5b64aa18c9de6a080c0fc94a9bcf1ff188d097dc17a77408ca1dd317df2056fe7d4314e6ea1c,2019-08-12 22:15:00,30,TRAFFIC SIGNAL,FUNCTIONING PROPERLY,RAIN,"DARKNESS, LIGHTED ROAD",SIDESWIPE SAME DIRECTION,NOT DIVIDED,STRAIGHT AND LEVEL,WET,NO DEFECTS,NO INJURY / DRIVE AWAY,"OVER $1,500",FOLLOWING TOO CLOSELY,UNABLE TO DETERMINE,759,W,127TH ST,2,NO INDICATION OF INJURY,0.0,0.0,0.0,0.0,0.0,3.0,0.0,22,2,8
544408fb39f3478baec49e693e693cec43f45df617042425b81dfb6a4154194a5982c4dfa5d6f545223fac22cece2739509948fe5f987a329774be1226b9db90,2017-11-11 08:45:00,30,TRAFFIC SIGNAL,FUNCTIONING PROPERLY,CLOUDY/OVERCAST,DAYLIGHT,SIDESWIPE SAME DIRECTION,ONE-WAY,STRAIGHT AND LEVEL,DRY,NO DEFECTS,NO INJURY / DRIVE AWAY,"OVER $1,500",IMPROPER TURNING/NO SIGNAL,IMPROPER LANE USAGE,400,N,WELLS ST,2,NO INDICATION OF INJURY,0.0,0.0,0.0,0.0,0.0,3.0,0.0,8,7,11
3d6adffcc29a6689db2f58d013b4380e4caca9e56db54055c1c2b98293a2a344d6468b47bbf1327ef03dceddf439db6c952e38df9478721bec54cf314a6e42e6,2024-02-26 11:30:00,30,TRAFFIC SIGNAL,FUNCTIONING PROPERLY,CLEAR,DAYLIGHT,REAR END,DIVIDED - W/MEDIAN (NOT RAISED),STRAIGHT AND LEVEL,UNKNOWN,UNKNOWN,NO INJURY / DRIVE AWAY,$500 OR LESS,UNABLE TO DETERMINE,NOT APPLICABLE,4401,W,FULLERTON AVE,2,NO INDICATION OF INJURY,0.0,0.0,0.0,0.0,0.0,2.0,0.0,11,2,2
618013723bf8ac0d7b832eb1b08b803daa173dc12bc80a9522a7e93b8fffe72af76a9d5d1eabfa7243e33f2ef5701823bd55f0cc8ea63575eb0cb60c238ae83c,2019-08-29 07:30:00,30,TRAFFIC SIGNAL,FUNCTIONING PROPERLY,CLEAR,DAYLIGHT,PEDESTRIAN,ONE-WAY,STRAIGHT AND LEVEL,UNKNOWN,UNKNOWN,INJURY AND / OR TOW DUE TO CRASH,$500 OR LESS,UNABLE TO DETERMINE,NOT APPLICABLE,6900,S,STATE ST,2,NONINCAPACITATING INJURY,1.0,0.0,0.0,1.0,0.0,1.0,0.0,7,5,8
38a0923759e6589852f908725ca55b60e12ea0313aa33e7feff87eb49bac9c5a0bc3ac2371e55252c14de6de6821ef2c6afb07e13dc9eff5033a4ff963833e3c,2023-02-01 21:50:00,30,NO CONTROLS,NO CONTROLS,CLEAR,"DARKNESS, LIGHTED ROAD",TURNING,NOT DIVIDED,STRAIGHT AND LEVEL,DRY,NO DEFECTS,INJURY AND / OR TOW DUE TO CRASH,"OVER $1,500",FAILING TO YIELD RIGHT-OF-WAY,IMPROPER TURNING/NO SIGNAL,4660,N,KEDZIE AVE,2,NO INDICATION OF INJURY,0.0,0.0,0.0,0.0,0.0,2.0,0.0,21,4,2
8f5d024e102d41333c2b557a9c83fffd0892afab9f5a82a079fe8a7cbee36e4f78617e51da59ee1083c8c0016a199e5891b0d2b87e4f03f75bf55bed0f3fc95d,2023-12-29 14:49:00,30,TRAFFIC SIGNAL,FUNCTIONING PROPERLY,CLEAR,DAYLIGHT,REAR END,FOUR WAY,STRAIGHT AND LEVEL,WET,NO DEFECTS,NO INJURY / DRIVE AWAY,"OVER $1,500",UNABLE TO DETERMINE,NOT APPLICABLE,3958,W,83RD ST,3,NO INDICATION OF INJURY,0.0,0.0,0.0,0.0,0.0,3.0,0.0,14,6,12
391b8b551eeaf618ed78cb5a2cfcdfb10f1427b6b6783f6fc7cf64c29bd61c323128f1bae11fea78d0b099b027af574ff8e0af5b6b3c2a5bf28ae1ef0392bc61,2022-02-13 20:03:00,30,NO CONTROLS,NO CONTROLS,CLEAR,DARKNESS,PARKED MOTOR VEHICLE,NOT DIVIDED,STRAIGHT AND LEVEL,DRY,NO DEFECTS,NO INJURY / DRIVE AWAY,"OVER $1,500",DRIVING ON WRONG SIDE/WRONG WAY,DRIVING ON WRONG SIDE/WRONG WAY,2410,E,75TH ST,2,NO INDICATION OF INJURY,0.0,0.0,0.0,0.0,0.0,3.0,0.0,20,1,2
1ed9fc8e514146f5d2e884cf3704e908fc62846cec0f01fa2b19c3e2457688eb0bab3818299e5e968d1552e7b59acc64a30adb73cf6e31910c5aeb2a4d803fe2,2023-07-31 16:20:00,35,NO CONTROLS,NO CONTROLS,CLEAR,DAYLIGHT,TURNING,NOT DIVIDED,STRAIGHT AND LEVEL,DRY,NO DEFECTS,INJURY AND / OR TOW DUE TO CRASH,"OVER $1,500",FAILING TO YIELD RIGHT-OF-WAY,FAILING TO YIELD RIGHT-OF-WAY,13770,S,AVENUE O,2,NO INDICATION OF INJURY,0.0,0.0,0.0,0.0,0.0,2.0,0.0,16,2,7
e5e9a7e27acc7b98ff870e95cb9ce7e70c0783d0fdd3b0e3473cfeffd581be45f27d850e4fd14577a31f297b3ce402ca86a544529c48047ed2a6f52b365dc25f,2016-04-06 09:10:00,30,STOP SIGN/FLASHER,FUNCTIONING PROPERLY,RAIN,DAYLIGHT,ANGLE,DIVIDED - W/MEDIAN (NOT RAISED),STRAIGHT AND LEVEL,WET,UNKNOWN,NO INJURY / DRIVE AWAY,"OVER $1,500",FAILING TO YIELD RIGHT-OF-WAY,UNABLE TO DETERMINE,3800,W,WRIGHTWOOD AVE,2,NO INDICATION OF INJURY,0.0,0.0,0.0,0.0,0.0,2.0,0.0,9,4,4
b9370c5b8140dbcb3e58f632f763a7872369bdad6238aa150fb25f0c140ec08b60693bbfc8d5f1ca46677293ed8d7daccee0fb3982752136277778d0ffa940f9,2018-09-25 19:40:00,35,NO CONTROLS,NO CONTROLS,RAIN,"DARKNESS, LIGHTED ROAD",FIXED OBJECT,ONE-WAY,STRAIGHT ON GRADE,WET,NO DEFECTS,NO INJURY / DRIVE AWAY,"OVER $1,500",UNABLE TO DETERMINE,NOT APPLICABLE,530,S,DEARBORN ST,1,NO INDICATION OF INJURY,0.0,0.0,0.0,0.0,0.0,1.0,0.0,19,3,9
26564b19da063b80e935e3ec20d763b9c8607dc5981611abd709b6d527c071dc90ce37fd192937b22f961b9059a2d6da589098a150eaa086922e967d7a66ba59,2018-04-16 17:30:00,30,STOP SIGN/FLASHER,FUNCTIONING PROPERLY,CLEAR,DAYLIGHT,TURNING,NOT DIVIDED,STRAIGHT AND LEVEL,DRY,NO DEFECTS,NO INJURY / DRIVE AWAY,$500 OR LESS,FAILING TO YIELD RIGHT-OF-WAY,UNABLE TO DETERMINE,2926,S,LYMAN ST,2,NO INDICATION OF INJURY,0.0,0.0,0.0,0.0,0.0,3.0,0.0,17,2,4
ed53c52676bf5e9c017b54b7c2ec95a93e8770a01016cd8589c1666b714fd71509045dacefcec564e546bac6b2b49a2cf693a0f34b617387a38f2cfc52972f61,2018-11-16 17:15:00,35,TRAFFIC SIGNAL,FUNCTIONING PROPERLY,CLEAR,DUSK,SIDESWIPE OPPOSITE DIRECTION,NOT DIVIDED,STRAIGHT AND LEVEL,DRY,NO DEFECTS,NO INJURY / DRIVE AWAY,"$501 - $1,500",UNABLE TO DETERMINE,NOT APPLICABLE,4700,S,WENTWORTH AVE,2,NO INDICATION OF INJURY,0.0,0.0,0.0,0.0,0.0,2.0,0.0,17,6,11
c07a7eb57a9669481b3596cfe445cf96572e95f3adf5bc39168de22e4896bad4b319adc14475606afa345a713d6c9c1c06124b2d6dc7e01dd107066b36a3fe79,2020-07-27 22:34:00,30,TRAFFIC SIGNAL,FUNCTIONING PROPERLY,CLEAR,"DARKNESS, LIGHTED ROAD",PEDALCYCLIST,FOUR WAY,STRAIGHT AND LEVEL,DRY,NO DEFECTS,INJURY AND / OR TOW DUE TO CRASH,"$501 - $1,500",FAILING TO YIELD RIGHT-OF-WAY,NOT APPLICABLE,2800,N,LARAMIE AVE,2,NONINCAPACITATING INJURY,1.0,0.0,0.0,1.0,0.0,2.0,0.0,22,2,7
6715d48f9013ad01c6aed536471dfb102e6c89252a3e77117bba4b6117949901c8e5a74813325d307f1e266ea37a72aabde1d9ce1fc8c1af535898d6d7970dad,2022-01-24 05:00:00,30,NO CONTROLS,NO CONTROLS,SNOW,"DARKNESS, LIGHTED ROAD",PARKED MOTOR VEHICLE,ONE-WAY,STRAIGHT AND LEVEL,SNOW OR SLUSH,NO DEFECTS,NO INJURY / DRIVE AWAY,"$501 - $1,500",UNABLE TO DETERMINE,NOT APPLICABLE,7222,S,EVANS AVE,2,NO INDICATION OF INJURY,0.0,0.0,0.0,0.0,0.0,1.0,0.0,5,2,1
4ec1835d23d2799b5d1648995a797c053b784ab1ce69b1df3c0a321a2cc202a45e75ab8afa35d5060db2b23739f8c617f2da974945e13f6e040a3e46f3f402cc,2017-04-29 02:30:00,30,NO CONTROLS,NO CONTROLS,RAIN,DARKNESS,FIXED OBJECT,OTHER,STRAIGHT AND LEVEL,WET,NO DEFECTS,NO INJURY / DRIVE AWAY,"OVER $1,500",UNABLE TO DETERMINE,UNABLE TO DETERMINE,8800,S,CHICAGO SKYWAY OB,1,NO INDICATION OF INJURY,0.0,0.0,0.0,0.0,0.0,1.0,0.0,2,7,4
93c98714e041d58bc5473a69a5ec8395f3602cfee57dd09c78a82396acfd194dc6ef1124a00e040b922f9041513d5a6b8a62b8e2f0090555648c3abfcb429d71,2024-01-16 08:00:00,30,NO CONTROLS,NO CONTROLS,CLEAR,DAYLIGHT,REAR END,NOT DIVIDED,STRAIGHT AND LEVEL,ICE,NO DEFECTS,NO INJURY / DRIVE AWAY,"OVER $1,500",UNABLE TO DETERMINE,NOT APPLICABLE,4820,W,LAWRENCE AVE,2,NO INDICATION OF INJURY,0.0,0.0,0.0,0.0,0.0,2.0,0.0,8,3,1
ed5fd35557f5179038fd08c9da2fb22b8f5824c5b9920e87a64c558ee7df1b9a30283f9b21640025cd0f5709d6a2c5505fab550a8ade5df696dd4035ed83489a,2016-12-01 17:20:00,30,TRAFFIC SIGNAL,FUNCTIONING PROPERLY,CLEAR,DARKNESS,REAR END,NOT DIVIDED,STRAIGHT AND LEVEL,DRY,NO DEFECTS,NO INJURY / DRIVE AWAY,"OVER $1,500",UNABLE TO DETERMINE,UNABLE TO DETERMINE,3954,W,MADISON ST,2,NO INDICATION OF INJURY,0.0,0.0,0.0,0.0,0.0,2.0,0.0,17,5,12
8c66316301b2ed03b5a577dcbcf2438863990e03f2ad6e9a23b2ff42fdf9532ff5fef49465e2b3cbec979ecf79c1785497ef82e6476dedcdbd05c882ecd94125,2023-08-07 13:25:00,30,TRAFFIC SIGNAL,FUNCTIONING PROPERLY,CLEAR,DAYLIGHT,TURNING,T-INTERSECTION,STRAIGHT AND LEVEL,DRY,NO DEFECTS,INJURY AND / OR TOW DUE TO CRASH,"OVER $1,500",FAILING TO YIELD RIGHT-OF-WAY,NOT APPLICABLE,2050,W,OGDEN AVE,2,NO INDICATION OF INJURY,0.0,0.0,0.0,0.0,0.0,2.0,0.0,13,2,8
2914a50f313f4396cf72cb0f6f513981922476dcbb1212cac03fadc716ee7c4052aac12178f55160a30be32319c678feab07e1cd682f64561e712c87af2666e7,2023-07-25 10:00:00,30,NO CONTROLS,NO CONTROLS,CLEAR,DAYLIGHT,PARKED MOTOR VEHICLE,NOT DIVIDED,STRAIGHT AND LEVEL,DRY,NO DEFECTS,NO INJURY / DRIVE AWAY,"OVER $1,500",UNABLE TO DETERMINE,NOT APPLICABLE,1625,S,ASHLAND AVE,2,NO INDICATION OF INJURY,0.0,0.0,0.0,0.0,0.0,1.0,0.0,10,3,7
5ca7a31cb8161f38d1597c1b27f1859079681308da3069a201a5b275d73b5de64fd2e23b9daf9f177ae449f97208d6b3e484c9274ad52556e8e8309866528497,2021-07-06 16:04:00,30,TRAFFIC SIGNAL,WORN REFLECTIVE MATERIAL,CLEAR,DAYLIGHT,REAR END,NOT DIVIDED,STRAIGHT AND LEVEL,DRY,NO DEFECTS,INJURY AND / OR TOW DUE TO CRASH,"OVER $1,500",FOLLOWING TOO CLOSELY,FAILING TO REDUCE SPEED TO AVOID CRASH,3705,W,26TH ST,2,"REPORTED, NOT EVIDENT",1.0,0.0,0.0,0.0,1.0,1.0,0.0,16,3,7
cba44317f33da6ce15e5578161489d9942d1a19495a15ab1caade4b1726ef6d79fdc10b0000769ba665bc38badc8c0185f87e01e1d55fd0415b4f594b3846d9d,2022-07-26 15:00:00,30,TRAFFIC SIGNAL,FUNCTIONING PROPERLY,CLEAR,DAYLIGHT,PEDALCYCLIST,NOT DIVIDED,STRAIGHT AND LEVEL,DRY,NO DEFECTS,NO INJURY / DRIVE AWAY,$500 OR LESS,UNABLE TO DETERMINE,UNABLE TO DETERMINE,30,W,WACKER DR,2,NO INDICATION OF INJURY,0.0,0.0,0.0,0.0,0.0,2.0,0.0,15,3,7
f74ed1723a138a0ab8b2c4b589bc313b0bc88879ee2c3858065291d0f29039144a9535b542d36c1c308e0699151ae33519a17e8f2a05a7cb4679f76f8224a845,2017-07-21 10:15:00,30,STOP SIGN/FLASHER,FUNCTIONING PROPERLY,CLEAR,DAYLIGHT,REAR END,NOT DIVIDED,STRAIGHT AND LEVEL,DRY,NO DEFECTS,NO INJURY / DRIVE AWAY,"$501 - $1,500",FOLLOWING TOO CLOSELY,NOT APPLICABLE,510,W,103RD ST,2,NO INDICATION OF INJURY,0.0,0.0,0.0,0.0,0.0,2.0,0.0,10,6,7
677933fd8c7dea0f95bbe4d7867efa4ceb12f8d0e686343096c9c19e7b73008d8d10a015a5cb58fc9ebef61619f0df0250db33aa12c61ac4f6ce76df07d9e5a3,2021-10-13 03:05:00,30,NO CONTROLS,NO CONTROLS,CLEAR,"DARKNESS, LIGHTED ROAD",FIXED OBJECT,DIVIDED - W/MEDIAN (NOT RAISED),STRAIGHT AND LEVEL,DRY,NO DEFECTS,INJURY AND / OR TOW DUE TO CRASH,"OVER $1,500",DISTRACTION - FROM INSIDE VEHICLE,FAILING TO REDUCE SPEED TO AVOID CRASH,3535,W,FULLERTON AVE,2,NONINCAPACITATING INJURY,1.0,0.0,0.0,1.0,0.0,0.0,0.0,3,4,10
4afb29d9153a4523b088a97deba73c453cb1a1e2dbc9d5ffddae540d3af007088c73ca0be503863bf50621a40cba60623e54a74a821d8b24c49790fe63489506,2021-10-14 18:41:00,30,NO CONTROLS,NO CONTROLS,CLEAR,DUSK,REAR END,ONE-WAY,STRAIGHT AND LEVEL,DRY,NO DEFECTS,INJURY AND / OR TOW DUE TO CRASH,"OVER $1,500",UNABLE TO DETERMINE,NOT APPLICABLE,5107,W,LEXINGTON ST,2,NO INDICATION OF INJURY,0.0,0.0,0.0,0.0,0.0,3.0,0.0,18,5,10
af2bf048f5a2c2e66c55c01e01ba95fa769d4db990682b39d589b9144e5039e4fa1496b341f007eea6535a57363712f7f7b96f7cbac281fa6298067dd93f69ff,2020-03-02 09:50:00,35,NO CONTROLS,NO CONTROLS,CLEAR,DAYLIGHT,TURNING,NOT DIVIDED,STRAIGHT AND LEVEL,DRY,NO DEFECTS,INJURY AND / OR TOW DUE TO CRASH,"$501 - $1,500",UNABLE TO DETERMINE,UNABLE TO DETERMINE,3433,W,ADDISON ST,3,INCAPACITATING INJURY,1.0,0.0,1.0,0.0,0.0,3.0,0.0,9,2,3
f63e246ca56c45888ca7d97fa9fbafe35e7561b83ae787e0a53d451e50c5ac39fb38e0c335928141561062b25e0d5f11daa52fa1079509fcd4bdc5f62245cfb3,2023-07-26 11:00:00,25,NO CONTROLS,NO CONTROLS,UNKNOWN,UNKNOWN,PARKED MOTOR VEHICLE,UNKNOWN,STRAIGHT AND LEVEL,UNKNOWN,NO DEFECTS,NO INJURY / DRIVE AWAY,"OVER $1,500",UNABLE TO DETERMINE,NOT APPLICABLE,1458,W,DIVERSEY PKWY,2,NO INDICATION OF INJURY,0.0,0.0,0.0,0.0,0.0,1.0,0.0,11,4,7
fc354715c8244849c67fa43e7cdf2eacaf8ab5fd4f75ea8281b69797aae658133d8431a5c34982c6149fecef2374255e40c7e4c66d9a6ca2eba5bcfc725d6e93,2019-08-13 07:00:00,30,TRAFFIC SIGNAL,FUNCTIONING PROPERLY,CLOUDY/OVERCAST,DAYLIGHT,ANGLE,FOUR WAY,STRAIGHT AND LEVEL,DRY,NO DEFECTS,INJURY AND / OR TOW DUE TO CRASH,"OVER $1,500",DISREGARDING TRAFFIC SIGNALS,NOT APPLICABLE,598,S,MICHIGAN AVE,2,INCAPACITATING INJURY,2.0,0.0,1.0,1.0,0.0,0.0,0.0,7,3,8
5236984d6538a61801189819cb26bc7a3dabf5e0c2006f1c52fb1a04149bb29d4efe739f55860a1cba3d0be92b48d7016fd60649252c2ab68e0e1ede3fbdc4af,2018-11-13 11:40:00,30,TRAFFIC SIGNAL,FUNCTIONING PROPERLY,CLEAR,DAYLIGHT,ANGLE,OTHER,STRAIGHT AND LEVEL,DRY,NO DEFECTS,NO INJURY / DRIVE AWAY,"$501 - $1,500",DRIVING SKILLS/KNOWLEDGE/EXPERIENCE,UNABLE TO DETERMINE,600,W,HARRISON ST,2,NO INDICATION OF INJURY,0.0,0.0,0.0,0.0,0.0,2.0,0.0,11,3,11
ff67b886dfe0467065e809abe57507c22d639e2637df103ddcc5168b973c922b1ef7e99034663d051f5e98b4c013ec588660dcaa9b7b16dce927c89580379dc9,2017-11-18 06:55:00,30,TRAFFIC SIGNAL,FUNCTIONING PROPERLY,RAIN,"DARKNESS, LIGHTED ROAD",TURNING,DIVIDED - W/MEDIAN (NOT RAISED),STRAIGHT AND LEVEL,WET,NO DEFECTS,INJURY AND / OR TOW DUE TO CRASH,"OVER $1,500",DISREGARDING TRAFFIC SIGNALS,UNABLE TO DETERMINE,5043,N,CICERO AVE,2,NONINCAPACITATING INJURY,1.0,0.0,0.0,1.0,0.0,2.0,0.0,6,7,11
72bf12c2dcd3b26c0e03d65579f03beb37bb0c894f90472817c4d04a56aa683ac66ad7114dbd381bf1a2d933f76b599d73fa178e9e7bd78f9ac7c59914aaacc4,2018-04-16 07:00:00,0,NO CONTROLS,NO CONTROLS,SNOW,DAYLIGHT,PARKED MOTOR VEHICLE,ONE-WAY,STRAIGHT AND LEVEL,SNOW OR SLUSH,NO DEFECTS,NO INJURY / DRIVE AWAY,"OVER $1,500",UNABLE TO DETERMINE,NOT APPLICABLE,6715,S,INDIANA AVE,2,NO INDICATION OF INJURY,0.0,0.0,0.0,0.0,0.0,1.0,0.0,7,2,4
f97941a5dd146de7abf98e7587762d4a7ec232a75daafc1536450cf7ac9d10cc5baf198fbc1445b0c65ef0661e952973063f9ef1ac482c18d0b9a502afedd128,2020-10-16 11:30:00,30,NO CONTROLS,NO CONTROLS,CLEAR,DAYLIGHT,PEDESTRIAN,NOT DIVIDED,STRAIGHT AND LEVEL,DRY,NO DEFECTS,NO INJURY / DRIVE AWAY,$500 OR LESS,"DISTRACTION - OTHER ELECTRONIC DEVICE (NAVIGATION DEVICE, DVD PLAYER, ETC.)",UNABLE TO DETERMINE,7400,S,STONY ISLAND AVE,2,NO INDICATION OF INJURY,0.0,0.0,0.0,0.0,0.0,2.0,0.0,11,6,10
9fe6b94060c8295f1d0a9c3488b9a2b50fa777447cebebe4ca9af9fd01f83ebd29a00e907aa021df219108b002a52957badd75f3afca5eaec0326682432d2d6e,2022-08-04 04:00:00,25,NO CONTROLS,NO CONTROLS,CLEAR,"DARKNESS, LIGHTED ROAD",FIXED OBJECT,FOUR WAY,STRAIGHT AND LEVEL,DRY,NO DEFECTS,INJURY AND / OR TOW DUE TO CRASH,"OVER $1,500",UNABLE TO DETERMINE,NOT APPLICABLE,10300,S,CALUMET AVE,1,NO INDICATION OF INJURY,0.0,0.0,0.0,0.0,0.0,1.0,0.0,4,5,8
7550b55ba71ea1d681e6cd51733e5c6feb98a5428de5ab6871b880127ec2b6ba85af9659c8eb12f545004f525dfd4790cb1be65b47412529d4f1ddbe7871a5ba,2021-11-19 08:42:00,30,STOP SIGN/FLASHER,FUNCTIONING PROPERLY,CLEAR,DAYLIGHT,ANGLE,FOUR WAY,STRAIGHT AND LEVEL,DRY,NO DEFECTS,NO INJURY / DRIVE AWAY,"$501 - $1,500",DISREGARDING STOP SIGN,UNABLE TO DETERMINE,932,N,KILDARE AVE,2,NO INDICATION OF INJURY,0.0,0.0,0.0,0.0,0.0,3.0,0.0,8,6,11
c50247e506c9e454f9d8ff8d501c05268c4a93a423328c6f84e4321fb0778626215fc24352517e3d884edbc0ee672595ae87941c1ec0e742f7e110a7bdf3ad6c,2017-05-25 14:07:00,30,TRAFFIC SIGNAL,FUNCTIONING PROPERLY,CLEAR,DAYLIGHT,REAR END,DIVIDED - W/MEDIAN (NOT RAISED),STRAIGHT AND LEVEL,DRY,NO DEFECTS,NO INJURY / DRIVE AWAY,"$501 - $1,500",UNABLE TO DETERMINE,UNABLE TO DETERMINE,200,E,CERMAK RD,2,NO INDICATION OF INJURY,0.0,0.0,0.0,0.0,0.0,2.0,0.0,14,5,5
d46e1b5297fcf3c5c4d6822aebb742e96638623f08b3a5422cf29701bde10ce140345d9b587192ab879ec68770c2170f7bc2f9acf1f02ce52612fa1c658a0e36,2018-04-23 17:00:00,30,TRAFFIC SIGNAL,FUNCTIONING PROPERLY,CLEAR,DAYLIGHT,REAR END,NOT DIVIDED,STRAIGHT AND LEVEL,DRY,NO DEFECTS,NO INJURY / DRIVE AWAY,"OVER $1,500",UNABLE TO DETERMINE,UNABLE TO DETERMINE,2298,W,DIVISION ST,2,NO INDICATION OF INJURY,0.0,0.0,0.0,0.0,0.0,2.0,0.0,17,2,4
58ebaece035a7a21af25598c0c2d3d1268ace56486d2b1c22c4f789f8bb0a575f0c9fbb958a10dac07958f0f7573b53cf51844f83ab93482a33951b3dd6a92c1,2023-12-25 22:57:00,30,STOP SIGN/FLASHER,FUNCTIONING PROPERLY,RAIN,"DARKNESS, LIGHTED ROAD",REAR END,FOUR WAY,STRAIGHT AND LEVEL,WET,NO DEFECTS,INJURY AND / OR TOW DUE TO CRASH,"OVER $1,500",WEATHER,UNABLE TO DETERMINE,235,E,79TH ST,2,NO INDICATION OF INJURY,0.0,0.0,0.0,0.0,0.0,2.0,0.0,22,2,12
968ac5cbfe9a86f3590524a79c031a84783d5d02c5e717521bd57a9946f5e1a3589eb02de286e947404a2353cbf833e78e85683f2ac131922d9765add4c850ff,2019-12-27 16:25:00,25,STOP SIGN/FLASHER,FUNCTIONING PROPERLY,CLEAR,DUSK,PARKED MOTOR VEHICLE,NOT DIVIDED,STRAIGHT AND LEVEL,DRY,UNKNOWN,NO INJURY / DRIVE AWAY,"OVER $1,500",UNABLE TO DETERMINE,NOT APPLICABLE,2401,N,LARAMIE AVE,2,NO INDICATION OF INJURY,0.0,0.0,0.0,0.0,0.0,2.0,0.0,16,6,12
b118fd03e03df5f2d03b1455f9d360a5c134987246498737349f0ae6064b79521ccb364e0229fb7df716ac676bf20e04fd15a7c8c4ea1497b7e8ee1553a5521e,2021-10-20 01:00:00,30,NO CONTROLS,NO CONTROLS,CLEAR,"DARKNESS, LIGHTED ROAD",PARKED MOTOR VEHICLE,DIVIDED - W/MEDIAN (NOT RAISED),STRAIGHT AND LEVEL,DRY,NO DEFECTS,NO INJURY / DRIVE AWAY,"OVER $1,500",UNABLE TO DETERMINE,UNABLE TO DETERMINE,3341,W,MADISON ST,2,NO INDICATION OF INJURY,0.0,0.0,0.0,0.0,0.0,1.0,0.0,1,4,10
693bdf73178f6294994834358e2942041c3b2dcf0ace5db834f126018e0320421d3f086f8b25636204628741bf5d1c9b2ce942054204691a5b6bdcbeb9ea820f,2019-09-15 01:15:00,30,NO CONTROLS,NO CONTROLS,CLEAR,"DARKNESS, LIGHTED ROAD",SIDESWIPE SAME DIRECTION,DIVIDED - W/MEDIAN (NOT RAISED),STRAIGHT AND LEVEL,UNKNOWN,NO DEFECTS,NO INJURY / DRIVE AWAY,"$501 - $1,500",FAILING TO YIELD RIGHT-OF-WAY,UNABLE TO DETERMINE,3400,W,BELMONT AVE,2,NO INDICATION OF INJURY,0.0,0.0,0.0,0.0,0.0,2.0,0.0,1,1,9
d3649c826d35834b8491e2adc8e68bec4f6c9f7c7909352066666ed431420c404aa825a17a9e66d3d513f59ecef212c8fd1f94fcf7389113c1fd4ba3eb3bcf0f,2022-12-27 08:21:00,30,TRAFFIC SIGNAL,FUNCTIONING PROPERLY,RAIN,DAYLIGHT,TURNING,NOT DIVIDED,STRAIGHT AND LEVEL,WET,NO DEFECTS,NO INJURY / DRIVE AWAY,"$501 - $1,500",DRIVING ON WRONG SIDE/WRONG WAY,IMPROPER TURNING/NO SIGNAL,5258,W,IRVING PARK RD,2,NO INDICATION OF INJURY,0.0,0.0,0.0,0.0,0.0,2.0,0.0,8,3,12
6dddb9ba452cf905a9e3ebf959a3a812f8ce566536da1a13ecc53d91f4ced62ef68e78da15ca05cef51b78b2916ed7c4cc13d686155907e15e25bd482ae8cbde,2021-12-10 08:20:00,30,NO CONTROLS,NO CONTROLS,CLEAR,DAYLIGHT,SIDESWIPE SAME DIRECTION,NOT DIVIDED,STRAIGHT AND LEVEL,DRY,NO DEFECTS,NO INJURY / DRIVE AWAY,"$501 - $1,500",IMPROPER LANE USAGE,UNABLE TO DETERMINE,1723,W,CHICAGO AVE,2,NO INDICATION OF INJURY,0.0,0.0,0.0,0.0,0.0,2.0,0.0,8,6,12
0a9d82d6a4944f9cd2d4dbc859e96fbaa1e40bf66d915c5bf04d3435cef1e97e0ddbdbef0608a000a2145f134fc6c7dc8f278830864a8b03caad9e4b59217348,2019-12-05 20:55:00,35,NO CONTROLS,NO CONTROLS,CLEAR,"DARKNESS, LIGHTED ROAD",PEDALCYCLIST,DIVIDED - W/MEDIAN (NOT RAISED),STRAIGHT AND LEVEL,DRY,NO DEFECTS,NO INJURY / DRIVE AWAY,"OVER $1,500",UNABLE TO DETERMINE,NOT APPLICABLE,1749,N,WELLS ST,2,NO INDICATION OF INJURY,0.0,0.0,0.0,0.0,0.0,1.0,0.0,20,5,12
48683cf065bba0684491b80653a566a49d1884a234ff96ec5d51ed93547ccbe770170fd829703c2fadc561aee6b306ab328acef763d59413155c1fac801279ff,2023-02-03 03:08:00,30,NO CONTROLS,NO CONTROLS,CLEAR,"DARKNESS, LIGHTED ROAD",PARKED MOTOR VEHICLE,NOT DIVIDED,STRAIGHT AND LEVEL,DRY,NO DEFECTS,NO INJURY / DRIVE AWAY,"OVER $1,500",UNABLE TO DETERMINE,UNABLE TO DETERMINE,815,S,LEAVITT ST,3,NO INDICATION OF INJURY,0.0,0.0,0.0,0.0,0.0,1.0,0.0,3,6,2