CRASH_RECORD_ID,CRASH_DATE,POSTED_SPEED_LIMIT,TRAFFIC_CONTROL_DEVICE,DEVICE_CONDITION,WEATHER_CONDITION,LIGHTING_CONDITION,FIRST_CRASH_TYPE,TRAFFICWAY_TYPE,ALIGNMENT,ROADWAY_SURFACE_COND,ROAD_DEFECT,CRASH_TYPE,DAMAGE,PRIM_CONTRIBUTORY_CAUSE,SEC_CONTRIBUTORY_CAUSE,STREET_NO,STREET_DIRECTION,STREET_NAME,NUM_UNITS,MOST_SEVERE_INJURY,INJURIES_TOTAL,INJURIES_FATAL,INJURIES_INCAPACITATING,INJURIES_NON_INCAPACITATING,INJURIES_REPORTED_NOT_EVIDENT,INJURIES_NO_INDICATION,INJURIES_UNKNOWN,CRASH_HOUR,CRASH_DAY_OF_WEEK,CRASH_MONTH
bc71245847a903256f5dbf10f69045f2a2df9d15a1d2ef4f098e32199dec60ca95c120d0ed38e12f473a165e08a77d0596c62ec5aba426588e480cebd5ba85a7,2023-11-08 14:28:00,30,TRAFFIC SIGNAL,FUNCTIONING PROPERLY,CLEAR,DAYLIGHT,ANGLE,FOUR WAY,STRAIGHT AND LEVEL,DRY,NO DEFECTS,NO INJURY / DRIVE AWAY,"OVER $1,500",FAILING TO YIELD RIGHT-OF-WAY,UNABLE TO DETERMINE,2600,S,LAWNDALE AVE,2,NO INDICATION OF INJURY,0.0,0.0,0.0,0.0,0.0,2.0,0.0,14,4,11
bd79bff8e2b901f40e7afdd304b76aab92e51d39a3f38c98d5d0f67bfad8c2cf62b4797e8dd13b1eecbffcab2ba0635abd50e9df44a133fa1241f10327092aac,2021-08-28 13:00:00,30,TRAFFIC SIGNAL,FUNCTIONING PROPERLY,CLEAR,DAYLIGHT,PEDALCYCLIST,NOT DIVIDED,STRAIGHT AND LEVEL,DRY,NO DEFECTS,NO INJURY / DRIVE AWAY,"OVER $1,500",NOT APPLICABLE,NOT APPLICABLE,850,S,WABASH AVE,2,NO INDICATION OF INJURY,0.0,0.0,0.0,0.0,0.0,2.0,0.0,13,7,8
80ca4b4a4793d03184e3ff81d35d8382b7fc5f510692b000a0c1f1c1db594a29c30eeb0d5efbf0af366fb0bb6a8585255565dd94b6bbe66f8a66433051ad5a12,2016-11-03 04:00:00,25,NO CONTROLS,NO CONTROLS,UNKNOWN,DARKNESS,PARKED MOTOR VEHICLE,NOT DIVIDED,STRAIGHT AND LEVEL,UNKNOWN,UNKNOWN,NO INJURY / DRIVE AWAY,"OVER $1,500",NOT APPLICABLE,NOT APPLICABLE,4538,W,66TH ST,2,NO INDICATION OF INJURY,0.0,0.0,0.0,0.0,0.0,1.0,0.0,4,5,11
a18c5ebebac25e1a5483f2ded2e936b0371c4117ed7ef8d339d94d247463d278e43e24f66374ebd604a47fc79dc65491d8b2327159061f7ffd98611503ab5870,2023-05-16 15:27:00,20,NO CONTROLS,NO CONTROLS,CLEAR,DAYLIGHT,SIDESWIPE SAME DIRECTION,NOT DIVIDED,STRAIGHT AND LEVEL,DRY,NO DEFECTS,NO INJURY / DRIVE AWAY,"OVER $1,500",IMPROPER OVERTAKING/PASSING,DRIVING SKILLS/KNOWLEDGE/EXPERIENCE,798,E,47TH ST,2,NO INDICATION OF INJURY,0.0,0.0,0.0,0.0,0.0,2.0,0.0,15,3,5
d48ca9937112b329d28a2f3d6d5d97410ffd061b46fa526eabb5e6dc7486ab34fce1988dd4eed535cad36bf4a070ba74497774d127613cb9f827d9a206596cf9,2022-12-22 22:00:00,30,NO CONTROLS,NO CONTROLS,SNOW,"DARKNESS, LIGHTED ROAD",PARKED MOTOR VEHICLE,DIVIDED - W/MEDIAN (NOT RAISED),STRAIGHT AND LEVEL,SNOW OR SLUSH,UNKNOWN,NO INJURY / DRIVE AWAY,"OVER $1,500",UNABLE TO DETERMINE,NOT APPLICABLE,6246,N,BROADWAY,2,NO INDICATION OF INJURY,0.0,0.0,0.0,0.0,0.0,1.0,0.0,22,5,12
044422f8b493005f7f8930694df5498d9e32b18f1c9d292ac3fe72cd8cac44dfd82dc116d6babb35490b85b398704b1f5a5a82f8e5046ef241e8df550a7feaa6,2022-11-23 09:10:00,30,TRAFFIC SIGNAL,FUNCTIONING PROPERLY,CLEAR,DAYLIGHT,SIDESWIPE SAME DIRECTION,DIVIDED - W/MEDIAN (NOT RAISED),STRAIGHT AND LEVEL,DRY,NO DEFECTS,NO INJURY / DRIVE AWAY,"OVER $1,500",FAILING TO YIELD RIGHT-OF-WAY,IMPROPER LANE USAGE,77,E,PERSHING RD,2,NO INDICATION OF INJURY,0.0,0.0,0.0,0.0,0.0,2.0,0.0,9,4,11
5fe7adf30710f700aaed4a795481f993f4ec473224495a6b3b74a3fa24e536b065691f24a5b172c8589a9f05fa48ed5f06fcd3b17a62fcc70f96223f534b6bd1,2017-08-13 12:00:00,30,NO CONTROLS,NO CONTROLS,CLEAR,DAYLIGHT,PARKED MOTOR VEHICLE,PARKING LOT,STRAIGHT AND LEVEL,DRY,NO DEFECTS,NO INJURY / DRIVE AWAY,"OVER $1,500","OPERATING VEHICLE IN ERRATIC, RECKLESS, CARELESS, NEGLIGENT OR AGGRESSIVE MANNER","OPERATING VEHICLE IN ERRATIC, RECKLESS, CARELESS, NEGLIGENT OR AGGRESSIVE MANNER",7900,S,ASHLAND AVE,2,NO INDICATION OF INJURY,0.0,0.0,0.0,0.0,0.0,2.0,0.0,12,1,8
0a3f4f5d8646c850e4869ed2c9ffe10d2efb204a132ba37337ab9dfc6f74f180e8e2b76fc286d1d91067632ce362870295f5676ebd721c995e6bfe0f3e0735e0,2023-12-26 17:40:00,30,TRAFFIC SIGNAL,FUNCTIONING PROPERLY,RAIN,"DARKNESS, LIGHTED ROAD",TURNING,NOT DIVIDED,STRAIGHT AND LEVEL,WET,NO DEFECTS,NO INJURY / DRIVE AWAY,"OVER $1,500",UNABLE TO DETERMINE,NOT APPLICABLE,10300,S,CALIFORNIA AVE,2,NO INDICATION OF INJURY,0.0,0.0,0.0,0.0,0.0,2.0,0.0,17,3,12
8565603dc20c33da23a51a2d5925efde5add813d70762a16ca1067b85699886234ed576c5309d2f43b2b01ca0ab2a4223984862b0c26c188439cbabd0bd58cb6,2019-02-22 17:16:00,30,NO CONTROLS,NO CONTROLS,CLEAR,DUSK,SIDESWIPE SAME DIRECTION,NOT DIVIDED,STRAIGHT AND LEVEL,DRY,NO DEFECTS,NO INJURY / DRIVE AWAY,$500 OR LESS,FAILING TO YIELD RIGHT-OF-WAY,FAILING TO YIELD RIGHT-OF-WAY,3441,E,100TH ST,3,NO INDICATION OF INJURY,0.0,0.0,0.0,0.0,0.0,2.0,0.0,17,6,2
13723cc79fcd576938310a9c273fb0bcaafa388bfe2ccd93e935b733e1cec49d97294355be897cfbe131e83fe8da98752c3e4267f160229469adffb3192ad816,2020-06-04 15:36:00,30,NO CONTROLS,NO CONTROLS,RAIN,DAYLIGHT,REAR END,NOT DIVIDED,STRAIGHT AND LEVEL,WET,NO DEFECTS,INJURY AND / OR TOW DUE TO CRASH,"OVER $1,500",FOLLOWING TOO CLOSELY,DRIVING SKILLS/KNOWLEDGE/EXPERIENCE,2726,W,FULLERTON AVE,2,"REPORTED, NOT EVIDENT",1.0,0.0,0.0,0.0,1.0,1.0,0.0,15,5,6
95c7b31e978ea9e5c2b7bc1a14f02cc038de46e21d24c0338059269a451719674843812a2dfdb8773b35bc0c8165e9c9086950a68d63ff4faccb0d8da10d6670,2024-04-11 02:31:00,30,STOP SIGN/FLASHER,FUNCTIONING PROPERLY,RAIN,"DARKNESS, LIGHTED ROAD",REAR END,DIVIDED - W/MEDIAN (NOT RAISED),STRAIGHT AND LEVEL,WET,NO DEFECTS,INJURY AND / OR TOW DUE TO CRASH,"OVER $1,500",FAILING TO REDUCE SPEED TO AVOID CRASH,NOT APPLICABLE,4300,W,ARMITAGE AVE,2,NO INDICATION OF INJURY,0.0,0.0,0.0,0.0,0.0,2.0,0.0,2,5,4
607da644bcc3b4666fd33e8c2fd7f88f50bb3e914a10982a3b7b2cd1597fb5eb96a99668b6807725e4154c44e862347be3ce960ade7b85c459465d9fd8bf071f,2021-03-26 16:30:00,30,NO CONTROLS,NO CONTROLS,CLEAR,DAYLIGHT,PARKED MOTOR VEHICLE,PARKING LOT,STRAIGHT AND LEVEL,DRY,NO DEFECTS,NO INJURY / DRIVE AWAY,$500 OR LESS,UNABLE TO DETERMINE,NOT APPLICABLE,1301,S,WESTERN AVE,2,NO INDICATION OF INJURY,0.0,0.0,0.0,0.0,0.0,1.0,0.0,16,6,3
ed7740555da0433504f06cb85c94181293d651a26eda2756886a02b2f3345dfc21f25496d3d688397c85c8ee3cb60f5f9df303cdbebab6a900886a11596771d6,2024-04-20 02:00:00,30,UNKNOWN,UNKNOWN,CLEAR,"DARKNESS, LIGHTED ROAD",REAR END,NOT DIVIDED,STRAIGHT AND LEVEL,DRY,NO DEFECTS,NO INJURY / DRIVE AWAY,"OVER $1,500",FAILING TO REDUCE SPEED TO AVOID CRASH,IMPROPER TURNING/NO SIGNAL,9900,S,HALSTED ST,2,NO INDICATION OF INJURY,0.0,0.0,0.0,0.0,0.0,3.0,0.0,2,7,4
c379285777189c48534a597591f1b56dd773e24befabfaf4764c1656ddf6a9ccff7693e5b6e0869dab23c788c3628dc89c68e21f292de32b1de523ef9a88d623,2018-10-07 19:15:00,30,NO CONTROLS,NO CONTROLS,CLEAR,"DARKNESS, LIGHTED ROAD",PARKED MOTOR VEHICLE,ONE-WAY,STRAIGHT AND LEVEL,DRY,NO DEFECTS,NO INJURY / DRIVE AWAY,"$501 - $1,500",UNABLE TO DETERMINE,UNABLE TO DETERMINE,108,E,SUPERIOR ST,2,NO INDICATION OF INJURY,0.0,0.0,0.0,0.0,0.0,2.0,0.0,19,1,10
34244f15dea13b4c4057d891b5b52b095958db064549dae3d24b807c4cf2f377d5f69badc84e693ac821c71452750d70a5a63d2ce01d38df81581e2a6deca4d8,2018-06-22 13:30:00,30,NO CONTROLS,NO CONTROLS,RAIN,DAYLIGHT,REAR END,NOT DIVIDED,STRAIGHT AND LEVEL,WET,NO DEFECTS,NO INJURY / DRIVE AWAY,"OVER $1,500",WEATHER,WEATHER,353,N,DESPLAINES ST,2,NO INDICATION OF INJURY,0.0,0.0,0.0,0.0,0.0,2.0,0.0,13,6,6
f16f4002ff12c795393fe4a719661ba0db702ab52ea6b796bde6653330de7af9066215dd9bf39a899e857e95b70510e753d3224ea942c76a6221014b6bfb3c35,2019-12-17 18:25:00,35,TRAFFIC SIGNAL,FUNCTIONING PROPERLY,CLEAR,DARKNESS,PEDESTRIAN,FOUR WAY,STRAIGHT AND LEVEL,DRY,NO DEFECTS,INJURY AND / OR TOW DUE TO CRASH,$500 OR LESS,UNABLE TO DETERMINE,NOT APPLICABLE,7464,N,CLARK ST,2,INCAPACITATING INJURY,1.0,0.0,1.0,0.0,0.0,1.0,0.0,18,3,12
0fb39aa5120e5c1ae84f413c6e46ea53cd1f3d700e2ed7292bcf3211c7d4d44ce032c10b16de9c1837bd05f61d071beed511da73da02cc4dbab7dcfd9645fb48,2018-10-15 00:02:00,30,NO CONTROLS,NO CONTROLS,RAIN,"DARKNESS, LIGHTED ROAD",TURNING,DIVIDED - W/MEDIAN (NOT RAISED),STRAIGHT AND LEVEL,WET,NO DEFECTS,NO INJURY / DRIVE AWAY,"$501 - $1,500",IMPROPER LANE USAGE,NOT APPLICABLE,7498,S,DR MARTIN LUTHER KING JR DR,2,NO INDICATION OF INJURY,0.0,0.0,0.0,0.0,0.0,2.0,0.0,0,2,10
febaac95b05615622f4d1108a217c7ded0b918a6bb31e4a922604bac9afe573e7f2f065f921532a91d3529d0e402d093c9e0629817d2c09b9ed09f417efc8bbf,2017-09-26 12:53:00,30,TRAFFIC SIGNAL,FUNCTIONING PROPERLY,CLEAR,DAYLIGHT,SIDESWIPE SAME DIRECTION,DIVIDED - W/MEDIAN (NOT RAISED),STRAIGHT AND LEVEL,DRY,NO DEFECTS,NO INJURY / DRIVE AWAY,"OVER $1,500",IMPROPER LANE USAGE,FAILING TO YIELD RIGHT-OF-WAY,2401,W,47TH ST,2,NO INDICATION OF INJURY,0.0,0.0,0.0,0.0,0.0,2.0,0.0,12,3,9
6294f7e27615744ce562f1e4ac3f77aaf1b35f3b673d8a331837b374e05b1c0fc50ecd060306e925eeb0ca3b06a6a0144b0ebb66984b759e2765c96f34c2eb84,2021-05-12 16:00:00,25,STOP SIGN/FLASHER,NO CONTROLS,CLEAR,DAYLIGHT,REAR END,T-INTERSECTION,STRAIGHT AND LEVEL,DRY,UNKNOWN,NO INJURY / DRIVE AWAY,"OVER $1,500",UNABLE TO DETERMINE,UNABLE TO DETERMINE,1100,E,67TH ST,3,NO INDICATION OF INJURY,0.0,0.0,0.0,0.0,0.0,6.0,0.0,16,4,5
459823912460de5d7a1976ec15bb93546eef57fbfeebb5537bf3c2a30c30aa49cbfa12499a6c1e19cfd5b6db777764f70949ca3c4dd57acf07520e8b8528bbe8,2020-09-02 11:46:00,30,STOP SIGN/FLASHER,FUNCTIONING PROPERLY,CLEAR,DAYLIGHT,ANGLE,FOUR WAY,STRAIGHT AND LEVEL,DRY,NO DEFECTS,NO INJURY / DRIVE AWAY,"OVER $1,500",FAILING TO YIELD RIGHT-OF-WAY,NOT APPLICABLE,1800,W,107TH ST,2,NO INDICATION OF INJURY,0.0,0.0,0.0,0.0,0.0,8.0,0.0,11,4,9
5bf7250ba8282710559b826ab6fa9eee0038328a2e1eecfe795a69957f72615a05ed285f3cbebaa076c79c00b5081707201ded8628552d587ba07d891fd4bfc5,2018-10-09 15:20:00,30,TRAFFIC SIGNAL,FUNCTIONING PROPERLY,CLEAR,DAYLIGHT,REAR END,DIVIDED - W/MEDIAN BARRIER,STRAIGHT AND LEVEL,UNKNOWN,UNKNOWN,NO INJURY / DRIVE AWAY,"OVER $1,500",FOLLOWING TOO CLOSELY,FOLLOWING TOO CLOSELY,200,N,WESTERN AVE,2,NO INDICATION OF INJURY,0.0,0.0,0.0,0.0,0.0,2.0,0.0,15,3,10
c5fc1e1589f5d9d4e00d52fd6b2b99370f9988f248416d6a998ec72892fd202473065ba60fbdf52c9bd18db0f98c90d23090591ab20e03e56e5aa35863bdfa7f,2023-02-12 22:05:00,30,NO CONTROLS,NO CONTROLS,CLEAR,DARKNESS,FIXED OBJECT,DIVIDED - W/MEDIAN BARRIER,STRAIGHT AND LEVEL,DRY,NO DEFECTS,INJURY AND / OR TOW DUE TO CRASH,"OVER $1,500",UNABLE TO DETERMINE,UNABLE TO DETERMINE,3251,S,KEDZIE AVE,1,NONINCAPACITATING INJURY,1.0,0.0,0.0,1.0,0.0,0.0,0.0,22,1,2
3f99eccd6d1e9998479a8953047f36b72d642f0376d9c88b973fffbfbbdb7ef3032bf5635857a1a56f0a06baf877018dd80249bb7b3e5517ad81678846531c76,2023-11-04 16:30:00,30,TRAFFIC SIGNAL,FUNCTIONING PROPERLY,CLEAR,DAYLIGHT,OTHER OBJECT,FOUR WAY,STRAIGHT AND LEVEL,DRY,NO DEFECTS,INJURY AND / OR TOW DUE TO CRASH,"OVER $1,500",FAILING TO REDUCE SPEED TO AVOID CRASH,NOT APPLICABLE,6000,W,NORTH AVE,2,NONINCAPACITATING INJURY,1.0,0.0,0.0,1.0,0.0,1.0,0.0,16,7,11
788d7c4e3e7daa63ffa6c84d2a8b3ab528234c533b652b42ec69a30600d4906691672d2c9fe4ac243e1737ec26ce0bff51e0eeaafe6d25fd0b911daace22ba2e,2017-08-29 09:30:00,30,NO CONTROLS,NO CONTROLS,CLEAR,"DARKNESS, LIGHTED ROAD",REAR END,DIVIDED - W/MEDIAN (NOT RAISED),STRAIGHT AND LEVEL,DRY,NO DEFECTS,NO INJURY / DRIVE AWAY,$500 OR LESS,FOLLOWING TOO CLOSELY,FAILING TO REDUCE SPEED TO AVOID CRASH,3501,N,SHEFFIELD AVE,2,NO INDICATION OF INJURY,0.0,0.0,0.0,0.0,0.0,2.0,0.0,9,3,8
a94f8455bea6e5434b42e49c7a911d17bd491e0b67e56640b71b252ca69e7035cb8d221e2fb177a8d904277ae70116f0c75445b347f57d8a44d2f2cdef1376a7,2022-10-14 14:10:00,30,NO CONTROLS,NO CONTROLS,CLEAR,DAYLIGHT,SIDESWIPE SAME DIRECTION,NOT DIVIDED,STRAIGHT AND LEVEL,DRY,NO DEFECTS,NO INJURY / DRIVE AWAY,"$501 - $1,500",FAILING TO YIELD RIGHT-OF-WAY,FAILING TO YIELD RIGHT-OF-WAY,5430,W,DEVON AVE,2,NO INDICATION OF INJURY,0.0,0.0,0.0,0.0,0.0,2.0,0.0,14,6,10
6657ca1c18d5d245747311211bacba058d9996ba197b38c03cc8b335c121acc16b8c82c9a1ae85c1cab3ca09b372cad56db4931a9dcb361e657f21c291e84705,2020-02-28 13:50:00,30,NO CONTROLS,NO CONTROLS,CLEAR,DAYLIGHT,TURNING,DIVIDED - W/MEDIAN (NOT RAISED),STRAIGHT AND LEVEL,DRY,NO DEFECTS,INJURY AND / OR TOW DUE TO CRASH,"OVER $1,500",UNABLE TO DETERMINE,UNABLE TO DETERMINE,5438,S,CENTRAL AVE,2,NO INDICATION OF INJURY,0.0,0.0,0.0,0.0,0.0,2.0,0.0,13,6,2
999afb61c0e1883b082cf6e02b1b91c8736d0b1d4b21c9854defa692fb343c41cd6383a23b5e457b986a246b0f72fb4d8d6b7d59018ba6a191ff506e4f4ca120,2023-10-09 00:43:00,10,NO CONTROLS,NO CONTROLS,CLEAR,"DARKNESS, LIGHTED ROAD",PARKED MOTOR VEHICLE,PARKING LOT,STRAIGHT AND LEVEL,DRY,NO DEFECTS,INJURY AND / OR TOW DUE TO CRASH,"OVER $1,500",UNABLE TO DETERMINE,UNABLE TO DETERMINE,7363,N,SEELEY AVE,2,NO INDICATION OF INJURY,0.0,0.0,0.0,0.0,0.0,1.0,0.0,0,2,10
8cc23e176d1a65667926cd640765c209ef3f420eaac543e501c76185e17da260da2878eef3ec618400681a2d8986b59ef94cc729e6bc1135355fee9f05c3f2cf,2020-02-29 15:15:00,30,NO CONTROLS,NO CONTROLS,CLEAR,DAYLIGHT,SIDESWIPE SAME DIRECTION,NOT DIVIDED,STRAIGHT AND LEVEL,DRY,NO DEFECTS,NO INJURY / DRIVE AWAY,"$501 - $1,500",UNABLE TO DETERMINE,UNABLE TO DETERMINE,5198,N,CICERO AVE,2,NO INDICATION OF INJURY,0.0,0.0,0.0,0.0,0.0,4.0,0.0,15,7,2
d265a63402e8e1855ee53fddcff1715429951d85d53b2c1ed840f75add5762e47655243c1e4e2770a2671a421030ebf8b4c87ba0dd2a8dc4e5fbda2a62469819,2023-01-26 06:00:00,30,NO CONTROLS,NO CONTROLS,SNOW,"DARKNESS, LIGHTED ROAD",REAR END,NOT DIVIDED,STRAIGHT AND LEVEL,SNOW OR SLUSH,NO DEFECTS,NO INJURY / DRIVE AWAY,"$501 - $1,500",FOLLOWING TOO CLOSELY,UNABLE TO DETERMINE,150,W,87TH ST,2,NO INDICATION OF INJURY,0.0,0.0,0.0,0.0,0.0,2.0,0.0,6,5,1
dcb58b9d33bf99c621ac694edeba2ec740d6c4343275cc71b0a603e704d697b89afedfa6fd42d000b2072aab533d4767a83a9136a3fc494177628ec2c9fe126b,2022-10-14 20:00:00,35,TRAFFIC SIGNAL,FUNCTIONING PROPERLY,RAIN,DAWN,SIDESWIPE SAME DIRECTION,NOT DIVIDED,STRAIGHT AND LEVEL,WET,NO DEFECTS,NO INJURY / DRIVE AWAY,"OVER $1,500",FOLLOWING TOO CLOSELY,FOLLOWING TOO CLOSELY,2600,N,CICERO AVE,2,NO INDICATION OF INJURY,0.0,0.0,0.0,0.0,0.0,2.0,0.0,20,6,10
45b083e0b713ddc53311eedc760d93b0b073157ce8712bc07ccfab02da9ffc83c52d8b74f1bd9119c07229256e47a66617631adf56117dc6aacb85f9f676ef44,2021-08-31 06:00:00,30,NO CONTROLS,NO CONTROLS,CLEAR,DAYLIGHT,PARKED MOTOR VEHICLE,NOT DIVIDED,STRAIGHT AND LEVEL,DRY,NO DEFECTS,NO INJURY / DRIVE AWAY,"OVER $1,500",UNABLE TO DETERMINE,NOT APPLICABLE,4407,N,CLARENDON AVE,2,NO INDICATION OF INJURY,0.0,0.0,0.0,0.0,0.0,1.0,0.0,6,3,8
b6594859e706713d6f4ca4463512c4f78428c4b2f5e02c7e0f63a5191a882bb91ff21fd8d8b7eb41176b4d27956ef516bcb87bcc3be4900fd03c1e310837958e,2021-06-06 16:00:00,25,NO CONTROLS,NO CONTROLS,CLEAR,DAYLIGHT,ANGLE,NOT DIVIDED,STRAIGHT AND LEVEL,DRY,NO DEFECTS,NO INJURY / DRIVE AWAY,"OVER $1,500",UNABLE TO DETERMINE,UNABLE TO DETERMINE,718,N,CICERO AVE,2,NO INDICATION OF INJURY,0.0,0.0,0.0,0.0,0.0,2.0,0.0,16,1,6
51c4b5d6a660df6c9f4959db8cc6e60a0c921c4038013dd3324bedae8d258fffa00780d7feda61328754cf8d726ab3f257a867cfbf008df419404c2f80380311,2017-11-27 04:24:00,30,NO CONTROLS,NO CONTROLS,CLEAR,"DARKNESS, LIGHTED ROAD",OVERTURNED,DIVIDED - W/MEDIAN (NOT RAISED),STRAIGHT AND LEVEL,DRY,NO DEFECTS,INJURY AND / OR TOW DUE TO CRASH,"OVER $1,500",EXCEEDING AUTHORIZED SPEED LIMIT,"OPERATING VEHICLE IN ERRATIC, RECKLESS, CARELESS, NEGLIGENT OR AGGRESSIVE MANNER",6225,N,CALDWELL AVE,1,NONINCAPACITATING INJURY,1.0,0.0,0.0,1.0,0.0,0.0,0.0,4,2,11
c76bb06eea8abb7dab36227c913881824055826bb514f547cc0d09ad968f7dc2b3bf42f9330c0e156bea5345c1c2b99931fb1d2113e8ac8757943d715b796d8f,2018-04-01 12:10:00,30,UNKNOWN,UNKNOWN,UNKNOWN,UNKNOWN,REAR END,DIVIDED - W/MEDIAN (NOT RAISED),STRAIGHT AND LEVEL,UNKNOWN,UNKNOWN,NO INJURY / DRIVE AWAY,"OVER $1,500",UNABLE TO DETERMINE,NOT APPLICABLE,3200,N,CICERO AVE,2,NO INDICATION OF INJURY,0.0,0.0,0.0,0.0,0.0,3.0,0.0,12,1,4
576650a81a5d670a74d4c9a64bf5c24e4ba343298edfc15d1990ac5a3548613afd846d932a5e48d3b8ca7635bb64e20816e544fc25626988de738746508ee305,2022-12-03 13:50:00,30,NO CONTROLS,NO CONTROLS,CLEAR,DAYLIGHT,FIXED OBJECT,ONE-WAY,STRAIGHT AND LEVEL,DRY,NO DEFECTS,NO INJURY / DRIVE AWAY,"OVER $1,500",UNABLE TO DETERMINE,NOT APPLICABLE,5239,S,SAWYER AVE,1,NO INDICATION OF INJURY,0.0,0.0,0.0,0.0,0.0,1.0,0.0,13,7,12
3039319ef2883b253062190fada3a483aa274883337b896643489a8d8340dfb62da7bc666663f97282452a821b51853bd3cb28245ef7be607fe65ea18cfdac57,2016-09-17 18:00:00,25,NO CONTROLS,NO CONTROLS,CLEAR,DAYLIGHT,PARKED MOTOR VEHICLE,NOT DIVIDED,STRAIGHT AND LEVEL,DRY,NO DEFECTS,NO INJURY / DRIVE AWAY,"$501 - $1,500",DRIVING SKILLS/KNOWLEDGE/EXPERIENCE,UNABLE TO DETERMINE,400,W,73RD ST,2,NO INDICATION OF INJURY,0.0,0.0,0.0,0.0,0.0,1.0,0.0,18,7,9
4f2c1b27ef0a54010fbb1f6fa21ed2927898c96ddd7e402441fcda2ead34c175d164d39307c8675ec0bafd14d4819924ed2914b3e67039c0ec9d82c7afa04b47,2019-07-18 14:00:00,30,TRAFFIC SIGNAL,FUNCTIONING PROPERLY,CLEAR,DAYLIGHT,REAR END,NOT DIVIDED,STRAIGHT AND LEVEL,WET,NO DEFECTS,NO INJURY / DRIVE AWAY,"OVER $1,500",UNABLE TO DETERMINE,UNABLE TO DETERMINE,1201,S,KEDZIE AVE,3,NO INDICATION OF INJURY,0.0,0.0,0.0,0.0,0.0,3.0,0.0,14,5,7
76405e87a46d19f05a9fff18eed970a8a5b8d4d147444fbc3163d715f947273c43e881e22ab9c6e908fe40663ea8efdd9fb18f60f23758904fb554adc5db6239,2019-12-24 12:00:00,30,NO CONTROLS,NO CONTROLS,CLEAR,UNKNOWN,PARKED MOTOR VEHICLE,ONE-WAY,STRAIGHT AND LEVEL,DRY,NO DEFECTS,NO INJURY / DRIVE AWAY,"OVER $1,500",UNABLE TO DETERMINE,UNABLE TO DETERMINE,2056,W,80TH PL,2,NO INDICATION OF INJURY,0.0,0.0,0.0,0.0,0.0,1.0,0.0,12,3,12
c53d2b40586543f6b5a7d868c1ee8fdd292906042cad1b8a2c6d50ebef3d4ea356d4495726ceef411f6038ffa213a65d28cb4c5523b7beb0cdc1d7e9352d81f8,2019-10-11 09:30:00,30,NO CONTROLS,NO CONTROLS,RAIN,DAYLIGHT,PARKED MOTOR VEHICLE,ONE-WAY,STRAIGHT AND LEVEL,WET,NO DEFECTS,NO INJURY / DRIVE AWAY,"OVER $1,500",UNABLE TO DETERMINE,UNABLE TO DETERMINE,2038,N,KENNETH AVE,2,NO INDICATION OF INJURY,0.0,0.0,0.0,0.0,0.0,1.0,0.0,9,6,10
c65575acb19efb0d9564b15332c992ccc8f1d02961903cefe969c717a438564e41a056810a31430f6b796b3fdc69a1f2270198551d51fd003677a2ca24106e55,2021-01-12 14:15:00,25,NO CONTROLS,NO CONTROLS,CLEAR,DAYLIGHT,TURNING,NOT DIVIDED,STRAIGHT AND LEVEL,DRY,NO DEFECTS,INJURY AND / OR TOW DUE TO CRASH,"OVER $1,500",UNABLE TO DETERMINE,NOT APPLICABLE,1148,E,48TH ST,2,NO INDICATION OF INJURY,0.0,0.0,0.0,0.0,0.0,2.0,0.0,14,3,1
401b135f79f9e453c6d72f6128712daa80fdf754c6cc59297becf9853259995eff72b5a3a6995b4880cd2bf2f4d94c311b45a3445b8d649adb81804c670fea7f,2018-04-17 11:37:00,30,TRAFFIC SIGNAL,FUNCTIONING PROPERLY,CLEAR,DAYLIGHT,TURNING,DIVIDED - W/MEDIAN (NOT RAISED),STRAIGHT AND LEVEL,ICE,WORN SURFACE,INJURY AND / OR TOW DUE TO CRASH,"OVER $1,500",UNDER THE INFLUENCE OF ALCOHOL/DRUGS (USE WHEN ARREST IS EFFECTED),"OPERATING VEHICLE IN ERRATIC, RECKLESS, CARELESS, NEGLIGENT OR AGGRESSIVE MANNER",4000,W,MADISON ST,4,NONINCAPACITATING INJURY,3.0,0.0,0.0,3.0,0.0,1.0,0.0,11,3,4
dd88596c157868a7918d25da1641cfbd185d36c3217d0227d12430309b0387989a91926e0837fcdf7b89df65670ec1db2fe8d996421577a54a5e98be42acf11b,2016-02-19 11:55:00,30,TRAFFIC SIGNAL,FUNCTIONING PROPERLY,CLEAR,DAYLIGHT,REAR END,DIVIDED - W/MEDIAN (NOT RAISED),STRAIGHT AND LEVEL,DRY,NO DEFECTS,NO INJURY / DRIVE AWAY,"OVER $1,500",DISTRACTION - FROM INSIDE VEHICLE,UNABLE TO DETERMINE,3456,S,ARCHER AVE,2,NO INDICATION OF INJURY,0.0,0.0,0.0,0.0,0.0,3.0,0.0,11,6,2
7b6f49987fe8df641c1abcd9b0b506abfe37cf01c9e6509f462a839c53a1ac2f01d59f0bda966502c607992509117aacacf1d8ba1083cb5810cc8f351e1e13fc,2018-05-09 01:00:00,30,NO CONTROLS,NO CONTROLS,CLEAR,"DARKNESS, LIGHTED ROAD",ANGLE,PARKING LOT,STRAIGHT AND LEVEL,DRY,NO DEFECTS,NO INJURY / DRIVE AWAY,"$501 - $1,500",IMPROPER BACKING,NOT APPLICABLE,1633,W,95TH ST,2,NO INDICATION OF INJURY,0.0,0.0,0.0,0.0,0.0,3.0,0.0,1,4,5