CRASH_RECORD_ID,CRASH_DATE,POSTED_SPEED_LIMIT,TRAFFIC_CONTROL_DEVICE,DEVICE_CONDITION,WEATHER_CONDITION,LIGHTING_CONDITION,FIRST_CRASH_TYPE,TRAFFICWAY_TYPE,ALIGNMENT,ROADWAY_SURFACE_COND,ROAD_DEFECT,CRASH_TYPE,DAMAGE,PRIM_CONTRIBUTORY_CAUSE,SEC_CONTRIBUTORY_CAUSE,STREET_NO,STREET_DIRECTION,STREET_NAME,NUM_UNITS,MOST_SEVERE_INJURY,INJURIES_TOTAL,INJURIES_FATAL,INJURIES_INCAPACITATING,INJURIES_NON_INCAPACITATING,INJURIES_REPORTED_NOT_EVIDENT,INJURIES_NO_INDICATION,INJURIES_UNKNOWN,CRASH_HOUR,CRASH_DAY_OF_WEEK,CRASH_MONTH
e698a31611aca3eec5ceceb05799d4eebcaab3659bd5a43c5227a27c7dde4269d55fce0d86724bc19977505e6daf235d926e8bf77e6f5ef142efbbf585c06a46,2024-03-20 21:00:00,30,TRAFFIC SIGNAL,FUNCTIONING PROPERLY,CLEAR,DARKNESS,REAR END,NOT DIVIDED,STRAIGHT AND LEVEL,DRY,UNKNOWN,NO INJURY / DRIVE AWAY,"OVER $1,500",FOLLOWING TOO CLOSELY,FOLLOWING TOO CLOSELY,6400,N,SHERIDAN RD,2,NO INDICATION OF INJURY,0.0,0.0,0.0,0.0,0.0,2.0,0.0,21,4,3
ca61f4553455b92fae610adb8b6fb56c05ff969121da87a469930d1e1e6a33b5e16441b39dfac61736844b59a267b78c93fe3935498b7076771998cb9ca225fc,2023-05-16 10:54:00,30,TRAFFIC SIGNAL,FUNCTIONING PROPERLY,CLEAR,DAYLIGHT,TURNING,NOT DIVIDED,STRAIGHT AND LEVEL,DRY,NO DEFECTS,NO INJURY / DRIVE AWAY,"OVER $1,500",IMPROPER TURNING/NO SIGNAL,UNABLE TO DETERMINE,7100,S,DAMEN AVE,2,NO INDICATION OF INJURY,0.0,0.0,0.0,0.0,0.0,2.0,0.0,10,3,5
fcc08a432bf3a3a2ace6b0456bb5bb4596ee5a0bd818d127bd2c71f1b05d3db74f1043fab9ddaee7a693f932878e2e3ea76f7c016e6294b9e1cf4e7de3485c95,2021-07-24 12:15:00,30,NO CONTROLS,NO CONTROLS,CLEAR,DAYLIGHT,TURNING,NOT DIVIDED,STRAIGHT AND LEVEL,DRY,NO DEFECTS,NO INJURY / DRIVE AWAY,"OVER $1,500",IMPROPER TURNING/NO SIGNAL,NOT APPLICABLE,2920,N,BROADWAY,2,NO INDICATION OF INJURY,0.0,0.0,0.0,0.0,0.0,2.0,0.0,12,7,7
c8342a3e7accb86e7ee9e50d0171b2f5cc182a9c9a5e1a4ca36d185b1f5c43ab654a6755b848729b170f952a1aa7a6e326b5b2a159e4d3a539d5de4abaa357d0,2018-11-06 07:44:00,30,NO CONTROLS,NO CONTROLS,RAIN,DAYLIGHT,SIDESWIPE SAME DIRECTION,DIVIDED - W/MEDIAN (NOT RAISED),STRAIGHT AND LEVEL,WET,NO DEFECTS,NO INJURY / DRIVE AWAY,"OVER $1,500",IMPROPER OVERTAKING/PASSING,UNABLE TO DETERMINE,4157,W,LAKE ST,2,NO INDICATION OF INJURY,0.0,0.0,0.0,0.0,0.0,6.0,0.0,7,3,11
06747ba14afa20208e3ffbd7daf54638abc6ed1918528c315730a9babc88d1729548980338363516ff065681f9ab1798e6a9d870b89a33dbf6d4d0da3c93468c,2023-11-02 13:00:00,30,TRAFFIC SIGNAL,FUNCTIONING PROPERLY,CLEAR,DAYLIGHT,REAR END,FOUR WAY,STRAIGHT AND LEVEL,DRY,NO DEFECTS,INJURY AND / OR TOW DUE TO CRASH,"OVER $1,500",DISREGARDING TRAFFIC SIGNALS,FOLLOWING TOO CLOSELY,524,W,OHARE ST,2,"REPORTED, NOT EVIDENT",1.0,0.0,0.0,0.0,1.0,1.0,0.0,13,5,11
675158a60424b1632e09661ce87d17c3b81ba8199c043f5cb2b0153ad0cbfc2b646d057f3a28e9480002ea57396104b0e6997f16c150f0592e57d628a35007fc,2019-06-30 04:30:00,30,NO CONTROLS,NO CONTROLS,CLEAR,"DARKNESS, LIGHTED ROAD",PARKED MOTOR VEHICLE,ONE-WAY,STRAIGHT AND LEVEL,DRY,NO DEFECTS,NO INJURY / DRIVE AWAY,"OVER $1,500",UNABLE TO DETERMINE,NOT APPLICABLE,4425,S,ARTESIAN AVE,3,NO INDICATION OF INJURY,0.0,0.0,0.0,0.0,0.0,1.0,0.0,4,1,6
7b7066a6c06a7cce4a27ddf50d19c7ab70d5e3229e9fd543cd5db8e71aeb2558b43e69093a6bdd254e2df8cb03af721c33280d5ea5511ba2af5c0822130b5ada,2019-05-11 02:35:00,30,STOP SIGN/FLASHER,FUNCTIONING PROPERLY,CLEAR,"DARKNESS, LIGHTED ROAD",HEAD ON,NOT DIVIDED,STRAIGHT AND LEVEL,DRY,NO DEFECTS,INJURY AND / OR TOW DUE TO CRASH,"OVER $1,500","OPERATING VEHICLE IN ERRATIC, RECKLESS, CARELESS, NEGLIGENT OR AGGRESSIVE MANNER",DISREGARDING STOP SIGN,900,N,ORLEANS ST,6,NONINCAPACITATING INJURY,4.0,0.0,0.0,1.0,3.0,0.0,0.0,2,7,5
9e5b5eec21644d2731d4664941c97a6b4b902eb61ed21a13b49a1979ca8f2db27b5be82325e4f962f4a82727b4f122028fb2a114b9ac0b58d5bb73d68b7f6e5b,2018-11-23 15:50:00,30,NO CONTROLS,NO CONTROLS,CLEAR,DAYLIGHT,PARKED MOTOR VEHICLE,NOT DIVIDED,STRAIGHT AND LEVEL,DRY,NO DEFECTS,NO INJURY / DRIVE AWAY,"$501 - $1,500",UNABLE TO DETERMINE,UNABLE TO DETERMINE,3949,N,BROADWAY,2,NO INDICATION OF INJURY,0.0,0.0,0.0,0.0,0.0,3.0,0.0,15,6,11
373546d6db07d72836c9a8a9da8326aca2f479075827bff32001d654b47077c74342c2c2adffab02ce6540c787dd6b3afbd005f3d4b849d958bb085628f724d9,2022-06-11 21:11:00,30,NO CONTROLS,NO CONTROLS,CLEAR,"DARKNESS, LIGHTED ROAD",SIDESWIPE OPPOSITE DIRECTION,NOT DIVIDED,STRAIGHT ON GRADE,DRY,NO DEFECTS,INJURY AND / OR TOW DUE TO CRASH,"OVER $1,500","OPERATING VEHICLE IN ERRATIC, RECKLESS, CARELESS, NEGLIGENT OR AGGRESSIVE MANNER",NOT APPLICABLE,3630,W,63RD ST,3,NO INDICATION OF INJURY,0.0,0.0,0.0,0.0,0.0,5.0,0.0,21,7,6
3b2062f1f5a2f75c29c9c5d49f3e2c258708e63478f44bab38b7818ed8e3061dc12519599c9f3806978302759be27ea4ad169b94efcf8bc03ff94da6d78c38c2,2019-07-11 12:10:00,30,NO CONTROLS,NO CONTROLS,CLEAR,DAYLIGHT,PARKED MOTOR VEHICLE,NOT DIVIDED,STRAIGHT AND LEVEL,DRY,NO DEFECTS,NO INJURY / DRIVE AWAY,"OVER $1,500",UNABLE TO DETERMINE,NOT APPLICABLE,509,W,TAYLOR ST,2,NO INDICATION OF INJURY,0.0,0.0,0.0,0.0,0.0,3.0,0.0,12,5,7
5844a91b1d03b7815e86d91f997350a8dab1ad0159c4810d42486125b518cacbe035a4b2121e46361b3154d4f8af7b134e5479b9694bee61368087c080268a25,2020-01-14 10:00:00,30,NO CONTROLS,NO CONTROLS,CLEAR,DAYLIGHT,SIDESWIPE SAME DIRECTION,DIVIDED - W/MEDIAN BARRIER,STRAIGHT AND LEVEL,WET,NO DEFECTS,NO INJURY / DRIVE AWAY,"OVER $1,500",UNABLE TO DETERMINE,NOT APPLICABLE,3300,S,CALIFORNIA AVE,2,NO INDICATION OF INJURY,0.0,0.0,0.0,0.0,0.0,2.0,0.0,10,3,1
2e9e931dc04ae3c543666c2d76ad0a115cb47762b6f5605a7cc9c215d659c339311b3b5224931d1387e8c2c7dafc1abf49c416446e6429ef386ab61fa01e5b27,2018-01-24 09:27:00,35,NO CONTROLS,NO CONTROLS,CLEAR,DAYLIGHT,FIXED OBJECT,DIVIDED - W/MEDIAN BARRIER,STRAIGHT AND LEVEL,DRY,"RUT, HOLES",NO INJURY / DRIVE AWAY,$500 OR LESS,UNABLE TO DETERMINE,UNABLE TO DETERMINE,5200,N,LAKE SHORE DR SB,1,NO INDICATION OF INJURY,0.0,0.0,0.0,0.0,0.0,1.0,0.0,9,4,1
c79a7b36fb15850a7890a2680d495c523f4b2fa54e35fafac65ba3eb28f05f6e644b5c878ab931b637db710e7d6507c7484012fc2976af70cb8097bc3b21713b,2017-06-04 21:15:00,30,NO CONTROLS,NO CONTROLS,CLEAR,"DARKNESS, LIGHTED ROAD",PARKED MOTOR VEHICLE,PARKING LOT,STRAIGHT AND LEVEL,DRY,NO DEFECTS,NO INJURY / DRIVE AWAY,$500 OR LESS,UNABLE TO DETERMINE,NOT APPLICABLE,8331,S,STEWART AVE,2,NO INDICATION OF INJURY,0.0,0.0,0.0,0.0,0.0,1.0,0.0,21,1,6
0313181c6a1df5f6addc692fe5fa8bd3d97b4f6f5d2eeda237a72e28c98fd4a0f0a8b0da9dfdb49a149f14545a3aa63c59aeaaa7e2dc8e000dff07b02934d536,2021-04-27 07:55:00,30,NO CONTROLS,NO CONTROLS,CLEAR,DAYLIGHT,PARKED MOTOR VEHICLE,DIVIDED - W/MEDIAN (NOT RAISED),STRAIGHT AND LEVEL,DRY,NO DEFECTS,INJURY AND / OR TOW DUE TO CRASH,"OVER $1,500",NOT APPLICABLE,NOT APPLICABLE,1320,W,69TH ST,3,NONINCAPACITATING INJURY,1.0,0.0,0.0,1.0,0.0,0.0,0.0,7,3,4
e78f78d2978ad017f3e96cc4313559e246a0caee6a90afcab80175f06549beff6f7081b163d5099d7eb426a26a6a3c7a99d4d6c79a16ce065839e7ce19252ce6,2024-04-09 03:06:00,20,NO CONTROLS,NO CONTROLS,CLEAR,DARKNESS,PARKED MOTOR VEHICLE,ONE-WAY,STRAIGHT AND LEVEL,DRY,UNKNOWN,INJURY AND / OR TOW DUE TO CRASH,"OVER $1,500",UNABLE TO DETERMINE,UNABLE TO DETERMINE,2247,N,TRIPP AVE,2,NO INDICATION OF INJURY,0.0,0.0,0.0,0.0,0.0,1.0,0.0,3,3,4
1b3365dc3ed06e55e420c728bf8b6e7434f4f87d9e6a726162689b46f1bc5c69b71842a0af507f69925b769467b143f4f88893b4f96fd973b6ded2a230d87796,2021-05-23 12:00:00,30,NO CONTROLS,NO CONTROLS,CLEAR,"DARKNESS, LIGHTED ROAD",PARKED MOTOR VEHICLE,DIVIDED - W/MEDIAN (NOT RAISED),STRAIGHT AND LEVEL,DRY,NO DEFECTS,NO INJURY / DRIVE AWAY,"$501 - $1,500",UNABLE TO DETERMINE,NOT APPLICABLE,4400,S,CALIFORNIA AVE,2,NO INDICATION OF INJURY,0.0,0.0,0.0,0.0,0.0,1.0,0.0,12,1,5
4b88ade7a053873833ee6bef515026580b8062f6f6f564b86dafb76577366e61ea2c9038cbf2d9eb97f85248e53f593221208c7270fdfb6f9e29db6db5e73ab4,2019-06-29 11:10:00,30,TRAFFIC SIGNAL,FUNCTIONING PROPERLY,CLEAR,DAYLIGHT,ANGLE,NOT DIVIDED,STRAIGHT AND LEVEL,DRY,NO DEFECTS,NO INJURY / DRIVE AWAY,"$501 - $1,500",DISREGARDING TRAFFIC SIGNALS,UNABLE TO DETERMINE,4000,N,KEELER AVE,2,NO INDICATION OF INJURY,0.0,0.0,0.0,0.0,0.0,2.0,0.0,11,7,6
d5ee936f6f35808c1f4521999b551d69f864388b5dbd46a94cfe6be3f184a40bc53dc0dd20a31167218f2805ba17b8d40bcab4ce8acd245b637f308ab41e83a9,2017-10-03 10:30:00,30,NO CONTROLS,NO CONTROLS,RAIN,DAYLIGHT,PARKED MOTOR VEHICLE,DIVIDED - W/MEDIAN BARRIER,STRAIGHT AND LEVEL,WET,NO DEFECTS,NO INJURY / DRIVE AWAY,"OVER $1,500",UNABLE TO DETERMINE,UNABLE TO DETERMINE,916,W,MADISON ST,2,NO INDICATION OF INJURY,0.0,0.0,0.0,0.0,0.0,2.0,0.0,10,3,10
d49c259cc9a7adc1574d8741827d37922790de8c2af6d5f1ef565954659d8e8187a0edf31076818240e8484effe3bcd7bab40c21417ed847377e9425fa25d438,2018-04-11 23:20:00,30,NO CONTROLS,NO CONTROLS,CLEAR,"DARKNESS, LIGHTED ROAD",PARKED MOTOR VEHICLE,NOT DIVIDED,STRAIGHT AND LEVEL,DRY,NO DEFECTS,NO INJURY / DRIVE AWAY,"OVER $1,500",IMPROPER OVERTAKING/PASSING,NOT APPLICABLE,1642,W,81ST ST,2,NO INDICATION OF INJURY,0.0,0.0,0.0,0.0,0.0,1.0,0.0,23,4,4
4f8e1d7c8f4a1968093e2d9b6550e75eeee7a743d145fa3bed15753918f32cc224c24e9a5b6d2da981522cbb9706dbc9985d290f1761431730699dbe26054726,2017-10-04 20:40:00,35,NO CONTROLS,NO CONTROLS,CLEAR,"DARKNESS, LIGHTED ROAD",PARKED MOTOR VEHICLE,PARKING LOT,STRAIGHT AND LEVEL,DRY,WORN SURFACE,NO INJURY / DRIVE AWAY,"$501 - $1,500",UNABLE TO DETERMINE,UNABLE TO DETERMINE,10300,S,MICHIGAN AVE,2,NO INDICATION OF INJURY,0.0,0.0,0.0,0.0,0.0,1.0,0.0,20,4,10
aff5d7633fa55870316f96af66abab2c905ab54cbe0215c6b74da667cd55ad472ac80f34bf10e1a2c6702943d75d8b55ef76852cdec59e339d272197977fa94d,2020-07-31 08:19:00,35,NO CONTROLS,NO CONTROLS,CLEAR,DAYLIGHT,REAR END,NOT DIVIDED,STRAIGHT AND LEVEL,DRY,NO DEFECTS,NO INJURY / DRIVE AWAY,"OVER $1,500",FOLLOWING TOO CLOSELY,NOT APPLICABLE,3653,W,ADDISON ST,2,NO INDICATION OF INJURY,0.0,0.0,0.0,0.0,0.0,2.0,0.0,8,6,7
82a1631ffa6874e4879199692724528a12663727555d10f7507b0f22ee3ee009c7f61c9d841921fe2366c393b0a4b713dab11839d727367d48c82ae7a08b4778,2020-01-02 10:08:00,30,STOP SIGN/FLASHER,FUNCTIONING PROPERLY,CLEAR,DAYLIGHT,REAR END,DIVIDED - W/MEDIAN (NOT RAISED),STRAIGHT AND LEVEL,DRY,NO DEFECTS,NO INJURY / DRIVE AWAY,$500 OR LESS,FOLLOWING TOO CLOSELY,UNABLE TO DETERMINE,4201,S,KEDZIE AVE,2,NO INDICATION OF INJURY,0.0,0.0,0.0,0.0,0.0,3.0,0.0,10,5,1
7e7178d054e8239e7b86cc92f88cca9c6af48477a35f3aac4041acc622ebd3e52268c6554714d76ecfadf9e870efb3e90c3e912105dec4255df8637a2958ed73,2018-07-21 23:00:00,25,NO CONTROLS,NO CONTROLS,CLEAR,"DARKNESS, LIGHTED ROAD",PARKED MOTOR VEHICLE,ONE-WAY,STRAIGHT AND LEVEL,WET,NO DEFECTS,NO INJURY / DRIVE AWAY,$500 OR LESS,UNABLE TO DETERMINE,NOT APPLICABLE,1010,W,NEWPORT AVE,2,NO INDICATION OF INJURY,0.0,0.0,0.0,0.0,0.0,1.0,0.0,23,7,7
a733991c7ed1c343355873a307e1ef40e45f663fe2613ed03a33f725bf5e2a02aa984d3d65b754fabe7afb3f463195b9f20c8f07df5cfd2820db52500b1fc477,2018-07-14 23:00:00,30,NO CONTROLS,NO CONTROLS,CLEAR,DARKNESS,SIDESWIPE OPPOSITE DIRECTION,NOT DIVIDED,STRAIGHT AND LEVEL,DRY,UNKNOWN,INJURY AND / OR TOW DUE TO CRASH,"OVER $1,500",DRIVING ON WRONG SIDE/WRONG WAY,IMPROPER LANE USAGE,4300,W,MAYPOLE AVE,2,NONINCAPACITATING INJURY,1.0,0.0,0.0,1.0,0.0,2.0,0.0,23,7,7
248afa0de53230e751e5d4f515a43c77fb6264c3dbbdb26815bc6b2097fea9f8cb14636970a7bc6332aec051c34e76cd992372750bddb62de304241cf177cd6c,2022-07-29 16:40:00,30,NO CONTROLS,NO CONTROLS,CLEAR,DAYLIGHT,REAR END,ONE-WAY,STRAIGHT AND LEVEL,DRY,NO DEFECTS,NO INJURY / DRIVE AWAY,"OVER $1,500",FOLLOWING TOO CLOSELY,NOT APPLICABLE,20,E,GRAND AVE,2,NO INDICATION OF INJURY,0.0,0.0,0.0,0.0,0.0,2.0,0.0,16,6,7
65e45b18b2c0130240cd21bf541bab4e19e829bc6de4fdbbcdb829a46bf87bd6fe0e8df5023d6395d3e6f5ebf1b971579b2dfdbb9710a72ddf139cafe4cb7a63,2024-04-20 13:30:00,30,TRAFFIC SIGNAL,UNKNOWN,CLEAR,DAYLIGHT,TURNING,NOT DIVIDED,STRAIGHT AND LEVEL,UNKNOWN,UNKNOWN,NO INJURY / DRIVE AWAY,"$501 - $1,500",UNABLE TO DETERMINE,UNABLE TO DETERMINE,1400,W,FULLERTON AVE,2,NO INDICATION OF INJURY,0.0,0.0,0.0,0.0,0.0,4.0,0.0,13,7,4
628714c60297fec85246f1b03966123d09265e0ecb83b9d60addb08acc1c59e1e380ab5f9a3a42102729b5c61a257f156b99d055c76d3bfce035c6f271f50e5d,2020-12-02 17:19:00,30,NO CONTROLS,NO CONTROLS,CLEAR,DAYLIGHT,PEDESTRIAN,DIVIDED - W/MEDIAN (NOT RAISED),STRAIGHT AND LEVEL,DRY,NO DEFECTS,INJURY AND / OR TOW DUE TO CRASH,$500 OR LESS,IMPROPER LANE USAGE,NOT APPLICABLE,6033,W,63RD ST,2,INCAPACITATING INJURY,1.0,0.0,1.0,0.0,0.0,1.0,0.0,17,4,12
53c63cf1fec2be0e501e1bd8ed0bf05663a0387c658f7f1dd5139b01025cb2cd8e7495850ea77889ce3308f6c69e73cba8dad65e855ecbbcd64b6da6ce522ecc,2020-10-27 15:00:00,30,UNKNOWN,UNKNOWN,RAIN,DAYLIGHT,TURNING,DIVIDED - W/MEDIAN BARRIER,STRAIGHT AND LEVEL,WET,NO DEFECTS,NO INJURY / DRIVE AWAY,"$501 - $1,500",FOLLOWING TOO CLOSELY,UNABLE TO DETERMINE,1001,N,LAKE SHORE DR NB,2,NO INDICATION OF INJURY,0.0,0.0,0.0,0.0,0.0,2.0,0.0,15,3,10
e5fb86d6691350a74ed12c41fa774a39ae7df351e67068893c0a1c7a3e36cb3ec903a49da8dce2bad21c5a1c4e251d6d37cf15b45dbc9a8bab9d496f03a8b769,2017-08-09 20:53:00,30,STOP SIGN/FLASHER,FUNCTIONING PROPERLY,CLEAR,"DARKNESS, LIGHTED ROAD",ANGLE,NOT DIVIDED,STRAIGHT AND LEVEL,DRY,NO DEFECTS,INJURY AND / OR TOW DUE TO CRASH,"OVER $1,500",FAILING TO YIELD RIGHT-OF-WAY,DRIVING SKILLS/KNOWLEDGE/EXPERIENCE,101,S,LARAMIE AVE,2,NO INDICATION OF INJURY,0.0,0.0,0.0,0.0,0.0,4.0,0.0,20,4,8
a071f672a7c47944e79a1dd94aad55367cf5b601f3cfeeadb79621346300f638ec89f1dc55c578834293fc612626f3fc0b3373dd49fee892c95c563d5243a545,2017-11-28 07:00:00,30,NO CONTROLS,NO CONTROLS,UNKNOWN,UNKNOWN,PARKED MOTOR VEHICLE,NOT DIVIDED,STRAIGHT AND LEVEL,DRY,NO DEFECTS,NO INJURY / DRIVE AWAY,"OVER $1,500",UNABLE TO DETERMINE,NOT APPLICABLE,3658,E,105TH ST,2,NO INDICATION OF INJURY,0.0,0.0,0.0,0.0,0.0,1.0,0.0,7,3,11
09982447b8392d35fa19f821e1af9aea0e13b26f173c45f115928d8131b640ccb7852573013f7ef21e4223b3d74c78c00084dfdece908f543644524be2646207,2019-02-15 07:30:00,10,NO CONTROLS,NO CONTROLS,CLEAR,DAYLIGHT,TURNING,ALLEY,STRAIGHT AND LEVEL,DRY,NO DEFECTS,NO INJURY / DRIVE AWAY,"OVER $1,500",UNABLE TO DETERMINE,UNABLE TO DETERMINE,3826,W,58TH ST,2,NO INDICATION OF INJURY,0.0,0.0,0.0,0.0,0.0,2.0,0.0,7,6,2
91739d0e4530e592951752f87d4297f934310d479b651068ba5de753f05fb90638eea5eb305278c8340dc4a41d4de084745d670ebf7bffd56dcc722733f544f8,2018-12-21 15:00:00,30,NO CONTROLS,NO CONTROLS,CLEAR,DAYLIGHT,SIDESWIPE SAME DIRECTION,NOT DIVIDED,STRAIGHT AND LEVEL,DRY,NO DEFECTS,NO INJURY / DRIVE AWAY,"OVER $1,500",FAILING TO YIELD RIGHT-OF-WAY,FAILING TO YIELD RIGHT-OF-WAY,4500,S,GREENWOOD AVE,2,NO INDICATION OF INJURY,0.0,0.0,0.0,0.0,0.0,2.0,0.0,15,6,12
963112d5113d9ace6ee764b67aedc4027e9687fb27b11e90c5891ed05dcca1eceb5d15b646c79c68ca1aac53b6bc5372de465bab820b7b4b71c1dbdfa02adf55,2022-07-02 00:48:00,30,TRAFFIC SIGNAL,FUNCTIONING PROPERLY,CLEAR,"DARKNESS, LIGHTED ROAD",TURNING,Y-INTERSECTION,STRAIGHT AND LEVEL,DRY,NO DEFECTS,INJURY AND / OR TOW DUE TO CRASH,"OVER $1,500",UNABLE TO DETERMINE,DRIVING SKILLS/KNOWLEDGE/EXPERIENCE,3930,N,PULASKI RD,2,NO INDICATION OF INJURY,0.0,0.0,0.0,0.0,0.0,2.0,0.0,0,7,7
b0138c0e447c062c09ba6e07951bedbcdcd4a468a58657cfa8071f612b2db16e827194c7a7ebeb07e951fa1b0d5646cbd0633b2e14f761c619927a50cf373fc9,2019-04-22 10:51:00,45,NO CONTROLS,NO CONTROLS,CLEAR,DAYLIGHT,REAR END,OTHER,STRAIGHT AND LEVEL,DRY,NO DEFECTS,NO INJURY / DRIVE AWAY,"$501 - $1,500",UNABLE TO DETERMINE,FOLLOWING TOO CLOSELY,300,S,LAKE SHORE DR NB,2,NO INDICATION OF INJURY,0.0,0.0,0.0,0.0,0.0,4.0,0.0,10,2,4
1ac933e1e47d49cbd07ae2cb07ea543c5b9a3b64e425aec4c7f9f5f5d3c76c77a966573c9aa2465d70bc26dfc6da2d55fe32e3f1d313d0115df87215f1a98e31,2021-10-05 18:15:00,30,NO CONTROLS,NO CONTROLS,CLEAR,DAYLIGHT,SIDESWIPE SAME DIRECTION,ONE-WAY,STRAIGHT AND LEVEL,DRY,NO DEFECTS,NO INJURY / DRIVE AWAY,"OVER $1,500",FAILING TO YIELD RIGHT-OF-WAY,IMPROPER LANE USAGE,2400,W,CORTEZ ST,2,NO INDICATION OF INJURY,0.0,0.0,0.0,0.0,0.0,2.0,0.0,18,3,10
8202b404328796ef7fb07ed4e41e39e7ccbf8bfa13b308e0ee278b6219d739820b93e89cd943b8abafd93657ac4d8e6a00c54c34c5dffc3b8bd06ebd27a25aa4,2021-02-05 23:00:00,20,UNKNOWN,UNKNOWN,CLEAR,UNKNOWN,REAR END,UNKNOWN,STRAIGHT AND LEVEL,UNKNOWN,UNKNOWN,INJURY AND / OR TOW DUE TO CRASH,"OVER $1,500",UNABLE TO DETERMINE,UNABLE TO DETERMINE,2001,N,PULASKI RD,2,"REPORTED, NOT EVIDENT",1.0,0.0,0.0,0.0,1.0,1.0,0.0,23,6,2
4220579cd5a2ccc7726fb0c42b7f5c97521565f07169b0bae9dc72563dd2937f1e124307871e37532560262a75ba5342d9a05d58e2a66ca31532da73f8ab146a,2023-08-04 15:30:00,30,NO CONTROLS,UNKNOWN,UNKNOWN,UNKNOWN,PARKED MOTOR VEHICLE,NOT DIVIDED,STRAIGHT AND LEVEL,UNKNOWN,UNKNOWN,NO INJURY / DRIVE AWAY,"OVER $1,500",IMPROPER BACKING,IMPROPER BACKING,942,W,38TH PL,2,NO INDICATION OF INJURY,0.0,0.0,0.0,0.0,0.0,1.0,0.0,15,6,8
ea8704660c1e1176f9cac485e1e8098f10a64e9182198877b034968ef4bc248951b07ebbe559e0a2cecc875501dfb67c765f7ab7596ffc8edc197782f1434580,2021-07-10 20:51:00,30,NO CONTROLS,NO CONTROLS,RAIN,"DARKNESS, LIGHTED ROAD",TURNING,NOT DIVIDED,STRAIGHT AND LEVEL,WET,NO DEFECTS,INJURY AND / OR TOW DUE TO CRASH,"OVER $1,500",IMPROPER TURNING/NO SIGNAL,IMPROPER LANE USAGE,6437,N,AVONDALE AVE,2,NO INDICATION OF INJURY,0.0,0.0,0.0,0.0,0.0,2.0,0.0,20,7,7
7d20a8aaac73de73962106a268ca2dc1cfefdb16a61000b22ae958ef54c026a2334340a6e0bddb4039553df2a0b7f33def857e5030c735ecc1cae1039ea91115,2019-06-22 11:15:00,30,TRAFFIC SIGNAL,NOT FUNCTIONING,CLEAR,DAYLIGHT,PEDESTRIAN,FOUR WAY,STRAIGHT AND LEVEL,DRY,NO DEFECTS,INJURY AND / OR TOW DUE TO CRASH,"$501 - $1,500",NOT APPLICABLE,NOT APPLICABLE,1014,W,HOLLYWOOD AVE,2,INCAPACITATING INJURY,1.0,0.0,1.0,0.0,0.0,2.0,0.0,11,7,6
0a1547e06991cc51e7f09da5b95d3c0ab4df7c3e229b4bdfbfed6cf3da828903067d1f1211e28031ddce27698395da25c0399204d2617329f1e246c6ceb0470d,2021-02-14 01:36:00,30,NO CONTROLS,NO CONTROLS,BLOWING SNOW,DARKNESS,PARKED MOTOR VEHICLE,NOT DIVIDED,STRAIGHT AND LEVEL,ICE,NO DEFECTS,INJURY AND / OR TOW DUE TO CRASH,"OVER $1,500",UNABLE TO DETERMINE,UNABLE TO DETERMINE,3127,W,55TH ST,3,NO INDICATION OF INJURY,0.0,0.0,0.0,0.0,0.0,1.0,0.0,1,1,2
9feff620fc64d7bdec46fed6149b7f3c5c953a5cb2479b548195162ec1980067d3fe48189f9688f6071b47dc52d23164196e09b368b7cf8d3b9a8c19aff3d26f,2018-12-25 22:20:00,30,NO CONTROLS,NO CONTROLS,CLEAR,"DARKNESS, LIGHTED ROAD",SIDESWIPE SAME DIRECTION,OTHER,STRAIGHT AND LEVEL,DRY,NO DEFECTS,NO INJURY / DRIVE AWAY,"OVER $1,500",FAILING TO REDUCE SPEED TO AVOID CRASH,UNABLE TO DETERMINE,10814,S,GREEN BAY AVE,2,NO INDICATION OF INJURY,0.0,0.0,0.0,0.0,0.0,3.0,0.0,22,3,12
e3671eb5bb032626e062ac700e406ac5baf18cf1bbae9f64fe2ae740f2602b7c1511e2f9fe9930785535d5f28d0e29904c17792b911070b8fbc87c87f28519fa,2020-06-21 19:15:00,15,NO CONTROLS,NO CONTROLS,UNKNOWN,DUSK,PARKED MOTOR VEHICLE,ALLEY,STRAIGHT AND LEVEL,UNKNOWN,WORN SURFACE,NO INJURY / DRIVE AWAY,"OVER $1,500",IMPROPER BACKING,UNABLE TO DETERMINE,5116,S,PRAIRIE AVE,2,NO INDICATION OF INJURY,0.0,0.0,0.0,0.0,0.0,1.0,0.0,19,1,6
4a98c415c4b849b7367e59295fbc1e64dcef85c7644aceade9228cd717a77c6b29b3ada305f97d38bc00569fe49bc1f9ed3dee098d7d4f1aec8f766b081aadec,2018-06-26 09:40:00,30,TRAFFIC SIGNAL,FUNCTIONING PROPERLY,RAIN,DAYLIGHT,REAR END,NOT DIVIDED,STRAIGHT AND LEVEL,WET,NO DEFECTS,NO INJURY / DRIVE AWAY,"$501 - $1,500",UNABLE TO DETERMINE,UNABLE TO DETERMINE,2,N,CICERO AVE,2,NO INDICATION OF INJURY,0.0,0.0,0.0,0.0,0.0,2.0,0.0,9,3,6