CRASH_RECORD_ID,CRASH_DATE,POSTED_SPEED_LIMIT,TRAFFIC_CONTROL_DEVICE,DEVICE_CONDITION,WEATHER_CONDITION,LIGHTING_CONDITION,FIRST_CRASH_TYPE,TRAFFICWAY_TYPE,ALIGNMENT,ROADWAY_SURFACE_COND,ROAD_DEFECT,CRASH_TYPE,DAMAGE,PRIM_CONTRIBUTORY_CAUSE,SEC_CONTRIBUTORY_CAUSE,STREET_NO,STREET_DIRECTION,STREET_NAME,NUM_UNITS,MOST_SEVERE_INJURY,INJURIES_TOTAL,INJURIES_FATAL,INJURIES_INCAPACITATING,INJURIES_NON_INCAPACITATING,INJURIES_REPORTED_NOT_EVIDENT,INJURIES_NO_INDICATION,INJURIES_UNKNOWN,CRASH_HOUR,CRASH_DAY_OF_WEEK,CRASH_MONTH
ad7639dddbd7d7805c7c78daf81c66f975686594b0e7fd0fb9303d20d247ecbbe9e49f9f9827e4e722b7cb71234d17e5790d06361cc285447d498d8ccf4a9dec,2023-03-15 18:40:00,30,STOP SIGN/FLASHER,NO CONTROLS,CLEAR,DUSK,TURNING,T-INTERSECTION,STRAIGHT AND LEVEL,DRY,NO DEFECTS,INJURY AND / OR TOW DUE TO CRASH,"OVER $1,500",FAILING TO YIELD RIGHT-OF-WAY,IMPROPER OVERTAKING/PASSING,7600,S,KINGSTON AVE,2,NO INDICATION OF INJURY,0.0,0.0,0.0,0.0,0.0,4.0,0.0,18,4,3
70f1518fd1e92b0eb3a52d7bd5ab5f344f26df2dc9d720b1defc4be392d5e9d0f779507c63219a1c71f2554b779e94ae15c96709342d3dfd11ffb85a2dafa539,2020-03-10 22:30:00,30,NO CONTROLS,NO CONTROLS,CLEAR,"DARKNESS, LIGHTED ROAD",PARKED MOTOR VEHICLE,PARKING LOT,STRAIGHT AND LEVEL,DRY,NO DEFECTS,NO INJURY / DRIVE AWAY,"OVER $1,500",NOT APPLICABLE,NOT APPLICABLE,5133,W,NORTH AVE,2,NO INDICATION OF INJURY,0.0,0.0,0.0,0.0,0.0,1.0,0.0,22,3,3
07a43ce331ad3b0d30f0bf584140332fc7ee4493d69743e2e415bce233635a6fb6cfe5f3d4fda491c1c8bea413cf8d4db073f2930d5664f4969a8404d5dcc02c,2023-01-26 15:51:00,30,NO CONTROLS,NO CONTROLS,SNOW,DAYLIGHT,TURNING,NOT DIVIDED,STRAIGHT AND LEVEL,SNOW OR SLUSH,NO DEFECTS,INJURY AND / OR TOW DUE TO CRASH,"OVER $1,500",FAILING TO YIELD RIGHT-OF-WAY,IMPROPER OVERTAKING/PASSING,1221,W,79TH ST,2,NO INDICATION OF INJURY,0.0,0.0,0.0,0.0,0.0,2.0,0.0,15,5,1
46230415d61df2099476097ec9fc416ddf7da293090650a0defd6fa158a0d778c097ff8f02ce20e31113c29c233b5a67bbbf9d6f8828c95d4fa5b6e0d9b85533,2020-03-12 21:12:00,30,TRAFFIC SIGNAL,FUNCTIONING PROPERLY,CLEAR,"DARKNESS, LIGHTED ROAD",REAR END,ONE-WAY,STRAIGHT AND LEVEL,DRY,NO DEFECTS,INJURY AND / OR TOW DUE TO CRASH,"OVER $1,500",DISREGARDING TRAFFIC SIGNALS,UNABLE TO DETERMINE,2,E,ONTARIO ST,3,NO INDICATION OF INJURY,0.0,0.0,0.0,0.0,0.0,6.0,0.0,21,5,3
aa5d3ce444462466e3c3eebca5e561baa2a7f16db6472d795350d8844091a1d90335ed576dd399350653f18fee254428ede40416261491e386fb1d2c87954242,2018-05-14 07:15:00,30,NO CONTROLS,NO CONTROLS,RAIN,DAYLIGHT,SIDESWIPE SAME DIRECTION,NOT DIVIDED,STRAIGHT AND LEVEL,WET,UNKNOWN,NO INJURY / DRIVE AWAY,"$501 - $1,500",IMPROPER LANE USAGE,IMPROPER OVERTAKING/PASSING,700,W,MADISON ST,2,NO INDICATION OF INJURY,0.0,0.0,0.0,0.0,0.0,3.0,0.0,7,2,5
cb9febf27becdd15f736e026c705ed5d1e0e33262d64a6ca66bb2f543a4d4e26639b4b728e99f1e1ae5ce20c2cf2f3b0290e7cca8099dbf004a638dbda965889,2018-02-27 18:10:00,35,NO CONTROLS,NO CONTROLS,CLEAR,"DARKNESS, LIGHTED ROAD",PEDESTRIAN,DIVIDED - W/MEDIAN (NOT RAISED),STRAIGHT AND LEVEL,DRY,NO DEFECTS,INJURY AND / OR TOW DUE TO CRASH,"OVER $1,500",FAILING TO YIELD RIGHT-OF-WAY,EXCEEDING AUTHORIZED SPEED LIMIT,3102,N,CENTRAL AVE,2,NONINCAPACITATING INJURY,1.0,0.0,0.0,1.0,0.0,1.0,0.0,18,3,2
3ed55eba52829fc6213b3d6b9e5f67f1f3cf886b831ed2f9165d352008631b6c92d765b96315e190c98dde01fbb0e90cbdb892a0cf606271a8ed1dc1d0cbf583,2020-10-29 06:30:00,25,NO CONTROLS,NO CONTROLS,CLEAR,DARKNESS,PARKED MOTOR VEHICLE,ONE-WAY,STRAIGHT AND LEVEL,DRY,NO DEFECTS,NO INJURY / DRIVE AWAY,"$501 - $1,500",UNABLE TO DETERMINE,UNABLE TO DETERMINE,5235,S,SACRAMENTO AVE,2,NO INDICATION OF INJURY,0.0,0.0,0.0,0.0,0.0,1.0,0.0,6,5,10
e1ef5056d8812d65721a6a6d6f1fe40a03854bfeeb2824441d542d2d38553eab52e32c1a57e2d56f1455e9658d90b6e45dd9039f6a5243e8a334b745e12907ce,2020-02-19 14:50:00,25,UNKNOWN,UNKNOWN,CLEAR,DAYLIGHT,SIDESWIPE OPPOSITE DIRECTION,NOT DIVIDED,STRAIGHT AND LEVEL,DRY,NO DEFECTS,NO INJURY / DRIVE AWAY,"$501 - $1,500",UNABLE TO DETERMINE,UNABLE TO DETERMINE,2206,W,THOME AVE,3,NO INDICATION OF INJURY,0.0,0.0,0.0,0.0,0.0,3.0,0.0,14,4,2
2ade0ef38b237d4a85e5bcafef867856604dd71af2a9a3ba446ead13d9bc8cdd19fa68aa32542b30f42d78f5694345029dbdb532a96dc416cb3c8c149e1f3417,2023-07-31 07:38:00,30,NO CONTROLS,NO CONTROLS,CLEAR,DAYLIGHT,REAR END,NOT DIVIDED,STRAIGHT AND LEVEL,DRY,NO DEFECTS,NO INJURY / DRIVE AWAY,"OVER $1,500",FOLLOWING TOO CLOSELY,FAILING TO REDUCE SPEED TO AVOID CRASH,5024,W,FOSTER AVE,2,NO INDICATION OF INJURY,0.0,0.0,0.0,0.0,0.0,2.0,0.0,7,2,7
8a83398ecb3bc8f589ea306bdcf8ff82e98543d905d067ddb3f4a5a0ccfcd49b2f9ccfbc1b92f9261eac161c4a0d6deea40be9698e439b4897861871a8ffe2d7,2024-02-28 09:01:00,30,TRAFFIC SIGNAL,FUNCTIONING PROPERLY,SNOW,DAYLIGHT,REAR TO FRONT,NOT DIVIDED,STRAIGHT AND LEVEL,SNOW OR SLUSH,NO DEFECTS,NO INJURY / DRIVE AWAY,"$501 - $1,500",FAILING TO YIELD RIGHT-OF-WAY,NOT APPLICABLE,1925,N,ASHLAND AVE,2,NO INDICATION OF INJURY,0.0,0.0,0.0,0.0,0.0,2.0,0.0,9,4,2
5826b651e8579ae8c0de1419de86afb031b82a16f7326b29eb15f8f3bc6fc7dccc2f076563de1d8a8a362b9bff0dcdaa371fedbca1bd5cccd8e5416c28f02687,2023-09-27 22:30:00,30,TRAFFIC SIGNAL,FUNCTIONING PROPERLY,CLEAR,DAYLIGHT,REAR END,DIVIDED - W/MEDIAN (NOT RAISED),STRAIGHT AND LEVEL,DRY,NO DEFECTS,NO INJURY / DRIVE AWAY,"$501 - $1,500",FOLLOWING TOO CLOSELY,FAILING TO REDUCE SPEED TO AVOID CRASH,199,N,CLARK ST,2,NO INDICATION OF INJURY,0.0,0.0,0.0,0.0,0.0,2.0,0.0,22,4,9
159fc4a4d81ebc7163617c542452143b9a21fa89a6e1f9cb797b52b66da13e86aa3a29924a2ae88e5238db0e1ba6e8112690757ee2614dcdb3dad5a9a100f4f0,2022-04-07 08:00:00,30,NO CONTROLS,NO CONTROLS,OTHER,UNKNOWN,PARKED MOTOR VEHICLE,PARKING LOT,STRAIGHT AND LEVEL,DRY,UNKNOWN,NO INJURY / DRIVE AWAY,"OVER $1,500",UNABLE TO DETERMINE,UNABLE TO DETERMINE,1310,N,RITCHIE CT,2,NO INDICATION OF INJURY,0.0,0.0,0.0,0.0,0.0,1.0,0.0,8,5,4
ff193e91d03e0b1bb18ea049554922c859cc99e03c24ce69a90ee0afb0f47e7ba700983b837f0b8219e69627a991ebe1a1ca8ccc76041a1b073ac9ae6e227501,2019-12-02 06:58:00,30,NO CONTROLS,NO CONTROLS,CLOUDY/OVERCAST,DAYLIGHT,PEDESTRIAN,DIVIDED - W/MEDIAN (NOT RAISED),STRAIGHT AND LEVEL,DRY,NO DEFECTS,NO INJURY / DRIVE AWAY,$500 OR LESS,IMPROPER OVERTAKING/PASSING,FAILING TO YIELD RIGHT-OF-WAY,4855,W,MONTROSE AVE,2,NO INDICATION OF INJURY,0.0,0.0,0.0,0.0,0.0,2.0,0.0,6,2,12
7daffc7162f03ebae4d30ad9cf07bd6854b300e1542375224cb0743d6835cae5b4988101ea05d1fa45914a2b418c158dd0948faeeea296e95670ed4c076bb2a9,2022-07-25 16:30:00,30,NO CONTROLS,NO CONTROLS,CLEAR,DAYLIGHT,REAR END,NOT DIVIDED,STRAIGHT AND LEVEL,DRY,NO DEFECTS,NO INJURY / DRIVE AWAY,"OVER $1,500",FOLLOWING TOO CLOSELY,FOLLOWING TOO CLOSELY,8400,W,IRVING PARK RD,2,NO INDICATION OF INJURY,0.0,0.0,0.0,0.0,0.0,2.0,0.0,16,2,7
a68c771b7d4131af0a54b37b06d43a420799668d44e12206d98f07ce116daa1a214aa474033e534e276b45d21fc43dd4ddcca3896cb347203765df0ff08542eb,2021-06-16 11:00:00,30,NO CONTROLS,NO CONTROLS,CLEAR,UNKNOWN,PARKED MOTOR VEHICLE,ONE-WAY,STRAIGHT AND LEVEL,DRY,NO DEFECTS,NO INJURY / DRIVE AWAY,"OVER $1,500",UNABLE TO DETERMINE,NOT APPLICABLE,10135,S,PERRY AVE,2,NO INDICATION OF INJURY,0.0,0.0,0.0,0.0,0.0,1.0,0.0,11,4,6
a74ef208fd83e7c50f154c7cb57e84b37808cc6111a1c8f9c339385a7727760fbf2e5b649b6faaf0491003c8af528d1788bd87f8d999cc5ffb7831609806be29,2016-11-02 13:30:00,30,NO CONTROLS,NO CONTROLS,RAIN,DAYLIGHT,PARKED MOTOR VEHICLE,DIVIDED - W/MEDIAN (NOT RAISED),STRAIGHT AND LEVEL,WET,NO DEFECTS,NO INJURY / DRIVE AWAY,"$501 - $1,500",UNABLE TO DETERMINE,UNABLE TO DETERMINE,5700,S,CICERO AVE,2,NO INDICATION OF INJURY,0.0,0.0,0.0,0.0,0.0,1.0,0.0,13,4,11
cce8db2fb1c3ff850165495b0dd40ccb8964423273f84810dba5e7006b07f030f729eb5b103c7def2d298ff639d4d3e06c387cec61e0998c2433281726e62d20,2024-02-05 12:43:00,30,NO CONTROLS,NO CONTROLS,CLEAR,DAYLIGHT,SIDESWIPE SAME DIRECTION,DIVIDED - W/MEDIAN (NOT RAISED),STRAIGHT AND LEVEL,DRY,NO DEFECTS,INJURY AND / OR TOW DUE TO CRASH,"OVER $1,500",UNABLE TO DETERMINE,UNABLE TO DETERMINE,6641,S,KEDZIE AVE,2,NO INDICATION OF INJURY,0.0,0.0,0.0,0.0,0.0,2.0,0.0,12,2,2
ebf4e67788af223f6473d3a3bb526fb359b99eb48a76ca07ca62f8b20c3298b11547a7e6f960f01e07e6f6d98af5a1e1a59fe020b87a5bd4f5bef64ceef41e14,2017-12-15 14:40:00,30,NO CONTROLS,NO CONTROLS,CLEAR,DAYLIGHT,PARKED MOTOR VEHICLE,NOT DIVIDED,STRAIGHT AND LEVEL,DRY,NO DEFECTS,NO INJURY / DRIVE AWAY,"$501 - $1,500",UNABLE TO DETERMINE,UNABLE TO DETERMINE,5057,N,KENMORE AVE,2,NO INDICATION OF INJURY,0.0,0.0,0.0,0.0,0.0,1.0,0.0,14,6,12
b3c26ce8c7d49a6c4bd3a0eb96277a931851b96555b3edce4757719365cb2c008eabaa3ddfa0c6d63d3c1ae240f9c59668248e7d2d76654cded30c58fc2c72cf,2023-07-22 14:00:00,10,NO CONTROLS,NO CONTROLS,CLEAR,DAYLIGHT,SIDESWIPE OPPOSITE DIRECTION,PARKING LOT,STRAIGHT AND LEVEL,DRY,UNKNOWN,NO INJURY / DRIVE AWAY,"OVER $1,500",UNABLE TO DETERMINE,NOT APPLICABLE,5521,S,KEDZIE AVE,2,NO INDICATION OF INJURY,0.0,0.0,0.0,0.0,0.0,3.0,0.0,14,7,7
cf77919b764d23e3271dc48fdcfdbe59d5ac4619304ef0fd81a6387cad61b0c0b177863780b10c43a60afa8b3133fe7ddad5ad0fba3738a04b953f4e7562352d,2021-05-26 20:26:00,35,UNKNOWN,FUNCTIONING PROPERLY,CLEAR,"DARKNESS, LIGHTED ROAD",SIDESWIPE OPPOSITE DIRECTION,DIVIDED - W/MEDIAN (NOT RAISED),STRAIGHT AND LEVEL,DRY,NO DEFECTS,NO INJURY / DRIVE AWAY,"OVER $1,500",UNABLE TO DETERMINE,UNABLE TO DETERMINE,7200,S,STONY ISLAND AVE,2,NO INDICATION OF INJURY,0.0,0.0,0.0,0.0,0.0,2.0,0.0,20,4,5
ff6004e348d67487d7fbfcae39a597930cb9ae8283dc7c58e19c1db9a15710aea1c29a8394879b405ec1666eb3b255ae9620cfb9885f0266d26ec5dff2a72cbd,2023-08-30 07:50:00,30,NO CONTROLS,NO CONTROLS,CLEAR,DAYLIGHT,REAR END,DIVIDED - W/MEDIAN (NOT RAISED),STRAIGHT AND LEVEL,DRY,NO DEFECTS,INJURY AND / OR TOW DUE TO CRASH,"$501 - $1,500",FOLLOWING TOO CLOSELY,NOT APPLICABLE,5045,W,LAKE ST,2,NO INDICATION OF INJURY,0.0,0.0,0.0,0.0,0.0,4.0,0.0,7,4,8
c7e1de4d1255947af74fa66eb22bc445e487a113f3a5f075e4e1344523ba9ae6c1ce8ba76e39584ed36449024e3438cd3038552e4dcb40215cc7b39be3031e38,2016-10-17 11:45:00,30,NO CONTROLS,NO CONTROLS,CLEAR,DAYLIGHT,SIDESWIPE SAME DIRECTION,NOT DIVIDED,STRAIGHT AND LEVEL,DRY,NO DEFECTS,NO INJURY / DRIVE AWAY,"$501 - $1,500",IMPROPER OVERTAKING/PASSING,UNABLE TO DETERMINE,1840,S,HOMAN AVE,2,NO INDICATION OF INJURY,0.0,0.0,0.0,0.0,0.0,4.0,0.0,11,2,10
0a8f3de4e0a444452d26e060177fbd1f7cc9f0d5d52202c416767cc0426146a592b2a42e26c635c816fd207005d4bfb543a2c2488f3c768eb1bd4ceb5a86e5c0,2018-07-18 08:24:00,30,TRAFFIC SIGNAL,FUNCTIONING PROPERLY,CLEAR,DAYLIGHT,SIDESWIPE SAME DIRECTION,ONE-WAY,STRAIGHT AND LEVEL,DRY,NO DEFECTS,INJURY AND / OR TOW DUE TO CRASH,"OVER $1,500",FAILING TO YIELD RIGHT-OF-WAY,NOT APPLICABLE,181,N,CANAL ST,2,NONINCAPACITATING INJURY,1.0,0.0,0.0,1.0,0.0,2.0,0.0,8,4,7
ef9b5663a0e2068ae26896df1c8a96f1c490815d09cbba3e21d8a45af666294e6f4cc5012fa2f76bcd0bbfc839dadbbca7ec7a135802161640d8be6b72051ae2,2017-03-01 16:40:00,30,TRAFFIC SIGNAL,FUNCTIONING PROPERLY,SLEET/HAIL,DAYLIGHT,SIDESWIPE SAME DIRECTION,NOT DIVIDED,STRAIGHT AND LEVEL,WET,NO DEFECTS,NO INJURY / DRIVE AWAY,"$501 - $1,500",FAILING TO REDUCE SPEED TO AVOID CRASH,NOT APPLICABLE,4631,W,BELMONT AVE,2,NO INDICATION OF INJURY,0.0,0.0,0.0,0.0,0.0,4.0,0.0,16,4,3
8d1b6b4cd5009071f1de28f344a6a55fba6056c87c55199ceb00af930e7f90a3a9d573c09decfe2b925fd88067bfc957f9c5ee31cd47f673b7b746dc2ff7a0e0,2023-04-17 09:45:00,30,TRAFFIC SIGNAL,FUNCTIONING PROPERLY,UNKNOWN,DAYLIGHT,ANGLE,OTHER,STRAIGHT AND LEVEL,UNKNOWN,UNKNOWN,INJURY AND / OR TOW DUE TO CRASH,"$501 - $1,500",DISREGARDING TRAFFIC SIGNALS,NOT APPLICABLE,1733,N,HALSTED ST,2,NO INDICATION OF INJURY,0.0,0.0,0.0,0.0,0.0,2.0,0.0,9,2,4
fdd5b3f64e803172d563a5b8c9096b94bfba887c806e547560ceaae2c9c537162ceaf28aae1249e4028f617c67a68161c772030abd07c77fe534a2cb230286d1,2016-02-23 13:00:00,30,NO CONTROLS,NO CONTROLS,CLEAR,DAYLIGHT,PARKED MOTOR VEHICLE,PARKING LOT,STRAIGHT AND LEVEL,DRY,UNKNOWN,NO INJURY / DRIVE AWAY,"OVER $1,500",IMPROPER OVERTAKING/PASSING,NOT APPLICABLE,6255,S,ARCHER AVE,2,NO INDICATION OF INJURY,0.0,0.0,0.0,0.0,0.0,1.0,0.0,13,3,2
e687ffdef3738900f82834e167accbf6f7d2d875ca429f126afc80759d0edb277d0b6e9eac44dd44e13bb9ff66e09e80490f834c9bc01d8bfab8a49732ebb27b,2023-07-22 21:50:00,30,TRAFFIC SIGNAL,UNKNOWN,CLEAR,"DARKNESS, LIGHTED ROAD",REAR END,CENTER TURN LANE,STRAIGHT AND LEVEL,DRY,UNKNOWN,NO INJURY / DRIVE AWAY,"OVER $1,500",FOLLOWING TOO CLOSELY,NOT APPLICABLE,5,S,AUSTIN BLVD,2,NO INDICATION OF INJURY,0.0,0.0,0.0,0.0,0.0,2.0,0.0,21,7,7
6402a2339540c460b1cb43fa86790f8bb19e95f74b7c8b46f93672af81f261e6f0a9e8c927f8c32cc7eb3881a1226413607ecb2a6fe408286392485e42ae17e7,2024-03-05 12:45:00,30,NO CONTROLS,NO CONTROLS,CLEAR,DAYLIGHT,TURNING,NOT DIVIDED,STRAIGHT AND LEVEL,DRY,NO DEFECTS,NO INJURY / DRIVE AWAY,"OVER $1,500",UNABLE TO DETERMINE,UNABLE TO DETERMINE,6008,W,IRVING PARK RD,2,NO INDICATION OF INJURY,0.0,0.0,0.0,0.0,0.0,2.0,0.0,12,3,3
9453b5c787d6a80894f63cde26255f0452e13243546fd9943ac4ad53c1f6e6144cc651e35be598bcfa530cb8ece7e3ce232db6cdcae6ff63f8a5f6e025dd929b,2018-09-04 17:15:00,30,NO CONTROLS,NO CONTROLS,CLEAR,DAYLIGHT,SIDESWIPE SAME DIRECTION,NOT DIVIDED,STRAIGHT AND LEVEL,DRY,NO DEFECTS,NO INJURY / DRIVE AWAY,"$501 - $1,500",UNABLE TO DETERMINE,UNABLE TO DETERMINE,1705,N,LA SALLE DR,2,NO INDICATION OF INJURY,0.0,0.0,0.0,0.0,0.0,2.0,0.0,17,3,9
5da3702d635ecf743ba631d80ca70ad10134578f21f8312a0a2d006a27e523bf134228aef26effc695f34509d69681a7471efb1a9fe7c987cc4ab3d913230625,2016-12-16 14:34:00,30,POLICE/FLAGMAN,UNKNOWN,UNKNOWN,UNKNOWN,FIXED OBJECT,CENTER TURN LANE,STRAIGHT AND LEVEL,UNKNOWN,UNKNOWN,INJURY AND / OR TOW DUE TO CRASH,"OVER $1,500",UNABLE TO DETERMINE,UNABLE TO DETERMINE,8901,S,WESTERN AVE,1,INCAPACITATING INJURY,1.0,0.0,1.0,0.0,0.0,0.0,0.0,14,6,12
70fb0b946fb84bb6fee38d8f95212c24d96a7e8448ae7b9f7373422146296aa9a0d22ca6ceb24119f7020819957a0a2d774cd84f8b6aaa5bbc7780c7e2e0611a,2021-03-11 14:55:00,30,NO CONTROLS,NO CONTROLS,CLEAR,DAYLIGHT,OTHER NONCOLLISION,ONE-WAY,STRAIGHT AND LEVEL,DRY,"RUT, HOLES",NO INJURY / DRIVE AWAY,"$501 - $1,500",NOT APPLICABLE,NOT APPLICABLE,11100,S,MARSHFIELD AVE,1,NO INDICATION OF INJURY,0.0,0.0,0.0,0.0,0.0,1.0,0.0,14,5,3
ff4eb6727952e0c1446d598933f43f5c61ca8a29378670cbc296c7f95d0be760047b279bd1e76a53ae2c48311858e9ea06f0d0270d04d83c74bdec93187a77bc,2023-12-12 17:45:00,30,NO CONTROLS,NO CONTROLS,CLEAR,DAYLIGHT,SIDESWIPE SAME DIRECTION,DIVIDED - W/MEDIAN (NOT RAISED),STRAIGHT AND LEVEL,DRY,NO DEFECTS,NO INJURY / DRIVE AWAY,"$501 - $1,500",FAILING TO YIELD RIGHT-OF-WAY,DRIVING SKILLS/KNOWLEDGE/EXPERIENCE,152,W,CONGRESS PKWY,2,NO INDICATION OF INJURY,0.0,0.0,0.0,0.0,0.0,2.0,0.0,17,3,12
5b3685c964f5638a28c785828c69f5b9f8326dae733fae0474aa2201270e76bc31d7a4cc2ebe1f75f7c7e224f9c40c07b9706d5f5ab0cedfcdec9d33ce89add0,2020-05-22 19:00:00,30,UNKNOWN,UNKNOWN,UNKNOWN,"DARKNESS, LIGHTED ROAD",PEDESTRIAN,UNKNOWN,STRAIGHT AND LEVEL,UNKNOWN,UNKNOWN,INJURY AND / OR TOW DUE TO CRASH,$500 OR LESS,UNABLE TO DETERMINE,NOT APPLICABLE,1057,N,MONTICELLO AVE,2,"REPORTED, NOT EVIDENT",1.0,0.0,0.0,0.0,1.0,1.0,0.0,19,6,5
93a9e4cf7557e38d8c3f16d6c5cd4a03ef4eac61fee02db4dc2eb85dabcad64e5c37fe1be5187a1311f81c381a2c283eca439faf88bd2f706ba5e66863a9c50c,2021-05-25 15:30:00,30,TRAFFIC SIGNAL,FUNCTIONING PROPERLY,CLEAR,DAYLIGHT,REAR END,NOT DIVIDED,STRAIGHT AND LEVEL,DRY,NO DEFECTS,INJURY AND / OR TOW DUE TO CRASH,"OVER $1,500",FOLLOWING TOO CLOSELY,FOLLOWING TOO CLOSELY,1610,W,87TH ST,2,NO INDICATION OF INJURY,0.0,0.0,0.0,0.0,0.0,2.0,0.0,15,3,5
c19634256b4f5152bc149e3434c429621e6316e5525621c8db04ae89d111e74d185f515efe1121fb432d139f2ac8a65d4dc77f0f0ff470a114bcea4b5581d190,2019-11-22 15:00:00,30,NO CONTROLS,NO CONTROLS,CLEAR,DAYLIGHT,SIDESWIPE SAME DIRECTION,ONE-WAY,STRAIGHT ON GRADE,DRY,NO DEFECTS,NO INJURY / DRIVE AWAY,"OVER $1,500",UNABLE TO DETERMINE,UNABLE TO DETERMINE,221,N,DEARBORN ST,2,NO INDICATION OF INJURY,0.0,0.0,0.0,0.0,0.0,3.0,0.0,15,6,11
10ef64b4f0de7a18668c91ea6b4f837b45e4594b0850738c099dcea9ce2d56b1f73e7e4f0357f727aa1237502333b8cc545e33efdb4efca48ab2f450208130c7,2022-10-04 07:00:00,30,NO CONTROLS,NO CONTROLS,CLEAR,DAWN,PARKED MOTOR VEHICLE,DIVIDED - W/MEDIAN (NOT RAISED),STRAIGHT AND LEVEL,DRY,NO DEFECTS,NO INJURY / DRIVE AWAY,"$501 - $1,500",UNABLE TO DETERMINE,UNABLE TO DETERMINE,6640,N,CALIFORNIA AVE,2,NO INDICATION OF INJURY,0.0,0.0,0.0,0.0,0.0,1.0,0.0,7,3,10
afecfad76dc9d2da5ddf1af8be456fbe74725110659844dbd52a84deb1178384abcec8e505444b2923648f34c7ca275002b099f3759069015f261cef75f53581,2018-11-15 08:30:00,30,STOP SIGN/FLASHER,FUNCTIONING PROPERLY,SNOW,DAYLIGHT,REAR END,UNKNOWN,STRAIGHT AND LEVEL,SNOW OR SLUSH,UNKNOWN,NO INJURY / DRIVE AWAY,$500 OR LESS,WEATHER,NOT APPLICABLE,1403,W,94TH ST,2,NO INDICATION OF INJURY,0.0,0.0,0.0,0.0,0.0,2.0,0.0,8,5,11
66259bcfe7a174e1ca1418227949501455932949581e3f9ed2e8c5df9057cf9d07802990671f5246d3b083f4eab37bda9d2da0f0a6ef6acea604eb163ce01c64,2021-01-07 15:00:00,25,STOP SIGN/FLASHER,FUNCTIONING PROPERLY,CLEAR,DAYLIGHT,ANGLE,NOT DIVIDED,STRAIGHT AND LEVEL,DRY,NO DEFECTS,INJURY AND / OR TOW DUE TO CRASH,$500 OR LESS,DISREGARDING STOP SIGN,NOT APPLICABLE,10600,S,AVENUE H,2,NO INDICATION OF INJURY,0.0,0.0,0.0,0.0,0.0,2.0,0.0,15,5,1
3db0c23cc1af29141675f9ae22a65815c47e27a9a89eeb7bd0db8ee75fbb343653ed9a2cd0f40a3ac1d3407fe58ff1a060edeb50afa263f89c7d791d925fb7cd,2019-07-29 08:13:00,30,NO CONTROLS,NO CONTROLS,CLOUDY/OVERCAST,DAYLIGHT,FIXED OBJECT,DIVIDED - W/MEDIAN (NOT RAISED),STRAIGHT AND LEVEL,DRY,NO DEFECTS,NO INJURY / DRIVE AWAY,"OVER $1,500",FAILING TO REDUCE SPEED TO AVOID CRASH,NOT APPLICABLE,4532,W,55TH ST,1,NO INDICATION OF INJURY,0.0,0.0,0.0,0.0,0.0,1.0,0.0,8,2,7
3bdeb26647d18943e61bb4cacccd388e2a12195ce6c9a10ffe6995e7f2a6b66ae0830588604fcbe7976a40c7daa47c79cf4f3b5aef4d7f7f3d64aa391e2cb0d3,2021-05-10 19:09:00,30,STOP SIGN/FLASHER,FUNCTIONING PROPERLY,CLEAR,"DARKNESS, LIGHTED ROAD",ANGLE,NOT DIVIDED,STRAIGHT AND LEVEL,DRY,NO DEFECTS,INJURY AND / OR TOW DUE TO CRASH,"$501 - $1,500",FAILING TO YIELD RIGHT-OF-WAY,FAILING TO YIELD RIGHT-OF-WAY,2800,W,12TH PL,2,NO INDICATION OF INJURY,0.0,0.0,0.0,0.0,0.0,2.0,0.0,19,2,5
6bcb45a9d918250c194250697d9a90cf8ab70d66c6f7208324ba1733b128578b1009181754472ac24f32ec893f292650f5bb98e079f8966ac87e72390a2086bf,2023-06-10 13:25:00,30,NO CONTROLS,NO CONTROLS,CLEAR,DAYLIGHT,PARKED MOTOR VEHICLE,NOT DIVIDED,STRAIGHT AND LEVEL,DRY,UNKNOWN,INJURY AND / OR TOW DUE TO CRASH,"OVER $1,500",DRIVING SKILLS/KNOWLEDGE/EXPERIENCE,UNABLE TO DETERMINE,2843,W,51ST ST,3,NONINCAPACITATING INJURY,1.0,0.0,0.0,1.0,0.0,2.0,0.0,13,7,6
c509203e6ace181f9582308e7412fc90f18f8383cb8a22f035b24da6b5abd4600be4177181d5bd47db2e0a42feaa3bf73d09b7c03c63ff37fba3d7910223574c,2019-12-03 19:42:00,30,NO CONTROLS,NO CONTROLS,CLEAR,"DARKNESS, LIGHTED ROAD",PARKED MOTOR VEHICLE,NOT DIVIDED,STRAIGHT AND LEVEL,DRY,NO DEFECTS,NO INJURY / DRIVE AWAY,"$501 - $1,500",UNABLE TO DETERMINE,NOT APPLICABLE,221,E,47TH ST,2,NO INDICATION OF INJURY,0.0,0.0,0.0,0.0,0.0,1.0,0.0,19,3,12
9f4b00794ce3d4c82001dea4d6f56c251fae93515a8bad4fb811a423a101012e0f7db77809492e949fa0be8e340ca1a88b8f3cd8af305902126d2f0d2d66c398,2020-11-06 10:30:00,35,NO CONTROLS,NO CONTROLS,CLEAR,DAYLIGHT,SIDESWIPE SAME DIRECTION,NOT DIVIDED,STRAIGHT AND LEVEL,DRY,NO DEFECTS,NO INJURY / DRIVE AWAY,$500 OR LESS,IMPROPER LANE USAGE,IMPROPER LANE USAGE,3201,W,COLUMBUS AVE,2,NO INDICATION OF INJURY,0.0,0.0,0.0,0.0,0.0,2.0,0.0,10,6,11