CRASH_RECORD_ID,CRASH_DATE,POSTED_SPEED_LIMIT,TRAFFIC_CONTROL_DEVICE,DEVICE_CONDITION,WEATHER_CONDITION,LIGHTING_CONDITION,FIRST_CRASH_TYPE,TRAFFICWAY_TYPE,ALIGNMENT,ROADWAY_SURFACE_COND,ROAD_DEFECT,CRASH_TYPE,DAMAGE,PRIM_CONTRIBUTORY_CAUSE,SEC_CONTRIBUTORY_CAUSE,STREET_NO,STREET_DIRECTION,STREET_NAME,NUM_UNITS,MOST_SEVERE_INJURY,INJURIES_TOTAL,INJURIES_FATAL,INJURIES_INCAPACITATING,INJURIES_NON_INCAPACITATING,INJURIES_REPORTED_NOT_EVIDENT,INJURIES_NO_INDICATION,INJURIES_UNKNOWN,CRASH_HOUR,CRASH_DAY_OF_WEEK,CRASH_MONTH
d0a41f768bf750b4004b7efd93a795879d19746f9b122bf24faaec78eb1044f83574f141440ae3a78a8dd472fe643253488909117858201d45689f3c016a3b97,2020-04-29 13:55:00,30,NO CONTROLS,NO CONTROLS,RAIN,DAYLIGHT,SIDESWIPE SAME DIRECTION,DIVIDED - W/MEDIAN (NOT RAISED),STRAIGHT AND LEVEL,WET,NO DEFECTS,NO INJURY / DRIVE AWAY,"OVER $1,500",IMPROPER OVERTAKING/PASSING,NOT APPLICABLE,5627,W,GRAND AVE,2,NO INDICATION OF INJURY,0.0,0.0,0.0,0.0,0.0,3.0,0.0,13,4,4
8de41fd20d4e0b88052f22ff4245fd6e178cf5c2d07c5bd40e1e03778149f7713674e08beb37f385e0f0d125a0c2f8305ef9508b7932385241ba568ad2c8f68d,2022-04-05 12:00:00,30,NO CONTROLS,NO CONTROLS,CLEAR,DAYLIGHT,PARKED MOTOR VEHICLE,NOT DIVIDED,STRAIGHT AND LEVEL,DRY,NO DEFECTS,NO INJURY / DRIVE AWAY,"OVER $1,500",UNABLE TO DETERMINE,UNABLE TO DETERMINE,1808,W,CHICAGO AVE,2,NO INDICATION OF INJURY,0.0,0.0,0.0,0.0,0.0,1.0,0.0,12,3,4
9cb030c381a922296c41dde33f1fd501b9868f45cd8cf1fe928d8bedc4909f585be436adbe163eae6fcabf0a1d0dc0f1bb7c65a68c9bb9d9406b37af7b7f792e,2023-07-26 17:00:00,30,UNKNOWN,UNKNOWN,CLEAR,DAYLIGHT,SIDESWIPE SAME DIRECTION,UNKNOWN,STRAIGHT AND LEVEL,UNKNOWN,UNKNOWN,NO INJURY / DRIVE AWAY,"OVER $1,500",IMPROPER OVERTAKING/PASSING,IMPROPER OVERTAKING/PASSING,7900,S,COTTAGE GROVE AVE,2,NO INDICATION OF INJURY,0.0,0.0,0.0,0.0,0.0,2.0,0.0,17,4,7
53c4ee826d266c269de2e89c2d2b1fe99f58c7d3ce501351aa0139dee3ef67adf1fa3ee670b85de0ed86ae5a46d8d523bfc4a7fc9affa0b0a413f5d6aa753579,2020-12-24 13:24:00,30,TRAFFIC SIGNAL,FUNCTIONING PROPERLY,CLOUDY/OVERCAST,DAYLIGHT,TURNING,T-INTERSECTION,STRAIGHT AND LEVEL,DRY,NO DEFECTS,INJURY AND / OR TOW DUE TO CRASH,"OVER $1,500",DISTRACTION - FROM INSIDE VEHICLE,NOT APPLICABLE,500,S,CONGRESS PLAZA DR,2,NO INDICATION OF INJURY,0.0,0.0,0.0,0.0,0.0,5.0,0.0,13,5,12
66493a43afbd426848f39dd8a3ff5facef471edeea89e549cd1488028fb87e92039d5f353df0e493b25f57a8d8e98e2175cd604a59714c15723be12d6dc8fb22,2024-01-06 15:24:00,30,NO CONTROLS,NO CONTROLS,CLEAR,DAYLIGHT,SIDESWIPE SAME DIRECTION,NOT DIVIDED,STRAIGHT AND LEVEL,DRY,NO DEFECTS,NO INJURY / DRIVE AWAY,"OVER $1,500",IMPROPER OVERTAKING/PASSING,NOT APPLICABLE,3410,N,HALSTED ST,2,NO INDICATION OF INJURY,0.0,0.0,0.0,0.0,0.0,3.0,0.0,15,7,1
9ab061091598565b6c9253cbd4893c2cf2bfb5cd56bb83e44dec77d29986745207c5a8e5f88d52849c1772cac7ec3a72932c62152cfe86496ccdeed1be1a83d4,2022-10-22 12:20:00,30,TRAFFIC SIGNAL,FUNCTIONING PROPERLY,CLEAR,DAYLIGHT,TURNING,FOUR WAY,STRAIGHT AND LEVEL,DRY,NO DEFECTS,INJURY AND / OR TOW DUE TO CRASH,"OVER $1,500",UNABLE TO DETERMINE,FAILING TO YIELD RIGHT-OF-WAY,499,S,KOSTNER AVE,2,NO INDICATION OF INJURY,0.0,0.0,0.0,0.0,0.0,3.0,0.0,12,7,10
290cf0df58945c3b69b32fc5ee00403d483ba51988a63b03b3bed617ed5329c222dbf1f94621b6163797c949ac1237dfeaecae4124b93ded03a5b3313d65c107,2022-11-23 15:45:00,30,STOP SIGN/FLASHER,NO CONTROLS,CLEAR,DAYLIGHT,ANGLE,NOT DIVIDED,STRAIGHT AND LEVEL,DRY,NO DEFECTS,NO INJURY / DRIVE AWAY,"OVER $1,500",UNABLE TO DETERMINE,UNABLE TO DETERMINE,1141,W,99TH ST,2,NO INDICATION OF INJURY,0.0,0.0,0.0,0.0,0.0,2.0,0.0,15,4,11
9cc117673dc3e1f7bfab0de70e34255c1982828e4928c7ce3062d491f65b98dcc1d7dae4107ddf3ae6a5db57f2ae9912ce8b0db69683c30e031a5a0e5426aa4a,2020-02-18 10:00:00,30,NO CONTROLS,NO CONTROLS,CLEAR,DAYLIGHT,ANGLE,ONE-WAY,STRAIGHT AND LEVEL,SNOW OR SLUSH,NO DEFECTS,NO INJURY / DRIVE AWAY,"OVER $1,500",FAILING TO YIELD RIGHT-OF-WAY,NOT APPLICABLE,3950,W,61ST PL,2,NO INDICATION OF INJURY,0.0,0.0,0.0,0.0,0.0,2.0,0.0,10,3,2
1f9fe4ff72f749c5842ae4e6a2511568091f4d61d3a79cc18e367e7e8509fe6126af90f119f602e74c48ba0c0d96a7786718e7dcb78811b3698efc57d9076302,2017-05-13 08:55:00,30,TRAFFIC SIGNAL,FUNCTIONING PROPERLY,CLEAR,DAYLIGHT,TURNING,NOT DIVIDED,STRAIGHT AND LEVEL,DRY,NO DEFECTS,NO INJURY / DRIVE AWAY,"OVER $1,500",FAILING TO YIELD RIGHT-OF-WAY,NOT APPLICABLE,2800,N,KIMBALL AVE,2,NO INDICATION OF INJURY,0.0,0.0,0.0,0.0,0.0,2.0,0.0,8,7,5
7ce4f09d678866f3a12bbf53fc1d6a6772c2246d760d8571f1b99026c26d391dd296aecfa862b03d55da79a77d2791d2991af10d0e51ec31f1d9a678db427b97,2017-05-27 16:15:00,35,NO CONTROLS,NO CONTROLS,CLEAR,DAYLIGHT,PARKED MOTOR VEHICLE,NOT DIVIDED,STRAIGHT AND LEVEL,DRY,NO DEFECTS,NO INJURY / DRIVE AWAY,"$501 - $1,500",UNABLE TO DETERMINE,IMPROPER LANE USAGE,915,N,PULASKI RD,2,NO INDICATION OF INJURY,0.0,0.0,0.0,0.0,0.0,1.0,0.0,16,7,5
01818eaa2dea50860c3da6cae33e25510f15ee5b7908a4e9f6b1dbaab9bfe1d51c5ef401a0ff2f2d76beb46ae50141d64e087311ff4affe57ae2e96683a68f37,2016-10-14 22:10:00,25,NO CONTROLS,NO CONTROLS,CLEAR,DARKNESS,ANGLE,DIVIDED - W/MEDIAN (NOT RAISED),STRAIGHT AND LEVEL,DRY,NO DEFECTS,NO INJURY / DRIVE AWAY,"OVER $1,500",FAILING TO YIELD RIGHT-OF-WAY,IMPROPER OVERTAKING/PASSING,6199,N,OAKLEY AVE,2,NO INDICATION OF INJURY,0.0,0.0,0.0,0.0,0.0,2.0,0.0,22,6,10
27954c11dfa4ec7b9945fc60ecbec99bf9ba1561d1a959aa6b74fc8b51c06a91ce9a0e09ec4ead90378e20523b7ac01432801023de204644e1ad0d5904bcfaaf,2018-09-26 12:15:00,30,STOP SIGN/FLASHER,FUNCTIONING PROPERLY,CLEAR,DAYLIGHT,ANGLE,NOT DIVIDED,STRAIGHT AND LEVEL,DRY,NO DEFECTS,INJURY AND / OR TOW DUE TO CRASH,"OVER $1,500",FAILING TO YIELD RIGHT-OF-WAY,UNABLE TO DETERMINE,8801,S,LUELLA AVE,2,NONINCAPACITATING INJURY,2.0,0.0,0.0,2.0,0.0,0.0,0.0,12,4,9
884260847e785bfa018e9f3ab7e62c667fefeb4ff45cc44b246cfcbc692aab23c5f792c8256bf623271e8402adedc0c835a61376808187cdf272dfb7cc954e25,2019-11-21 07:23:00,30,NO CONTROLS,NO CONTROLS,RAIN,DAYLIGHT,SIDESWIPE SAME DIRECTION,NOT DIVIDED,STRAIGHT AND LEVEL,WET,NO DEFECTS,INJURY AND / OR TOW DUE TO CRASH,"OVER $1,500",FAILING TO YIELD RIGHT-OF-WAY,UNABLE TO DETERMINE,9833,S,EWING AVE,2,INCAPACITATING INJURY,2.0,0.0,2.0,0.0,0.0,4.0,0.0,7,5,11
fc77e18aff0726a016c40d1dcfa931c687c5e23f9439ef501378b833b8236704d14e03971704180fc1f18adf24ef9f0f92c0d8a792c52e3d36d5e4055ac22d19,2021-02-07 10:00:00,25,NO CONTROLS,NO CONTROLS,UNKNOWN,UNKNOWN,FIXED OBJECT,ALLEY,STRAIGHT AND LEVEL,SNOW OR SLUSH,NO DEFECTS,NO INJURY / DRIVE AWAY,"OVER $1,500",UNABLE TO DETERMINE,UNABLE TO DETERMINE,2929,W,40TH ST,1,NO INDICATION OF INJURY,0.0,0.0,0.0,0.0,0.0,1.0,0.0,10,1,2
1a323fd12f80593e4b5317971273cdaba9aebaa24569c14b0bd5f1e159f9b4750acf71d1c2633d9497d37c6d6d9eb76f6da03ce76c7d8172d5de519bbe029641,2017-10-06 18:20:00,30,NO CONTROLS,NO CONTROLS,RAIN,DARKNESS,SIDESWIPE SAME DIRECTION,DIVIDED - W/MEDIAN (NOT RAISED),STRAIGHT AND LEVEL,WET,UNKNOWN,NO INJURY / DRIVE AWAY,"OVER $1,500",FAILING TO YIELD RIGHT-OF-WAY,FAILING TO YIELD RIGHT-OF-WAY,2400,W,ADAMS ST,2,NO INDICATION OF INJURY,0.0,0.0,0.0,0.0,0.0,2.0,0.0,18,6,10
ede06be3f1748533304a42dc0864867c9247ca4440a941982a749eb386d9552a7620533069f6f48766bf71d6868d33ac164aaffb5fd2076b11d3fc7146b0c35b,2022-07-17 23:44:00,30,TRAFFIC SIGNAL,FUNCTIONING PROPERLY,CLEAR,"DARKNESS, LIGHTED ROAD",SIDESWIPE SAME DIRECTION,DIVIDED - W/MEDIAN (NOT RAISED),STRAIGHT AND LEVEL,DRY,NO DEFECTS,NO INJURY / DRIVE AWAY,"OVER $1,500",UNABLE TO DETERMINE,NOT APPLICABLE,8256,S,ASHLAND AVE,2,NO INDICATION OF INJURY,0.0,0.0,0.0,0.0,0.0,2.0,0.0,23,1,7
fdff08f72c27a711534232a143f832feaaf3cc748039c099c73388c53d5a54ccf12f003cfd57767d270c355c6118f86507091b8e1a0a6b62f15da265e062672b,2022-06-07 12:15:00,25,NO CONTROLS,NO CONTROLS,CLEAR,DAYLIGHT,SIDESWIPE SAME DIRECTION,NOT DIVIDED,STRAIGHT AND LEVEL,DRY,NO DEFECTS,NO INJURY / DRIVE AWAY,"$501 - $1,500",NOT APPLICABLE,NOT APPLICABLE,300,N,PULASKI RD,2,NO INDICATION OF INJURY,0.0,0.0,0.0,0.0,0.0,2.0,0.0,12,3,6
582f4de4044f600eaccd1e0db5b73fd9d99316de19950dc62767a81134e63ad5709868490cf7dd41ef3d2b11769e09ca1d09f7419dc73d797322ea29f55b729c,2016-03-12 08:40:00,30,STOP SIGN/FLASHER,FUNCTIONING PROPERLY,CLEAR,DAYLIGHT,REAR END,ONE-WAY,STRAIGHT AND LEVEL,DRY,NO DEFECTS,NO INJURY / DRIVE AWAY,"OVER $1,500",FOLLOWING TOO CLOSELY,UNABLE TO DETERMINE,834,N,DEWITT PL,2,NO INDICATION OF INJURY,0.0,0.0,0.0,0.0,0.0,2.0,0.0,8,7,3
44bca3e2d6ba724c333455dbb14f9aeef75b08f288afe5d55b20f87a537649be199d00aa301d8509d257edd3e5436c14b185abfcfa2637d90dbdfea5d223e7d6,2016-09-01 08:30:00,30,UNKNOWN,UNKNOWN,CLOUDY/OVERCAST,DAYLIGHT,SIDESWIPE SAME DIRECTION,NOT DIVIDED,STRAIGHT AND LEVEL,DRY,UNKNOWN,NO INJURY / DRIVE AWAY,"OVER $1,500",IMPROPER OVERTAKING/PASSING,NOT APPLICABLE,8562,S,VINCENNES AVE,2,NO INDICATION OF INJURY,0.0,0.0,0.0,0.0,0.0,2.0,0.0,8,5,9
919a82b71033e430b83cb86ea49d8ded651edcd5e1e1bd467beaad92a5f00acccdb3501bff8bd077fa5b7e7f790a96cd98558150d1800c5cead089fdd74e6533,2016-11-21 17:00:00,30,NO CONTROLS,NO CONTROLS,CLEAR,"DARKNESS, LIGHTED ROAD",ANGLE,PARKING LOT,STRAIGHT AND LEVEL,DRY,NO DEFECTS,NO INJURY / DRIVE AWAY,"OVER $1,500",UNABLE TO DETERMINE,UNABLE TO DETERMINE,1000,W,NORTH AVE,2,NO INDICATION OF INJURY,0.0,0.0,0.0,0.0,0.0,2.0,0.0,17,2,11
71799112d2de144751e3839b38f4a9572367459773943ce29b07cdd4ac7a9d882db39f7a1ec2b356bb3acb8c208c56c577a6a848277b2726fac780c98f6de1de,2023-01-13 17:25:00,25,NO CONTROLS,NO CONTROLS,UNKNOWN,UNKNOWN,REAR END,NOT DIVIDED,STRAIGHT AND LEVEL,UNKNOWN,UNKNOWN,NO INJURY / DRIVE AWAY,"OVER $1,500",FAILING TO REDUCE SPEED TO AVOID CRASH,NOT APPLICABLE,2600,N,KEDZIE AVE,2,NO INDICATION OF INJURY,0.0,0.0,0.0,0.0,0.0,2.0,0.0,17,6,1
f414b109a76f6fe6643002f68f5d6df7f7b84d6d0fee3554e885f787ba2679e5427d9ca1ac31d2bfb08646a0bc115fdd7c7b0fb21800ee6eb3d761cbb94864ab,2016-12-16 16:30:00,20,TRAFFIC SIGNAL,UNKNOWN,UNKNOWN,DAYLIGHT,ANGLE,ALLEY,STRAIGHT AND LEVEL,UNKNOWN,UNKNOWN,NO INJURY / DRIVE AWAY,"OVER $1,500",UNABLE TO DETERMINE,UNABLE TO DETERMINE,3600,N,WESTERN AVE,2,NO INDICATION OF INJURY,0.0,0.0,0.0,0.0,0.0,2.0,0.0,16,6,12
8f5fa9ef9b10a43c5caf0be38c8de1f06fc1c4b4b8164eca00e989d3c275998088498a27acfc6ed838729f8c4a997e3e06bdb567414f054eb8a81ae56a5d2750,2020-10-12 14:45:00,10,NO CONTROLS,NO CONTROLS,RAIN,DAYLIGHT,REAR TO SIDE,PARKING LOT,STRAIGHT AND LEVEL,WET,NO DEFECTS,NO INJURY / DRIVE AWAY,"$501 - $1,500",UNABLE TO DETERMINE,FAILING TO REDUCE SPEED TO AVOID CRASH,198,W,103RD ST,2,NO INDICATION OF INJURY,0.0,0.0,0.0,0.0,0.0,2.0,0.0,14,2,10
9ddccf465b28c289addf44e693f0b74014be1b3456d78f3a78fb81ee14171c569a63995dba63e812473c94a938e68def5d1b5211906291335874eced4b5e928a,2019-03-11 17:27:00,30,STOP SIGN/FLASHER,NO CONTROLS,CLEAR,DAYLIGHT,REAR END,NOT DIVIDED,STRAIGHT AND LEVEL,DRY,NO DEFECTS,NO INJURY / DRIVE AWAY,"$501 - $1,500",NOT APPLICABLE,NOT APPLICABLE,5300,S,LONG AVE,2,NO INDICATION OF INJURY,0.0,0.0,0.0,0.0,0.0,2.0,0.0,17,2,3
e5af172774e1edefc2ac2d1df04fbff4d4885c7b53f2e2ec6f0e7863f77a2bde77f9f1934219d3ca8d4a66b4b852a7b73802f469e2baa620b05b62b704baadb0,2017-09-01 17:50:00,30,NO CONTROLS,NO CONTROLS,CLEAR,DAYLIGHT,PARKED MOTOR VEHICLE,NOT DIVIDED,STRAIGHT AND LEVEL,DRY,NO DEFECTS,NO INJURY / DRIVE AWAY,$500 OR LESS,UNABLE TO DETERMINE,UNABLE TO DETERMINE,224,W,GRAND AVE,2,NO INDICATION OF INJURY,0.0,0.0,0.0,0.0,0.0,2.0,0.0,17,6,9
ae929bef307aa95863c07f8dd083416586d75423dfe9a8f335cdac778b909c27c3b84994d5ea7e6770d6281175d10fec4946cafcc215a1fd4281f47694c660bd,2023-07-08 02:30:00,35,TRAFFIC SIGNAL,FUNCTIONING PROPERLY,RAIN,"DARKNESS, LIGHTED ROAD",REAR END,FOUR WAY,STRAIGHT AND LEVEL,WET,NO DEFECTS,NO INJURY / DRIVE AWAY,"$501 - $1,500",UNABLE TO DETERMINE,UNABLE TO DETERMINE,1402,N,DAMEN AVE,2,NO INDICATION OF INJURY,0.0,0.0,0.0,0.0,0.0,2.0,0.0,2,7,7
4c3e242f33e25867589baed1c36afea88b2e581429710e9de52783a60e7df9d3a0f8c6c475bff5a801f92262acbfc49b4884ee944fac4469963fc705077ef2bc,2018-08-25 22:00:00,10,NO CONTROLS,NO CONTROLS,CLEAR,DARKNESS,PARKED MOTOR VEHICLE,PARKING LOT,STRAIGHT AND LEVEL,UNKNOWN,UNKNOWN,NO INJURY / DRIVE AWAY,"OVER $1,500",UNABLE TO DETERMINE,NOT APPLICABLE,1458,S,WESTERN AVE,2,NO INDICATION OF INJURY,0.0,0.0,0.0,0.0,0.0,1.0,0.0,22,7,8
2e5f5656b9810bae8764a951888858480507bc4578f566a6c98ec931c0cbce79b0fd8c8837d579cdcb349cb97a6cfb39d27c3206f87ff01659ad1c39d6baed00,2022-06-20 16:15:00,30,NO CONTROLS,NO CONTROLS,CLEAR,DAYLIGHT,REAR END,NOT DIVIDED,STRAIGHT AND LEVEL,DRY,NO DEFECTS,NO INJURY / DRIVE AWAY,"$501 - $1,500",NOT APPLICABLE,NOT APPLICABLE,4647,S,ARCHER AVE,2,NO INDICATION OF INJURY,0.0,0.0,0.0,0.0,0.0,3.0,0.0,16,2,6
a250440938fedb7167855109a6a6acf05efd31268502b351bdb1bb0fb90502e7d70aa3ea778f2e58fcced3db5167aa93d2439b32e3b5ec0459e03438f02f5e07,2017-11-30 18:00:00,30,TRAFFIC SIGNAL,FUNCTIONING PROPERLY,CLEAR,"DARKNESS, LIGHTED ROAD",REAR END,DIVIDED - W/MEDIAN (NOT RAISED),STRAIGHT AND LEVEL,DRY,NO DEFECTS,NO INJURY / DRIVE AWAY,"OVER $1,500",FOLLOWING TOO CLOSELY,FAILING TO REDUCE SPEED TO AVOID CRASH,3500,S,WESTERN BLVD,2,NO INDICATION OF INJURY,0.0,0.0,0.0,0.0,0.0,2.0,0.0,18,5,11
0606e7979ce3ba0026fc2e765c8946ecc10fbe4952aafbae03dbea7a0502e76cfafca03fc1fa2a3e22e3559aa39d9c8aedccd18f2352d5a731c8f9db8ad73842,2023-12-02 11:47:00,30,NO CONTROLS,NO CONTROLS,CLOUDY/OVERCAST,DAYLIGHT,REAR END,NOT DIVIDED,STRAIGHT AND LEVEL,DRY,NO DEFECTS,NO INJURY / DRIVE AWAY,"$501 - $1,500",FOLLOWING TOO CLOSELY,NOT APPLICABLE,1159,W,99TH ST,2,NO INDICATION OF INJURY,0.0,0.0,0.0,0.0,0.0,2.0,0.0,11,7,12
9b6768a58eccace0823082c2ae5fbfa89be6651aac68a43afc6d48c7d944d3996cddf1d6273d4fd4a9746c8b1912e20e8da6b3a659b1d2c654ffb0345e5d12af,2022-07-10 12:34:00,30,NO CONTROLS,NO CONTROLS,CLEAR,DAYLIGHT,REAR END,DIVIDED - W/MEDIAN (NOT RAISED),STRAIGHT AND LEVEL,DRY,NO DEFECTS,NO INJURY / DRIVE AWAY,"OVER $1,500",UNABLE TO DETERMINE,UNABLE TO DETERMINE,2937,N,KIMBALL AVE,2,NO INDICATION OF INJURY,0.0,0.0,0.0,0.0,0.0,2.0,0.0,12,1,7
c12f5e17f331630f0591afb088f0ef2016c2f8e10cc29c70b88326729b1794c8133506cab6a42ebea42f92775635843a315ea96d476f823d0e3601ba5864223b,2022-02-11 17:30:00,35,TRAFFIC SIGNAL,FUNCTIONING PROPERLY,CLEAR,DUSK,HEAD ON,NOT DIVIDED,STRAIGHT AND LEVEL,DRY,NO DEFECTS,INJURY AND / OR TOW DUE TO CRASH,"OVER $1,500",UNABLE TO DETERMINE,UNABLE TO DETERMINE,6201,N,SHERIDAN RD,2,NONINCAPACITATING INJURY,2.0,0.0,0.0,2.0,0.0,2.0,0.0,17,6,2
d14e4144304a43bbc4a28e84eb7e30850f28eeebcdc51fbb0f95eecd8ab5d53783249da32aa6eaa51ca1bfb07dd267a53dc170690e85bbe157a5350f58ffd31f,2021-12-24 18:10:00,35,NO CONTROLS,NO CONTROLS,CLEAR,DARKNESS,REAR END,DIVIDED - W/MEDIAN BARRIER,STRAIGHT AND LEVEL,DRY,NO DEFECTS,NO INJURY / DRIVE AWAY,"OVER $1,500",NOT APPLICABLE,NOT APPLICABLE,3399,N,CUMBERLAND AVE,2,NO INDICATION OF INJURY,0.0,0.0,0.0,0.0,0.0,3.0,0.0,18,6,12
443e3f4826be1a73f035f924b32910a116fe1928b217628ceedb0a7485da9abe8f2f5d439fb734d44d82ed16e15398430058ca10ebef0ac114088ff136df78cd,2021-02-21 13:40:00,30,TRAFFIC SIGNAL,FUNCTIONING PROPERLY,CLEAR,DAYLIGHT,SIDESWIPE SAME DIRECTION,FOUR WAY,STRAIGHT AND LEVEL,WET,NO DEFECTS,INJURY AND / OR TOW DUE TO CRASH,"OVER $1,500",IMPROPER LANE USAGE,NOT APPLICABLE,540,W,RANDOLPH ST,2,NO INDICATION OF INJURY,0.0,0.0,0.0,0.0,0.0,2.0,0.0,13,1,2
6db45288bd13d42ee403fcabc97fc37d1e741d4f09283a572ed124e3861c865670cbe9a3402004100bc64d9ee9688d40fe2db2da5a1195e346e989cfb0e03c40,2021-12-22 15:35:00,35,TRAFFIC SIGNAL,FUNCTIONING PROPERLY,CLOUDY/OVERCAST,UNKNOWN,TURNING,FOUR WAY,STRAIGHT AND LEVEL,DRY,WORN SURFACE,NO INJURY / DRIVE AWAY,"OVER $1,500",IMPROPER TURNING/NO SIGNAL,IMPROPER TURNING/NO SIGNAL,4000,W,40TH ST,2,NO INDICATION OF INJURY,0.0,0.0,0.0,0.0,0.0,5.0,0.0,15,4,12
81ba7e520053e9bde59ada8a838835f004abcb38b9d2208cc67bde4813da43bc7ac489721a0bc3758a114107baddb375c7451abfa9cb3d791a9c0af7a6543fd7,2017-10-12 22:30:00,30,UNKNOWN,UNKNOWN,CLEAR,DUSK,SIDESWIPE OPPOSITE DIRECTION,NOT DIVIDED,STRAIGHT AND LEVEL,DRY,UNKNOWN,NO INJURY / DRIVE AWAY,"OVER $1,500",NOT APPLICABLE,UNABLE TO DETERMINE,300,S,DAMEN AVE,2,NO INDICATION OF INJURY,0.0,0.0,0.0,0.0,0.0,2.0,0.0,22,5,10
d3289e68430f547a894ccabaa8ceb2bb338ec245614c8df86c298401676aa652de51e5486195a562a3beda4cce32c6b436a5183b4e996cfce8ffe474b13f5263,2018-11-15 04:20:00,30,NO CONTROLS,NO CONTROLS,CLEAR,"DARKNESS, LIGHTED ROAD",PARKED MOTOR VEHICLE,OTHER,STRAIGHT AND LEVEL,DRY,NO DEFECTS,INJURY AND / OR TOW DUE TO CRASH,"OVER $1,500",UNABLE TO DETERMINE,UNABLE TO DETERMINE,3420,W,CONGRESS PKWY,3,"REPORTED, NOT EVIDENT",1.0,0.0,0.0,0.0,1.0,2.0,0.0,4,5,11
84dd293f041e4642d685eae0e1e980974124c5652ab4d8af55f30ffd6fe2b6cdd7e70d43571ff6aa47d1cd0934eaa321af659d0675284a29ff4d6313aa69e6ea,2020-10-22 17:00:00,10,NO CONTROLS,NO CONTROLS,CLEAR,DAYLIGHT,FIXED OBJECT,ALLEY,STRAIGHT AND LEVEL,DRY,NO DEFECTS,NO INJURY / DRIVE AWAY,"OVER $1,500",IMPROPER BACKING,EQUIPMENT - VEHICLE CONDITION,11432,S,AVENUE J,1,NO INDICATION OF INJURY,0.0,0.0,0.0,0.0,0.0,1.0,0.0,17,5,10
cb0a6d74557fe14d88d75a3822446cc8168ccb95b4213bdb9da063145b709898accc247be2ccf00943114c91497d6f12e2c2849bd64657adb26ab1761486809e,2020-08-03 11:42:00,35,NO CONTROLS,NO CONTROLS,CLEAR,DAYLIGHT,SIDESWIPE SAME DIRECTION,DIVIDED - W/MEDIAN BARRIER,STRAIGHT AND LEVEL,DRY,NO DEFECTS,NO INJURY / DRIVE AWAY,$500 OR LESS,UNABLE TO DETERMINE,NOT APPLICABLE,3598,S,ASHLAND AVE,2,NO INDICATION OF INJURY,0.0,0.0,0.0,0.0,0.0,2.0,0.0,11,2,8
dd9106394bc7ee5df415339f5744fa446c343f48d04f9f912cceebdca18673d818c4f324c199c372d11eecdd05696dd6fe36eb892be9e5eb617104c61550319b,2021-03-19 15:00:00,30,TRAFFIC SIGNAL,FUNCTIONING PROPERLY,CLEAR,DAYLIGHT,SIDESWIPE SAME DIRECTION,T-INTERSECTION,STRAIGHT AND LEVEL,DRY,NO DEFECTS,NO INJURY / DRIVE AWAY,"OVER $1,500",DRIVING SKILLS/KNOWLEDGE/EXPERIENCE,DRIVING SKILLS/KNOWLEDGE/EXPERIENCE,7500,S,STONY ISLAND AVE,2,NO INDICATION OF INJURY,0.0,0.0,0.0,0.0,0.0,2.0,0.0,15,6,3
90afe5dcab02d62452e78af183d9169fe7a1235413d1cf53488ec1ed3629fa9109df5f5dcd304e501637be957316188c8c5326c74b27478d9115f6ca46604351,2018-07-13 17:00:00,25,NO CONTROLS,NO CONTROLS,CLEAR,DAYLIGHT,HEAD ON,DIVIDED - W/MEDIAN (NOT RAISED),STRAIGHT AND LEVEL,DRY,NO DEFECTS,INJURY AND / OR TOW DUE TO CRASH,"$501 - $1,500",UNABLE TO DETERMINE,UNABLE TO DETERMINE,2650,W,55TH ST,2,NONINCAPACITATING INJURY,1.0,0.0,0.0,1.0,0.0,3.0,0.0,17,6,7
1f2e992b6f43e91ed41653ed3445b2808ede315a400702ecfba1e2006b7d6dfc2e972da1e8141c501daf13cdd69460e3540db827e3b2c5ba89ae609717b55c8b,2017-04-04 18:00:00,30,NO CONTROLS,NO CONTROLS,CLEAR,DAYLIGHT,HEAD ON,NOT DIVIDED,STRAIGHT AND LEVEL,DRY,UNKNOWN,INJURY AND / OR TOW DUE TO CRASH,"OVER $1,500",UNABLE TO DETERMINE,UNABLE TO DETERMINE,4006,S,WESTERN AVE,2,"REPORTED, NOT EVIDENT",1.0,0.0,0.0,0.0,1.0,1.0,0.0,18,3,4
d339c87c9e1192ba7c545c5c9c7c8b869b6a82cb6a74ec9ae63af6c4ae068896f98f51ee489241d7155c7d5689c5eb994eb2409e9f01a0069d8bb3fd486b82da,2021-05-19 21:20:00,35,TRAFFIC SIGNAL,FUNCTIONING PROPERLY,CLEAR,"DARKNESS, LIGHTED ROAD",REAR END,NOT DIVIDED,STRAIGHT AND LEVEL,DRY,NO DEFECTS,NO INJURY / DRIVE AWAY,"OVER $1,500",FAILING TO REDUCE SPEED TO AVOID CRASH,UNABLE TO DETERMINE,9801,S,WESTERN AVE,2,NO INDICATION OF INJURY,0.0,0.0,0.0,0.0,0.0,2.0,0.0,21,4,5
19830028ac440f26e03cbda5a07dcf485f53839928f367c9edd177561cc3b7e7b44173ea2b141226034c4730957b676d7af1fd715918cf06271a86d793582a1b,2018-10-20 20:00:00,30,NO CONTROLS,NO CONTROLS,CLEAR,"DARKNESS, LIGHTED ROAD",PARKED MOTOR VEHICLE,ONE-WAY,STRAIGHT AND LEVEL,DRY,NO DEFECTS,NO INJURY / DRIVE AWAY,"OVER $1,500",IMPROPER OVERTAKING/PASSING,UNABLE TO DETERMINE,10950,S,HARDING AVE,2,NO INDICATION OF INJURY,0.0,0.0,0.0,0.0,0.0,1.0,0.0,20,7,10