CRASH_RECORD_ID,CRASH_DATE,POSTED_SPEED_LIMIT,TRAFFIC_CONTROL_DEVICE,DEVICE_CONDITION,WEATHER_CONDITION,LIGHTING_CONDITION,FIRST_CRASH_TYPE,TRAFFICWAY_TYPE,ALIGNMENT,ROADWAY_SURFACE_COND,ROAD_DEFECT,CRASH_TYPE,DAMAGE,PRIM_CONTRIBUTORY_CAUSE,SEC_CONTRIBUTORY_CAUSE,STREET_NO,STREET_DIRECTION,STREET_NAME,NUM_UNITS,MOST_SEVERE_INJURY,INJURIES_TOTAL,INJURIES_FATAL,INJURIES_INCAPACITATING,INJURIES_NON_INCAPACITATING,INJURIES_REPORTED_NOT_EVIDENT,INJURIES_NO_INDICATION,INJURIES_UNKNOWN,CRASH_HOUR,CRASH_DAY_OF_WEEK,CRASH_MONTH
3645a8498d0e46fac01dbdbae1078ec5f74bd7e9cf9dc5c4b954d37f4f083fba01d060b25ac6d2e3d09c7cae8eccc6d708530d9f206d7f68471839a2f4aaadd7,2019-07-27 06:30:00,20,NO CONTROLS,NO CONTROLS,CLEAR,DAYLIGHT,PARKED MOTOR VEHICLE,ONE-WAY,STRAIGHT AND LEVEL,DRY,NO DEFECTS,NO INJURY / DRIVE AWAY,"OVER $1,500",UNABLE TO DETERMINE,NOT APPLICABLE,2822,S,HOMAN AVE,4,NO INDICATION OF INJURY,0.0,0.0,0.0,0.0,0.0,1.0,0.0,6,7,7
b13a1d4f6c7a09b37e891ccd1c3a9a632e72a82d8373c0745652cbdf8d4a173448e158f4ee6f6cd7c2f352e837a32da472f1c6f8ec799d9c38fbf03625712188,2023-07-15 17:45:00,35,NO CONTROLS,NO CONTROLS,CLEAR,DAYLIGHT,TURNING,NOT DIVIDED,STRAIGHT AND LEVEL,DRY,NO DEFECTS,NO INJURY / DRIVE AWAY,"OVER $1,500",IMPROPER TURNING/NO SIGNAL,DRIVING SKILLS/KNOWLEDGE/EXPERIENCE,640,W,WASHINGTON BLVD,2,NO INDICATION OF INJURY,0.0,0.0,0.0,0.0,0.0,2.0,0.0,17,7,7
f4b58f02bb16249df0a69f7022fe042b755c769ec39a35f8ba089954c4143d961187f500c87f635b3089a2a5f41ef34aa19c579e66be18792dd7bb6d3adb152e,2020-08-05 12:05:00,30,STOP SIGN/FLASHER,FUNCTIONING PROPERLY,CLEAR,DAYLIGHT,REAR END,RAMP,STRAIGHT AND LEVEL,DRY,NO DEFECTS,NO INJURY / DRIVE AWAY,"$501 - $1,500",FAILING TO REDUCE SPEED TO AVOID CRASH,FOLLOWING TOO CLOSELY,3260,N,LAKE SHORE DR,2,NO INDICATION OF INJURY,0.0,0.0,0.0,0.0,0.0,2.0,0.0,12,4,8
72f4a304b24469c91d9abc7bb2135d11a754910c42d74216e1673e4a659e20db2e17f683bcb021ad4febe453cbe6d5510e619ca5e306c3b61565555b1fc303ac,2024-03-28 20:30:00,15,NO CONTROLS,NO CONTROLS,CLEAR,"DARKNESS, LIGHTED ROAD",PARKED MOTOR VEHICLE,ONE-WAY,STRAIGHT AND LEVEL,DRY,NO DEFECTS,INJURY AND / OR TOW DUE TO CRASH,"OVER $1,500",UNABLE TO DETERMINE,UNABLE TO DETERMINE,11901,S,NORMAL AVE,2,NO INDICATION OF INJURY,0.0,0.0,0.0,0.0,0.0,1.0,0.0,20,5,3
317439f79665207c519dcefa329003f076a1e7dbb4043e5fecb62a60c7dfeb93412210872cc0f3691365c5dfcaf6e41030de1a58dee7189fd6f98e67d3222edc,2016-09-16 21:00:00,30,NO CONTROLS,NO CONTROLS,CLEAR,"DARKNESS, LIGHTED ROAD",SIDESWIPE SAME DIRECTION,UNKNOWN,STRAIGHT AND LEVEL,DRY,UNKNOWN,NO INJURY / DRIVE AWAY,$500 OR LESS,FAILING TO YIELD RIGHT-OF-WAY,FAILING TO YIELD RIGHT-OF-WAY,1900,N,LARAMIE AVE,2,NO INDICATION OF INJURY,0.0,0.0,0.0,0.0,0.0,2.0,0.0,21,6,9
c7803f0dfbb4e6464a6c8b60180ab7cb16b63c92ab1a558c9b673b9ed3372137eeec0411a7d6a3e128c859bbf9166f57bc343e7909f0884372fc2664bc4d88ad,2019-05-19 23:20:00,20,NO CONTROLS,FUNCTIONING PROPERLY,CLEAR,"DARKNESS, LIGHTED ROAD",PARKED MOTOR VEHICLE,ONE-WAY,STRAIGHT AND LEVEL,DRY,NO DEFECTS,NO INJURY / DRIVE AWAY,"OVER $1,500","OPERATING VEHICLE IN ERRATIC, RECKLESS, CARELESS, NEGLIGENT OR AGGRESSIVE MANNER",FAILING TO REDUCE SPEED TO AVOID CRASH,5004,W,BELDEN AVE,3,NO INDICATION OF INJURY,0.0,0.0,0.0,0.0,0.0,1.0,0.0,23,1,5
edbfd69957b60eeea471eed3fca0e2a684bc9602a015c057e67d1ab0c69577bc55a239016beec555c44953a67527a644b3e8b5eb47d759a6875d90ac968b4f9b,2023-07-29 17:29:00,30,TRAFFIC SIGNAL,FUNCTIONING PROPERLY,CLEAR,DAYLIGHT,SIDESWIPE SAME DIRECTION,ONE-WAY,STRAIGHT AND LEVEL,DRY,NO DEFECTS,NO INJURY / DRIVE AWAY,"OVER $1,500",UNABLE TO DETERMINE,UNABLE TO DETERMINE,11100,S,MARSHFIELD AVE,2,NO INDICATION OF INJURY,0.0,0.0,0.0,0.0,0.0,3.0,0.0,17,7,7
1ec9a6f16585373be4d145c0f3d976fd88e956781fb079f3b4be46d90ecdbb9ac7e46af99f0524fa215e678bc6c0eca18c95343accd2087eb1a908e8127fdef2,2023-12-10 10:03:00,30,STOP SIGN/FLASHER,FUNCTIONING PROPERLY,UNKNOWN,UNKNOWN,PARKED MOTOR VEHICLE,OTHER,STRAIGHT AND LEVEL,UNKNOWN,NO DEFECTS,NO INJURY / DRIVE AWAY,"OVER $1,500",UNABLE TO DETERMINE,UNABLE TO DETERMINE,5470,W,THOMAS ST,2,NO INDICATION OF INJURY,0.0,0.0,0.0,0.0,0.0,1.0,0.0,10,1,12
a5cc92468d753737631a6c4161d8bb211bf9ea854107c0147dcabdab493722ccd8707fef4854c43942ffe3eeaa569623578b6b545eb17e59454bfd5cd5400cdb,2016-08-08 15:30:00,30,TRAFFIC SIGNAL,FUNCTIONING PROPERLY,CLEAR,DAYLIGHT,REAR END,DIVIDED - W/MEDIAN BARRIER,STRAIGHT AND LEVEL,DRY,NO DEFECTS,NO INJURY / DRIVE AWAY,$500 OR LESS,UNABLE TO DETERMINE,UNABLE TO DETERMINE,5800,S,LAKE SHORE DR,2,NO INDICATION OF INJURY,0.0,0.0,0.0,0.0,0.0,4.0,0.0,15,2,8
e4650d47ac7bffab31c768c22aba38b1a0869806eec8d4c527e6d6f265edc4111806ad0600a1bc8bec7cb1fbfd3995818f8a2a708c05640eba7f22bb2d955ddd,2020-01-15 07:10:00,30,NO CONTROLS,NO CONTROLS,CLOUDY/OVERCAST,DAYLIGHT,REAR END,NOT DIVIDED,STRAIGHT AND LEVEL,WET,NO DEFECTS,NO INJURY / DRIVE AWAY,$500 OR LESS,UNABLE TO DETERMINE,UNABLE TO DETERMINE,1130,W,95TH ST,2,NO INDICATION OF INJURY,0.0,0.0,0.0,0.0,0.0,2.0,0.0,7,4,1
b47a6b80707cbc94856431e169201dbb535d2daf51fa9143500e770ebb8067845fd35c8b37814f3fa72e139fdad98b3807aa7760c82dfdb9cdace5ac03b8216a,2021-06-15 09:30:00,30,NO CONTROLS,NO CONTROLS,CLEAR,DAYLIGHT,SIDESWIPE SAME DIRECTION,NOT DIVIDED,STRAIGHT AND LEVEL,DRY,NO DEFECTS,NO INJURY / DRIVE AWAY,"OVER $1,500",UNABLE TO DETERMINE,NOT APPLICABLE,300,S,LAKE SHORE DR NB,2,NO INDICATION OF INJURY,0.0,0.0,0.0,0.0,0.0,2.0,0.0,9,3,6
b7c27835e7586e221c33703e7bd4895277dbff12aa13fcbcea646f6dc9f4d511d13050589fafaf439ddb9dbd13e0edc1d72174160753f2d0eb599cc637a93167,2018-12-05 19:00:00,30,NO CONTROLS,NO CONTROLS,CLEAR,DARKNESS,PARKED MOTOR VEHICLE,NOT DIVIDED,STRAIGHT AND LEVEL,DRY,NO DEFECTS,NO INJURY / DRIVE AWAY,"OVER $1,500",UNABLE TO DETERMINE,NOT APPLICABLE,5125,W,LAKE ST,2,NO INDICATION OF INJURY,0.0,0.0,0.0,0.0,0.0,1.0,0.0,19,4,12
bd548dad6cba9e3bb9b0593dfe32bcc798c4785c38f135d4fdb149e38daffdb7796f8f359aabf474b6f3ce890eca36522e58fc27e680ed1a2d8925533b0ee9d1,2016-12-29 10:25:00,30,TRAFFIC SIGNAL,FUNCTIONING PROPERLY,CLEAR,DAYLIGHT,SIDESWIPE SAME DIRECTION,RAMP,STRAIGHT AND LEVEL,DRY,NO DEFECTS,NO INJURY / DRIVE AWAY,$500 OR LESS,UNABLE TO DETERMINE,UNABLE TO DETERMINE,2003,W,CONGRESS PKWY,2,NO INDICATION OF INJURY,0.0,0.0,0.0,0.0,0.0,2.0,0.0,10,5,12
e4f4f4a38db227d1a7a95b2e865d71283d91eabeda781cc3431b30d0219aec6ef467d3a79545729a2cc225a46d93cce6fe9c8c431681ea9585c55dbaa302dea0,2021-01-31 12:50:00,30,TRAFFIC SIGNAL,FUNCTIONING PROPERLY,SNOW,DAYLIGHT,TURNING,T-INTERSECTION,STRAIGHT AND LEVEL,SNOW OR SLUSH,NO DEFECTS,NO INJURY / DRIVE AWAY,"OVER $1,500",FAILING TO YIELD RIGHT-OF-WAY,FAILING TO REDUCE SPEED TO AVOID CRASH,5500,S,LAWNDALE AVE,2,NO INDICATION OF INJURY,0.0,0.0,0.0,0.0,0.0,2.0,0.0,12,1,1
4d268234a46a8c0ccd0e3c6db6739ad7439dbcfa248327bfd9be8cdd3a085d3d6008e1d334987915eb2cbdd77997e2236517bbe842416995a83f281d668e1da5,2020-03-26 13:16:00,30,NO CONTROLS,NO CONTROLS,CLEAR,DAYLIGHT,PARKED MOTOR VEHICLE,NOT DIVIDED,STRAIGHT AND LEVEL,DRY,NO DEFECTS,INJURY AND / OR TOW DUE TO CRASH,"OVER $1,500",DRIVING SKILLS/KNOWLEDGE/EXPERIENCE,UNABLE TO DETERMINE,3641,W,AUGUSTA BLVD,2,NONINCAPACITATING INJURY,1.0,0.0,0.0,1.0,0.0,4.0,0.0,13,5,3
1a1a45b589e29f6e9c3edfffe15e3a0d68aeed6b68656720b4046be59a532db5cf24ba3d33e5ac4668692e96530c9c08ca5e444fb7af072867902150461aed9a,2023-06-17 01:50:00,30,NO CONTROLS,NO CONTROLS,CLEAR,"DARKNESS, LIGHTED ROAD",PARKED MOTOR VEHICLE,NOT DIVIDED,STRAIGHT AND LEVEL,DRY,NO DEFECTS,INJURY AND / OR TOW DUE TO CRASH,"OVER $1,500",IMPROPER LANE USAGE,UNABLE TO DETERMINE,1133,W,83RD ST,2,NO INDICATION OF INJURY,0.0,0.0,0.0,0.0,0.0,1.0,0.0,1,7,6
599a200dd08f4c2a36736ed8d65d7472e3654d84e991888776205b67eb7a9499633f3b3c07471b60abab606482b02bf3f5bcffc317b229c030fa585117bce2ae,2021-03-26 10:00:00,10,NO CONTROLS,NO CONTROLS,CLOUDY/OVERCAST,DAYLIGHT,PARKED MOTOR VEHICLE,PARKING LOT,STRAIGHT AND LEVEL,DRY,NO DEFECTS,NO INJURY / DRIVE AWAY,"OVER $1,500",UNABLE TO DETERMINE,NOT APPLICABLE,2500,S,DAMEN AVE,2,NO INDICATION OF INJURY,0.0,0.0,0.0,0.0,0.0,1.0,0.0,10,6,3
2c2060d6856cccb7e82974dadded6f63a67dfa6e182b2d5601daeb5e78e2efb65eca9edf48d54d62df6165413993e4e65da7c5e43b8f2a587545e55b4101c6ff,2022-03-28 16:08:00,30,STOP SIGN/FLASHER,FUNCTIONING PROPERLY,CLEAR,DAYLIGHT,ANGLE,CENTER TURN LANE,STRAIGHT AND LEVEL,DRY,NO DEFECTS,INJURY AND / OR TOW DUE TO CRASH,"OVER $1,500",UNABLE TO DETERMINE,UNABLE TO DETERMINE,6725,S,PULASKI RD,2,NO INDICATION OF INJURY,0.0,0.0,0.0,0.0,0.0,3.0,0.0,16,2,3
e003423be19bbc842691798f6a589abf59717eaf6a8b8c0518d38b68293a2e3da228451e9f04858f26ecce3b31edb25e8b98b307296964081d5228be455ed391,2016-09-30 22:00:00,30,NO CONTROLS,NO CONTROLS,CLOUDY/OVERCAST,UNKNOWN,PARKED MOTOR VEHICLE,ONE-WAY,STRAIGHT AND LEVEL,UNKNOWN,NO DEFECTS,NO INJURY / DRIVE AWAY,"OVER $1,500",UNABLE TO DETERMINE,UNABLE TO DETERMINE,4843,W,EDDY ST,2,NO INDICATION OF INJURY,0.0,0.0,0.0,0.0,0.0,1.0,0.0,22,6,9
9a2435c38642621452b002ac66d38bb7ed92d20b835c7b4c6b9cc180235df2afc74b6ede9f065b9fb00282c572a57ed88a8d2fd3d69526024507a6f2b52ce9f2,2023-11-10 19:59:00,25,STOP SIGN/FLASHER,FUNCTIONING PROPERLY,CLEAR,DARKNESS,REAR END,NOT DIVIDED,STRAIGHT AND LEVEL,DRY,NO DEFECTS,NO INJURY / DRIVE AWAY,$500 OR LESS,FAILING TO REDUCE SPEED TO AVOID CRASH,NOT APPLICABLE,13468,S,BALTIMORE AVE,2,NO INDICATION OF INJURY,0.0,0.0,0.0,0.0,0.0,2.0,0.0,19,6,11
11ecf0eda802faa409d261c652fd3b4b36747c4eea6880996441bff0ef3dcfc695ea66f4cc2f370eb41d1add6fc2240ef9f71ff86c52ea0ac7dee576b50e83be,2024-04-17 16:15:00,30,NO CONTROLS,NO CONTROLS,CLEAR,DAYLIGHT,ANGLE,NOT DIVIDED,STRAIGHT AND LEVEL,DRY,NO DEFECTS,NO INJURY / DRIVE AWAY,"OVER $1,500",NOT APPLICABLE,NOT APPLICABLE,3900,W,63RD ST,2,NO INDICATION OF INJURY,0.0,0.0,0.0,0.0,0.0,6.0,0.0,16,4,4
29a0b61ec7935c16093e15856ed00fb907eb05954c6c1f63758a28b7c473f5fbfb0f48698d6c4680730fde1f03fd3d7a0f59eceacdadce0cd61d4a89180b82a1,2017-11-27 14:15:00,30,STOP SIGN/FLASHER,NO CONTROLS,CLEAR,DAYLIGHT,ANGLE,NOT DIVIDED,STRAIGHT AND LEVEL,DRY,NO DEFECTS,INJURY AND / OR TOW DUE TO CRASH,"OVER $1,500",DRIVING SKILLS/KNOWLEDGE/EXPERIENCE,DISREGARDING STOP SIGN,4500,W,JACKSON BLVD,2,NO INDICATION OF INJURY,0.0,0.0,0.0,0.0,0.0,4.0,0.0,14,2,11
00c54e042149ec5e961ea175ad5c9d94688bd12e2dfb9d6848c298172fd5ace52de236da3a3e5ec2201bec9f2a7836f0ff0248bd0677c1be9c1e9b7bff8e8cb7,2019-06-22 10:00:00,30,NO CONTROLS,NO CONTROLS,CLEAR,DAYLIGHT,PARKED MOTOR VEHICLE,ONE-WAY,STRAIGHT AND LEVEL,DRY,NO DEFECTS,NO INJURY / DRIVE AWAY,"$501 - $1,500",UNABLE TO DETERMINE,UNABLE TO DETERMINE,9522,S,LA SALLE ST,2,NO INDICATION OF INJURY,0.0,0.0,0.0,0.0,0.0,1.0,0.0,10,7,6
18c78518e55e71b1f63ce50b02482abd407db3201abe7c16dbb6c626a61d717f1f3b3e794bb480b9a14ffac71e1d0a4c6f5f94e25f5b560175f5b69fce3af18a,2018-06-06 10:02:00,30,NO CONTROLS,NO CONTROLS,CLEAR,DAYLIGHT,REAR END,ONE-WAY,STRAIGHT AND LEVEL,DRY,NO DEFECTS,NO INJURY / DRIVE AWAY,"OVER $1,500",IMPROPER BACKING,UNABLE TO DETERMINE,3902,W,OGDEN AVE,2,NO INDICATION OF INJURY,0.0,0.0,0.0,0.0,0.0,4.0,0.0,10,4,6
5c159d8b6b4f047bacdd947a4dc25f80023619a8bd0b247081e7cd5bd4d2957af9bf596c71a775a585f0b4e77de2981ef22d658e77350f309c1ad7bed56d42b1,2019-03-31 15:00:00,35,NO CONTROLS,NO CONTROLS,CLEAR,DAYLIGHT,SIDESWIPE SAME DIRECTION,DIVIDED - W/MEDIAN (NOT RAISED),STRAIGHT AND LEVEL,DRY,NO DEFECTS,NO INJURY / DRIVE AWAY,"OVER $1,500",IMPROPER OVERTAKING/PASSING,TEXTING,7801,S,STONY ISLAND AVE,2,NO INDICATION OF INJURY,0.0,0.0,0.0,0.0,0.0,2.0,0.0,15,1,3
513959ba955d0867198d11a38c594efdfa4fe6da60e41ccf2c67422e374f320ca6bd4bd2b81e3162fbd5b4d26320eb895111c7f6c4409a070273797393703ba8,2022-05-08 20:52:00,30,STOP SIGN/FLASHER,FUNCTIONING PROPERLY,CLEAR,"DARKNESS, LIGHTED ROAD",REAR END,NOT DIVIDED,STRAIGHT AND LEVEL,DRY,NO DEFECTS,NO INJURY / DRIVE AWAY,"OVER $1,500",FAILING TO REDUCE SPEED TO AVOID CRASH,NOT APPLICABLE,400,S,CICERO AVE,2,NO INDICATION OF INJURY,0.0,0.0,0.0,0.0,0.0,5.0,0.0,20,1,5
49ec336608cdb083bf1cdd01b4000e239eb7410cf23154f2e24782a11468520e7cb3dc2705f984cb5051408ad853c2e2edbf8f64cfacde567cce0067a48fb471,2023-05-05 22:00:00,35,UNKNOWN,UNKNOWN,CLEAR,DAWN,REAR END,NOT DIVIDED,STRAIGHT AND LEVEL,UNKNOWN,UNKNOWN,NO INJURY / DRIVE AWAY,"OVER $1,500",FAILING TO REDUCE SPEED TO AVOID CRASH,DISTRACTION - FROM INSIDE VEHICLE,5558,S,CORNELL AVE,2,NO INDICATION OF INJURY,0.0,0.0,0.0,0.0,0.0,2.0,0.0,22,6,5
0ba76d090c407e284add642b141afaca3f5ff8144a63ecf710e28ecc64ed14d679a51a12b4d6f421b18462fb0286156bc51dfe004ae73a1df57d50fba1dc6f3d,2021-11-05 13:00:00,30,STOP SIGN/FLASHER,FUNCTIONING PROPERLY,CLEAR,DAYLIGHT,ANGLE,FOUR WAY,STRAIGHT AND LEVEL,DRY,NO DEFECTS,INJURY AND / OR TOW DUE TO CRASH,"OVER $1,500",DISREGARDING TRAFFIC SIGNALS,FAILING TO YIELD RIGHT-OF-WAY,5900,S,ABERDEEN ST,2,NO INDICATION OF INJURY,0.0,0.0,0.0,0.0,0.0,2.0,0.0,13,6,11
c68c347894ad0a17ac836eacbbb24863a6bf45139cee6f74ab04361cd346bff3c5cf37fdd620381f96aaf369c593519063a99318cca9638b9b07d9965f1db1ec,2018-04-12 16:16:00,30,NO CONTROLS,NO CONTROLS,CLEAR,DAYLIGHT,SIDESWIPE SAME DIRECTION,NOT DIVIDED,STRAIGHT AND LEVEL,DRY,NO DEFECTS,NO INJURY / DRIVE AWAY,$500 OR LESS,FOLLOWING TOO CLOSELY,DRIVING SKILLS/KNOWLEDGE/EXPERIENCE,7155,W,ADDISON ST,2,NO INDICATION OF INJURY,0.0,0.0,0.0,0.0,0.0,2.0,0.0,16,5,4
e8a1a22e97b8532dd8ae4a44e599bfcf9f77966ba916abe130b6712be0974c5206b6c1beca556c6500c22132406e617cb2ed743c85e2069c5ba263db96b25760,2020-04-13 07:00:00,30,NO CONTROLS,NO CONTROLS,CLEAR,DAYLIGHT,PARKED MOTOR VEHICLE,ONE-WAY,STRAIGHT AND LEVEL,DRY,NO DEFECTS,NO INJURY / DRIVE AWAY,$500 OR LESS,UNABLE TO DETERMINE,NOT APPLICABLE,4174,W,NELSON ST,2,NO INDICATION OF INJURY,0.0,0.0,0.0,0.0,0.0,1.0,0.0,7,2,4
21f097cb53593d27aa34f1c0038db1dd5df89beef36207e56f4a3372dcb8cfa5777271d1da9ded7448b716f0f987e2f9aea757ef16aed9ca45f07720743b2ba9,2018-08-05 00:30:00,30,TRAFFIC SIGNAL,FUNCTIONING PROPERLY,CLEAR,"DARKNESS, LIGHTED ROAD",REAR END,NOT DIVIDED,STRAIGHT AND LEVEL,DRY,NO DEFECTS,NO INJURY / DRIVE AWAY,"$501 - $1,500",FOLLOWING TOO CLOSELY,FOLLOWING TOO CLOSELY,2001,W,NORTH AVE,2,NO INDICATION OF INJURY,0.0,0.0,0.0,0.0,0.0,2.0,0.0,0,1,8
d94fead5ce644f0d4cebbb694d018de0790d9aa3b669a5541bde19117e0e289a4abe53760f284e28a7366363b85a0b501757cdf437cbab828c257894f159b192,2022-04-08 17:57:00,30,NO CONTROLS,NO CONTROLS,RAIN,DAYLIGHT,REAR END,DIVIDED - W/MEDIAN (NOT RAISED),STRAIGHT AND LEVEL,WET,NO DEFECTS,NO INJURY / DRIVE AWAY,$500 OR LESS,UNABLE TO DETERMINE,UNABLE TO DETERMINE,2714,N,AUSTIN AVE,2,NO INDICATION OF INJURY,0.0,0.0,0.0,0.0,0.0,3.0,0.0,17,6,4
2f1b3bb0da935760b292511d8d701057af8c3ce088106772695c12a2cba13c3559725719dfd209d75ec0a1cdb29c5f5d8db8919440310261fc2baa8255ed689e,2020-01-21 13:41:00,25,NO CONTROLS,NO CONTROLS,CLEAR,DAYLIGHT,PARKED MOTOR VEHICLE,NOT DIVIDED,STRAIGHT AND LEVEL,SNOW OR SLUSH,UNKNOWN,NO INJURY / DRIVE AWAY,"$501 - $1,500",DRIVING SKILLS/KNOWLEDGE/EXPERIENCE,NOT APPLICABLE,9686,S,OGLESBY AVE,2,NO INDICATION OF INJURY,0.0,0.0,0.0,0.0,0.0,2.0,0.0,13,3,1
c0a845c2b1e5beba0cf176038882b3ba9d78f1b4a943c92228aa649fa0834ed7c1219afb67187b806ac8ae2a8dca4ddfc98693c6d1001201ff348d0a8f337730,2016-05-10 08:30:00,30,STOP SIGN/FLASHER,FUNCTIONING PROPERLY,RAIN,DAYLIGHT,ANGLE,NOT DIVIDED,STRAIGHT AND LEVEL,WET,NO DEFECTS,NO INJURY / DRIVE AWAY,$500 OR LESS,UNABLE TO DETERMINE,UNABLE TO DETERMINE,1800,W,TAYLOR ST,2,NO INDICATION OF INJURY,0.0,0.0,0.0,0.0,0.0,2.0,0.0,8,3,5
211717e4433295a0de0a14cb77c76d0c7c88c400e545951af6456770d2a1773325c4235b8077ed2c4fd7234b689d396e44fd1cb80b0ec3009943f2afa76ea40b,2021-06-10 07:00:00,35,TRAFFIC SIGNAL,FUNCTIONING PROPERLY,CLEAR,DAYLIGHT,TURNING,OTHER,STRAIGHT AND LEVEL,DRY,NO DEFECTS,INJURY AND / OR TOW DUE TO CRASH,"OVER $1,500",UNABLE TO DETERMINE,UNABLE TO DETERMINE,3928,W,OGDEN AVE,2,NO INDICATION OF INJURY,0.0,0.0,0.0,0.0,0.0,2.0,0.0,7,5,6
9549ea9553170a30ba00b0940cab078955ba6c8b3f928eadfcd2474b1a8cf6f8599440e1a47bcd2298e9de44a10033f54e6bac0b815661186a176efe34a07ea2,2018-07-22 12:00:00,35,NO CONTROLS,NO CONTROLS,UNKNOWN,UNKNOWN,PARKED MOTOR VEHICLE,NOT DIVIDED,STRAIGHT AND LEVEL,UNKNOWN,UNKNOWN,NO INJURY / DRIVE AWAY,"OVER $1,500",UNABLE TO DETERMINE,NOT APPLICABLE,1512,W,FOSTER AVE,2,NO INDICATION OF INJURY,0.0,0.0,0.0,0.0,0.0,1.0,0.0,12,1,7
5de329c2e2bcd80abc1f4bfb2017bf2de68c996bf7630fb0c01a702a7c705cf3f7441ccd503223c53c83204f33bc0d767c2cc533f1386612f31b77c5ac42dcbd,2022-06-11 13:00:00,30,NO CONTROLS,NO CONTROLS,CLEAR,DAYLIGHT,PARKED MOTOR VEHICLE,DIVIDED - W/MEDIAN (NOT RAISED),STRAIGHT AND LEVEL,DRY,NO DEFECTS,NO INJURY / DRIVE AWAY,$500 OR LESS,DRIVING SKILLS/KNOWLEDGE/EXPERIENCE,NOT APPLICABLE,4024,W,IRVING PARK RD,2,NO INDICATION OF INJURY,0.0,0.0,0.0,0.0,0.0,1.0,0.0,13,7,6
d07f39845eccd8d5d94c3218790a88163c109532cf6ca53107d7b889112131494f2898508fcd1da929b2fc9257c8ddfdad6697c31de1485799a24bcbcaa5c060,2024-02-05 07:38:00,15,NO CONTROLS,NO CONTROLS,CLEAR,DAYLIGHT,SIDESWIPE SAME DIRECTION,ONE-WAY,STRAIGHT AND LEVEL,DRY,NO DEFECTS,NO INJURY / DRIVE AWAY,"$501 - $1,500",FAILING TO REDUCE SPEED TO AVOID CRASH,UNABLE TO DETERMINE,3611,E,114TH ST,2,NO INDICATION OF INJURY,0.0,0.0,0.0,0.0,0.0,2.0,0.0,7,2,2
a4f2a04173a3dfdd93b9414d188c4ec2ef7720e428c31e5a66b7fd0a359647cc1963a36905b927c2f45f92e56e2100ea49ea3e8a1a9b23a2da0a7055b38d79c1,2021-07-19 21:15:00,30,TRAFFIC SIGNAL,FUNCTIONING PROPERLY,CLEAR,"DARKNESS, LIGHTED ROAD",PEDALCYCLIST,FOUR WAY,STRAIGHT AND LEVEL,DRY,NO DEFECTS,NO INJURY / DRIVE AWAY,$500 OR LESS,NOT APPLICABLE,NOT APPLICABLE,4801,W,MONTROSE AVE,2,NO INDICATION OF INJURY,0.0,0.0,0.0,0.0,0.0,2.0,0.0,21,2,7
5150ec2251426b0a44da1417bcc6519d002cab920fd1fa1cdf8a22f4e3b602a966dc001130aa3935655a41364d1122200a41b9ffb85660cc655372ed4b00a387,2019-06-12 22:00:00,30,NO CONTROLS,NO CONTROLS,RAIN,DARKNESS,TURNING,DIVIDED - W/MEDIAN (NOT RAISED),STRAIGHT AND LEVEL,WET,NO DEFECTS,NO INJURY / DRIVE AWAY,"OVER $1,500",FAILING TO YIELD RIGHT-OF-WAY,FOLLOWING TOO CLOSELY,6751,S,JEFFERY BLVD,2,NO INDICATION OF INJURY,0.0,0.0,0.0,0.0,0.0,5.0,0.0,22,4,6
5a29e07cc80700230370ebdf1f27fcae78a3738e29599c390801a110750fe0791eb4da7258f78fdd8eafde31d11d9c5f3e65942c3cf5afdb522ca763599ea284,2021-07-29 14:00:00,10,NO CONTROLS,NO CONTROLS,CLEAR,DAYLIGHT,REAR TO REAR,PARKING LOT,STRAIGHT AND LEVEL,DRY,NO DEFECTS,NO INJURY / DRIVE AWAY,$500 OR LESS,UNABLE TO DETERMINE,UNABLE TO DETERMINE,7535,S,ASHLAND AVE,2,NO INDICATION OF INJURY,0.0,0.0,0.0,0.0,0.0,2.0,0.0,14,5,7
9979e297cac72c8daa5a9221161fb36ee4cc5a19e24df46f648fab2917ce6c91ff8f5ffe30346ff676ddb8d6bb8496599bc071a004980ac6823b17c474a1e02e,2020-10-20 07:45:00,20,NO CONTROLS,NO CONTROLS,CLOUDY/OVERCAST,DAYLIGHT,PARKED MOTOR VEHICLE,ONE-WAY,STRAIGHT AND LEVEL,WET,NO DEFECTS,NO INJURY / DRIVE AWAY,"OVER $1,500",DISTRACTION - FROM INSIDE VEHICLE,DISTRACTION - FROM INSIDE VEHICLE,1524,E,74TH ST,2,NO INDICATION OF INJURY,0.0,0.0,0.0,0.0,0.0,1.0,0.0,7,3,10
e93e40e9ab9a1c69e8a3bf351c4a065c46cda620f32cfeaed2c885ec5017b33b2d90e7117d297f7df175cea68a922ea066b1ca72f2db4b4875938648ed8a4b25,2018-02-10 00:11:00,30,STOP SIGN/FLASHER,FUNCTIONING PROPERLY,CLEAR,DAYLIGHT,SIDESWIPE SAME DIRECTION,NOT DIVIDED,STRAIGHT AND LEVEL,SNOW OR SLUSH,NO DEFECTS,NO INJURY / DRIVE AWAY,"OVER $1,500",IMPROPER OVERTAKING/PASSING,NOT APPLICABLE,222,W,MERCHANDISE MART PLZ,2,NO INDICATION OF INJURY,0.0,0.0,0.0,0.0,0.0,2.0,0.0,0,7,2