CRASH_RECORD_ID,CRASH_DATE,POSTED_SPEED_LIMIT,TRAFFIC_CONTROL_DEVICE,DEVICE_CONDITION,WEATHER_CONDITION,LIGHTING_CONDITION,FIRST_CRASH_TYPE,TRAFFICWAY_TYPE,ALIGNMENT,ROADWAY_SURFACE_COND,ROAD_DEFECT,CRASH_TYPE,DAMAGE,PRIM_CONTRIBUTORY_CAUSE,SEC_CONTRIBUTORY_CAUSE,STREET_NO,STREET_DIRECTION,STREET_NAME,NUM_UNITS,MOST_SEVERE_INJURY,INJURIES_TOTAL,INJURIES_FATAL,INJURIES_INCAPACITATING,INJURIES_NON_INCAPACITATING,INJURIES_REPORTED_NOT_EVIDENT,INJURIES_NO_INDICATION,INJURIES_UNKNOWN,CRASH_HOUR,CRASH_DAY_OF_WEEK,CRASH_MONTH
7d7498b46bcf36c3a2efe1f87b23aea03b6b542d45044f8d64750cb4b3b63e54f416917b756e81b39f62608083f6ca126dcdb13a1cde615925a28a2a890831a9,2022-03-28 07:19:00,30,TRAFFIC SIGNAL,FUNCTIONING PROPERLY,CLEAR,DAYLIGHT,TURNING,"FIVE POINT, OR MORE",STRAIGHT AND LEVEL,DRY,NO DEFECTS,INJURY AND / OR TOW DUE TO CRASH,"OVER $1,500",DISREGARDING TRAFFIC SIGNALS,FAILING TO REDUCE SPEED TO AVOID CRASH,7100,S,SOUTH SHORE DR,2,NO INDICATION OF INJURY,0.0,0.0,0.0,0.0,0.0,2.0,0.0,7,2,3
37e5109b3458c5b071bd641a909c7a67f2448422eb81b9fa75ae944d2c81bf5919d27844eb75334e0d6e91c1a68dea0096db84b3e2b34d4907a04610a77650d5,2018-09-22 12:30:00,20,STOP SIGN/FLASHER,FUNCTIONING PROPERLY,CLEAR,DAYLIGHT,TURNING,DIVIDED - W/MEDIAN (NOT RAISED),STRAIGHT AND LEVEL,DRY,NO DEFECTS,NO INJURY / DRIVE AWAY,"OVER $1,500",FAILING TO YIELD RIGHT-OF-WAY,NOT APPLICABLE,2430,W,ROSCOE ST,2,NO INDICATION OF INJURY,0.0,0.0,0.0,0.0,0.0,2.0,0.0,12,7,9
dc737bd4b1f9e38b8daf85ee4464e369e45ad265d76bfc1845b959fe8b86a0aa818835797f18506caf59778fc617df1f251aa0d4279320689c4029716e20dd8f,2017-08-27 04:50:00,30,UNKNOWN,UNKNOWN,CLEAR,"DARKNESS, LIGHTED ROAD",PARKED MOTOR VEHICLE,NOT DIVIDED,STRAIGHT AND LEVEL,DRY,NO DEFECTS,NO INJURY / DRIVE AWAY,"OVER $1,500",UNABLE TO DETERMINE,UNABLE TO DETERMINE,3501,E,116TH ST,2,NO INDICATION OF INJURY,0.0,0.0,0.0,0.0,0.0,1.0,0.0,4,1,8
e52ca4b28538cc9114520f2684935cf11da22659637a933a7c6d2ed8df7e76a17391167ea143a7b50bc698eed80fbbac926a8194496357a215d36ae79c36e58d,2022-11-18 11:57:00,30,TRAFFIC SIGNAL,FUNCTIONING PROPERLY,CLOUDY/OVERCAST,DAYLIGHT,TURNING,NOT DIVIDED,STRAIGHT AND LEVEL,SNOW OR SLUSH,NO DEFECTS,NO INJURY / DRIVE AWAY,$500 OR LESS,UNABLE TO DETERMINE,UNABLE TO DETERMINE,4958,S,ASHLAND AVE,2,NO INDICATION OF INJURY,0.0,0.0,0.0,0.0,0.0,2.0,0.0,11,6,11
3e2537916c3284c7503611339294a732b57fede7fba7418c4688ab3d420d16b8bf2fac8d65805ca38d3f629ef388af290ab732fb2e489f07153801aa31cf4ecb,2020-09-20 21:32:00,30,NO CONTROLS,NO CONTROLS,CLEAR,"DARKNESS, LIGHTED ROAD",PARKED MOTOR VEHICLE,NOT DIVIDED,STRAIGHT AND LEVEL,DRY,NO DEFECTS,INJURY AND / OR TOW DUE TO CRASH,"OVER $1,500",UNABLE TO DETERMINE,UNABLE TO DETERMINE,9634,S,JEFFERY AVE,3,"REPORTED, NOT EVIDENT",1.0,0.0,0.0,0.0,1.0,0.0,0.0,21,1,9
fd484b0a4247682e0a513f23abc7064807435d516145b660419409d001a42140b068a3019e1da83f959a3e47a109d237b9cc9003671c8f7bf9305da825a7297d,2023-11-21 23:43:00,25,NO CONTROLS,NO CONTROLS,CLEAR,"DARKNESS, LIGHTED ROAD",TURNING,NOT DIVIDED,STRAIGHT AND LEVEL,DRY,NO DEFECTS,INJURY AND / OR TOW DUE TO CRASH,"OVER $1,500",FAILING TO YIELD RIGHT-OF-WAY,"VISION OBSCURED (SIGNS, TREE LIMBS, BUILDINGS, ETC.)",1448,W,CORNELIA AVE,2,NO INDICATION OF INJURY,0.0,0.0,0.0,0.0,0.0,2.0,0.0,23,3,11
e3245f046542e8ff6d6f5170b866ac419d63952ab27c67d5cd6fdf120db5272ab21ae7aa100f1ffefa7ff1451d647aed4beb0d07e5ace9007cceb8ccdce94de7,2016-11-07 10:15:00,30,NO CONTROLS,NO CONTROLS,CLEAR,DAYLIGHT,ANGLE,NOT DIVIDED,STRAIGHT AND LEVEL,DRY,NO DEFECTS,NO INJURY / DRIVE AWAY,"$501 - $1,500",UNABLE TO DETERMINE,NOT APPLICABLE,3218,W,WRIGHTWOOD AVE,2,NO INDICATION OF INJURY,0.0,0.0,0.0,0.0,0.0,2.0,0.0,10,2,11
a27d869b174f1c09d193a814f497ec105088b1fa7baeea8cb9f7f559b94c247d012df5f8b36a405d3e5e27fefdc7917249ff67e16b2e0e65b161578942a6bfca,2021-05-10 16:50:00,15,NO CONTROLS,NO CONTROLS,CLEAR,DAYLIGHT,OTHER OBJECT,ALLEY,STRAIGHT AND LEVEL,DRY,UNKNOWN,INJURY AND / OR TOW DUE TO CRASH,"OVER $1,500",UNABLE TO DETERMINE,IMPROPER BACKING,1260,S,ST LOUIS AVE,1,NONINCAPACITATING INJURY,1.0,0.0,0.0,1.0,0.0,0.0,0.0,16,2,5
bd7bec6434441ffbc449a3fcc5e9c987d72872040ef62f58c28650e69efd1069d282d2636d40e7c6662f3335ccbc3859129dac923a564d095560eb3b98db502e,2021-10-18 08:30:00,30,STOP SIGN/FLASHER,FUNCTIONING PROPERLY,CLEAR,DAYLIGHT,ANGLE,FOUR WAY,STRAIGHT AND LEVEL,DRY,NO DEFECTS,NO INJURY / DRIVE AWAY,"$501 - $1,500",UNABLE TO DETERMINE,UNABLE TO DETERMINE,6700,S,STATE ST,2,NO INDICATION OF INJURY,0.0,0.0,0.0,0.0,0.0,2.0,0.0,8,2,10
21625eb8bb54714ba308c243965ce963991530afc6d043aca2acc080927f3c6bd0dcdad98e62aa7ab332d7169fe021b4955a64468f839fd927c3cf8dc61081fa,2020-10-28 15:15:00,35,NO CONTROLS,NO CONTROLS,CLEAR,DAYLIGHT,SIDESWIPE SAME DIRECTION,NOT DIVIDED,STRAIGHT AND LEVEL,DRY,UNKNOWN,NO INJURY / DRIVE AWAY,"$501 - $1,500",IMPROPER LANE USAGE,IMPROPER OVERTAKING/PASSING,3300,S,PULASKI RD,2,NO INDICATION OF INJURY,0.0,0.0,0.0,0.0,0.0,2.0,0.0,15,4,10
27615239b67e91a4a0cead0fa44cea43d7484697509661b89ac55ba2f8977157722a0668b5b1cedeec582a5229d486fdb0ce4920fecaee99f6939a09c6686be3,2017-03-25 22:52:00,30,STOP SIGN/FLASHER,FUNCTIONING PROPERLY,RAIN,"DARKNESS, LIGHTED ROAD",TURNING,NOT DIVIDED,STRAIGHT AND LEVEL,WET,NO DEFECTS,INJURY AND / OR TOW DUE TO CRASH,"OVER $1,500",DISREGARDING STOP SIGN,EXCEEDING AUTHORIZED SPEED LIMIT,5200,W,ADAMS ST,2,NO INDICATION OF INJURY,0.0,0.0,0.0,0.0,0.0,3.0,0.0,22,7,3
b7989b2125e28c659f3d6ae109890d744eb625588d6bd84cd196744aeb4b9edc9e4829e516787ddce43700cf260ee9114bbce9f0488f750654dc9554ba48fe76,2020-02-23 11:46:00,30,TRAFFIC SIGNAL,FUNCTIONING PROPERLY,CLEAR,DAYLIGHT,ANGLE,FOUR WAY,STRAIGHT AND LEVEL,DRY,NO DEFECTS,INJURY AND / OR TOW DUE TO CRASH,"OVER $1,500",DISREGARDING TRAFFIC SIGNALS,DRIVING SKILLS/KNOWLEDGE/EXPERIENCE,3001,W,FULLERTON AVE,2,NO INDICATION OF INJURY,0.0,0.0,0.0,0.0,0.0,3.0,0.0,11,1,2
b782411a3e5b80036c7c308f296d05fdb6470c412f5892cdd8bc551ff6f9af828db073dd86487d72ccd208305ccae29b534d2f05dd203c812c747d742d4aaecb,2023-11-30 12:00:00,30,NO CONTROLS,NO CONTROLS,CLEAR,DAYLIGHT,PARKED MOTOR VEHICLE,DIVIDED - W/MEDIAN BARRIER,STRAIGHT AND LEVEL,DRY,WORN SURFACE,NO INJURY / DRIVE AWAY,"OVER $1,500",UNABLE TO DETERMINE,UNABLE TO DETERMINE,4725,S,ASHLAND AVE,2,NO INDICATION OF INJURY,0.0,0.0,0.0,0.0,0.0,1.0,0.0,12,5,11
70fe0397895b8036bc04195be4bc4f57e9b41960f14db18a5a411e50360f70e8187a14b70ebb7b39192f94b6d979860861b80d11478b5660bed69a4372dea28d,2021-03-10 19:38:00,30,TRAFFIC SIGNAL,FUNCTIONING PROPERLY,CLEAR,"DARKNESS, LIGHTED ROAD",PARKED MOTOR VEHICLE,NOT DIVIDED,STRAIGHT AND LEVEL,DRY,NO DEFECTS,NO INJURY / DRIVE AWAY,"OVER $1,500",UNABLE TO DETERMINE,UNABLE TO DETERMINE,2034,S,DAMEN AVE,2,NO INDICATION OF INJURY,0.0,0.0,0.0,0.0,0.0,1.0,0.0,19,4,3
3886f7c2f628431f4b5116810371e25f3ad324ddd754be008eb212749c95d8ba8a3aecc18c98bfcd4625d7c21cf7febe535ce8535cace2b7eb7377e3e0f9a412,2023-12-22 15:00:00,45,NO CONTROLS,NO CONTROLS,RAIN,DAYLIGHT,SIDESWIPE SAME DIRECTION,DIVIDED - W/MEDIAN BARRIER,STRAIGHT AND LEVEL,WET,NO DEFECTS,NO INJURY / DRIVE AWAY,"OVER $1,500",IMPROPER LANE USAGE,DRIVING SKILLS/KNOWLEDGE/EXPERIENCE,5500,S,LAKE SHORE DR SB,2,NO INDICATION OF INJURY,0.0,0.0,0.0,0.0,0.0,2.0,0.0,15,6,12
f553e20601f57938b9b3534c01300e108032fc99001254b7624b776444bb48940850ec9573fcb48351aef9f1b07f291908b8330f28b02e2e693b500f103eea6d,2024-04-11 03:16:00,30,NO CONTROLS,NO CONTROLS,CLEAR,"DARKNESS, LIGHTED ROAD",PARKED MOTOR VEHICLE,DIVIDED - W/MEDIAN (NOT RAISED),STRAIGHT AND LEVEL,WET,NO DEFECTS,INJURY AND / OR TOW DUE TO CRASH,"OVER $1,500",UNABLE TO DETERMINE,UNABLE TO DETERMINE,523,N,CENTRAL AVE,2,NONINCAPACITATING INJURY,2.0,0.0,0.0,2.0,0.0,0.0,0.0,3,5,4
cd937b312794ab829171140def54f22f56720e7147636473173cbcee88b98302b15ee72fb4f926237cb62d600cbc0eb394a57acf02c4475595f5a1d0c22f823e,2017-05-11 16:15:00,30,STOP SIGN/FLASHER,FUNCTIONING PROPERLY,CLEAR,DAYLIGHT,ANGLE,OTHER,STRAIGHT AND LEVEL,DRY,NO DEFECTS,NO INJURY / DRIVE AWAY,"OVER $1,500",FAILING TO YIELD RIGHT-OF-WAY,DRIVING SKILLS/KNOWLEDGE/EXPERIENCE,6300,S,KARLOV AVE,2,NO INDICATION OF INJURY,0.0,0.0,0.0,0.0,0.0,2.0,0.0,16,5,5
c380594989d95e64e8f48dd8c145f835da3b58d780fe7f45b8f1964c70c0078a8db428d323a4df71cf31889fb759d51f9a666110e9652d12d87da5a549ce74d0,2019-03-14 16:30:00,30,NO CONTROLS,NO CONTROLS,CLEAR,DAYLIGHT,TURNING,NOT DIVIDED,STRAIGHT AND LEVEL,WET,NO DEFECTS,NO INJURY / DRIVE AWAY,"OVER $1,500",UNABLE TO DETERMINE,UNABLE TO DETERMINE,6314,S,CICERO AVE,2,NO INDICATION OF INJURY,0.0,0.0,0.0,0.0,0.0,2.0,0.0,16,5,3
d79a0926008eb68161c89e04168028ba34913a8fc21de2dc6310ee199419863a0e5365363169dd5f95c479d464dad508e08e49f7f7546e4c5648510a1c615fa8,2018-11-09 12:53:00,30,TRAFFIC SIGNAL,FUNCTIONING PROPERLY,CLEAR,DAYLIGHT,SIDESWIPE SAME DIRECTION,NOT DIVIDED,STRAIGHT AND LEVEL,DRY,NO DEFECTS,NO INJURY / DRIVE AWAY,"OVER $1,500",UNABLE TO DETERMINE,UNABLE TO DETERMINE,4343,N,KEDZIE AVE,2,NO INDICATION OF INJURY,0.0,0.0,0.0,0.0,0.0,4.0,0.0,12,6,11
d41fb5540a5ad2b140a5753fb8476c4f4b26fb7b48260906e5d9569d5c0d4e85a64de18c0187e996892f1e920503d0f94f24b22fe922d654da7386e70c87c8fc,2020-06-20 14:30:00,30,NO CONTROLS,NO CONTROLS,CLEAR,DAYLIGHT,PARKED MOTOR VEHICLE,NOT DIVIDED,STRAIGHT AND LEVEL,DRY,NO DEFECTS,NO INJURY / DRIVE AWAY,"OVER $1,500",UNABLE TO DETERMINE,IMPROPER LANE USAGE,1439,W,103RD ST,2,NO INDICATION OF INJURY,0.0,0.0,0.0,0.0,0.0,1.0,0.0,14,7,6
02dcb0a98854aacef82b5bb4f51b1d48ead32d187500de7cf12c88ce12756b4603047154600ea436a6c83f0f2fffe3fad9bdd365acc9232f4d382ae0b9ce22a3,2021-07-28 17:45:00,30,UNKNOWN,UNKNOWN,CLEAR,UNKNOWN,PARKED MOTOR VEHICLE,DIVIDED - W/MEDIAN (NOT RAISED),STRAIGHT AND LEVEL,DRY,UNKNOWN,NO INJURY / DRIVE AWAY,"OVER $1,500",UNABLE TO DETERMINE,UNABLE TO DETERMINE,2703,W,24TH PL,2,NO INDICATION OF INJURY,0.0,0.0,0.0,0.0,0.0,1.0,0.0,17,4,7
e2d046fa44ffa0f9a87083d45a874fd1fc6f0a91292528df8409bc3c94ac1ff50a330041f688a16fda4bfc22d5a3c8bcb70d2f443f029973a953f835b5b8ea8b,2018-12-20 22:22:00,5,NO CONTROLS,NO CONTROLS,RAIN,DARKNESS,ANGLE,PARKING LOT,STRAIGHT AND LEVEL,WET,NO DEFECTS,NO INJURY / DRIVE AWAY,"$501 - $1,500",DRIVING SKILLS/KNOWLEDGE/EXPERIENCE,IMPROPER BACKING,759,W,71ST ST,3,NO INDICATION OF INJURY,0.0,0.0,0.0,0.0,0.0,4.0,0.0,22,5,12
55a4c0ed6a39ca39784052093bf63e84495a425fc809d907d7680023f149bace3faa9a8e6a66dc253de677a46c81f912bca89bb29de1b919e008842652c9e66a,2018-01-12 08:00:00,20,NO CONTROLS,NO CONTROLS,CLOUDY/OVERCAST,DAYLIGHT,PARKED MOTOR VEHICLE,NOT DIVIDED,STRAIGHT AND LEVEL,DRY,UNKNOWN,NO INJURY / DRIVE AWAY,"OVER $1,500",UNABLE TO DETERMINE,UNABLE TO DETERMINE,4815,S,KARLOV AVE,2,NO INDICATION OF INJURY,0.0,0.0,0.0,0.0,0.0,1.0,0.0,8,6,1
bf36e690b0b5504d12f3834535ea946cedce0c78d035a294bf2a95d7c8eb906ad3492437056fe98acb4b3d53ce3369887044fbaf3e90e68380dc551afb480a50,2019-11-19 15:30:00,35,NO CONTROLS,NO CONTROLS,CLEAR,DAYLIGHT,SIDESWIPE SAME DIRECTION,DIVIDED - W/MEDIAN (NOT RAISED),STRAIGHT AND LEVEL,DRY,NO DEFECTS,NO INJURY / DRIVE AWAY,"$501 - $1,500",UNABLE TO DETERMINE,UNABLE TO DETERMINE,2255,W,FULLERTON AVE,2,NO INDICATION OF INJURY,0.0,0.0,0.0,0.0,0.0,2.0,0.0,15,3,11
486cb30e6368edc7b119540e8918412291f02e84d6ac4344f217c0d56bb0e52b29245153cc5135e2fb05032f3340b3a4d4783aee896214c0bc0ef2a8cb34b749,2019-02-11 22:40:00,30,NO CONTROLS,NO CONTROLS,RAIN,DARKNESS,SIDESWIPE OPPOSITE DIRECTION,NOT DIVIDED,STRAIGHT AND LEVEL,ICE,NO DEFECTS,NO INJURY / DRIVE AWAY,"OVER $1,500",UNABLE TO DETERMINE,UNABLE TO DETERMINE,6800,S,NORMAL BLVD,2,NO INDICATION OF INJURY,0.0,0.0,0.0,0.0,0.0,2.0,0.0,22,2,2
7775c855c9aa2848dc6650a3d2bf2608170b46a03c419b66945e1ea641d1678408d3adf9562b2ffecb75d06d3ae7e987bd715dfbe8e62dcce43f813e7eea6487,2023-02-20 12:45:00,35,OTHER,FUNCTIONING PROPERLY,UNKNOWN,UNKNOWN,SIDESWIPE SAME DIRECTION,UNKNOWN,STRAIGHT AND LEVEL,UNKNOWN,NO DEFECTS,NO INJURY / DRIVE AWAY,$500 OR LESS,IMPROPER OVERTAKING/PASSING,UNABLE TO DETERMINE,628,N,MICHIGAN AVE,2,NO INDICATION OF INJURY,0.0,0.0,0.0,0.0,0.0,2.0,0.0,12,2,2
ef87cca99fac286f7afdd736570f8cfb22ab757755c1224883dcfbb85c05c1ef8a5345688d3263ba2ee388b940c4ef6e79ed1daaffdcd6944a4aafbfae9caf7f,2023-01-10 15:25:00,35,STOP SIGN/FLASHER,FUNCTIONING PROPERLY,CLEAR,DAYLIGHT,SIDESWIPE SAME DIRECTION,FOUR WAY,STRAIGHT AND LEVEL,DRY,NO DEFECTS,NO INJURY / DRIVE AWAY,"OVER $1,500",IMPROPER OVERTAKING/PASSING,UNABLE TO DETERMINE,3357,E,106TH ST,2,NO INDICATION OF INJURY,0.0,0.0,0.0,0.0,0.0,2.0,0.0,15,3,1
34a2c057c6d9fc39028155fbbffa523099206ec2fdb44f8a4015a0ff8e8ca3f0ffe62718a3f8af7acc6a87fb5b9544964359d05e2ebb4eca502aa9e5ad2c4b96,2020-08-30 00:08:00,35,NO CONTROLS,NO CONTROLS,CLEAR,"DARKNESS, LIGHTED ROAD",PARKED MOTOR VEHICLE,NOT DIVIDED,STRAIGHT AND LEVEL,DRY,UNKNOWN,NO INJURY / DRIVE AWAY,$500 OR LESS,IMPROPER BACKING,DRIVING SKILLS/KNOWLEDGE/EXPERIENCE,12213,S,WALLACE ST,5,NO INDICATION OF INJURY,0.0,0.0,0.0,0.0,0.0,1.0,0.0,0,1,8
abf3271ec1d7da896dbe5f372283f20858c5b839a2cd307b7b7afdc526ce612fd11d385ea3ae54ffba82c024a67c3cedbd62d6eed3115d73675b4e2342aeb145,2017-12-04 06:50:00,30,STOP SIGN/FLASHER,FUNCTIONING PROPERLY,UNKNOWN,"DARKNESS, LIGHTED ROAD",PARKED MOTOR VEHICLE,NOT DIVIDED,STRAIGHT AND LEVEL,UNKNOWN,UNKNOWN,NO INJURY / DRIVE AWAY,"OVER $1,500",UNABLE TO DETERMINE,UNABLE TO DETERMINE,2301,W,WABANSIA AVE,2,NO INDICATION OF INJURY,0.0,0.0,0.0,0.0,0.0,1.0,0.0,6,2,12
005e423a8e546e0f537bea6e7291213b15db3db92629558610fa637031d8adf8f9433a449a1ed101a5256079746c895c329c265f1b6d8427291479b75332f552,2021-05-13 11:19:00,30,STOP SIGN/FLASHER,FUNCTIONING PROPERLY,CLEAR,DAYLIGHT,TURNING,NOT DIVIDED,STRAIGHT AND LEVEL,DRY,NO DEFECTS,INJURY AND / OR TOW DUE TO CRASH,"OVER $1,500",IMPROPER TURNING/NO SIGNAL,FAILING TO YIELD RIGHT-OF-WAY,3534,W,CHICAGO AVE,2,INCAPACITATING INJURY,2.0,0.0,1.0,1.0,0.0,0.0,0.0,11,5,5
83bcdd49059f87375cd49698b6f693ac06c0bca1829212e3e61f25c6fd84235528e7616a16c5c086786d7ddc0b42c0c30e01494ce964de6c11be99b258e4babf,2018-03-19 05:15:00,15,NO CONTROLS,NO CONTROLS,CLEAR,DAYLIGHT,PARKED MOTOR VEHICLE,NOT DIVIDED,STRAIGHT AND LEVEL,DRY,NO DEFECTS,NO INJURY / DRIVE AWAY,"OVER $1,500",DRIVING SKILLS/KNOWLEDGE/EXPERIENCE,UNABLE TO DETERMINE,2143,E,72ND ST,2,NO INDICATION OF INJURY,0.0,0.0,0.0,0.0,0.0,1.0,0.0,5,2,3
87b2376a0ee7725585c07c8ae779685900a0c182e69da4594e9947bc1a4564236997db32fa6178d615797efd733a39737b8f9b01e883e09d66aa69f105b48da8,2018-05-09 20:00:00,30,NO CONTROLS,NO CONTROLS,CLEAR,"DARKNESS, LIGHTED ROAD",OTHER NONCOLLISION,NOT DIVIDED,STRAIGHT AND LEVEL,DRY,"RUT, HOLES",NO INJURY / DRIVE AWAY,"OVER $1,500",NOT APPLICABLE,NOT APPLICABLE,1800,S,WESTERN AVE,1,NO INDICATION OF INJURY,0.0,0.0,0.0,0.0,0.0,1.0,0.0,20,4,5
dcd5f003ef81aa90e35ee9eb0cd88121ffda0d0e79c50f4366098a98432995c1c24b505d3a9b1b3fdaf24a6e6f7fa1921cc1d647bee27aa854db0db017045a89,2022-03-20 15:00:00,30,NO CONTROLS,NO CONTROLS,CLEAR,DAYLIGHT,PARKED MOTOR VEHICLE,PARKING LOT,STRAIGHT AND LEVEL,DRY,UNKNOWN,NO INJURY / DRIVE AWAY,"$501 - $1,500",UNABLE TO DETERMINE,NOT APPLICABLE,901,E,104TH ST,2,NO INDICATION OF INJURY,0.0,0.0,0.0,0.0,0.0,1.0,0.0,15,1,3
ad1017ffb18903230d14ea7b4ec9d2028c158d080e7ebfc9bde27ae84ac61b029121599fe8a84c83709095e1156276b74c70c1961fad2d5a477ecb431fe07672,2018-04-04 07:47:00,30,NO CONTROLS,NO CONTROLS,SNOW,DAYLIGHT,ANGLE,DIVIDED - W/MEDIAN (NOT RAISED),STRAIGHT AND LEVEL,ICE,NO DEFECTS,NO INJURY / DRIVE AWAY,"OVER $1,500",WEATHER,WEATHER,6329,W,FOSTER AVE,2,NO INDICATION OF INJURY,0.0,0.0,0.0,0.0,0.0,2.0,0.0,7,4,4
24af0005ba6036fda228863e35390107db5514c3e2d19298a6a0a1bb99adf0c39168a6de8cbd494b1f05e9bee6fb119a0bb2b013c950a8330ce1e23b7a33e170,2020-03-02 19:30:00,30,NO CONTROLS,NO CONTROLS,CLEAR,DAYLIGHT,ANGLE,NOT DIVIDED,STRAIGHT AND LEVEL,DRY,NO DEFECTS,NO INJURY / DRIVE AWAY,"$501 - $1,500",NOT APPLICABLE,NOT APPLICABLE,6699,S,KOMENSKY AVE,2,NO INDICATION OF INJURY,0.0,0.0,0.0,0.0,0.0,2.0,0.0,19,2,3
61d07fefaff6d683636bb5f5668eacc4d804a00bacc61fe54594f1ff88739a1aaccf848ba24965e4b0b069234e1ffc4b21da6fa9ae05e9ede8098b1578bb5997,2020-03-03 22:12:00,30,TRAFFIC SIGNAL,UNKNOWN,CLEAR,DARKNESS,TURNING,FOUR WAY,STRAIGHT AND LEVEL,UNKNOWN,UNKNOWN,NO INJURY / DRIVE AWAY,"OVER $1,500",UNABLE TO DETERMINE,NOT APPLICABLE,199,W,MADISON ST,2,NO INDICATION OF INJURY,0.0,0.0,0.0,0.0,0.0,2.0,0.0,22,3,3
10dcab7eceecacd0e6fd95c618cdfbdcbaf451bcbc062a808eb52c790fa9154314039785cac4d6c2b9ebef3654e66b68e5d6661fedbaa00982e5fd96299174e0,2019-07-19 12:55:00,30,NO CONTROLS,NO CONTROLS,CLEAR,DAYLIGHT,OTHER OBJECT,OTHER,STRAIGHT AND LEVEL,DRY,NO DEFECTS,INJURY AND / OR TOW DUE TO CRASH,"OVER $1,500",UNABLE TO DETERMINE,UNABLE TO DETERMINE,1206,S,CHRISTIANA AVE,1,NONINCAPACITATING INJURY,3.0,0.0,0.0,3.0,0.0,1.0,0.0,12,6,7
34890f1cd5a70a7c6a7894ac48c704bdc9ccb5d5d950a83e14f7606ac77430713ae1e4cb8ebeb5b4ce016456925382e873a5bdb1d704f18720f437bc9da65450,2018-04-27 21:45:00,10,NO CONTROLS,NO CONTROLS,CLEAR,DARKNESS,PEDESTRIAN,DRIVEWAY,STRAIGHT AND LEVEL,DRY,UNKNOWN,NO INJURY / DRIVE AWAY,$500 OR LESS,UNABLE TO DETERMINE,UNABLE TO DETERMINE,4815,S,PRINCETON AVE,2,NO INDICATION OF INJURY,0.0,0.0,0.0,0.0,0.0,3.0,0.0,21,6,4
1e9dbb111fe64e206df18455d88c86b3d5b416b62a9ffca7f731cfbce9a6f502cb94bb62906585a10a53aa7a368af7a73dce1181e492d6a564e734a0befc5de0,2023-03-20 10:20:00,30,NO CONTROLS,NO CONTROLS,CLEAR,DAYLIGHT,PARKED MOTOR VEHICLE,ONE-WAY,STRAIGHT AND LEVEL,DRY,NO DEFECTS,NO INJURY / DRIVE AWAY,"$501 - $1,500",DRIVING SKILLS/KNOWLEDGE/EXPERIENCE,DRIVING SKILLS/KNOWLEDGE/EXPERIENCE,1928,W,48TH ST,2,NO INDICATION OF INJURY,0.0,0.0,0.0,0.0,0.0,1.0,0.0,10,2,3
6c8f498a8d9910423e79baa55cfd94f0f8ef2537ba7ed9f1707a7b32e1146b418c8c9aa2ac2dfbf37425ead2b83aacb60ca2ed4b8741189c8a348860c4686cd7,2019-06-05 16:50:00,40,NO CONTROLS,NO CONTROLS,CLEAR,DAYLIGHT,REAR END,DIVIDED - W/MEDIAN BARRIER,"CURVE, LEVEL",DRY,NO DEFECTS,NO INJURY / DRIVE AWAY,"$501 - $1,500",FOLLOWING TOO CLOSELY,NOT APPLICABLE,2801,N,LAKE SHORE DR NB,2,NO INDICATION OF INJURY,0.0,0.0,0.0,0.0,0.0,2.0,0.0,16,4,6
4a21ebb0f9cbdfd8256fa4e6fd8fc1f56ae2b6fe5b19920b9a2f6e86e5eaaff496b2095a0387db8f62aa271f7c6f6ecc5b95f6a6aab6f41c068e5e09747aba7a,2020-09-25 16:15:00,10,TRAFFIC SIGNAL,FUNCTIONING PROPERLY,CLEAR,DAYLIGHT,REAR TO SIDE,PARKING LOT,STRAIGHT AND LEVEL,DRY,NO DEFECTS,NO INJURY / DRIVE AWAY,"$501 - $1,500",IMPROPER BACKING,IMPROPER BACKING,1400,S,ASHLAND AVE,2,NO INDICATION OF INJURY,0.0,0.0,0.0,0.0,0.0,3.0,0.0,16,6,9
a18238f21f44842193265f7bb9e7b78ff740e64701fab4c1a6439de581108998533e4992ce8f7102ae370c1be05181854f937dcca73b77a7856db5087ddbe6c2,2020-08-09 01:45:00,30,NO CONTROLS,NO CONTROLS,CLEAR,DARKNESS,PARKED MOTOR VEHICLE,DRIVEWAY,STRAIGHT AND LEVEL,DRY,NO DEFECTS,NO INJURY / DRIVE AWAY,"$501 - $1,500",NOT APPLICABLE,NOT APPLICABLE,9415,S,CLAREMONT AVE,2,NO INDICATION OF INJURY,0.0,0.0,0.0,0.0,0.0,1.0,0.0,1,1,8
424c06ded875181da1bbef0f39478e9091943361582633934b8caca645eb53a2064e32470238730f87512bc5e01cd37dc9fd9e0451b614967f1909b5d65a7ec9,2016-02-18 08:06:00,30,NO CONTROLS,NO CONTROLS,CLEAR,DAYLIGHT,SIDESWIPE SAME DIRECTION,NOT DIVIDED,STRAIGHT AND LEVEL,DRY,NO DEFECTS,NO INJURY / DRIVE AWAY,"$501 - $1,500",IMPROPER LANE USAGE,NOT APPLICABLE,3557,S,WESTERN AVE,2,NO INDICATION OF INJURY,0.0,0.0,0.0,0.0,0.0,2.0,0.0,8,5,2