CRASH_RECORD_ID,CRASH_DATE,POSTED_SPEED_LIMIT,TRAFFIC_CONTROL_DEVICE,DEVICE_CONDITION,WEATHER_CONDITION,LIGHTING_CONDITION,FIRST_CRASH_TYPE,TRAFFICWAY_TYPE,ALIGNMENT,ROADWAY_SURFACE_COND,ROAD_DEFECT,CRASH_TYPE,DAMAGE,PRIM_CONTRIBUTORY_CAUSE,SEC_CONTRIBUTORY_CAUSE,STREET_NO,STREET_DIRECTION,STREET_NAME,NUM_UNITS,MOST_SEVERE_INJURY,INJURIES_TOTAL,INJURIES_FATAL,INJURIES_INCAPACITATING,INJURIES_NON_INCAPACITATING,INJURIES_REPORTED_NOT_EVIDENT,INJURIES_NO_INDICATION,INJURIES_UNKNOWN,CRASH_HOUR,CRASH_DAY_OF_WEEK,CRASH_MONTH
718ecf407b60dd80634d116417345a65258e8e0a4cae4a0a49efcaf22f8776dfe5215381c6837d8293d7f4e5eb1be8c0f16a79ef653c03de3156d66a1f26bdf4,2021-09-19 14:45:00,30,TRAFFIC SIGNAL,FUNCTIONING PROPERLY,CLEAR,DAYLIGHT,ANGLE,OTHER,STRAIGHT AND LEVEL,DRY,UNKNOWN,INJURY AND / OR TOW DUE TO CRASH,"OVER $1,500",EQUIPMENT - VEHICLE CONDITION,EQUIPMENT - VEHICLE CONDITION,6200,N,LINCOLN AVE,3,INCAPACITATING INJURY,4.0,0.0,2.0,2.0,0.0,0.0,0.0,14,1,9
84cbda77b4d21783d2ada01f435286976a7a6b680dc32220a2d224f13e3ef7044f6eaa92ef4d5e6e3db92353786acf291fc6f64040806fcae8266f762f534598,2022-10-05 10:06:00,30,NO CONTROLS,NO CONTROLS,CLEAR,DAYLIGHT,TURNING,DIVIDED - W/MEDIAN (NOT RAISED),STRAIGHT AND LEVEL,DRY,UNKNOWN,NO INJURY / DRIVE AWAY,"OVER $1,500",IMPROPER TURNING/NO SIGNAL,FAILING TO YIELD RIGHT-OF-WAY,5111,N,CENTRAL AVE,2,NO INDICATION OF INJURY,0.0,0.0,0.0,0.0,0.0,2.0,0.0,10,4,10
d90ec576ce871336d239a01d6e297893e3595a7cf93e47d9d5c49144d545f856a65d945310f9686bd93f7ea7851887105fd6aa0089b0f2b909d142f8c1996b85,2022-05-24 02:35:00,30,NO CONTROLS,NO CONTROLS,CLEAR,"DARKNESS, LIGHTED ROAD",PARKED MOTOR VEHICLE,ONE-WAY,STRAIGHT AND LEVEL,DRY,NO DEFECTS,NO INJURY / DRIVE AWAY,"OVER $1,500",IMPROPER BACKING,NOT APPLICABLE,654,E,80TH ST,2,NO INDICATION OF INJURY,0.0,0.0,0.0,0.0,0.0,1.0,0.0,2,3,5
8e822a14432b9ac8de2c917e877db7214c77a55cb9b26ccecd802e272df86b2743d15ee7db00e4cdee4b2fd52d40ecb3267c058c0401535f34615fa068c5c61c,2017-11-25 19:00:00,30,STOP SIGN/FLASHER,FUNCTIONING PROPERLY,CLEAR,"DARKNESS, LIGHTED ROAD",TURNING,NOT DIVIDED,STRAIGHT AND LEVEL,DRY,NO DEFECTS,INJURY AND / OR TOW DUE TO CRASH,"$501 - $1,500",IMPROPER TURNING/NO SIGNAL,DISTRACTION - FROM OUTSIDE VEHICLE,300,E,47TH ST,2,NO INDICATION OF INJURY,0.0,0.0,0.0,0.0,0.0,3.0,0.0,19,7,11
107761099d27c6d3997bf200417f87ca7e1b56925fe0a3750f36068cead5fe1239ffeb90c5d17f56201957d493d5e858ff6f49c65d6ae46916a142011496fb32,2024-03-09 11:45:00,10,NO CONTROLS,NO CONTROLS,CLEAR,DAYLIGHT,REAR END,OTHER,STRAIGHT AND LEVEL,WET,NO DEFECTS,NO INJURY / DRIVE AWAY,"$501 - $1,500",FAILING TO YIELD RIGHT-OF-WAY,UNABLE TO DETERMINE,2407,W,23RD ST,2,NO INDICATION OF INJURY,0.0,0.0,0.0,0.0,0.0,2.0,0.0,11,7,3
aee2294bd4d5e402160353e9a2112de8dec37ad14278b943093949c5422ba23ed7c834bd5ee8ca8bbd17ec94c77db70e799f2fccdde1764ccc4a94ba9286335b,2018-01-16 07:25:00,30,NO CONTROLS,FUNCTIONING PROPERLY,SNOW,DAYLIGHT,TURNING,ONE-WAY,STRAIGHT AND LEVEL,SNOW OR SLUSH,NO DEFECTS,NO INJURY / DRIVE AWAY,"$501 - $1,500",WEATHER,UNABLE TO DETERMINE,4058,W,MELROSE ST,2,NO INDICATION OF INJURY,0.0,0.0,0.0,0.0,0.0,2.0,0.0,7,3,1
c3cc5f1d30f42d9f63577dcbf41838aa1a8ec3eb2dd865ed52db456983ba0e6e3e53a6d8a3776acf38e2c72d469e5494983960b60d320a1915770e61b0a486fd,2019-07-16 18:45:00,30,TRAFFIC SIGNAL,FUNCTIONING PROPERLY,CLEAR,DAYLIGHT,TURNING,DIVIDED - W/MEDIAN (NOT RAISED),STRAIGHT AND LEVEL,DRY,UNKNOWN,INJURY AND / OR TOW DUE TO CRASH,"OVER $1,500",DISREGARDING TRAFFIC SIGNALS,NOT APPLICABLE,4400,W,MONTROSE AVE,2,NONINCAPACITATING INJURY,1.0,0.0,0.0,1.0,0.0,5.0,0.0,18,3,7
1b8df919157921c4d6975d66b00ad50f7c84866d527b6acfdb2968a56729014b8ba78d3293f2af1763c0e5bd35e4dceae3d467386dea6736529ce0b5d1e1c733,2022-06-28 20:50:00,30,NO CONTROLS,NO CONTROLS,CLEAR,"DARKNESS, LIGHTED ROAD",SIDESWIPE SAME DIRECTION,NOT DIVIDED,STRAIGHT AND LEVEL,DRY,NO DEFECTS,INJURY AND / OR TOW DUE TO CRASH,"OVER $1,500",IMPROPER LANE USAGE,UNABLE TO DETERMINE,538,W,119TH ST,2,"REPORTED, NOT EVIDENT",1.0,0.0,0.0,0.0,1.0,4.0,0.0,20,3,6
bf2eca37526ebfbfb18916e9c1c9db90054a7b53b59059305329df609e0e5bee9ba51d8f780fb69f207e23e6f83057c75fcc1491d8261a0face2bea71721e2e9,2019-06-09 10:42:00,30,NO CONTROLS,NO CONTROLS,RAIN,DAYLIGHT,REAR TO FRONT,DIVIDED - W/MEDIAN BARRIER,STRAIGHT AND LEVEL,WET,NO DEFECTS,NO INJURY / DRIVE AWAY,"OVER $1,500",NOT APPLICABLE,NOT APPLICABLE,8745,S,ASHLAND AVE,2,NO INDICATION OF INJURY,0.0,0.0,0.0,0.0,0.0,2.0,0.0,10,1,6
6c851718951f270219bbdad2e6a5d139cedc6f43c250be8143210b31cdd3177d9a62f7731fcfd1ca6f927f9dccf15813648183cd94c6a8d884f71c671be1e2b1,2019-02-05 21:27:00,30,NO CONTROLS,OTHER,CLEAR,"DARKNESS, LIGHTED ROAD",SIDESWIPE SAME DIRECTION,DIVIDED - W/MEDIAN (NOT RAISED),STRAIGHT AND LEVEL,DRY,NO DEFECTS,NO INJURY / DRIVE AWAY,$500 OR LESS,IMPROPER OVERTAKING/PASSING,NOT APPLICABLE,6800,W,BELMONT AVE,2,NO INDICATION OF INJURY,0.0,0.0,0.0,0.0,0.0,2.0,0.0,21,3,2
b9e135a10563f869dd634e747b6592d13cd9d92809dc2801de33cfb5cca59347571979b5f1e7a4727b6b4bdef226776dff93f19e8f7598c3776970045ebc01a1,2022-12-17 19:00:00,10,NO CONTROLS,NO CONTROLS,CLEAR,"DARKNESS, LIGHTED ROAD",PARKED MOTOR VEHICLE,ONE-WAY,STRAIGHT AND LEVEL,DRY,NO DEFECTS,NO INJURY / DRIVE AWAY,$500 OR LESS,UNABLE TO DETERMINE,UNABLE TO DETERMINE,4033,N,MOZART ST,2,NO INDICATION OF INJURY,0.0,0.0,0.0,0.0,0.0,1.0,0.0,19,7,12
0bef05f8398c87707a517af87136b2638b9b44803b2198c9872542d841a972e89dd068fdb30524f5764e230975d12621bf8dc7c5a9c31ed75e163913433e409c,2021-04-06 22:00:00,30,NO CONTROLS,NO CONTROLS,CLEAR,"DARKNESS, LIGHTED ROAD",PARKED MOTOR VEHICLE,ONE-WAY,STRAIGHT ON GRADE,DRY,NO DEFECTS,NO INJURY / DRIVE AWAY,"$501 - $1,500",IMPROPER BACKING,NOT APPLICABLE,11474,S,MARSHFIELD AVE,2,NO INDICATION OF INJURY,0.0,0.0,0.0,0.0,0.0,1.0,0.0,22,3,4
4e00fc6e76b7fc1a473a91515d88c1a20c54d607bc709ff206ba16d5482681e7040780e326051f858adfb343ae2bdcbe0de8c0b4d96c073f3584c71e3f36bfe2,2023-09-18 07:44:00,30,NO CONTROLS,NO CONTROLS,CLEAR,DAYLIGHT,SIDESWIPE SAME DIRECTION,NOT DIVIDED,STRAIGHT AND LEVEL,UNKNOWN,UNKNOWN,NO INJURY / DRIVE AWAY,"OVER $1,500",UNABLE TO DETERMINE,UNABLE TO DETERMINE,4028,W,GLADYS AVE,2,NO INDICATION OF INJURY,0.0,0.0,0.0,0.0,0.0,2.0,0.0,7,2,9
24d030b6f73340876b805f48213e87232c6eac64aa9507ccb94d6e83a18dfc2822ffbf1463dbecd0a20cb47950932c7a9b6bb78c25f850ee7b531edb22f33eb9,2021-05-24 22:10:00,25,NO CONTROLS,NO CONTROLS,CLEAR,"DARKNESS, LIGHTED ROAD",PARKED MOTOR VEHICLE,NOT DIVIDED,STRAIGHT AND LEVEL,DRY,NO DEFECTS,INJURY AND / OR TOW DUE TO CRASH,"OVER $1,500","OPERATING VEHICLE IN ERRATIC, RECKLESS, CARELESS, NEGLIGENT OR AGGRESSIVE MANNER","OPERATING VEHICLE IN ERRATIC, RECKLESS, CARELESS, NEGLIGENT OR AGGRESSIVE MANNER",6513,S,WOOD ST,3,NO INDICATION OF INJURY,0.0,0.0,0.0,0.0,0.0,4.0,0.0,22,2,5
6c7bcbbaf331fce4f2aae7b25f19b8851f8e3c83b6c530cc16681a6467663afb100a0ed8359ca7532decb98a4590d812e4d6039a198ea5553e1c653bea1930c1,2018-07-16 21:00:00,35,TRAFFIC SIGNAL,FUNCTIONING PROPERLY,CLEAR,DARKNESS,TURNING,DIVIDED - W/MEDIAN BARRIER,STRAIGHT AND LEVEL,DRY,NO DEFECTS,NO INJURY / DRIVE AWAY,"$501 - $1,500",UNABLE TO DETERMINE,UNABLE TO DETERMINE,2400,N,LAKE SHORE DR NB,2,NO INDICATION OF INJURY,0.0,0.0,0.0,0.0,0.0,2.0,0.0,21,2,7
3c3072f720577edfd7ced6888335921f159594ff12a933869c58b8d35ed6da5b1eb2c1b647049c4bea4f7462134bca899827e720c7793d49e73682dea40029e9,2018-02-08 15:45:00,30,TRAFFIC SIGNAL,FUNCTIONING PROPERLY,CLEAR,DAYLIGHT,SIDESWIPE SAME DIRECTION,NOT DIVIDED,STRAIGHT AND LEVEL,DRY,NO DEFECTS,NO INJURY / DRIVE AWAY,"OVER $1,500",IMPROPER OVERTAKING/PASSING,NOT APPLICABLE,3211,W,103RD ST,2,NO INDICATION OF INJURY,0.0,0.0,0.0,0.0,0.0,2.0,0.0,15,5,2
04e7108e6775bb85b9025f562b1c2b7116321409bbc5a1d1173b85e164c9a97e9a033f4158fde87e6c22285a71c670710abee21a7c101039237fa9937ef7f1a4,2020-06-22 11:15:00,30,NO CONTROLS,NO CONTROLS,CLEAR,DAYLIGHT,REAR END,NOT DIVIDED,STRAIGHT AND LEVEL,DRY,NO DEFECTS,NO INJURY / DRIVE AWAY,"$501 - $1,500",UNABLE TO DETERMINE,NOT APPLICABLE,2928,W,ARMITAGE AVE,2,NO INDICATION OF INJURY,0.0,0.0,0.0,0.0,0.0,2.0,0.0,11,2,6
1f8c74135df0e13edc3fc62b000dc9cddd3a578be089c20b83c14791e6cbb837ebf2ef254639389f72b91ce2ef4929e531296f7c3480776982c447910092735c,2019-06-05 23:30:00,3,STOP SIGN/FLASHER,FUNCTIONING PROPERLY,CLEAR,DARKNESS,REAR END,FOUR WAY,STRAIGHT AND LEVEL,DRY,NO DEFECTS,INJURY AND / OR TOW DUE TO CRASH,"OVER $1,500",DISREGARDING STOP SIGN,DISTRACTION - FROM INSIDE VEHICLE,2052,N,HALSTED ST,2,NO INDICATION OF INJURY,0.0,0.0,0.0,0.0,0.0,2.0,0.0,23,4,6
b4b09d9520436d46493bf8806531c72bae0909b3ad076ae80a1b2ce3770bda30361711a30d6c9561af0c6cb7149f0076dd5f5b217e2983f6079fcf7598b6d6a6,2022-11-03 12:10:00,30,TRAFFIC SIGNAL,FUNCTIONING PROPERLY,CLEAR,DAYLIGHT,SIDESWIPE SAME DIRECTION,DIVIDED - W/MEDIAN (NOT RAISED),STRAIGHT AND LEVEL,DRY,NO DEFECTS,NO INJURY / DRIVE AWAY,"OVER $1,500",UNABLE TO DETERMINE,UNABLE TO DETERMINE,3403,W,GRAND AVE,2,NO INDICATION OF INJURY,0.0,0.0,0.0,0.0,0.0,2.0,0.0,12,5,11
6e8226f788d14d8e2b4b3592b6cb399895b9cda547f80fce30144706f91ec9caccaa65dd2b6f217994984111cffe9e7dd2e31ebdd3a98d25a744d5bb56974041,2018-07-04 23:40:00,30,TRAFFIC SIGNAL,FUNCTIONING PROPERLY,RAIN,"DARKNESS, LIGHTED ROAD",REAR END,DIVIDED - W/MEDIAN (NOT RAISED),STRAIGHT AND LEVEL,WET,NO DEFECTS,NO INJURY / DRIVE AWAY,"OVER $1,500",UNABLE TO DETERMINE,UNABLE TO DETERMINE,6700,S,CALIFORNIA AVE,2,NO INDICATION OF INJURY,0.0,0.0,0.0,0.0,0.0,2.0,0.0,23,4,7
5eb424af7ee319afe2f89009744cdfb7be6f0dd1c5c0c109fb42956f8f1ecbd0e5a78491e86d357c9b13dd1c227441d65cf4e21c872cd95a4d14529b4ac25868,2020-03-04 07:49:00,30,NO CONTROLS,NO CONTROLS,CLEAR,DAYLIGHT,ANGLE,ONE-WAY,STRAIGHT AND LEVEL,WET,NO DEFECTS,INJURY AND / OR TOW DUE TO CRASH,"OVER $1,500",DRIVING ON WRONG SIDE/WRONG WAY,UNABLE TO DETERMINE,6600,S,WASHTENAW AVE,3,NONINCAPACITATING INJURY,2.0,0.0,0.0,2.0,0.0,0.0,0.0,7,4,3
746f394e147c432738454266d24dae35d1eef99e2fdd1e601b1b75f5d6938524d99cea9256745d7d02ed865162358e8d9ebd8ff8a48217432782d38f26743afe,2024-03-12 17:30:00,30,UNKNOWN,UNKNOWN,UNKNOWN,UNKNOWN,PEDESTRIAN,FOUR WAY,STRAIGHT AND LEVEL,UNKNOWN,UNKNOWN,NO INJURY / DRIVE AWAY,$500 OR LESS,UNABLE TO DETERMINE,UNABLE TO DETERMINE,1200,N,MILWAUKEE AVE,2,NO INDICATION OF INJURY,0.0,0.0,0.0,0.0,0.0,2.0,0.0,17,3,3
6cbc126898de77bdb27c4e2bbe7bcdb57907f9d8ee3bf02dd601ead1240b55fab9c853d66491cb142c820d57745dcb30f3a62ef0a68675799f22889dc6e2629c,2018-05-11 15:00:00,25,NO CONTROLS,NO CONTROLS,CLEAR,DAYLIGHT,TURNING,NOT DIVIDED,STRAIGHT AND LEVEL,WET,NO DEFECTS,NO INJURY / DRIVE AWAY,"OVER $1,500",IMPROPER TURNING/NO SIGNAL,NOT APPLICABLE,1456,N,MILWAUKEE AVE,2,NO INDICATION OF INJURY,0.0,0.0,0.0,0.0,0.0,3.0,0.0,15,6,5
b0200d854afe3836cd9c8bf6260036275d507ba11a89c3147b10c55d7e7ddb42925d0c7f6ce00e28cf4278a3ebc341d9491268d8eecadc60af2c9bb5e3413788,2018-06-08 11:34:00,30,TRAFFIC SIGNAL,FUNCTIONING PROPERLY,RAIN,DAYLIGHT,TURNING,DIVIDED - W/MEDIAN (NOT RAISED),STRAIGHT AND LEVEL,WET,NO DEFECTS,NO INJURY / DRIVE AWAY,"OVER $1,500",EXCEEDING SAFE SPEED FOR CONDITIONS,WEATHER,400,E,35TH ST,2,NO INDICATION OF INJURY,0.0,0.0,0.0,0.0,0.0,2.0,0.0,11,6,6
a8efecd4844e33d4328a7ccccd94f7359cfb820549767bbbc207c5453ab6654e3833fedd3a59f53163e05991d127a0edf1dc20d1c157b48659e996225257611b,2020-10-07 03:08:00,30,TRAFFIC SIGNAL,FUNCTIONING PROPERLY,CLEAR,"DARKNESS, LIGHTED ROAD",TURNING,NOT DIVIDED,STRAIGHT AND LEVEL,DRY,NO DEFECTS,NO INJURY / DRIVE AWAY,"OVER $1,500",TURNING RIGHT ON RED,NOT APPLICABLE,41,E,CONGRESS PKWY,2,NO INDICATION OF INJURY,0.0,0.0,0.0,0.0,0.0,2.0,0.0,3,4,10
97c1fa1f5adbf678ab6f8001025d503217b7c7ea371ee0cccac67052b1f8e4adeeadbd9b9b7ead05ba750974bed9e0f393d1dc5f84e997919996be1ee34b881b,2016-12-08 06:00:00,25,NO CONTROLS,NO CONTROLS,CLEAR,DUSK,SIDESWIPE SAME DIRECTION,ONE-WAY,STRAIGHT AND LEVEL,DRY,NO DEFECTS,NO INJURY / DRIVE AWAY,"OVER $1,500",UNABLE TO DETERMINE,UNABLE TO DETERMINE,200,W,OHIO ST,2,NO INDICATION OF INJURY,0.0,0.0,0.0,0.0,0.0,2.0,0.0,6,5,12
d72b427b7059fadaf5fcf934b4edd271477d0f675f72ff6136dfd8f7469968407b3fc6ab096348ad6948fc7bc76a61b598eee907170e04ae8ecf7142db7bd99c,2019-12-20 16:50:00,30,NO CONTROLS,NO CONTROLS,RAIN,DUSK,SIDESWIPE SAME DIRECTION,DIVIDED - W/MEDIAN (NOT RAISED),STRAIGHT AND LEVEL,DRY,NO DEFECTS,NO INJURY / DRIVE AWAY,"OVER $1,500",IMPROPER OVERTAKING/PASSING,IMPROPER LANE USAGE,8400,S,ASHLAND AVE,2,NO INDICATION OF INJURY,0.0,0.0,0.0,0.0,0.0,2.0,0.0,16,6,12
f137b2cb444271e504c74b13d0f7c5c634ecd0878f541e00af2b60d92ec0bb3e55d3ff2d29d9a4409f68b0c40345d60748d36d67ea4aa941d3ef79435491c3ad,2023-03-27 08:41:00,30,NO CONTROLS,NO CONTROLS,CLEAR,DAYLIGHT,SIDESWIPE SAME DIRECTION,ONE-WAY,STRAIGHT AND LEVEL,DRY,NO DEFECTS,NO INJURY / DRIVE AWAY,"OVER $1,500",UNABLE TO DETERMINE,UNABLE TO DETERMINE,4799,N,DRAKE AVE,2,NO INDICATION OF INJURY,0.0,0.0,0.0,0.0,0.0,2.0,0.0,8,2,3
2363c4cb97397911e361b0bf632118ab63bb9ea9ea83dd076105dcfabf947025d7f58a4afbe512beeb80b9153a2c542ab88ca1343412428b6b49b0520bd8318f,2020-08-12 16:40:00,30,STOP SIGN/FLASHER,NOT FUNCTIONING,CLEAR,DAYLIGHT,REAR END,FOUR WAY,STRAIGHT AND LEVEL,DRY,NO DEFECTS,INJURY AND / OR TOW DUE TO CRASH,"OVER $1,500",UNABLE TO DETERMINE,UNABLE TO DETERMINE,199,N,ASHLAND AVE,2,NONINCAPACITATING INJURY,1.0,0.0,0.0,1.0,0.0,2.0,0.0,16,4,8
c20a8017cf9cf05492216aba01ba822ea7c62b7ecf21b0b824cc98af909e0914262a725c5802ab61d6acf6fa2b3bfaf5173e0de4bdd30476addfc4c88b7a8eb7,2024-01-26 01:10:00,30,NO CONTROLS,NO CONTROLS,RAIN,"DARKNESS, LIGHTED ROAD",PARKED MOTOR VEHICLE,ONE-WAY,STRAIGHT AND LEVEL,WET,NO DEFECTS,NO INJURY / DRIVE AWAY,"$501 - $1,500",IMPROPER OVERTAKING/PASSING,IMPROPER OVERTAKING/PASSING,2327,S,TRUMBULL AVE,2,NO INDICATION OF INJURY,0.0,0.0,0.0,0.0,0.0,1.0,0.0,1,6,1
2085d3cda1332d472aa292cb00a271203bcb981df8e536f188f905b3566e465ae3614d606f5d1d7ad05684fac1ab0cd38bff62f67d24de023e95287146363772,2023-02-23 20:30:00,30,STOP SIGN/FLASHER,NOT FUNCTIONING,CLEAR,DARKNESS,OTHER NONCOLLISION,NOT DIVIDED,STRAIGHT AND LEVEL,DRY,NO DEFECTS,NO INJURY / DRIVE AWAY,"OVER $1,500",NOT APPLICABLE,NOT APPLICABLE,3247,S,WESTERN AVE,1,NO INDICATION OF INJURY,0.0,0.0,0.0,0.0,0.0,1.0,0.0,20,5,2
b87115c6e78196e7442d3a42382247464b7b7cfd36982fbf71608b4c7bea1fb50fdc00e1b3ee0b5de2a4731776d09348704fe0c84d25b7982e13e7c1b4eedcac,2019-11-03 15:00:00,35,NO CONTROLS,NO CONTROLS,CLEAR,DAYLIGHT,PARKED MOTOR VEHICLE,ONE-WAY,STRAIGHT AND LEVEL,DRY,UNKNOWN,NO INJURY / DRIVE AWAY,"$501 - $1,500",UNABLE TO DETERMINE,UNABLE TO DETERMINE,1656,S,TROY ST,2,NO INDICATION OF INJURY,0.0,0.0,0.0,0.0,0.0,1.0,0.0,15,1,11
e0e7a37ebb1a42699a48d82a87da9c5fe81d9fea265b3ec2e6ca6c30482dfa732b7eb83016daf514fcf85db67205423116576a349fd87998fa7f6c64244a865d,2024-03-08 15:34:00,25,STOP SIGN/FLASHER,FUNCTIONING PROPERLY,RAIN,DAYLIGHT,PEDESTRIAN,NOT DIVIDED,STRAIGHT AND LEVEL,WET,NO DEFECTS,INJURY AND / OR TOW DUE TO CRASH,"$501 - $1,500",UNABLE TO DETERMINE,NOT APPLICABLE,3998,W,101ST PL,2,"REPORTED, NOT EVIDENT",1.0,0.0,0.0,0.0,1.0,2.0,0.0,15,6,3
715f4b4db60a90c88052540d6e242ff0f4737a7bc06409e2f014b6c47f1894e295fa04a07ef712e3aabffbb295b823ccd9b305a91b257f6eeb128832eecd596a,2019-08-18 23:42:00,35,NO CONTROLS,NO CONTROLS,CLEAR,"DARKNESS, LIGHTED ROAD",REAR END,DIVIDED - W/MEDIAN (NOT RAISED),STRAIGHT AND LEVEL,DRY,NO DEFECTS,NO INJURY / DRIVE AWAY,$500 OR LESS,FAILING TO REDUCE SPEED TO AVOID CRASH,FOLLOWING TOO CLOSELY,7800,S,SOUTH CHICAGO AVE,2,NO INDICATION OF INJURY,0.0,0.0,0.0,0.0,0.0,3.0,0.0,23,1,8
b3955c5c9929bccbac7a7577f6e92a4161984702764792a8b23ec8be5ddb11881d12c0ee5d45df5b86d5a08940744430359edc262b7efda25adc9fe32b8d53d5,2020-07-25 12:30:00,20,STOP SIGN/FLASHER,FUNCTIONING PROPERLY,CLEAR,DAYLIGHT,ANGLE,DIVIDED - W/MEDIAN (NOT RAISED),STRAIGHT AND LEVEL,DRY,NO DEFECTS,NO INJURY / DRIVE AWAY,"OVER $1,500",UNABLE TO DETERMINE,NOT APPLICABLE,5900,W,WASHINGTON BLVD,2,NO INDICATION OF INJURY,0.0,0.0,0.0,0.0,0.0,2.0,0.0,12,7,7
ec8eead4c15593ecbc9cf85d63bc891e43764d4a1e7031cefb140b191a44e6d719ee2be3b8ce596bade713fe95ca2811160dbc85a6003ffa896546cfe9593db2,2021-07-08 14:00:00,30,NO CONTROLS,NO CONTROLS,CLEAR,DAYLIGHT,ANGLE,UNKNOWN,STRAIGHT AND LEVEL,DRY,NO DEFECTS,NO INJURY / DRIVE AWAY,"$501 - $1,500",NOT APPLICABLE,NOT APPLICABLE,11833,S,WESTERN AVE,2,NO INDICATION OF INJURY,0.0,0.0,0.0,0.0,0.0,2.0,0.0,14,5,7
9840a3a6174bf67c3285a0906fbc02a06355ee5293a26e5ca1de24ca5b287c6bc751ebfa723b80f37555b4093ca7b0867fc213c86ad579a61ce6d389f6fbf4db,2021-02-09 13:50:00,25,NO CONTROLS,NO CONTROLS,CLOUDY/OVERCAST,DAYLIGHT,PARKED MOTOR VEHICLE,ONE-WAY,STRAIGHT AND LEVEL,SNOW OR SLUSH,NO DEFECTS,NO INJURY / DRIVE AWAY,$500 OR LESS,ROAD CONSTRUCTION/MAINTENANCE,ROAD CONSTRUCTION/MAINTENANCE,10732,S,WABASH AVE,2,NO INDICATION OF INJURY,0.0,0.0,0.0,0.0,0.0,3.0,0.0,13,3,2
85111de83f526c6ad9c85f6744974a41eeea842f362a8d81fe3c3835f0b821e7ae42eeb0b5c0fc08a7a4559784c32f536c0308896d2a44ac672a2fa9fc4b4a78,2021-05-07 20:30:00,30,NO CONTROLS,NO CONTROLS,CLEAR,"DARKNESS, LIGHTED ROAD",PARKED MOTOR VEHICLE,DIVIDED - W/MEDIAN (NOT RAISED),STRAIGHT AND LEVEL,DRY,NO DEFECTS,INJURY AND / OR TOW DUE TO CRASH,"OVER $1,500",PHYSICAL CONDITION OF DRIVER,UNABLE TO DETERMINE,4946,N,MILWAUKEE AVE,2,"REPORTED, NOT EVIDENT",1.0,0.0,0.0,0.0,1.0,1.0,0.0,20,6,5
2167012cfad04fa86fc1234292a012b813021bdec8bb1fc869887be005f7cb64ed1ca20f98509c96fd898888a6fd3e309b282061b27c65407685b3d06a1c8522,2019-01-23 08:20:00,20,STOP SIGN/FLASHER,FUNCTIONING PROPERLY,RAIN,DAYLIGHT,TURNING,DIVIDED - W/MEDIAN (NOT RAISED),STRAIGHT AND LEVEL,WET,NO DEFECTS,NO INJURY / DRIVE AWAY,"OVER $1,500",FAILING TO YIELD RIGHT-OF-WAY,DRIVING SKILLS/KNOWLEDGE/EXPERIENCE,11900,S,NORMAL AVE,2,NO INDICATION OF INJURY,0.0,0.0,0.0,0.0,0.0,3.0,0.0,8,4,1
c187e9ef45b635b831b7fc5fec79f38580967f78bfbb58e19a83a4a7d45718161f47a676f287a2bb189637c4f3b0db7eb462e3ef3a7296b4dff04c78c52576e7,2017-03-20 14:30:00,30,TRAFFIC SIGNAL,FUNCTIONING PROPERLY,CLEAR,DAYLIGHT,REAR END,NOT DIVIDED,STRAIGHT AND LEVEL,DRY,NO DEFECTS,NO INJURY / DRIVE AWAY,"$501 - $1,500",FOLLOWING TOO CLOSELY,FAILING TO REDUCE SPEED TO AVOID CRASH,4751,W,DIVERSEY AVE,2,NO INDICATION OF INJURY,0.0,0.0,0.0,0.0,0.0,2.0,0.0,14,2,3
be71b9be5bdc86065380dfb4a7b6858a1729bc659a083fe30a78e70d0097ee4243a6893f50076656b9a7c15f9dd978f36cc8481860934df1c190de5a94d56cc1,2023-03-14 08:55:00,30,TRAFFIC SIGNAL,FUNCTIONING PROPERLY,CLEAR,DAYLIGHT,PEDESTRIAN,FOUR WAY,STRAIGHT AND LEVEL,DRY,NO DEFECTS,INJURY AND / OR TOW DUE TO CRASH,"OVER $1,500",UNABLE TO DETERMINE,UNABLE TO DETERMINE,757,W,35TH ST,2,INCAPACITATING INJURY,1.0,0.0,1.0,0.0,0.0,1.0,0.0,8,3,3
f72d9107dfffa959cf9b015a3aae27934309355edd981c497ba657ca949f49525df95007612e01fb78afe8d491b2892626c949c1b5506e51a6484477db0f8698,2021-02-08 11:20:00,30,NO CONTROLS,NO CONTROLS,SNOW,DAYLIGHT,REAR END,NOT DIVIDED,STRAIGHT AND LEVEL,WET,UNKNOWN,INJURY AND / OR TOW DUE TO CRASH,"OVER $1,500",UNABLE TO DETERMINE,UNABLE TO DETERMINE,5035,W,55TH ST,4,NO INDICATION OF INJURY,0.0,0.0,0.0,0.0,0.0,4.0,0.0,11,2,2
102dbd4dd10b28ed5c4e89525af857490b91b26d3c4dcf61085cbacc28be68d19263ad47322d9f505286efdafeb2d82179f82c961b540b4f974b75d28c502f53,2021-05-23 16:00:00,25,STOP SIGN/FLASHER,FUNCTIONING PROPERLY,CLEAR,DAYLIGHT,ANGLE,T-INTERSECTION,STRAIGHT AND LEVEL,DRY,NO DEFECTS,INJURY AND / OR TOW DUE TO CRASH,"OVER $1,500",DISREGARDING STOP SIGN,NOT APPLICABLE,9001,S,THROOP ST,2,NONINCAPACITATING INJURY,1.0,0.0,0.0,1.0,0.0,1.0,0.0,16,1,5