CRASH_RECORD_ID,CRASH_DATE,POSTED_SPEED_LIMIT,TRAFFIC_CONTROL_DEVICE,DEVICE_CONDITION,WEATHER_CONDITION,LIGHTING_CONDITION,FIRST_CRASH_TYPE,TRAFFICWAY_TYPE,ALIGNMENT,ROADWAY_SURFACE_COND,ROAD_DEFECT,CRASH_TYPE,DAMAGE,PRIM_CONTRIBUTORY_CAUSE,SEC_CONTRIBUTORY_CAUSE,STREET_NO,STREET_DIRECTION,STREET_NAME,NUM_UNITS,MOST_SEVERE_INJURY,INJURIES_TOTAL,INJURIES_FATAL,INJURIES_INCAPACITATING,INJURIES_NON_INCAPACITATING,INJURIES_REPORTED_NOT_EVIDENT,INJURIES_NO_INDICATION,INJURIES_UNKNOWN,CRASH_HOUR,CRASH_DAY_OF_WEEK,CRASH_MONTH
577ac352df32bac1e798a7b722a2cac3d9c6b2968099b4831d797df12e8637cc74b2819be869bae3ae463bb53a4f4777617f9ff7db9c6991a750ec698ef8daf7,2016-01-18 12:08:00,30,NO CONTROLS,NO CONTROLS,CLEAR,DAYLIGHT,PARKED MOTOR VEHICLE,ONE-WAY,STRAIGHT AND LEVEL,DRY,NO DEFECTS,NO INJURY / DRIVE AWAY,"$501 - $1,500",FAILING TO REDUCE SPEED TO AVOID CRASH,UNABLE TO DETERMINE,6755,S,EAST END AVE,2,NO INDICATION OF INJURY,0.0,0.0,0.0,0.0,0.0,2.0,0.0,12,2,1
a1f1f62a4647f27115491912fc27698682ca23af1646a1cf8d4ca54362a9ffa364f3f40cf0932c9689914fa13c26a481da5e893003f573257a988194583f2719,2017-09-09 00:25:00,30,TRAFFIC SIGNAL,FUNCTIONING PROPERLY,CLEAR,"DARKNESS, LIGHTED ROAD",TURNING,DIVIDED - W/MEDIAN BARRIER,STRAIGHT AND LEVEL,DRY,NO DEFECTS,INJURY AND / OR TOW DUE TO CRASH,"OVER $1,500",FAILING TO YIELD RIGHT-OF-WAY,NOT APPLICABLE,3300,S,STATE ST,2,NONINCAPACITATING INJURY,1.0,0.0,0.0,1.0,0.0,1.0,0.0,0,7,9
e46c471cf3bd2b64c3a0c0507529d6a8dda8eb5c435e565d92fa2f1479ed936b2234b997ec75536aac354b9d26dd067b5629b2276e0e30308cef5ef3f7380d46,2023-11-09 14:35:00,30,STOP SIGN/FLASHER,FUNCTIONING PROPERLY,CLEAR,DAYLIGHT,SIDESWIPE SAME DIRECTION,NOT DIVIDED,STRAIGHT AND LEVEL,UNKNOWN,UNKNOWN,NO INJURY / DRIVE AWAY,$500 OR LESS,DRIVING SKILLS/KNOWLEDGE/EXPERIENCE,DRIVING SKILLS/KNOWLEDGE/EXPERIENCE,6100,N,SHERIDAN RD,2,NO INDICATION OF INJURY,0.0,0.0,0.0,0.0,0.0,2.0,0.0,14,5,11
dd46a8ee0406ccf4b90d401251ad00242627179cee40bb1f29027f015752a47869a9aadf97e47228ea3b0aabdf8cbacaa9087286b46d59244c84c6483dd2d378,2021-05-26 12:05:00,30,NO CONTROLS,NO CONTROLS,CLEAR,DAYLIGHT,PARKED MOTOR VEHICLE,DIVIDED - W/MEDIAN (NOT RAISED),STRAIGHT AND LEVEL,DRY,NO DEFECTS,NO INJURY / DRIVE AWAY,"$501 - $1,500",UNABLE TO DETERMINE,UNABLE TO DETERMINE,1501,W,BELMONT AVE,2,NO INDICATION OF INJURY,0.0,0.0,0.0,0.0,0.0,1.0,0.0,12,4,5
bcc8563220e62630a2300ed69dd56fa9fbd5b4bf4d2d3826d4b6119863b32a6c5f5944f851ac2aec6a904ca66a01c95e05f658d678f997c1fc0795f16b1bb53c,2022-12-12 20:20:00,30,TRAFFIC SIGNAL,FUNCTIONING PROPERLY,CLEAR,"DARKNESS, LIGHTED ROAD",ANGLE,DIVIDED - W/MEDIAN (NOT RAISED),STRAIGHT AND LEVEL,DRY,NO DEFECTS,NO INJURY / DRIVE AWAY,"$501 - $1,500",IMPROPER LANE USAGE,FAILING TO YIELD RIGHT-OF-WAY,1580,W,DIVERSEY PKWY,2,NO INDICATION OF INJURY,0.0,0.0,0.0,0.0,0.0,2.0,0.0,20,2,12
acd050e26f85f0518def19982cf0c53c3de08074192ec949915630ee6548c0da96f6d451a008aaa56fdabe7936e79bbbf8f84208dc501deccfbb4e27c1cf66af,2019-01-14 17:20:00,30,NO CONTROLS,NO CONTROLS,CLEAR,"DARKNESS, LIGHTED ROAD",SIDESWIPE SAME DIRECTION,NOT DIVIDED,STRAIGHT AND LEVEL,DRY,NO DEFECTS,NO INJURY / DRIVE AWAY,$500 OR LESS,IMPROPER LANE USAGE,NOT APPLICABLE,3930,N,NARRAGANSETT AVE,2,NO INDICATION OF INJURY,0.0,0.0,0.0,0.0,0.0,3.0,0.0,17,2,1
d6d0803801767747cc0de4bf804a71af9d1e5ecb90798e912dc0cefc548a536fa241f7a3b79781488609ad6e52fd43fda0edaf132db39fcba864cf8483ef13ab,2019-10-18 13:05:00,15,NO CONTROLS,NO CONTROLS,CLEAR,DAYLIGHT,PARKED MOTOR VEHICLE,PARKING LOT,STRAIGHT AND LEVEL,DRY,NO DEFECTS,NO INJURY / DRIVE AWAY,"$501 - $1,500",IMPROPER LANE USAGE,IMPROPER LANE USAGE,8057,S,CICERO AVE,2,NO INDICATION OF INJURY,0.0,0.0,0.0,0.0,0.0,1.0,0.0,13,6,10
023de56a82f1c60e0ab44cb9e4218de599cde95bdccda19911d0a5164f0e7aaecf0e4894f079dea3e9984a276f4d06ebd79520c84ed62e6e663820fb445ec4f1,2024-01-22 21:56:00,10,STOP SIGN/FLASHER,FUNCTIONING PROPERLY,FREEZING RAIN/DRIZZLE,"DARKNESS, LIGHTED ROAD",SIDESWIPE SAME DIRECTION,NOT DIVIDED,"CURVE, LEVEL",WET,NO DEFECTS,NO INJURY / DRIVE AWAY,"OVER $1,500",IMPROPER OVERTAKING/PASSING,WEATHER,5600,S,KILPATRICK AVE,2,NO INDICATION OF INJURY,0.0,0.0,0.0,0.0,0.0,2.0,0.0,21,2,1
1cb9a115a5469e61a958861eb209d1f1a7f6a9b07e406f84d1939875120da69946f9f456eae46d3a9d6a7d77b85b61bf22f87968887e1d49b71015957548295c,2018-03-10 06:00:00,30,NO CONTROLS,NO CONTROLS,CLEAR,DAYLIGHT,PARKED MOTOR VEHICLE,NOT DIVIDED,STRAIGHT AND LEVEL,DRY,NO DEFECTS,INJURY AND / OR TOW DUE TO CRASH,"OVER $1,500",IMPROPER BACKING,NOT APPLICABLE,10938,S,EDBROOKE AVE,2,NO INDICATION OF INJURY,0.0,0.0,0.0,0.0,0.0,1.0,0.0,6,7,3
d6f07be2d444b0ad21a94a6eb7dcdaf53f4a00a946430bd215aeb4d9567ef4d1abac3af9cb0fdfe0ea6675bb3e73ab1e1d86bb905cca767ce5f1f95c483f21b7,2021-10-28 17:26:00,30,STOP SIGN/FLASHER,FUNCTIONING PROPERLY,RAIN,"DARKNESS, LIGHTED ROAD",ANGLE,FOUR WAY,STRAIGHT AND LEVEL,WET,NO DEFECTS,INJURY AND / OR TOW DUE TO CRASH,"OVER $1,500",FAILING TO YIELD RIGHT-OF-WAY,NOT APPLICABLE,3601,S,WESTERN AVE,3,"REPORTED, NOT EVIDENT",1.0,0.0,0.0,0.0,1.0,2.0,0.0,17,5,10
101bfb7bd02a0dca6ac0714a0d11c2c5147644faac2d52fd0e5b7ba3857cc243584107439d2e607a9ea41f22a96d1e908ca8ede3d9e419b16c7a93a34cbec923,2023-05-09 12:00:00,30,TRAFFIC SIGNAL,FUNCTIONING PROPERLY,CLEAR,DAYLIGHT,SIDESWIPE SAME DIRECTION,OTHER,STRAIGHT AND LEVEL,DRY,NO DEFECTS,NO INJURY / DRIVE AWAY,"OVER $1,500",DRIVING SKILLS/KNOWLEDGE/EXPERIENCE,UNABLE TO DETERMINE,441,W,CERMAK RD,2,NO INDICATION OF INJURY,0.0,0.0,0.0,0.0,0.0,3.0,0.0,12,3,5
32651334ff635f58841d13d670255fc3314fce9e6086e1ea6f1685d8b907363ea6e2cc7b6198b0e9c4d0bce63ad372a304143c177c912ed7f65737d5e9481290,2023-12-09 16:40:00,35,UNKNOWN,UNKNOWN,CLEAR,DARKNESS,SIDESWIPE SAME DIRECTION,NOT DIVIDED,STRAIGHT AND LEVEL,DRY,NO DEFECTS,NO INJURY / DRIVE AWAY,"OVER $1,500",FOLLOWING TOO CLOSELY,FOLLOWING TOO CLOSELY,550,S,KOSTNER AVE,2,NO INDICATION OF INJURY,0.0,0.0,0.0,0.0,0.0,5.0,0.0,16,7,12
e3632c8bedbe56686e76218da22bd38b29eca827ce90dac073fb9188f87880dcf3cbc7e35fa8ea2b10976b6df069cfdc3f7030913c524448eaedbf11f2fe47a1,2021-12-26 12:45:00,30,NO CONTROLS,NO CONTROLS,CLEAR,DAYLIGHT,REAR TO REAR,PARKING LOT,STRAIGHT AND LEVEL,DRY,NO DEFECTS,NO INJURY / DRIVE AWAY,"$501 - $1,500",UNABLE TO DETERMINE,NOT APPLICABLE,1711,W,CERMAK RD,2,NO INDICATION OF INJURY,0.0,0.0,0.0,0.0,0.0,2.0,0.0,12,1,12
df3bd0509213b5a992d8be1f2a122c01ba81fbea10f24a4d453acb58fd4559626162bd5cdc80c14c15d5915af8ab01fe6f7e0bb44bae5f467429fced41848a9e,2022-09-25 13:23:00,30,STOP SIGN/FLASHER,FUNCTIONING PROPERLY,CLEAR,DAYLIGHT,TURNING,T-INTERSECTION,STRAIGHT AND LEVEL,DRY,NO DEFECTS,NO INJURY / DRIVE AWAY,"$501 - $1,500",IMPROPER TURNING/NO SIGNAL,UNABLE TO DETERMINE,901,W,WEED ST,2,NO INDICATION OF INJURY,0.0,0.0,0.0,0.0,0.0,3.0,0.0,13,1,9
f92284f6ce11ac89bd63c5a7aa81634224bc79f011509919050c82695707ab53dae10e2e003e5d5f4fdd9841cd402133fccceedcc2e484902fcafe2d6051d41d,2018-09-20 09:20:00,30,TRAFFIC SIGNAL,FUNCTIONING PROPERLY,CLEAR,DAYLIGHT,TURNING,DIVIDED - W/MEDIAN (NOT RAISED),STRAIGHT AND LEVEL,DRY,NO DEFECTS,NO INJURY / DRIVE AWAY,"OVER $1,500",IMPROPER LANE USAGE,FAILING TO YIELD RIGHT-OF-WAY,5339,W,LAWRENCE AVE,2,NO INDICATION OF INJURY,0.0,0.0,0.0,0.0,0.0,2.0,0.0,9,5,9
6feddf4201f275ea375f812fafe0b8fe81e41246dce5d90125c02a49ea9641cf2f91dc3b89ec415955a30f4c63880147accfe5aacc10d753533daf4ca34b1b05,2023-09-10 18:30:00,30,NO CONTROLS,NO CONTROLS,CLEAR,DAYLIGHT,TURNING,DIVIDED - W/MEDIAN (NOT RAISED),STRAIGHT AND LEVEL,DRY,NO DEFECTS,NO INJURY / DRIVE AWAY,"OVER $1,500",FAILING TO YIELD RIGHT-OF-WAY,IMPROPER TURNING/NO SIGNAL,2327,W,47TH ST,2,NO INDICATION OF INJURY,0.0,0.0,0.0,0.0,0.0,4.0,0.0,18,1,9
cb4d81c400b1bb020c3324851bdbb9b5ec98bd850589660682a90aa7798fe162bed11703770000ed38d953157f842abc7130ae37e463ae71da7753d95cc11c53,2017-03-21 16:15:00,30,NO CONTROLS,NO CONTROLS,CLEAR,DAYLIGHT,TURNING,NOT DIVIDED,STRAIGHT AND LEVEL,DRY,NO DEFECTS,NO INJURY / DRIVE AWAY,"OVER $1,500",UNABLE TO DETERMINE,UNABLE TO DETERMINE,4,E,57TH ST,2,NO INDICATION OF INJURY,0.0,0.0,0.0,0.0,0.0,4.0,0.0,16,3,3
3869e40f17a4153eb338867131a120c9307b4458be564592e068cc24ca0a970633b981c49abf1709843f31a0e440b65f858509582d7621f69180125203922a46,2022-11-04 13:55:00,5,UNKNOWN,UNKNOWN,OTHER,DAYLIGHT,REAR END,PARKING LOT,STRAIGHT AND LEVEL,UNKNOWN,UNKNOWN,NO INJURY / DRIVE AWAY,"OVER $1,500",UNABLE TO DETERMINE,NOT APPLICABLE,820,S,PARK TER,2,NO INDICATION OF INJURY,0.0,0.0,0.0,0.0,0.0,2.0,0.0,13,6,11
9b04d31fb4b2a87174e4931b0aa2562ea81ab16ca186ccf7f02c9acfea02fb9f0361c28dc1d7e3be60cfb2b43d2e5d0aa06f9e1e863739d22c13cac252cc63a9,2024-04-29 17:53:00,30,NO CONTROLS,NO CONTROLS,CLEAR,DAYLIGHT,PEDESTRIAN,DIVIDED - W/MEDIAN (NOT RAISED),STRAIGHT AND LEVEL,DRY,NO DEFECTS,INJURY AND / OR TOW DUE TO CRASH,"OVER $1,500",UNABLE TO DETERMINE,UNABLE TO DETERMINE,5433,W,DEVON AVE,2,NONINCAPACITATING INJURY,1.0,0.0,0.0,1.0,0.0,1.0,0.0,17,2,4
00b77419258e1e6aa377c6098d3f4b86a6168a1ef52ba2bd25795667a4747b92e67de44c57c95335df2523026b80323fe161aa6ca0087ac50a1f3579f42df1fa,2020-01-26 18:43:00,30,TRAFFIC SIGNAL,FUNCTIONING PROPERLY,CLEAR,DARKNESS,ANGLE,FOUR WAY,STRAIGHT AND LEVEL,DRY,UNKNOWN,INJURY AND / OR TOW DUE TO CRASH,"OVER $1,500",UNABLE TO DETERMINE,UNABLE TO DETERMINE,2600,S,CALIFORNIA BLVD,2,NO INDICATION OF INJURY,0.0,0.0,0.0,0.0,0.0,8.0,0.0,18,1,1
d57a1d4b37531992160431e36ed29b000138cf10c52072336320220986cbdea0411090c797c41260163520f1d366e001f3aa8a962827fb307f31a84748d3541b,2018-03-14 18:15:00,35,TRAFFIC SIGNAL,FUNCTIONING PROPERLY,CLEAR,DUSK,ANGLE,NOT DIVIDED,STRAIGHT AND LEVEL,DRY,NO DEFECTS,INJURY AND / OR TOW DUE TO CRASH,"OVER $1,500","VISION OBSCURED (SIGNS, TREE LIMBS, BUILDINGS, ETC.)",NOT APPLICABLE,2400,E,76TH ST,2,NONINCAPACITATING INJURY,1.0,0.0,0.0,1.0,0.0,1.0,0.0,18,4,3
00cf2c97be69ca21f65a0909a3eac3e8fbc3f3616d8cd626b6f3ac028a453dbc93a308d8abd0f42a5d6eb99a77a8c1d7171f83288500248b80cc5438aea50270,2020-04-08 18:55:00,30,TRAFFIC SIGNAL,FUNCTIONING PROPERLY,CLEAR,DAYLIGHT,REAR END,FOUR WAY,STRAIGHT AND LEVEL,DRY,UNKNOWN,NO INJURY / DRIVE AWAY,"OVER $1,500",FOLLOWING TOO CLOSELY,NOT APPLICABLE,6600,S,JEFFERY DR,2,NO INDICATION OF INJURY,0.0,0.0,0.0,0.0,0.0,2.0,0.0,18,4,4
d41fa8aed2019befdfd063dd706e213478b2a28f1c4f80fbbd0c3741b1302a1c14b4435469078e2e49e298c4e15fdabf7833307e757cffe6e952a10085f6ba79,2023-01-21 12:15:00,30,NO CONTROLS,NO CONTROLS,CLEAR,DAYLIGHT,TURNING,DIVIDED - W/MEDIAN (NOT RAISED),STRAIGHT AND LEVEL,DRY,UNKNOWN,INJURY AND / OR TOW DUE TO CRASH,"OVER $1,500",UNABLE TO DETERMINE,UNABLE TO DETERMINE,4540,S,PULASKI RD,2,NO INDICATION OF INJURY,0.0,0.0,0.0,0.0,0.0,3.0,0.0,12,7,1
6604405daefd08a174939e826f8c5f08fe1f847e294dec7103127c90b44bccbaf48d03b3e26c499a77467cfffead604c4f2b6473f048b9f809a4bb6ba4842fb5,2020-08-31 14:25:00,35,TRAFFIC SIGNAL,FUNCTIONING PROPERLY,CLEAR,DAYLIGHT,REAR END,ONE-WAY,STRAIGHT AND LEVEL,DRY,NO DEFECTS,NO INJURY / DRIVE AWAY,$500 OR LESS,FOLLOWING TOO CLOSELY,UNABLE TO DETERMINE,5200,S,LA SALLE ST,2,NO INDICATION OF INJURY,0.0,0.0,0.0,0.0,0.0,2.0,0.0,14,2,8
731776cb26434d909b02e8c4968fb7a5a784ec64fe7793ce238e0534a6076fb55a27c9f90f6b4a460f3dae8aabb304e025963f7c5b5d9729c50588c35652d0be,2018-09-04 06:45:00,30,TRAFFIC SIGNAL,FUNCTIONING PROPERLY,CLEAR,DAYLIGHT,SIDESWIPE SAME DIRECTION,NOT DIVIDED,STRAIGHT AND LEVEL,DRY,NO DEFECTS,NO INJURY / DRIVE AWAY,"$501 - $1,500",IMPROPER OVERTAKING/PASSING,NOT APPLICABLE,4800,N,MILWAUKEE AVE,2,NO INDICATION OF INJURY,0.0,0.0,0.0,0.0,0.0,2.0,0.0,6,3,9
c8442c1334dfe124084737a18fb4b4410a82ce35b5b45e131f31abbbb4726bbe7be7ca51eea09e5587a115c3818d8f5dc37f0248feaa481caaf55d6bff2082fe,2018-07-29 21:20:00,30,STOP SIGN/FLASHER,FUNCTIONING PROPERLY,CLEAR,"DARKNESS, LIGHTED ROAD",REAR END,ONE-WAY,STRAIGHT AND LEVEL,DRY,NO DEFECTS,NO INJURY / DRIVE AWAY,"OVER $1,500",UNABLE TO DETERMINE,UNABLE TO DETERMINE,6300,S,CARPENTER ST,2,NO INDICATION OF INJURY,0.0,0.0,0.0,0.0,0.0,2.0,0.0,21,1,7
ce589e5e126ff6be432bfe2b0eedea0f354890a2e6b0d71b33f3d59d415a94233ba103bc1738754d2fa412f95165c3f6bb4228ac8f2744b5602f4cc4bba1bb3d,2021-02-04 17:20:00,25,STOP SIGN/FLASHER,FUNCTIONING PROPERLY,SNOW,"DARKNESS, LIGHTED ROAD",REAR END,DIVIDED - W/MEDIAN (NOT RAISED),STRAIGHT AND LEVEL,SNOW OR SLUSH,NO DEFECTS,NO INJURY / DRIVE AWAY,"$501 - $1,500",WEATHER,UNABLE TO DETERMINE,2999,N,WOLCOTT AVE,2,NO INDICATION OF INJURY,0.0,0.0,0.0,0.0,0.0,2.0,0.0,17,5,2
7ee0344e75a158a51a2e67cf4ee23b4ed8e8197aa1a071baee28f1a80e71d768fbb147ecea1d9efe83ec027bc870b7bd39a1f398352d9c421412fa75b352320d,2019-04-16 12:40:00,35,NO CONTROLS,NO CONTROLS,CLEAR,DAYLIGHT,TURNING,NOT DIVIDED,STRAIGHT AND LEVEL,DRY,NO DEFECTS,NO INJURY / DRIVE AWAY,"$501 - $1,500",IMPROPER TURNING/NO SIGNAL,NOT APPLICABLE,5300,S,CENTRAL AVE,2,NO INDICATION OF INJURY,0.0,0.0,0.0,0.0,0.0,2.0,0.0,12,3,4
b387be3c48227973efdd628bac05dccffb5f14018b42b2806a0d927530cd51b4b28ccc804ab848fc1d902b6cb48222200cd1efe6a8efaef8245289f7bda38678,2020-04-27 20:07:00,5,NO CONTROLS,NO CONTROLS,RAIN,DARKNESS,PARKED MOTOR VEHICLE,PARKING LOT,STRAIGHT AND LEVEL,DRY,NO DEFECTS,NO INJURY / DRIVE AWAY,"OVER $1,500","OPERATING VEHICLE IN ERRATIC, RECKLESS, CARELESS, NEGLIGENT OR AGGRESSIVE MANNER",FAILING TO REDUCE SPEED TO AVOID CRASH,8259,S,HALSTED ST,2,NO INDICATION OF INJURY,0.0,0.0,0.0,0.0,0.0,1.0,0.0,20,2,4
1aba4258e4f06ccbe29558b311daabcd63453d8f479dea90bba474b98e0e9a9691b1327fdb484909370b2456947053e848d45be47d90347151fa5107ae59520a,2020-07-26 19:13:00,30,NO CONTROLS,NO CONTROLS,CLEAR,DAYLIGHT,PARKED MOTOR VEHICLE,NOT DIVIDED,STRAIGHT AND LEVEL,DRY,UNKNOWN,INJURY AND / OR TOW DUE TO CRASH,"OVER $1,500",UNABLE TO DETERMINE,UNABLE TO DETERMINE,1328,E,73RD ST,2,NO INDICATION OF INJURY,0.0,0.0,0.0,0.0,0.0,1.0,0.0,19,1,7
fc1edad6bfcb5a478fdbee78d5e2f53740c7673a02211d6a0440deaddf393282623994609d1acde7b70f312e9e56aa0eb9b7751d740f61d0c720592a1bdc5ddb,2023-03-17 00:45:00,25,NO CONTROLS,NO CONTROLS,CLEAR,DARKNESS,SIDESWIPE OPPOSITE DIRECTION,NOT DIVIDED,STRAIGHT AND LEVEL,DRY,NO DEFECTS,NO INJURY / DRIVE AWAY,"$501 - $1,500",NOT APPLICABLE,NOT APPLICABLE,3000,W,NORTH AVE,2,NO INDICATION OF INJURY,0.0,0.0,0.0,0.0,0.0,2.0,0.0,0,6,3
433bada44bc38be81e98b0349f643f7845cc4d8982e79354710aa37501b59147553709a5e9e3c71a9f327a8ee230f146da4140ef9385287dfab45ef6a74b0a2f,2019-02-07 15:09:00,30,STOP SIGN/FLASHER,FUNCTIONING PROPERLY,OTHER,DAYLIGHT,FIXED OBJECT,ONE-WAY,STRAIGHT AND LEVEL,WET,NO DEFECTS,INJURY AND / OR TOW DUE TO CRASH,"OVER $1,500",UNABLE TO DETERMINE,UNABLE TO DETERMINE,5200,W,PARKER AVE,2,NONINCAPACITATING INJURY,1.0,0.0,0.0,1.0,0.0,1.0,0.0,15,5,2
b68cf89506373411cd2d828e6f597d6f381750eb3ecdc074b7dcd821e9965af4b47320542209f0186996810033fd8743f912dd91690a344a2136602f6d6c1fb4,2022-11-30 08:21:00,30,TRAFFIC SIGNAL,FUNCTIONING PROPERLY,CLEAR,DAYLIGHT,REAR END,NOT DIVIDED,STRAIGHT AND LEVEL,DRY,UNKNOWN,NO INJURY / DRIVE AWAY,$500 OR LESS,UNABLE TO DETERMINE,NOT APPLICABLE,2615,W,PETERSON AVE,2,NO INDICATION OF INJURY,0.0,0.0,0.0,0.0,0.0,3.0,0.0,8,4,11
84355eeba13e8cca2526873e41af0eefaa59847200be39ede3cd078ee84101773db0388db804fb783b41dc3e38cd902ff0b759c4e1b6cdb2b7522fda0663ff4e,2022-01-31 10:53:00,25,NO CONTROLS,NO CONTROLS,CLEAR,DAYLIGHT,ANGLE,ONE-WAY,STRAIGHT AND LEVEL,DRY,NO DEFECTS,NO INJURY / DRIVE AWAY,"OVER $1,500",FAILING TO YIELD RIGHT-OF-WAY,FAILING TO REDUCE SPEED TO AVOID CRASH,1921,N,KILDARE AVE,2,NO INDICATION OF INJURY,0.0,0.0,0.0,0.0,0.0,4.0,0.0,10,2,1
087c9b28fb844cd6dd15fdd59710642e6f4dd40666837702a152c136d99291dee3e1b7af4f8bdb6eaf67536cda1c2d96e89c1f80a347165c32ae3dcf2d3809ab,2020-09-04 03:10:00,30,NO CONTROLS,NO CONTROLS,CLEAR,"DARKNESS, LIGHTED ROAD",PARKED MOTOR VEHICLE,DIVIDED - W/MEDIAN (NOT RAISED),STRAIGHT AND LEVEL,DRY,NO DEFECTS,INJURY AND / OR TOW DUE TO CRASH,"OVER $1,500",PHYSICAL CONDITION OF DRIVER,DRIVING SKILLS/KNOWLEDGE/EXPERIENCE,4542,N,AUSTIN AVE,3,NO INDICATION OF INJURY,0.0,0.0,0.0,0.0,0.0,1.0,0.0,3,6,9
b7e9d0a341bbf69036745c015872adadd66fd6ee827c439eca1bfeba83c7f8a08f81bd3b2790d8834fb7fb32f87ef8e7d9c1adf43e39bd38ae27cd9b60e7a07e,2019-10-26 19:45:00,25,STOP SIGN/FLASHER,FUNCTIONING PROPERLY,RAIN,UNKNOWN,ANGLE,FOUR WAY,STRAIGHT AND LEVEL,WET,UNKNOWN,NO INJURY / DRIVE AWAY,"OVER $1,500",FAILING TO YIELD RIGHT-OF-WAY,FAILING TO YIELD RIGHT-OF-WAY,4500,N,DAMEN AVE,2,NO INDICATION OF INJURY,0.0,0.0,0.0,0.0,0.0,4.0,0.0,19,7,10
2595c62be40839f958ea1ae033cccda65445e1bae2d5b533bc71f5c0937806fe23d63cae8289daa1dea2eb1cc9232d71a5e18f75cfc44b8cdfaa6d677d8677d2,2021-03-30 14:23:00,30,NO CONTROLS,NO CONTROLS,CLEAR,DAYLIGHT,REAR END,DIVIDED - W/MEDIAN (NOT RAISED),STRAIGHT AND LEVEL,DRY,NO DEFECTS,INJURY AND / OR TOW DUE TO CRASH,"OVER $1,500",FOLLOWING TOO CLOSELY,NOT APPLICABLE,2330,S,WESTERN AVE,2,NONINCAPACITATING INJURY,1.0,0.0,0.0,1.0,0.0,4.0,0.0,14,3,3
1fe1657784a2030a0f088bbfbd367c6d35e36659f6bd9befb11a0c19aa5da407e96b58a3b54231498df5059f9480a186dfc662b5ab3ee871e6a40caea48b2280,2019-08-09 12:20:00,30,RR CROSSING SIGN,FUNCTIONING PROPERLY,CLEAR,DAYLIGHT,PEDESTRIAN,ONE-WAY,STRAIGHT AND LEVEL,DRY,UNKNOWN,INJURY AND / OR TOW DUE TO CRASH,$500 OR LESS,FAILING TO YIELD RIGHT-OF-WAY,NOT APPLICABLE,215,E,HURON ST,2,NONINCAPACITATING INJURY,1.0,0.0,0.0,1.0,0.0,1.0,0.0,12,6,8
2f9f041217e302023aeebed8efd774a64f9a2f35919b48259327ded90962402428784161b1175cc689c951d7caa78012fe6c16feb3b7437214d011bc8d72d235,2019-09-14 22:30:00,30,NO CONTROLS,NO CONTROLS,CLEAR,DARKNESS,REAR END,NOT DIVIDED,STRAIGHT AND LEVEL,DRY,NO DEFECTS,NO INJURY / DRIVE AWAY,"OVER $1,500",FOLLOWING TOO CLOSELY,NOT APPLICABLE,7900,S,COLFAX AVE,2,NO INDICATION OF INJURY,0.0,0.0,0.0,0.0,0.0,2.0,0.0,22,7,9
b358d207b919d817809156a41a6670c4741dd32afa9ee5ec151dec20e9bae9f77b54e503fd723aed8281dacfc5654ad260cf96c2c310df40afd776dbf83ec17d,2021-03-20 16:45:00,30,NO CONTROLS,NO CONTROLS,CLEAR,DAYLIGHT,REAR END,NOT DIVIDED,STRAIGHT AND LEVEL,DRY,UNKNOWN,NO INJURY / DRIVE AWAY,"$501 - $1,500",UNABLE TO DETERMINE,UNABLE TO DETERMINE,10300,S,TORRENCE AVE,2,NO INDICATION OF INJURY,0.0,0.0,0.0,0.0,0.0,2.0,0.0,16,7,3
8ee9d07e8059b70b4f8a11efb0bc8a5d518d8aec2775c654c6649db341d83ae7272739d60421d8116148ac182ff7180953a032f1499330ceefc29d2a35cde945,2024-04-17 18:00:00,20,NO CONTROLS,NO CONTROLS,UNKNOWN,UNKNOWN,PARKED MOTOR VEHICLE,NOT DIVIDED,STRAIGHT AND LEVEL,UNKNOWN,UNKNOWN,NO INJURY / DRIVE AWAY,"OVER $1,500",UNABLE TO DETERMINE,UNABLE TO DETERMINE,628,W,65TH ST,2,NO INDICATION OF INJURY,0.0,0.0,0.0,0.0,0.0,1.0,0.0,18,4,4
6b66b324f122ab38f4dbb36e9bc23d4eb01a3a0c32a891700aaab112a7db3cd5d5e709a0a4839cc50bb2f5ad34c06335b85e6341188d831b4b47814ebba5e5f6,2017-04-01 12:00:00,30,TRAFFIC SIGNAL,FUNCTIONING PROPERLY,CLEAR,DAYLIGHT,REAR END,DIVIDED - W/MEDIAN (NOT RAISED),STRAIGHT AND LEVEL,DRY,NO DEFECTS,NO INJURY / DRIVE AWAY,"OVER $1,500",DISTRACTION - FROM INSIDE VEHICLE,FAILING TO REDUCE SPEED TO AVOID CRASH,959,N,CALIFORNIA AVE,2,NO INDICATION OF INJURY,0.0,0.0,0.0,0.0,0.0,2.0,0.0,12,7,4
adcb040d83c213043bd3f47632f216ec33a303250c7fa2c75203b718238498cee72d57b0f53fe6b19199eff321ae03a91a718023b5c5812c1ae50a63ef4e30b6,2023-10-25 07:07:00,30,TRAFFIC SIGNAL,FUNCTIONING PROPERLY,RAIN,DAWN,TURNING,FOUR WAY,STRAIGHT AND LEVEL,WET,NO DEFECTS,NO INJURY / DRIVE AWAY,"OVER $1,500",UNABLE TO DETERMINE,NOT APPLICABLE,801,E,71ST ST,2,NO INDICATION OF INJURY,0.0,0.0,0.0,0.0,0.0,2.0,0.0,7,4,10