CRASH_RECORD_ID,CRASH_DATE,POSTED_SPEED_LIMIT,TRAFFIC_CONTROL_DEVICE,DEVICE_CONDITION,WEATHER_CONDITION,LIGHTING_CONDITION,FIRST_CRASH_TYPE,TRAFFICWAY_TYPE,ALIGNMENT,ROADWAY_SURFACE_COND,ROAD_DEFECT,CRASH_TYPE,DAMAGE,PRIM_CONTRIBUTORY_CAUSE,SEC_CONTRIBUTORY_CAUSE,STREET_NO,STREET_DIRECTION,STREET_NAME,NUM_UNITS,MOST_SEVERE_INJURY,INJURIES_TOTAL,INJURIES_FATAL,INJURIES_INCAPACITATING,INJURIES_NON_INCAPACITATING,INJURIES_REPORTED_NOT_EVIDENT,INJURIES_NO_INDICATION,INJURIES_UNKNOWN,CRASH_HOUR,CRASH_DAY_OF_WEEK,CRASH_MONTH
a7dbcd65b342f2b660bfd29329864806b7beb164c33dda231dc8ef2f69b1fd5afde237903c7cbf2b27cc080873af277ea2f633cdf91126cfacb7c8106d23b145,2021-02-24 18:39:00,30,NO CONTROLS,NO CONTROLS,CLEAR,DUSK,PARKED MOTOR VEHICLE,ONE-WAY,STRAIGHT AND LEVEL,DRY,NO DEFECTS,NO INJURY / DRIVE AWAY,"$501 - $1,500",NOT APPLICABLE,NOT APPLICABLE,6005,S,KENNETH AVE,3,NO INDICATION OF INJURY,0.0,0.0,0.0,0.0,0.0,1.0,0.0,18,4,2
c30ad849e50084f8bf6db0a11ed596cd792473782748891dd2eba67f20813b0db06941ef94e09cb5b82d6ce7f7f0394840f13c6d4b02eed2de363cc21cc57b4a,2022-10-28 22:00:00,30,TRAFFIC SIGNAL,NO CONTROLS,CLEAR,DAYLIGHT,TURNING,FOUR WAY,STRAIGHT AND LEVEL,DRY,NO DEFECTS,NO INJURY / DRIVE AWAY,"$501 - $1,500",FOLLOWING TOO CLOSELY,FOLLOWING TOO CLOSELY,5500,S,CICERO AVE,2,NO INDICATION OF INJURY,0.0,0.0,0.0,0.0,0.0,3.0,0.0,22,6,10
96b7fde310f82a06d27dd807eb8d11ff0c0231949cd5d3a5c99d591fb1986ee38377bc274c938cc07b69c5e76333f33019c21e44c1dba76e521a75946a0e866f,2017-04-17 16:43:00,30,NO CONTROLS,NO CONTROLS,CLEAR,DAYLIGHT,REAR END,ONE-WAY,STRAIGHT AND LEVEL,DRY,NO DEFECTS,NO INJURY / DRIVE AWAY,"$501 - $1,500",UNABLE TO DETERMINE,UNABLE TO DETERMINE,4238,W,CONGRESS PKWY,2,NO INDICATION OF INJURY,0.0,0.0,0.0,0.0,0.0,2.0,0.0,16,2,4
1c0a98af975219036d60e516c38d63b7e297d7979fff188f67b47a0500f63f3ffd073a4e716403da7e0781c81eb15efc68f6a733f2986f464715dd588b9159ed,2023-11-01 06:53:00,30,STOP SIGN/FLASHER,FUNCTIONING PROPERLY,FREEZING RAIN/DRIZZLE,DAYLIGHT,TURNING,FOUR WAY,STRAIGHT AND LEVEL,ICE,NO DEFECTS,INJURY AND / OR TOW DUE TO CRASH,"OVER $1,500",IMPROPER TURNING/NO SIGNAL,IMPROPER TURNING/NO SIGNAL,3099,N,CICERO AVE,2,"REPORTED, NOT EVIDENT",1.0,0.0,0.0,0.0,1.0,2.0,0.0,6,4,11
1ee74a2d2301cb33cd413d7dd8ba27d8a7d40d26adae14586ed0576bfe3568974604e4076e36315db0864668134fbb226d5b7274e04e739ff0c3dc1875ec2b76,2021-04-23 23:30:00,30,NO CONTROLS,NO CONTROLS,CLEAR,"DARKNESS, LIGHTED ROAD",FIXED OBJECT,DIVIDED - W/MEDIAN (NOT RAISED),STRAIGHT AND LEVEL,DRY,NO DEFECTS,INJURY AND / OR TOW DUE TO CRASH,"OVER $1,500",UNABLE TO DETERMINE,UNABLE TO DETERMINE,5108,S,CICERO AVE,1,NO INDICATION OF INJURY,0.0,0.0,0.0,0.0,0.0,4.0,0.0,23,6,4
9af8a31830faf84af9805e6fafd45ff33e0d67925cfa39a9b7209426bf07f93490011ece8c88e2c050e7abbcc510bcf98363bb2ff81e7c8ba34ed46c37af9cd4,2017-10-18 14:30:00,30,TRAFFIC SIGNAL,FUNCTIONING PROPERLY,CLEAR,DAYLIGHT,REAR END,DIVIDED - W/MEDIAN BARRIER,STRAIGHT AND LEVEL,DRY,NO DEFECTS,NO INJURY / DRIVE AWAY,"OVER $1,500",FOLLOWING TOO CLOSELY,FAILING TO REDUCE SPEED TO AVOID CRASH,600,N,OGDEN AVE,2,NO INDICATION OF INJURY,0.0,0.0,0.0,0.0,0.0,3.0,0.0,14,4,10
6308ca924dd6f5233d5ccb6a48ac37ae4db6ae53c4813b8eff50524ce81a7b922c4732f893968f0b2c1a945a2696b08f208197a4025da3574e519fc520388c88,2019-11-21 01:00:00,30,TRAFFIC SIGNAL,FUNCTIONING PROPERLY,CLEAR,"DARKNESS, LIGHTED ROAD",ANGLE,NOT DIVIDED,STRAIGHT AND LEVEL,DRY,NO DEFECTS,NO INJURY / DRIVE AWAY,"$501 - $1,500",DISREGARDING TRAFFIC SIGNALS,NOT APPLICABLE,200,E,ONTARIO ST,2,NO INDICATION OF INJURY,0.0,0.0,0.0,0.0,0.0,2.0,0.0,1,5,11
d9ce459deea1662c130e67484409012904b2004b4c190e70153133b39ad63f37fabcc7401e077fa8efd507b70e77286f5fa9af476ac1ee28085df0c186dc8b98,2022-01-04 22:55:00,15,UNKNOWN,UNKNOWN,CLEAR,DARKNESS,REAR END,NOT DIVIDED,STRAIGHT AND LEVEL,ICE,UNKNOWN,INJURY AND / OR TOW DUE TO CRASH,"OVER $1,500",UNABLE TO DETERMINE,UNABLE TO DETERMINE,4002,N,SPAULDING AVE,4,NO INDICATION OF INJURY,0.0,0.0,0.0,0.0,0.0,2.0,0.0,22,3,1
c9590e11d844563fab7624d5a86c639ec44717e5186237dd520d6889f3fe8d5b3e5d05f7b9823b29445868ec5aaef70f4a6785395cdc99ae99d26afb0222befa,2024-03-17 22:50:00,30,NO CONTROLS,NO CONTROLS,CLEAR,"DARKNESS, LIGHTED ROAD",SIDESWIPE SAME DIRECTION,DIVIDED - W/MEDIAN (NOT RAISED),STRAIGHT AND LEVEL,DRY,NO DEFECTS,NO INJURY / DRIVE AWAY,"OVER $1,500",FOLLOWING TOO CLOSELY,UNABLE TO DETERMINE,100,N,CENTRAL AVE,2,NO INDICATION OF INJURY,0.0,0.0,0.0,0.0,0.0,2.0,0.0,22,1,3
b4707dc5b6c8f350b76e4296f7292f3ed4df4ae8ebe1e2e408c49d85b61b9f30c6c76010da0699037a1a180f310101ac88c74c1667e4bb7bf51f3e0974504348,2018-05-14 10:00:00,30,NO CONTROLS,NO CONTROLS,CLEAR,DAYLIGHT,PARKED MOTOR VEHICLE,NOT DIVIDED,STRAIGHT AND LEVEL,WET,NO DEFECTS,NO INJURY / DRIVE AWAY,"OVER $1,500",UNABLE TO DETERMINE,UNABLE TO DETERMINE,2159,W,HIGHLAND AVE,2,NO INDICATION OF INJURY,0.0,0.0,0.0,0.0,0.0,1.0,0.0,10,2,5
260d9314c843a89a26c07c492b97a078c99118be834c217cb1e1c45988b029999bc5d8146c16bdc3ea01de5586511b3ef44cd701765b3b02bfe84843313a7877,2021-09-17 16:05:00,30,NO CONTROLS,NO CONTROLS,CLEAR,DAYLIGHT,REAR END,NOT DIVIDED,STRAIGHT AND LEVEL,DRY,NO DEFECTS,NO INJURY / DRIVE AWAY,"$501 - $1,500",PHYSICAL CONDITION OF DRIVER,NOT APPLICABLE,3900,W,87TH ST,2,NO INDICATION OF INJURY,0.0,0.0,0.0,0.0,0.0,2.0,0.0,16,6,9
5c842fe1a0b3b28ccbd17c2888e8af3eb0148c143e3c0e5d7548009434caddbea646a6ce71e49f89bd94219e2b3359a0c37cb036e96689762e7d521738c0ab01,2018-01-11 07:05:00,25,STOP SIGN/FLASHER,OTHER,RAIN,DAWN,PEDESTRIAN,NOT DIVIDED,STRAIGHT AND LEVEL,WET,NO DEFECTS,INJURY AND / OR TOW DUE TO CRASH,$500 OR LESS,UNABLE TO DETERMINE,NOT APPLICABLE,7400,N,GREENVIEW AVE,2,NONINCAPACITATING INJURY,1.0,0.0,0.0,1.0,0.0,1.0,0.0,7,5,1
e88229e63e266ce624fa612cbc1e21900d92478a7e2ff2b4364cf1c23fbfa375370d738aba2357806d45ee433eb01331eaeb6b7b064a4a9c2066c26ec84993eb,2016-03-18 15:45:00,30,TRAFFIC SIGNAL,FUNCTIONING PROPERLY,CLEAR,DAYLIGHT,REAR END,DIVIDED - W/MEDIAN (NOT RAISED),STRAIGHT AND LEVEL,DRY,NO DEFECTS,NO INJURY / DRIVE AWAY,"OVER $1,500",UNABLE TO DETERMINE,UNABLE TO DETERMINE,4013,W,IRVING PARK RD,2,NO INDICATION OF INJURY,0.0,0.0,0.0,0.0,0.0,2.0,0.0,15,6,3
8c2eec77363e812c731593b0bbedce016a8245022d32fdbf4c3859bdb8a75d81c821dee58bab5e5323461341815fe77910b6aa2e2daac87cd3c6a07c4a1011ac,2019-09-03 08:03:00,15,NO CONTROLS,NO CONTROLS,CLEAR,DAYLIGHT,PARKED MOTOR VEHICLE,ONE-WAY,STRAIGHT AND LEVEL,UNKNOWN,NO DEFECTS,NO INJURY / DRIVE AWAY,"OVER $1,500",UNABLE TO DETERMINE,NOT APPLICABLE,8915,S,LOOMIS ST,2,NO INDICATION OF INJURY,0.0,0.0,0.0,0.0,0.0,1.0,0.0,8,3,9
161d4d0b72fa394ffeeb5ae83286e8a906987098c78215ebaf73c10d2a08e6423f05e3466202a2524d86c1c2a0e0255497d19ee3950cf88726cfe277e5042002,2019-05-12 02:13:00,20,NO CONTROLS,NO CONTROLS,CLEAR,"DARKNESS, LIGHTED ROAD",PARKED MOTOR VEHICLE,NOT DIVIDED,STRAIGHT AND LEVEL,DRY,NO DEFECTS,NO INJURY / DRIVE AWAY,"OVER $1,500",UNABLE TO DETERMINE,NOT APPLICABLE,4111,S,SACRAMENTO AVE,2,NO INDICATION OF INJURY,0.0,0.0,0.0,0.0,0.0,2.0,0.0,2,1,5
e6e68abf71b4363ae4cd04cc97f90bbf7c4b7b57108164d0401de5d0b1c3057ab85a4241865611e2acfea2848dd069c895242f46ddc1519f4424a75007bce812,2018-06-11 13:30:00,30,NO CONTROLS,NO CONTROLS,CLEAR,DAYLIGHT,SIDESWIPE OPPOSITE DIRECTION,DIVIDED - W/MEDIAN (NOT RAISED),STRAIGHT AND LEVEL,DRY,NO DEFECTS,INJURY AND / OR TOW DUE TO CRASH,"OVER $1,500",DRIVING ON WRONG SIDE/WRONG WAY,UNABLE TO DETERMINE,5632,W,BELMONT AVE,2,"REPORTED, NOT EVIDENT",1.0,0.0,0.0,0.0,1.0,1.0,0.0,13,2,6
53c4479dd063f35964344b89493c90d4dfd5c5ffe53c981404cfb7e4ff5b83efd043efe00254fcdbadf2ee89a929ca68495f01ae2c386b250e3f84481796dee5,2020-09-18 18:10:00,30,NO CONTROLS,NO CONTROLS,CLEAR,DUSK,PARKED MOTOR VEHICLE,NOT DIVIDED,STRAIGHT AND LEVEL,DRY,NO DEFECTS,NO INJURY / DRIVE AWAY,"OVER $1,500",DRIVING SKILLS/KNOWLEDGE/EXPERIENCE,NOT APPLICABLE,912,N,SPRINGFIELD AVE,2,NO INDICATION OF INJURY,0.0,0.0,0.0,0.0,0.0,1.0,0.0,18,6,9
536c8e0f76095813fd9d94ae44f620e177703c209f16852c230dd016c642ef4b7c27c3d5a2f082937cc7e8bd2d80f5c659d7ae9aace13e0c99f439fcae0edb12,2018-09-06 14:30:00,35,TRAFFIC SIGNAL,FUNCTIONING PROPERLY,CLEAR,DAYLIGHT,SIDESWIPE SAME DIRECTION,NOT DIVIDED,STRAIGHT AND LEVEL,DRY,NO DEFECTS,NO INJURY / DRIVE AWAY,"OVER $1,500",IMPROPER LANE USAGE,NOT APPLICABLE,511,S,COLUMBUS DR,2,NO INDICATION OF INJURY,0.0,0.0,0.0,0.0,0.0,3.0,0.0,14,5,9
2734ec7a73bdc83bdae4cb6387962c4d7742f290360cd00a8f448b6080ab05553308a200e721131930b4f014b4e22ea914035210dc519bd6786e809f0ca2f096,2018-05-25 23:07:00,30,TRAFFIC SIGNAL,FUNCTIONING PROPERLY,CLEAR,"DARKNESS, LIGHTED ROAD",TURNING,DIVIDED - W/MEDIAN (NOT RAISED),STRAIGHT AND LEVEL,DRY,NO DEFECTS,INJURY AND / OR TOW DUE TO CRASH,"OVER $1,500",EXCEEDING AUTHORIZED SPEED LIMIT,DISREGARDING TRAFFIC SIGNALS,4402,W,ROOSEVELT RD,2,INCAPACITATING INJURY,3.0,0.0,1.0,2.0,0.0,0.0,0.0,23,6,5
82efd900aee2d9493a5df13eff0b4c6c60bb987befa961d532051798410c269fed1223c2dbf01b80fcdd74a6a92ca7963259f961f25fc210245fe92c16d96bb9,2016-12-30 01:45:00,30,TRAFFIC SIGNAL,FUNCTIONING PROPERLY,CLEAR,"DARKNESS, LIGHTED ROAD",TURNING,ONE-WAY,STRAIGHT AND LEVEL,DRY,NO DEFECTS,NO INJURY / DRIVE AWAY,"OVER $1,500",UNABLE TO DETERMINE,UNABLE TO DETERMINE,52,W,ILLINOIS ST,2,NO INDICATION OF INJURY,0.0,0.0,0.0,0.0,0.0,3.0,0.0,1,6,12
a2c9d41aabd4412407ea0fb2cd1aa83603e048939a5907420550b90dfd218750e95aaaa30054abc56a0f1e998635f704019e479ee3d382b1cbe7ea86af247bed,2022-07-17 19:40:00,35,TRAFFIC SIGNAL,FUNCTIONING PROPERLY,CLEAR,DUSK,REAR END,NOT DIVIDED,STRAIGHT AND LEVEL,DRY,NO DEFECTS,NO INJURY / DRIVE AWAY,"OVER $1,500",UNABLE TO DETERMINE,NOT APPLICABLE,6358,W,BELMONT AVE,3,NO INDICATION OF INJURY,0.0,0.0,0.0,0.0,0.0,3.0,0.0,19,1,7
0b6fa3bddb060523591502a460f07bc53bdd1651a5c9416e5915de2e17e68244e20508dc164c5958f043179459d1c21c59a1d616be1b9c12f69f313fdcafeef6,2021-06-22 20:35:00,30,NO CONTROLS,NO CONTROLS,CLEAR,DUSK,SIDESWIPE SAME DIRECTION,NOT DIVIDED,STRAIGHT AND LEVEL,DRY,"RUT, HOLES",INJURY AND / OR TOW DUE TO CRASH,"OVER $1,500",FOLLOWING TOO CLOSELY,NOT APPLICABLE,9039,S,COTTAGE GROVE AVE,2,NONINCAPACITATING INJURY,1.0,0.0,0.0,1.0,0.0,2.0,0.0,20,3,6
23161667522cb5bed8411a08add5f195f98be60f773fad562036a035253254134497ab46fbe7ca7c9296c174ad2b8575b241217b386ad4c0521d03d394305dd0,2023-11-24 08:30:00,30,NO CONTROLS,NO CONTROLS,CLEAR,DAYLIGHT,REAR TO FRONT,ONE-WAY,STRAIGHT AND LEVEL,DRY,NO DEFECTS,NO INJURY / DRIVE AWAY,"OVER $1,500",FAILING TO YIELD RIGHT-OF-WAY,IMPROPER BACKING,1787,W,31ST PL,2,NO INDICATION OF INJURY,0.0,0.0,0.0,0.0,0.0,2.0,0.0,8,6,11
6d38e27f01b330dd55f062a76be9801c1e963d4d0bc376f874ae2b9bb8f76e321f1f78a870715a65e3064e43734da9f0d69e5f485d01f0522a801b1a25b082da,2018-02-22 16:00:00,40,UNKNOWN,UNKNOWN,UNKNOWN,DAYLIGHT,PARKED MOTOR VEHICLE,UNKNOWN,STRAIGHT AND LEVEL,UNKNOWN,UNKNOWN,NO INJURY / DRIVE AWAY,"$501 - $1,500",UNABLE TO DETERMINE,UNABLE TO DETERMINE,5,E,82ND ST,2,NO INDICATION OF INJURY,0.0,0.0,0.0,0.0,0.0,1.0,0.0,16,5,2
74da8048830afea00a2ba807715dd010d410d6c0052e6a1ba79adaf2f96871d9772db648e4f903cf817b2ba7057b011aeed6e46c1c480366a55fb47110c2f907,2016-09-17 10:30:00,35,TRAFFIC SIGNAL,FUNCTIONING PROPERLY,CLEAR,DAYLIGHT,REAR END,DIVIDED - W/MEDIAN (NOT RAISED),STRAIGHT AND LEVEL,DRY,NO DEFECTS,NO INJURY / DRIVE AWAY,"OVER $1,500",FAILING TO REDUCE SPEED TO AVOID CRASH,EXCEEDING SAFE SPEED FOR CONDITIONS,100,W,FULLERTON DR,2,NO INDICATION OF INJURY,0.0,0.0,0.0,0.0,0.0,2.0,0.0,10,7,9
c2c9efbf8ad4a67143a941addf09b04f2932a8a8f212367a34acdc935717adea7c97f7a6229115814be17f4a8ab4faa3a875b458b7e19a1c4b95cfd4ec692123,2022-09-08 12:15:00,30,NO CONTROLS,NO CONTROLS,CLEAR,DAYLIGHT,TURNING,NOT DIVIDED,STRAIGHT AND LEVEL,DRY,NO DEFECTS,INJURY AND / OR TOW DUE TO CRASH,"OVER $1,500",IMPROPER LANE USAGE,NOT APPLICABLE,5457,S,HALSTED ST,2,"REPORTED, NOT EVIDENT",1.0,0.0,0.0,0.0,1.0,3.0,0.0,12,5,9
ed159e43b4bed221abb96b74dba4f9655060d43ce2147b96555764027b1730e8b2042ac9a62ec13dda10f41adf4392b799967349503f3b148fc9650f529c915a,2023-06-24 13:13:00,35,TRAFFIC SIGNAL,FUNCTIONING PROPERLY,CLEAR,DAYLIGHT,FIXED OBJECT,FOUR WAY,STRAIGHT AND LEVEL,DRY,NO DEFECTS,NO INJURY / DRIVE AWAY,"$501 - $1,500",UNABLE TO DETERMINE,NOT APPLICABLE,1201,W,99TH ST,1,NO INDICATION OF INJURY,0.0,0.0,0.0,0.0,0.0,1.0,0.0,13,7,6
b88f7c48fcf17f49a6fe7fe16d02ce6f009b1c806878b3390275732b69e90d5bd5edaadd3510206b5ac81e1a319491ea7107cac668b8b59133ba0664890336dd,2024-01-04 06:35:00,30,TRAFFIC SIGNAL,FUNCTIONING PROPERLY,CLEAR,"DARKNESS, LIGHTED ROAD",FIXED OBJECT,NOT DIVIDED,STRAIGHT AND LEVEL,DRY,UNKNOWN,INJURY AND / OR TOW DUE TO CRASH,"OVER $1,500","EVASIVE ACTION DUE TO ANIMAL, OBJECT, NONMOTORIST",UNABLE TO DETERMINE,4658,W,55TH ST,1,NO INDICATION OF INJURY,0.0,0.0,0.0,0.0,0.0,1.0,0.0,6,5,1
cd93b664c5d5312c83482cbc83a846a7f90246eaa9f68ad50496eaf5afe1c0957be52743cea3c620cfeb0ae690054563ea29032759dc95bd0d7c5156f4fece2d,2016-05-19 16:30:00,30,NO CONTROLS,NO CONTROLS,CLEAR,DAYLIGHT,PEDESTRIAN,PARKING LOT,STRAIGHT AND LEVEL,DRY,NO DEFECTS,INJURY AND / OR TOW DUE TO CRASH,$500 OR LESS,IMPROPER BACKING,UNABLE TO DETERMINE,5158,N,LINCOLN AVE,2,"REPORTED, NOT EVIDENT",1.0,0.0,0.0,0.0,1.0,1.0,0.0,16,5,5
49d267242e52e432a59e4dd3f253b811512da033cf5a7926c1181eb8e9a777b4521bff5eea115ba73d22636ed7d9627639e502e966b0a98fade67e4ecf6830b8,2023-08-02 03:25:00,30,UNKNOWN,UNKNOWN,UNKNOWN,DAYLIGHT,PARKED MOTOR VEHICLE,CENTER TURN LANE,STRAIGHT AND LEVEL,UNKNOWN,UNKNOWN,NO INJURY / DRIVE AWAY,"$501 - $1,500",UNABLE TO DETERMINE,UNABLE TO DETERMINE,2542,N,SHEFFIELD AVE,2,NO INDICATION OF INJURY,0.0,0.0,0.0,0.0,0.0,2.0,0.0,3,4,8
9d2e2052ef367a6b9c989de24e13e7a990c9ac7e2d9dacc31452b2337e7d1e3f5ce210d04a4f4120059c9d44601c8753628c1aa4c07dc1ea64a9d2b3c6da7d02,2020-01-27 14:00:00,30,TRAFFIC SIGNAL,FUNCTIONING PROPERLY,CLEAR,DAYLIGHT,SIDESWIPE SAME DIRECTION,DIVIDED - W/MEDIAN (NOT RAISED),STRAIGHT AND LEVEL,DRY,NO DEFECTS,NO INJURY / DRIVE AWAY,"OVER $1,500",UNABLE TO DETERMINE,NOT APPLICABLE,3900,S,DR MARTIN LUTHER KING JR DR,2,NO INDICATION OF INJURY,0.0,0.0,0.0,0.0,0.0,2.0,0.0,14,2,1
746e629cb1cf4f83cd67f8588369e5b779fa43477f448b141e1c24c44357b95b2cfabd32cd81c76707d52c10261293146bb7f527c4076b35b2dc7350c14412c2,2021-10-08 09:20:00,30,NO CONTROLS,NO CONTROLS,CLEAR,DAYLIGHT,TURNING,NOT DIVIDED,STRAIGHT AND LEVEL,DRY,NO DEFECTS,NO INJURY / DRIVE AWAY,"OVER $1,500",IMPROPER TURNING/NO SIGNAL,IMPROPER TURNING/NO SIGNAL,2400,W,73RD ST,2,NO INDICATION OF INJURY,0.0,0.0,0.0,0.0,0.0,2.0,0.0,9,6,10
07816f2787e58a16175d99226fa5010c268d2e0cc5164fca2979d97c86901b37ca12b4d5d8f63e2cb3b83d8a639dc417d4b45d56f40788c042e84fd62fb21427,2023-09-01 08:40:00,30,SCHOOL ZONE,NO CONTROLS,CLEAR,DAYLIGHT,SIDESWIPE SAME DIRECTION,NOT DIVIDED,STRAIGHT AND LEVEL,DRY,NO DEFECTS,NO INJURY / DRIVE AWAY,$500 OR LESS,PASSING STOPPED SCHOOL BUS,IMPROPER LANE USAGE,906,S,CENTRAL PARK AVE,2,NO INDICATION OF INJURY,0.0,0.0,0.0,0.0,0.0,3.0,0.0,8,6,9
dafce34036e5bf723150ee0fa266b74cd3517bb9a4747bcab3e772d3d76a8dc829a2de12bb9a4209de529929ad5e562c10cf80382c8920ed91a8440c1f3e4e54,2022-07-17 02:44:00,30,NO CONTROLS,NO CONTROLS,CLEAR,"DARKNESS, LIGHTED ROAD",TURNING,NOT DIVIDED,STRAIGHT AND LEVEL,DRY,NO DEFECTS,INJURY AND / OR TOW DUE TO CRASH,"OVER $1,500",UNABLE TO DETERMINE,NOT APPLICABLE,7143,W,HIGGINS AVE,2,NONINCAPACITATING INJURY,1.0,0.0,0.0,1.0,0.0,2.0,0.0,2,1,7
dede445a58ad2cacecd61235ed36551f25989150df55dd4b0804ad1b87330a30d417a4aa23c736164e9cb09f497a6f1aff261a5d79864924a330a5a03a2cdbaa,2020-02-15 20:25:00,30,UNKNOWN,UNKNOWN,CLEAR,"DARKNESS, LIGHTED ROAD",TURNING,DIVIDED - W/MEDIAN BARRIER,STRAIGHT AND LEVEL,DRY,UNKNOWN,NO INJURY / DRIVE AWAY,"OVER $1,500",FAILING TO REDUCE SPEED TO AVOID CRASH,IMPROPER OVERTAKING/PASSING,1300,E,47TH ST,2,NO INDICATION OF INJURY,0.0,0.0,0.0,0.0,0.0,3.0,0.0,20,7,2
8ec733b816b456143e7c10adb351082619c0684db44eaf39910db3dbd905c8e45cfd5b72255566985a25aa60dfa9701f60874cc03d9968863d508fe07be09137,2023-11-11 16:00:00,20,NO CONTROLS,NO CONTROLS,UNKNOWN,UNKNOWN,PARKED MOTOR VEHICLE,ONE-WAY,STRAIGHT AND LEVEL,UNKNOWN,UNKNOWN,INJURY AND / OR TOW DUE TO CRASH,"OVER $1,500",UNABLE TO DETERMINE,UNABLE TO DETERMINE,3923,W,BARRY AVE,3,NO INDICATION OF INJURY,0.0,0.0,0.0,0.0,0.0,1.0,0.0,16,7,11
99e65809876c0e74694d97e0af13746332049f2b9643ad503f82092a76360ea631d448e143b34843bdaa23735c7e01d416d2f3bbbf273481641a1e4d6b239715,2018-03-20 14:30:00,35,TRAFFIC SIGNAL,FUNCTIONING PROPERLY,CLEAR,DAYLIGHT,REAR END,ONE-WAY,STRAIGHT AND LEVEL,DRY,UNKNOWN,INJURY AND / OR TOW DUE TO CRASH,"$501 - $1,500",FOLLOWING TOO CLOSELY,UNABLE TO DETERMINE,46,E,WASHINGTON ST,2,NO INDICATION OF INJURY,0.0,0.0,0.0,0.0,0.0,2.0,0.0,14,3,3
3803781604299f4d810d8cdcf3bc8bd67641980d8ba3ed0e8f9f0eca18320a66f8844ced96c1e66ae2a1d4435951a9489f40269841a2730e8bc865540b4c5a52,2023-03-17 14:53:00,30,NO CONTROLS,UNKNOWN,CLEAR,DAYLIGHT,SIDESWIPE SAME DIRECTION,CENTER TURN LANE,STRAIGHT AND LEVEL,DRY,UNKNOWN,NO INJURY / DRIVE AWAY,"OVER $1,500",UNABLE TO DETERMINE,UNABLE TO DETERMINE,599,N,FAIRBANKS CT,2,NO INDICATION OF INJURY,0.0,0.0,0.0,0.0,0.0,2.0,0.0,14,6,3
c64c978091ca00c8a00b7cf9fb94e269431ce11f43280947d01249b82d1515724ac84172c55308a714386162534a46056eed97088f279e607b0dc659f952ced8,2020-07-10 18:15:00,30,TRAFFIC SIGNAL,FUNCTIONING PROPERLY,CLEAR,DAYLIGHT,TURNING,NOT DIVIDED,STRAIGHT AND LEVEL,DRY,NO DEFECTS,NO INJURY / DRIVE AWAY,"$501 - $1,500",UNABLE TO DETERMINE,UNABLE TO DETERMINE,127,E,OHIO ST,2,NO INDICATION OF INJURY,0.0,0.0,0.0,0.0,0.0,2.0,0.0,18,6,7
372f488ab4a59fb8b4dd49a93abda793a6f100ccb5c38576f918516bace59a71df0666ea427fbf30bcda166717f6d4294e5096623684c5474614389584324ba2,2018-12-14 07:45:00,30,NO CONTROLS,NO CONTROLS,CLEAR,DAYLIGHT,TURNING,NOT DIVIDED,STRAIGHT AND LEVEL,DRY,NO DEFECTS,NO INJURY / DRIVE AWAY,"$501 - $1,500",FAILING TO YIELD RIGHT-OF-WAY,FAILING TO REDUCE SPEED TO AVOID CRASH,2000,N,LEAMINGTON AVE,2,NO INDICATION OF INJURY,0.0,0.0,0.0,0.0,0.0,2.0,0.0,7,6,12
1e20930471548377ea068085c81d2c4032e74fee0ae8cdbc7518723ccc1cc4987631e027f5b117e5318480f73c2388b32ada7f8061b952ca6e7557bf28736a82,2023-03-10 18:45:00,30,TRAFFIC SIGNAL,FUNCTIONING PROPERLY,RAIN,"DARKNESS, LIGHTED ROAD",TURNING,NOT DIVIDED,STRAIGHT AND LEVEL,WET,UNKNOWN,NO INJURY / DRIVE AWAY,"$501 - $1,500",FAILING TO YIELD RIGHT-OF-WAY,UNABLE TO DETERMINE,3200,W,OGDEN AVE,2,NO INDICATION OF INJURY,0.0,0.0,0.0,0.0,0.0,2.0,0.0,18,6,3
a01b6ceef9ce897e4365805b19ba77c30f9baba37e060e92715cb9a4feef92936d8bf4d1f16cb61e9e9456c35ce07e46c3d44cb86e70cfc8b1c17e4e30f1830c,2020-12-26 13:05:00,30,NO CONTROLS,NO CONTROLS,CLEAR,DAYLIGHT,REAR END,DIVIDED - W/MEDIAN (NOT RAISED),STRAIGHT AND LEVEL,DRY,NO DEFECTS,NO INJURY / DRIVE AWAY,"$501 - $1,500",FOLLOWING TOO CLOSELY,NOT APPLICABLE,7601,S,CICERO AVE,2,NO INDICATION OF INJURY,0.0,0.0,0.0,0.0,0.0,2.0,0.0,13,7,12
045e62afe8b5f50141108e393461f0533a314ce1e4e619ca1ba09fe556eeb71d4a276cfd16d74e7e639039fb4157f1e8866fc12d4b6f119224dff03c14d4968e,2021-12-23 13:30:00,30,NO CONTROLS,NO CONTROLS,CLOUDY/OVERCAST,DAYLIGHT,REAR END,L-INTERSECTION,STRAIGHT ON GRADE,DRY,SHOULDER DEFECT,INJURY AND / OR TOW DUE TO CRASH,"OVER $1,500",FAILING TO REDUCE SPEED TO AVOID CRASH,FOLLOWING TOO CLOSELY,6300,S,WALLACE ST,2,NO INDICATION OF INJURY,0.0,0.0,0.0,0.0,0.0,2.0,0.0,13,5,12
8ed82cd53d75a03e52a1b7114d61d2295e951bf9d378e1647819f4409f3479eada333124f9c669e8437ab658aa6c1f94ca135433f34851b06dc89577c1cddd51,2020-08-12 15:50:00,35,NO CONTROLS,NO CONTROLS,CLEAR,DAYLIGHT,PARKED MOTOR VEHICLE,NOT DIVIDED,STRAIGHT AND LEVEL,DRY,UNKNOWN,INJURY AND / OR TOW DUE TO CRASH,"OVER $1,500",FAILING TO REDUCE SPEED TO AVOID CRASH,UNABLE TO DETERMINE,1315,E,57TH ST,2,NO INDICATION OF INJURY,0.0,0.0,0.0,0.0,0.0,1.0,0.0,15,4,8