CRASH_RECORD_ID,CRASH_DATE,POSTED_SPEED_LIMIT,TRAFFIC_CONTROL_DEVICE,DEVICE_CONDITION,WEATHER_CONDITION,LIGHTING_CONDITION,FIRST_CRASH_TYPE,TRAFFICWAY_TYPE,ALIGNMENT,ROADWAY_SURFACE_COND,ROAD_DEFECT,CRASH_TYPE,DAMAGE,PRIM_CONTRIBUTORY_CAUSE,SEC_CONTRIBUTORY_CAUSE,STREET_NO,STREET_DIRECTION,STREET_NAME,NUM_UNITS,MOST_SEVERE_INJURY,INJURIES_TOTAL,INJURIES_FATAL,INJURIES_INCAPACITATING,INJURIES_NON_INCAPACITATING,INJURIES_REPORTED_NOT_EVIDENT,INJURIES_NO_INDICATION,INJURIES_UNKNOWN,CRASH_HOUR,CRASH_DAY_OF_WEEK,CRASH_MONTH
b4f47c6ac0ecefe8b26b953019a7821a4be9c4745a9fbed1a00370879bc9a39e30d197248e9977eb8c089d1141287682b09bd0a055ee842e1581c97bab78f705,2022-03-17 17:00:00,35,UNKNOWN,UNKNOWN,CLEAR,DAYLIGHT,REAR END,NOT DIVIDED,STRAIGHT AND LEVEL,DRY,UNKNOWN,NO INJURY / DRIVE AWAY,$500 OR LESS,UNABLE TO DETERMINE,NOT APPLICABLE,142,E,ONTARIO ST,2,NO INDICATION OF INJURY,0.0,0.0,0.0,0.0,0.0,2.0,0.0,17,5,3
17e7ca0db016d2dc60198bca2f0192de86cc3b91768a2ec6e648c7b51546d46e468ac9b95840ab71b6942414bcb58c9a21f5cdf29929a0fef19923af36a6688f,2019-10-15 18:07:00,30,TRAFFIC SIGNAL,FUNCTIONING PROPERLY,CLEAR,DAYLIGHT,SIDESWIPE SAME DIRECTION,ONE-WAY,STRAIGHT AND LEVEL,DRY,NO DEFECTS,NO INJURY / DRIVE AWAY,"OVER $1,500",IMPROPER LANE USAGE,IMPROPER LANE USAGE,111,W,JACKSON BLVD,2,NO INDICATION OF INJURY,0.0,0.0,0.0,0.0,0.0,2.0,0.0,18,3,10
9e9ec62455da53a1bd1394303d001f62a9f8a3730b954d4dae7edfa3a8e9d3a3c320de7910033cd543f804df9fba29e0f6590546ab6ae7840b40f1578ae7d4c5,2016-12-04 22:03:00,30,NO CONTROLS,NO CONTROLS,SNOW,"DARKNESS, LIGHTED ROAD",FIXED OBJECT,NOT DIVIDED,STRAIGHT AND LEVEL,SNOW OR SLUSH,"RUT, HOLES",NO INJURY / DRIVE AWAY,"OVER $1,500",WEATHER,WEATHER,11451,S,FRONT AVE,1,NO INDICATION OF INJURY,0.0,0.0,0.0,0.0,0.0,1.0,0.0,22,1,12
4da194d883a44c148383964d0183d94867f92dff1539e75de58618b363aeda626d78eabbb039bac1322d23afbec57425ff280e6ce903afadff392786f337139b,2022-11-11 17:03:00,30,NO CONTROLS,NO CONTROLS,CLEAR,"DARKNESS, LIGHTED ROAD",PARKED MOTOR VEHICLE,NOT DIVIDED,STRAIGHT AND LEVEL,DRY,NO DEFECTS,NO INJURY / DRIVE AWAY,"OVER $1,500",NOT APPLICABLE,NOT APPLICABLE,4822,S,RIDGEWAY AVE,2,NO INDICATION OF INJURY,0.0,0.0,0.0,0.0,0.0,1.0,0.0,17,6,11
84bd6f5bc86bb0b21621567ec37e33c539e6e1d41177bc4f770d7d6c8e44c94753bf7043a88dfea7826325f06f9eacaf227c282f15bea24ab0f65c384f288ec9,2019-09-28 16:15:00,25,TRAFFIC SIGNAL,FUNCTIONING PROPERLY,CLEAR,"DARKNESS, LIGHTED ROAD",REAR END,DIVIDED - W/MEDIAN (NOT RAISED),STRAIGHT AND LEVEL,DRY,NO DEFECTS,NO INJURY / DRIVE AWAY,"$501 - $1,500",FOLLOWING TOO CLOSELY,NOT APPLICABLE,200,N,LOWER COLUMBUS DR,2,NO INDICATION OF INJURY,0.0,0.0,0.0,0.0,0.0,2.0,0.0,16,7,9
9e02bd1ee61855343187d3c1210307df257c6325b6a461c9295ac3223593f4bcf373b3416da36515c4e6a82f350812b70db4baaac8c071809d15b2b97ba66b88,2017-05-29 04:50:00,35,TRAFFIC SIGNAL,FUNCTIONING PROPERLY,CLEAR,"DARKNESS, LIGHTED ROAD",REAR END,NOT DIVIDED,STRAIGHT AND LEVEL,DRY,NO DEFECTS,INJURY AND / OR TOW DUE TO CRASH,"OVER $1,500",MOTORCYCLE ADVANCING LEGALLY ON RED LIGHT,MOTORCYCLE ADVANCING LEGALLY ON RED LIGHT,1,S,KOSTNER AVE,2,NONINCAPACITATING INJURY,1.0,0.0,0.0,1.0,0.0,1.0,0.0,4,2,5
a987cd1704baa770c739d3f7333f25414c2b11e416b1503a9938ad5c95185966034a309ac8b27b11204d96e67b6c7c140102c1f42876d1ee84a2a098e1dd354f,2015-10-14 11:08:00,35,NO CONTROLS,NO CONTROLS,CLEAR,DAYLIGHT,PARKED MOTOR VEHICLE,DIVIDED - W/MEDIAN BARRIER,STRAIGHT AND LEVEL,DRY,NO DEFECTS,NO INJURY / DRIVE AWAY,"OVER $1,500",NOT APPLICABLE,NOT APPLICABLE,122,N,LA SALLE ST,2,NO INDICATION OF INJURY,0.0,0.0,0.0,0.0,0.0,1.0,0.0,11,4,10
fef37e4bab0b88c6f3e3113989ca63ffb79760b6091f2c5a4e34542de529c390f4e499556538321596415b192bd66a50fc582a101e8c6d0ac4d87473880cf9f7,2021-12-12 03:50:00,30,NO CONTROLS,NO CONTROLS,CLEAR,"DARKNESS, LIGHTED ROAD",PARKED MOTOR VEHICLE,ONE-WAY,STRAIGHT AND LEVEL,DRY,NO DEFECTS,INJURY AND / OR TOW DUE TO CRASH,"OVER $1,500",UNABLE TO DETERMINE,NOT APPLICABLE,5943,S,KOLIN AVE,2,NO INDICATION OF INJURY,0.0,0.0,0.0,0.0,0.0,1.0,0.0,3,1,12
df4d62518b7edff06522bf275ca2ccaae938a3fb835a2f9050bc80142f15f7d820c75e6f1ad57feb68c6112ab8deb406e9db2b30605b912b570759cb8d852338,2020-06-26 18:10:00,0,NO CONTROLS,NO CONTROLS,CLOUDY/OVERCAST,DAYLIGHT,PARKED MOTOR VEHICLE,PARKING LOT,STRAIGHT AND LEVEL,WET,NO DEFECTS,NO INJURY / DRIVE AWAY,$500 OR LESS,IMPROPER BACKING,NOT APPLICABLE,2656,N,ELSTON AVE,2,NO INDICATION OF INJURY,0.0,0.0,0.0,0.0,0.0,1.0,0.0,18,6,6
203831eef17ef9f204983b3f803631f9cdb8e3672573f54284605269e491551982a683b18971e05ea3a045c8875dfc74dbeb3b76a9b7e9494d86947664e6acb0,2024-04-14 21:00:00,30,NO CONTROLS,NO CONTROLS,CLEAR,DARKNESS,ANGLE,ONE-WAY,STRAIGHT AND LEVEL,DRY,NO DEFECTS,NO INJURY / DRIVE AWAY,"OVER $1,500",FAILING TO YIELD RIGHT-OF-WAY,NOT APPLICABLE,1757,W,THOME AVE,2,NO INDICATION OF INJURY,0.0,0.0,0.0,0.0,0.0,2.0,0.0,21,1,4
19096f1fe72f2e24952bee363744f8e5b1039d727185136fe10b667b5a58ff1a93b472d6ee44dba6fac781af0d087c773ae532976143cfe91314a98751dddd5b,2020-12-19 23:37:00,30,TRAFFIC SIGNAL,FUNCTIONING PROPERLY,CLEAR,"DARKNESS, LIGHTED ROAD",TURNING,NOT DIVIDED,STRAIGHT AND LEVEL,DRY,NO DEFECTS,INJURY AND / OR TOW DUE TO CRASH,"OVER $1,500",FAILING TO YIELD RIGHT-OF-WAY,NOT APPLICABLE,3705,W,79TH ST,2,NO INDICATION OF INJURY,0.0,0.0,0.0,0.0,0.0,2.0,0.0,23,7,12
36c69f1f43cc51da6a369b72ab0824d0c8c1e4428713f605f049a376d9aedda23a756678098587ac40602d53af7f71eede2c1be5cc1fb893d09b4f1677924941,2020-12-25 18:55:00,45,NO CONTROLS,NO CONTROLS,CLEAR,DARKNESS,SIDESWIPE SAME DIRECTION,DIVIDED - W/MEDIAN BARRIER,STRAIGHT AND LEVEL,DRY,NO DEFECTS,INJURY AND / OR TOW DUE TO CRASH,"$501 - $1,500",UNABLE TO DETERMINE,NOT APPLICABLE,4501,S,LAKE SHORE DR NB,2,NO INDICATION OF INJURY,0.0,0.0,0.0,0.0,0.0,3.0,0.0,18,6,12
0649fb19ddff0fadbf6fd60481f18155908dc0d2098669ef6cfb332ae7d588508dd682aea8e294f977f74b10938e4b90ee3bf810537d90a97f2efbc1217fcb1a,2020-06-24 10:30:00,30,NO CONTROLS,NO CONTROLS,CLEAR,DAYLIGHT,PEDALCYCLIST,NOT DIVIDED,STRAIGHT AND LEVEL,DRY,NO DEFECTS,NO INJURY / DRIVE AWAY,$500 OR LESS,FAILING TO YIELD RIGHT-OF-WAY,NOT APPLICABLE,823,W,ARMITAGE AVE,2,NO INDICATION OF INJURY,0.0,0.0,0.0,0.0,0.0,2.0,0.0,10,4,6
48a80e80b09153680df3e414ac7d75e1b720a090ebd3cd1922fe2d11e82b7fb931df5bbcd813f2bd10e8f9915e420ae787ca9c53fc86ce7bd52a95b299666cc2,2019-05-28 15:30:00,35,NO CONTROLS,NO CONTROLS,CLEAR,DAYLIGHT,ANGLE,NOT DIVIDED,STRAIGHT AND LEVEL,WET,NO DEFECTS,NO INJURY / DRIVE AWAY,"$501 - $1,500",UNABLE TO DETERMINE,UNABLE TO DETERMINE,4330,W,CERMAK RD,2,NO INDICATION OF INJURY,0.0,0.0,0.0,0.0,0.0,2.0,0.0,15,3,5
89fb88921b76af61399637787fa39aa07c80aa7cb276e541417f6cd4af65aa1405d6a4f74fe2c45899bef864a605fd270a2c5bb0ad02a1f66900f996bad9c5a4,2021-02-25 19:40:00,30,NO CONTROLS,NO CONTROLS,CLEAR,"DARKNESS, LIGHTED ROAD",SIDESWIPE SAME DIRECTION,ONE-WAY,STRAIGHT AND LEVEL,UNKNOWN,UNKNOWN,NO INJURY / DRIVE AWAY,"$501 - $1,500",UNABLE TO DETERMINE,UNABLE TO DETERMINE,2930,W,LUNT AVE,2,NO INDICATION OF INJURY,0.0,0.0,0.0,0.0,0.0,2.0,0.0,19,5,2
0945c7cf07d8633a6e6edeca1a2e9a154bf23bbc54ab2e04f4bfd561575beb15a68ce39e3914223e2b41e020d52caa0acdce23ceeb2414bb24a5ca28d18d7557,2018-05-08 17:00:00,30,TRAFFIC SIGNAL,FUNCTIONING PROPERLY,CLEAR,DAYLIGHT,SIDESWIPE SAME DIRECTION,NOT DIVIDED,STRAIGHT AND LEVEL,DRY,NO DEFECTS,NO INJURY / DRIVE AWAY,$500 OR LESS,IMPROPER TURNING/NO SIGNAL,NOT APPLICABLE,241,W,VAN BUREN ST,2,NO INDICATION OF INJURY,0.0,0.0,0.0,0.0,0.0,2.0,0.0,17,3,5
379034f6b92e9545f6269e4bbc832537bbdbe0447fe32e9d4143f7b7ef92ff2d254c56af2b4c72f0a4165e393ba4361416a8fa1d08228e89cb4bf3ca342e5e4f,2019-09-04 00:03:00,30,STOP SIGN/FLASHER,FUNCTIONING PROPERLY,UNKNOWN,"DARKNESS, LIGHTED ROAD",ANGLE,NOT DIVIDED,STRAIGHT AND LEVEL,UNKNOWN,UNKNOWN,NO INJURY / DRIVE AWAY,"OVER $1,500",DRIVING SKILLS/KNOWLEDGE/EXPERIENCE,UNABLE TO DETERMINE,7400,S,JEFFERY BLVD,2,NO INDICATION OF INJURY,0.0,0.0,0.0,0.0,0.0,3.0,0.0,0,4,9
06c3b7d2401b108456ac47eeaf8bfd2882a626ff274595725301abc7b35e12441ef3d076e1f18e461b2db3a5f8a19f1c1530d48c08185c64ecd22bed6da0a273,2016-04-30 19:30:00,0,NO CONTROLS,NO CONTROLS,RAIN,"DARKNESS, LIGHTED ROAD",SIDESWIPE SAME DIRECTION,PARKING LOT,STRAIGHT AND LEVEL,WET,NO DEFECTS,NO INJURY / DRIVE AWAY,"$501 - $1,500",UNABLE TO DETERMINE,NOT APPLICABLE,5459,W,MADISON ST,2,NO INDICATION OF INJURY,0.0,0.0,0.0,0.0,0.0,2.0,0.0,19,7,4
d8e8cb13859120e558f408463c33548a6f6ffc4e14acc051ef7c224979f619895b89700f5e1205e96848963954b1b3bbf64cbd2b012147d527d7235e8bb0247b,2017-12-11 01:40:00,30,TRAFFIC SIGNAL,FUNCTIONING PROPERLY,CLEAR,"DARKNESS, LIGHTED ROAD",REAR END,NOT DIVIDED,STRAIGHT AND LEVEL,DRY,NO DEFECTS,INJURY AND / OR TOW DUE TO CRASH,"OVER $1,500",FOLLOWING TOO CLOSELY,UNABLE TO DETERMINE,5701,S,HARLEM AVE,2,"REPORTED, NOT EVIDENT",1.0,0.0,0.0,0.0,1.0,1.0,0.0,1,2,12
148c3131198ebf7d2e89f2531f367360ad46d67fe7538160d982808d777ee0d36809cb229b729e9d16b023c4f59e598cd0f44ff185fa171f2509991b8427e4df,2023-10-28 11:52:00,30,NO CONTROLS,NO CONTROLS,CLEAR,DAYLIGHT,SIDESWIPE SAME DIRECTION,ONE-WAY,STRAIGHT AND LEVEL,DRY,UNKNOWN,NO INJURY / DRIVE AWAY,"OVER $1,500",UNABLE TO DETERMINE,NOT APPLICABLE,1610,W,83RD ST,2,NO INDICATION OF INJURY,0.0,0.0,0.0,0.0,0.0,2.0,0.0,11,7,10
6c3a4da08e5b6e2b699979631e062ea0df487f7a3e72c006a7225a8d42dd31c6759f85ac39fefb962665f88c6fc42121b0f7c5b0c796d6d74ea2bf6bd4d80897,2022-09-10 16:30:00,10,NO CONTROLS,NO CONTROLS,CLEAR,DAYLIGHT,REAR END,PARKING LOT,STRAIGHT AND LEVEL,DRY,NO DEFECTS,NO INJURY / DRIVE AWAY,"OVER $1,500",UNABLE TO DETERMINE,UNABLE TO DETERMINE,2555,N,NORMANDY AVE,2,NO INDICATION OF INJURY,0.0,0.0,0.0,0.0,0.0,2.0,0.0,16,7,9
5215398f7d14b48f691944da58a4c81115208295b4e7fa9def28cd5e4ee46350974076a8c0d631917d5d57dd90791de798f440723244139ea34dc61efe7ae2a8,2016-09-17 20:00:00,30,NO CONTROLS,NO CONTROLS,CLEAR,"DARKNESS, LIGHTED ROAD",SIDESWIPE SAME DIRECTION,NOT DIVIDED,STRAIGHT AND LEVEL,DRY,NO DEFECTS,NO INJURY / DRIVE AWAY,"OVER $1,500",UNABLE TO DETERMINE,UNABLE TO DETERMINE,600,N,MICHIGAN AVE,2,NO INDICATION OF INJURY,0.0,0.0,0.0,0.0,0.0,2.0,0.0,20,7,9
a3120711e93b1f44a436c78de1614e89f3a540c8cfaf9917712ecf73bf2492d363a2649614c7bbb9f6d5924f8b8c82033e690f59beef947563915f5f01d55b19,2019-12-17 14:10:00,30,TRAFFIC SIGNAL,FUNCTIONING PROPERLY,CLEAR,DAYLIGHT,SIDESWIPE SAME DIRECTION,DIVIDED - W/MEDIAN (NOT RAISED),STRAIGHT AND LEVEL,DRY,NO DEFECTS,INJURY AND / OR TOW DUE TO CRASH,"OVER $1,500",IMPROPER TURNING/NO SIGNAL,"VISION OBSCURED (SIGNS, TREE LIMBS, BUILDINGS, ETC.)",564,W,31ST ST,2,NO INDICATION OF INJURY,0.0,0.0,0.0,0.0,0.0,2.0,0.0,14,3,12
6e695f68b7b637681678317b288208c84461b8cc3931ef5cea10d386a2c9db21523d83a8df293e5b6df9f77827fe7ee95dc3981d6fb22bf954419e995e2bbd51,2023-02-14 20:00:00,30,TRAFFIC SIGNAL,FUNCTIONING PROPERLY,RAIN,"DARKNESS, LIGHTED ROAD",TURNING,FOUR WAY,STRAIGHT AND LEVEL,WET,UNKNOWN,INJURY AND / OR TOW DUE TO CRASH,"OVER $1,500",UNABLE TO DETERMINE,NOT APPLICABLE,2000,W,WASHINGTON BLVD,2,INCAPACITATING INJURY,4.0,0.0,4.0,0.0,0.0,0.0,0.0,20,3,2
767174246804e65e50b60945d4aa484b648871bab8827d8b862c436e4a018b77ef7ae67e6ab5d9885e9b92b8ed0f259cc5bb7a0ad84b8632e377746dd46f6d87,2020-02-24 23:10:00,30,NO CONTROLS,NO CONTROLS,CLEAR,"DARKNESS, LIGHTED ROAD",TURNING,NOT DIVIDED,STRAIGHT AND LEVEL,DRY,NO DEFECTS,INJURY AND / OR TOW DUE TO CRASH,"OVER $1,500",FAILING TO YIELD RIGHT-OF-WAY,NOT APPLICABLE,2616,N,CENTRAL PARK AVE,2,NO INDICATION OF INJURY,0.0,0.0,0.0,0.0,0.0,2.0,0.0,23,2,2
155ffdf9c503f32630330438ad4d6e8a40d66149da73826d2e2b32b70c6866d359155c0091cf54d303e3e32f1364cde19fb01250a1034d6228988fdbfc050648,2018-08-27 14:00:00,30,TRAFFIC SIGNAL,FUNCTIONING PROPERLY,CLEAR,DAYLIGHT,ANGLE,ONE-WAY,STRAIGHT AND LEVEL,UNKNOWN,UNKNOWN,NO INJURY / DRIVE AWAY,"OVER $1,500",DISREGARDING TRAFFIC SIGNALS,UNABLE TO DETERMINE,5300,W,JACKSON BLVD,2,NO INDICATION OF INJURY,0.0,0.0,0.0,0.0,0.0,2.0,0.0,14,2,8
1c6bd3434d301f15925d24fd778a847601e6312e40ceb0b581cf94f5c746e29370de5daae1c6173ed3f845404cafcf165edf84a586186e0d90884c8434798c2c,2015-12-14 14:00:00,30,TRAFFIC SIGNAL,FUNCTIONING PROPERLY,RAIN,DAYLIGHT,SIDESWIPE SAME DIRECTION,DIVIDED - W/MEDIAN (NOT RAISED),STRAIGHT AND LEVEL,WET,NO DEFECTS,NO INJURY / DRIVE AWAY,"OVER $1,500",UNABLE TO DETERMINE,UNABLE TO DETERMINE,6377,N,MILWAUKEE AVE,2,NO INDICATION OF INJURY,0.0,0.0,0.0,0.0,0.0,3.0,0.0,14,2,12
8304628da493d3895a25fcc683d93656d7ad644c40f7b4eb4305bda5222b9ec1ae8863465dbf912692f49702be24ee608ebff85ef817362329e239fef5dbfe83,2017-05-29 15:00:00,30,UNKNOWN,UNKNOWN,CLEAR,DAYLIGHT,PARKED MOTOR VEHICLE,NOT DIVIDED,STRAIGHT AND LEVEL,DRY,NO DEFECTS,NO INJURY / DRIVE AWAY,"OVER $1,500",UNABLE TO DETERMINE,NOT APPLICABLE,1941,W,59TH ST,2,NO INDICATION OF INJURY,0.0,0.0,0.0,0.0,0.0,1.0,0.0,15,2,5
bf63a26061664ec8a6bc39a628250dc6952c3193d4fd0dda92aa8b8cef1327df153edc81cf2efad3bc19a4b750dd834bfa2da171158efeaf0d4e6530e0a1e5e9,2023-03-25 02:40:00,25,NO CONTROLS,UNKNOWN,RAIN,"DARKNESS, LIGHTED ROAD",ANGLE,ONE-WAY,STRAIGHT AND LEVEL,WET,NO DEFECTS,INJURY AND / OR TOW DUE TO CRASH,"OVER $1,500",WEATHER,FAILING TO YIELD RIGHT-OF-WAY,5600,S,TRIPP AVE,7,INCAPACITATING INJURY,1.0,0.0,1.0,0.0,0.0,1.0,0.0,2,7,3
18edf29521118da0f09dbc79776550bfab2db7fd348f7da410531168860fda96d13b9111a9964e738055268c6c9c3a02b60bf52faeaa1225c352e1b6beb168eb,2018-08-31 13:15:00,30,NO CONTROLS,NO CONTROLS,CLEAR,DAYLIGHT,SIDESWIPE SAME DIRECTION,NOT DIVIDED,STRAIGHT AND LEVEL,DRY,NO DEFECTS,NO INJURY / DRIVE AWAY,$500 OR LESS,UNABLE TO DETERMINE,NOT APPLICABLE,2868,W,ROSCOE ST,2,NO INDICATION OF INJURY,0.0,0.0,0.0,0.0,0.0,2.0,0.0,13,6,8
ee64cd1c8edbca2ed0394bfc2734d95b54ef8487038e529f1deae4850725b39ee5be52e22e544408b953b83aa4fd6dfe9dfd1ceb3dffe670f49c6b891671709e,2021-06-18 10:45:00,30,TRAFFIC SIGNAL,FUNCTIONING PROPERLY,CLEAR,DAYLIGHT,TURNING,DIVIDED - W/MEDIAN (NOT RAISED),STRAIGHT AND LEVEL,DRY,NO DEFECTS,NO INJURY / DRIVE AWAY,"OVER $1,500",IMPROPER LANE USAGE,IMPROPER TURNING/NO SIGNAL,400,E,76TH ST,2,NO INDICATION OF INJURY,0.0,0.0,0.0,0.0,0.0,2.0,0.0,10,6,6
a07ffb425194a4e3811be40ebbbc785bea44f83074d36cc4b40d42e5701a8ee94ebc7fa2ff9a14fcba0c29a90b7edfd9e99f91552234eb0d80083eaaec445dbf,2021-02-22 07:45:00,30,NO CONTROLS,NO CONTROLS,SNOW,DAYLIGHT,PARKED MOTOR VEHICLE,ONE-WAY,STRAIGHT AND LEVEL,SNOW OR SLUSH,NO DEFECTS,NO INJURY / DRIVE AWAY,$500 OR LESS,UNABLE TO DETERMINE,NOT APPLICABLE,6705,S,CONSTANCE AVE,2,NO INDICATION OF INJURY,0.0,0.0,0.0,0.0,0.0,1.0,0.0,7,2,2
8b69316893104ade509515fffeda7740e2abec7be5502454e5d53e9dac06154d7974370adef3a08de9719e7857a95373695817be3c6962ea062d9d9952125340,2023-08-22 13:30:00,30,TRAFFIC SIGNAL,FUNCTIONING PROPERLY,CLEAR,DAYLIGHT,TURNING,FOUR WAY,STRAIGHT AND LEVEL,UNKNOWN,UNKNOWN,INJURY AND / OR TOW DUE TO CRASH,"OVER $1,500",DISREGARDING OTHER TRAFFIC SIGNS,DRIVING SKILLS/KNOWLEDGE/EXPERIENCE,5533,W,MADISON ST,2,NO INDICATION OF INJURY,0.0,0.0,0.0,0.0,0.0,2.0,0.0,13,3,8
393ffe20d1b7af0c5e3f43f3ef23f4f92e5d01501a4de88148d8bea958767a0c657a2509e0623a6d083b609cdc374a1b13eeb599c6460db096e828645f2f70b1,2022-05-05 15:47:00,30,STOP SIGN/FLASHER,FUNCTIONING PROPERLY,RAIN,DAYLIGHT,ANGLE,NOT DIVIDED,STRAIGHT AND LEVEL,WET,NO DEFECTS,NO INJURY / DRIVE AWAY,"$501 - $1,500",DISREGARDING STOP SIGN,FAILING TO YIELD RIGHT-OF-WAY,3600,N,TROY ST,2,NO INDICATION OF INJURY,0.0,0.0,0.0,0.0,0.0,2.0,0.0,15,5,5
fb62685496ef452024ac1bab377e61dc2ba2922f5d8d4f037e10d507fdd785bf13db6b1461aecb094a78665d7c23473df0b6ad3fa9081ff62b04a84d4d3c1dd8,2021-06-24 17:30:00,30,TRAFFIC SIGNAL,FUNCTIONING PROPERLY,RAIN,DAYLIGHT,REAR END,NOT DIVIDED,STRAIGHT AND LEVEL,WET,UNKNOWN,NO INJURY / DRIVE AWAY,"OVER $1,500",WEATHER,UNABLE TO DETERMINE,2600,S,CALIFORNIA AVE,2,NO INDICATION OF INJURY,0.0,0.0,0.0,0.0,0.0,2.0,0.0,17,5,6
fe1bce29d048cf6b7175375e7e2a514881bb6f663d9ef2f189f868906754760d55ac4fd26fdbc3d7b650412fba60f38ef576cd41c18b28357c93a9887804e573,2017-01-25 08:10:00,30,NO CONTROLS,NO CONTROLS,CLEAR,DAYLIGHT,SIDESWIPE SAME DIRECTION,DIVIDED - W/MEDIAN (NOT RAISED),STRAIGHT AND LEVEL,DRY,NO DEFECTS,NO INJURY / DRIVE AWAY,"$501 - $1,500",IMPROPER OVERTAKING/PASSING,IMPROPER LANE USAGE,6100,S,DR MARTIN LUTHER KING JR DR,2,NO INDICATION OF INJURY,0.0,0.0,0.0,0.0,0.0,2.0,0.0,8,4,1
aaabda7850d8401b52e2eaf818718580af705c6871993760d125d37069488921bdc5ede3618d6acc03e423c877d5ceb7269fb2ef99dc49d8562ed60294ae1308,2018-05-31 16:15:00,30,NO CONTROLS,NO CONTROLS,CLEAR,DAYLIGHT,ANGLE,NOT DIVIDED,STRAIGHT AND LEVEL,DRY,NO DEFECTS,NO INJURY / DRIVE AWAY,"$501 - $1,500",IMPROPER BACKING,DRIVING SKILLS/KNOWLEDGE/EXPERIENCE,436,W,BELMONT AVE,2,NO INDICATION OF INJURY,0.0,0.0,0.0,0.0,0.0,2.0,0.0,16,5,5
2dc53ce5e1c4f2f37c8ec56a27bc6279adec52db4c83ed195647837e69e5b2eda254dd1416560837d132d85f62cdf66c22657c8a7e79e9da83039f9db07aa354,2021-07-29 14:20:00,30,TRAFFIC SIGNAL,FUNCTIONING PROPERLY,CLEAR,DAYLIGHT,REAR END,NOT DIVIDED,STRAIGHT AND LEVEL,DRY,NO DEFECTS,NO INJURY / DRIVE AWAY,$500 OR LESS,UNABLE TO DETERMINE,NOT APPLICABLE,1118,N,LA SALLE DR,2,NO INDICATION OF INJURY,0.0,0.0,0.0,0.0,0.0,2.0,0.0,14,5,7
bbaf8148097a4d8b3b8f5f4cca962be8974b4460bb808cdc745c160a78d1f6410311a44e2fb453203892e05e0ebe124d16b5cc37b67e3f96ee8b247d38bd4973,2018-07-16 16:30:00,30,NO CONTROLS,NO CONTROLS,CLEAR,DAYLIGHT,PARKED MOTOR VEHICLE,ONE-WAY,STRAIGHT AND LEVEL,DRY,NO DEFECTS,NO INJURY / DRIVE AWAY,"OVER $1,500",UNABLE TO DETERMINE,UNABLE TO DETERMINE,10343,S,FAIRFIELD AVE,2,NO INDICATION OF INJURY,0.0,0.0,0.0,0.0,0.0,1.0,0.0,16,2,7
68db675c25311f7bb68ae496f1891e68bbb1f2adda4cdaab7300a915df45457a86c60854d49ef42aaf76d2c28f01c33ae855d48e5a7e4bdd731919449e9e30f7,2019-01-30 08:05:00,40,TRAFFIC SIGNAL,FUNCTIONING PROPERLY,CLEAR,DAYLIGHT,REAR END,DIVIDED - W/MEDIAN (NOT RAISED),STRAIGHT AND LEVEL,DRY,NO DEFECTS,NO INJURY / DRIVE AWAY,"OVER $1,500",FOLLOWING TOO CLOSELY,NOT APPLICABLE,699,S,LAKE SHORE DR NB,2,NO INDICATION OF INJURY,0.0,0.0,0.0,0.0,0.0,2.0,0.0,8,4,1
356df3986c2813d541563b2cc7ecdcfd1d9bff60ffbd04f5025d162c4bca9ae2bc427f9763839a6c7ac535469e16536f5542980e453ee8b0ee60e2e7a86dac69,2021-07-01 16:15:00,30,TRAFFIC SIGNAL,FUNCTIONING PROPERLY,CLEAR,DAYLIGHT,ANGLE,FOUR WAY,STRAIGHT AND LEVEL,DRY,NO DEFECTS,NO INJURY / DRIVE AWAY,"OVER $1,500",FAILING TO YIELD RIGHT-OF-WAY,NOT APPLICABLE,1600,W,87TH ST,2,NO INDICATION OF INJURY,0.0,0.0,0.0,0.0,0.0,2.0,0.0,16,5,7
24ec196761d668255fc591460989093764ef0b9d953824a94ef8c30b5394ec8b6abbad80c8b3eecaa98b68e9e7673d33c12b220138ef772ba370a3d18c2f2836,2022-08-01 17:56:00,30,OTHER,OTHER,CLEAR,DAYLIGHT,REAR TO SIDE,NOT DIVIDED,STRAIGHT AND LEVEL,DRY,NO DEFECTS,NO INJURY / DRIVE AWAY,"OVER $1,500",FOLLOWING TOO CLOSELY,NOT APPLICABLE,3002,S,HALSTED ST,2,NO INDICATION OF INJURY,0.0,0.0,0.0,0.0,0.0,2.0,0.0,17,2,8
4149132a442587670a8bbfdb295dab42507edbf22ca94217583a3235ec5daa9f523999d21c8dc9e576094ccd00e5484ec434591210aa06bfc07af809a00ae6e5,2018-07-03 12:30:00,10,NO CONTROLS,NO CONTROLS,CLEAR,DAYLIGHT,PARKED MOTOR VEHICLE,ONE-WAY,STRAIGHT AND LEVEL,DRY,NO DEFECTS,NO INJURY / DRIVE AWAY,"OVER $1,500",UNABLE TO DETERMINE,UNABLE TO DETERMINE,3650,S,DR MARTIN LUTHER KING JR SD,2,NO INDICATION OF INJURY,0.0,0.0,0.0,0.0,0.0,1.0,0.0,12,3,7