CRASH_RECORD_ID,CRASH_DATE,POSTED_SPEED_LIMIT,TRAFFIC_CONTROL_DEVICE,DEVICE_CONDITION,WEATHER_CONDITION,LIGHTING_CONDITION,FIRST_CRASH_TYPE,TRAFFICWAY_TYPE,ALIGNMENT,ROADWAY_SURFACE_COND,ROAD_DEFECT,CRASH_TYPE,DAMAGE,PRIM_CONTRIBUTORY_CAUSE,SEC_CONTRIBUTORY_CAUSE,STREET_NO,STREET_DIRECTION,STREET_NAME,NUM_UNITS,MOST_SEVERE_INJURY,INJURIES_TOTAL,INJURIES_FATAL,INJURIES_INCAPACITATING,INJURIES_NON_INCAPACITATING,INJURIES_REPORTED_NOT_EVIDENT,INJURIES_NO_INDICATION,INJURIES_UNKNOWN,CRASH_HOUR,CRASH_DAY_OF_WEEK,CRASH_MONTH
c3cc1cfa31a4d09394fc5bb6aff5625bfe20c76201355dac583be666f093355c30abe03e36a4fd0914f37d802574a80fa011de357883c4281293b697422752eb,2021-07-31 18:44:00,30,NO CONTROLS,NO CONTROLS,CLEAR,DAYLIGHT,SIDESWIPE SAME DIRECTION,DIVIDED - W/MEDIAN (NOT RAISED),STRAIGHT AND LEVEL,DRY,NO DEFECTS,NO INJURY / DRIVE AWAY,"OVER $1,500",UNABLE TO DETERMINE,NOT APPLICABLE,7158,W,GUNNISON ST,2,NO INDICATION OF INJURY,0.0,0.0,0.0,0.0,0.0,2.0,0.0,18,7,7
a8e6aa8e04fd0c53a314252f746cafa32c8b7eaf977b2a97f3ac8bc88aa4b0344a5e4c0ee35ce42337730b550e90d1373d9c1bb8ab24af0c941f562afb1636e9,2024-02-20 12:55:00,15,NO CONTROLS,NO CONTROLS,CLEAR,DAYLIGHT,SIDESWIPE SAME DIRECTION,PARKING LOT,STRAIGHT AND LEVEL,DRY,NO DEFECTS,NO INJURY / DRIVE AWAY,"$501 - $1,500",UNABLE TO DETERMINE,UNABLE TO DETERMINE,727,E,111TH ST,2,NO INDICATION OF INJURY,0.0,0.0,0.0,0.0,0.0,4.0,0.0,12,3,2
233b2754d9830634a066e4e0f70a1dba7e26a285cc2d116013912f39b12fa87659b3b7d24edf3b5349098cdf6110fef69a3caebf3a4a693cb5db59c968509de4,2021-05-24 14:10:00,30,TRAFFIC SIGNAL,FUNCTIONING PROPERLY,CLEAR,DAWN,PARKED MOTOR VEHICLE,DIVIDED - W/MEDIAN (NOT RAISED),STRAIGHT AND LEVEL,DRY,UNKNOWN,INJURY AND / OR TOW DUE TO CRASH,"OVER $1,500",UNABLE TO DETERMINE,NOT APPLICABLE,5963,W,CHICAGO AVE,2,NO INDICATION OF INJURY,0.0,0.0,0.0,0.0,0.0,1.0,0.0,14,2,5
486bf1e6bcfcba6ccd38be236776a97cf55e9c6333716b7c7d664ce82925c72674bad2109d2c41ee246d51a6868696f8031dec1925113e90604da48130e57289,2019-10-01 11:15:00,30,NO CONTROLS,NO CONTROLS,CLEAR,DAYLIGHT,PARKED MOTOR VEHICLE,ONE-WAY,STRAIGHT AND LEVEL,DRY,NO DEFECTS,NO INJURY / DRIVE AWAY,$500 OR LESS,DRIVING SKILLS/KNOWLEDGE/EXPERIENCE,DRIVING SKILLS/KNOWLEDGE/EXPERIENCE,1,W,TERMINAL ST,2,NO INDICATION OF INJURY,0.0,0.0,0.0,0.0,0.0,1.0,0.0,11,3,10
7fec60f705edc6ac8a1f16fcacbdf5b7605b62cb4ca1042e5876a4505a2ffe1d7ac91679ead4ccc6989dfa7f2eda156e909c7cd17d51689924f2aa71619a44f7,2022-09-09 02:50:00,30,NO CONTROLS,NO CONTROLS,CLEAR,"DARKNESS, LIGHTED ROAD",PARKED MOTOR VEHICLE,DIVIDED - W/MEDIAN (NOT RAISED),STRAIGHT AND LEVEL,DRY,NO DEFECTS,INJURY AND / OR TOW DUE TO CRASH,"OVER $1,500",UNABLE TO DETERMINE,UNABLE TO DETERMINE,5500,S,ARCHER AVE,3,"REPORTED, NOT EVIDENT",1.0,0.0,0.0,0.0,1.0,0.0,0.0,2,6,9
e5314e624d666aaaf9d9260820fdeafc8fe1e3bd9eb964dc730546d23ec5f28068e319bc273f9bab981fd755353fe1bb31e5a08c790cf33a7d3fb61c73cc69d9,2019-01-18 16:10:00,15,NO CONTROLS,NO CONTROLS,CLEAR,DAYLIGHT,SIDESWIPE SAME DIRECTION,ALLEY,STRAIGHT AND LEVEL,DRY,UNKNOWN,NO INJURY / DRIVE AWAY,"$501 - $1,500",EXCEEDING AUTHORIZED SPEED LIMIT,UNABLE TO DETERMINE,907,N,CENTRAL AVE,2,NO INDICATION OF INJURY,0.0,0.0,0.0,0.0,0.0,2.0,0.0,16,6,1
9ca8c692c9902237dd4ffb73895a44b6bcaf0be8a836eb302a92671e551a60277a3e4859506568ef185a3500ec6ed2438de00509ad65adeeb4a314c4ce7b1b38,2023-10-27 02:45:00,30,NO CONTROLS,NO CONTROLS,RAIN,"DARKNESS, LIGHTED ROAD",FIXED OBJECT,NOT DIVIDED,STRAIGHT AND LEVEL,WET,UNKNOWN,INJURY AND / OR TOW DUE TO CRASH,"OVER $1,500",UNABLE TO DETERMINE,UNABLE TO DETERMINE,2906,N,PULASKI RD,1,NO INDICATION OF INJURY,0.0,0.0,0.0,0.0,0.0,1.0,0.0,2,6,10
368d0e7638048ed9d5f895e8b2ee047eaf5c3e5ee1bef199841e1d086ed9b863ebce464a74335e461b5171ef37ecd3177fa07188d061db3c287d371dd412288f,2022-10-15 14:15:00,30,NO CONTROLS,NO CONTROLS,CLEAR,DAYLIGHT,TURNING,PARKING LOT,STRAIGHT AND LEVEL,DRY,NO DEFECTS,NO INJURY / DRIVE AWAY,"$501 - $1,500",IMPROPER OVERTAKING/PASSING,PHYSICAL CONDITION OF DRIVER,1520,N,CICERO AVE,2,NO INDICATION OF INJURY,0.0,0.0,0.0,0.0,0.0,2.0,0.0,14,7,10
6796aeaae33960ed4720f1955f65e7e34bed4ae1a430ce5281424de8bc738b25a18dceba5a86944c946c371c32da9f21a028b58b69e0d71a6665db1a65923606,2020-01-09 14:30:00,20,NO CONTROLS,NO CONTROLS,RAIN,DAYLIGHT,REAR END,NOT DIVIDED,STRAIGHT AND LEVEL,WET,UNKNOWN,NO INJURY / DRIVE AWAY,"OVER $1,500",UNABLE TO DETERMINE,UNABLE TO DETERMINE,115,N,CALIFORNIA AVE,3,NO INDICATION OF INJURY,0.0,0.0,0.0,0.0,0.0,3.0,0.0,14,5,1
09d8ea674e3e7d045669984046566b9c1d9297fa0c705b853bb259e651583f792b29ebd2e050e0802386487f8645ba740a04b99b0d7064b18868f42deeb22158,2019-11-25 09:00:00,30,NO CONTROLS,NO CONTROLS,CLEAR,DAYLIGHT,SIDESWIPE SAME DIRECTION,DIVIDED - W/MEDIAN (NOT RAISED),STRAIGHT AND LEVEL,UNKNOWN,NO DEFECTS,NO INJURY / DRIVE AWAY,"$501 - $1,500",FAILING TO REDUCE SPEED TO AVOID CRASH,NOT APPLICABLE,29,E,87TH ST,2,NO INDICATION OF INJURY,0.0,0.0,0.0,0.0,0.0,2.0,0.0,9,2,11
77395d59ca92ec9b17d0866c96d8d12afc9da4d49da3b21e3173c998c122c4c5a8c11f5e24e50f0c4e22075e3eeaa6335112b6514215cf6f510a343e35c75e00,2020-01-07 18:54:00,30,NO CONTROLS,NO CONTROLS,CLEAR,"DARKNESS, LIGHTED ROAD",SIDESWIPE SAME DIRECTION,NOT DIVIDED,STRAIGHT AND LEVEL,DRY,NO DEFECTS,NO INJURY / DRIVE AWAY,$500 OR LESS,UNABLE TO DETERMINE,NOT APPLICABLE,1208,W,MADISON ST,2,NO INDICATION OF INJURY,0.0,0.0,0.0,0.0,0.0,2.0,0.0,18,3,1
98e21c4dd9435ecb8480fb826db760c1241b3afd74dc2811556edad02e99ba2174614a8bf14711766d0ed6580e1f31147cf30817d927c8a1feab28105b44166a,2019-05-27 17:30:00,30,NO CONTROLS,NO CONTROLS,RAIN,DAYLIGHT,PARKED MOTOR VEHICLE,PARKING LOT,STRAIGHT AND LEVEL,WET,NO DEFECTS,NO INJURY / DRIVE AWAY,"$501 - $1,500",IMPROPER BACKING,IMPROPER BACKING,1340,S,CANAL ST,2,NO INDICATION OF INJURY,0.0,0.0,0.0,0.0,0.0,1.0,0.0,17,2,5
9af59d6159c7fbc09676dd7de24d207354547503654aec0d10bcf1bdad51b5bafceedc8a1f33c2151849891f09ada4a88ba855592c3e36ce2cf0927421d43d07,2018-02-05 20:00:00,30,NO CONTROLS,NO CONTROLS,SNOW,DUSK,PARKED MOTOR VEHICLE,PARKING LOT,STRAIGHT AND LEVEL,SNOW OR SLUSH,UNKNOWN,NO INJURY / DRIVE AWAY,"$501 - $1,500",UNABLE TO DETERMINE,NOT APPLICABLE,2323,W,111TH ST,2,NO INDICATION OF INJURY,0.0,0.0,0.0,0.0,0.0,1.0,0.0,20,2,2
d31659fa425d298e796fed8a870a44d5437c978610334d093e6592f6a6a8b4a77c2373425afcc089362d5716324e148df73b753cc8e3c13d3c83db0b0152ec57,2021-03-31 17:08:00,15,NO CONTROLS,NO CONTROLS,CLEAR,DAYLIGHT,PARKED MOTOR VEHICLE,ONE-WAY,STRAIGHT AND LEVEL,DRY,NO DEFECTS,NO INJURY / DRIVE AWAY,"$501 - $1,500",IMPROPER LANE USAGE,UNABLE TO DETERMINE,9920,S,MAPLEWOOD AVE,2,NO INDICATION OF INJURY,0.0,0.0,0.0,0.0,0.0,1.0,0.0,17,4,3
743798454a2dd4b07cfd849553a4c1c3b33382c2d1b3e58b1f51a5a9d53d157fd510c49730730eb06096b2e4effcff50879e971ccfa639466b7a90e8a7612939,2024-04-04 00:43:00,30,NO CONTROLS,NO CONTROLS,CLEAR,UNKNOWN,PARKED MOTOR VEHICLE,DIVIDED - W/MEDIAN (NOT RAISED),STRAIGHT AND LEVEL,DRY,NO DEFECTS,INJURY AND / OR TOW DUE TO CRASH,"OVER $1,500",UNABLE TO DETERMINE,NOT APPLICABLE,10812,S,DR MARTIN LUTHER KING JR DR,3,NO INDICATION OF INJURY,0.0,0.0,0.0,0.0,0.0,1.0,0.0,0,5,4
54c0fc6e11e75865b57489162fee6a2062e588434f62fa0513417dffd2fa0448cade6d88d4f97e1b30b7abd620dd3299918b1327fe7489355d9ff4b8f1f14041,2018-04-18 07:20:00,30,NO CONTROLS,NO CONTROLS,UNKNOWN,UNKNOWN,PARKED MOTOR VEHICLE,NOT DIVIDED,STRAIGHT AND LEVEL,UNKNOWN,UNKNOWN,NO INJURY / DRIVE AWAY,"$501 - $1,500",UNABLE TO DETERMINE,UNABLE TO DETERMINE,3839,N,SHEFFIELD AVE,2,NO INDICATION OF INJURY,0.0,0.0,0.0,0.0,0.0,1.0,0.0,7,4,4
e354cdb4a37fad9ebc1a1e5dbefaf49fa9975f690b2ebb6ed123b2a7b3045c33faf220717dd0d448e5e1be6cf8f7637c12db5a236cbd8e9ed47189800bebc9d1,2016-02-04 12:08:00,30,NO CONTROLS,NO CONTROLS,CLEAR,DAYLIGHT,REAR END,ONE-WAY,STRAIGHT AND LEVEL,DRY,NO DEFECTS,INJURY AND / OR TOW DUE TO CRASH,"OVER $1,500",UNABLE TO DETERMINE,UNABLE TO DETERMINE,7100,S,MERRILL AVE,2,"REPORTED, NOT EVIDENT",1.0,0.0,0.0,0.0,1.0,2.0,0.0,12,5,2
b963f410fa18b817e29dbafd7cb12aac3b691ff4b2fb02a0df7700f77926775ea18a146942053cb523e9f3c0dd68e39ae0a96f6807af489422ec6fd93b407f37,2018-01-17 16:00:00,30,NO CONTROLS,NO CONTROLS,CLEAR,DAYLIGHT,PARKED MOTOR VEHICLE,ONE-WAY,STRAIGHT AND LEVEL,DRY,NO DEFECTS,NO INJURY / DRIVE AWAY,"OVER $1,500",NOT APPLICABLE,NOT APPLICABLE,3536,W,60TH PL,2,NO INDICATION OF INJURY,0.0,0.0,0.0,0.0,0.0,2.0,0.0,16,4,1
c44a2ea2fba01240bb13f55f3fa4294e08c1d3c8fe0596eef7b5752eeeee20a9bab39c30075fb7ae44dd8831d2f65aca81af71967589ae6ffbce25f1242e24ec,2019-04-27 20:13:00,30,STOP SIGN/FLASHER,FUNCTIONING PROPERLY,SNOW,"DARKNESS, LIGHTED ROAD",PEDESTRIAN,FOUR WAY,STRAIGHT AND LEVEL,SNOW OR SLUSH,NO DEFECTS,INJURY AND / OR TOW DUE TO CRASH,"OVER $1,500",FAILING TO YIELD RIGHT-OF-WAY,WEATHER,2929,N,SHEFFIELD AVE,2,NONINCAPACITATING INJURY,1.0,0.0,0.0,1.0,0.0,1.0,0.0,20,7,4
7380cf42babb4c605b36c4cb0efb0921d7c7a817a5c9a7689c4098166f0907897323fe3a9e18f46ffce6d7a273a9857bb0cbcfbbbe1094fa030fd173a5912b7c,2019-09-22 05:08:00,30,TRAFFIC SIGNAL,UNKNOWN,CLEAR,"DARKNESS, LIGHTED ROAD",REAR END,DIVIDED - W/MEDIAN (NOT RAISED),STRAIGHT AND LEVEL,WET,UNKNOWN,INJURY AND / OR TOW DUE TO CRASH,$500 OR LESS,FAILING TO REDUCE SPEED TO AVOID CRASH,NOT APPLICABLE,1,S,DAMEN AVE,2,"REPORTED, NOT EVIDENT",1.0,0.0,0.0,0.0,1.0,1.0,0.0,5,1,9
cabb0a079bad6f8e4dbb9a4b76835105c7e72edf9f572dadfb3fc3302d4dee01419cc49ef7efc3cfd1c8def13bc12120f50f79dbee4c6674e1ee024dc864230d,2021-09-11 20:10:00,25,STOP SIGN/FLASHER,FUNCTIONING PROPERLY,CLEAR,DARKNESS,PARKED MOTOR VEHICLE,ONE-WAY,STRAIGHT AND LEVEL,DRY,NO DEFECTS,NO INJURY / DRIVE AWAY,"OVER $1,500",UNABLE TO DETERMINE,UNABLE TO DETERMINE,9600,S,LEAVITT ST,2,NO INDICATION OF INJURY,0.0,0.0,0.0,0.0,0.0,1.0,0.0,20,7,9
48edd53cf7591b7b866e3b199aee9e82691ecd3ce4d09620d2634c18a06b9cf19111e63c0fe25710aa0e814675026007f4527ad564e13dc3de0e2d14a5d6ad64,2020-06-14 04:40:00,30,NO CONTROLS,NO CONTROLS,CLEAR,"DARKNESS, LIGHTED ROAD",FIXED OBJECT,NOT DIVIDED,STRAIGHT AND LEVEL,DRY,NO DEFECTS,INJURY AND / OR TOW DUE TO CRASH,"OVER $1,500",DRIVING ON WRONG SIDE/WRONG WAY,UNABLE TO DETERMINE,1606,S,PULASKI RD,1,NO INDICATION OF INJURY,0.0,0.0,0.0,0.0,0.0,1.0,0.0,4,1,6
d3bf6d521e19aca5ecb96d15426b64372e7a667f44e27670881612041d42d997823b8faad4e2c2c7d97ab767c9804d1ff921bfe15cc82a796707a2edf55c43fc,2024-01-05 16:19:00,30,TRAFFIC SIGNAL,FUNCTIONING PROPERLY,CLEAR,DUSK,SIDESWIPE SAME DIRECTION,DIVIDED - W/MEDIAN (NOT RAISED),STRAIGHT AND LEVEL,DRY,NO DEFECTS,NO INJURY / DRIVE AWAY,$500 OR LESS,UNABLE TO DETERMINE,NOT APPLICABLE,2199,N,ASHLAND AVE,2,NO INDICATION OF INJURY,0.0,0.0,0.0,0.0,0.0,3.0,0.0,16,6,1
e33c19e342fe65fd217a007aca4d2abd9fbb1bb1035c0e1af654d286351d44dba4c7425a991101de83430e1b9a95b6f5c53877b16281d5fb0d652cc3384c65e9,2024-02-03 18:10:00,30,TRAFFIC SIGNAL,FUNCTIONING PROPERLY,CLEAR,DUSK,TURNING,FOUR WAY,STRAIGHT AND LEVEL,DRY,NO DEFECTS,INJURY AND / OR TOW DUE TO CRASH,"OVER $1,500",FAILING TO YIELD RIGHT-OF-WAY,NOT APPLICABLE,11501,S,VINCENNES AVE,2,NO INDICATION OF INJURY,0.0,0.0,0.0,0.0,0.0,2.0,0.0,18,7,2
880c540d5e8f7b613b263012396b0f2bb7cdf07819d2929693ede0ff3424dadc1711a4da583e50d92f3bde15bf0f0a06a4db23550d25c75b1d67195c12d3e43a,2016-11-10 10:40:00,30,TRAFFIC SIGNAL,FUNCTIONING PROPERLY,CLEAR,DAYLIGHT,SIDESWIPE SAME DIRECTION,ONE-WAY,STRAIGHT AND LEVEL,DRY,NO DEFECTS,NO INJURY / DRIVE AWAY,"$501 - $1,500",FAILING TO YIELD RIGHT-OF-WAY,UNABLE TO DETERMINE,2555,N,PULASKI RD,2,NO INDICATION OF INJURY,0.0,0.0,0.0,0.0,0.0,2.0,0.0,10,5,11
ce245dab7ed0971fa126f65793713d36a3e8a17642aee691ede81906193770fda6dd28aad8f97177dd28aaa888fe136222de19ab66d3897f657be11d9aebc6c5,2023-07-22 18:30:00,30,NO CONTROLS,NO CONTROLS,CLEAR,DAYLIGHT,PARKED MOTOR VEHICLE,NOT DIVIDED,STRAIGHT AND LEVEL,DRY,NO DEFECTS,NO INJURY / DRIVE AWAY,"OVER $1,500",IMPROPER TURNING/NO SIGNAL,UNABLE TO DETERMINE,1520,S,PEORIA ST,2,NO INDICATION OF INJURY,0.0,0.0,0.0,0.0,0.0,1.0,0.0,18,7,7
16145e1a5f904c74cec7880e46df6948092ec51d3f1bae3707e3cd15ffeeb4a30d728a8e5100fb38089324010ce754487e9482952a885edb6e9ec43e1c66dd0f,2017-08-07 03:24:00,30,NO CONTROLS,NO CONTROLS,CLEAR,DARKNESS,REAR END,NOT DIVIDED,STRAIGHT AND LEVEL,DRY,NO DEFECTS,NO INJURY / DRIVE AWAY,$500 OR LESS,UNABLE TO DETERMINE,UNABLE TO DETERMINE,661,N,AUSTIN BLVD,2,NO INDICATION OF INJURY,0.0,0.0,0.0,0.0,0.0,2.0,0.0,3,2,8
197fbd4d984d79593fad72700425f36bca8ec435bfa8abc657cacbb9c8fb88cbc28ab08bb2420a02ce07469aadb800490e1b1205d384834099c7d075f5f8d6da,2021-04-18 10:15:00,25,NO CONTROLS,NO CONTROLS,CLEAR,DAYLIGHT,SIDESWIPE SAME DIRECTION,NOT DIVIDED,STRAIGHT AND LEVEL,DRY,NO DEFECTS,INJURY AND / OR TOW DUE TO CRASH,"OVER $1,500",FAILING TO YIELD RIGHT-OF-WAY,DRIVING SKILLS/KNOWLEDGE/EXPERIENCE,5516,S,WABASH AVE,2,NO INDICATION OF INJURY,0.0,0.0,0.0,0.0,0.0,2.0,0.0,10,1,4
5321b9e264a0630aab3879d52e2a891849d1bab0427d6af3aabab4eac39609053e2af599c8d5a1cb92212c4775539c0db6225ecf43383907f19ac6ae556cf725,2019-08-07 20:10:00,30,NO CONTROLS,NO CONTROLS,CLEAR,"DARKNESS, LIGHTED ROAD",SIDESWIPE SAME DIRECTION,NOT DIVIDED,STRAIGHT AND LEVEL,DRY,NO DEFECTS,NO INJURY / DRIVE AWAY,"OVER $1,500",IMPROPER BACKING,NOT APPLICABLE,200,N,COLUMBUS DR,2,NO INDICATION OF INJURY,0.0,0.0,0.0,0.0,0.0,2.0,0.0,20,4,8
2f458a40d12e9f014b20d9025beee351fafe4454048caf305f5fd45fae5733e5582c299957517169944eeb5c278c7fc04590a1712c4b8a9689049ea10a1aa7e8,2022-04-03 16:14:00,30,NO CONTROLS,NO CONTROLS,CLEAR,DAYLIGHT,OTHER NONCOLLISION,ONE-WAY,STRAIGHT AND LEVEL,DRY,NO DEFECTS,NO INJURY / DRIVE AWAY,"$501 - $1,500",UNABLE TO DETERMINE,UNABLE TO DETERMINE,135,W,KINZIE ST,1,NO INDICATION OF INJURY,0.0,0.0,0.0,0.0,0.0,1.0,0.0,16,1,4
204c115b0712a2827c71fa2b89eb50882ce0aa3f14972b4921748acd71594bcf92e2d6d7b51cdd5f7910bbcf7f5c317c7cf6e70bdc310cd923313dd67ee971cc,2023-05-11 05:42:00,25,NO CONTROLS,NO CONTROLS,CLEAR,DAYLIGHT,SIDESWIPE SAME DIRECTION,ONE-WAY,STRAIGHT AND LEVEL,DRY,UNKNOWN,NO INJURY / DRIVE AWAY,"OVER $1,500",UNABLE TO DETERMINE,UNABLE TO DETERMINE,3567,W,27TH ST,2,NO INDICATION OF INJURY,0.0,0.0,0.0,0.0,0.0,2.0,0.0,5,5,5
d5fa493d9a0924f4980d32cb0c874ac26f86ed1e6e73eec685e36afec76ef8f13dd4bcef8938e7c3d13df5885dcd1f79e28bd73a0282ca0255544864fb66c085,2022-03-22 17:11:00,15,NO CONTROLS,NO CONTROLS,CLEAR,DUSK,FIXED OBJECT,ALLEY,STRAIGHT AND LEVEL,DRY,NO DEFECTS,INJURY AND / OR TOW DUE TO CRASH,"OVER $1,500",UNABLE TO DETERMINE,NOT APPLICABLE,5231,W,CONGRESS PKWY,1,"REPORTED, NOT EVIDENT",1.0,0.0,0.0,0.0,1.0,0.0,0.0,17,3,3
d4418b649f971acb9ca7a5108cf351922c345391986f7b35a5b0d65dccff30860c99a7c16394ccaf2cec390a204fe6671c48ad40e484078940ccff565a38dd24,2018-10-22 21:10:00,30,STOP SIGN/FLASHER,NO CONTROLS,CLEAR,"DARKNESS, LIGHTED ROAD",HEAD ON,DIVIDED - W/MEDIAN (NOT RAISED),STRAIGHT AND LEVEL,DRY,NO DEFECTS,NO INJURY / DRIVE AWAY,"$501 - $1,500",FAILING TO YIELD RIGHT-OF-WAY,NOT APPLICABLE,6900,W,BLOOMINGDALE AVE,2,NO INDICATION OF INJURY,0.0,0.0,0.0,0.0,0.0,2.0,0.0,21,2,10
96cd6310035bf351746f1c316909a933d84c260217cb5220ee63bdcc54b09f6a2d46e16dc6c8a430201870a5921d87c77400124c68ac9ee64c8dc4fe3896217e,2018-08-18 12:30:00,30,NO CONTROLS,NO CONTROLS,CLEAR,DAYLIGHT,PARKED MOTOR VEHICLE,ONE-WAY,STRAIGHT AND LEVEL,DRY,NO DEFECTS,NO INJURY / DRIVE AWAY,"OVER $1,500",UNABLE TO DETERMINE,NOT APPLICABLE,5959,N,MAGNOLIA AVE,2,NO INDICATION OF INJURY,0.0,0.0,0.0,0.0,0.0,1.0,0.0,12,7,8
ff716cb9eb710775b094cffb8afe9b1b8a1ac27a29edbb8dabe9035c6567a2dc107d111f9d214469a29dce3bd38acb50c8367b79f3a26ab655bf491d2352fd1f,2021-09-03 21:20:00,30,TRAFFIC SIGNAL,FUNCTIONING PROPERLY,CLEAR,"DARKNESS, LIGHTED ROAD",TURNING,DIVIDED - W/MEDIAN BARRIER,STRAIGHT AND LEVEL,DRY,NO DEFECTS,NO INJURY / DRIVE AWAY,"OVER $1,500",IMPROPER TURNING/NO SIGNAL,UNABLE TO DETERMINE,500,S,MICHIGAN AVE,2,NO INDICATION OF INJURY,0.0,0.0,0.0,0.0,0.0,2.0,0.0,21,6,9
a7b047eb79224291badb88b6e480cbbcf784cbafe525780dabd1ea7985665b623a6e5a81d3afe643e753c2774ac15f671d38dbffc3635b7169f0458bf0123bcb,2020-01-04 16:46:00,30,NO CONTROLS,NO CONTROLS,CLEAR,"DARKNESS, LIGHTED ROAD",ANGLE,DIVIDED - W/MEDIAN (NOT RAISED),STRAIGHT AND LEVEL,DRY,NO DEFECTS,NO INJURY / DRIVE AWAY,"OVER $1,500",UNABLE TO DETERMINE,NOT APPLICABLE,5300,S,WESTERN AVE,2,NO INDICATION OF INJURY,0.0,0.0,0.0,0.0,0.0,2.0,0.0,16,7,1
af29753ab01d865baf2031bacecc329953fc9532877874914ffbcd7aa769dd2a3f31d612a5fddacaaac34ebe0521eb7bf8b0c01f23da25ffd34f566a9624c49b,2017-06-13 18:40:00,30,STOP SIGN/FLASHER,NO CONTROLS,CLEAR,DAYLIGHT,ANGLE,NOT DIVIDED,STRAIGHT AND LEVEL,DRY,NO DEFECTS,NO INJURY / DRIVE AWAY,"OVER $1,500",UNABLE TO DETERMINE,NOT APPLICABLE,2401,E,100TH ST,2,NO INDICATION OF INJURY,0.0,0.0,0.0,0.0,0.0,5.0,0.0,18,3,6
ab774012e27be2da6c49aae28b8c6efc9ed12e22d1022128da8af5127fbd536b01d5345299cd6d8e0c5d6cf1b36d0e5dafcce5740b0537c8250ea9e9b4855a52,2017-07-18 08:10:00,30,TRAFFIC SIGNAL,FUNCTIONING PROPERLY,CLEAR,DAYLIGHT,TURNING,NOT DIVIDED,STRAIGHT AND LEVEL,DRY,NO DEFECTS,NO INJURY / DRIVE AWAY,"$501 - $1,500",UNABLE TO DETERMINE,UNABLE TO DETERMINE,4300,S,WENTWORTH AVE,2,NO INDICATION OF INJURY,0.0,0.0,0.0,0.0,0.0,2.0,0.0,8,3,7
fa6c3251002f7ca1a85d508776f54264fb490fd8dbad91cd11696d71d5352d28bc1f8188e59b202c523c489d1169539c66944fedbf98fe852d323b9ff2d8a74c,2018-01-23 18:02:00,30,NO CONTROLS,NO CONTROLS,CLEAR,"DARKNESS, LIGHTED ROAD",PARKED MOTOR VEHICLE,ONE-WAY,STRAIGHT AND LEVEL,DRY,NO DEFECTS,NO INJURY / DRIVE AWAY,$500 OR LESS,UNABLE TO DETERMINE,NOT APPLICABLE,1017,W,DICKENS AVE,2,NO INDICATION OF INJURY,0.0,0.0,0.0,0.0,0.0,1.0,0.0,18,3,1
c6f2d2f2b42ffca1d9f650b59428488cfb5d17f58af86d5e32fffc29889282d9d0af7e479b0f7fe1e06067a8898819d1b0d373d5c8d5913bb43a74d183982179,2016-12-18 08:00:00,15,STOP SIGN/FLASHER,FUNCTIONING PROPERLY,SNOW,DAYLIGHT,REAR END,NOT DIVIDED,STRAIGHT AND LEVEL,UNKNOWN,UNKNOWN,NO INJURY / DRIVE AWAY,"OVER $1,500",UNABLE TO DETERMINE,NOT APPLICABLE,2630,N,NARRAGANSETT AVE,2,NO INDICATION OF INJURY,0.0,0.0,0.0,0.0,0.0,2.0,0.0,8,1,12
3f2a66ff7c1e5be49546b9737bfc53f08e56487d970520f5fd5efce282e97c74e0639a1010360a9c5cf96f2a556bbf0002fe3f74516c343f79ca6d43bfad60ec,2021-05-10 13:33:00,30,NO CONTROLS,NO CONTROLS,CLEAR,DAYLIGHT,HEAD ON,NOT DIVIDED,STRAIGHT AND LEVEL,DRY,NO DEFECTS,NO INJURY / DRIVE AWAY,"OVER $1,500",DRIVING ON WRONG SIDE/WRONG WAY,PHYSICAL CONDITION OF DRIVER,4417,N,NARRAGANSETT AVE,2,NO INDICATION OF INJURY,0.0,0.0,0.0,0.0,0.0,3.0,0.0,13,2,5
d6423a909bfc153d6b3e1e750634639d2d4908fdca5ba1ce7d51001fd54ba13d079deb65456a406dadb9831d3f7dd11a6c48a67340c252de085e7f2d768e783a,2023-05-18 07:00:00,20,UNKNOWN,UNKNOWN,CLEAR,DAYLIGHT,PARKED MOTOR VEHICLE,NOT DIVIDED,STRAIGHT AND LEVEL,UNKNOWN,UNKNOWN,NO INJURY / DRIVE AWAY,"OVER $1,500",UNABLE TO DETERMINE,NOT APPLICABLE,7041,N,RAVENSWOOD AVE,2,NO INDICATION OF INJURY,0.0,0.0,0.0,0.0,0.0,1.0,0.0,7,5,5
5b2d14d362b178f204a75e3cbbfb43766b89a14c504db6f4ee4b6e29609ab482d44f3fe7c0a41e4c0062ced8f5c030e93d11ac728207da85ff3eb50d66dd2719,2024-02-25 11:00:00,30,NO CONTROLS,NO CONTROLS,CLEAR,DAYLIGHT,TURNING,NOT DIVIDED,STRAIGHT AND LEVEL,DRY,NO DEFECTS,NO INJURY / DRIVE AWAY,"$501 - $1,500",UNABLE TO DETERMINE,NOT APPLICABLE,2526,W,PRATT BLVD,2,NO INDICATION OF INJURY,0.0,0.0,0.0,0.0,0.0,2.0,0.0,11,1,2