CRASH_RECORD_ID,CRASH_DATE,POSTED_SPEED_LIMIT,TRAFFIC_CONTROL_DEVICE,DEVICE_CONDITION,WEATHER_CONDITION,LIGHTING_CONDITION,FIRST_CRASH_TYPE,TRAFFICWAY_TYPE,ALIGNMENT,ROADWAY_SURFACE_COND,ROAD_DEFECT,CRASH_TYPE,DAMAGE,PRIM_CONTRIBUTORY_CAUSE,SEC_CONTRIBUTORY_CAUSE,STREET_NO,STREET_DIRECTION,STREET_NAME,NUM_UNITS,MOST_SEVERE_INJURY,INJURIES_TOTAL,INJURIES_FATAL,INJURIES_INCAPACITATING,INJURIES_NON_INCAPACITATING,INJURIES_REPORTED_NOT_EVIDENT,INJURIES_NO_INDICATION,INJURIES_UNKNOWN,CRASH_HOUR,CRASH_DAY_OF_WEEK,CRASH_MONTH
e3def239a61dadacde7ef041ee8bdedfd8fc0e15b833e603562b66ed06e6c5d15c534ad012067383c091c3da12d9ff03593ffa7ea1525e928e9ae0a9e089b312,2022-09-24 01:30:00,30,NO CONTROLS,NO CONTROLS,OTHER,DARKNESS,TURNING,FOUR WAY,STRAIGHT AND LEVEL,WET,NO DEFECTS,INJURY AND / OR TOW DUE TO CRASH,"OVER $1,500",IMPROPER TURNING/NO SIGNAL,NOT APPLICABLE,1440,N,PULASKI RD,2,NO INDICATION OF INJURY,0.0,0.0,0.0,0.0,0.0,2.0,0.0,1,7,9
aa2823218842f9fbfe9a2cdcfb48be096cfd780574996dffdf1cf23251e029a2a886930eeee3a8b6ad41526d6bf7fc207bf0dc4ca1b9aad54397bbd7c58ec9fe,2022-12-16 16:15:00,30,NO CONTROLS,NO CONTROLS,CLOUDY/OVERCAST,DAYLIGHT,TURNING,NOT DIVIDED,STRAIGHT AND LEVEL,WET,NO DEFECTS,NO INJURY / DRIVE AWAY,$500 OR LESS,WEATHER,NOT APPLICABLE,2500,N,CICERO AVE,2,NO INDICATION OF INJURY,0.0,0.0,0.0,0.0,0.0,2.0,0.0,16,6,12
55cadb27ac6655788e9e2fc629f430397117e6a82d6ce719055973f77987c7e2c8dc4a1e3832b2b56a4c9268b2ce60e752da11f0a2b21348dee696375af2de27,2019-08-29 05:39:00,30,NO CONTROLS,NO CONTROLS,CLEAR,"DARKNESS, LIGHTED ROAD",SIDESWIPE SAME DIRECTION,DIVIDED - W/MEDIAN BARRIER,STRAIGHT AND LEVEL,DRY,NO DEFECTS,INJURY AND / OR TOW DUE TO CRASH,"OVER $1,500",FAILING TO YIELD RIGHT-OF-WAY,"VISION OBSCURED (SIGNS, TREE LIMBS, BUILDINGS, ETC.)",50,N,LOWER WACKER DR,2,NO INDICATION OF INJURY,0.0,0.0,0.0,0.0,0.0,2.0,0.0,5,5,8
a705a40ba01b2b90921fe1ce36e27a1b7748dba3fb1253743ef3b8aa57cd4a71a5f9193c856e3cdebd0470b49910e04816117dd0f42cef16cb3f40c07b7cac8d,2019-12-16 13:00:00,15,NO CONTROLS,NO CONTROLS,CLEAR,DAYLIGHT,PARKED MOTOR VEHICLE,NOT DIVIDED,STRAIGHT AND LEVEL,DRY,NO DEFECTS,NO INJURY / DRIVE AWAY,"$501 - $1,500",UNABLE TO DETERMINE,UNABLE TO DETERMINE,1565,N,HALSTED ST,2,NO INDICATION OF INJURY,0.0,0.0,0.0,0.0,0.0,2.0,0.0,13,2,12
27a99fa355d98119d0eff4ea7f952faae5e8423fb6727b2e4f9c879c7e583b6e2cf1410fe265ba949ddd1e24cfc8bde819b9ae1b5b7887bc36250193576eae04,2021-10-29 13:50:00,20,TRAFFIC SIGNAL,FUNCTIONING PROPERLY,RAIN,DAYLIGHT,REAR END,NOT DIVIDED,STRAIGHT AND LEVEL,WET,NO DEFECTS,NO INJURY / DRIVE AWAY,"OVER $1,500",UNABLE TO DETERMINE,NOT APPLICABLE,7511,S,SOUTH SHORE DR,2,NO INDICATION OF INJURY,0.0,0.0,0.0,0.0,0.0,2.0,0.0,13,6,10
3b17a04c0d032beebd1d818fb831161a23ef343f5b13881d0014bc56198bc8482c9e65befc472b848cd13bf368315fd6ea2099072283a9e9fd433cdaf932d30d,2018-04-08 12:59:00,30,NO CONTROLS,NO CONTROLS,CLEAR,DAYLIGHT,PARKED MOTOR VEHICLE,NOT DIVIDED,STRAIGHT AND LEVEL,DRY,NO DEFECTS,NO INJURY / DRIVE AWAY,"$501 - $1,500",IMPROPER BACKING,NOT APPLICABLE,648,W,SHERIDAN RD,2,NO INDICATION OF INJURY,0.0,0.0,0.0,0.0,0.0,1.0,0.0,12,1,4
abd13491e14ee3fe7e20a57c77f673d599ee01f7858229539c95379d95076c70317b0ee57bee64ece00d0ebc5de72ccb7a220aeafd53b94583920633813f8fd2,2019-03-12 07:50:00,30,NO CONTROLS,NO CONTROLS,CLEAR,DAYLIGHT,REAR END,NOT DIVIDED,STRAIGHT AND LEVEL,DRY,NO DEFECTS,NO INJURY / DRIVE AWAY,$500 OR LESS,UNABLE TO DETERMINE,NOT APPLICABLE,3749,N,ASHLAND AVE,2,NO INDICATION OF INJURY,0.0,0.0,0.0,0.0,0.0,2.0,0.0,7,3,3
2780b832f97c687c1b0ca58f8b09d277c100d4c71b186299308e35827afc4673c108b71ad1c04d4c6f3814e266aa61949ef5bca5a8e3ceab87d68a6de9fa4798,2018-08-28 22:45:00,35,TRAFFIC SIGNAL,FUNCTIONING PROPERLY,RAIN,"DARKNESS, LIGHTED ROAD",REAR END,ONE-WAY,STRAIGHT AND LEVEL,WET,NO DEFECTS,INJURY AND / OR TOW DUE TO CRASH,"OVER $1,500",FAILING TO REDUCE SPEED TO AVOID CRASH,FOLLOWING TOO CLOSELY,9059,S,LAFAYETTE AVE,2,NONINCAPACITATING INJURY,2.0,0.0,0.0,2.0,0.0,2.0,0.0,22,3,8
126341e96f6e496d0424640c94d5663c9a42335d9f4e80cfb24cf3fdf56b77a10d1cb81f387faa3c89fd7b15e4142d94245f7508f723c69b036bd75b37bcd7f8,2023-08-11 10:46:00,30,TRAFFIC SIGNAL,FUNCTIONING PROPERLY,CLEAR,DAYLIGHT,TURNING,FOUR WAY,STRAIGHT AND LEVEL,DRY,UNKNOWN,NO INJURY / DRIVE AWAY,"$501 - $1,500",UNABLE TO DETERMINE,UNABLE TO DETERMINE,6900,S,WENTWORTH AVE,2,NO INDICATION OF INJURY,0.0,0.0,0.0,0.0,0.0,3.0,0.0,10,6,8
87cb9e33314398dcd346716d208a438d1a97843d42505e11e8b9a2db2bb19c46ae6293cb13852292969b286ba1c87da8489d2bb34ceb6d60930e99bd6191558b,2023-07-06 08:35:00,25,NO CONTROLS,NO CONTROLS,CLEAR,DAYLIGHT,SIDESWIPE SAME DIRECTION,ONE-WAY,STRAIGHT AND LEVEL,DRY,UNKNOWN,INJURY AND / OR TOW DUE TO CRASH,"OVER $1,500",UNABLE TO DETERMINE,NOT APPLICABLE,2501,W,AINSLIE ST,2,NO INDICATION OF INJURY,0.0,0.0,0.0,0.0,0.0,2.0,0.0,8,5,7
b67adb384bd99e4d684aafa3a69b927febd1ca1b6ad2000606e298b7bb1ee11dbb15c313fa5650b8adf09658aa6fd7f15097021d2933dd785d5a63638354bb68,2019-05-28 15:15:00,30,NO CONTROLS,NO CONTROLS,RAIN,DAYLIGHT,REAR END,ONE-WAY,STRAIGHT AND LEVEL,WET,NO DEFECTS,NO INJURY / DRIVE AWAY,"$501 - $1,500",UNABLE TO DETERMINE,NOT APPLICABLE,550,W,RANDOLPH ST,2,NO INDICATION OF INJURY,0.0,0.0,0.0,0.0,0.0,2.0,0.0,15,3,5
34c91b4bd28e55f6fbcc71cdba1ea440b1ecd387303f1735efb9484b7dfb7679b28d84b3de305f3bb6b71bcfdf0361833d6940a4250d66cc01073132ebe8d6c0,2024-02-17 17:00:00,30,NO CONTROLS,NO CONTROLS,CLEAR,DUSK,TURNING,DIVIDED - W/MEDIAN BARRIER,STRAIGHT AND LEVEL,DRY,NO DEFECTS,NO INJURY / DRIVE AWAY,"OVER $1,500",FAILING TO REDUCE SPEED TO AVOID CRASH,NOT APPLICABLE,11731,S,AVENUE O,2,NO INDICATION OF INJURY,0.0,0.0,0.0,0.0,0.0,3.0,0.0,17,7,2
82c92a1f09e0fe0d0bf938bb9e6d9e42feb2e9696917797f83fbdbdb753f57ac07c075367e6238952fd011d9570f212e5e3c6176de8fdfb96c8f332cf8084b2b,2023-08-23 12:55:00,30,TRAFFIC SIGNAL,FUNCTIONING PROPERLY,CLEAR,DAYLIGHT,TURNING,ONE-WAY,STRAIGHT AND LEVEL,DRY,UNKNOWN,NO INJURY / DRIVE AWAY,"$501 - $1,500",DRIVING SKILLS/KNOWLEDGE/EXPERIENCE,DRIVING SKILLS/KNOWLEDGE/EXPERIENCE,459,S,DEARBORN ST,2,NO INDICATION OF INJURY,0.0,0.0,0.0,0.0,0.0,2.0,0.0,12,4,8
369070fcd1925ef2b24b50cc2a45388bc908d854b9f3be0ddff2408790bf3863a23532531a0fa5d2ce315c88670deb9cadd55b1b5c0ee91dcc9905c80e37a5dc,2018-12-04 07:10:00,20,STOP SIGN/FLASHER,FUNCTIONING PROPERLY,SNOW,DAYLIGHT,PEDESTRIAN,NOT DIVIDED,STRAIGHT AND LEVEL,WET,NO DEFECTS,INJURY AND / OR TOW DUE TO CRASH,$500 OR LESS,DRIVING SKILLS/KNOWLEDGE/EXPERIENCE,NOT APPLICABLE,7345,W,TOUHY AVE,2,NONINCAPACITATING INJURY,1.0,0.0,0.0,1.0,0.0,1.0,0.0,7,3,12
f7e825da89814fc17aefbe0d74b519b21a37528f66b724d422238da711c828ac30262956f7c71d674b8f6a9963a2ea47674a3d2e77b35bb3f2f0899ccb1d3a10,2020-10-15 12:09:00,30,NO CONTROLS,NO CONTROLS,CLEAR,DAYLIGHT,REAR END,ONE-WAY,STRAIGHT AND LEVEL,DRY,NO DEFECTS,NO INJURY / DRIVE AWAY,$500 OR LESS,IMPROPER BACKING,UNABLE TO DETERMINE,3860,W,OGDEN AVE,2,NO INDICATION OF INJURY,0.0,0.0,0.0,0.0,0.0,2.0,0.0,12,5,10
6b789551908cd489d3200a0b7cf587eb0363c0351c1945ad9a0d2a6fa4c29f1dbf81490d9abcacf9006002e37de02aab49198a19e84e732b067cb259bd50e5c1,2019-07-13 05:00:00,30,NO CONTROLS,NO CONTROLS,CLEAR,DAWN,PARKED MOTOR VEHICLE,NOT DIVIDED,STRAIGHT AND LEVEL,DRY,NO DEFECTS,INJURY AND / OR TOW DUE TO CRASH,"OVER $1,500",UNABLE TO DETERMINE,NOT APPLICABLE,315,W,115TH ST,3,NO INDICATION OF INJURY,0.0,0.0,0.0,0.0,0.0,1.0,0.0,5,7,7
02c2ac25914ba5a5e11e92cb3b747a0f35eaa75189637dc1d2034df06f6b144bd5bc40eb1853e4dd769e6d999203717a5a2b1d8a5f5f2d5844056b4f9a77b0e4,2023-05-10 14:03:00,25,NO CONTROLS,NO CONTROLS,CLEAR,DAYLIGHT,ANGLE,ONE-WAY,STRAIGHT AND LEVEL,DRY,NO DEFECTS,INJURY AND / OR TOW DUE TO CRASH,"$501 - $1,500",FAILING TO YIELD RIGHT-OF-WAY,FAILING TO REDUCE SPEED TO AVOID CRASH,5517,N,KENMORE AVE,2,NO INDICATION OF INJURY,0.0,0.0,0.0,0.0,0.0,2.0,0.0,14,4,5
1d56e4ec2ea18d58d11e191fe9d650485b0d1ccc23adf6cb4de30c8c89879708cec902ec971a32cbc784f5cd40ef1b5ec97b397485152fb567b1e84ff03d945b,2023-08-05 02:40:00,30,UNKNOWN,UNKNOWN,CLEAR,UNKNOWN,PEDALCYCLIST,ONE-WAY,STRAIGHT AND LEVEL,DRY,UNKNOWN,INJURY AND / OR TOW DUE TO CRASH,"OVER $1,500",UNABLE TO DETERMINE,UNABLE TO DETERMINE,2918,W,PALMER ST,2,NONINCAPACITATING INJURY,1.0,0.0,0.0,1.0,0.0,1.0,0.0,2,7,8
8c74b11fac00c04b8d1a1445837905375c9b6d12dd8b448e72f1a0b9348ed16f3a8f8646fbbf116ca1ac80313276872c0bf9854e9fb152c0ecd5e0064b3e0913,2021-09-14 08:30:00,30,STOP SIGN/FLASHER,FUNCTIONING PROPERLY,CLEAR,DAYLIGHT,REAR END,FOUR WAY,STRAIGHT AND LEVEL,DRY,NO DEFECTS,NO INJURY / DRIVE AWAY,"OVER $1,500",UNABLE TO DETERMINE,UNABLE TO DETERMINE,1700,W,POLK ST,2,NO INDICATION OF INJURY,0.0,0.0,0.0,0.0,0.0,2.0,0.0,8,3,9
086ccea4e94aacf2cc8cf6ed0df94323b8fab8232b2bfda358043cc080b17ea9370e101bf501e622f965aef60db97072b10c4d6f0bd0b7d4a7c1e01fb814a79e,2021-09-07 10:11:00,15,NO CONTROLS,NO CONTROLS,CLEAR,DAYLIGHT,PARKED MOTOR VEHICLE,OTHER,STRAIGHT AND LEVEL,DRY,NO DEFECTS,NO INJURY / DRIVE AWAY,"OVER $1,500",UNABLE TO DETERMINE,NOT APPLICABLE,1100,S,HAMILTON AVE,2,NO INDICATION OF INJURY,0.0,0.0,0.0,0.0,0.0,1.0,0.0,10,3,9
3309f990d5d1eca5f30d96c8841c982562b66c875bcf59ab7efccda53657349345b8797445645a7692152e5adc35d795207f6cf486d87e87a519d08db7e3f50f,2022-02-02 10:24:00,30,UNKNOWN,NO CONTROLS,SNOW,DAYLIGHT,SIDESWIPE SAME DIRECTION,NOT DIVIDED,STRAIGHT AND LEVEL,SNOW OR SLUSH,NO DEFECTS,NO INJURY / DRIVE AWAY,"OVER $1,500",UNABLE TO DETERMINE,NOT APPLICABLE,3500,S,CALIFORNIA AVE,2,NO INDICATION OF INJURY,0.0,0.0,0.0,0.0,0.0,2.0,0.0,10,4,2
265632d70e4194e3939ff36ea09d91691a8ad91c81ce2b43f6ee207ffda0620a51e3b2e311ef051ca8a9b5be20d74e0727865cbb4f2ccc4f96a12a823d4f7deb,2018-05-27 08:45:00,30,TRAFFIC SIGNAL,FUNCTIONING PROPERLY,CLEAR,DAYLIGHT,ANGLE,DIVIDED - W/MEDIAN (NOT RAISED),STRAIGHT AND LEVEL,DRY,UNKNOWN,INJURY AND / OR TOW DUE TO CRASH,"OVER $1,500",DISREGARDING TRAFFIC SIGNALS,DISREGARDING TRAFFIC SIGNALS,6301,S,HALSTED ST,3,INCAPACITATING INJURY,3.0,0.0,2.0,1.0,0.0,1.0,0.0,8,1,5
c5c0c796cfb3cbac984fe582ec3328f835dc393a5959d54709d63eef1fbdacdc5fb16fbee0beb557f44331d11557f6adaaa1ef1dd792d87c677c8d2c3ecef6c5,2020-12-31 20:00:00,30,NO CONTROLS,NO CONTROLS,CLEAR,"DARKNESS, LIGHTED ROAD",PARKED MOTOR VEHICLE,DIVIDED - W/MEDIAN (NOT RAISED),STRAIGHT AND LEVEL,DRY,NO DEFECTS,NO INJURY / DRIVE AWAY,"OVER $1,500",UNABLE TO DETERMINE,NOT APPLICABLE,5300,W,DIVERSEY AVE,2,NO INDICATION OF INJURY,0.0,0.0,0.0,0.0,0.0,1.0,0.0,20,5,12
4588916f37fafdf7b03f8b67b1af4aefb83fd5be8a468f53ca35a531ae99d405950c47373cfd703aa8f678358eb2185fc80d23f0ea6d43c40626598275a9f4e7,2023-05-24 22:00:00,30,TRAFFIC SIGNAL,FUNCTIONING PROPERLY,CLEAR,DUSK,PARKED MOTOR VEHICLE,NOT DIVIDED,STRAIGHT AND LEVEL,DRY,NO DEFECTS,NO INJURY / DRIVE AWAY,"OVER $1,500",NOT APPLICABLE,NOT APPLICABLE,751,N,FRANKLIN ST,2,NO INDICATION OF INJURY,0.0,0.0,0.0,0.0,0.0,2.0,0.0,22,4,5
e67197bfd66951bed5441891bda9acf2f26ad7386025ab1e74e1a9b8a54f3e6fe064594140e346114c4c2b97fcacfbfb75e58adaafb3382d359323835c043317,2018-12-22 12:19:00,35,NO CONTROLS,NO CONTROLS,CLEAR,DAYLIGHT,TURNING,NOT DIVIDED,STRAIGHT AND LEVEL,DRY,NO DEFECTS,NO INJURY / DRIVE AWAY,"OVER $1,500",DISREGARDING STOP SIGN,UNABLE TO DETERMINE,2223,S,CALIFORNIA AVE,2,NO INDICATION OF INJURY,0.0,0.0,0.0,0.0,0.0,3.0,0.0,12,7,12
4d63984a0714e26694013f3966b78402b5624179af780c609b918912130f68a33fe281cbaf9fb1a331161911118aee368e4206cdf9c81d357924b05d4b36c777,2024-04-18 20:45:00,30,NO CONTROLS,NO CONTROLS,RAIN,"DARKNESS, LIGHTED ROAD",REAR END,DIVIDED - W/MEDIAN (NOT RAISED),STRAIGHT AND LEVEL,WET,NO DEFECTS,INJURY AND / OR TOW DUE TO CRASH,"OVER $1,500",FAILING TO REDUCE SPEED TO AVOID CRASH,UNABLE TO DETERMINE,8700,S,CALUMET AVE,2,"REPORTED, NOT EVIDENT",1.0,0.0,0.0,0.0,1.0,3.0,0.0,20,5,4
259dc53de413a89e5364837223911883d11c6e69041b7f4a10f6db9cc0274ec348d9c6cce79e9c53454da04f136f50794b2081b16f417d31554dd1ba21f57ce8,2022-06-23 15:35:00,30,NO CONTROLS,NO CONTROLS,CLEAR,DAYLIGHT,PARKED MOTOR VEHICLE,ONE-WAY,STRAIGHT AND LEVEL,DRY,UNKNOWN,INJURY AND / OR TOW DUE TO CRASH,"OVER $1,500",UNABLE TO DETERMINE,UNABLE TO DETERMINE,2140,S,HARDING AVE,2,NO INDICATION OF INJURY,0.0,0.0,0.0,0.0,0.0,1.0,0.0,15,5,6
525fcf8ba0367c5d86c266c48c21b42ca94212155ce6d145f22b9e392983d3d0c677c8a926c4a5e74b0ccf90b481d563cc6b462bae55b261e1cdaa53763a3ca5,2018-09-27 08:30:00,30,STOP SIGN/FLASHER,FUNCTIONING PROPERLY,CLEAR,DAYLIGHT,ANGLE,DIVIDED - W/MEDIAN (NOT RAISED),STRAIGHT AND LEVEL,DRY,NO DEFECTS,INJURY AND / OR TOW DUE TO CRASH,"OVER $1,500",FAILING TO YIELD RIGHT-OF-WAY,NOT APPLICABLE,8000,S,ASHLAND AVE,2,NO INDICATION OF INJURY,0.0,0.0,0.0,0.0,0.0,2.0,0.0,8,5,9
4d0abca2ee5739af053e668edc9720bdd70520911e88ebdde1384e2b8eb3b536be80d1a499b509be8798588e748eff376b1064ad81ebb372a02c3c65a73cb1ab,2023-02-26 06:00:00,30,NO CONTROLS,NO CONTROLS,CLEAR,DAYLIGHT,PEDESTRIAN,ONE-WAY,STRAIGHT AND LEVEL,DRY,NO DEFECTS,INJURY AND / OR TOW DUE TO CRASH,$500 OR LESS,UNABLE TO DETERMINE,NOT APPLICABLE,2050,W,23RD ST,2,NONINCAPACITATING INJURY,1.0,0.0,0.0,1.0,0.0,1.0,0.0,6,1,2
bbd3283f3d773d49e7907e4b3e7119a9972dec6571e35476a24c3eaa63ed676833a8da784a2ded4c444e795b61460e486eb1ba278175a9068a4f9c99924b6153,2019-07-27 21:00:00,30,NO CONTROLS,NO CONTROLS,CLEAR,"DARKNESS, LIGHTED ROAD",FIXED OBJECT,ONE-WAY,STRAIGHT AND LEVEL,DRY,"RUT, HOLES",INJURY AND / OR TOW DUE TO CRASH,"OVER $1,500",ROAD ENGINEERING/SURFACE/MARKING DEFECTS,ROAD CONSTRUCTION/MAINTENANCE,7056,S,LAFAYETTE AVE,1,NO INDICATION OF INJURY,0.0,0.0,0.0,0.0,0.0,1.0,0.0,21,7,7
716d8ee4eec7b8f19d4603456d92ad53235172febea83aad12a50b5bbb9a0e7ec37ac0c9a6bb802482b82b57dded629fbb7db6d460e5025e6a2b3b8a332d68ad,2018-08-29 07:15:00,30,TRAFFIC SIGNAL,NOT FUNCTIONING,CLEAR,DAYLIGHT,TURNING,DIVIDED - W/MEDIAN BARRIER,STRAIGHT AND LEVEL,DRY,NO DEFECTS,NO INJURY / DRIVE AWAY,"$501 - $1,500",FAILING TO YIELD RIGHT-OF-WAY,UNABLE TO DETERMINE,700,S,MICHIGAN AVE,2,NO INDICATION OF INJURY,0.0,0.0,0.0,0.0,0.0,2.0,0.0,7,4,8
7d970e605055b841bb7e567793c9714274de92bb269b5ca838dab4ba77c346bc40ef13d8cc26f1f3d98b9b64414fa25d1db6fabd16a5785731f1b3032f19358c,2021-03-15 21:30:00,30,TRAFFIC SIGNAL,FUNCTIONING PROPERLY,RAIN,"DARKNESS, LIGHTED ROAD",REAR END,FOUR WAY,STRAIGHT AND LEVEL,WET,NO DEFECTS,NO INJURY / DRIVE AWAY,"$501 - $1,500","OPERATING VEHICLE IN ERRATIC, RECKLESS, CARELESS, NEGLIGENT OR AGGRESSIVE MANNER",UNABLE TO DETERMINE,10300,S,DR MARTIN LUTHER KING JR DR,2,NO INDICATION OF INJURY,0.0,0.0,0.0,0.0,0.0,4.0,0.0,21,2,3
d06458bc88297a3fe3f8e362159d74eb2c46302acdaef5a19d7e52a61396f0d9b7158d534abfc5430041b97e4293fd7676f113945ff9129e0da5511290b6956e,2018-07-06 18:40:00,20,STOP SIGN/FLASHER,UNKNOWN,CLEAR,DAYLIGHT,ANGLE,NOT DIVIDED,STRAIGHT AND LEVEL,DRY,NO DEFECTS,NO INJURY / DRIVE AWAY,"OVER $1,500",UNABLE TO DETERMINE,FAILING TO YIELD RIGHT-OF-WAY,9232,S,OAKLEY AVE,2,NO INDICATION OF INJURY,0.0,0.0,0.0,0.0,0.0,2.0,0.0,18,6,7
59087f7b6ae31e7d85bb826282c015f7cd3adfc677676c839fffccefde9084cfe8add2c2eb5cf2158a51f8281745c1a097415bb6aa16b7664975f1358e9bba12,2022-07-07 16:45:00,30,TRAFFIC SIGNAL,FUNCTIONING PROPERLY,CLEAR,DAYLIGHT,REAR END,NOT DIVIDED,STRAIGHT AND LEVEL,DRY,NO DEFECTS,NO INJURY / DRIVE AWAY,$500 OR LESS,FOLLOWING TOO CLOSELY,NOT APPLICABLE,3300,N,CLARK ST,2,NO INDICATION OF INJURY,0.0,0.0,0.0,0.0,0.0,2.0,0.0,16,5,7
dc22a849c25169453cd85e2c10af95005ca567504a73c5e48f1cffd6f703b9704875f3871db950c065ff925714eaa918eb830c85e8f7f685dbce8c70d6378677,2018-03-15 11:00:00,30,NO CONTROLS,NO CONTROLS,CLEAR,DAYLIGHT,SIDESWIPE SAME DIRECTION,NOT DIVIDED,STRAIGHT AND LEVEL,DRY,NO DEFECTS,NO INJURY / DRIVE AWAY,"$501 - $1,500",UNABLE TO DETERMINE,NOT APPLICABLE,3055,E,95TH ST,2,NO INDICATION OF INJURY,0.0,0.0,0.0,0.0,0.0,2.0,0.0,11,5,3
923cc94dd145a5f8219ecb0dc8f4c6d4603b3e4b45bf0c538662fd717e50f4b61b5f73ef5bdfa180dd4ce0f1bce44ed4d46b871e07624c66eae1e14cfc1887e3,2017-08-14 21:00:00,20,NO CONTROLS,NO CONTROLS,CLEAR,"DARKNESS, LIGHTED ROAD",PARKED MOTOR VEHICLE,ONE-WAY,STRAIGHT AND LEVEL,DRY,UNKNOWN,NO INJURY / DRIVE AWAY,"$501 - $1,500",UNABLE TO DETERMINE,UNABLE TO DETERMINE,6304,N,CAMPBELL AVE,2,NO INDICATION OF INJURY,0.0,0.0,0.0,0.0,0.0,1.0,0.0,21,2,8
811205118469aeb3351ec313b5e4e0d7073ca43785fab674fad1c6ea37668793a4f501fff0d6c376aa3ebb32fcc5e4497bf19a41a483957616bfd56871f39c75,2023-01-13 18:04:00,30,NO CONTROLS,NO CONTROLS,CLEAR,"DARKNESS, LIGHTED ROAD",REAR END,NOT DIVIDED,STRAIGHT AND LEVEL,DRY,NO DEFECTS,NO INJURY / DRIVE AWAY,"$501 - $1,500",UNABLE TO DETERMINE,FOLLOWING TOO CLOSELY,5246,N,NORTHWEST HWY,2,NO INDICATION OF INJURY,0.0,0.0,0.0,0.0,0.0,4.0,0.0,18,6,1
d9231a06377dcbed1a3dcece013df37a66135d80b4568961e9ea7f22022a2dfd72fa3fcf2660e1022785dfb81f5ae1335a89039aa7f392e56cddcf9e87a119b6,2020-06-02 04:51:00,30,TRAFFIC SIGNAL,FUNCTIONING PROPERLY,CLEAR,DAYLIGHT,ANGLE,NOT DIVIDED,STRAIGHT AND LEVEL,DRY,NO DEFECTS,INJURY AND / OR TOW DUE TO CRASH,"OVER $1,500",FAILING TO YIELD RIGHT-OF-WAY,NOT APPLICABLE,5700,N,AVONDALE AVE,2,NONINCAPACITATING INJURY,1.0,0.0,0.0,1.0,0.0,3.0,0.0,4,3,6
64e01990329ff519d71bd5e9164c9c6d2f996969d209c79e79fa5b3158a400cea21d7898480a3c9c629be5c265a4c6e78be983316049d7cce3d1dfac20200460,2015-08-20 12:00:00,30,NO CONTROLS,NO CONTROLS,CLEAR,DAYLIGHT,PARKED MOTOR VEHICLE,DIVIDED - W/MEDIAN (NOT RAISED),STRAIGHT AND LEVEL,DRY,NO DEFECTS,NO INJURY / DRIVE AWAY,$500 OR LESS,UNABLE TO DETERMINE,NOT APPLICABLE,5901,W,AUGUSTA BLVD,2,NO INDICATION OF INJURY,0.0,0.0,0.0,0.0,0.0,1.0,0.0,12,5,8
d49236ac529a7439bffa28eef96a09c51996e284f362eef04de65752f2f967d0d6a5869f89cb0b4b30fb17e0c2d5758f04b2cf8bf411a1fa1e581cb41c4f7ee0,2022-09-16 00:00:00,25,NO CONTROLS,NO CONTROLS,UNKNOWN,UNKNOWN,PARKED MOTOR VEHICLE,NOT DIVIDED,STRAIGHT AND LEVEL,UNKNOWN,UNKNOWN,INJURY AND / OR TOW DUE TO CRASH,"OVER $1,500",UNABLE TO DETERMINE,NOT APPLICABLE,7948,S,ANTHONY AVE,2,NO INDICATION OF INJURY,0.0,0.0,0.0,0.0,0.0,1.0,0.0,0,6,9
5ce21564b724507a3ec35e65c69f0ee8c5c455053ede73170169238661b391602a0d5c3fd2122ef2cdfce563137cd07d3e815e4686e30a0050d259a8b52521de,2018-05-19 12:05:00,30,TRAFFIC SIGNAL,FUNCTIONING PROPERLY,CLOUDY/OVERCAST,DAYLIGHT,SIDESWIPE SAME DIRECTION,NOT DIVIDED,STRAIGHT AND LEVEL,DRY,UNKNOWN,NO INJURY / DRIVE AWAY,"OVER $1,500",IMPROPER OVERTAKING/PASSING,UNABLE TO DETERMINE,3505,S,KEDZIE AVE,2,NO INDICATION OF INJURY,0.0,0.0,0.0,0.0,0.0,2.0,0.0,12,7,5
abfe587e5a13c685bb8c8cd7a1f98ba9511171dc21bb63bf89859cb1902d58c6eb4333701cb45758444797b7289b677c0e586142df9f412d3e395c64d41fb3cb,2022-10-04 16:00:00,30,NO CONTROLS,NO CONTROLS,CLEAR,DAYLIGHT,ANGLE,NOT DIVIDED,STRAIGHT AND LEVEL,DRY,NO DEFECTS,NO INJURY / DRIVE AWAY,"OVER $1,500",UNABLE TO DETERMINE,NOT APPLICABLE,6849,S,WESTERN AVE,2,NO INDICATION OF INJURY,0.0,0.0,0.0,0.0,0.0,2.0,0.0,16,3,10
9d6725f3bf620caf6841b7b94547e9b00a1faa28f59d0ef9fb739544a83566ed65980ff2982d80d6ad832fc501015504664d654907982276b58a9ef5272fe304,2023-05-23 15:30:00,25,TRAFFIC SIGNAL,FUNCTIONING PROPERLY,UNKNOWN,DAYLIGHT,REAR END,T-INTERSECTION,STRAIGHT AND LEVEL,UNKNOWN,UNKNOWN,NO INJURY / DRIVE AWAY,"OVER $1,500",UNABLE TO DETERMINE,HAD BEEN DRINKING (USE WHEN ARREST IS NOT MADE),6300,S,DR MARTIN LUTHER KING JR DR,3,NO INDICATION OF INJURY,0.0,0.0,0.0,0.0,0.0,3.0,0.0,15,3,5
0cc0205eef94d157ca487fd397c791327df120eb63f8ccf532a12a4ab604b536fab7bd1aa001ceb46a01f2b1d8b8dfd1e88303ee3108a711843a276c59124e89,2018-05-31 15:40:00,30,NO CONTROLS,NO CONTROLS,CLEAR,DAYLIGHT,FIXED OBJECT,PARKING LOT,STRAIGHT AND LEVEL,DRY,NO DEFECTS,NO INJURY / DRIVE AWAY,"OVER $1,500","OPERATING VEHICLE IN ERRATIC, RECKLESS, CARELESS, NEGLIGENT OR AGGRESSIVE MANNER",UNABLE TO DETERMINE,5701,N,SHERIDAN RD,1,NO INDICATION OF INJURY,0.0,0.0,0.0,0.0,0.0,1.0,0.0,15,5,5