CRASH_RECORD_ID,CRASH_DATE,POSTED_SPEED_LIMIT,TRAFFIC_CONTROL_DEVICE,DEVICE_CONDITION,WEATHER_CONDITION,LIGHTING_CONDITION,FIRST_CRASH_TYPE,TRAFFICWAY_TYPE,ALIGNMENT,ROADWAY_SURFACE_COND,ROAD_DEFECT,CRASH_TYPE,DAMAGE,PRIM_CONTRIBUTORY_CAUSE,SEC_CONTRIBUTORY_CAUSE,STREET_NO,STREET_DIRECTION,STREET_NAME,NUM_UNITS,MOST_SEVERE_INJURY,INJURIES_TOTAL,INJURIES_FATAL,INJURIES_INCAPACITATING,INJURIES_NON_INCAPACITATING,INJURIES_REPORTED_NOT_EVIDENT,INJURIES_NO_INDICATION,INJURIES_UNKNOWN,CRASH_HOUR,CRASH_DAY_OF_WEEK,CRASH_MONTH
424c2ab7533419dfc2e240d24e00eabe4a319b637cb5165e16f3948d775e0ee359d5d12809bfcaf46ffa3f1eb802b86c872a98294ba2711d1ee060de1ace1927,2023-10-15 20:00:00,30,NO CONTROLS,NO CONTROLS,CLEAR,"DARKNESS, LIGHTED ROAD",SIDESWIPE SAME DIRECTION,NOT DIVIDED,STRAIGHT AND LEVEL,DRY,NO DEFECTS,NO INJURY / DRIVE AWAY,"OVER $1,500",UNABLE TO DETERMINE,NOT APPLICABLE,5927,W,IRVING PARK RD,2,NO INDICATION OF INJURY,0.0,0.0,0.0,0.0,0.0,2.0,0.0,20,1,10
db1af5cdc578e495470b3f8758b1f821b3282526c2313a01497acbc343667476db0fdec33089c57f3887fe994722580ede722229caa59e623b6b22dd6e1903cc,2017-04-09 08:30:00,30,TRAFFIC SIGNAL,FUNCTIONING PROPERLY,CLEAR,DAYLIGHT,ANGLE,DIVIDED - W/MEDIAN (NOT RAISED),STRAIGHT AND LEVEL,DRY,NO DEFECTS,INJURY AND / OR TOW DUE TO CRASH,"OVER $1,500",DISREGARDING TRAFFIC SIGNALS,NOT APPLICABLE,2400,N,KEDZIE BLVD,2,NO INDICATION OF INJURY,0.0,0.0,0.0,0.0,0.0,2.0,0.0,8,1,4
84a8b620cbc982b311f84b62136068ef8a06c6dde70430e2bad1ba37ae1e99a51b9e79e8313f2fa916104b8b486c81d5ea1ed9161897fe60fab4ed9c2cec52d4,2019-06-16 02:50:00,30,NO CONTROLS,NO CONTROLS,RAIN,"DARKNESS, LIGHTED ROAD",PARKED MOTOR VEHICLE,DIVIDED - W/MEDIAN (NOT RAISED),STRAIGHT AND LEVEL,WET,NO DEFECTS,INJURY AND / OR TOW DUE TO CRASH,"OVER $1,500",IMPROPER LANE USAGE,NOT APPLICABLE,5340,W,ADDISON ST,2,NO INDICATION OF INJURY,0.0,0.0,0.0,0.0,0.0,1.0,0.0,2,1,6
d2cb1a1cfad0d0b0664540ce31b0e45ba134c0b1370536370cfa3e9f2c2b26e5d5e876792f0593f6cbab786e3148da010cae5569cf1b59717c2a607e4c972b3c,2020-09-01 11:50:00,30,NO CONTROLS,NO CONTROLS,CLEAR,DAYLIGHT,REAR END,DIVIDED - W/MEDIAN (NOT RAISED),STRAIGHT AND LEVEL,DRY,NO DEFECTS,NO INJURY / DRIVE AWAY,"$501 - $1,500",FOLLOWING TOO CLOSELY,FOLLOWING TOO CLOSELY,6800,N,RIDGE BLVD,2,NO INDICATION OF INJURY,0.0,0.0,0.0,0.0,0.0,2.0,0.0,11,3,9
f3d24442808fc518d7b2f92473dfbb4c44115b298bba43c26e22f087886521b3c1605deb8bd2136edf2fe699cfd17b7bdf534c6e35df287e26c4a5734d29b5ee,2020-07-13 00:30:00,30,NO CONTROLS,NO CONTROLS,CLEAR,"DARKNESS, LIGHTED ROAD",PARKED MOTOR VEHICLE,ONE-WAY,STRAIGHT AND LEVEL,DRY,NO DEFECTS,INJURY AND / OR TOW DUE TO CRASH,"OVER $1,500",DRIVING ON WRONG SIDE/WRONG WAY,FAILING TO REDUCE SPEED TO AVOID CRASH,3502,S,LAKE PARK AVE,2,NO INDICATION OF INJURY,0.0,0.0,0.0,0.0,0.0,1.0,0.0,0,2,7
61b47e1e49c495e0215bb1f774b227a427bb169b7e50469c219633d07cabec414480c1933eead1067a409bf6abd378612a7fc7b490698ed8386e893f9580767c,2021-08-06 12:00:00,20,NO CONTROLS,NO CONTROLS,CLEAR,DAYLIGHT,PARKED MOTOR VEHICLE,NOT DIVIDED,STRAIGHT AND LEVEL,UNKNOWN,UNKNOWN,NO INJURY / DRIVE AWAY,"$501 - $1,500",UNABLE TO DETERMINE,NOT APPLICABLE,3738,N,RACINE AVE,2,NO INDICATION OF INJURY,0.0,0.0,0.0,0.0,0.0,1.0,0.0,12,6,8
89a7197cf16bbc8a30285306d57b7c771a3ab0a7b4ba5f154d218937d78adcb70acc049a3c3d8dff7531a458e548d3183e790df024d6673437969fbd81dc249f,2020-07-09 16:01:00,30,TRAFFIC SIGNAL,FUNCTIONING PROPERLY,CLEAR,DAYLIGHT,REAR TO FRONT,NOT DIVIDED,STRAIGHT AND LEVEL,DRY,NO DEFECTS,NO INJURY / DRIVE AWAY,"OVER $1,500",IMPROPER BACKING,FAILING TO REDUCE SPEED TO AVOID CRASH,6359,W,CORTLAND ST,2,NO INDICATION OF INJURY,0.0,0.0,0.0,0.0,0.0,3.0,0.0,16,5,7
d0e370fe7ae6b6538d981316ded9a7819ab8be87d854c41a630f94ca35f2369808407062f9527e698e31eea73786cd3e3ad0d165b1867591f86f2120d24cbe92,2018-03-03 04:00:00,20,NO CONTROLS,UNKNOWN,CLEAR,UNKNOWN,PARKED MOTOR VEHICLE,DIVIDED - W/MEDIAN (NOT RAISED),STRAIGHT AND LEVEL,DRY,NO DEFECTS,INJURY AND / OR TOW DUE TO CRASH,"OVER $1,500",UNABLE TO DETERMINE,ANIMAL,2506,W,68TH ST,2,NO INDICATION OF INJURY,0.0,0.0,0.0,0.0,0.0,1.0,0.0,4,7,3
866e07b53173d1a2564493508e062c253ff70f2f9faffff51e7118d5d0c5e9ceb94fc062343377a78cdff12af4c0c6920651ea35e709d0da2c7d91b764c8916d,2017-05-25 07:30:00,30,NO CONTROLS,NO CONTROLS,CLEAR,DAYLIGHT,ANGLE,NOT DIVIDED,STRAIGHT AND LEVEL,DRY,NO DEFECTS,NO INJURY / DRIVE AWAY,"OVER $1,500",UNABLE TO DETERMINE,UNABLE TO DETERMINE,4650,S,CALIFORNIA AVE,2,NO INDICATION OF INJURY,0.0,0.0,0.0,0.0,0.0,2.0,0.0,7,5,5
be074a8ebfcd0c4bbb1ffda9d3f5ccd6ae77ff429ee66964cfa3dbeafef11542b159c50d342cc56e0594391d14d60bccb29e85d043a3d987eb2646e261e5fd7e,2017-11-16 17:00:00,35,NO CONTROLS,NO CONTROLS,CLEAR,"DARKNESS, LIGHTED ROAD",PARKED MOTOR VEHICLE,NOT DIVIDED,STRAIGHT AND LEVEL,DRY,NO DEFECTS,NO INJURY / DRIVE AWAY,"OVER $1,500",NOT APPLICABLE,NOT APPLICABLE,3628,W,MONTROSE AVE,2,NO INDICATION OF INJURY,0.0,0.0,0.0,0.0,0.0,1.0,0.0,17,5,11
49ba7d0bdb44dbb74eab4a7aabca94ad66e4a01d0141c409442e44a7afc61a64ef0e41116aee8fa9503ad19969414fc34ac9ac09e2bebf637596a39c6fe9aeb6,2021-06-05 13:30:00,30,NO CONTROLS,NO CONTROLS,CLEAR,DAYLIGHT,PARKED MOTOR VEHICLE,NOT DIVIDED,STRAIGHT AND LEVEL,DRY,NO DEFECTS,NO INJURY / DRIVE AWAY,"OVER $1,500",IMPROPER LANE USAGE,NOT APPLICABLE,1403,W,BRYN MAWR AVE,2,NO INDICATION OF INJURY,0.0,0.0,0.0,0.0,0.0,1.0,0.0,13,7,6
4d789bb9301a55f51b0b2d9c6bde1dabad02d79abef734efd91cc8e008c2dee8ffd3ec6740f0216c283dd1f1a3e80637ff1516f5089723dd981b103b92fdc6a4,2019-12-19 17:02:00,25,NO CONTROLS,NO CONTROLS,CLEAR,DARKNESS,ANGLE,DIVIDED - W/MEDIAN (NOT RAISED),STRAIGHT AND LEVEL,DRY,NO DEFECTS,NO INJURY / DRIVE AWAY,"$501 - $1,500",NOT APPLICABLE,NOT APPLICABLE,2400,W,VAN BUREN ST,2,NO INDICATION OF INJURY,0.0,0.0,0.0,0.0,0.0,2.0,0.0,17,5,12
daf6815932aa3b047c3df737e0c87e9fc532cc5de2abf571b0c8a72b47453325f17456e9bb411acbd4ea37277a23f1e5d409fb554fa8af19299f3701bb46a537,2019-02-26 22:40:00,30,NO CONTROLS,NO CONTROLS,CLEAR,"DARKNESS, LIGHTED ROAD",PARKED MOTOR VEHICLE,NOT DIVIDED,STRAIGHT AND LEVEL,DRY,NO DEFECTS,NO INJURY / DRIVE AWAY,$500 OR LESS,UNABLE TO DETERMINE,NOT APPLICABLE,1715,W,GLENLAKE AVE,2,NO INDICATION OF INJURY,0.0,0.0,0.0,0.0,0.0,1.0,0.0,22,3,2
eeab772000dea8a6e64337aed60b02c37b000df7dfd01a54cb4a82e2c8b3297f2031e6f23ddef8da49db767755581e8ae2ee702ed62e425120b0c8aaad6b230d,2019-03-04 18:00:00,35,TRAFFIC SIGNAL,FUNCTIONING PROPERLY,CLEAR,DARKNESS,ANGLE,NOT DIVIDED,STRAIGHT AND LEVEL,DRY,UNKNOWN,NO INJURY / DRIVE AWAY,"$501 - $1,500",UNABLE TO DETERMINE,UNABLE TO DETERMINE,20,N,WACKER DR,2,NO INDICATION OF INJURY,0.0,0.0,0.0,0.0,0.0,2.0,0.0,18,2,3
252fb38bf15e72aa4e605f91e19c7aa639c3d7df82a9f9de8a86d33f7649c205ee3b8dc26bf0fabc680ada78f5dfb3c80f5e6be9c6901cf30d703f2612d8ad6d,2019-07-25 15:00:00,30,TRAFFIC SIGNAL,FUNCTIONING PROPERLY,CLEAR,DAYLIGHT,PEDESTRIAN,NOT DIVIDED,STRAIGHT AND LEVEL,DRY,NO DEFECTS,INJURY AND / OR TOW DUE TO CRASH,$500 OR LESS,DISREGARDING OTHER TRAFFIC SIGNS,DISTRACTION - FROM INSIDE VEHICLE,886,N,STATE ST,2,"REPORTED, NOT EVIDENT",1.0,0.0,0.0,0.0,1.0,1.0,0.0,15,5,7
86716cc22655f9d904baad4c9aab8a8a83aac9517386b1cf1561c99b63a9c715ff72545966567602dd1a35eb7257aa78a5998df8ff3691339943a1a7bc5a7b0a,2018-02-13 06:50:00,25,STOP SIGN/FLASHER,UNKNOWN,UNKNOWN,UNKNOWN,ANGLE,OTHER,STRAIGHT AND LEVEL,UNKNOWN,UNKNOWN,NO INJURY / DRIVE AWAY,"OVER $1,500",UNABLE TO DETERMINE,UNABLE TO DETERMINE,7000,W,ARGYLE ST,2,NO INDICATION OF INJURY,0.0,0.0,0.0,0.0,0.0,2.0,0.0,6,3,2
f4f3df352b6c426d8084b5dd5c3b651f83151dc1beda79f879deb9217a6b76095e88af3cae46dc58bf3d108b3af89c41858b8658eee70537c9263e53b9905be5,2017-06-25 17:30:00,30,NO CONTROLS,NO CONTROLS,CLEAR,DAYLIGHT,ANGLE,NOT DIVIDED,STRAIGHT AND LEVEL,DRY,NO DEFECTS,NO INJURY / DRIVE AWAY,"OVER $1,500",NOT APPLICABLE,NOT APPLICABLE,5500,S,KEDZIE AVE,2,NO INDICATION OF INJURY,0.0,0.0,0.0,0.0,0.0,4.0,0.0,17,1,6
bb33a3adb4a3e5bbfab5e0c9b078b9f5d5c3c1afa6e8b1d24a9f5da4a9a84e5091fe0687f7a351c09b93e6776938b29d00f39f4ef648720c9d6b35b3776001b3,2018-03-22 10:20:00,30,TRAFFIC SIGNAL,FUNCTIONING PROPERLY,CLEAR,DAYLIGHT,TURNING,NOT DIVIDED,STRAIGHT AND LEVEL,DRY,NO DEFECTS,NO INJURY / DRIVE AWAY,"OVER $1,500",IMPROPER LANE USAGE,UNABLE TO DETERMINE,1031,W,SHERIDAN RD,2,NO INDICATION OF INJURY,0.0,0.0,0.0,0.0,0.0,2.0,0.0,10,5,3
86801288d8f72eebd00adc6c85aff865ad734a8ed8e94730c9eb3169820b014d8efdcdf8dc82e0c1629dabf2e86dbb0ed99a4633f71a49be9b3be17b354995e6,2021-10-14 14:35:00,30,TRAFFIC SIGNAL,FUNCTIONING PROPERLY,CLEAR,DAYLIGHT,REAR END,NOT DIVIDED,STRAIGHT AND LEVEL,DRY,NO DEFECTS,NO INJURY / DRIVE AWAY,"$501 - $1,500",FOLLOWING TOO CLOSELY,FOLLOWING TOO CLOSELY,50,E,CERMAK RD,3,NO INDICATION OF INJURY,0.0,0.0,0.0,0.0,0.0,3.0,0.0,14,5,10
7e911204eb04afd1c032a5f37a700e437e4ac7f077c56eec560870565fe336b863656c905c4683a27937f07b4bd619878a88ff26453d8edad452233f7af1b8bb,2019-06-10 16:20:00,30,NO CONTROLS,NO CONTROLS,CLEAR,DAYLIGHT,REAR END,NOT DIVIDED,STRAIGHT AND LEVEL,DRY,NO DEFECTS,NO INJURY / DRIVE AWAY,"$501 - $1,500",UNABLE TO DETERMINE,UNABLE TO DETERMINE,8600,S,COTTAGE GROVE AVE,2,NO INDICATION OF INJURY,0.0,0.0,0.0,0.0,0.0,2.0,0.0,16,2,6
d17b89eb111c3635e36486604a6e4dbd07cc83cf3b5289055eb0d9a4b876fb7270f40cd5de499720b167463c90dc3985a913bf54ba42d78e08832f9c00e70d57,2020-10-08 11:15:00,30,NO CONTROLS,NO CONTROLS,CLEAR,DAYLIGHT,PARKED MOTOR VEHICLE,DIVIDED - W/MEDIAN (NOT RAISED),STRAIGHT AND LEVEL,DRY,NO DEFECTS,NO INJURY / DRIVE AWAY,"$501 - $1,500",UNABLE TO DETERMINE,UNABLE TO DETERMINE,2700,W,FULTON ST,2,NO INDICATION OF INJURY,0.0,0.0,0.0,0.0,0.0,1.0,0.0,11,5,10
ad6008f8b5c3b0e6db90b88768abf9a0fbeef634b824f53388cb80c5990f9e4036939a025e3255d59b8966ad0725e9a7df3b05b69f3120547a7ded9c78015913,2017-04-04 18:30:00,30,NO CONTROLS,NO CONTROLS,CLEAR,DARKNESS,PARKED MOTOR VEHICLE,NOT DIVIDED,STRAIGHT AND LEVEL,DRY,NO DEFECTS,NO INJURY / DRIVE AWAY,"OVER $1,500","OPERATING VEHICLE IN ERRATIC, RECKLESS, CARELESS, NEGLIGENT OR AGGRESSIVE MANNER",DISTRACTION - FROM INSIDE VEHICLE,4437,N,SPAULDING AVE,2,NO INDICATION OF INJURY,0.0,0.0,0.0,0.0,0.0,1.0,0.0,18,3,4
94dcbf8141a703b1c2c4c2c9c8858e6488d25765992b6a6ceff110c1cd69e6ba7ed98edfb054a81cc6b36b153f2108ba4baa5d382313282b3bcfb41f16c92731,2022-01-18 17:55:00,30,STOP SIGN/FLASHER,FUNCTIONING PROPERLY,CLEAR,"DARKNESS, LIGHTED ROAD",REAR END,T-INTERSECTION,STRAIGHT AND LEVEL,WET,NO DEFECTS,NO INJURY / DRIVE AWAY,"OVER $1,500",UNABLE TO DETERMINE,UNABLE TO DETERMINE,2699,W,CHICAGO AVE,2,NO INDICATION OF INJURY,0.0,0.0,0.0,0.0,0.0,2.0,0.0,17,3,1
08cb689df23aa69a25d8df96f7662ac54481fe1e4880ff33d5133351154f2c2630b3742e236012acb8aa5cde934802bf2dd843f3175d1250a15731bec5e79fec,2020-05-23 12:35:00,35,NO CONTROLS,NO CONTROLS,CLEAR,DAYLIGHT,TURNING,PARKING LOT,STRAIGHT AND LEVEL,DRY,NO DEFECTS,NO INJURY / DRIVE AWAY,"OVER $1,500",IMPROPER OVERTAKING/PASSING,FOLLOWING TOO CLOSELY,316,W,103RD ST,4,NO INDICATION OF INJURY,0.0,0.0,0.0,0.0,0.0,5.0,0.0,12,7,5
bafab143ef9f97f9063a2a53c23ce74713bdffb159e3d4d210ca8156064c76c498e8a4975c5dd067fd011e87df565a94a84f60003812297db0ca336d5943dbb3,2022-05-26 02:55:00,30,NO CONTROLS,NO CONTROLS,RAIN,"DARKNESS, LIGHTED ROAD",FIXED OBJECT,FOUR WAY,STRAIGHT AND LEVEL,WET,NO DEFECTS,INJURY AND / OR TOW DUE TO CRASH,"OVER $1,500",UNABLE TO DETERMINE,UNABLE TO DETERMINE,5601,W,MADISON ST,1,NO INDICATION OF INJURY,0.0,0.0,0.0,0.0,0.0,2.0,0.0,2,5,5
3a55c00030eae8abf0b3d4e378d6bb36bc16ec91ccd9d04c0c382b37a171860a5abd01cc573fa9415908452aeed5a31e2ffe28e11c0c89973a513f044cd7f497,2022-01-19 20:58:00,30,NO CONTROLS,NO CONTROLS,CLEAR,"DARKNESS, LIGHTED ROAD",TURNING,NOT DIVIDED,STRAIGHT AND LEVEL,DRY,NO DEFECTS,NO INJURY / DRIVE AWAY,"OVER $1,500","VISION OBSCURED (SIGNS, TREE LIMBS, BUILDINGS, ETC.)",UNABLE TO DETERMINE,1145,W,VAN BUREN ST,2,NO INDICATION OF INJURY,0.0,0.0,0.0,0.0,0.0,2.0,0.0,20,4,1
990cdb4868d8e2cab01a010eed92d8aac559cbc011259e9aff84efb042a4df1a25c9a08317d193b643fb077867c56663639255f71171cc2fbb45df31636bcca2,2018-10-19 08:15:00,30,NO CONTROLS,NO CONTROLS,CLEAR,DAYLIGHT,TURNING,CENTER TURN LANE,STRAIGHT AND LEVEL,DRY,NO DEFECTS,NO INJURY / DRIVE AWAY,"$501 - $1,500",IMPROPER LANE USAGE,UNABLE TO DETERMINE,655,W,IRVING PARK RD,2,NO INDICATION OF INJURY,0.0,0.0,0.0,0.0,0.0,2.0,0.0,8,6,10
54dc8e029ba613af462290f291366f187fc932947c60fc1ac186653a2acd576061c18541cf086c2edd47c5e7f39e0a15861f69dea1551e004b2f42710027b213,2018-07-21 16:21:00,25,TRAFFIC SIGNAL,FUNCTIONING PROPERLY,CLOUDY/OVERCAST,DAYLIGHT,PEDESTRIAN,PARKING LOT,STRAIGHT AND LEVEL,WET,NO DEFECTS,INJURY AND / OR TOW DUE TO CRASH,"OVER $1,500",DISTRACTION - FROM OUTSIDE VEHICLE,NOT APPLICABLE,7902,S,ASHLAND AVE,2,NONINCAPACITATING INJURY,1.0,0.0,0.0,1.0,0.0,5.0,0.0,16,7,7
a0a8e55f2cd208e4cf1a1a3b24e2944f37ff0e65f592811c5316aafa5523798b2f3e46796af4c1b24a6a47682fa3c0b927b520d68cbc264a9ba13cb3f8066d0b,2018-08-01 14:40:00,35,TRAFFIC SIGNAL,FUNCTIONING PROPERLY,CLEAR,DAYLIGHT,TURNING,NOT DIVIDED,STRAIGHT AND LEVEL,DRY,NO DEFECTS,INJURY AND / OR TOW DUE TO CRASH,"OVER $1,500",DISREGARDING TRAFFIC SIGNALS,NOT APPLICABLE,12200,S,TORRENCE AVE,3,NONINCAPACITATING INJURY,1.0,0.0,0.0,1.0,0.0,1.0,0.0,14,4,8
3272127ab3ff9302ac6fc3ad9c50f4f8a45f3611ec90ffa7c09ea80000f2c123f994ce545c163bd95e20912c303e41fc4e2f4e72840257e3579c16ab021dbdc4,2020-07-01 16:30:00,30,NO CONTROLS,NO CONTROLS,CLEAR,DAYLIGHT,ANGLE,NOT DIVIDED,STRAIGHT AND LEVEL,DRY,NO DEFECTS,NO INJURY / DRIVE AWAY,"OVER $1,500",UNABLE TO DETERMINE,UNABLE TO DETERMINE,212,W,CHICAGO AVE,2,NO INDICATION OF INJURY,0.0,0.0,0.0,0.0,0.0,2.0,0.0,16,4,7
ad3b360ca9c2b49fd8d8d99b675e377ab40c37da542ada9e3543718e26401aa6674e58829af13855f35cdb30ef660daceaaeefe663e1cb4cd25a8cfaf2d7b29f,2020-02-21 11:30:00,10,NO CONTROLS,NO CONTROLS,CLEAR,DAYLIGHT,PARKED MOTOR VEHICLE,PARKING LOT,STRAIGHT AND LEVEL,DRY,NO DEFECTS,NO INJURY / DRIVE AWAY,"OVER $1,500",NOT APPLICABLE,NOT APPLICABLE,1701,W,79TH ST,2,NO INDICATION OF INJURY,0.0,0.0,0.0,0.0,0.0,1.0,0.0,11,6,2
0645a5eab4ae76b0e541eaab244855903cae549a50d94d388dfe2d4e99b3623feb732c7036c9ec9d73f180cd9559411251b9c7494b7c72683becc0fb093b2d0f,2018-08-04 18:47:00,30,TRAFFIC SIGNAL,FUNCTIONING PROPERLY,CLEAR,DUSK,SIDESWIPE SAME DIRECTION,DIVIDED - W/MEDIAN (NOT RAISED),STRAIGHT AND LEVEL,DRY,NO DEFECTS,NO INJURY / DRIVE AWAY,"$501 - $1,500",FAILING TO YIELD RIGHT-OF-WAY,UNABLE TO DETERMINE,8300,S,PERRY AVE,2,NO INDICATION OF INJURY,0.0,0.0,0.0,0.0,0.0,3.0,0.0,18,7,8
d0a757f7bc530a2f624bdfac20c0de66c02ad404c760764dc65410ff7a26a2285e6d930b40a6b72670843e01f176c2f0759b172e3d4f20b675696e4b043a785d,2020-06-09 14:00:00,10,NO CONTROLS,NO CONTROLS,CLEAR,DAYLIGHT,SIDESWIPE SAME DIRECTION,OTHER,STRAIGHT AND LEVEL,DRY,NO DEFECTS,NO INJURY / DRIVE AWAY,"$501 - $1,500",UNABLE TO DETERMINE,UNABLE TO DETERMINE,3955,W,MARQUETTE RD,2,NO INDICATION OF INJURY,0.0,0.0,0.0,0.0,0.0,2.0,0.0,14,3,6
79ca768e463896c978481740122425ee2bc75b23d7e8037d5d84d77e89cdea06a8d3b37bec4506c105e0838a285e731dc11f2186a1f848890e51504f70bca7fa,2015-09-25 20:05:00,30,TRAFFIC SIGNAL,FUNCTIONING PROPERLY,CLEAR,DARKNESS,SIDESWIPE SAME DIRECTION,NOT DIVIDED,STRAIGHT AND LEVEL,DRY,NO DEFECTS,NO INJURY / DRIVE AWAY,"$501 - $1,500",UNABLE TO DETERMINE,UNABLE TO DETERMINE,2000,E,75TH ST,2,NO INDICATION OF INJURY,0.0,0.0,0.0,0.0,0.0,2.0,0.0,20,6,9
03e3eef61656b1192b476d84b9ae592b1cd5e6ac0a4f84f31b0f4e7b769159cdef32681724d708ffaee8288cdbd5b1badf35531a4603c7943510a0bf9b106d2c,2023-12-09 11:00:00,30,STOP SIGN/FLASHER,NO CONTROLS,CLEAR,DAYLIGHT,SIDESWIPE SAME DIRECTION,DIVIDED - W/MEDIAN BARRIER,STRAIGHT AND LEVEL,DRY,NO DEFECTS,NO INJURY / DRIVE AWAY,"OVER $1,500",UNABLE TO DETERMINE,UNABLE TO DETERMINE,1155,N,DEARBORN ST,2,NO INDICATION OF INJURY,0.0,0.0,0.0,0.0,0.0,2.0,0.0,11,7,12
ef79a19aa2d70f9f4cefec42a3a8804831e753cb98c14ecd46aedd237d43aedfe19dbe984c69e7cdca0acfdf1bdd5ad200c78911cac5f513e9450ab3d68c7fd7,2023-03-05 05:08:00,30,TRAFFIC SIGNAL,FUNCTIONING PROPERLY,CLEAR,"DARKNESS, LIGHTED ROAD",PARKED MOTOR VEHICLE,NOT DIVIDED,STRAIGHT AND LEVEL,DRY,NO DEFECTS,INJURY AND / OR TOW DUE TO CRASH,"OVER $1,500",HAD BEEN DRINKING (USE WHEN ARREST IS NOT MADE),NOT APPLICABLE,3555,N,BROADWAY,6,NONINCAPACITATING INJURY,1.0,0.0,0.0,1.0,0.0,0.0,0.0,5,1,3
6575df6e2ef08f6ead8a2035e594621a809af8f5220f674977bc9361dc6f0689f125cefdb9ae4340dd5b07ffa673b86b2ced90b85e3e69399ee4a4439d453d1b,2017-08-17 04:55:00,25,TRAFFIC SIGNAL,FUNCTIONING PROPERLY,CLEAR,UNKNOWN,ANGLE,NOT DIVIDED,STRAIGHT AND LEVEL,DRY,NO DEFECTS,INJURY AND / OR TOW DUE TO CRASH,"OVER $1,500",UNABLE TO DETERMINE,UNABLE TO DETERMINE,6300,S,STATE ST,2,"REPORTED, NOT EVIDENT",2.0,0.0,0.0,0.0,2.0,2.0,0.0,4,5,8
5ef34b0b6b25d7387497bac0e49511ec2d6e3597f9f0a8b15a67c47ac5d14c3a965159b9a458d143c28dd0886a703e51b63804d003a449c9cd575d1f51cf54c2,2021-03-30 08:00:00,30,NO CONTROLS,NO CONTROLS,CLEAR,DAYLIGHT,FIXED OBJECT,NOT DIVIDED,STRAIGHT AND LEVEL,DRY,NO DEFECTS,NO INJURY / DRIVE AWAY,"$501 - $1,500",NOT APPLICABLE,NOT APPLICABLE,1956,W,DIVERSEY PKWY,1,NO INDICATION OF INJURY,0.0,0.0,0.0,0.0,0.0,1.0,0.0,8,3,3
1441287d2493af6a2d2267dd11edfd5a7256abcd8b50bc133e8eb0a47a59903121495feee6ba7f83d52f2eff6e98c8fbfa69fcfd3a10cde2d61c8096202c867e,2019-07-28 10:00:00,30,NO CONTROLS,NO CONTROLS,CLEAR,DAYLIGHT,SIDESWIPE SAME DIRECTION,DIVIDED - W/MEDIAN (NOT RAISED),STRAIGHT AND LEVEL,DRY,NO DEFECTS,NO INJURY / DRIVE AWAY,"OVER $1,500",IMPROPER OVERTAKING/PASSING,UNABLE TO DETERMINE,4234,W,FOSTER AVE,2,NO INDICATION OF INJURY,0.0,0.0,0.0,0.0,0.0,2.0,0.0,10,1,7
032cd7bfa5d647104f44890c74009e0acceb1c5581490702cab323ba7f9f102af646d265c7232e33df83f49fb957759f6ed4f084c615b358a7a599fd96863cb7,2022-03-18 17:30:00,30,TRAFFIC SIGNAL,FUNCTIONING PROPERLY,UNKNOWN,DAYLIGHT,SIDESWIPE SAME DIRECTION,DIVIDED - W/MEDIAN (NOT RAISED),STRAIGHT AND LEVEL,UNKNOWN,WORN SURFACE,NO INJURY / DRIVE AWAY,"OVER $1,500",UNABLE TO DETERMINE,UNABLE TO DETERMINE,4701,S,HALSTED ST,2,NO INDICATION OF INJURY,0.0,0.0,0.0,0.0,0.0,2.0,0.0,17,6,3
8ba4078c4e8c0e3d8b14363870e7fcda1802f808f4548503af394cf103062cda19591cc4757d7a8a6bcc32a437c9de1c231970711014531be37a104618bc983d,2018-03-02 19:30:00,10,NO CONTROLS,NO CONTROLS,CLEAR,"DARKNESS, LIGHTED ROAD",FIXED OBJECT,PARKING LOT,STRAIGHT AND LEVEL,DRY,OTHER,NO INJURY / DRIVE AWAY,$500 OR LESS,UNABLE TO DETERMINE,UNABLE TO DETERMINE,601,W,ROOSEVELT RD,1,NO INDICATION OF INJURY,0.0,0.0,0.0,0.0,0.0,1.0,0.0,19,6,3
692fa6f4db519818c9b15fbf47a162d9350ca7ddd97ea21a3d49ba703c5a52d4a1000df55f0f7e7862f29848d3049d9884d45b32ac6a80b8c37883cb2d3ebdf6,2020-12-14 21:05:00,30,STOP SIGN/FLASHER,FUNCTIONING PROPERLY,CLEAR,"DARKNESS, LIGHTED ROAD",ANGLE,FOUR WAY,STRAIGHT AND LEVEL,DRY,NO DEFECTS,INJURY AND / OR TOW DUE TO CRASH,"OVER $1,500",UNABLE TO DETERMINE,UNABLE TO DETERMINE,3901,W,JACKSON BLVD,2,NONINCAPACITATING INJURY,1.0,0.0,0.0,1.0,0.0,2.0,0.0,21,2,12
a4700b2c7540463a2984af3ec41a7e56ff2813625c48a27822ca075eacc6169180a8516cd9ad3dc62f6c8892568429d94d996092ed09f6b9148a3a5dca940275,2020-02-16 15:36:00,15,NO CONTROLS,NO CONTROLS,CLEAR,DAYLIGHT,FIXED OBJECT,PARKING LOT,STRAIGHT AND LEVEL,DRY,NO DEFECTS,NO INJURY / DRIVE AWAY,"$501 - $1,500",UNABLE TO DETERMINE,UNABLE TO DETERMINE,2401,W,OGDEN AVE,1,NO INDICATION OF INJURY,0.0,0.0,0.0,0.0,0.0,1.0,0.0,15,1,2