CRASH_RECORD_ID,CRASH_DATE,POSTED_SPEED_LIMIT,TRAFFIC_CONTROL_DEVICE,DEVICE_CONDITION,WEATHER_CONDITION,LIGHTING_CONDITION,FIRST_CRASH_TYPE,TRAFFICWAY_TYPE,ALIGNMENT,ROADWAY_SURFACE_COND,ROAD_DEFECT,CRASH_TYPE,DAMAGE,PRIM_CONTRIBUTORY_CAUSE,SEC_CONTRIBUTORY_CAUSE,STREET_NO,STREET_DIRECTION,STREET_NAME,NUM_UNITS,MOST_SEVERE_INJURY,INJURIES_TOTAL,INJURIES_FATAL,INJURIES_INCAPACITATING,INJURIES_NON_INCAPACITATING,INJURIES_REPORTED_NOT_EVIDENT,INJURIES_NO_INDICATION,INJURIES_UNKNOWN,CRASH_HOUR,CRASH_DAY_OF_WEEK,CRASH_MONTH
3ef5bcee823032ff06bcb410d2fcc990966e93f40240e35e42ebc326ce4fc05c49d72d4a0d40e988964f487c8068e104b4f981a8886c2f23766ac212ee24c462,2016-11-07 14:00:00,30,NO CONTROLS,NO CONTROLS,UNKNOWN,DAYLIGHT,PARKED MOTOR VEHICLE,NOT DIVIDED,STRAIGHT AND LEVEL,UNKNOWN,NO DEFECTS,NO INJURY / DRIVE AWAY,"$501 - $1,500",UNABLE TO DETERMINE,UNABLE TO DETERMINE,1148,E,72ND ST,2,NO INDICATION OF INJURY,0.0,0.0,0.0,0.0,0.0,1.0,0.0,14,2,11
f771052cc55b20e4dd9fe062f8486ef9cb546682875deb899ddb2442eeed77e887744a0509cf194b3b18ccd6f3a57986e73a24f22925c7ae3a3e5a5b7d4581fe,2021-10-23 20:50:00,5,NO CONTROLS,NO CONTROLS,CLEAR,"DARKNESS, LIGHTED ROAD",REAR TO FRONT,OTHER,STRAIGHT ON GRADE,DRY,NO DEFECTS,NO INJURY / DRIVE AWAY,"OVER $1,500",IMPROPER BACKING,UNABLE TO DETERMINE,2600,S,KEDZIE AVE,2,NO INDICATION OF INJURY,0.0,0.0,0.0,0.0,0.0,2.0,0.0,20,7,10
589e55e72fb65ac325caaf27393e94fb91323d93c4c1816f49a962f26623172ed1eadfdceb75180176f37fc8640c1413215df6057f76938b8bd7f44901e76fa7,2023-01-28 17:21:00,30,TRAFFIC SIGNAL,FUNCTIONING PROPERLY,SNOW,"DARKNESS, LIGHTED ROAD",TURNING,NOT DIVIDED,STRAIGHT AND LEVEL,WET,NO DEFECTS,INJURY AND / OR TOW DUE TO CRASH,"OVER $1,500",FAILING TO YIELD RIGHT-OF-WAY,IMPROPER LANE USAGE,2351,N,WESTERN AVE,2,NO INDICATION OF INJURY,0.0,0.0,0.0,0.0,0.0,2.0,0.0,17,7,1
dca017a2d35236a8f1cec0f02cbf60afe5843bc0539686dc62a76778fcc63bc9d2d8e22ebbe882883e8012f9737f77371859c021cc1842953ef3da32690a2578,2023-06-08 10:05:00,30,NO CONTROLS,NO CONTROLS,CLEAR,DAYLIGHT,SIDESWIPE OPPOSITE DIRECTION,NOT DIVIDED,STRAIGHT AND LEVEL,DRY,NO DEFECTS,NO INJURY / DRIVE AWAY,"OVER $1,500",DRIVING SKILLS/KNOWLEDGE/EXPERIENCE,"OPERATING VEHICLE IN ERRATIC, RECKLESS, CARELESS, NEGLIGENT OR AGGRESSIVE MANNER",1833,W,35TH ST,2,NO INDICATION OF INJURY,0.0,0.0,0.0,0.0,0.0,5.0,0.0,10,5,6
0b6beb0346bc5ef6df45f84cd8c8dd0afdce107b9a72d02cac6e0f917f9a2cab9aa19425fe817e69c83595e04191854eedab78f3106f9d27bb7fab00d4280d5c,2020-02-13 17:20:00,55,TRAFFIC SIGNAL,FUNCTIONING PROPERLY,CLEAR,"DARKNESS, LIGHTED ROAD",REAR END,DIVIDED - W/MEDIAN (NOT RAISED),STRAIGHT AND LEVEL,DRY,NO DEFECTS,NO INJURY / DRIVE AWAY,"OVER $1,500",FOLLOWING TOO CLOSELY,NOT APPLICABLE,11601,W,IRVING PARK RD,2,NO INDICATION OF INJURY,0.0,0.0,0.0,0.0,0.0,2.0,0.0,17,5,2
76ef5c6a3c1fe3e7da09640d289931c1fabc57655c0e3ed04466730b580a4fc61ead10e07611ff4cc593b0332d51b504ffbd2d8bd62c9fb5f05806e3fd995e34,2019-11-01 06:40:00,30,TRAFFIC SIGNAL,FUNCTIONING PROPERLY,CLEAR,"DARKNESS, LIGHTED ROAD",REAR END,DIVIDED - W/MEDIAN BARRIER,STRAIGHT AND LEVEL,WET,NO DEFECTS,NO INJURY / DRIVE AWAY,"OVER $1,500",UNABLE TO DETERMINE,UNABLE TO DETERMINE,8300,S,JEFFERY BLVD,2,NO INDICATION OF INJURY,0.0,0.0,0.0,0.0,0.0,2.0,0.0,6,6,11
2911fb8ebcd9d11b9fa52831baff33081b5f09e2efec065f6ad536b0722207ca154f3a3bc0273f490ca4f865e9159e5198a5c4908ddbbb2c09815d5f6a73508b,2018-05-10 08:05:00,30,TRAFFIC SIGNAL,FUNCTIONING PROPERLY,CLOUDY/OVERCAST,DAYLIGHT,PARKED MOTOR VEHICLE,NOT DIVIDED,STRAIGHT AND LEVEL,DRY,NO DEFECTS,NO INJURY / DRIVE AWAY,"OVER $1,500",IMPROPER LANE USAGE,FAILING TO REDUCE SPEED TO AVOID CRASH,334,S,WESTERN AVE,2,NO INDICATION OF INJURY,0.0,0.0,0.0,0.0,0.0,1.0,0.0,8,5,5
171b9f78e503bb1b475a905db1a63f7a601c70ea4458aa55f6f18552c96f785812abab01853dd4e4882c6468053651e2b7aad6ba3438febbcdb99773680e0c1c,2020-05-05 14:05:00,30,NO CONTROLS,NO CONTROLS,CLOUDY/OVERCAST,DAYLIGHT,TURNING,DIVIDED - W/MEDIAN BARRIER,STRAIGHT AND LEVEL,WET,NO DEFECTS,NO INJURY / DRIVE AWAY,"OVER $1,500",FAILING TO YIELD RIGHT-OF-WAY,UNABLE TO DETERMINE,1221,S,STATE ST,2,NO INDICATION OF INJURY,0.0,0.0,0.0,0.0,0.0,2.0,0.0,14,3,5
a457d99778f9261a021d8376182b63637632bb8afe7f1f336a3c0550690ba40114e4129575858d9aba57f2b1858cc1595dfbd06a04fe423826199ea58bfb02ee,2020-09-09 15:00:00,30,NO CONTROLS,NO CONTROLS,CLEAR,DAYLIGHT,PARKED MOTOR VEHICLE,NOT DIVIDED,STRAIGHT AND LEVEL,DRY,NO DEFECTS,INJURY AND / OR TOW DUE TO CRASH,"OVER $1,500",FAILING TO REDUCE SPEED TO AVOID CRASH,NOT APPLICABLE,4033,S,VINCENNES AVE,3,NO INDICATION OF INJURY,0.0,0.0,0.0,0.0,0.0,1.0,0.0,15,4,9
6588fc26922389829faf058934ec7bf5797a874e4f66d5e45180a56dd1dc142a6fdb27ca76e29b9c87712547c412fd608a589afd093309676d50d63b97b4710c,2018-02-21 14:00:00,30,NO CONTROLS,FUNCTIONING PROPERLY,CLEAR,DAYLIGHT,SIDESWIPE SAME DIRECTION,NOT DIVIDED,STRAIGHT AND LEVEL,DRY,NO DEFECTS,NO INJURY / DRIVE AWAY,"$501 - $1,500",UNABLE TO DETERMINE,UNABLE TO DETERMINE,101,W,FULLERTON DR,2,NO INDICATION OF INJURY,0.0,0.0,0.0,0.0,0.0,2.0,0.0,14,4,2
28975e81eaa5f95faaa92287c4ee7b3e3f2b5394c993c303ab82f7e413021c778b32fec27a06c3ec9b39fd7e485f4b30533c555f1200ec062b6d5bbbeee18494,2020-05-19 16:20:00,35,NO CONTROLS,NO CONTROLS,CLOUDY/OVERCAST,DAYLIGHT,SIDESWIPE SAME DIRECTION,ONE-WAY,STRAIGHT AND LEVEL,DRY,NO DEFECTS,NO INJURY / DRIVE AWAY,"OVER $1,500",NOT APPLICABLE,NOT APPLICABLE,7139,S,MAPLEWOOD AVE,2,NO INDICATION OF INJURY,0.0,0.0,0.0,0.0,0.0,2.0,0.0,16,3,5
5b43f1fe4ca680d05921309bcec7c359f43ddf56570efe2b28f978f5e2ae23cf8c4e1694f6fdec8316d42709a643ad1f783745dd1ade6420d68bf5dbb208cd85,2016-12-10 16:15:00,30,NO CONTROLS,NO CONTROLS,SNOW,DARKNESS,REAR END,ONE-WAY,STRAIGHT AND LEVEL,SNOW OR SLUSH,NO DEFECTS,NO INJURY / DRIVE AWAY,"$501 - $1,500",UNABLE TO DETERMINE,UNABLE TO DETERMINE,7648,S,YATES BLVD,2,NO INDICATION OF INJURY,0.0,0.0,0.0,0.0,0.0,2.0,0.0,16,7,12
02324670c5db7dd64273f38a59bfa84e7855a20f94262ab00dfece6294c6e50a9b905bac96ab726aa714d8eea5f606d77456aa94c3c8aaaa68a3e9c90f523acf,2017-11-11 11:50:00,30,STOP SIGN/FLASHER,UNKNOWN,UNKNOWN,DAYLIGHT,ANGLE,DIVIDED - W/MEDIAN (NOT RAISED),STRAIGHT AND LEVEL,UNKNOWN,UNKNOWN,NO INJURY / DRIVE AWAY,"OVER $1,500","OPERATING VEHICLE IN ERRATIC, RECKLESS, CARELESS, NEGLIGENT OR AGGRESSIVE MANNER",NOT APPLICABLE,6501,W,GRAND AVE,2,NO INDICATION OF INJURY,0.0,0.0,0.0,0.0,0.0,2.0,0.0,11,7,11
0ffba49f5cd8cdaaf4c8ab6928cae9adf5dc07c35df3049e4e3e46d900527cdbc00bd50ec684975f97db464727205ac78427d642f2d11ab426b1fce4b5c3e3c5,2022-09-21 15:55:00,30,NO CONTROLS,NO CONTROLS,CLEAR,DAYLIGHT,PARKED MOTOR VEHICLE,NOT DIVIDED,STRAIGHT AND LEVEL,DRY,UNKNOWN,NO INJURY / DRIVE AWAY,"OVER $1,500",UNABLE TO DETERMINE,NOT APPLICABLE,4331,S,KILDARE BLVD,2,NO INDICATION OF INJURY,0.0,0.0,0.0,0.0,0.0,1.0,0.0,15,4,9
fcf037b1d5c2b2f7e1a448843f31d595faa8d4e7fb6011d780db9f108e4cddb58d42e3a4c092ce7330193fa9910d0424aa492f45247b57f4dec3146c457080b8,2016-07-11 07:00:00,30,TRAFFIC SIGNAL,FUNCTIONING PROPERLY,CLEAR,DAYLIGHT,ANGLE,NOT DIVIDED,STRAIGHT AND LEVEL,DRY,NO DEFECTS,INJURY AND / OR TOW DUE TO CRASH,"OVER $1,500",DISREGARDING TRAFFIC SIGNALS,FAILING TO YIELD RIGHT-OF-WAY,4700,S,DR MARTIN LUTHER KING JR DR,2,NO INDICATION OF INJURY,0.0,0.0,0.0,0.0,0.0,5.0,0.0,7,2,7
ca98acd09c51a0e5e588353a656660f48108669f0463f3f969e05acbc7e9397a191c8318ffb2845925031d4283aefd133c85cc3da857c27e5216ea150d4606c5,2024-01-19 06:26:00,30,TRAFFIC SIGNAL,FUNCTIONING PROPERLY,SNOW,"DARKNESS, LIGHTED ROAD",ANGLE,FOUR WAY,STRAIGHT AND LEVEL,SNOW OR SLUSH,NO DEFECTS,INJURY AND / OR TOW DUE TO CRASH,"OVER $1,500",WEATHER,UNABLE TO DETERMINE,801,E,67TH ST,2,NONINCAPACITATING INJURY,1.0,0.0,0.0,1.0,0.0,1.0,0.0,6,6,1
6945f10b77d90cc35af1d09e1c15ebef81ef9c0c32bc5d4b88f86adb45f4aebb9d1ace1331cd1cfa4bd74792205ded74233ced8d25087136d89cd72d48925aa3,2019-07-16 15:09:00,20,TRAFFIC SIGNAL,FUNCTIONING PROPERLY,CLOUDY/OVERCAST,DAYLIGHT,TURNING,NOT DIVIDED,STRAIGHT AND LEVEL,DRY,NO DEFECTS,NO INJURY / DRIVE AWAY,"OVER $1,500",UNABLE TO DETERMINE,UNABLE TO DETERMINE,11100,S,STATE ST,2,NO INDICATION OF INJURY,0.0,0.0,0.0,0.0,0.0,4.0,0.0,15,3,7
fa471a310ee4c3b3863bd6dc40eee3ee26f56ee2589143b0d3ff4bde000ec3ff6acc0dc9fe075e256f6ea839d794fb381b3396214f74072a97772d0f01eddf4b,2016-10-14 08:05:00,30,NO CONTROLS,NO CONTROLS,CLEAR,DAYLIGHT,PARKED MOTOR VEHICLE,DIVIDED - W/MEDIAN (NOT RAISED),STRAIGHT AND LEVEL,DRY,NO DEFECTS,NO INJURY / DRIVE AWAY,"OVER $1,500",UNABLE TO DETERMINE,NOT APPLICABLE,4859,W,CHICAGO AVE,2,NO INDICATION OF INJURY,0.0,0.0,0.0,0.0,0.0,3.0,0.0,8,6,10
22a40592cb677ce74cf99aab485640e50ebc3265934ced1d8606ecbfb48de756252cb750b475ee6db397198f608f2f3b15ce238bc83d76082dce32ad7eb05b58,2017-09-25 15:30:00,30,NO CONTROLS,NO CONTROLS,CLEAR,DAYLIGHT,TURNING,UNKNOWN,STRAIGHT AND LEVEL,DRY,NO DEFECTS,NO INJURY / DRIVE AWAY,"OVER $1,500",FAILING TO REDUCE SPEED TO AVOID CRASH,UNABLE TO DETERMINE,6031,N,CLARK ST,2,NO INDICATION OF INJURY,0.0,0.0,0.0,0.0,0.0,3.0,0.0,15,2,9
37140003db9fd877dd7d068be84945ac4d2757c1ef9d4e1a7689ab276c04cc6aa7834b5cb2f9413202861f99f2d1565fd7bcf2054daaa00e91f4386f5a9dc1de,2023-09-01 08:15:00,30,TRAFFIC SIGNAL,FUNCTIONING PROPERLY,CLEAR,DAYLIGHT,ANGLE,T-INTERSECTION,STRAIGHT AND LEVEL,DRY,NO DEFECTS,INJURY AND / OR TOW DUE TO CRASH,"OVER $1,500",IMPROPER OVERTAKING/PASSING,NOT APPLICABLE,7500,S,ST LAWRENCE AVE,2,NO INDICATION OF INJURY,0.0,0.0,0.0,0.0,0.0,3.0,0.0,8,6,9
f940544c5f081785590aff5ffcf686c178050f86bd7026cd38acc81667766e96c52615a64bdecd3c79fd07f9c1798f89214c0b028d5c57171495cb81e85b7993,2023-04-14 07:45:00,30,STOP SIGN/FLASHER,FUNCTIONING PROPERLY,CLEAR,DAYLIGHT,TURNING,OTHER,STRAIGHT AND LEVEL,DRY,NO DEFECTS,NO INJURY / DRIVE AWAY,"OVER $1,500",DRIVING SKILLS/KNOWLEDGE/EXPERIENCE,UNABLE TO DETERMINE,4000,S,WENTWORTH AVE,2,NO INDICATION OF INJURY,0.0,0.0,0.0,0.0,0.0,2.0,0.0,7,6,4
d9a80774f51d4dcb04e1242408f75ec98d73277a3b3804492fb83a3e2534076f140690660e404b00eec36bec39af14dd054f879a9e67c04ac2ef5ce562d17c9c,2020-11-01 21:49:00,30,NO CONTROLS,NO CONTROLS,CLEAR,"DARKNESS, LIGHTED ROAD",ANGLE,OTHER,STRAIGHT AND LEVEL,DRY,NO DEFECTS,INJURY AND / OR TOW DUE TO CRASH,"OVER $1,500",FAILING TO YIELD RIGHT-OF-WAY,NOT APPLICABLE,432,E,82ND ST,2,NONINCAPACITATING INJURY,1.0,0.0,0.0,1.0,0.0,1.0,0.0,21,1,11
821a67c92cb34dc3fdd66919df8c91445424be1d4ed068dbb1f62540491e25cf0654c82caa484ce8cc5146b82231e40766e96f23daa710127dcc2932829389e1,2018-03-10 16:15:00,30,TRAFFIC SIGNAL,FUNCTIONING PROPERLY,CLEAR,DAYLIGHT,REAR END,NOT DIVIDED,STRAIGHT AND LEVEL,DRY,NO DEFECTS,NO INJURY / DRIVE AWAY,"OVER $1,500",UNABLE TO DETERMINE,NOT APPLICABLE,5801,S,HARLEM AVE,2,NO INDICATION OF INJURY,0.0,0.0,0.0,0.0,0.0,2.0,0.0,16,7,3
84c7762104a58db8068b04743d0e67e3bae09a5d5e0a8ecab471ee4d8a597099c9815b011abc53411a2fe551f010de3829e501010b3b260e4f52275dd25f0913,2019-05-14 08:27:00,30,TRAFFIC SIGNAL,FUNCTIONING PROPERLY,CLEAR,DAYLIGHT,TURNING,FOUR WAY,STRAIGHT AND LEVEL,DRY,NO DEFECTS,NO INJURY / DRIVE AWAY,"OVER $1,500",UNABLE TO DETERMINE,UNABLE TO DETERMINE,3500,S,CALIFORNIA AVE,2,NO INDICATION OF INJURY,0.0,0.0,0.0,0.0,0.0,3.0,0.0,8,3,5
3be0a9b7e97ce5100fcc69ddb39ac0f02de3be5a81f95ece13542cf6278715efb4a7b785740a6b3f781ff03b1d85acd621de1fa224a8ed17cc4bdf9360deb53b,2020-08-16 20:10:00,30,STOP SIGN/FLASHER,FUNCTIONING PROPERLY,CLEAR,"DARKNESS, LIGHTED ROAD",REAR END,DIVIDED - W/MEDIAN (NOT RAISED),STRAIGHT AND LEVEL,DRY,NO DEFECTS,NO INJURY / DRIVE AWAY,"$501 - $1,500",FOLLOWING TOO CLOSELY,NOT APPLICABLE,3101,W,WILSON AVE,2,NO INDICATION OF INJURY,0.0,0.0,0.0,0.0,0.0,3.0,0.0,20,1,8
5618d95f52e6009aa4b5849973bc8a965dbe0f7cf1265348f8a4c25aa8b17d476455c86dbe31996f12e6d19e3a29da6820803f67d047f1193380b6a576f9a8f4,2019-07-20 01:22:00,30,NO CONTROLS,NO CONTROLS,CLEAR,"DARKNESS, LIGHTED ROAD",SIDESWIPE SAME DIRECTION,DIVIDED - W/MEDIAN (NOT RAISED),STRAIGHT AND LEVEL,DRY,NO DEFECTS,NO INJURY / DRIVE AWAY,"OVER $1,500",FAILING TO YIELD RIGHT-OF-WAY,IMPROPER TURNING/NO SIGNAL,3723,W,CHICAGO AVE,2,NO INDICATION OF INJURY,0.0,0.0,0.0,0.0,0.0,5.0,0.0,1,7,7
1c1959c08501969819ada1709870427e85aa228a7bc553954768014628ee388ee995b7fb9025da03ae6f9b3aead6fad0aacdbe321f959d78f93605fdaafa06b1,2023-07-31 09:30:00,30,NO CONTROLS,NO CONTROLS,CLEAR,DAYLIGHT,FIXED OBJECT,DIVIDED - W/MEDIAN BARRIER,STRAIGHT AND LEVEL,DRY,NO DEFECTS,INJURY AND / OR TOW DUE TO CRASH,"OVER $1,500",UNABLE TO DETERMINE,NOT APPLICABLE,200,N,CENTRAL PARK AVE,1,NO INDICATION OF INJURY,0.0,0.0,0.0,0.0,0.0,1.0,0.0,9,2,7
69845bc5b7c8f76a7f1330e5f4c04a282c503ff460818b8e3e479d01764869a45ab3cbd1dd52cc884ede6fafc5be43e0189893248a966c1d921a55b9f9a675e6,2020-02-01 17:08:00,30,STOP SIGN/FLASHER,FUNCTIONING PROPERLY,CLEAR,DAYLIGHT,ANGLE,FOUR WAY,STRAIGHT AND LEVEL,DRY,NO DEFECTS,INJURY AND / OR TOW DUE TO CRASH,"OVER $1,500",FAILING TO YIELD RIGHT-OF-WAY,DISREGARDING STOP SIGN,301,E,90TH ST,3,"REPORTED, NOT EVIDENT",1.0,0.0,0.0,0.0,1.0,1.0,0.0,17,7,2
ec49b92a5c01a84a536f2f097e7d784bd0f335e9686182046ba7dc0eb4e12d3e0e81922ff7b31a26cd2f69af5f1d54a89af517fb2917653f6bdf1fb567b7a644,2018-01-29 11:30:00,25,TRAFFIC SIGNAL,FUNCTIONING PROPERLY,CLOUDY/OVERCAST,DAYLIGHT,SIDESWIPE SAME DIRECTION,ONE-WAY,STRAIGHT AND LEVEL,DRY,NO DEFECTS,NO INJURY / DRIVE AWAY,"OVER $1,500",UNABLE TO DETERMINE,UNABLE TO DETERMINE,100,S,CLINTON ST,2,NO INDICATION OF INJURY,0.0,0.0,0.0,0.0,0.0,2.0,0.0,11,2,1
3523764e359ee2a6ede23256f2bdb0a67fc7bfdb78edd87a7606b497e8814bd9d53444034c396e3bbfd0b108417afef3895aca11170c9bd17acc512171d2d965,2019-05-15 22:00:00,30,NO CONTROLS,NO CONTROLS,CLEAR,DARKNESS,REAR END,NOT DIVIDED,STRAIGHT AND LEVEL,WET,NO DEFECTS,NO INJURY / DRIVE AWAY,"$501 - $1,500",UNABLE TO DETERMINE,NOT APPLICABLE,3015,W,PETERSON AVE,2,NO INDICATION OF INJURY,0.0,0.0,0.0,0.0,0.0,4.0,0.0,22,4,5
22c7aa297e9e84e859309cfb49d92e45efe4ed4bfffbe3490498c0eb577acc7ac4029f1a7b518ad28ceea7002ce5734e32e96419c291ef433318d9335380f24e,2018-04-01 03:00:00,30,NO CONTROLS,NO CONTROLS,CLEAR,"DARKNESS, LIGHTED ROAD",PARKED MOTOR VEHICLE,NOT DIVIDED,STRAIGHT AND LEVEL,DRY,NO DEFECTS,NO INJURY / DRIVE AWAY,"OVER $1,500",UNABLE TO DETERMINE,UNABLE TO DETERMINE,5248,S,KEDZIE AVE,2,NO INDICATION OF INJURY,0.0,0.0,0.0,0.0,0.0,1.0,0.0,3,1,4
7684d5991e8b15da5e0dce1b14829f491e8d04a098f2476df12274a6258bbdac36629cd6714bcf3bf863db71dccc39a8489ce55c5ef19e7caccaba62100371c8,2022-02-18 18:15:00,30,NO CONTROLS,NO CONTROLS,CLEAR,"DARKNESS, LIGHTED ROAD",SIDESWIPE SAME DIRECTION,NOT DIVIDED,STRAIGHT AND LEVEL,WET,NO DEFECTS,NO INJURY / DRIVE AWAY,"OVER $1,500",IMPROPER LANE USAGE,NOT APPLICABLE,1300,N,ASHLAND AVE,2,NO INDICATION OF INJURY,0.0,0.0,0.0,0.0,0.0,2.0,0.0,18,6,2
02c497946167ca3a8cc4ce118291dd09f985755e552d4d5859b0dac81283ddd2a9c2e2744ad23c8a30d0f146f5625bab188f223671d6d5a10ccf55387db52449,2022-10-02 16:20:00,30,TRAFFIC SIGNAL,FUNCTIONING PROPERLY,CLEAR,DAYLIGHT,TURNING,FOUR WAY,STRAIGHT AND LEVEL,DRY,NO DEFECTS,INJURY AND / OR TOW DUE TO CRASH,"$501 - $1,500",FAILING TO YIELD RIGHT-OF-WAY,DRIVING SKILLS/KNOWLEDGE/EXPERIENCE,1999,E,93RD ST,2,NO INDICATION OF INJURY,0.0,0.0,0.0,0.0,0.0,2.0,0.0,16,1,10
8b87dedcf3d400cdcc30302863b202aeb5452d141cbda85940487b33a8ac06cd570bb2fe17b7d54b68290664a92de7034b53e5df249e4a953593184af4a3a01b,2020-02-12 17:40:00,30,NO CONTROLS,NO CONTROLS,SNOW,"DARKNESS, LIGHTED ROAD",TURNING,NOT DIVIDED,STRAIGHT AND LEVEL,SNOW OR SLUSH,NO DEFECTS,NO INJURY / DRIVE AWAY,"$501 - $1,500",UNABLE TO DETERMINE,NOT APPLICABLE,2,N,ABERDEEN ST,3,NO INDICATION OF INJURY,0.0,0.0,0.0,0.0,0.0,2.0,0.0,17,4,2
f882acb7decd2e1f63a2cc49b1067dadee6362f42b6c3eef78e4f83806ab460574c9054be70d39ee449722dbf1ced661b6858577bd9f87f20b29d88ceee4198d,2020-03-12 12:54:00,30,NO CONTROLS,NO CONTROLS,CLEAR,DAYLIGHT,REAR END,NOT DIVIDED,STRAIGHT AND LEVEL,DRY,NO DEFECTS,NO INJURY / DRIVE AWAY,"OVER $1,500",FOLLOWING TOO CLOSELY,NOT APPLICABLE,4118,N,CICERO AVE,2,NO INDICATION OF INJURY,0.0,0.0,0.0,0.0,0.0,2.0,0.0,12,5,3
03c2c7ff233060db7b7364a06bebf5496edb75902610cfa047d0c1af4e2442edd9491099d10299f07e38c8bcc3068583d78cbd977149208b5f709f11c906bc02,2023-06-11 03:06:00,30,UNKNOWN,UNKNOWN,CLEAR,"DARKNESS, LIGHTED ROAD",ANGLE,FOUR WAY,STRAIGHT AND LEVEL,DRY,NO DEFECTS,INJURY AND / OR TOW DUE TO CRASH,"OVER $1,500",DRIVING SKILLS/KNOWLEDGE/EXPERIENCE,FAILING TO YIELD RIGHT-OF-WAY,2799,W,45TH ST,3,NONINCAPACITATING INJURY,1.0,0.0,0.0,1.0,0.0,3.0,0.0,3,1,6
7e8629a27db5ca11da00f7e50fe04b66af74db670e5bcef0922b3fb7e2d0eec20a5c1c24fee7040f8905a43555b1941bc2788e79703ba38145ffc3270765f19c,2018-08-12 09:16:00,30,NO CONTROLS,NO CONTROLS,CLEAR,"DARKNESS, LIGHTED ROAD",OTHER OBJECT,DRIVEWAY,STRAIGHT AND LEVEL,DRY,NO DEFECTS,NO INJURY / DRIVE AWAY,"$501 - $1,500",UNABLE TO DETERMINE,NOT APPLICABLE,6504,S,KENNETH AVE,2,NO INDICATION OF INJURY,0.0,0.0,0.0,0.0,0.0,2.0,0.0,9,1,8
6aaa2de49e12769ad92bb2dc59511683403a2d81c27aa5d09200b0f43c9bd5bdbf2786be9e34aaf2624ddd61499e65b0327eb6852caafefa9d169de14383c874,2020-07-07 15:50:00,35,NO CONTROLS,NO CONTROLS,CLEAR,DAYLIGHT,PARKED MOTOR VEHICLE,PARKING LOT,STRAIGHT AND LEVEL,DRY,NO DEFECTS,NO INJURY / DRIVE AWAY,$500 OR LESS,UNABLE TO DETERMINE,NOT APPLICABLE,1640,W,115TH ST,2,NO INDICATION OF INJURY,0.0,0.0,0.0,0.0,0.0,1.0,0.0,15,3,7
ae69b66b4b6cb13cc36875088e689a5188de53ba2888934f51629ca87977a597eef94c335e9d39239cb8ca02dcac2228dc6f31e4b891b06a20b6a7031b242f2e,2024-04-08 10:30:00,30,TRAFFIC SIGNAL,UNKNOWN,CLEAR,DAYLIGHT,SIDESWIPE SAME DIRECTION,DIVIDED - W/MEDIAN BARRIER,STRAIGHT AND LEVEL,DRY,UNKNOWN,NO INJURY / DRIVE AWAY,"OVER $1,500",UNABLE TO DETERMINE,UNABLE TO DETERMINE,111,S,MICHIGAN AVE,2,NO INDICATION OF INJURY,0.0,0.0,0.0,0.0,0.0,3.0,0.0,10,2,4
185c15ca7dcaadea88db8210114cbb678a7a59bd435af76fc6c9a25ff21e20015dc31b5d1906b8de3550fb8e28aaf7be9aaeff6c784811f065a1f493fe7565c6,2018-03-13 23:18:00,40,TRAFFIC SIGNAL,FUNCTIONING PROPERLY,CLEAR,"DARKNESS, LIGHTED ROAD",REAR END,OTHER,STRAIGHT AND LEVEL,DRY,NO DEFECTS,NO INJURY / DRIVE AWAY,$500 OR LESS,"OPERATING VEHICLE IN ERRATIC, RECKLESS, CARELESS, NEGLIGENT OR AGGRESSIVE MANNER",FAILING TO REDUCE SPEED TO AVOID CRASH,600,N,LAKE SHORE DR SB,2,NO INDICATION OF INJURY,0.0,0.0,0.0,0.0,0.0,3.0,0.0,23,3,3
81d798c1392513e09697e8c1da419d545ec8351fe9fc48db6251e93c9540be510b437fd8568009ecfc0d29e66480ab574a0b955670a1420a6e9275d3eca78cf4,2019-10-25 17:45:00,30,NO CONTROLS,NO CONTROLS,CLEAR,DUSK,ANGLE,FOUR WAY,STRAIGHT AND LEVEL,DRY,NO DEFECTS,NO INJURY / DRIVE AWAY,"OVER $1,500",UNABLE TO DETERMINE,UNABLE TO DETERMINE,3209,W,BALMORAL AVE,2,NO INDICATION OF INJURY,0.0,0.0,0.0,0.0,0.0,2.0,0.0,17,6,10
229123f9bdc375c8efa57d576f992a7001230c768cd8432907c584423e5e5a7339efb3380c98c7d8119b45954b5cbb3bc06dc546108757e6fe6fa2cd8a1f61bb,2023-02-03 07:45:00,30,UNKNOWN,UNKNOWN,UNKNOWN,UNKNOWN,REAR TO FRONT,NOT DIVIDED,STRAIGHT AND LEVEL,UNKNOWN,UNKNOWN,NO INJURY / DRIVE AWAY,$500 OR LESS,UNABLE TO DETERMINE,UNABLE TO DETERMINE,2235,N,HAMILTON AVE,2,NO INDICATION OF INJURY,0.0,0.0,0.0,0.0,0.0,3.0,0.0,7,6,2
b4f01d3522a4b95d122bf5811af4d9ba9307c616a0d22c0c73b72a89316fb751171672828afb8aaa00499cb403567f2865b2eefeaecb6152acdbccef3acfd45f,2021-11-02 12:00:00,20,NO CONTROLS,NO CONTROLS,CLEAR,DAYLIGHT,PARKED MOTOR VEHICLE,ONE-WAY,STRAIGHT AND LEVEL,DRY,NO DEFECTS,NO INJURY / DRIVE AWAY,"$501 - $1,500",UNABLE TO DETERMINE,UNABLE TO DETERMINE,1842,N,SPRINGFIELD AVE,2,NO INDICATION OF INJURY,0.0,0.0,0.0,0.0,0.0,1.0,0.0,12,3,11