CRASH_RECORD_ID,CRASH_DATE,POSTED_SPEED_LIMIT,TRAFFIC_CONTROL_DEVICE,DEVICE_CONDITION,WEATHER_CONDITION,LIGHTING_CONDITION,FIRST_CRASH_TYPE,TRAFFICWAY_TYPE,ALIGNMENT,ROADWAY_SURFACE_COND,ROAD_DEFECT,CRASH_TYPE,DAMAGE,PRIM_CONTRIBUTORY_CAUSE,SEC_CONTRIBUTORY_CAUSE,STREET_NO,STREET_DIRECTION,STREET_NAME,NUM_UNITS,MOST_SEVERE_INJURY,INJURIES_TOTAL,INJURIES_FATAL,INJURIES_INCAPACITATING,INJURIES_NON_INCAPACITATING,INJURIES_REPORTED_NOT_EVIDENT,INJURIES_NO_INDICATION,INJURIES_UNKNOWN,CRASH_HOUR,CRASH_DAY_OF_WEEK,CRASH_MONTH
605dd5e2fe85cd7986e724e1506496d1ada73af073318d82029f50b142282177d41c57e3366c972bf0ff490f204e9a3ba40ee4db48feba653a0cc0b7a6d29538,2020-07-18 08:25:00,30,NO CONTROLS,NO CONTROLS,CLEAR,DAYLIGHT,TURNING,NOT DIVIDED,STRAIGHT AND LEVEL,DRY,NO DEFECTS,NO INJURY / DRIVE AWAY,$500 OR LESS,IMPROPER OVERTAKING/PASSING,NOT APPLICABLE,10755,S,LONGWOOD DR,2,NO INDICATION OF INJURY,0.0,0.0,0.0,0.0,0.0,2.0,0.0,8,7,7
75d635d76ab7c61301fb9d9b1a86e0b68b234503c4e61d53c196bb548032b321d41b121c85782d6d2e927e33ff9789195cd5a0292188055fbd296e6a87344b8c,2021-12-22 13:45:00,30,TRAFFIC SIGNAL,FUNCTIONING PROPERLY,CLEAR,DAYLIGHT,REAR END,DIVIDED - W/MEDIAN (NOT RAISED),STRAIGHT AND LEVEL,DRY,NO DEFECTS,NO INJURY / DRIVE AWAY,"OVER $1,500",UNABLE TO DETERMINE,UNABLE TO DETERMINE,8659,S,STATE ST,2,NO INDICATION OF INJURY,0.0,0.0,0.0,0.0,0.0,2.0,0.0,13,4,12
35cbe2b4ca90e913ef9605e0b53b11dc5798e439544ba6df6d4777bf1b0b4c69d7a1bf39a1f375b614fe3280c7d167cc738e4499367f979480e69e44f2f55144,2019-09-26 15:15:00,30,NO CONTROLS,NO CONTROLS,CLEAR,DAYLIGHT,SIDESWIPE SAME DIRECTION,NOT DIVIDED,STRAIGHT AND LEVEL,DRY,NO DEFECTS,NO INJURY / DRIVE AWAY,$500 OR LESS,UNABLE TO DETERMINE,UNABLE TO DETERMINE,1308,W,NORTH AVE,2,NO INDICATION OF INJURY,0.0,0.0,0.0,0.0,0.0,2.0,0.0,15,5,9
d53f1abf9995a13f148ff55a057ca91c8fdb9da9c75026297071ebcb835bd3253d2f848a01b7d3937e522144ad58af8ce2abe3b4622d060486000d709b023fa5,2019-04-24 10:01:00,30,TRAFFIC SIGNAL,FUNCTIONING PROPERLY,CLEAR,DAYLIGHT,PEDESTRIAN,ONE-WAY,STRAIGHT AND LEVEL,DRY,NO DEFECTS,NO INJURY / DRIVE AWAY,$500 OR LESS,UNABLE TO DETERMINE,NOT APPLICABLE,100,W,MAPLE ST,2,NO INDICATION OF INJURY,0.0,0.0,0.0,0.0,0.0,2.0,0.0,10,4,4
4742580adb492612f52239df92ef368c053af22caa9dba1612bf78465d00ea317a1ff9255ad4673563501c7b666a2d42f4c97408e1cbbeca53223fa625ecfd82,2019-01-23 17:00:00,30,NO CONTROLS,NO CONTROLS,CLEAR,DAYLIGHT,PARKED MOTOR VEHICLE,NOT DIVIDED,STRAIGHT ON GRADE,SNOW OR SLUSH,NO DEFECTS,NO INJURY / DRIVE AWAY,"OVER $1,500",UNABLE TO DETERMINE,UNABLE TO DETERMINE,6800,N,ORIOLE AVE,2,NO INDICATION OF INJURY,0.0,0.0,0.0,0.0,0.0,1.0,0.0,17,4,1
59a255cff61e91d2a86b5874e3694fa0d6483aae0dc0a005bd0398106e81ad1bc9ed160428df3aef2de84b6740b4e3c41c761492c51c1569304e81b8eaa04149,2017-06-29 00:30:00,30,UNKNOWN,UNKNOWN,RAIN,"DARKNESS, LIGHTED ROAD",TURNING,NOT DIVIDED,STRAIGHT AND LEVEL,WET,NO DEFECTS,NO INJURY / DRIVE AWAY,"$501 - $1,500",IMPROPER OVERTAKING/PASSING,IMPROPER LANE USAGE,3601,N,OAK PARK AVE,2,NO INDICATION OF INJURY,0.0,0.0,0.0,0.0,0.0,2.0,0.0,0,5,6
9283bd824997174a814ea2407ce3ecdd58cfda4a084a64eb3f662409f3a83c5b9d7e6b3f111eb08406cbd011a0efc69b9642ee1171118824b3c1614be197509e,2022-07-29 08:55:00,30,NO CONTROLS,NO CONTROLS,CLEAR,DAYLIGHT,TURNING,ONE-WAY,STRAIGHT AND LEVEL,DRY,NO DEFECTS,INJURY AND / OR TOW DUE TO CRASH,"OVER $1,500",FAILING TO YIELD RIGHT-OF-WAY,FAILING TO YIELD RIGHT-OF-WAY,5215,W,BARRY AVE,2,NO INDICATION OF INJURY,0.0,0.0,0.0,0.0,0.0,4.0,0.0,8,6,7
9e2eebded62ca0144b305264df7fcf300b619febb7c33bbccae1fac0c24672a18a1bc6cc553e6708d503f06d7abc3a73347f9165c0992da96f90ed829a32b6c2,2024-03-16 11:02:00,30,NO CONTROLS,NO CONTROLS,CLEAR,DAYLIGHT,SIDESWIPE SAME DIRECTION,NOT DIVIDED,STRAIGHT AND LEVEL,DRY,NO DEFECTS,NO INJURY / DRIVE AWAY,"$501 - $1,500",FAILING TO YIELD RIGHT-OF-WAY,UNABLE TO DETERMINE,4200,W,MADISON ST,2,NO INDICATION OF INJURY,0.0,0.0,0.0,0.0,0.0,2.0,0.0,11,7,3
ecf7dd06ef9c2c73c8a9452884b9c0bb507161d8aab16d9371b68c6c03f4a433630947ee8ceb9bdf42368bbf1ed56a747fcc22f2f809d30522bbaa5cf8c879f8,2022-02-18 11:30:00,30,NO CONTROLS,NO CONTROLS,CLEAR,DAYLIGHT,SIDESWIPE SAME DIRECTION,NOT DIVIDED,STRAIGHT AND LEVEL,SNOW OR SLUSH,NO DEFECTS,NO INJURY / DRIVE AWAY,"$501 - $1,500",UNABLE TO DETERMINE,NOT APPLICABLE,4300,S,LAKE SHORE DR SB,2,NO INDICATION OF INJURY,0.0,0.0,0.0,0.0,0.0,2.0,0.0,11,6,2
b4f7c81af18d34fbe99d0ee0fbf1edda2ca3fea7ceb8f309fdf588a7126ff6002802a8925e9c9142f5f4623d9d5d3deeeb42d975f4af6af8b388c04120f67ea4,2022-10-13 08:20:00,30,NO CONTROLS,NO CONTROLS,CLEAR,DAYLIGHT,PARKED MOTOR VEHICLE,DIVIDED - W/MEDIAN BARRIER,STRAIGHT AND LEVEL,DRY,NO DEFECTS,INJURY AND / OR TOW DUE TO CRASH,"OVER $1,500",UNABLE TO DETERMINE,UNABLE TO DETERMINE,4830,W,CHICAGO AVE,2,NO INDICATION OF INJURY,0.0,0.0,0.0,0.0,0.0,1.0,0.0,8,5,10
e3ecdf718a8cbc799eb0bf2091a02f00b5107ca02cd10514dfcd6f60840a8f3b5854df62cdff0b07e97020e625b08d70ba1c33dcc368302fe812ede5b50cc145,2023-01-31 15:25:00,30,NO CONTROLS,NO CONTROLS,CLEAR,DAYLIGHT,PARKED MOTOR VEHICLE,NOT DIVIDED,STRAIGHT AND LEVEL,DRY,UNKNOWN,NO INJURY / DRIVE AWAY,"OVER $1,500",IMPROPER BACKING,DRIVING SKILLS/KNOWLEDGE/EXPERIENCE,307,W,31ST ST,2,NO INDICATION OF INJURY,0.0,0.0,0.0,0.0,0.0,2.0,0.0,15,3,1
08ea4c6cd1eb35c0cb95f4ef430b1dc93d37763692021b0397ede963ab4289cf29ef31a23e3f6bc0e4efe5bda5125e9db4eb4cd449dff0e1acbf6e8294d18282,2021-02-11 06:05:00,30,NO CONTROLS,NO CONTROLS,SNOW,DAWN,FIXED OBJECT,DIVIDED - W/MEDIAN (NOT RAISED),STRAIGHT AND LEVEL,SNOW OR SLUSH,NO DEFECTS,NO INJURY / DRIVE AWAY,"$501 - $1,500",DRIVING SKILLS/KNOWLEDGE/EXPERIENCE,NOT APPLICABLE,3856,N,PULASKI RD,1,NO INDICATION OF INJURY,0.0,0.0,0.0,0.0,0.0,1.0,0.0,6,5,2
1c6aee3eb7e2ee5d70d9baea0383057fdfc5f7af0b5d5dfc1224d02a32f81e77073521ae9bdb4273da6caab29c18e525e619866599c5fc6a575234425f267cce,2020-12-18 23:00:00,35,NO CONTROLS,NO CONTROLS,UNKNOWN,"DARKNESS, LIGHTED ROAD",PARKED MOTOR VEHICLE,NOT DIVIDED,STRAIGHT AND LEVEL,UNKNOWN,NO DEFECTS,NO INJURY / DRIVE AWAY,"OVER $1,500",UNABLE TO DETERMINE,NOT APPLICABLE,2401,W,110TH ST,2,NO INDICATION OF INJURY,0.0,0.0,0.0,0.0,0.0,1.0,0.0,23,6,12
0b40e7cc57c8a76b4b0d354edda7542ea64ae1e27aa55e6c4cae3246c3d22a9455bf71a84588d00b1f64acb1d4874d7b8838ee2d521d84219807cf2028e0a4b7,2017-03-25 15:20:00,30,NO CONTROLS,NO CONTROLS,RAIN,DAYLIGHT,ANGLE,NOT DIVIDED,STRAIGHT AND LEVEL,WET,UNKNOWN,INJURY AND / OR TOW DUE TO CRASH,"OVER $1,500",FAILING TO YIELD RIGHT-OF-WAY,EXCEEDING SAFE SPEED FOR CONDITIONS,5521,W,AUGUSTA BLVD,2,NONINCAPACITATING INJURY,1.0,0.0,0.0,1.0,0.0,1.0,0.0,15,7,3
4e5bbed0e2cf0bd1308f3b1df7862541b52e14e47e66fd9c05069c13298ca4667ee41cdaae841679afa7829dada9a2d7c4cd16c02219a03621ef6e34f1a80cb0,2018-09-05 14:10:00,35,TRAFFIC SIGNAL,FUNCTIONING PROPERLY,CLEAR,DAYLIGHT,ANGLE,DIVIDED - W/MEDIAN BARRIER,STRAIGHT AND LEVEL,DRY,NO DEFECTS,INJURY AND / OR TOW DUE TO CRASH,"OVER $1,500",IMPROPER OVERTAKING/PASSING,FAILING TO YIELD RIGHT-OF-WAY,9100,S,STONY ISLAND AVE,2,NONINCAPACITATING INJURY,1.0,0.0,0.0,1.0,0.0,1.0,0.0,14,4,9
84cf2ba948bdb7042364175e0f128c6abf9cf3b996e03670408005bfb4cb768af18950ab63dbb9e1eda079fc16fbdceb1898594fe40f5a93b18609f4757f503e,2016-05-02 15:46:00,30,UNKNOWN,UNKNOWN,UNKNOWN,UNKNOWN,SIDESWIPE SAME DIRECTION,NOT DIVIDED,STRAIGHT ON HILLCREST,UNKNOWN,UNKNOWN,NO INJURY / DRIVE AWAY,"OVER $1,500",UNABLE TO DETERMINE,UNABLE TO DETERMINE,2035,W,111TH ST,2,NO INDICATION OF INJURY,0.0,0.0,0.0,0.0,0.0,2.0,0.0,15,2,5
d03a5560c5f324b493e814633fb24824bd69f5103f93fb46312c662e51df2dbc374e91af50986bb2fb54d0bb2206904a9aa7ea2611ad985e14098a2699801094,2018-01-08 17:00:00,25,NO CONTROLS,NO CONTROLS,CLEAR,"DARKNESS, LIGHTED ROAD",PARKED MOTOR VEHICLE,PARKING LOT,STRAIGHT AND LEVEL,DRY,NO DEFECTS,NO INJURY / DRIVE AWAY,"OVER $1,500",IMPROPER BACKING,UNABLE TO DETERMINE,921,W,BELMONT AVE,2,NO INDICATION OF INJURY,0.0,0.0,0.0,0.0,0.0,1.0,0.0,17,2,1
11e2399fefb2bbcc9f1cbfe613c3c708a7821286a7605f175631cfbad9f8b4ab354c786a17b1e21d45bf128235d60981085d2c545814bf15d908a34f16bab35f,2017-07-18 12:30:00,30,NO CONTROLS,NO CONTROLS,CLEAR,DAYLIGHT,SIDESWIPE SAME DIRECTION,ONE-WAY,STRAIGHT AND LEVEL,DRY,UNKNOWN,NO INJURY / DRIVE AWAY,"OVER $1,500",IMPROPER BACKING,NOT APPLICABLE,8650,S,STONY ISLAND AVE,2,NO INDICATION OF INJURY,0.0,0.0,0.0,0.0,0.0,2.0,0.0,12,3,7
01a566a09f6f254bf6831c5bfb012997f1c7056b18f61e7b6efb6d3d13e5652140ac14f7218b4bc495d3b521ad453f63f573cd010227edc91035c7816ac93ebc,2018-12-21 20:20:00,30,NO CONTROLS,NO CONTROLS,CLEAR,DAYLIGHT,PARKED MOTOR VEHICLE,NOT DIVIDED,STRAIGHT AND LEVEL,DRY,NO DEFECTS,NO INJURY / DRIVE AWAY,"$501 - $1,500",UNABLE TO DETERMINE,UNABLE TO DETERMINE,610,S,FINANCIAL PL,2,NO INDICATION OF INJURY,0.0,0.0,0.0,0.0,0.0,2.0,0.0,20,6,12
a267fc0a5f44b1864cec856c2c3d8bd42887a86b7c19da9f236ba0673edc87fb095cd36d00202936b00a41fe9a360986b9e738f7356a9a34efb28ffda7704821,2017-11-17 14:15:00,25,STOP SIGN/FLASHER,FUNCTIONING PROPERLY,CLOUDY/OVERCAST,DAYLIGHT,ANGLE,ONE-WAY,STRAIGHT AND LEVEL,DRY,NO DEFECTS,INJURY AND / OR TOW DUE TO CRASH,"OVER $1,500",FAILING TO YIELD RIGHT-OF-WAY,UNABLE TO DETERMINE,6200,N,TALMAN AVE,2,NONINCAPACITATING INJURY,1.0,0.0,0.0,1.0,0.0,4.0,0.0,14,6,11
9563c7f7bc9a1a2abe525379b9201c51430aab0dfe4e57ca93829208f38af6f05f8b934c5d9b70317213589c90140228348402b99ceb3690228f1cb56e52ce53,2019-02-08 19:10:00,30,NO CONTROLS,NO CONTROLS,CLEAR,"DARKNESS, LIGHTED ROAD",SIDESWIPE SAME DIRECTION,NOT DIVIDED,STRAIGHT AND LEVEL,DRY,NO DEFECTS,NO INJURY / DRIVE AWAY,"OVER $1,500",FAILING TO YIELD RIGHT-OF-WAY,NOT APPLICABLE,220,N,LAKE SHORE DR NB,2,NO INDICATION OF INJURY,0.0,0.0,0.0,0.0,0.0,2.0,0.0,19,6,2
d511222f667a08dae3bf3825f816b050c6925350352439812fb89d0c48ffe049c055fe6e07afd3fc9e0454c569b811302442e125ae498cb16113adbcb4a81bbb,2017-08-16 18:00:00,30,UNKNOWN,UNKNOWN,UNKNOWN,UNKNOWN,REAR END,UNKNOWN,STRAIGHT AND LEVEL,UNKNOWN,UNKNOWN,NO INJURY / DRIVE AWAY,"OVER $1,500",UNABLE TO DETERMINE,UNABLE TO DETERMINE,6401,W,63RD ST,2,NO INDICATION OF INJURY,0.0,0.0,0.0,0.0,0.0,4.0,0.0,18,4,8
5463a8c956e21756b7beecf1fb9148c412aed13b1184c9888785247a660069c31bd865a6fb79445301508916948f680cfbdecae0560cee1883e5dbbaab4fcc54,2018-10-10 13:30:00,30,TRAFFIC SIGNAL,FUNCTIONING PROPERLY,RAIN,DAYLIGHT,REAR END,OTHER,STRAIGHT AND LEVEL,WET,NO DEFECTS,NO INJURY / DRIVE AWAY,$500 OR LESS,FOLLOWING TOO CLOSELY,WEATHER,4233,W,MADISON ST,3,NO INDICATION OF INJURY,0.0,0.0,0.0,0.0,0.0,3.0,0.0,13,4,10
cc79ccfe8cb6f59d6f621709279a38d42088a00e96f92102a8f95f6484d8699d3db494ec2f36ccb1f7c09c59c4f2b6c42cc69608100a079738d7eb402aa0a452,2022-05-24 17:36:00,30,NO CONTROLS,NO CONTROLS,CLEAR,DAYLIGHT,SIDESWIPE SAME DIRECTION,NOT DIVIDED,STRAIGHT AND LEVEL,UNKNOWN,UNKNOWN,NO INJURY / DRIVE AWAY,"$501 - $1,500",UNABLE TO DETERMINE,UNABLE TO DETERMINE,4620,N,DAMEN AVE,2,NO INDICATION OF INJURY,0.0,0.0,0.0,0.0,0.0,2.0,0.0,17,3,5
4c74b017a769b5ac073b7cca4c4cacca3fbb53426b1aff2973ac1b8024397cb7b7d17d7b36156a47a8c8b24f3458ef2fb83052dfe1b6d0dfad5ae247b7b246b6,2019-04-17 11:43:00,30,NO CONTROLS,NO CONTROLS,CLEAR,DAYLIGHT,FIXED OBJECT,ONE-WAY,STRAIGHT AND LEVEL,DRY,WORN SURFACE,INJURY AND / OR TOW DUE TO CRASH,"OVER $1,500",UNABLE TO DETERMINE,NOT APPLICABLE,5401,W,THOMAS ST,1,NO INDICATION OF INJURY,0.0,0.0,0.0,0.0,0.0,1.0,0.0,11,4,4
1b83bb960d70444a7c0c1b33169037750515c82d9438285d18d0dad859f253cce6c4c7477caef60a9d5c5396063e26b66fb49d8bd1ad2e319c9796400d0c988e,2019-01-27 11:15:00,30,NO CONTROLS,NO CONTROLS,CLEAR,DAYLIGHT,PARKED MOTOR VEHICLE,ONE-WAY,STRAIGHT AND LEVEL,DRY,NO DEFECTS,NO INJURY / DRIVE AWAY,"OVER $1,500",IMPROPER LANE USAGE,NOT APPLICABLE,745,N,RUSH ST,2,NO INDICATION OF INJURY,0.0,0.0,0.0,0.0,0.0,1.0,0.0,11,1,1
a8fc58ab4ce807c97d585e9aea4f3ff959bcbf4e93e1c994e7d0f5803f50969ec89f6c12db294dec3987d52eaedb6ddf6649eb20d012150e18dc6674fa64d0d6,2020-08-20 21:30:00,30,NO CONTROLS,NO CONTROLS,CLEAR,DARKNESS,PARKED MOTOR VEHICLE,NOT DIVIDED,STRAIGHT AND LEVEL,DRY,NO DEFECTS,INJURY AND / OR TOW DUE TO CRASH,"OVER $1,500",FAILING TO REDUCE SPEED TO AVOID CRASH,NOT APPLICABLE,3447,W,111TH ST,2,NO INDICATION OF INJURY,0.0,0.0,0.0,0.0,0.0,2.0,0.0,21,5,8
0dffa49231fa14a4afce7db85f9d2fb5eb2c6c72b6709444ae8910493a895b0a852ede3b12979b2096fda293de6ce55fe14a90e98117188dd798f21256587b04,2022-04-27 14:52:00,30,UNKNOWN,UNKNOWN,CLEAR,DAYLIGHT,SIDESWIPE SAME DIRECTION,NOT DIVIDED,STRAIGHT AND LEVEL,UNKNOWN,UNKNOWN,INJURY AND / OR TOW DUE TO CRASH,"$501 - $1,500",IMPROPER OVERTAKING/PASSING,IMPROPER OVERTAKING/PASSING,3500,S,KEDZIE AVE,2,"REPORTED, NOT EVIDENT",1.0,0.0,0.0,0.0,1.0,1.0,0.0,14,4,4
21aa7c41010782b6e4209384e7aa43ebd2dfe94fce73bce5e14fa0b15928e6738478cbfb296b977e1b14c7d8db00811e8aada6c682b95a65ce6008a10c10ae10,2023-10-31 13:25:00,30,UNKNOWN,UNKNOWN,UNKNOWN,UNKNOWN,TURNING,UNKNOWN,STRAIGHT AND LEVEL,UNKNOWN,UNKNOWN,NO INJURY / DRIVE AWAY,"$501 - $1,500",UNABLE TO DETERMINE,NOT APPLICABLE,4700,S,CICERO AVE,2,NO INDICATION OF INJURY,0.0,0.0,0.0,0.0,0.0,2.0,0.0,13,3,10
a0f55032245ac53ac4f14dc80067e6177e1c84a8b051790ec3429148e2d0476c4722e1494d8a10534c34a8173e146c205a199cefe9d617656cb629793b31ff9c,2018-10-08 22:00:00,30,NO CONTROLS,NO CONTROLS,UNKNOWN,"DARKNESS, LIGHTED ROAD",PARKED MOTOR VEHICLE,NOT DIVIDED,STRAIGHT AND LEVEL,UNKNOWN,NO DEFECTS,NO INJURY / DRIVE AWAY,"OVER $1,500",DISREGARDING YIELD SIGN,NOT APPLICABLE,1239,N,KOSTNER AVE,2,NO INDICATION OF INJURY,0.0,0.0,0.0,0.0,0.0,1.0,0.0,22,2,10
008a9adfaf0f7924325cdf1dc7c2eec59eb2c70f9be308c0ca3cac57a03f0f29237c9263f9380a3a3c0c99088043ebc99681ea2cfffe8800b8ea18dbdec623c2,2024-03-18 12:45:00,30,NO CONTROLS,NO CONTROLS,CLEAR,DAYLIGHT,PARKED MOTOR VEHICLE,ONE-WAY,STRAIGHT AND LEVEL,DRY,NO DEFECTS,NO INJURY / DRIVE AWAY,"OVER $1,500",UNABLE TO DETERMINE,UNABLE TO DETERMINE,149,N,MASON AVE,2,NO INDICATION OF INJURY,0.0,0.0,0.0,0.0,0.0,1.0,0.0,12,2,3
29e6f7cc7d3ca03fac421b0c9861d11d54b1eeeef55a6c4e935b0501b3c9c8f2f1fd95b0719ec41ea61b689115dc399091dba9a7ae4312691deab5f01d4d365f,2022-03-26 05:35:00,40,NO CONTROLS,NO CONTROLS,CLEAR,"DARKNESS, LIGHTED ROAD",FIXED OBJECT,FOUR WAY,STRAIGHT AND LEVEL,DRY,NO DEFECTS,INJURY AND / OR TOW DUE TO CRASH,"OVER $1,500",UNABLE TO DETERMINE,UNABLE TO DETERMINE,2401,N,LAKE SHORE DR NB,1,NO INDICATION OF INJURY,0.0,0.0,0.0,0.0,0.0,3.0,0.0,5,7,3
6ada83a5a4775eae4c7d2928bad1f810cfdd013bc755e631fb8b2e4ad9e918f59062fb205ee6736a259acf22c7c5f02550123d451a5c9b9c8002ef72381b07d4,2016-01-30 14:25:00,30,NO CONTROLS,NO CONTROLS,CLEAR,DAYLIGHT,SIDESWIPE SAME DIRECTION,NOT DIVIDED,STRAIGHT AND LEVEL,DRY,NO DEFECTS,NO INJURY / DRIVE AWAY,"$501 - $1,500",IMPROPER OVERTAKING/PASSING,UNABLE TO DETERMINE,1611,W,PETERSON AVE,2,NO INDICATION OF INJURY,0.0,0.0,0.0,0.0,0.0,2.0,0.0,14,7,1
659d215a47ef3fe0cb84337c3e907332d0a63c4483ce3092b990f6e92e4777b42ddec3682e43baca36da88e686f1ee75b6b5850ee2592a08b7f38989e05a3a51,2023-02-17 15:47:00,30,TRAFFIC SIGNAL,FUNCTIONING PROPERLY,CLEAR,DAYLIGHT,TURNING,FOUR WAY,STRAIGHT AND LEVEL,DRY,NO DEFECTS,INJURY AND / OR TOW DUE TO CRASH,"OVER $1,500",FAILING TO YIELD RIGHT-OF-WAY,NOT APPLICABLE,5300,N,BROADWAY,2,NO INDICATION OF INJURY,0.0,0.0,0.0,0.0,0.0,2.0,0.0,15,6,2
b09cf779967be46faa08d0c7d7d7db45f4f83ead7aa02f8cf769c0f092a9c6a0163e7f9567ab174f29aa687cc15958460eb095b9f5af1dc4953bd55709838e97,2023-12-22 12:15:00,30,TRAFFIC SIGNAL,FUNCTIONING PROPERLY,CLEAR,DAYLIGHT,SIDESWIPE SAME DIRECTION,DIVIDED - W/MEDIAN (NOT RAISED),STRAIGHT AND LEVEL,UNKNOWN,NO DEFECTS,NO INJURY / DRIVE AWAY,$500 OR LESS,IMPROPER LANE USAGE,NOT APPLICABLE,2358,W,87TH ST,2,NO INDICATION OF INJURY,0.0,0.0,0.0,0.0,0.0,3.0,0.0,12,6,12
0daf388a4cb68b45067fb9e7106864345bbe97ff434d6ecea9b7adb9d780f4f417af9f34ddd914ec6f409979c181ab9ddca7932902b829b7e8cf4696815a02f3,2023-09-05 14:30:00,30,TRAFFIC SIGNAL,FUNCTIONING PROPERLY,CLEAR,DAYLIGHT,REAR END,DIVIDED - W/MEDIAN (NOT RAISED),STRAIGHT AND LEVEL,DRY,UNKNOWN,NO INJURY / DRIVE AWAY,$500 OR LESS,DRIVING SKILLS/KNOWLEDGE/EXPERIENCE,DRIVING SKILLS/KNOWLEDGE/EXPERIENCE,16,E,ROOSEVELT RD,2,NO INDICATION OF INJURY,0.0,0.0,0.0,0.0,0.0,2.0,0.0,14,3,9
ed11a7a8a998bf6a1e89d9b01245ec211d88303eff6b0f03796a8288b4502af03890914592886af9441c0a250e01c9558f9cb5768b07805d71d908dac5ce968a,2018-03-21 21:00:00,30,TRAFFIC SIGNAL,FUNCTIONING IMPROPERLY,CLEAR,"DARKNESS, LIGHTED ROAD",TURNING,NOT DIVIDED,STRAIGHT AND LEVEL,DRY,NO DEFECTS,INJURY AND / OR TOW DUE TO CRASH,"OVER $1,500",DISREGARDING OTHER TRAFFIC SIGNS,IMPROPER TURNING/NO SIGNAL,1520,W,DIVISION ST,2,NO INDICATION OF INJURY,0.0,0.0,0.0,0.0,0.0,2.0,0.0,21,4,3
937146ac216683f637ae7077a737279cd999d6c51f2a2517d15bfc0f288a18dfa104511da786494dba3b817422b4f73ec93dcc4ac69922b2597c2e40f97e983e,2018-03-03 15:30:00,5,NO CONTROLS,NO CONTROLS,CLEAR,DAYLIGHT,ANGLE,PARKING LOT,STRAIGHT AND LEVEL,DRY,NO DEFECTS,NO INJURY / DRIVE AWAY,"OVER $1,500",FAILING TO YIELD RIGHT-OF-WAY,UNABLE TO DETERMINE,122,W,79TH ST,2,NO INDICATION OF INJURY,0.0,0.0,0.0,0.0,0.0,2.0,0.0,15,7,3
7060d25d4b971574ae29e22ff9762ef7d30fd20059aa0aafa476d8eec184c575692124ef0ee6c396f8ca2cbb38db8813fad080b6fa31e7827339ec07d631886a,2020-06-04 18:00:00,30,NO CONTROLS,FUNCTIONING PROPERLY,CLEAR,DAYLIGHT,PARKED MOTOR VEHICLE,NOT DIVIDED,STRAIGHT AND LEVEL,DRY,NO DEFECTS,INJURY AND / OR TOW DUE TO CRASH,"OVER $1,500",UNABLE TO DETERMINE,NOT APPLICABLE,614,E,46TH ST,2,NO INDICATION OF INJURY,0.0,0.0,0.0,0.0,0.0,1.0,0.0,18,5,6
71d0c9840c40137afb08d6d01d9fb85eb4b377986a6b42c24fb56e072c6bd83f2f63a28aecd80978e8a8579f59954f0bbe44c4e4b55a93c30941496bbf56acff,2018-06-03 05:30:00,30,STOP SIGN/FLASHER,FUNCTIONING PROPERLY,CLEAR,DAYLIGHT,REAR END,NOT DIVIDED,STRAIGHT AND LEVEL,DRY,NO DEFECTS,INJURY AND / OR TOW DUE TO CRASH,"$501 - $1,500",FOLLOWING TOO CLOSELY,NOT APPLICABLE,4201,S,KEDZIE AVE,2,NO INDICATION OF INJURY,0.0,0.0,0.0,0.0,0.0,2.0,0.0,5,1,6
164d2489089bf3d5284f54e3ce2ed52d002b65f0468b5a23976beb57142ae2571187afdcd490ba262aab16e882940ce7071bfcaf51c68bfd1a39c4741e0a7c09,2016-08-16 13:10:00,30,TRAFFIC SIGNAL,FUNCTIONING PROPERLY,CLEAR,DAYLIGHT,REAR END,NOT DIVIDED,STRAIGHT AND LEVEL,DRY,UNKNOWN,NO INJURY / DRIVE AWAY,"OVER $1,500",FOLLOWING TOO CLOSELY,UNABLE TO DETERMINE,3100,W,26TH ST,2,NO INDICATION OF INJURY,0.0,0.0,0.0,0.0,0.0,3.0,0.0,13,3,8
729e1f16d03d12e859977ae10b2c755d1ec437043290676ba15ceb3c94221b7204a253efff1738c72e3f80a3b6afc70bab6e668b5c6b683ff395b248d2ecc287,2021-06-17 10:30:00,35,TRAFFIC SIGNAL,FUNCTIONING PROPERLY,CLEAR,DAYLIGHT,TURNING,DIVIDED - W/MEDIAN (NOT RAISED),STRAIGHT AND LEVEL,DRY,NO DEFECTS,NO INJURY / DRIVE AWAY,"OVER $1,500",IMPROPER OVERTAKING/PASSING,UNABLE TO DETERMINE,8700,S,STATE ST,2,NO INDICATION OF INJURY,0.0,0.0,0.0,0.0,0.0,2.0,0.0,10,5,6
a1d0a6683059e1b1a014a88dab67e87bf63099b2526e8129a8606bd5a0c23bd2bf24a58a197463112e872ad498a91e429e86d0aae27a2ee44b25cdecdb54fc6c,2018-03-16 17:00:00,30,NO CONTROLS,NO CONTROLS,CLEAR,DAYLIGHT,PARKED MOTOR VEHICLE,ONE-WAY,STRAIGHT AND LEVEL,DRY,NO DEFECTS,NO INJURY / DRIVE AWAY,"OVER $1,500",UNABLE TO DETERMINE,UNABLE TO DETERMINE,5465,W,THOMAS ST,2,NO INDICATION OF INJURY,0.0,0.0,0.0,0.0,0.0,1.0,0.0,17,6,3