CRASH_RECORD_ID,CRASH_DATE,POSTED_SPEED_LIMIT,TRAFFIC_CONTROL_DEVICE,DEVICE_CONDITION,WEATHER_CONDITION,LIGHTING_CONDITION,FIRST_CRASH_TYPE,TRAFFICWAY_TYPE,ALIGNMENT,ROADWAY_SURFACE_COND,ROAD_DEFECT,CRASH_TYPE,DAMAGE,PRIM_CONTRIBUTORY_CAUSE,SEC_CONTRIBUTORY_CAUSE,STREET_NO,STREET_DIRECTION,STREET_NAME,NUM_UNITS,MOST_SEVERE_INJURY,INJURIES_TOTAL,INJURIES_FATAL,INJURIES_INCAPACITATING,INJURIES_NON_INCAPACITATING,INJURIES_REPORTED_NOT_EVIDENT,INJURIES_NO_INDICATION,INJURIES_UNKNOWN,CRASH_HOUR,CRASH_DAY_OF_WEEK,CRASH_MONTH
286cae0dbca47b1533685c3a199899ed4d5430b5d64394f0f220c670f891b6a97dc704902bfb64f11c6fcaf768a440cf5e9ad288cae803e938baa4787dd38199,2023-04-17 12:35:00,30,NO CONTROLS,NO CONTROLS,CLEAR,DAYLIGHT,ANGLE,ALLEY,STRAIGHT AND LEVEL,DRY,NO DEFECTS,INJURY AND / OR TOW DUE TO CRASH,"OVER $1,500",FAILING TO YIELD RIGHT-OF-WAY,NOT APPLICABLE,2412,W,EASTWOOD AVE,4,"REPORTED, NOT EVIDENT",2.0,0.0,0.0,0.0,2.0,1.0,0.0,12,2,4
00a4b6a74945366260b257671244cc9be35887f1de2345093c675b35b69def52c0042eb0740d71d7f46474008c4704fdaf5ee973606bbae07f490592912b775e,2021-02-10 03:30:00,30,TRAFFIC SIGNAL,FUNCTIONING PROPERLY,CLEAR,"DARKNESS, LIGHTED ROAD",REAR END,FOUR WAY,STRAIGHT AND LEVEL,DRY,NO DEFECTS,INJURY AND / OR TOW DUE TO CRASH,"OVER $1,500","OPERATING VEHICLE IN ERRATIC, RECKLESS, CARELESS, NEGLIGENT OR AGGRESSIVE MANNER",IMPROPER BACKING,800,W,87TH ST,2,NO INDICATION OF INJURY,0.0,0.0,0.0,0.0,0.0,2.0,0.0,3,4,2
7755fc8d36d03238c573d0f8776d96feba36ebbbfbe2f2d9758c8111b219493e8e04d6f2c18bd5726a6221238031d4833c381c53a5bb2b4ee44f460cb03d9a12,2020-11-03 14:15:00,30,NO CONTROLS,NO CONTROLS,CLEAR,DAYLIGHT,REAR END,DIVIDED - W/MEDIAN (NOT RAISED),STRAIGHT AND LEVEL,DRY,NO DEFECTS,NO INJURY / DRIVE AWAY,"$501 - $1,500",FOLLOWING TOO CLOSELY,NOT APPLICABLE,2541,W,FULLERTON AVE,2,NO INDICATION OF INJURY,0.0,0.0,0.0,0.0,0.0,2.0,0.0,14,3,11
888449a77e449c36d78e89f779ed796ba5e354fc1e2b44f67dd67ee6dbf681cc48f9cf21908ff56757794aec383c5983332e93c7e0b8ccbf80a377f34b384a64,2022-05-21 16:00:00,30,TRAFFIC SIGNAL,FUNCTIONING PROPERLY,CLEAR,DAYLIGHT,REAR END,DIVIDED - W/MEDIAN (NOT RAISED),STRAIGHT AND LEVEL,UNKNOWN,UNKNOWN,NO INJURY / DRIVE AWAY,"OVER $1,500",UNABLE TO DETERMINE,NOT APPLICABLE,2204,N,LARAMIE AVE,2,NO INDICATION OF INJURY,0.0,0.0,0.0,0.0,0.0,2.0,0.0,16,7,5
414abed373abe01f6e3504faf46be1c1f2af7f8584022a327413cf7c89c7fed3f4b433cf2d5d4b3312456c575755258694bfc62cc0016918bca898b4c2fa2582,2020-03-03 07:48:00,30,NO CONTROLS,NO CONTROLS,CLEAR,DAYLIGHT,SIDESWIPE SAME DIRECTION,DIVIDED - W/MEDIAN BARRIER,STRAIGHT AND LEVEL,DRY,NO DEFECTS,NO INJURY / DRIVE AWAY,$500 OR LESS,UNABLE TO DETERMINE,UNABLE TO DETERMINE,1938,W,GARFIELD BLVD,2,NO INDICATION OF INJURY,0.0,0.0,0.0,0.0,0.0,2.0,0.0,7,3,3
dab9213622059dd0283a79486d0c3e0f471859c5c930438a686b41fbba83862be6054526eaede46434e53f284f7d1cca79a6950717a70b97edc235f2a3c1048f,2019-11-08 10:28:00,30,STOP SIGN/FLASHER,FUNCTIONING PROPERLY,CLOUDY/OVERCAST,DAYLIGHT,REAR END,NOT DIVIDED,STRAIGHT AND LEVEL,DRY,NO DEFECTS,NO INJURY / DRIVE AWAY,"OVER $1,500",FOLLOWING TOO CLOSELY,DRIVING SKILLS/KNOWLEDGE/EXPERIENCE,1325,N,CALIFORNIA AVE,2,NO INDICATION OF INJURY,0.0,0.0,0.0,0.0,0.0,2.0,0.0,10,6,11
1d56eda5dba5799bb5cbcd97a5a06e6e1cd0744f9b01317717734aedce428d60e6137cc473b750af3600284e899df9e504c6bc99ea118f2fed8c0187bac83aff,2020-01-11 18:00:00,30,TRAFFIC SIGNAL,UNKNOWN,UNKNOWN,UNKNOWN,PEDESTRIAN,DIVIDED - W/MEDIAN (NOT RAISED),STRAIGHT AND LEVEL,UNKNOWN,UNKNOWN,INJURY AND / OR TOW DUE TO CRASH,"OVER $1,500",UNABLE TO DETERMINE,UNABLE TO DETERMINE,2199,S,ARCHER AVE,2,NONINCAPACITATING INJURY,1.0,0.0,0.0,1.0,0.0,1.0,0.0,18,7,1
210fe49244ed441e76ab0611f9c07e1d8c04d528f2537e05da7d03084acb074b18b4e49be16d2ddba94e34a901ee713604379c5a0363b4e876a840b36a8b103e,2021-08-24 15:34:00,35,TRAFFIC SIGNAL,FUNCTIONING PROPERLY,CLEAR,DAYLIGHT,TURNING,NOT DIVIDED,STRAIGHT AND LEVEL,DRY,NO DEFECTS,NO INJURY / DRIVE AWAY,"OVER $1,500",UNABLE TO DETERMINE,NOT APPLICABLE,1142,W,CONGRESS PKWY,2,NO INDICATION OF INJURY,0.0,0.0,0.0,0.0,0.0,2.0,0.0,15,3,8
dbba3bf155ce109bad54e13bae59f240ed247e250b4792b8ba774a5fa20f069244ea2a6a59aa115f83782ba25afc35aba3dc5829d626cdb08963c9f74d89d2e4,2023-12-30 11:20:00,15,OTHER,OTHER,OTHER,DAYLIGHT,PARKED MOTOR VEHICLE,PARKING LOT,STRAIGHT AND LEVEL,DRY,UNKNOWN,NO INJURY / DRIVE AWAY,"OVER $1,500",UNABLE TO DETERMINE,NOT APPLICABLE,806,N,CLARK ST,2,NO INDICATION OF INJURY,0.0,0.0,0.0,0.0,0.0,1.0,0.0,11,7,12
bcc9356217a2b7dcb62360bf487f768363b98eca61aa095f03003bafd4a4e1c20856f8c02214c33fbe0b18d1521d9fcbb57aa66d3738c7c8460a488ec3c075ac,2018-11-06 20:50:00,30,UNKNOWN,UNKNOWN,CLEAR,DARKNESS,PARKED MOTOR VEHICLE,ONE-WAY,STRAIGHT AND LEVEL,DRY,NO DEFECTS,INJURY AND / OR TOW DUE TO CRASH,"OVER $1,500",NOT APPLICABLE,NOT APPLICABLE,4434,W,51ST ST,3,NO INDICATION OF INJURY,0.0,0.0,0.0,0.0,0.0,1.0,0.0,20,3,11
f3fd4ed5abbd395b46f198b7f1e653b97f75ad4ce064137371265733872a9465903a16e59d6232cff387c6feac086a39b0ccd9809d647113f5415ef49f9687c1,2021-01-29 17:45:00,30,STOP SIGN/FLASHER,FUNCTIONING PROPERLY,CLEAR,"DARKNESS, LIGHTED ROAD",TURNING,NOT DIVIDED,STRAIGHT AND LEVEL,SNOW OR SLUSH,NO DEFECTS,NO INJURY / DRIVE AWAY,$500 OR LESS,UNABLE TO DETERMINE,UNABLE TO DETERMINE,635,E,47TH ST,2,NO INDICATION OF INJURY,0.0,0.0,0.0,0.0,0.0,2.0,0.0,17,6,1
b06f6f8ccd9a5d5dbdf849cca6d23170fe196ade261442c08758436c231cb455b288035fcc40ec687fc10e07df46647b058c65c59bacbd599541745cd13b8d97,2023-05-15 23:08:00,30,NO CONTROLS,NO CONTROLS,CLEAR,DARKNESS,REAR END,NOT DIVIDED,STRAIGHT AND LEVEL,DRY,NO DEFECTS,NO INJURY / DRIVE AWAY,"OVER $1,500",FOLLOWING TOO CLOSELY,FOLLOWING TOO CLOSELY,1618,W,DEVON AVE,2,NO INDICATION OF INJURY,0.0,0.0,0.0,0.0,0.0,2.0,0.0,23,2,5
bc0329226206fbe554bea6a0d020563f975ec9218b42eac9ce45aa30826a9b06c3778b195ba85fb7b294b7599e0737b5d8720e201aa795c179a627fa4c62ab39,2021-02-01 11:05:00,10,NO CONTROLS,NO CONTROLS,SNOW,DAYLIGHT,OVERTURNED,ONE-WAY,STRAIGHT AND LEVEL,WET,NO DEFECTS,INJURY AND / OR TOW DUE TO CRASH,"OVER $1,500",DRIVING SKILLS/KNOWLEDGE/EXPERIENCE,UNABLE TO DETERMINE,363,E,WACKER DR,1,NO INDICATION OF INJURY,0.0,0.0,0.0,0.0,0.0,1.0,0.0,11,2,2
3e4e2fb2a8606651f0bc934d50ff5eb5c252a740bdfb766693c527cbaf712ffdfd573a9b7d412d94c97b0aa7d15ccf13487f7f2a7d6ae09123f8191e348d64f5,2017-07-26 17:00:00,30,NO CONTROLS,NO CONTROLS,CLEAR,DAYLIGHT,REAR END,ONE-WAY,STRAIGHT AND LEVEL,DRY,NO DEFECTS,INJURY AND / OR TOW DUE TO CRASH,"OVER $1,500",IMPROPER LANE USAGE,NOT APPLICABLE,8800,S,LAFAYETTE AVE,2,NO INDICATION OF INJURY,0.0,0.0,0.0,0.0,0.0,2.0,0.0,17,4,7
46f0c985970af3ffa789bef33432935cee86de83577803261073a9b0a463097dcbe77e38f067b8dcbbe5f63805346939a067fc2bd6b54a62a12c15dc35eb7917,2019-05-27 16:00:00,30,TRAFFIC SIGNAL,FUNCTIONING PROPERLY,CLEAR,DAYLIGHT,ANGLE,FOUR WAY,STRAIGHT AND LEVEL,WET,NO DEFECTS,NO INJURY / DRIVE AWAY,"OVER $1,500",DISREGARDING YIELD SIGN,FAILING TO YIELD RIGHT-OF-WAY,8900,S,STONY ISLAND AVE,2,NO INDICATION OF INJURY,0.0,0.0,0.0,0.0,0.0,2.0,0.0,16,2,5
befead67ed113c05d2289a9170fc8d0a0ff2a46eed7609ad6c5b232e4515db93c37b2d7edcce546fafc52632e62df249f9f9a61cbc0f8ff955981a20fa8f33e3,2021-04-16 22:00:00,30,TRAFFIC SIGNAL,UNKNOWN,CLEAR,"DARKNESS, LIGHTED ROAD",TURNING,NOT DIVIDED,STRAIGHT AND LEVEL,DRY,UNKNOWN,NO INJURY / DRIVE AWAY,"$501 - $1,500",FAILING TO YIELD RIGHT-OF-WAY,UNABLE TO DETERMINE,2800,W,DEVON AVE,2,NO INDICATION OF INJURY,0.0,0.0,0.0,0.0,0.0,2.0,0.0,22,6,4
22593c05baece9fccda506de539b0016ef4f464c6eb4a20825b48411ed70a98f3dec59c394c0d5f40fae79405ea41fa020e5856ea11d6b64e956d6d00141d6a5,2017-09-01 02:20:00,30,NO CONTROLS,NO CONTROLS,CLEAR,"DARKNESS, LIGHTED ROAD",PARKED MOTOR VEHICLE,NOT DIVIDED,STRAIGHT AND LEVEL,DRY,NO DEFECTS,INJURY AND / OR TOW DUE TO CRASH,"OVER $1,500",UNDER THE INFLUENCE OF ALCOHOL/DRUGS (USE WHEN ARREST IS EFFECTED),NOT APPLICABLE,1461,E,HYDE PARK BLVD,3,INCAPACITATING INJURY,1.0,0.0,1.0,0.0,0.0,2.0,0.0,2,6,9
b88fe4d0c38861f7981c4a973f67f44cc0033b90a3230d0c7d205804b81ffc5dd7681d2e3dbd5a01eb7897e613971299f0963271bf93f491ff888b77992682bc,2023-11-16 17:54:00,30,STOP SIGN/FLASHER,FUNCTIONING PROPERLY,UNKNOWN,UNKNOWN,ANGLE,FOUR WAY,STRAIGHT AND LEVEL,UNKNOWN,UNKNOWN,INJURY AND / OR TOW DUE TO CRASH,"OVER $1,500",UNABLE TO DETERMINE,NOT APPLICABLE,1440,E,57TH ST,2,"REPORTED, NOT EVIDENT",1.0,0.0,0.0,0.0,1.0,1.0,0.0,17,5,11
2d97b39b2b3c0e54d73e8cb5b3301e6c721fcb6b5215e76b81ac00ae11008905373414aa5f6814dc4c06afcd322acad23780f38cb2a366b025bb1737bac97dbc,2020-08-04 17:45:00,30,STOP SIGN/FLASHER,FUNCTIONING PROPERLY,CLEAR,DAYLIGHT,ANGLE,NOT DIVIDED,STRAIGHT AND LEVEL,DRY,UNKNOWN,NO INJURY / DRIVE AWAY,"OVER $1,500",FAILING TO YIELD RIGHT-OF-WAY,FAILING TO REDUCE SPEED TO AVOID CRASH,800,N,CAMPBELL AVE,2,NO INDICATION OF INJURY,0.0,0.0,0.0,0.0,0.0,2.0,0.0,17,3,8
571aba8952de2de394751f9e6300d6cdb209507092af8920441c7d74faae1a279d8cb53cb0e23f66e79373d2c3ff483f495fce267102c797f0f1a4fbe0677519,2016-10-15 12:30:00,30,NO CONTROLS,NO CONTROLS,CLEAR,DAYLIGHT,PARKED MOTOR VEHICLE,OTHER,STRAIGHT AND LEVEL,DRY,NO DEFECTS,NO INJURY / DRIVE AWAY,"OVER $1,500",IMPROPER BACKING,FAILING TO REDUCE SPEED TO AVOID CRASH,9001,S,PARNELL AVE,2,NO INDICATION OF INJURY,0.0,0.0,0.0,0.0,0.0,1.0,0.0,12,7,10
edba972b36387565ab967ae89b7b3b5513f00daea6940ca993a27d6f98ecf76fdd113f6687dbc494ce3f8b6617af90c267992a02009abbaeecc743abda053f19,2019-07-27 10:15:00,25,NO CONTROLS,NO CONTROLS,CLEAR,DAYLIGHT,PARKED MOTOR VEHICLE,ONE-WAY,STRAIGHT AND LEVEL,DRY,UNKNOWN,NO INJURY / DRIVE AWAY,"OVER $1,500",UNABLE TO DETERMINE,UNABLE TO DETERMINE,1606,W,EDGEWATER AVE,2,NO INDICATION OF INJURY,0.0,0.0,0.0,0.0,0.0,4.0,0.0,10,7,7
3d83de9ebd26bcafc16f929b55519efb8299678f709ec250de0bbeecef44ec050accc6640b514781a3de9d6fd14643a148f3859584ee7b25713d661344ff4e04,2020-12-18 17:25:00,30,NO CONTROLS,NO CONTROLS,CLEAR,"DARKNESS, LIGHTED ROAD",SIDESWIPE SAME DIRECTION,DIVIDED - W/MEDIAN BARRIER,STRAIGHT AND LEVEL,DRY,UNKNOWN,NO INJURY / DRIVE AWAY,"OVER $1,500",IMPROPER OVERTAKING/PASSING,IMPROPER LANE USAGE,120,S,MICHIGAN AVE,2,NO INDICATION OF INJURY,0.0,0.0,0.0,0.0,0.0,2.0,0.0,17,6,12
4bb6655bed7c9aeed934b956d53dd6daab810cac5b672c018894d8afd29c598f227152a2a6eeb2c96d79e79246adf2dacdfdbd457748646b82070d8b48bf739e,2018-02-01 12:48:00,30,NO CONTROLS,NO CONTROLS,CLEAR,DAYLIGHT,SIDESWIPE SAME DIRECTION,NOT DIVIDED,STRAIGHT AND LEVEL,DRY,NO DEFECTS,NO INJURY / DRIVE AWAY,"OVER $1,500",UNABLE TO DETERMINE,NOT APPLICABLE,2126,W,MONTROSE AVE,2,NO INDICATION OF INJURY,0.0,0.0,0.0,0.0,0.0,3.0,0.0,12,5,2
e7d7cebe46b69def3c4656926885fc059ae7f586def981415326cb64e30fa014fc166fbf2c6474e9405cf4b956fa0d07a2ddb08c68c80f33c96b6f0034831592,2024-04-10 18:50:00,30,TRAFFIC SIGNAL,UNKNOWN,CLEAR,DUSK,TURNING,T-INTERSECTION,STRAIGHT AND LEVEL,DRY,NO DEFECTS,NO INJURY / DRIVE AWAY,"OVER $1,500",UNABLE TO DETERMINE,UNABLE TO DETERMINE,2801,N,ORCHARD ST,2,NO INDICATION OF INJURY,0.0,0.0,0.0,0.0,0.0,5.0,0.0,18,4,4
b44c1ca9f24ea28acd0295516a543025575db82fae9eb0372dbe303654a88d3f9690872d040bd0c5465343e7eb5d7d8134ef83ea515a0fe8daf846733b052b92,2020-07-20 13:55:00,30,TRAFFIC SIGNAL,FUNCTIONING PROPERLY,CLEAR,DAYLIGHT,SIDESWIPE SAME DIRECTION,ONE-WAY,STRAIGHT AND LEVEL,DRY,NO DEFECTS,NO INJURY / DRIVE AWAY,"$501 - $1,500",IMPROPER LANE USAGE,IMPROPER LANE USAGE,1100,S,JEFFERSON ST,2,NO INDICATION OF INJURY,0.0,0.0,0.0,0.0,0.0,2.0,0.0,13,2,7
bf8033ce9de7964be9eeaa840a000bc335090c5d77fdbbdc8fa5585beadd6b275afd945b2510692c9e90f36815bf1126821bd8b49153cd17b4a91d07c92ca442,2016-02-23 11:30:00,30,STOP SIGN/FLASHER,FUNCTIONING PROPERLY,CLEAR,DAYLIGHT,ANGLE,NOT DIVIDED,STRAIGHT AND LEVEL,DRY,NO DEFECTS,NO INJURY / DRIVE AWAY,"OVER $1,500",FAILING TO YIELD RIGHT-OF-WAY,UNABLE TO DETERMINE,1900,S,WABASH AVE,2,NO INDICATION OF INJURY,0.0,0.0,0.0,0.0,0.0,2.0,0.0,11,3,2
3d2383ee581cab8e7ee85df0dce858b68b004ada4d96b2c39b00f16ffd4343b4bcef77950258a0dc3b1f84200bd7c5a3e925d233c951b982e8d9de58bfff8265,2019-03-31 12:30:00,30,NO CONTROLS,NO CONTROLS,CLEAR,DAYLIGHT,OTHER OBJECT,DIVIDED - W/MEDIAN (NOT RAISED),STRAIGHT AND LEVEL,DRY,"RUT, HOLES",NO INJURY / DRIVE AWAY,"$501 - $1,500",ROAD ENGINEERING/SURFACE/MARKING DEFECTS,NOT APPLICABLE,900,N,HALSTED ST,1,NO INDICATION OF INJURY,0.0,0.0,0.0,0.0,0.0,3.0,0.0,12,1,3
ded204f694bf0d5abad366e46e0c5ce912484052fc2496b60c68b72e5d3356548c3d27a4b362435c1ffc1616b1e3c4350df8c1f3079aba7fe439725abbdbc9db,2018-08-17 16:29:00,30,NO CONTROLS,NO CONTROLS,CLEAR,DAYLIGHT,PARKED MOTOR VEHICLE,ONE-WAY,STRAIGHT AND LEVEL,DRY,NO DEFECTS,NO INJURY / DRIVE AWAY,"OVER $1,500",IMPROPER LANE USAGE,EXCEEDING AUTHORIZED SPEED LIMIT,9942,S,PRINCETON AVE,2,NO INDICATION OF INJURY,0.0,0.0,0.0,0.0,0.0,1.0,0.0,16,6,8
66f1d75036ef20109f1382f8f9660779df0ede8f37dd07e8c0192f5229a8dff9a8f00e23634c04bc576b8e42433e28b163feb8d72d32652499b595599a32de30,2019-10-04 17:19:00,30,TRAFFIC SIGNAL,FUNCTIONING PROPERLY,CLEAR,DAYLIGHT,SIDESWIPE SAME DIRECTION,ONE-WAY,STRAIGHT AND LEVEL,DRY,NO DEFECTS,NO INJURY / DRIVE AWAY,$500 OR LESS,FAILING TO REDUCE SPEED TO AVOID CRASH,FAILING TO YIELD RIGHT-OF-WAY,36,W,SUPERIOR ST,2,NO INDICATION OF INJURY,0.0,0.0,0.0,0.0,0.0,2.0,0.0,17,6,10
0a71ac21c12a70d4ce0df3cfbb3f91750a43cdab503cece52a18e97a2e6d3b5ed47185450a142f51af73e30ba015ea52dff5cd8ce00e112804624efc0bd8da6f,2021-09-02 08:20:00,30,NO CONTROLS,NO CONTROLS,CLEAR,DAYLIGHT,REAR END,NOT DIVIDED,STRAIGHT AND LEVEL,DRY,NO DEFECTS,NO INJURY / DRIVE AWAY,"OVER $1,500",UNABLE TO DETERMINE,UNABLE TO DETERMINE,1401,N,AUSTIN BLVD,2,NO INDICATION OF INJURY,0.0,0.0,0.0,0.0,0.0,2.0,0.0,8,5,9
aa68932c581f0d3b4c70e42dc7b43b0b09d8078f6158a90d8dc54f622ef04574c104241819385422e137d918c59d549ac460dfef3e16ccb960b70477edfe1dd6,2024-03-23 11:25:00,25,NO CONTROLS,NO CONTROLS,CLEAR,DAYLIGHT,PEDESTRIAN,FOUR WAY,STRAIGHT AND LEVEL,DRY,NO DEFECTS,INJURY AND / OR TOW DUE TO CRASH,$500 OR LESS,FAILING TO REDUCE SPEED TO AVOID CRASH,DISTRACTION - FROM INSIDE VEHICLE,2299,N,LAKEWOOD AVE,3,NONINCAPACITATING INJURY,1.0,0.0,0.0,1.0,0.0,2.0,0.0,11,7,3
c0d7eb818bc652aa0013d00a10470ed12deb629af364c49404a15161c4885e37d52cd94aa650fdb90ec1d57f37759e7c1e6881b67178551a69a593e0fc6cf845,2022-10-11 11:00:00,30,NO CONTROLS,NO CONTROLS,CLEAR,DAYLIGHT,FIXED OBJECT,PARKING LOT,STRAIGHT AND LEVEL,DRY,NO DEFECTS,NO INJURY / DRIVE AWAY,"$501 - $1,500",UNABLE TO DETERMINE,UNABLE TO DETERMINE,5150,W,55TH ST,1,NO INDICATION OF INJURY,0.0,0.0,0.0,0.0,0.0,2.0,0.0,11,3,10
99b0986a68c7bf9eb4b00a6cdde6975f00c7b8c18bf31b7ec3209f9cabf1f73f98a273abc3dbd9617e58b9eec41b2ba4f18c92fba690567d1277a4c0ecf86319,2019-11-01 20:20:00,30,TRAFFIC SIGNAL,FUNCTIONING PROPERLY,CLEAR,"DARKNESS, LIGHTED ROAD",ANGLE,T-INTERSECTION,STRAIGHT ON GRADE,DRY,NO DEFECTS,INJURY AND / OR TOW DUE TO CRASH,"OVER $1,500",UNABLE TO DETERMINE,UNABLE TO DETERMINE,5568,S,ARCHER AVE,2,"REPORTED, NOT EVIDENT",1.0,0.0,0.0,0.0,1.0,1.0,0.0,20,6,11
331db70bbc95210a0a30bed087fad96dd69c915cb280fbaecacd237594d0897f73ffa65dde612c4742db9477e3a858126de71233b3addaa2e8ff7536cc167196,2017-09-13 16:05:00,30,STOP SIGN/FLASHER,OTHER,CLOUDY/OVERCAST,DAYLIGHT,TURNING,DIVIDED - W/MEDIAN (NOT RAISED),STRAIGHT AND LEVEL,DRY,NO DEFECTS,NO INJURY / DRIVE AWAY,"$501 - $1,500",FAILING TO YIELD RIGHT-OF-WAY,DRIVING SKILLS/KNOWLEDGE/EXPERIENCE,2332,S,DAMEN AVE,2,NO INDICATION OF INJURY,0.0,0.0,0.0,0.0,0.0,4.0,0.0,16,4,9
75b633c033f0f6bb8eccbc000dd60b50c18d07e88b781268ba8b02c2d3a36e2be81345eaa27cee168c8db8b2c840fa2603a16ba47917643ae6b9b5f121f45167,2018-09-17 12:45:00,15,NO CONTROLS,NO CONTROLS,CLEAR,UNKNOWN,PARKED MOTOR VEHICLE,PARKING LOT,STRAIGHT AND LEVEL,DRY,UNKNOWN,NO INJURY / DRIVE AWAY,"OVER $1,500",UNABLE TO DETERMINE,NOT APPLICABLE,255,W,GRAND AVE,2,NO INDICATION OF INJURY,0.0,0.0,0.0,0.0,0.0,1.0,0.0,12,2,9
5db41c38c2fd6e2f9f1d3fdcbb73f0913ea601792d6db1c418320008d4ece891441c2a14c0ceb66622fa087701666152c46d5b914b1cb731478b1d9ae3e3e085,2017-07-07 21:25:00,40,TRAFFIC SIGNAL,FUNCTIONING PROPERLY,CLEAR,DAYLIGHT,REAR END,DIVIDED - W/MEDIAN BARRIER,STRAIGHT AND LEVEL,DRY,NO DEFECTS,NO INJURY / DRIVE AWAY,"$501 - $1,500",FOLLOWING TOO CLOSELY,NOT APPLICABLE,120,S,LAKE SHORE DR NB,2,NO INDICATION OF INJURY,0.0,0.0,0.0,0.0,0.0,2.0,0.0,21,6,7
a86bf0ec96dfc9d799c2cd85ab6501bc6402d249cbd2912b24cd1a7a5eb2eec077aac0af4b8dd2623db4a9028f5f783812bcb6c4611b50e8a17bea90f6518ddb,2024-01-30 14:40:00,25,NO CONTROLS,NO CONTROLS,UNKNOWN,UNKNOWN,PARKED MOTOR VEHICLE,ONE-WAY,STRAIGHT AND LEVEL,UNKNOWN,UNKNOWN,NO INJURY / DRIVE AWAY,$500 OR LESS,UNABLE TO DETERMINE,UNABLE TO DETERMINE,6830,S,DANTE AVE,2,NO INDICATION OF INJURY,0.0,0.0,0.0,0.0,0.0,1.0,0.0,14,3,1
61752e22e2317e828fcad53a35c6bd3ce99eb9f232f4cb2a1051410047270b56fe76226619071ab959eb4c7c508cd4b0ccc188bb1724e9c76aa9c24f5068ad94,2019-05-15 06:40:00,30,TRAFFIC SIGNAL,FUNCTIONING PROPERLY,CLEAR,DAYLIGHT,SIDESWIPE SAME DIRECTION,DIVIDED - W/MEDIAN (NOT RAISED),STRAIGHT AND LEVEL,DRY,NO DEFECTS,NO INJURY / DRIVE AWAY,$500 OR LESS,IMPROPER LANE USAGE,NOT APPLICABLE,1539,N,AUSTIN BLVD,2,NO INDICATION OF INJURY,0.0,0.0,0.0,0.0,0.0,4.0,0.0,6,4,5
0e9b3499b421d3c9101a3d83cce794c228563ecfd95d87017b268038ce9dde0e501c8ff66e22779d916827ab51f4d0f67f556d99a02114362552f35e61b6c8d1,2022-02-12 08:45:00,30,NO CONTROLS,NO CONTROLS,CLEAR,DAYLIGHT,SIDESWIPE SAME DIRECTION,NOT DIVIDED,STRAIGHT AND LEVEL,DRY,NO DEFECTS,NO INJURY / DRIVE AWAY,"$501 - $1,500",UNABLE TO DETERMINE,NOT APPLICABLE,936,N,ASHLAND AVE,2,NO INDICATION OF INJURY,0.0,0.0,0.0,0.0,0.0,4.0,0.0,8,7,2
b69f8d7c58c2c1d788ec97340cac956bfbeebfd21f4f70aef03e1d561ed3c1a7014b27440b51fc85f391cebe49c5c0d49d381690a9c035fdf95d3d81e527e927,2018-06-19 18:45:00,30,TRAFFIC SIGNAL,FUNCTIONING PROPERLY,CLEAR,DAYLIGHT,SIDESWIPE SAME DIRECTION,ONE-WAY,STRAIGHT AND LEVEL,DRY,NO DEFECTS,NO INJURY / DRIVE AWAY,$500 OR LESS,UNABLE TO DETERMINE,NOT APPLICABLE,1,W,LAKE ST,2,NO INDICATION OF INJURY,0.0,0.0,0.0,0.0,0.0,3.0,0.0,18,3,6
a3b7ac4c74101f1458abcb0d40b117da9eea3471e74a4fceeec928e4697ef54d8d800e81e9238b8ec9519c466d41c8305920a5254c83c04038a3945a1452c450,2017-01-13 17:30:00,30,TRAFFIC SIGNAL,FUNCTIONING PROPERLY,CLEAR,"DARKNESS, LIGHTED ROAD",SIDESWIPE SAME DIRECTION,DIVIDED - W/MEDIAN (NOT RAISED),STRAIGHT AND LEVEL,DRY,NO DEFECTS,NO INJURY / DRIVE AWAY,"OVER $1,500",IMPROPER LANE USAGE,NOT APPLICABLE,2011,W,FOSTER AVE,2,NO INDICATION OF INJURY,0.0,0.0,0.0,0.0,0.0,2.0,0.0,17,6,1
79f0b67299668f6f956ac1a88c09d4273cf53f2fc334f5494be13a44b63b979c0f54a7e9c608f9ac901e4add309ed703d7e10a8e9a02eae934df1c703f45c7c3,2018-09-14 16:20:00,30,NO CONTROLS,NO CONTROLS,CLEAR,DAYLIGHT,SIDESWIPE SAME DIRECTION,NOT DIVIDED,STRAIGHT AND LEVEL,UNKNOWN,UNKNOWN,NO INJURY / DRIVE AWAY,"$501 - $1,500",NOT APPLICABLE,NOT APPLICABLE,5351,W,GRAND AVE,2,NO INDICATION OF INJURY,0.0,0.0,0.0,0.0,0.0,3.0,0.0,16,6,9
5642d2bf57631d7fc4649f5e7147faebabf3a0d961cf9e170d611385f29753d4f9709113d16108716d2ab12907234bfc6b4e5ce0826b2bff87fc22675d48c977,2018-07-25 17:47:00,30,TRAFFIC SIGNAL,FUNCTIONING PROPERLY,CLEAR,DAYLIGHT,FIXED OBJECT,NOT DIVIDED,STRAIGHT AND LEVEL,DRY,NO DEFECTS,INJURY AND / OR TOW DUE TO CRASH,"OVER $1,500",UNABLE TO DETERMINE,UNABLE TO DETERMINE,4498,S,DREXEL BLVD,1,NO INDICATION OF INJURY,0.0,0.0,0.0,0.0,0.0,1.0,0.0,17,4,7
a000a1bdce9c424e7f841a807490fa64f50a53bcc9313c46688f3f98898cb9e5b20fb603ae34892f7e108829a2dc8b577064caffa050ab6d0ee8e777cb0da74d,2020-03-23 20:59:00,30,TRAFFIC SIGNAL,FUNCTIONING PROPERLY,CLEAR,"DARKNESS, LIGHTED ROAD",TURNING,NOT DIVIDED,STRAIGHT AND LEVEL,DRY,NO DEFECTS,INJURY AND / OR TOW DUE TO CRASH,"OVER $1,500",IMPROPER LANE USAGE,UNABLE TO DETERMINE,6401,W,BELMONT AVE,2,NO INDICATION OF INJURY,0.0,0.0,0.0,0.0,0.0,2.0,0.0,20,2,3