CRASH_RECORD_ID,CRASH_DATE,POSTED_SPEED_LIMIT,TRAFFIC_CONTROL_DEVICE,DEVICE_CONDITION,WEATHER_CONDITION,LIGHTING_CONDITION,FIRST_CRASH_TYPE,TRAFFICWAY_TYPE,ALIGNMENT,ROADWAY_SURFACE_COND,ROAD_DEFECT,CRASH_TYPE,DAMAGE,PRIM_CONTRIBUTORY_CAUSE,SEC_CONTRIBUTORY_CAUSE,STREET_NO,STREET_DIRECTION,STREET_NAME,NUM_UNITS,MOST_SEVERE_INJURY,INJURIES_TOTAL,INJURIES_FATAL,INJURIES_INCAPACITATING,INJURIES_NON_INCAPACITATING,INJURIES_REPORTED_NOT_EVIDENT,INJURIES_NO_INDICATION,INJURIES_UNKNOWN,CRASH_HOUR,CRASH_DAY_OF_WEEK,CRASH_MONTH
5477e82c793b939a4c1b0aa5161ff57a8c6a97f7e65bdd9edf9a920189d73459d503e71118aec5cef59a9c37868d191662c3b6c76988c360f93c6cec972f2dc1,2018-05-29 18:25:00,30,TRAFFIC SIGNAL,FUNCTIONING PROPERLY,CLEAR,DAYLIGHT,SIDESWIPE SAME DIRECTION,ONE-WAY,STRAIGHT AND LEVEL,DRY,NO DEFECTS,NO INJURY / DRIVE AWAY,"OVER $1,500",UNABLE TO DETERMINE,UNABLE TO DETERMINE,342,W,RANDOLPH ST,2,NO INDICATION OF INJURY,0.0,0.0,0.0,0.0,0.0,2.0,0.0,18,3,5
d73bd06c0c54384992eb8c9229edcf3ff80f90ee5c9ba58107700d6f43c91c17837cda359d94009fa317624ada094ab96074e0ac7932d264168164c806b5a0fb,2022-02-12 02:30:00,30,NO CONTROLS,NO CONTROLS,CLEAR,DAYLIGHT,PARKED MOTOR VEHICLE,NOT DIVIDED,STRAIGHT AND LEVEL,DRY,NO DEFECTS,NO INJURY / DRIVE AWAY,"OVER $1,500",FAILING TO REDUCE SPEED TO AVOID CRASH,DRIVING SKILLS/KNOWLEDGE/EXPERIENCE,748,N,FRANKLIN ST,2,NO INDICATION OF INJURY,0.0,0.0,0.0,0.0,0.0,1.0,0.0,2,7,2
6e3dbbd81e3ae4dcf84ab9baad6234d541d3a20c6f65d2dd540f27b0f193fbab9f1ddef0241485e3b317271cf77e1ddd62a951d80235063eb0e6a353b34532c4,2021-12-19 01:20:00,30,NO CONTROLS,NO CONTROLS,CLEAR,"DARKNESS, LIGHTED ROAD",PARKED MOTOR VEHICLE,NOT DIVIDED,STRAIGHT AND LEVEL,DRY,NO DEFECTS,INJURY AND / OR TOW DUE TO CRASH,"OVER $1,500",UNABLE TO DETERMINE,UNABLE TO DETERMINE,6330,S,STONY ISLAND AVE,2,FATAL,1.0,1.0,0.0,0.0,0.0,0.0,0.0,1,1,12
1290a6f3197bc5cfdf4443f32c01d4af7d23dd7fefd430ac4d586bb6e688fa55f6f9864a3d56aab4a0194f673067ad9d2b22f6e3ff49afaf8a45b2efa700e58e,2022-10-21 13:03:00,25,NO CONTROLS,NO CONTROLS,CLEAR,DAYLIGHT,PARKED MOTOR VEHICLE,DIVIDED - W/MEDIAN (NOT RAISED),STRAIGHT AND LEVEL,DRY,NO DEFECTS,INJURY AND / OR TOW DUE TO CRASH,"OVER $1,500",NOT APPLICABLE,NOT APPLICABLE,7338,N,ORIOLE AVE,3,INCAPACITATING INJURY,1.0,0.0,1.0,0.0,0.0,0.0,0.0,13,6,10
acdc3b4ece7d471d16b8b8504cea219b259c5b866c76b99e103f1ffbe5bdc9d550fd52fd9411ecfd5f87aa2b3f7d6e9780eb78497d9fbeb5e140a15d4e005790,2021-08-10 10:33:00,10,NO CONTROLS,NO CONTROLS,CLEAR,DAYLIGHT,PARKED MOTOR VEHICLE,ONE-WAY,STRAIGHT AND LEVEL,DRY,NO DEFECTS,NO INJURY / DRIVE AWAY,"OVER $1,500",UNABLE TO DETERMINE,UNABLE TO DETERMINE,1048,W,ROSCOE ST,2,NO INDICATION OF INJURY,0.0,0.0,0.0,0.0,0.0,1.0,0.0,10,3,8
064522ba7cd5c58d37768824b3092267ec57e5a860f4008312d95529891ee9f85b8b0512d25589e9a2090d97a866e5067beef375bd67e01ad2c9ae76d0f68d5a,2019-04-30 14:48:00,30,TRAFFIC SIGNAL,FUNCTIONING PROPERLY,RAIN,DAYLIGHT,REAR END,DIVIDED - W/MEDIAN (NOT RAISED),STRAIGHT AND LEVEL,WET,NO DEFECTS,NO INJURY / DRIVE AWAY,"$501 - $1,500",UNABLE TO DETERMINE,UNABLE TO DETERMINE,5204,N,CICERO AVE,2,NO INDICATION OF INJURY,0.0,0.0,0.0,0.0,0.0,3.0,0.0,14,3,4
5b4774a3bfb3e5c7f6b3ee635851e121736ef1912074160df3747625ecb60bf7abee2487f7f2605c1f7a41e118948efac9df7a6af19517ea95e05bc62a5735ac,2023-02-23 22:00:00,30,NO CONTROLS,NO CONTROLS,CLEAR,"DARKNESS, LIGHTED ROAD",PARKED MOTOR VEHICLE,NOT DIVIDED,STRAIGHT AND LEVEL,DRY,NO DEFECTS,NO INJURY / DRIVE AWAY,"OVER $1,500",FOLLOWING TOO CLOSELY,UNABLE TO DETERMINE,3800,N,MILWAUKEE AVE,2,NO INDICATION OF INJURY,0.0,0.0,0.0,0.0,0.0,1.0,0.0,22,5,2
97eb203dbeb91a4aa1d35da9f50912d79b0d13c31c75c0efae1e29dcd6ed3700b0cec67f99a6db23d840658f2adce9439b329d81a154d4522cbd05e02d8b3d67,2022-01-16 17:45:00,30,NO CONTROLS,NO CONTROLS,CLEAR,DAYLIGHT,SIDESWIPE SAME DIRECTION,NOT DIVIDED,STRAIGHT AND LEVEL,DRY,NO DEFECTS,NO INJURY / DRIVE AWAY,"$501 - $1,500",IMPROPER OVERTAKING/PASSING,UNABLE TO DETERMINE,2851,E,130TH ST,2,NO INDICATION OF INJURY,0.0,0.0,0.0,0.0,0.0,2.0,0.0,17,1,1
a40881758f29c3aa4f5319c1e488f44a794b20960b11ad9e0aba3ebd68d20a79617360afd87e4ff7b07b76ccd85ada7637141a65cda028848a7597233886928d,2019-03-19 14:30:00,30,NO CONTROLS,NO CONTROLS,CLEAR,DAYLIGHT,SIDESWIPE SAME DIRECTION,NOT DIVIDED,STRAIGHT AND LEVEL,DRY,NO DEFECTS,NO INJURY / DRIVE AWAY,"OVER $1,500",NOT APPLICABLE,NOT APPLICABLE,1600,W,WELLINGTON AVE,2,NO INDICATION OF INJURY,0.0,0.0,0.0,0.0,0.0,2.0,0.0,14,3,3
de78399e6eebc6c804d9491de4ed419ce227273c8054836855162ba33ededb57ab30fa043201d05a1bc81b79122ab243bd917032a76989c2f63c698a59c3acd6,2018-05-10 15:40:00,30,STOP SIGN/FLASHER,NO CONTROLS,CLEAR,DAYLIGHT,SIDESWIPE SAME DIRECTION,NOT DIVIDED,STRAIGHT AND LEVEL,DRY,NO DEFECTS,NO INJURY / DRIVE AWAY,$500 OR LESS,IMPROPER LANE USAGE,NOT APPLICABLE,5058,S,KEDZIE AVE,2,NO INDICATION OF INJURY,0.0,0.0,0.0,0.0,0.0,3.0,0.0,15,5,5
dd1c42c37bf323c4ce1416c8403baaf8f2b00c9e69fd5edeccc4a145636ba7f077ca197de124a720180c16ca24c0518a5c48f5744279d4470106575456aaae4b,2018-10-04 21:45:00,30,NO CONTROLS,NO CONTROLS,CLEAR,"DARKNESS, LIGHTED ROAD",TURNING,NOT DIVIDED,STRAIGHT AND LEVEL,DRY,UNKNOWN,NO INJURY / DRIVE AWAY,"$501 - $1,500",NOT APPLICABLE,NOT APPLICABLE,6000,W,IRVING PARK RD,2,NO INDICATION OF INJURY,0.0,0.0,0.0,0.0,0.0,3.0,0.0,21,5,10
4d09169317e389a6483efac9f1d1cd228f9e1d08b28127f85ae40769e63d82e191c43c7db0091ba045dfbfd5527e5fdd02719d2d0a415a4f842ed806cab855f4,2020-12-30 07:00:00,35,TRAFFIC SIGNAL,FUNCTIONING PROPERLY,SNOW,DAWN,FIXED OBJECT,NOT DIVIDED,STRAIGHT AND LEVEL,SNOW OR SLUSH,NO DEFECTS,INJURY AND / OR TOW DUE TO CRASH,"OVER $1,500",WEATHER,UNABLE TO DETERMINE,5600,N,BROADWAY,1,NO INDICATION OF INJURY,0.0,0.0,0.0,0.0,0.0,1.0,0.0,7,4,12
3f7bc0e5b1c0c0e511d407c5bd9aaf598b1f72a37d5274861e31e44a558b443c6ed913d8fe74734bffbe402565d8d47bf87c8b0611fc5df17e26ea689d88dcd3,2018-08-23 19:00:00,30,NO CONTROLS,NO CONTROLS,CLEAR,DAYLIGHT,PARKED MOTOR VEHICLE,ONE-WAY,STRAIGHT AND LEVEL,DRY,NO DEFECTS,NO INJURY / DRIVE AWAY,"OVER $1,500",UNABLE TO DETERMINE,UNABLE TO DETERMINE,3247,S,MAY ST,2,NO INDICATION OF INJURY,0.0,0.0,0.0,0.0,0.0,1.0,0.0,19,5,8
660a0f421ef0b9d76783bb490feceff3b4e8fd9019b283d368580d836f22817222665af891c22d77d398ddf1eb677805a14689ff318d10bc49d05f7fd09ba2cf,2023-08-24 16:45:00,30,TRAFFIC SIGNAL,FUNCTIONING PROPERLY,CLEAR,DAYLIGHT,REAR END,DIVIDED - W/MEDIAN (NOT RAISED),STRAIGHT AND LEVEL,DRY,NO DEFECTS,NO INJURY / DRIVE AWAY,"$501 - $1,500",FAILING TO YIELD RIGHT-OF-WAY,UNABLE TO DETERMINE,756,W,59TH ST,2,NO INDICATION OF INJURY,0.0,0.0,0.0,0.0,0.0,2.0,0.0,16,5,8
9a5b9a51e4c5ec297e5d39924c4d406261833df7d9bb4aa52c2e9d3b8d241942e1d5ac222717d328df4ad5c977220c3eeb434148a89fe7d42aa2895b6c4deea4,2017-04-18 07:00:00,30,NO CONTROLS,NO CONTROLS,CLEAR,DAYLIGHT,PARKED MOTOR VEHICLE,NOT DIVIDED,STRAIGHT AND LEVEL,DRY,NO DEFECTS,NO INJURY / DRIVE AWAY,"$501 - $1,500",UNABLE TO DETERMINE,UNABLE TO DETERMINE,2611,E,73RD ST,2,NO INDICATION OF INJURY,0.0,0.0,0.0,0.0,0.0,1.0,0.0,7,3,4
d6f1fa996531478a38d9157dea2200fda932a51d3640daaddfe2d30a6bbc354de4b7797391f4a81012a83dad30000b52ca5bcff3d4d466c9f59da4308d6c6c59,2023-03-07 07:58:00,30,STOP SIGN/FLASHER,FUNCTIONING PROPERLY,CLEAR,DAYLIGHT,TURNING,NOT DIVIDED,STRAIGHT AND LEVEL,DRY,NO DEFECTS,NO INJURY / DRIVE AWAY,"OVER $1,500",NOT APPLICABLE,NOT APPLICABLE,4441,N,MILWAUKEE AVE,2,NO INDICATION OF INJURY,0.0,0.0,0.0,0.0,0.0,2.0,0.0,7,3,3
b5a59acc6a75cd195d29463754af90fef1ecc48c894d07888f3b96852164a2ac91dcc60512705b0302bcd9f92078894cdfd113bc5ff6674bcf3f7b93a6771791,2022-12-22 11:42:00,30,NO CONTROLS,NO CONTROLS,CLEAR,DAYLIGHT,REAR END,NOT DIVIDED,STRAIGHT AND LEVEL,DRY,NO DEFECTS,NO INJURY / DRIVE AWAY,"OVER $1,500",FOLLOWING TOO CLOSELY,FOLLOWING TOO CLOSELY,2410,N,LINCOLN AVE,2,NO INDICATION OF INJURY,0.0,0.0,0.0,0.0,0.0,2.0,0.0,11,5,12
4910eb7f1819461de8e91811a4f1fd03df3d5d0db473a4512f18b8a57479abbb0b5913246f55e511d00238e2a898ea3c2b7bd3eba4d446a97dd7c1c30e900112,2020-08-16 08:20:00,30,NO CONTROLS,NO CONTROLS,CLEAR,DAYLIGHT,PARKED MOTOR VEHICLE,OTHER,STRAIGHT AND LEVEL,UNKNOWN,UNKNOWN,NO INJURY / DRIVE AWAY,"$501 - $1,500",UNABLE TO DETERMINE,UNABLE TO DETERMINE,3058,S,HOMAN AVE,2,NO INDICATION OF INJURY,0.0,0.0,0.0,0.0,0.0,1.0,0.0,8,1,8
eb5958bc15c2a7c1a27914e1b13484fb964c304807e1fb674692ef5ba33068c6a269a7ceba2c3d0be57cc2db2a26b95dbd71c4d1d9ec5e9a07040c0dd989e782,2016-08-08 15:30:00,30,TRAFFIC SIGNAL,FUNCTIONING PROPERLY,CLEAR,DAYLIGHT,REAR END,DIVIDED - W/MEDIAN (NOT RAISED),STRAIGHT AND LEVEL,DRY,UNKNOWN,NO INJURY / DRIVE AWAY,"$501 - $1,500",FOLLOWING TOO CLOSELY,NOT APPLICABLE,400,S,STATE ST,2,NO INDICATION OF INJURY,0.0,0.0,0.0,0.0,0.0,2.0,0.0,15,2,8
456aae70cc2eaff5a317772d6d381cde993c888a80cf202a3448a5e94250432287f340a87a3a34abf5679ec11cf839cc9fa3615325916fdd54c113dff13a9099,2020-06-27 05:20:00,30,TRAFFIC SIGNAL,UNKNOWN,CLEAR,DAYLIGHT,ANGLE,NOT DIVIDED,STRAIGHT AND LEVEL,WET,UNKNOWN,NO INJURY / DRIVE AWAY,"$501 - $1,500",UNABLE TO DETERMINE,UNABLE TO DETERMINE,2201,S,CANAL ST,2,NO INDICATION OF INJURY,0.0,0.0,0.0,0.0,0.0,2.0,0.0,5,7,6
678e488b4a6c77ab17393fa107ccc8c212b59442b1bcd6c2c830cca17f6cf87c2ac4a9bee3d49d2eaeb3d29dd6ef0fc3667c40fab2affd5723179b6d564e7bfe,2020-10-12 17:45:00,20,STOP SIGN/FLASHER,UNKNOWN,CLEAR,DAYLIGHT,PEDESTRIAN,ONE-WAY,STRAIGHT AND LEVEL,DRY,NO DEFECTS,INJURY AND / OR TOW DUE TO CRASH,"OVER $1,500",DISREGARDING STOP SIGN,NOT APPLICABLE,6606,S,GREENWOOD AVE,2,NONINCAPACITATING INJURY,1.0,0.0,0.0,1.0,0.0,1.0,0.0,17,2,10
e790c7acd041fde6a7e49c1de07a2b661a9578857e3f976d74fdacb41547e56f82d5ec3425bc24c51bb02cd1fe981f4a8c81624c289446af28028c512d825382,2022-10-27 16:15:00,30,TRAFFIC SIGNAL,NO CONTROLS,CLEAR,DAYLIGHT,REAR END,ONE-WAY,STRAIGHT AND LEVEL,DRY,NO DEFECTS,INJURY AND / OR TOW DUE TO CRASH,"$501 - $1,500",FOLLOWING TOO CLOSELY,FOLLOWING TOO CLOSELY,8700,S,STATE ST,2,NONINCAPACITATING INJURY,1.0,0.0,0.0,1.0,0.0,1.0,0.0,16,5,10
2a4567dce3e6ff335d8f4cbdb290af57b91e08ed23ce7c6058c7f6a0b5243e86ab77bf1485a63ecbc862b81bcd6bb9a5e1187e2d3e64ef804cceae7672d93bb4,2016-02-26 21:00:00,30,TRAFFIC SIGNAL,FUNCTIONING PROPERLY,CLEAR,"DARKNESS, LIGHTED ROAD",REAR END,DIVIDED - W/MEDIAN (NOT RAISED),STRAIGHT AND LEVEL,DRY,NO DEFECTS,NO INJURY / DRIVE AWAY,"$501 - $1,500",FOLLOWING TOO CLOSELY,EXCEEDING SAFE SPEED FOR CONDITIONS,299,W,GRAND AVE,2,NO INDICATION OF INJURY,0.0,0.0,0.0,0.0,0.0,2.0,0.0,21,6,2
b2ca0218e3b57928a3a4d3ef9497bcebaa4edac447820e9c3125d6cc3c5bf138688733d2fed778a31ce73f06be8a4ead8c7ed67459de0ade3b29a646a3f2951f,2023-03-07 10:40:00,30,STOP SIGN/FLASHER,FUNCTIONING PROPERLY,CLEAR,DAYLIGHT,ANGLE,FOUR WAY,STRAIGHT AND LEVEL,DRY,NO DEFECTS,INJURY AND / OR TOW DUE TO CRASH,"OVER $1,500",DISREGARDING STOP SIGN,UNABLE TO DETERMINE,10600,S,AVENUE L,2,NO INDICATION OF INJURY,0.0,0.0,0.0,0.0,0.0,4.0,0.0,10,3,3
8fadbbca4743e9f8c24f5e027c7fdc60c6acd47a8e1e47e547ccf149dcd091f1c4463fc2accc56b23e293a0fc75476ac31e04303f7c098c14ea34c3d9e6614f5,2020-12-21 18:30:00,30,TRAFFIC SIGNAL,FUNCTIONING PROPERLY,FREEZING RAIN/DRIZZLE,DARKNESS,REAR END,DIVIDED - W/MEDIAN (NOT RAISED),STRAIGHT AND LEVEL,WET,NO DEFECTS,INJURY AND / OR TOW DUE TO CRASH,"OVER $1,500",EQUIPMENT - VEHICLE CONDITION,NOT APPLICABLE,8325,S,HALSTED ST,2,"REPORTED, NOT EVIDENT",2.0,0.0,0.0,0.0,2.0,1.0,0.0,18,2,12
7b24247d1c00411660bdd7d5b5b799f03d3a7f4af06bdd0dce8cd6c53127e42d5479b4c490d3adae87e6d48a7e22636359ab931352b7b2c3a03f634d464a45ff,2023-06-17 19:15:00,25,NO CONTROLS,NO CONTROLS,CLEAR,"DARKNESS, LIGHTED ROAD",PARKED MOTOR VEHICLE,ONE-WAY,STRAIGHT AND LEVEL,DRY,NO DEFECTS,NO INJURY / DRIVE AWAY,"OVER $1,500",UNABLE TO DETERMINE,UNABLE TO DETERMINE,5951,W,WEST END AVE,2,NO INDICATION OF INJURY,0.0,0.0,0.0,0.0,0.0,2.0,0.0,19,7,6
e9ce3ff2c7ffa2f9323096941d337b8ae8f3c93f064ad3fa33b55cb9e75b30b0627fc6c896a85b6f89927a86aa75d2c254ee1c91a2bbed3abbe7042a5692a73e,2023-03-19 12:00:00,30,TRAFFIC SIGNAL,UNKNOWN,CLEAR,DAYLIGHT,REAR END,FOUR WAY,STRAIGHT AND LEVEL,DRY,NO DEFECTS,NO INJURY / DRIVE AWAY,"OVER $1,500",UNABLE TO DETERMINE,UNABLE TO DETERMINE,1355,N,CENTRAL AVE,2,NO INDICATION OF INJURY,0.0,0.0,0.0,0.0,0.0,5.0,0.0,12,1,3
37f693173a6eedd2da5959df5ca88c40ef8928b14fe580ffab42e23f59c88077706803139cac1b5f813d8bedface202ce7c9f076837c21293ca2031d7e022e25,2018-02-24 21:55:00,10,NO CONTROLS,NO CONTROLS,RAIN,"DARKNESS, LIGHTED ROAD",PARKED MOTOR VEHICLE,ALLEY,STRAIGHT AND LEVEL,WET,NO DEFECTS,NO INJURY / DRIVE AWAY,"OVER $1,500",UNABLE TO DETERMINE,UNABLE TO DETERMINE,750,S,OAKLEY BLVD,2,NO INDICATION OF INJURY,0.0,0.0,0.0,0.0,0.0,1.0,0.0,21,7,2
3092b4eab977c0bfdd66973cb2ad007c911204566c9760d3c23bc340fcee13058d8a5a9e06c3d77d7d35c4ad68ed53cf1e338875f099101214909a2cc0203719,2021-09-15 17:00:00,30,TRAFFIC SIGNAL,FUNCTIONING PROPERLY,CLEAR,DAYLIGHT,REAR END,NOT DIVIDED,STRAIGHT AND LEVEL,DRY,NO DEFECTS,NO INJURY / DRIVE AWAY,"OVER $1,500",FAILING TO REDUCE SPEED TO AVOID CRASH,UNABLE TO DETERMINE,2011,W,63RD ST,3,NO INDICATION OF INJURY,0.0,0.0,0.0,0.0,0.0,3.0,0.0,17,4,9
a1963a2865f53a9ee710ed4fdec4f932ea965171037f6f35d0eb8db4624bfee5465420c4234cd5bf69dd2df0bdacde53a4603328392ce0626fa5e25b4b83a6d4,2018-07-14 00:50:00,30,TRAFFIC SIGNAL,FUNCTIONING PROPERLY,CLEAR,"DARKNESS, LIGHTED ROAD",TURNING,NOT DIVIDED,STRAIGHT AND LEVEL,DRY,NO DEFECTS,INJURY AND / OR TOW DUE TO CRASH,"OVER $1,500",IMPROPER TURNING/NO SIGNAL,DISREGARDING TRAFFIC SIGNALS,400,E,43RD ST,3,"REPORTED, NOT EVIDENT",2.0,0.0,0.0,0.0,2.0,4.0,0.0,0,7,7
4291b204aefd76968980acbbec7738997b9f398ac9d40d373b9870f2580b170caeb4bca261269f57e826cd9a6ae99f8e2a803e8ae70f7b867d135bd4b362369e,2023-06-27 11:25:00,30,TRAFFIC SIGNAL,FUNCTIONING PROPERLY,CLEAR,DAYLIGHT,REAR END,NOT DIVIDED,STRAIGHT AND LEVEL,DRY,NO DEFECTS,INJURY AND / OR TOW DUE TO CRASH,"OVER $1,500",UNABLE TO DETERMINE,UNABLE TO DETERMINE,6700,S,DORCHESTER AVE,2,NO INDICATION OF INJURY,0.0,0.0,0.0,0.0,0.0,3.0,0.0,11,3,6
3bbc0f95fe9636af976deae5bd59abea0f08e4d463c10ea32332866e32f7ba7c411fc2408962ca3136ea37e53da9331d6067387364dfd6a4340a0f3387a9bf40,2022-02-25 13:00:00,35,NO CONTROLS,UNKNOWN,CLOUDY/OVERCAST,DAYLIGHT,SIDESWIPE SAME DIRECTION,NOT DIVIDED,STRAIGHT AND LEVEL,OTHER,NO DEFECTS,NO INJURY / DRIVE AWAY,$500 OR LESS,UNABLE TO DETERMINE,UNABLE TO DETERMINE,103,N,CENTRAL AVE,2,NO INDICATION OF INJURY,0.0,0.0,0.0,0.0,0.0,4.0,0.0,13,6,2
a7c4e9a769b40c618f9d10b4618ec47d0b9c12893400dc8addc83679976abf84bd158ec07536d7fec2ed15a4e025b91ee5960b69f9f746babe0cd6bf2315e753,2016-11-14 03:53:00,30,TRAFFIC SIGNAL,FUNCTIONING PROPERLY,CLEAR,"DARKNESS, LIGHTED ROAD",FIXED OBJECT,ONE-WAY,STRAIGHT AND LEVEL,DRY,NO DEFECTS,INJURY AND / OR TOW DUE TO CRASH,"OVER $1,500",UNABLE TO DETERMINE,UNABLE TO DETERMINE,1950,W,CONGRESS PKWY,1,NO INDICATION OF INJURY,0.0,0.0,0.0,0.0,0.0,1.0,0.0,3,2,11
d4af0bac443cbe66f056d2c3043f07b0741da74e8f0b846ba0083d16d2a707073a50e21f647a6e5cb014aae087dd56b648a5d85b1727ccda8a123356f64adca0,2020-10-15 16:00:00,30,NO CONTROLS,NO CONTROLS,CLEAR,DAYLIGHT,PEDALCYCLIST,DIVIDED - W/MEDIAN (NOT RAISED),STRAIGHT AND LEVEL,DRY,NO DEFECTS,INJURY AND / OR TOW DUE TO CRASH,$500 OR LESS,"VISION OBSCURED (SIGNS, TREE LIMBS, BUILDINGS, ETC.)",NOT APPLICABLE,6200,W,DIVERSEY AVE,2,NONINCAPACITATING INJURY,1.0,0.0,0.0,1.0,0.0,1.0,0.0,16,5,10
f7b81cd751939fed157a48fcd16f4b671fb09087608d2f5872b5ef64d7324d9cd8514cd817c8e6d25b6df77d28971d5bfc02c178a8c2ec90aafac43c0fc7bfe8,2019-05-29 07:33:00,30,NO CONTROLS,NO CONTROLS,CLEAR,DAYLIGHT,REAR END,DIVIDED - W/MEDIAN BARRIER,STRAIGHT AND LEVEL,WET,NO DEFECTS,INJURY AND / OR TOW DUE TO CRASH,"OVER $1,500",FAILING TO REDUCE SPEED TO AVOID CRASH,NOT APPLICABLE,5245,W,CHICAGO AVE,2,NONINCAPACITATING INJURY,2.0,0.0,0.0,2.0,0.0,3.0,0.0,7,4,5
150987c9a5c537bdf36bb3d96071bfaf6a628d446d8a781a574b357dfa0a7ff9ff7ae0425357b59822d18f0896fd69e2205aba3cb0640f8317a1b7129376a1cf,2023-01-06 10:00:00,25,STOP SIGN/FLASHER,FUNCTIONING PROPERLY,CLEAR,DAYLIGHT,TURNING,FOUR WAY,STRAIGHT AND LEVEL,DRY,NO DEFECTS,NO INJURY / DRIVE AWAY,"OVER $1,500",IMPROPER TURNING/NO SIGNAL,DRIVING SKILLS/KNOWLEDGE/EXPERIENCE,11400,S,LOWE AVE,2,NO INDICATION OF INJURY,0.0,0.0,0.0,0.0,0.0,2.0,0.0,10,6,1
ed08821fa53786faf1ab7ff8018a3f5b3e382f61197266203cf6ed7caead5b5e588db10ed0b35600a22406fe45d1620d62a0fccbc66906830a1ce9058f15fd70,2024-04-25 18:40:00,30,TRAFFIC SIGNAL,FUNCTIONING PROPERLY,CLEAR,DAYLIGHT,SIDESWIPE SAME DIRECTION,NOT DIVIDED,STRAIGHT AND LEVEL,DRY,NO DEFECTS,NO INJURY / DRIVE AWAY,$500 OR LESS,UNABLE TO DETERMINE,NOT APPLICABLE,1956,W,ARMITAGE AVE,2,NO INDICATION OF INJURY,0.0,0.0,0.0,0.0,0.0,2.0,0.0,18,5,4
dbba6bcd5a0fb203c5bfe9983c47cc69c76b7b037a8413ce80e91b48eff8f65f15250d64e57dfd24c1805e1e65b138c5a58db2894d337b5b7e91f19364319bad,2018-10-09 08:30:00,30,TRAFFIC SIGNAL,FUNCTIONING PROPERLY,CLEAR,DAYLIGHT,SIDESWIPE SAME DIRECTION,NOT DIVIDED,STRAIGHT AND LEVEL,DRY,NO DEFECTS,NO INJURY / DRIVE AWAY,"OVER $1,500",IMPROPER LANE USAGE,UNABLE TO DETERMINE,3311,W,ADDISON ST,2,NO INDICATION OF INJURY,0.0,0.0,0.0,0.0,0.0,2.0,0.0,8,3,10
b8625af0302f1734beb3273651261643a72059d0f424df70ea2bac1807040e124fb9614efdc485a0e3cd673179642227a36babae2ce0efd9e773f9499dd311af,2023-11-01 08:30:00,30,TRAFFIC SIGNAL,FUNCTIONING PROPERLY,CLEAR,DAYLIGHT,TURNING,NOT DIVIDED,STRAIGHT AND LEVEL,DRY,NO DEFECTS,INJURY AND / OR TOW DUE TO CRASH,"$501 - $1,500",NOT APPLICABLE,NOT APPLICABLE,5500,S,PULASKI RD,2,NO INDICATION OF INJURY,0.0,0.0,0.0,0.0,0.0,2.0,0.0,8,4,11
a3a47669ee15675100380a611843eabe53c906c624ce6a261eea2dbbe18f0b5d2662cba257c1608e48e519f257aeb3aeca2ce08947749531364dad0850ab2e63,2021-09-24 14:15:00,30,NO CONTROLS,NO CONTROLS,CLEAR,DAYLIGHT,REAR END,NOT DIVIDED,STRAIGHT AND LEVEL,DRY,NO DEFECTS,NO INJURY / DRIVE AWAY,"OVER $1,500",FOLLOWING TOO CLOSELY,FOLLOWING TOO CLOSELY,5902,S,ASHLAND AVE,2,NO INDICATION OF INJURY,0.0,0.0,0.0,0.0,0.0,2.0,0.0,14,6,9
de4844e5d2347c3b1af3d59ed322fe55bdd3ad8897de123bf2cf5ed36debaf775e3892f580f8340f1c8b9ab721c40340dabcf17b491fce83eac15b5cffe7f809,2021-08-03 14:20:00,30,UNKNOWN,UNKNOWN,CLEAR,DAYLIGHT,SIDESWIPE SAME DIRECTION,NOT DIVIDED,STRAIGHT AND LEVEL,DRY,UNKNOWN,NO INJURY / DRIVE AWAY,"OVER $1,500",FAILING TO YIELD RIGHT-OF-WAY,NOT APPLICABLE,2800,N,MILWAUKEE AVE,2,NO INDICATION OF INJURY,0.0,0.0,0.0,0.0,0.0,2.0,0.0,14,3,8
c2ec22a97086b22e30145a925244165b9ca43da24bd9ffbed0f1a1e3cad6642e5cc3ca3faaec9037f2f31968be473560f770428b4b23b8cd9c3abb83034b7c20,2018-04-24 07:30:00,20,STOP SIGN/FLASHER,FUNCTIONING PROPERLY,CLEAR,DAYLIGHT,REAR END,DIVIDED - W/MEDIAN (NOT RAISED),STRAIGHT AND LEVEL,DRY,NO DEFECTS,INJURY AND / OR TOW DUE TO CRASH,"OVER $1,500",UNABLE TO DETERMINE,NOT APPLICABLE,832,N,KILPATRICK AVE,2,NO INDICATION OF INJURY,0.0,0.0,0.0,0.0,0.0,2.0,0.0,7,3,4
fd494ecb04be054430ec7826a8cac4947455a8f59abc91cb0f5df98ec51fbd13dc379c4c7c1547c0c582a480cd103e65fbfbcfab6e590edcb6654edf631da338,2022-10-21 21:30:00,30,NO CONTROLS,NO CONTROLS,CLEAR,"DARKNESS, LIGHTED ROAD",PARKED MOTOR VEHICLE,PARKING LOT,STRAIGHT AND LEVEL,DRY,NO DEFECTS,NO INJURY / DRIVE AWAY,"$501 - $1,500",UNABLE TO DETERMINE,UNABLE TO DETERMINE,8748,S,DAUPHIN AVE,2,NO INDICATION OF INJURY,0.0,0.0,0.0,0.0,0.0,1.0,0.0,21,6,10