CRASH_RECORD_ID,CRASH_DATE,POSTED_SPEED_LIMIT,TRAFFIC_CONTROL_DEVICE,DEVICE_CONDITION,WEATHER_CONDITION,LIGHTING_CONDITION,FIRST_CRASH_TYPE,TRAFFICWAY_TYPE,ALIGNMENT,ROADWAY_SURFACE_COND,ROAD_DEFECT,CRASH_TYPE,DAMAGE,PRIM_CONTRIBUTORY_CAUSE,SEC_CONTRIBUTORY_CAUSE,STREET_NO,STREET_DIRECTION,STREET_NAME,NUM_UNITS,MOST_SEVERE_INJURY,INJURIES_TOTAL,INJURIES_FATAL,INJURIES_INCAPACITATING,INJURIES_NON_INCAPACITATING,INJURIES_REPORTED_NOT_EVIDENT,INJURIES_NO_INDICATION,INJURIES_UNKNOWN,CRASH_HOUR,CRASH_DAY_OF_WEEK,CRASH_MONTH
2343db6a572dc697a47c4504ca87ecdc7b103e932d64f599fbfb46aacc02e6080833c2cfffc119d70b76526287ae05093b72aca62d328b9b01be84718ae87062,2022-10-07 08:45:00,30,NO CONTROLS,NO CONTROLS,CLEAR,DAYLIGHT,SIDESWIPE SAME DIRECTION,NOT DIVIDED,STRAIGHT AND LEVEL,DRY,NO DEFECTS,NO INJURY / DRIVE AWAY,"OVER $1,500",UNABLE TO DETERMINE,NOT APPLICABLE,1540,N,CICERO AVE,2,NO INDICATION OF INJURY,0.0,0.0,0.0,0.0,0.0,2.0,0.0,8,6,10
60e1910f0ee0a68013b282403387be568c198c12ef707cbeff7ab68e74351fbe3dbacc9627ea21ffa015dccdf8ad602c2b31f9f87c9709459d09a472ede588bf,2024-04-01 17:30:00,30,TRAFFIC SIGNAL,FUNCTIONING PROPERLY,RAIN,DAYLIGHT,REAR END,DIVIDED - W/MEDIAN BARRIER,STRAIGHT ON GRADE,DRY,NO DEFECTS,NO INJURY / DRIVE AWAY,"$501 - $1,500",FOLLOWING TOO CLOSELY,NOT APPLICABLE,40,W,LA SALLE DR,2,NO INDICATION OF INJURY,0.0,0.0,0.0,0.0,0.0,2.0,0.0,17,2,4
4f4ae360a40a7caeca682e302c2e7ce79a11d6ccfac0dca9c121ee362a4ddd140178b1eaacc12bac660f2be54d21884459d261f2f13546f745fb8a0c11768613,2016-05-09 10:20:00,0,STOP SIGN/FLASHER,FUNCTIONING PROPERLY,CLEAR,DAYLIGHT,REAR END,NOT DIVIDED,STRAIGHT AND LEVEL,DRY,NO DEFECTS,NO INJURY / DRIVE AWAY,"$501 - $1,500",IMPROPER BACKING,NOT APPLICABLE,704,N,WABASH AVE,2,NO INDICATION OF INJURY,0.0,0.0,0.0,0.0,0.0,2.0,0.0,10,2,5
1ef3bfb6328c92ca834d761266e4cdcc39987b9c72d1eec95431606e68283e463a2cdb77b6f821776aa88b5ea307ce74536848babe0e02a10df4e1b3572c8d83,2021-01-25 15:50:00,30,TRAFFIC SIGNAL,FUNCTIONING PROPERLY,CLEAR,DAYLIGHT,FIXED OBJECT,DIVIDED - W/MEDIAN BARRIER,STRAIGHT AND LEVEL,DRY,NO DEFECTS,NO INJURY / DRIVE AWAY,"OVER $1,500",DISTRACTION - FROM OUTSIDE VEHICLE,UNABLE TO DETERMINE,1,S,MICHIGAN AVE,1,NO INDICATION OF INJURY,0.0,0.0,0.0,0.0,0.0,1.0,0.0,15,2,1
e2d2198d29da2dd849b9ed957a04933ffd28efefb1219727c82dd3158053114e20e06a583adb783aabbeb6f424e2dc365f8d1fc435946692f0489218fdac3bb7,2024-03-24 08:50:00,30,NO CONTROLS,NO CONTROLS,CLEAR,DAYLIGHT,REAR END,NOT DIVIDED,STRAIGHT AND LEVEL,DRY,NO DEFECTS,INJURY AND / OR TOW DUE TO CRASH,$500 OR LESS,UNABLE TO DETERMINE,NOT APPLICABLE,2600,W,111TH ST,2,NONINCAPACITATING INJURY,1.0,0.0,0.0,1.0,0.0,1.0,0.0,8,1,3
45566aa75fd51f3bcf63c677781165d856f0b7e0b62a872b366a0b26c6d7adbcfa7ef9bdec61919dd9e18bb1b6f1d9fafaeaf082e6bca42091b7e9f68f50e931,2021-11-24 15:45:00,30,NO CONTROLS,NO CONTROLS,CLEAR,DAYLIGHT,ANGLE,NOT DIVIDED,STRAIGHT AND LEVEL,DRY,NO DEFECTS,NO INJURY / DRIVE AWAY,"OVER $1,500",FAILING TO YIELD RIGHT-OF-WAY,UNABLE TO DETERMINE,3437,S,DAMEN AVE,2,NO INDICATION OF INJURY,0.0,0.0,0.0,0.0,0.0,4.0,0.0,15,4,11
f802c14564e79252e55a30f420c0c9d5b0cbdf52ce4f64edbc8e40a0c5e32dce9361fd4c945974aba58a0da593af39e0e963353c654585cfec438dc4f7e03a9d,2022-02-22 16:10:00,10,NO CONTROLS,NO CONTROLS,CLEAR,"DARKNESS, LIGHTED ROAD",PARKED MOTOR VEHICLE,PARKING LOT,STRAIGHT AND LEVEL,DRY,NO DEFECTS,NO INJURY / DRIVE AWAY,"$501 - $1,500",IMPROPER BACKING,UNABLE TO DETERMINE,650,S,FINANCIAL PL,2,NO INDICATION OF INJURY,0.0,0.0,0.0,0.0,0.0,1.0,0.0,16,3,2
ad34777f848fd6b505461a12e8adefd25b7654233b1cdfbd3dd13e9ecad1d7ec3e200d312a8ee51f1ba613b28c932be0c45279d8c169bf6bc1b83f2d2da5de1e,2018-08-11 17:29:00,30,NO CONTROLS,NO CONTROLS,CLEAR,DAYLIGHT,PARKED MOTOR VEHICLE,ONE-WAY,STRAIGHT AND LEVEL,DRY,NO DEFECTS,NO INJURY / DRIVE AWAY,"OVER $1,500",FAILING TO YIELD RIGHT-OF-WAY,UNABLE TO DETERMINE,4415,N,CLIFTON AVE,2,NO INDICATION OF INJURY,0.0,0.0,0.0,0.0,0.0,1.0,0.0,17,7,8
6750c4f01424a295fa7236e216a083327bebec5092daaf37f45128ead6382735d13a36e34366fbc4214374dab00b4feb7b473f7678fa21cb45a8526c7ed26455,2021-12-17 09:26:00,30,TRAFFIC SIGNAL,FUNCTIONING PROPERLY,CLEAR,DAYLIGHT,REAR END,DIVIDED - W/MEDIAN (NOT RAISED),STRAIGHT AND LEVEL,ICE,NO DEFECTS,NO INJURY / DRIVE AWAY,"$501 - $1,500",UNABLE TO DETERMINE,UNABLE TO DETERMINE,9500,S,STONY ISLAND AVE,2,NO INDICATION OF INJURY,0.0,0.0,0.0,0.0,0.0,2.0,0.0,9,6,12
ff104ae7f94aaba1b0af1850f3fb3de666385ab3ae7b4f284fe9ff9f229fbda2420aaef6adc46ec7f66db54fe7ea6725ac0f8d7edb1a2a76fe8a598f2c3956ea,2021-12-06 17:00:00,30,TRAFFIC SIGNAL,FUNCTIONING PROPERLY,CLEAR,DAYLIGHT,TURNING,NOT DIVIDED,STRAIGHT AND LEVEL,DRY,NO DEFECTS,INJURY AND / OR TOW DUE TO CRASH,"OVER $1,500",FAILING TO YIELD RIGHT-OF-WAY,NOT APPLICABLE,5601,N,NAGLE AVE,2,NO INDICATION OF INJURY,0.0,0.0,0.0,0.0,0.0,2.0,0.0,17,2,12
4768b8a14dd8aee6acf68e386d41dbf351f6589c8761d2577f5654d902c244cd0bf3103088e6dd2c427421b7338bf7d202494bd464029312ba624ed91d4fbe16,2022-06-17 14:30:00,30,NO CONTROLS,NO CONTROLS,CLEAR,DAYLIGHT,PARKED MOTOR VEHICLE,NOT DIVIDED,STRAIGHT AND LEVEL,DRY,NO DEFECTS,NO INJURY / DRIVE AWAY,"OVER $1,500",UNABLE TO DETERMINE,UNABLE TO DETERMINE,6441,W,IRVING PARK RD,2,NO INDICATION OF INJURY,0.0,0.0,0.0,0.0,0.0,1.0,0.0,14,6,6
c041e138ff44d45468510bbe81d2956276073dbdebabf2e0753444e67d1960c090caec596a122cbd1a54d26842be1333c4e5c0ea43d1776a88dc65b5e0ba0fb9,2024-01-07 00:00:00,30,TRAFFIC SIGNAL,FUNCTIONING PROPERLY,SNOW,"DARKNESS, LIGHTED ROAD",ANGLE,T-INTERSECTION,STRAIGHT AND LEVEL,WET,UNKNOWN,NO INJURY / DRIVE AWAY,"OVER $1,500",DISREGARDING TRAFFIC SIGNALS,DRIVING SKILLS/KNOWLEDGE/EXPERIENCE,200,E,ROOSEVELT RD,2,NO INDICATION OF INJURY,0.0,0.0,0.0,0.0,0.0,5.0,0.0,0,1,1
ed5384ecbb504272f3b4fe2aed8ed03bb17cb9bb4a9c7c2bd7eee3a865765a4730dc9b7e485a442a0f3c96051f323a059e1ab37ff5d7a3859a5a521d06d7b46e,2024-02-28 18:00:00,30,TRAFFIC SIGNAL,FUNCTIONING PROPERLY,CLEAR,DAYLIGHT,TURNING,DIVIDED - W/MEDIAN BARRIER,STRAIGHT AND LEVEL,DRY,NO DEFECTS,NO INJURY / DRIVE AWAY,"OVER $1,500",UNABLE TO DETERMINE,UNABLE TO DETERMINE,4400,W,CERMAK RD,2,NO INDICATION OF INJURY,0.0,0.0,0.0,0.0,0.0,2.0,0.0,18,4,2
2975e60e03a127d4625831b8d87cb6f4d19cce39c090ef55a2a37c5d6f2226f4b42157d6460d8ad41b2cdc2957f6ce17c46b0011e1caf078e0272bc9a7f9f6b2,2020-02-08 14:19:00,30,STOP SIGN/FLASHER,FUNCTIONING PROPERLY,CLEAR,DAYLIGHT,TURNING,NOT DIVIDED,STRAIGHT AND LEVEL,DRY,NO DEFECTS,NO INJURY / DRIVE AWAY,"$501 - $1,500",FAILING TO YIELD RIGHT-OF-WAY,FAILING TO REDUCE SPEED TO AVOID CRASH,7100,W,BELMONT AVE,2,NO INDICATION OF INJURY,0.0,0.0,0.0,0.0,0.0,2.0,0.0,14,7,2
8ad416b774e5265fd2246fcae00c7fd52361b4fe3003f92252e58275c8bdf8efaeb708d5c6ed1bc8b5eac13e256397e707b7903e697fad9d8d560ebe11b023b4,2023-06-13 20:00:00,30,NO CONTROLS,NO CONTROLS,RAIN,"DARKNESS, LIGHTED ROAD",SIDESWIPE OPPOSITE DIRECTION,NOT DIVIDED,STRAIGHT AND LEVEL,WET,NO DEFECTS,INJURY AND / OR TOW DUE TO CRASH,"OVER $1,500",NOT APPLICABLE,NOT APPLICABLE,807,W,127TH ST,2,"REPORTED, NOT EVIDENT",1.0,0.0,0.0,0.0,1.0,2.0,0.0,20,3,6
094d59bf64bd1f13a17b59433e84462396a477f988948f60c317378ddd0577dce9a0b647f4028d95bedaf75c2068d3ba25f0993cc5ef0d85193644298eb2cb76,2016-03-14 11:30:00,30,STOP SIGN/FLASHER,NO CONTROLS,CLEAR,DAYLIGHT,ANGLE,ONE-WAY,STRAIGHT AND LEVEL,DRY,NO DEFECTS,NO INJURY / DRIVE AWAY,"$501 - $1,500",FAILING TO YIELD RIGHT-OF-WAY,NOT APPLICABLE,900,N,WALLER AVE,2,NO INDICATION OF INJURY,0.0,0.0,0.0,0.0,0.0,3.0,0.0,11,2,3
6cbee30ef87a7e4d7959653ce3c5dd606d6d7d1a8582c35c52d41f4566185a69e633af1e18baa1a3e1f8c8ee065a00ed7d7557c65b68fb2eb1e7c3747fe9b2c3,2022-09-10 14:50:00,30,NO CONTROLS,NO CONTROLS,CLEAR,DAYLIGHT,SIDESWIPE SAME DIRECTION,NOT DIVIDED,STRAIGHT AND LEVEL,DRY,NO DEFECTS,NO INJURY / DRIVE AWAY,"$501 - $1,500",UNABLE TO DETERMINE,UNABLE TO DETERMINE,4520,N,CLARK ST,2,NO INDICATION OF INJURY,0.0,0.0,0.0,0.0,0.0,2.0,0.0,14,7,9
787659b6b582146129dfc59c83da4abeea5c9d11f475077a6e87e915c6890bcd93728be86b171a185e796a26c38e3f37a80457c3ab04d0a2055772c18775670f,2017-04-24 17:20:00,15,NO CONTROLS,NO CONTROLS,CLEAR,DAYLIGHT,ANGLE,PARKING LOT,STRAIGHT AND LEVEL,DRY,NO DEFECTS,NO INJURY / DRIVE AWAY,"OVER $1,500",IMPROPER BACKING,UNABLE TO DETERMINE,2504,W,CERMAK RD,2,NO INDICATION OF INJURY,0.0,0.0,0.0,0.0,0.0,2.0,0.0,17,2,4
4d1d05cfd700655b7d05be68f459fe61bc791b9a0373e18219d8b8991bfb84a636ed0c5a285d87889eac1ab063d151cc3bff174fe6edf218b83b450b92f51dae,2019-10-03 11:40:00,30,NO CONTROLS,NO CONTROLS,CLEAR,DAYLIGHT,SIDESWIPE SAME DIRECTION,DIVIDED - W/MEDIAN (NOT RAISED),STRAIGHT AND LEVEL,DRY,NO DEFECTS,NO INJURY / DRIVE AWAY,"OVER $1,500",IMPROPER OVERTAKING/PASSING,UNABLE TO DETERMINE,115,E,61ST ST,2,NO INDICATION OF INJURY,0.0,0.0,0.0,0.0,0.0,2.0,0.0,11,5,10
74c88a24110b1a1daaa41b41f5a362e90b51679aac30638999709340c1fcb65e4a344097b2301befce73789fe1bb0e6021db5ed02ee1918bda08651c63b04c3a,2022-09-27 19:07:00,30,NO CONTROLS,NO CONTROLS,CLEAR,"DARKNESS, LIGHTED ROAD",OTHER OBJECT,NOT DIVIDED,STRAIGHT AND LEVEL,DRY,NO DEFECTS,INJURY AND / OR TOW DUE TO CRASH,"OVER $1,500",UNABLE TO DETERMINE,UNABLE TO DETERMINE,7601,S,EVANS AVE,1,NO INDICATION OF INJURY,0.0,0.0,0.0,0.0,0.0,1.0,0.0,19,3,9
e1741f55b85207d854c34284302dfb8546d1916749e87dfa46643102201fb8cf3d63958de9633c8dc9e6e4e86f5cf2feff2e2e5e8a9c440a5ab63ae6e5874b43,2022-12-27 12:45:00,25,STOP SIGN/FLASHER,NO CONTROLS,CLEAR,DAYLIGHT,REAR END,NOT DIVIDED,STRAIGHT AND LEVEL,WET,NO DEFECTS,NO INJURY / DRIVE AWAY,"OVER $1,500",UNABLE TO DETERMINE,UNABLE TO DETERMINE,1501,W,64TH ST,2,NO INDICATION OF INJURY,0.0,0.0,0.0,0.0,0.0,3.0,0.0,12,3,12
d1ab6c25d995c471cd43021e27a4553310e79973fc3332d00ddafc6cb9884e408a6a9ce5dbf0950543af775c7f5933086d335a069a969958be9269a311fa28bf,2021-07-27 09:30:00,20,NO CONTROLS,NO CONTROLS,CLEAR,DAYLIGHT,PARKED MOTOR VEHICLE,ALLEY,STRAIGHT AND LEVEL,DRY,UNKNOWN,NO INJURY / DRIVE AWAY,"OVER $1,500",UNABLE TO DETERMINE,UNABLE TO DETERMINE,1536,W,PRATT BLVD,2,NO INDICATION OF INJURY,0.0,0.0,0.0,0.0,0.0,1.0,0.0,9,3,7
317713405c2983b45864649b278d37da1e918a2de03ff012202e589867ad48e313193be3c3f7ea7619b985e32ca98518655af48fc83116d469930c2faaf0c0bf,2024-04-22 23:35:00,25,OTHER REG. SIGN,UNKNOWN,CLEAR,DARKNESS,TURNING,FOUR WAY,STRAIGHT AND LEVEL,DRY,UNKNOWN,INJURY AND / OR TOW DUE TO CRASH,"OVER $1,500",DISREGARDING STOP SIGN,DISREGARDING STOP SIGN,2350,W,TOUHY AVE,2,"REPORTED, NOT EVIDENT",2.0,0.0,0.0,0.0,2.0,1.0,0.0,23,2,4
a4bd76f9f3bd3da04fc0f6e1d4a7706c2db4c66bd87c45257ced892b57bf9aecc4a8a16d783bb0faa8e0f47eb86e9aa4544ac471ceb8e20337e37417744b4dc6,2018-10-01 11:22:00,30,NO CONTROLS,NO CONTROLS,CLEAR,DAYLIGHT,SIDESWIPE SAME DIRECTION,DIVIDED - W/MEDIAN (NOT RAISED),STRAIGHT AND LEVEL,DRY,NO DEFECTS,NO INJURY / DRIVE AWAY,"$501 - $1,500",UNABLE TO DETERMINE,UNABLE TO DETERMINE,45,N,OGDEN AVE,2,NO INDICATION OF INJURY,0.0,0.0,0.0,0.0,0.0,2.0,0.0,11,2,10
b9458047f1cd06e8b03792635d7b67a50de6908e71a6463b48a4f45593fc8d3b75c261fc7f532e40d637deecfd154262d51270acc82531efa34be8678df66cd7,2017-12-24 17:00:00,30,NO CONTROLS,NO CONTROLS,UNKNOWN,UNKNOWN,TURNING,UNKNOWN,STRAIGHT AND LEVEL,UNKNOWN,UNKNOWN,NO INJURY / DRIVE AWAY,$500 OR LESS,UNABLE TO DETERMINE,UNABLE TO DETERMINE,321,W,87TH ST,2,NO INDICATION OF INJURY,0.0,0.0,0.0,0.0,0.0,2.0,0.0,17,1,12
364daada988c3f4ae53e8f1968701913b36d3ea36c60c812688242f14bf61a189d9540610c48f9a82cb38c7d82cd69197ebcc3d3fd35f74e53301e97bbe69398,2019-04-24 18:10:00,25,NO CONTROLS,NO CONTROLS,CLEAR,DAYLIGHT,PARKED MOTOR VEHICLE,NOT DIVIDED,STRAIGHT AND LEVEL,DRY,NO DEFECTS,NO INJURY / DRIVE AWAY,"OVER $1,500",IMPROPER LANE USAGE,UNABLE TO DETERMINE,3125,W,DEVON AVE,2,NO INDICATION OF INJURY,0.0,0.0,0.0,0.0,0.0,1.0,0.0,18,4,4
19d92b48164bad6b25c9d764b11410c2614ece2abcba94c0e6bc08240a2cf89e9644765fc7ebb0a8e8dc3cfee730db8f3eb48184b14bcdc5ef522eee7ae2c4c2,2023-11-18 18:18:00,35,NO CONTROLS,NO CONTROLS,CLEAR,"DARKNESS, LIGHTED ROAD",SIDESWIPE SAME DIRECTION,DIVIDED - W/MEDIAN (NOT RAISED),STRAIGHT AND LEVEL,DRY,NO DEFECTS,INJURY AND / OR TOW DUE TO CRASH,"OVER $1,500",UNABLE TO DETERMINE,UNABLE TO DETERMINE,2946,N,WESTERN AVE,2,NO INDICATION OF INJURY,0.0,0.0,0.0,0.0,0.0,2.0,0.0,18,7,11
69d46828fcdbaa74334445e2844a050e67e451f9df550713cbf0be55c6654df79c614cad84e7e65021f01d109d6d784216aac117a20631a0ca4399bcdd672b32,2016-11-28 17:00:00,30,NO CONTROLS,NO CONTROLS,RAIN,"DARKNESS, LIGHTED ROAD",PARKED MOTOR VEHICLE,NOT DIVIDED,STRAIGHT AND LEVEL,WET,NO DEFECTS,NO INJURY / DRIVE AWAY,"$501 - $1,500",UNABLE TO DETERMINE,UNABLE TO DETERMINE,3405,W,ARTHINGTON ST,2,NO INDICATION OF INJURY,0.0,0.0,0.0,0.0,0.0,1.0,0.0,17,2,11
fdd56da674dfdc38d0d1b9e58fdb310bc228a1437bbfe457a49b1b8bc2d5fc71142da058295ed65d3e40ca7b451b6fe893856b810e682afe3d9d3b62a02d8d60,2018-05-03 14:30:00,25,NO CONTROLS,NO CONTROLS,CLEAR,DAYLIGHT,ANGLE,DIVIDED - W/MEDIAN (NOT RAISED),STRAIGHT AND LEVEL,DRY,NO DEFECTS,NO INJURY / DRIVE AWAY,"$501 - $1,500",UNABLE TO DETERMINE,UNABLE TO DETERMINE,4800,S,CICERO AVE,2,NO INDICATION OF INJURY,0.0,0.0,0.0,0.0,0.0,2.0,0.0,14,5,5
20c07b2689bd2fd7cb04e6ee17eca208acf4a2cfc423f08a1299630dd7d19fcd4088472cf6e143c63cee974061c70495e810c932171abe3eca92df0ac35ffcc8,2023-04-21 21:36:00,30,STOP SIGN/FLASHER,FUNCTIONING PROPERLY,CLEAR,"DARKNESS, LIGHTED ROAD",REAR TO FRONT,FOUR WAY,STRAIGHT AND LEVEL,DRY,NO DEFECTS,NO INJURY / DRIVE AWAY,"OVER $1,500",IMPROPER BACKING,UNABLE TO DETERMINE,98,S,GREEN ST,2,NO INDICATION OF INJURY,0.0,0.0,0.0,0.0,0.0,2.0,0.0,21,6,4
177f56a9cd140bb0374a4128ae0ce4d445e92df73f0e0c74b318738f46282cb55673c7dd03d3b458e5351e3d00ae181ab5da13bd40312a95c512592a1dfc72c8,2020-01-29 15:10:00,25,TRAFFIC SIGNAL,FUNCTIONING PROPERLY,CLEAR,DAYLIGHT,REAR END,ONE-WAY,STRAIGHT AND LEVEL,DRY,NO DEFECTS,INJURY AND / OR TOW DUE TO CRASH,"OVER $1,500",UNABLE TO DETERMINE,UNABLE TO DETERMINE,7299,S,STONY ISLAND AVE,4,NONINCAPACITATING INJURY,1.0,0.0,0.0,1.0,0.0,5.0,0.0,15,4,1
22c50f95bf61cd3e5d272be63fe8e92a4ed4c9cec2b94ee6a90c08f11f7a91ca64eac38611775ca5053508ae2ae6a521f8662c2ed7f25aa6caf1cd4bdf02a143,2019-03-17 19:30:00,15,NO CONTROLS,NO CONTROLS,CLEAR,DAYLIGHT,PARKED MOTOR VEHICLE,ONE-WAY,STRAIGHT AND LEVEL,DRY,NO DEFECTS,NO INJURY / DRIVE AWAY,"$501 - $1,500",UNABLE TO DETERMINE,NOT APPLICABLE,716,N,LOCKWOOD AVE,2,NO INDICATION OF INJURY,0.0,0.0,0.0,0.0,0.0,1.0,0.0,19,1,3
cafb19a438e5defefa5bcf90a18a2a5f9d65287a0f9476ecac24631b9293f49bcd1a59e8e3b7429879a96f973c8344f623d5ed79be8aa986b9b284871f734313,2021-06-18 12:25:00,10,NO CONTROLS,NO CONTROLS,CLEAR,DAYLIGHT,SIDESWIPE SAME DIRECTION,PARKING LOT,STRAIGHT AND LEVEL,DRY,NO DEFECTS,NO INJURY / DRIVE AWAY,"OVER $1,500",IMPROPER OVERTAKING/PASSING,NOT APPLICABLE,3135,W,BELMONT AVE,2,NO INDICATION OF INJURY,0.0,0.0,0.0,0.0,0.0,2.0,0.0,12,6,6
f13dbc5bbb55978c9c2013c1a291244ca63923bf410ac46d90759f84e04735da1640dc539f6852e9aa6d29c2a644b27451464b67aa0bd3ae3654c7167c20f96a,2020-12-21 00:10:00,35,STOP SIGN/FLASHER,NO CONTROLS,CLEAR,DAYLIGHT,ANGLE,NOT DIVIDED,STRAIGHT AND LEVEL,DRY,NO DEFECTS,INJURY AND / OR TOW DUE TO CRASH,"OVER $1,500",NOT APPLICABLE,NOT APPLICABLE,8300,S,DANTE AVE,2,NO INDICATION OF INJURY,0.0,0.0,0.0,0.0,0.0,4.0,0.0,0,2,12
f6cd68144b3ee0176a50afa237d2f561cf57a1d70a080b7e28ff4c0118f355463ad54bff5a7f66bd8da48e0474ea60a2a43ca65fcd798d714d22b0fe59c06538,2019-08-09 11:15:00,30,STOP SIGN/FLASHER,FUNCTIONING PROPERLY,CLEAR,DAYLIGHT,FIXED OBJECT,OTHER,STRAIGHT AND LEVEL,DRY,NO DEFECTS,NO INJURY / DRIVE AWAY,"OVER $1,500",UNABLE TO DETERMINE,UNABLE TO DETERMINE,501,W,51ST ST,1,NO INDICATION OF INJURY,0.0,0.0,0.0,0.0,0.0,1.0,0.0,11,6,8
960a60a7343f9ac16c8a93b81a6a4cd3da83916da57091924cd2795aa70e36b72c91cb8067daa1e40f60f7cabeb9e501c2b6e2db5eca589412f1d466b1b3bb0e,2018-10-28 18:04:00,30,NO CONTROLS,NO CONTROLS,RAIN,"DARKNESS, LIGHTED ROAD",PARKED MOTOR VEHICLE,NOT DIVIDED,STRAIGHT AND LEVEL,WET,UNKNOWN,INJURY AND / OR TOW DUE TO CRASH,"OVER $1,500",UNABLE TO DETERMINE,UNABLE TO DETERMINE,5126,W,FULTON ST,2,NONINCAPACITATING INJURY,1.0,0.0,0.0,1.0,0.0,0.0,0.0,18,1,10
aa0552bd2e2edb6e1095ee404015f43bdda40dc7ec1bd1bc9e5326e903251a5c0e161f2f6672072f3074eac61a3091b479e3f57ca45a505f5360d11339540f08,2023-11-17 14:47:00,30,NO CONTROLS,NO CONTROLS,CLEAR,DAYLIGHT,ANGLE,FOUR WAY,STRAIGHT AND LEVEL,DRY,NO DEFECTS,INJURY AND / OR TOW DUE TO CRASH,"OVER $1,500",FAILING TO YIELD RIGHT-OF-WAY,NOT APPLICABLE,3557,S,WESTERN AVE,2,NONINCAPACITATING INJURY,2.0,0.0,0.0,2.0,0.0,0.0,0.0,14,6,11
a541198ae1b95c31d1513375aaad05bfe2f9c071497c7640ddcda0a710293e0a3b6e4e40e7c01785f2f8b2579610b17704f7c1627690a44ac5b3568e220c9d01,2018-03-15 18:15:00,30,NO CONTROLS,NO CONTROLS,CLEAR,DAYLIGHT,SIDESWIPE SAME DIRECTION,NOT DIVIDED,STRAIGHT AND LEVEL,DRY,NO DEFECTS,NO INJURY / DRIVE AWAY,"$501 - $1,500",UNABLE TO DETERMINE,NOT APPLICABLE,520,W,LAKE ST,2,NO INDICATION OF INJURY,0.0,0.0,0.0,0.0,0.0,2.0,0.0,18,5,3
6c3a19da2dbe03e20de98ace2c90d971b7dc120f70d1ca36decf17523a3e0daff6e6460b967d740999270cb1e7ddf25c3f0cdd3765563acb69d568d913f76102,2021-02-22 16:30:00,30,TRAFFIC SIGNAL,UNKNOWN,CLEAR,DAYLIGHT,REAR END,NOT DIVIDED,STRAIGHT AND LEVEL,DRY,NO DEFECTS,NO INJURY / DRIVE AWAY,"OVER $1,500",FOLLOWING TOO CLOSELY,NOT APPLICABLE,10300,S,TORRENCE AVE,2,NO INDICATION OF INJURY,0.0,0.0,0.0,0.0,0.0,2.0,0.0,16,2,2
4a673f734843e9fd3695c0f21eafdfda8bb09f2bcedc6422ed69048f327854aedd172a0a9c9b88ab6d83752edc365d5a0c8e04d70fc7316d16d12aed2c602388,2019-08-07 08:00:00,10,NO CONTROLS,NO CONTROLS,UNKNOWN,UNKNOWN,PARKED MOTOR VEHICLE,PARKING LOT,STRAIGHT AND LEVEL,UNKNOWN,UNKNOWN,NO INJURY / DRIVE AWAY,"$501 - $1,500",UNABLE TO DETERMINE,UNABLE TO DETERMINE,741,W,BUCKINGHAM PL,2,NO INDICATION OF INJURY,0.0,0.0,0.0,0.0,0.0,1.0,0.0,8,4,8
658d15cdc0a92addea3cf64193f9843dd6e403b12938da149a69cc0ce78a65e4f1644f0a054bec1e192a2b94aa7061ba773acbd04d194ca68bf0d892ab21f7a4,2019-07-30 12:30:00,10,NO CONTROLS,NO CONTROLS,CLEAR,DAYLIGHT,REAR END,PARKING LOT,STRAIGHT AND LEVEL,DRY,NO DEFECTS,NO INJURY / DRIVE AWAY,$500 OR LESS,UNABLE TO DETERMINE,UNABLE TO DETERMINE,1631,E,95TH ST,2,NO INDICATION OF INJURY,0.0,0.0,0.0,0.0,0.0,3.0,0.0,12,3,7
f7359f6f93a8a81a07818e93edb5bf932f500e4f47c2c985e5162d60b52bf786f683ece42b8d498e9dd843ba0cef5a864e2890f91f8d1c11f8510fa9f8e9ef92,2019-10-02 06:51:00,30,NO CONTROLS,NO CONTROLS,RAIN,DAWN,REAR END,NOT DIVIDED,STRAIGHT AND LEVEL,WET,NO DEFECTS,INJURY AND / OR TOW DUE TO CRASH,"OVER $1,500",FAILING TO REDUCE SPEED TO AVOID CRASH,UNABLE TO DETERMINE,5363,N,MILWAUKEE AVE,2,"REPORTED, NOT EVIDENT",1.0,0.0,0.0,0.0,1.0,1.0,0.0,6,4,10
aa79fa546e1ce05df5074a504cd67ef4e396becfec217b2e755037e110d79a52b3670272d3a3f91dc98bae5e07037a0d0be03e95491d8d19e6b36fa1167378e2,2021-08-02 11:54:00,0,UNKNOWN,UNKNOWN,UNKNOWN,UNKNOWN,PARKED MOTOR VEHICLE,OTHER,STRAIGHT AND LEVEL,UNKNOWN,UNKNOWN,NO INJURY / DRIVE AWAY,"OVER $1,500",UNABLE TO DETERMINE,NOT APPLICABLE,12406,S,NORMAL AVE,3,NO INDICATION OF INJURY,0.0,0.0,0.0,0.0,0.0,2.0,0.0,11,2,8
58f773f2eeaecf8169e46e1db1cf8fc301577ad04661691038d234705c3a62d7897d1b31fbe838a3c660acf434d000a73c8c99b6a9f5423e68f5c6de3ac41d0c,2017-07-30 22:45:00,30,NO CONTROLS,NO CONTROLS,CLEAR,"DARKNESS, LIGHTED ROAD",SIDESWIPE SAME DIRECTION,DIVIDED - W/MEDIAN BARRIER,STRAIGHT AND LEVEL,DRY,NO DEFECTS,NO INJURY / DRIVE AWAY,"OVER $1,500",IMPROPER LANE USAGE,NOT APPLICABLE,4545,W,CERMAK RD,2,NO INDICATION OF INJURY,0.0,0.0,0.0,0.0,0.0,2.0,0.0,22,1,7