CRASH_RECORD_ID,CRASH_DATE,POSTED_SPEED_LIMIT,TRAFFIC_CONTROL_DEVICE,DEVICE_CONDITION,WEATHER_CONDITION,LIGHTING_CONDITION,FIRST_CRASH_TYPE,TRAFFICWAY_TYPE,ALIGNMENT,ROADWAY_SURFACE_COND,ROAD_DEFECT,CRASH_TYPE,DAMAGE,PRIM_CONTRIBUTORY_CAUSE,SEC_CONTRIBUTORY_CAUSE,STREET_NO,STREET_DIRECTION,STREET_NAME,NUM_UNITS,MOST_SEVERE_INJURY,INJURIES_TOTAL,INJURIES_FATAL,INJURIES_INCAPACITATING,INJURIES_NON_INCAPACITATING,INJURIES_REPORTED_NOT_EVIDENT,INJURIES_NO_INDICATION,INJURIES_UNKNOWN,CRASH_HOUR,CRASH_DAY_OF_WEEK,CRASH_MONTH
8039506c23ccd64808cf31b220a9039b970b8ebee6bb3f3d9517c0687dfdc7f5630c4a6f01c0fbf30649eebe7f9a1b925ede50d3aa072eba7797fead258dc5df,2022-04-28 15:00:00,30,TRAFFIC SIGNAL,FUNCTIONING PROPERLY,CLEAR,DAYLIGHT,TURNING,NOT DIVIDED,STRAIGHT AND LEVEL,DRY,UNKNOWN,NO INJURY / DRIVE AWAY,"OVER $1,500",UNABLE TO DETERMINE,UNABLE TO DETERMINE,3201,W,BRYN MAWR AVE,2,NO INDICATION OF INJURY,0.0,0.0,0.0,0.0,0.0,2.0,0.0,15,5,4
df9c91dfe99f28239d95cd82dc69bec83b1d5e86532771c4b5bcfec12fe7d7d47302bd978940d6c9eebeb36567145ae6bb13a506330270f43b908641c9004cea,2018-08-28 20:00:00,30,NO CONTROLS,NO CONTROLS,UNKNOWN,UNKNOWN,PARKED MOTOR VEHICLE,NOT DIVIDED,STRAIGHT AND LEVEL,UNKNOWN,UNKNOWN,NO INJURY / DRIVE AWAY,"$501 - $1,500",UNABLE TO DETERMINE,UNABLE TO DETERMINE,3641,N,ASHLAND AVE,2,NO INDICATION OF INJURY,0.0,0.0,0.0,0.0,0.0,1.0,0.0,20,3,8
02064acf403c9192987f3bb177ab1518bc834ac5a73f22d49a48723c0e6a30693fb6dc3ff1f5b80e8119aaf910bd49f71ab5ca9840277bd634cec621dcaea63a,2018-02-14 12:00:00,30,TRAFFIC SIGNAL,FUNCTIONING PROPERLY,CLEAR,DAYLIGHT,SIDESWIPE SAME DIRECTION,NOT DIVIDED,STRAIGHT AND LEVEL,DRY,NO DEFECTS,NO INJURY / DRIVE AWAY,"OVER $1,500",FAILING TO YIELD RIGHT-OF-WAY,NOT APPLICABLE,1500,W,FOSTER AVE,2,NO INDICATION OF INJURY,0.0,0.0,0.0,0.0,0.0,2.0,0.0,12,4,2
ed9278a0457a6a98863da3769081b5cdcbc58d58b5feb2e3f77414b65966cfaae3307d12923ac87e5e6a3f30cc5246f9d3b31ba69cc808c019b2efbf3725a039,2021-11-22 09:02:00,30,TRAFFIC SIGNAL,FUNCTIONING PROPERLY,CLEAR,DAYLIGHT,REAR END,NOT DIVIDED,STRAIGHT AND LEVEL,DRY,UNKNOWN,INJURY AND / OR TOW DUE TO CRASH,"OVER $1,500",FOLLOWING TOO CLOSELY,NOT APPLICABLE,3618,N,HARLEM AVE,3,NO INDICATION OF INJURY,0.0,0.0,0.0,0.0,0.0,3.0,0.0,9,2,11
3a85a1b671e12d55877faa43fcccf9f29ba6a5fa12339e1442614ac7d94d27a7a3cd067ce9897fb1e9a92b32e05a95936dec824cbaf51e321d5b6994c74d8cc1,2023-05-23 20:38:00,20,NO CONTROLS,NO CONTROLS,CLEAR,DAWN,REAR TO FRONT,NOT DIVIDED,STRAIGHT AND LEVEL,DRY,NO DEFECTS,NO INJURY / DRIVE AWAY,"$501 - $1,500",UNABLE TO DETERMINE,NOT APPLICABLE,3217,N,CLARK ST,2,NO INDICATION OF INJURY,0.0,0.0,0.0,0.0,0.0,2.0,0.0,20,3,5
7d0b97d319a48ffe604ac7f1a5322bf15a8ee5359008ddc008936c9fb7e648eff045bd3582f7958384cfe00572bf35f865fc4a8791b9d0b4cb1bf2d9122c9ed8,2022-07-08 09:18:00,30,NO CONTROLS,NO CONTROLS,CLEAR,DAYLIGHT,TURNING,NOT DIVIDED,STRAIGHT AND LEVEL,DRY,NO DEFECTS,NO INJURY / DRIVE AWAY,"OVER $1,500",IMPROPER TURNING/NO SIGNAL,NOT APPLICABLE,1620,E,HAYES DR,2,NO INDICATION OF INJURY,0.0,0.0,0.0,0.0,0.0,3.0,0.0,9,6,7
e15f3f765162a3e46e0384c5a8b0e7a825020e9f7b06e8c669d3ba2821a6609310c997784d3577f945683046f9de997fba20ef251440257f7ef3766160689bd5,2018-08-27 06:30:00,30,NO CONTROLS,NO CONTROLS,CLEAR,DAYLIGHT,PARKED MOTOR VEHICLE,DIVIDED - W/MEDIAN (NOT RAISED),STRAIGHT AND LEVEL,DRY,UNKNOWN,NO INJURY / DRIVE AWAY,$500 OR LESS,IMPROPER OVERTAKING/PASSING,UNABLE TO DETERMINE,7200,S,HOYNE AVE,2,NO INDICATION OF INJURY,0.0,0.0,0.0,0.0,0.0,2.0,0.0,6,2,8
162348fb7c8fe572cb96111a2ae3989d87575b81195686d73e1442f068901529c3be0871b796d5e37418df2725969dbdb6000b168bc2f18aed7182560ac504f1,2018-03-11 05:30:00,30,UNKNOWN,UNKNOWN,UNKNOWN,UNKNOWN,PARKED MOTOR VEHICLE,ONE-WAY,STRAIGHT AND LEVEL,UNKNOWN,UNKNOWN,NO INJURY / DRIVE AWAY,"$501 - $1,500",UNABLE TO DETERMINE,NOT APPLICABLE,3858,N,KILPATRICK AVE,2,NO INDICATION OF INJURY,0.0,0.0,0.0,0.0,0.0,1.0,0.0,5,1,3
5a8bb7d1850b91843bb9ecfaf73d3d24525d93dc9379f64a8477f7df087696b3b66c30a1deb39e9289e8653a307c59bec59d605ba389e41e4fb3a18b49b61068,2023-07-14 13:50:00,35,TRAFFIC SIGNAL,FUNCTIONING PROPERLY,CLEAR,DAYLIGHT,REAR END,NOT DIVIDED,STRAIGHT AND LEVEL,DRY,NO DEFECTS,NO INJURY / DRIVE AWAY,$500 OR LESS,UNABLE TO DETERMINE,UNABLE TO DETERMINE,3,W,ROOSEVELT RD,2,NO INDICATION OF INJURY,0.0,0.0,0.0,0.0,0.0,2.0,0.0,13,6,7
51243cf89b5a94c8f42558a31cdea4ec8995911227422bccce6b93cf9dad22cf43446ac67997c7e78ea2e73b4312cc8d9195f54e1c6522c0e8f7c51d6586c723,2023-05-01 18:56:00,30,OTHER,NO CONTROLS,RAIN,DAYLIGHT,REAR END,NOT DIVIDED,STRAIGHT AND LEVEL,WET,NO DEFECTS,INJURY AND / OR TOW DUE TO CRASH,"OVER $1,500",UNDER THE INFLUENCE OF ALCOHOL/DRUGS (USE WHEN ARREST IS EFFECTED),"OPERATING VEHICLE IN ERRATIC, RECKLESS, CARELESS, NEGLIGENT OR AGGRESSIVE MANNER",4443,S,ASHLAND AVE,2,NONINCAPACITATING INJURY,2.0,0.0,0.0,2.0,0.0,3.0,0.0,18,2,5
d2fc85670c6dbd529b6b00899db8b9efbc676f0a9ea008020b8c3b65d981721a3cf454df29d2ab9bc30678ecc3018a56c2b2c2acb2a56ab4df4e2637bee2755d,2016-03-15 18:30:00,30,TRAFFIC SIGNAL,UNKNOWN,CLEAR,"DARKNESS, LIGHTED ROAD",REAR END,NOT DIVIDED,STRAIGHT AND LEVEL,DRY,NO DEFECTS,NO INJURY / DRIVE AWAY,"$501 - $1,500",FOLLOWING TOO CLOSELY,NOT APPLICABLE,303,W,MADISON ST,2,NO INDICATION OF INJURY,0.0,0.0,0.0,0.0,0.0,2.0,0.0,18,3,3
7c25b02daeb86117541ce74af1acdf45bd97e31f236f0a42657025fa31e3c1c8e474ea965cc8f5e7dab00a854ccaec89625381a3ca3f4dcbcb9c7ee0e5cb3bf0,2017-08-11 09:10:00,30,NO CONTROLS,NO CONTROLS,CLEAR,DAWN,PARKED MOTOR VEHICLE,ONE-WAY,STRAIGHT AND LEVEL,DRY,NO DEFECTS,NO INJURY / DRIVE AWAY,$500 OR LESS,UNABLE TO DETERMINE,NOT APPLICABLE,1606,N,FAIRFIELD AVE,2,NO INDICATION OF INJURY,0.0,0.0,0.0,0.0,0.0,1.0,0.0,9,6,8
cb03be4714bdff6bbad74f26def001315cc3acaef590a6c3fe5fb4913542d33d8e48d6772bd222daa14bd3828640e2ce0a1c0a6b24069858f0f0547a87db3203,2022-10-28 11:20:00,30,NO CONTROLS,NO CONTROLS,CLEAR,DAYLIGHT,REAR TO SIDE,T-INTERSECTION,STRAIGHT AND LEVEL,DRY,NO DEFECTS,NO INJURY / DRIVE AWAY,"OVER $1,500",IMPROPER BACKING,FAILING TO REDUCE SPEED TO AVOID CRASH,911,N,STATE ST,2,NO INDICATION OF INJURY,0.0,0.0,0.0,0.0,0.0,2.0,0.0,11,6,10
9293bd3a22ccc7275bd1d93d4bf4a500ce4237836c559318a6c70b399ac2a8856666acfa47a8160c5a15156232986c8494842bf5f1263c612c986fefd64d5f3d,2024-04-25 09:40:00,30,NO CONTROLS,NO CONTROLS,CLEAR,DAYLIGHT,SIDESWIPE SAME DIRECTION,NOT DIVIDED,STRAIGHT AND LEVEL,DRY,NO DEFECTS,NO INJURY / DRIVE AWAY,$500 OR LESS,UNABLE TO DETERMINE,UNABLE TO DETERMINE,4015,W,31ST ST,2,NO INDICATION OF INJURY,0.0,0.0,0.0,0.0,0.0,2.0,0.0,9,5,4
65b7388f137ac0968bf4ea0638edf7fca9d85c3a590c5df8269a7524b8041bffa1b1ed0dca009278b58c9202007cac7e66bb2f9e2e2008b82237de9ee73c2ef1,2015-09-28 16:29:00,25,NO CONTROLS,NO CONTROLS,CLEAR,DAYLIGHT,REAR END,ONE-WAY,STRAIGHT AND LEVEL,DRY,NO DEFECTS,NO INJURY / DRIVE AWAY,"OVER $1,500",IMPROPER BACKING,UNABLE TO DETERMINE,6044,S,VERNON AVE,2,NO INDICATION OF INJURY,0.0,0.0,0.0,0.0,0.0,4.0,0.0,16,2,9
d36b7ae20152fa6285d63988d02ee66657e0c1a44bbd617c7af8b8e500278d5d955ffb836e5dd2bcb6e46f42012de5c4ee3b3f1993f7ace1cab105a1fd89293e,2022-07-14 04:30:00,30,NO CONTROLS,NO CONTROLS,CLEAR,DUSK,FIXED OBJECT,NOT DIVIDED,STRAIGHT AND LEVEL,DRY,NO DEFECTS,NO INJURY / DRIVE AWAY,$500 OR LESS,UNABLE TO DETERMINE,UNABLE TO DETERMINE,2020,W,56TH ST,1,NO INDICATION OF INJURY,0.0,0.0,0.0,0.0,0.0,1.0,0.0,4,5,7
1f70db0a4aa993bb0fe2cfadd901b9060dc7fca27f092bb053a6bd79ea7ea2120a7e2fe7d08b11a5f30ffe892682b5b59b3d1c066c38d32963c50360a02ff7cc,2018-10-15 08:25:00,25,NO CONTROLS,NO CONTROLS,CLEAR,DAYLIGHT,PARKED MOTOR VEHICLE,NOT DIVIDED,STRAIGHT AND LEVEL,DRY,NO DEFECTS,NO INJURY / DRIVE AWAY,"$501 - $1,500",UNABLE TO DETERMINE,NOT APPLICABLE,2425,W,40TH ST,2,NO INDICATION OF INJURY,0.0,0.0,0.0,0.0,0.0,1.0,0.0,8,2,10
977f9e81a074a78d4ee5ba6bf6e42476aceaa76494d3b0a401481a33d880b1c4ba9a8cf745d50132cfddcc6f22f0ae2889806617ef7f45d24191c4f16fc8b97b,2022-05-12 12:36:00,30,NO CONTROLS,NO CONTROLS,CLEAR,DAYLIGHT,SIDESWIPE SAME DIRECTION,DIVIDED - W/MEDIAN BARRIER,STRAIGHT AND LEVEL,DRY,NO DEFECTS,NO INJURY / DRIVE AWAY,"$501 - $1,500",IMPROPER LANE USAGE,IMPROPER LANE USAGE,1002,N,LAKE SHORE DR SB,2,NO INDICATION OF INJURY,0.0,0.0,0.0,0.0,0.0,2.0,0.0,12,5,5
13f4855cdf006f4be93451d839fd1c2d21d91ff5ab5c0003c351e322dacb9a378cc3d52b9c17642ed029bb9147d2fd51ba137f365da2baf4c2cf6164ee10ea10,2020-03-18 12:58:00,15,TRAFFIC SIGNAL,NO CONTROLS,RAIN,DAYLIGHT,ANGLE,RAMP,STRAIGHT AND LEVEL,WET,NO DEFECTS,NO INJURY / DRIVE AWAY,"OVER $1,500",FAILING TO YIELD RIGHT-OF-WAY,DISREGARDING STOP SIGN,1101,S,CANAL ST,2,NO INDICATION OF INJURY,0.0,0.0,0.0,0.0,0.0,2.0,0.0,12,4,3
c5327f5fe7e063b351900a5ee567dd45481aed0a0cb458e1a5a3c3ef7040b460f26eba23c9fa11464238bc1081e1d7bfa0b68b0d59d8e140038fef382b21cec8,2024-01-11 18:30:00,30,UNKNOWN,UNKNOWN,UNKNOWN,UNKNOWN,SIDESWIPE SAME DIRECTION,DIVIDED - W/MEDIAN BARRIER,STRAIGHT AND LEVEL,UNKNOWN,UNKNOWN,NO INJURY / DRIVE AWAY,"OVER $1,500",DRIVING SKILLS/KNOWLEDGE/EXPERIENCE,UNABLE TO DETERMINE,910,S,MICHIGAN AVE,2,NO INDICATION OF INJURY,0.0,0.0,0.0,0.0,0.0,2.0,0.0,18,5,1
e13553090dc7ab56714bffad88414f3f56dfd956f58e50d74023f6cdc05d809de4747fe75d91e49bc58c9addd851d69b35b72b1c29e491321dfaabbc77fc3e43,2019-02-19 12:45:00,30,NO CONTROLS,NO CONTROLS,CLEAR,DAYLIGHT,SIDESWIPE SAME DIRECTION,NOT DIVIDED,STRAIGHT AND LEVEL,WET,NO DEFECTS,NO INJURY / DRIVE AWAY,"OVER $1,500",UNABLE TO DETERMINE,UNABLE TO DETERMINE,1800,W,HURON ST,2,NO INDICATION OF INJURY,0.0,0.0,0.0,0.0,0.0,2.0,0.0,12,3,2
a644446b3bed32db49f3651c0fb456121ec33fb06e01dedd8a4e0974b15cb6618ec27880111b9ef6379c9b3b8bf539bbda1fc657d496925304621e112d7278a2,2022-09-16 19:28:00,30,NO CONTROLS,NO CONTROLS,CLEAR,DAYLIGHT,SIDESWIPE SAME DIRECTION,NOT DIVIDED,STRAIGHT AND LEVEL,DRY,NO DEFECTS,NO INJURY / DRIVE AWAY,"OVER $1,500",FAILING TO YIELD RIGHT-OF-WAY,NOT APPLICABLE,2737,N,CENTRAL PARK AVE,2,NO INDICATION OF INJURY,0.0,0.0,0.0,0.0,0.0,4.0,0.0,19,6,9
5cd5f4b1d67ed68cde3931b8812fd46c8c92024d4926a7d872b428dd0354dd7b7e8c1b6621e4f713d39e7e16ab7748f3d17d47440b6f1b4a1d00cb449346eaa0,2023-08-01 09:07:00,30,TRAFFIC SIGNAL,FUNCTIONING PROPERLY,CLEAR,DAYLIGHT,REAR END,DIVIDED - W/MEDIAN (NOT RAISED),STRAIGHT AND LEVEL,DRY,NO DEFECTS,NO INJURY / DRIVE AWAY,$500 OR LESS,FOLLOWING TOO CLOSELY,NOT APPLICABLE,600,S,STATE ST,2,NO INDICATION OF INJURY,0.0,0.0,0.0,0.0,0.0,3.0,0.0,9,3,8
8ae191172e26b672d2f8e6d349dedb1c425829e244af67ceeca24c095fad4cb0b930fc36ae7b0922867c3eff1c1f6b2cb3d9cc5356bf20b389619629ea2c8113,2021-10-09 21:20:00,45,TRAFFIC SIGNAL,UNKNOWN,CLEAR,"DARKNESS, LIGHTED ROAD",REAR END,T-INTERSECTION,STRAIGHT AND LEVEL,DRY,UNKNOWN,NO INJURY / DRIVE AWAY,"$501 - $1,500",FOLLOWING TOO CLOSELY,UNABLE TO DETERMINE,735,N,LAKE SHORE DR,2,NO INDICATION OF INJURY,0.0,0.0,0.0,0.0,0.0,2.0,0.0,21,7,10
dca962145babebe3ae97cb30eb3572f95dee455fbee8bbc4f4d1bb7a93f13c4bf8cfea1c70180352e51d37ee46ea5847b8502b216e308406c34bfa3b357a1f8d,2021-09-04 12:12:00,15,OTHER,OTHER,CLEAR,DAYLIGHT,SIDESWIPE OPPOSITE DIRECTION,PARKING LOT,STRAIGHT AND LEVEL,DRY,NO DEFECTS,NO INJURY / DRIVE AWAY,$500 OR LESS,FOLLOWING TOO CLOSELY,DRIVING SKILLS/KNOWLEDGE/EXPERIENCE,2620,W,PERSHING RD,2,NO INDICATION OF INJURY,0.0,0.0,0.0,0.0,0.0,2.0,0.0,12,7,9
426e4366f1d7cec344ededed1d226846f727ea58193d400d26b0ab0b89dd38450c1de3a38c8b28d84df4ec39680a842353299dca2fa06de2e083fc6b05f41fca,2017-09-01 20:10:00,30,TRAFFIC SIGNAL,FUNCTIONING PROPERLY,CLEAR,DAYLIGHT,REAR END,DIVIDED - W/MEDIAN (NOT RAISED),STRAIGHT AND LEVEL,DRY,NO DEFECTS,NO INJURY / DRIVE AWAY,"OVER $1,500",FAILING TO REDUCE SPEED TO AVOID CRASH,DRIVING SKILLS/KNOWLEDGE/EXPERIENCE,5630,W,55TH ST,3,NO INDICATION OF INJURY,0.0,0.0,0.0,0.0,0.0,3.0,0.0,20,6,9
9f81f4a7701254d283b577b4017b39bab9fd789cf94183bae64fbb872667067d442b8dcf5e35f5cd3f387077b1e40338c3dc6ee19831d09d949cb39e7fdaf50b,2024-01-06 00:00:00,30,NO CONTROLS,NO CONTROLS,UNKNOWN,UNKNOWN,PARKED MOTOR VEHICLE,ONE-WAY,STRAIGHT AND LEVEL,UNKNOWN,NO DEFECTS,NO INJURY / DRIVE AWAY,"OVER $1,500",NOT APPLICABLE,NOT APPLICABLE,3900,W,60TH ST,2,NO INDICATION OF INJURY,0.0,0.0,0.0,0.0,0.0,1.0,0.0,0,7,1
2552c9478fb71ea1b374b1216cbf595d74e0f819627a2513072653abb40dbdf8f6d9144aae1eefdee6282056cfb05ecc8146fc9f220dd15001bf0a39fa1ea86c,2022-10-11 19:30:00,30,STOP SIGN/FLASHER,FUNCTIONING PROPERLY,RAIN,"DARKNESS, LIGHTED ROAD",ANGLE,FOUR WAY,STRAIGHT AND LEVEL,WET,UNKNOWN,NO INJURY / DRIVE AWAY,"OVER $1,500",UNABLE TO DETERMINE,NOT APPLICABLE,2700,N,CENTRAL AVE,2,NO INDICATION OF INJURY,0.0,0.0,0.0,0.0,0.0,3.0,0.0,19,3,10
8db90b3c84bb632223fd0e626619169590ddc9cc06108890eb834dd1219d1f8de602de1a3f8ddb1a1d10eafb8cd7105f1888976ebf90db797bd081c936c71ba3,2023-04-11 07:25:00,30,TRAFFIC SIGNAL,UNKNOWN,CLEAR,DAYLIGHT,SIDESWIPE SAME DIRECTION,OTHER,STRAIGHT AND LEVEL,DRY,UNKNOWN,NO INJURY / DRIVE AWAY,"$501 - $1,500",UNABLE TO DETERMINE,NOT APPLICABLE,9900,S,HALSTED ST,2,NO INDICATION OF INJURY,0.0,0.0,0.0,0.0,0.0,2.0,0.0,7,3,4
012aa562ed59e447a0ef141962bf61274f503bc8a74fee47d4152b07280c06d20306872a12241ef55c3a6ad68414305b984f8ce75b38b11eb4c2844c2040cb74,2023-02-13 15:10:00,30,NO CONTROLS,NO CONTROLS,CLEAR,DAYLIGHT,ANGLE,ONE-WAY,STRAIGHT AND LEVEL,DRY,NO DEFECTS,NO INJURY / DRIVE AWAY,"OVER $1,500",FAILING TO YIELD RIGHT-OF-WAY,NOT APPLICABLE,3351,W,OHIO ST,2,NO INDICATION OF INJURY,0.0,0.0,0.0,0.0,0.0,2.0,0.0,15,2,2
a1b2481e51f55202ad2ee184271e78c17a4dc630e8e5fdd9f20d96397d4107b1edceb30e628314f638e8a0b60eaa3705e4bbec1a58137d09a8dda9b90ff1d530,2016-03-08 17:45:00,30,UNKNOWN,UNKNOWN,UNKNOWN,UNKNOWN,REAR END,NOT DIVIDED,STRAIGHT AND LEVEL,UNKNOWN,UNKNOWN,NO INJURY / DRIVE AWAY,"OVER $1,500",UNABLE TO DETERMINE,NOT APPLICABLE,8401,W,HIGGINS RD,2,NO INDICATION OF INJURY,0.0,0.0,0.0,0.0,0.0,2.0,0.0,17,3,3
7de9931bba3e4712100a1368549f39d7ec7f8f32509c5d1a1dc5880260085183aac7c40f92cf6bcae1a5db56e7e780f501be85f3624d9878f7458ffa6534a1d6,2019-12-07 01:45:00,30,NO CONTROLS,NO CONTROLS,CLEAR,"DARKNESS, LIGHTED ROAD",SIDESWIPE SAME DIRECTION,DIVIDED - W/MEDIAN (NOT RAISED),STRAIGHT AND LEVEL,DRY,NO DEFECTS,NO INJURY / DRIVE AWAY,"OVER $1,500",UNABLE TO DETERMINE,DRIVING SKILLS/KNOWLEDGE/EXPERIENCE,3506,N,CLARK ST,2,NO INDICATION OF INJURY,0.0,0.0,0.0,0.0,0.0,2.0,0.0,1,7,12
2f8f4abfb199cbcc105f316e24f79b06df222fc24e202e404e5a2697ca59c45232f247d818bd492695d579853dfbdc12ec77c655ded9ae6ced2d65fb8f6997a9,2022-10-28 17:23:00,30,NO CONTROLS,NO CONTROLS,CLEAR,DAYLIGHT,PARKED MOTOR VEHICLE,NOT DIVIDED,STRAIGHT AND LEVEL,DRY,NO DEFECTS,NO INJURY / DRIVE AWAY,"$501 - $1,500",DRIVING ON WRONG SIDE/WRONG WAY,NOT APPLICABLE,811,S,LYTLE ST,2,NO INDICATION OF INJURY,0.0,0.0,0.0,0.0,0.0,1.0,0.0,17,6,10
0537d0070abfe917bc83a842b2d8f49efaf71809db3af0a2ef7521d2b1a968aa9c1df12e18be32c71d9a4f5b89e88a2aaa10388fecaff3486e10056eb1f906ea,2016-10-14 23:00:00,25,TRAFFIC SIGNAL,FUNCTIONING PROPERLY,CLEAR,"DARKNESS, LIGHTED ROAD",TURNING,ONE-WAY,STRAIGHT AND LEVEL,DRY,NO DEFECTS,NO INJURY / DRIVE AWAY,$500 OR LESS,IMPROPER LANE USAGE,NOT APPLICABLE,101,S,DEARBORN ST,2,NO INDICATION OF INJURY,0.0,0.0,0.0,0.0,0.0,2.0,0.0,23,6,10
b407ef2f19a98c73231cf0eb3394ea5aa712c5e23e96121ef579c3314ac279eb2531cf522d7bade1b00d70c93672dcf3a3726bd3c6d770d331281c390da34570,2020-05-01 12:30:00,30,NO CONTROLS,NO CONTROLS,CLEAR,DAYLIGHT,SIDESWIPE SAME DIRECTION,NOT DIVIDED,STRAIGHT AND LEVEL,DRY,NO DEFECTS,NO INJURY / DRIVE AWAY,"$501 - $1,500",UNABLE TO DETERMINE,UNABLE TO DETERMINE,831,N,SEDGWICK ST,2,NO INDICATION OF INJURY,0.0,0.0,0.0,0.0,0.0,2.0,0.0,12,6,5
477ced831151a1db564c3a42b02310228548b55859b71063217379720a0e6bafca77832c1295783381d6c5eff5c60eecabbfe45f4e01daedead5c65e42a8af84,2021-02-03 15:22:00,30,NO CONTROLS,NO CONTROLS,SNOW,DAYLIGHT,PARKED MOTOR VEHICLE,NOT DIVIDED,STRAIGHT AND LEVEL,SNOW OR SLUSH,NO DEFECTS,NO INJURY / DRIVE AWAY,"OVER $1,500",UNABLE TO DETERMINE,UNABLE TO DETERMINE,433,W,98TH ST,2,NO INDICATION OF INJURY,0.0,0.0,0.0,0.0,0.0,1.0,0.0,15,4,2
187e979caff3f78563344b43e6756d63828a8b24662787ff8cf047b0908bef796e0a278efaa85566bcd51059c2c84f4fbb5649f5c1eeb46f4d20cc045f68eb65,2022-02-22 20:45:00,30,UNKNOWN,UNKNOWN,UNKNOWN,UNKNOWN,SIDESWIPE OPPOSITE DIRECTION,UNKNOWN,STRAIGHT AND LEVEL,UNKNOWN,UNKNOWN,NO INJURY / DRIVE AWAY,"OVER $1,500",UNABLE TO DETERMINE,UNABLE TO DETERMINE,3900,S,WESTERN AVE,2,NO INDICATION OF INJURY,0.0,0.0,0.0,0.0,0.0,2.0,0.0,20,3,2
153ee3a6816f3b2e0a8e9493be2b394c2b17d9b2347bba07878b1eb98a431d19bc94350962545fb48264015659c717a2e620a9715db5f68fbae436b4e162ffdb,2022-10-07 08:50:00,30,NO CONTROLS,NO CONTROLS,FREEZING RAIN/DRIZZLE,DAYLIGHT,SIDESWIPE SAME DIRECTION,ONE-WAY,STRAIGHT AND LEVEL,WET,NO DEFECTS,NO INJURY / DRIVE AWAY,"OVER $1,500",IMPROPER OVERTAKING/PASSING,UNABLE TO DETERMINE,2158,W,WASHINGTON BLVD,2,NO INDICATION OF INJURY,0.0,0.0,0.0,0.0,0.0,2.0,0.0,8,6,10
25272f149b0816a4d116e873ccc6fa6945ef10ee0d1f96f5575f0b09271285c714c6a04795a80383da7bb086428a0f812a4cb8b7975592fffe00e093f70fed14,2016-07-27 01:45:00,30,TRAFFIC SIGNAL,FUNCTIONING PROPERLY,CLEAR,"DARKNESS, LIGHTED ROAD",REAR END,NOT DIVIDED,STRAIGHT AND LEVEL,DRY,UNKNOWN,NO INJURY / DRIVE AWAY,"$501 - $1,500",DRIVING SKILLS/KNOWLEDGE/EXPERIENCE,NOT APPLICABLE,795,E,79TH ST,2,NO INDICATION OF INJURY,0.0,0.0,0.0,0.0,0.0,2.0,0.0,1,4,7
51f7d51fec182985cab4a50b69aff6e81aa2739bed9fee7038b5790a4e9c2fd68e64d2c2b24e153674c146a6c767495e79aeb13b188279a8c6bef887cedbbcc0,2023-06-14 12:45:00,30,TRAFFIC SIGNAL,NO CONTROLS,CLEAR,DAYLIGHT,REAR END,DIVIDED - W/MEDIAN (NOT RAISED),STRAIGHT AND LEVEL,DRY,NO DEFECTS,NO INJURY / DRIVE AWAY,"OVER $1,500",UNABLE TO DETERMINE,UNABLE TO DETERMINE,4160,W,BELMONT AVE,2,NO INDICATION OF INJURY,0.0,0.0,0.0,0.0,0.0,2.0,0.0,12,4,6
1b17736c44dffda55c42001937691d33e47d31f4e4999dc70d83d30fe30f671a227faf322f206b8676ff35a18be3993dc176cb5b88870d887fe88e1a77c20426,2020-09-04 11:30:00,20,NO CONTROLS,NO CONTROLS,CLEAR,DAYLIGHT,PARKED MOTOR VEHICLE,PARKING LOT,STRAIGHT AND LEVEL,DRY,NO DEFECTS,NO INJURY / DRIVE AWAY,"OVER $1,500",UNABLE TO DETERMINE,UNABLE TO DETERMINE,11520,S,MARSHFIELD AVE,2,NO INDICATION OF INJURY,0.0,0.0,0.0,0.0,0.0,1.0,0.0,11,6,9
f778083e247a2265719ff8c73f0f7fdac7b04b3566e27b8f4a85b986d9cb580bd9f028650626613645bd3ce35c095abf3abda186dc47738236951139b0f3c8a1,2018-05-21 05:50:00,25,TRAFFIC SIGNAL,FUNCTIONING PROPERLY,CLOUDY/OVERCAST,DAWN,TURNING,DIVIDED - W/MEDIAN BARRIER,STRAIGHT AND LEVEL,DRY,NO DEFECTS,INJURY AND / OR TOW DUE TO CRASH,"OVER $1,500",FAILING TO YIELD RIGHT-OF-WAY,NOT APPLICABLE,401,N,LOWER MICHIGAN AVE,3,NO INDICATION OF INJURY,0.0,0.0,0.0,0.0,0.0,3.0,0.0,5,2,5
833b4e9be5228bdbbaceca972494028413582e417e56eb453657cc3bbc1ed08df60f26652843567f07be827c5484f1d6eca3bbeeaebf6a61d24f04f4d718316f,2021-06-27 14:47:00,30,NO CONTROLS,NO CONTROLS,CLEAR,DAYLIGHT,PEDESTRIAN,NOT DIVIDED,STRAIGHT AND LEVEL,DRY,NO DEFECTS,NO INJURY / DRIVE AWAY,$500 OR LESS,FAILING TO YIELD RIGHT-OF-WAY,NOT APPLICABLE,1054,W,WILLOW ST,2,NO INDICATION OF INJURY,0.0,0.0,0.0,0.0,0.0,2.0,0.0,14,1,6
4a8d8ebf785b7638d587cfe86fa14b075108caea918be82376755bcc0a66cdd2dc10c24cdfc5ddcf13c4de92f8b7633a32446a5e5f762c71cb4c3354290158af,2017-05-24 15:15:00,30,TRAFFIC SIGNAL,FUNCTIONING PROPERLY,CLEAR,DAYLIGHT,SIDESWIPE SAME DIRECTION,DIVIDED - W/MEDIAN (NOT RAISED),STRAIGHT AND LEVEL,DRY,UNKNOWN,NO INJURY / DRIVE AWAY,"OVER $1,500",UNABLE TO DETERMINE,UNABLE TO DETERMINE,732,N,STATE ST,2,NO INDICATION OF INJURY,0.0,0.0,0.0,0.0,0.0,2.0,0.0,15,4,5