CRASH_RECORD_ID,CRASH_DATE,POSTED_SPEED_LIMIT,TRAFFIC_CONTROL_DEVICE,DEVICE_CONDITION,WEATHER_CONDITION,LIGHTING_CONDITION,FIRST_CRASH_TYPE,TRAFFICWAY_TYPE,ALIGNMENT,ROADWAY_SURFACE_COND,ROAD_DEFECT,CRASH_TYPE,DAMAGE,PRIM_CONTRIBUTORY_CAUSE,SEC_CONTRIBUTORY_CAUSE,STREET_NO,STREET_DIRECTION,STREET_NAME,NUM_UNITS,MOST_SEVERE_INJURY,INJURIES_TOTAL,INJURIES_FATAL,INJURIES_INCAPACITATING,INJURIES_NON_INCAPACITATING,INJURIES_REPORTED_NOT_EVIDENT,INJURIES_NO_INDICATION,INJURIES_UNKNOWN,CRASH_HOUR,CRASH_DAY_OF_WEEK,CRASH_MONTH
e42cec649cb2e631af742440442af18cb9bf8ff1ed8c286f47d416cedf9f3df474c8ddb9402b70bdaa488720aa635a7860f247b70d8363e811899447843f5f3f,2019-02-18 06:45:00,30,NO CONTROLS,NO CONTROLS,CLEAR,DAYLIGHT,PARKED MOTOR VEHICLE,NOT DIVIDED,STRAIGHT AND LEVEL,DRY,NO DEFECTS,NO INJURY / DRIVE AWAY,$500 OR LESS,NOT APPLICABLE,NOT APPLICABLE,6928,S,ROCKWELL ST,2,NO INDICATION OF INJURY,0.0,0.0,0.0,0.0,0.0,1.0,0.0,6,2,2
c98e024cc21e4ba6cd54a3e6040765336754f2fd35af26636f706c058c0152642e93c46682c6d42b4aa6a6f02775410e603e95c320eea96bf461e0c440aa6ac2,2022-09-20 07:07:00,25,NO CONTROLS,NO CONTROLS,CLEAR,DAYLIGHT,ANGLE,ONE-WAY,STRAIGHT AND LEVEL,DRY,NO DEFECTS,INJURY AND / OR TOW DUE TO CRASH,"$501 - $1,500",UNABLE TO DETERMINE,UNABLE TO DETERMINE,4748,N,MONTICELLO AVE,2,NO INDICATION OF INJURY,0.0,0.0,0.0,0.0,0.0,2.0,0.0,7,3,9
c4d26a740836552a7d075c6d47f274ea5b50f304a53a8cc60ba4c14c84f50a4618988d97653eec73dd9b6af274a56dcfc6947fff036b17c3c5caa023b8986fee,2017-08-09 08:50:00,30,STOP SIGN/FLASHER,FUNCTIONING PROPERLY,CLEAR,DAYLIGHT,ANGLE,NOT DIVIDED,STRAIGHT AND LEVEL,DRY,NO DEFECTS,NO INJURY / DRIVE AWAY,"OVER $1,500",UNABLE TO DETERMINE,NOT APPLICABLE,340,W,LOCUST ST,2,NO INDICATION OF INJURY,0.0,0.0,0.0,0.0,0.0,2.0,0.0,8,4,8
c535ed38633fd3610f105f942c558d8a62b7920ef87c62e7197efba0471e0ea70886231f079d43ffeeae1f0450792bbafc4aa5ca8245a1c3693b22051db378c9,2023-09-30 13:34:00,35,TRAFFIC SIGNAL,FUNCTIONING PROPERLY,CLEAR,DAYLIGHT,REAR END,DIVIDED - W/MEDIAN (NOT RAISED),STRAIGHT AND LEVEL,DRY,NO DEFECTS,NO INJURY / DRIVE AWAY,"OVER $1,500",FOLLOWING TOO CLOSELY,UNABLE TO DETERMINE,8300,S,MARYLAND AVE,2,NO INDICATION OF INJURY,0.0,0.0,0.0,0.0,0.0,2.0,0.0,13,7,9
2caaa241da62d3074607e212dfe8f92e7875f0f815cf4c23cb99a187334ec0b14e110012bf08f084e1c31f88dbb10862e49a7a6f344fefb57897b8ea80f9e7d3,2022-05-07 17:07:00,30,NO CONTROLS,NO CONTROLS,CLEAR,DAYLIGHT,ANGLE,NOT DIVIDED,STRAIGHT AND LEVEL,DRY,NO DEFECTS,INJURY AND / OR TOW DUE TO CRASH,"OVER $1,500",FAILING TO YIELD RIGHT-OF-WAY,NOT APPLICABLE,1103,W,GRANVILLE AVE,2,"REPORTED, NOT EVIDENT",1.0,0.0,0.0,0.0,1.0,1.0,0.0,17,7,5
9450c5385eedd298a25da77af56e314d1f1685c073eb43e6a6b6a1fbdc79497e1a3435d77a6bca996fe16968fb7e7bd0a46b5465f957342b0e1dce1117af4c81,2020-12-29 06:00:00,20,NO CONTROLS,NO CONTROLS,CLEAR,DAYLIGHT,PARKED MOTOR VEHICLE,ONE-WAY,STRAIGHT AND LEVEL,DRY,NO DEFECTS,NO INJURY / DRIVE AWAY,"$501 - $1,500",UNABLE TO DETERMINE,UNABLE TO DETERMINE,7815,S,CLYDE AVE,2,NO INDICATION OF INJURY,0.0,0.0,0.0,0.0,0.0,1.0,0.0,6,3,12
297245feba4244a75213eac023cb6c212c86c243e9a829f34a61408cacf63f544caea152ec7d7705357bbad208a15dff4d4672cfeaa6e04ca636d4e06927f3b8,2022-08-12 22:10:00,40,NO CONTROLS,NO CONTROLS,CLEAR,"DARKNESS, LIGHTED ROAD",REAR END,DIVIDED - W/MEDIAN BARRIER,"CURVE, LEVEL",DRY,WORN SURFACE,INJURY AND / OR TOW DUE TO CRASH,"OVER $1,500",FOLLOWING TOO CLOSELY,FAILING TO REDUCE SPEED TO AVOID CRASH,1500,S,LAKE SHORE DR E,2,NO INDICATION OF INJURY,0.0,0.0,0.0,0.0,0.0,6.0,0.0,22,6,8
c07d479ef7e3366032c4cbb22898c8c7194e43d102a275f86927418992eed6b550bc297a222d45ff460182fb4ca4d19b176a1fa10bad902c53c26c245a0210e3,2020-06-19 18:30:00,20,NO CONTROLS,NO CONTROLS,CLEAR,DAYLIGHT,PARKED MOTOR VEHICLE,ONE-WAY,STRAIGHT AND LEVEL,DRY,NO DEFECTS,NO INJURY / DRIVE AWAY,"OVER $1,500",IMPROPER BACKING,IMPROPER BACKING,3530,N,ALBANY AVE,2,NO INDICATION OF INJURY,0.0,0.0,0.0,0.0,0.0,1.0,0.0,18,6,6
b5a910b4e1034afb65769f1ffb4d20c58aefafc4717c539eb9c97d49917a93dc7e73e9e81788e80b4179a56d06c30f37d314ae831ea5d654ca3f6a280e0da845,2020-01-01 03:35:00,30,NO CONTROLS,NO CONTROLS,FOG/SMOKE/HAZE,"DARKNESS, LIGHTED ROAD",TURNING,NOT DIVIDED,STRAIGHT AND LEVEL,WET,NO DEFECTS,INJURY AND / OR TOW DUE TO CRASH,"OVER $1,500",FAILING TO YIELD RIGHT-OF-WAY,IMPROPER TURNING/NO SIGNAL,3448,N,NARRAGANSETT AVE,4,NO INDICATION OF INJURY,0.0,0.0,0.0,0.0,0.0,5.0,0.0,3,4,1
3469038bf2aedb48a935471919977ca5949a0541fe294ddf91f98e6e63fddf9edf65473a0499f0ac9776378666677cacd0deb37d63c9b1be3dabf07f1128cf36,2018-04-30 07:57:00,30,NO CONTROLS,NO CONTROLS,CLEAR,DAYLIGHT,PARKED MOTOR VEHICLE,NOT DIVIDED,STRAIGHT AND LEVEL,DRY,NO DEFECTS,NO INJURY / DRIVE AWAY,"OVER $1,500",UNABLE TO DETERMINE,UNABLE TO DETERMINE,15,N,CANAL ST,2,NO INDICATION OF INJURY,0.0,0.0,0.0,0.0,0.0,1.0,0.0,7,2,4
3767c050ef5f5e07d01050a2f90cee98c0c7dcf79b1a9f9fd027779910faf6caf0a21948f326b6f531de959aa7b62bde82e0371ffec4241cc508360ace058546,2017-11-15 19:30:00,30,TRAFFIC SIGNAL,FUNCTIONING PROPERLY,CLEAR,"DARKNESS, LIGHTED ROAD",SIDESWIPE SAME DIRECTION,OTHER,STRAIGHT AND LEVEL,WET,NO DEFECTS,NO INJURY / DRIVE AWAY,"OVER $1,500",IMPROPER LANE USAGE,IMPROPER LANE USAGE,8700,S,COMMERCIAL AVE,2,NO INDICATION OF INJURY,0.0,0.0,0.0,0.0,0.0,3.0,0.0,19,4,11
78359bff99a430815c0a7d629ce9fbcd686cebb831bc0c9ecbc892222e8d4c2a070734cacc6badb895c8c507436f5a85144cb1a896a0b6b115419f023a781dd1,2017-03-14 13:15:00,15,NO CONTROLS,NO CONTROLS,CLEAR,DAYLIGHT,ANGLE,PARKING LOT,STRAIGHT AND LEVEL,WET,NO DEFECTS,NO INJURY / DRIVE AWAY,"$501 - $1,500",IMPROPER BACKING,NOT APPLICABLE,2501,W,LAWRENCE AVE,2,NO INDICATION OF INJURY,0.0,0.0,0.0,0.0,0.0,3.0,0.0,13,3,3
17fda1a48ff347d141d117bde8136a998084f40bd8cbe134ecf6af526ddd23fe749fdaa0ebdcc6a15d4d9c8cac354613cbdcd253bee504b3aa298bd626c32747,2019-08-26 06:55:00,30,UNKNOWN,UNKNOWN,CLOUDY/OVERCAST,DAYLIGHT,PARKED MOTOR VEHICLE,NOT DIVIDED,STRAIGHT AND LEVEL,UNKNOWN,UNKNOWN,NO INJURY / DRIVE AWAY,"OVER $1,500",UNABLE TO DETERMINE,UNABLE TO DETERMINE,1151,E,47TH ST,2,NO INDICATION OF INJURY,0.0,0.0,0.0,0.0,0.0,1.0,0.0,6,2,8
b8c66df8c2e96d15dff109cfe91408be45e3c13bbf7b60edde4cafc7fb2175efca4ed497cd664b301af0da1a91f765d8271751b4dee634b7ba78c4f1a0a8f477,2019-05-04 13:00:00,35,NO CONTROLS,NO CONTROLS,CLEAR,DAYLIGHT,TURNING,ONE-WAY,STRAIGHT AND LEVEL,DRY,NO DEFECTS,NO INJURY / DRIVE AWAY,$500 OR LESS,DRIVING SKILLS/KNOWLEDGE/EXPERIENCE,"VISION OBSCURED (SIGNS, TREE LIMBS, BUILDINGS, ETC.)",77,E,WASHINGTON ST,2,NO INDICATION OF INJURY,0.0,0.0,0.0,0.0,0.0,7.0,0.0,13,7,5
23a8cf0aca8e129c6bbd28fdd23a510e0a890f7f79a4d0ec78e4e7c8f349ee55d869e21d07b49115005de0673856fd8ca2a8a1a6e174463b8888d8d4c6f301ab,2023-06-28 15:23:00,20,NO CONTROLS,NO CONTROLS,CLEAR,DAYLIGHT,ANGLE,UNKNOWN INTERSECTION TYPE,STRAIGHT AND LEVEL,DRY,NO DEFECTS,INJURY AND / OR TOW DUE TO CRASH,"$501 - $1,500",UNABLE TO DETERMINE,NOT APPLICABLE,3056,N,OAKLEY AVE,2,NO INDICATION OF INJURY,0.0,0.0,0.0,0.0,0.0,3.0,0.0,15,4,6
258de187e3116a27a34e469e5fb81b2dd4376946745034f4d0f1f1c2b9802a85a1d81a37b35a78161796dff7e296986ddf3931ccc966a7e9b238657f98a964b5,2023-03-04 20:20:00,20,NO CONTROLS,NO CONTROLS,RAIN,DARKNESS,PARKED MOTOR VEHICLE,ONE-WAY,STRAIGHT AND LEVEL,WET,NO DEFECTS,NO INJURY / DRIVE AWAY,"OVER $1,500",UNABLE TO DETERMINE,UNABLE TO DETERMINE,4863,N,MARMORA AVE,3,NO INDICATION OF INJURY,0.0,0.0,0.0,0.0,0.0,1.0,0.0,20,7,3
f1dcf6dacad2bf4bb7da1681985d933e4ecdbcc0ce4115fda52edcf24db974832ad1c8d0be7b626b1271a30ade2fedfbce9572cd8f0eb82a65579dc38be07c9e,2022-02-19 16:00:00,30,TRAFFIC SIGNAL,FUNCTIONING PROPERLY,CLEAR,DAYLIGHT,TURNING,NOT DIVIDED,STRAIGHT AND LEVEL,DRY,NO DEFECTS,NO INJURY / DRIVE AWAY,"OVER $1,500",UNABLE TO DETERMINE,UNABLE TO DETERMINE,730,S,LARAMIE AVE,2,NO INDICATION OF INJURY,0.0,0.0,0.0,0.0,0.0,3.0,0.0,16,7,2
ec80b5857f4f026f417716a2c9363eb2693d17f97268f972e0e3faa781b54d496e26d8cf630606c5339c6958fdde3b06d4f60f1515dfba6adc1256ff39312089,2019-01-09 07:00:00,20,NO CONTROLS,NO CONTROLS,CLEAR,DAWN,REAR END,DIVIDED - W/MEDIAN (NOT RAISED),STRAIGHT AND LEVEL,DRY,NO DEFECTS,NO INJURY / DRIVE AWAY,"OVER $1,500",NOT APPLICABLE,NOT APPLICABLE,5650,W,DIVERSEY AVE,2,NO INDICATION OF INJURY,0.0,0.0,0.0,0.0,0.0,2.0,0.0,7,4,1
c5fb953204e4d10c01b9961c21d888322fb581d98e797e4a8150179352353225fbe43754b0cd44467f354a6f63798e98ddce1208717dde91e67bd451e11605aa,2016-10-04 08:50:00,30,TRAFFIC SIGNAL,FUNCTIONING PROPERLY,CLEAR,DAYLIGHT,REAR END,NOT DIVIDED,STRAIGHT AND LEVEL,DRY,NO DEFECTS,NO INJURY / DRIVE AWAY,"OVER $1,500",FOLLOWING TOO CLOSELY,NOT APPLICABLE,4300,S,ARCHER AVE,2,NO INDICATION OF INJURY,0.0,0.0,0.0,0.0,0.0,3.0,0.0,8,3,10
dc7520933b2580e0325bfffccacee7f3528a8c48c05c4277179fd4d797fc4bb92af03f181e617a4c5709901b6d4f16cdff35f357d996983a2a1d9b740db80d07,2024-02-11 09:00:00,30,NO CONTROLS,NO CONTROLS,CLEAR,UNKNOWN,PARKED MOTOR VEHICLE,ONE-WAY,STRAIGHT AND LEVEL,UNKNOWN,UNKNOWN,NO INJURY / DRIVE AWAY,"OVER $1,500",UNABLE TO DETERMINE,UNABLE TO DETERMINE,5857,N,SPAULDING AVE,2,NO INDICATION OF INJURY,0.0,0.0,0.0,0.0,0.0,1.0,0.0,9,1,2
88862860aeb2e1aa794893bcac9be2e4ab1f3161c13919b5d13de227a5792406ced1d1b9eb7ed89dc2ceccc086da4a2e459c885008d452d08b09b439066a3909,2023-05-22 15:50:00,20,UNKNOWN,UNKNOWN,UNKNOWN,UNKNOWN,REAR TO REAR,NOT DIVIDED,STRAIGHT AND LEVEL,UNKNOWN,UNKNOWN,NO INJURY / DRIVE AWAY,"OVER $1,500",UNABLE TO DETERMINE,UNABLE TO DETERMINE,2123,W,LYNDALE ST,2,NO INDICATION OF INJURY,0.0,0.0,0.0,0.0,0.0,2.0,0.0,15,2,5
7086d077ec67951f89f571df880ab5e54ebb20c9c6b822afca48a612e423b6b7aca1d6c6ce4cf784ac61982035a8f0f52ffb5a0e1af34b7cf9a78e67d7e071b9,2019-04-06 20:30:00,15,NO CONTROLS,NO CONTROLS,CLEAR,DAYLIGHT,PARKED MOTOR VEHICLE,ONE-WAY,STRAIGHT AND LEVEL,DRY,NO DEFECTS,NO INJURY / DRIVE AWAY,"$501 - $1,500","OPERATING VEHICLE IN ERRATIC, RECKLESS, CARELESS, NEGLIGENT OR AGGRESSIVE MANNER",UNABLE TO DETERMINE,4316,N,SPAULDING AVE,2,NO INDICATION OF INJURY,0.0,0.0,0.0,0.0,0.0,2.0,0.0,20,7,4
9600bc5bcb513f8f25cacc1a919a90ecfa7ff7b3f681b85bf7565adfc97b5e6d071c51950f2ef5520ed30d4bd3205031cd57b0b9f3da44f1bcbcba083917afb8,2017-08-23 11:05:00,30,NO CONTROLS,NO CONTROLS,CLEAR,DAYLIGHT,ANGLE,DIVIDED - W/MEDIAN (NOT RAISED),STRAIGHT AND LEVEL,DRY,NO DEFECTS,INJURY AND / OR TOW DUE TO CRASH,"$501 - $1,500",IMPROPER TURNING/NO SIGNAL,IMPROPER LANE USAGE,1650,S,MICHIGAN AVE,2,NONINCAPACITATING INJURY,1.0,0.0,0.0,1.0,0.0,2.0,0.0,11,4,8
bac139d60af0c968690e5f0e91f044e0a5420b8a35977904fcdaf7701ee28407346514b4401bc39c87f3b45524e078febba1fe5ff85e8fc61649eeb21bd80b6c,2021-07-02 12:30:00,30,TRAFFIC SIGNAL,FUNCTIONING PROPERLY,CLEAR,DAYLIGHT,REAR END,NOT DIVIDED,STRAIGHT AND LEVEL,DRY,NO DEFECTS,NO INJURY / DRIVE AWAY,"OVER $1,500",IMPROPER LANE USAGE,NOT APPLICABLE,2520,S,WESTERN AVE,2,NO INDICATION OF INJURY,0.0,0.0,0.0,0.0,0.0,3.0,0.0,12,6,7
9a4544064cb015f4a9d621aa84bbbfed17ac356f9e75a0cc694904c00e0603e2ff59938a6109f9227451359c3730fc1b7376adf6d12c787c5458ee987e93b7aa,2021-09-17 21:05:00,30,NO CONTROLS,NO CONTROLS,RAIN,"DARKNESS, LIGHTED ROAD",PEDESTRIAN,DIVIDED - W/MEDIAN (NOT RAISED),STRAIGHT AND LEVEL,WET,NO DEFECTS,INJURY AND / OR TOW DUE TO CRASH,$500 OR LESS,UNABLE TO DETERMINE,UNABLE TO DETERMINE,759,N,LATROBE AVE,2,NONINCAPACITATING INJURY,1.0,0.0,0.0,1.0,0.0,1.0,0.0,21,6,9
2e2c35081929cd684fb397692f53aed26cb46db32b822fd8c0360d85fcceb6a736b617240a3062c0169188dd59a1851ae6358025b560cfc8caec1f3a77d5bc98,2020-07-16 06:00:00,30,NO CONTROLS,NO CONTROLS,RAIN,"DARKNESS, LIGHTED ROAD",PARKED MOTOR VEHICLE,DIVIDED - W/MEDIAN (NOT RAISED),STRAIGHT AND LEVEL,WET,NO DEFECTS,NO INJURY / DRIVE AWAY,"$501 - $1,500",UNABLE TO DETERMINE,NOT APPLICABLE,3600,S,HALSTED ST,2,NO INDICATION OF INJURY,0.0,0.0,0.0,0.0,0.0,1.0,0.0,6,5,7
7c03417274df2f9f149da82602387068e0efa49214ee02f81ff36ff2ef78f16c9b854dadb9893de2440a9d604fa431c1d6673c05961dcded8c936bfad175a23b,2021-11-18 07:00:00,30,NO CONTROLS,NO CONTROLS,UNKNOWN,UNKNOWN,PARKED MOTOR VEHICLE,NOT DIVIDED,STRAIGHT ON HILLCREST,UNKNOWN,UNKNOWN,NO INJURY / DRIVE AWAY,"$501 - $1,500",UNABLE TO DETERMINE,UNABLE TO DETERMINE,5621,S,MENARD AVE,2,NO INDICATION OF INJURY,0.0,0.0,0.0,0.0,0.0,1.0,0.0,7,5,11
387248dcf5a3556b2e2b45fad94cbce16f3b778f1fdac7f5e2a639f1b9852713bcf7c6e613ec26fccfe5e204e61a316d52404065e51b0c06560921d0777a678b,2021-11-05 17:15:00,30,STOP SIGN/FLASHER,FUNCTIONING PROPERLY,CLEAR,DAYLIGHT,ANGLE,FOUR WAY,STRAIGHT AND LEVEL,DRY,NO DEFECTS,NO INJURY / DRIVE AWAY,"OVER $1,500",DISREGARDING STOP SIGN,NOT APPLICABLE,4600,S,KEDVALE AVE,2,NO INDICATION OF INJURY,0.0,0.0,0.0,0.0,0.0,2.0,0.0,17,6,11
37f1f9b74226e9624e447d7f264bbeb77f538232fac3167808e4e2ed04295b535ba18ed4fbf7b86bd0b82222fbeb7f5be5e73c496792828eb06032e765fe6417,2016-04-08 12:00:00,30,NO CONTROLS,NO CONTROLS,RAIN,DAYLIGHT,REAR END,NOT DIVIDED,STRAIGHT AND LEVEL,WET,NO DEFECTS,NO INJURY / DRIVE AWAY,$500 OR LESS,FOLLOWING TOO CLOSELY,NOT APPLICABLE,3700,S,PULASKI RD,2,NO INDICATION OF INJURY,0.0,0.0,0.0,0.0,0.0,3.0,0.0,12,6,4
44bc4f0bf4f13365b49a38afd0b019b7b2c5583126ef649193f70bd41037d642c4380afc90bf71b63bbdb1fce38f4d884802993f6eea310f6781faa045ffd7f2,2020-10-18 16:51:00,30,NO CONTROLS,NO CONTROLS,RAIN,"DARKNESS, LIGHTED ROAD",SIDESWIPE SAME DIRECTION,NOT DIVIDED,STRAIGHT AND LEVEL,WET,NO DEFECTS,NO INJURY / DRIVE AWAY,"OVER $1,500",FAILING TO YIELD RIGHT-OF-WAY,NOT APPLICABLE,2200,N,NARRAGANSETT AVE,2,NO INDICATION OF INJURY,0.0,0.0,0.0,0.0,0.0,2.0,0.0,16,1,10
aa9422d21921b53d4cf5a776da722aec731a67cb9144eeb03413f7686e4b97c4c2f0cd98cea175454063164a7f97a592d4f0ed35f8029e4376581b9294c35219,2019-04-09 08:55:00,35,UNKNOWN,UNKNOWN,CLEAR,DAYLIGHT,TURNING,NOT DIVIDED,STRAIGHT AND LEVEL,DRY,UNKNOWN,NO INJURY / DRIVE AWAY,"$501 - $1,500",IMPROPER TURNING/NO SIGNAL,UNABLE TO DETERMINE,3351,N,ASHLAND AVE,2,NO INDICATION OF INJURY,0.0,0.0,0.0,0.0,0.0,2.0,0.0,8,3,4
66f1af6dba00ec6ff82ebd17403b0046638bacdd46fef3078b4ba5a9f3d9b66c6d574ea48dbe9d352bfb5a0f3d66d843f72934d183a212fe91641b1187bd9e00,2016-01-12 09:15:00,30,NO CONTROLS,NO CONTROLS,CLEAR,DAYLIGHT,SIDESWIPE SAME DIRECTION,NOT DIVIDED,STRAIGHT AND LEVEL,SNOW OR SLUSH,NO DEFECTS,NO INJURY / DRIVE AWAY,"$501 - $1,500",UNABLE TO DETERMINE,UNABLE TO DETERMINE,1629,E,67TH ST,2,NO INDICATION OF INJURY,0.0,0.0,0.0,0.0,0.0,3.0,0.0,9,3,1
003e83431053a843c65a9f081572c3a38d539ed18999cc0a2dddcb3ea14fb2ccec32531f0839978f4fcc622d9307400ab4568abfbed689dafe6293545057090e,2018-03-18 01:15:00,30,LANE USE MARKING,FUNCTIONING PROPERLY,CLEAR,"DARKNESS, LIGHTED ROAD",SIDESWIPE SAME DIRECTION,NOT DIVIDED,STRAIGHT AND LEVEL,DRY,NO DEFECTS,NO INJURY / DRIVE AWAY,$500 OR LESS,FAILING TO YIELD RIGHT-OF-WAY,FAILING TO YIELD RIGHT-OF-WAY,1215,N,WELLS ST,2,NO INDICATION OF INJURY,0.0,0.0,0.0,0.0,0.0,2.0,0.0,1,1,3
f82205d562d8f39e0e46a4f94f0aed9ea5abb4e5b0a08db707a903c9c1d7f7cfa534e738e08c0371c6d20e53a84aeab5a33bbdd640a71e520fafcd4dd848e613,2017-11-08 07:19:00,30,LANE USE MARKING,FUNCTIONING PROPERLY,CLEAR,DAWN,PARKED MOTOR VEHICLE,DIVIDED - W/MEDIAN (NOT RAISED),STRAIGHT AND LEVEL,DRY,NO DEFECTS,NO INJURY / DRIVE AWAY,$500 OR LESS,IMPROPER BACKING,NOT APPLICABLE,346,E,103RD ST,2,NO INDICATION OF INJURY,0.0,0.0,0.0,0.0,0.0,2.0,0.0,7,4,11
7b4e5cee1165864e129cceccfe36fa2cc4b20ded30458316d3cf4db50de866fd2a67325b54ade42442b76656259632ecf4a3744a654a564d8ac774f7e4a31273,2018-04-07 08:40:00,30,NO CONTROLS,NO CONTROLS,CLEAR,DAYLIGHT,SIDESWIPE SAME DIRECTION,DIVIDED - W/MEDIAN (NOT RAISED),STRAIGHT AND LEVEL,DRY,NO DEFECTS,NO INJURY / DRIVE AWAY,"OVER $1,500",UNABLE TO DETERMINE,NOT APPLICABLE,2005,W,CHICAGO AVE,2,NO INDICATION OF INJURY,0.0,0.0,0.0,0.0,0.0,2.0,0.0,8,7,4
47d0b081986131efa29c39c3997356861426a6a7304333de3b9e9f3584912e2c824e85c8bd4736897cda03b3c734e1d22da13a4c99505a8ec734ffd9bea4a800,2021-11-03 13:38:00,30,NO CONTROLS,NO CONTROLS,CLEAR,DAYLIGHT,SIDESWIPE SAME DIRECTION,PARKING LOT,CURVE ON GRADE,DRY,NO DEFECTS,NO INJURY / DRIVE AWAY,"OVER $1,500",DISREGARDING STOP SIGN,FAILING TO YIELD RIGHT-OF-WAY,540,N,STATE ST,2,NO INDICATION OF INJURY,0.0,0.0,0.0,0.0,0.0,2.0,0.0,13,4,11
8348b10c8518606691938758efd1c709102113c4e025b4cf61e25b34ff8014958128ab2d105be3f025870bfa607cea43c3b0a687ec507f97821e054a074ee61b,2016-08-31 13:17:00,30,TRAFFIC SIGNAL,FUNCTIONING PROPERLY,CLEAR,DAYLIGHT,PEDESTRIAN,NOT DIVIDED,STRAIGHT AND LEVEL,DRY,UNKNOWN,NO INJURY / DRIVE AWAY,$500 OR LESS,UNABLE TO DETERMINE,NOT APPLICABLE,6300,S,MORGAN ST,2,NO INDICATION OF INJURY,0.0,0.0,0.0,0.0,0.0,2.0,0.0,13,4,8
f980550cc5bf0f05d89157977e712ae5483787650c2e144c0e1ef020c507bc9dc320af7eeb69d192014128e5a54e209029ab3e5a249b26b1fea7469715f3ba7d,2022-09-07 13:00:00,30,NO CONTROLS,NO CONTROLS,CLEAR,DAYLIGHT,REAR END,DIVIDED - W/MEDIAN (NOT RAISED),STRAIGHT AND LEVEL,DRY,NO DEFECTS,NO INJURY / DRIVE AWAY,"$501 - $1,500",UNABLE TO DETERMINE,UNABLE TO DETERMINE,901,S,DAMEN AVE,2,NO INDICATION OF INJURY,0.0,0.0,0.0,0.0,0.0,2.0,0.0,13,4,9
beb814da31dd96f30cfdae1ff8db7f3babb8e339c420663f324af3fd8284dd7426c656d43e42a37e623ffa2e9e2b5e81cf78a50eaba896e87847cbea22f3b303,2021-06-06 09:18:00,30,STOP SIGN/FLASHER,FUNCTIONING PROPERLY,CLEAR,DAYLIGHT,ANGLE,NOT DIVIDED,STRAIGHT AND LEVEL,DRY,NO DEFECTS,INJURY AND / OR TOW DUE TO CRASH,"$501 - $1,500",DISREGARDING STOP SIGN,DISTRACTION - FROM INSIDE VEHICLE,700,S,CENTRAL PARK AVE,3,NO INDICATION OF INJURY,0.0,0.0,0.0,0.0,0.0,3.0,0.0,9,1,6
2bd86075f2c71b4b7d78b6811623e46a4eb64665e91d789d21bfc511fcf45a844bf098a5845474bb5bb51a61c2de7a2d163020c4ecc0c13cdbc360debf1f63b6,2023-01-17 14:30:00,20,NO CONTROLS,NO CONTROLS,CLEAR,DAYLIGHT,PARKED MOTOR VEHICLE,NOT DIVIDED,STRAIGHT AND LEVEL,DRY,NO DEFECTS,NO INJURY / DRIVE AWAY,"$501 - $1,500",UNABLE TO DETERMINE,NOT APPLICABLE,2965,W,45TH ST,2,NO INDICATION OF INJURY,0.0,0.0,0.0,0.0,0.0,1.0,0.0,14,3,1
8ad64da3e4b3b333c9a661e56c9629521b6fd672000618ac0a1a4b587cf1f56418bf0e6f9bd43a0b0cead07d33ac2607e945882a701c57090a9400720d6fd0db,2017-11-09 08:00:00,25,STOP SIGN/FLASHER,FUNCTIONING PROPERLY,CLEAR,DAYLIGHT,ANGLE,NOT DIVIDED,STRAIGHT AND LEVEL,DRY,NO DEFECTS,INJURY AND / OR TOW DUE TO CRASH,"OVER $1,500",DISREGARDING STOP SIGN,FAILING TO REDUCE SPEED TO AVOID CRASH,932,W,98TH ST,2,"REPORTED, NOT EVIDENT",2.0,0.0,0.0,0.0,2.0,1.0,0.0,8,5,11
b38b272782bb151dd8d7b9eb49727553b4efc3e6d1126713ec05d6b2b6fde00f1db9c13a8549c610a27e2827c3790fef57883112ef8d265850ec08ed3ef50e4d,2022-12-09 16:00:00,30,TRAFFIC SIGNAL,FUNCTIONING PROPERLY,RAIN,"DARKNESS, LIGHTED ROAD",REAR END,NOT DIVIDED,STRAIGHT AND LEVEL,WET,NO DEFECTS,INJURY AND / OR TOW DUE TO CRASH,"OVER $1,500",FAILING TO REDUCE SPEED TO AVOID CRASH,DISTRACTION - FROM INSIDE VEHICLE,10058,S,WESTERN AVE,4,NO INDICATION OF INJURY,0.0,0.0,0.0,0.0,0.0,5.0,0.0,16,6,12
9a518454b873852c0efb1c9241e6c7deba30bf7e2e34e629cfeefc2d75066e50e3f2e08d657f28d0c261d1b72bed88b6c29785c403c66c274a736cb8bb396dd4,2023-06-10 16:00:00,20,NO CONTROLS,NO CONTROLS,CLEAR,DAYLIGHT,PARKED MOTOR VEHICLE,OTHER,STRAIGHT AND LEVEL,DRY,NO DEFECTS,NO INJURY / DRIVE AWAY,"$501 - $1,500",DRIVING SKILLS/KNOWLEDGE/EXPERIENCE,DRIVING SKILLS/KNOWLEDGE/EXPERIENCE,517,W,WINNECONNA PKWY,2,NO INDICATION OF INJURY,0.0,0.0,0.0,0.0,0.0,1.0,0.0,16,7,6