CRASH_RECORD_ID,CRASH_DATE,POSTED_SPEED_LIMIT,TRAFFIC_CONTROL_DEVICE,DEVICE_CONDITION,WEATHER_CONDITION,LIGHTING_CONDITION,FIRST_CRASH_TYPE,TRAFFICWAY_TYPE,ALIGNMENT,ROADWAY_SURFACE_COND,ROAD_DEFECT,CRASH_TYPE,DAMAGE,PRIM_CONTRIBUTORY_CAUSE,SEC_CONTRIBUTORY_CAUSE,STREET_NO,STREET_DIRECTION,STREET_NAME,NUM_UNITS,MOST_SEVERE_INJURY,INJURIES_TOTAL,INJURIES_FATAL,INJURIES_INCAPACITATING,INJURIES_NON_INCAPACITATING,INJURIES_REPORTED_NOT_EVIDENT,INJURIES_NO_INDICATION,INJURIES_UNKNOWN,CRASH_HOUR,CRASH_DAY_OF_WEEK,CRASH_MONTH
772e06dacda35ad0ca1af2e12488f4bd50001cdd16ef26c13f6424b5057ffd618362c4a64254d9e1a3fe2bf518908af3e0edf001b522d8255f2b46c9c4b86ea8,2020-04-23 00:29:00,35,NO CONTROLS,NO CONTROLS,CLEAR,"DARKNESS, LIGHTED ROAD",PARKED MOTOR VEHICLE,NOT DIVIDED,STRAIGHT AND LEVEL,DRY,NO DEFECTS,INJURY AND / OR TOW DUE TO CRASH,"OVER $1,500",UNABLE TO DETERMINE,UNABLE TO DETERMINE,1358,W,108TH PL,2,NO INDICATION OF INJURY,0.0,0.0,0.0,0.0,0.0,1.0,0.0,0,5,4
21b29bd2018326d54740160093bbb7f7a34a16e68a8ae09e7fd4cf79d250c8d8da446008738814e472a44f3e055b34329a2147c7bcfb576440c8dd44bca87db1,2024-01-17 15:30:00,15,NO CONTROLS,NO CONTROLS,CLEAR,DAYLIGHT,REAR TO FRONT,PARKING LOT,STRAIGHT AND LEVEL,DRY,UNKNOWN,NO INJURY / DRIVE AWAY,"OVER $1,500",UNABLE TO DETERMINE,UNABLE TO DETERMINE,118,S,CICERO AVE,2,NO INDICATION OF INJURY,0.0,0.0,0.0,0.0,0.0,2.0,0.0,15,4,1
a3c5a5444b7b6e8da4d3c4d5d04152cf06073eff531973d35676c6c9bc5a9c6babcadda1c2a2fa63e12ca81d393ee0c20871037135b057c7f154d27371fc5768,2017-11-12 16:53:00,30,UNKNOWN,UNKNOWN,RAIN,"DARKNESS, LIGHTED ROAD",REAR END,UNKNOWN,STRAIGHT AND LEVEL,WET,UNKNOWN,NO INJURY / DRIVE AWAY,"$501 - $1,500",FOLLOWING TOO CLOSELY,FOLLOWING TOO CLOSELY,5201,W,DIVERSEY AVE,2,NO INDICATION OF INJURY,0.0,0.0,0.0,0.0,0.0,2.0,0.0,16,1,11
42eab78254b3689df4b95577dbab0cfd16589c975df34eeee271c7a28f48c845cca1106f31c92237bad684e607f2919463e10730904d60dc216e6191dd33e1ef,2018-12-22 08:00:00,30,NO CONTROLS,NO CONTROLS,UNKNOWN,UNKNOWN,PARKED MOTOR VEHICLE,NOT DIVIDED,STRAIGHT AND LEVEL,UNKNOWN,NO DEFECTS,NO INJURY / DRIVE AWAY,"$501 - $1,500",UNABLE TO DETERMINE,UNABLE TO DETERMINE,801,W,32ND ST,2,NO INDICATION OF INJURY,0.0,0.0,0.0,0.0,0.0,1.0,0.0,8,7,12
32000ee400cff875f4396ba3955610d441dc98afcf2c6dd2904fc8d89c8bd153f78598d0b0d431a6fb76173ad2c322d1adcc2ef6f2df2b869046f28aa4e73d90,2024-03-02 18:23:00,30,NO CONTROLS,NO CONTROLS,CLEAR,"DARKNESS, LIGHTED ROAD",SIDESWIPE SAME DIRECTION,NOT DIVIDED,STRAIGHT AND LEVEL,DRY,NO DEFECTS,NO INJURY / DRIVE AWAY,"OVER $1,500",IMPROPER OVERTAKING/PASSING,NOT APPLICABLE,5299,S,CORNELL AVE,2,NO INDICATION OF INJURY,0.0,0.0,0.0,0.0,0.0,2.0,0.0,18,7,3
7321d3044e39298dca5d1073cab6fdadb59d561a14844a8a424c31c46496a2b776ccffc4132e889a39ea609cd469a63c3cc40e0acd6d6907c8f6532268a791e1,2019-09-03 10:34:00,30,NO CONTROLS,NO CONTROLS,CLEAR,DAYLIGHT,REAR END,NOT DIVIDED,STRAIGHT AND LEVEL,DRY,NO DEFECTS,NO INJURY / DRIVE AWAY,$500 OR LESS,UNABLE TO DETERMINE,UNABLE TO DETERMINE,1232,W,NORTH AVE,2,NO INDICATION OF INJURY,0.0,0.0,0.0,0.0,0.0,2.0,0.0,10,3,9
2a4290e92c751ef40ccc83e9f00e58eac4c5714300ba9487148b2723f0e54f46587a12cd13a0c0e6090f1487dd616ed1a5b72b95fca81c984dd566740248ec61,2018-01-03 14:30:00,35,UNKNOWN,UNKNOWN,UNKNOWN,UNKNOWN,REAR END,NOT DIVIDED,STRAIGHT AND LEVEL,UNKNOWN,UNKNOWN,NO INJURY / DRIVE AWAY,"$501 - $1,500",UNABLE TO DETERMINE,NOT APPLICABLE,4031,N,HARLEM AVE,2,NO INDICATION OF INJURY,0.0,0.0,0.0,0.0,0.0,2.0,0.0,14,4,1
c98d3978da1b8129c9d7417ce5aa8de0f7c680f96b19f4dbf3f4f986f4c2376822548f8726a8f9d94e72f75db8b0a5059103f3b26e7df7098aa2c96c11455de7,2023-03-25 01:00:00,20,NO CONTROLS,NO CONTROLS,RAIN,"DARKNESS, LIGHTED ROAD",PARKED MOTOR VEHICLE,NOT DIVIDED,STRAIGHT AND LEVEL,WET,NO DEFECTS,INJURY AND / OR TOW DUE TO CRASH,"OVER $1,500",UNABLE TO DETERMINE,FAILING TO REDUCE SPEED TO AVOID CRASH,3529,S,EMERALD AVE,4,NO INDICATION OF INJURY,0.0,0.0,0.0,0.0,0.0,1.0,0.0,1,7,3
971472f132f26a8fd076b51d8510a4ae1cbae6ed232972b22568a7a059efb9f6a2a7fb79838f24c122e71ec13f12c97d8a4f9c16c986c36737cb76656776449f,2021-01-06 10:00:00,20,STOP SIGN/FLASHER,FUNCTIONING PROPERLY,CLEAR,DAYLIGHT,TURNING,NOT DIVIDED,STRAIGHT AND LEVEL,WET,NO DEFECTS,INJURY AND / OR TOW DUE TO CRASH,"OVER $1,500","VISION OBSCURED (SIGNS, TREE LIMBS, BUILDINGS, ETC.)",DRIVING SKILLS/KNOWLEDGE/EXPERIENCE,8231,S,KOSTNER AVE,2,NO INDICATION OF INJURY,0.0,0.0,0.0,0.0,0.0,2.0,0.0,10,4,1
7e335a57176586ebb92d964374ca4cb7e409422753f0480fbec7046e5bc6a959a569a1102c58741a6479621a0e51a0aeb6733819722318dcc04d9c9d9b5674ca,2017-12-24 11:45:00,30,NO CONTROLS,NO CONTROLS,SNOW,DAYLIGHT,PARKED MOTOR VEHICLE,NOT DIVIDED,STRAIGHT AND LEVEL,SNOW OR SLUSH,NO DEFECTS,NO INJURY / DRIVE AWAY,"OVER $1,500",UNABLE TO DETERMINE,UNABLE TO DETERMINE,8159,S,DR MARTIN LUTHER KING JR DR,2,NO INDICATION OF INJURY,0.0,0.0,0.0,0.0,0.0,1.0,0.0,11,1,12
5ead63ddefb5f536ac9a1b8f446652620711cc89eb0db29b251a19efc2333b5fd26ee51f8ff5a547616e010986ea7f14b4feb1142619e3a50122880caf5e2014,2023-06-14 09:06:00,10,NO CONTROLS,NO CONTROLS,CLEAR,DAYLIGHT,FIXED OBJECT,DRIVEWAY,STRAIGHT AND LEVEL,DRY,NO DEFECTS,NO INJURY / DRIVE AWAY,"OVER $1,500",IMPROPER BACKING,DISTRACTION - FROM INSIDE VEHICLE,35,E,WACKER DR,1,NO INDICATION OF INJURY,0.0,0.0,0.0,0.0,0.0,1.0,0.0,9,4,6
cf98d7baf4a56a9af0a4cc21366ba713544d9e5c2adf9d30b7f765f262850fd7ff43d7005357b3e62f452e4bc8af6ec22d13686e2b82cd892d47360132ddd030,2018-11-29 08:45:00,30,NO CONTROLS,NO CONTROLS,SNOW,DAYLIGHT,ANGLE,ONE-WAY,STRAIGHT AND LEVEL,SNOW OR SLUSH,NO DEFECTS,NO INJURY / DRIVE AWAY,"OVER $1,500",FAILING TO YIELD RIGHT-OF-WAY,NOT APPLICABLE,4745,N,HAMLIN AVE,2,NO INDICATION OF INJURY,0.0,0.0,0.0,0.0,0.0,3.0,0.0,8,5,11
d0d29a1d05a4c68dddb176748ea0f9901a686585eebf09609f1a81e21368bfb2260c05e484274773c40d01683de16676007cd413c38f8d9024c35318523543af,2022-11-21 11:40:00,30,TRAFFIC SIGNAL,FUNCTIONING PROPERLY,CLEAR,DAYLIGHT,REAR END,NOT DIVIDED,STRAIGHT AND LEVEL,DRY,NO DEFECTS,NO INJURY / DRIVE AWAY,"OVER $1,500",UNABLE TO DETERMINE,NOT APPLICABLE,4600,N,CLARK ST,2,NO INDICATION OF INJURY,0.0,0.0,0.0,0.0,0.0,2.0,0.0,11,2,11
ce4c05f5afb22ebf4c0b3e0b03442f5479883577a8b3979af108a783ead95821f240b22418dc3a4806baef38d54892d3f39b95fae916ea497bd214af6135f29c,2017-09-11 22:15:00,30,UNKNOWN,UNKNOWN,CLEAR,UNKNOWN,REAR END,UNKNOWN,STRAIGHT AND LEVEL,UNKNOWN,UNKNOWN,NO INJURY / DRIVE AWAY,$500 OR LESS,IMPROPER BACKING,NOT APPLICABLE,640,W,ROSCOE ST,2,NO INDICATION OF INJURY,0.0,0.0,0.0,0.0,0.0,2.0,0.0,22,2,9
8c0b8feacc81bdc64e43705d157c92c95b87e3cb6c8276b044d33436872c32f7e12ea065edf1356c150f3137332be4d57a3f9a6db5edecbb84f3fa83093016c5,2017-05-31 15:00:00,30,NO CONTROLS,NO CONTROLS,CLEAR,DAYLIGHT,SIDESWIPE SAME DIRECTION,NOT DIVIDED,STRAIGHT AND LEVEL,DRY,UNKNOWN,NO INJURY / DRIVE AWAY,"$501 - $1,500",IMPROPER OVERTAKING/PASSING,IMPROPER OVERTAKING/PASSING,5558,W,55TH ST,2,NO INDICATION OF INJURY,0.0,0.0,0.0,0.0,0.0,2.0,0.0,15,4,5
02c51f3ca003ffa3863deab32bfb4df341b8e89af7b8417833070ee5308c0646a98c732975b569112a747bce6fe721cb2e05c0685a4c020f282697c497dbb166,2022-09-21 15:35:00,40,NO CONTROLS,NO CONTROLS,CLEAR,DAYLIGHT,REAR END,DIVIDED - W/MEDIAN BARRIER,STRAIGHT AND LEVEL,DRY,NO DEFECTS,NO INJURY / DRIVE AWAY,"OVER $1,500",UNABLE TO DETERMINE,EQUIPMENT - VEHICLE CONDITION,1100,N,LAKE SHORE DR SB,2,NO INDICATION OF INJURY,0.0,0.0,0.0,0.0,0.0,2.0,0.0,15,4,9
943e2e10e461d1b8bc03da9d22801704480f23de3d7fcceb0a2065ae947981c29e91aa2dc3b9dd999b7642e86c4385c40e2a832cd6fb62581c0d71b255e685ab,2018-08-20 17:10:00,40,NO CONTROLS,NO CONTROLS,RAIN,DAYLIGHT,SIDESWIPE SAME DIRECTION,DIVIDED - W/MEDIAN BARRIER,"CURVE, LEVEL",WET,NO DEFECTS,INJURY AND / OR TOW DUE TO CRASH,"OVER $1,500",WEATHER,NOT APPLICABLE,1000,N,LAKE SHORE DR NB,2,NO INDICATION OF INJURY,0.0,0.0,0.0,0.0,0.0,2.0,0.0,17,2,8
4cbdbf3ea012942bb6608e75db5a3d3e190460892f30943563dfbe8ee390c47720b30d5ce70bd0ad8cc9944a13d26057e07b82c6dcce9bd60344a2bd6854fd52,2017-06-25 19:00:00,5,NO CONTROLS,NO CONTROLS,CLEAR,DAYLIGHT,OTHER NONCOLLISION,DRIVEWAY,STRAIGHT AND LEVEL,DRY,UNKNOWN,NO INJURY / DRIVE AWAY,"OVER $1,500",DISTRACTION - FROM INSIDE VEHICLE,DISTRACTION - FROM INSIDE VEHICLE,10448,S,EMERALD AVE,1,NO INDICATION OF INJURY,0.0,0.0,0.0,0.0,0.0,1.0,0.0,19,1,6
0d21b10b4aa66a96c87ba818eff0e19b73c0b0a7efe12a0f6809847c0f02e4681debab1f89f145f0c371ee2a72c543d07bbfcc2b925077d3ac0f79508080b989,2019-10-06 12:29:00,0,NO CONTROLS,NO CONTROLS,CLEAR,DAYLIGHT,PEDALCYCLIST,OTHER,STRAIGHT AND LEVEL,DRY,NO DEFECTS,NO INJURY / DRIVE AWAY,"$501 - $1,500",IMPROPER BACKING,NOT APPLICABLE,2020,N,STOCKTON DR,2,NO INDICATION OF INJURY,0.0,0.0,0.0,0.0,0.0,2.0,0.0,12,1,10
4846c8a49fce2dde1aa841e54498dc9198a34dde8fc30bdf3a5ad1605167b474ab291f168b010256ce69516a00abf3ec0fc9b31af45d90b20c2400f09bab0b58,2017-04-08 15:15:00,30,NO CONTROLS,NO CONTROLS,CLEAR,DAYLIGHT,SIDESWIPE SAME DIRECTION,NOT DIVIDED,STRAIGHT AND LEVEL,DRY,NO DEFECTS,NO INJURY / DRIVE AWAY,"OVER $1,500",UNABLE TO DETERMINE,UNABLE TO DETERMINE,1426,N,MILWAUKEE AVE,2,NO INDICATION OF INJURY,0.0,0.0,0.0,0.0,0.0,4.0,0.0,15,7,4
4c7d5fa28be4e2d3c5edb0956fda079035731412c8aa17b8aa3aa623ad3edfd0d3e3d3384dc8080ca32ed74833e5209bddc2c5f8ed14e2dbb01276adb6f55339,2021-06-19 15:25:00,30,NO CONTROLS,NO CONTROLS,CLEAR,DAYLIGHT,REAR TO FRONT,ONE-WAY,STRAIGHT AND LEVEL,DRY,NO DEFECTS,NO INJURY / DRIVE AWAY,"$501 - $1,500",IMPROPER BACKING,NOT APPLICABLE,1550,N,FAIRFIELD AVE,2,NO INDICATION OF INJURY,0.0,0.0,0.0,0.0,0.0,4.0,0.0,15,7,6
e6eab6718cad6ea7a6e5de12b25b590dac1aa7030e428b317eee83b3711138328050f257a2333aca5a76dc9826b02e8215cfd8c6a9cfd9cc7b7455b3a0f4032c,2021-10-30 20:30:00,30,TRAFFIC SIGNAL,FUNCTIONING PROPERLY,CLEAR,"DARKNESS, LIGHTED ROAD",ANGLE,FOUR WAY,STRAIGHT AND LEVEL,DRY,NO DEFECTS,INJURY AND / OR TOW DUE TO CRASH,"OVER $1,500",FAILING TO YIELD RIGHT-OF-WAY,NOT APPLICABLE,4785,S,ARCHER AVE,2,NO INDICATION OF INJURY,0.0,0.0,0.0,0.0,0.0,2.0,0.0,20,7,10
d4b55a766813e1b471cc84561b0cb9d797c49cdf706d944cbf69b4db9b79e1335972137a680f237eb1eada4a8cd89a050863618e2ecef01951e6d7eabf067a56,2018-07-22 17:20:00,30,TRAFFIC SIGNAL,FUNCTIONING PROPERLY,CLEAR,DAYLIGHT,TURNING,DIVIDED - W/MEDIAN (NOT RAISED),STRAIGHT AND LEVEL,DRY,NO DEFECTS,NO INJURY / DRIVE AWAY,"$501 - $1,500",IMPROPER TURNING/NO SIGNAL,UNABLE TO DETERMINE,3999,N,LAKE SHORE DR,2,NO INDICATION OF INJURY,0.0,0.0,0.0,0.0,0.0,7.0,0.0,17,1,7
a4a4c9475bae6d2ec5901cc57ef965328a75b05da6b1270c47f85a72bd5dd9b8b8c8b9b6f870ad08b8283578c4341623ea750ecf8c44cac957e53a1b5d9fc609,2022-06-01 17:15:00,30,NO CONTROLS,NO CONTROLS,CLEAR,DAYLIGHT,REAR TO SIDE,NOT DIVIDED,STRAIGHT AND LEVEL,DRY,NO DEFECTS,NO INJURY / DRIVE AWAY,"$501 - $1,500",IMPROPER BACKING,NOT APPLICABLE,850,N,LARRABEE ST,2,NO INDICATION OF INJURY,0.0,0.0,0.0,0.0,0.0,2.0,0.0,17,4,6
a0f831af51460353c8b2f6e15b6af9a6c0ce8ed1f2cb7b21adb27c233c290fe02039966f9251484c5795b9758b4853e293c16375a5f06add1d4306ef0f970a58,2022-03-01 07:45:00,30,NO CONTROLS,NO CONTROLS,CLEAR,DAYLIGHT,PARKED MOTOR VEHICLE,NOT DIVIDED,STRAIGHT AND LEVEL,DRY,NO DEFECTS,NO INJURY / DRIVE AWAY,"OVER $1,500",IMPROPER BACKING,NOT APPLICABLE,1110,W,WASHBURNE AVE,2,NO INDICATION OF INJURY,0.0,0.0,0.0,0.0,0.0,1.0,0.0,7,3,3
95a2a79eb459d93481aa5a517e7e016ad525a9d62de29304d4fbb2bb96d5b89cb07936e6ada4dfdf0b59b8a57f77aff0206770d2c8a5d447e86f32341a49d9b9,2018-05-19 10:17:00,30,NO CONTROLS,NO CONTROLS,CLOUDY/OVERCAST,DAYLIGHT,SIDESWIPE SAME DIRECTION,NOT DIVIDED,STRAIGHT AND LEVEL,UNKNOWN,UNKNOWN,NO INJURY / DRIVE AWAY,"OVER $1,500",UNABLE TO DETERMINE,UNABLE TO DETERMINE,849,W,76TH ST,2,NO INDICATION OF INJURY,0.0,0.0,0.0,0.0,0.0,2.0,0.0,10,7,5
3a1054de9e0577dc014deb7e29e9973044309b553dd37b3af6fe6ed2afa6bb87afbdfa731605f26cf443e03618eaf3fd002851e64034c1bff0556ee3a0dca34f,2015-11-17 14:00:00,15,NO CONTROLS,NO CONTROLS,RAIN,DAYLIGHT,PARKED MOTOR VEHICLE,PARKING LOT,STRAIGHT AND LEVEL,WET,NO DEFECTS,NO INJURY / DRIVE AWAY,"$501 - $1,500",UNABLE TO DETERMINE,NOT APPLICABLE,6343,S,HALSTED ST,2,NO INDICATION OF INJURY,0.0,0.0,0.0,0.0,0.0,1.0,0.0,14,3,11
40e4a89aa626617cd665e821acc6cbb429ecf6d0ee190072cf534f9dad6ddccd2900d1f179deed52643a72668483df2a5f43d466654470dd33cc1039e0d1935d,2015-12-30 13:30:00,30,NO CONTROLS,NO CONTROLS,CLOUDY/OVERCAST,DAYLIGHT,SIDESWIPE SAME DIRECTION,DIVIDED - W/MEDIAN BARRIER,STRAIGHT AND LEVEL,UNKNOWN,NO DEFECTS,NO INJURY / DRIVE AWAY,"$501 - $1,500",IMPROPER OVERTAKING/PASSING,NOT APPLICABLE,2168,S,ARCHER AVE,2,NO INDICATION OF INJURY,0.0,0.0,0.0,0.0,0.0,3.0,0.0,13,4,12
ee2e73e39aa0425bcbb73d97fa74d24e1079bffd85a3aac6549fc08316af2907191006260a9d6a4ec0c9213a24b7991523572917f44025e4e3615f6d886789fa,2020-12-14 14:13:00,30,NO CONTROLS,NO CONTROLS,CLEAR,DAYLIGHT,ANGLE,FOUR WAY,STRAIGHT AND LEVEL,DRY,UNKNOWN,INJURY AND / OR TOW DUE TO CRASH,$500 OR LESS,UNABLE TO DETERMINE,UNABLE TO DETERMINE,2532,E,76TH ST,3,"REPORTED, NOT EVIDENT",1.0,0.0,0.0,0.0,1.0,2.0,0.0,14,2,12
fbc14bd76df2cb6e2b98c5fc9d01784b55e0e6417c3e8c5d8d7d0dbaa620d56f586b0a43e127305e70ec5096422471c6f88062eb162d666af42d3b2546f8e595,2024-02-02 09:15:00,35,TRAFFIC SIGNAL,FUNCTIONING PROPERLY,CLEAR,DAYLIGHT,SIDESWIPE SAME DIRECTION,FOUR WAY,STRAIGHT AND LEVEL,DRY,NO DEFECTS,NO INJURY / DRIVE AWAY,"$501 - $1,500",IMPROPER OVERTAKING/PASSING,NOT APPLICABLE,1,W,IDA B WELLS DR,2,NO INDICATION OF INJURY,0.0,0.0,0.0,0.0,0.0,2.0,0.0,9,6,2
2ad432e3377c0b8efcc4f07bb5bc3adf31dcebfbd7f02fa5e89d38db497ad333db8371a27474e7d49d0821dd5830f612d9f79e79e136825bded0e0397f9ed0ad,2024-04-07 04:55:00,30,NO CONTROLS,NO CONTROLS,CLEAR,"DARKNESS, LIGHTED ROAD",FIXED OBJECT,DIVIDED - W/MEDIAN BARRIER,STRAIGHT AND LEVEL,DRY,NO DEFECTS,INJURY AND / OR TOW DUE TO CRASH,"OVER $1,500",PHYSICAL CONDITION OF DRIVER,ROAD ENGINEERING/SURFACE/MARKING DEFECTS,1753,N,MILWAUKEE AVE,1,NO INDICATION OF INJURY,0.0,0.0,0.0,0.0,0.0,1.0,0.0,4,1,4
1461d7cea61bff694cdc015276f35134be8ee181546bb38af8bea199224312d327e8b2aacdb57ddbf1e378ede03fe8bc5449ba14fa2d8a037706b072483ea601,2021-06-09 22:15:00,30,NO CONTROLS,NO CONTROLS,CLEAR,"DARKNESS, LIGHTED ROAD",SIDESWIPE OPPOSITE DIRECTION,NOT DIVIDED,STRAIGHT AND LEVEL,DRY,NO DEFECTS,INJURY AND / OR TOW DUE TO CRASH,"OVER $1,500",UNABLE TO DETERMINE,UNABLE TO DETERMINE,4600,N,PULASKI RD,2,NO INDICATION OF INJURY,0.0,0.0,0.0,0.0,0.0,2.0,0.0,22,4,6
77a5d098f203bce56e2b83799c430a88fac55e5dae229b24ab8590bfa3e01970fd2ab9b11c475082972dded42dd95a6971a2086dc2a151b4917c8207ae1a8915,2021-10-05 08:01:00,20,NO CONTROLS,NO CONTROLS,CLEAR,DAYLIGHT,PARKED MOTOR VEHICLE,NOT DIVIDED,STRAIGHT AND LEVEL,DRY,NO DEFECTS,NO INJURY / DRIVE AWAY,"OVER $1,500",UNABLE TO DETERMINE,NOT APPLICABLE,2800,W,WABANSIA AVE,2,NO INDICATION OF INJURY,0.0,0.0,0.0,0.0,0.0,2.0,0.0,8,3,10
8a441f543b4f20b745c6112a00d0ef85e77c3fa7a5d120a26a4a3e1d41ed7be7bbc93fd70a3e82c676b12181c0ebb0747229a6c285c1cde6d31dd87ac9a78190,2016-09-27 10:30:00,0,NO CONTROLS,NO CONTROLS,CLEAR,DAYLIGHT,PARKED MOTOR VEHICLE,DIVIDED - W/MEDIAN (NOT RAISED),STRAIGHT AND LEVEL,DRY,NO DEFECTS,NO INJURY / DRIVE AWAY,$500 OR LESS,UNABLE TO DETERMINE,NOT APPLICABLE,2417,S,MICHIGAN AVE,2,NO INDICATION OF INJURY,0.0,0.0,0.0,0.0,0.0,1.0,0.0,10,3,9
d38bf5fc778ce61be7b4941109c1c8534a46b7b8cd7e273c33618c960fd8a5759b225e8c1290bfaccdc8197c47209aca57fe4acec3754c0dd583c1c8a84b1524,2020-06-21 00:36:00,30,NO CONTROLS,NO CONTROLS,CLEAR,"DARKNESS, LIGHTED ROAD",PARKED MOTOR VEHICLE,UNKNOWN,STRAIGHT AND LEVEL,DRY,NO DEFECTS,NO INJURY / DRIVE AWAY,"OVER $1,500",PHYSICAL CONDITION OF DRIVER,NOT APPLICABLE,3715,W,HIRSCH ST,4,NONINCAPACITATING INJURY,1.0,0.0,0.0,1.0,0.0,4.0,0.0,0,1,6
9034732f513189c040cc97cf45ab496ae3f3e07ddae105a9dfc0c87dfa92e7c685412f2ed8ea155f8326aa219d7f0f12a16ca4f54cc771d3ec8d8b9082a8b75a,2017-03-21 08:00:00,30,NO CONTROLS,NO CONTROLS,FOG/SMOKE/HAZE,DAYLIGHT,PARKED MOTOR VEHICLE,ONE-WAY,STRAIGHT AND LEVEL,DRY,NO DEFECTS,NO INJURY / DRIVE AWAY,$500 OR LESS,UNABLE TO DETERMINE,UNABLE TO DETERMINE,6340,N,LEAVITT ST,2,NO INDICATION OF INJURY,0.0,0.0,0.0,0.0,0.0,1.0,0.0,8,3,3
237e0a06c2c97b722f0f1092f7d7a9aacd98af52e2988a12cb855bb1092314ecc3a88411c81159df507e630184f67b8198f8d1d4e4afc363ff251c8fca8097b1,2018-07-31 16:20:00,30,NO CONTROLS,UNKNOWN,CLEAR,DAYLIGHT,REAR END,NOT DIVIDED,STRAIGHT AND LEVEL,DRY,NO DEFECTS,NO INJURY / DRIVE AWAY,"OVER $1,500",UNABLE TO DETERMINE,NOT APPLICABLE,6320,N,NAGLE AVE,2,NO INDICATION OF INJURY,0.0,0.0,0.0,0.0,0.0,2.0,0.0,16,3,7
5d3ea3567530aba699b22c80176da58a44a5ff3ded0ea364486a69ef9c07d911756642650e7b5e0fb66932bf05cd36db512276f89088c633223b00ac5b679272,2019-12-10 07:04:00,30,NO CONTROLS,NO CONTROLS,CLEAR,DAYLIGHT,TURNING,DIVIDED - W/MEDIAN (NOT RAISED),STRAIGHT AND LEVEL,DRY,NO DEFECTS,INJURY AND / OR TOW DUE TO CRASH,"OVER $1,500",UNABLE TO DETERMINE,UNABLE TO DETERMINE,2356,S,ASHLAND AVE,2,NO INDICATION OF INJURY,0.0,0.0,0.0,0.0,0.0,2.0,0.0,7,3,12
b1b4eee9ed044ed232c6e33bd4c6095ee2e4eebe1cc9fcebea7e5e26f69b5327882b55b22437f2734ca5581e9dc3124002e081667f19d0a251ec8ffa7de55fc9,2020-04-26 05:34:00,30,NO CONTROLS,NO CONTROLS,CLEAR,DAYLIGHT,FIXED OBJECT,DIVIDED - W/MEDIAN BARRIER,STRAIGHT AND LEVEL,DRY,NO DEFECTS,INJURY AND / OR TOW DUE TO CRASH,"OVER $1,500",NOT APPLICABLE,NOT APPLICABLE,222,W,CERMAK RD,1,NO INDICATION OF INJURY,0.0,0.0,0.0,0.0,0.0,1.0,0.0,5,1,4
35ca8b2c3d880e5df6c8ef9762bbd9b3a75da57fc86bf8b0f189f349c5f6cdbffb5af17712cc6a139fb4365ca9d37b5ddacacc235ccf779d5284bc6dc1009b57,2021-01-03 05:08:00,30,TRAFFIC SIGNAL,FUNCTIONING PROPERLY,SNOW,"DARKNESS, LIGHTED ROAD",REAR END,FOUR WAY,STRAIGHT AND LEVEL,WET,NO DEFECTS,NO INJURY / DRIVE AWAY,"$501 - $1,500",FAILING TO REDUCE SPEED TO AVOID CRASH,NOT APPLICABLE,3201,N,WESTERN AVE,2,NO INDICATION OF INJURY,0.0,0.0,0.0,0.0,0.0,4.0,0.0,5,1,1
116aff1cbce09a79d69c410c8d88c6e66f2f584cdc4e3a44190b5e5241d3ea55066bd188ecac1ec51026ce98f561edd4fc224b9fee3cf2668b7e487b40a9f196,2021-09-03 08:30:00,30,TRAFFIC SIGNAL,FUNCTIONING PROPERLY,CLEAR,DAYLIGHT,TURNING,FOUR WAY,STRAIGHT AND LEVEL,DRY,NO DEFECTS,INJURY AND / OR TOW DUE TO CRASH,"OVER $1,500",FAILING TO YIELD RIGHT-OF-WAY,IMPROPER TURNING/NO SIGNAL,201,E,87TH ST,2,"REPORTED, NOT EVIDENT",2.0,0.0,0.0,0.0,2.0,0.0,0.0,8,6,9
759fb11b1543d0fbde139091236c645105639db452f5e6b2d6a944d39ce86ef549acca2c36e4b1e58caf20b55fedbb4b19f91abbb7f47bd07a9b093230d6a921,2020-01-18 19:23:00,30,TRAFFIC SIGNAL,FUNCTIONING PROPERLY,CLEAR,DARKNESS,SIDESWIPE SAME DIRECTION,NOT DIVIDED,STRAIGHT AND LEVEL,UNKNOWN,UNKNOWN,NO INJURY / DRIVE AWAY,"$501 - $1,500",IMPROPER OVERTAKING/PASSING,IMPROPER LANE USAGE,200,W,NORTH AVE,2,NO INDICATION OF INJURY,0.0,0.0,0.0,0.0,0.0,2.0,0.0,19,7,1
5919a932bbe60d50d0d90e97b35f56b1ae322a261765d7aaf32ad3ffc36863cba15392a4a9ff03fa6554ab9f38e51669f4766a04928357800545aa0b58477cb6,2021-09-24 09:59:00,30,TRAFFIC SIGNAL,FUNCTIONING PROPERLY,CLEAR,DAYLIGHT,TURNING,DIVIDED - W/MEDIAN (NOT RAISED),STRAIGHT AND LEVEL,DRY,NO DEFECTS,NO INJURY / DRIVE AWAY,"OVER $1,500",FAILING TO YIELD RIGHT-OF-WAY,UNABLE TO DETERMINE,4100,N,KEELER AVE,2,NO INDICATION OF INJURY,0.0,0.0,0.0,0.0,0.0,2.0,0.0,9,6,9
f2ff345f8459943747d24616b2923975b384e289d73cec4099f216258133d52e2bd756800f069a87fcb7b56d6956bbaf21b317f0c121cd4ced294b4814fd406e,2022-12-13 08:30:00,15,NO CONTROLS,NO CONTROLS,CLEAR,DAYLIGHT,FIXED OBJECT,ALLEY,STRAIGHT AND LEVEL,DRY,NO DEFECTS,NO INJURY / DRIVE AWAY,"$501 - $1,500",UNABLE TO DETERMINE,NOT APPLICABLE,2751,N,MAPLEWOOD AVE,1,NO INDICATION OF INJURY,0.0,0.0,0.0,0.0,0.0,1.0,0.0,8,3,12