CRASH_RECORD_ID,CRASH_DATE,POSTED_SPEED_LIMIT,TRAFFIC_CONTROL_DEVICE,DEVICE_CONDITION,WEATHER_CONDITION,LIGHTING_CONDITION,FIRST_CRASH_TYPE,TRAFFICWAY_TYPE,ALIGNMENT,ROADWAY_SURFACE_COND,ROAD_DEFECT,CRASH_TYPE,DAMAGE,PRIM_CONTRIBUTORY_CAUSE,SEC_CONTRIBUTORY_CAUSE,STREET_NO,STREET_DIRECTION,STREET_NAME,NUM_UNITS,MOST_SEVERE_INJURY,INJURIES_TOTAL,INJURIES_FATAL,INJURIES_INCAPACITATING,INJURIES_NON_INCAPACITATING,INJURIES_REPORTED_NOT_EVIDENT,INJURIES_NO_INDICATION,INJURIES_UNKNOWN,CRASH_HOUR,CRASH_DAY_OF_WEEK,CRASH_MONTH
1cf339431372bfa2df6115a9a01ffda6dc53d33d44c4caae9c59be0c259e7950e6494a12f64e4c0f3b9938d99682c90c52d5b7daaaf03fae19dc72f9598dd93e,2021-12-28 13:05:00,30,STOP SIGN/FLASHER,FUNCTIONING PROPERLY,SNOW,DAYLIGHT,REAR END,FOUR WAY,STRAIGHT AND LEVEL,SNOW OR SLUSH,NO DEFECTS,NO INJURY / DRIVE AWAY,"OVER $1,500",WEATHER,FOLLOWING TOO CLOSELY,4503,S,CALIFORNIA AVE,2,NO INDICATION OF INJURY,0.0,0.0,0.0,0.0,0.0,2.0,0.0,13,3,12
ab945b36bd572d704b33daf4fecf8b2d4c20062171ff4c0ee6632b09fea11f05ce8e5ff24d23594fc750495471e615aa64c602cdb0fb4aac68dbde2a4cedbe6a,2017-07-30 16:30:00,30,TRAFFIC SIGNAL,FUNCTIONING PROPERLY,CLEAR,DAYLIGHT,SIDESWIPE SAME DIRECTION,NOT DIVIDED,STRAIGHT AND LEVEL,DRY,NO DEFECTS,NO INJURY / DRIVE AWAY,"$501 - $1,500",IMPROPER OVERTAKING/PASSING,FAILING TO YIELD RIGHT-OF-WAY,6358,W,RAVEN ST,2,NO INDICATION OF INJURY,0.0,0.0,0.0,0.0,0.0,2.0,0.0,16,1,7
3b11c3d862bf1e3c4db0f75e3d54da173e761a88382ac28eabb73166f2b8efdb797ace1365a490b8c32012bcbec8f4075bacd45c2a5a3fd99d10b0b1fe120183,2016-12-14 13:50:00,30,SCHOOL ZONE,OTHER,CLEAR,DAYLIGHT,PARKED MOTOR VEHICLE,DIVIDED - W/MEDIAN (NOT RAISED),STRAIGHT AND LEVEL,DRY,NO DEFECTS,NO INJURY / DRIVE AWAY,"$501 - $1,500",DISREGARDING OTHER TRAFFIC SIGNS,NOT APPLICABLE,1643,W,BRYN MAWR AVE,2,NO INDICATION OF INJURY,0.0,0.0,0.0,0.0,0.0,2.0,0.0,13,4,12
8f233450c95a6207f8d9fbe980422651a348185aebdf7367db2f38e5c07c5414c88801390e156ec1565a3c38a5af82d4e6c47694a623b970dca80f1a1016e737,2018-05-07 12:45:00,30,TRAFFIC SIGNAL,FUNCTIONING PROPERLY,CLEAR,DAYLIGHT,REAR END,DIVIDED - W/MEDIAN (NOT RAISED),STRAIGHT AND LEVEL,DRY,NO DEFECTS,NO INJURY / DRIVE AWAY,"OVER $1,500",FAILING TO REDUCE SPEED TO AVOID CRASH,DRIVING SKILLS/KNOWLEDGE/EXPERIENCE,3900,S,ARCHER AVE,2,NO INDICATION OF INJURY,0.0,0.0,0.0,0.0,0.0,2.0,0.0,12,2,5
f5888ca6abcd6a1a39a6c1c83c3600c7e4bc3eeb3df3bf21bdac5bf6808b266ac745a8feea3d3e8424efd08e70cba4c01e37f99530335b5a457c928c26d9ee7d,2022-10-20 02:35:00,30,NO CONTROLS,NO CONTROLS,CLEAR,"DARKNESS, LIGHTED ROAD",FIXED OBJECT,DIVIDED - W/MEDIAN (NOT RAISED),STRAIGHT AND LEVEL,DRY,NO DEFECTS,INJURY AND / OR TOW DUE TO CRASH,"OVER $1,500",EQUIPMENT - VEHICLE CONDITION,UNABLE TO DETERMINE,9554,S,BEVERLY AVE,1,NO INDICATION OF INJURY,0.0,0.0,0.0,0.0,0.0,1.0,0.0,2,5,10
6103177c63f96037b8394527b718bc6088c23677086549b86f42a9ac103e89742f15f01aafb7293386acbfb542e544128e122132902defc22aa123f1e1e23f5e,2024-02-15 06:09:00,20,TRAFFIC SIGNAL,FUNCTIONING PROPERLY,RAIN,DAWN,PEDESTRIAN,NOT DIVIDED,STRAIGHT AND LEVEL,WET,UNKNOWN,INJURY AND / OR TOW DUE TO CRASH,"OVER $1,500",IMPROPER TURNING/NO SIGNAL,NOT APPLICABLE,2200,W,MONTROSE AVE,2,NONINCAPACITATING INJURY,1.0,0.0,0.0,1.0,0.0,1.0,0.0,6,5,2
c97900f7fb8618d2c774d4001ce62a32eed89d11bee87b7b627f4caa93d78d8f0737cbbcc5ded02308009a8240a85bacab8a10132187baddb8ab71a3dd94b9ea,2017-04-02 05:05:00,30,NO CONTROLS,NO CONTROLS,CLEAR,"DARKNESS, LIGHTED ROAD",SIDESWIPE SAME DIRECTION,NOT DIVIDED,STRAIGHT AND LEVEL,DRY,NO DEFECTS,NO INJURY / DRIVE AWAY,"OVER $1,500",IMPROPER OVERTAKING/PASSING,NOT APPLICABLE,3346,W,IRVING PARK RD,2,NO INDICATION OF INJURY,0.0,0.0,0.0,0.0,0.0,2.0,0.0,5,1,4
aabb20d0c3be8454f40a96edd5f16c66fce07cc1403b5eed5e87a7d3ab9aab3a5f02d9ba9593c5f608adf8a042319e8a292bea615ff595442c70179162317cfb,2023-07-27 15:20:00,30,TRAFFIC SIGNAL,UNKNOWN,CLEAR,DAYLIGHT,SIDESWIPE SAME DIRECTION,FOUR WAY,STRAIGHT AND LEVEL,DRY,UNKNOWN,NO INJURY / DRIVE AWAY,"OVER $1,500",UNABLE TO DETERMINE,UNABLE TO DETERMINE,9500,S,JEFFERY AVE,2,NO INDICATION OF INJURY,0.0,0.0,0.0,0.0,0.0,2.0,0.0,15,5,7
068fe39fb19eee10a809572b3e647e0fefa1ab31cf287a28dd480292962b9b111cf64338791fbf7503012b2468e433333dd62593e8c61a266318c420cca4cfaf,2021-06-15 20:17:00,30,NO CONTROLS,NO CONTROLS,CLEAR,DAYLIGHT,FIXED OBJECT,DIVIDED - W/MEDIAN BARRIER,"CURVE, LEVEL",DRY,NO DEFECTS,INJURY AND / OR TOW DUE TO CRASH,"OVER $1,500",DISTRACTION - FROM OUTSIDE VEHICLE,NOT APPLICABLE,10398,W,ZEMKE RD,1,NO INDICATION OF INJURY,0.0,0.0,0.0,0.0,0.0,2.0,0.0,20,3,6
d977593cf4e832ccbe4bd0174e2dae90b9b2064deb03416c63e8f47b61b3832c28b42036da75706ba35e370f7b77454b4e909d3c3e501dec6923fd4ad31f03fb,2020-03-18 07:30:00,15,NO CONTROLS,NO CONTROLS,CLEAR,DAYLIGHT,REAR TO FRONT,PARKING LOT,STRAIGHT AND LEVEL,DRY,NO DEFECTS,NO INJURY / DRIVE AWAY,"$501 - $1,500",NOT APPLICABLE,NOT APPLICABLE,6464,N,CLARK ST,2,NO INDICATION OF INJURY,0.0,0.0,0.0,0.0,0.0,2.0,0.0,7,4,3
da33ffa94dd8c847ff4e6ec5d72e0f7c4914589757d63882816c1d60d1b444e99d82924d793a87d1c5e9865d4f1cb7f6d5cc35512b06744f6d7437ec9957edc0,2020-08-06 10:56:00,20,UNKNOWN,FUNCTIONING PROPERLY,CLEAR,DAYLIGHT,SIDESWIPE SAME DIRECTION,ONE-WAY,STRAIGHT AND LEVEL,DRY,NO DEFECTS,NO INJURY / DRIVE AWAY,"$501 - $1,500",DRIVING SKILLS/KNOWLEDGE/EXPERIENCE,NOT APPLICABLE,1020,W,ARDMORE AVE,2,NO INDICATION OF INJURY,0.0,0.0,0.0,0.0,0.0,2.0,0.0,10,5,8
6b1f25d18457c43d2d6fd7f4b66c78d91539e471a1b5c4ab058e71b122b06737a23687875814042cbfe640479a6c2fe58f421941e0edb1d5158658665a8a3bfa,2018-08-11 16:01:00,0,NO CONTROLS,NO CONTROLS,CLEAR,DAYLIGHT,PARKED MOTOR VEHICLE,NOT DIVIDED,STRAIGHT AND LEVEL,DRY,NO DEFECTS,NO INJURY / DRIVE AWAY,"OVER $1,500",UNABLE TO DETERMINE,UNABLE TO DETERMINE,806,E,52ND ST,2,NO INDICATION OF INJURY,0.0,0.0,0.0,0.0,0.0,1.0,0.0,16,7,8
60151e9f69f12d9ad87194fe3f0442edf454857765392fe1287f62d20fa11a8690a46bfe12b19ec1917826ea408826b67e322e11852a0bb734790b0f52cad2e0,2022-11-04 16:13:00,25,NO CONTROLS,NO CONTROLS,CLEAR,DAYLIGHT,TURNING,NOT DIVIDED,STRAIGHT AND LEVEL,DRY,NO DEFECTS,INJURY AND / OR TOW DUE TO CRASH,"OVER $1,500",IMPROPER LANE USAGE,IMPROPER OVERTAKING/PASSING,2501,W,CERMAK RD,2,NONINCAPACITATING INJURY,2.0,0.0,0.0,2.0,0.0,3.0,0.0,16,6,11
b5754bd8b2475a828ba8d6e95907afd1534dd81e78bdbcc067f4153750c820847ac1cc18c0409f32620d4055a8aa1a890f3ac3f5e0459c9dc2684b4309d7dfdb,2019-11-12 07:54:00,30,NO CONTROLS,NO CONTROLS,OTHER,DAYLIGHT,PARKED MOTOR VEHICLE,NOT DIVIDED,STRAIGHT AND LEVEL,SNOW OR SLUSH,NO DEFECTS,NO INJURY / DRIVE AWAY,"OVER $1,500",UNABLE TO DETERMINE,UNABLE TO DETERMINE,3737,W,CHICAGO AVE,2,NO INDICATION OF INJURY,0.0,0.0,0.0,0.0,0.0,1.0,0.0,7,3,11
19c5c3976a2c204599143d6472b8c3d04c91b50fb4c800b4123ecce358c140fbee4df79ef1404ecfb1a60e73c9f195bbf734268c14be428f653863aed78215a2,2023-08-31 08:00:00,30,NO CONTROLS,NO CONTROLS,CLEAR,DAYLIGHT,SIDESWIPE SAME DIRECTION,NOT DIVIDED,STRAIGHT AND LEVEL,DRY,NO DEFECTS,NO INJURY / DRIVE AWAY,"OVER $1,500",IMPROPER LANE USAGE,IMPROPER LANE USAGE,3151,W,HOWARD ST,2,NO INDICATION OF INJURY,0.0,0.0,0.0,0.0,0.0,2.0,0.0,8,5,8
37d512cd0a57001224dd37ce1dd8f0248d326dbf1ef6f23efdb755b4fef55d72fe3c0ff9cd679ff8576b4516f091cf344477c6e0aa85ee7018242da00c48ac80,2020-12-25 03:45:00,30,NO CONTROLS,NO CONTROLS,CLEAR,DARKNESS,SIDESWIPE SAME DIRECTION,NOT DIVIDED,STRAIGHT AND LEVEL,DRY,NO DEFECTS,INJURY AND / OR TOW DUE TO CRASH,"$501 - $1,500",IMPROPER OVERTAKING/PASSING,NOT APPLICABLE,9198,S,INDIANA AVE,2,NO INDICATION OF INJURY,0.0,0.0,0.0,0.0,0.0,2.0,0.0,3,6,12
efce458c202b077700e98d30e7be5e52997c4c1540f3ee2a3225e7f5f5b8bf5b7d6dbb0ebf167e6c8963fa57778215ade4fc20776b50c442041bece2f0f57871,2018-10-25 18:00:00,30,OTHER,OTHER,CLEAR,"DARKNESS, LIGHTED ROAD",SIDESWIPE SAME DIRECTION,NOT DIVIDED,STRAIGHT AND LEVEL,DRY,UNKNOWN,NO INJURY / DRIVE AWAY,"$501 - $1,500",IMPROPER OVERTAKING/PASSING,NOT APPLICABLE,3800,S,ARCHER AVE,2,NO INDICATION OF INJURY,0.0,0.0,0.0,0.0,0.0,2.0,0.0,18,5,10
37ce085433c5d6110cc7a805b706ae7941c1b0660433a6ff9a9fb37fe5ca4fc2fce98f6f5012c823ce97735a93ee0214f3a979e504ffb380b29b297e895e30e3,2023-12-26 18:45:00,30,NO CONTROLS,NO CONTROLS,CLEAR,DAYLIGHT,SIDESWIPE SAME DIRECTION,NOT DIVIDED,STRAIGHT AND LEVEL,DRY,NO DEFECTS,NO INJURY / DRIVE AWAY,"$501 - $1,500",IMPROPER OVERTAKING/PASSING,IMPROPER OVERTAKING/PASSING,212,W,127TH ST,2,NO INDICATION OF INJURY,0.0,0.0,0.0,0.0,0.0,3.0,0.0,18,3,12
0d4e0ad6784df5a5d1b3629e4c00e632def77e7d7c3bc7521d546380e3816faaab294878a285ef61b9b85dee62181fd51bb9868a7cb6b21ac25e2b6d07e2e742,2020-12-23 17:20:00,30,NO CONTROLS,NO CONTROLS,RAIN,"DARKNESS, LIGHTED ROAD",PARKED MOTOR VEHICLE,DIVIDED - W/MEDIAN BARRIER,STRAIGHT AND LEVEL,WET,NO DEFECTS,NO INJURY / DRIVE AWAY,$500 OR LESS,IMPROPER BACKING,NOT APPLICABLE,1859,S,ASHLAND AVE,2,NO INDICATION OF INJURY,0.0,0.0,0.0,0.0,0.0,4.0,0.0,17,4,12
3159f4595678e9b1cc0a216c7f98e1124632141b3b88fe93a80f60789062a84c816923981f19dc22878dc5124941b78ac2076ebfb0a5ac07e8b87615e6043825,2017-10-01 06:50:00,30,NO CONTROLS,NO CONTROLS,CLEAR,DAYLIGHT,FIXED OBJECT,NOT DIVIDED,STRAIGHT AND LEVEL,DRY,NO DEFECTS,INJURY AND / OR TOW DUE TO CRASH,$500 OR LESS,NOT APPLICABLE,NOT APPLICABLE,3232,N,KIMBALL AVE,1,INCAPACITATING INJURY,1.0,0.0,1.0,0.0,0.0,0.0,0.0,6,1,10
4ee8ea8ad8269b140d7a7f455bc8aeb4ccd172fd13375b2f7c8ab267517048f5fb4e378bb4abfaa0bcff5bd35467ff11e38afded4077b79d445a80ee595f1088,2023-06-07 13:05:00,25,STOP SIGN/FLASHER,FUNCTIONING PROPERLY,CLEAR,DAYLIGHT,TURNING,ONE-WAY,STRAIGHT AND LEVEL,DRY,NO DEFECTS,NO INJURY / DRIVE AWAY,"OVER $1,500",FAILING TO YIELD RIGHT-OF-WAY,FAILING TO YIELD RIGHT-OF-WAY,5401,S,WENTWORTH AVE,2,NO INDICATION OF INJURY,0.0,0.0,0.0,0.0,0.0,2.0,0.0,13,4,6
e0d1c3ad71ff42fac7430c237298d8f3e8660eab7c2d8fb366099a97ee9633918153f920f42953bf008efacdff125485b5b33c70fb35f8e424d0043a90e31dc9,2018-01-25 08:00:00,30,NO CONTROLS,NO CONTROLS,CLEAR,DAYLIGHT,PARKED MOTOR VEHICLE,NOT DIVIDED,STRAIGHT AND LEVEL,DRY,NO DEFECTS,NO INJURY / DRIVE AWAY,"$501 - $1,500",UNABLE TO DETERMINE,UNABLE TO DETERMINE,605,W,GRAND AVE,2,NO INDICATION OF INJURY,0.0,0.0,0.0,0.0,0.0,1.0,0.0,8,5,1
ab50c10050b112f28c5f805d13d1e80dc5acfbd5968a8b7e367f84f2f4a9fbefb377982d77741fc50e241d3bb00246dc7e68189fa4276526047fc554316a9197,2020-08-27 19:56:00,35,TRAFFIC SIGNAL,FUNCTIONING PROPERLY,CLEAR,"DARKNESS, LIGHTED ROAD",TURNING,FOUR WAY,STRAIGHT AND LEVEL,DRY,NO DEFECTS,INJURY AND / OR TOW DUE TO CRASH,"OVER $1,500",IMPROPER TURNING/NO SIGNAL,NOT APPLICABLE,8700,S,STONY ISLAND AVE,2,NO INDICATION OF INJURY,0.0,0.0,0.0,0.0,0.0,2.0,0.0,19,5,8
f63431336b00004bb4957bd48e44e1bd1d12bfd9e83d4b3cae5756d58bcfdc2f308b6e149b44f264fd7d1c5713e2178753e51449ac645bcab3814d2c1db86c77,2023-01-03 19:30:00,30,UNKNOWN,UNKNOWN,RAIN,DAWN,PARKED MOTOR VEHICLE,PARKING LOT,STRAIGHT AND LEVEL,WET,NO DEFECTS,NO INJURY / DRIVE AWAY,"$501 - $1,500",FAILING TO YIELD RIGHT-OF-WAY,FAILING TO YIELD RIGHT-OF-WAY,4705,W,FOSTER AVE,2,NO INDICATION OF INJURY,0.0,0.0,0.0,0.0,0.0,1.0,0.0,19,3,1
2b0dbc03d69729fcc34db4970632a86fc6c82108a0dbb31dc0889fd992235aa2bced0e0b1774157e726ef755e3e5def09bf076c43df7ebbb8b4d47882145fcff,2021-02-24 12:43:00,30,NO CONTROLS,NO CONTROLS,CLEAR,DAYLIGHT,PARKED MOTOR VEHICLE,ONE-WAY,STRAIGHT AND LEVEL,SNOW OR SLUSH,NO DEFECTS,NO INJURY / DRIVE AWAY,"OVER $1,500",UNABLE TO DETERMINE,NOT APPLICABLE,2004,W,FLETCHER ST,2,NO INDICATION OF INJURY,0.0,0.0,0.0,0.0,0.0,1.0,0.0,12,4,2
abf8ae2e7d90bd605bddce6e8a54326946d67e018f88effc07294939bac0c9446c3bce4be01e6fa35be55cf27f434bb65bd5e3d1caef0c5f93ce5dd9df2750d0,2020-09-26 12:46:00,35,STOP SIGN/FLASHER,FUNCTIONING PROPERLY,CLOUDY/OVERCAST,DAYLIGHT,ANGLE,FOUR WAY,STRAIGHT AND LEVEL,DRY,NO DEFECTS,INJURY AND / OR TOW DUE TO CRASH,"OVER $1,500",FAILING TO YIELD RIGHT-OF-WAY,UNABLE TO DETERMINE,800,E,77TH ST,3,NONINCAPACITATING INJURY,4.0,0.0,0.0,4.0,0.0,2.0,0.0,12,7,9
0010921d2665d867724210d8291e0d54f14b0f4b85354e3d4c9f2022d513ce1077da80c5271822d4bc62a0ce9545b6d8d2afdf0b0b4a8b9bc2c7a9723ba98dd7,2022-11-15 18:50:00,30,NO CONTROLS,NO CONTROLS,RAIN,"DARKNESS, LIGHTED ROAD",TURNING,DIVIDED - W/MEDIAN BARRIER,STRAIGHT AND LEVEL,WET,NO DEFECTS,NO INJURY / DRIVE AWAY,"$501 - $1,500",FAILING TO YIELD RIGHT-OF-WAY,NOT APPLICABLE,3734,W,79TH ST,2,NO INDICATION OF INJURY,0.0,0.0,0.0,0.0,0.0,3.0,0.0,18,3,11
fd9ff33373ae212b3aeffe084ec79e6d912f2beccf9f182f9a5009f753a53ba428315df848f4b5eda767e7248cc04ce8f221a02a28008bddc6e74995ddfc7649,2019-01-05 09:26:00,10,OTHER WARNING SIGN,FUNCTIONING PROPERLY,CLEAR,DAYLIGHT,FIXED OBJECT,PARKING LOT,STRAIGHT AND LEVEL,"SAND, MUD, DIRT",NO DEFECTS,NO INJURY / DRIVE AWAY,"OVER $1,500",DISREGARDING OTHER TRAFFIC SIGNS,DISREGARDING OTHER TRAFFIC SIGNS,10301,S,DOTY AVE E,1,NO INDICATION OF INJURY,0.0,0.0,0.0,0.0,0.0,1.0,0.0,9,7,1
f3659e94d629907f5e567bb6948ff9fb20c824eb8ef882b4fd643153877791c32869f7379cbad9fa6a01033f47393a386592752557ebb6f22906735a3f1e04e1,2020-07-08 08:45:00,15,NO CONTROLS,NO CONTROLS,CLEAR,DAYLIGHT,ANGLE,PARKING LOT,STRAIGHT AND LEVEL,DRY,NO DEFECTS,INJURY AND / OR TOW DUE TO CRASH,"OVER $1,500",FAILING TO REDUCE SPEED TO AVOID CRASH,NOT APPLICABLE,2032,E,71ST ST,2,NO INDICATION OF INJURY,0.0,0.0,0.0,0.0,0.0,2.0,0.0,8,4,7
c10ce6018736d18eb6838b3b4a07b539fc9c7879f2b367ebe2e293071fd521e1196d588fe97b821beaff7b09712ef63f199db47fb9c936736146a6254a1f80b8,2019-11-08 13:30:00,30,NO CONTROLS,NO CONTROLS,CLEAR,DAYLIGHT,PARKED MOTOR VEHICLE,NOT DIVIDED,STRAIGHT AND LEVEL,DRY,NO DEFECTS,NO INJURY / DRIVE AWAY,"$501 - $1,500",UNABLE TO DETERMINE,UNABLE TO DETERMINE,1523,W,BYRON ST,2,NO INDICATION OF INJURY,0.0,0.0,0.0,0.0,0.0,1.0,0.0,13,6,11
a551f0874d8bae149280fab429a436da441b3f53123835918b02929157f470fd1598899a4ffa2409600db3dc629bccf2f0facc1ffbe7847b6e3474970b994d6d,2023-04-27 09:30:00,30,STOP SIGN/FLASHER,FUNCTIONING PROPERLY,CLEAR,DAYLIGHT,ANGLE,FOUR WAY,STRAIGHT AND LEVEL,DRY,NO DEFECTS,INJURY AND / OR TOW DUE TO CRASH,"OVER $1,500",DISREGARDING STOP SIGN,UNABLE TO DETERMINE,7500,S,GREENWOOD AVE,2,NONINCAPACITATING INJURY,1.0,0.0,0.0,1.0,0.0,1.0,0.0,9,5,4
7d736b34a692771cac7eeca74bf7cf44825bbe416329bb7ab3e0941847ee00b5af4fe6d5a89844ba7ac6e957e74a75f15947fdc80c1be0e3521d213cc2cf281b,2022-01-15 19:30:00,30,TRAFFIC SIGNAL,FUNCTIONING PROPERLY,CLEAR,"DARKNESS, LIGHTED ROAD",REAR END,NOT DIVIDED,STRAIGHT AND LEVEL,WET,NO DEFECTS,NO INJURY / DRIVE AWAY,"$501 - $1,500",FOLLOWING TOO CLOSELY,FOLLOWING TOO CLOSELY,1202,N,MILWAUKEE AVE,3,NO INDICATION OF INJURY,0.0,0.0,0.0,0.0,0.0,3.0,0.0,19,7,1
401f4289da47de9a92342549a75058a19222eff227c171425433d75f19ef67ba66425a6fee0258afacaf59b847964c4e3737df8a43839d66c86faf1c765193b0,2019-11-16 14:17:00,30,NO CONTROLS,NO CONTROLS,CLEAR,DAYLIGHT,SIDESWIPE SAME DIRECTION,DIVIDED - W/MEDIAN BARRIER,STRAIGHT AND LEVEL,DRY,NO DEFECTS,NO INJURY / DRIVE AWAY,"OVER $1,500",UNABLE TO DETERMINE,NOT APPLICABLE,640,N,MICHIGAN AVE,2,NO INDICATION OF INJURY,0.0,0.0,0.0,0.0,0.0,2.0,0.0,14,7,11
c3a08af2e5baddecde5c6e887c00cd50bd3fe7e1cb30bfba706b561abc26304ae82fe2e35ad74a8ed6cf7ccb0ca038f15722906f283f1d35e3d4c941e8737dc2,2018-06-22 13:22:00,30,TRAFFIC SIGNAL,FUNCTIONING PROPERLY,CLOUDY/OVERCAST,DAYLIGHT,SIDESWIPE SAME DIRECTION,NOT DIVIDED,STRAIGHT AND LEVEL,WET,NO DEFECTS,NO INJURY / DRIVE AWAY,"OVER $1,500",EQUIPMENT - VEHICLE CONDITION,FAILING TO YIELD RIGHT-OF-WAY,4500,S,WESTERN AVE,2,NO INDICATION OF INJURY,0.0,0.0,0.0,0.0,0.0,3.0,0.0,13,6,6
023d191614aff0df0983781f85e660daea87a067733d40246549bf75e5e82d8fa4d48f2c3a13bfa45140a86dc8b4a90b45a915af3aa55a87df53a887e112009a,2021-05-29 15:35:00,35,NO CONTROLS,NO CONTROLS,CLEAR,DAYLIGHT,REAR END,CENTER TURN LANE,STRAIGHT AND LEVEL,DRY,NO DEFECTS,INJURY AND / OR TOW DUE TO CRASH,"OVER $1,500",UNABLE TO DETERMINE,UNABLE TO DETERMINE,9400,S,STONY ISLAND AVE,2,"REPORTED, NOT EVIDENT",1.0,0.0,0.0,0.0,1.0,1.0,0.0,15,7,5
e97bb432b8dd3d0f72f2f9dbbd94efa16f3a20416c29fc792da58caf7c54de6c10770f937ba39b8544cb0582d166bde5295da0294a572bae689818205b54d58f,2018-07-04 14:30:00,20,NO CONTROLS,NO CONTROLS,CLEAR,DAYLIGHT,PARKED MOTOR VEHICLE,ONE-WAY,STRAIGHT AND LEVEL,DRY,NO DEFECTS,NO INJURY / DRIVE AWAY,"$501 - $1,500",UNABLE TO DETERMINE,UNABLE TO DETERMINE,11537,S,WALLACE ST,2,NO INDICATION OF INJURY,0.0,0.0,0.0,0.0,0.0,1.0,0.0,14,4,7
d59692be201f3fdff358f0623a340d83ff02363351d1d12bbc148f472b9042f78e55bbab7c0dae2c030e3af91afb4156a44b5f1e8c26f45e62068281ae10ec74,2021-07-20 00:36:00,15,NO CONTROLS,NO CONTROLS,CLEAR,"DARKNESS, LIGHTED ROAD",PARKED MOTOR VEHICLE,NOT DIVIDED,STRAIGHT AND LEVEL,DRY,NO DEFECTS,NO INJURY / DRIVE AWAY,"OVER $1,500","OPERATING VEHICLE IN ERRATIC, RECKLESS, CARELESS, NEGLIGENT OR AGGRESSIVE MANNER","OPERATING VEHICLE IN ERRATIC, RECKLESS, CARELESS, NEGLIGENT OR AGGRESSIVE MANNER",4019,S,ROCKWELL ST,2,NO INDICATION OF INJURY,0.0,0.0,0.0,0.0,0.0,1.0,0.0,0,3,7
590338ff21394f322c37c9caf4a0aae61090e49786334d936f7641e4d179dae8f3c46734327671be747247b5089399402d0e29ba25b053840b0cb11db351e731,2018-06-17 14:50:00,30,NO CONTROLS,NO CONTROLS,CLEAR,DAYLIGHT,PARKED MOTOR VEHICLE,ONE-WAY,STRAIGHT AND LEVEL,DRY,NO DEFECTS,NO INJURY / DRIVE AWAY,"$501 - $1,500",IMPROPER BACKING,NOT APPLICABLE,1620,N,MAYFIELD AVE,2,NO INDICATION OF INJURY,0.0,0.0,0.0,0.0,0.0,1.0,0.0,14,1,6
c1f3dddad2e0c895b41c76cf403df3a11e5ec8ab7dafcf381382f154346d2c4f5f3a0fd02be35b426817276f996230924c4cf4fb9e8b564051753a122fe038e4,2020-03-15 06:27:00,30,NO CONTROLS,NO CONTROLS,CLEAR,"DARKNESS, LIGHTED ROAD",PARKED MOTOR VEHICLE,NOT DIVIDED,STRAIGHT AND LEVEL,DRY,NO DEFECTS,INJURY AND / OR TOW DUE TO CRASH,"OVER $1,500",UNABLE TO DETERMINE,UNABLE TO DETERMINE,3444,W,BELMONT AVE,2,NO INDICATION OF INJURY,0.0,0.0,0.0,0.0,0.0,1.0,0.0,6,1,3
b8f52a6fa80a2ee006cddedfa093f0da27c083946660de3be4998817e79e22fd39266346f583cfcb000871fe221994cdf7e3606e6bf53f0f108c55864d3f2078,2018-11-13 16:30:00,30,NO CONTROLS,NO CONTROLS,CLEAR,DAYLIGHT,PARKED MOTOR VEHICLE,NOT DIVIDED,STRAIGHT AND LEVEL,DRY,NO DEFECTS,NO INJURY / DRIVE AWAY,"$501 - $1,500",NOT APPLICABLE,NOT APPLICABLE,5439,S,KENNETH AVE,2,NO INDICATION OF INJURY,0.0,0.0,0.0,0.0,0.0,2.0,0.0,16,3,11
cb837b7442e7baa27099e7d0c7440fd94070bb4ff75372319a6b57e1b4aea3d1f7a5753c421d3f407e151dea837ac03a4dee8556d430456d8b054895e86c9d99,2023-02-01 15:45:00,30,NO CONTROLS,NO CONTROLS,CLEAR,DAYLIGHT,PARKED MOTOR VEHICLE,ONE-WAY,STRAIGHT AND LEVEL,DRY,NO DEFECTS,NO INJURY / DRIVE AWAY,"OVER $1,500",IMPROPER BACKING,NOT APPLICABLE,4511,N,DOVER ST,2,NO INDICATION OF INJURY,0.0,0.0,0.0,0.0,0.0,1.0,0.0,15,4,2
e176a4ada9bcbd7d461bd0980d503d950f6914a06b411311e56c8fbb9b02529987e2107e22875f504e17e8675dfdccffd88560766a624f07ba87511c15de50bb,2016-02-18 16:00:00,30,NO CONTROLS,NO CONTROLS,CLEAR,DAYLIGHT,REAR END,DIVIDED - W/MEDIAN (NOT RAISED),STRAIGHT AND LEVEL,DRY,NO DEFECTS,NO INJURY / DRIVE AWAY,"$501 - $1,500",FOLLOWING TOO CLOSELY,UNABLE TO DETERMINE,2812,W,59TH ST,2,NO INDICATION OF INJURY,0.0,0.0,0.0,0.0,0.0,2.0,0.0,16,5,2
72077692d8b896be029323a0526b6cedd6e92d4c2560514ccb70e4aae04e936a59e2078520113d2626d4d6790969ab8c87832663f6d6e8fe9e40eb9d1952265f,2022-08-28 15:15:00,30,TRAFFIC SIGNAL,FUNCTIONING PROPERLY,CLEAR,DAYLIGHT,TURNING,FOUR WAY,STRAIGHT AND LEVEL,DRY,NO DEFECTS,NO INJURY / DRIVE AWAY,"$501 - $1,500",FAILING TO YIELD RIGHT-OF-WAY,NOT APPLICABLE,6700,S,KEDZIE AVE,2,NO INDICATION OF INJURY,0.0,0.0,0.0,0.0,0.0,2.0,0.0,15,1,8