CRASH_RECORD_ID,CRASH_DATE,POSTED_SPEED_LIMIT,TRAFFIC_CONTROL_DEVICE,DEVICE_CONDITION,WEATHER_CONDITION,LIGHTING_CONDITION,FIRST_CRASH_TYPE,TRAFFICWAY_TYPE,ALIGNMENT,ROADWAY_SURFACE_COND,ROAD_DEFECT,CRASH_TYPE,DAMAGE,PRIM_CONTRIBUTORY_CAUSE,SEC_CONTRIBUTORY_CAUSE,STREET_NO,STREET_DIRECTION,STREET_NAME,NUM_UNITS,MOST_SEVERE_INJURY,INJURIES_TOTAL,INJURIES_FATAL,INJURIES_INCAPACITATING,INJURIES_NON_INCAPACITATING,INJURIES_REPORTED_NOT_EVIDENT,INJURIES_NO_INDICATION,INJURIES_UNKNOWN,CRASH_HOUR,CRASH_DAY_OF_WEEK,CRASH_MONTH
b67615f2c4a63d71ea32db7a78719c819a11f601677b92bd1757bd1180ab1672f45d18e80fa43ee12c29d45ecb0fd7045e02a1edbbc9b2d23122c0500380c9ee,2022-11-04 11:01:00,15,NO CONTROLS,NO CONTROLS,RAIN,DARKNESS,PEDESTRIAN,OTHER,STRAIGHT AND LEVEL,WET,NO DEFECTS,INJURY AND / OR TOW DUE TO CRASH,$500 OR LESS,WEATHER,UNABLE TO DETERMINE,6950,S,KANST DR,2,NONINCAPACITATING INJURY,1.0,0.0,0.0,1.0,0.0,1.0,0.0,11,6,11
79091032278dc58b76f1e74944cde0afbc4c1d98a43ac7a3ef64206390307295c0454ff231dcc6e035b1f1b0b40f4a506763fa374611f8f33a20a13c6cd01d62,2016-11-17 05:45:00,30,TRAFFIC SIGNAL,FUNCTIONING PROPERLY,CLEAR,DAWN,TURNING,CENTER TURN LANE,STRAIGHT AND LEVEL,DRY,NO DEFECTS,INJURY AND / OR TOW DUE TO CRASH,"OVER $1,500",UNABLE TO DETERMINE,UNABLE TO DETERMINE,5701,N,BROADWAY,2,NO INDICATION OF INJURY,0.0,0.0,0.0,0.0,0.0,2.0,0.0,5,5,11
4060892d8641786aadf017797c42f73108a4c915c2980ebf48637a4065af0d1c8d308ebaf62b084bd162b5fd3a1c3aa4cfb61aa5382b5a9688fca81e67f52a8c,2016-03-18 15:10:00,15,NO CONTROLS,NO CONTROLS,CLEAR,DAYLIGHT,PARKED MOTOR VEHICLE,PARKING LOT,STRAIGHT AND LEVEL,DRY,NO DEFECTS,NO INJURY / DRIVE AWAY,$500 OR LESS,UNABLE TO DETERMINE,UNABLE TO DETERMINE,2637,S,PULASKI RD,2,NO INDICATION OF INJURY,0.0,0.0,0.0,0.0,0.0,1.0,0.0,15,6,3
2743707caeadfbc5cc604bab7eec1e52096afd295213dfb11f2ff4a170f853cd9d01197122cbecef605ec0b4b4b47ed8dd3ef597e3ece2699e406ed9529482fd,2016-11-29 08:20:00,30,NO CONTROLS,NO CONTROLS,CLEAR,DAYLIGHT,SIDESWIPE SAME DIRECTION,NOT DIVIDED,STRAIGHT AND LEVEL,DRY,NO DEFECTS,NO INJURY / DRIVE AWAY,"OVER $1,500",UNABLE TO DETERMINE,UNABLE TO DETERMINE,2650,W,55TH ST,2,NO INDICATION OF INJURY,0.0,0.0,0.0,0.0,0.0,2.0,0.0,8,3,11
891c5e720b22293147fd2a88723c2df30f5981fd1426b54561e3a1b54692dfa4801d432c50fa0ad1a19ce5153bfe723404abc1c11b626843b6b37a6c906b93fa,2021-09-16 21:00:00,30,STOP SIGN/FLASHER,FUNCTIONING PROPERLY,CLEAR,"DARKNESS, LIGHTED ROAD",TURNING,FOUR WAY,STRAIGHT AND LEVEL,DRY,NO DEFECTS,INJURY AND / OR TOW DUE TO CRASH,"OVER $1,500",UNABLE TO DETERMINE,UNABLE TO DETERMINE,7000,S,MAPLEWOOD AVE,2,NO INDICATION OF INJURY,0.0,0.0,0.0,0.0,0.0,2.0,0.0,21,5,9
28442a051e4da02196eaeb08629d6f70b9637cfb43c261fd5751b2585bd7a8ad51ea976e08a1f2d1c0fd77a16e5edf727b0706633088ab8e886db90b8d903df4,2021-01-30 23:30:00,30,NO CONTROLS,NO CONTROLS,BLOWING SNOW,"DARKNESS, LIGHTED ROAD",PARKED MOTOR VEHICLE,DIVIDED - W/MEDIAN (NOT RAISED),STRAIGHT AND LEVEL,SNOW OR SLUSH,NO DEFECTS,INJURY AND / OR TOW DUE TO CRASH,"OVER $1,500",WEATHER,UNABLE TO DETERMINE,5232,N,WESTERN AVE,2,NO INDICATION OF INJURY,0.0,0.0,0.0,0.0,0.0,2.0,0.0,23,7,1
12aca92b2b38b4d0b9112e05b5ef2f193963e343235a870c4ccee714b5bf21e004eb05bd76605828d380d670519b07120b178888d8694c52cc234e8ba8c955da,2019-07-08 15:45:00,30,NO CONTROLS,NO CONTROLS,CLEAR,DAYLIGHT,PARKED MOTOR VEHICLE,DIVIDED - W/MEDIAN BARRIER,STRAIGHT AND LEVEL,DRY,UNKNOWN,NO INJURY / DRIVE AWAY,"OVER $1,500",UNABLE TO DETERMINE,NOT APPLICABLE,5220,W,LAKE ST,2,NO INDICATION OF INJURY,0.0,0.0,0.0,0.0,0.0,1.0,0.0,15,2,7
60c9e3303cc1011626beda3b8bd00546935999d83f4a1700d47e2cf4e80dfd668823ccba369129e902330a7712232642a6dfa44f1f171b856e8b585548169422,2021-04-29 18:50:00,20,NO CONTROLS,NO CONTROLS,CLEAR,UNKNOWN,REAR END,DIVIDED - W/MEDIAN (NOT RAISED),STRAIGHT AND LEVEL,DRY,NO DEFECTS,INJURY AND / OR TOW DUE TO CRASH,"OVER $1,500",UNABLE TO DETERMINE,UNABLE TO DETERMINE,4324,W,MARQUETTE RD,2,NO INDICATION OF INJURY,0.0,0.0,0.0,0.0,0.0,2.0,0.0,18,5,4
85a4d50fa245221b05f1b79bcfae4362bfc7fe17d92e9a09c55a25bad642de507a2b08ce20db2249483b4ef324b49b270ae3a2d64858187328a95583d6b20580,2021-04-17 20:31:00,30,TRAFFIC SIGNAL,FUNCTIONING PROPERLY,CLEAR,DARKNESS,ANGLE,NOT DIVIDED,STRAIGHT AND LEVEL,DRY,NO DEFECTS,INJURY AND / OR TOW DUE TO CRASH,"OVER $1,500",FAILING TO REDUCE SPEED TO AVOID CRASH,NOT APPLICABLE,4000,N,KEELER AVE,2,NONINCAPACITATING INJURY,1.0,0.0,0.0,1.0,0.0,1.0,0.0,20,7,4
89bb2cc28278eb2e780a10c8e380dd339ada2d9beb76b099fd7de297a91cf11065a92eb16155f7a6968ce14f80e39341479e81e5c8fc2f10df334dec958feb9f,2019-09-25 21:28:00,15,NO CONTROLS,NO CONTROLS,CLEAR,DARKNESS,FIXED OBJECT,PARKING LOT,STRAIGHT AND LEVEL,DRY,NO DEFECTS,NO INJURY / DRIVE AWAY,"OVER $1,500",UNABLE TO DETERMINE,NOT APPLICABLE,5220,S,HARPER AVE,1,NO INDICATION OF INJURY,0.0,0.0,0.0,0.0,0.0,2.0,0.0,21,4,9
13d8bef642fb0f637a0562248a8fd33df3aeed8208a56d1d961c681a8455fac7c2b06579a312da47b42e563e8bc8d4a7796a928da2abd923360decccedbe7184,2022-11-25 02:00:00,30,TRAFFIC SIGNAL,FUNCTIONING PROPERLY,CLEAR,"DARKNESS, LIGHTED ROAD",FIXED OBJECT,FOUR WAY,STRAIGHT AND LEVEL,DRY,NO DEFECTS,INJURY AND / OR TOW DUE TO CRASH,"OVER $1,500",FAILING TO REDUCE SPEED TO AVOID CRASH,FAILING TO REDUCE SPEED TO AVOID CRASH,4752,W,55TH ST,1,NO INDICATION OF INJURY,0.0,0.0,0.0,0.0,0.0,1.0,0.0,2,6,11
f2899eb3f1eb6eb1092af1244599294fc3757e2e7e47d6af08b377ed198e0b6e0650e08b03206dd195c4e3e674e9c97f3ab061ec4080472ad0babd2394bbf662,2020-01-05 18:30:00,30,NO CONTROLS,NO CONTROLS,CLEAR,"DARKNESS, LIGHTED ROAD",REAR END,DIVIDED - W/MEDIAN (NOT RAISED),STRAIGHT AND LEVEL,DRY,NO DEFECTS,NO INJURY / DRIVE AWAY,"$501 - $1,500",UNABLE TO DETERMINE,UNABLE TO DETERMINE,2717,W,TOUHY AVE,2,NO INDICATION OF INJURY,0.0,0.0,0.0,0.0,0.0,5.0,0.0,18,1,1
4fd997dbb6c1434548075d0e73923da25c36ddcb93d703850d0909bce983ec172d84ed5d9e4436558945f500dec6c4299ca5bb4e70201cf1d1d753f1b1a25e59,2019-09-04 11:05:00,30,STOP SIGN/FLASHER,FUNCTIONING PROPERLY,CLEAR,DAYLIGHT,ANGLE,NOT DIVIDED,STRAIGHT AND LEVEL,DRY,NO DEFECTS,INJURY AND / OR TOW DUE TO CRASH,"OVER $1,500",UNABLE TO DETERMINE,NOT APPLICABLE,4600,W,WASHINGTON BLVD,2,NONINCAPACITATING INJURY,1.0,0.0,0.0,1.0,0.0,1.0,0.0,11,4,9
8fc6e6c12722c5a49aa4d353f2f3d96fb9ebff71d5c82176294385728744c385f710e70d81ac27b767c090ebc3b105104968de78eed2b7a6b1c2b0282433db41,2019-03-25 10:00:00,25,NO CONTROLS,NO CONTROLS,CLEAR,DAYLIGHT,SIDESWIPE SAME DIRECTION,ONE-WAY,STRAIGHT AND LEVEL,DRY,NO DEFECTS,NO INJURY / DRIVE AWAY,"OVER $1,500",IMPROPER TURNING/NO SIGNAL,FAILING TO REDUCE SPEED TO AVOID CRASH,6241,S,ABERDEEN ST,2,NO INDICATION OF INJURY,0.0,0.0,0.0,0.0,0.0,2.0,0.0,10,2,3
6ef39ab24a2dafeb167e75e4504262b3cb61c57663c21082686ddeb29f89d8e902ecc71879c340b83545b8bc6c7a91eb96fdd881c6edf3739891c7eb7f34fcc1,2018-02-28 08:06:00,30,NO CONTROLS,NO CONTROLS,CLEAR,DAYLIGHT,SIDESWIPE SAME DIRECTION,NOT DIVIDED,STRAIGHT AND LEVEL,DRY,NO DEFECTS,INJURY AND / OR TOW DUE TO CRASH,"OVER $1,500",DRIVING SKILLS/KNOWLEDGE/EXPERIENCE,UNABLE TO DETERMINE,2239,W,MONTROSE AVE,3,"REPORTED, NOT EVIDENT",1.0,0.0,0.0,0.0,1.0,2.0,0.0,8,4,2
2b0faa42942ddbf2aabfbbd1a65efb0b55ef8cfe8bff0de3f1743d78a45e5e757931867092e384bba36450e1befc95c7a528f762b42b9e2523b447e2ddc5d42f,2020-05-24 09:30:00,30,TRAFFIC SIGNAL,FUNCTIONING PROPERLY,CLEAR,DAYLIGHT,SIDESWIPE SAME DIRECTION,NOT DIVIDED,STRAIGHT AND LEVEL,DRY,NO DEFECTS,NO INJURY / DRIVE AWAY,"$501 - $1,500","OPERATING VEHICLE IN ERRATIC, RECKLESS, CARELESS, NEGLIGENT OR AGGRESSIVE MANNER",NOT APPLICABLE,6361,N,PULASKI RD,3,NO INDICATION OF INJURY,0.0,0.0,0.0,0.0,0.0,4.0,0.0,9,1,5
e1b9cde2acc2effe5292065344410d841a48644fce158653b0e3f8d2a121942d2f25c183b5f1c8b6b08b4ca867d366b76bcf3eec57f40f0b08c42c907cb2473b,2019-06-13 16:54:00,30,TRAFFIC SIGNAL,FUNCTIONING PROPERLY,CLEAR,DAYLIGHT,SIDESWIPE SAME DIRECTION,FOUR WAY,STRAIGHT AND LEVEL,DRY,NO DEFECTS,NO INJURY / DRIVE AWAY,"OVER $1,500",DRIVING SKILLS/KNOWLEDGE/EXPERIENCE,NOT APPLICABLE,2159,S,CLARK ST,2,NO INDICATION OF INJURY,0.0,0.0,0.0,0.0,0.0,4.0,0.0,16,5,6
5fa5dc3f0bb5b21a3825fadab25c6a8600007174be4e2be64cc4dec3bd4ec890e112f9b36af5ccc2b75c139064eb02ef349f845ef1100bea37e862553183710b,2024-03-22 06:11:00,30,TRAFFIC SIGNAL,FUNCTIONING PROPERLY,RAIN,DARKNESS,SIDESWIPE SAME DIRECTION,NOT DIVIDED,STRAIGHT AND LEVEL,WET,NO DEFECTS,NO INJURY / DRIVE AWAY,"$501 - $1,500",IMPROPER LANE USAGE,WEATHER,5101,W,LAWRENCE AVE,2,NO INDICATION OF INJURY,0.0,0.0,0.0,0.0,0.0,2.0,0.0,6,6,3
331bd6dab5f883172d5020205e43073d6ec3cf3849dd7cc594b312a689ecdd3b3d63df77affe1c549c8726c8ceef01e3d4f9a8e99eef199875d06a5ca0766691,2017-08-27 19:00:00,30,TRAFFIC SIGNAL,FUNCTIONING PROPERLY,CLEAR,DAYLIGHT,TURNING,NOT DIVIDED,STRAIGHT AND LEVEL,DRY,NO DEFECTS,INJURY AND / OR TOW DUE TO CRASH,"OVER $1,500",FAILING TO YIELD RIGHT-OF-WAY,NOT APPLICABLE,6000,S,CENTRAL AVE,2,NO INDICATION OF INJURY,0.0,0.0,0.0,0.0,0.0,4.0,0.0,19,1,8
3bb065d628946dff3446f14cb1677e8ebfac32bed2d81be8205c8431bb9edf57de36c4fc780cb33ec4cd672b9c89f1e711d2139f2dea1bd6baa8ffba6292d5f8,2017-05-28 12:00:00,30,NO CONTROLS,NO CONTROLS,CLEAR,DAYLIGHT,ANGLE,PARKING LOT,STRAIGHT AND LEVEL,DRY,NO DEFECTS,NO INJURY / DRIVE AWAY,$500 OR LESS,UNABLE TO DETERMINE,NOT APPLICABLE,3607,W,FULLERTON AVE,2,NO INDICATION OF INJURY,0.0,0.0,0.0,0.0,0.0,2.0,0.0,12,1,5
9b9c05fc6b8d89ec15eb7de495c1635ba0f1ffceb69be7637c06aed2b1de8597592c8d27d30d027dfb1f58a187f7f72ac19cefc129a72119126c8c438bb01bdc,2018-11-27 16:55:00,30,TRAFFIC SIGNAL,FUNCTIONING PROPERLY,CLEAR,"DARKNESS, LIGHTED ROAD",REAR END,DIVIDED - W/MEDIAN (NOT RAISED),STRAIGHT AND LEVEL,DRY,NO DEFECTS,NO INJURY / DRIVE AWAY,"$501 - $1,500",DISTRACTION - FROM INSIDE VEHICLE,FAILING TO REDUCE SPEED TO AVOID CRASH,4100,W,115TH ST,2,NO INDICATION OF INJURY,0.0,0.0,0.0,0.0,0.0,2.0,0.0,16,3,11
2c7517194ce5673a20cb444ace7ffe435dd150c0a2ea90bc6d17f7c7e9710ab8b2c1d3a57488290d97be86b447a6dd9e63e204ee8ef433e5bbe9a23b31638a2b,2019-09-25 18:23:00,30,NO CONTROLS,NO CONTROLS,CLEAR,DAYLIGHT,PEDESTRIAN,NOT DIVIDED,STRAIGHT AND LEVEL,DRY,NO DEFECTS,INJURY AND / OR TOW DUE TO CRASH,$500 OR LESS,UNABLE TO DETERMINE,NOT APPLICABLE,5502,W,WASHINGTON BLVD,3,NONINCAPACITATING INJURY,2.0,0.0,0.0,2.0,0.0,1.0,0.0,18,4,9
49f32b8b59c6da1196234b0aecd4f30507732d63573b54df3b32e28cf0b1ea94b0a9823569687df38999a81ee780c64a23cb85b0592ff295eda7c8f85fa273f0,2023-03-18 17:10:00,30,NO CONTROLS,NO CONTROLS,CLOUDY/OVERCAST,DAYLIGHT,FIXED OBJECT,NOT DIVIDED,STRAIGHT AND LEVEL,DRY,NO DEFECTS,NO INJURY / DRIVE AWAY,"OVER $1,500",UNABLE TO DETERMINE,UNABLE TO DETERMINE,5201,S,WESTERN AVE,1,NO INDICATION OF INJURY,0.0,0.0,0.0,0.0,0.0,1.0,0.0,17,7,3
7d29d7db9804b1d525e1885f4c3557c85db8b2f0a314ed577b623dd007e82381dd6ea9e576027a5a65a45383ba3c043dacdd386ad11e91b914976fa440740b95,2018-11-27 18:45:00,30,OTHER REG. SIGN,FUNCTIONING PROPERLY,CLEAR,DUSK,PEDESTRIAN,DIVIDED - W/MEDIAN (NOT RAISED),STRAIGHT AND LEVEL,DRY,NO DEFECTS,INJURY AND / OR TOW DUE TO CRASH,"OVER $1,500",FAILING TO YIELD RIGHT-OF-WAY,UNABLE TO DETERMINE,3600,S,WESTERN BLVD,2,"REPORTED, NOT EVIDENT",1.0,0.0,0.0,0.0,1.0,1.0,0.0,18,3,11
f72bae20c0f35ec4cbf6bb4b0e0a2c37708d8db0ed2384c5a64b53b3864c92e1e59d15489fff358cb633f34ef73568c8a5c8bbf432c5d21d40a22fff45adbba0,2018-08-29 18:00:00,30,TRAFFIC SIGNAL,FUNCTIONING PROPERLY,CLEAR,DAYLIGHT,TURNING,NOT DIVIDED,STRAIGHT AND LEVEL,DRY,NO DEFECTS,NO INJURY / DRIVE AWAY,"OVER $1,500",NOT APPLICABLE,NOT APPLICABLE,1200,W,76TH ST,2,NO INDICATION OF INJURY,0.0,0.0,0.0,0.0,0.0,2.0,0.0,18,4,8
7ae34b09d1225e8b46bcd1752e6627bff8987cd1c3261e1ca18ab4e30e9ca9f04c39c5314a85c5d45430942442814094522aaa2b750db9c59b6877a8c1e90710,2018-06-02 11:34:00,0,LANE USE MARKING,FUNCTIONING PROPERLY,CLEAR,DAYLIGHT,TURNING,PARKING LOT,STRAIGHT AND LEVEL,DRY,NO DEFECTS,INJURY AND / OR TOW DUE TO CRASH,"OVER $1,500",IMPROPER LANE USAGE,DRIVING SKILLS/KNOWLEDGE/EXPERIENCE,3030,N,BROADWAY,2,NO INDICATION OF INJURY,0.0,0.0,0.0,0.0,0.0,2.0,0.0,11,7,6
ad8bc5ba3a5b017ba566eb753469a59d0e1035b5d0d07667d2984b1b6ee49164db05230ba38b779b7d031873a494cba1a13071ab283f13b341aa9a12a48979ab,2023-09-30 18:25:00,30,NO CONTROLS,NO CONTROLS,CLEAR,DAYLIGHT,TURNING,UNKNOWN INTERSECTION TYPE,STRAIGHT AND LEVEL,DRY,NO DEFECTS,NO INJURY / DRIVE AWAY,"$501 - $1,500",FAILING TO REDUCE SPEED TO AVOID CRASH,NOT APPLICABLE,201,N,UNION AVE,2,NO INDICATION OF INJURY,0.0,0.0,0.0,0.0,0.0,2.0,0.0,18,7,9
00f780136b44a677b996c491079afa4a8d029427f1e2242aa2466aa436a3d943ead739fb156562fa398af849a6b988ce20764ad8427e9b6589bafe671d5dffa9,2021-05-12 17:00:00,30,TRAFFIC SIGNAL,FUNCTIONING PROPERLY,CLEAR,DAYLIGHT,REAR END,DIVIDED - W/MEDIAN (NOT RAISED),STRAIGHT AND LEVEL,DRY,NO DEFECTS,NO INJURY / DRIVE AWAY,$500 OR LESS,NOT APPLICABLE,NOT APPLICABLE,2401,W,115TH ST,2,NO INDICATION OF INJURY,0.0,0.0,0.0,0.0,0.0,2.0,0.0,17,4,5
f10e0f3610d99d9c0579c90989732d053090c469810ce28f07946affe6c46522dc5a9e8419f39ebbe71956c555f19ee1c3dd2aefd0e589a7493b374c37201b9a,2016-06-08 18:45:00,30,NO CONTROLS,NO CONTROLS,CLEAR,DAYLIGHT,SIDESWIPE SAME DIRECTION,ONE-WAY,STRAIGHT AND LEVEL,DRY,UNKNOWN,NO INJURY / DRIVE AWAY,$500 OR LESS,UNABLE TO DETERMINE,UNABLE TO DETERMINE,455,N,CLARK ST,2,NO INDICATION OF INJURY,0.0,0.0,0.0,0.0,0.0,3.0,0.0,18,4,6
2fc0f6c1db4723ebf09280fe9508f286b043459f4c5015800fb891654ce4cc9ee573059fa37fe4ff450672b3e652376beed4290deab7de36bf2243f371b7ecfc,2017-03-23 18:10:00,30,TRAFFIC SIGNAL,FUNCTIONING PROPERLY,CLEAR,DUSK,REAR END,NOT DIVIDED,STRAIGHT AND LEVEL,DRY,NO DEFECTS,NO INJURY / DRIVE AWAY,"OVER $1,500",FOLLOWING TOO CLOSELY,NOT APPLICABLE,1101,W,BRYN MAWR AVE,2,NO INDICATION OF INJURY,0.0,0.0,0.0,0.0,0.0,2.0,0.0,18,5,3
ada98fbeba912cec51f176baf49773debcfe7a77fbeb64bb134e1c318986879474ad4fb31a588883198feef2e0f709e28064a599c207d6840dae3e456ad98dfd,2021-11-18 07:55:00,30,TRAFFIC SIGNAL,FUNCTIONING PROPERLY,CLEAR,DAYLIGHT,SIDESWIPE SAME DIRECTION,NOT DIVIDED,STRAIGHT AND LEVEL,DRY,NO DEFECTS,NO INJURY / DRIVE AWAY,"OVER $1,500",IMPROPER TURNING/NO SIGNAL,NOT APPLICABLE,3914,N,MILWAUKEE AVE,2,NO INDICATION OF INJURY,0.0,0.0,0.0,0.0,0.0,4.0,0.0,7,5,11
8b1a5e9f682ed1948eba6cf0e387c06c008b7bbc06d920bfd94d2940cc0921ad56d894609839859f4f27c17dcd5b9b10f8209d9ff21abc82d473fcb8d535d1ac,2017-08-01 06:54:00,40,TRAFFIC SIGNAL,FUNCTIONING PROPERLY,CLEAR,DAYLIGHT,REAR END,DIVIDED - W/MEDIAN BARRIER,STRAIGHT AND LEVEL,DRY,NO DEFECTS,NO INJURY / DRIVE AWAY,"$501 - $1,500",FOLLOWING TOO CLOSELY,UNABLE TO DETERMINE,1401,S,LAKE SHORE DR E,4,NO INDICATION OF INJURY,0.0,0.0,0.0,0.0,0.0,4.0,0.0,6,3,8
15f96f7c57860f3c9f4822510de32ba31376a8836edfe6695a2785fd6fdcf773c8d465955cdfb23ae4f4dfda89f3ce25acbb570a1ed1813043c882d745b26062,2019-08-29 16:29:00,30,NO CONTROLS,NO CONTROLS,CLEAR,DAYLIGHT,REAR END,DIVIDED - W/MEDIAN (NOT RAISED),STRAIGHT AND LEVEL,DRY,NO DEFECTS,NO INJURY / DRIVE AWAY,"OVER $1,500",FAILING TO REDUCE SPEED TO AVOID CRASH,FOLLOWING TOO CLOSELY,2537,W,COLUMBUS AVE,2,NO INDICATION OF INJURY,0.0,0.0,0.0,0.0,0.0,2.0,0.0,16,5,8
7f9e4d3d91a9e0baa95dfc77a8c862837ec40061454940ac6feaf1e5bc20f9e01b266362f22633f83cf489b0dd74011921b8e6c6a80b2162f6d4b1f85e7fd7b6,2022-10-09 11:00:00,30,NO CONTROLS,NO CONTROLS,CLEAR,DAYLIGHT,ANGLE,ONE-WAY,STRAIGHT AND LEVEL,DRY,NO DEFECTS,NO INJURY / DRIVE AWAY,$500 OR LESS,FAILING TO YIELD RIGHT-OF-WAY,NOT APPLICABLE,1924,S,LAWNDALE AVE,2,NO INDICATION OF INJURY,0.0,0.0,0.0,0.0,0.0,2.0,0.0,11,1,10
2f815d8a3bd744c993a701b5bbd1fcd75126349ac6ab994deded83489da8196b2ba7c7bd2b5c39d220feca93bc11f7bfd7e823cab129c97523069276b2931d47,2019-10-16 07:50:00,20,STOP SIGN/FLASHER,FUNCTIONING PROPERLY,CLEAR,DAYLIGHT,PEDESTRIAN,NOT REPORTED,STRAIGHT AND LEVEL,DRY,NO DEFECTS,INJURY AND / OR TOW DUE TO CRASH,"OVER $1,500",IMPROPER BACKING,FAILING TO YIELD RIGHT-OF-WAY,4158,S,ARTESIAN AVE,3,NONINCAPACITATING INJURY,2.0,0.0,0.0,2.0,0.0,2.0,0.0,7,4,10
9baea37a1f0b85efd2ffcda58d4f2758ed83f18a77f947e6e05b6a42126c92036c6cd81005bcff9e9358803190275c5410b9f19ec12450a5ecf6e4dc1b4dcac2,2021-12-24 18:38:00,20,STOP SIGN/FLASHER,FUNCTIONING PROPERLY,CLEAR,DARKNESS,ANGLE,FOUR WAY,STRAIGHT AND LEVEL,WET,NO DEFECTS,INJURY AND / OR TOW DUE TO CRASH,"OVER $1,500",FAILING TO YIELD RIGHT-OF-WAY,FAILING TO REDUCE SPEED TO AVOID CRASH,3300,W,64TH PL,2,NO INDICATION OF INJURY,0.0,0.0,0.0,0.0,0.0,3.0,0.0,18,6,12
669802047333acc5259022d9cb1eb7363446c89a4b5ffa3499f956a12616a4b7309f29bc2c9e9e8861b1b008121d1bcf40994acfc7d8d59cb9f09d093625b2fb,2019-06-23 14:00:00,10,NO CONTROLS,NO CONTROLS,CLOUDY/OVERCAST,DAYLIGHT,PARKED MOTOR VEHICLE,PARKING LOT,STRAIGHT AND LEVEL,WET,NO DEFECTS,NO INJURY / DRIVE AWAY,"$501 - $1,500",UNABLE TO DETERMINE,UNABLE TO DETERMINE,2101,E,95TH ST,2,NO INDICATION OF INJURY,0.0,0.0,0.0,0.0,0.0,1.0,0.0,14,1,6
e1423c36364a08bd1967fc1d973a1e7243aebd2a039a3a62c377ba52f4116b1f47ba5bcee7e728210534f0e40ffe95e69fd105cee11ac185f6566d568434834c,2021-06-29 13:30:00,30,NO CONTROLS,NO CONTROLS,CLEAR,DAYLIGHT,PARKED MOTOR VEHICLE,DIVIDED - W/MEDIAN (NOT RAISED),STRAIGHT AND LEVEL,DRY,NO DEFECTS,NO INJURY / DRIVE AWAY,"$501 - $1,500",IMPROPER BACKING,IMPROPER BACKING,2300,W,PETERSON AVE,2,NO INDICATION OF INJURY,0.0,0.0,0.0,0.0,0.0,1.0,0.0,13,3,6
96c51dd143e858737ea0cd2320d3993f0f112ea36fe90311aeb7480ed74198914cce5536fedf2e536fd78224fc267a3989f6820b0b2c52d313360defe8cd2ffa,2020-10-10 15:00:00,30,NO CONTROLS,NO CONTROLS,CLEAR,DAYLIGHT,SIDESWIPE SAME DIRECTION,DIVIDED - W/MEDIAN (NOT RAISED),STRAIGHT AND LEVEL,DRY,NO DEFECTS,NO INJURY / DRIVE AWAY,"$501 - $1,500",PHYSICAL CONDITION OF DRIVER,NOT APPLICABLE,7838,S,COTTAGE GROVE AVE,2,NO INDICATION OF INJURY,0.0,0.0,0.0,0.0,0.0,4.0,0.0,15,7,10
5cd7c372d152914b1f4f112936f257ced88d1f4fa2de86ce81f4ac4a89b6afd4fd591d5c3ada996511f51dc5029888c5eb7678463e8a2d4234b52fb08984877b,2023-09-15 23:30:00,25,STOP SIGN/FLASHER,UNKNOWN,UNKNOWN,"DARKNESS, LIGHTED ROAD",REAR END,NOT DIVIDED,STRAIGHT AND LEVEL,UNKNOWN,OTHER,NO INJURY / DRIVE AWAY,"OVER $1,500",FOLLOWING TOO CLOSELY,NOT APPLICABLE,12600,S,TORRENCE AVE,2,NO INDICATION OF INJURY,0.0,0.0,0.0,0.0,0.0,2.0,0.0,23,6,9
51e7d393194a09ec4b5829e99ce421f4d5cc662ee37d2193791954fe23b0a76c75e0e4aae2b09c0451bbe5b7212692c55ba1c20a98162e8850dfc1e20c78daef,2022-08-28 18:51:00,30,NO CONTROLS,NO CONTROLS,CLEAR,DARKNESS,REAR END,NOT DIVIDED,STRAIGHT AND LEVEL,DRY,NO DEFECTS,NO INJURY / DRIVE AWAY,"OVER $1,500",FOLLOWING TOO CLOSELY,NOT APPLICABLE,7105,N,RIDGE BLVD,2,NO INDICATION OF INJURY,0.0,0.0,0.0,0.0,0.0,2.0,0.0,18,1,8
26094d7ddd2c2ae382c1600e534a5a1182414b9c1723428fcbdb84f97524f709dc2fbf90acd8690b6bac40ebdb161adbaa2ac585b28893539978d72b47707ef1,2018-09-24 19:47:00,30,TRAFFIC SIGNAL,FUNCTIONING PROPERLY,CLOUDY/OVERCAST,"DARKNESS, LIGHTED ROAD",ANGLE,DIVIDED - W/MEDIAN BARRIER,"CURVE, LEVEL",DRY,NO DEFECTS,INJURY AND / OR TOW DUE TO CRASH,"OVER $1,500",DISREGARDING TRAFFIC SIGNALS,UNABLE TO DETERMINE,5458,S,WELLS ST,2,"REPORTED, NOT EVIDENT",1.0,0.0,0.0,0.0,1.0,1.0,0.0,19,2,9