CRASH_RECORD_ID,CRASH_DATE,POSTED_SPEED_LIMIT,TRAFFIC_CONTROL_DEVICE,DEVICE_CONDITION,WEATHER_CONDITION,LIGHTING_CONDITION,FIRST_CRASH_TYPE,TRAFFICWAY_TYPE,ALIGNMENT,ROADWAY_SURFACE_COND,ROAD_DEFECT,CRASH_TYPE,DAMAGE,PRIM_CONTRIBUTORY_CAUSE,SEC_CONTRIBUTORY_CAUSE,STREET_NO,STREET_DIRECTION,STREET_NAME,NUM_UNITS,MOST_SEVERE_INJURY,INJURIES_TOTAL,INJURIES_FATAL,INJURIES_INCAPACITATING,INJURIES_NON_INCAPACITATING,INJURIES_REPORTED_NOT_EVIDENT,INJURIES_NO_INDICATION,INJURIES_UNKNOWN,CRASH_HOUR,CRASH_DAY_OF_WEEK,CRASH_MONTH
c22939a89bf23394ef133007d3e754547156f2c56214fec73ae056a9131c4a840cc1806f1277aad70978fe7ac9226c4c2942181fae9a8656656f1ad4ceaade67,2018-04-04 07:45:00,30,NO CONTROLS,NO CONTROLS,SNOW,DAYLIGHT,PARKED MOTOR VEHICLE,NOT DIVIDED,STRAIGHT AND LEVEL,ICE,NO DEFECTS,NO INJURY / DRIVE AWAY,"OVER $1,500",UNABLE TO DETERMINE,UNABLE TO DETERMINE,6201,N,GREENVIEW AVE,2,NO INDICATION OF INJURY,0.0,0.0,0.0,0.0,0.0,1.0,0.0,7,4,4
66d8f9d6735ce3ce15facd0dce8d78cf57a7754ca68986576dfd27ba143cba73f08e8d1d76fe2bf769121d776e0d1548b3be10b548c36f703b6d1aeb303d829d,2022-08-29 12:42:00,30,NO CONTROLS,NO CONTROLS,CLEAR,DAYLIGHT,TURNING,NOT DIVIDED,STRAIGHT AND LEVEL,DRY,NO DEFECTS,NO INJURY / DRIVE AWAY,"OVER $1,500",UNABLE TO DETERMINE,UNABLE TO DETERMINE,3124,W,DEVON AVE,2,NO INDICATION OF INJURY,0.0,0.0,0.0,0.0,0.0,3.0,0.0,12,2,8
30c828aefbf45a83ab56b46ef67a0b6714310f417d6bea02634d94aa3fa1ea7ccd8fc1c96473b0acde3898bdb4208ba7b157de5419fc56c2bcad433f72b27191,2020-12-26 12:00:00,30,TRAFFIC SIGNAL,FUNCTIONING PROPERLY,CLEAR,DAYLIGHT,ANGLE,T-INTERSECTION,STRAIGHT AND LEVEL,DRY,NO DEFECTS,INJURY AND / OR TOW DUE TO CRASH,"OVER $1,500",DISREGARDING TRAFFIC SIGNALS,UNABLE TO DETERMINE,3706,W,79TH ST,2,NO INDICATION OF INJURY,0.0,0.0,0.0,0.0,0.0,2.0,0.0,12,7,12
0d910043dbc60d369baea0b569bec0dd8381fb787002654bc1d09eeba89d298b0f4e567c674dfe76160a62cea0a934576849396d109eb1b369cb696b6279b416,2019-10-17 02:30:00,30,TRAFFIC SIGNAL,FUNCTIONING PROPERLY,CLEAR,"DARKNESS, LIGHTED ROAD",SIDESWIPE SAME DIRECTION,DIVIDED - W/MEDIAN (NOT RAISED),STRAIGHT AND LEVEL,DRY,NO DEFECTS,NO INJURY / DRIVE AWAY,"OVER $1,500",FAILING TO YIELD RIGHT-OF-WAY,FAILING TO YIELD RIGHT-OF-WAY,8700,S,HOLLAND RD,2,NO INDICATION OF INJURY,0.0,0.0,0.0,0.0,0.0,3.0,0.0,2,5,10
120c65bb0fe8e9e1b3bac8648e2c2a13cbd630e27af67e5e2fd41767ef541e25acef475e4ff91f219cf29ad2c5cf3fec30cac60696b28afecfe04f2514a215a6,2022-06-19 03:05:00,30,NO CONTROLS,NO CONTROLS,CLEAR,DAYLIGHT,OTHER OBJECT,OTHER,STRAIGHT AND LEVEL,DRY,NO DEFECTS,NO INJURY / DRIVE AWAY,"OVER $1,500",UNABLE TO DETERMINE,UNABLE TO DETERMINE,6700,S,ASHLAND AVE,1,NO INDICATION OF INJURY,0.0,0.0,0.0,0.0,0.0,1.0,0.0,3,1,6
6df002f9633ad6f1cf5ca55ca0c530befe9b638cdca21eaae0b31c28896bac2735d510100c2d979061d9336952e2c055619d572a24c4d073e515425819975488,2024-01-09 15:09:00,30,TRAFFIC SIGNAL,FUNCTIONING PROPERLY,RAIN,DAYLIGHT,ANGLE,FOUR WAY,STRAIGHT AND LEVEL,WET,UNKNOWN,NO INJURY / DRIVE AWAY,"OVER $1,500",UNABLE TO DETERMINE,NOT APPLICABLE,7100,S,STONY ISLAND AVE,2,NO INDICATION OF INJURY,0.0,0.0,0.0,0.0,0.0,2.0,0.0,15,3,1
e764da30754980f1fb7a5170725e4f8d81d1b20d433155e6cd35cc54640141ab3b12c695298873b6a31e60f76c1abe2bbc4ffc53002c689bb644a9f3df1a219e,2022-04-26 14:45:00,30,NO CONTROLS,NO CONTROLS,CLEAR,DAYLIGHT,OTHER OBJECT,DIVIDED - W/MEDIAN BARRIER,STRAIGHT AND LEVEL,DRY,NO DEFECTS,NO INJURY / DRIVE AWAY,"OVER $1,500",UNABLE TO DETERMINE,NOT APPLICABLE,9434,S,HALSTED ST,1,NO INDICATION OF INJURY,0.0,0.0,0.0,0.0,0.0,1.0,0.0,14,3,4
b724ca636201e674e1c1a5d8f89ea07270f8866c3a14e3904ffd1c19cad243caf21ba57c506aa4a371345be3ad5582dc4f5594cd22b95d70c529ea941aa6c6bf,2023-05-25 11:50:00,20,NO CONTROLS,NO CONTROLS,CLEAR,DAYLIGHT,REAR END,PARKING LOT,STRAIGHT AND LEVEL,DRY,NO DEFECTS,NO INJURY / DRIVE AWAY,"OVER $1,500",DISTRACTION - FROM INSIDE VEHICLE,NOT APPLICABLE,4952,S,CICERO AVE,2,NO INDICATION OF INJURY,0.0,0.0,0.0,0.0,0.0,2.0,0.0,11,5,5
4b853cc9f58b2732dbcfb3f6840a5aaa0095f590f014d6457a677290152f5a4bc3be47cd0a005fc3bd4c2009be0fbfe04f2d4aeb541721dd43cf389a93983223,2021-08-06 12:23:00,30,NO CONTROLS,NO CONTROLS,CLEAR,DAYLIGHT,TURNING,ALLEY,STRAIGHT AND LEVEL,DRY,NO DEFECTS,NO INJURY / DRIVE AWAY,"$501 - $1,500",UNABLE TO DETERMINE,NOT APPLICABLE,941,W,CARMEN AVE,2,NO INDICATION OF INJURY,0.0,0.0,0.0,0.0,0.0,2.0,0.0,12,6,8
5d84cebfe325f4bb286bf4415ff2d5de96e55deba889a7707e8309fb8592b532bf7ff709e4f83ff5081af9cbd44291fed78b6eda91f7b136fa801c4c14934afd,2017-09-13 17:35:00,30,STOP SIGN/FLASHER,FUNCTIONING PROPERLY,CLEAR,DAYLIGHT,SIDESWIPE SAME DIRECTION,DIVIDED - W/MEDIAN (NOT RAISED),STRAIGHT AND LEVEL,DRY,NO DEFECTS,NO INJURY / DRIVE AWAY,"OVER $1,500",UNABLE TO DETERMINE,UNABLE TO DETERMINE,2221,N,WESTERN AVE,2,NO INDICATION OF INJURY,0.0,0.0,0.0,0.0,0.0,2.0,0.0,17,4,9
e1fb829b3fd586c8f682f253e3cc2a29b3aefc06684e3b2169c2eb0523b9e11ae3ceba6307273694e151616ba131d0330c78e2370a8bd941b1b2118c74d84d56,2020-09-24 17:30:00,30,TRAFFIC SIGNAL,FUNCTIONING PROPERLY,CLEAR,DAYLIGHT,ANGLE,DIVIDED - W/MEDIAN (NOT RAISED),STRAIGHT AND LEVEL,DRY,NO DEFECTS,INJURY AND / OR TOW DUE TO CRASH,"OVER $1,500",DISREGARDING TRAFFIC SIGNALS,UNABLE TO DETERMINE,600,S,INDEPENDENCE BLVD,2,NONINCAPACITATING INJURY,2.0,0.0,0.0,2.0,0.0,0.0,0.0,17,5,9
9807bafdb6b997ac4bfb8632a957891e2322db41f292756c19b0bb0a3c2bf6539c8abc08447aa3eb38400ee2b7d4f16f174e0dba57cfa659fa5f036addc01621,2016-09-20 09:00:00,30,NO CONTROLS,NO CONTROLS,CLEAR,DAYLIGHT,PARKED MOTOR VEHICLE,NOT DIVIDED,STRAIGHT AND LEVEL,DRY,NO DEFECTS,NO INJURY / DRIVE AWAY,"$501 - $1,500",FAILING TO REDUCE SPEED TO AVOID CRASH,NOT APPLICABLE,4744,W,FULLERTON AVE,2,NO INDICATION OF INJURY,0.0,0.0,0.0,0.0,0.0,1.0,0.0,9,3,9
d8f43685f9ba3f19e18003fe1dbd2fc853a057c0605aafbd2d3641accb000da94836cf53c4e4278a89ea75e9a85864d51b7b1b74bfa5418284ea15c81ae58a22,2021-07-15 15:30:00,30,NO CONTROLS,NO CONTROLS,CLEAR,DAYLIGHT,REAR END,NOT DIVIDED,STRAIGHT AND LEVEL,DRY,NO DEFECTS,NO INJURY / DRIVE AWAY,"$501 - $1,500",NOT APPLICABLE,NOT APPLICABLE,6700,S,JEFFERY BLVD,2,NO INDICATION OF INJURY,0.0,0.0,0.0,0.0,0.0,2.0,0.0,15,5,7
4e28053b0a0064bc8579071dcef33d05d4d2d7031797ae65dab47a2c7cdccda3275da7970c3a6a8c4924d8534ddf20babebffa00f559bb7556ea4ffc3fe9648c,2019-11-15 03:24:00,30,UNKNOWN,UNKNOWN,CLEAR,"DARKNESS, LIGHTED ROAD",PEDESTRIAN,NOT DIVIDED,STRAIGHT AND LEVEL,DRY,NO DEFECTS,INJURY AND / OR TOW DUE TO CRASH,"OVER $1,500",UNABLE TO DETERMINE,UNABLE TO DETERMINE,1747,N,PULASKI RD,2,INCAPACITATING INJURY,1.0,0.0,1.0,0.0,0.0,1.0,0.0,3,6,11
67bd347d474082ce7cc08faa0df7069449446811268d828065210a5274ebc5b1ff5d6e513027381d042e469287def51ffaa9eba63f1790deef0185e336aaa8ee,2022-10-08 01:30:00,30,TRAFFIC SIGNAL,FUNCTIONING PROPERLY,UNKNOWN,UNKNOWN,ANGLE,FOUR WAY,STRAIGHT AND LEVEL,UNKNOWN,UNKNOWN,NO INJURY / DRIVE AWAY,"OVER $1,500",CELL PHONE USE OTHER THAN TEXTING,NOT APPLICABLE,188,W,WASHINGTON ST,2,NO INDICATION OF INJURY,0.0,0.0,0.0,0.0,0.0,4.0,0.0,1,7,10
41db92eebe41c11061c8fe056ba7b80f1974320ad20374715e878374dd60353784907bfc8241439647040cab146abac4a608e386c3dd4e46d193ced63e169646,2021-12-30 23:10:00,30,TRAFFIC SIGNAL,FUNCTIONING PROPERLY,CLEAR,"DARKNESS, LIGHTED ROAD",FIXED OBJECT,T-INTERSECTION,STRAIGHT AND LEVEL,DRY,UNKNOWN,INJURY AND / OR TOW DUE TO CRASH,"OVER $1,500",UNABLE TO DETERMINE,UNABLE TO DETERMINE,4000,W,76TH ST,1,NO INDICATION OF INJURY,0.0,0.0,0.0,0.0,0.0,6.0,0.0,23,5,12
e711c1253d3df8eef3eb3d0b019634cdce883c59d3f253f66170e01ec7572048018653e35841a1111d43d7052f20becdd7b3d1446f2a16cd1e6982e383e39b23,2021-08-13 21:24:00,30,NO CONTROLS,NO CONTROLS,CLEAR,DUSK,REAR END,OTHER,STRAIGHT AND LEVEL,DRY,NO DEFECTS,NO INJURY / DRIVE AWAY,"OVER $1,500",UNABLE TO DETERMINE,UNABLE TO DETERMINE,222,W,LOWER WACKER DR,2,NO INDICATION OF INJURY,0.0,0.0,0.0,0.0,0.0,2.0,0.0,21,6,8
27610b7b5593c0008482be4e29c2953817a02d327a30f211355a59885f46cc9530da33250579193298302ab8aaf0f935ffb4125dfd48be67640f646d67505ade,2021-10-30 10:52:00,30,TRAFFIC SIGNAL,FUNCTIONING PROPERLY,RAIN,DAYLIGHT,SIDESWIPE SAME DIRECTION,FOUR WAY,STRAIGHT AND LEVEL,WET,NO DEFECTS,NO INJURY / DRIVE AWAY,"OVER $1,500",IMPROPER TURNING/NO SIGNAL,IMPROPER LANE USAGE,100,W,NORTH AVE,2,NO INDICATION OF INJURY,0.0,0.0,0.0,0.0,0.0,3.0,0.0,10,7,10
53e57104f1cd0d1507603fd8cee0f6712f7fd030c3e3825a809adc8098ad5cfe9cab631997f13ae9792bf791ae240f531fa026f36b167cab0c4a7a93a10f05ba,2023-09-21 13:00:00,30,NO CONTROLS,NO CONTROLS,CLEAR,DAYLIGHT,PARKED MOTOR VEHICLE,DRIVEWAY,STRAIGHT AND LEVEL,DRY,NO DEFECTS,NO INJURY / DRIVE AWAY,"OVER $1,500",IMPROPER BACKING,NOT APPLICABLE,1720,N,ELSTON AVE,2,NO INDICATION OF INJURY,0.0,0.0,0.0,0.0,0.0,1.0,0.0,13,5,9
64e9edec124a3def0f4a12eba1031006539ac886f1ecef1e05bc37f44e03a93840b6b315a25430371558a2a955884951d36af4282a18b018466d6ec5f83e8197,2021-09-11 22:07:00,30,TRAFFIC SIGNAL,FUNCTIONING PROPERLY,CLEAR,DUSK,TURNING,FOUR WAY,STRAIGHT AND LEVEL,DRY,NO DEFECTS,INJURY AND / OR TOW DUE TO CRASH,"OVER $1,500",UNABLE TO DETERMINE,NOT APPLICABLE,4801,N,WESTERN AVE,2,NO INDICATION OF INJURY,0.0,0.0,0.0,0.0,0.0,2.0,0.0,22,7,9
1fc815338e75db4c9f246e5a210905c7dd5c7e71b79df46b3516edb5f32c085ce52693f94aaa02c9e7be87e7076d790eb244390e9dd399870f5b951bbc31a342,2024-01-17 14:30:00,30,NO CONTROLS,NO CONTROLS,CLEAR,DAYLIGHT,PARKED MOTOR VEHICLE,PARKING LOT,STRAIGHT AND LEVEL,DRY,NO DEFECTS,NO INJURY / DRIVE AWAY,"OVER $1,500",UNABLE TO DETERMINE,UNABLE TO DETERMINE,136,W,71ST ST,2,NO INDICATION OF INJURY,0.0,0.0,0.0,0.0,0.0,1.0,0.0,14,4,1
78850a584bf5b05ea348a9df9f91e5af666e1a4619f01f6e9035f1313cbe90dac9428c84f458d96e04973a245b7a08d4482b0f64274dfae25af44b2c657a2493,2023-08-12 16:30:00,30,STOP SIGN/FLASHER,NO CONTROLS,UNKNOWN,UNKNOWN,PARKED MOTOR VEHICLE,FOUR WAY,STRAIGHT AND LEVEL,UNKNOWN,NO DEFECTS,NO INJURY / DRIVE AWAY,"$501 - $1,500",FAILING TO REDUCE SPEED TO AVOID CRASH,RELATED TO BUS STOP,954,W,GRACE ST,2,NO INDICATION OF INJURY,0.0,0.0,0.0,0.0,0.0,1.0,0.0,16,7,8
6afa82352542d2fa5440d979d65f7962371ffbd1bc4ccc2401919506a8b3246a2a98e9a90a366601f9b4f018a51c29406be8ec148a545e738245dc2ff2733037,2023-04-02 20:40:00,30,NO CONTROLS,NO CONTROLS,CLEAR,"DARKNESS, LIGHTED ROAD",SIDESWIPE SAME DIRECTION,ONE-WAY,STRAIGHT AND LEVEL,DRY,NO DEFECTS,NO INJURY / DRIVE AWAY,"$501 - $1,500","OPERATING VEHICLE IN ERRATIC, RECKLESS, CARELESS, NEGLIGENT OR AGGRESSIVE MANNER",NOT APPLICABLE,646,S,HOLDEN CT,2,NO INDICATION OF INJURY,0.0,0.0,0.0,0.0,0.0,2.0,0.0,20,1,4
30515aa79dbc34b237dba860a3e02dea126e979f5a0a2ceb56a5712b3eb9e305c2b7eb474141b4e806bf77066e4191761e1e8404edd037bf6756159230324a45,2018-08-02 17:30:00,30,NO CONTROLS,NO CONTROLS,CLEAR,DAYLIGHT,SIDESWIPE SAME DIRECTION,NOT DIVIDED,STRAIGHT AND LEVEL,DRY,NO DEFECTS,NO INJURY / DRIVE AWAY,"$501 - $1,500",UNABLE TO DETERMINE,UNABLE TO DETERMINE,2800,N,SHEFFIELD AVE,2,NO INDICATION OF INJURY,0.0,0.0,0.0,0.0,0.0,2.0,0.0,17,5,8
e001c6edb4aac8c855bb4c3360b05cd82a6616c4758ce00162bd92e9fab3caf738ccdfacc10e318bb451dd835cdf298d2f7be4d7b70cb8254e460e7fb86353ff,2020-06-02 18:30:00,20,NO CONTROLS,NO CONTROLS,CLEAR,DAYLIGHT,SIDESWIPE SAME DIRECTION,ONE-WAY,STRAIGHT AND LEVEL,DRY,NO DEFECTS,NO INJURY / DRIVE AWAY,"$501 - $1,500",FAILING TO YIELD RIGHT-OF-WAY,NOT APPLICABLE,6630,S,TALMAN AVE,2,NO INDICATION OF INJURY,0.0,0.0,0.0,0.0,0.0,2.0,0.0,18,3,6
e8fa9669fca4ab1ae0b65906c480675878b2ee8730f3464af33f1869a7182d3c5926348b2c201df1f37a73a3709f15799460c72546e7b1806eab20cdcf02865f,2021-12-28 09:10:00,30,UNKNOWN,UNKNOWN,CLEAR,DAYLIGHT,REAR END,DIVIDED - W/MEDIAN (NOT RAISED),STRAIGHT AND LEVEL,UNKNOWN,UNKNOWN,NO INJURY / DRIVE AWAY,"OVER $1,500",FOLLOWING TOO CLOSELY,FOLLOWING TOO CLOSELY,1602,W,BELMONT AVE,2,NO INDICATION OF INJURY,0.0,0.0,0.0,0.0,0.0,2.0,0.0,9,3,12
28bccdd37b01a9667fcdb5690aa1d30e867660d37fb1a632d845321c6805cda7a0131660f6717b1d9ce6cf5e9dc53ff1da88c74d91905428bba87b88d31e582b,2018-11-29 19:45:00,30,TRAFFIC SIGNAL,FUNCTIONING PROPERLY,CLEAR,"DARKNESS, LIGHTED ROAD",REAR END,NOT DIVIDED,STRAIGHT AND LEVEL,ICE,UNKNOWN,NO INJURY / DRIVE AWAY,"OVER $1,500",ROAD ENGINEERING/SURFACE/MARKING DEFECTS,WEATHER,11000,S,WENTWORTH AVE,2,NO INDICATION OF INJURY,0.0,0.0,0.0,0.0,0.0,2.0,0.0,19,5,11
93884039e0aaba8642d3bf79ad56be77ebc9849d35b1aafe4dc1556c148c931eb054bf0fc0baefcfa08acbb6444937d18d2289b72a11f00b4d3dd801a8c756d2,2019-04-02 15:30:00,15,NO CONTROLS,NO CONTROLS,CLEAR,DAYLIGHT,PARKED MOTOR VEHICLE,ALLEY,STRAIGHT AND LEVEL,DRY,NO DEFECTS,NO INJURY / DRIVE AWAY,"$501 - $1,500",FAILING TO YIELD RIGHT-OF-WAY,UNABLE TO DETERMINE,2152,N,LOCKWOOD AVE,2,NO INDICATION OF INJURY,0.0,0.0,0.0,0.0,0.0,1.0,0.0,15,3,4
dff8957e6b4d2ceb260d466fabce3b87780e2f4fdbdfb5e26c669ed0e5bd9aedbf0eed0c8829afd09c0c82d4691353ff3084e67eda7797efedbee0deb7a9c74b,2016-09-30 14:30:00,30,NO CONTROLS,NO CONTROLS,CLEAR,DAYLIGHT,SIDESWIPE OPPOSITE DIRECTION,NOT DIVIDED,STRAIGHT AND LEVEL,DRY,NO DEFECTS,NO INJURY / DRIVE AWAY,"OVER $1,500",NOT APPLICABLE,NOT APPLICABLE,4300,S,KEDZIE AVE,2,NO INDICATION OF INJURY,0.0,0.0,0.0,0.0,0.0,3.0,0.0,14,6,9
2bf19f1c07c9390be5c96474badfe7c17939abd3e2ee27f9e9a168f1792207c4da9a13cbb2aab2665f417d3ed0aba7d50562d41195d901217f77a46ef2bf052c,2020-08-12 17:00:00,30,TRAFFIC SIGNAL,FUNCTIONING PROPERLY,CLEAR,DAYLIGHT,PARKED MOTOR VEHICLE,ONE-WAY,STRAIGHT AND LEVEL,DRY,NO DEFECTS,INJURY AND / OR TOW DUE TO CRASH,"$501 - $1,500",UNABLE TO DETERMINE,NOT APPLICABLE,426,N,CLARK ST,2,NO INDICATION OF INJURY,0.0,0.0,0.0,0.0,0.0,1.0,0.0,17,4,8
a023914ddec2c534104a6ac438dedc912a356623fd4f7c51a24bb9ec459c919960b09bec37bad53ee459b16971e700ccee04520d74d83db805be50071033e4b6,2021-05-15 21:00:00,30,NO CONTROLS,NO CONTROLS,UNKNOWN,"DARKNESS, LIGHTED ROAD",REAR END,DIVIDED - W/MEDIAN (NOT RAISED),STRAIGHT AND LEVEL,UNKNOWN,NO DEFECTS,NO INJURY / DRIVE AWAY,"$501 - $1,500",FOLLOWING TOO CLOSELY,FAILING TO YIELD RIGHT-OF-WAY,3440,W,FULLERTON AVE,3,NO INDICATION OF INJURY,0.0,0.0,0.0,0.0,0.0,3.0,0.0,21,7,5
5444e06192620b1cf0f92aa97ca71b99d3d0e360ab912bfa9e4befe1fff0f493a19ca89f96b146350acfe2040aec3100fe1656ee71e52be02b0ddd6bff027be1,2022-06-20 22:00:00,25,NO CONTROLS,NO CONTROLS,CLEAR,"DARKNESS, LIGHTED ROAD",PARKED MOTOR VEHICLE,ONE-WAY,STRAIGHT AND LEVEL,DRY,NO DEFECTS,NO INJURY / DRIVE AWAY,"$501 - $1,500",DRIVING SKILLS/KNOWLEDGE/EXPERIENCE,IMPROPER BACKING,6022,N,FAIRFIELD AVE,2,NO INDICATION OF INJURY,0.0,0.0,0.0,0.0,0.0,1.0,0.0,22,2,6
c11afe26453aa968bd1cb43a242ff0b294dc14406063d4527f939ac641b922717e98bd19a44745c02ea361af3be2488c1caa52c54e9af6df7d0ad0aa4a55c43c,2021-08-16 13:20:00,30,STOP SIGN/FLASHER,OTHER,CLEAR,DAYLIGHT,TURNING,DIVIDED - W/MEDIAN (NOT RAISED),STRAIGHT AND LEVEL,DRY,NO DEFECTS,NO INJURY / DRIVE AWAY,"$501 - $1,500",FAILING TO YIELD RIGHT-OF-WAY,IMPROPER TURNING/NO SIGNAL,2746,N,CLYBOURN AVE,2,NO INDICATION OF INJURY,0.0,0.0,0.0,0.0,0.0,3.0,0.0,13,2,8
1d84f1542bc94bb2f01e773e7b86f36bf37bc6f3a936ac6791d90278f431c793b3dd5c6c5173fe40ff524eb6a619a279a79234a6ad9e20fec3f63bc05b543e85,2017-07-01 09:30:00,5,NO CONTROLS,NO CONTROLS,CLEAR,DAYLIGHT,ANGLE,PARKING LOT,STRAIGHT AND LEVEL,DRY,NO DEFECTS,NO INJURY / DRIVE AWAY,"OVER $1,500",UNABLE TO DETERMINE,UNABLE TO DETERMINE,3445,S,RHODES AVE,2,NO INDICATION OF INJURY,0.0,0.0,0.0,0.0,0.0,4.0,0.0,9,7,7
663a53727b2cfbaa0e6f35f06261b202c7c011c6ee9f33f6fdb681c7c4b8691181d179cdbad906a8c150c2054441e9899870526bc84230c0054e9e27db4c8817,2022-12-30 13:50:00,35,OTHER,FUNCTIONING PROPERLY,UNKNOWN,UNKNOWN,PARKED MOTOR VEHICLE,NOT DIVIDED,STRAIGHT AND LEVEL,UNKNOWN,NO DEFECTS,NO INJURY / DRIVE AWAY,$500 OR LESS,IMPROPER OVERTAKING/PASSING,UNABLE TO DETERMINE,100,E,CERMAK RD,2,NO INDICATION OF INJURY,0.0,0.0,0.0,0.0,0.0,1.0,0.0,13,6,12
861e668c7723f9def269041e41355ae52290f73fa3eb20a21d753baa0740f9b75df5197e299b04fa1ffc9d3f17d6d036a2ed538270aab2a217152660e0b1d646,2021-05-25 17:30:00,30,NO CONTROLS,NO CONTROLS,CLEAR,DAYLIGHT,PARKED MOTOR VEHICLE,NOT DIVIDED,STRAIGHT AND LEVEL,DRY,NO DEFECTS,NO INJURY / DRIVE AWAY,"OVER $1,500",UNABLE TO DETERMINE,NOT APPLICABLE,5220,W,WAVELAND AVE,2,NO INDICATION OF INJURY,0.0,0.0,0.0,0.0,0.0,1.0,0.0,17,3,5
8bc339887aabc04f8efb12ad5cb8a4aa662526dd78eaf6c58aca5274d66e4881b9b10ee8bd97da00ad0dd32189088d913ba97117ecc87431142794bfa8c6c5e9,2022-09-04 13:45:00,30,UNKNOWN,UNKNOWN,CLEAR,DAYLIGHT,SIDESWIPE SAME DIRECTION,DIVIDED - W/MEDIAN BARRIER,STRAIGHT AND LEVEL,UNKNOWN,UNKNOWN,NO INJURY / DRIVE AWAY,"OVER $1,500",UNABLE TO DETERMINE,UNABLE TO DETERMINE,2,N,MICHIGAN AVE,2,NO INDICATION OF INJURY,0.0,0.0,0.0,0.0,0.0,3.0,0.0,13,1,9
ac044bb089fc658dfa14ea970bb910614d353a802e90b3a953ed149d33fbe2e1173b1c00dc2d7a2ad1cf2f4bcfc0f2b6be8fce0dcf2d208fec771291650bcd62,2017-02-05 22:00:00,30,NO CONTROLS,NO CONTROLS,CLEAR,DARKNESS,PARKED MOTOR VEHICLE,NOT DIVIDED,STRAIGHT AND LEVEL,DRY,NO DEFECTS,NO INJURY / DRIVE AWAY,"$501 - $1,500",IMPROPER BACKING,IMPROPER BACKING,10838,S,TRUMBULL AVE,2,NO INDICATION OF INJURY,0.0,0.0,0.0,0.0,0.0,1.0,0.0,22,1,2
b71ea51bf4656015917654b2aebb478465b2c238f1da445e9d7cc71baf0cdf8e0371b8267849b046627c7ab0455b56ed56a8364028eb37da3c816de6a69271dd,2022-10-06 16:55:00,30,NO CONTROLS,NO CONTROLS,RAIN,DAYLIGHT,SIDESWIPE SAME DIRECTION,NOT DIVIDED,STRAIGHT AND LEVEL,WET,NO DEFECTS,NO INJURY / DRIVE AWAY,"$501 - $1,500",NOT APPLICABLE,NOT APPLICABLE,5806,N,BROADWAY,2,NO INDICATION OF INJURY,0.0,0.0,0.0,0.0,0.0,2.0,0.0,16,5,10
2cb1577890f2403b827bdfa777167505c6435149dce634f93757009dad517b4abc51503ff8d1a398b666b510d2010b52c276f029f29864226373cba4e65b13e5,2024-03-02 02:00:00,30,TRAFFIC SIGNAL,FUNCTIONING PROPERLY,CLEAR,"DARKNESS, LIGHTED ROAD",REAR TO FRONT,T-INTERSECTION,STRAIGHT AND LEVEL,DRY,NO DEFECTS,NO INJURY / DRIVE AWAY,"OVER $1,500",UNABLE TO DETERMINE,NOT APPLICABLE,1631,W,ARMITAGE AVE,2,NO INDICATION OF INJURY,0.0,0.0,0.0,0.0,0.0,2.0,0.0,2,7,3
45651dbbd0d4fecac8202ee7a843dd2437da7a4c70fd1220736fc86696ea73e959ece089bacfb51e633f04353ec5fd71fbdfa3a81b18eb490e3d9bf3db8c0ece,2019-08-01 12:50:00,10,NO CONTROLS,NO CONTROLS,CLEAR,DAYLIGHT,REAR TO SIDE,OTHER,STRAIGHT AND LEVEL,DRY,NO DEFECTS,NO INJURY / DRIVE AWAY,"$501 - $1,500",UNABLE TO DETERMINE,UNABLE TO DETERMINE,5663,S,ARCHER AVE,2,NO INDICATION OF INJURY,0.0,0.0,0.0,0.0,0.0,2.0,0.0,12,5,8
69f7925d203f08f77a29a64e8c6ef53440e8f4f1c7bb4e8c8ae0f2d0d78f98a45726efdf76f37592793e7f3e0231c43d263d9ab47787af41b63dd1a4a02a8207,2020-01-13 22:00:00,25,NO CONTROLS,NO CONTROLS,UNKNOWN,UNKNOWN,PARKED MOTOR VEHICLE,ONE-WAY,STRAIGHT AND LEVEL,UNKNOWN,NO DEFECTS,NO INJURY / DRIVE AWAY,"OVER $1,500",UNABLE TO DETERMINE,NOT APPLICABLE,7620,S,ESSEX AVE,2,NO INDICATION OF INJURY,0.0,0.0,0.0,0.0,0.0,1.0,0.0,22,2,1
08b782389bddb44a706ce467d3b77f04d0e5fc7c166622485f377b23f88183378b6b905fc4453abe4beb12157f5b00b4dccc08fa602c9a006ce87801c6726b5d,2021-11-01 11:30:00,30,TRAFFIC SIGNAL,FUNCTIONING PROPERLY,CLEAR,DAYLIGHT,SIDESWIPE SAME DIRECTION,NOT DIVIDED,STRAIGHT AND LEVEL,DRY,NO DEFECTS,NO INJURY / DRIVE AWAY,"OVER $1,500",IMPROPER OVERTAKING/PASSING,NOT APPLICABLE,5709,N,CENTRAL AVE,2,NO INDICATION OF INJURY,0.0,0.0,0.0,0.0,0.0,3.0,0.0,11,2,11
a792b9fa466e494bec6d925eb09e2619463c5dbe477d18611d77112fc3f1063d9b050c80afc2ac1425c27d735c28edd9c4985d5b63949130486543b33ea58484,2019-08-01 16:30:00,30,NO CONTROLS,NO CONTROLS,CLEAR,DAYLIGHT,REAR END,DIVIDED - W/MEDIAN (NOT RAISED),STRAIGHT AND LEVEL,DRY,NO DEFECTS,NO INJURY / DRIVE AWAY,"$501 - $1,500",FOLLOWING TOO CLOSELY,UNABLE TO DETERMINE,3201,N,OAK PARK AVE,2,NO INDICATION OF INJURY,0.0,0.0,0.0,0.0,0.0,2.0,0.0,16,5,8