CRASH_RECORD_ID,CRASH_DATE,POSTED_SPEED_LIMIT,TRAFFIC_CONTROL_DEVICE,DEVICE_CONDITION,WEATHER_CONDITION,LIGHTING_CONDITION,FIRST_CRASH_TYPE,TRAFFICWAY_TYPE,ALIGNMENT,ROADWAY_SURFACE_COND,ROAD_DEFECT,CRASH_TYPE,DAMAGE,PRIM_CONTRIBUTORY_CAUSE,SEC_CONTRIBUTORY_CAUSE,STREET_NO,STREET_DIRECTION,STREET_NAME,NUM_UNITS,MOST_SEVERE_INJURY,INJURIES_TOTAL,INJURIES_FATAL,INJURIES_INCAPACITATING,INJURIES_NON_INCAPACITATING,INJURIES_REPORTED_NOT_EVIDENT,INJURIES_NO_INDICATION,INJURIES_UNKNOWN,CRASH_HOUR,CRASH_DAY_OF_WEEK,CRASH_MONTH
e722a0e6a3b7ee92104082ca0bf05cb9d336bfc9733f8fef18ccedac45d82f9d96be6734764a6e1b38dde17d542571123477636faaf479f20ed9d092d77ea673,2021-07-01 19:10:00,40,NO CONTROLS,NO CONTROLS,CLEAR,DAYLIGHT,SIDESWIPE SAME DIRECTION,DIVIDED - W/MEDIAN BARRIER,STRAIGHT AND LEVEL,DRY,NO DEFECTS,NO INJURY / DRIVE AWAY,"OVER $1,500",FAILING TO YIELD RIGHT-OF-WAY,NOT APPLICABLE,3100,N,LAKE SHORE DR SB,2,NO INDICATION OF INJURY,0.0,0.0,0.0,0.0,0.0,2.0,0.0,19,5,7
3dac0e47b38d5b5cd01b2a14f14df6edd20a771c93764ec93fa7aedb900f598cef782515bb7e455bd2868a860442ad312766183025c4f3b448c70850370d8d16,2020-07-24 15:00:00,30,NO CONTROLS,NO CONTROLS,CLEAR,DAYLIGHT,REAR END,FOUR WAY,STRAIGHT AND LEVEL,DRY,NO DEFECTS,NO INJURY / DRIVE AWAY,$500 OR LESS,FOLLOWING TOO CLOSELY,DISTRACTION - FROM INSIDE VEHICLE,629,N,ASHLAND AVE,2,NO INDICATION OF INJURY,0.0,0.0,0.0,0.0,0.0,2.0,0.0,15,6,7
91c8990f433a341e28e4a95f57598a246d1757e1532ae17b6dc9f2915a0c8b28eefed128b97b0716d44598476ed7875943ce315c2624efd8e3368d010d766aba,2022-01-13 08:13:00,30,NO CONTROLS,NO CONTROLS,CLEAR,DAYLIGHT,PARKED MOTOR VEHICLE,PARKING LOT,STRAIGHT AND LEVEL,DRY,NO DEFECTS,NO INJURY / DRIVE AWAY,"OVER $1,500",UNABLE TO DETERMINE,NOT APPLICABLE,7355,S,JEFFERY BLVD,2,NO INDICATION OF INJURY,0.0,0.0,0.0,0.0,0.0,1.0,0.0,8,5,1
14a21459326947a126767d93939684e0ed81dabf0d79d71818ecd079a72f0dd7d9ec85a7819e07b767d42b86f705874b39a6c4f7cab4f706edf7c76a1ef262ec,2023-05-25 18:30:00,25,NO CONTROLS,NO CONTROLS,CLEAR,DAYLIGHT,PARKED MOTOR VEHICLE,NOT DIVIDED,STRAIGHT AND LEVEL,DRY,NO DEFECTS,NO INJURY / DRIVE AWAY,"OVER $1,500",UNABLE TO DETERMINE,NOT APPLICABLE,1343,S,CENTRAL PARK AVE,2,NO INDICATION OF INJURY,0.0,0.0,0.0,0.0,0.0,1.0,0.0,18,5,5
ee13acdf81f622138142a61ebd44bcaa18677a7bbe4c689c3384525c063c55a75980d6f4cd43f57995458ce8bf3c1a6caf208f86fda092629dc8afbfd473e358,2017-07-15 16:00:00,30,NO CONTROLS,NO CONTROLS,CLEAR,DAYLIGHT,PARKED MOTOR VEHICLE,PARKING LOT,STRAIGHT AND LEVEL,DRY,NO DEFECTS,NO INJURY / DRIVE AWAY,"$501 - $1,500",UNABLE TO DETERMINE,NOT APPLICABLE,1300,S,CLINTON ST,2,NO INDICATION OF INJURY,0.0,0.0,0.0,0.0,0.0,1.0,0.0,16,7,7
c903fb3dbb24e20581dd50de39dfcb21b36921c9c1ac069683ef756b739d7f1c0cf3ec409ff3a54ef2b711bd46f14ae431577b6cd193000bd6851d5735e56a6a,2020-12-22 13:15:00,30,NO CONTROLS,NO CONTROLS,CLEAR,DAYLIGHT,REAR END,DIVIDED - W/MEDIAN (NOT RAISED),STRAIGHT AND LEVEL,DRY,NO DEFECTS,NO INJURY / DRIVE AWAY,"$501 - $1,500",FAILING TO YIELD RIGHT-OF-WAY,NOT APPLICABLE,6100,N,CALDWELL AVE,2,NO INDICATION OF INJURY,0.0,0.0,0.0,0.0,0.0,2.0,0.0,13,3,12
465de99c566ef4af9965e61f58241443f4c46202dd973c3982fe45795bdaaf110650b8ceed905fe33f83d79f2e08713f6ccf7d4982175ca073c9d69d4b1da96f,2021-02-06 13:05:00,30,STOP SIGN/FLASHER,FUNCTIONING PROPERLY,SNOW,DAYLIGHT,REAR END,NOT DIVIDED,STRAIGHT AND LEVEL,ICE,NO DEFECTS,NO INJURY / DRIVE AWAY,"OVER $1,500",WEATHER,NOT APPLICABLE,4299,W,WABANSIA AVE,2,NO INDICATION OF INJURY,0.0,0.0,0.0,0.0,0.0,3.0,0.0,13,7,2
79fb6f18db40d6a08a60417220c628fea8ebbbb46135a0dbc864b3829ce34d5521a87409c3c802de0d5ba6fccb0fcef94e25548a679360ce93bc70a6c01725d3,2018-08-07 15:30:00,35,STOP SIGN/FLASHER,FUNCTIONING PROPERLY,RAIN,DAYLIGHT,REAR END,NOT DIVIDED,STRAIGHT AND LEVEL,WET,NO DEFECTS,NO INJURY / DRIVE AWAY,$500 OR LESS,FAILING TO REDUCE SPEED TO AVOID CRASH,WEATHER,6700,S,DR MARTIN LUTHER KING JR DR,2,NO INDICATION OF INJURY,0.0,0.0,0.0,0.0,0.0,4.0,0.0,15,3,8
2f619d434be803c99b875f1c2416ebcce046b4796c3dc084f675ef8cdb3606d3a8afdd1c3070cacee274411a2c45f2c4b24da88c216c851a63c7a918b12308bd,2020-02-10 15:10:00,30,UNKNOWN,NO CONTROLS,CLEAR,DAYLIGHT,REAR END,NOT DIVIDED,STRAIGHT AND LEVEL,DRY,UNKNOWN,NO INJURY / DRIVE AWAY,"OVER $1,500",UNABLE TO DETERMINE,NOT APPLICABLE,6300,N,MC CORMICK RD,2,NO INDICATION OF INJURY,0.0,0.0,0.0,0.0,0.0,2.0,0.0,15,2,2
5aceeff690d12ef8e816565ea4b5d891e036f213702b21882b124d4365fba26247610b496a41054a918a34dd263e1b0e56c05df1504490581f56e6692f16ec21,2019-02-01 10:01:00,30,TRAFFIC SIGNAL,FUNCTIONING PROPERLY,CLEAR,DAYLIGHT,REAR END,NOT DIVIDED,STRAIGHT AND LEVEL,DRY,NO DEFECTS,NO INJURY / DRIVE AWAY,"$501 - $1,500",FOLLOWING TOO CLOSELY,FAILING TO REDUCE SPEED TO AVOID CRASH,958,N,CENTRAL AVE,2,NO INDICATION OF INJURY,0.0,0.0,0.0,0.0,0.0,2.0,0.0,10,6,2
f93b503474463efa75741e0738a0eee81b63364156cf562e97cd69a6ef5c42a3ff0072cae00305ce46dc8e9d8381bf6326ad2eaed21cb22e4aaa69a45825870a,2023-12-14 17:45:00,25,NO CONTROLS,NO CONTROLS,CLEAR,DAYLIGHT,SIDESWIPE SAME DIRECTION,NOT DIVIDED,STRAIGHT ON GRADE,DRY,NO DEFECTS,NO INJURY / DRIVE AWAY,"$501 - $1,500",IMPROPER OVERTAKING/PASSING,IMPROPER OVERTAKING/PASSING,3200,W,79TH ST,2,NO INDICATION OF INJURY,0.0,0.0,0.0,0.0,0.0,2.0,0.0,17,5,12
63e43655d778a9eb77fdb4b8199be0a4f37920396149adaa34cae8dcf306cc7a1b168e92187c359df6f996b20611bc833683e88378c85f0555946cc29e12e330,2019-08-08 21:36:00,30,UNKNOWN,UNKNOWN,CLEAR,"DARKNESS, LIGHTED ROAD",PARKED MOTOR VEHICLE,NOT DIVIDED,STRAIGHT AND LEVEL,DRY,UNKNOWN,NO INJURY / DRIVE AWAY,"OVER $1,500",UNABLE TO DETERMINE,NOT APPLICABLE,5353,W,IRVING PARK RD,2,NO INDICATION OF INJURY,0.0,0.0,0.0,0.0,0.0,1.0,0.0,21,5,8
d4c31b6fec3ca1ef150aa28f720b86a97de105270d067fe6184a5e9a09e11a8766892c1ee31dbb5328f8beef59d19b340fa7d62195e9c1f7a1b9eaf8715880a1,2021-01-08 10:50:00,30,STOP SIGN/FLASHER,FUNCTIONING PROPERLY,CLEAR,DAYLIGHT,ANGLE,FOUR WAY,STRAIGHT AND LEVEL,DRY,NO DEFECTS,INJURY AND / OR TOW DUE TO CRASH,"OVER $1,500",DISREGARDING STOP SIGN,NOT APPLICABLE,5802,S,HONORE ST,2,"REPORTED, NOT EVIDENT",2.0,0.0,0.0,0.0,2.0,1.0,0.0,10,6,1
0b48daab4cee3613ece4fd6a8bfafd2509345c1cbb819648cccd12b783de98e4b00037388141ac1383319a881c3a2942cf2ae07393250b095852cb18fb0bf2b9,2023-01-05 14:20:00,30,STOP SIGN/FLASHER,FUNCTIONING PROPERLY,CLOUDY/OVERCAST,DAYLIGHT,SIDESWIPE SAME DIRECTION,ONE-WAY,STRAIGHT AND LEVEL,OTHER,UNKNOWN,NO INJURY / DRIVE AWAY,"$501 - $1,500",IMPROPER OVERTAKING/PASSING,UNABLE TO DETERMINE,506,W,OAKDALE AVE,2,NO INDICATION OF INJURY,0.0,0.0,0.0,0.0,0.0,2.0,0.0,14,5,1
fcd74f0897f5b7e0c9fe7ef047139693fe16425191f0ace9080f97b60d3b73cb4a3734877582e8b4f810caeb0b1071355bf60c93d203cc1cc74575b1d4b5f841,2020-08-17 10:25:00,35,TRAFFIC SIGNAL,UNKNOWN,CLEAR,DAYLIGHT,REAR END,"FIVE POINT, OR MORE",STRAIGHT AND LEVEL,DRY,UNKNOWN,INJURY AND / OR TOW DUE TO CRASH,"OVER $1,500",FOLLOWING TOO CLOSELY,NOT APPLICABLE,8700,S,STONY ISLAND AVE,2,"REPORTED, NOT EVIDENT",1.0,0.0,0.0,0.0,1.0,1.0,0.0,10,2,8
04b5058c015886ccf77fbf6ce57954c0e3d9f959dd9c9b95a2095edeea71fe2b4b39a095ff9e509d5c2888eeb107d35777cdcc22f748b699bd4668ba4851d94b,2020-01-30 12:40:00,30,NO CONTROLS,NO CONTROLS,CLOUDY/OVERCAST,DAYLIGHT,PARKED MOTOR VEHICLE,DIVIDED - W/MEDIAN BARRIER,STRAIGHT AND LEVEL,DRY,NO DEFECTS,NO INJURY / DRIVE AWAY,"OVER $1,500",UNABLE TO DETERMINE,NOT APPLICABLE,1305,W,95TH ST,2,NO INDICATION OF INJURY,0.0,0.0,0.0,0.0,0.0,1.0,0.0,12,5,1
bc2bc23571cf5987666a21cec091c2220488d2418a5c94f607f4ddde1c44233aa0ce1681acdaac24faa0fca59a4be7ea62928a835523b9500927694031223d0a,2020-03-04 18:05:00,30,STOP SIGN/FLASHER,FUNCTIONING PROPERLY,CLEAR,"DARKNESS, LIGHTED ROAD",TURNING,NOT DIVIDED,STRAIGHT AND LEVEL,DRY,NO DEFECTS,INJURY AND / OR TOW DUE TO CRASH,"OVER $1,500",FAILING TO YIELD RIGHT-OF-WAY,DRIVING SKILLS/KNOWLEDGE/EXPERIENCE,251,E,SOUTH WATER ST,2,NONINCAPACITATING INJURY,1.0,0.0,0.0,1.0,0.0,1.0,0.0,18,4,3
52608e44d88aa62c124321d8484b1a1d59db6c90b3ebadfdec3e4c45604854bc5e76fb03e50ed53e5c9d09a21407116bdc988796e12a4e9aed9399d417c9ed9a,2018-04-23 11:55:00,35,NO CONTROLS,NO CONTROLS,CLEAR,DAYLIGHT,REAR END,DIVIDED - W/MEDIAN (NOT RAISED),STRAIGHT AND LEVEL,DRY,NO DEFECTS,NO INJURY / DRIVE AWAY,"OVER $1,500",UNABLE TO DETERMINE,NOT APPLICABLE,4658,S,CALIFORNIA AVE,2,NO INDICATION OF INJURY,0.0,0.0,0.0,0.0,0.0,2.0,0.0,11,2,4
b8f36c47a8758ffb608729ae988cd16bfffe4d27560894b33b6247381b856b595055b9efda439de3520e1ad03df740bee3ab033b6eba87c74cd2c72dd8bbca54,2022-09-03 19:00:00,10,NO CONTROLS,NO CONTROLS,CLOUDY/OVERCAST,DAYLIGHT,PARKED MOTOR VEHICLE,OTHER,STRAIGHT AND LEVEL,UNKNOWN,UNKNOWN,NO INJURY / DRIVE AWAY,"$501 - $1,500",DRIVING SKILLS/KNOWLEDGE/EXPERIENCE,UNABLE TO DETERMINE,801,W,ADDISON ST,2,NO INDICATION OF INJURY,0.0,0.0,0.0,0.0,0.0,2.0,0.0,19,7,9
f279831a03cff63a8c699ce0017cb5206fa3b49c846801ffa36754b843b116cf4e3de804c00b2295206ff2599afc279c1f407df8103c849816074a75c9895047,2018-08-29 11:35:00,15,NO CONTROLS,NO CONTROLS,RAIN,DAYLIGHT,FIXED OBJECT,PARKING LOT,STRAIGHT AND LEVEL,WET,NO DEFECTS,NO INJURY / DRIVE AWAY,"OVER $1,500",IMPROPER BACKING,UNABLE TO DETERMINE,112,W,87TH ST,2,NO INDICATION OF INJURY,0.0,0.0,0.0,0.0,0.0,2.0,0.0,11,4,8
8b5f414d866af7aeae50835fff351b7f5960323338a11ebf07b8509021ccc1a273f1aa9e0b64b0151289aac72e082642c1f03f2000228c6b149a7c9b690e5abf,2023-03-11 13:00:00,30,NO CONTROLS,NO CONTROLS,CLEAR,UNKNOWN,OTHER OBJECT,DIVIDED - W/MEDIAN (NOT RAISED),STRAIGHT AND LEVEL,DRY,"RUT, HOLES",NO INJURY / DRIVE AWAY,"OVER $1,500",ROAD ENGINEERING/SURFACE/MARKING DEFECTS,NOT APPLICABLE,303,E,WACKER DR,1,NO INDICATION OF INJURY,0.0,0.0,0.0,0.0,0.0,1.0,0.0,13,7,3
cb78830b99d232f11ac718445d6e22c652bb0c2fcdbef3e96972ba65806fcad4ad19ee6ad38c2dcac7772d38b163dfe1a54dc50ce291455d28a24ff2586e3438,2023-09-11 16:17:00,20,NO CONTROLS,NO CONTROLS,RAIN,DAYLIGHT,TURNING,FOUR WAY,STRAIGHT AND LEVEL,WET,NO DEFECTS,NO INJURY / DRIVE AWAY,"OVER $1,500",UNABLE TO DETERMINE,NOT APPLICABLE,3454,N,ASHLAND AVE,2,NO INDICATION OF INJURY,0.0,0.0,0.0,0.0,0.0,2.0,0.0,16,2,9
47e7d4ea0dee4c094e753cefd8e00452139adc76daccf77d1a7256cd560ed1a4bcec63ee8516e9a8965ba305e7ff0d6255f3512f51600c3030a77b50348c7eac,2023-07-28 13:20:00,30,NO CONTROLS,NO CONTROLS,CLEAR,DAYLIGHT,REAR END,NOT DIVIDED,STRAIGHT AND LEVEL,DRY,NO DEFECTS,NO INJURY / DRIVE AWAY,"OVER $1,500",HAD BEEN DRINKING (USE WHEN ARREST IS NOT MADE),FAILING TO REDUCE SPEED TO AVOID CRASH,4445,W,PETERSON AVE,2,NO INDICATION OF INJURY,0.0,0.0,0.0,0.0,0.0,2.0,0.0,13,6,7
44f94545a73b39119e5591287bf836998dc42cefbe50a6816121122704708fa69d12607bffa4afd2985c7f8aa6fe13b0cdc9673839f3637aaa13c69cdfea9a4a,2023-05-26 19:00:00,30,NO CONTROLS,NO CONTROLS,CLEAR,DUSK,REAR END,DIVIDED - W/MEDIAN (NOT RAISED),STRAIGHT AND LEVEL,DRY,NO DEFECTS,NO INJURY / DRIVE AWAY,"OVER $1,500",UNABLE TO DETERMINE,NOT APPLICABLE,301,S,COLUMBUS DR,2,NO INDICATION OF INJURY,0.0,0.0,0.0,0.0,0.0,2.0,0.0,19,6,5
52bf9b8f897b0f08046c2fe91906b2055f3f2ea6a7ffa58dabe6cba04740bd76a3bba40ea3685966ac60ef9a78a47aee7285cbfc70302e720bd932b5ac2f709b,2023-03-22 16:20:00,30,NO CONTROLS,NO CONTROLS,CLEAR,DAYLIGHT,SIDESWIPE SAME DIRECTION,NOT DIVIDED,STRAIGHT AND LEVEL,DRY,NO DEFECTS,NO INJURY / DRIVE AWAY,"$501 - $1,500",UNABLE TO DETERMINE,UNABLE TO DETERMINE,4500,S,MICHIGAN AVE,2,NO INDICATION OF INJURY,0.0,0.0,0.0,0.0,0.0,2.0,0.0,16,4,3
9e77473fed626f609a82023e2b9e099eb7e3d257f2202c09a43365def193f5291e0f49cfa4d2fbf12cde5a2940ecb2ceae8362abc629ee1fcf9e94b39b07fb58,2017-06-19 11:30:00,30,STOP SIGN/FLASHER,FUNCTIONING PROPERLY,CLEAR,DAYLIGHT,TURNING,NOT DIVIDED,STRAIGHT AND LEVEL,DRY,UNKNOWN,NO INJURY / DRIVE AWAY,"OVER $1,500",IMPROPER TURNING/NO SIGNAL,"DISTRACTION - OTHER ELECTRONIC DEVICE (NAVIGATION DEVICE, DVD PLAYER, ETC.)",701,N,LARAMIE AVE,2,NO INDICATION OF INJURY,0.0,0.0,0.0,0.0,0.0,2.0,0.0,11,2,6
de5d1b9b2c0416c4f4ddd64c85c8d5554308c06c49b80ba2d1d250e81ebe8f6c16fe719acbd99c15b8e5696e1f1b9a993c187452f025cc87e53538ab5249d6e9,2020-07-30 10:35:00,35,STOP SIGN/FLASHER,FUNCTIONING PROPERLY,CLEAR,DAYLIGHT,REAR END,NOT DIVIDED,STRAIGHT AND LEVEL,DRY,NO DEFECTS,NO INJURY / DRIVE AWAY,"OVER $1,500",NOT APPLICABLE,NOT APPLICABLE,3457,W,31ST ST,2,NO INDICATION OF INJURY,0.0,0.0,0.0,0.0,0.0,3.0,0.0,10,5,7
7292dc6b93bc859cf34433fa21365e0d39053b054f41cbeada5273827c66fd910eca46d78478d804e09eba1c3a0157148a7c8c14583d65c8a9b3a35fa3224fe8,2018-12-30 21:30:00,30,NO CONTROLS,NO CONTROLS,CLEAR,"DARKNESS, LIGHTED ROAD",PARKED MOTOR VEHICLE,NOT DIVIDED,STRAIGHT AND LEVEL,DRY,NO DEFECTS,NO INJURY / DRIVE AWAY,"$501 - $1,500",UNABLE TO DETERMINE,UNABLE TO DETERMINE,310,N,CENTRAL AVE,2,NO INDICATION OF INJURY,0.0,0.0,0.0,0.0,0.0,1.0,0.0,21,1,12
798c26015dfd3948262f563c56face7ad2c3054e59a1acc0b992247c4e16b7e3a5233a16f6b317a8a872544099544867969c4858b973a36c478e1a8982054829,2023-02-10 15:30:00,30,NO CONTROLS,NO CONTROLS,CLEAR,DAYLIGHT,PARKED MOTOR VEHICLE,NOT DIVIDED,STRAIGHT AND LEVEL,DRY,NO DEFECTS,NO INJURY / DRIVE AWAY,"$501 - $1,500",UNABLE TO DETERMINE,NOT APPLICABLE,5015,S,HOYNE AVE,2,NO INDICATION OF INJURY,0.0,0.0,0.0,0.0,0.0,2.0,0.0,15,6,2
05fed501056b62024869d30c7ed3316838ef5d911236c33b173d931968ea9750bc8d5a3791533ecbb55e3a79367545dcc268ab6cde7d4d7f832a91a83ea8bd04,2021-06-05 10:30:00,30,TRAFFIC SIGNAL,FUNCTIONING PROPERLY,CLEAR,DAYLIGHT,FIXED OBJECT,NOT DIVIDED,STRAIGHT AND LEVEL,DRY,NO DEFECTS,NO INJURY / DRIVE AWAY,"OVER $1,500",DRIVING SKILLS/KNOWLEDGE/EXPERIENCE,UNABLE TO DETERMINE,516,N,HALSTED ST,1,NO INDICATION OF INJURY,0.0,0.0,0.0,0.0,0.0,1.0,0.0,10,7,6
d8fd0c266cfce445519cdf5b52ddc0c907c3c31254faa80ebc79e68bd80fa05e1dcc01e6f4b2c83ff54b23488d2007bb69c6d42a7273163e64eb88231266f104,2021-05-30 19:30:00,25,TRAFFIC SIGNAL,FUNCTIONING PROPERLY,CLEAR,DAYLIGHT,REAR END,NOT DIVIDED,STRAIGHT AND LEVEL,DRY,NO DEFECTS,NO INJURY / DRIVE AWAY,"OVER $1,500",UNABLE TO DETERMINE,UNABLE TO DETERMINE,300,N,HOMAN AVE,2,NO INDICATION OF INJURY,0.0,0.0,0.0,0.0,0.0,4.0,0.0,19,1,5
91e457497a5e573eb599c5eddb4a0d047df21ade7b41f415e9e1d00567e0dbbaa63762f5c550c8f0e7da486d4fab46b8cedc102ccc14da9efb7ebb56948a16a2,2023-11-12 23:00:00,30,TRAFFIC SIGNAL,FUNCTIONING PROPERLY,CLEAR,"DARKNESS, LIGHTED ROAD",ANGLE,NOT REPORTED,STRAIGHT AND LEVEL,DRY,NO DEFECTS,INJURY AND / OR TOW DUE TO CRASH,"OVER $1,500",UNABLE TO DETERMINE,NOT APPLICABLE,5458,S,WESTERN BLVD,2,NONINCAPACITATING INJURY,1.0,0.0,0.0,1.0,0.0,3.0,0.0,23,1,11
05275dd5b5eeaf3fdaa862509639021981a178d2a281949f8e0461adad5d1b730a84645462b265a121fe7aeb80d524c25e8578d0855780a1bac3088fc487d0c7,2019-09-27 11:59:00,30,NO CONTROLS,NO CONTROLS,RAIN,DAYLIGHT,ANGLE,DIVIDED - W/MEDIAN BARRIER,STRAIGHT AND LEVEL,WET,UNKNOWN,NO INJURY / DRIVE AWAY,"OVER $1,500",FAILING TO YIELD RIGHT-OF-WAY,IMPROPER TURNING/NO SIGNAL,11550,S,HALSTED ST,2,NO INDICATION OF INJURY,0.0,0.0,0.0,0.0,0.0,2.0,0.0,11,6,9
a90b4df7687fea21bedeab329c472900b60c89134adb5935b58534a9a395dd8cc2cfdf1cdcd9b574d84731db5e9b102e0ceb16a4d7b2b2a03ec422d54ecf52d2,2017-04-01 08:00:00,30,NO CONTROLS,NO CONTROLS,CLEAR,DAYLIGHT,PARKED MOTOR VEHICLE,ONE-WAY,STRAIGHT AND LEVEL,DRY,NO DEFECTS,NO INJURY / DRIVE AWAY,"OVER $1,500",DRIVING SKILLS/KNOWLEDGE/EXPERIENCE,NOT APPLICABLE,5740,S,SAWYER AVE,2,NO INDICATION OF INJURY,0.0,0.0,0.0,0.0,0.0,1.0,0.0,8,7,4
287081103c0e4be11330ffb11df6a7303b0e44481407c3ec9c74e57ca06d04dbb43711d4984c3b25c2ea9f207e5f262b1125a1e534ad3854d6676ecff43a2c05,2022-09-13 15:57:00,30,UNKNOWN,UNKNOWN,CLEAR,DUSK,REAR END,NOT DIVIDED,STRAIGHT AND LEVEL,DRY,UNKNOWN,NO INJURY / DRIVE AWAY,"OVER $1,500",UNABLE TO DETERMINE,UNABLE TO DETERMINE,7101,N,RIDGE BLVD,2,NO INDICATION OF INJURY,0.0,0.0,0.0,0.0,0.0,4.0,0.0,15,3,9
e1c7a0631b975f97ffba7ccdb2c0af332d2d8b971b40082bf348a14a976aaed3e6b16bccd97581f530efd193b13baa0a44933b4816a9037adc41e9cddf4d31f9,2023-02-24 14:00:00,30,TRAFFIC SIGNAL,FUNCTIONING PROPERLY,CLEAR,DAYLIGHT,REAR END,DIVIDED - W/MEDIAN (NOT RAISED),STRAIGHT AND LEVEL,DRY,NO DEFECTS,NO INJURY / DRIVE AWAY,"OVER $1,500",FOLLOWING TOO CLOSELY,UNABLE TO DETERMINE,11100,S,PULASKI RD,2,NO INDICATION OF INJURY,0.0,0.0,0.0,0.0,0.0,2.0,0.0,14,6,2
eadff1b90968929302f8d4fc7dff6b77555a9fd4bf4cbd8c752a9003cbda15e4c359ab9c6e383e4bcea3b13ba4ac496924e155085d0ecae8660adf09339fe5d7,2019-10-07 16:00:00,30,NO CONTROLS,NO CONTROLS,CLEAR,DAYLIGHT,SIDESWIPE SAME DIRECTION,NOT DIVIDED,STRAIGHT AND LEVEL,DRY,NO DEFECTS,NO INJURY / DRIVE AWAY,"$501 - $1,500",FAILING TO YIELD RIGHT-OF-WAY,NOT APPLICABLE,4830,W,ARMITAGE AVE,2,NO INDICATION OF INJURY,0.0,0.0,0.0,0.0,0.0,3.0,0.0,16,2,10
c00e55a93b8dd76ac3c125ea0e40b957c244a6bea8ec404f8b75ce8c244f56f662b3be339829106bbf85b54edd8adb86d7feccaff1ed7b8304db854de50f38d8,2019-09-04 17:00:00,30,NO CONTROLS,NO CONTROLS,CLEAR,DAYLIGHT,PARKED MOTOR VEHICLE,PARKING LOT,STRAIGHT AND LEVEL,DRY,NO DEFECTS,NO INJURY / DRIVE AWAY,"$501 - $1,500",IMPROPER BACKING,IMPROPER BACKING,5356,S,ARCHER AVE,2,NO INDICATION OF INJURY,0.0,0.0,0.0,0.0,0.0,1.0,0.0,17,4,9
db594524b41a544248b49535998fffb37d59948d696c8f72f3219ec642ec8ba82a45fb0dc89640a3712b916f00dbdd73969e54e1223286296a982ac020761ed7,2017-12-20 12:07:00,20,NO CONTROLS,NO CONTROLS,CLEAR,DAYLIGHT,PARKED MOTOR VEHICLE,ONE-WAY,STRAIGHT AND LEVEL,DRY,NO DEFECTS,NO INJURY / DRIVE AWAY,$500 OR LESS,IMPROPER OVERTAKING/PASSING,FAILING TO YIELD RIGHT-OF-WAY,7618,S,PHILLIPS AVE,2,NO INDICATION OF INJURY,0.0,0.0,0.0,0.0,0.0,1.0,0.0,12,4,12
b27ddbe0fc12c0407d507133e101b8a0a698bd7536aa6f9dab404de2e3a99226c03a2dd8e5a35969d515d897f41c9339112c88dc898fc772454f56bb7fc47a75,2018-04-27 10:22:00,30,UNKNOWN,UNKNOWN,CLEAR,DAYLIGHT,ANGLE,NOT DIVIDED,STRAIGHT AND LEVEL,OTHER,DEBRIS ON ROADWAY,INJURY AND / OR TOW DUE TO CRASH,"OVER $1,500",UNABLE TO DETERMINE,NOT APPLICABLE,98,E,89TH ST,2,NO INDICATION OF INJURY,0.0,0.0,0.0,0.0,0.0,2.0,0.0,10,6,4
16ef7ed0734a2f694ebe3b8ffd3ec6a0318a71fb21765c4e6d38bfe81e05d35f07b9c5acd34642b213751e4498e56ba8f9e84e92841237e84e2cfdbe491dfdd9,2020-01-26 17:20:00,30,NO CONTROLS,NO CONTROLS,CLEAR,"DARKNESS, LIGHTED ROAD",TURNING,DIVIDED - W/MEDIAN (NOT RAISED),STRAIGHT AND LEVEL,DRY,UNKNOWN,INJURY AND / OR TOW DUE TO CRASH,"OVER $1,500",FAILING TO YIELD RIGHT-OF-WAY,NOT APPLICABLE,5111,W,FULLERTON AVE,3,NONINCAPACITATING INJURY,2.0,0.0,0.0,1.0,1.0,3.0,0.0,17,1,1
b2aad321118cc994baa63a04f3cb0deaff3c798790a4c74f2e03670fe83e496e7cffef71a342956db216e6db968269ac59016861efaac1e756ef81367e903c9a,2019-04-22 11:15:00,30,TRAFFIC SIGNAL,FUNCTIONING PROPERLY,CLEAR,DAWN,TURNING,NOT DIVIDED,STRAIGHT AND LEVEL,DRY,NO DEFECTS,NO INJURY / DRIVE AWAY,"$501 - $1,500",UNABLE TO DETERMINE,UNABLE TO DETERMINE,3600,S,PULASKI RD,2,NO INDICATION OF INJURY,0.0,0.0,0.0,0.0,0.0,2.0,0.0,11,2,4
c9724a55e563410e2f5d7b8040d62dbe589771e0a823eee06d72bb6fa55e7baf0e83a319573ac300e86f55d027601929713a0521d0320c564b0566d4637c3cc6,2022-10-27 18:00:00,30,TRAFFIC SIGNAL,FUNCTIONING PROPERLY,CLEAR,DUSK,REAR END,NOT DIVIDED,STRAIGHT AND LEVEL,DRY,NO DEFECTS,NO INJURY / DRIVE AWAY,"OVER $1,500",UNABLE TO DETERMINE,UNABLE TO DETERMINE,5900,S,DAMEN AVE,2,NO INDICATION OF INJURY,0.0,0.0,0.0,0.0,0.0,2.0,0.0,18,5,10