CRASH_RECORD_ID,CRASH_DATE,POSTED_SPEED_LIMIT,TRAFFIC_CONTROL_DEVICE,DEVICE_CONDITION,WEATHER_CONDITION,LIGHTING_CONDITION,FIRST_CRASH_TYPE,TRAFFICWAY_TYPE,ALIGNMENT,ROADWAY_SURFACE_COND,ROAD_DEFECT,CRASH_TYPE,DAMAGE,PRIM_CONTRIBUTORY_CAUSE,SEC_CONTRIBUTORY_CAUSE,STREET_NO,STREET_DIRECTION,STREET_NAME,NUM_UNITS,MOST_SEVERE_INJURY,INJURIES_TOTAL,INJURIES_FATAL,INJURIES_INCAPACITATING,INJURIES_NON_INCAPACITATING,INJURIES_REPORTED_NOT_EVIDENT,INJURIES_NO_INDICATION,INJURIES_UNKNOWN,CRASH_HOUR,CRASH_DAY_OF_WEEK,CRASH_MONTH
4d09aa2b0acc9bc88308c0883f6c37e5d2bb7a6249f5ec35faaa37239059995a75b697f8f18f626270b3fde52bb90858330b8cdf2c0dafc7a28446463b04945b,2022-05-08 13:40:00,30,NO CONTROLS,NO CONTROLS,CLEAR,DAYLIGHT,SIDESWIPE SAME DIRECTION,DIVIDED - W/MEDIAN (NOT RAISED),STRAIGHT AND LEVEL,DRY,UNKNOWN,NO INJURY / DRIVE AWAY,"OVER $1,500",UNABLE TO DETERMINE,UNABLE TO DETERMINE,1319,N,PULASKI RD,2,NO INDICATION OF INJURY,0.0,0.0,0.0,0.0,0.0,4.0,0.0,13,1,5
0ca7a4525b44e12735568d187e64f455dd556d64b365164e97d4666ff444da8d4df593776b3197c8d4051c5e19bd156d322f455be53b646882a0b9e3ca2205bb,2023-10-29 17:00:00,25,NO CONTROLS,NO CONTROLS,CLEAR,"DARKNESS, LIGHTED ROAD",PARKED MOTOR VEHICLE,DIVIDED - W/MEDIAN (NOT RAISED),STRAIGHT AND LEVEL,DRY,NO DEFECTS,NO INJURY / DRIVE AWAY,"$501 - $1,500",UNABLE TO DETERMINE,NOT APPLICABLE,5100,S,MILLARD AVE,2,NO INDICATION OF INJURY,0.0,0.0,0.0,0.0,0.0,1.0,0.0,17,1,10
1e4e79d4ae460c4dc162aea8194fe24b00a97be2015ca75c6e772ab87c9b6cdc93c10482c491c34487e11fc7bd4f81c58b3f6a7c89257a8e396d2ef924117ced,2018-03-03 03:44:00,30,NO CONTROLS,NO CONTROLS,CLEAR,"DARKNESS, LIGHTED ROAD",FIXED OBJECT,DIVIDED - W/MEDIAN (NOT RAISED),STRAIGHT AND LEVEL,DRY,NO DEFECTS,INJURY AND / OR TOW DUE TO CRASH,"OVER $1,500",NOT APPLICABLE,NOT APPLICABLE,1250,E,67TH ST,1,NO INDICATION OF INJURY,0.0,0.0,0.0,0.0,0.0,1.0,0.0,3,7,3
29dd35944603e20264121368342ec604a52ef195382d355aaa186688340a4a116b0e3eabc8f17b9f4603b84e718846ff884a56627614ee3ee553f29128f57ca1,2019-02-23 00:40:00,30,NO CONTROLS,NO CONTROLS,CLEAR,"DARKNESS, LIGHTED ROAD",FIXED OBJECT,NOT DIVIDED,STRAIGHT ON GRADE,DRY,UNKNOWN,INJURY AND / OR TOW DUE TO CRASH,"OVER $1,500",FAILING TO REDUCE SPEED TO AVOID CRASH,DISTRACTION - FROM INSIDE VEHICLE,1142,W,59TH ST,1,NO INDICATION OF INJURY,0.0,0.0,0.0,0.0,0.0,2.0,0.0,0,7,2
5cb47350756dbfb9d44d991047e25c9ea6cfde8ce817304d65fe9fad84b8902f11e0c5a557f3b39829182b70e1dbbf9adb0e3af5e04b8c738a777b3de16b14ec,2024-01-11 09:25:00,30,TRAFFIC SIGNAL,FUNCTIONING PROPERLY,CLEAR,DAYLIGHT,TURNING,CENTER TURN LANE,STRAIGHT AND LEVEL,DRY,NO DEFECTS,INJURY AND / OR TOW DUE TO CRASH,"$501 - $1,500",TURNING RIGHT ON RED,FAILING TO YIELD RIGHT-OF-WAY,4401,N,CENTRAL AVE,2,NONINCAPACITATING INJURY,1.0,0.0,0.0,1.0,0.0,1.0,0.0,9,5,1
d050a4057d0ff9dd914507433ccb97201fe8908640ad6d4e6cb859c5263d15e0a2ab4bfa7b401aa9ddf72877ccdc4adfe3374d243913c3112db902ca57c1a5c7,2022-02-18 14:30:00,30,NO CONTROLS,NO CONTROLS,CLEAR,DAYLIGHT,PEDESTRIAN,DIVIDED - W/MEDIAN (NOT RAISED),STRAIGHT AND LEVEL,DRY,NO DEFECTS,NO INJURY / DRIVE AWAY,$500 OR LESS,UNABLE TO DETERMINE,NOT APPLICABLE,139,S,CENTRAL AVE,2,NO INDICATION OF INJURY,0.0,0.0,0.0,0.0,0.0,2.0,0.0,14,6,2
616d9931339067eb4e63fc71094dde59de6bddf11260bd508d3113fe212e3031716718e01175ab03e62fac34f5192f1dbd9256760b3959639829823518c73a50,2019-10-17 16:00:00,30,NO CONTROLS,NO CONTROLS,CLEAR,DAYLIGHT,REAR END,DIVIDED - W/MEDIAN (NOT RAISED),STRAIGHT AND LEVEL,DRY,NO DEFECTS,NO INJURY / DRIVE AWAY,"OVER $1,500",FAILING TO REDUCE SPEED TO AVOID CRASH,DRIVING SKILLS/KNOWLEDGE/EXPERIENCE,4500,S,ARCHER AVE,2,NO INDICATION OF INJURY,0.0,0.0,0.0,0.0,0.0,2.0,0.0,16,5,10
b161e16ab28071de4feb8474051528cfe9132b244ad4050c9e24e9247cc229b7b4745bc3ee9819c7cb1a9b3647a92def10377d55144021dc76b49c0d70e97a8c,2016-08-07 08:38:00,35,NO CONTROLS,NO CONTROLS,CLEAR,DAYLIGHT,FIXED OBJECT,ONE-WAY,STRAIGHT AND LEVEL,DRY,NO DEFECTS,INJURY AND / OR TOW DUE TO CRASH,"OVER $1,500",EXCEEDING AUTHORIZED SPEED LIMIT,DRIVING SKILLS/KNOWLEDGE/EXPERIENCE,6801,S,THROOP ST,2,NO INDICATION OF INJURY,0.0,0.0,0.0,0.0,0.0,1.0,0.0,8,1,8
358cbf39c8a2f42a5d2639d8732e781cf8d27460a6914e0ffb57f6b3bc0220dcf45d5e4cfa20d27cb285c92ffac324f8c8f7a01627d310c9b046818cd73b2494,2017-10-24 12:25:00,30,TRAFFIC SIGNAL,FUNCTIONING PROPERLY,RAIN,DAYLIGHT,TURNING,DIVIDED - W/MEDIAN (NOT RAISED),STRAIGHT AND LEVEL,WET,NO DEFECTS,INJURY AND / OR TOW DUE TO CRASH,"OVER $1,500",IMPROPER TURNING/NO SIGNAL,NOT APPLICABLE,3551,W,CHICAGO AVE,2,"REPORTED, NOT EVIDENT",1.0,0.0,0.0,0.0,1.0,1.0,0.0,12,3,10
67799df47fe8b6db1c1788c01156434ab2238b4c5f3742b4f5dd32f8e179de9af38fdd746fbbbba6e3b1dfac37dbbf4b8a8b687b6b069c913d81d62cbf2f0885,2020-05-23 13:10:00,30,NO CONTROLS,NO CONTROLS,CLEAR,DAYLIGHT,SIDESWIPE SAME DIRECTION,DIVIDED - W/MEDIAN (NOT RAISED),STRAIGHT AND LEVEL,DRY,NO DEFECTS,NO INJURY / DRIVE AWAY,$500 OR LESS,IMPROPER OVERTAKING/PASSING,IMPROPER OVERTAKING/PASSING,8301,S,WESTERN AVE,2,NO INDICATION OF INJURY,0.0,0.0,0.0,0.0,0.0,2.0,0.0,13,7,5
e71d74c9048e74b9801f3691cb0ef6c13d9a99c962c98b49ea5a3b9bce9f275f514ef29c5352839eac8ce1051152131ee522a0a05373064743e4a15c83080e78,2022-04-22 12:00:00,30,NO CONTROLS,NO CONTROLS,RAIN,DAYLIGHT,PARKED MOTOR VEHICLE,ONE-WAY,STRAIGHT AND LEVEL,WET,NO DEFECTS,NO INJURY / DRIVE AWAY,"OVER $1,500",IMPROPER LANE USAGE,IMPROPER LANE USAGE,5438,S,INDIANA AVE,2,NO INDICATION OF INJURY,0.0,0.0,0.0,0.0,0.0,1.0,0.0,12,6,4
b8dd28939f1571a9aa63b19c494f1db1147226cee89d64f01c3ed3475f4345c68d53eafffeaa46d534da235621f90f28c7c5a58ecda07415b548c4590fe854db,2017-04-04 13:32:00,30,TRAFFIC SIGNAL,FUNCTIONING PROPERLY,CLEAR,DAYLIGHT,SIDESWIPE SAME DIRECTION,NOT DIVIDED,STRAIGHT AND LEVEL,DRY,NO DEFECTS,INJURY AND / OR TOW DUE TO CRASH,"OVER $1,500",UNABLE TO DETERMINE,UNABLE TO DETERMINE,199,S,WESTERN AVE,3,NONINCAPACITATING INJURY,1.0,0.0,0.0,1.0,0.0,2.0,0.0,13,3,4
afeaf3ab8ef56c9140a473c693e31020862a013a8a525bb3b1c6bf82ba833f3c145f5fa72862c343713ae3c3c1cd950c4c64322f032b13632f91048b9f6f4317,2016-08-31 09:00:00,30,NO CONTROLS,NO CONTROLS,CLEAR,DAYLIGHT,PARKED MOTOR VEHICLE,ONE-WAY,STRAIGHT AND LEVEL,DRY,NO DEFECTS,NO INJURY / DRIVE AWAY,"OVER $1,500",UNABLE TO DETERMINE,NOT APPLICABLE,100,S,LAVERGNE AVE,2,NO INDICATION OF INJURY,0.0,0.0,0.0,0.0,0.0,1.0,0.0,9,4,8
405197a95bb3c5eac242cbf6784e30f6e53560a33a34007f9870a96da973a36652f7cc38666d56030dfccf369a3f752fe444fd9d21ebfd2213529a4ae164cf65,2021-01-07 13:20:00,30,TRAFFIC SIGNAL,FUNCTIONING PROPERLY,CLEAR,DAYLIGHT,REAR END,NOT DIVIDED,STRAIGHT AND LEVEL,DRY,NO DEFECTS,NO INJURY / DRIVE AWAY,"OVER $1,500",FOLLOWING TOO CLOSELY,UNABLE TO DETERMINE,2900,W,CONGRESS PKWY,2,NO INDICATION OF INJURY,0.0,0.0,0.0,0.0,0.0,2.0,0.0,13,5,1
2a881fd279cb44cf08c8c6536047afa05b0c63bfc7a806abf1ed68eec5ade111ecf958348d89da41987ca8d938d444a2b6e581981681100a5e7513066af6143e,2024-02-21 05:15:00,30,TRAFFIC SIGNAL,FUNCTIONING PROPERLY,CLEAR,"DARKNESS, LIGHTED ROAD",TURNING,FOUR WAY,STRAIGHT AND LEVEL,DRY,NO DEFECTS,NO INJURY / DRIVE AWAY,$500 OR LESS,FAILING TO YIELD RIGHT-OF-WAY,DISTRACTION - FROM OUTSIDE VEHICLE,335,S,HALSTED ST,2,NO INDICATION OF INJURY,0.0,0.0,0.0,0.0,0.0,3.0,0.0,5,4,2
d75b69e3f689c26c7ab5589062d274799af9b40aad3146c7fd6bbc85dbf60868958febb36e881e1588b605a1ca2e09be408975d8c5df3dbf68d43abe38c099da,2017-10-07 15:55:00,20,NO CONTROLS,NO CONTROLS,RAIN,DAYLIGHT,PARKED MOTOR VEHICLE,ONE-WAY,STRAIGHT AND LEVEL,WET,"RUT, HOLES",NO INJURY / DRIVE AWAY,"$501 - $1,500",ROAD CONSTRUCTION/MAINTENANCE,WEATHER,2316,N,MEADE AVE,2,NO INDICATION OF INJURY,0.0,0.0,0.0,0.0,0.0,1.0,0.0,15,7,10
05d32700f830a3d5bd6b266c909b3356c90bba73c00824111bc6bd0ca6ca01129e859fa512f236c96b692791f5874d3ba9c780d1828063ce48262baa83d67e2d,2022-07-05 14:50:00,30,NO CONTROLS,NO CONTROLS,CLEAR,DAYLIGHT,ANGLE,NOT DIVIDED,STRAIGHT AND LEVEL,DRY,NO DEFECTS,INJURY AND / OR TOW DUE TO CRASH,"OVER $1,500",DRIVING SKILLS/KNOWLEDGE/EXPERIENCE,NOT APPLICABLE,7854,S,SOUTH CHICAGO AVE,2,NO INDICATION OF INJURY,0.0,0.0,0.0,0.0,0.0,2.0,0.0,14,3,7
977ff20275efeb0fdb2de37bbfa475344c77b9dfe113889dc7b1940929e7a3ec1c639123e9f83b451a09bd148e2fe3377d3f07da944f5783bbea47301494094f,2018-10-29 08:20:00,30,TRAFFIC SIGNAL,FUNCTIONING PROPERLY,CLOUDY/OVERCAST,DAYLIGHT,TURNING,DIVIDED - W/MEDIAN (NOT RAISED),STRAIGHT AND LEVEL,DRY,NO DEFECTS,INJURY AND / OR TOW DUE TO CRASH,"OVER $1,500",FAILING TO YIELD RIGHT-OF-WAY,IMPROPER TURNING/NO SIGNAL,6398,W,GUNNISON ST,2,NONINCAPACITATING INJURY,1.0,0.0,0.0,1.0,0.0,1.0,0.0,8,2,10
45c28237bf683c4178d8b382beddd6b1f339a5631dc8b6dabf9e050a91b8dac57284eac359ddf9035c697949f3076966b95e0b6b9ce8a04ed5a26f7dff093088,2022-08-29 08:40:00,55,NO CONTROLS,NO CONTROLS,CLEAR,DAYLIGHT,FIXED OBJECT,DIVIDED - W/MEDIAN BARRIER,STRAIGHT AND LEVEL,DRY,NO DEFECTS,INJURY AND / OR TOW DUE TO CRASH,"OVER $1,500",IMPROPER LANE USAGE,FAILING TO REDUCE SPEED TO AVOID CRASH,6416,S,CHICAGO SKYWAY IB,1,NO INDICATION OF INJURY,0.0,0.0,0.0,0.0,0.0,1.0,0.0,8,2,8
0a5f59da8bed0cf7e6ee9351a5444d75c028a2ea1dac255e4714b6adda8afe33777df61928c7cd3af761b88dfb6438f08e90999e62fb067f093117fd1a132fbb,2022-03-26 20:19:00,30,UNKNOWN,UNKNOWN,CLEAR,DARKNESS,PARKED MOTOR VEHICLE,NOT DIVIDED,STRAIGHT AND LEVEL,DRY,NO DEFECTS,INJURY AND / OR TOW DUE TO CRASH,"OVER $1,500",TEXTING,TEXTING,703,E,67TH ST,2,NO INDICATION OF INJURY,0.0,0.0,0.0,0.0,0.0,2.0,0.0,20,7,3
2a67a1f2118ec55180ea3acea070a8f9525116a5fd758c1a996aa2144b5e5317b5d4700dd6c95ace13872ea1b1a37364ad1835ac7b4062e0d9ab8f21770458ed,2015-10-31 10:25:00,30,NO CONTROLS,NO CONTROLS,RAIN,DAYLIGHT,REAR END,DIVIDED - W/MEDIAN BARRIER,STRAIGHT AND LEVEL,WET,NO DEFECTS,NO INJURY / DRIVE AWAY,"$501 - $1,500",WEATHER,NOT APPLICABLE,5400,S,LAKE PARK AVE,2,NO INDICATION OF INJURY,0.0,0.0,0.0,0.0,0.0,2.0,0.0,10,7,10
65f4aa9b96c199e5f43c1bc82a28835027c1e3e6d87e40892a1610677cba81e757b5207a7c35326230a622a5d240228e61d98117a1d619aed472891f10ff9f10,2018-08-10 09:20:00,30,NO CONTROLS,NO CONTROLS,CLEAR,DAYLIGHT,PARKED MOTOR VEHICLE,DIVIDED - W/MEDIAN (NOT RAISED),STRAIGHT AND LEVEL,DRY,NO DEFECTS,NO INJURY / DRIVE AWAY,"OVER $1,500",PHYSICAL CONDITION OF DRIVER,NOT APPLICABLE,8045,S,YATES BLVD,2,NO INDICATION OF INJURY,0.0,0.0,0.0,0.0,0.0,1.0,0.0,9,6,8
76551113b651c6743b16a596e469859699682d4d209356356c3560c9048672557171d8cd74e7955b92d05f751720e133f8247b978383b0ca9f5d884d7a04ff40,2021-08-29 15:15:00,30,NO CONTROLS,NO CONTROLS,CLEAR,DAYLIGHT,PEDALCYCLIST,NOT DIVIDED,STRAIGHT AND LEVEL,UNKNOWN,UNKNOWN,INJURY AND / OR TOW DUE TO CRASH,"OVER $1,500",UNABLE TO DETERMINE,NOT APPLICABLE,4433,N,KIMBALL AVE,2,INCAPACITATING INJURY,1.0,0.0,1.0,0.0,0.0,0.0,0.0,15,1,8
0ad6f43347344c0b4bc5fff41bd14b231668abf2908687266e11b1423d359f3a0463a980cab090fe66bdf09f2c2a20d84c8388e0f4f81a310985a8c61ad40e92,2018-05-12 10:31:00,15,NO CONTROLS,NO CONTROLS,CLEAR,DAYLIGHT,PARKED MOTOR VEHICLE,PARKING LOT,STRAIGHT AND LEVEL,DRY,NO DEFECTS,NO INJURY / DRIVE AWAY,$500 OR LESS,IMPROPER BACKING,NOT APPLICABLE,1300,S,CLINTON ST,2,NO INDICATION OF INJURY,0.0,0.0,0.0,0.0,0.0,1.0,0.0,10,7,5
5c9ccbd250bb090adf9ad8cd22f0afcd59a84b1bcee09c92744881ab257524be86ed6614e58b2c396cfd983e0a144d2dfab605bfad324aa3d575b0e410d44a6a,2020-06-06 20:40:00,30,NO CONTROLS,NO CONTROLS,CLEAR,"DARKNESS, LIGHTED ROAD",PARKED MOTOR VEHICLE,DIVIDED - W/MEDIAN BARRIER,STRAIGHT AND LEVEL,DRY,NO DEFECTS,NO INJURY / DRIVE AWAY,"OVER $1,500",UNABLE TO DETERMINE,UNABLE TO DETERMINE,3009,W,IRVING PARK RD,2,NO INDICATION OF INJURY,0.0,0.0,0.0,0.0,0.0,1.0,0.0,20,7,6
e8f8d9e6f3c57e3535b595071688592d1ebb07b4c65fe7f3a72dbf99489aa3c8459e682b00755d7a2c6bd0341eadc1daa0b1a4eca5562122e28d1743c2cb1165,2020-10-29 09:30:00,30,NO CONTROLS,NO CONTROLS,FOG/SMOKE/HAZE,DAYLIGHT,HEAD ON,DIVIDED - W/MEDIAN (NOT RAISED),STRAIGHT AND LEVEL,DRY,NO DEFECTS,NO INJURY / DRIVE AWAY,"OVER $1,500",DRIVING ON WRONG SIDE/WRONG WAY,UNABLE TO DETERMINE,2220,S,PULASKI RD,2,NO INDICATION OF INJURY,0.0,0.0,0.0,0.0,0.0,4.0,0.0,9,5,10
d227d3cf534ca390586b2177e79cef271a08be5451df63aadfc32e2ee5c9482ae5b4acb13e30c734ef431a15d33bca6652671d0d2f6374004cf9bc2fa5ccc3af,2020-01-04 22:40:00,30,TRAFFIC SIGNAL,FUNCTIONING PROPERLY,CLEAR,"DARKNESS, LIGHTED ROAD",REAR END,ONE-WAY,STRAIGHT AND LEVEL,DRY,NO DEFECTS,NO INJURY / DRIVE AWAY,"OVER $1,500","OPERATING VEHICLE IN ERRATIC, RECKLESS, CARELESS, NEGLIGENT OR AGGRESSIVE MANNER","OPERATING VEHICLE IN ERRATIC, RECKLESS, CARELESS, NEGLIGENT OR AGGRESSIVE MANNER",1200,W,CONGRESS PKWY,2,NO INDICATION OF INJURY,0.0,0.0,0.0,0.0,0.0,2.0,0.0,22,7,1
8a3cd7e30e4849dcef0d33b1d14b414562008961941dbd4a71cc1f6a18330082b00cda85a3b0e4a50173db05854e377c7b29a3a89f166643747842e344738460,2018-10-19 07:18:00,20,TRAFFIC SIGNAL,FUNCTIONING PROPERLY,CLEAR,DAYLIGHT,TURNING,DIVIDED - W/MEDIAN (NOT RAISED),STRAIGHT AND LEVEL,DRY,NO DEFECTS,INJURY AND / OR TOW DUE TO CRASH,"OVER $1,500",DISREGARDING TRAFFIC SIGNALS,NOT APPLICABLE,4700,S,KNOX AVE,2,NONINCAPACITATING INJURY,2.0,0.0,0.0,2.0,0.0,1.0,0.0,7,6,10
9b2fbfe2086f8e66bca9c69d7690b74c578f5467a66f20ac51dfa2841703d260a03da27b2c139675d94b783dcddcaa89f93350f0b20cf02c4bb8902d002e8af6,2018-07-21 16:45:00,35,STOP SIGN/FLASHER,OTHER,CLEAR,DAYLIGHT,PARKED MOTOR VEHICLE,ONE-WAY,STRAIGHT AND LEVEL,DRY,NO DEFECTS,NO INJURY / DRIVE AWAY,"OVER $1,500",IMPROPER OVERTAKING/PASSING,UNABLE TO DETERMINE,701,W,WAVELAND AVE,2,NO INDICATION OF INJURY,0.0,0.0,0.0,0.0,0.0,2.0,0.0,16,7,7
a1b07813280c9cd9c74c9077752cf2463483309a3852dd731a6ec002904388fabf6565565983e9f46600c2d2e456440cd9d150a4be5372259e2a80118d9dfeb2,2018-08-31 18:15:00,30,TRAFFIC SIGNAL,NO CONTROLS,CLEAR,DAYLIGHT,HEAD ON,DIVIDED - W/MEDIAN (NOT RAISED),STRAIGHT AND LEVEL,DRY,NO DEFECTS,NO INJURY / DRIVE AWAY,"OVER $1,500",FAILING TO YIELD RIGHT-OF-WAY,UNABLE TO DETERMINE,3150,N,LAKE SHORE DR NB,2,NO INDICATION OF INJURY,0.0,0.0,0.0,0.0,0.0,2.0,0.0,18,6,8
d808a0f5eaf3d02efdf8a291909fa6d078f89626d38fab807293351b34ce7d9245377a94531c4a66e561b5bbb6037799806ffc0d2fe083d4dc14a091246736d1,2022-07-29 18:10:00,25,NO CONTROLS,NO CONTROLS,CLEAR,DAYLIGHT,PARKED MOTOR VEHICLE,PARKING LOT,STRAIGHT AND LEVEL,DRY,NO DEFECTS,NO INJURY / DRIVE AWAY,"OVER $1,500",IMPROPER BACKING,NOT APPLICABLE,1404,W,PRATT BLVD,2,NO INDICATION OF INJURY,0.0,0.0,0.0,0.0,0.0,1.0,0.0,18,6,7
0df3efbd2324560bed85aab20566005da0e88219c1932b56b28768e79551521cd1647c7ed26997396976596a2845ea1d01af7aa49043ada4a7c888d51f083c63,2019-12-01 17:58:00,5,NO CONTROLS,NO CONTROLS,RAIN,"DARKNESS, LIGHTED ROAD",PARKED MOTOR VEHICLE,PARKING LOT,STRAIGHT AND LEVEL,WET,NO DEFECTS,NO INJURY / DRIVE AWAY,"OVER $1,500",UNABLE TO DETERMINE,NOT APPLICABLE,5215,W,CHICAGO AVE,2,NO INDICATION OF INJURY,0.0,0.0,0.0,0.0,0.0,1.0,0.0,17,1,12
eba5a51585afbb0ed679ca6ec5f01d7e681b08b2b1258e23c13d070af1d550a32322cc588f71d593316e36f180667cd0c026fba3005be384f31a98a1acbacbb1,2020-07-05 18:00:00,30,NO CONTROLS,NO CONTROLS,CLEAR,DAYLIGHT,SIDESWIPE SAME DIRECTION,RAMP,STRAIGHT AND LEVEL,DRY,NO DEFECTS,NO INJURY / DRIVE AWAY,"$501 - $1,500",IMPROPER OVERTAKING/PASSING,DRIVING SKILLS/KNOWLEDGE/EXPERIENCE,2350,N,LAKE SHORE DR SB,2,NO INDICATION OF INJURY,0.0,0.0,0.0,0.0,0.0,4.0,0.0,18,1,7
74f55951463544db5687dfebcfc8616af255209e6adea12ad327b1f307936a8afd0f9b1d0888853f0bc0b9f6d15cc7bd1a8d4da8a01ba688beb8d896ade55630,2018-07-08 17:00:00,30,NO CONTROLS,NO CONTROLS,CLEAR,DAYLIGHT,TURNING,NOT DIVIDED,STRAIGHT ON GRADE,DRY,NO DEFECTS,INJURY AND / OR TOW DUE TO CRASH,"OVER $1,500",DRIVING SKILLS/KNOWLEDGE/EXPERIENCE,FOLLOWING TOO CLOSELY,2819,S,ASHLAND AVE,2,NO INDICATION OF INJURY,0.0,0.0,0.0,0.0,0.0,2.0,0.0,17,1,7
b445754918e74dc454ec69a2f65a5c9587cf30c1b592469e816a316cb8cf40927e868986e8eb80c53cbf596ed34f96ebe24bc264e670ea3c27720fad9ed99b37,2017-05-27 19:50:00,25,NO CONTROLS,NO CONTROLS,CLEAR,DUSK,PARKED MOTOR VEHICLE,NOT DIVIDED,STRAIGHT AND LEVEL,DRY,NO DEFECTS,NO INJURY / DRIVE AWAY,"OVER $1,500",UNABLE TO DETERMINE,UNABLE TO DETERMINE,1315,W,73RD ST,2,NO INDICATION OF INJURY,0.0,0.0,0.0,0.0,0.0,1.0,0.0,19,7,5
ffcb371cb2bd70a6d144e544dbff49a019074925871bbe5bce8f3c1672f3b46b251d8e88d8b0fab3fe85264ec5145fdaec637eb7a4942dad381099c6ab7a20a0,2019-07-11 10:15:00,30,TRAFFIC SIGNAL,FUNCTIONING PROPERLY,CLEAR,DAYLIGHT,ANGLE,NOT DIVIDED,STRAIGHT AND LEVEL,DRY,NO DEFECTS,NO INJURY / DRIVE AWAY,"$501 - $1,500",UNABLE TO DETERMINE,NOT APPLICABLE,4004,N,CALIFORNIA AVE,2,NO INDICATION OF INJURY,0.0,0.0,0.0,0.0,0.0,2.0,0.0,10,5,7
58407e976da56065176daded86e1c19a4bf3c40637f53c9a6637293786604359025a3c884c42ada60de05578aa4a28bb93b3cf473c89a36efcbc8ceacf0b04be,2020-01-25 09:45:00,35,TRAFFIC SIGNAL,FUNCTIONING PROPERLY,SNOW,DAYLIGHT,TURNING,FOUR WAY,STRAIGHT AND LEVEL,WET,NO DEFECTS,NO INJURY / DRIVE AWAY,"$501 - $1,500",UNABLE TO DETERMINE,UNABLE TO DETERMINE,3000,N,SHEFFIELD AVE,2,NO INDICATION OF INJURY,0.0,0.0,0.0,0.0,0.0,2.0,0.0,9,7,1
606a0cfdf3ead9cc01c6829b0e246fbac69926876a093031664cffed225cef2398f64ea4e5579a26306684c7c42068981c9bf186175b6d6fb480a2d7a32ff1e5,2017-08-29 23:00:00,20,NO CONTROLS,NO CONTROLS,CLEAR,"DARKNESS, LIGHTED ROAD",PARKED MOTOR VEHICLE,ONE-WAY,STRAIGHT AND LEVEL,DRY,NO DEFECTS,INJURY AND / OR TOW DUE TO CRASH,$500 OR LESS,PHYSICAL CONDITION OF DRIVER,UNABLE TO DETERMINE,5562,W,CONGRESS PKWY,2,NO INDICATION OF INJURY,0.0,0.0,0.0,0.0,0.0,1.0,0.0,23,3,8
ea9ecace8eb39555dac8a42edcffc631aa73b1368d2029b11a2456d44d74239b5b1ed450b49def438e4b2b5a8e0f3b53adb87a5c397e081cae447cfbcb722f6c,2019-04-19 21:39:00,30,TRAFFIC SIGNAL,UNKNOWN,CLEAR,"DARKNESS, LIGHTED ROAD",REAR END,DIVIDED - W/MEDIAN BARRIER,STRAIGHT AND LEVEL,DRY,NO DEFECTS,NO INJURY / DRIVE AWAY,"$501 - $1,500",UNABLE TO DETERMINE,UNABLE TO DETERMINE,2800,W,NORTH AVE,2,NO INDICATION OF INJURY,0.0,0.0,0.0,0.0,0.0,3.0,0.0,21,6,4
bafd89534add911f23331d1849a3a4d45d27208a3c4be4e2b4d506a18dc9d8dc4371ed96c91952ce64b4d671b3c5635a893c9bfb051bcf4a77e9130230bed65a,2022-04-27 10:24:00,30,TRAFFIC SIGNAL,FUNCTIONING PROPERLY,CLEAR,DAYLIGHT,REAR END,DIVIDED - W/MEDIAN (NOT RAISED),STRAIGHT AND LEVEL,DRY,NO DEFECTS,NO INJURY / DRIVE AWAY,$500 OR LESS,UNABLE TO DETERMINE,UNABLE TO DETERMINE,442,W,71ST ST,2,NO INDICATION OF INJURY,0.0,0.0,0.0,0.0,0.0,2.0,0.0,10,4,4
1cd15e577658db9925e8c0408bb2eacd2eef1ef7b1a3d63ad594c5e6afb1be118d92464f654471160c9010098c37b489cff940df2575fa9baa0af5a4fcef73b2,2020-10-20 15:30:00,30,NO CONTROLS,NO CONTROLS,CLEAR,DAYLIGHT,SIDESWIPE OPPOSITE DIRECTION,NOT DIVIDED,STRAIGHT AND LEVEL,DRY,NO DEFECTS,NO INJURY / DRIVE AWAY,"$501 - $1,500",UNABLE TO DETERMINE,UNABLE TO DETERMINE,525,N,WABASH AVE,2,NO INDICATION OF INJURY,0.0,0.0,0.0,0.0,0.0,2.0,0.0,15,3,10
4af2152c8805aa0d43e28724519eaf7edd5bcc6166110c0f1308f56c2ac517ada85de2ac9dba94b3d5def0b3bb422fdc703a32af3fd22cc433a3232d788cb8d7,2018-08-10 13:14:00,30,TRAFFIC SIGNAL,FUNCTIONING PROPERLY,CLEAR,DAYLIGHT,TURNING,NOT DIVIDED,STRAIGHT AND LEVEL,DRY,NO DEFECTS,INJURY AND / OR TOW DUE TO CRASH,"OVER $1,500",FAILING TO YIELD RIGHT-OF-WAY,NOT APPLICABLE,3399,N,WESTERN AVE,2,NO INDICATION OF INJURY,0.0,0.0,0.0,0.0,0.0,4.0,0.0,13,6,8
53aae4baf29d58ec0b0d32ebbe78c55f0fbe32636c0ff0faa54e9fb35555787dada7ba95344421fe2858cfee207fc1f8fb80279b093135fd2adb2b3eb4ad681b,2020-12-31 09:15:00,30,NO CONTROLS,NO CONTROLS,CLEAR,DAYLIGHT,SIDESWIPE SAME DIRECTION,NOT DIVIDED,STRAIGHT AND LEVEL,DRY,NO DEFECTS,INJURY AND / OR TOW DUE TO CRASH,"OVER $1,500",UNABLE TO DETERMINE,UNABLE TO DETERMINE,5915,N,NORTHWEST HWY,2,NO INDICATION OF INJURY,0.0,0.0,0.0,0.0,0.0,2.0,0.0,9,5,12