CRASH_RECORD_ID,CRASH_DATE,POSTED_SPEED_LIMIT,TRAFFIC_CONTROL_DEVICE,DEVICE_CONDITION,WEATHER_CONDITION,LIGHTING_CONDITION,FIRST_CRASH_TYPE,TRAFFICWAY_TYPE,ALIGNMENT,ROADWAY_SURFACE_COND,ROAD_DEFECT,CRASH_TYPE,DAMAGE,PRIM_CONTRIBUTORY_CAUSE,SEC_CONTRIBUTORY_CAUSE,STREET_NO,STREET_DIRECTION,STREET_NAME,NUM_UNITS,MOST_SEVERE_INJURY,INJURIES_TOTAL,INJURIES_FATAL,INJURIES_INCAPACITATING,INJURIES_NON_INCAPACITATING,INJURIES_REPORTED_NOT_EVIDENT,INJURIES_NO_INDICATION,INJURIES_UNKNOWN,CRASH_HOUR,CRASH_DAY_OF_WEEK,CRASH_MONTH
38091dd004dad023a48bd5fbf711caeabc6e16af8232361dd62e7a05ba6abf4afeb016c6b62eb25cedf62c07389f5f52e9e4060810cd5d8c580966447be8a2c0,2017-06-02 09:00:00,30,NO CONTROLS,NO CONTROLS,CLEAR,DAYLIGHT,PARKED MOTOR VEHICLE,NOT DIVIDED,STRAIGHT AND LEVEL,DRY,NO DEFECTS,NO INJURY / DRIVE AWAY,"$501 - $1,500",UNABLE TO DETERMINE,UNABLE TO DETERMINE,250,E,76TH ST,2,NO INDICATION OF INJURY,0.0,0.0,0.0,0.0,0.0,1.0,0.0,9,6,6
bd0559baac1ab17b485b8de6583e741d323567d1650a052a796034040d3115ff124ac9bbc246a646177d9af66cef8c04c51540dc530f843c2877e5ffdc3001fc,2019-11-01 13:00:00,15,NO CONTROLS,NO CONTROLS,CLOUDY/OVERCAST,DAYLIGHT,ANGLE,PARKING LOT,STRAIGHT AND LEVEL,DRY,NO DEFECTS,NO INJURY / DRIVE AWAY,"$501 - $1,500",IMPROPER LANE USAGE,NOT APPLICABLE,5412,W,MADISON ST,2,NO INDICATION OF INJURY,0.0,0.0,0.0,0.0,0.0,2.0,0.0,13,6,11
bafba62575ba7ac29ac42a4eefd3dd5334c40625ab8b4a6bd15ed81759c82a1c0c65395e08ce80cf7fb530f4d405d3a5c4285ef41f193cbb7d3940b4a7bdd2c1,2022-05-03 10:30:00,10,NO CONTROLS,NO CONTROLS,RAIN,DAYLIGHT,PARKED MOTOR VEHICLE,PARKING LOT,STRAIGHT AND LEVEL,WET,UNKNOWN,NO INJURY / DRIVE AWAY,"OVER $1,500",UNABLE TO DETERMINE,NOT APPLICABLE,1740,N,KOSTNER AVE,2,NO INDICATION OF INJURY,0.0,0.0,0.0,0.0,0.0,1.0,0.0,10,3,5
13e3af28f08035ccdd6a9fcba3c6bb6f4b75830d16cc50203b49f7a3fb5a1230f1f1a334a9974de0d96f5fadc7a59073db12ef55b4e095a3a0db763c11e2c83b,2022-02-28 06:37:00,20,NO CONTROLS,NO CONTROLS,CLEAR,DAYLIGHT,PARKED MOTOR VEHICLE,ONE-WAY,STRAIGHT AND LEVEL,DRY,NO DEFECTS,NO INJURY / DRIVE AWAY,$500 OR LESS,NOT APPLICABLE,NOT APPLICABLE,5143,W,ALTGELD ST,2,NO INDICATION OF INJURY,0.0,0.0,0.0,0.0,0.0,1.0,0.0,6,2,2
b2b1c219cfff0cc23ee06f92fc79262d30fff9c7b01740b0b2d3ac14bb6d6fa6f37714c403467e558251523cea21160c04ba50647856d84af3179166f0d1ffe5,2018-11-22 12:20:00,30,NO CONTROLS,NO CONTROLS,CLEAR,DAYLIGHT,ANGLE,ALLEY,STRAIGHT AND LEVEL,DRY,NO DEFECTS,NO INJURY / DRIVE AWAY,"$501 - $1,500",FAILING TO YIELD RIGHT-OF-WAY,NOT APPLICABLE,740,E,43RD ST,2,NO INDICATION OF INJURY,0.0,0.0,0.0,0.0,0.0,2.0,0.0,12,5,11
e2440371ae4c3e8c77cb006b00657b856018133797d5056230f9ec665a8873629f7b053315cf292cd9301c390b3b8794e2bec5d09cbf3ba645c582a0bef549ca,2016-01-28 07:25:00,30,TRAFFIC SIGNAL,FUNCTIONING PROPERLY,CLEAR,DAYLIGHT,REAR END,NOT DIVIDED,STRAIGHT AND LEVEL,DRY,NO DEFECTS,NO INJURY / DRIVE AWAY,"OVER $1,500",FOLLOWING TOO CLOSELY,FOLLOWING TOO CLOSELY,4846,S,ARCHER AVE,2,NO INDICATION OF INJURY,0.0,0.0,0.0,0.0,0.0,2.0,0.0,7,5,1
590e57da8545d35348181b37151411af6a4489503b0dd5cb904f7705b44e13fa24df4c2706a546356816d2cc498048dd0505efa0670ba4045793f41538685457,2024-01-20 11:43:00,30,UNKNOWN,UNKNOWN,CLEAR,DAYLIGHT,ANGLE,NOT DIVIDED,STRAIGHT AND LEVEL,SNOW OR SLUSH,NO DEFECTS,INJURY AND / OR TOW DUE TO CRASH,"OVER $1,500",UNABLE TO DETERMINE,UNABLE TO DETERMINE,1158,W,43RD ST,2,NO INDICATION OF INJURY,0.0,0.0,0.0,0.0,0.0,2.0,0.0,11,7,1
f5b2e9fa4742fa8e4b9ea8e98448695c092696ab84d482396b80145f116289d62c163462f64db57049b6a0496cd620c3f5c352ff3d3e7d3ecfa4f455c6f72435,2019-07-09 12:00:00,20,NO CONTROLS,NO CONTROLS,CLEAR,DAYLIGHT,PARKED MOTOR VEHICLE,NOT DIVIDED,STRAIGHT AND LEVEL,DRY,NO DEFECTS,NO INJURY / DRIVE AWAY,"$501 - $1,500",UNABLE TO DETERMINE,NOT APPLICABLE,1624,W,DIVISION ST,2,NO INDICATION OF INJURY,0.0,0.0,0.0,0.0,0.0,1.0,0.0,12,3,7
dc5bd6922cdcb2800f2fa981fa9dddeabf5725744e41d959b7c2098fb191f4f6c9cf1c7f203dda1356059233889b71b53156190ed362d0eb65196bd9c17fa40a,2020-12-15 18:30:00,30,TRAFFIC SIGNAL,FUNCTIONING PROPERLY,CLEAR,"DARKNESS, LIGHTED ROAD",SIDESWIPE SAME DIRECTION,DIVIDED - W/MEDIAN (NOT RAISED),STRAIGHT AND LEVEL,DRY,NO DEFECTS,NO INJURY / DRIVE AWAY,"$501 - $1,500",UNABLE TO DETERMINE,UNABLE TO DETERMINE,3200,N,KIMBALL AVE,2,NO INDICATION OF INJURY,0.0,0.0,0.0,0.0,0.0,2.0,0.0,18,3,12
53bdbd1b03d91e00c6b8609d26b00e17b3574119fe72977f580c7c53034eedee3787218e78b55358c7174d719de373d3233c0e502b7ebc35d2b4f228949a5b08,2019-04-04 14:25:00,30,TRAFFIC SIGNAL,FUNCTIONING PROPERLY,RAIN,DAYLIGHT,REAR END,DIVIDED - W/MEDIAN BARRIER,STRAIGHT AND LEVEL,WET,NO DEFECTS,NO INJURY / DRIVE AWAY,"OVER $1,500",NOT APPLICABLE,NOT APPLICABLE,950,W,GARFIELD BLVD,3,NO INDICATION OF INJURY,0.0,0.0,0.0,0.0,0.0,3.0,0.0,14,5,4
df52ecae21e7d7a8c34dfe119eb78b517ed52be026871aec1eb621e7af130fc231a94afa45fcf83fae3c9fc4cf22c531626d66d926c6e3e5fd05ec63cf4657c5,2023-09-10 13:00:00,30,TRAFFIC SIGNAL,FUNCTIONING PROPERLY,CLEAR,DAYLIGHT,TURNING,FOUR WAY,STRAIGHT AND LEVEL,DRY,NO DEFECTS,NO INJURY / DRIVE AWAY,"OVER $1,500",UNABLE TO DETERMINE,UNABLE TO DETERMINE,3000,W,ADDISON ST,3,NO INDICATION OF INJURY,0.0,0.0,0.0,0.0,0.0,3.0,0.0,13,1,9
13dbfff9b68c9d5e6e38e0fdc10dcc74cd8d7a5a864acc49d14ae4a9a0d75a7d454729a64c202a535f94e82b731394e053e63446c5652457cfdc73f24528910e,2019-02-25 08:07:00,35,STOP SIGN/FLASHER,FUNCTIONING PROPERLY,CLEAR,DAYLIGHT,TURNING,NOT DIVIDED,STRAIGHT AND LEVEL,DRY,NO DEFECTS,INJURY AND / OR TOW DUE TO CRASH,"OVER $1,500",FAILING TO YIELD RIGHT-OF-WAY,NOT APPLICABLE,4231,W,BELMONT AVE,2,NONINCAPACITATING INJURY,4.0,0.0,0.0,4.0,0.0,3.0,0.0,8,2,2
f339383880760f312474fc0b3dd3fb091251e2516821525ce7a72352da78d2c9f5b5ede9b3816ac403dc16853343d84729a47dd53f468830df28074ce85e2021,2016-12-02 17:00:00,30,TRAFFIC SIGNAL,FUNCTIONING PROPERLY,SNOW,DUSK,PARKED MOTOR VEHICLE,CENTER TURN LANE,STRAIGHT ON HILLCREST,SNOW OR SLUSH,NO DEFECTS,NO INJURY / DRIVE AWAY,"$501 - $1,500",FAILING TO REDUCE SPEED TO AVOID CRASH,WEATHER,1791,W,HOWARD ST,2,NO INDICATION OF INJURY,0.0,0.0,0.0,0.0,0.0,1.0,0.0,17,6,12
d1372cf05a00db9841949205917acdb27aaa0346fa7567c1399a95b992453735294724cdfee548c2c485b7313eeca5d94d2d71124b7a390dba87e41e4fe8afd7,2021-06-19 18:35:00,35,TRAFFIC SIGNAL,FUNCTIONING PROPERLY,CLEAR,DAYLIGHT,SIDESWIPE SAME DIRECTION,NOT DIVIDED,STRAIGHT AND LEVEL,DRY,NO DEFECTS,NO INJURY / DRIVE AWAY,"OVER $1,500",NOT APPLICABLE,NOT APPLICABLE,5506,W,MONTROSE AVE,2,NO INDICATION OF INJURY,0.0,0.0,0.0,0.0,0.0,2.0,0.0,18,7,6
5cb331396ad6516252d6f5268a330208c7fe74df38433679f2becba65081015963acc12d7846a7b525fd30e9ef512d825b952b99284e6660b5e6e50048782df5,2020-07-17 23:15:00,30,NO CONTROLS,NO CONTROLS,CLEAR,"DARKNESS, LIGHTED ROAD",FIXED OBJECT,NOT DIVIDED,STRAIGHT AND LEVEL,DRY,NO DEFECTS,INJURY AND / OR TOW DUE TO CRASH,"OVER $1,500",DISTRACTION - FROM INSIDE VEHICLE,UNABLE TO DETERMINE,7409,W,IRVING PARK RD,1,NO INDICATION OF INJURY,0.0,0.0,0.0,0.0,0.0,2.0,0.0,23,6,7
73e35301da809c0e029687d759648ffd32396c9d7310d849ced2b099fe65cd7d3b03a478933841c5e6978ea672d2c1fa094e50d0f0f4ed074a81cbe91dec946c,2020-10-22 17:00:00,35,TRAFFIC SIGNAL,FUNCTIONING PROPERLY,CLEAR,DAYLIGHT,REAR END,UNKNOWN,STRAIGHT AND LEVEL,DRY,UNKNOWN,NO INJURY / DRIVE AWAY,"$501 - $1,500",FOLLOWING TOO CLOSELY,FOLLOWING TOO CLOSELY,1401,S,SACRAMENTO DR,2,NO INDICATION OF INJURY,0.0,0.0,0.0,0.0,0.0,2.0,0.0,17,5,10
1e415c8ea9b67728b6f50e2cdd8ee75369bf5ed55fa16c330504bffc8321c26e005162079a1d6cff098370d4364705b3c52d5ec878133c536a58ce9f5fb9c4d2,2018-05-19 04:40:00,45,LANE USE MARKING,FUNCTIONING PROPERLY,RAIN,"DARKNESS, LIGHTED ROAD",FIXED OBJECT,DIVIDED - W/MEDIAN BARRIER,CURVE ON GRADE,WET,NO DEFECTS,INJURY AND / OR TOW DUE TO CRASH,"OVER $1,500",FAILING TO REDUCE SPEED TO AVOID CRASH,HAD BEEN DRINKING (USE WHEN ARREST IS NOT MADE),100,E,66TH ST,1,NONINCAPACITATING INJURY,1.0,0.0,0.0,1.0,0.0,0.0,0.0,4,7,5
847da2e57b5c07e488d413591d2ebadf79f3eff25a28ee981b97280adcbf34c75fe576024c82ecf0615a68f61c4b34193ad467cbd56897d44abdc81c60ee4d98,2023-07-18 19:30:00,25,STOP SIGN/FLASHER,FUNCTIONING PROPERLY,CLEAR,DAYLIGHT,REAR TO FRONT,ONE-WAY,STRAIGHT AND LEVEL,DRY,NO DEFECTS,NO INJURY / DRIVE AWAY,"OVER $1,500",IMPROPER BACKING,UNABLE TO DETERMINE,5156,W,PENSACOLA AVE,2,NO INDICATION OF INJURY,0.0,0.0,0.0,0.0,0.0,2.0,0.0,19,3,7
d36d30f1c455b6aabbb08128ef2368c9f7d83893b78cb55c26693bdf86863a598a9ae140724f21bcd829ea4b3777da0ea7e4ec098d37e7e33c7838ea81722741,2021-10-15 19:50:00,25,NO CONTROLS,NO CONTROLS,CLEAR,"DARKNESS, LIGHTED ROAD",ANGLE,NOT DIVIDED,STRAIGHT AND LEVEL,UNKNOWN,UNKNOWN,INJURY AND / OR TOW DUE TO CRASH,"OVER $1,500",FAILING TO YIELD RIGHT-OF-WAY,NOT APPLICABLE,4100,W,JACKSON BLVD,2,NO INDICATION OF INJURY,0.0,0.0,0.0,0.0,0.0,3.0,0.0,19,6,10
f225cd68c029d671c647013d933dcf31089d43f1484100495ee3b6ab1f981ac273445c71878400afa31bc703617364d1ab16dab59c9f9b84c596c4d85a2e9691,2022-11-25 17:45:00,30,NO CONTROLS,NO CONTROLS,CLEAR,DARKNESS,REAR END,RAMP,STRAIGHT ON GRADE,DRY,NO DEFECTS,NO INJURY / DRIVE AWAY,"OVER $1,500",UNABLE TO DETERMINE,UNABLE TO DETERMINE,1159,S,UNION AVE,3,NO INDICATION OF INJURY,0.0,0.0,0.0,0.0,0.0,7.0,0.0,17,6,11
9eada9748c713dc3736e3a46118e388a22227c548d3968321ddb85726dc8f627165322529813dcc05fb68f42d26a7574aec656020cd172d48c62a40f2c7eca65,2019-08-05 20:58:00,30,STOP SIGN/FLASHER,FUNCTIONING PROPERLY,CLEAR,"DARKNESS, LIGHTED ROAD",PEDALCYCLIST,NOT DIVIDED,STRAIGHT AND LEVEL,DRY,NO DEFECTS,INJURY AND / OR TOW DUE TO CRASH,$500 OR LESS,DISREGARDING STOP SIGN,UNABLE TO DETERMINE,3158,W,HOMER ST,2,NONINCAPACITATING INJURY,1.0,0.0,0.0,1.0,0.0,1.0,0.0,20,2,8
44885a13a65cbcaa1925fa2532d05fea302f6d3de1950e3fc1bed732dea77a70f171ac4f3f90381c003ad8b5f1ef6840af28f57398bd36d22c59ad55594c97d6,2022-08-07 12:41:00,30,UNKNOWN,UNKNOWN,UNKNOWN,UNKNOWN,SIDESWIPE SAME DIRECTION,OTHER,STRAIGHT AND LEVEL,UNKNOWN,UNKNOWN,NO INJURY / DRIVE AWAY,"OVER $1,500",UNABLE TO DETERMINE,UNABLE TO DETERMINE,1521,S,LAKE SHORE DR E,2,NO INDICATION OF INJURY,0.0,0.0,0.0,0.0,0.0,2.0,0.0,12,1,8
e8a215fd869ef81742d82c66d5237372d60e53cc1cacf36e64cb19061bd46183917579c82010382af71d73b8091ec2e28ffc3127defb126a2a8bde858a774171,2019-12-31 14:55:00,30,NO CONTROLS,NO CONTROLS,SNOW,DAYLIGHT,SIDESWIPE SAME DIRECTION,OTHER,STRAIGHT AND LEVEL,SNOW OR SLUSH,NO DEFECTS,NO INJURY / DRIVE AWAY,"$501 - $1,500",DRIVING SKILLS/KNOWLEDGE/EXPERIENCE,NOT APPLICABLE,113,N,DEARBORN ST,2,NO INDICATION OF INJURY,0.0,0.0,0.0,0.0,0.0,2.0,0.0,14,3,12
d915aa8c3e1548baaf15431ad0fc42db8c4f3ffea3c5ea8dcab270df4f094dfefd6d2a757828c4aa62c72b98c430e71183e5e2d64b691edc43f77ca85fcba3a3,2020-12-29 17:30:00,30,NO CONTROLS,NO CONTROLS,SNOW,"DARKNESS, LIGHTED ROAD",REAR END,NOT DIVIDED,STRAIGHT AND LEVEL,SNOW OR SLUSH,NO DEFECTS,NO INJURY / DRIVE AWAY,"OVER $1,500",FOLLOWING TOO CLOSELY,WEATHER,7100,S,ASHLAND AVE,2,NO INDICATION OF INJURY,0.0,0.0,0.0,0.0,0.0,2.0,0.0,17,3,12
4b819fe7ff77a1cab184544539f804484635160568f83cdd4fd1c6ff2b978b0eb3dbe6c967d4b224940ff409e82bfe4dacbff48c2640c4dcde3161fa4444c9ca,2023-09-11 09:58:00,35,NO CONTROLS,NO CONTROLS,RAIN,DAYLIGHT,FIXED OBJECT,DIVIDED - W/MEDIAN BARRIER,STRAIGHT AND LEVEL,WET,NO DEFECTS,INJURY AND / OR TOW DUE TO CRASH,"OVER $1,500",UNABLE TO DETERMINE,UNABLE TO DETERMINE,9408,S,HALSTED ST,1,NO INDICATION OF INJURY,0.0,0.0,0.0,0.0,0.0,1.0,0.0,9,2,9
37ecde9376d75311531d902d221ac6f59c21949b88e4b9a6157a6cf0ce0cb060aeb3107e7be5282ef9cb37273c548a2ddce8935fd006a88b512404242f7d7a77,2017-07-02 03:05:00,20,STOP SIGN/FLASHER,OTHER,CLEAR,"DARKNESS, LIGHTED ROAD",TURNING,OTHER,STRAIGHT AND LEVEL,DRY,NO DEFECTS,NO INJURY / DRIVE AWAY,"OVER $1,500",UNABLE TO DETERMINE,NOT APPLICABLE,3500,W,BARRY AVE,2,NO INDICATION OF INJURY,0.0,0.0,0.0,0.0,0.0,2.0,0.0,3,1,7
91364b080aafeab1565373765d1451d22b890121b44eeabb8b8de582f33c3a8b66e81f68c6838c82c5ffcf9b4a91baac85238cf4fe58cbe32aaf9de84e16b3ba,2022-02-02 18:24:00,30,NO CONTROLS,NO CONTROLS,SNOW,"DARKNESS, LIGHTED ROAD",PARKED MOTOR VEHICLE,NOT DIVIDED,STRAIGHT AND LEVEL,SNOW OR SLUSH,NO DEFECTS,NO INJURY / DRIVE AWAY,"OVER $1,500",UNABLE TO DETERMINE,UNABLE TO DETERMINE,8936,S,COTTAGE GROVE AVE,2,NO INDICATION OF INJURY,0.0,0.0,0.0,0.0,0.0,1.0,0.0,18,4,2
9c60acbb599fa90b1c45c355acd56e772a4043c85808e6c7f4f9ca5f1840e3d008b9234c6939928cde9b302635ebaf80e8cbc874e96055ba859d687aa729fb7c,2024-02-08 20:53:00,30,STOP SIGN/FLASHER,FUNCTIONING PROPERLY,CLOUDY/OVERCAST,"DARKNESS, LIGHTED ROAD",ANGLE,FOUR WAY,STRAIGHT AND LEVEL,WET,NO DEFECTS,INJURY AND / OR TOW DUE TO CRASH,"OVER $1,500",FAILING TO YIELD RIGHT-OF-WAY,UNABLE TO DETERMINE,100,S,SANGAMON ST,2,NO INDICATION OF INJURY,0.0,0.0,0.0,0.0,0.0,2.0,0.0,20,5,2
89edb189015dd1bda4f92cd64cea693814d28d22f2c0c56301334b1eace60a93bc1a6cca4a96c8a015e7ff8e79d866b80555da1a6f70dab9f11f0b24d5229f3f,2021-02-25 12:37:00,30,TRAFFIC SIGNAL,FUNCTIONING PROPERLY,CLEAR,DAYLIGHT,TURNING,NOT DIVIDED,STRAIGHT AND LEVEL,DRY,UNKNOWN,NO INJURY / DRIVE AWAY,"$501 - $1,500",FAILING TO YIELD RIGHT-OF-WAY,FAILING TO YIELD RIGHT-OF-WAY,4700,W,WILSON AVE,2,NO INDICATION OF INJURY,0.0,0.0,0.0,0.0,0.0,2.0,0.0,12,5,2
5eeccae18dc7c92e189418b7b45f7aab2798b7a65376d64732b7fb2cc89231c621a81df46f885ab964894ed159b26f26117c648489110baf65c0dc741f2c80d6,2023-10-13 05:30:00,30,UNKNOWN,UNKNOWN,CLEAR,UNKNOWN,PARKED MOTOR VEHICLE,ONE-WAY,STRAIGHT AND LEVEL,DRY,NO DEFECTS,NO INJURY / DRIVE AWAY,"OVER $1,500",UNABLE TO DETERMINE,NOT APPLICABLE,6427,N,NEWGARD AVE,2,NO INDICATION OF INJURY,0.0,0.0,0.0,0.0,0.0,1.0,0.0,5,6,10
83beda47be18248e1d53bfcac71d5100e64503430381a6af3541590c51a3bf53cd9a91cf905a79f98b3ad0657f962b985c286564606100288c9c5a5e9115efa0,2018-12-09 19:30:00,35,NO CONTROLS,NO CONTROLS,CLEAR,"DARKNESS, LIGHTED ROAD",FIXED OBJECT,NOT DIVIDED,STRAIGHT AND LEVEL,DRY,"RUT, HOLES",NO INJURY / DRIVE AWAY,"$501 - $1,500",UNABLE TO DETERMINE,UNABLE TO DETERMINE,3324,W,ADDISON ST,1,NO INDICATION OF INJURY,0.0,0.0,0.0,0.0,0.0,1.0,0.0,19,1,12
39e83daee1bb53a26c291341c171164dddae4a2de1eae4c44b12f2730f2c1e877514c85bd26931c64a5a736aa6eb9ce7f87fd406b9cf2783b76fc1059dd39051,2019-05-12 22:45:00,30,NO CONTROLS,NO CONTROLS,RAIN,"DARKNESS, LIGHTED ROAD",TURNING,NOT DIVIDED,STRAIGHT AND LEVEL,WET,UNKNOWN,INJURY AND / OR TOW DUE TO CRASH,$500 OR LESS,FAILING TO YIELD RIGHT-OF-WAY,UNABLE TO DETERMINE,6015,N,WESTERN AVE,2,"REPORTED, NOT EVIDENT",3.0,0.0,0.0,0.0,3.0,2.0,0.0,22,1,5
a019ec85584400e8fe638998a6e228c207620fef9974f6e5e7e52a960261b28a7c50c27a19ddc4cf71096fd5466ccc45d5482fcedb7689a2564248b60d1db554,2022-07-16 14:36:00,30,NO CONTROLS,NO CONTROLS,CLEAR,DAYLIGHT,SIDESWIPE SAME DIRECTION,ONE-WAY,STRAIGHT AND LEVEL,DRY,NO DEFECTS,NO INJURY / DRIVE AWAY,$500 OR LESS,UNABLE TO DETERMINE,NOT APPLICABLE,2629,W,EVERGREEN AVE,2,NO INDICATION OF INJURY,0.0,0.0,0.0,0.0,0.0,3.0,0.0,14,7,7
8b4f6084f3f89d4e276525c0798314e8f088ad3d399460ff43b8a25995d547b68b379feacdf60f9de76cd4250b865791cfab78a609332227098d6f0ce23d51c4,2018-06-14 08:05:00,30,TRAFFIC SIGNAL,FUNCTIONING PROPERLY,CLEAR,DAYLIGHT,REAR END,NOT DIVIDED,STRAIGHT AND LEVEL,DRY,NO DEFECTS,NO INJURY / DRIVE AWAY,"OVER $1,500",FOLLOWING TOO CLOSELY,UNABLE TO DETERMINE,2900,W,63RD ST,2,NO INDICATION OF INJURY,0.0,0.0,0.0,0.0,0.0,2.0,0.0,8,5,6
af1b3dc5041b0b20dce45aa150b1e731ebb7b86c8bb81069333ca0b38a2931ec99b691b630df865888907dbbd1b264504d3134ce1c33150764a978b2e16f8128,2019-06-11 08:00:00,30,NO CONTROLS,NO CONTROLS,CLEAR,DAYLIGHT,PARKED MOTOR VEHICLE,PARKING LOT,STRAIGHT AND LEVEL,DRY,UNKNOWN,NO INJURY / DRIVE AWAY,"OVER $1,500",NOT APPLICABLE,NOT APPLICABLE,4359,W,36TH ST,2,NO INDICATION OF INJURY,0.0,0.0,0.0,0.0,0.0,1.0,0.0,8,3,6
3b100a4a69be95300fc41f334906420a378b592d026851cd203978eb576a6d1b3adccc9d79c3bb4592bd1d810546f4b167ccffe753762ae4e5320d9be611916a,2021-09-26 00:20:00,30,UNKNOWN,UNKNOWN,CLEAR,"DARKNESS, LIGHTED ROAD",SIDESWIPE SAME DIRECTION,NOT DIVIDED,STRAIGHT AND LEVEL,DRY,NO DEFECTS,INJURY AND / OR TOW DUE TO CRASH,"OVER $1,500",UNABLE TO DETERMINE,UNABLE TO DETERMINE,7600,S,EMERALD AVE,2,NO INDICATION OF INJURY,0.0,0.0,0.0,0.0,0.0,3.0,0.0,0,1,9
26d9aa4d0aa1d15f44f32f9cc9500264c539602322ffbb105d6cf14443cd0103b41d62da65d1a6072f2bdb6a48f2433d87151f2d8ddea2f0fb28f3dee929a5b0,2022-06-21 11:45:00,30,TRAFFIC SIGNAL,FUNCTIONING PROPERLY,CLEAR,DAYLIGHT,REAR END,DIVIDED - W/MEDIAN (NOT RAISED),STRAIGHT AND LEVEL,DRY,NO DEFECTS,NO INJURY / DRIVE AWAY,"OVER $1,500",UNABLE TO DETERMINE,UNABLE TO DETERMINE,6159,N,SHERIDAN RD,2,NO INDICATION OF INJURY,0.0,0.0,0.0,0.0,0.0,2.0,0.0,11,3,6
9974952e6802020c0af1e1f90993ac32d59c08f206fa631902243024f5d3a4cd6620991b0457b22132ef089ad39d057ece16e012b31c9fb83417e2c2a4bdee8b,2021-04-22 09:00:00,30,NO CONTROLS,NO CONTROLS,CLEAR,DAYLIGHT,PARKED MOTOR VEHICLE,RAMP,STRAIGHT AND LEVEL,DRY,NO DEFECTS,NO INJURY / DRIVE AWAY,"OVER $1,500",DRIVING SKILLS/KNOWLEDGE/EXPERIENCE,IMPROPER BACKING,4500,W,47TH ST,2,NO INDICATION OF INJURY,0.0,0.0,0.0,0.0,0.0,1.0,0.0,9,5,4
dbd94cd85700d23aac1ee91b013eca2e02328b3173f33fe4e2314f60369a8f5e698d65360aee1492e9007487a009d2e1bddabf4e0e9e5949eca18952a96bb3a2,2016-06-06 15:30:00,30,STOP SIGN/FLASHER,FUNCTIONING PROPERLY,CLEAR,DAYLIGHT,ANGLE,NOT DIVIDED,STRAIGHT AND LEVEL,DRY,NO DEFECTS,NO INJURY / DRIVE AWAY,"OVER $1,500",FAILING TO YIELD RIGHT-OF-WAY,NOT APPLICABLE,6700,S,SPRINGFIELD AVE,2,NO INDICATION OF INJURY,0.0,0.0,0.0,0.0,0.0,2.0,0.0,15,2,6
cdce3acb70786069da39ada1ce4aabdf168251e5c8d01de5dc0836abca61b05f2c7514b561fab0ec2d661ae59f1278a58131ea3e1936022929e03b7964a554f4,2018-12-06 12:30:00,30,NO CONTROLS,NO CONTROLS,CLEAR,DAYLIGHT,PARKED MOTOR VEHICLE,NOT DIVIDED,STRAIGHT AND LEVEL,WET,NO DEFECTS,NO INJURY / DRIVE AWAY,"OVER $1,500",IMPROPER LANE USAGE,IMPROPER LANE USAGE,715,E,47TH ST,2,NO INDICATION OF INJURY,0.0,0.0,0.0,0.0,0.0,2.0,0.0,12,5,12
8ef73f21f343aa02a57b6540783e799ff60d38eb6b961a9da785023c487884b675d63faa76b17a26a318aba838812b684d5968e2debdd82b369dd9a1b2cf8070,2023-03-20 14:25:00,35,TRAFFIC SIGNAL,FUNCTIONING PROPERLY,CLEAR,DAYLIGHT,ANGLE,FOUR WAY,STRAIGHT AND LEVEL,DRY,UNKNOWN,INJURY AND / OR TOW DUE TO CRASH,"OVER $1,500",UNABLE TO DETERMINE,NOT APPLICABLE,1,N,SACRAMENTO BLVD,2,NONINCAPACITATING INJURY,2.0,0.0,0.0,2.0,0.0,0.0,0.0,14,2,3
b0484f78b3b3d8605eaab07fb373fdd57851ebfa44c560cc70e03d12047ff70aa9b605c27de42bfcc26c1ed434f12c9dd7ac2cdee3b6bbf2391ea0d19e596250,2019-07-27 11:30:00,25,TRAFFIC SIGNAL,UNKNOWN,CLEAR,DAYLIGHT,TURNING,T-INTERSECTION,STRAIGHT AND LEVEL,DRY,NO DEFECTS,NO INJURY / DRIVE AWAY,"OVER $1,500",UNABLE TO DETERMINE,NOT APPLICABLE,4910,S,DR MARTIN LUTHER KING JR DR,2,NO INDICATION OF INJURY,0.0,0.0,0.0,0.0,0.0,2.0,0.0,11,7,7
cab8660601db6f71d704827f579670dfca59bbdda35444ed30cc3b4fd2f96936d38f3d50d97c5285bb56a768f3142e519f144e69ce0c1267fa132c2a9cb6ca66,2021-07-19 15:00:00,30,NO CONTROLS,NO CONTROLS,CLEAR,DAYLIGHT,PARKED MOTOR VEHICLE,ONE-WAY,STRAIGHT AND LEVEL,DRY,NO DEFECTS,NO INJURY / DRIVE AWAY,$500 OR LESS,IMPROPER BACKING,NOT APPLICABLE,1250,S,UNION AVE,2,NO INDICATION OF INJURY,0.0,0.0,0.0,0.0,0.0,2.0,0.0,15,2,7
e052a2133674e230e4d5db1f4772ac7cf592472933abaec3aedf4ad153e0713b03ee7a79807b1c85b06f3581a92fe58f972d2f84152e459264a3bc85dee77c50,2022-05-25 00:06:00,30,TRAFFIC SIGNAL,FUNCTIONING PROPERLY,CLEAR,"DARKNESS, LIGHTED ROAD",ANGLE,FOUR WAY,STRAIGHT AND LEVEL,DRY,NO DEFECTS,INJURY AND / OR TOW DUE TO CRASH,"OVER $1,500",DISREGARDING TRAFFIC SIGNALS,FAILING TO REDUCE SPEED TO AVOID CRASH,3999,W,31ST ST,2,NO INDICATION OF INJURY,0.0,0.0,0.0,0.0,0.0,2.0,0.0,0,4,5