CRASH_RECORD_ID,CRASH_DATE,POSTED_SPEED_LIMIT,TRAFFIC_CONTROL_DEVICE,DEVICE_CONDITION,WEATHER_CONDITION,LIGHTING_CONDITION,FIRST_CRASH_TYPE,TRAFFICWAY_TYPE,ALIGNMENT,ROADWAY_SURFACE_COND,ROAD_DEFECT,CRASH_TYPE,DAMAGE,PRIM_CONTRIBUTORY_CAUSE,SEC_CONTRIBUTORY_CAUSE,STREET_NO,STREET_DIRECTION,STREET_NAME,NUM_UNITS,MOST_SEVERE_INJURY,INJURIES_TOTAL,INJURIES_FATAL,INJURIES_INCAPACITATING,INJURIES_NON_INCAPACITATING,INJURIES_REPORTED_NOT_EVIDENT,INJURIES_NO_INDICATION,INJURIES_UNKNOWN,CRASH_HOUR,CRASH_DAY_OF_WEEK,CRASH_MONTH
927fab85a27f3460331c621216f1b1857b2050742f5cbf5b9f9db542070288ed62e731f36816404803b3f0ce068d0c45751bdaf06db0f3b4900b01803f6a5b5c,2019-02-23 16:30:00,30,STOP SIGN/FLASHER,NO CONTROLS,RAIN,DAYLIGHT,ANGLE,DIVIDED - W/MEDIAN (NOT RAISED),STRAIGHT AND LEVEL,WET,NO DEFECTS,NO INJURY / DRIVE AWAY,"OVER $1,500",IMPROPER BACKING,NOT APPLICABLE,759,W,79TH ST,2,NO INDICATION OF INJURY,0.0,0.0,0.0,0.0,0.0,3.0,0.0,16,7,2
44112c5e35ae2a851fe501751a7922b92f6cc1c877f68315ecdced94f7506eeecc9d312f5d1f75eb35804ce8582c8dbbf53483b0451f47f34085509d1d011729,2022-12-18 14:40:00,30,TRAFFIC SIGNAL,FUNCTIONING PROPERLY,CLEAR,DAYLIGHT,REAR END,"FIVE POINT, OR MORE",STRAIGHT AND LEVEL,DRY,NO DEFECTS,NO INJURY / DRIVE AWAY,"OVER $1,500","OPERATING VEHICLE IN ERRATIC, RECKLESS, CARELESS, NEGLIGENT OR AGGRESSIVE MANNER",UNABLE TO DETERMINE,2,W,71ST ST,2,NO INDICATION OF INJURY,0.0,0.0,0.0,0.0,0.0,2.0,0.0,14,1,12
6e9ffc7796258044c4cb7ef318a184304db24c68ed4a979a6a04e2a90553c07b650ed07f7f02faa7bdcf3ed0ba1f2720e82d24383d871d75b995be7d95f8f85d,2017-12-19 00:46:00,30,NO CONTROLS,NO CONTROLS,CLEAR,"DARKNESS, LIGHTED ROAD",OTHER OBJECT,NOT DIVIDED,STRAIGHT AND LEVEL,DRY,NO DEFECTS,INJURY AND / OR TOW DUE TO CRASH,"OVER $1,500",UNABLE TO DETERMINE,UNABLE TO DETERMINE,4210,S,KEDZIE AVE,1,NONINCAPACITATING INJURY,1.0,0.0,0.0,1.0,0.0,2.0,0.0,0,3,12
c9f817a2b07b1c2aefe2fb878a8508e6dce9e4d0b41ccf44e1125aa9cd722c9e88f5a3e3924f3c5eb27dcb26e425e23b8d57152afdda5abd2c722688881af9ec,2018-01-17 09:40:00,30,TRAFFIC SIGNAL,FUNCTIONING PROPERLY,CLEAR,DAYLIGHT,FIXED OBJECT,NOT DIVIDED,STRAIGHT AND LEVEL,ICE,NO DEFECTS,INJURY AND / OR TOW DUE TO CRASH,"OVER $1,500",WEATHER,NOT APPLICABLE,6700,S,SOUTH SHORE DR,1,NO INDICATION OF INJURY,0.0,0.0,0.0,0.0,0.0,1.0,0.0,9,4,1
e9e5bc35d9e318871c40f57f3cf7d9b01301f0b4fe4ff842dfbf59dffe93ee2f488f388884e1c34b73237c3b88ad6a0836cf61a19deabc92dce906a0a376bc25,2021-03-06 01:00:00,30,TRAFFIC SIGNAL,FUNCTIONING PROPERLY,CLEAR,"DARKNESS, LIGHTED ROAD",TURNING,ONE-WAY,STRAIGHT AND LEVEL,DRY,NO DEFECTS,NO INJURY / DRIVE AWAY,$500 OR LESS,UNABLE TO DETERMINE,UNABLE TO DETERMINE,3100,S,LA SALLE ST,2,NO INDICATION OF INJURY,0.0,0.0,0.0,0.0,0.0,2.0,0.0,1,7,3
aca528e40810db063aad80424dc4374cd6e66ff7575ff93e5baae12ec412166ebb3658bcc50661fec05a02835eb6293e86066b069200c685cc6dbc05be5ff5bb,2023-05-28 00:20:00,30,TRAFFIC SIGNAL,FUNCTIONING PROPERLY,CLEAR,"DARKNESS, LIGHTED ROAD",PARKED MOTOR VEHICLE,NOT DIVIDED,STRAIGHT AND LEVEL,DRY,NO DEFECTS,INJURY AND / OR TOW DUE TO CRASH,"OVER $1,500",NOT APPLICABLE,NOT APPLICABLE,399,E,60TH ST,3,NO INDICATION OF INJURY,0.0,0.0,0.0,0.0,0.0,1.0,0.0,0,1,5
7c1b094f7a9a5f5eccc3bd23be2a9561f73b83553203c36b5eef4d5580f4486402fced45f1a4cbd209c96ab3a14f6a4113d671a603ed25bb051d999e2e0ebc2e,2021-08-02 10:30:00,30,NO CONTROLS,NO CONTROLS,CLEAR,DAYLIGHT,FIXED OBJECT,NOT DIVIDED,STRAIGHT AND LEVEL,DRY,NO DEFECTS,INJURY AND / OR TOW DUE TO CRASH,"OVER $1,500",UNABLE TO DETERMINE,NOT APPLICABLE,800,N,CENTRAL PARK AVE,1,NONINCAPACITATING INJURY,1.0,0.0,0.0,1.0,0.0,0.0,0.0,10,2,8
4979c9cfacf26d5247ccf2270d011a7657012c300556c8705b0a25b496701f037fb62a5ddbbab743341ba468ae9d364fbfe926d9b446eee9df7412ffbc4e897f,2023-03-10 17:27:00,30,STOP SIGN/FLASHER,FUNCTIONING PROPERLY,CLEAR,DAYLIGHT,TURNING,DIVIDED - W/MEDIAN BARRIER,STRAIGHT AND LEVEL,WET,NO DEFECTS,INJURY AND / OR TOW DUE TO CRASH,"OVER $1,500",FAILING TO YIELD RIGHT-OF-WAY,UNABLE TO DETERMINE,7900,S,KILPATRICK AVE,2,NO INDICATION OF INJURY,0.0,0.0,0.0,0.0,0.0,4.0,0.0,17,6,3
82470b47190aa70500628ca2dc19698d0e1604fe7810fde8f8f079fb07faf70093543802c854ee6b1ea017e1a684c130c2fe91aa651eaa2ec7239b0326755c2e,2022-08-04 09:00:00,35,NO CONTROLS,NO CONTROLS,CLEAR,DAYLIGHT,ANGLE,NOT DIVIDED,STRAIGHT AND LEVEL,DRY,NO DEFECTS,NO INJURY / DRIVE AWAY,"OVER $1,500",FAILING TO YIELD RIGHT-OF-WAY,UNABLE TO DETERMINE,6700,S,HAMLIN AVE,2,NO INDICATION OF INJURY,0.0,0.0,0.0,0.0,0.0,2.0,0.0,9,5,8
745df9db4eefbedecf929925c154ce943507e9e0205eca9f25a7999aeb77e71ed78f81f8458836c3972b31cfa81804751699903925f95840c108eaf3ac305a8c,2017-08-24 17:10:00,30,TRAFFIC SIGNAL,FUNCTIONING PROPERLY,CLEAR,DAYLIGHT,HEAD ON,DIVIDED - W/MEDIAN (NOT RAISED),STRAIGHT AND LEVEL,DRY,NO DEFECTS,INJURY AND / OR TOW DUE TO CRASH,"OVER $1,500",PHYSICAL CONDITION OF DRIVER,UNABLE TO DETERMINE,1200,N,WESTERN AVE,2,INCAPACITATING INJURY,4.0,0.0,2.0,1.0,1.0,0.0,0.0,17,5,8
ca2ecd4b4ebc762fad3d9a686e776dca7f59a5058d9ea9ed7bff3d446c5960044b642baaad76845d70b4f594af96d7868926764916014eaa4d731378268e1767,2021-02-12 18:10:00,30,NO CONTROLS,NO CONTROLS,CLEAR,DARKNESS,SIDESWIPE SAME DIRECTION,DIVIDED - W/MEDIAN (NOT RAISED),STRAIGHT AND LEVEL,DRY,NO DEFECTS,INJURY AND / OR TOW DUE TO CRASH,"OVER $1,500",IMPROPER LANE USAGE,FAILING TO REDUCE SPEED TO AVOID CRASH,676,N,MICHIGAN AVE,2,"REPORTED, NOT EVIDENT",1.0,0.0,0.0,0.0,1.0,2.0,0.0,18,6,2
1000cd4350d216cabc0510acdc241ff14abe01043b978eaa438c2ad5cfaa129606871ac42c661cce305800af50bd9d159fdbfd6db539bf57ee163d499ab99d9a,2020-10-07 14:58:00,35,TRAFFIC SIGNAL,UNKNOWN,CLEAR,DAYLIGHT,TURNING,NOT DIVIDED,STRAIGHT AND LEVEL,DRY,UNKNOWN,INJURY AND / OR TOW DUE TO CRASH,"OVER $1,500",UNABLE TO DETERMINE,NOT APPLICABLE,4200,W,WASHINGTON BLVD,2,NO INDICATION OF INJURY,0.0,0.0,0.0,0.0,0.0,2.0,0.0,14,4,10
0f1ae979a13a9ce65f935332dc0bb7fb455f90519494fe3c304d8ba8c41791c9fbe457523613720a99ccbc862cfc61e714479e34d87bf900e4f90fa5cd249b08,2018-08-10 12:00:00,30,NO CONTROLS,NO CONTROLS,CLEAR,DAYLIGHT,SIDESWIPE SAME DIRECTION,NOT DIVIDED,STRAIGHT AND LEVEL,DRY,NO DEFECTS,NO INJURY / DRIVE AWAY,"OVER $1,500",FAILING TO YIELD RIGHT-OF-WAY,EXCEEDING SAFE SPEED FOR CONDITIONS,2764,N,MILWAUKEE AVE,2,NO INDICATION OF INJURY,0.0,0.0,0.0,0.0,0.0,2.0,0.0,12,6,8
2e304408b004f294aab089dbe98b2ee214f7ef041362443c7f3fc7ff4547ce05761dc08071df21143eb269f54964bc8b4125d1cef10690fd89945c9ab2cc6a2a,2022-12-11 06:00:00,40,NO CONTROLS,FUNCTIONING PROPERLY,CLEAR,"DARKNESS, LIGHTED ROAD",SIDESWIPE SAME DIRECTION,DIVIDED - W/MEDIAN BARRIER,STRAIGHT AND LEVEL,UNKNOWN,NO DEFECTS,NO INJURY / DRIVE AWAY,"$501 - $1,500",FAILING TO YIELD RIGHT-OF-WAY,FOLLOWING TOO CLOSELY,3200,N,LAKE SHORE DR NB,2,NO INDICATION OF INJURY,0.0,0.0,0.0,0.0,0.0,2.0,0.0,6,1,12
d1dc65cd24d69fcffabed3a3d834ba3a3095e8cb49e9720c95c88a14c704cf091b35f8afe57bce3bcb80f6aad2f2f3c3d26c15cd57f6d54b8a5a71a9c85b1e24,2019-08-07 14:10:00,30,TRAFFIC SIGNAL,FUNCTIONING PROPERLY,CLEAR,DAYLIGHT,TURNING,FOUR WAY,STRAIGHT AND LEVEL,DRY,NO DEFECTS,NO INJURY / DRIVE AWAY,"$501 - $1,500",FAILING TO YIELD RIGHT-OF-WAY,IMPROPER OVERTAKING/PASSING,3198,N,DAMEN AVE,2,NO INDICATION OF INJURY,0.0,0.0,0.0,0.0,0.0,2.0,0.0,14,4,8
139ca0c04ead9ae190fa573676ba4444fd1620fec4f1f662b1238cacdd0aae4acc3f3312116fec0928015f93701c4b7464d8e4fa9f751011508561301f8c6e28,2024-03-16 02:14:00,30,TRAFFIC SIGNAL,FUNCTIONING PROPERLY,CLEAR,"DARKNESS, LIGHTED ROAD",ANGLE,DIVIDED - W/MEDIAN (NOT RAISED),STRAIGHT AND LEVEL,DRY,NO DEFECTS,NO INJURY / DRIVE AWAY,"$501 - $1,500",IMPROPER OVERTAKING/PASSING,DISREGARDING TRAFFIC SIGNALS,1,S,WESTERN AVE,2,NO INDICATION OF INJURY,0.0,0.0,0.0,0.0,0.0,3.0,0.0,2,7,3
732c657c718ad804165f708ab64334eb9f8b22bf7304f46e9ad7058e99d84a76549aec8828d69ebc86baa4932f3a130bfc39e7d0e38a922abb02ab217c7469cf,2019-12-07 19:10:00,30,UNKNOWN,UNKNOWN,CLEAR,DARKNESS,PARKED MOTOR VEHICLE,NOT DIVIDED,STRAIGHT AND LEVEL,DRY,UNKNOWN,NO INJURY / DRIVE AWAY,"$501 - $1,500",UNABLE TO DETERMINE,NOT APPLICABLE,5434,W,NORTH AVE,2,NO INDICATION OF INJURY,0.0,0.0,0.0,0.0,0.0,1.0,0.0,19,7,12
33e5ae8fc4c3f36c0a59b03d98bbd6b3823882d44d91f1ecefb1356649a1e0722b67aca557ca05f1c9343ba752c66869c2e8f05c5145e67d537d2440499dc009,2022-05-20 23:44:00,25,NO CONTROLS,NO CONTROLS,RAIN,"DARKNESS, LIGHTED ROAD",PARKED MOTOR VEHICLE,ONE-WAY,STRAIGHT AND LEVEL,WET,NO DEFECTS,INJURY AND / OR TOW DUE TO CRASH,"OVER $1,500",UNABLE TO DETERMINE,UNABLE TO DETERMINE,105,E,77TH ST,4,NO INDICATION OF INJURY,0.0,0.0,0.0,0.0,0.0,1.0,0.0,23,6,5
633f820747df03a8af79398a8969deb344f81fd407a46fc2d00028c5aed8f2ce9df82695f7b4b35488bdfa31010521551a59b4937236f6dee9a39a465ea0bc95,2019-12-12 15:20:00,30,STOP SIGN/FLASHER,FUNCTIONING PROPERLY,CLEAR,DAYLIGHT,TURNING,NOT DIVIDED,STRAIGHT AND LEVEL,DRY,NO DEFECTS,INJURY AND / OR TOW DUE TO CRASH,"OVER $1,500",FAILING TO YIELD RIGHT-OF-WAY,IMPROPER TURNING/NO SIGNAL,932,W,63RD ST,2,NO INDICATION OF INJURY,0.0,0.0,0.0,0.0,0.0,4.0,0.0,15,5,12
16dd29dda7ae2358a6c6d508fa5f91e48cea01fc4ba16dee6f10b32bc3813aa516fefce0a3f8543c7b31a19c080b3fab7a90cc44565b940e05a38c8e3a46863c,2018-12-11 17:43:00,20,NO CONTROLS,NO CONTROLS,CLEAR,"DARKNESS, LIGHTED ROAD",FIXED OBJECT,NOT DIVIDED,STRAIGHT AND LEVEL,DRY,NO DEFECTS,NO INJURY / DRIVE AWAY,"OVER $1,500",UNABLE TO DETERMINE,UNABLE TO DETERMINE,2256,W,LE MOYNE ST,1,NO INDICATION OF INJURY,0.0,0.0,0.0,0.0,0.0,1.0,0.0,17,3,12
2e6450fce888757fbc40fa83486b49a8f2400d178cb4e71b8f0c204ccc8e0dfa04e05d55baf98b93444d68841ae4572d05cabc468071cff1edb9f37460253e04,2016-11-11 13:30:00,30,NO CONTROLS,NO CONTROLS,CLEAR,DAYLIGHT,TURNING,NOT DIVIDED,STRAIGHT AND LEVEL,DRY,NO DEFECTS,NO INJURY / DRIVE AWAY,"$501 - $1,500",IMPROPER TURNING/NO SIGNAL,IMPROPER TURNING/NO SIGNAL,6900,S,ASHLAND AVE,2,NO INDICATION OF INJURY,0.0,0.0,0.0,0.0,0.0,2.0,0.0,13,6,11
68952fe02615454eb264a2d3764338e264009e2c788c4317246c1e24df40e485d7647437efd2ab5a2b2f3ea0b0eeb06cb1be61724a24c5173f21e60a1bc163a4,2023-12-21 16:30:00,35,NO CONTROLS,NO CONTROLS,CLEAR,DAWN,PARKED MOTOR VEHICLE,NOT DIVIDED,STRAIGHT AND LEVEL,DRY,NO DEFECTS,NO INJURY / DRIVE AWAY,"OVER $1,500",IMPROPER OVERTAKING/PASSING,IMPROPER OVERTAKING/PASSING,1712,E,87TH ST,2,NO INDICATION OF INJURY,0.0,0.0,0.0,0.0,0.0,1.0,0.0,16,5,12
e59c7e051747a8f1b477705708522325b67f130698e2cb6d5836a5c83d72f0b1477ef47159be73fc38cc85b15ae1745fddea7ab447e0b6c42d9aa2bdeb37c0af,2021-02-06 17:30:00,30,TRAFFIC SIGNAL,FUNCTIONING PROPERLY,SNOW,"DARKNESS, LIGHTED ROAD",SIDESWIPE SAME DIRECTION,NOT DIVIDED,STRAIGHT AND LEVEL,SNOW OR SLUSH,NO DEFECTS,NO INJURY / DRIVE AWAY,"OVER $1,500",UNABLE TO DETERMINE,UNABLE TO DETERMINE,11,W,GARFIELD BLVD,2,NO INDICATION OF INJURY,0.0,0.0,0.0,0.0,0.0,2.0,0.0,17,7,2
a2f20d2b3d42690d012b34493970844e67a3f0a85df72910dfd7523694c7fc75f22bc73b9ef27ab2b1f1a8adbcebba1ed03d6db9b4d1fef7e41f3414302f3023,2016-12-04 12:00:00,25,NO CONTROLS,NO CONTROLS,SNOW,DAYLIGHT,HEAD ON,NOT DIVIDED,STRAIGHT AND LEVEL,SNOW OR SLUSH,UNKNOWN,NO INJURY / DRIVE AWAY,"$501 - $1,500",UNABLE TO DETERMINE,UNABLE TO DETERMINE,4000,W,57TH ST,2,NO INDICATION OF INJURY,0.0,0.0,0.0,0.0,0.0,2.0,0.0,12,1,12
cd4c4abc49f4fea512bb05fffc38b0ec17ba52c0f7a4ebc4f226a86b04e038162ddae5b3c98dc17326e31eafa5c680b062e6988ab717c2f2cbde97d3e5e0fcf4,2021-06-26 22:21:00,30,NO CONTROLS,NO CONTROLS,CLEAR,"DARKNESS, LIGHTED ROAD",REAR END,NOT DIVIDED,STRAIGHT AND LEVEL,DRY,NO DEFECTS,INJURY AND / OR TOW DUE TO CRASH,"OVER $1,500",UNABLE TO DETERMINE,UNABLE TO DETERMINE,13311,S,CALUMET AVE,3,NO INDICATION OF INJURY,0.0,0.0,0.0,0.0,0.0,2.0,0.0,22,7,6
4033db774f311a6526ff901d0886e1e51c360f1597d2f4feaba71d03a93dd1ebda9cff1a7996f3ccede79133f9b80fbcbc924b6a52b946c7ac1960aa71714072,2022-05-05 11:30:00,35,NO CONTROLS,NO CONTROLS,CLEAR,DAYLIGHT,PARKED MOTOR VEHICLE,NOT DIVIDED,STRAIGHT AND LEVEL,DRY,NO DEFECTS,INJURY AND / OR TOW DUE TO CRASH,"OVER $1,500",UNABLE TO DETERMINE,UNABLE TO DETERMINE,7200,S,SOUTH CHICAGO AVE,6,NO INDICATION OF INJURY,0.0,0.0,0.0,0.0,0.0,2.0,0.0,11,5,5
a9978b79be5ca067a7fbc81027b069657c4627cc23a2d2806507d77efc35ac0c3ccffb01e1dcaaa20e08b53cdeb3a03b70836b5d0f6331427afcc0cf5c075f1a,2018-01-23 17:36:00,0,TRAFFIC SIGNAL,FUNCTIONING PROPERLY,CLEAR,DAWN,ANGLE,DIVIDED - W/MEDIAN (NOT RAISED),STRAIGHT AND LEVEL,DRY,NO DEFECTS,NO INJURY / DRIVE AWAY,"$501 - $1,500",FAILING TO YIELD RIGHT-OF-WAY,IMPROPER LANE USAGE,4900,N,BROADWAY,2,NO INDICATION OF INJURY,0.0,0.0,0.0,0.0,0.0,2.0,0.0,17,3,1
c7b431e8c740afeed9e7774ffa09a2616080ba244e3712d6d17d89213941de53d783caab975ec53cf743f89b4cfd498b225e59160cbb6e2cdeb5ddec6c03c84d,2017-11-10 09:00:00,5,NO CONTROLS,NO CONTROLS,SNOW,DAYLIGHT,PARKED MOTOR VEHICLE,PARKING LOT,STRAIGHT AND LEVEL,SNOW OR SLUSH,NO DEFECTS,NO INJURY / DRIVE AWAY,"OVER $1,500",UNABLE TO DETERMINE,UNABLE TO DETERMINE,2323,W,NELSON ST,2,NO INDICATION OF INJURY,0.0,0.0,0.0,0.0,0.0,1.0,0.0,9,6,11
bb3e878689b0c3e6da98bac2969393da3223ff71b6294c867bf462f75faaea3b182e2e8ba6d7b4488be7235b122cd89c667cbbdb4fb44dc9a0a87560a863c9ba,2023-07-11 08:40:00,30,NO CONTROLS,NO CONTROLS,CLEAR,DAYLIGHT,REAR END,DIVIDED - W/MEDIAN (NOT RAISED),STRAIGHT AND LEVEL,DRY,UNKNOWN,NO INJURY / DRIVE AWAY,"OVER $1,500",UNABLE TO DETERMINE,UNABLE TO DETERMINE,4511,S,WESTERN AVE,2,NO INDICATION OF INJURY,0.0,0.0,0.0,0.0,0.0,2.0,0.0,8,3,7
03d40a1c7b11b43e185f5e0ff558a6f76ad05520da10f59a8cc0b29809a5ea28ab3c486019a5098bf9ceb0345fef00eb21f418c8ecb45ec11b77706994b4458e,2023-08-09 17:55:00,30,OTHER,OTHER,CLEAR,DAYLIGHT,REAR TO FRONT,PARKING LOT,STRAIGHT AND LEVEL,DRY,UNKNOWN,NO INJURY / DRIVE AWAY,"$501 - $1,500",IMPROPER BACKING,IMPROPER BACKING,3010,S,HALSTED ST,2,NO INDICATION OF INJURY,0.0,0.0,0.0,0.0,0.0,2.0,0.0,17,4,8
6e5d19e5165c099eb6f54b2b7cfd7774458b89b5fedbbb7f1ae3071d6c2abad70596afb6e5d3029177e923427bc8f73ef0c0dd23355bd3c9bcc953a235043987,2020-03-21 20:42:00,30,NO CONTROLS,NO CONTROLS,CLEAR,DARKNESS,PARKED MOTOR VEHICLE,ONE-WAY,STRAIGHT AND LEVEL,DRY,UNKNOWN,INJURY AND / OR TOW DUE TO CRASH,"OVER $1,500",UNABLE TO DETERMINE,UNABLE TO DETERMINE,11603,S,HARVARD AVE,2,NO INDICATION OF INJURY,0.0,0.0,0.0,0.0,0.0,1.0,0.0,20,7,3
20bcfb36a2e83fb8efe1c54650a5b9db9e1cdb942d83d86530619fa8b3d4806aa01d7b7a91eebbbb89c48a73d84ff109825c99afbcb915185f85ebb46fd7896e,2022-06-17 08:47:00,25,NO CONTROLS,NO CONTROLS,CLEAR,DAYLIGHT,PARKED MOTOR VEHICLE,ALLEY,STRAIGHT AND LEVEL,DRY,NO DEFECTS,NO INJURY / DRIVE AWAY,"$501 - $1,500",UNABLE TO DETERMINE,UNABLE TO DETERMINE,2015,N,LEAMINGTON AVE,2,NO INDICATION OF INJURY,0.0,0.0,0.0,0.0,0.0,2.0,0.0,8,6,6
bee3d9014feaed29108d15611967a753f9fc0fbab61846725e2fb2342aa81f945c7cf81f1911750a7eded124d079ec0207e4169713882480cb20b12b0e8039b3,2023-01-06 14:38:00,30,TRAFFIC SIGNAL,FUNCTIONING PROPERLY,CLEAR,DAYLIGHT,TURNING,DIVIDED - W/MEDIAN (NOT RAISED),STRAIGHT AND LEVEL,DRY,NO DEFECTS,NO INJURY / DRIVE AWAY,"OVER $1,500",IMPROPER OVERTAKING/PASSING,NOT APPLICABLE,5700,S,COTTAGE GROVE AVE,2,NO INDICATION OF INJURY,0.0,0.0,0.0,0.0,0.0,2.0,0.0,14,6,1
4e50a2bb4fd02576269d47d49d6417fa1e9cfb81504e65440278b573298dce7b779710138edd9d021d6556a7332e3b19ed1a045b50046b20469c916f9b5005fc,2021-08-24 04:20:00,35,NO CONTROLS,NO CONTROLS,CLEAR,"DARKNESS, LIGHTED ROAD",SIDESWIPE OPPOSITE DIRECTION,DIVIDED - W/MEDIAN BARRIER,STRAIGHT AND LEVEL,DRY,NO DEFECTS,INJURY AND / OR TOW DUE TO CRASH,"OVER $1,500",DRIVING ON WRONG SIDE/WRONG WAY,"OPERATING VEHICLE IN ERRATIC, RECKLESS, CARELESS, NEGLIGENT OR AGGRESSIVE MANNER",6045,S,LAKE SHORE DR,2,INCAPACITATING INJURY,1.0,0.0,1.0,0.0,0.0,1.0,0.0,4,3,8
541806879408b0d96d222174f273af4e59c353c1f3bdcb25828f347b0c33dec84d1f90dc534d4ea97f64139552039db60a9c2b4baa896cc0a87b549b59813bae,2022-07-05 09:00:00,30,NO CONTROLS,NO CONTROLS,CLEAR,DAYLIGHT,PARKED MOTOR VEHICLE,NOT DIVIDED,STRAIGHT AND LEVEL,DRY,NO DEFECTS,NO INJURY / DRIVE AWAY,"OVER $1,500",UNABLE TO DETERMINE,UNABLE TO DETERMINE,3932,S,TALMAN AVE,3,NO INDICATION OF INJURY,0.0,0.0,0.0,0.0,0.0,1.0,0.0,9,3,7
da9d38c3e509ed8e4dc31f305817f2d3dc9fdbd982aa9391cba3dab7e0053d43395d97a65ba4bb653a8d05df57e09758ec52f06d109a825fc6a686f0d0f68c52,2021-05-18 19:30:00,30,NO CONTROLS,NO CONTROLS,UNKNOWN,UNKNOWN,ANGLE,ALLEY,STRAIGHT AND LEVEL,UNKNOWN,UNKNOWN,INJURY AND / OR TOW DUE TO CRASH,"OVER $1,500",UNABLE TO DETERMINE,UNABLE TO DETERMINE,3819,W,VAN BUREN ST,2,"REPORTED, NOT EVIDENT",1.0,0.0,0.0,0.0,1.0,3.0,0.0,19,3,5
0985a877c0e3707d98377d03827d6e9c7d4d6a3c16542f0ed4e44a57565b136468ab435cca83730d417bdba8715f90c3d467402d563f85f20e4208449cb82d53,2022-05-13 14:00:00,30,STOP SIGN/FLASHER,FUNCTIONING PROPERLY,CLEAR,DAYLIGHT,ANGLE,OTHER,STRAIGHT AND LEVEL,DRY,NO DEFECTS,NO INJURY / DRIVE AWAY,"OVER $1,500",FAILING TO YIELD RIGHT-OF-WAY,DRIVING SKILLS/KNOWLEDGE/EXPERIENCE,6600,S,LAWNDALE AVE,2,NO INDICATION OF INJURY,0.0,0.0,0.0,0.0,0.0,2.0,0.0,14,6,5
1ea539db28e5ba1fc71cd77dfb436bb66f5b5bcf797e650216d8eb809bee9961c6031473c9b4ffe8ead35ca7438b22f96947528156b67c3ad5498e6743c76203,2015-11-24 12:30:00,30,NO CONTROLS,NO CONTROLS,UNKNOWN,UNKNOWN,PARKED MOTOR VEHICLE,NOT DIVIDED,STRAIGHT AND LEVEL,UNKNOWN,NO DEFECTS,NO INJURY / DRIVE AWAY,"$501 - $1,500",UNABLE TO DETERMINE,NOT APPLICABLE,3222,N,MOBILE AVE,2,NO INDICATION OF INJURY,0.0,0.0,0.0,0.0,0.0,1.0,0.0,12,3,11
0047bbc5e8a5e3e9909590ddd55485e8c6a759860cff31371c26ff16be27f09e2b11ac7c3a7448fdc216f0b536ff5336b12178b43d511abbf5b8ab12917a8082,2022-09-27 09:20:00,30,TRAFFIC SIGNAL,FUNCTIONING PROPERLY,CLEAR,DAYLIGHT,ANGLE,FOUR WAY,STRAIGHT AND LEVEL,DRY,NO DEFECTS,INJURY AND / OR TOW DUE TO CRASH,"OVER $1,500",FAILING TO YIELD RIGHT-OF-WAY,FAILING TO YIELD RIGHT-OF-WAY,1401,N,CENTRAL AVE,3,NO INDICATION OF INJURY,0.0,0.0,0.0,0.0,0.0,5.0,0.0,9,3,9
49ec5eaca2bf916e04003508cbf44f1b4412537c14a473672bfa119ba6048ddc3cdf2e72d402cfdb663ae19ed56c93cec2974c43d64f6faccb8927235f2544cb,2017-05-31 09:00:00,40,NO CONTROLS,NO CONTROLS,CLEAR,DAYLIGHT,REAR END,DIVIDED - W/MEDIAN BARRIER,STRAIGHT AND LEVEL,DRY,NO DEFECTS,NO INJURY / DRIVE AWAY,"OVER $1,500",FOLLOWING TOO CLOSELY,UNABLE TO DETERMINE,3200,N,LAKE SHORE DR,3,NO INDICATION OF INJURY,0.0,0.0,0.0,0.0,0.0,3.0,0.0,9,4,5
97a4276b9300f21a8ec802f4c39aac483679cf2df08f86f10eca45a1a2c77750d71ccc11c625a4204c917d497f0ccb9fde343009b459ed542517c2297cbf2753,2023-08-25 07:56:00,10,STOP SIGN/FLASHER,FUNCTIONING PROPERLY,CLEAR,DAYLIGHT,SIDESWIPE SAME DIRECTION,PARKING LOT,STRAIGHT AND LEVEL,DRY,NO DEFECTS,NO INJURY / DRIVE AWAY,"$501 - $1,500",DISREGARDING STOP SIGN,NOT APPLICABLE,21,W,OHIO ST,2,NO INDICATION OF INJURY,0.0,0.0,0.0,0.0,0.0,2.0,0.0,7,6,8
4346bcde4c47b3e8f86a5275fb69af3524b218faf15e4c93d6b2d109e58201c8980e8d4f2c2dcafb595060bc686f35ecdadee7817f4dbae2bf5f4ff735088769,2024-01-04 15:24:00,30,NO CONTROLS,NO CONTROLS,CLEAR,DAYLIGHT,OTHER NONCOLLISION,ROUNDABOUT,STRAIGHT AND LEVEL,DRY,"RUT, HOLES",INJURY AND / OR TOW DUE TO CRASH,$500 OR LESS,ROAD ENGINEERING/SURFACE/MARKING DEFECTS,EQUIPMENT - VEHICLE CONDITION,199,S,KILDARE AVE,1,NO INDICATION OF INJURY,0.0,0.0,0.0,0.0,0.0,1.0,0.0,15,5,1