CRASH_RECORD_ID,CRASH_DATE,POSTED_SPEED_LIMIT,TRAFFIC_CONTROL_DEVICE,DEVICE_CONDITION,WEATHER_CONDITION,LIGHTING_CONDITION,FIRST_CRASH_TYPE,TRAFFICWAY_TYPE,ALIGNMENT,ROADWAY_SURFACE_COND,ROAD_DEFECT,CRASH_TYPE,DAMAGE,PRIM_CONTRIBUTORY_CAUSE,SEC_CONTRIBUTORY_CAUSE,STREET_NO,STREET_DIRECTION,STREET_NAME,NUM_UNITS,MOST_SEVERE_INJURY,INJURIES_TOTAL,INJURIES_FATAL,INJURIES_INCAPACITATING,INJURIES_NON_INCAPACITATING,INJURIES_REPORTED_NOT_EVIDENT,INJURIES_NO_INDICATION,INJURIES_UNKNOWN,CRASH_HOUR,CRASH_DAY_OF_WEEK,CRASH_MONTH
b79d3dba13207c8353ec15dc15ba955291d28b37c79e4b7a0385a1506b454cc50d7f44c96b1de07ddcc59e0ed807abed7b6381a0b7ee5738b7ad99ceb7317e23,2024-03-15 23:20:00,30,NO CONTROLS,NO CONTROLS,CLEAR,"DARKNESS, LIGHTED ROAD",SIDESWIPE SAME DIRECTION,ONE-WAY,STRAIGHT AND LEVEL,DRY,NO DEFECTS,INJURY AND / OR TOW DUE TO CRASH,"OVER $1,500",IMPROPER LANE USAGE,UNABLE TO DETERMINE,2844,W,WARREN BLVD,3,NO INDICATION OF INJURY,0.0,0.0,0.0,0.0,0.0,2.0,0.0,23,6,3
57a01a892f4d8f73535d0d205031b883f0fea1d63c865dd21bbae31405610699d67a85ecf1708191f10a8d7584fc554068e6e1e071eb6b2caca1c269d0f68925,2022-08-26 12:45:00,30,STOP SIGN/FLASHER,FUNCTIONING PROPERLY,CLEAR,DAYLIGHT,ANGLE,FOUR WAY,STRAIGHT AND LEVEL,DRY,NO DEFECTS,NO INJURY / DRIVE AWAY,"OVER $1,500",DRIVING SKILLS/KNOWLEDGE/EXPERIENCE,UNABLE TO DETERMINE,2800,W,POLK ST,2,NO INDICATION OF INJURY,0.0,0.0,0.0,0.0,0.0,2.0,0.0,12,6,8
7e0532071cedf836a1c1c45f3d935b46f0e06e5858c250bed5e2c7f079a2d3c5a85848258e565b69a25d419071ce7065c7e1bd1b1b2dc15a19a79369bba9edd4,2023-05-29 21:33:00,25,UNKNOWN,UNKNOWN,CLEAR,DARKNESS,TURNING,FOUR WAY,STRAIGHT AND LEVEL,DRY,UNKNOWN,INJURY AND / OR TOW DUE TO CRASH,"OVER $1,500",IMPROPER TURNING/NO SIGNAL,NOT APPLICABLE,7099,S,WENTWORTH AVE,2,NONINCAPACITATING INJURY,2.0,0.0,0.0,2.0,0.0,0.0,0.0,21,2,5
ca2cf255477c1bbcd97f9475c21d4ebdac479b7b8fa08b5a01b0d4ba32219357a933abf08fbbfe39b76b870bd171b58e0a485e871018cb5b19abafc12993b983,2018-02-03 13:49:00,30,NO CONTROLS,NO CONTROLS,CLEAR,DAYLIGHT,TURNING,NOT DIVIDED,STRAIGHT AND LEVEL,DRY,NO DEFECTS,NO INJURY / DRIVE AWAY,"$501 - $1,500",FAILING TO YIELD RIGHT-OF-WAY,NOT APPLICABLE,3500,W,IRVING PARK RD,2,NO INDICATION OF INJURY,0.0,0.0,0.0,0.0,0.0,2.0,0.0,13,7,2
5b36f496fd4572853d4b36c70557659a4ac8fa4c2093602427c660daedd3080eb455d896fc5b4730afdda5ff720114947e6ad1a02d6b5b35239c56a87ca9af84,2017-09-10 19:42:00,30,NO CONTROLS,NO CONTROLS,CLEAR,"DARKNESS, LIGHTED ROAD",PARKED MOTOR VEHICLE,NOT DIVIDED,STRAIGHT AND LEVEL,DRY,NO DEFECTS,NO INJURY / DRIVE AWAY,"OVER $1,500",EXCEEDING AUTHORIZED SPEED LIMIT,UNABLE TO DETERMINE,3105,W,53RD ST,2,NO INDICATION OF INJURY,0.0,0.0,0.0,0.0,0.0,1.0,0.0,19,1,9
bcceb63ded07abcf9a64a747634c8698843abbfa1c9aa20c0c5ff020183a4b19a46ab85109c9aba1f96ecd0dc035dfce1d4a30c50d4b3fa8894289e00c578e14,2020-10-10 05:35:00,30,TRAFFIC SIGNAL,FUNCTIONING PROPERLY,CLEAR,"DARKNESS, LIGHTED ROAD",TURNING,NOT DIVIDED,STRAIGHT AND LEVEL,DRY,NO DEFECTS,INJURY AND / OR TOW DUE TO CRASH,"OVER $1,500",UNABLE TO DETERMINE,NOT APPLICABLE,2700,W,31ST BLVD,2,NONINCAPACITATING INJURY,1.0,0.0,0.0,1.0,0.0,1.0,0.0,5,7,10
362678af0e303f370982dc111ab04ebae7f66d14a80a0177a099f3116eab5d12b05b7b3e9a8ebc2eee7feb3ffcc01a670292545d60d46b3008568f891ef024e3,2023-05-23 15:15:00,30,NO CONTROLS,NO CONTROLS,CLEAR,DAYLIGHT,REAR END,NOT DIVIDED,STRAIGHT AND LEVEL,DRY,NO DEFECTS,NO INJURY / DRIVE AWAY,"OVER $1,500",FOLLOWING TOO CLOSELY,NOT APPLICABLE,1407,W,NORTH AVE,2,NO INDICATION OF INJURY,0.0,0.0,0.0,0.0,0.0,2.0,0.0,15,3,5
1a6c3b18ebd1112372dbb1a79aea378ed70e6dd30c93fd40add617ca053309439db00f25c2b464bcc1989ea199d0d6c1f659c3912940f8b100054c2d7f3d8610,2023-06-13 00:18:00,30,STOP SIGN/FLASHER,FUNCTIONING PROPERLY,CLEAR,"DARKNESS, LIGHTED ROAD",REAR END,FOUR WAY,STRAIGHT AND LEVEL,DRY,NO DEFECTS,INJURY AND / OR TOW DUE TO CRASH,"OVER $1,500",UNABLE TO DETERMINE,UNABLE TO DETERMINE,856,W,61ST ST,3,NO INDICATION OF INJURY,0.0,0.0,0.0,0.0,0.0,2.0,0.0,0,3,6
84d56d223e8d04ef6434931738da9c8c30bb003aab66f8690c770dd37d02043d8b76760a0b360f94cba47f6529bb34a9fd945edb3ffe003a775703b313f035d2,2021-09-25 09:30:00,30,NO CONTROLS,NO CONTROLS,CLEAR,DAYLIGHT,PARKED MOTOR VEHICLE,NOT DIVIDED,STRAIGHT AND LEVEL,DRY,UNKNOWN,NO INJURY / DRIVE AWAY,"$501 - $1,500",UNABLE TO DETERMINE,UNABLE TO DETERMINE,2919,W,111TH ST,2,NO INDICATION OF INJURY,0.0,0.0,0.0,0.0,0.0,1.0,0.0,9,7,9
9e4ae17b1538726c4b41969a7e2de9901488fad92971d672f5a51cc2df400e898ae3fdffcf3efe2c60e5a44a31c4a78f4f6de15ff25c0f04a16196b3ef22cc3a,2017-11-03 12:35:00,15,STOP SIGN/FLASHER,FUNCTIONING PROPERLY,CLEAR,DAYLIGHT,REAR END,NOT DIVIDED,STRAIGHT AND LEVEL,DRY,NO DEFECTS,NO INJURY / DRIVE AWAY,"OVER $1,500",FOLLOWING TOO CLOSELY,UNABLE TO DETERMINE,1400,E,76TH ST,2,NO INDICATION OF INJURY,0.0,0.0,0.0,0.0,0.0,2.0,0.0,12,6,11
1de6a815c9acbfabefdbc451ff63d86847604593eb7a42baf044c5da959074ffd8009ad8d8e8d2b6520f59847ff2362fdfa41c01c41becc21ef014ac6e310635,2020-09-12 18:18:00,45,NO CONTROLS,NO CONTROLS,RAIN,DAYLIGHT,FIXED OBJECT,DIVIDED - W/MEDIAN BARRIER,"CURVE, LEVEL",WET,UNKNOWN,INJURY AND / OR TOW DUE TO CRASH,"OVER $1,500",UNABLE TO DETERMINE,UNABLE TO DETERMINE,6600,S,CHICAGO SKYWAY IB,1,INCAPACITATING INJURY,3.0,0.0,2.0,1.0,0.0,0.0,0.0,18,7,9
fe8c6bbaf6ca3fea9ff838dd640a65163c84cfbc60d152131a752ad7c9f84cc4906d2155b85921ac65d6749e0df3f5f302b8f007dd8af66b7bf1026fe3687cd5,2020-06-22 17:41:00,30,NO CONTROLS,NO CONTROLS,RAIN,DAYLIGHT,FIXED OBJECT,ONE-WAY,STRAIGHT AND LEVEL,WET,NO DEFECTS,NO INJURY / DRIVE AWAY,"OVER $1,500",WEATHER,NOT APPLICABLE,2842,N,MERRIMAC AVE,3,NO INDICATION OF INJURY,0.0,0.0,0.0,0.0,0.0,1.0,0.0,17,2,6
525c5b3be90e6dd26219dcd6c1ae39e356cfad9c9ae50337ebe7da909a0e7ea1865ef36ab52c928f1f5460fe0de76237fb5b0ced14048a85210392543c9fd207,2019-04-29 17:39:00,30,NO CONTROLS,NO CONTROLS,CLEAR,DAYLIGHT,SIDESWIPE SAME DIRECTION,DIVIDED - W/MEDIAN (NOT RAISED),STRAIGHT AND LEVEL,DRY,NO DEFECTS,NO INJURY / DRIVE AWAY,"$501 - $1,500",IMPROPER LANE USAGE,NOT APPLICABLE,2351,W,GARFIELD BLVD,2,NO INDICATION OF INJURY,0.0,0.0,0.0,0.0,0.0,2.0,0.0,17,2,4
af7a9b96e6242bbf346e5fa7d9a041a4953bca1894441c1cc4b18c9d590e52a4dddf2a01816c4099a520a83f0be866b9d05942fe59e194204ba60693a7772198,2023-03-21 15:15:00,30,STOP SIGN/FLASHER,FUNCTIONING PROPERLY,CLOUDY/OVERCAST,DAYLIGHT,FIXED OBJECT,NOT DIVIDED,STRAIGHT AND LEVEL,DRY,NO DEFECTS,NO INJURY / DRIVE AWAY,"OVER $1,500",IMPROPER LANE USAGE,NOT APPLICABLE,2458,N,KEELER AVE,1,NO INDICATION OF INJURY,0.0,0.0,0.0,0.0,0.0,1.0,0.0,15,3,3
16d28346b57d8473bae17fed000d3b320eeeea71784e4309090cde21f8ad5b7060a892f6385e8e25a17a7c50b0d657f59936f4b5d9a2d8351a27c0fa8454be35,2021-05-12 18:00:00,30,NO CONTROLS,NO CONTROLS,CLEAR,DAYLIGHT,SIDESWIPE SAME DIRECTION,NOT DIVIDED,STRAIGHT AND LEVEL,DRY,NO DEFECTS,NO INJURY / DRIVE AWAY,"OVER $1,500",FAILING TO YIELD RIGHT-OF-WAY,UNABLE TO DETERMINE,3919,W,MONTROSE AVE,2,NO INDICATION OF INJURY,0.0,0.0,0.0,0.0,0.0,2.0,0.0,18,4,5
b55fcd9773807b5a63c1dcd3ded9795cf2c848352a4be1cd6440a67bfe09088b68db6750e5933af9e3fa5e7e1aa422f5dd20431e8cdd71e218f58914be167c8b,2021-04-01 17:19:00,35,NO CONTROLS,NO CONTROLS,CLEAR,DAYLIGHT,TURNING,NOT DIVIDED,STRAIGHT AND LEVEL,DRY,NO DEFECTS,INJURY AND / OR TOW DUE TO CRASH,"OVER $1,500",FAILING TO YIELD RIGHT-OF-WAY,NOT APPLICABLE,3824,W,COLUMBUS AVE,2,NONINCAPACITATING INJURY,2.0,0.0,0.0,2.0,0.0,1.0,0.0,17,5,4
0de0b04bd30813a19104ea445a2562fb17cd0cf96f0ee6b8a412d9cea28f8e4bb70fb0d7112d0e7317089993c1d6551edd91fe0c1e4d9e6101614ae8de3938e3,2023-09-08 23:00:00,25,UNKNOWN,UNKNOWN,UNKNOWN,UNKNOWN,PARKED MOTOR VEHICLE,NOT DIVIDED,STRAIGHT AND LEVEL,UNKNOWN,UNKNOWN,INJURY AND / OR TOW DUE TO CRASH,"OVER $1,500",NOT APPLICABLE,NOT APPLICABLE,10639,S,CHAMPLAIN AVE,2,NO INDICATION OF INJURY,0.0,0.0,0.0,0.0,0.0,1.0,0.0,23,6,9
cf88797861804c37c995309172637038a547dfe41591d90c7c2495ec5a125cc3279c5815e0036cf43a34c8e9f6b36200cd211378db7288d9677127a8d7b9253e,2018-06-18 10:20:00,30,NO CONTROLS,NO CONTROLS,CLEAR,DAYLIGHT,REAR END,NOT DIVIDED,STRAIGHT AND LEVEL,DRY,NO DEFECTS,NO INJURY / DRIVE AWAY,"OVER $1,500",FOLLOWING TOO CLOSELY,UNABLE TO DETERMINE,3132,N,DAMEN AVE,3,NO INDICATION OF INJURY,0.0,0.0,0.0,0.0,0.0,4.0,0.0,10,2,6
963be9c91fae37dd81b2078bb4191baf93f06d71ef08fe0e11388dc4ca8a1a0d74e4ef66f63bbd3f7063befcb18e35fdcdb48a1600362e53bd7256c8f212b17f,2018-02-27 18:15:00,30,NO CONTROLS,NO CONTROLS,CLEAR,"DARKNESS, LIGHTED ROAD",PARKED MOTOR VEHICLE,DIVIDED - W/MEDIAN BARRIER,STRAIGHT AND LEVEL,DRY,UNKNOWN,NO INJURY / DRIVE AWAY,"$501 - $1,500",UNABLE TO DETERMINE,NOT APPLICABLE,5401,S,ASHLAND AVE,2,NO INDICATION OF INJURY,0.0,0.0,0.0,0.0,0.0,1.0,0.0,18,3,2
64d91be2073645ad15c28f2d06c5ea38920dd726bc1b47dfd2271896fdd464f5ad5b7aa8fe3aac83e9478dcaf8a7197e00229269a58586a3b2cceb844254ec3f,2023-05-05 20:50:00,30,NO CONTROLS,NO CONTROLS,CLEAR,"DARKNESS, LIGHTED ROAD",SIDESWIPE SAME DIRECTION,DIVIDED - W/MEDIAN (NOT RAISED),STRAIGHT AND LEVEL,DRY,NO DEFECTS,NO INJURY / DRIVE AWAY,"OVER $1,500",IMPROPER OVERTAKING/PASSING,UNABLE TO DETERMINE,6957,N,RIDGE BLVD,2,NO INDICATION OF INJURY,0.0,0.0,0.0,0.0,0.0,2.0,0.0,20,6,5
264c1838b2ef1469631d1afa2db4aa0c78a51ef3b89bb93ef33a987b975d338b50012c28645b3f428246933f24b32347de9e0480802c4ad988569648bcbf74f9,2021-09-23 06:00:00,35,TRAFFIC SIGNAL,FUNCTIONING PROPERLY,CLEAR,DAYLIGHT,TURNING,DIVIDED - W/MEDIAN (NOT RAISED),STRAIGHT AND LEVEL,DRY,NO DEFECTS,NO INJURY / DRIVE AWAY,"OVER $1,500",FAILING TO YIELD RIGHT-OF-WAY,IMPROPER TURNING/NO SIGNAL,4000,N,CUMBERLAND AVE,2,NO INDICATION OF INJURY,0.0,0.0,0.0,0.0,0.0,3.0,0.0,6,5,9
eb574a7583e93a79bfd98345b4a1bfce0d5a08b1adb3cd8ecbc113f3aea4d8b6cd56412f62af0e5c303042ccaf400237529a93fba9a85abaff34c735df0e5751,2019-03-24 13:30:00,30,NO CONTROLS,NO CONTROLS,CLEAR,DAYLIGHT,PARKED MOTOR VEHICLE,PARKING LOT,STRAIGHT AND LEVEL,DRY,NO DEFECTS,NO INJURY / DRIVE AWAY,$500 OR LESS,UNABLE TO DETERMINE,UNABLE TO DETERMINE,1615,S,CLARK ST,2,NO INDICATION OF INJURY,0.0,0.0,0.0,0.0,0.0,1.0,0.0,13,1,3
e94431a14ddc503dd1121dbfb9cffe664240cf02982462794f39016f7c0e542c6bc102951473768a6fc5cbb7fe11f7e856b972aa1e6595bb427c0d06cc0dee8b,2018-07-13 21:38:00,30,NO CONTROLS,NO CONTROLS,CLEAR,"DARKNESS, LIGHTED ROAD",PARKED MOTOR VEHICLE,NOT DIVIDED,STRAIGHT AND LEVEL,DRY,NO DEFECTS,NO INJURY / DRIVE AWAY,"OVER $1,500",UNABLE TO DETERMINE,NOT APPLICABLE,800,E,67TH ST,2,NO INDICATION OF INJURY,0.0,0.0,0.0,0.0,0.0,3.0,0.0,21,6,7
8efb93df17b5071e499c53b8d51a617a6ac1b6218e2a2d167f460e3d6d7e60aefcfa542d0857635a40dc7642775931229f621e241bf9bae57c71ae1f05088f80,2019-03-07 19:47:00,0,NO CONTROLS,NO CONTROLS,OTHER,"DARKNESS, LIGHTED ROAD",PARKED MOTOR VEHICLE,ONE-WAY,STRAIGHT AND LEVEL,DRY,"RUT, HOLES",INJURY AND / OR TOW DUE TO CRASH,"OVER $1,500",DISTRACTION - FROM OUTSIDE VEHICLE,NOT APPLICABLE,1358,S,KOMENSKY AVE,4,NO INDICATION OF INJURY,0.0,0.0,0.0,0.0,0.0,3.0,0.0,19,5,3
8cdcb0b3c40f8198d297c1642002c5b78a91083ad0d819d1766f5d6ce56dc03d43dd048c2d4014ab3a978f57d7e437dd0092afc2981fc27de31e303d03d6b4dd,2021-12-18 10:30:00,30,NO CONTROLS,NO CONTROLS,CLEAR,DAYLIGHT,REAR END,NOT DIVIDED,STRAIGHT AND LEVEL,DRY,NO DEFECTS,NO INJURY / DRIVE AWAY,"$501 - $1,500",FOLLOWING TOO CLOSELY,FAILING TO REDUCE SPEED TO AVOID CRASH,2836,N,CENTRAL AVE,2,NO INDICATION OF INJURY,0.0,0.0,0.0,0.0,0.0,2.0,0.0,10,7,12
f196490324734c39ed500271614bfcf197f0847295b6ef70008219626ade87d8034b430d29ae568b92b4a01ba70b4241ded17b226ac5bd3e47693bea0e7ac1c9,2023-04-08 14:00:00,30,NO CONTROLS,NO CONTROLS,CLEAR,DAYLIGHT,PARKED MOTOR VEHICLE,NOT DIVIDED,STRAIGHT AND LEVEL,DRY,NO DEFECTS,NO INJURY / DRIVE AWAY,"OVER $1,500",NOT APPLICABLE,NOT APPLICABLE,321,S,KOSTNER AVE,2,NO INDICATION OF INJURY,0.0,0.0,0.0,0.0,0.0,1.0,0.0,14,7,4
52b9ceef86214218a7ca8ed678a51e184102515a4a5ea76d61d3cd390c33d6349613e89a34a7218ccbc63f30becfe3dce021c9da7216baa6336891804f31cb18,2018-03-10 07:20:00,30,NO CONTROLS,NO CONTROLS,CLEAR,DAYLIGHT,ANGLE,DIVIDED - W/MEDIAN (NOT RAISED),STRAIGHT AND LEVEL,DRY,NO DEFECTS,NO INJURY / DRIVE AWAY,"$501 - $1,500",DISREGARDING STOP SIGN,FAILING TO YIELD RIGHT-OF-WAY,10200,S,HOXIE AVE,2,NO INDICATION OF INJURY,0.0,0.0,0.0,0.0,0.0,5.0,0.0,7,7,3
5acd90310cec12b9c768f8a9330f5539e5ce9934935620355c3bddcf1c9112841ff7034b77646f2dfb7166115fcb1039d7c137707af475cea3c8dcc55e968dd3,2018-01-28 17:55:00,30,NO CONTROLS,NO CONTROLS,CLEAR,"DARKNESS, LIGHTED ROAD",SIDESWIPE SAME DIRECTION,NOT DIVIDED,STRAIGHT AND LEVEL,UNKNOWN,UNKNOWN,NO INJURY / DRIVE AWAY,"OVER $1,500",UNABLE TO DETERMINE,UNABLE TO DETERMINE,2542,W,FULLERTON AVE,2,NO INDICATION OF INJURY,0.0,0.0,0.0,0.0,0.0,2.0,0.0,17,1,1
cf221a0de0d47e01b3c4171564e9365c8cbc4117ceaec469efca278a1008245dcb802c41b4819d2502d83ca8f893b5bedc98d5ff897afe80505a3a0d8acbdf63,2022-04-28 13:40:00,30,STOP SIGN/FLASHER,OTHER,RAIN,DAYLIGHT,ANGLE,FOUR WAY,STRAIGHT AND LEVEL,WET,UNKNOWN,NO INJURY / DRIVE AWAY,"OVER $1,500",DISREGARDING STOP SIGN,NOT APPLICABLE,8200,S,HARPER AVE,2,NO INDICATION OF INJURY,0.0,0.0,0.0,0.0,0.0,2.0,0.0,13,5,4
28142a1dff34ea91e8a5b560a89fdc52d6c740ab624b3d6b29c44b8366aeac900b2bfa289c1b1e5c3c675122e6f00b1e680b967c30c59678f149bd598ab31fb7,2019-01-25 16:00:00,30,NO CONTROLS,NO CONTROLS,SNOW,DUSK,PARKED MOTOR VEHICLE,ONE-WAY,STRAIGHT AND LEVEL,SNOW OR SLUSH,NO DEFECTS,NO INJURY / DRIVE AWAY,"OVER $1,500",DRIVING SKILLS/KNOWLEDGE/EXPERIENCE,NOT APPLICABLE,806,W,JACKSON BLVD,2,NO INDICATION OF INJURY,0.0,0.0,0.0,0.0,0.0,2.0,0.0,16,6,1
08944f29072ffd17590144f0aaf05368fbd9c2b3414b006e73419ce49cc28ed3aecd5e3dba4aad5f63bcc8a40b62cd0cea5ae61a86f7e3f3eec25d30ac8039d1,2021-04-22 13:30:00,30,NO CONTROLS,NO CONTROLS,CLEAR,DAYLIGHT,ANGLE,NOT DIVIDED,STRAIGHT AND LEVEL,DRY,NO DEFECTS,INJURY AND / OR TOW DUE TO CRASH,"OVER $1,500",FAILING TO YIELD RIGHT-OF-WAY,IMPROPER OVERTAKING/PASSING,4124,W,63RD ST,2,INCAPACITATING INJURY,4.0,0.0,1.0,3.0,0.0,1.0,0.0,13,5,4
9c2f40fdb6efc5f99f476a3e301e957e9b8608f9cd665469388e009e3ffcd152615fed76757abc234654f403ecfb604cbeab20400bee12e5eb36177525aefb7c,2017-11-22 19:30:00,25,NO CONTROLS,NO CONTROLS,CLEAR,DARKNESS,PARKED MOTOR VEHICLE,ONE-WAY,STRAIGHT AND LEVEL,DRY,NO DEFECTS,INJURY AND / OR TOW DUE TO CRASH,"OVER $1,500",UNDER THE INFLUENCE OF ALCOHOL/DRUGS (USE WHEN ARREST IS EFFECTED),NOT APPLICABLE,7418,S,EBERHART AVE,3,NO INDICATION OF INJURY,0.0,0.0,0.0,0.0,0.0,1.0,0.0,19,4,11
1cb99373b9b3c60ade707d2bcd09dd9de5933c03c50961c95bf19275164e54b707f147e7822fd8acb737ed10dcb2f62930b794b264f0a1e8cc9dbbdce0ac13a0,2018-11-19 13:42:00,30,NO CONTROLS,NO CONTROLS,CLEAR,DAYLIGHT,PARKED MOTOR VEHICLE,NOT DIVIDED,STRAIGHT AND LEVEL,DRY,NO DEFECTS,NO INJURY / DRIVE AWAY,$500 OR LESS,NOT APPLICABLE,NOT APPLICABLE,4700,W,PALMER ST,2,NO INDICATION OF INJURY,0.0,0.0,0.0,0.0,0.0,3.0,0.0,13,2,11
7b5bf8bbf7fcd76cb9b353b14bdd7be3dd97640b17ce038755b9e29fe86a5fa015a26026b40f8cfc093f7422287fb380590403bf9c385977e630d43a5447697c,2019-11-04 18:30:00,20,NO CONTROLS,NO CONTROLS,CLEAR,DAYLIGHT,PARKED MOTOR VEHICLE,ONE-WAY,STRAIGHT AND LEVEL,DRY,NO DEFECTS,NO INJURY / DRIVE AWAY,"$501 - $1,500",UNABLE TO DETERMINE,UNABLE TO DETERMINE,3737,W,GRACE ST,2,NO INDICATION OF INJURY,0.0,0.0,0.0,0.0,0.0,1.0,0.0,18,2,11
cba0c3a7eea27c729131d20318262006cb7e09eb9cb40877e07bd9f84cdc2ef87045e310f55f28cdc25e6de24c6209a0fde7b7facb6d775642fe6ddc0139a1ea,2017-12-27 13:35:00,30,UNKNOWN,UNKNOWN,UNKNOWN,UNKNOWN,REAR END,UNKNOWN,STRAIGHT AND LEVEL,UNKNOWN,UNKNOWN,NO INJURY / DRIVE AWAY,"OVER $1,500",UNABLE TO DETERMINE,NOT APPLICABLE,4800,W,IRVING PARK RD,2,NO INDICATION OF INJURY,0.0,0.0,0.0,0.0,0.0,2.0,0.0,13,4,12
9be1effae49ce53b8016a5e03666e80bbdbca3bc30c10821ef3eaaef13cf7840670dfa9ab6c2ac503169e5ff0206a1d4eef4c932e45b1a5432bdb09020725b4a,2023-04-15 22:53:00,30,NO CONTROLS,NO CONTROLS,CLEAR,"DARKNESS, LIGHTED ROAD",TURNING,DIVIDED - W/MEDIAN (NOT RAISED),STRAIGHT AND LEVEL,DRY,NO DEFECTS,INJURY AND / OR TOW DUE TO CRASH,"OVER $1,500",FAILING TO REDUCE SPEED TO AVOID CRASH,NOT APPLICABLE,4157,W,ADDISON ST,2,NO INDICATION OF INJURY,0.0,0.0,0.0,0.0,0.0,3.0,0.0,22,7,4
46145af9679c5949fa13167005e1358f36d97340b27df9007c89dc398e4c4f655cb24caca42e860206e500757f6345fda754e9026c5599d7f3db2d174574e062,2017-10-15 05:00:00,30,NO CONTROLS,NO CONTROLS,CLEAR,DAYLIGHT,PARKED MOTOR VEHICLE,DIVIDED - W/MEDIAN (NOT RAISED),STRAIGHT AND LEVEL,DRY,NO DEFECTS,NO INJURY / DRIVE AWAY,"$501 - $1,500",IMPROPER LANE USAGE,NOT APPLICABLE,5715,S,CALIFORNIA AVE,2,NO INDICATION OF INJURY,0.0,0.0,0.0,0.0,0.0,1.0,0.0,5,1,10
1034a6808bcab8a9d2ca24c2437f2c50e758923e7f58d52a34339bd5d7b76d25d396b09530abf645c92f66bc0cc04720c572536287c28e096b37620fb7eecb46,2017-11-03 23:27:00,35,NO CONTROLS,NO CONTROLS,CLEAR,"DARKNESS, LIGHTED ROAD",SIDESWIPE SAME DIRECTION,DIVIDED - W/MEDIAN (NOT RAISED),STRAIGHT AND LEVEL,DRY,NO DEFECTS,INJURY AND / OR TOW DUE TO CRASH,"OVER $1,500","OPERATING VEHICLE IN ERRATIC, RECKLESS, CARELESS, NEGLIGENT OR AGGRESSIVE MANNER","OPERATING VEHICLE IN ERRATIC, RECKLESS, CARELESS, NEGLIGENT OR AGGRESSIVE MANNER",5531,S,PULASKI RD,3,NONINCAPACITATING INJURY,1.0,0.0,0.0,1.0,0.0,2.0,0.0,23,6,11
34d1022902d1b2f02a86688f9d6dfb43cd2a1ee90cb152a35403b287484542325192e3a3ca769dad8c4656e9e5f099b6b44f3b2dcfed2cf09e3b6ee344a14028,2022-02-14 05:30:00,35,TRAFFIC SIGNAL,UNKNOWN,UNKNOWN,UNKNOWN,SIDESWIPE SAME DIRECTION,FOUR WAY,STRAIGHT AND LEVEL,DRY,NO DEFECTS,NO INJURY / DRIVE AWAY,"OVER $1,500",IMPROPER OVERTAKING/PASSING,NOT APPLICABLE,2800,N,LARAMIE AVE,2,NO INDICATION OF INJURY,0.0,0.0,0.0,0.0,0.0,2.0,0.0,5,2,2
1925c6ba5762102ffbdac8de328ce50e5f5d04e27ef0dd6bbbbdccba541a97d75abab0f67031880df6cf505b216de988f53b0e5760e071972233d62cb586337a,2017-09-24 03:28:00,30,NO CONTROLS,NO CONTROLS,CLEAR,"DARKNESS, LIGHTED ROAD",FIXED OBJECT,NOT DIVIDED,STRAIGHT AND LEVEL,DRY,NO DEFECTS,INJURY AND / OR TOW DUE TO CRASH,"OVER $1,500",UNABLE TO DETERMINE,IMPROPER LANE USAGE,4700,W,59TH ST,1,NO INDICATION OF INJURY,0.0,0.0,0.0,0.0,0.0,1.0,0.0,3,1,9
f821f2cdc85882a0018dd6e239517186bb16b392e5b8461f71028f7acc3d79051321e3284fdc3b7b2819c45b188889bef2f8a33f8b5f69410ff42cc92de34946,2021-01-16 21:05:00,25,STOP SIGN/FLASHER,NO CONTROLS,CLEAR,"DARKNESS, LIGHTED ROAD",REAR END,NOT DIVIDED,STRAIGHT AND LEVEL,WET,NO DEFECTS,INJURY AND / OR TOW DUE TO CRASH,"OVER $1,500","OPERATING VEHICLE IN ERRATIC, RECKLESS, CARELESS, NEGLIGENT OR AGGRESSIVE MANNER",FAILING TO REDUCE SPEED TO AVOID CRASH,3459,S,LEAVITT ST,3,NO INDICATION OF INJURY,0.0,0.0,0.0,0.0,0.0,3.0,0.0,21,7,1
ce5a5b96f5884133f72eee6782b866d01793013eba3989c08f4821721258a94bb9aa59d1a594b722ad3c7802932d5236d08230bf3da10c03908793b7c2a385ad,2019-11-20 10:05:00,30,TRAFFIC SIGNAL,FUNCTIONING PROPERLY,CLEAR,DAYLIGHT,SIDESWIPE SAME DIRECTION,ONE-WAY,STRAIGHT AND LEVEL,DRY,NO DEFECTS,NO INJURY / DRIVE AWAY,"OVER $1,500",IMPROPER OVERTAKING/PASSING,NOT APPLICABLE,2327,S,DR MARTIN LUTHER KING JR DR,2,NO INDICATION OF INJURY,0.0,0.0,0.0,0.0,0.0,2.0,0.0,10,4,11
7686ed4f33e780ce9778f70dd449439977dfc0d8f34ef735284f8cd7f7956cb5761cdb96065e530fae53917768baaa46872a5947fd33d8853d51e944c1ac659d,2018-06-18 17:30:00,20,NO CONTROLS,NO CONTROLS,CLOUDY/OVERCAST,DAYLIGHT,PARKED MOTOR VEHICLE,NOT DIVIDED,STRAIGHT AND LEVEL,DRY,NO DEFECTS,NO INJURY / DRIVE AWAY,"$501 - $1,500",WEATHER,NOT APPLICABLE,1719,N,WOOD ST,3,NO INDICATION OF INJURY,0.0,0.0,0.0,0.0,0.0,1.0,0.0,17,2,6