CRASH_RECORD_ID,CRASH_DATE,POSTED_SPEED_LIMIT,TRAFFIC_CONTROL_DEVICE,DEVICE_CONDITION,WEATHER_CONDITION,LIGHTING_CONDITION,FIRST_CRASH_TYPE,TRAFFICWAY_TYPE,ALIGNMENT,ROADWAY_SURFACE_COND,ROAD_DEFECT,CRASH_TYPE,DAMAGE,PRIM_CONTRIBUTORY_CAUSE,SEC_CONTRIBUTORY_CAUSE,STREET_NO,STREET_DIRECTION,STREET_NAME,NUM_UNITS,MOST_SEVERE_INJURY,INJURIES_TOTAL,INJURIES_FATAL,INJURIES_INCAPACITATING,INJURIES_NON_INCAPACITATING,INJURIES_REPORTED_NOT_EVIDENT,INJURIES_NO_INDICATION,INJURIES_UNKNOWN,CRASH_HOUR,CRASH_DAY_OF_WEEK,CRASH_MONTH
0156ade0be775f2226152a7442dbc1360175adde69726c6d0e6faa13126ccf44e66c13ee70f78de07726bfecc4fc926906b094d85e43141a4c2cb19db618b1ec,2023-03-15 09:15:00,30,NO CONTROLS,NO CONTROLS,CLEAR,DAYLIGHT,SIDESWIPE SAME DIRECTION,DIVIDED - W/MEDIAN BARRIER,STRAIGHT AND LEVEL,DRY,NO DEFECTS,NO INJURY / DRIVE AWAY,$500 OR LESS,IMPROPER OVERTAKING/PASSING,NOT APPLICABLE,10700,S,HALSTED ST,2,NO INDICATION OF INJURY,0.0,0.0,0.0,0.0,0.0,2.0,0.0,9,4,3
e103da9a51fef82a99a7b124f5a9fe5b390293b26a936d6b4dddf983f67fbd88f1eb004d00b8e0d3bdae1fec241c3c8b5ca81427c5d79c5f6b0cca606fc8d2f8,2023-04-04 14:00:00,15,NO CONTROLS,NO CONTROLS,CLEAR,DAYLIGHT,PARKED MOTOR VEHICLE,PARKING LOT,STRAIGHT AND LEVEL,DRY,NO DEFECTS,NO INJURY / DRIVE AWAY,"OVER $1,500",UNABLE TO DETERMINE,NOT APPLICABLE,6550,W,FULLERTON AVE,2,NO INDICATION OF INJURY,0.0,0.0,0.0,0.0,0.0,1.0,0.0,14,3,4
34308181a8904a6abcd3bf28d83a05d7176d90c7f319de1d8ba49fc95b0d67783cdf3d6de78ee4777822bde8b57ce3e276f80feb7fca0063e06e114e60cd1b3f,2024-03-20 14:00:00,30,STOP SIGN/FLASHER,FUNCTIONING PROPERLY,CLEAR,DAYLIGHT,ANGLE,FOUR WAY,STRAIGHT AND LEVEL,DRY,NO DEFECTS,INJURY AND / OR TOW DUE TO CRASH,"$501 - $1,500",FAILING TO YIELD RIGHT-OF-WAY,NOT APPLICABLE,1101,E,75TH ST,2,NO INDICATION OF INJURY,0.0,0.0,0.0,0.0,0.0,2.0,0.0,14,4,3
bc28ca4aa26308e8447585cffe011430a5527e3ec9ed6aa4938348dd876c31b047e5ef6a32f27305dcba696bf8051fdc04e20ebd453c9abae111ccb27768a692,2017-07-20 10:30:00,25,NO CONTROLS,NO CONTROLS,CLEAR,DAYLIGHT,PARKED MOTOR VEHICLE,PARKING LOT,STRAIGHT AND LEVEL,DRY,UNKNOWN,NO INJURY / DRIVE AWAY,"OVER $1,500",UNABLE TO DETERMINE,UNABLE TO DETERMINE,5600,S,COTTAGE GROVE AVE,2,NO INDICATION OF INJURY,0.0,0.0,0.0,0.0,0.0,1.0,0.0,10,5,7
df86603df23e20f8651aae7e53b26164e9300abed728758b31e4076aa384c477d87a6d5071fa2736bceef82406cef172aa83a458ee87b1457ff409a248a1e248,2020-02-07 16:00:00,30,TRAFFIC SIGNAL,FUNCTIONING IMPROPERLY,CLEAR,DAYLIGHT,SIDESWIPE SAME DIRECTION,NOT DIVIDED,STRAIGHT AND LEVEL,DRY,NO DEFECTS,NO INJURY / DRIVE AWAY,"OVER $1,500",IMPROPER LANE USAGE,IMPROPER LANE USAGE,4300,S,CICERO AVE,2,NO INDICATION OF INJURY,0.0,0.0,0.0,0.0,0.0,2.0,0.0,16,6,2
195b05bc5a5bdaf29db69121739e67a132fc338fc662f05dcaf5ca8600d641014c53d055ed623d0347a372f85e28c3e965b18e9af67a0d423646bfa76e0c03bc,2021-07-22 05:00:00,25,NO CONTROLS,NO CONTROLS,CLEAR,DAYLIGHT,PARKED MOTOR VEHICLE,ONE-WAY,STRAIGHT AND LEVEL,DRY,NO DEFECTS,NO INJURY / DRIVE AWAY,"OVER $1,500",UNABLE TO DETERMINE,UNABLE TO DETERMINE,708,N,RIDGEWAY AVE,2,NO INDICATION OF INJURY,0.0,0.0,0.0,0.0,0.0,1.0,0.0,5,5,7
af2cd50a4ecff19229088ee73f5a77c0ecbc7d4725f300fa43a34a4de9bde8ac8a03fc6f5c62c0e16576d145f97e3ef9c3bd27208ebf4c45cf0d03eac2648071,2019-04-29 13:40:00,30,NO CONTROLS,NO CONTROLS,CLEAR,DAYLIGHT,SIDESWIPE SAME DIRECTION,DIVIDED - W/MEDIAN (NOT RAISED),STRAIGHT AND LEVEL,DRY,NO DEFECTS,NO INJURY / DRIVE AWAY,"OVER $1,500",NOT APPLICABLE,NOT APPLICABLE,4334,S,ASHLAND AVE,2,NO INDICATION OF INJURY,0.0,0.0,0.0,0.0,0.0,2.0,0.0,13,2,4
8c83662571cc365be0028b43621c14f96f9fb50c0719ec6ed19dad17c103499302388007f8dd986574923b704b6dac61a8a451113e41c320e3f0fd0e633f569a,2022-08-09 01:40:00,40,NO CONTROLS,NO CONTROLS,CLEAR,"DARKNESS, LIGHTED ROAD",SIDESWIPE SAME DIRECTION,OTHER,"CURVE, LEVEL",UNKNOWN,NO DEFECTS,NO INJURY / DRIVE AWAY,"OVER $1,500",UNABLE TO DETERMINE,NOT APPLICABLE,1000,N,LAKE SHORE DR,2,NO INDICATION OF INJURY,0.0,0.0,0.0,0.0,0.0,4.0,0.0,1,3,8
3ae5096d81c9dd63c3b7de1501c519b752957f76937f970e04848a1587da72ec012ce448dfaf742921953deb70f2c4f2a5f7d6672facb6ff41bbae6db6ccc631,2024-03-06 10:39:00,30,TRAFFIC SIGNAL,FUNCTIONING PROPERLY,CLEAR,DAYLIGHT,ANGLE,FOUR WAY,STRAIGHT AND LEVEL,DRY,NO DEFECTS,INJURY AND / OR TOW DUE TO CRASH,"OVER $1,500",DISREGARDING TRAFFIC SIGNALS,FAILING TO YIELD RIGHT-OF-WAY,2000,W,MADISON ST,2,"REPORTED, NOT EVIDENT",1.0,0.0,0.0,0.0,1.0,1.0,0.0,10,4,3
213d6e5137acf072dde74cfe19402ffaa30c18b6298e280943536009a2d00c83a4724419d63cf2b9ce8a0fc9142451b56fdda565af5697906b0171038b97e804,2017-08-08 03:19:00,30,NO CONTROLS,NO CONTROLS,CLEAR,"DARKNESS, LIGHTED ROAD",FIXED OBJECT,NOT DIVIDED,STRAIGHT AND LEVEL,DRY,NO DEFECTS,INJURY AND / OR TOW DUE TO CRASH,"OVER $1,500",NOT APPLICABLE,NOT APPLICABLE,1000,E,76TH ST,1,NONINCAPACITATING INJURY,2.0,0.0,0.0,2.0,0.0,0.0,0.0,3,3,8
2ce71d6d606be28a80c8b059b977622ffe00fe1fbf586763b34185a2c50b7b0be284fdcff9f23e4ab51c181552166672ed9085dc904efd8cc10faa14fb8ce67a,2017-10-12 10:06:00,40,NO CONTROLS,NO CONTROLS,FOG/SMOKE/HAZE,DAYLIGHT,REAR END,DIVIDED - W/MEDIAN BARRIER,STRAIGHT AND LEVEL,DRY,NO DEFECTS,INJURY AND / OR TOW DUE TO CRASH,"OVER $1,500",UNABLE TO DETERMINE,NOT APPLICABLE,601,N,LAKE SHORE DR NB,2,INCAPACITATING INJURY,1.0,0.0,1.0,0.0,0.0,3.0,0.0,10,5,10
f2dd56db773becadb0845ce6b19a7260ad4dae106de58075bd9042042ba0d209e69d067c648b8d3b223678799015ba48dbab808f731d285c86a561dbd58cac1f,2018-07-21 09:50:00,35,NO CONTROLS,NO CONTROLS,RAIN,DAYLIGHT,PARKED MOTOR VEHICLE,PARKING LOT,STRAIGHT AND LEVEL,WET,UNKNOWN,INJURY AND / OR TOW DUE TO CRASH,"OVER $1,500",UNABLE TO DETERMINE,UNABLE TO DETERMINE,500,E,35TH ST,2,NONINCAPACITATING INJURY,2.0,0.0,0.0,2.0,0.0,0.0,0.0,9,7,7
1705fa735e5e187d1804f95423bacfce88b6451445de5dd51992c344654503eb27fc026fc809157cbdd1a7f4357d8cfd2b201536c16e49791f14a2c24efc3406,2019-08-25 16:21:00,30,TRAFFIC SIGNAL,FUNCTIONING PROPERLY,CLEAR,DAYLIGHT,SIDESWIPE OPPOSITE DIRECTION,ONE-WAY,STRAIGHT AND LEVEL,DRY,NO DEFECTS,INJURY AND / OR TOW DUE TO CRASH,"OVER $1,500",DRIVING ON WRONG SIDE/WRONG WAY,NOT APPLICABLE,3258,S,MICHIGAN AVE,3,NO INDICATION OF INJURY,0.0,0.0,0.0,0.0,0.0,5.0,0.0,16,1,8
a4c2875edda436ab7f84c48bffdc932e216d5a447815a685eefd248aaadb55c204e2d8c88ca40da8b7dfae751cd6187baa3c2f99ebc626bb69bb1fa94a64ee5c,2023-07-22 15:30:00,25,TRAFFIC SIGNAL,FUNCTIONING PROPERLY,CLEAR,DAYLIGHT,REAR END,NOT DIVIDED,STRAIGHT ON GRADE,DRY,NO DEFECTS,NO INJURY / DRIVE AWAY,"$501 - $1,500",FAILING TO REDUCE SPEED TO AVOID CRASH,FAILING TO REDUCE SPEED TO AVOID CRASH,4658,S,WESTERN AVE,2,NO INDICATION OF INJURY,0.0,0.0,0.0,0.0,0.0,2.0,0.0,15,7,7
59037990cd2b6de8e6e55447f55efd105918c6bff2e2b110a3fea809fde700ebfc56966d28c6ed78359808bd56df716e1a1e9146d2a87466fa9ac79206dfd22d,2020-06-24 14:00:00,30,TRAFFIC SIGNAL,FUNCTIONING PROPERLY,RAIN,DAYLIGHT,REAR END,DIVIDED - W/MEDIAN BARRIER,STRAIGHT AND LEVEL,WET,UNKNOWN,NO INJURY / DRIVE AWAY,"OVER $1,500",UNABLE TO DETERMINE,NOT APPLICABLE,3100,N,ASHLAND AVE,2,NO INDICATION OF INJURY,0.0,0.0,0.0,0.0,0.0,2.0,0.0,14,4,6
1fe725374c4729fb95bd5ba34fdbeab71ae25e55a7a537a89752aac17f200746dacb91a010bb889ceab94de408f1e252ed1502dde63919a515fa75c6110a0316,2017-08-25 18:30:00,30,NO CONTROLS,NO CONTROLS,CLEAR,DAYLIGHT,PARKED MOTOR VEHICLE,PARKING LOT,STRAIGHT AND LEVEL,DRY,NO DEFECTS,NO INJURY / DRIVE AWAY,$500 OR LESS,NOT APPLICABLE,NOT APPLICABLE,6000,S,WESTERN AVE,2,NO INDICATION OF INJURY,0.0,0.0,0.0,0.0,0.0,1.0,0.0,18,6,8
d32c13ce593981824307d56060437827312b43dbe62f4143dbc883c048a2a0b092e6d59a42a0ef80b447710683501474d4482663b226dcaa78e54a5d17ce50b3,2018-03-06 08:40:00,30,TRAFFIC SIGNAL,FUNCTIONING PROPERLY,CLEAR,DAYLIGHT,TURNING,NOT DIVIDED,STRAIGHT AND LEVEL,DRY,NO DEFECTS,NO INJURY / DRIVE AWAY,"$501 - $1,500",UNABLE TO DETERMINE,UNABLE TO DETERMINE,5900,N,CLARK ST,2,NO INDICATION OF INJURY,0.0,0.0,0.0,0.0,0.0,2.0,0.0,8,3,3
45924ed6ac79172ee79942aa2859764d7e87770a7993bdc0ac3c4e00b35c088260b3bd9c7de6bb67554dc078bf4c1026600d19e66f87abaf4e8e84629dcfe569,2022-09-19 17:00:00,15,NO CONTROLS,NO CONTROLS,CLEAR,DAYLIGHT,PARKED MOTOR VEHICLE,PARKING LOT,STRAIGHT AND LEVEL,DRY,NO DEFECTS,NO INJURY / DRIVE AWAY,"$501 - $1,500",UNABLE TO DETERMINE,UNABLE TO DETERMINE,2607,S,KEDZIE AVE,2,NO INDICATION OF INJURY,0.0,0.0,0.0,0.0,0.0,1.0,0.0,17,2,9
7c385b2560fdb59625b43bc389f81a95ab932e080cf980ebffe7a2270b58d7d06143a0a3adac95cd4a5807e1730993953d532a81d88b865b3d8142479b97dfe9,2024-01-17 09:40:00,35,NO CONTROLS,NO CONTROLS,SNOW,DAYLIGHT,OTHER OBJECT,RAMP,STRAIGHT AND LEVEL,SNOW OR SLUSH,NO DEFECTS,INJURY AND / OR TOW DUE TO CRASH,"OVER $1,500",FAILING TO REDUCE SPEED TO AVOID CRASH,NOT APPLICABLE,11100,S,HAMLET AVE,1,NO INDICATION OF INJURY,0.0,0.0,0.0,0.0,0.0,1.0,0.0,9,4,1
bde9ff3180a37dfb217662bb494466b9d69b6b13722eac2859426bc0ae8b541712a4be29fcb9cca3c06dab5cf5afe8ebdb6c453a5a693e6c93912ffd283bb7ad,2017-11-13 14:00:00,30,TRAFFIC SIGNAL,FUNCTIONING PROPERLY,CLEAR,DAYLIGHT,REAR END,NOT DIVIDED,STRAIGHT AND LEVEL,DRY,NO DEFECTS,NO INJURY / DRIVE AWAY,"$501 - $1,500",UNABLE TO DETERMINE,UNABLE TO DETERMINE,4200,S,PULASKI RD,3,NO INDICATION OF INJURY,0.0,0.0,0.0,0.0,0.0,3.0,0.0,14,2,11
be8e3ba8f5d81cad6764a6b72f0b0401d388ad3a0a52fe5bd5a7011db98c84d6b2ef072ee703feb26d9884e8d90edacf76eff8315399a907aca0ee4d91a0f1b5,2023-02-24 23:21:00,25,NO CONTROLS,NO CONTROLS,SNOW,"DARKNESS, LIGHTED ROAD",PARKED MOTOR VEHICLE,OTHER,STRAIGHT AND LEVEL,SNOW OR SLUSH,UNKNOWN,NO INJURY / DRIVE AWAY,"OVER $1,500","OPERATING VEHICLE IN ERRATIC, RECKLESS, CARELESS, NEGLIGENT OR AGGRESSIVE MANNER",UNABLE TO DETERMINE,5318,W,PENSACOLA AVE,2,NO INDICATION OF INJURY,0.0,0.0,0.0,0.0,0.0,1.0,0.0,23,6,2
51cafd12365aa92ab06eb4bab6b508b3e74f12d110a69536abc91762c326db839d43b9065696f7fa4ce37da71f7572d4493bab446b688879e3ffb944f0ed1a1d,2021-12-06 13:40:00,30,STOP SIGN/FLASHER,NO CONTROLS,CLEAR,DAYLIGHT,TURNING,FOUR WAY,STRAIGHT AND LEVEL,DRY,NO DEFECTS,NO INJURY / DRIVE AWAY,"OVER $1,500",IMPROPER TURNING/NO SIGNAL,NOT APPLICABLE,1026,W,MADISON ST,2,NO INDICATION OF INJURY,0.0,0.0,0.0,0.0,0.0,3.0,0.0,13,2,12
9cf79807d83b9f837a89ea33aebdf5f7ab149bd9805102d671a300b4c5f6d2079d682715ea2201c65299c730dcb54af8d11f2bc524b11f76dbde24739380f782,2018-01-16 09:20:00,30,NO CONTROLS,NO CONTROLS,SNOW,DAYLIGHT,TURNING,DIVIDED - W/MEDIAN (NOT RAISED),STRAIGHT AND LEVEL,SNOW OR SLUSH,NO DEFECTS,INJURY AND / OR TOW DUE TO CRASH,"OVER $1,500",UNABLE TO DETERMINE,NOT APPLICABLE,6639,N,KEDZIE AVE,2,NO INDICATION OF INJURY,0.0,0.0,0.0,0.0,0.0,2.0,0.0,9,3,1
47ad995083d99f90ed790b2e3959d8ccdb52979226e5402c5d7b377964685de44264043f15ce2f15f4f0ea79829be7a3ef783e27b2d28e90464973ff8d9ff0c7,2017-03-24 15:20:00,35,NO CONTROLS,NO CONTROLS,CLEAR,DAYLIGHT,PARKED MOTOR VEHICLE,NOT DIVIDED,STRAIGHT AND LEVEL,DRY,NO DEFECTS,NO INJURY / DRIVE AWAY,"$501 - $1,500",UNABLE TO DETERMINE,UNABLE TO DETERMINE,11710,S,MORGAN ST,2,NO INDICATION OF INJURY,0.0,0.0,0.0,0.0,0.0,1.0,0.0,15,6,3
d1017c0e334a0381f1576b1d3cf149681f277ec4985e6c1a01af2317d68f984361e564af1ebde8f88e0ecf326014f38f5f8bdc0b3946993dc23b33885a28fc2b,2019-10-31 13:45:00,30,NO CONTROLS,NO CONTROLS,SNOW,DAYLIGHT,PARKED MOTOR VEHICLE,NOT DIVIDED,STRAIGHT AND LEVEL,SNOW OR SLUSH,NO DEFECTS,INJURY AND / OR TOW DUE TO CRASH,"OVER $1,500",WEATHER,UNABLE TO DETERMINE,1465,W,112TH PL,4,NO INDICATION OF INJURY,0.0,0.0,0.0,0.0,0.0,1.0,0.0,13,5,10
dcb56136184a0c8af62e79a9bcb9ae35e53f4c51c97e3ff94ea97f432866a5643b1b04f6933344c52b74af29b62465c649d677ca552fa0cfb56cf641cb023d57,2016-01-12 04:00:00,30,TRAFFIC SIGNAL,FUNCTIONING PROPERLY,UNKNOWN,DAYLIGHT,REAR END,DIVIDED - W/MEDIAN (NOT RAISED),STRAIGHT AND LEVEL,UNKNOWN,UNKNOWN,NO INJURY / DRIVE AWAY,"$501 - $1,500",FOLLOWING TOO CLOSELY,NOT APPLICABLE,6100,N,LINCOLN AVE,2,NO INDICATION OF INJURY,0.0,0.0,0.0,0.0,0.0,2.0,0.0,4,3,1
ec4eaa7003ac42cb737429fc3128584b2eb391b48b0957d369c90ef3d695d752cfe8bb9d69e02effe84fd2fcbc73e4009849a93e4d8fd898b31455b0de36f04b,2016-11-12 16:00:00,30,NO CONTROLS,NO CONTROLS,CLEAR,DAYLIGHT,REAR END,NOT DIVIDED,STRAIGHT AND LEVEL,DRY,NO DEFECTS,NO INJURY / DRIVE AWAY,"OVER $1,500",UNABLE TO DETERMINE,UNABLE TO DETERMINE,99,E,WASHINGTON ST,2,NO INDICATION OF INJURY,0.0,0.0,0.0,0.0,0.0,5.0,0.0,16,7,11
325344f6b29678f907904c5c16a57c02cff2d9871985134d18b87e3bc5b78ea982ead76be1b223e1a18e8839e0f1f2dcf977cef697fd94eaa2ad581b0d51c296,2019-03-21 08:05:00,20,TRAFFIC SIGNAL,FUNCTIONING PROPERLY,CLOUDY/OVERCAST,DAYLIGHT,SIDESWIPE SAME DIRECTION,NOT DIVIDED,STRAIGHT AND LEVEL,WET,NO DEFECTS,NO INJURY / DRIVE AWAY,"OVER $1,500",IMPROPER LANE USAGE,UNABLE TO DETERMINE,3001,W,HARRISON ST,2,NO INDICATION OF INJURY,0.0,0.0,0.0,0.0,0.0,2.0,0.0,8,5,3
2b8df8e0898608511c2eed3a33872ed51eb3a3ba1715a6e7b11900cb5d83e31067da73e25a0f95d2faa679b68ebe2b1a7ccec31663ab0881e1467ec84e481f32,2015-11-01 12:30:00,30,TRAFFIC SIGNAL,FUNCTIONING PROPERLY,CLEAR,DAYLIGHT,REAR END,NOT DIVIDED,STRAIGHT AND LEVEL,DRY,UNKNOWN,NO INJURY / DRIVE AWAY,"OVER $1,500",FOLLOWING TOO CLOSELY,NOT APPLICABLE,1221,W,HOLLYWOOD AVE,2,NO INDICATION OF INJURY,0.0,0.0,0.0,0.0,0.0,2.0,0.0,12,1,11
da28081b557d228865151969c934d96ecc2aed2e81a81e0762bead6f115a4a2080fb737f72805bde5a38601c5528b5aeae99b409781eb6ead4c2ca028bb1df2d,2023-02-01 18:22:00,30,STOP SIGN/FLASHER,FUNCTIONING PROPERLY,CLEAR,"DARKNESS, LIGHTED ROAD",REAR END,NOT DIVIDED,STRAIGHT AND LEVEL,DRY,NO DEFECTS,NO INJURY / DRIVE AWAY,"$501 - $1,500",FOLLOWING TOO CLOSELY,UNABLE TO DETERMINE,1555,E,87TH ST,2,NO INDICATION OF INJURY,0.0,0.0,0.0,0.0,0.0,2.0,0.0,18,4,2
de272622155141f4bd3522a600f7d7ab2fb3cf77a831a2a97e6f148cc616ac6dda6669f102d6477363f97ace56fb0a20e78234fdea724e512849d4897e3ade55,2023-10-30 14:00:00,30,UNKNOWN,UNKNOWN,UNKNOWN,DAYLIGHT,SIDESWIPE SAME DIRECTION,NOT DIVIDED,STRAIGHT AND LEVEL,UNKNOWN,UNKNOWN,NO INJURY / DRIVE AWAY,"OVER $1,500",UNABLE TO DETERMINE,UNABLE TO DETERMINE,400,N,MICHIGAN AVE,2,NO INDICATION OF INJURY,0.0,0.0,0.0,0.0,0.0,2.0,0.0,14,2,10
d6fa938e59caf343a54fdf12202c790ab01800ebc2cd2df3239dacf7c46c17370c15d383260430f06ba341b3f5767adca890ae529ffeb323ef0b2d7c7abc103c,2019-04-11 16:20:00,30,NO CONTROLS,NO CONTROLS,CLEAR,DAYLIGHT,REAR END,NOT DIVIDED,STRAIGHT AND LEVEL,DRY,NO DEFECTS,NO INJURY / DRIVE AWAY,"$501 - $1,500",NOT APPLICABLE,NOT APPLICABLE,5646,W,63RD ST,2,NO INDICATION OF INJURY,0.0,0.0,0.0,0.0,0.0,2.0,0.0,16,5,4
0e3fbf71ca53a2d4cf106f9b9d22ec6879b3daacf7d961a7723f650ef65d143b592da7be5644bc29a70ef69d2d6d368752e1c95810de5d8d9d5bc09d5424c932,2021-03-18 16:30:00,25,TRAFFIC SIGNAL,FUNCTIONING PROPERLY,CLEAR,DAYLIGHT,SIDESWIPE SAME DIRECTION,ONE-WAY,STRAIGHT AND LEVEL,DRY,NO DEFECTS,NO INJURY / DRIVE AWAY,"$501 - $1,500",UNABLE TO DETERMINE,NOT APPLICABLE,5574,W,CONGRESS PKWY,2,NO INDICATION OF INJURY,0.0,0.0,0.0,0.0,0.0,2.0,0.0,16,5,3
f0fa376e079c8667136f271fc16a98a89e0bd8931001ddba4b294e3f42d579a6e6df7722f057a4990d6d7a47758a94c89fa3d228329738c45301101c496adefa,2019-06-06 10:50:00,30,NO CONTROLS,NO CONTROLS,CLEAR,DAYLIGHT,PARKED MOTOR VEHICLE,ONE-WAY,STRAIGHT AND LEVEL,DRY,NO DEFECTS,NO INJURY / DRIVE AWAY,"OVER $1,500",UNABLE TO DETERMINE,NOT APPLICABLE,4100,N,OAKLEY AVE,2,NO INDICATION OF INJURY,0.0,0.0,0.0,0.0,0.0,1.0,0.0,10,5,6
cb443534862f97d2a16821963b460894968742c80ccbc050eb6b0b732f904f0af218fad3efe8f9adb6fdbdc33c8f93ff7a220c5fd3b7240d192dffb20dd365ee,2018-05-09 08:10:00,30,TRAFFIC SIGNAL,UNKNOWN,RAIN,DAYLIGHT,PEDESTRIAN,OTHER,STRAIGHT AND LEVEL,WET,UNKNOWN,INJURY AND / OR TOW DUE TO CRASH,$500 OR LESS,CELL PHONE USE OTHER THAN TEXTING,FAILING TO YIELD RIGHT-OF-WAY,3600,W,HARRISON ST,2,INCAPACITATING INJURY,1.0,0.0,1.0,0.0,0.0,1.0,0.0,8,4,5
d4f74a36b4d3f0ec8847df432a3615a3ddabccfa9c158f788d2cfc675f9e5f3fc1746e421e3403043d37a9b520e02b7d68d6137980caa72bbc5b0a3467dd5d40,2022-11-23 00:20:00,30,NO CONTROLS,NO CONTROLS,CLEAR,"DARKNESS, LIGHTED ROAD",PARKED MOTOR VEHICLE,NOT DIVIDED,STRAIGHT AND LEVEL,DRY,NO DEFECTS,INJURY AND / OR TOW DUE TO CRASH,"OVER $1,500",UNABLE TO DETERMINE,UNABLE TO DETERMINE,2137,E,87TH ST,3,NO INDICATION OF INJURY,0.0,0.0,0.0,0.0,0.0,1.0,0.0,0,4,11
48b50b8f1715417316b34ec8d87cd992d9087ca80620e134bb92798166f795ecc2b1726a4ca30715b949a0d9fa040c96a2f8b0d3d8efe3a000a51af06f8bb394,2021-12-22 07:02:00,30,STOP SIGN/FLASHER,UNKNOWN,UNKNOWN,UNKNOWN,ANGLE,UNKNOWN INTERSECTION TYPE,STRAIGHT AND LEVEL,UNKNOWN,UNKNOWN,NO INJURY / DRIVE AWAY,"OVER $1,500",UNABLE TO DETERMINE,UNABLE TO DETERMINE,1700,N,FRANCISCO AVE,2,NO INDICATION OF INJURY,0.0,0.0,0.0,0.0,0.0,2.0,0.0,7,4,12
b011872c87a97d0b283ace713a7f767639bd0a1b07c0f21d8d09a319a6ebffa6a5c2c3f002c4f626f3226d27290ecce1ce8e230233dfb71f95521c412befc1d9,2016-10-16 01:14:00,30,NO CONTROLS,NO CONTROLS,CLEAR,"DARKNESS, LIGHTED ROAD",TURNING,NOT DIVIDED,STRAIGHT AND LEVEL,DRY,NO DEFECTS,NO INJURY / DRIVE AWAY,$500 OR LESS,UNABLE TO DETERMINE,UNABLE TO DETERMINE,3101,W,MADISON ST,2,NO INDICATION OF INJURY,0.0,0.0,0.0,0.0,0.0,2.0,0.0,1,1,10
4d9621bd6989dcb6d7cf42260afb9d67ef0341d4321fe552736d354f035ec8e3bbc0dde1e1c178147e207146f60c15ed6604deb4d4babd206fde01d80352c48f,2023-09-30 15:43:00,15,NO CONTROLS,NO CONTROLS,CLEAR,DAYLIGHT,TURNING,PARKING LOT,STRAIGHT AND LEVEL,DRY,NO DEFECTS,NO INJURY / DRIVE AWAY,"$501 - $1,500",UNABLE TO DETERMINE,UNABLE TO DETERMINE,3500,W,LAWRENCE AVE,2,NO INDICATION OF INJURY,0.0,0.0,0.0,0.0,0.0,2.0,0.0,15,7,9
c15e46ae9b3e541476f6bde65c20214ed77815bd3b2b2b240410536adebc3cb82d1c3a5b90f614cd850646558f6ee98b81fdfa3aac375f70ec7856e65c824280,2019-04-02 17:30:00,30,NO CONTROLS,NO CONTROLS,CLEAR,DAYLIGHT,TURNING,NOT DIVIDED,STRAIGHT AND LEVEL,DRY,NO DEFECTS,NO INJURY / DRIVE AWAY,"$501 - $1,500",UNABLE TO DETERMINE,UNABLE TO DETERMINE,2325,W,28TH ST,2,NO INDICATION OF INJURY,0.0,0.0,0.0,0.0,0.0,2.0,0.0,17,3,4
64a89fa8741ff8b19cc5c65428a23fefb31a81ad0f6deaa230431aaa9a0567d82d6f5b1168cf7889c97a1d718f94035fa7b24ceb4bacf69c5ec8746ef74abab1,2023-10-25 17:17:00,30,TRAFFIC SIGNAL,UNKNOWN,RAIN,UNKNOWN,SIDESWIPE SAME DIRECTION,FOUR WAY,STRAIGHT AND LEVEL,UNKNOWN,UNKNOWN,NO INJURY / DRIVE AWAY,$500 OR LESS,IMPROPER OVERTAKING/PASSING,NOT APPLICABLE,2400,N,ASHLAND AVE,2,NO INDICATION OF INJURY,0.0,0.0,0.0,0.0,0.0,3.0,0.0,17,4,10
ed62cea1620f3db12447d62de080d5adf4a02f7ed9864ea1111a3356dbd01e5f69b8fd13f1333e1152bea2ca7a0dc1d61943f72350e173b1c4e979dd80afbb45,2018-01-16 18:00:00,15,NO CONTROLS,NO CONTROLS,CLEAR,"DARKNESS, LIGHTED ROAD",PARKED MOTOR VEHICLE,PARKING LOT,STRAIGHT AND LEVEL,SNOW OR SLUSH,NO DEFECTS,NO INJURY / DRIVE AWAY,$500 OR LESS,UNABLE TO DETERMINE,NOT APPLICABLE,5610,W,ROOSEVELT RD,2,NO INDICATION OF INJURY,0.0,0.0,0.0,0.0,0.0,3.0,0.0,18,3,1
7cd26f2f3301cc7f3e9f466e20c7e90fc79be58abdd6e6089379b1120d9a5be0f49415bac78999eb4e8c38dfec5cd17072f173ac2c6a910079a36464ca4be4e9,2018-02-12 11:30:00,20,NO CONTROLS,NO CONTROLS,CLEAR,DAYLIGHT,PARKED MOTOR VEHICLE,NOT DIVIDED,STRAIGHT AND LEVEL,DRY,NO DEFECTS,NO INJURY / DRIVE AWAY,"OVER $1,500",IMPROPER BACKING,DRIVING SKILLS/KNOWLEDGE/EXPERIENCE,3820,W,78TH PL,2,NO INDICATION OF INJURY,0.0,0.0,0.0,0.0,0.0,1.0,0.0,11,2,2
e8e2b8a267f63153263c110bb0d2d330e4de80b4286cb938402df9c64da4da8cb23a5498ea10b20d336b9ae4b011e9f63a31f40c850e53a65a9130eb54d6dedd,2024-03-15 16:00:00,30,NO CONTROLS,NO CONTROLS,CLEAR,DAYLIGHT,REAR END,ONE-WAY,STRAIGHT AND LEVEL,DRY,NO DEFECTS,NO INJURY / DRIVE AWAY,"OVER $1,500",UNABLE TO DETERMINE,UNABLE TO DETERMINE,3630,W,CONGRESS PKWY,3,NO INDICATION OF INJURY,0.0,0.0,0.0,0.0,0.0,3.0,0.0,16,6,3