CRASH_RECORD_ID,CRASH_DATE,POSTED_SPEED_LIMIT,TRAFFIC_CONTROL_DEVICE,DEVICE_CONDITION,WEATHER_CONDITION,LIGHTING_CONDITION,FIRST_CRASH_TYPE,TRAFFICWAY_TYPE,ALIGNMENT,ROADWAY_SURFACE_COND,ROAD_DEFECT,CRASH_TYPE,DAMAGE,PRIM_CONTRIBUTORY_CAUSE,SEC_CONTRIBUTORY_CAUSE,STREET_NO,STREET_DIRECTION,STREET_NAME,NUM_UNITS,MOST_SEVERE_INJURY,INJURIES_TOTAL,INJURIES_FATAL,INJURIES_INCAPACITATING,INJURIES_NON_INCAPACITATING,INJURIES_REPORTED_NOT_EVIDENT,INJURIES_NO_INDICATION,INJURIES_UNKNOWN,CRASH_HOUR,CRASH_DAY_OF_WEEK,CRASH_MONTH
5f58b8ae7631771759d80f2dd1208d715f1f0ed0b9ee16c160a72a4bc5b3eaeb5cbf5b05ab9199b7753d1a2a0df33e97faad4fb071e10205d8867c45c896f044,2019-09-03 09:45:00,30,TRAFFIC SIGNAL,FUNCTIONING PROPERLY,CLOUDY/OVERCAST,DAYLIGHT,FIXED OBJECT,NOT DIVIDED,STRAIGHT AND LEVEL,WET,NO DEFECTS,NO INJURY / DRIVE AWAY,"$501 - $1,500",UNABLE TO DETERMINE,UNABLE TO DETERMINE,5321,S,CENTRAL AVE,1,NO INDICATION OF INJURY,0.0,0.0,0.0,0.0,0.0,1.0,0.0,9,3,9
70e36fad4347bf0393215fd39cdf89ca31bd98a9bc77d323655cf402b1724de728dcad9391af8df666e66f46da5f4c35e662da5b6fb2e313ad5e44450fb047ea,2019-04-13 13:20:00,30,NO CONTROLS,NO CONTROLS,CLEAR,DAYLIGHT,PARKED MOTOR VEHICLE,ONE-WAY,STRAIGHT AND LEVEL,DRY,NO DEFECTS,NO INJURY / DRIVE AWAY,"OVER $1,500",UNABLE TO DETERMINE,NOT APPLICABLE,3364,N,NEW ENGLAND AVE,2,NO INDICATION OF INJURY,0.0,0.0,0.0,0.0,0.0,1.0,0.0,13,7,4
c926e064600d920dc3094f9ee101be4fdcf13f1989de534165d7ae05e8a9d0e9bb91d69263c7f61a0adc2bac379456bcebbf96e7e075dae77298ca3a512ac419,2022-06-15 16:10:00,30,NO CONTROLS,NO CONTROLS,CLEAR,DAYLIGHT,SIDESWIPE SAME DIRECTION,NOT DIVIDED,STRAIGHT AND LEVEL,DRY,NO DEFECTS,NO INJURY / DRIVE AWAY,"$501 - $1,500",IMPROPER OVERTAKING/PASSING,IMPROPER OVERTAKING/PASSING,6308,N,CENTRAL AVE,2,NO INDICATION OF INJURY,0.0,0.0,0.0,0.0,0.0,2.0,0.0,16,4,6
9f8f24064e9a971603fc025249caa1b6977b6bb5d6c2047a6f8c0b9caccf84ae8aa0d102d9cd0a3268bac51b4c4ebab53d042f79f165d8b7acc102c63400b55f,2021-11-27 22:52:00,30,TRAFFIC SIGNAL,FUNCTIONING PROPERLY,CLEAR,"DARKNESS, LIGHTED ROAD",TURNING,DIVIDED - W/MEDIAN BARRIER,STRAIGHT AND LEVEL,DRY,NO DEFECTS,INJURY AND / OR TOW DUE TO CRASH,"OVER $1,500",DISREGARDING OTHER TRAFFIC SIGNS,UNABLE TO DETERMINE,500,N,LA SALLE DR,2,NONINCAPACITATING INJURY,1.0,0.0,0.0,1.0,0.0,1.0,0.0,22,7,11
023e37d775aabb158eb0dbd47387f1aa87baa699340271feaa802c969977c96efdb120c88e97f7160b25df917e35dfe7a2d988ab4478803aecb81994992be934,2022-04-04 16:15:00,45,STOP SIGN/FLASHER,FUNCTIONING PROPERLY,CLEAR,DAYLIGHT,REAR END,RAMP,STRAIGHT AND LEVEL,DRY,NO DEFECTS,NO INJURY / DRIVE AWAY,"OVER $1,500",NOT APPLICABLE,NOT APPLICABLE,4700,S,LAKE SHORE DR SB,2,NO INDICATION OF INJURY,0.0,0.0,0.0,0.0,0.0,2.0,0.0,16,2,4
7d907c130c5f319e6cfdd9187f1762394f83de23c1fdc236a9efce928089befdbf948dc90ccfc9d90b2c1fd8d5e767aab40e124efd79a53f35d3deb1faf1f431,2017-08-26 22:57:00,25,NO CONTROLS,NO CONTROLS,CLEAR,DUSK,SIDESWIPE SAME DIRECTION,NOT DIVIDED,STRAIGHT AND LEVEL,DRY,NO DEFECTS,INJURY AND / OR TOW DUE TO CRASH,"OVER $1,500",FOLLOWING TOO CLOSELY,UNABLE TO DETERMINE,13400,S,VERNON AVE,2,NONINCAPACITATING INJURY,1.0,0.0,0.0,1.0,0.0,3.0,0.0,22,7,8
258d0bd9e41810bac18397d667bed9caea58fa3722bb34151a8c27e305e03a048625739e37f8abd5621cee8fd49bfbae4b16927c33fa5107dbd1cab65914dd87,2017-07-08 23:39:00,35,TRAFFIC SIGNAL,FUNCTIONING PROPERLY,CLEAR,"DARKNESS, LIGHTED ROAD",PEDESTRIAN,NOT DIVIDED,STRAIGHT AND LEVEL,DRY,NO DEFECTS,INJURY AND / OR TOW DUE TO CRASH,"OVER $1,500",FAILING TO YIELD RIGHT-OF-WAY,NOT APPLICABLE,7900,S,SOUTH CHICAGO AVE,2,NONINCAPACITATING INJURY,1.0,0.0,0.0,1.0,0.0,1.0,0.0,23,7,7
c37342d0f6079a837969a9ac0d0ad16be4b9cf2cedb15b49341988da68321d43b732173ac402cbe6fe6c3aa37f14d5e5c4c57275bbfcc8fb205cd45504dba421,2018-06-27 14:15:00,30,TRAFFIC SIGNAL,FUNCTIONING PROPERLY,CLEAR,DAYLIGHT,REAR END,DIVIDED - W/MEDIAN (NOT RAISED),STRAIGHT AND LEVEL,UNKNOWN,UNKNOWN,NO INJURY / DRIVE AWAY,"OVER $1,500",FOLLOWING TOO CLOSELY,EXCEEDING SAFE SPEED FOR CONDITIONS,2400,S,DR MARTIN LUTHER KING JR DR,2,NO INDICATION OF INJURY,0.0,0.0,0.0,0.0,0.0,2.0,0.0,14,4,6
36eb0aa2116def3a0d468977f0fa4610e04f239f7a2d384f445ceaaf5c1ed06ec1fdd131f0ac1858805e1fe64029e51f8fe767dcfb6f0ada81cfbff73da973fc,2016-06-24 18:00:00,30,NO CONTROLS,UNKNOWN,CLEAR,DAYLIGHT,PARKED MOTOR VEHICLE,PARKING LOT,STRAIGHT AND LEVEL,DRY,UNKNOWN,NO INJURY / DRIVE AWAY,"OVER $1,500",NOT APPLICABLE,NOT APPLICABLE,7345,S,STATE ST,2,NO INDICATION OF INJURY,0.0,0.0,0.0,0.0,0.0,1.0,0.0,18,6,6
45f31576a749867c05b9b95513f87b966204eb51cfe1d39724eb3a7bfcd87d9a998fbf5858187417e61aedf000bc8238a90e5826227aa7880f8b3281f0bbbacb,2021-07-12 12:00:00,35,TRAFFIC SIGNAL,NO CONTROLS,CLEAR,DAYLIGHT,SIDESWIPE SAME DIRECTION,DIVIDED - W/MEDIAN (NOT RAISED),STRAIGHT AND LEVEL,DRY,NO DEFECTS,NO INJURY / DRIVE AWAY,"OVER $1,500",UNABLE TO DETERMINE,UNABLE TO DETERMINE,500,S,COLUMBUS DR,2,NO INDICATION OF INJURY,0.0,0.0,0.0,0.0,0.0,2.0,0.0,12,2,7
21085e1908c09914d1054603993b9b1624ead324b73d9122a66aea5121fecfb7fc5dac8d9845612d01adf431812bf5f9887dacec690ec1b03ea4aae2b14362d4,2020-09-16 15:08:00,30,NO CONTROLS,NO CONTROLS,CLEAR,DAYLIGHT,TURNING,NOT DIVIDED,STRAIGHT AND LEVEL,DRY,NO DEFECTS,NO INJURY / DRIVE AWAY,"OVER $1,500",FAILING TO YIELD RIGHT-OF-WAY,NOT APPLICABLE,5500,S,UNION AVE,2,NO INDICATION OF INJURY,0.0,0.0,0.0,0.0,0.0,2.0,0.0,15,4,9
a0536e4ab446b83f1560c47946dfebb596b8e0c3cbd1cb0e23c44385a19600a2b6600987a5c1013b36388592cdd7ba938286b19c49605b07577a3ff04a7b33cb,2018-07-02 14:35:00,30,NO CONTROLS,NO CONTROLS,CLEAR,DAYLIGHT,REAR END,NOT DIVIDED,STRAIGHT AND LEVEL,DRY,NO DEFECTS,NO INJURY / DRIVE AWAY,"$501 - $1,500",FAILING TO REDUCE SPEED TO AVOID CRASH,FOLLOWING TOO CLOSELY,5341,N,ELSTON AVE,2,NO INDICATION OF INJURY,0.0,0.0,0.0,0.0,0.0,2.0,0.0,14,2,7
3353e4bc200829d6ed0e62afa30d93bcc93b4bb26bac3a4a9eb7a1e30ff2bb7fc47c4120c4a8cb1e9a40583c6bb684a2e45334c6da48b33107bb269a6c0a72bd,2019-08-18 17:48:00,30,TRAFFIC SIGNAL,FUNCTIONING PROPERLY,CLEAR,DAYLIGHT,REAR END,DIVIDED - W/MEDIAN (NOT RAISED),STRAIGHT AND LEVEL,DRY,NO DEFECTS,NO INJURY / DRIVE AWAY,"OVER $1,500",FOLLOWING TOO CLOSELY,UNABLE TO DETERMINE,5130,S,PULASKI RD,2,NO INDICATION OF INJURY,0.0,0.0,0.0,0.0,0.0,5.0,0.0,17,1,8
9a16b02f81c582c38b3efcd441806b7654671f420feb18a046b43c88f530c506ca857b8e02531eba3b881738b0ff1b5bc5ba1151c2e5bc758cf0f0258fd311b1,2022-02-05 15:40:00,30,TRAFFIC SIGNAL,FUNCTIONING PROPERLY,CLEAR,DAYLIGHT,REAR END,DIVIDED - W/MEDIAN (NOT RAISED),STRAIGHT AND LEVEL,UNKNOWN,UNKNOWN,NO INJURY / DRIVE AWAY,"OVER $1,500",UNABLE TO DETERMINE,UNABLE TO DETERMINE,6409,W,FULLERTON AVE,2,NO INDICATION OF INJURY,0.0,0.0,0.0,0.0,0.0,3.0,0.0,15,7,2
e3ff9d6f9143501a609e43c9056c5dda9942ff7a058786b29d5a170a1e7a729c58b44fdb6806af3a82f3e0d77362d8bd49f352a66c43a4014a3e11f393415f85,2022-12-07 07:25:00,30,TRAFFIC SIGNAL,FUNCTIONING PROPERLY,CLEAR,DAYLIGHT,TURNING,NOT DIVIDED,STRAIGHT AND LEVEL,DRY,NO DEFECTS,NO INJURY / DRIVE AWAY,"$501 - $1,500",FOLLOWING TOO CLOSELY,FAILING TO YIELD RIGHT-OF-WAY,67,S,LAKE SHORE DR NB,2,NO INDICATION OF INJURY,0.0,0.0,0.0,0.0,0.0,2.0,0.0,7,4,12
ab22222b0371b160c5a1ffebc7a948a5f2a430bda2d344346199f441f41aacc7ddc5fb436bfe452d8db5b5d8a784f5d6140720f1afc7743770f3c21ec0a8820a,2017-03-11 05:00:00,30,TRAFFIC SIGNAL,FUNCTIONING PROPERLY,CLEAR,DAYLIGHT,REAR END,DIVIDED - W/MEDIAN BARRIER,STRAIGHT AND LEVEL,DRY,NO DEFECTS,NO INJURY / DRIVE AWAY,"OVER $1,500",FOLLOWING TOO CLOSELY,UNABLE TO DETERMINE,456,N,SACRAMENTO BLVD,2,NO INDICATION OF INJURY,0.0,0.0,0.0,0.0,0.0,3.0,0.0,5,7,3
1bfcd9d54cf3d84645353bfdfeabd28bafb2f97dd5cff11f38453a73e0603a7c12cf92089a349a9c925875d3e24730307cadd184172075515e4655fc34cfe939,2018-05-19 01:10:00,30,NO CONTROLS,NO CONTROLS,RAIN,DARKNESS,PARKED MOTOR VEHICLE,OTHER,STRAIGHT AND LEVEL,WET,NO DEFECTS,NO INJURY / DRIVE AWAY,"$501 - $1,500",UNABLE TO DETERMINE,NOT APPLICABLE,3201,W,26TH ST,2,NO INDICATION OF INJURY,0.0,0.0,0.0,0.0,0.0,3.0,0.0,1,7,5
da181d88de9ed967193a1809fd5886ccb32e9fa906f806e9ced5f0583166d47f9bcd6c0f4141d0b332bf062a303c7e8f11f653fc35c5eb9bfbea78c8734b78b7,2024-02-10 11:15:00,30,NO CONTROLS,NO CONTROLS,CLEAR,DAYLIGHT,REAR TO FRONT,NOT DIVIDED,STRAIGHT AND LEVEL,DRY,NO DEFECTS,NO INJURY / DRIVE AWAY,"OVER $1,500",UNABLE TO DETERMINE,NOT APPLICABLE,5471,S,HYDE PARK BLVD,3,NO INDICATION OF INJURY,0.0,0.0,0.0,0.0,0.0,2.0,0.0,11,7,2
182a41dcd13c4bb715a47c3ac74249e0879409f741029b07027f7a06c69d8372a2d757d01023b966f7f751d146cf471e3f503830254a622166bfc4cb4a25aa68,2018-04-05 08:30:00,30,NO CONTROLS,NO CONTROLS,CLEAR,DAYLIGHT,TURNING,DIVIDED - W/MEDIAN (NOT RAISED),STRAIGHT AND LEVEL,DRY,NO DEFECTS,NO INJURY / DRIVE AWAY,"OVER $1,500",UNABLE TO DETERMINE,UNABLE TO DETERMINE,1900,S,CENTRAL PARK AVE,2,NO INDICATION OF INJURY,0.0,0.0,0.0,0.0,0.0,3.0,0.0,8,5,4
77dd09bb72b29cd01f2b63d69d9a1342c6158e0d83a200ad6642ae51d20088e95407b67f01e5e4c0d908f05a95c840c8cfb4835ed94b05ad025346261c8519e9,2021-12-21 09:00:00,25,NO CONTROLS,NO CONTROLS,CLEAR,DAWN,PARKED MOTOR VEHICLE,ONE-WAY,STRAIGHT AND LEVEL,DRY,NO DEFECTS,INJURY AND / OR TOW DUE TO CRASH,"$501 - $1,500","VISION OBSCURED (SIGNS, TREE LIMBS, BUILDINGS, ETC.)",NOT APPLICABLE,8013,S,WOLCOTT AVE,2,NO INDICATION OF INJURY,0.0,0.0,0.0,0.0,0.0,1.0,0.0,9,3,12
6104eacc8650fff2439e6b56fe03c26dd94b31dae007a7fd63522d1ffb84e97319224d03074b154fada0f4cf9526a33564bd8b864101656c9d27d297c11f9d7c,2020-10-26 21:15:00,30,TRAFFIC SIGNAL,FUNCTIONING PROPERLY,CLEAR,DAYLIGHT,FIXED OBJECT,DIVIDED - W/MEDIAN BARRIER,STRAIGHT AND LEVEL,DRY,NO DEFECTS,INJURY AND / OR TOW DUE TO CRASH,"OVER $1,500",UNABLE TO DETERMINE,UNABLE TO DETERMINE,1805,S,STATE ST,1,NO INDICATION OF INJURY,0.0,0.0,0.0,0.0,0.0,4.0,0.0,21,2,10
f0f6b34b0736fa2a09786041a1df6dfef59f59a81be9ee86ab6d574095924e4015a4286af9cc51ce352708f7cb71d0b41be33b2739e47036c1220bee7d230e70,2018-02-17 18:00:00,30,UNKNOWN,UNKNOWN,SNOW,DAYLIGHT,PARKED MOTOR VEHICLE,NOT DIVIDED,STRAIGHT AND LEVEL,SNOW OR SLUSH,UNKNOWN,NO INJURY / DRIVE AWAY,"OVER $1,500",UNABLE TO DETERMINE,WEATHER,4254,W,31ST ST,2,NO INDICATION OF INJURY,0.0,0.0,0.0,0.0,0.0,1.0,0.0,18,7,2
d62a15ac4e5b6d128c380e536441e927ab79943eedeffc8cf21a0a726bc3e8f9da3aa3b677e30aedbb1628716a50b2b1597ec37fd8e6e9fac6f8a5d046534a08,2016-10-13 23:11:00,30,STOP SIGN/FLASHER,NO CONTROLS,CLEAR,"DARKNESS, LIGHTED ROAD",ANGLE,ONE-WAY,STRAIGHT AND LEVEL,DRY,NO DEFECTS,NO INJURY / DRIVE AWAY,"OVER $1,500",NOT APPLICABLE,NOT APPLICABLE,1501,E,70TH ST,2,NO INDICATION OF INJURY,0.0,0.0,0.0,0.0,0.0,4.0,0.0,23,5,10
2155c9b1cd5905e9c696ecd9ea17932bc22a252f4f7a39fb8c425df8dbc29f1ad08d598cca811f02a4c266884708036afe3643ecdfcc2bf66c0dec35cc32d1c0,2021-06-20 16:00:00,30,UNKNOWN,UNKNOWN,CLEAR,UNKNOWN,PARKED MOTOR VEHICLE,NOT DIVIDED,STRAIGHT AND LEVEL,DRY,UNKNOWN,NO INJURY / DRIVE AWAY,"$501 - $1,500",NOT APPLICABLE,NOT APPLICABLE,5108,W,LE MOYNE ST,2,NO INDICATION OF INJURY,0.0,0.0,0.0,0.0,0.0,1.0,0.0,16,1,6
67205970db19b570586fa820828b20d85177d73472a25361a40182eee8ebaf48e2067bdf1da7ff7bef28f5486382c86e6483e68690a0e33f6e396fe98f64359a,2018-10-05 06:45:00,45,NO CONTROLS,NO CONTROLS,CLOUDY/OVERCAST,DAYLIGHT,FIXED OBJECT,DIVIDED - W/MEDIAN BARRIER,STRAIGHT AND LEVEL,UNKNOWN,UNKNOWN,INJURY AND / OR TOW DUE TO CRASH,"OVER $1,500",IMPROPER OVERTAKING/PASSING,IMPROPER OVERTAKING/PASSING,500,N,LAKE SHORE DR,1,NO INDICATION OF INJURY,0.0,0.0,0.0,0.0,0.0,1.0,0.0,6,6,10
9d8eaac50592e97baa735dc71fa7cfdc060abdfe59f96819ca7323d0c06ad4f91eebd67a4610832b65d145590060b587457422f8bee20f8f06820b2dc7b17e9c,2019-07-26 21:15:00,30,TRAFFIC SIGNAL,UNKNOWN,CLEAR,"DARKNESS, LIGHTED ROAD",REAR END,DIVIDED - W/MEDIAN (NOT RAISED),STRAIGHT AND LEVEL,DRY,NO DEFECTS,NO INJURY / DRIVE AWAY,"OVER $1,500",FAILING TO REDUCE SPEED TO AVOID CRASH,UNABLE TO DETERMINE,830,W,ROOSEVELT RD,3,NO INDICATION OF INJURY,0.0,0.0,0.0,0.0,0.0,3.0,0.0,21,6,7
157d1f45637e0733b27667f5a1fb7e278e1e5b725f0b0589730a3c7c869072ca9afd5412c2aa8474fef8c55ade58a2fedc8bb12f373b069af5ee198d600790a6,2023-04-03 12:30:00,30,NO CONTROLS,NO CONTROLS,CLEAR,DAYLIGHT,REAR END,NOT DIVIDED,STRAIGHT AND LEVEL,DRY,NO DEFECTS,NO INJURY / DRIVE AWAY,"OVER $1,500",NOT APPLICABLE,NOT APPLICABLE,4630,W,55TH ST,2,NO INDICATION OF INJURY,0.0,0.0,0.0,0.0,0.0,2.0,0.0,12,2,4
156cff4af83817a554ea447ee3f82205e8e3288c175d2028294d55da285b3e68b20c7017aa6d8a8df6bd0ac84af56fd6b09660198d304fb1c674a58a4bc8e0fc,2021-05-16 00:15:00,30,TRAFFIC SIGNAL,FUNCTIONING PROPERLY,CLEAR,"DARKNESS, LIGHTED ROAD",SIDESWIPE SAME DIRECTION,DIVIDED - W/MEDIAN (NOT RAISED),STRAIGHT AND LEVEL,DRY,NO DEFECTS,NO INJURY / DRIVE AWAY,"$501 - $1,500",IMPROPER TURNING/NO SIGNAL,UNABLE TO DETERMINE,6734,N,SHERIDAN RD,2,NO INDICATION OF INJURY,0.0,0.0,0.0,0.0,0.0,2.0,0.0,0,1,5
1ccdb3365dea4a6cef3a4e358d2c0275cbe5f48062c412fa41d9b613f10920a89a5ace56fc498c138fae6d5e925633902415f791d4828ffee2589930286c89e3,2016-07-03 03:46:00,30,UNKNOWN,UNKNOWN,CLEAR,DARKNESS,HEAD ON,ONE-WAY,STRAIGHT AND LEVEL,DRY,UNKNOWN,NO INJURY / DRIVE AWAY,"OVER $1,500",DRIVING ON WRONG SIDE/WRONG WAY,DRIVING ON WRONG SIDE/WRONG WAY,850,E,82ND ST,2,NO INDICATION OF INJURY,0.0,0.0,0.0,0.0,0.0,2.0,0.0,3,1,7
eccd758a49b9edca0459cae8d4629ba1f70ce8b8920bd90d4170a0c5c0ae069990bdf526dd37f451d62458cf094781f182ed74d78437e811245a9029ff8fbb68,2019-01-24 07:40:00,35,NO CONTROLS,NO CONTROLS,CLEAR,DAYLIGHT,REAR END,NOT DIVIDED,STRAIGHT AND LEVEL,WET,NO DEFECTS,INJURY AND / OR TOW DUE TO CRASH,$500 OR LESS,FOLLOWING TOO CLOSELY,NOT APPLICABLE,2301,S,LOOMIS ST,2,"REPORTED, NOT EVIDENT",1.0,0.0,0.0,0.0,1.0,4.0,0.0,7,5,1
75378b252a09a082582c6ab5241494ca126cf50cd62a1a14b7e4be76ddfcb282252bdeb1c4b75e22e52ddbd31dc78f39a550e7a6529a903901dfe0ec776c0620,2019-07-17 17:31:00,30,TRAFFIC SIGNAL,FUNCTIONING PROPERLY,CLEAR,DAYLIGHT,REAR END,DIVIDED - W/MEDIAN (NOT RAISED),STRAIGHT AND LEVEL,DRY,"RUT, HOLES",NO INJURY / DRIVE AWAY,"$501 - $1,500",FAILING TO REDUCE SPEED TO AVOID CRASH,FAILING TO REDUCE SPEED TO AVOID CRASH,6700,S,INDIANA AVE,2,NO INDICATION OF INJURY,0.0,0.0,0.0,0.0,0.0,2.0,0.0,17,4,7
75f3fea3fb69ba1866dcfeca24e2ffce6ae1204699066832a4352b12d1f01c1542f0522cb5f3c12b502a4dffef44821b6548756d6b9415bb0cce763baf49b778,2022-12-02 13:40:00,30,NO CONTROLS,NO CONTROLS,CLEAR,DAYLIGHT,REAR END,OTHER,STRAIGHT AND LEVEL,DRY,NO DEFECTS,INJURY AND / OR TOW DUE TO CRASH,"$501 - $1,500",FOLLOWING TOO CLOSELY,FOLLOWING TOO CLOSELY,1132,W,GARFIELD BLVD,2,NO INDICATION OF INJURY,0.0,0.0,0.0,0.0,0.0,2.0,0.0,13,6,12
e67ee3e9ea8b0f73791f363dc1d88da9ff5fbfa78d73ccb004df21ea7ad2ab39fd6fd1076510e773aa3c3c2174493ef2202dab4bf0398505b616fd60a1d58cb2,2021-03-14 13:45:00,30,NO CONTROLS,NO CONTROLS,CLEAR,DAYLIGHT,TURNING,FOUR WAY,STRAIGHT ON GRADE,DRY,NO DEFECTS,NO INJURY / DRIVE AWAY,"OVER $1,500",IMPROPER OVERTAKING/PASSING,FAILING TO REDUCE SPEED TO AVOID CRASH,3100,W,111TH ST,2,NO INDICATION OF INJURY,0.0,0.0,0.0,0.0,0.0,2.0,0.0,13,1,3
7a14816710088f098167fe17d04974ff2f047a5aba1d919feeee821c997aa0a6b4dc7de08e1573104d86a6d603815942fe84ec32efb3b48ebcee3408ce4da72d,2018-07-19 07:49:00,30,STOP SIGN/FLASHER,NO CONTROLS,CLEAR,DAYLIGHT,ANGLE,NOT DIVIDED,STRAIGHT AND LEVEL,DRY,NO DEFECTS,INJURY AND / OR TOW DUE TO CRASH,"OVER $1,500",DISREGARDING STOP SIGN,FAILING TO YIELD RIGHT-OF-WAY,4001,W,ADAMS ST,3,NONINCAPACITATING INJURY,1.0,0.0,0.0,1.0,0.0,2.0,0.0,7,5,7
bb37c89db3f6c4de75b1833d9bbbf55715a5a64a3e8cb285c039d9fef2fdda79b5e58dd49a84ffa736680a9f40144782f3564a483aa32cdb1ae06470c632108e,2018-09-14 22:30:00,35,TRAFFIC SIGNAL,FUNCTIONING PROPERLY,CLEAR,"DARKNESS, LIGHTED ROAD",ANGLE,CENTER TURN LANE,"CURVE, LEVEL",DRY,NO DEFECTS,INJURY AND / OR TOW DUE TO CRASH,"OVER $1,500",FAILING TO REDUCE SPEED TO AVOID CRASH,DISTRACTION - FROM INSIDE VEHICLE,7100,S,SOUTH CHICAGO AVE,2,NO INDICATION OF INJURY,0.0,0.0,0.0,0.0,0.0,4.0,0.0,22,6,9
e09367df9d1b1ccce5334660a8f682b75b5b35daac7d8593ee5c8eb50f42c5aed1bfbee81a822c5ac2d25a663ebcd8a74d4dd5b49e46d2fa117d74c8a2daf03c,2019-04-21 22:39:00,30,NO CONTROLS,NO CONTROLS,CLEAR,"DARKNESS, LIGHTED ROAD",REAR TO FRONT,NOT DIVIDED,STRAIGHT AND LEVEL,DRY,UNKNOWN,INJURY AND / OR TOW DUE TO CRASH,"OVER $1,500","OPERATING VEHICLE IN ERRATIC, RECKLESS, CARELESS, NEGLIGENT OR AGGRESSIVE MANNER",IMPROPER BACKING,5344,S,HOYNE AVE,2,NONINCAPACITATING INJURY,1.0,0.0,0.0,1.0,0.0,3.0,0.0,22,1,4
b3397b9c591c61e4799523c96d1499fcbf223bae0381961d15730e8fe5beee35b6ad5a96d01a8968816b009967a55831194f883b231dcd104c5dc65407d240f9,2023-10-05 00:51:00,45,NO CONTROLS,NO CONTROLS,RAIN,"DARKNESS, LIGHTED ROAD",REAR END,DIVIDED - W/MEDIAN BARRIER,STRAIGHT ON GRADE,WET,OTHER,INJURY AND / OR TOW DUE TO CRASH,"OVER $1,500",FOLLOWING TOO CLOSELY,UNABLE TO DETERMINE,3100,S,LAKE SHORE DR SB,2,"REPORTED, NOT EVIDENT",1.0,0.0,0.0,0.0,1.0,2.0,0.0,0,5,10
b3176ce8b53f11952df953fe0f4b50fa057fcc3109ca1228c742c99a5d9dc685a51b374375df488251ff709675b31b9bf404e7419dff9c4e27c84dea44fb66da,2016-02-13 18:50:00,35,NO CONTROLS,NO CONTROLS,CLEAR,"DARKNESS, LIGHTED ROAD",ANGLE,DIVIDED - W/MEDIAN BARRIER,STRAIGHT AND LEVEL,DRY,NO DEFECTS,NO INJURY / DRIVE AWAY,"OVER $1,500",FAILING TO YIELD RIGHT-OF-WAY,UNABLE TO DETERMINE,440,N,LOWER WABASH AVE,2,NO INDICATION OF INJURY,0.0,0.0,0.0,0.0,0.0,2.0,0.0,18,7,2
7c5e8fd247a881fa066bcabc92d6684f3ed89ceba6422e678407bfea46cd6db221c29404cf5436f8c803d4d475958b61a26c5cbc821a2c81066140ec47d5872c,2020-06-28 05:41:00,30,STOP SIGN/FLASHER,OTHER,CLEAR,DAYLIGHT,ANGLE,FOUR WAY,STRAIGHT AND LEVEL,DRY,NO DEFECTS,INJURY AND / OR TOW DUE TO CRASH,"OVER $1,500",UNABLE TO DETERMINE,UNABLE TO DETERMINE,2798,W,CERMAK RD,2,NO INDICATION OF INJURY,0.0,0.0,0.0,0.0,0.0,6.0,0.0,5,1,6
f5dd7c1f60bd6513d9c71067cd17753bf4835d9af7eb8c3c0bf91bf5360629e2d1b69e107f428dcb6baa624bcc84bde461fbfb60ae3154ea733b25e58d5c4862,2016-11-05 00:01:00,30,STOP SIGN/FLASHER,UNKNOWN,CLEAR,"DARKNESS, LIGHTED ROAD",ANGLE,NOT DIVIDED,STRAIGHT AND LEVEL,UNKNOWN,UNKNOWN,NO INJURY / DRIVE AWAY,"OVER $1,500",UNABLE TO DETERMINE,NOT APPLICABLE,3300,N,SHEFFIELD AVE,2,NO INDICATION OF INJURY,0.0,0.0,0.0,0.0,0.0,2.0,0.0,0,7,11
1c84154d9c740612c4ac3a351c6c2fbc2b5e40c95957de0cb2c6d4b214879a213f0f15b828fccc6c6c726eb40928354e0dc16584a5abe979e021ef1acfd2d222,2018-07-04 22:45:00,30,NO CONTROLS,NO CONTROLS,CLEAR,DARKNESS,REAR END,OTHER,STRAIGHT AND LEVEL,DRY,NO DEFECTS,NO INJURY / DRIVE AWAY,"OVER $1,500",FOLLOWING TOO CLOSELY,FOLLOWING TOO CLOSELY,345,E,OHIO ST,2,NO INDICATION OF INJURY,0.0,0.0,0.0,0.0,0.0,2.0,0.0,22,4,7
8deb8be8d8cb0f144e7b602db1bfdecf6ba752b2200184a2534667445866c6e0fea3146986a8e4007b26a3bab74e08d75e7b8042a0a28edb3a4a05f09f154a03,2018-05-17 07:10:00,45,TRAFFIC SIGNAL,FUNCTIONING PROPERLY,CLEAR,DAYLIGHT,REAR END,DIVIDED - W/MEDIAN BARRIER,STRAIGHT AND LEVEL,DRY,NO DEFECTS,NO INJURY / DRIVE AWAY,"OVER $1,500",FOLLOWING TOO CLOSELY,UNABLE TO DETERMINE,1368,S,LAKE SHORE DR W,2,NO INDICATION OF INJURY,0.0,0.0,0.0,0.0,0.0,2.0,0.0,7,5,5
4222f91e46207a8e7eadf98279a2620e33ad74409b8b291362ce9c115023548e908478e879bc32c8403e9d776ef4806662d71d17fe24b8deaa01d17ab0104273,2019-01-23 06:33:00,30,NO CONTROLS,NO CONTROLS,RAIN,DAWN,FIXED OBJECT,NOT DIVIDED,STRAIGHT AND LEVEL,WET,NO DEFECTS,INJURY AND / OR TOW DUE TO CRASH,"OVER $1,500",WEATHER,NOT APPLICABLE,2801,W,PRATT BLVD,1,NONINCAPACITATING INJURY,1.0,0.0,0.0,1.0,0.0,0.0,0.0,6,4,1