CRASH_RECORD_ID,CRASH_DATE,POSTED_SPEED_LIMIT,TRAFFIC_CONTROL_DEVICE,DEVICE_CONDITION,WEATHER_CONDITION,LIGHTING_CONDITION,FIRST_CRASH_TYPE,TRAFFICWAY_TYPE,ALIGNMENT,ROADWAY_SURFACE_COND,ROAD_DEFECT,CRASH_TYPE,DAMAGE,PRIM_CONTRIBUTORY_CAUSE,SEC_CONTRIBUTORY_CAUSE,STREET_NO,STREET_DIRECTION,STREET_NAME,NUM_UNITS,MOST_SEVERE_INJURY,INJURIES_TOTAL,INJURIES_FATAL,INJURIES_INCAPACITATING,INJURIES_NON_INCAPACITATING,INJURIES_REPORTED_NOT_EVIDENT,INJURIES_NO_INDICATION,INJURIES_UNKNOWN,CRASH_HOUR,CRASH_DAY_OF_WEEK,CRASH_MONTH
b6d9db93abbfdea6939b9906140abaf33d802c53b45957d6c5d3a1a317b2a6c029dab294fd7eb87543d28e8062a66ed96f5505cfba5d7fbd41bc8c035dfeb916,2023-08-02 23:53:00,30,TRAFFIC SIGNAL,FUNCTIONING PROPERLY,CLEAR,"DARKNESS, LIGHTED ROAD",PEDALCYCLIST,DIVIDED - W/MEDIAN BARRIER,STRAIGHT AND LEVEL,DRY,NO DEFECTS,INJURY AND / OR TOW DUE TO CRASH,"OVER $1,500",DISREGARDING TRAFFIC SIGNALS,UNABLE TO DETERMINE,523,N,LA SALLE DR,2,NONINCAPACITATING INJURY,1.0,0.0,0.0,1.0,0.0,1.0,0.0,23,4,8
ca15a36c300bb24befc005d1779a07905059385d95f76dceb9951557b6fa5cd1d75d7d2cd74865aa1330c5367a47d818351c6af28f303955f55214b101bedc54,2021-06-15 20:25:00,25,NO CONTROLS,NO CONTROLS,CLEAR,DUSK,TURNING,NOT DIVIDED,STRAIGHT AND LEVEL,DRY,NO DEFECTS,NO INJURY / DRIVE AWAY,"OVER $1,500",UNABLE TO DETERMINE,UNABLE TO DETERMINE,3159,W,63RD ST,2,NO INDICATION OF INJURY,0.0,0.0,0.0,0.0,0.0,2.0,0.0,20,3,6
5f36681bbeb402b93b91075bb42bbe519785f6be0d6e1f1377c176a5cf9359514934ac0863a57f89053d2899f72969a1af6196438115911456bbcd3938bf0735,2021-09-15 13:00:00,30,NO CONTROLS,NO CONTROLS,UNKNOWN,DAYLIGHT,TURNING,DIVIDED - W/MEDIAN (NOT RAISED),STRAIGHT AND LEVEL,UNKNOWN,UNKNOWN,NO INJURY / DRIVE AWAY,"OVER $1,500",IMPROPER TURNING/NO SIGNAL,UNABLE TO DETERMINE,111,E,PERSHING RD,2,NO INDICATION OF INJURY,0.0,0.0,0.0,0.0,0.0,2.0,0.0,13,4,9
26f1f42d111029e8a8b73af6689410054c8db952f7125d8b9dce684e719317b92138b38b5c001349ac888d4f551a45cf2156a34603c3f8a0bac78b789f96b42c,2020-05-13 19:45:00,25,NO CONTROLS,NO CONTROLS,CLEAR,DAWN,PARKED MOTOR VEHICLE,NOT DIVIDED,STRAIGHT AND LEVEL,UNKNOWN,UNKNOWN,NO INJURY / DRIVE AWAY,"$501 - $1,500",UNABLE TO DETERMINE,NOT APPLICABLE,1629,S,PULASKI RD,2,NO INDICATION OF INJURY,0.0,0.0,0.0,0.0,0.0,4.0,0.0,19,4,5
145250679e3eab1a97451478fa0131bc9e3737fa68575cbe963b06ac92c9518256397a8d19700310bc82ecb2855c7e91e790b1fdcc3948b35374ba0678d733ba,2016-07-11 16:33:00,30,NO CONTROLS,NO CONTROLS,CLEAR,DAYLIGHT,PARKED MOTOR VEHICLE,DIVIDED - W/MEDIAN (NOT RAISED),STRAIGHT AND LEVEL,DRY,NO DEFECTS,NO INJURY / DRIVE AWAY,"OVER $1,500",UNABLE TO DETERMINE,UNABLE TO DETERMINE,3932,N,ASHLAND AVE,2,NO INDICATION OF INJURY,0.0,0.0,0.0,0.0,0.0,2.0,0.0,16,2,7
0ad5befa699fe1582897d2dfde23a65b20c44f685fa0a387a5bdfe0c7da49d5666294aef77fcd12a384176f61a09374fd80280e1591a150b5d38498936796e5c,2020-08-31 14:00:00,30,NO CONTROLS,NO CONTROLS,CLEAR,DAYLIGHT,TURNING,NOT DIVIDED,STRAIGHT AND LEVEL,DRY,NO DEFECTS,INJURY AND / OR TOW DUE TO CRASH,"OVER $1,500",FAILING TO YIELD RIGHT-OF-WAY,NOT APPLICABLE,3348,W,BELMONT AVE,2,NO INDICATION OF INJURY,0.0,0.0,0.0,0.0,0.0,2.0,0.0,14,2,8
11dd0f9c40e9c20fbf040a8686995f1ddd8f329039c426281421dd056ad61016af09c49816364b593ce400e79c3d6545e0cf5a34666d1db4cfb7f91b07cdca0f,2016-12-18 23:30:00,20,NO CONTROLS,NO CONTROLS,SNOW,DAYLIGHT,PARKED MOTOR VEHICLE,ONE-WAY,STRAIGHT AND LEVEL,SNOW OR SLUSH,NO DEFECTS,INJURY AND / OR TOW DUE TO CRASH,"$501 - $1,500",UNABLE TO DETERMINE,UNABLE TO DETERMINE,1438,N,ARTESIAN AVE,2,NO INDICATION OF INJURY,0.0,0.0,0.0,0.0,0.0,1.0,0.0,23,1,12
e66bdf11a9a4692060b856ea66cce206b26f9414c1d01db9857f9dae330891791c10493cc271da21de7e6721ced4ecd297f373e3a6fb18af8e06d0b665f63573,2017-07-10 17:10:00,35,TRAFFIC SIGNAL,FUNCTIONING PROPERLY,OTHER,DAYLIGHT,REAR END,NOT DIVIDED,STRAIGHT AND LEVEL,WET,NO DEFECTS,NO INJURY / DRIVE AWAY,"$501 - $1,500",FOLLOWING TOO CLOSELY,UNABLE TO DETERMINE,1601,W,DEVON AVE,3,NO INDICATION OF INJURY,0.0,0.0,0.0,0.0,0.0,4.0,0.0,17,2,7
32d088ad9c8a800f6f8ce574fd9fbc02db3bdca6d9e7144095af52612ceee393ada316019cdbf9d3b8862e9470636ec1f7180c441526d7252e7b4bdc96248e41,2022-12-22 12:00:00,30,TRAFFIC SIGNAL,FUNCTIONING PROPERLY,SNOW,DAYLIGHT,REAR TO FRONT,DIVIDED - W/MEDIAN (NOT RAISED),STRAIGHT AND LEVEL,DRY,UNKNOWN,INJURY AND / OR TOW DUE TO CRASH,"OVER $1,500",UNABLE TO DETERMINE,NOT APPLICABLE,5200,N,WESTERN AVE,2,"REPORTED, NOT EVIDENT",1.0,0.0,0.0,0.0,1.0,3.0,0.0,12,5,12
bee766199f1367cb7b6fa4cd16232c1e62092d2adf9f58f36a76ab720e24b170b800cba3a21ea868329404b4912ccd7643e74f94aa9331280e112120370ea2ac,2022-01-07 13:26:00,30,TRAFFIC SIGNAL,FUNCTIONING PROPERLY,CLEAR,DAYLIGHT,REAR END,NOT DIVIDED,STRAIGHT AND LEVEL,DRY,NO DEFECTS,NO INJURY / DRIVE AWAY,"$501 - $1,500",UNABLE TO DETERMINE,NOT APPLICABLE,4700,S,PULASKI RD,2,NO INDICATION OF INJURY,0.0,0.0,0.0,0.0,0.0,2.0,0.0,13,6,1
c62c2af517735d643ba7b4ff43ff4faae22a215a5afa66f04ba0e525c0df78640f65c24ca43eac1a64dfc69d32d26da04499b4da34c819e949816569c650799c,2017-08-24 10:30:00,30,NO CONTROLS,NO CONTROLS,CLEAR,DAYLIGHT,SIDESWIPE SAME DIRECTION,ONE-WAY,STRAIGHT AND LEVEL,DRY,NO DEFECTS,NO INJURY / DRIVE AWAY,"$501 - $1,500",UNABLE TO DETERMINE,UNABLE TO DETERMINE,4900,N,WINCHESTER AVE,2,NO INDICATION OF INJURY,0.0,0.0,0.0,0.0,0.0,2.0,0.0,10,5,8
49e2968e3d748a56e4702fc9828831f10922d63a62468349f0aa19f6172d21da6c437bccb80f1ffb24bd40dcc538041328c8ae50886cfefb2afce2ed7f972500,2016-11-05 10:00:00,30,NO CONTROLS,NO CONTROLS,CLEAR,UNKNOWN,PARKED MOTOR VEHICLE,NOT DIVIDED,STRAIGHT AND LEVEL,DRY,NO DEFECTS,NO INJURY / DRIVE AWAY,"OVER $1,500",UNABLE TO DETERMINE,NOT APPLICABLE,6250,W,RAVEN ST,2,NO INDICATION OF INJURY,0.0,0.0,0.0,0.0,0.0,1.0,0.0,10,7,11
dbe408aa235abb6b11c600634ffe9c7972bf6c94ac34d8b45cc4317f511b099732115ea75d60412bf1f99e36b4dcdfc298001c73bd846a5ec7832286d3017283,2024-03-15 07:00:00,10,NO CONTROLS,NO CONTROLS,CLEAR,DAYLIGHT,PARKED MOTOR VEHICLE,PARKING LOT,STRAIGHT AND LEVEL,DRY,NO DEFECTS,NO INJURY / DRIVE AWAY,$500 OR LESS,UNABLE TO DETERMINE,UNABLE TO DETERMINE,1800,W,LAWRENCE AVE,2,NO INDICATION OF INJURY,0.0,0.0,0.0,0.0,0.0,2.0,0.0,7,6,3
9ef8c2bb7bcb283521fea1aa39dd2adb645681c3306aedef6173cd19b2e69e4030484f3d68aad8832aba3804191d82e33e6a4096905bd99b825508e7991e3342,2020-11-03 20:00:00,30,STOP SIGN/FLASHER,FUNCTIONING PROPERLY,CLEAR,DARKNESS,PARKED MOTOR VEHICLE,NOT DIVIDED,STRAIGHT AND LEVEL,DRY,NO DEFECTS,NO INJURY / DRIVE AWAY,"OVER $1,500",IMPROPER TURNING/NO SIGNAL,IMPROPER TURNING/NO SIGNAL,6301,S,LOWE AVE,2,NO INDICATION OF INJURY,0.0,0.0,0.0,0.0,0.0,1.0,0.0,20,3,11
143e21665cce20e9f50665580c00b68ac4631cd0720f6aef4b1371709a3363d1451a426940f99ba005b93e71a1da0e8759629f3dc4fd86d41cd18560b430d0a1,2019-12-17 18:30:00,30,TRAFFIC SIGNAL,FUNCTIONING PROPERLY,CLEAR,DARKNESS,TURNING,CENTER TURN LANE,STRAIGHT AND LEVEL,DRY,NO DEFECTS,NO INJURY / DRIVE AWAY,"OVER $1,500",UNABLE TO DETERMINE,UNABLE TO DETERMINE,3435,N,WESTERN AVE,2,NO INDICATION OF INJURY,0.0,0.0,0.0,0.0,0.0,3.0,0.0,18,3,12
f8901049a1a90d3b92a88980ebfa2bc06b70794fa9d9b7fae891ae53cd1d8f18378e68320154436b57b19d1d82770f70bffa2f71fd95640c26090fcf6a4e9617,2020-01-26 22:00:00,30,NO CONTROLS,UNKNOWN,UNKNOWN,UNKNOWN,HEAD ON,ALLEY,STRAIGHT AND LEVEL,UNKNOWN,UNKNOWN,NO INJURY / DRIVE AWAY,"OVER $1,500",UNABLE TO DETERMINE,NOT APPLICABLE,1701,N,MAYFIELD AVE,2,NO INDICATION OF INJURY,0.0,0.0,0.0,0.0,0.0,3.0,0.0,22,1,1
516ad67efb3472f1f6dd8f7e2b4689a18494a6c230cc018401675d9a1148b5ef06ecf384b1eaf32b7d86868bc94c7b9c91e305a8e8d9decd488c80bfc07f4533,2023-02-21 12:50:00,30,STOP SIGN/FLASHER,FUNCTIONING PROPERLY,CLEAR,DAYLIGHT,REAR END,DIVIDED - W/MEDIAN (NOT RAISED),STRAIGHT AND LEVEL,DRY,NO DEFECTS,NO INJURY / DRIVE AWAY,"OVER $1,500",FAILING TO YIELD RIGHT-OF-WAY,FOLLOWING TOO CLOSELY,735,W,DIVISION ST,2,NO INDICATION OF INJURY,0.0,0.0,0.0,0.0,0.0,2.0,0.0,12,3,2
03ad2e802ad86bfe4338e77b994dcb1d2175ca481b2620431fbd787cb8a36debf471b2693d9cf7b9f271e48b3b12012a43d548e0000319c192f5f4e1bcec2dfd,2024-03-07 16:00:00,30,UNKNOWN,UNKNOWN,UNKNOWN,DAYLIGHT,REAR END,UNKNOWN INTERSECTION TYPE,STRAIGHT AND LEVEL,UNKNOWN,UNKNOWN,NO INJURY / DRIVE AWAY,"$501 - $1,500",UNABLE TO DETERMINE,UNABLE TO DETERMINE,3100,S,WELLS ST,2,NO INDICATION OF INJURY,0.0,0.0,0.0,0.0,0.0,2.0,0.0,16,5,3
ea21ca3d779d03f585fc351e55cc2415e54a236f85b50596d1c83105404ef1fb0bf075a9eb3003d653600560cf24bf6631d4979f31337d21a7a98f79e8724175,2022-08-07 12:30:00,30,NO CONTROLS,NO CONTROLS,CLEAR,DAYLIGHT,TURNING,NOT DIVIDED,STRAIGHT AND LEVEL,UNKNOWN,UNKNOWN,NO INJURY / DRIVE AWAY,"OVER $1,500",IMPROPER OVERTAKING/PASSING,UNABLE TO DETERMINE,5508,W,CHICAGO AVE,2,NO INDICATION OF INJURY,0.0,0.0,0.0,0.0,0.0,3.0,0.0,12,1,8
2d8a64c33adf30ee40aad2b6ff1488fe0c7241e1889fe450032ef88ba50af7ada63803698b1de74faf215d25fe7ccf8f8959f598dd78a5713b90d8fb340425ee,2019-05-25 01:00:00,25,NO CONTROLS,NO CONTROLS,CLEAR,"DARKNESS, LIGHTED ROAD",SIDESWIPE SAME DIRECTION,NOT DIVIDED,STRAIGHT AND LEVEL,UNKNOWN,UNKNOWN,NO INJURY / DRIVE AWAY,"OVER $1,500",UNABLE TO DETERMINE,UNABLE TO DETERMINE,1157,W,HOLLYWOOD AVE,2,NO INDICATION OF INJURY,0.0,0.0,0.0,0.0,0.0,2.0,0.0,1,7,5
74fa92709387237fde384d9bb7abfad1057eb8dc2263023b4836bfb9dd18d14b4704589efc810c4d193b2042ac0239e30279f89ab0636749d00742b777e0b952,2023-09-02 01:46:00,35,NO CONTROLS,NO CONTROLS,CLEAR,"DARKNESS, LIGHTED ROAD",PARKED MOTOR VEHICLE,NOT DIVIDED,STRAIGHT AND LEVEL,DRY,NO DEFECTS,NO INJURY / DRIVE AWAY,$500 OR LESS,HAD BEEN DRINKING (USE WHEN ARREST IS NOT MADE),UNABLE TO DETERMINE,4153,W,26TH ST,2,NO INDICATION OF INJURY,0.0,0.0,0.0,0.0,0.0,1.0,0.0,1,7,9
111bd43dca3b34a502ce0fba0c0ab7721dfe04b66d1d9adba330e581f0c763b9dc4a733cfb1e65b03945ea16004d57d2576800882d0dbdc966ad922603a70f1c,2017-04-05 19:50:00,0,STOP SIGN/FLASHER,FUNCTIONING PROPERLY,RAIN,"DARKNESS, LIGHTED ROAD",TURNING,UNKNOWN,STRAIGHT AND LEVEL,WET,NO DEFECTS,NO INJURY / DRIVE AWAY,"OVER $1,500",UNABLE TO DETERMINE,UNABLE TO DETERMINE,536,N,MAY ST,2,NO INDICATION OF INJURY,0.0,0.0,0.0,0.0,0.0,2.0,0.0,19,4,4
7df1dbbec6310234e7afe77721180af92c6766da9f7730b58592a180f1d3742555c442fe8b2166a6567ea1cae7750798ceab52dffe4f97c9d9a356dcbb7a03d6,2017-11-20 05:50:00,30,TRAFFIC SIGNAL,FUNCTIONING PROPERLY,CLEAR,DAYLIGHT,TURNING,NOT DIVIDED,STRAIGHT AND LEVEL,DRY,NO DEFECTS,INJURY AND / OR TOW DUE TO CRASH,"OVER $1,500",UNABLE TO DETERMINE,UNABLE TO DETERMINE,4300,S,ASHLAND AVE,2,NO INDICATION OF INJURY,0.0,0.0,0.0,0.0,0.0,2.0,0.0,5,2,11
80a02474801a31c79991b1798cbf5b1bb261da90d9a0a52356daa4c15281b7eece851a330c15d65666414f4e12e6e0214b0293dd9b208aeb3ca8260f81f685ab,2018-05-19 20:15:00,30,NO CONTROLS,NO CONTROLS,CLEAR,DUSK,REAR END,NOT DIVIDED,STRAIGHT AND LEVEL,DRY,NO DEFECTS,INJURY AND / OR TOW DUE TO CRASH,"OVER $1,500",NOT APPLICABLE,NOT APPLICABLE,4532,W,63RD ST,2,NONINCAPACITATING INJURY,1.0,0.0,0.0,1.0,0.0,2.0,0.0,20,7,5
592f65a39f3c713564144e66a210b3f5f05e02973cc8413c229452e229c4c2bdcd434c91644f5c138ecf913fd27859889590378b1507a65c2e661ac3f45cf64f,2018-01-29 07:10:00,30,NO CONTROLS,NO CONTROLS,SNOW,DAYLIGHT,REAR END,NOT DIVIDED,STRAIGHT AND LEVEL,WET,NO DEFECTS,NO INJURY / DRIVE AWAY,"$501 - $1,500",FAILING TO REDUCE SPEED TO AVOID CRASH,WEATHER,214,S,WESTERN AVE,2,NO INDICATION OF INJURY,0.0,0.0,0.0,0.0,0.0,2.0,0.0,7,2,1
07575e45181d9f713c5f5a024a3f71394ac39a1adbcb2fab84bb685998d4dc2b17dbeed5d6ec93b868c25485f11f778f15f8a8a175b5d862e614fb1dec5079be,2016-04-19 15:50:00,30,TRAFFIC SIGNAL,FUNCTIONING PROPERLY,CLEAR,DAYLIGHT,TURNING,DIVIDED - W/MEDIAN (NOT RAISED),STRAIGHT AND LEVEL,DRY,NO DEFECTS,NO INJURY / DRIVE AWAY,$500 OR LESS,IMPROPER LANE USAGE,NOT APPLICABLE,7158,W,NORTH AVE,2,NO INDICATION OF INJURY,0.0,0.0,0.0,0.0,0.0,2.0,0.0,15,3,4
fb5fb64f2930fcd73dee6f41783d16cbbe2237f5ccfed8401116c1b3260103fd850db0ded48dd6ab32531ddf93ff8604b1e9083fbec132d711ebc1c6800c3196,2023-08-01 08:00:00,30,TRAFFIC SIGNAL,FUNCTIONING PROPERLY,CLEAR,DAYLIGHT,REAR END,CENTER TURN LANE,STRAIGHT AND LEVEL,DRY,NO DEFECTS,NO INJURY / DRIVE AWAY,"OVER $1,500",FOLLOWING TOO CLOSELY,FOLLOWING TOO CLOSELY,6701,S,CICERO AVE,2,NO INDICATION OF INJURY,0.0,0.0,0.0,0.0,0.0,2.0,0.0,8,3,8
3350cea7eaa02043b15061aa897dc0fa741943871259aae5ce782864e0162186f9d8db2941bfb3f0700f471acaa541f296daa28b10e6bb9af436cd836c505523,2018-11-15 08:03:00,30,TRAFFIC SIGNAL,FUNCTIONING PROPERLY,SNOW,DAYLIGHT,REAR END,DIVIDED - W/MEDIAN (NOT RAISED),STRAIGHT AND LEVEL,WET,NO DEFECTS,INJURY AND / OR TOW DUE TO CRASH,"OVER $1,500",FAILING TO REDUCE SPEED TO AVOID CRASH,UNABLE TO DETERMINE,6850,W,GRAND AVE,2,"REPORTED, NOT EVIDENT",1.0,0.0,0.0,0.0,1.0,1.0,0.0,8,5,11
a9fa7f32d1f69466b8cd4f9d3a560895b94686279c32b316a4e26f18064395a61950ff6b9c769ed74f22c2b9575624702b943c502eca6119d5962d8942503e8f,2022-06-02 17:08:00,30,NO CONTROLS,NO CONTROLS,CLEAR,DAYLIGHT,PARKED MOTOR VEHICLE,PARKING LOT,STRAIGHT AND LEVEL,DRY,NO DEFECTS,NO INJURY / DRIVE AWAY,"OVER $1,500",IMPROPER TURNING/NO SIGNAL,UNABLE TO DETERMINE,10658,S,STATE ST,2,NO INDICATION OF INJURY,0.0,0.0,0.0,0.0,0.0,1.0,0.0,17,5,6
ea0b8596c86cc7fbe37d7c150e152efd7f711abb05e24ee0f1beaeb091d97d82a144850cbce535d9c967b1c9d98b3292f27d0f1db59e1250d4f90eafc84d1d7b,2019-09-14 14:10:00,20,NO CONTROLS,NO CONTROLS,CLEAR,DAYLIGHT,SIDESWIPE SAME DIRECTION,DIVIDED - W/MEDIAN (NOT RAISED),"CURVE, LEVEL",DRY,NO DEFECTS,NO INJURY / DRIVE AWAY,"$501 - $1,500",FOLLOWING TOO CLOSELY,FOLLOWING TOO CLOSELY,6406,N,CLARK ST,2,NO INDICATION OF INJURY,0.0,0.0,0.0,0.0,0.0,2.0,0.0,14,7,9
dea5f6786ca104966f762cf426bfc025e1600b61dcb2a616b101a93890e2961a448cae14cd7ad20a01f1b435202f45fb69f5c9c03457d261b2b04f606a318bf9,2022-06-15 16:55:00,30,TRAFFIC SIGNAL,FUNCTIONING PROPERLY,CLEAR,DAYLIGHT,REAR END,DIVIDED - W/MEDIAN (NOT RAISED),STRAIGHT AND LEVEL,DRY,NO DEFECTS,NO INJURY / DRIVE AWAY,"$501 - $1,500",UNABLE TO DETERMINE,NOT APPLICABLE,3399,W,NORTH AVE,2,NO INDICATION OF INJURY,0.0,0.0,0.0,0.0,0.0,2.0,0.0,16,4,6
0119918977b77d31462324d8b757c45b3b8194bb6b85fc05adddaf5cfcffdb09ea3140c64e7a5adea8ec726abcd874a2a1be15a8ec2bdf6d1777ae31cabb0b77,2022-10-11 23:05:00,30,TRAFFIC SIGNAL,FUNCTIONING PROPERLY,RAIN,"DARKNESS, LIGHTED ROAD",TURNING,DIVIDED - W/MEDIAN (NOT RAISED),STRAIGHT AND LEVEL,WET,NO DEFECTS,NO INJURY / DRIVE AWAY,"$501 - $1,500",UNABLE TO DETERMINE,NOT APPLICABLE,4130,S,CICERO AVE,2,NO INDICATION OF INJURY,0.0,0.0,0.0,0.0,0.0,2.0,0.0,23,3,10
2b9f59f791dd3db42e7d48d451801bc4186102a7864ec08a115e8f36fbe753f02de48535374030b36b42868acf4b0466eb38de65651e9c41547a7a711e43692b,2023-01-08 18:29:00,30,NO CONTROLS,NO CONTROLS,CLEAR,"DARKNESS, LIGHTED ROAD",HEAD ON,NOT DIVIDED,STRAIGHT AND LEVEL,DRY,UNKNOWN,INJURY AND / OR TOW DUE TO CRASH,"OVER $1,500",UNABLE TO DETERMINE,UNABLE TO DETERMINE,6700,S,SOUTH SHORE DR,2,NO INDICATION OF INJURY,0.0,0.0,0.0,0.0,0.0,2.0,0.0,18,1,1
d90b56d4420e568845492ff29875467465b00ba5389e8c8ab25b2e7f715379fe99769288d35ead395c0d1ef5455989b094caac9aafd702052bdbc2c75a78da47,2018-09-14 18:30:00,30,TRAFFIC SIGNAL,FUNCTIONING PROPERLY,CLEAR,DUSK,PARKED MOTOR VEHICLE,DIVIDED - W/MEDIAN BARRIER,STRAIGHT AND LEVEL,DRY,NO DEFECTS,NO INJURY / DRIVE AWAY,"$501 - $1,500",UNABLE TO DETERMINE,UNABLE TO DETERMINE,3702,S,WESTERN AVE,2,NO INDICATION OF INJURY,0.0,0.0,0.0,0.0,0.0,2.0,0.0,18,6,9
7f718c94fd3c13d84daee7308884f1d111eff7009e09c659f1a505a504d3e427445769cbe6128b108222c7f1fa2ef261023397b32b491b9e8f4f751d421aefa5,2016-12-01 18:02:00,30,NO CONTROLS,NO CONTROLS,CLEAR,"DARKNESS, LIGHTED ROAD",SIDESWIPE SAME DIRECTION,NOT DIVIDED,STRAIGHT AND LEVEL,DRY,NO DEFECTS,NO INJURY / DRIVE AWAY,$500 OR LESS,UNABLE TO DETERMINE,UNABLE TO DETERMINE,500,W,MONROE ST,2,NO INDICATION OF INJURY,0.0,0.0,0.0,0.0,0.0,2.0,0.0,18,5,12
5e0791b163405024bfd18f013263bdf6db9a7c64a251c2dd145053b3633ddbb3da00852cc0dd036edc6208b9cb744d40687c20b59a119bf7439780caefd8e5d0,2019-07-20 20:46:00,30,NO CONTROLS,NO CONTROLS,CLEAR,"DARKNESS, LIGHTED ROAD",REAR END,DIVIDED - W/MEDIAN (NOT RAISED),STRAIGHT AND LEVEL,DRY,UNKNOWN,NO INJURY / DRIVE AWAY,"$501 - $1,500",UNABLE TO DETERMINE,UNABLE TO DETERMINE,4731,S,CORNELL AVE,2,NO INDICATION OF INJURY,0.0,0.0,0.0,0.0,0.0,2.0,0.0,20,7,7
f787e9ebcb756bd60793a389cd60cc6c5d693453c9951a742358e0777df339620da75de416ecac055246426b90f103a14fe5d01bd4728c0b70498d6621f01d39,2023-01-02 22:50:00,35,TRAFFIC SIGNAL,FUNCTIONING PROPERLY,FOG/SMOKE/HAZE,"DARKNESS, LIGHTED ROAD",SIDESWIPE SAME DIRECTION,NOT DIVIDED,STRAIGHT AND LEVEL,WET,NO DEFECTS,INJURY AND / OR TOW DUE TO CRASH,"OVER $1,500",IMPROPER OVERTAKING/PASSING,UNABLE TO DETERMINE,7198,W,ARCHER AVE,2,NO INDICATION OF INJURY,0.0,0.0,0.0,0.0,0.0,2.0,0.0,22,2,1
6c17dd1002d7add42fbf79bdecc96c8020daca7f45bccd3d0c74e56fcf7a7a265429936bd29419e4ed0e4b2a228d00805994e46fe03e1bd0820bdc52fafa4f7b,2017-07-18 09:20:00,30,TRAFFIC SIGNAL,FUNCTIONING PROPERLY,CLEAR,DAYLIGHT,REAR END,NOT DIVIDED,STRAIGHT AND LEVEL,DRY,NO DEFECTS,NO INJURY / DRIVE AWAY,"OVER $1,500",UNABLE TO DETERMINE,UNABLE TO DETERMINE,1600,E,79TH ST,2,NO INDICATION OF INJURY,0.0,0.0,0.0,0.0,0.0,2.0,0.0,9,3,7
05228725acc905cda6357b2cfc16469255bc6734da8d552395ba76baf2517de9f46b4ada9875a0f6d2dcf9698cbea3e43c24a8abecf45fc4f64540634c36c7ad,2020-11-02 19:26:00,30,NO CONTROLS,NO CONTROLS,CLEAR,"DARKNESS, LIGHTED ROAD",REAR END,NOT DIVIDED,STRAIGHT AND LEVEL,DRY,NO DEFECTS,NO INJURY / DRIVE AWAY,"OVER $1,500",FAILING TO REDUCE SPEED TO AVOID CRASH,FOLLOWING TOO CLOSELY,1245,N,CICERO AVE,3,NO INDICATION OF INJURY,0.0,0.0,0.0,0.0,0.0,3.0,0.0,19,2,11
994470b9711d42ba64b2c6609cf094822b8ce47d38371831c5caeccfd6216a1a76382096f94baa73f8f0417a11f17b9bb89740e9b0eca6ce53e4d19338c3e9f1,2020-10-16 09:50:00,30,TRAFFIC SIGNAL,FUNCTIONING PROPERLY,CLEAR,DAYLIGHT,TURNING,FOUR WAY,STRAIGHT AND LEVEL,DRY,NO DEFECTS,NO INJURY / DRIVE AWAY,"OVER $1,500",IMPROPER TURNING/NO SIGNAL,NOT APPLICABLE,1601,W,GRAND AVE,2,NO INDICATION OF INJURY,0.0,0.0,0.0,0.0,0.0,2.0,0.0,9,6,10
2276736dcc81585d37e3aeb67abcf6e8dc7c6fdd0549e4d172d8f9dab2b0d6ad92f083a490a922434bf81499081f75138d99ad77771099f9692af7fb97683258,2022-08-20 19:00:00,30,TRAFFIC SIGNAL,FUNCTIONING PROPERLY,CLOUDY/OVERCAST,DUSK,REAR END,FOUR WAY,STRAIGHT AND LEVEL,DRY,NO DEFECTS,NO INJURY / DRIVE AWAY,"OVER $1,500",UNABLE TO DETERMINE,UNABLE TO DETERMINE,531,N,HALSTED ST,2,NO INDICATION OF INJURY,0.0,0.0,0.0,0.0,0.0,9.0,0.0,19,7,8
528a82ed3b97926fa219b7c4b1a816a65d6ea050f89c9d92ed679aebe33d07609e6a4b67ecb5694bddb7cb9505841ac26db38e636dd3bee32bcc51d8e5bce8f5,2020-12-28 14:35:00,30,NO CONTROLS,NO CONTROLS,CLEAR,DAYLIGHT,REAR END,NOT DIVIDED,STRAIGHT AND LEVEL,DRY,NO DEFECTS,NO INJURY / DRIVE AWAY,"$501 - $1,500",FOLLOWING TOO CLOSELY,UNABLE TO DETERMINE,9800,S,HALSTED ST,2,NO INDICATION OF INJURY,0.0,0.0,0.0,0.0,0.0,2.0,0.0,14,2,12
06a7721a9bec1d0a7c89f420fe09d64c7553f4193d0d6e7a3132c6e4127a3ce3e89c4969c7491d18330d5094c19f71814072f0d914c8a9d75d9930c92a808a4e,2019-03-09 23:00:00,35,NO CONTROLS,NO CONTROLS,CLEAR,"DARKNESS, LIGHTED ROAD",PARKED MOTOR VEHICLE,ONE-WAY,STRAIGHT AND LEVEL,DRY,NO DEFECTS,NO INJURY / DRIVE AWAY,"OVER $1,500",FAILING TO REDUCE SPEED TO AVOID CRASH,ANIMAL,3346,N,KILPATRICK AVE,2,NO INDICATION OF INJURY,0.0,0.0,0.0,0.0,0.0,1.0,0.0,23,7,3
fffc8e6b2552e378b068fe5e21c87178dda21786d79020ca253c47c5c783a1312b6c3bf83bb5cf591fb30120b4764274797f54ac0ddae2fab005a4f1a19573cf,2019-04-17 16:45:00,15,NO CONTROLS,NO CONTROLS,CLEAR,DAYLIGHT,ANGLE,PARKING LOT,STRAIGHT AND LEVEL,DRY,NO DEFECTS,NO INJURY / DRIVE AWAY,"$501 - $1,500",UNABLE TO DETERMINE,UNABLE TO DETERMINE,7435,W,TALCOTT AVE,2,NO INDICATION OF INJURY,0.0,0.0,0.0,0.0,0.0,2.0,0.0,16,4,4