CRASH_RECORD_ID,CRASH_DATE,POSTED_SPEED_LIMIT,TRAFFIC_CONTROL_DEVICE,DEVICE_CONDITION,WEATHER_CONDITION,LIGHTING_CONDITION,FIRST_CRASH_TYPE,TRAFFICWAY_TYPE,ALIGNMENT,ROADWAY_SURFACE_COND,ROAD_DEFECT,CRASH_TYPE,DAMAGE,PRIM_CONTRIBUTORY_CAUSE,SEC_CONTRIBUTORY_CAUSE,STREET_NO,STREET_DIRECTION,STREET_NAME,NUM_UNITS,MOST_SEVERE_INJURY,INJURIES_TOTAL,INJURIES_FATAL,INJURIES_INCAPACITATING,INJURIES_NON_INCAPACITATING,INJURIES_REPORTED_NOT_EVIDENT,INJURIES_NO_INDICATION,INJURIES_UNKNOWN,CRASH_HOUR,CRASH_DAY_OF_WEEK,CRASH_MONTH
a88e1fcac0cbe2b0dd906ef4c60fbfbce831e97636822b3f3c9aa717cedebadb37ed9a7e5f6b20485a4896ea37b888201300a2731516e65fe345cc82f294f651,2022-05-04 07:35:00,30,TRAFFIC SIGNAL,FUNCTIONING PROPERLY,CLEAR,DAYLIGHT,TURNING,DIVIDED - W/MEDIAN (NOT RAISED),STRAIGHT AND LEVEL,DRY,NO DEFECTS,INJURY AND / OR TOW DUE TO CRASH,"OVER $1,500",FAILING TO YIELD RIGHT-OF-WAY,FAILING TO REDUCE SPEED TO AVOID CRASH,2801,W,PETERSON AVE,2,"REPORTED, NOT EVIDENT",2.0,0.0,0.0,0.0,2.0,0.0,0.0,7,4,5
f25efb5d4728e65c4d270b94f396b3b13d7d506684d2687cae44e56892bf432dc45640bf7db89d3fc7b51276f30256eb4f707e23b5e948627d1cdb7459a3ba66,2024-02-12 10:00:00,30,UNKNOWN,UNKNOWN,CLEAR,DAYLIGHT,REAR END,NOT DIVIDED,STRAIGHT AND LEVEL,UNKNOWN,UNKNOWN,NO INJURY / DRIVE AWAY,"OVER $1,500",FOLLOWING TOO CLOSELY,UNABLE TO DETERMINE,713,W,TAYLOR ST,2,NO INDICATION OF INJURY,0.0,0.0,0.0,0.0,0.0,2.0,0.0,10,2,2
b12e657555cba1d72ab8a09783f5da30b521044e1f4436d1d3a627051f90a354c4144012f6ed3354e30a94b249eaf81838a1c478c81fd626ee6c3337cc61e9df,2017-11-26 10:25:00,30,NO CONTROLS,NO CONTROLS,CLEAR,DAYLIGHT,REAR END,NOT DIVIDED,STRAIGHT AND LEVEL,DRY,NO DEFECTS,INJURY AND / OR TOW DUE TO CRASH,"OVER $1,500",FAILING TO REDUCE SPEED TO AVOID CRASH,NOT APPLICABLE,7126,N,RIDGE BLVD,2,NO INDICATION OF INJURY,0.0,0.0,0.0,0.0,0.0,3.0,0.0,10,1,11
79f491a01148596f67439695b9964adf5605b225f32eed8e105c5f351b4fb6920ad8f0404ed8e2319459cb8449b14e95aae6f9c9bf9e8c9b09559d79af3b6f12,2016-07-10 22:00:00,30,NO CONTROLS,NO CONTROLS,CLEAR,DARKNESS,OTHER NONCOLLISION,ONE-WAY,STRAIGHT AND LEVEL,DRY,"RUT, HOLES",NO INJURY / DRIVE AWAY,"$501 - $1,500",ROAD ENGINEERING/SURFACE/MARKING DEFECTS,NOT APPLICABLE,1605,W,BERWYN AVE,1,NO INDICATION OF INJURY,0.0,0.0,0.0,0.0,0.0,1.0,0.0,22,1,7
0096e888bcf3cda8adc62a973a29d4fe8f18cb93d823e038e024fc485ca9c7f59b043d6d18ef994ebf2b9c526b949c0489b2658cf22ba64a2ba9caab456b0c9c,2021-09-20 15:11:00,10,NO CONTROLS,NO CONTROLS,CLEAR,DAYLIGHT,OTHER OBJECT,OTHER,STRAIGHT AND LEVEL,DRY,NO DEFECTS,NO INJURY / DRIVE AWAY,"OVER $1,500",UNABLE TO DETERMINE,UNABLE TO DETERMINE,57,W,85TH ST,2,NO INDICATION OF INJURY,0.0,0.0,0.0,0.0,0.0,2.0,0.0,15,2,9
70130413cf7a5ab5883ce75373c783e17a7ec32883e25d018f49fbca35746f3c03195d84b3749780efd805e545d61d3d12a87ec182421aaddf83121c3a360366,2021-09-03 14:00:00,25,NO CONTROLS,NO CONTROLS,UNKNOWN,DAYLIGHT,PARKED MOTOR VEHICLE,PARKING LOT,STRAIGHT AND LEVEL,UNKNOWN,UNKNOWN,NO INJURY / DRIVE AWAY,$500 OR LESS,UNABLE TO DETERMINE,UNABLE TO DETERMINE,660,E,85TH ST,2,NO INDICATION OF INJURY,0.0,0.0,0.0,0.0,0.0,1.0,0.0,14,6,9
8b9df6ae6d06a49a9801f654baf60087eff035b8de02c989e27bbd1ceb2e52d75acf9ffebb1c88c58f6e92df6dbe43c98a1c741db6bbd4cbe59f488a66a750ae,2019-12-20 07:00:00,30,TRAFFIC SIGNAL,FUNCTIONING PROPERLY,CLEAR,DAYLIGHT,SIDESWIPE SAME DIRECTION,DIVIDED - W/MEDIAN BARRIER,STRAIGHT AND LEVEL,DRY,NO DEFECTS,NO INJURY / DRIVE AWAY,"OVER $1,500",UNABLE TO DETERMINE,UNABLE TO DETERMINE,2020,S,CANALPORT AVE,2,NO INDICATION OF INJURY,0.0,0.0,0.0,0.0,0.0,2.0,0.0,7,6,12
0ac934afcc7fbf41d45a06e7e3da8d546e3842ae733b79c026fa9167468cd6c6bd01fbf43be27b0dd6a5e4c0f950845a696f808fef0063ded74a1bf1953764d4,2021-03-30 18:20:00,25,TRAFFIC SIGNAL,FUNCTIONING PROPERLY,CLEAR,DARKNESS,REAR END,FOUR WAY,STRAIGHT AND LEVEL,DRY,NO DEFECTS,NO INJURY / DRIVE AWAY,"OVER $1,500",FOLLOWING TOO CLOSELY,FOLLOWING TOO CLOSELY,4942,W,MADISON ST,2,NO INDICATION OF INJURY,0.0,0.0,0.0,0.0,0.0,2.0,0.0,18,3,3
ebe84a27eb2d29b03cb723bf765ceffd3c890728f63e16b3fe2bc4a1a240f1e52f8a7f313de103257a6a5a2df1dc215be581dd0ca9b8a0fd0730fff76a325ed6,2021-02-07 02:55:00,30,NO CONTROLS,NO CONTROLS,SNOW,"DARKNESS, LIGHTED ROAD",PARKED MOTOR VEHICLE,ONE-WAY,STRAIGHT AND LEVEL,SNOW OR SLUSH,NO DEFECTS,NO INJURY / DRIVE AWAY,"OVER $1,500",UNABLE TO DETERMINE,UNABLE TO DETERMINE,5424,S,CHRISTIANA AVE,2,NO INDICATION OF INJURY,0.0,0.0,0.0,0.0,0.0,1.0,0.0,2,1,2
dcc17d615a97192dd0776cf79844c85d9580f9607528312bd515e32da33e3e42921ccd1c2adb4edb4283cfab999cb748638093c6fa40a4badfa4d217c8675c29,2023-06-18 21:30:00,30,TRAFFIC SIGNAL,FUNCTIONING PROPERLY,CLEAR,DARKNESS,PARKED MOTOR VEHICLE,OTHER,STRAIGHT AND LEVEL,DRY,NO DEFECTS,NO INJURY / DRIVE AWAY,"OVER $1,500",UNABLE TO DETERMINE,UNABLE TO DETERMINE,6007,S,MICHIGAN AVE,3,NO INDICATION OF INJURY,0.0,0.0,0.0,0.0,0.0,1.0,0.0,21,1,6
7f9b78ce3477c78f12b560c470f0b98e61c3bb154e763a0c9be38436446f86aa8b5a6da4fa9bf379d9b62ce908d6e74af8ac1ff5e8a54dc6f57e007fa4f6c2d2,2019-02-25 22:30:00,30,TRAFFIC SIGNAL,FUNCTIONING PROPERLY,CLEAR,"DARKNESS, LIGHTED ROAD",REAR END,NOT DIVIDED,STRAIGHT AND LEVEL,DRY,NO DEFECTS,NO INJURY / DRIVE AWAY,"$501 - $1,500",FOLLOWING TOO CLOSELY,FOLLOWING TOO CLOSELY,4198,S,CICERO AVE,2,NO INDICATION OF INJURY,0.0,0.0,0.0,0.0,0.0,2.0,0.0,22,2,2
7dfd81892860d7d445c80c223e7e4acdd6ca064e2882d85f9ca0ba9441f7fcf4f76b5db0931e7084167ad2b88ad4bf5eb50ed57902bc86f6dba2432ddb7925ba,2018-09-21 13:25:00,0,NO CONTROLS,NO CONTROLS,UNKNOWN,UNKNOWN,PARKED MOTOR VEHICLE,UNKNOWN,STRAIGHT AND LEVEL,UNKNOWN,UNKNOWN,NO INJURY / DRIVE AWAY,"$501 - $1,500",UNABLE TO DETERMINE,NOT APPLICABLE,854,N,LOCKWOOD AVE,2,NO INDICATION OF INJURY,0.0,0.0,0.0,0.0,0.0,1.0,0.0,13,6,9
0f5d2105ac1235ddf0f8bad22a7afef843fcee8ddba42fc1e38a345b33b5c91430471f6ce8d2db68114b0137438116c84e2437891649d9a16c995a420ce835aa,2018-12-26 20:00:00,30,TRAFFIC SIGNAL,FUNCTIONING PROPERLY,CLEAR,"DARKNESS, LIGHTED ROAD",TURNING,NOT DIVIDED,STRAIGHT AND LEVEL,DRY,NO DEFECTS,NO INJURY / DRIVE AWAY,"OVER $1,500",IMPROPER TURNING/NO SIGNAL,NOT APPLICABLE,51,W,HUBBARD ST,2,NO INDICATION OF INJURY,0.0,0.0,0.0,0.0,0.0,2.0,0.0,20,4,12
0c06bb411c12d74c53c3be47d84f96777365f300a45e879c5f6ed6eba02ffc125c7563a8db8e50a1219d10b3b90d0f3d8c460ed197c166751be20718539becea,2018-10-30 14:30:00,30,UNKNOWN,UNKNOWN,UNKNOWN,UNKNOWN,PARKED MOTOR VEHICLE,NOT DIVIDED,STRAIGHT AND LEVEL,UNKNOWN,UNKNOWN,NO INJURY / DRIVE AWAY,"OVER $1,500",UNABLE TO DETERMINE,NOT APPLICABLE,731,W,BITTERSWEET PL,2,NO INDICATION OF INJURY,0.0,0.0,0.0,0.0,0.0,1.0,0.0,14,3,10
7760651122658776ac6b965ed49c8da015e44555914cf294bc2d0765b03acabbc29d93f3bbcf773e79347f3ee5033c6bbea55afa7a98289299a894628ea9343f,2023-06-08 09:30:00,5,NO CONTROLS,NO CONTROLS,CLEAR,DAYLIGHT,PARKED MOTOR VEHICLE,PARKING LOT,STRAIGHT AND LEVEL,DRY,NO DEFECTS,NO INJURY / DRIVE AWAY,"$501 - $1,500",UNABLE TO DETERMINE,NOT APPLICABLE,5200,S,LAKE PARK AVE,2,NO INDICATION OF INJURY,0.0,0.0,0.0,0.0,0.0,1.0,0.0,9,5,6
4f46300d695310119432c44fc4b22457e01b3f83e7244b5c58c579596af3ed0cdad14b89edab16d08557e6830fdad395f35d393e58c59483b7ee9c415e7d665e,2023-03-09 08:00:00,30,NO CONTROLS,NO CONTROLS,CLEAR,DAYLIGHT,PARKED MOTOR VEHICLE,PARKING LOT,STRAIGHT AND LEVEL,DRY,UNKNOWN,INJURY AND / OR TOW DUE TO CRASH,"$501 - $1,500",DISTRACTION - FROM INSIDE VEHICLE,NOT APPLICABLE,215,N,LAVERGNE AVE,2,NO INDICATION OF INJURY,0.0,0.0,0.0,0.0,0.0,1.0,0.0,8,5,3
9e435703fe73268bf23b4dc83168b0f5aa3b88b40aab7bd9defc30830d538b2200fef5d01a9406256b6c601c13f0b743fbbcc721f75a904861c76da5840f0b72,2022-10-01 17:00:00,30,STOP SIGN/FLASHER,FUNCTIONING PROPERLY,CLEAR,DAYLIGHT,ANGLE,DIVIDED - W/MEDIAN (NOT RAISED),STRAIGHT AND LEVEL,DRY,NO DEFECTS,NO INJURY / DRIVE AWAY,"$501 - $1,500",UNABLE TO DETERMINE,UNABLE TO DETERMINE,2100,W,BELMONT AVE,2,NO INDICATION OF INJURY,0.0,0.0,0.0,0.0,0.0,2.0,0.0,17,7,10
af73715a67ae5acfa630a39430a9dd525f069110e393beb1854b3f6c9311fb8f4787f930d76c4347cbf6850aeafd286c194b4f8a61bf3aff263dc32e52a30321,2020-12-09 13:20:00,30,STOP SIGN/FLASHER,FUNCTIONING PROPERLY,CLEAR,DAYLIGHT,ANGLE,FOUR WAY,STRAIGHT AND LEVEL,DRY,UNKNOWN,INJURY AND / OR TOW DUE TO CRASH,"OVER $1,500",FAILING TO YIELD RIGHT-OF-WAY,FAILING TO YIELD RIGHT-OF-WAY,5000,S,MICHIGAN AVE,2,NONINCAPACITATING INJURY,1.0,0.0,0.0,1.0,0.0,1.0,0.0,13,4,12
3f4dc845168ca46a402b8179bfb678d59d83e208b7e722444c9d71f68679f6c2551496ac7dd8590df4c0e5fb3cf0a86d37aa7131c53b3017be999aedb7533f90,2021-10-28 14:23:00,30,TRAFFIC SIGNAL,FUNCTIONING PROPERLY,RAIN,DAYLIGHT,TURNING,FOUR WAY,STRAIGHT AND LEVEL,WET,NO DEFECTS,INJURY AND / OR TOW DUE TO CRASH,"OVER $1,500",PHYSICAL CONDITION OF DRIVER,NOT APPLICABLE,4627,W,63RD ST,2,NO INDICATION OF INJURY,0.0,0.0,0.0,0.0,0.0,2.0,0.0,14,5,10
9d491818c7015ee9668d7770af333bd985564672bfced90ad460a84112c73358f2494a5560918038f080bb76148d854970c976a33ad15b3ff5bf81cd61b06147,2021-02-13 15:45:00,30,TRAFFIC SIGNAL,FUNCTIONING PROPERLY,SNOW,DAYLIGHT,HEAD ON,NOT DIVIDED,STRAIGHT AND LEVEL,SNOW OR SLUSH,NO DEFECTS,NO INJURY / DRIVE AWAY,"OVER $1,500",UNABLE TO DETERMINE,UNABLE TO DETERMINE,4700,W,IRVING PARK RD,2,NO INDICATION OF INJURY,0.0,0.0,0.0,0.0,0.0,2.0,0.0,15,7,2
8c09839b946002a0e5cf912c7634528fc52e4cafa56f8a33f3e451798e4897e2d536fb1aa82b0cd938c3fc545240969066f9d762080eedbae1084053101b183e,2020-07-29 17:00:00,30,NO CONTROLS,NO CONTROLS,CLEAR,UNKNOWN,PARKED MOTOR VEHICLE,ONE-WAY,STRAIGHT AND LEVEL,DRY,NO DEFECTS,NO INJURY / DRIVE AWAY,$500 OR LESS,UNABLE TO DETERMINE,NOT APPLICABLE,2638,N,SPRINGFIELD AVE,2,NO INDICATION OF INJURY,0.0,0.0,0.0,0.0,0.0,1.0,0.0,17,4,7
2c727d345c5d8d74f7e456eb1646957e7c2a5c7599e0d2d5caeef76418793e00c95a6d4fb59d1214ba95e6c48529fca39cd1a714992f339f525926133c8b3812,2023-04-29 22:00:00,30,UNKNOWN,UNKNOWN,UNKNOWN,"DARKNESS, LIGHTED ROAD",PARKED MOTOR VEHICLE,UNKNOWN,STRAIGHT AND LEVEL,UNKNOWN,UNKNOWN,NO INJURY / DRIVE AWAY,"OVER $1,500",UNABLE TO DETERMINE,UNABLE TO DETERMINE,3942,W,AINSLIE ST,2,NO INDICATION OF INJURY,0.0,0.0,0.0,0.0,0.0,1.0,0.0,22,7,4
d7b1518b0adfe901cbd7130697891cd8e6325f200370112454beeb32bd7dbfacb65c93ee2059904233467e89f7efb428488bceb8b7667ef7ac81206cb3f50fef,2021-12-17 11:43:00,30,NO CONTROLS,NO CONTROLS,CLEAR,DAYLIGHT,PARKED MOTOR VEHICLE,ONE-WAY,STRAIGHT AND LEVEL,DRY,NO DEFECTS,NO INJURY / DRIVE AWAY,"OVER $1,500",UNABLE TO DETERMINE,UNABLE TO DETERMINE,160,E,HURON ST,2,NO INDICATION OF INJURY,0.0,0.0,0.0,0.0,0.0,1.0,0.0,11,6,12
9ebacdff21f42a21b7fab28eeb2696ed0a6331a2dfebadd3dd0aba7ce731528dc0f0d7d2c99938884140f3c2d4acb5b4859f93c42b1e4bb264f40171de7bb908,2023-07-01 05:30:00,30,STOP SIGN/FLASHER,FUNCTIONING PROPERLY,RAIN,"DARKNESS, LIGHTED ROAD",REAR END,DIVIDED - W/MEDIAN (NOT RAISED),STRAIGHT AND LEVEL,WET,NO DEFECTS,NO INJURY / DRIVE AWAY,"OVER $1,500",UNABLE TO DETERMINE,NOT APPLICABLE,737,W,LAKE ST,3,NO INDICATION OF INJURY,0.0,0.0,0.0,0.0,0.0,3.0,0.0,5,7,7
d6ba4d71053a1e0d39611bdb36fadb97a9323268d1f807022a032b742e3d126c5fa33a8d88252fceadaa98eb0045bce8179ad64121c78ca5481052195988a273,2021-10-29 19:30:00,30,NO CONTROLS,NO CONTROLS,UNKNOWN,DARKNESS,TURNING,ONE-WAY,STRAIGHT AND LEVEL,UNKNOWN,UNKNOWN,NO INJURY / DRIVE AWAY,"OVER $1,500",UNABLE TO DETERMINE,UNABLE TO DETERMINE,9132,S,STEWART AVE,2,NO INDICATION OF INJURY,0.0,0.0,0.0,0.0,0.0,4.0,0.0,19,6,10
a897fa61376ae4b5480814e406e3693143c81dec6d3b360104b0141e4e6948bf5255d39c9f89fc67cb8a426a91656e01eb2bf98f9b40a36862e2a928f75530ac,2019-04-03 14:15:00,30,TRAFFIC SIGNAL,FUNCTIONING PROPERLY,CLEAR,DAYLIGHT,PEDESTRIAN,DIVIDED - W/MEDIAN (NOT RAISED),STRAIGHT AND LEVEL,DRY,NO DEFECTS,INJURY AND / OR TOW DUE TO CRASH,$500 OR LESS,FAILING TO YIELD RIGHT-OF-WAY,NOT APPLICABLE,3201,W,LAWRENCE AVE,2,NONINCAPACITATING INJURY,1.0,0.0,0.0,1.0,0.0,1.0,0.0,14,4,4
8fd456543994061e8a36381f9c75a2cf035aa1f8cc94ca51c02684a2b52a136f285376d3f520d95dcfab021d77d62ef245e28d70d5666bd98d1fc9982c9a4f38,2020-07-17 19:00:00,30,TRAFFIC SIGNAL,FUNCTIONING PROPERLY,CLEAR,DAYLIGHT,TURNING,NOT DIVIDED,STRAIGHT AND LEVEL,DRY,NO DEFECTS,NO INJURY / DRIVE AWAY,"OVER $1,500",IMPROPER OVERTAKING/PASSING,NOT APPLICABLE,499,S,WELLS ST,2,NO INDICATION OF INJURY,0.0,0.0,0.0,0.0,0.0,2.0,0.0,19,6,7
59210a53d137d4202c4644358cbf1361417baf69f1a2d83c639e0f318323109c69d36967083e2e009694ce44f1b5933069bf1065f766bb9a7c265c898387fafd,2018-06-01 18:00:00,30,NO CONTROLS,NO CONTROLS,CLEAR,DAYLIGHT,PARKED MOTOR VEHICLE,PARKING LOT,STRAIGHT AND LEVEL,DRY,NO DEFECTS,NO INJURY / DRIVE AWAY,$500 OR LESS,DRIVING SKILLS/KNOWLEDGE/EXPERIENCE,UNABLE TO DETERMINE,2821,N,ASHLAND AVE,2,NO INDICATION OF INJURY,0.0,0.0,0.0,0.0,0.0,1.0,0.0,18,6,6
f5cf74171f54751bc04eaa24b7a516a3f37eb3b50c5f8c0c7d3ad0a2cceb41b33946c33d7c148b5cd81bbcaf9dcdd0751e769d84ae2687df52f8b8ba22751d79,2022-04-09 14:04:00,30,UNKNOWN,UNKNOWN,CLEAR,DAYLIGHT,REAR END,NOT DIVIDED,STRAIGHT AND LEVEL,DRY,UNKNOWN,NO INJURY / DRIVE AWAY,"OVER $1,500",FOLLOWING TOO CLOSELY,NOT APPLICABLE,600,N,AVERS AVE,2,NO INDICATION OF INJURY,0.0,0.0,0.0,0.0,0.0,3.0,0.0,14,7,4
f7954b2f6ae1da47b491a4eeeeae98695b4aa363eb2c88958496180b425619e30f82823dece43dec8a97d7741afe3872aaa1ffa23853f24535e4a45b60f3e539,2018-04-09 09:50:00,15,NO CONTROLS,NO CONTROLS,SNOW,DAYLIGHT,ANGLE,PARKING LOT,STRAIGHT AND LEVEL,SNOW OR SLUSH,NO DEFECTS,NO INJURY / DRIVE AWAY,"OVER $1,500",IMPROPER BACKING,NOT APPLICABLE,4620,S,DAMEN AVE,2,NO INDICATION OF INJURY,0.0,0.0,0.0,0.0,0.0,3.0,0.0,9,2,4
8bc7efd30431d99b6f78f417646ca5a8e5554913bbc842e42d78da66fde92e52a62b4774a70520e7e29b56b674903f0c34bb2b322a9bfdb3827245cf7946f656,2023-03-10 13:00:00,30,NO CONTROLS,NO CONTROLS,RAIN,DAYLIGHT,SIDESWIPE SAME DIRECTION,NOT DIVIDED,STRAIGHT AND LEVEL,WET,NO DEFECTS,NO INJURY / DRIVE AWAY,"OVER $1,500",UNABLE TO DETERMINE,UNABLE TO DETERMINE,1010,W,DIVERSEY PKWY,2,NO INDICATION OF INJURY,0.0,0.0,0.0,0.0,0.0,2.0,0.0,13,6,3
f00125fcdb7d6859979c279199a8dac6af05656a450ed688b050bf25f6740bb20083a45cb988e77a2255d20517e2c557ccad7cf9af711192927e0b6939fee991,2023-09-29 19:00:00,30,STOP SIGN/FLASHER,FUNCTIONING PROPERLY,UNKNOWN,UNKNOWN,PARKED MOTOR VEHICLE,ONE-WAY,STRAIGHT AND LEVEL,UNKNOWN,UNKNOWN,INJURY AND / OR TOW DUE TO CRASH,"OVER $1,500",UNABLE TO DETERMINE,NOT APPLICABLE,2356,N,KARLOV AVE,4,NO INDICATION OF INJURY,0.0,0.0,0.0,0.0,0.0,1.0,0.0,19,6,9
e04a065a1a1e5aa9d92075d48535a8ba1bf4486979ab3d8e68c24a4bec0ba11267ac587f1791d3d6e17133a0936f4d58ff890f16c9942fcaac40c2240397a79c,2023-08-16 06:37:00,20,NO CONTROLS,NO CONTROLS,CLEAR,DAYLIGHT,PARKED MOTOR VEHICLE,ONE-WAY,STRAIGHT AND LEVEL,DRY,NO DEFECTS,INJURY AND / OR TOW DUE TO CRASH,"OVER $1,500",FOLLOWING TOO CLOSELY,DRIVING ON WRONG SIDE/WRONG WAY,2028,W,HADDON AVE,3,NO INDICATION OF INJURY,0.0,0.0,0.0,0.0,0.0,2.0,0.0,6,4,8
22052fcb3527b197985f38263f0297160d3d3c86272a6bd6289b47d6bb1d40eeb651b7af553136a402a37ac832898f665b27f7176e6affd43542fd4b0ba1431d,2020-07-24 15:48:00,30,NO CONTROLS,NO CONTROLS,CLEAR,DAYLIGHT,FIXED OBJECT,PARKING LOT,STRAIGHT AND LEVEL,DRY,NO DEFECTS,NO INJURY / DRIVE AWAY,"$501 - $1,500",UNABLE TO DETERMINE,UNABLE TO DETERMINE,8050,S,STONY ISLAND AVE,1,NO INDICATION OF INJURY,0.0,0.0,0.0,0.0,0.0,1.0,0.0,15,6,7
65a368b74225caf99bc40762ee5f2c957e20271e0e87c6145a44fdcd37df8304cf54576adee2fe62862c0b0e552ad6e916fc0f85e936b66916104624381951b0,2020-01-19 06:58:00,30,NO CONTROLS,NO CONTROLS,CLEAR,DAYLIGHT,SIDESWIPE OPPOSITE DIRECTION,NOT DIVIDED,STRAIGHT AND LEVEL,DRY,UNKNOWN,INJURY AND / OR TOW DUE TO CRASH,"OVER $1,500",UNABLE TO DETERMINE,UNABLE TO DETERMINE,45,E,63RD ST,2,NO INDICATION OF INJURY,0.0,0.0,0.0,0.0,0.0,2.0,0.0,6,1,1
3f31b6ff48e3863750acf5323887f2b24ee8d6f5a9848bf7abbdfcfe1f57ebd432b1e3bd8c3dc0f70a10d3c9a15ec0953712ed83d316da9e3333dbf99703b30d,2022-06-14 15:50:00,35,OTHER,FUNCTIONING PROPERLY,CLEAR,DAYLIGHT,TURNING,NOT DIVIDED,STRAIGHT AND LEVEL,DRY,NO DEFECTS,NO INJURY / DRIVE AWAY,"$501 - $1,500",IMPROPER TURNING/NO SIGNAL,UNABLE TO DETERMINE,1740,N,CLARK ST,2,NO INDICATION OF INJURY,0.0,0.0,0.0,0.0,0.0,2.0,0.0,15,3,6
d77705ba7f2800ecf55aba766b0a6fc686a8ce4e7380b6ddbf83aed2a79337a9691244e9ff19ce99d4e62480b88a6cce9f43a2da83abc8f3235c3504993fc58e,2022-02-25 18:10:00,30,TRAFFIC SIGNAL,FUNCTIONING PROPERLY,CLEAR,DAYLIGHT,SIDESWIPE SAME DIRECTION,DIVIDED - W/MEDIAN (NOT RAISED),STRAIGHT AND LEVEL,DRY,NO DEFECTS,NO INJURY / DRIVE AWAY,"$501 - $1,500",IMPROPER LANE USAGE,FAILING TO REDUCE SPEED TO AVOID CRASH,2757,N,NARRAGANSETT AVE,2,NO INDICATION OF INJURY,0.0,0.0,0.0,0.0,0.0,2.0,0.0,18,6,2
1ea9a62380e78d46754c33f1c56894fc7c56a02a08dbc11aa79204870408f58ff10dacfee40514ef5b7fef4599ecebd9e35e8e6e093f3eed3f6f8681e40fcdfd,2016-08-31 11:45:00,10,NO CONTROLS,NO CONTROLS,CLEAR,DAYLIGHT,PARKED MOTOR VEHICLE,PARKING LOT,STRAIGHT AND LEVEL,DRY,NO DEFECTS,NO INJURY / DRIVE AWAY,"OVER $1,500",FAILING TO YIELD RIGHT-OF-WAY,UNABLE TO DETERMINE,3805,N,WESTERN AVE,2,NO INDICATION OF INJURY,0.0,0.0,0.0,0.0,0.0,1.0,0.0,11,4,8
3b7dd095b0257cee8d18324928c82175252a44ab1116948e5528c4c8ef6af5bf1fca8f4e13d625c9189af65876771b502bbd67f83df244ed5b8676d0a6a22e18,2022-11-30 13:15:00,30,NO CONTROLS,NO CONTROLS,CLEAR,DAYLIGHT,OTHER OBJECT,NOT DIVIDED,STRAIGHT AND LEVEL,DRY,NO DEFECTS,NO INJURY / DRIVE AWAY,"OVER $1,500",EQUIPMENT - VEHICLE CONDITION,NOT APPLICABLE,1120,W,119TH ST,2,NO INDICATION OF INJURY,0.0,0.0,0.0,0.0,0.0,2.0,0.0,13,4,11
457cc7cf12f6f0eef79c9e614c96cf2c49933b4fd0130a5433a6923561c05e437f9b5fa9b21e3ddb9df51ab0272c593580c643f08aaa89d7c5c5385dd816a472,2018-05-11 13:55:00,30,NO CONTROLS,NO CONTROLS,CLEAR,DAYLIGHT,PEDALCYCLIST,ONE-WAY,STRAIGHT AND LEVEL,DRY,NO DEFECTS,NO INJURY / DRIVE AWAY,"OVER $1,500",IMPROPER LANE USAGE,NOT APPLICABLE,657,N,SANGAMON ST,2,NO INDICATION OF INJURY,0.0,0.0,0.0,0.0,0.0,2.0,0.0,13,6,5
2cb39b889e4a16b9d33d4880121981ac06427c397c5f4f6b5dee8d99bd2f7ee132a9e83c9f3a94e80f785fc07caa79710589688c145a27cadae6debc09c57bde,2023-03-06 07:00:00,30,UNKNOWN,UNKNOWN,CLEAR,DAYLIGHT,PARKED MOTOR VEHICLE,UNKNOWN,STRAIGHT AND LEVEL,DRY,UNKNOWN,NO INJURY / DRIVE AWAY,$500 OR LESS,UNABLE TO DETERMINE,NOT APPLICABLE,2930,W,HARRISON ST,2,NO INDICATION OF INJURY,0.0,0.0,0.0,0.0,0.0,1.0,0.0,7,2,3
5c92154a93cdc821ee8e423e5e08d0af74dc5d57ed46c88985f3c321c1865b17d5af7d53ba9eccb05f295aa41ea3e29c269f7a87fcbe2a25175f1877ee0a89dd,2022-10-08 06:35:00,20,NO CONTROLS,NO CONTROLS,CLEAR,DAWN,REAR END,ONE-WAY,STRAIGHT AND LEVEL,DRY,NO DEFECTS,NO INJURY / DRIVE AWAY,"OVER $1,500",FOLLOWING TOO CLOSELY,DRIVING SKILLS/KNOWLEDGE/EXPERIENCE,1,W,TERMINAL ST,2,NO INDICATION OF INJURY,0.0,0.0,0.0,0.0,0.0,2.0,0.0,6,7,10
67ad149dea3eaa942dbdc93f578ba217d8b0189fe71b88d418df98683766a3c932595f1eda14a742ba35500d1c13c54fb2eaab3e83dec230f12873a8b163f1da,2017-11-14 15:30:00,20,TRAFFIC SIGNAL,FUNCTIONING PROPERLY,CLEAR,DAYLIGHT,REAR END,NOT DIVIDED,STRAIGHT AND LEVEL,DRY,UNKNOWN,NO INJURY / DRIVE AWAY,"OVER $1,500",FOLLOWING TOO CLOSELY,FOLLOWING TOO CLOSELY,2799,N,KIMBALL AVE,2,NO INDICATION OF INJURY,0.0,0.0,0.0,0.0,0.0,2.0,0.0,15,3,11
76898a6af7ba6c2685785a4b1e1921fdb962e688ba1eeabb7a20af84068a4d21ec766c79caceb283d1c6276a0a14e5f8907a1038ee6707740fe0d9ce6adef98e,2019-05-18 12:20:00,30,TRAFFIC SIGNAL,FUNCTIONING PROPERLY,CLEAR,DAYLIGHT,REAR END,DIVIDED - W/MEDIAN (NOT RAISED),STRAIGHT AND LEVEL,DRY,NO DEFECTS,NO INJURY / DRIVE AWAY,$500 OR LESS,FOLLOWING TOO CLOSELY,NOT APPLICABLE,7400,S,HALSTED ST,3,NO INDICATION OF INJURY,0.0,0.0,0.0,0.0,0.0,4.0,0.0,12,7,5