CRASH_RECORD_ID,CRASH_DATE,POSTED_SPEED_LIMIT,TRAFFIC_CONTROL_DEVICE,DEVICE_CONDITION,WEATHER_CONDITION,LIGHTING_CONDITION,FIRST_CRASH_TYPE,TRAFFICWAY_TYPE,ALIGNMENT,ROADWAY_SURFACE_COND,ROAD_DEFECT,CRASH_TYPE,DAMAGE,PRIM_CONTRIBUTORY_CAUSE,SEC_CONTRIBUTORY_CAUSE,STREET_NO,STREET_DIRECTION,STREET_NAME,NUM_UNITS,MOST_SEVERE_INJURY,INJURIES_TOTAL,INJURIES_FATAL,INJURIES_INCAPACITATING,INJURIES_NON_INCAPACITATING,INJURIES_REPORTED_NOT_EVIDENT,INJURIES_NO_INDICATION,INJURIES_UNKNOWN,CRASH_HOUR,CRASH_DAY_OF_WEEK,CRASH_MONTH
1103cc30489de0ed4124b75426007378c5ef179f92ed47791724c77ea2628b6333735eb86ab4d8b8765ad59b4ba9f9d4ee71e410c975f17671a69cf1572fafe8,2017-04-22 14:00:00,30,NO CONTROLS,NO CONTROLS,CLEAR,DAYLIGHT,SIDESWIPE SAME DIRECTION,NOT DIVIDED,STRAIGHT AND LEVEL,DRY,UNKNOWN,NO INJURY / DRIVE AWAY,"OVER $1,500",DRIVING SKILLS/KNOWLEDGE/EXPERIENCE,NOT APPLICABLE,5500,S,CALIFORNIA AVE,2,NO INDICATION OF INJURY,0.0,0.0,0.0,0.0,0.0,2.0,0.0,14,7,4
52af0cc8f7e1b67608bbce750eebc347acd3d4cfbaf876fa17c961df138b33af829d15c72151f2f79421baae0747779492105470726d097255c8754df5a39697,2017-09-14 16:30:00,30,NO CONTROLS,NO CONTROLS,CLEAR,DAYLIGHT,REAR END,NOT DIVIDED,STRAIGHT AND LEVEL,DRY,NO DEFECTS,INJURY AND / OR TOW DUE TO CRASH,"OVER $1,500",UNABLE TO DETERMINE,NOT APPLICABLE,2100,E,95TH ST,2,"REPORTED, NOT EVIDENT",2.0,0.0,0.0,0.0,2.0,2.0,0.0,16,5,9
6b6827bd35777eb4f578a28fbd9be45b581fb97c521397894d6b18384ada5012f9f71d716fc999590d3dacf81a77832567a3297de9f4e26c82b21e2e8b457790,2019-08-18 16:00:00,10,NO CONTROLS,NO CONTROLS,CLEAR,DAYLIGHT,PARKED MOTOR VEHICLE,PARKING LOT,STRAIGHT AND LEVEL,DRY,NO DEFECTS,NO INJURY / DRIVE AWAY,"$501 - $1,500",UNABLE TO DETERMINE,NOT APPLICABLE,8659,S,CICERO AVE,2,NO INDICATION OF INJURY,0.0,0.0,0.0,0.0,0.0,1.0,0.0,16,1,8
1bc7b713813a225623ceb21cb52226c5a39608534c814d2975e58b5c2af5e457ebe7e007170349840f38ce7466d9b4fee8976affe3610c84d2836ed0952b73b1,2020-09-26 18:28:00,30,TRAFFIC SIGNAL,FUNCTIONING PROPERLY,CLEAR,DAYLIGHT,PARKED MOTOR VEHICLE,NOT DIVIDED,STRAIGHT AND LEVEL,DRY,NO DEFECTS,INJURY AND / OR TOW DUE TO CRASH,"OVER $1,500",IMPROPER TURNING/NO SIGNAL,NOT APPLICABLE,4400,W,MADISON ST,3,NO INDICATION OF INJURY,0.0,0.0,0.0,0.0,0.0,1.0,0.0,18,7,9
179ca4596351744fbfba1f715732c8fec0ef50025480c3fab00f085bbe2d5e1f924ecbb444f9b68898a952975b69479762c944572ba40ec5c374883c83225410,2022-11-05 03:29:00,30,TRAFFIC SIGNAL,FUNCTIONING PROPERLY,RAIN,DARKNESS,ANGLE,DIVIDED - W/MEDIAN (NOT RAISED),STRAIGHT AND LEVEL,WET,NO DEFECTS,INJURY AND / OR TOW DUE TO CRASH,"OVER $1,500",DISREGARDING OTHER TRAFFIC SIGNS,FAILING TO REDUCE SPEED TO AVOID CRASH,3500,S,DR MARTIN LUTHER KING JR DR,2,NONINCAPACITATING INJURY,3.0,0.0,0.0,3.0,0.0,0.0,0.0,3,7,11
62da63e4f67b0039ab0521182e326561f2b2d9f606fb2a93d896a3402b87dfbcf9954d345383f28459df041ffb4021dc5cfde5273b42300fb07541012090704e,2017-09-12 07:43:00,0,STOP SIGN/FLASHER,FUNCTIONING PROPERLY,CLEAR,DAYLIGHT,ANGLE,OTHER,STRAIGHT AND LEVEL,DRY,NO DEFECTS,INJURY AND / OR TOW DUE TO CRASH,"OVER $1,500",FAILING TO YIELD RIGHT-OF-WAY,NOT APPLICABLE,4133,W,24TH PL,2,"REPORTED, NOT EVIDENT",1.0,0.0,0.0,0.0,1.0,6.0,0.0,7,3,9
b83da0ed013be00fb3090c916d861a9b7d7e28a029f6e45ee8c560a8844d0435b4067bc54016d6afb0ad4dca1de5d8bb884d2de531fb4a0839973217737b7064,2018-03-02 12:45:00,30,TRAFFIC SIGNAL,FUNCTIONING PROPERLY,CLEAR,DAYLIGHT,TURNING,DIVIDED - W/MEDIAN BARRIER,STRAIGHT AND LEVEL,DRY,NO DEFECTS,NO INJURY / DRIVE AWAY,"$501 - $1,500",IMPROPER OVERTAKING/PASSING,NOT APPLICABLE,8300,S,COTTAGE GROVE AVE,2,NO INDICATION OF INJURY,0.0,0.0,0.0,0.0,0.0,2.0,0.0,12,6,3
8f10b4f4510a42a7adb5de728e66972cc0fc1dfcf7ee9a7e14b816acb5ed0d74dd517f3ef33845fdba0dbeb6d3060ba406c4b10bc59a01edb8a1bcd66aaab3b9,2022-10-13 19:08:00,30,NO CONTROLS,NO CONTROLS,CLEAR,"DARKNESS, LIGHTED ROAD",SIDESWIPE SAME DIRECTION,NOT DIVIDED,STRAIGHT AND LEVEL,DRY,NO DEFECTS,NO INJURY / DRIVE AWAY,"OVER $1,500",UNABLE TO DETERMINE,UNABLE TO DETERMINE,1000,W,ADDISON ST,2,NO INDICATION OF INJURY,0.0,0.0,0.0,0.0,0.0,2.0,0.0,19,5,10
9936551e47bc395e9e0eb36d4db1faa9b54210ce2f5d2fcace300c6c38f237307974173ca062849e803686644d88240b8be505508725978de49b04b0ee6f2360,2018-06-29 16:30:00,30,NO CONTROLS,NO CONTROLS,CLEAR,DAYLIGHT,PARKED MOTOR VEHICLE,PARKING LOT,STRAIGHT AND LEVEL,DRY,NO DEFECTS,NO INJURY / DRIVE AWAY,"$501 - $1,500",UNABLE TO DETERMINE,UNABLE TO DETERMINE,10000,S,MICHIGAN AVE,2,NO INDICATION OF INJURY,0.0,0.0,0.0,0.0,0.0,1.0,0.0,16,6,6
ebdd91f0a0459be1dff1f4a03a46e8ead63d8b4d799a2fba9ac5346f0f2f2564806433e9252b10fbd91f22b67198bb4888b20a450463d5ea4bf4d738607b4534,2019-03-22 18:45:00,30,TRAFFIC SIGNAL,FUNCTIONING PROPERLY,CLEAR,DAYLIGHT,TURNING,DIVIDED - W/MEDIAN BARRIER,STRAIGHT AND LEVEL,DRY,NO DEFECTS,NO INJURY / DRIVE AWAY,"OVER $1,500",UNABLE TO DETERMINE,NOT APPLICABLE,100,S,ASHLAND AVE,2,NO INDICATION OF INJURY,0.0,0.0,0.0,0.0,0.0,2.0,0.0,18,6,3
ac406af6883479cd26ac1c8dd7d849416fccf14c033fe7ad7fd72eebba9038e0b99ebaac52858eaabeb8d62b7945821cfbefc2addd89e284c28742046c0112bc,2022-11-03 17:00:00,30,NO CONTROLS,NO CONTROLS,CLEAR,DAYLIGHT,SIDESWIPE SAME DIRECTION,NOT DIVIDED,STRAIGHT AND LEVEL,DRY,NO DEFECTS,NO INJURY / DRIVE AWAY,"OVER $1,500",IMPROPER OVERTAKING/PASSING,UNABLE TO DETERMINE,5200,W,LAWRENCE AVE,2,NO INDICATION OF INJURY,0.0,0.0,0.0,0.0,0.0,2.0,0.0,17,5,11
ac2c0c53b1df61574efcd5f56c5a3bbc8e158774bee939f7377ee3567ea63d3287ad2be0fb2492ef586493f8bcafea223f5815ddf45d1fcff68313098cd65dda,2017-11-05 15:00:00,30,TRAFFIC SIGNAL,FUNCTIONING PROPERLY,CLEAR,DAYLIGHT,ANGLE,ONE-WAY,STRAIGHT AND LEVEL,WET,NO DEFECTS,INJURY AND / OR TOW DUE TO CRASH,"OVER $1,500",DISREGARDING TRAFFIC SIGNALS,NOT APPLICABLE,100,N,CLINTON ST,2,"REPORTED, NOT EVIDENT",1.0,0.0,0.0,0.0,1.0,4.0,0.0,15,1,11
299145925cdb250a0989c3e81c76940165c0e19862d74cf96837e348ef46b43e8357544f10bd158b232b315326dc17b0e81778242ff6b928e7ec27790aabec05,2018-08-06 12:25:00,25,NO CONTROLS,NO CONTROLS,CLEAR,DAYLIGHT,PARKED MOTOR VEHICLE,NOT DIVIDED,STRAIGHT AND LEVEL,DRY,NO DEFECTS,NO INJURY / DRIVE AWAY,"$501 - $1,500",UNABLE TO DETERMINE,UNABLE TO DETERMINE,879,W,LELAND AVE,2,NO INDICATION OF INJURY,0.0,0.0,0.0,0.0,0.0,1.0,0.0,12,2,8
2473a01b0a0eaefcc4613dcd8d6d5333a33f070285d63a59bee4a61f8269ec36f19b5445962318a3612fda16d719cae52ec0349de191163e78e250aa692871e3,2023-09-24 16:20:00,30,UNKNOWN,UNKNOWN,UNKNOWN,UNKNOWN,REAR END,FOUR WAY,STRAIGHT AND LEVEL,UNKNOWN,UNKNOWN,NO INJURY / DRIVE AWAY,"OVER $1,500",UNABLE TO DETERMINE,UNABLE TO DETERMINE,224,W,OHIO ST,2,NO INDICATION OF INJURY,0.0,0.0,0.0,0.0,0.0,2.0,0.0,16,1,9
5013badd2d460105390c173bb788c9c5394fd1758ee747a73d0c4dc0b121c7555fe45f3c342e5e5371a2f67dbeb2234b1b09fda4c5ad5993f251131294fc38bc,2020-01-08 12:24:00,30,NO CONTROLS,NO CONTROLS,CLEAR,DAYLIGHT,REAR END,DIVIDED - W/MEDIAN (NOT RAISED),STRAIGHT AND LEVEL,DRY,NO DEFECTS,NO INJURY / DRIVE AWAY,"OVER $1,500",UNABLE TO DETERMINE,UNABLE TO DETERMINE,933,S,CICERO AVE,3,NO INDICATION OF INJURY,0.0,0.0,0.0,0.0,0.0,4.0,0.0,12,4,1
cd0a83fa832edb378f659d01ff0d2c03a1af5479b554fd5251f62a335405b7d972467ff01b24e6230b3fbdfe2e190c7e47b0a6f92607d02cac21b86549c9231d,2022-06-11 13:15:00,30,UNKNOWN,UNKNOWN,CLEAR,DAYLIGHT,REAR TO FRONT,NOT DIVIDED,STRAIGHT AND LEVEL,DRY,UNKNOWN,NO INJURY / DRIVE AWAY,$500 OR LESS,IMPROPER BACKING,IMPROPER BACKING,1600,W,CORNELIA AVE,2,NO INDICATION OF INJURY,0.0,0.0,0.0,0.0,0.0,4.0,0.0,13,7,6
8bc46ebcfa39f7ab70d7489651c14feb16394cc8b3da4889509329e44bee50bc4d1606eaae547a0998647a67d08d07f8fc9d8a562b990967be7dc237c660aa8a,2022-01-19 07:03:00,25,TRAFFIC SIGNAL,FUNCTIONING PROPERLY,CLEAR,DAYLIGHT,PEDESTRIAN,FOUR WAY,STRAIGHT AND LEVEL,DRY,NO DEFECTS,INJURY AND / OR TOW DUE TO CRASH,"$501 - $1,500",NOT APPLICABLE,NOT APPLICABLE,6300,S,DAMEN AVE,2,NONINCAPACITATING INJURY,1.0,0.0,0.0,1.0,0.0,1.0,0.0,7,4,1
8d97e544aed3f786951349df1436897e09ee631846ed9cf2831f8ae2bb789eec7ca33068e5034ad72ea5a20671ae6864bf0e3694e36dd0931eae5457cd254bc8,2019-01-16 15:21:00,30,TRAFFIC SIGNAL,FUNCTIONING PROPERLY,CLEAR,DAYLIGHT,TURNING,DIVIDED - W/MEDIAN BARRIER,STRAIGHT AND LEVEL,WET,NO DEFECTS,INJURY AND / OR TOW DUE TO CRASH,"OVER $1,500",IMPROPER TURNING/NO SIGNAL,NOT APPLICABLE,3100,S,ARCHER AVE,2,NO INDICATION OF INJURY,0.0,0.0,0.0,0.0,0.0,2.0,0.0,15,4,1
42637835339c8ee8088a8e855042a683dffe115754665ea7b90bfb18e84a759614a5c1cc61b708869e3982af4b7eb237056cc8b1ef14ba2177faf100c9ad4a06,2021-02-19 11:06:00,30,TRAFFIC SIGNAL,FUNCTIONING PROPERLY,SNOW,DAYLIGHT,REAR END,DIVIDED - W/MEDIAN BARRIER,STRAIGHT AND LEVEL,SNOW OR SLUSH,NO DEFECTS,NO INJURY / DRIVE AWAY,"OVER $1,500",UNABLE TO DETERMINE,UNABLE TO DETERMINE,5300,S,MORGAN ST,2,NO INDICATION OF INJURY,0.0,0.0,0.0,0.0,0.0,2.0,0.0,11,6,2
0b2e5fa6f556b1e61823af42e62fe5233175ff7f942e6426ef8eb8aeaa05695e9a0ffa14c8e086fc0ed0bf0dc8c1e01d97d809e544f9e350e10834d7fe3f3018,2018-09-28 07:00:00,30,TRAFFIC SIGNAL,FUNCTIONING PROPERLY,CLEAR,DAYLIGHT,REAR END,DIVIDED - W/MEDIAN (NOT RAISED),STRAIGHT AND LEVEL,DRY,NO DEFECTS,INJURY AND / OR TOW DUE TO CRASH,"OVER $1,500",FOLLOWING TOO CLOSELY,FAILING TO REDUCE SPEED TO AVOID CRASH,2602,W,FULLERTON AVE,2,"REPORTED, NOT EVIDENT",1.0,0.0,0.0,0.0,1.0,1.0,0.0,7,6,9
45e116514946281b7c45e98ce53acddf0b1b9c113ff00f2ce48c7dc641c41baecb672bd85a67dee6d412a239976ccb34a2ce1407332ec51edc5e713d9ab6fcf4,2021-03-19 12:45:00,25,STOP SIGN/FLASHER,FUNCTIONING PROPERLY,CLEAR,DAYLIGHT,SIDESWIPE SAME DIRECTION,NOT DIVIDED,STRAIGHT AND LEVEL,DRY,NO DEFECTS,NO INJURY / DRIVE AWAY,"OVER $1,500",IMPROPER OVERTAKING/PASSING,IMPROPER OVERTAKING/PASSING,89,W,87TH ST,2,NO INDICATION OF INJURY,0.0,0.0,0.0,0.0,0.0,4.0,0.0,12,6,3
3a83d057f8329547f4f0a13959465d0a1d211112fb7f5001fd7e3cd0d819384b854255a9de30fccf0bbdd2f042a8425f64c5d4fcbff1864c55013518adab9f36,2019-05-03 18:30:00,25,NO CONTROLS,NO CONTROLS,CLEAR,DAYLIGHT,PARKED MOTOR VEHICLE,DIVIDED - W/MEDIAN (NOT RAISED),STRAIGHT AND LEVEL,DRY,UNKNOWN,NO INJURY / DRIVE AWAY,$500 OR LESS,UNABLE TO DETERMINE,UNABLE TO DETERMINE,30,E,87TH ST,2,NO INDICATION OF INJURY,0.0,0.0,0.0,0.0,0.0,1.0,0.0,18,6,5
38161c20bcbea92223bb8d8f6bf269d51afc22f603585162b3e9fda4185dc65f22ab041ae8c8b63df7e8ae126636c42fa4a70ec9b1732f3c559307c697758f1f,2019-09-01 00:09:00,25,NO CONTROLS,NO CONTROLS,RAIN,"DARKNESS, LIGHTED ROAD",PARKED MOTOR VEHICLE,NOT DIVIDED,STRAIGHT AND LEVEL,WET,NO DEFECTS,INJURY AND / OR TOW DUE TO CRASH,"OVER $1,500","OPERATING VEHICLE IN ERRATIC, RECKLESS, CARELESS, NEGLIGENT OR AGGRESSIVE MANNER",FAILING TO REDUCE SPEED TO AVOID CRASH,4421,N,KEYSTONE AVE,5,NONINCAPACITATING INJURY,1.0,0.0,0.0,1.0,0.0,1.0,0.0,0,1,9
0ff859eb09a07c4eadf89021dd62b7f4576893bca9211432b07ab2aed6698c6d879cec25a1dc891cf8c420fa49ea8979850117f6d9a4fbfca41aa6116f8d3eed,2017-04-17 16:31:00,30,NO CONTROLS,NO CONTROLS,CLEAR,DAYLIGHT,PARKED MOTOR VEHICLE,NOT DIVIDED,STRAIGHT AND LEVEL,DRY,NO DEFECTS,NO INJURY / DRIVE AWAY,"$501 - $1,500",UNABLE TO DETERMINE,UNABLE TO DETERMINE,3514,N,LINCOLN AVE,2,NO INDICATION OF INJURY,0.0,0.0,0.0,0.0,0.0,1.0,0.0,16,2,4
886cc1230b7d060e6e70f829bbae291e8dba693946f3c3069016a96de551fd44fead2529490eb496186a752c12fede38290409ca5f6373a26990f10ee99f5963,2019-07-29 17:17:00,30,TRAFFIC SIGNAL,FUNCTIONING PROPERLY,RAIN,DAYLIGHT,REAR END,DIVIDED - W/MEDIAN (NOT RAISED),STRAIGHT AND LEVEL,WET,UNKNOWN,NO INJURY / DRIVE AWAY,"OVER $1,500",FOLLOWING TOO CLOSELY,DRIVING SKILLS/KNOWLEDGE/EXPERIENCE,7400,S,ASHLAND AVE,2,NO INDICATION OF INJURY,0.0,0.0,0.0,0.0,0.0,2.0,0.0,17,2,7
3c5827b588041bb3e93382533efa1635cfc32bc39268147f618d0aa3b06617ce2b96d6d60cde9d790148c7b4c789ccf0d47716e0453c0c6baf0752c993f49cf8,2019-10-01 06:00:00,30,TRAFFIC SIGNAL,FUNCTIONING PROPERLY,CLEAR,"DARKNESS, LIGHTED ROAD",TURNING,DIVIDED - W/MEDIAN (NOT RAISED),STRAIGHT AND LEVEL,DRY,NO DEFECTS,NO INJURY / DRIVE AWAY,"$501 - $1,500",FAILING TO YIELD RIGHT-OF-WAY,UNABLE TO DETERMINE,11059,S,KEDZIE AVE,2,NO INDICATION OF INJURY,0.0,0.0,0.0,0.0,0.0,2.0,0.0,6,3,10
cedaeed3791e5e353a07e29f2d5950bd355eff87134252c109de0f1aba83e826d363aa7cddb98fa5359dfa45b5ac3b95b9c8bd9f90465b68e35ba0ab7af6d30e,2020-12-31 11:30:00,30,NO CONTROLS,NO CONTROLS,CLEAR,DAYLIGHT,PARKED MOTOR VEHICLE,NOT DIVIDED,STRAIGHT AND LEVEL,DRY,NO DEFECTS,NO INJURY / DRIVE AWAY,"OVER $1,500",NOT APPLICABLE,NOT APPLICABLE,3158,W,72ND ST,2,NO INDICATION OF INJURY,0.0,0.0,0.0,0.0,0.0,1.0,0.0,11,5,12
796d6c40d34230dc8b687f8319574f4fc1cfedb5137ef6ec95aee26582cab6aacac72e09e63be5b6093b03d3db38843505ccc908941e7d8ec9b5f6e1ad56ec35,2020-02-14 10:20:00,30,NO CONTROLS,NO CONTROLS,CLEAR,DAYLIGHT,REAR END,NOT DIVIDED,STRAIGHT AND LEVEL,DRY,UNKNOWN,INJURY AND / OR TOW DUE TO CRASH,"OVER $1,500",UNABLE TO DETERMINE,UNABLE TO DETERMINE,8715,S,ASHLAND AVE,2,NO INDICATION OF INJURY,0.0,0.0,0.0,0.0,0.0,2.0,0.0,10,6,2
303825917af663da75c554f49149c2003343b2eed2055ec737cbbc8c00d258e14412c3e80acad0000a3774caaf1c22922669e556ff38571ec62e0fac9062bca3,2018-06-04 21:00:00,25,NO CONTROLS,NO CONTROLS,CLEAR,"DARKNESS, LIGHTED ROAD",PARKED MOTOR VEHICLE,NOT DIVIDED,STRAIGHT AND LEVEL,DRY,NO DEFECTS,NO INJURY / DRIVE AWAY,"$501 - $1,500",UNABLE TO DETERMINE,UNABLE TO DETERMINE,411,W,WISCONSIN ST,2,NO INDICATION OF INJURY,0.0,0.0,0.0,0.0,0.0,1.0,0.0,21,2,6
ef556dfa4e8928a2a4012dc89641b7dcd62686a70478b800669c16e0bb97aa05cf1a6f84c7d487873b1bf27f816a3ce57e1c1ce28969fa6e2bb057eb94bf93b5,2020-05-06 19:00:00,30,STOP SIGN/FLASHER,FUNCTIONING PROPERLY,CLEAR,DAYLIGHT,TURNING,T-INTERSECTION,STRAIGHT AND LEVEL,DRY,NO DEFECTS,INJURY AND / OR TOW DUE TO CRASH,"OVER $1,500",FAILING TO YIELD RIGHT-OF-WAY,NOT APPLICABLE,8440,S,COTTAGE GROVE AVE,2,NO INDICATION OF INJURY,0.0,0.0,0.0,0.0,0.0,3.0,0.0,19,4,5
0a361d712fb38c692753536e1c6ae7fc4bc28bf26ab25fb48c5114d3a6d83abd9c488c679da6aeb1c7b2d88b497b5053265e0a049924f18a2e0cc4d87c17807d,2020-05-21 11:45:00,35,NO CONTROLS,NO CONTROLS,CLEAR,DAYLIGHT,ANGLE,NOT DIVIDED,STRAIGHT AND LEVEL,DRY,NO DEFECTS,NO INJURY / DRIVE AWAY,"$501 - $1,500",FAILING TO YIELD RIGHT-OF-WAY,FAILING TO YIELD RIGHT-OF-WAY,7847,S,CICERO AVE,2,NO INDICATION OF INJURY,0.0,0.0,0.0,0.0,0.0,2.0,0.0,11,5,5
b3a45d192c6b10c77f8eccad4fe9609c0c6b4d58f89a273fc09d5efa151430e2aa66eaf1792b364c4832bbf113406e1c3274390a8094dd3507154a7c0282be71,2019-01-23 07:30:00,20,NO CONTROLS,NO CONTROLS,SNOW,DAYLIGHT,ANGLE,ONE-WAY,STRAIGHT AND LEVEL,SNOW OR SLUSH,UNKNOWN,NO INJURY / DRIVE AWAY,"OVER $1,500",WEATHER,WEATHER,6114,N,SACRAMENTO AVE,2,NO INDICATION OF INJURY,0.0,0.0,0.0,0.0,0.0,2.0,0.0,7,4,1
3a4607b8bc454083662c53158f1508d68255cd9a67ae418a1aec045fe543c99cc2e2d1127a9bcd3930586d19d2acdb3f00e854e0c28bbb4abbaecb5effd963d7,2017-09-19 10:20:00,20,NO CONTROLS,NOT FUNCTIONING,RAIN,DAYLIGHT,ANGLE,NOT DIVIDED,STRAIGHT AND LEVEL,WET,NO DEFECTS,INJURY AND / OR TOW DUE TO CRASH,"OVER $1,500",FAILING TO REDUCE SPEED TO AVOID CRASH,UNABLE TO DETERMINE,4245,W,83RD ST,2,INCAPACITATING INJURY,1.0,0.0,1.0,0.0,0.0,1.0,0.0,10,3,9
e8c880c8b9ec01f5e73cfb4ec7271699968cb51996487c11f32dfca469aa5a966351f0d7bc3fda15dcecae85d4e1762d06879070d3163d9c362ccc86abc50211,2020-11-04 06:55:00,30,NO CONTROLS,NO CONTROLS,CLEAR,DAYLIGHT,TURNING,DIVIDED - W/MEDIAN (NOT RAISED),STRAIGHT AND LEVEL,DRY,NO DEFECTS,INJURY AND / OR TOW DUE TO CRASH,"OVER $1,500",IMPROPER TURNING/NO SIGNAL,NOT APPLICABLE,5010,N,CENTRAL AVE,2,NO INDICATION OF INJURY,0.0,0.0,0.0,0.0,0.0,4.0,0.0,6,4,11
3b754d7bbf5d700d10755def42e6b98f7080aa10f5692bd55056c42b02a7e6323988035b1c543349a3d37d4298cf99e26f4564f1665e17f6bcd6829b2e16cb56,2019-10-29 07:43:00,30,UNKNOWN,UNKNOWN,RAIN,DAYLIGHT,SIDESWIPE OPPOSITE DIRECTION,NOT DIVIDED,"CURVE, LEVEL",WET,UNKNOWN,INJURY AND / OR TOW DUE TO CRASH,"OVER $1,500",FAILING TO REDUCE SPEED TO AVOID CRASH,WEATHER,6900,S,SOUTH SHORE DR,3,NONINCAPACITATING INJURY,2.0,0.0,0.0,2.0,0.0,2.0,0.0,7,3,10
63ffd35f2d9b1534dab2ec2b28a1eed6ccf5d31762b44e770c678a431da52623dd0a7fef8946da46bc9a0ab56ffde064f5ae7bd1848b92234202bd186a150100,2021-11-04 08:30:00,30,NO CONTROLS,NO CONTROLS,CLEAR,DAYLIGHT,REAR END,DIVIDED - W/MEDIAN BARRIER,STRAIGHT AND LEVEL,DRY,NO DEFECTS,INJURY AND / OR TOW DUE TO CRASH,"OVER $1,500",FOLLOWING TOO CLOSELY,UNABLE TO DETERMINE,3901,S,PULASKI RD,3,"REPORTED, NOT EVIDENT",2.0,0.0,0.0,0.0,2.0,2.0,0.0,8,5,11
5ce506e1fb59199ec316a1c59dceeef5d9911d7efaa02168947a8e8aafa6b152d0595aa1d72790a82925e8d868c8de98e5f31e4e5a834e4d955d2444514610a2,2020-06-06 20:48:00,30,TRAFFIC SIGNAL,FUNCTIONING PROPERLY,CLEAR,"DARKNESS, LIGHTED ROAD",REAR END,DIVIDED - W/MEDIAN (NOT RAISED),STRAIGHT AND LEVEL,DRY,NO DEFECTS,NO INJURY / DRIVE AWAY,"$501 - $1,500",FOLLOWING TOO CLOSELY,UNABLE TO DETERMINE,3159,N,CLARK ST,3,NO INDICATION OF INJURY,0.0,0.0,0.0,0.0,0.0,3.0,0.0,20,7,6
1db1adb13146a7eafdfa7fdd46a4d815d37b8a8c922a570f12c6c30938e320f2106483fabbd422766a6ccb3fcced173286132ab41cfd803491326c1b032d3e0f,2021-11-18 09:25:00,30,NO CONTROLS,NO CONTROLS,CLEAR,DAYLIGHT,SIDESWIPE SAME DIRECTION,NOT DIVIDED,STRAIGHT AND LEVEL,DRY,NO DEFECTS,NO INJURY / DRIVE AWAY,"$501 - $1,500",IMPROPER OVERTAKING/PASSING,NOT APPLICABLE,350,W,HUBBARD ST,2,NO INDICATION OF INJURY,0.0,0.0,0.0,0.0,0.0,2.0,0.0,9,5,11
74cd6979b98ffa31dd7d998b3ea8da6c4d1259b2f9ffeca35ced326b0f4fedf945f4fc49e57fbf988257d22a3fe574031844481edbc839f46d5ee12e36c0ad43,2022-03-11 16:30:00,25,NO CONTROLS,NO CONTROLS,CLEAR,DAYLIGHT,SIDESWIPE SAME DIRECTION,ONE-WAY,STRAIGHT AND LEVEL,DRY,NO DEFECTS,NO INJURY / DRIVE AWAY,"OVER $1,500",FAILING TO YIELD RIGHT-OF-WAY,IMPROPER LANE USAGE,6404,N,BELL AVE,2,NO INDICATION OF INJURY,0.0,0.0,0.0,0.0,0.0,2.0,0.0,16,6,3
bef576c17240cadd1ee45622c1b93556aaaf761bbe60aeceaf2f7bff3f118569fe7eb71fd593a8c54f48f6209390bbf45726145343266171d1bf60a17e2f271c,2019-09-08 13:18:00,20,NO CONTROLS,NO CONTROLS,RAIN,DAYLIGHT,SIDESWIPE SAME DIRECTION,DIVIDED - W/MEDIAN (NOT RAISED),STRAIGHT AND LEVEL,WET,NO DEFECTS,NO INJURY / DRIVE AWAY,"$501 - $1,500","OPERATING VEHICLE IN ERRATIC, RECKLESS, CARELESS, NEGLIGENT OR AGGRESSIVE MANNER","OPERATING VEHICLE IN ERRATIC, RECKLESS, CARELESS, NEGLIGENT OR AGGRESSIVE MANNER",6510,N,GLENWOOD AVE,2,NO INDICATION OF INJURY,0.0,0.0,0.0,0.0,0.0,2.0,0.0,13,1,9
cee1ecc13395e4d0c29595d39f2f2e8d192d4ae29eb7210c2bcf9b91532e5b0167485dd60d0e48c420dbbdb02c9c92a6cad71da43fae26e834330dc75bc43542,2018-11-19 21:00:00,20,STOP SIGN/FLASHER,FUNCTIONING PROPERLY,SNOW,"DARKNESS, LIGHTED ROAD",ANGLE,NOT DIVIDED,STRAIGHT AND LEVEL,WET,NO DEFECTS,INJURY AND / OR TOW DUE TO CRASH,"OVER $1,500",UNABLE TO DETERMINE,UNABLE TO DETERMINE,7114,S,VINCENNES AVE,2,INCAPACITATING INJURY,3.0,0.0,2.0,1.0,0.0,1.0,0.0,21,2,11
2d75aa3eab9cccd7776b4008c51f57d252d1757a65be6499b646055842f061ed895d810c355d592397d338beb8f824bffea3ea082d9c4f2b50ffa8f75cc3fde2,2017-08-12 14:30:00,30,NO CONTROLS,NO CONTROLS,CLEAR,DAYLIGHT,PARKED MOTOR VEHICLE,ONE-WAY,STRAIGHT AND LEVEL,DRY,UNKNOWN,NO INJURY / DRIVE AWAY,"OVER $1,500",UNABLE TO DETERMINE,"OPERATING VEHICLE IN ERRATIC, RECKLESS, CARELESS, NEGLIGENT OR AGGRESSIVE MANNER",2616,S,SPAULDING AVE,2,NO INDICATION OF INJURY,0.0,0.0,0.0,0.0,0.0,1.0,0.0,14,7,8