CRASH_RECORD_ID,CRASH_DATE,POSTED_SPEED_LIMIT,TRAFFIC_CONTROL_DEVICE,DEVICE_CONDITION,WEATHER_CONDITION,LIGHTING_CONDITION,FIRST_CRASH_TYPE,TRAFFICWAY_TYPE,ALIGNMENT,ROADWAY_SURFACE_COND,ROAD_DEFECT,CRASH_TYPE,DAMAGE,PRIM_CONTRIBUTORY_CAUSE,SEC_CONTRIBUTORY_CAUSE,STREET_NO,STREET_DIRECTION,STREET_NAME,NUM_UNITS,MOST_SEVERE_INJURY,INJURIES_TOTAL,INJURIES_FATAL,INJURIES_INCAPACITATING,INJURIES_NON_INCAPACITATING,INJURIES_REPORTED_NOT_EVIDENT,INJURIES_NO_INDICATION,INJURIES_UNKNOWN,CRASH_HOUR,CRASH_DAY_OF_WEEK,CRASH_MONTH
8a9a3271341c475da0b3f4916bec6e4c9ed4d49acf015bc813fb9effe0fb5dd91c6ee2b6520f284caa897febd850464a64b23d5a534a9022894f27187c41d4de,2023-10-21 13:17:00,30,UNKNOWN,OTHER,UNKNOWN,UNKNOWN,SIDESWIPE SAME DIRECTION,DIVIDED - W/MEDIAN (NOT RAISED),STRAIGHT AND LEVEL,UNKNOWN,UNKNOWN,NO INJURY / DRIVE AWAY,"OVER $1,500",UNABLE TO DETERMINE,UNABLE TO DETERMINE,828,N,MICHIGAN AVE,2,NO INDICATION OF INJURY,0.0,0.0,0.0,0.0,0.0,2.0,0.0,13,7,10
2747d203e7f024f1d88e580a56154d74c347f34aabe2623e9714d6cbeae91ac2b501b37f4f167037d94de090759ccd01f652edb7e4f92893ee4b92efd2e5e94c,2017-10-08 16:41:00,25,NO CONTROLS,NO CONTROLS,CLEAR,DAYLIGHT,SIDESWIPE SAME DIRECTION,DIVIDED - W/MEDIAN (NOT RAISED),STRAIGHT AND LEVEL,DRY,NO DEFECTS,NO INJURY / DRIVE AWAY,"$501 - $1,500",UNABLE TO DETERMINE,UNABLE TO DETERMINE,6401,W,ARCHER AVE,2,NO INDICATION OF INJURY,0.0,0.0,0.0,0.0,0.0,2.0,0.0,16,1,10
b06dc2edf6575783011d3fdd111c0d00b9f8eee5c02a4225a547f47cb0f6ca3b0e4cd44155bb4469b3aeab84eff4ffe274377b4b4df46fafbf5637dd8e32fcf3,2022-05-29 05:10:00,35,NO CONTROLS,NO CONTROLS,CLEAR,DUSK,PARKED MOTOR VEHICLE,ONE-WAY,STRAIGHT AND LEVEL,OTHER,"RUT, HOLES",NO INJURY / DRIVE AWAY,"OVER $1,500",ROAD CONSTRUCTION/MAINTENANCE,ROAD CONSTRUCTION/MAINTENANCE,648,E,90TH PL,2,NO INDICATION OF INJURY,0.0,0.0,0.0,0.0,0.0,1.0,0.0,5,1,5
60d38e706c8ba02ff0dc14ee6c7b599a4695539be3f93ab43e28cd41d003c20089e4f776ec616b131183880acfdef66889917e99eb24e09fa4a17cf937006551,2018-09-12 16:11:00,30,STOP SIGN/FLASHER,FUNCTIONING PROPERLY,CLEAR,DAYLIGHT,TURNING,DIVIDED - W/MEDIAN (NOT RAISED),STRAIGHT AND LEVEL,DRY,NO DEFECTS,NO INJURY / DRIVE AWAY,"$501 - $1,500",FAILING TO YIELD RIGHT-OF-WAY,NOT APPLICABLE,599,N,GREEN ST,2,NO INDICATION OF INJURY,0.0,0.0,0.0,0.0,0.0,2.0,0.0,16,4,9
33cda0de4016d656de91f845fd3e9574ef464efc2ec9da467e859ebb6fd95eb1459d03577e542bd1b58f7bea9b50832cdf32e2ab43583d87c63a436127563aed,2018-04-07 00:30:00,30,TRAFFIC SIGNAL,FUNCTIONING PROPERLY,CLEAR,"DARKNESS, LIGHTED ROAD",REAR END,NOT DIVIDED,STRAIGHT AND LEVEL,DRY,NO DEFECTS,NO INJURY / DRIVE AWAY,"OVER $1,500",FOLLOWING TOO CLOSELY,UNABLE TO DETERMINE,303,S,PULASKI RD,2,NO INDICATION OF INJURY,0.0,0.0,0.0,0.0,0.0,3.0,0.0,0,7,4
1bb972985461cf295f6d895a824b4fa662e5088f410f09f31398e15034928120e672f5277854012ef765cf4a83e49f61d919a840c900936c01eb22c381c0fd44,2018-06-08 06:55:00,35,TRAFFIC SIGNAL,FUNCTIONING PROPERLY,CLEAR,DAYLIGHT,TURNING,NOT DIVIDED,STRAIGHT AND LEVEL,DRY,NO DEFECTS,INJURY AND / OR TOW DUE TO CRASH,"OVER $1,500",IMPROPER TURNING/NO SIGNAL,UNABLE TO DETERMINE,7701,S,KEDZIE AVE,2,NO INDICATION OF INJURY,0.0,0.0,0.0,0.0,0.0,2.0,0.0,6,6,6
13bea6afa6f28d842b44b1775140cffc97876064f19fd07b69578bb50b67f392aceb250a5eb2da05409b03200b65ef6fbadb701b6ba6363801ce86f2e10cc1a0,2020-11-24 12:18:00,30,TRAFFIC SIGNAL,NO CONTROLS,RAIN,DAYLIGHT,SIDESWIPE SAME DIRECTION,NOT DIVIDED,STRAIGHT AND LEVEL,WET,NO DEFECTS,NO INJURY / DRIVE AWAY,"OVER $1,500",IMPROPER LANE USAGE,FAILING TO YIELD RIGHT-OF-WAY,1955,E,79TH ST,2,NO INDICATION OF INJURY,0.0,0.0,0.0,0.0,0.0,3.0,0.0,12,3,11
ecea319b361cac1a5e155ab0deea96c8ecc5d495cf9eb974378a399826792079f4dafabd2e189be3b6d2de0b5c3e2413ab14fca31a7a810312f97e4efabbdfc7,2016-10-10 14:40:00,30,NO CONTROLS,NO CONTROLS,CLEAR,DAYLIGHT,PARKED MOTOR VEHICLE,PARKING LOT,STRAIGHT AND LEVEL,DRY,NO DEFECTS,NO INJURY / DRIVE AWAY,$500 OR LESS,IMPROPER BACKING,NOT APPLICABLE,5403,W,BELMONT AVE,2,NO INDICATION OF INJURY,0.0,0.0,0.0,0.0,0.0,1.0,0.0,14,2,10
1dcec6d561113a9c2c803a1e6d4521d575981760cbb1dbc3483196e89f637a62ca31a08ef6dbe215c3d8f73073a74bf305fe9f77fd7f6d394dc2404f24fc9b5d,2018-05-27 18:07:00,30,NO CONTROLS,NO CONTROLS,CLEAR,DAYLIGHT,REAR END,NOT DIVIDED,STRAIGHT AND LEVEL,DRY,NO DEFECTS,NO INJURY / DRIVE AWAY,"$501 - $1,500",FOLLOWING TOO CLOSELY,FOLLOWING TOO CLOSELY,1525,S,CALIFORNIA BLVD,2,NO INDICATION OF INJURY,0.0,0.0,0.0,0.0,0.0,2.0,0.0,18,1,5
a2c87c950bb30c1329ea700143a6d0ec45d88c580843a559459c90a424c8942f9f73d5ee30c7c03e6d181e238cfcb9b5f8e6e0d4ba5733953a2ceff59f5ce102,2023-10-14 01:50:00,30,TRAFFIC SIGNAL,FUNCTIONING PROPERLY,RAIN,"DARKNESS, LIGHTED ROAD",PEDESTRIAN,FOUR WAY,STRAIGHT AND LEVEL,WET,NO DEFECTS,INJURY AND / OR TOW DUE TO CRASH,"OVER $1,500",UNABLE TO DETERMINE,UNABLE TO DETERMINE,9901,S,HALSTED ST,2,INCAPACITATING INJURY,1.0,0.0,1.0,0.0,0.0,1.0,0.0,1,7,10
633cabf03fdbc08c4e4e4ffcd9a4cf0023f8a0a7fd08c93d904a7d82b9475a8b91db51ba87a763a2d5d2c8c177a14bb367f71947fe111711b515c7026a99df5f,2019-02-02 07:04:00,30,NO CONTROLS,NO CONTROLS,CLEAR,DAYLIGHT,PARKED MOTOR VEHICLE,NOT DIVIDED,STRAIGHT AND LEVEL,DRY,NO DEFECTS,INJURY AND / OR TOW DUE TO CRASH,"OVER $1,500",UNABLE TO DETERMINE,UNABLE TO DETERMINE,1040,W,104TH PL,2,"REPORTED, NOT EVIDENT",1.0,0.0,0.0,0.0,1.0,0.0,0.0,7,7,2
3fc7746de68f97c56ed8a7c1944108662dfbd907fb4781f80abab0fa36736f14489fbaa0abf0e6a6ab14675dbf7811321eccdfd70a973e21ac21164d70298333,2020-12-09 09:20:00,30,TRAFFIC SIGNAL,FUNCTIONING PROPERLY,CLEAR,DAYLIGHT,TURNING,T-INTERSECTION,STRAIGHT AND LEVEL,DRY,NO DEFECTS,NO INJURY / DRIVE AWAY,"$501 - $1,500",IMPROPER LANE USAGE,NOT APPLICABLE,2399,N,LAKE SHORE DR SB,2,NO INDICATION OF INJURY,0.0,0.0,0.0,0.0,0.0,3.0,0.0,9,4,12
795e94f3726b616b5ea6cc13c43cfe8fbb5ef0ade2486c783dddb241f8004114d6c5c5a9b824e49d5c661f8439d0ee281aa1c95244aee65359b23235a3bc24d2,2018-02-08 23:05:00,30,NO CONTROLS,NO CONTROLS,SNOW,"DARKNESS, LIGHTED ROAD",FIXED OBJECT,DIVIDED - W/MEDIAN (NOT RAISED),STRAIGHT AND LEVEL,SNOW OR SLUSH,NO DEFECTS,INJURY AND / OR TOW DUE TO CRASH,"OVER $1,500",EXCEEDING SAFE SPEED FOR CONDITIONS,WEATHER,2600,W,COLUMBUS AVE,1,NO INDICATION OF INJURY,0.0,0.0,0.0,0.0,0.0,1.0,0.0,23,5,2
fe8f27c74b2c4edd0742c80a7172847e7d00a2733f7ff603c3ab62e25e7d53673cec0a015e41aa5cbd4bf2c90ac72db3efc4c18064fa2e4bd22475bf0fcbade9,2020-10-16 21:21:00,30,TRAFFIC SIGNAL,FUNCTIONING PROPERLY,CLEAR,DARKNESS,REAR END,DIVIDED - W/MEDIAN (NOT RAISED),STRAIGHT AND LEVEL,DRY,NO DEFECTS,NO INJURY / DRIVE AWAY,"OVER $1,500",UNABLE TO DETERMINE,UNABLE TO DETERMINE,2000,W,IRVING PARK RD,2,NO INDICATION OF INJURY,0.0,0.0,0.0,0.0,0.0,2.0,0.0,21,6,10
362acdcd4e5f8bfdb59482bf3ccfc3319f3bd6ff13f61e37398c52eafb156d2ecf381871982f7a46878f8fd6b2452674018b430753150bcb950f158dc5bffc31,2021-02-04 11:30:00,25,NO CONTROLS,NO CONTROLS,UNKNOWN,DAYLIGHT,PARKED MOTOR VEHICLE,ONE-WAY,STRAIGHT AND LEVEL,UNKNOWN,UNKNOWN,NO INJURY / DRIVE AWAY,"OVER $1,500",UNABLE TO DETERMINE,UNABLE TO DETERMINE,8650,W,SUMMERDALE AVE,2,NO INDICATION OF INJURY,0.0,0.0,0.0,0.0,0.0,1.0,0.0,11,5,2
11f8bcd41b12c8472518fc8ae8a55ad8f6af7d6cebe69b1af8ef1892d0088c311239952ae05a6eea6d2a209d2af8cf700af35b450e2b126909cc3d03a3df9631,2021-05-01 22:00:00,30,TRAFFIC SIGNAL,FUNCTIONING PROPERLY,CLEAR,"DARKNESS, LIGHTED ROAD",ANGLE,NOT DIVIDED,STRAIGHT AND LEVEL,DRY,NO DEFECTS,NO INJURY / DRIVE AWAY,"OVER $1,500",FAILING TO REDUCE SPEED TO AVOID CRASH,NOT APPLICABLE,6900,S,WESTERN AVE,2,NO INDICATION OF INJURY,0.0,0.0,0.0,0.0,0.0,2.0,0.0,22,7,5
e898dc4e4578e045e6c00c932d9926f6a5dbcbcc05ac020a6bb4844a69b6102d461803c5246d3fc4ab1014ce890dec014cf108e06b91fba73c3f7a59b595fbbc,2020-11-19 18:15:00,30,NO CONTROLS,NO CONTROLS,CLEAR,"DARKNESS, LIGHTED ROAD",REAR END,NOT DIVIDED,STRAIGHT AND LEVEL,DRY,NO DEFECTS,INJURY AND / OR TOW DUE TO CRASH,"OVER $1,500",CELL PHONE USE OTHER THAN TEXTING,NOT APPLICABLE,8700,S,SAGINAW AVE,2,NONINCAPACITATING INJURY,2.0,0.0,0.0,2.0,0.0,2.0,0.0,18,5,11
af50c78f26bfd51fa25ef8c1a835cccbe580a1cc7537742139d3b982c01e1ee00465d159d17e54f1ddb9a858748ead608484986929f051e69446542bf4cf826c,2020-01-13 08:54:00,30,TRAFFIC SIGNAL,FUNCTIONING PROPERLY,CLEAR,DAYLIGHT,REAR END,FOUR WAY,STRAIGHT AND LEVEL,WET,NO DEFECTS,INJURY AND / OR TOW DUE TO CRASH,"OVER $1,500",FAILING TO REDUCE SPEED TO AVOID CRASH,FOLLOWING TOO CLOSELY,1,E,95TH ST,2,NO INDICATION OF INJURY,0.0,0.0,0.0,0.0,0.0,6.0,0.0,8,2,1
40dba81a7c722c99ee6df6d6b4b1c9d15118aa3607a9f65e4b3ca34c622be83cbc15b9cd4d68e440b8ee5b818985254e03652fb69c11f175d812f5ce8c194ecc,2022-10-17 13:30:00,30,NO CONTROLS,NO CONTROLS,CLEAR,DAYLIGHT,SIDESWIPE SAME DIRECTION,ONE-WAY,STRAIGHT AND LEVEL,DRY,NO DEFECTS,NO INJURY / DRIVE AWAY,$500 OR LESS,UNABLE TO DETERMINE,NOT APPLICABLE,599,W,MADISON ST,2,NO INDICATION OF INJURY,0.0,0.0,0.0,0.0,0.0,2.0,0.0,13,2,10
e9ac09cc13cd4c0487e6defc695bd864a42fe5ff236d073adffa8e2b33a532dabc3bef012e62cd7e8fd804c2a8ce72cf4dfd719c4ee9afc5102ec37185212e79,2023-09-06 17:30:00,20,STOP SIGN/FLASHER,FUNCTIONING PROPERLY,CLOUDY/OVERCAST,DUSK,HEAD ON,ONE-WAY,STRAIGHT AND LEVEL,DRY,NO DEFECTS,NO INJURY / DRIVE AWAY,"OVER $1,500",UNABLE TO DETERMINE,NOT APPLICABLE,168,W,MENOMONEE ST,2,NO INDICATION OF INJURY,0.0,0.0,0.0,0.0,0.0,2.0,0.0,17,4,9
e25cab51f6b99a99ec4bce9a4a27cc9d555d1fa88525cf616982e3b4a42fa81cbb619ea6b969852b40eadcc0ef8e80d2a145daf8b6bd0e2a22d2441f841408a6,2024-03-09 12:59:00,30,NO CONTROLS,NO CONTROLS,CLEAR,DAYLIGHT,PARKED MOTOR VEHICLE,NOT DIVIDED,STRAIGHT AND LEVEL,DRY,NO DEFECTS,NO INJURY / DRIVE AWAY,"$501 - $1,500",IMPROPER BACKING,UNABLE TO DETERMINE,1002,W,BUENA AVE,2,NO INDICATION OF INJURY,0.0,0.0,0.0,0.0,0.0,1.0,0.0,12,7,3
400b6aa62e0aba9ba8a4823599ed63697be449a992a2f6fccbe1f528ec0397d91005b76efbf03557e99adb1a3e14fe37832c3754926e61e203329873200ce9d4,2018-02-05 16:47:00,30,STOP SIGN/FLASHER,FUNCTIONING PROPERLY,SNOW,"DARKNESS, LIGHTED ROAD",REAR END,DIVIDED - W/MEDIAN (NOT RAISED),STRAIGHT AND LEVEL,SNOW OR SLUSH,NO DEFECTS,NO INJURY / DRIVE AWAY,"OVER $1,500",FOLLOWING TOO CLOSELY,FOLLOWING TOO CLOSELY,7600,S,PULASKI RD,2,NO INDICATION OF INJURY,0.0,0.0,0.0,0.0,0.0,2.0,0.0,16,2,2
5690520ae21e3f07424675ff5359506bc30920680b25a118f4cd7da1f4603db50d7fdc5652d03231f1103732bd97b70bae7e4a9f6591175ea3c08708efaffbb5,2019-08-08 11:37:00,30,TRAFFIC SIGNAL,FUNCTIONING IMPROPERLY,CLEAR,DAYLIGHT,REAR END,NOT DIVIDED,STRAIGHT AND LEVEL,DRY,NO DEFECTS,NO INJURY / DRIVE AWAY,"$501 - $1,500",EQUIPMENT - VEHICLE CONDITION,EQUIPMENT - VEHICLE CONDITION,798,N,OGDEN AVE,2,NO INDICATION OF INJURY,0.0,0.0,0.0,0.0,0.0,3.0,0.0,11,5,8
a7228b3a24d7671d20839df83ed9c685ae83d3953ca7b42a5e6f44a02ae0f64131134794cb8b946004884483bfc154add5eda644ace6effc3008da7ce42fe86f,2023-09-06 14:54:00,30,NO CONTROLS,NO CONTROLS,CLEAR,DAYLIGHT,OTHER OBJECT,NOT DIVIDED,STRAIGHT AND LEVEL,DRY,UNKNOWN,NO INJURY / DRIVE AWAY,$500 OR LESS,EQUIPMENT - VEHICLE CONDITION,UNABLE TO DETERMINE,6229,W,GUNNISON ST,2,NO INDICATION OF INJURY,0.0,0.0,0.0,0.0,0.0,4.0,0.0,14,4,9
a87aca2f972ca412c7bb8f174267c0bf6a48ffb6032e8607e22e5e161698ee1a25f320566cbc997feb903427345d34ea76e05d1f4c489010376c44e5bcf94d48,2023-11-08 17:45:00,35,STOP SIGN/FLASHER,FUNCTIONING PROPERLY,CLEAR,DUSK,ANGLE,FOUR WAY,STRAIGHT AND LEVEL,WET,UNKNOWN,INJURY AND / OR TOW DUE TO CRASH,"OVER $1,500",FAILING TO YIELD RIGHT-OF-WAY,NOT APPLICABLE,815,W,107TH ST,2,NO INDICATION OF INJURY,0.0,0.0,0.0,0.0,0.0,2.0,0.0,17,4,11
7a86f16177544dd5144d1ce9bedded0dba6052e5ddd8bb98dd06d5ec28f11070000ad6419116c910b38d3d2a8ccec924867c3675cdfaed76034da2c017e73153,2021-03-10 15:30:00,30,TRAFFIC SIGNAL,FUNCTIONING PROPERLY,CLEAR,DAYLIGHT,REAR END,NOT DIVIDED,STRAIGHT AND LEVEL,UNKNOWN,UNKNOWN,NO INJURY / DRIVE AWAY,"$501 - $1,500",FOLLOWING TOO CLOSELY,FOLLOWING TOO CLOSELY,4300,W,26TH ST,2,NO INDICATION OF INJURY,0.0,0.0,0.0,0.0,0.0,3.0,0.0,15,4,3
65cb0b1f4778404e9d6302cdd6a93cf8fbd8093f683f341d03ed1af8f784f19729a406300d99201a06a9c4ccdbd20e91aabbdd3fb8a21c188fcf953383ca6106,2020-09-07 01:25:00,30,TRAFFIC SIGNAL,NO CONTROLS,CLEAR,"DARKNESS, LIGHTED ROAD",REAR END,DIVIDED - W/MEDIAN (NOT RAISED),STRAIGHT AND LEVEL,DRY,NO DEFECTS,NO INJURY / DRIVE AWAY,"$501 - $1,500",FOLLOWING TOO CLOSELY,NOT APPLICABLE,5105,W,51ST ST,2,NO INDICATION OF INJURY,0.0,0.0,0.0,0.0,0.0,2.0,0.0,1,2,9
6dc1b86c2fe724e4c75794d17fd44cd1d855ee4167f90069a4e191126846c076814edbd56234b8427582d290a671e82e1996c7face5de9f7bb6eaeaab7ae73e4,2021-09-28 21:30:00,15,NO CONTROLS,NO CONTROLS,CLEAR,"DARKNESS, LIGHTED ROAD",SIDESWIPE OPPOSITE DIRECTION,UNKNOWN,STRAIGHT AND LEVEL,DRY,NO DEFECTS,INJURY AND / OR TOW DUE TO CRASH,"OVER $1,500",UNABLE TO DETERMINE,NOT APPLICABLE,4402,W,ROOSEVELT RD,2,NO INDICATION OF INJURY,0.0,0.0,0.0,0.0,0.0,3.0,0.0,21,3,9
969283f21ac1b3e0ceb9c07f1888f1d14e223f316bcfc0df20a2950da942ff0c99f0e95bb8e1e7f48ece310066c1bd38fc8317e77a8e3fbf18431892c41cd98d,2020-02-28 03:39:00,30,TRAFFIC SIGNAL,FUNCTIONING PROPERLY,CLEAR,"DARKNESS, LIGHTED ROAD",PARKED MOTOR VEHICLE,DIVIDED - W/MEDIAN (NOT RAISED),STRAIGHT AND LEVEL,DRY,NO DEFECTS,INJURY AND / OR TOW DUE TO CRASH,"OVER $1,500",UNABLE TO DETERMINE,NOT APPLICABLE,4738,W,WASHINGTON BLVD,4,NO INDICATION OF INJURY,0.0,0.0,0.0,0.0,0.0,1.0,0.0,3,6,2
fc690b9580fd40194fceb75428b01cfa4a53edbede9fa2de7e98ad18180d2d1a21d1bcf3706ee9f0d6a0c772da1db19adc8e93bda5be30400a7ba3c48d56dddb,2020-08-21 18:30:00,30,NO CONTROLS,NO CONTROLS,CLEAR,DAYLIGHT,TURNING,NOT DIVIDED,STRAIGHT AND LEVEL,DRY,NO DEFECTS,NO INJURY / DRIVE AWAY,"OVER $1,500",IMPROPER TURNING/NO SIGNAL,UNABLE TO DETERMINE,2400,S,DEARBORN ST,2,NO INDICATION OF INJURY,0.0,0.0,0.0,0.0,0.0,3.0,0.0,18,6,8
3ade347c27f2e28e2a785d8ec0368b14ed691665645c6d7e9f059c36ec94f5672fd963f30a9b54eed6efb66f404b42a159d7e23096dc36b7454facd12655ce8d,2022-12-11 09:00:00,30,STOP SIGN/FLASHER,FUNCTIONING PROPERLY,UNKNOWN,DAYLIGHT,REAR END,FOUR WAY,STRAIGHT AND LEVEL,UNKNOWN,NO DEFECTS,NO INJURY / DRIVE AWAY,"OVER $1,500",FOLLOWING TOO CLOSELY,DRIVING SKILLS/KNOWLEDGE/EXPERIENCE,1501,N,CENTRAL AVE,2,NO INDICATION OF INJURY,0.0,0.0,0.0,0.0,0.0,2.0,0.0,9,1,12
89c555dad20e8c4f833d3aa7615173fd86049f056737833308dcd49c3faafdf01b5bc86afa5183e938910e16cc8f1e17a884de77304fcebc4af4f6d7ad836d81,2021-04-17 10:35:00,30,NO CONTROLS,NO CONTROLS,CLEAR,DAYLIGHT,TURNING,DIVIDED - W/MEDIAN (NOT RAISED),STRAIGHT AND LEVEL,DRY,NO DEFECTS,NO INJURY / DRIVE AWAY,"OVER $1,500",UNABLE TO DETERMINE,UNABLE TO DETERMINE,3879,N,ELSTON AVE,2,NO INDICATION OF INJURY,0.0,0.0,0.0,0.0,0.0,3.0,0.0,10,7,4
7c4da5e9362837c5f9dc94e9d9d7c765db08ebc3e48deb84a8369c0ff5170598f9e522a988096060a6e12c0051ccceddd5b9508ab825ca8ca8adde7cc6468fa7,2021-09-19 16:30:00,30,NO CONTROLS,NO CONTROLS,CLEAR,DAYLIGHT,REAR END,DIVIDED - W/MEDIAN (NOT RAISED),STRAIGHT AND LEVEL,DRY,UNKNOWN,NO INJURY / DRIVE AWAY,"$501 - $1,500",UNABLE TO DETERMINE,UNABLE TO DETERMINE,2801,W,DEVON AVE,3,NO INDICATION OF INJURY,0.0,0.0,0.0,0.0,0.0,2.0,0.0,16,1,9
037bb63ba63715865f115b915a55844546480ed7e2ab9af48efe21d2f6e4166dafae857e4522796504785d41d2e32f3e709fa54a871f2d13be57f45499cee284,2021-05-26 06:57:00,30,NO CONTROLS,NO CONTROLS,RAIN,DAWN,FIXED OBJECT,DIVIDED - W/MEDIAN (NOT RAISED),STRAIGHT AND LEVEL,WET,NO DEFECTS,INJURY AND / OR TOW DUE TO CRASH,"OVER $1,500",UNABLE TO DETERMINE,UNABLE TO DETERMINE,6122,S,STATE ST,2,NO INDICATION OF INJURY,0.0,0.0,0.0,0.0,0.0,1.0,0.0,6,4,5
c7da7a2778969bfebbfa528ce03c975c21412b82fd7b61e8666fd85f6d6f402cb465831ee8e19b57a7eb2fd43c030e1fc20d61d4b0ac5a2df4813aaf1a5815f4,2020-06-16 12:30:00,20,NO CONTROLS,NO CONTROLS,CLEAR,DAYLIGHT,REAR END,DIVIDED - W/MEDIAN (NOT RAISED),STRAIGHT AND LEVEL,DRY,NO DEFECTS,NO INJURY / DRIVE AWAY,"OVER $1,500",FOLLOWING TOO CLOSELY,FAILING TO YIELD RIGHT-OF-WAY,7201,N,CLARK ST,2,NO INDICATION OF INJURY,0.0,0.0,0.0,0.0,0.0,2.0,0.0,12,3,6
c5b9f4466cdb618abb0875f41ca3b70ef975cd42edf5183c76f82693461b8fd20569e0e4edc22e42ec27c9d6b95b1822933af31d23c9674975f1b49d913e6a12,2023-03-27 15:55:00,30,TRAFFIC SIGNAL,FUNCTIONING PROPERLY,CLEAR,DAYLIGHT,REAR END,FOUR WAY,STRAIGHT AND LEVEL,DRY,NO DEFECTS,NO INJURY / DRIVE AWAY,$500 OR LESS,UNABLE TO DETERMINE,UNABLE TO DETERMINE,5400,W,FULLERTON AVE,2,NO INDICATION OF INJURY,0.0,0.0,0.0,0.0,0.0,2.0,0.0,15,2,3
8a56e08ca0b9f8277ce13c0950aab7f211cf9fa28066b10116f1c51cec8965981960cbc0b8c99a210f3a1f83b78fd94f4d5b5d1484a9c8c80af90e9d8b4e53fb,2019-07-05 18:20:00,30,STOP SIGN/FLASHER,FUNCTIONING PROPERLY,CLEAR,DAYLIGHT,ANGLE,UNKNOWN INTERSECTION TYPE,STRAIGHT AND LEVEL,DRY,UNKNOWN,INJURY AND / OR TOW DUE TO CRASH,"OVER $1,500",DISREGARDING STOP SIGN,UNABLE TO DETERMINE,4500,S,TROY ST,2,NO INDICATION OF INJURY,0.0,0.0,0.0,0.0,0.0,2.0,0.0,18,6,7
513cb4180270ccd0fcb97b23ef140b954b48cfff467e54f14d1f34fc175bb2e35885194d39599748701be653a4624f8cecd2c77e25dd64a07f2f60935ff6038a,2019-05-11 12:00:00,30,NO CONTROLS,NO CONTROLS,CLEAR,DAYLIGHT,PARKED MOTOR VEHICLE,ONE-WAY,STRAIGHT AND LEVEL,DRY,NO DEFECTS,NO INJURY / DRIVE AWAY,"OVER $1,500",UNABLE TO DETERMINE,UNABLE TO DETERMINE,2700,S,SPAULDING AVE,2,NO INDICATION OF INJURY,0.0,0.0,0.0,0.0,0.0,1.0,0.0,12,7,5
57968775862f419dd9c9249d479d6c92c61016fb94be7c0bd1dd1729c361c5ec600f325f53347a6c739c532de9413524d46fc22a727201df3b0bf58f2493c89a,2021-06-16 16:06:00,30,NO CONTROLS,UNKNOWN,CLEAR,DAYLIGHT,SIDESWIPE SAME DIRECTION,DIVIDED - W/MEDIAN (NOT RAISED),STRAIGHT AND LEVEL,DRY,UNKNOWN,NO INJURY / DRIVE AWAY,"OVER $1,500",UNABLE TO DETERMINE,UNABLE TO DETERMINE,2332,E,71ST ST,2,NO INDICATION OF INJURY,0.0,0.0,0.0,0.0,0.0,3.0,0.0,16,4,6
3eebb990814cb10c898d26e3f35c342ee8bb95d68230dde1a4b222842afc13d9acc2f71eeace615ba4767e3b5dfce8092bcc0fc68b4d84c9d9234881bf6665a6,2020-04-19 03:00:00,30,NO CONTROLS,NO CONTROLS,UNKNOWN,DARKNESS,PARKED MOTOR VEHICLE,ONE-WAY,STRAIGHT AND LEVEL,UNKNOWN,NO DEFECTS,INJURY AND / OR TOW DUE TO CRASH,"OVER $1,500",NOT APPLICABLE,NOT APPLICABLE,4851,W,IOWA ST,2,NO INDICATION OF INJURY,0.0,0.0,0.0,0.0,0.0,1.0,0.0,3,1,4
54a3987dbf84e331df06f17c0c5608ffa205fcfab9bf88ab23b7c9832b4db813aa260e7efe2367636259bc19fdf8184f446c55cd4ae63c634d59ec376ed5d819,2022-06-11 21:25:00,30,NO CONTROLS,NO CONTROLS,CLEAR,"DARKNESS, LIGHTED ROAD",PARKED MOTOR VEHICLE,NOT DIVIDED,STRAIGHT AND LEVEL,DRY,NO DEFECTS,NO INJURY / DRIVE AWAY,"OVER $1,500",IMPROPER BACKING,UNABLE TO DETERMINE,300,S,COLUMBUS DR,2,NO INDICATION OF INJURY,0.0,0.0,0.0,0.0,0.0,1.0,0.0,21,7,6
431c668a250cd8f083f21f23b08609c439d6cae4f98ad4b5f52ec9470a4a4e0bd837d169363da8762a983f82c4bd4b39cea2b7dc8a43fa2b582a9fb08e2d5f1f,2018-10-26 16:30:00,30,NO CONTROLS,NO CONTROLS,CLEAR,DAYLIGHT,PARKED MOTOR VEHICLE,PARKING LOT,STRAIGHT AND LEVEL,DRY,NO DEFECTS,NO INJURY / DRIVE AWAY,"OVER $1,500",IMPROPER BACKING,IMPROPER BACKING,55,E,61ST ST,2,NO INDICATION OF INJURY,0.0,0.0,0.0,0.0,0.0,2.0,0.0,16,6,10
4af80da1c09a91f75f97ffbc881afe21935446acf381b30c6e3421eda9d247e5f7f91712cbc55f5eb61d6b77c3fabf30dbdd8cbe9134c9182b6750a98977ffe5,2018-03-16 15:50:00,30,TRAFFIC SIGNAL,FUNCTIONING PROPERLY,CLEAR,DAYLIGHT,REAR END,ONE-WAY,STRAIGHT AND LEVEL,DRY,NO DEFECTS,NO INJURY / DRIVE AWAY,"OVER $1,500",FOLLOWING TOO CLOSELY,NOT APPLICABLE,946,N,RUSH ST,2,NO INDICATION OF INJURY,0.0,0.0,0.0,0.0,0.0,2.0,0.0,15,6,3