CRASH_RECORD_ID,CRASH_DATE,POSTED_SPEED_LIMIT,TRAFFIC_CONTROL_DEVICE,DEVICE_CONDITION,WEATHER_CONDITION,LIGHTING_CONDITION,FIRST_CRASH_TYPE,TRAFFICWAY_TYPE,ALIGNMENT,ROADWAY_SURFACE_COND,ROAD_DEFECT,CRASH_TYPE,DAMAGE,PRIM_CONTRIBUTORY_CAUSE,SEC_CONTRIBUTORY_CAUSE,STREET_NO,STREET_DIRECTION,STREET_NAME,NUM_UNITS,MOST_SEVERE_INJURY,INJURIES_TOTAL,INJURIES_FATAL,INJURIES_INCAPACITATING,INJURIES_NON_INCAPACITATING,INJURIES_REPORTED_NOT_EVIDENT,INJURIES_NO_INDICATION,INJURIES_UNKNOWN,CRASH_HOUR,CRASH_DAY_OF_WEEK,CRASH_MONTH
4ba97cdcc18116b66032386bc3de8ac3d2892b19249c8e0e3cf9bf3603c5205f4d785cb11a71ad5e64ccb16bcc8a045b22eba983a1c6d47c1a3c5d06fcf4380f,2019-06-04 16:09:00,30,RAILROAD CROSSING GATE,FUNCTIONING PROPERLY,CLEAR,DAYLIGHT,REAR END,FOUR WAY,STRAIGHT AND LEVEL,DRY,NO DEFECTS,INJURY AND / OR TOW DUE TO CRASH,"OVER $1,500",FOLLOWING TOO CLOSELY,NOT APPLICABLE,7100,S,STONY ISLAND AVE,2,NO INDICATION OF INJURY,0.0,0.0,0.0,0.0,0.0,5.0,0.0,16,3,6
4e4b16cee7ee9f5c0707fa7034011e3c123ad1fbdb7b05fc4d526f61a4fa1ab122e2fa6f8163ecbed93581ac4778fd283c536360ab92a18dd93d0d8e8f82ba98,2021-09-17 19:50:00,30,NO CONTROLS,NO CONTROLS,CLEAR,DUSK,SIDESWIPE SAME DIRECTION,NOT DIVIDED,STRAIGHT AND LEVEL,DRY,NO DEFECTS,NO INJURY / DRIVE AWAY,"$501 - $1,500",NOT APPLICABLE,NOT APPLICABLE,2020,W,HARRISON ST,2,NO INDICATION OF INJURY,0.0,0.0,0.0,0.0,0.0,4.0,0.0,19,6,9
dbb0a4a2971e6540b394ac172bab29067da06459839a2a2e2856fc5d6645269a038a1e6d89ee28183537892342b93d91284ea476d3347290d552e01290039170,2017-10-21 10:50:00,35,NO CONTROLS,NO CONTROLS,CLEAR,DAYLIGHT,PARKED MOTOR VEHICLE,NOT DIVIDED,STRAIGHT AND LEVEL,DRY,NO DEFECTS,NO INJURY / DRIVE AWAY,"$501 - $1,500",IMPROPER OVERTAKING/PASSING,DRIVING SKILLS/KNOWLEDGE/EXPERIENCE,121,E,OAK ST,2,NO INDICATION OF INJURY,0.0,0.0,0.0,0.0,0.0,1.0,0.0,10,7,10
b2fed61326212de609d13bfbd55577c8d67612a4c420092362f513dcbc47bb56a04c5783c57792facb9d08d56c6a61f81bd1d060c9788d40fd16fdfec5f8ae73,2024-01-25 09:00:00,45,NO CONTROLS,NO CONTROLS,FOG/SMOKE/HAZE,DAYLIGHT,SIDESWIPE SAME DIRECTION,DIVIDED - W/MEDIAN (NOT RAISED),STRAIGHT AND LEVEL,DRY,NO DEFECTS,NO INJURY / DRIVE AWAY,"OVER $1,500",IMPROPER OVERTAKING/PASSING,IMPROPER LANE USAGE,301,S,LAKE SHORE DR NB,2,NO INDICATION OF INJURY,0.0,0.0,0.0,0.0,0.0,2.0,0.0,9,5,1
467f1f3b52bafa5fec5c14a5cffc765e8d4848aa77c163572f5a3a3fff4433e9bfa66a1eacab37d9c086176fc67246c68671913c16e7dec49f52f04231e5c86f,2022-04-06 19:26:00,30,TRAFFIC SIGNAL,UNKNOWN,CLEAR,DARKNESS,SIDESWIPE SAME DIRECTION,UNKNOWN INTERSECTION TYPE,STRAIGHT AND LEVEL,DRY,UNKNOWN,NO INJURY / DRIVE AWAY,$500 OR LESS,IMPROPER OVERTAKING/PASSING,IMPROPER LANE USAGE,376,E,OAKWOOD BLVD,2,NO INDICATION OF INJURY,0.0,0.0,0.0,0.0,0.0,2.0,0.0,19,4,4
520b2ea688169e310952e353dab7b8f89f3cb178be4d88493181fc2406d1fd676f4a0dcbeaedebab723b1cc56646452577c9eb0a57356c8564b762b947a2d708,2018-07-20 00:45:00,30,NO CONTROLS,NO CONTROLS,CLEAR,"DARKNESS, LIGHTED ROAD",PEDESTRIAN,ONE-WAY,STRAIGHT AND LEVEL,DRY,NO DEFECTS,INJURY AND / OR TOW DUE TO CRASH,$500 OR LESS,DRIVING SKILLS/KNOWLEDGE/EXPERIENCE,DRIVING SKILLS/KNOWLEDGE/EXPERIENCE,3906,W,GLADYS AVE,2,NONINCAPACITATING INJURY,1.0,0.0,0.0,1.0,0.0,1.0,0.0,0,6,7
f620005e6599d6918459a0b10c5f29ccdb431001a669b3d386595d546443f591b739ff74a00dac9b9cc1f08ff4e93c332d259298918e9cd9cc6601bf1c4234bc,2017-08-21 00:30:00,25,NO CONTROLS,NO CONTROLS,RAIN,"DARKNESS, LIGHTED ROAD",PARKED MOTOR VEHICLE,NOT DIVIDED,STRAIGHT AND LEVEL,WET,NO DEFECTS,INJURY AND / OR TOW DUE TO CRASH,"$501 - $1,500",UNDER THE INFLUENCE OF ALCOHOL/DRUGS (USE WHEN ARREST IS EFFECTED),NOT APPLICABLE,3929,W,CORTLAND ST,9,NO INDICATION OF INJURY,0.0,0.0,0.0,0.0,0.0,1.0,0.0,0,2,8
04f6dbb6ffaf5291ead6e6427384ff31285d803bd4ae254484142f419e7fecdf2c28cb067e48c337f9c8aa6c964d03db6029117c6a819e2ba67f87cd47eb197d,2019-06-21 09:55:00,25,NO CONTROLS,NO CONTROLS,CLEAR,DAYLIGHT,FIXED OBJECT,NOT DIVIDED,"CURVE, LEVEL",DRY,NO DEFECTS,INJURY AND / OR TOW DUE TO CRASH,$500 OR LESS,NOT APPLICABLE,NOT APPLICABLE,4659,S,CALUMET AVE,2,NO INDICATION OF INJURY,0.0,0.0,0.0,0.0,0.0,1.0,0.0,9,6,6
6770ab664f7c35c1507aad709b6a5f98ca001557e37f19f6ab25c99abcb1294cc02c28d50690ba46a327eb654d623bb0a61e3d19f795eea5571a9f70299740a0,2023-04-02 11:38:00,35,NO CONTROLS,NO CONTROLS,CLEAR,DAYLIGHT,PARKED MOTOR VEHICLE,NOT DIVIDED,STRAIGHT AND LEVEL,DRY,NO DEFECTS,NO INJURY / DRIVE AWAY,"OVER $1,500",UNABLE TO DETERMINE,UNABLE TO DETERMINE,6743,N,OLIPHANT AVE,2,NO INDICATION OF INJURY,0.0,0.0,0.0,0.0,0.0,1.0,0.0,11,1,4
8ab04717091888b1c75e50c2b32a0db5eb8086315b39d16d4539d4e70f28dbd82b76a4dc999ce89460ba0335850754b0a7db06d6c1c243a5c58a8d09dc4305ec,2023-05-18 08:35:00,30,NO CONTROLS,NO CONTROLS,CLEAR,DAYLIGHT,TURNING,CENTER TURN LANE,STRAIGHT AND LEVEL,DRY,NO DEFECTS,INJURY AND / OR TOW DUE TO CRASH,"OVER $1,500",FAILING TO YIELD RIGHT-OF-WAY,FAILING TO REDUCE SPEED TO AVOID CRASH,4815,W,MONTROSE AVE,2,NONINCAPACITATING INJURY,2.0,0.0,0.0,2.0,0.0,2.0,0.0,8,5,5
b8336ac776c5f636eaaaa313baa13b4778414a1b2cb904b8a4108a455f932d7cd6c8e31adab6b8a244a9180f81d6a2427ffb7aa41423e1aa5c37e37571dc35f7,2019-07-21 14:05:00,30,STOP SIGN/FLASHER,FUNCTIONING PROPERLY,CLEAR,DAYLIGHT,ANGLE,NOT DIVIDED,STRAIGHT AND LEVEL,WET,UNKNOWN,INJURY AND / OR TOW DUE TO CRASH,"OVER $1,500",UNABLE TO DETERMINE,UNABLE TO DETERMINE,5900,S,NARRAGANSETT AVE,2,NO INDICATION OF INJURY,0.0,0.0,0.0,0.0,0.0,2.0,0.0,14,1,7
8bd6ab5912354d2102f9464724ab19cde96c8e011688f3492ff187ec8e39174b72fd1beb593521a98ab15af823d427e1293abb30192894cc56ed7820130985e6,2024-03-21 17:39:00,30,NO CONTROLS,NO CONTROLS,CLEAR,DAYLIGHT,SIDESWIPE SAME DIRECTION,ONE-WAY,STRAIGHT AND LEVEL,DRY,NO DEFECTS,NO INJURY / DRIVE AWAY,"OVER $1,500",UNABLE TO DETERMINE,UNABLE TO DETERMINE,535,W,RANDOLPH ST,2,NO INDICATION OF INJURY,0.0,0.0,0.0,0.0,0.0,2.0,0.0,17,5,3
f8045b2cbf901cc57bc7f1e0111859ab67bb4ec2286f4c7108a66e720a911b8673eb662ebef66c98d4e5322746332976e5dce464d143f3faca41e76289ea34ab,2021-09-14 20:30:00,30,TRAFFIC SIGNAL,FUNCTIONING PROPERLY,CLEAR,"DARKNESS, LIGHTED ROAD",REAR END,DIVIDED - W/MEDIAN BARRIER,STRAIGHT AND LEVEL,DRY,NO DEFECTS,NO INJURY / DRIVE AWAY,"$501 - $1,500",FOLLOWING TOO CLOSELY,PHYSICAL CONDITION OF DRIVER,758,W,87TH ST,2,NO INDICATION OF INJURY,0.0,0.0,0.0,0.0,0.0,2.0,0.0,20,3,9
cc499d97d58317095a2621da350521494d6cad4d02dfa88233fac3cbf1b2688bc6d00f89b4a854ab35f422021d77d73cfc601dfed89d86a9aa02c7c8d7bcd03e,2017-11-29 18:30:00,30,NO CONTROLS,NO CONTROLS,CLEAR,DUSK,SIDESWIPE SAME DIRECTION,NOT DIVIDED,STRAIGHT AND LEVEL,DRY,NO DEFECTS,NO INJURY / DRIVE AWAY,"OVER $1,500",NOT APPLICABLE,NOT APPLICABLE,5500,S,WESTERN AVE,2,NO INDICATION OF INJURY,0.0,0.0,0.0,0.0,0.0,3.0,0.0,18,4,11
997d410a8eb5f8da4e46d033f463e367f80efa32cffd419443fa781618e39f240affcaa4de829abe920fc400100f605523a9aa46845964da52d52704986521e4,2017-12-02 01:35:00,30,NO CONTROLS,NO CONTROLS,CLEAR,"DARKNESS, LIGHTED ROAD",PARKED MOTOR VEHICLE,DIVIDED - W/MEDIAN (NOT RAISED),STRAIGHT AND LEVEL,DRY,NO DEFECTS,INJURY AND / OR TOW DUE TO CRASH,"OVER $1,500",EQUIPMENT - VEHICLE CONDITION,EXCEEDING SAFE SPEED FOR CONDITIONS,2814,W,CHICAGO AVE,4,NO INDICATION OF INJURY,0.0,0.0,0.0,0.0,0.0,2.0,0.0,1,7,12
50f1b6faf74c1a5e918a00f613793b5791be732c3706cb1de7ee2d685492b46741af35b712416f64f854654b20ad2ea45c98f370c14d31dc85dca748711d7e3e,2019-09-28 22:10:00,30,NO CONTROLS,NO CONTROLS,CLEAR,"DARKNESS, LIGHTED ROAD",OTHER OBJECT,UNKNOWN INTERSECTION TYPE,STRAIGHT AND LEVEL,DRY,NO DEFECTS,NO INJURY / DRIVE AWAY,"$501 - $1,500",EQUIPMENT - VEHICLE CONDITION,EQUIPMENT - VEHICLE CONDITION,700,W,83RD ST,1,NO INDICATION OF INJURY,0.0,0.0,0.0,0.0,0.0,1.0,0.0,22,7,9
6882da6eb75cbe9ba63b28cd441c4d2af8a280b865c047b518234933a9e04d21f89bfe60dd92fd2595cc259d565f24d2c91bdca7fe0d15fe4e720b1f7cd50e6e,2022-12-31 07:04:00,30,STOP SIGN/FLASHER,UNKNOWN,CLEAR,DAYLIGHT,PARKED MOTOR VEHICLE,OTHER,STRAIGHT AND LEVEL,UNKNOWN,UNKNOWN,NO INJURY / DRIVE AWAY,"OVER $1,500",UNABLE TO DETERMINE,UNABLE TO DETERMINE,1353,S,MORGAN ST,2,NO INDICATION OF INJURY,0.0,0.0,0.0,0.0,0.0,1.0,0.0,7,7,12
28511196f67c89fde70c69821d6d1bfc0538b13ee675eb984e3c0203d4635d817ef2274abfb33ab23ff091a1b83e6a831a0fcb932a5dbb8902a0445a13f5acdb,2022-02-13 05:13:00,30,NO CONTROLS,NO CONTROLS,SNOW,"DARKNESS, LIGHTED ROAD",PARKED MOTOR VEHICLE,DIVIDED - W/MEDIAN BARRIER,STRAIGHT AND LEVEL,UNKNOWN,UNKNOWN,INJURY AND / OR TOW DUE TO CRASH,"OVER $1,500",UNABLE TO DETERMINE,UNABLE TO DETERMINE,3753,W,IRVING PARK RD,4,NO INDICATION OF INJURY,0.0,0.0,0.0,0.0,0.0,1.0,0.0,5,1,2
5eebb62d5a900a0f05867cc4a964031abcb4818196a5cf6ca594e7e326ad2c8be6c8cf913f47a1df724e201debb24022ea29ce684030a62db6f435804210db57,2019-06-28 12:45:00,30,NO CONTROLS,NO CONTROLS,CLEAR,DAYLIGHT,ANGLE,NOT DIVIDED,STRAIGHT AND LEVEL,DRY,NO DEFECTS,INJURY AND / OR TOW DUE TO CRASH,"$501 - $1,500",FAILING TO YIELD RIGHT-OF-WAY,NOT APPLICABLE,401,W,76TH ST,2,NO INDICATION OF INJURY,0.0,0.0,0.0,0.0,0.0,2.0,0.0,12,6,6
432a05e36ae817666fc660df0a08f6846941f94ece6e0c1fd2d969dcbe8482290a038f8883f36ee00ac937724cd61f2227b69800a83bda71cd568b5b6512443b,2020-06-12 20:14:00,35,NO CONTROLS,NO CONTROLS,CLEAR,DUSK,PARKED MOTOR VEHICLE,NOT DIVIDED,STRAIGHT AND LEVEL,DRY,NO DEFECTS,INJURY AND / OR TOW DUE TO CRASH,"OVER $1,500",NOT APPLICABLE,NOT APPLICABLE,416,S,HOMAN AVE,2,NO INDICATION OF INJURY,0.0,0.0,0.0,0.0,0.0,1.0,0.0,20,6,6
26660f893e12a1ee87fbc5dde83db0dba4c1b293945b717f3a861162c39611a2f759188c03ca9c0873dd4ee1d9944acc235bd132cb71993ecfbf0e6cd7919f07,2022-10-04 17:00:00,30,NO CONTROLS,NO CONTROLS,CLEAR,DAYLIGHT,SIDESWIPE SAME DIRECTION,NOT DIVIDED,STRAIGHT AND LEVEL,DRY,NO DEFECTS,NO INJURY / DRIVE AWAY,$500 OR LESS,UNABLE TO DETERMINE,UNABLE TO DETERMINE,401,N,MICHIGAN AVE,2,NO INDICATION OF INJURY,0.0,0.0,0.0,0.0,0.0,2.0,0.0,17,3,10
ccf6bbdc695195320a77bc214be11001de6a9e8e3c8bb957defd04cc47d32906fa7381b0b93c9744df01fa388026cfec6fdfd9c803fa3101bd20ca161d9e119c,2016-12-26 21:15:00,30,TRAFFIC SIGNAL,FUNCTIONING PROPERLY,CLEAR,"DARKNESS, LIGHTED ROAD",TURNING,NOT DIVIDED,STRAIGHT AND LEVEL,DRY,NO DEFECTS,NO INJURY / DRIVE AWAY,"$501 - $1,500",UNABLE TO DETERMINE,NOT APPLICABLE,1200,N,KEDZIE AVE,2,NO INDICATION OF INJURY,0.0,0.0,0.0,0.0,0.0,3.0,0.0,21,2,12
015a8bc4bb91b267213c74d6e7b7c59db541d3549954f15815eeb0b157471d94c453116590ebbda927fb93147313afa6c1ca6cd1d28be42330c0fb388b525240,2018-09-05 12:20:00,30,NO CONTROLS,NO CONTROLS,CLEAR,DAYLIGHT,SIDESWIPE SAME DIRECTION,DIVIDED - W/MEDIAN (NOT RAISED),STRAIGHT AND LEVEL,DRY,NO DEFECTS,INJURY AND / OR TOW DUE TO CRASH,"OVER $1,500",FAILING TO YIELD RIGHT-OF-WAY,FAILING TO YIELD RIGHT-OF-WAY,1100,S,WOOD ST,2,"REPORTED, NOT EVIDENT",2.0,0.0,0.0,0.0,2.0,0.0,0.0,12,4,9
53c2a2c49f9d5f92266987ee0c5ae096473e04209a111c5ee9f01965432aebe952eacc716b521750294a9493feeff52f14a521c93f086df29c9eaa6454197fb7,2018-08-30 11:00:00,30,TRAFFIC SIGNAL,FUNCTIONING PROPERLY,CLEAR,DAYLIGHT,REAR END,DIVIDED - W/MEDIAN BARRIER,STRAIGHT AND LEVEL,DRY,NO DEFECTS,NO INJURY / DRIVE AWAY,"OVER $1,500",FOLLOWING TOO CLOSELY,FOLLOWING TOO CLOSELY,4800,W,63RD ST,2,NO INDICATION OF INJURY,0.0,0.0,0.0,0.0,0.0,2.0,0.0,11,5,8
12017d7b541db058686bd3aa8f881e127e0889fabc6b0847506e1bc256cd1d30dfc606f744765278e956448a4906435338e6bc21c9d502a502da9d1088db1f0b,2020-09-03 03:27:00,30,TRAFFIC SIGNAL,FUNCTIONING PROPERLY,CLEAR,"DARKNESS, LIGHTED ROAD",TURNING,DIVIDED - W/MEDIAN (NOT RAISED),STRAIGHT AND LEVEL,DRY,NO DEFECTS,INJURY AND / OR TOW DUE TO CRASH,"OVER $1,500",IMPROPER TURNING/NO SIGNAL,UNABLE TO DETERMINE,4700,S,CICERO AVE,2,NONINCAPACITATING INJURY,1.0,0.0,0.0,1.0,0.0,1.0,0.0,3,5,9
c25cda1883452cf8c05ee908b8dfd25f0bd852890953215777053a44395a5fae95f68ac5c380666e20c32171314467e12880c42844e8cd656cf38cfd325357e4,2024-03-12 15:40:00,30,NO CONTROLS,NO CONTROLS,CLEAR,DAYLIGHT,PARKED MOTOR VEHICLE,NOT DIVIDED,STRAIGHT AND LEVEL,DRY,NO DEFECTS,NO INJURY / DRIVE AWAY,"OVER $1,500",UNABLE TO DETERMINE,NOT APPLICABLE,127,S,RACINE AVE,3,NO INDICATION OF INJURY,0.0,0.0,0.0,0.0,0.0,3.0,0.0,15,3,3
d8f2676364d49ff2b637981a9887b73c08f92e9e25b032847e27a2021564b9d4604a5aaeb2f13195f8a2aec0c3e03ec57c6847015a8647ea064679772448d29b,2020-12-08 22:57:00,30,NO CONTROLS,NO CONTROLS,CLEAR,"DARKNESS, LIGHTED ROAD",PARKED MOTOR VEHICLE,NOT DIVIDED,STRAIGHT AND LEVEL,DRY,UNKNOWN,INJURY AND / OR TOW DUE TO CRASH,"OVER $1,500",DISTRACTION - FROM INSIDE VEHICLE,UNABLE TO DETERMINE,2936,N,OAK PARK AVE,5,NO INDICATION OF INJURY,0.0,0.0,0.0,0.0,0.0,1.0,0.0,22,3,12
fa77e6bbee856487c956d6a7e47dc0603bb4b9e6db96e6bf18daa74bc6a549f5733fcf2e96859995b606d73197ac7eb6a79743a3c04d83aff4c2b474e40d4c37,2019-05-17 01:00:00,30,NO CONTROLS,NO CONTROLS,UNKNOWN,"DARKNESS, LIGHTED ROAD",PARKED MOTOR VEHICLE,ONE-WAY,STRAIGHT AND LEVEL,UNKNOWN,NO DEFECTS,NO INJURY / DRIVE AWAY,"OVER $1,500",UNABLE TO DETERMINE,NOT APPLICABLE,2805,N,LUNA AVE,2,NO INDICATION OF INJURY,0.0,0.0,0.0,0.0,0.0,1.0,0.0,1,6,5
251f0d968cdbe17692b0f1a5b55056236422af3b13b3ccd4580ec7dad0dc1aae6f0f0b5727135e18c07be633806a9198b0c70601b509935998ddcc69a1fbffbd,2022-06-15 18:00:00,30,TRAFFIC SIGNAL,FUNCTIONING PROPERLY,CLEAR,DAYLIGHT,REAR END,NOT DIVIDED,STRAIGHT AND LEVEL,DRY,UNKNOWN,NO INJURY / DRIVE AWAY,"$501 - $1,500",UNABLE TO DETERMINE,UNABLE TO DETERMINE,5800,S,COTTAGE GROVE AVE,2,NO INDICATION OF INJURY,0.0,0.0,0.0,0.0,0.0,2.0,0.0,18,4,6
8e469eb368efabf329db482f2212b1b52eef8a19dfe6519da19827c7448f23772abb102ea2dc8b2f3a027200751126e0921789ce6eea3bfe5ed7ac5271314e94,2021-09-06 11:39:00,30,STOP SIGN/FLASHER,FUNCTIONING PROPERLY,CLEAR,DAYLIGHT,TURNING,FOUR WAY,STRAIGHT ON GRADE,DRY,NO DEFECTS,INJURY AND / OR TOW DUE TO CRASH,"OVER $1,500",DISREGARDING STOP SIGN,FAILING TO REDUCE SPEED TO AVOID CRASH,8900,S,ASHLAND AVE,2,NONINCAPACITATING INJURY,1.0,0.0,0.0,1.0,0.0,2.0,0.0,11,2,9
44039c8ad48ad1fed0fd177507fd715850ffe612e3c7ec960506c44654cec05591fc2e27e187b71fedd8232a71200f4822538b6190648b03899b4ebe3c456a0a,2022-04-02 11:20:00,30,TRAFFIC SIGNAL,FUNCTIONING PROPERLY,RAIN,DAYLIGHT,TURNING,DIVIDED - W/MEDIAN (NOT RAISED),STRAIGHT AND LEVEL,WET,NO DEFECTS,NO INJURY / DRIVE AWAY,"OVER $1,500",UNABLE TO DETERMINE,UNABLE TO DETERMINE,2401,W,ADDISON ST,2,NO INDICATION OF INJURY,0.0,0.0,0.0,0.0,0.0,2.0,0.0,11,7,4
b8ea2a188ef35a6ba626af86d2c0637cfe0b8a8f8a2b5339d47e28de26f85dd38bb905835ba63ba9c5c9e52a92cd4936c7ba4de55835653d78cdca3c8ed3fa9f,2023-09-28 15:12:00,30,STOP SIGN/FLASHER,FUNCTIONING PROPERLY,CLEAR,DAYLIGHT,TURNING,FOUR WAY,STRAIGHT AND LEVEL,DRY,NO DEFECTS,NO INJURY / DRIVE AWAY,"OVER $1,500",FAILING TO YIELD RIGHT-OF-WAY,NOT APPLICABLE,6530,W,BRYN MAWR AVE,2,NO INDICATION OF INJURY,0.0,0.0,0.0,0.0,0.0,2.0,0.0,15,5,9
b45230107272730d7b9560a6a1df07b2899e584fed715d8621145fc92f3ee21258c49730a7cc06c3c80175481f0d3af6231e017c63c056513f72e2bb71c768ac,2017-04-07 10:30:00,30,NO CONTROLS,NO CONTROLS,CLEAR,DAYLIGHT,REAR END,NOT DIVIDED,STRAIGHT AND LEVEL,DRY,UNKNOWN,NO INJURY / DRIVE AWAY,"$501 - $1,500",DRIVING SKILLS/KNOWLEDGE/EXPERIENCE,DRIVING SKILLS/KNOWLEDGE/EXPERIENCE,158,W,47TH ST,2,NO INDICATION OF INJURY,0.0,0.0,0.0,0.0,0.0,2.0,0.0,10,6,4
f4f6d94804f9ef91dea9e0f0f80965a4b56dfbc9d29d33c96b8dd006d33bbcf904a9360b8542948821c69aad8e78bbe32b9e2a6f37059c81bf05339543e6d23c,2018-03-06 10:36:00,30,TRAFFIC SIGNAL,FUNCTIONING PROPERLY,RAIN,DAYLIGHT,REAR END,DIVIDED - W/MEDIAN (NOT RAISED),STRAIGHT AND LEVEL,WET,NO DEFECTS,INJURY AND / OR TOW DUE TO CRASH,"OVER $1,500",WEATHER,DISTRACTION - FROM OUTSIDE VEHICLE,1357,N,CALIFORNIA AVE,3,"REPORTED, NOT EVIDENT",1.0,0.0,0.0,0.0,1.0,2.0,0.0,10,3,3
9b9c529999a41f4852b8fc077332d06878a6fd8804f6307065949498fad97353a5f7afe2bc93bc7365b86bd0d76814c951d410064fc6ffd4792323876700e9f6,2019-06-25 20:30:00,10,NO CONTROLS,NO CONTROLS,CLEAR,DARKNESS,PARKED MOTOR VEHICLE,PARKING LOT,STRAIGHT AND LEVEL,DRY,NO DEFECTS,NO INJURY / DRIVE AWAY,"$501 - $1,500",UNABLE TO DETERMINE,NOT APPLICABLE,3516,E,118TH ST,2,NO INDICATION OF INJURY,0.0,0.0,0.0,0.0,0.0,1.0,0.0,20,3,6
14079c52b060647e829570229cc548607de8fdbf9fd5924d4b6c80e2b1ffc427666fd879bfaef0a9cd2b66c73fc11c29e504e6bf8a6db000fa81701211b3a431,2021-11-19 17:45:00,30,NO CONTROLS,FUNCTIONING PROPERLY,CLEAR,DAYLIGHT,OTHER NONCOLLISION,NOT DIVIDED,STRAIGHT AND LEVEL,DRY,NO DEFECTS,NO INJURY / DRIVE AWAY,"OVER $1,500",UNABLE TO DETERMINE,NOT APPLICABLE,6170,S,LAKE SHORE DR,1,NO INDICATION OF INJURY,0.0,0.0,0.0,0.0,0.0,1.0,0.0,17,6,11
7cfb0ca986a57590f66992402f60a1176d2e2a2e4a265ed180028461bcbe515c8e976f043db26c7a39bf7e0af56989b984a9f0b16f360e578fc36e2f1e94b738,2020-07-13 18:15:00,30,NO CONTROLS,NO CONTROLS,CLEAR,DAYLIGHT,PARKED MOTOR VEHICLE,ALLEY,STRAIGHT AND LEVEL,DRY,NO DEFECTS,NO INJURY / DRIVE AWAY,"$501 - $1,500",UNABLE TO DETERMINE,UNABLE TO DETERMINE,2210,S,KOSTNER AVE,2,NO INDICATION OF INJURY,0.0,0.0,0.0,0.0,0.0,1.0,0.0,18,2,7
6c3dddb50d022c385da699991e25ad504ce33df5dd0b60deea8e3d4c32fcb0329b614b52bf2eefe7e762b3f08fc105c67b53854636800b2707d9e46662e9fc5c,2017-08-07 16:45:00,30,NO CONTROLS,NO CONTROLS,CLEAR,DAYLIGHT,REAR END,DIVIDED - W/MEDIAN (NOT RAISED),STRAIGHT AND LEVEL,DRY,NO DEFECTS,NO INJURY / DRIVE AWAY,"OVER $1,500",FOLLOWING TOO CLOSELY,NOT APPLICABLE,830,W,DIVISION ST,2,NO INDICATION OF INJURY,0.0,0.0,0.0,0.0,0.0,2.0,0.0,16,2,8
9094ab49bd9a507371539cd01f29db0f8ad2bcd83b851513b95d7358fd1fec85b8c60230e54d7010868fe387bdbbb74a1bcc66a924fd4e87ae21d1b3e63cb8ce,2023-09-19 13:32:00,30,NO CONTROLS,NO CONTROLS,RAIN,DAYLIGHT,REAR END,DIVIDED - W/MEDIAN (NOT RAISED),STRAIGHT AND LEVEL,DRY,NO DEFECTS,NO INJURY / DRIVE AWAY,"$501 - $1,500",UNABLE TO DETERMINE,UNABLE TO DETERMINE,5750,N,RIDGE AVE,2,NO INDICATION OF INJURY,0.0,0.0,0.0,0.0,0.0,2.0,0.0,13,3,9
94212948f6c86f85c4bf39be52a1b3edfd0bb7effaf8160317700a9030ee2903b5143b16e525d0b982cb33e000de3e01f64d65deb1fca40d26d728e560d18bd1,2016-02-04 07:10:00,30,TRAFFIC SIGNAL,FUNCTIONING PROPERLY,CLEAR,DAYLIGHT,TURNING,DIVIDED - W/MEDIAN (NOT RAISED),STRAIGHT AND LEVEL,DRY,NO DEFECTS,NO INJURY / DRIVE AWAY,"OVER $1,500",UNABLE TO DETERMINE,UNABLE TO DETERMINE,5098,W,MONTROSE AVE,2,NO INDICATION OF INJURY,0.0,0.0,0.0,0.0,0.0,2.0,0.0,7,5,2
ff68f7a84b1e96b7a6c7435ca1b8dadfc45767484268fdaf4cd0b8b6bed4de02cf794d8f4c9b5f4d6b4353fe6378dcc04f9e8a05f1323916b694fe118822d87b,2021-10-08 17:42:00,15,NO CONTROLS,NO CONTROLS,CLEAR,DAYLIGHT,PARKED MOTOR VEHICLE,PARKING LOT,STRAIGHT AND LEVEL,DRY,NO DEFECTS,INJURY AND / OR TOW DUE TO CRASH,"OVER $1,500",PHYSICAL CONDITION OF DRIVER,NOT APPLICABLE,112,W,87TH ST,4,NO INDICATION OF INJURY,0.0,0.0,0.0,0.0,0.0,1.0,0.0,17,6,10
c1bcf723b44e296d2cb4730fb04fd62a6ad3387eea5acd937833916a5d989af77d58a52807fba31a8587baa13bae9c0221e06b5cfb5ab983af503df171ac339e,2023-09-16 13:25:00,30,TRAFFIC SIGNAL,FUNCTIONING PROPERLY,CLOUDY/OVERCAST,DAYLIGHT,ANGLE,FOUR WAY,STRAIGHT AND LEVEL,DRY,NO DEFECTS,INJURY AND / OR TOW DUE TO CRASH,"OVER $1,500",DISREGARDING TRAFFIC SIGNALS,CELL PHONE USE OTHER THAN TEXTING,2299,W,WASHINGTON BLVD,2,INCAPACITATING INJURY,2.0,0.0,1.0,1.0,0.0,0.0,0.0,13,7,9
76b63bccf5ddd3b9dbb3be996ad85a3c412b612b3e73ef2f6b7ea4bcf7afd011e534c013098c71ba971043292cf10751a4b9ae26c5f76cf0eb7c55689c9d3882,2016-11-03 01:00:00,30,TRAFFIC SIGNAL,FUNCTIONING PROPERLY,CLEAR,DARKNESS,TURNING,NOT DIVIDED,STRAIGHT AND LEVEL,DRY,NO DEFECTS,NO INJURY / DRIVE AWAY,"OVER $1,500",IMPROPER TURNING/NO SIGNAL,ROAD CONSTRUCTION/MAINTENANCE,1944,N,MILWAUKEE AVE,2,NO INDICATION OF INJURY,0.0,0.0,0.0,0.0,0.0,5.0,0.0,1,5,11