CRASH_RECORD_ID,CRASH_DATE,POSTED_SPEED_LIMIT,TRAFFIC_CONTROL_DEVICE,DEVICE_CONDITION,WEATHER_CONDITION,LIGHTING_CONDITION,FIRST_CRASH_TYPE,TRAFFICWAY_TYPE,ALIGNMENT,ROADWAY_SURFACE_COND,ROAD_DEFECT,CRASH_TYPE,DAMAGE,PRIM_CONTRIBUTORY_CAUSE,SEC_CONTRIBUTORY_CAUSE,STREET_NO,STREET_DIRECTION,STREET_NAME,NUM_UNITS,MOST_SEVERE_INJURY,INJURIES_TOTAL,INJURIES_FATAL,INJURIES_INCAPACITATING,INJURIES_NON_INCAPACITATING,INJURIES_REPORTED_NOT_EVIDENT,INJURIES_NO_INDICATION,INJURIES_UNKNOWN,CRASH_HOUR,CRASH_DAY_OF_WEEK,CRASH_MONTH
e96149963c98370761d5367be278c89693b0b4f6c53b1f9a3cafde491f15ef1476d710e632a4ff5b1550e1c92244658b3e446074cd796141a0728d5d44631e5e,2018-12-30 00:51:00,20,NO CONTROLS,NO CONTROLS,SNOW,"DARKNESS, LIGHTED ROAD",REAR END,ONE-WAY,STRAIGHT AND LEVEL,SNOW OR SLUSH,NO DEFECTS,NO INJURY / DRIVE AWAY,"OVER $1,500",WEATHER,UNABLE TO DETERMINE,826,N,WALLER AVE,2,NO INDICATION OF INJURY,0.0,0.0,0.0,0.0,0.0,2.0,0.0,0,1,12
9d4950a0096baca26955503d71eb46f10513158695ef1af171d36cbdfc52d0f868b805bd4e689ec8645d7f6447d2633d5ef5cf633ea0a5a7f688538976766a22,2017-08-11 14:23:00,30,NO CONTROLS,NO CONTROLS,CLEAR,DAYLIGHT,PEDESTRIAN,NOT DIVIDED,STRAIGHT AND LEVEL,DRY,NO DEFECTS,INJURY AND / OR TOW DUE TO CRASH,"$501 - $1,500",FAILING TO YIELD RIGHT-OF-WAY,FAILING TO YIELD RIGHT-OF-WAY,529,W,DIVERSEY PKWY,2,"REPORTED, NOT EVIDENT",1.0,0.0,0.0,0.0,1.0,1.0,0.0,14,6,8
d5126f49e633892b4f255c5d5ee28c5be8452845a3d5606e1050b0242916d898c0fc44e1632d7359063c1ab23bb0580f8ba1f30c4767aefec945690fb3ff8e36,2019-12-13 12:15:00,30,NO CONTROLS,NO CONTROLS,CLEAR,DAYLIGHT,FIXED OBJECT,DIVIDED - W/MEDIAN (NOT RAISED),STRAIGHT AND LEVEL,DRY,NO DEFECTS,NO INJURY / DRIVE AWAY,"OVER $1,500",UNABLE TO DETERMINE,UNABLE TO DETERMINE,7521,S,WESTERN AVE,1,NO INDICATION OF INJURY,0.0,0.0,0.0,0.0,0.0,1.0,0.0,12,6,12
5e47559d2f12d2b7f71295b79b1c67c65caabdcf1d69a795b3881fe1412a6e09303edc2aa77c17b01eba9b9d00a7f17a73dfdb07190419139d3777643432af87,2023-05-11 19:00:00,30,NO CONTROLS,NO CONTROLS,CLEAR,"DARKNESS, LIGHTED ROAD",SIDESWIPE SAME DIRECTION,NOT DIVIDED,STRAIGHT AND LEVEL,DRY,NO DEFECTS,NO INJURY / DRIVE AWAY,"$501 - $1,500",FAILING TO YIELD RIGHT-OF-WAY,NOT APPLICABLE,3850,W,FULLERTON AVE,2,NO INDICATION OF INJURY,0.0,0.0,0.0,0.0,0.0,2.0,0.0,19,5,5
10cd52fdb089e3152f36821e1898476c7bf73c1c17361928bfb765e596d7fa4c27487dadbdb21adce73e8efe7802ad3cf5b8928302bdca1692e361789bdd0e93,2023-10-08 21:55:00,25,NO CONTROLS,UNKNOWN,CLEAR,"DARKNESS, LIGHTED ROAD",FIXED OBJECT,ONE-WAY,STRAIGHT AND LEVEL,DRY,NO DEFECTS,NO INJURY / DRIVE AWAY,"OVER $1,500","OPERATING VEHICLE IN ERRATIC, RECKLESS, CARELESS, NEGLIGENT OR AGGRESSIVE MANNER",DRIVING SKILLS/KNOWLEDGE/EXPERIENCE,3157,W,MAYPOLE AVE,2,NO INDICATION OF INJURY,0.0,0.0,0.0,0.0,0.0,6.0,0.0,21,1,10
46a2f4d7835433a4e5b407c8cfcc9f3876e14fa5798f38034d54935db35d808a212b2d5e3bc404efa9f1fb5c3d6f870c4763b210ccd99238afec8a311ef7400a,2021-05-25 09:39:00,30,STOP SIGN/FLASHER,NOT FUNCTIONING,CLEAR,DAYLIGHT,HEAD ON,NOT DIVIDED,STRAIGHT AND LEVEL,DRY,NO DEFECTS,INJURY AND / OR TOW DUE TO CRASH,"OVER $1,500",FAILING TO YIELD RIGHT-OF-WAY,IMPROPER LANE USAGE,8552,S,LOOMIS BLVD,3,NO INDICATION OF INJURY,0.0,0.0,0.0,0.0,0.0,2.0,0.0,9,3,5
bfd4b06ff9e17a795fd2432a4fbb078753b2423dd4f59e29164c4ece45f860c560bbcfe0d5a941a86e9ef448496fbf0bac31a6c775631b11a453fd81d2700d03,2021-04-20 10:31:00,30,TRAFFIC SIGNAL,FUNCTIONING PROPERLY,CLEAR,DAYLIGHT,PEDESTRIAN,FOUR WAY,STRAIGHT AND LEVEL,DRY,NO DEFECTS,INJURY AND / OR TOW DUE TO CRASH,$500 OR LESS,FAILING TO YIELD RIGHT-OF-WAY,IMPROPER TURNING/NO SIGNAL,2000,N,KIMBALL AVE,2,INCAPACITATING INJURY,1.0,0.0,1.0,0.0,0.0,1.0,0.0,10,3,4
6bb2a8048c49476e333cb5c35d24e2d076c9d6ea569fb024600c3e68e9a16d90b6d57515a4a3bb40db91cd22f501bc51d674cf91c3e20d73a86bd2b619b4dda4,2021-07-02 13:15:00,25,NO CONTROLS,NO CONTROLS,CLEAR,DAYLIGHT,PARKED MOTOR VEHICLE,NOT DIVIDED,STRAIGHT AND LEVEL,DRY,NO DEFECTS,NO INJURY / DRIVE AWAY,"OVER $1,500",IMPROPER BACKING,NOT APPLICABLE,6004,N,MENARD AVE,2,NO INDICATION OF INJURY,0.0,0.0,0.0,0.0,0.0,1.0,0.0,13,6,7
770a6ff2da659e37213987c38aa607fdf2e238d8d37654f5acf0415ec86cd549065b9a6620b617b88d344ec23c6a296f13e00f53d9688263a4a2a233cfbb836e,2021-12-07 16:50:00,30,STOP SIGN/FLASHER,FUNCTIONING PROPERLY,CLEAR,"DARKNESS, LIGHTED ROAD",TURNING,FOUR WAY,STRAIGHT AND LEVEL,DRY,NO DEFECTS,INJURY AND / OR TOW DUE TO CRASH,"OVER $1,500",IMPROPER TURNING/NO SIGNAL,DRIVING SKILLS/KNOWLEDGE/EXPERIENCE,6331,W,HIGGINS AVE,2,NO INDICATION OF INJURY,0.0,0.0,0.0,0.0,0.0,2.0,0.0,16,3,12
cea04c764f79c3c779d67f98828197862877859717fa342631630968012a14a07c62e00a7448b875d32ec3022304515cbf19f48100316141ddd105c271d586d2,2019-09-03 21:10:00,35,NO CONTROLS,NO CONTROLS,CLEAR,DAYLIGHT,PARKED MOTOR VEHICLE,NOT DIVIDED,STRAIGHT AND LEVEL,DRY,NO DEFECTS,NO INJURY / DRIVE AWAY,"$501 - $1,500",UNABLE TO DETERMINE,UNABLE TO DETERMINE,2002,W,MONTROSE AVE,2,NO INDICATION OF INJURY,0.0,0.0,0.0,0.0,0.0,1.0,0.0,21,3,9
6cc3bc866cf100169d6d9f574332f39916740c32d56aaaefaaad3aa012f2603cbbe8425bff8285983984d175dd9fd1d52ea5d2fa9b21f89ac6ae28345220f4a7,2018-06-17 14:15:00,30,STOP SIGN/FLASHER,FUNCTIONING PROPERLY,CLEAR,DAYLIGHT,REAR END,NOT DIVIDED,STRAIGHT AND LEVEL,DRY,UNKNOWN,NO INJURY / DRIVE AWAY,"OVER $1,500",UNABLE TO DETERMINE,UNABLE TO DETERMINE,115,S,PULASKI RD,3,NO INDICATION OF INJURY,0.0,0.0,0.0,0.0,0.0,7.0,0.0,14,1,6
0694969e4727711e8773afbd2d1dfac2edf5dd04754074abacb1465332da5f8a7622b87fcb90261565f48b60888b865e5f8c0fbe113d63e2493b285b30a6f7e8,2019-08-11 09:30:00,30,TRAFFIC SIGNAL,FUNCTIONING PROPERLY,CLEAR,DAYLIGHT,REAR END,NOT DIVIDED,STRAIGHT AND LEVEL,DRY,NO DEFECTS,NO INJURY / DRIVE AWAY,"OVER $1,500",FAILING TO REDUCE SPEED TO AVOID CRASH,NOT APPLICABLE,5709,N,CENTRAL AVE,2,NO INDICATION OF INJURY,0.0,0.0,0.0,0.0,0.0,3.0,0.0,9,1,8
aaf3e74923fb88a8561f3d25325d38fa8147eefed9fb31509564d0ff8640cdf9138348d0bdc457e5f500e7d5a259dfc02530d9a240f013b334818fa1c10951f3,2022-10-23 22:45:00,30,UNKNOWN,UNKNOWN,CLEAR,"DARKNESS, LIGHTED ROAD",PARKED MOTOR VEHICLE,ONE-WAY,STRAIGHT AND LEVEL,DRY,NO DEFECTS,NO INJURY / DRIVE AWAY,"OVER $1,500",UNABLE TO DETERMINE,NOT APPLICABLE,13112,S,BURLEY AVE,2,NO INDICATION OF INJURY,0.0,0.0,0.0,0.0,0.0,1.0,0.0,22,1,10
b782099fce7c99b7ae27340cc152b38ac4b1a0abcc0ebd76c8110212f32e179e5b57c82b08c1115e4c5864ceea67c4c994b994d873f44005aba52746269e2a2d,2022-11-06 20:05:00,25,UNKNOWN,UNKNOWN,UNKNOWN,UNKNOWN,TURNING,ONE-WAY,STRAIGHT AND LEVEL,UNKNOWN,UNKNOWN,NO INJURY / DRIVE AWAY,"OVER $1,500",UNABLE TO DETERMINE,NOT APPLICABLE,1036,W,DAKIN ST,2,NO INDICATION OF INJURY,0.0,0.0,0.0,0.0,0.0,3.0,0.0,20,1,11
5cf40963ee438523f5cc2d40a29eed1fd4b4cc9a4686e1408c2fff4c5a7c99bb32a4aab2188c0744d136039665fb06458958100f06e52452a9d3ef4292756d57,2020-06-18 15:45:00,35,NO CONTROLS,NO CONTROLS,CLEAR,DAYLIGHT,PARKED MOTOR VEHICLE,NOT DIVIDED,STRAIGHT AND LEVEL,DRY,NO DEFECTS,INJURY AND / OR TOW DUE TO CRASH,"OVER $1,500",DISTRACTION - FROM INSIDE VEHICLE,UNABLE TO DETERMINE,6822,W,ARCHER AVE,2,"REPORTED, NOT EVIDENT",1.0,0.0,0.0,0.0,1.0,0.0,0.0,15,5,6
e0aac97b0f900343d30890897b295518e91d9bdf57579b08b6d0c1b2045767e0a89c1bba58365ee184310549382b7a193736dbbd022b428e440a9f14b59d1f0c,2019-02-23 22:30:00,30,NO CONTROLS,NO CONTROLS,RAIN,"DARKNESS, LIGHTED ROAD",SIDESWIPE SAME DIRECTION,NOT DIVIDED,STRAIGHT AND LEVEL,WET,NO DEFECTS,NO INJURY / DRIVE AWAY,"$501 - $1,500",UNABLE TO DETERMINE,NOT APPLICABLE,4745,W,BELMONT AVE,2,NO INDICATION OF INJURY,0.0,0.0,0.0,0.0,0.0,3.0,0.0,22,7,2
ba7583e184ee638210aed48e825de63b91315cd7f0368289bab17e39bcc3bc80272456900fdec47a1a75e2e6a88d7878d53ce8d9fd5b1385570e8e35fca7bde3,2016-03-31 16:00:00,30,STOP SIGN/FLASHER,FUNCTIONING PROPERLY,UNKNOWN,UNKNOWN,PARKED MOTOR VEHICLE,NOT DIVIDED,STRAIGHT AND LEVEL,UNKNOWN,UNKNOWN,NO INJURY / DRIVE AWAY,"$501 - $1,500",UNABLE TO DETERMINE,UNABLE TO DETERMINE,6430,S,ST LOUIS AVE,2,NO INDICATION OF INJURY,0.0,0.0,0.0,0.0,0.0,1.0,0.0,16,5,3
df1055d9d5d41e9aa47939cbd820e68778587423c4add4263a4a309e7c71d5daca81f302a6794d95d2b0ff724372766b6b3d25c1008260a07c86d6dd4712c865,2021-09-15 19:52:00,30,STOP SIGN/FLASHER,NO CONTROLS,CLEAR,"DARKNESS, LIGHTED ROAD",PARKED MOTOR VEHICLE,ONE-WAY,STRAIGHT AND LEVEL,DRY,NO DEFECTS,NO INJURY / DRIVE AWAY,"$501 - $1,500",DRIVING SKILLS/KNOWLEDGE/EXPERIENCE,NOT APPLICABLE,7101,S,SPRINGFIELD AVE,2,NO INDICATION OF INJURY,0.0,0.0,0.0,0.0,0.0,5.0,0.0,19,4,9
2e90bcacc4a5f3f00c9dffb4b5dba90f81f8bea17b0970eb8089f6798ae2c0e58e3227792cde611e67d7c2f3d27108708d85b379fa8b5b3b8b5d0814f8e43855,2022-05-23 15:10:00,25,NO CONTROLS,NO CONTROLS,CLEAR,DAYLIGHT,SIDESWIPE OPPOSITE DIRECTION,NOT DIVIDED,STRAIGHT AND LEVEL,DRY,NO DEFECTS,NO INJURY / DRIVE AWAY,$500 OR LESS,FAILING TO YIELD RIGHT-OF-WAY,DRIVING SKILLS/KNOWLEDGE/EXPERIENCE,2702,W,NORTH AVE,2,NO INDICATION OF INJURY,0.0,0.0,0.0,0.0,0.0,2.0,0.0,15,2,5
afda9ad8da0a783e29c285a916844024bcd49411d1652417f8af478ffc291da793f2e90d8c9f6906add6402b20e1631c5409f291fbbc87ad38a21416c06dbaea,2019-09-29 21:00:00,30,STOP SIGN/FLASHER,NO CONTROLS,CLEAR,"DARKNESS, LIGHTED ROAD",ANGLE,NOT DIVIDED,STRAIGHT AND LEVEL,WET,NO DEFECTS,INJURY AND / OR TOW DUE TO CRASH,"OVER $1,500",FAILING TO YIELD RIGHT-OF-WAY,UNABLE TO DETERMINE,1857,W,AUGUSTA BLVD,2,"REPORTED, NOT EVIDENT",1.0,0.0,0.0,0.0,1.0,1.0,0.0,21,1,9
9af5e4adba23cd930f25e3821336760f87cd9a643fd1231b7612d33bb8e69a999b33cee935a1c54875dd5e312adb0d1c3e358b4eadc298656dd91f2a671931dd,2023-03-06 12:50:00,30,TRAFFIC SIGNAL,FUNCTIONING PROPERLY,RAIN,DAYLIGHT,REAR TO FRONT,DIVIDED - W/MEDIAN (NOT RAISED),STRAIGHT AND LEVEL,WET,NO DEFECTS,NO INJURY / DRIVE AWAY,"OVER $1,500",UNABLE TO DETERMINE,NOT APPLICABLE,500,S,CONGRESS PLAZA DR,2,NO INDICATION OF INJURY,0.0,0.0,0.0,0.0,0.0,2.0,0.0,12,2,3
9f06dab224ddf5be2b8f319ca656cea23596de2c7c7bb0c054e4ce0b70109da9c936cb7a0bd929572c3472bf2d7374bc09b04679c94b56b424f8e8fed2422448,2022-09-02 11:00:00,30,NO CONTROLS,NO CONTROLS,CLEAR,DAYLIGHT,SIDESWIPE SAME DIRECTION,ONE-WAY,STRAIGHT AND LEVEL,DRY,NO DEFECTS,NO INJURY / DRIVE AWAY,"OVER $1,500",IMPROPER OVERTAKING/PASSING,NOT APPLICABLE,4745,W,GLADYS AVE,2,NO INDICATION OF INJURY,0.0,0.0,0.0,0.0,0.0,2.0,0.0,11,6,9
fb9f7e7d5efa07e6052ef0d96321542960526c1a72ebed0bfa70daff7d3d7d447f3ae0589358ab349da5b96fc7daa9da7ce2e172815babcf7a446e748a459ec8,2017-04-10 13:10:00,30,NO CONTROLS,NO CONTROLS,RAIN,DAYLIGHT,REAR END,NOT DIVIDED,STRAIGHT AND LEVEL,WET,NO DEFECTS,INJURY AND / OR TOW DUE TO CRASH,"$501 - $1,500",WEATHER,NOT APPLICABLE,6500,S,DR MARTIN LUTHER KING JR DR,2,"REPORTED, NOT EVIDENT",1.0,0.0,0.0,0.0,1.0,5.0,0.0,13,2,4
916db42164c202d92bcb6cd7efe2fa23b04204bb096ea63cbb6d893e6b215a9831e8aa7c5c04e12842a403e1aee5ba3f6812f285c6ba13dd50814bfdfc132a51,2023-08-05 12:15:00,30,UNKNOWN,UNKNOWN,RAIN,DAYLIGHT,PARKED MOTOR VEHICLE,NOT DIVIDED,STRAIGHT AND LEVEL,WET,UNKNOWN,NO INJURY / DRIVE AWAY,"$501 - $1,500",UNABLE TO DETERMINE,UNABLE TO DETERMINE,2707,N,CLARK ST,2,NO INDICATION OF INJURY,0.0,0.0,0.0,0.0,0.0,3.0,0.0,12,7,8
9592718fbd05703c7b72ca04cea9e9d0640e1367717817540381c8aea9a94be146425b90e0272dc1b3108fba381dd415279f3ae1760663a3c162e24db34cc2aa,2020-04-28 15:30:00,30,NO CONTROLS,NO CONTROLS,CLEAR,DAYLIGHT,SIDESWIPE SAME DIRECTION,DIVIDED - W/MEDIAN (NOT RAISED),STRAIGHT AND LEVEL,DRY,NO DEFECTS,INJURY AND / OR TOW DUE TO CRASH,"OVER $1,500",IMPROPER OVERTAKING/PASSING,FAILING TO REDUCE SPEED TO AVOID CRASH,1855,E,95TH ST,2,NONINCAPACITATING INJURY,1.0,0.0,0.0,1.0,0.0,1.0,0.0,15,3,4
4aefc1539acf6a9cd7f22e1aea7c86ce285051252a7c3362c19674600a80b58e6102d6c67570f832b3bf995f35f63e96b909f166a54ad9347759ab04421cf51d,2020-11-21 08:29:00,30,NO CONTROLS,NO CONTROLS,SNOW,DAYLIGHT,REAR END,NOT DIVIDED,STRAIGHT AND LEVEL,DRY,NO DEFECTS,NO INJURY / DRIVE AWAY,$500 OR LESS,NOT APPLICABLE,NOT APPLICABLE,5602,W,CHICAGO AVE,3,NO INDICATION OF INJURY,0.0,0.0,0.0,0.0,0.0,4.0,0.0,8,7,11
06810e1f21d90d5fa9f5fe3f672d4bed364bafd455c9bcfbc19a96044587987c5dc34e85b5d2ec1ede6edc8968c5dc113f097b65e088485e5657f195ca2c8a2b,2024-04-03 12:28:00,30,TRAFFIC SIGNAL,FUNCTIONING PROPERLY,RAIN,DAYLIGHT,TURNING,FOUR WAY,STRAIGHT AND LEVEL,WET,NO DEFECTS,NO INJURY / DRIVE AWAY,"OVER $1,500",FAILING TO YIELD RIGHT-OF-WAY,IMPROPER TURNING/NO SIGNAL,9501,S,WOODLAWN AVE,3,NO INDICATION OF INJURY,0.0,0.0,0.0,0.0,0.0,2.0,0.0,12,4,4
8e26280a10de12ef6732c470ccfd00f28795a0192164494c07071d2d84ab7c364f72793b8e2dae7bddd06626f6009d3f6a21cec7da272b1e6a3a0bddd6a14d7f,2019-07-01 16:00:00,30,NO CONTROLS,NO CONTROLS,CLEAR,DAYLIGHT,REAR END,NOT DIVIDED,STRAIGHT AND LEVEL,DRY,NO DEFECTS,NO INJURY / DRIVE AWAY,"OVER $1,500",UNABLE TO DETERMINE,UNABLE TO DETERMINE,3667,W,PETERSON AVE,2,NO INDICATION OF INJURY,0.0,0.0,0.0,0.0,0.0,2.0,0.0,16,2,7
e1cdbb52bf26da3c3efbbf74794879149f6d7c1f91a6c9174ade55bf4dca86f966255a64d0f8379cb0cc79ae06e278efcbaaa7e1f175eef860f2d5abc19dcc15,2017-12-26 16:30:00,30,NO CONTROLS,NO CONTROLS,CLEAR,DUSK,TURNING,NOT DIVIDED,STRAIGHT AND LEVEL,SNOW OR SLUSH,NO DEFECTS,NO INJURY / DRIVE AWAY,"OVER $1,500",FAILING TO YIELD RIGHT-OF-WAY,FAILING TO YIELD RIGHT-OF-WAY,6500,N,WESTERN AVE,2,NO INDICATION OF INJURY,0.0,0.0,0.0,0.0,0.0,2.0,0.0,16,3,12
97fb9f7edd06abc8f117cc32a7b718861c908536a8a7aa4f04db7364928a05089026b332c4fababe511cd6ef66931979a30746ca142ef13fa026607df6c5738a,2023-04-27 11:58:00,30,NO CONTROLS,NO CONTROLS,CLEAR,DAYLIGHT,ANGLE,ALLEY,STRAIGHT AND LEVEL,DRY,NO DEFECTS,NO INJURY / DRIVE AWAY,"OVER $1,500",UNABLE TO DETERMINE,UNABLE TO DETERMINE,8800,S,DR MARTIN LUTHER KING JR DR,2,NO INDICATION OF INJURY,0.0,0.0,0.0,0.0,0.0,2.0,0.0,11,5,4
29859215b245582aa42d28dbd699a6b2e3b52f5354e54317cc5f33a2ddeaace69cc164e14c5a2e0472ed9969a275bae7328440a706bd8f138ac584f446ae070f,2018-04-13 09:20:00,30,TRAFFIC SIGNAL,FUNCTIONING PROPERLY,CLEAR,DAYLIGHT,TURNING,DIVIDED - W/MEDIAN BARRIER,STRAIGHT AND LEVEL,DRY,NO DEFECTS,INJURY AND / OR TOW DUE TO CRASH,"OVER $1,500",IMPROPER LANE USAGE,IMPROPER TURNING/NO SIGNAL,8658,S,WESTERN AVE,2,NO INDICATION OF INJURY,0.0,0.0,0.0,0.0,0.0,2.0,0.0,9,6,4
f4c2b1018733016e5c51f0f7baa9a32cb78d3fd034c19f49ada4d0f329befd05ee5efc863fab6a3ce5035a755bb089277abc7fa31011836a2498185d433e1108,2016-04-05 20:15:00,30,NO CONTROLS,NO CONTROLS,CLEAR,"DARKNESS, LIGHTED ROAD",SIDESWIPE SAME DIRECTION,NOT DIVIDED,STRAIGHT AND LEVEL,DRY,NO DEFECTS,NO INJURY / DRIVE AWAY,"OVER $1,500",UNABLE TO DETERMINE,NOT APPLICABLE,1929,N,CLARK ST,2,NO INDICATION OF INJURY,0.0,0.0,0.0,0.0,0.0,2.0,0.0,20,3,4
50d0af6a458f97cef22bddf929a9769d0013aa193fb043a2fc764890c1e922459503e244172309a29622e3d387bf8c28c51e6f2375f387f463d1b9169d807002,2021-03-18 23:25:00,30,UNKNOWN,UNKNOWN,CLEAR,"DARKNESS, LIGHTED ROAD",ANGLE,FOUR WAY,STRAIGHT AND LEVEL,UNKNOWN,UNKNOWN,INJURY AND / OR TOW DUE TO CRASH,"OVER $1,500",UNABLE TO DETERMINE,UNABLE TO DETERMINE,57,N,CICERO AVE,2,NO INDICATION OF INJURY,0.0,0.0,0.0,0.0,0.0,2.0,0.0,23,5,3
f536ecbdf61230560213eaa98433ce1111a413a1a69d63dca9a8dc04282e408287fc742c65e6292e420334b35a18627fceb754abf6f4d4baab5ef411077ba37a,2022-03-03 08:30:00,25,TRAFFIC SIGNAL,FUNCTIONING PROPERLY,CLEAR,DAYLIGHT,PARKED MOTOR VEHICLE,FOUR WAY,STRAIGHT ON GRADE,DRY,UNKNOWN,NO INJURY / DRIVE AWAY,"OVER $1,500",UNABLE TO DETERMINE,UNABLE TO DETERMINE,1158,W,PRATT BLVD,2,NO INDICATION OF INJURY,0.0,0.0,0.0,0.0,0.0,1.0,0.0,8,5,3
44638e269ee6f6af7d822c11e1dd3ddc0207299aae0fbe2cc9e8ec3344968bcd52a9d3370e088eee6c1f54681efd10d730ee2015d2ce7d219bd03f4346738df8,2022-08-25 04:49:00,30,NO CONTROLS,NO CONTROLS,CLEAR,"DARKNESS, LIGHTED ROAD",PARKED MOTOR VEHICLE,OTHER,STRAIGHT AND LEVEL,DRY,NO DEFECTS,INJURY AND / OR TOW DUE TO CRASH,"OVER $1,500",UNABLE TO DETERMINE,UNABLE TO DETERMINE,1813,N,KEYSTONE AVE,2,NO INDICATION OF INJURY,0.0,0.0,0.0,0.0,0.0,1.0,0.0,4,5,8
4c09c430a6d5b257d6d36b88138ad4b1aa6a398b01094ec0371ffa2f3e7e47e2873ad7609619dc22a47e5090f723497f68ab9a936d4415f4485d2f2b8cdde456,2021-04-28 18:00:00,30,NO CONTROLS,NO CONTROLS,CLEAR,DAYLIGHT,TURNING,NOT DIVIDED,STRAIGHT AND LEVEL,DRY,NO DEFECTS,NO INJURY / DRIVE AWAY,"$501 - $1,500",DRIVING SKILLS/KNOWLEDGE/EXPERIENCE,NOT APPLICABLE,2405,W,FULLERTON AVE,2,NO INDICATION OF INJURY,0.0,0.0,0.0,0.0,0.0,2.0,0.0,18,4,4
a943632f72f13fa1879d76f50c462ee642d9452ea5b5324816d0b83c13396888f260c8979b2cea1d43c7e7f47310debad64a7ac35c9096ace36a36eac64c551e,2017-08-19 21:55:00,25,TRAFFIC SIGNAL,FUNCTIONING PROPERLY,CLEAR,"DARKNESS, LIGHTED ROAD",REAR END,NOT DIVIDED,STRAIGHT AND LEVEL,DRY,NO DEFECTS,NO INJURY / DRIVE AWAY,"OVER $1,500",NOT APPLICABLE,NOT APPLICABLE,3701,W,COLUMBUS AVE,2,NO INDICATION OF INJURY,0.0,0.0,0.0,0.0,0.0,2.0,0.0,21,7,8
3b24b993fcd8eb07965e0c4e0064f04a11b3b6f2ee4175ddc5c6f042b74bc9d6023639022dae6b740973d99c9037149ab8841c563cc8f86fc18e869bd4250eaf,2021-02-28 14:23:00,30,STOP SIGN/FLASHER,FUNCTIONING PROPERLY,RAIN,DAYLIGHT,ANGLE,FOUR WAY,STRAIGHT AND LEVEL,WET,NO DEFECTS,INJURY AND / OR TOW DUE TO CRASH,"OVER $1,500",DISREGARDING STOP SIGN,NOT APPLICABLE,7759,S,DAMEN AVE,2,NONINCAPACITATING INJURY,1.0,0.0,0.0,1.0,0.0,1.0,0.0,14,1,2
3a3158a88938612a6a08c20483c75854e51691d5e784fba8e083f6a317cda681d176abb0ead12a44f9eec736b7334f9fa3753907a99529c60bcc79afcaea69ca,2016-12-03 18:15:00,30,NO CONTROLS,NO CONTROLS,CLEAR,DAYLIGHT,ANGLE,ONE-WAY,STRAIGHT AND LEVEL,DRY,OTHER,NO INJURY / DRIVE AWAY,"$501 - $1,500",UNABLE TO DETERMINE,UNABLE TO DETERMINE,3615,S,MICHIGAN AVE,2,NO INDICATION OF INJURY,0.0,0.0,0.0,0.0,0.0,2.0,0.0,18,7,12
c3ece096ec9d07ab830c7c81eb4a73bdf22afc0cc47b6ccbb703202bc39471501bec87207c296c912e660397fa5a1f21fc0fce5903c8f3719a75fc9ac7afcfba,2023-05-06 14:06:00,30,NO CONTROLS,NO CONTROLS,CLEAR,DAYLIGHT,REAR END,DIVIDED - W/MEDIAN (NOT RAISED),STRAIGHT AND LEVEL,DRY,NO DEFECTS,NO INJURY / DRIVE AWAY,"OVER $1,500",UNABLE TO DETERMINE,NOT APPLICABLE,5623,W,NORTH AVE,2,NO INDICATION OF INJURY,0.0,0.0,0.0,0.0,0.0,2.0,0.0,14,7,5
1e94059683ad4cdb165ba6bad8fb768f4de16d93349d5272a56426aa9a38c5482ec0ab80575fa24e55112ddc14846a2aa218b7cffcfce296e4c043b3ba1b2c85,2022-04-25 17:30:00,35,TRAFFIC SIGNAL,NO CONTROLS,CLEAR,DAYLIGHT,ANGLE,NOT DIVIDED,STRAIGHT AND LEVEL,DRY,NO DEFECTS,NO INJURY / DRIVE AWAY,"OVER $1,500",DRIVING SKILLS/KNOWLEDGE/EXPERIENCE,NOT APPLICABLE,2601,W,63RD ST,2,NO INDICATION OF INJURY,0.0,0.0,0.0,0.0,0.0,2.0,0.0,17,2,4
a05f85d56981439b8eb7dd6e176200d60a602c71aa2421bbc1aab287a1aef61f609d368d7d994685ceba4a16149c6b1cd5902b65fc16f71c84cae30c51d481bb,2019-01-22 10:30:00,30,STOP SIGN/FLASHER,FUNCTIONING PROPERLY,SNOW,DAYLIGHT,ANGLE,NOT DIVIDED,STRAIGHT AND LEVEL,SNOW OR SLUSH,NO DEFECTS,INJURY AND / OR TOW DUE TO CRASH,"OVER $1,500",FAILING TO YIELD RIGHT-OF-WAY,FAILING TO YIELD RIGHT-OF-WAY,2652,W,CHICAGO AVE,2,NO INDICATION OF INJURY,0.0,0.0,0.0,0.0,0.0,2.0,0.0,10,3,1
8766aaf0bd14b46c938a533960dde4b615991c4ec5f17107021064de17de6e8b4f50f4c4ae2b434bbcb681fe0180c357d6ff72046b669806f322b58e39bd4d89,2018-04-27 15:30:00,30,NO CONTROLS,NO CONTROLS,UNKNOWN,DAYLIGHT,PARKED MOTOR VEHICLE,NOT DIVIDED,STRAIGHT AND LEVEL,UNKNOWN,NO DEFECTS,NO INJURY / DRIVE AWAY,"OVER $1,500",UNABLE TO DETERMINE,UNABLE TO DETERMINE,224,W,SCOTT ST,2,NO INDICATION OF INJURY,0.0,0.0,0.0,0.0,0.0,1.0,0.0,15,6,4
caa2ed94288d40e53dba0142b9e51310f3ffa05e2b48e5183a21e13314d8017ba90b8f575676daef1bec93e2376a27f73a52f7efaf673c3ec763a073dff51726,2023-10-13 18:57:00,30,STOP SIGN/FLASHER,NO CONTROLS,RAIN,DAYLIGHT,REAR END,NOT DIVIDED,STRAIGHT AND LEVEL,WET,NO DEFECTS,NO INJURY / DRIVE AWAY,"OVER $1,500",FOLLOWING TOO CLOSELY,NOT APPLICABLE,5900,S,ROCKWELL ST,2,NO INDICATION OF INJURY,0.0,0.0,0.0,0.0,0.0,2.0,0.0,18,6,10