CRASH_RECORD_ID,CRASH_DATE,POSTED_SPEED_LIMIT,TRAFFIC_CONTROL_DEVICE,DEVICE_CONDITION,WEATHER_CONDITION,LIGHTING_CONDITION,FIRST_CRASH_TYPE,TRAFFICWAY_TYPE,ALIGNMENT,ROADWAY_SURFACE_COND,ROAD_DEFECT,CRASH_TYPE,DAMAGE,PRIM_CONTRIBUTORY_CAUSE,SEC_CONTRIBUTORY_CAUSE,STREET_NO,STREET_DIRECTION,STREET_NAME,NUM_UNITS,MOST_SEVERE_INJURY,INJURIES_TOTAL,INJURIES_FATAL,INJURIES_INCAPACITATING,INJURIES_NON_INCAPACITATING,INJURIES_REPORTED_NOT_EVIDENT,INJURIES_NO_INDICATION,INJURIES_UNKNOWN,CRASH_HOUR,CRASH_DAY_OF_WEEK,CRASH_MONTH
c978120722e3a1717250baac1fd397ebe11cb30eeb0f2127eef8786feac8788afadf6632a5752321540768f423d370257fd1fe67ffe3fa16361867b673257fbe,2024-04-23 17:53:00,30,STOP SIGN/FLASHER,FUNCTIONING PROPERLY,CLEAR,DARKNESS,ANGLE,NOT DIVIDED,STRAIGHT AND LEVEL,DRY,UNKNOWN,INJURY AND / OR TOW DUE TO CRASH,"OVER $1,500",DRIVING SKILLS/KNOWLEDGE/EXPERIENCE,NOT APPLICABLE,2699,W,MARQUETTE RD,2,NO INDICATION OF INJURY,0.0,0.0,0.0,0.0,0.0,2.0,0.0,17,3,4
2e811134d1755036a45e08cd5c2b220bb5c1c2655f51d675dcd3d00e3538a182742b77f8490283056dfcf1562e897b6232449d92bbffe30024bb9c90658cc48e,2023-02-05 12:56:00,30,NO CONTROLS,FUNCTIONING PROPERLY,CLEAR,DAYLIGHT,REAR END,DIVIDED - W/MEDIAN (NOT RAISED),STRAIGHT AND LEVEL,DRY,NO DEFECTS,INJURY AND / OR TOW DUE TO CRASH,"OVER $1,500",DISTRACTION - FROM INSIDE VEHICLE,NOT APPLICABLE,4201,S,WESTERN AVE,2,"REPORTED, NOT EVIDENT",1.0,0.0,0.0,0.0,1.0,4.0,0.0,12,1,2
a2b8dce79b96221a0eb46c2ddc00dacf779cf0d1d10ab6a99909935278c0ccb68789e67830ba16b92b868df206b15409cf6c2a9b37b5f287005ab5ae556368b0,2022-07-18 22:44:00,30,STOP SIGN/FLASHER,FUNCTIONING PROPERLY,CLEAR,"DARKNESS, LIGHTED ROAD",PEDESTRIAN,FOUR WAY,STRAIGHT AND LEVEL,DRY,NO DEFECTS,NO INJURY / DRIVE AWAY,"OVER $1,500",FAILING TO REDUCE SPEED TO AVOID CRASH,FAILING TO REDUCE SPEED TO AVOID CRASH,1900,W,OGDEN AVE,2,NO INDICATION OF INJURY,0.0,0.0,0.0,0.0,0.0,4.0,0.0,22,2,7
cd3c93885c906a7f2a85a2d881f7e1491ec699656005338972737ee9feada84f69aab660204703cbf818b32df0a1ff975501529d883a959fcd65d8f482109ee4,2021-10-11 11:55:00,20,NO CONTROLS,NO CONTROLS,CLEAR,DAYLIGHT,TURNING,PARKING LOT,STRAIGHT AND LEVEL,DRY,NO DEFECTS,NO INJURY / DRIVE AWAY,"$501 - $1,500",FAILING TO YIELD RIGHT-OF-WAY,FAILING TO YIELD RIGHT-OF-WAY,10000,W,OHARE ST,2,NO INDICATION OF INJURY,0.0,0.0,0.0,0.0,0.0,2.0,0.0,11,2,10
79621452b1fbfa568bdf5bfd5496159f5185b9075cdfff5e6ed2abf7e865d33cfbbb709c1b58c21687ac5d3f1e2d7f94fd78572da3866def2a8fe525be4f362e,2023-02-01 14:05:00,30,NO CONTROLS,NO CONTROLS,CLEAR,DAYLIGHT,SIDESWIPE SAME DIRECTION,NOT DIVIDED,STRAIGHT AND LEVEL,DRY,UNKNOWN,NO INJURY / DRIVE AWAY,"OVER $1,500",FAILING TO YIELD RIGHT-OF-WAY,UNABLE TO DETERMINE,7045,S,JEFFERY BLVD,2,NO INDICATION OF INJURY,0.0,0.0,0.0,0.0,0.0,2.0,0.0,14,4,2
1a120af7319044a7c0889ba74a586a05cfbdeef5c96c4e7e5cea9a2532edc0b3820ac75c876c39110131624dc1446de579c3a85ac7dbe88c9a0f5fd3f48cbc2a,2019-10-27 08:13:00,30,NO CONTROLS,NO CONTROLS,CLEAR,DAYLIGHT,PARKED MOTOR VEHICLE,NOT DIVIDED,STRAIGHT AND LEVEL,DRY,NO DEFECTS,INJURY AND / OR TOW DUE TO CRASH,"OVER $1,500",UNABLE TO DETERMINE,UNABLE TO DETERMINE,3806,W,WASHINGTON BLVD,2,NO INDICATION OF INJURY,0.0,0.0,0.0,0.0,0.0,1.0,0.0,8,1,10
91fc5f25fc5f3e3f7662805b62cfc85c8ca68c1c5756eab0374376c8dbd3ad7b7edc12bbb4475e4861d867248dbeb9872ba41402e4719333037d05a3f4700186,2018-03-22 16:30:00,30,NO CONTROLS,NO CONTROLS,UNKNOWN,UNKNOWN,REAR END,NOT DIVIDED,STRAIGHT AND LEVEL,UNKNOWN,UNKNOWN,NO INJURY / DRIVE AWAY,"$501 - $1,500",UNABLE TO DETERMINE,UNABLE TO DETERMINE,2250,W,AUGUSTA BLVD,3,NO INDICATION OF INJURY,0.0,0.0,0.0,0.0,0.0,5.0,0.0,16,5,3
9e4464e8a33debf02bdfd692bddd8ba48bacf246c5a317c047b3fe1b4bab7a7b10f69b2c18f767ed0c76871a1645f72ff943009aec5c7c0237cf57105c0fc8dd,2019-01-17 12:00:00,25,STOP SIGN/FLASHER,FUNCTIONING PROPERLY,CLEAR,DAYLIGHT,TURNING,NOT DIVIDED,STRAIGHT AND LEVEL,DRY,NO DEFECTS,NO INJURY / DRIVE AWAY,"OVER $1,500",IMPROPER TURNING/NO SIGNAL,NOT APPLICABLE,10350,S,TORRENCE AVE,2,NO INDICATION OF INJURY,0.0,0.0,0.0,0.0,0.0,2.0,0.0,12,5,1
e88d883a447841f1141f0f44de33180b614fdf8f4f71aaf7f3bd370220eba508f9ed43b2d0bcd2f71351fe4f5e16dceb6d0e898e18c941c7aa6dfa3309074070,2022-07-20 07:20:00,25,NO CONTROLS,NO CONTROLS,CLEAR,DAYLIGHT,PARKED MOTOR VEHICLE,NOT DIVIDED,STRAIGHT ON GRADE,DRY,NO DEFECTS,NO INJURY / DRIVE AWAY,"$501 - $1,500",UNABLE TO DETERMINE,UNABLE TO DETERMINE,5755,W,63RD ST,2,NO INDICATION OF INJURY,0.0,0.0,0.0,0.0,0.0,1.0,0.0,7,4,7
71fb1dcb2be879495cb26a70e032a6942e75f54ee8daaebcb5a115c5d8934fdd3d3240df38affccc3eb415245d1e2a1b38c87e189355ef79bb808cd5a64cbf87,2017-06-22 15:00:00,30,NO CONTROLS,NO CONTROLS,CLEAR,DAYLIGHT,PARKED MOTOR VEHICLE,PARKING LOT,STRAIGHT AND LEVEL,DRY,NO DEFECTS,NO INJURY / DRIVE AWAY,"OVER $1,500",UNABLE TO DETERMINE,UNABLE TO DETERMINE,7599,N,CLARK ST,2,NO INDICATION OF INJURY,0.0,0.0,0.0,0.0,0.0,2.0,0.0,15,5,6
086f41e89ce6bc58f740329746a9bc6aa316f3360c84363d90afa0ac33e9f25601cf449f144d46cae4f3cf00d921b0b1d8295dc8c36fbf07c5dafe0b304aa96e,2020-11-18 04:51:00,30,NO CONTROLS,NO CONTROLS,CLEAR,"DARKNESS, LIGHTED ROAD",PARKED MOTOR VEHICLE,DIVIDED - W/MEDIAN (NOT RAISED),STRAIGHT AND LEVEL,DRY,NO DEFECTS,INJURY AND / OR TOW DUE TO CRASH,"OVER $1,500",FAILING TO REDUCE SPEED TO AVOID CRASH,NOT APPLICABLE,5913,N,WESTERN AVE,6,NO INDICATION OF INJURY,0.0,0.0,0.0,0.0,0.0,1.0,0.0,4,4,11
2fda4c13b4707764ede344fd78a89ff08bcd0982e8dfd29f8fb7355371dc329e81e025ea957a74249486c34b26c9f156b13bdf5413e31b8bccaadbb86dce30de,2016-10-02 16:00:00,30,STOP SIGN/FLASHER,FUNCTIONING PROPERLY,CLEAR,DAYLIGHT,SIDESWIPE SAME DIRECTION,NOT DIVIDED,STRAIGHT AND LEVEL,DRY,NO DEFECTS,NO INJURY / DRIVE AWAY,"$501 - $1,500",IMPROPER OVERTAKING/PASSING,NOT APPLICABLE,2700,N,AUSTIN AVE,2,NO INDICATION OF INJURY,0.0,0.0,0.0,0.0,0.0,3.0,0.0,16,1,10
fbd4a1d8674035382ba7ac1877f387e1c9348873788b3fdc0ef04b7158ac25d919cb247782d5826862aa56b893fbdf6bad34e55d43ffc42d3e100787e2e24a4f,2022-05-08 03:30:00,30,NO CONTROLS,NO CONTROLS,CLEAR,DARKNESS,PARKED MOTOR VEHICLE,NOT DIVIDED,STRAIGHT AND LEVEL,DRY,NO DEFECTS,NO INJURY / DRIVE AWAY,"$501 - $1,500",UNABLE TO DETERMINE,UNABLE TO DETERMINE,6549,W,HIGGINS AVE,2,NO INDICATION OF INJURY,0.0,0.0,0.0,0.0,0.0,1.0,0.0,3,1,5
2b84b632abff742d499695ae25d9634174fca66145dca49aa7aa799cb69aec4085ad8c2b4738652c7142855f620d90c7c50f4f7260c10b48c38426a8e9a9a4e9,2019-10-30 08:00:00,30,NO CONTROLS,NO CONTROLS,RAIN,DAYLIGHT,TURNING,PARKING LOT,STRAIGHT AND LEVEL,WET,NO DEFECTS,NO INJURY / DRIVE AWAY,"OVER $1,500",IMPROPER LANE USAGE,UNABLE TO DETERMINE,3749,W,CHICAGO AVE,2,NO INDICATION OF INJURY,0.0,0.0,0.0,0.0,0.0,7.0,0.0,8,4,10
14b5f8a46dd46c6a9674d1f87c9de73a2ad9fc701469ecf599ccf9028df28cc24f7265c84e46676e640de1b9f53a8122dd0eb65e6acd1a78a0c4f210e2ee5a36,2021-01-18 02:04:00,35,NO CONTROLS,NO CONTROLS,CLEAR,"DARKNESS, LIGHTED ROAD",PARKED MOTOR VEHICLE,ONE-WAY,STRAIGHT AND LEVEL,WET,UNKNOWN,INJURY AND / OR TOW DUE TO CRASH,"OVER $1,500",UNABLE TO DETERMINE,NOT APPLICABLE,7604,S,CLYDE AVE,2,NO INDICATION OF INJURY,0.0,0.0,0.0,0.0,0.0,1.0,0.0,2,2,1
5ecf68b17a4c6b9a6e590b1d3f2b7d1ca03ff564c7c7797dad2dc0727ffa3ec24ad8fcf9bc0cb514eee27763caf5511ba5ba6227a8c68371044930d0310ba1ec,2021-06-01 15:52:00,30,STOP SIGN/FLASHER,FUNCTIONING PROPERLY,CLEAR,DAYLIGHT,REAR END,DIVIDED - W/MEDIAN (NOT RAISED),STRAIGHT AND LEVEL,DRY,NO DEFECTS,NO INJURY / DRIVE AWAY,"$501 - $1,500",FAILING TO REDUCE SPEED TO AVOID CRASH,NOT APPLICABLE,3200,N,MOBILE AVE,2,NO INDICATION OF INJURY,0.0,0.0,0.0,0.0,0.0,2.0,0.0,15,3,6
f34402846931308da4187260f6668b68125eb3657cd1d59f9590c031735033edac63d4cf3be78e19c8515a4becdf061c03516acc9a97ac07b170cb7485789c82,2021-10-08 07:15:00,30,NO CONTROLS,NO CONTROLS,CLOUDY/OVERCAST,DAYLIGHT,PARKED MOTOR VEHICLE,ONE-WAY,STRAIGHT AND LEVEL,WET,NO DEFECTS,INJURY AND / OR TOW DUE TO CRASH,"OVER $1,500",EQUIPMENT - VEHICLE CONDITION,NOT APPLICABLE,100,W,CHESTNUT ST,2,NO INDICATION OF INJURY,0.0,0.0,0.0,0.0,0.0,1.0,0.0,7,6,10
13f5159e543a295802001da1945d1fc45cae08197f8a047423aeb43da6912cff32c84093d013ef19874c62ce2accf65234fd6c7fa86b9bde8a39a0412ccc2177,2023-10-14 02:15:00,30,UNKNOWN,UNKNOWN,RAIN,"DARKNESS, LIGHTED ROAD",ANGLE,ALLEY,STRAIGHT AND LEVEL,WET,UNKNOWN,INJURY AND / OR TOW DUE TO CRASH,"OVER $1,500",UNABLE TO DETERMINE,UNABLE TO DETERMINE,739,N,RIDGEWAY AVE,2,NO INDICATION OF INJURY,0.0,0.0,0.0,0.0,0.0,3.0,0.0,2,7,10
3d7da174653970543ec9db2bd0f757d604ac24838a0fffee519fafa242f6222eb572a00137caf810aabe8f95789fda5b92678f1e5d612041a338fe7dbff89885,2021-05-09 09:15:00,30,STOP SIGN/FLASHER,FUNCTIONING PROPERLY,RAIN,DAYLIGHT,TURNING,NOT DIVIDED,STRAIGHT AND LEVEL,WET,NO DEFECTS,INJURY AND / OR TOW DUE TO CRASH,"OVER $1,500",UNABLE TO DETERMINE,UNABLE TO DETERMINE,832,N,ORLEANS ST,2,NO INDICATION OF INJURY,0.0,0.0,0.0,0.0,0.0,2.0,0.0,9,1,5
c8c7333fc2e6fa2b290496aa217f1239f73e9b55fcc8cd3d7e346dfaac0fb8c58d0ab9a0f0ed08918fc616ebeabf5fa03b5589c77c1a33ee9bed8b8c3cf66d03,2019-01-20 21:15:00,30,NO CONTROLS,NO CONTROLS,CLEAR,DARKNESS,PARKED MOTOR VEHICLE,ONE-WAY,STRAIGHT AND LEVEL,UNKNOWN,NO DEFECTS,INJURY AND / OR TOW DUE TO CRASH,"OVER $1,500",FAILING TO REDUCE SPEED TO AVOID CRASH,NOT APPLICABLE,5530,W,QUINCY ST,3,NONINCAPACITATING INJURY,1.0,0.0,0.0,1.0,0.0,0.0,0.0,21,1,1
25872d814faf453be85c678eb2bb91021e5f2fef35dc17c797022a04fe79376276538f0fe345fae07ee124dd1c82573384e1e83375e72a2284487a3d1aa84601,2023-04-19 14:15:00,30,NO CONTROLS,NO CONTROLS,CLEAR,DAYLIGHT,PARKED MOTOR VEHICLE,DIVIDED - W/MEDIAN (NOT RAISED),STRAIGHT AND LEVEL,DRY,NO DEFECTS,NO INJURY / DRIVE AWAY,"OVER $1,500",UNABLE TO DETERMINE,NOT APPLICABLE,3352,S,LOWE AVE,2,NO INDICATION OF INJURY,0.0,0.0,0.0,0.0,0.0,1.0,0.0,14,4,4
aabc565dae6f769245f1bee95d7f094d51149f941c1ffc90719c64f251e77bfc0ef4bbdd9eafc02d117c147ed021d21d9644fed1e544fb50de1b6aca7d05fe2d,2016-12-02 18:15:00,30,NO CONTROLS,NO CONTROLS,CLEAR,"DARKNESS, LIGHTED ROAD",PEDESTRIAN,NOT DIVIDED,STRAIGHT AND LEVEL,DRY,NO DEFECTS,INJURY AND / OR TOW DUE TO CRASH,"$501 - $1,500",FAILING TO REDUCE SPEED TO AVOID CRASH,FAILING TO YIELD RIGHT-OF-WAY,1500,E,63RD ST,2,INCAPACITATING INJURY,1.0,0.0,1.0,0.0,0.0,1.0,0.0,18,6,12
49054440aac923e4f762eaae105468dc370259d4ba2fdd77363b1244252949da1f5390c3199c41f5d9e3ac268208fbd47ef608d0646d0c7fa85b4ab14479de6d,2020-09-03 12:00:00,30,NO CONTROLS,NO CONTROLS,CLEAR,DAYLIGHT,REAR END,PARKING LOT,STRAIGHT AND LEVEL,DRY,NO DEFECTS,NO INJURY / DRIVE AWAY,"OVER $1,500",FOLLOWING TOO CLOSELY,UNABLE TO DETERMINE,3200,W,ROOSEVELT RD,2,NO INDICATION OF INJURY,0.0,0.0,0.0,0.0,0.0,3.0,0.0,12,5,9
987027bdb2db07b0b2452023b07a21b827a2f7b9fa4483a333ad4ede03bfedfd3db488f676ae76fda665ecfd83e793b7eeb1870ffa8e7e921612ff6c0311b02f,2016-09-29 16:00:00,30,NO CONTROLS,NO CONTROLS,CLEAR,DAYLIGHT,ANGLE,NOT DIVIDED,STRAIGHT AND LEVEL,DRY,NO DEFECTS,NO INJURY / DRIVE AWAY,"$501 - $1,500",UNABLE TO DETERMINE,UNABLE TO DETERMINE,1151,W,HOLLYWOOD AVE,2,NO INDICATION OF INJURY,0.0,0.0,0.0,0.0,0.0,2.0,0.0,16,5,9
b83abf86ec886c3d23e6a461558a9af5b2971fd508eae3985a7a764fad545a4422ea000d1cbe3658893c6b8effd6ede387cae2326969bfd081066d912354ffc3,2019-04-05 22:30:00,30,TRAFFIC SIGNAL,FUNCTIONING PROPERLY,CLEAR,"DARKNESS, LIGHTED ROAD",REAR END,OTHER,STRAIGHT ON HILLCREST,DRY,NO DEFECTS,INJURY AND / OR TOW DUE TO CRASH,"$501 - $1,500",DRIVING SKILLS/KNOWLEDGE/EXPERIENCE,NOT APPLICABLE,2101,W,103RD ST,2,"REPORTED, NOT EVIDENT",1.0,0.0,0.0,0.0,1.0,2.0,0.0,22,6,4
6a81072ed00491768fc9a6a54644d13638c0bc7724d18304121086c75fe4169636645c7eca7f66c59fe44cd0aa635ff03a3e15eaa693b06fb73e5b7f77ae1708,2020-05-20 19:00:00,30,NO CONTROLS,NO CONTROLS,CLEAR,DAYLIGHT,REAR END,NOT DIVIDED,STRAIGHT AND LEVEL,DRY,NO DEFECTS,NO INJURY / DRIVE AWAY,"OVER $1,500",FOLLOWING TOO CLOSELY,NOT APPLICABLE,4900,W,LAWRENCE AVE,2,NO INDICATION OF INJURY,0.0,0.0,0.0,0.0,0.0,2.0,0.0,19,4,5
4d10591ab9a69cc317c0c20517fcfa942e7ffc673bdfffd8f7755942b9e0e6aa11ebfbfd38119307b06a46c31a98824478c8a8e8423fa17f80755038499deb9b,2023-06-21 09:01:00,10,NO CONTROLS,NO CONTROLS,CLEAR,UNKNOWN,PARKED MOTOR VEHICLE,PARKING LOT,STRAIGHT AND LEVEL,UNKNOWN,UNKNOWN,NO INJURY / DRIVE AWAY,$500 OR LESS,UNABLE TO DETERMINE,NOT APPLICABLE,10000,W,BALMORAL AVE,2,NO INDICATION OF INJURY,0.0,0.0,0.0,0.0,0.0,1.0,0.0,9,4,6
4cdfb59c65177d5d5d5a1a11571adfe24fe19e551fc2499b1f3584d21435e6581bfdd41e27a1c84800b3c5d712cf2c86b5bfe4b565fc3e2bfced265558f978fe,2016-10-01 19:15:00,30,NO CONTROLS,NO CONTROLS,CLEAR,DAWN,TURNING,NOT DIVIDED,STRAIGHT AND LEVEL,DRY,NO DEFECTS,NO INJURY / DRIVE AWAY,"OVER $1,500",IMPROPER LANE USAGE,UNABLE TO DETERMINE,2400,S,CANAL ST,2,NO INDICATION OF INJURY,0.0,0.0,0.0,0.0,0.0,2.0,0.0,19,7,10
710728981ef01358263eded8d3a46e1bb3850b2abe608ee9888895ab103f8da7d239587118b5ed26ae6a602246eae4319401ab4ad02652d14d17a13d62328fa5,2023-12-07 19:30:00,30,NO CONTROLS,UNKNOWN,CLEAR,"DARKNESS, LIGHTED ROAD",TURNING,NOT DIVIDED,STRAIGHT AND LEVEL,DRY,UNKNOWN,NO INJURY / DRIVE AWAY,"OVER $1,500",UNABLE TO DETERMINE,NOT APPLICABLE,4813,N,NAGLE AVE,2,NO INDICATION OF INJURY,0.0,0.0,0.0,0.0,0.0,5.0,0.0,19,5,12
e44a9c7b5140691c3a7a60e691f5bd56e4c52ed45a3204f8bf7c1e945eeaa9fbded589d8292d2a2ba121f6f55f91c2fa4e3819cace0506718f4908a9c5c7876c,2019-02-17 10:15:00,30,TRAFFIC SIGNAL,FUNCTIONING PROPERLY,SNOW,DAYLIGHT,REAR END,NOT DIVIDED,STRAIGHT AND LEVEL,SNOW OR SLUSH,NO DEFECTS,NO INJURY / DRIVE AWAY,"OVER $1,500",EXCEEDING SAFE SPEED FOR CONDITIONS,WEATHER,6323,W,FOSTER AVE,2,NO INDICATION OF INJURY,0.0,0.0,0.0,0.0,0.0,3.0,0.0,10,1,2
83653777d13ae48e204fb51bb500da8b51c8247fd9172004e330ea35d72cf629cd0cc27f93e0ccf80240afd5c8f9a3b0dfd00cd3366e1313f5979d1297a6b102,2018-02-20 14:06:00,30,NO CONTROLS,NO CONTROLS,RAIN,DAYLIGHT,REAR END,ONE-WAY,STRAIGHT AND LEVEL,WET,NO DEFECTS,NO INJURY / DRIVE AWAY,$500 OR LESS,UNABLE TO DETERMINE,NOT APPLICABLE,2129,W,RICE ST,2,NO INDICATION OF INJURY,0.0,0.0,0.0,0.0,0.0,2.0,0.0,14,3,2
252f49cb0f81fb53b490fbb529f4b90031893987d92c94e9e795dcd590f3ec9cf7d322254f290d2afffb221e80b77699534c64c171620a66f27937a2145c47a5,2016-03-01 18:15:00,30,STOP SIGN/FLASHER,FUNCTIONING PROPERLY,SNOW,"DARKNESS, LIGHTED ROAD",REAR END,NOT DIVIDED,STRAIGHT AND LEVEL,ICE,NO DEFECTS,NO INJURY / DRIVE AWAY,$500 OR LESS,FOLLOWING TOO CLOSELY,NOT APPLICABLE,798,N,THROOP ST,2,NO INDICATION OF INJURY,0.0,0.0,0.0,0.0,0.0,2.0,0.0,18,3,3
d14c48d6dff348600d1f663fd1161e9cefe8edf4d35d847098ce61d99ecdf7c8c260d80213e6eac67028c9cd7cbfe42d73e0fea6f6179971b21e70873e6267b8,2019-05-30 16:00:00,30,TRAFFIC SIGNAL,FUNCTIONING PROPERLY,CLEAR,DAYLIGHT,REAR END,NOT DIVIDED,STRAIGHT AND LEVEL,DRY,NO DEFECTS,NO INJURY / DRIVE AWAY,"$501 - $1,500",DISTRACTION - FROM INSIDE VEHICLE,DISTRACTION - FROM INSIDE VEHICLE,10300,S,COTTAGE GROVE AVE,2,NO INDICATION OF INJURY,0.0,0.0,0.0,0.0,0.0,2.0,0.0,16,5,5
a0c56fade9db5cb26c53234ecde3221cd6f5fd36c759ea97f657aa28a189a89182c80d7d679090f1fac7890b999dbfa568f84ac91364ede7eec976ad087fadd7,2020-01-10 15:15:00,30,NO CONTROLS,NO CONTROLS,UNKNOWN,UNKNOWN,PARKED MOTOR VEHICLE,NOT DIVIDED,STRAIGHT AND LEVEL,UNKNOWN,UNKNOWN,NO INJURY / DRIVE AWAY,"OVER $1,500",UNABLE TO DETERMINE,UNABLE TO DETERMINE,1343,W,LOYOLA AVE,4,NO INDICATION OF INJURY,0.0,0.0,0.0,0.0,0.0,1.0,0.0,15,6,1
a80332b60142b53ef8daf55662edd033a46ff9083559ab9c5c8860fa6d5c0a6ebb83ebb6de5e6b8788a67280b945188d9f76b226a18c6ee7e45e12c2a6f8b6fd,2021-01-25 10:30:00,30,NO CONTROLS,NO CONTROLS,CLOUDY/OVERCAST,DAYLIGHT,PARKED MOTOR VEHICLE,NOT DIVIDED,STRAIGHT AND LEVEL,WET,NO DEFECTS,NO INJURY / DRIVE AWAY,"$501 - $1,500",UNABLE TO DETERMINE,NOT APPLICABLE,2704,N,SAWYER AVE,2,NO INDICATION OF INJURY,0.0,0.0,0.0,0.0,0.0,1.0,0.0,10,2,1
26f224e08ade7e029d8afcbb2d05fc5cd773941e1ffd963ebb723532cdcc435c7fc5d6b190b56d9c7196e38aae0763f5237d31bdae5cf5ebd38c8fbdf5a6abb7,2017-06-27 20:00:00,25,NO CONTROLS,NO CONTROLS,CLEAR,DUSK,SIDESWIPE SAME DIRECTION,RAMP,STRAIGHT ON GRADE,DRY,NO DEFECTS,NO INJURY / DRIVE AWAY,"OVER $1,500",UNABLE TO DETERMINE,UNABLE TO DETERMINE,600,N,LAKE SHORE DR NB,2,NO INDICATION OF INJURY,0.0,0.0,0.0,0.0,0.0,2.0,0.0,20,3,6
c02d5833ac954eb90184101a293b22ce5634b69e8b4d6b21cfbbff11611d69d9aaf57eaffea964e3f58a4c7b58da50df472c1b25d9b3d7c2313e66ee332f2d78,2018-07-11 13:15:00,30,TRAFFIC SIGNAL,FUNCTIONING PROPERLY,CLEAR,DAYLIGHT,TURNING,DIVIDED - W/MEDIAN (NOT RAISED),STRAIGHT AND LEVEL,DRY,NO DEFECTS,NO INJURY / DRIVE AWAY,"OVER $1,500",UNABLE TO DETERMINE,NOT APPLICABLE,5799,N,HARLEM AVE,3,NO INDICATION OF INJURY,0.0,0.0,0.0,0.0,0.0,3.0,0.0,13,4,7
edacf50a56c163365ca078549ab7b274bdc8af2fe8b0d0dc340837a0c01e6cb592f10f4e4dae8c79e1ef1ef47c459b7ccfc38f00fac62b28435ae11224bee63e,2022-09-16 08:30:00,15,NO CONTROLS,NO CONTROLS,CLEAR,DAYLIGHT,PARKED MOTOR VEHICLE,PARKING LOT,STRAIGHT AND LEVEL,DRY,NO DEFECTS,NO INJURY / DRIVE AWAY,"$501 - $1,500",IMPROPER BACKING,NOT APPLICABLE,6420,W,FULLERTON AVE,2,NO INDICATION OF INJURY,0.0,0.0,0.0,0.0,0.0,1.0,0.0,8,6,9
226676fcb3b00e2e1e807e909c299e60368b722948a1888b6073730a1151f3f9a94fe47174afa7160e3f299b350d4c69af9329e7c8d19bf568f7281a01b14804,2015-11-04 09:15:00,30,NO CONTROLS,NO CONTROLS,CLEAR,DAYLIGHT,TURNING,DRIVEWAY,STRAIGHT AND LEVEL,DRY,NO DEFECTS,NO INJURY / DRIVE AWAY,"$501 - $1,500",IMPROPER TURNING/NO SIGNAL,UNABLE TO DETERMINE,900,E,63RD ST,2,NO INDICATION OF INJURY,0.0,0.0,0.0,0.0,0.0,2.0,0.0,9,4,11
242ec53748c766982637c1a3bfbaaf0b02b8d0ca811e0d78908088ce0abe683789a36ba680b618bbd4f50eb41f55642b178b9ab6a694b6f125dab381a678d108,2019-05-23 17:24:00,30,TRAFFIC SIGNAL,FUNCTIONING PROPERLY,CLEAR,DAYLIGHT,PARKED MOTOR VEHICLE,ONE-WAY,STRAIGHT AND LEVEL,DRY,NO DEFECTS,NO INJURY / DRIVE AWAY,"OVER $1,500",UNABLE TO DETERMINE,UNABLE TO DETERMINE,4911,W,LEXINGTON ST,2,NO INDICATION OF INJURY,0.0,0.0,0.0,0.0,0.0,1.0,0.0,17,5,5
808ce67b55726c89ac2c8a4669765321188a979d728db492b949ccd5efeaac76819393bef253f717249085ad8d5804d00a2ce6c94096f9e8a058e13ce5ce14ba,2024-02-03 01:00:00,30,NO CONTROLS,NO CONTROLS,CLEAR,"DARKNESS, LIGHTED ROAD",FIXED OBJECT,ONE-WAY,STRAIGHT AND LEVEL,ICE,NO DEFECTS,NO INJURY / DRIVE AWAY,"OVER $1,500",NOT APPLICABLE,NOT APPLICABLE,3001,W,MANN DR,1,NO INDICATION OF INJURY,0.0,0.0,0.0,0.0,0.0,1.0,0.0,1,7,2
3a866ffed7ed9db8c1f8b6d2b7f39292d86a7828c8203d57075256cfbc45bc2470258f7d6cf49666f7be7b3cab4cbcb4bffdc3af5e15fcd7a80c332725b52018,2020-01-31 11:15:00,30,TRAFFIC SIGNAL,FUNCTIONING PROPERLY,CLEAR,DAYLIGHT,TURNING,NOT DIVIDED,STRAIGHT AND LEVEL,WET,NO DEFECTS,INJURY AND / OR TOW DUE TO CRASH,"OVER $1,500",FAILING TO YIELD RIGHT-OF-WAY,FAILING TO YIELD RIGHT-OF-WAY,5198,N,CICERO AVE,2,NO INDICATION OF INJURY,0.0,0.0,0.0,0.0,0.0,2.0,0.0,11,6,1
d652fc9c96d432ac0e6c5232e9c200031391520d320fea51c2dd261c608629171a9d3690618c4e1c842ca464720c4a73cb103dc8e7ccd97b1fb693f309de8a45,2018-07-19 17:25:00,30,TRAFFIC SIGNAL,FUNCTIONING PROPERLY,CLOUDY/OVERCAST,DAYLIGHT,REAR END,DIVIDED - W/MEDIAN (NOT RAISED),STRAIGHT AND LEVEL,DRY,NO DEFECTS,NO INJURY / DRIVE AWAY,$500 OR LESS,UNABLE TO DETERMINE,NOT APPLICABLE,5200,W,HARRISON ST,2,NO INDICATION OF INJURY,0.0,0.0,0.0,0.0,0.0,2.0,0.0,17,5,7