CRASH_RECORD_ID,CRASH_DATE,POSTED_SPEED_LIMIT,TRAFFIC_CONTROL_DEVICE,DEVICE_CONDITION,WEATHER_CONDITION,LIGHTING_CONDITION,FIRST_CRASH_TYPE,TRAFFICWAY_TYPE,ALIGNMENT,ROADWAY_SURFACE_COND,ROAD_DEFECT,CRASH_TYPE,DAMAGE,PRIM_CONTRIBUTORY_CAUSE,SEC_CONTRIBUTORY_CAUSE,STREET_NO,STREET_DIRECTION,STREET_NAME,NUM_UNITS,MOST_SEVERE_INJURY,INJURIES_TOTAL,INJURIES_FATAL,INJURIES_INCAPACITATING,INJURIES_NON_INCAPACITATING,INJURIES_REPORTED_NOT_EVIDENT,INJURIES_NO_INDICATION,INJURIES_UNKNOWN,CRASH_HOUR,CRASH_DAY_OF_WEEK,CRASH_MONTH
56fefeacac0b9ad0c3e086d336192a73ef85433d5fb2956dd2b92eaa45c397d37447171ed2d5576dbdfab9497fae24135e94b38bd7805d6578f7058fdc460f6f,2015-09-13 08:00:00,30,TRAFFIC SIGNAL,FUNCTIONING PROPERLY,CLEAR,DAYLIGHT,SIDESWIPE SAME DIRECTION,DIVIDED - W/MEDIAN (NOT RAISED),STRAIGHT AND LEVEL,DRY,UNKNOWN,NO INJURY / DRIVE AWAY,"$501 - $1,500",UNABLE TO DETERMINE,UNABLE TO DETERMINE,6957,N,SHERIDAN RD,2,NO INDICATION OF INJURY,0.0,0.0,0.0,0.0,0.0,3.0,0.0,8,1,9
a2412d25ee46ebb8a724f0a22cc8aaee15b90be0c03fd68539f8c875300959e9b50401a6df658f1145d0c6c90fdd64f4866fe5d250fea388e2b6fc6dbec32edb,2020-07-01 16:25:00,30,TRAFFIC SIGNAL,FUNCTIONING PROPERLY,CLEAR,DAYLIGHT,SIDESWIPE SAME DIRECTION,DIVIDED - W/MEDIAN BARRIER,STRAIGHT AND LEVEL,DRY,NO DEFECTS,NO INJURY / DRIVE AWAY,"OVER $1,500",IMPROPER LANE USAGE,IMPROPER LANE USAGE,298,S,MICHIGAN AVE,2,NO INDICATION OF INJURY,0.0,0.0,0.0,0.0,0.0,2.0,0.0,16,4,7
0145ee683700b39283b1dcfb636d8aa510f51a8341ef7a85c15b539245be7aed70ec9ef5ad1be4f8e4062c19d58c299716099f5eda98054baa76c79323b04038,2023-08-22 08:50:00,30,TRAFFIC SIGNAL,UNKNOWN,CLEAR,DAYLIGHT,SIDESWIPE SAME DIRECTION,NOT DIVIDED,STRAIGHT AND LEVEL,DRY,UNKNOWN,NO INJURY / DRIVE AWAY,"OVER $1,500",UNABLE TO DETERMINE,UNABLE TO DETERMINE,120,N,CICERO AVE,2,NO INDICATION OF INJURY,0.0,0.0,0.0,0.0,0.0,2.0,0.0,8,3,8
235cc2f8a2811cbcfa842a57af8bc5be67839a2e777ed7c9e6a601dc610982a7dda6a680eb57c579da689fc285534fd5f50391d6e3086c016a11a1e5da8f3394,2024-04-16 17:40:00,30,NO CONTROLS,NO CONTROLS,CLEAR,DAYLIGHT,ANGLE,ONE-WAY,STRAIGHT AND LEVEL,WET,NO DEFECTS,INJURY AND / OR TOW DUE TO CRASH,"OVER $1,500",FAILING TO YIELD RIGHT-OF-WAY,NOT APPLICABLE,221,S,LOCKWOOD AVE,2,NO INDICATION OF INJURY,0.0,0.0,0.0,0.0,0.0,2.0,0.0,17,3,4
d4853a55078464ba6c9b1ea91996d098ad26354a73989b7200a89569713cbf36a9aee1c347c577c5dc8865813c68dac1dc6181052207705fa23239e62e9eb42a,2017-08-09 12:00:00,30,NO CONTROLS,NO CONTROLS,CLEAR,DAYLIGHT,FIXED OBJECT,NOT DIVIDED,STRAIGHT AND LEVEL,DRY,NO DEFECTS,NO INJURY / DRIVE AWAY,"OVER $1,500",FAILING TO REDUCE SPEED TO AVOID CRASH,UNABLE TO DETERMINE,22,W,115TH ST,1,NO INDICATION OF INJURY,0.0,0.0,0.0,0.0,0.0,1.0,0.0,12,4,8
fb7f8020a355e7c5fc7f171b1c96d3473bca0ea6e343daec4496935136972afd6c512422b57485e46136a5d159b19843b86da4354c6c891e9ae2b2f77fa1a282,2020-10-10 04:46:00,30,TRAFFIC SIGNAL,FUNCTIONING PROPERLY,CLEAR,"DARKNESS, LIGHTED ROAD",TURNING,DIVIDED - W/MEDIAN (NOT RAISED),STRAIGHT AND LEVEL,DRY,NO DEFECTS,INJURY AND / OR TOW DUE TO CRASH,"OVER $1,500",FAILING TO YIELD RIGHT-OF-WAY,NOT APPLICABLE,5100,S,WESTERN BLVD,2,"REPORTED, NOT EVIDENT",1.0,0.0,0.0,0.0,1.0,2.0,0.0,4,7,10
161d0ecb83aed2c65ea658d671eb331d8fcc8e4b88cc196e079c46f113badd2dc7fa8de56dada68a87a5fdea2dcd0d9b2222c71a2c6100a8c052fcde37a57e74,2022-12-06 08:05:00,30,NO CONTROLS,NO CONTROLS,CLEAR,DAYLIGHT,SIDESWIPE SAME DIRECTION,NOT DIVIDED,STRAIGHT AND LEVEL,DRY,NO DEFECTS,NO INJURY / DRIVE AWAY,"OVER $1,500",UNABLE TO DETERMINE,UNABLE TO DETERMINE,3436,W,WILSON AVE,2,NO INDICATION OF INJURY,0.0,0.0,0.0,0.0,0.0,3.0,0.0,8,3,12
667ac3b7212f4b6c2b111eeeb1d14db05cc2a3839f61666c60ae858673c68d825a5bd8be5f6f22c2818a1708cbf992af45b73caae567b5fdee53c4910543368d,2018-11-26 12:15:00,30,NO CONTROLS,NO CONTROLS,SNOW,DAYLIGHT,REAR END,NOT DIVIDED,STRAIGHT AND LEVEL,WET,NO DEFECTS,NO INJURY / DRIVE AWAY,"$501 - $1,500",NOT APPLICABLE,NOT APPLICABLE,6898,W,ARCHER AVE,2,NO INDICATION OF INJURY,0.0,0.0,0.0,0.0,0.0,5.0,0.0,12,2,11
ba9de6e5471d6ea8f31a4f3019961642353f321fbb9b324a0a90f3415d6d678ea2f44ac53a0b6fc9568711da18ac861a5de7962e1cebe2a5a4d122ef947c77fa,2017-12-24 17:00:00,30,NO CONTROLS,NO CONTROLS,SNOW,DARKNESS,REAR END,NOT DIVIDED,STRAIGHT AND LEVEL,SNOW OR SLUSH,NO DEFECTS,INJURY AND / OR TOW DUE TO CRASH,"OVER $1,500",FOLLOWING TOO CLOSELY,NOT APPLICABLE,8900,S,BLACKSTONE AVE,2,"REPORTED, NOT EVIDENT",1.0,0.0,0.0,0.0,1.0,4.0,0.0,17,1,12
6413bc1b0799f10f7302f6cde2e27e9b04944d7427f381561e0cc7fd593a5eca429a3e5186968fa2235c8b596f500576d46997419ba03ed7c5af7e06a48fcee1,2022-09-11 01:12:00,30,TRAFFIC SIGNAL,FUNCTIONING PROPERLY,CLEAR,DARKNESS,REAR END,DIVIDED - W/MEDIAN (NOT RAISED),STRAIGHT AND LEVEL,DRY,UNKNOWN,INJURY AND / OR TOW DUE TO CRASH,"OVER $1,500",FAILING TO REDUCE SPEED TO AVOID CRASH,UNABLE TO DETERMINE,3700,S,STATE ST,3,NO INDICATION OF INJURY,0.0,0.0,0.0,0.0,0.0,5.0,0.0,1,1,9
625cf6fd29f024fd24ff766f5f1dd317006c5066c51bda7ef54455349a5fe36e9f457ca1e2d8ebc7433b1cf8f8a299a37306a32b58240040dded1128f62b2fdd,2022-07-02 12:10:00,25,NO CONTROLS,NO CONTROLS,CLEAR,DAYLIGHT,REAR TO SIDE,PARKING LOT,STRAIGHT AND LEVEL,DRY,NO DEFECTS,NO INJURY / DRIVE AWAY,"$501 - $1,500",UNABLE TO DETERMINE,UNABLE TO DETERMINE,1014,S,WESTERN AVE,2,NO INDICATION OF INJURY,0.0,0.0,0.0,0.0,0.0,2.0,0.0,12,7,7
403d9aae0e22a13abb53b16a81b5d32f0e83ec280e13b3b34c99af40ff620ce1424b1f987e4831c8592c23e59a998358f738caa2b64f8bbe181db1970c82eec8,2020-12-04 03:45:00,30,NO CONTROLS,NO CONTROLS,CLEAR,"DARKNESS, LIGHTED ROAD",HEAD ON,NOT DIVIDED,STRAIGHT AND LEVEL,DRY,NO DEFECTS,INJURY AND / OR TOW DUE TO CRASH,"OVER $1,500",DRIVING ON WRONG SIDE/WRONG WAY,UNDER THE INFLUENCE OF ALCOHOL/DRUGS (USE WHEN ARREST IS EFFECTED),2300,N,PULASKI RD,2,"REPORTED, NOT EVIDENT",2.0,0.0,0.0,0.0,2.0,2.0,0.0,3,6,12
2ef4204d13326bc63121afc41f0c22a04e2b3fbdf491168257346273f9d8dd44dccd9e9d2245cccb626971c742e5052083ae0abcde6510c7ba00a5459b9a57fd,2019-08-27 20:05:00,30,STOP SIGN/FLASHER,FUNCTIONING PROPERLY,CLEAR,DARKNESS,ANGLE,NOT DIVIDED,STRAIGHT AND LEVEL,DRY,NO DEFECTS,INJURY AND / OR TOW DUE TO CRASH,"OVER $1,500",DISREGARDING STOP SIGN,UNABLE TO DETERMINE,700,N,LARAMIE AVE,2,NO INDICATION OF INJURY,0.0,0.0,0.0,0.0,0.0,2.0,0.0,20,3,8
abccdc5ca69036eda4454b279252604c29ce5efe615dc5739efeddec2040be46e517678e448810679b77d40d83387059b1bf4731888a7e1011135517e1ccf399,2017-10-29 03:35:00,30,NO CONTROLS,NO CONTROLS,CLEAR,"DARKNESS, LIGHTED ROAD",PARKED MOTOR VEHICLE,DIVIDED - W/MEDIAN (NOT RAISED),STRAIGHT AND LEVEL,DRY,NO DEFECTS,INJURY AND / OR TOW DUE TO CRASH,"OVER $1,500","OPERATING VEHICLE IN ERRATIC, RECKLESS, CARELESS, NEGLIGENT OR AGGRESSIVE MANNER",FAILING TO REDUCE SPEED TO AVOID CRASH,748,N,CENTRAL AVE,2,NO INDICATION OF INJURY,0.0,0.0,0.0,0.0,0.0,7.0,0.0,3,1,10
c209d550b4fb28d4bb4687d73c45c114479c12309d22645a129188c12ce34f1cf07beadaa9651339c8df52b00e6f7308be8aae2c3ad1867d5da6ca0972fccf71,2017-05-06 14:00:00,30,STOP SIGN/FLASHER,FUNCTIONING PROPERLY,CLEAR,DAYLIGHT,ANGLE,NOT DIVIDED,STRAIGHT AND LEVEL,DRY,NO DEFECTS,NO INJURY / DRIVE AWAY,"OVER $1,500",DISREGARDING STOP SIGN,UNABLE TO DETERMINE,1899,W,TOUHY AVE,2,NO INDICATION OF INJURY,0.0,0.0,0.0,0.0,0.0,2.0,0.0,14,7,5
6838611d7bb2ec70a10f70b3c07e20a3122838c0106b35322f684e07b05cdaca557d752db339b2e7211606dd7ebd9f0c5fb5a295b6455c732c8d28ddef99acb7,2022-03-27 11:50:00,30,NO CONTROLS,NO CONTROLS,CLEAR,DAYLIGHT,REAR END,NOT DIVIDED,STRAIGHT AND LEVEL,DRY,NO DEFECTS,NO INJURY / DRIVE AWAY,"OVER $1,500",FOLLOWING TOO CLOSELY,NOT APPLICABLE,1643,W,HOWARD ST,2,NO INDICATION OF INJURY,0.0,0.0,0.0,0.0,0.0,2.0,0.0,11,1,3
eade166e4c93d9df7cffe72d28391d332708cd6e00dde94c4acdff06bef79ba517bf781a37735dc71a5f55e7f23c34d17f9324e6842daaa0041ab6a684cb75b1,2016-10-06 08:00:00,30,TRAFFIC SIGNAL,FUNCTIONING PROPERLY,RAIN,DAYLIGHT,ANGLE,ONE-WAY,STRAIGHT AND LEVEL,WET,NO DEFECTS,NO INJURY / DRIVE AWAY,"OVER $1,500",DISREGARDING TRAFFIC SIGNALS,NOT APPLICABLE,2,E,WACKER DR,2,NO INDICATION OF INJURY,0.0,0.0,0.0,0.0,0.0,2.0,0.0,8,5,10
3535116cfa2b3a3e68b0d8c856627bda55a2ad5e9acbbe2ac693f948b270cda8fbce1f137061f55e40083cf09bebcd3d6e5965f831cc3d30e9a0e4c3bb78a37b,2023-05-05 09:57:00,35,NO CONTROLS,NO CONTROLS,CLEAR,DAYLIGHT,SIDESWIPE SAME DIRECTION,NOT DIVIDED,STRAIGHT AND LEVEL,DRY,NO DEFECTS,NO INJURY / DRIVE AWAY,$500 OR LESS,IMPROPER OVERTAKING/PASSING,NOT APPLICABLE,5534,S,RUSSELL DR,2,NO INDICATION OF INJURY,0.0,0.0,0.0,0.0,0.0,2.0,0.0,9,6,5
ae0d76c69b57280c4f061f7a9bc4d7cdbae4b1a6f0f24217a5ceb16fee9b5375802fd6be66554f3e15fb6471bc8d088f5d8174f03f92fa4ad39c19bc31aa5cff,2019-07-23 05:45:00,30,TRAFFIC SIGNAL,FUNCTIONING PROPERLY,CLEAR,DAYLIGHT,TURNING,DIVIDED - W/MEDIAN BARRIER,STRAIGHT AND LEVEL,DRY,NO DEFECTS,INJURY AND / OR TOW DUE TO CRASH,"OVER $1,500",IMPROPER LANE USAGE,IMPROPER OVERTAKING/PASSING,636,S,MICHIGAN AVE,2,"REPORTED, NOT EVIDENT",1.0,0.0,0.0,0.0,1.0,2.0,0.0,5,3,7
336bdcbd3b1b0765b9da2d7b665d80f8ffd832d586ab08a5cfcdd48dcc546b0f779d1ef48e6ef7e586503e222f39228015a004fa604e212b5fcd5c4af05c63a7,2020-11-16 11:30:00,30,TRAFFIC SIGNAL,FUNCTIONING PROPERLY,CLEAR,DAYLIGHT,REAR END,DIVIDED - W/MEDIAN (NOT RAISED),STRAIGHT AND LEVEL,DRY,NO DEFECTS,NO INJURY / DRIVE AWAY,$500 OR LESS,FOLLOWING TOO CLOSELY,UNABLE TO DETERMINE,4604,N,WESTERN AVE,2,NO INDICATION OF INJURY,0.0,0.0,0.0,0.0,0.0,2.0,0.0,11,2,11
b8bab75cf0a609c34a287250a5ee733e18f6f0e0eb444b03057bfda9b7fb64fb45f396a494cd3a9c80c86579f9da9124e6565de3b460b6eb0ea89c379f2fac28,2021-07-21 15:26:00,30,NO CONTROLS,NO CONTROLS,CLEAR,DAYLIGHT,FIXED OBJECT,ONE-WAY,STRAIGHT AND LEVEL,DRY,NO DEFECTS,INJURY AND / OR TOW DUE TO CRASH,"OVER $1,500",UNABLE TO DETERMINE,UNABLE TO DETERMINE,1300,W,77TH ST,1,NO INDICATION OF INJURY,0.0,0.0,0.0,0.0,0.0,1.0,0.0,15,4,7
9d132897e558a246871c391f7837d27e9b12dc784fd82d6296b00bbd44463c9dd2ec0a0e51050ae9a589e3b678452c890d54e6c902a48165b9527a86f7ae66fc,2023-08-13 15:25:00,30,TRAFFIC SIGNAL,FUNCTIONING PROPERLY,CLEAR,DAYLIGHT,REAR END,NOT DIVIDED,STRAIGHT AND LEVEL,DRY,NO DEFECTS,INJURY AND / OR TOW DUE TO CRASH,"$501 - $1,500",UNABLE TO DETERMINE,NOT APPLICABLE,1400,N,CICERO AVE,3,NONINCAPACITATING INJURY,1.0,0.0,0.0,1.0,0.0,5.0,0.0,15,1,8
678788f6ac2572b2509f1459189e21cd545c8d9b34f45c172f4088d6d5d23584d7e8eebaabce8c3c713b2b1c947914fb3d7c3f74ae31b7b881c6be655f40ce54,2020-08-04 18:19:00,30,STOP SIGN/FLASHER,FUNCTIONING PROPERLY,CLEAR,DAYLIGHT,ANGLE,UNKNOWN INTERSECTION TYPE,STRAIGHT AND LEVEL,DRY,NO DEFECTS,INJURY AND / OR TOW DUE TO CRASH,"OVER $1,500",FAILING TO YIELD RIGHT-OF-WAY,NOT APPLICABLE,4600,S,INDIANA AVE,2,NONINCAPACITATING INJURY,2.0,0.0,0.0,2.0,0.0,0.0,0.0,18,3,8
c098fc04148bf97ccc28a49693c730179c4b154ddd8597f1c00930ddce8e1b93c231b8c3fa8e762e20007d7b7cf6fd94b1f2f8ec4498c90bf06a9add0176dfe6,2023-12-23 00:20:00,35,NO CONTROLS,NO CONTROLS,CLEAR,"DARKNESS, LIGHTED ROAD",PARKED MOTOR VEHICLE,DIVIDED - W/MEDIAN BARRIER,STRAIGHT AND LEVEL,WET,NO DEFECTS,INJURY AND / OR TOW DUE TO CRASH,"OVER $1,500",UNABLE TO DETERMINE,NOT APPLICABLE,2513,N,ASHLAND AVE,2,NO INDICATION OF INJURY,0.0,0.0,0.0,0.0,0.0,1.0,0.0,0,7,12
e16c66bdd7bf310f40f17be4863bf9cdda6f7f2fec5d7d8a5f1e6560d6650311bf363cb0eb6bfdabab11733da8eaef11d17bcedcebfedfcb105ec1eccedd9d71,2024-04-05 09:45:00,30,NO CONTROLS,NO CONTROLS,CLEAR,DAYLIGHT,PARKED MOTOR VEHICLE,OTHER,STRAIGHT AND LEVEL,DRY,NO DEFECTS,NO INJURY / DRIVE AWAY,"OVER $1,500",DRIVING SKILLS/KNOWLEDGE/EXPERIENCE,DRIVING SKILLS/KNOWLEDGE/EXPERIENCE,910,W,VAN BUREN ST,2,NO INDICATION OF INJURY,0.0,0.0,0.0,0.0,0.0,1.0,0.0,9,6,4
fce6c7c22030c6174c99c2e6af9cd3a0ea58a9b366603a64bb4e7658934c37c9297750d12b73d73dc2e5985b5f60887cdc35b071af33459b974768408a38bc04,2022-08-18 12:30:00,30,NO CONTROLS,NO CONTROLS,CLEAR,DAYLIGHT,SIDESWIPE SAME DIRECTION,NOT DIVIDED,STRAIGHT AND LEVEL,DRY,NO DEFECTS,NO INJURY / DRIVE AWAY,"OVER $1,500",IMPROPER LANE USAGE,DRIVING SKILLS/KNOWLEDGE/EXPERIENCE,5030,S,COTTAGE GROVE AVE,2,NO INDICATION OF INJURY,0.0,0.0,0.0,0.0,0.0,2.0,0.0,12,5,8
0b394584b5925429b5cae1b20e22713ece6dc91defbc42d635c5345ff81b403b67ff6f6213d732c7b6d53f8c4ac5bb56ffe93b376e4b85f1e6a46a0bd71fdfb8,2016-09-22 07:15:00,25,TRAFFIC SIGNAL,FUNCTIONING PROPERLY,UNKNOWN,UNKNOWN,TURNING,RAMP,"CURVE, LEVEL",UNKNOWN,UNKNOWN,NO INJURY / DRIVE AWAY,$500 OR LESS,IMPROPER LANE USAGE,UNABLE TO DETERMINE,120,W,FULLERTON DR,2,NO INDICATION OF INJURY,0.0,0.0,0.0,0.0,0.0,2.0,0.0,7,5,9
42fae14b69550432bc8c6e91cec24420538ec35f5c508b035558240e70865d7d9fdf5103164f0596c954270a927872c9b391702834bb52d2b03384325ee412a3,2021-07-10 18:57:00,30,TRAFFIC SIGNAL,FUNCTIONING PROPERLY,RAIN,DUSK,REAR END,NOT DIVIDED,STRAIGHT AND LEVEL,WET,NO DEFECTS,INJURY AND / OR TOW DUE TO CRASH,"OVER $1,500",FAILING TO YIELD RIGHT-OF-WAY,NOT APPLICABLE,5001,W,DIVISION ST,3,NO INDICATION OF INJURY,0.0,0.0,0.0,0.0,0.0,3.0,0.0,18,7,7
e4ebd75e81f19cea310417c95c3f43e8332a43b8b01374c464cb704c448618f09c12fcc0af0b207c985f37721c1da4962c6e5e1e6900e78e727365506e891b98,2019-08-12 06:14:00,30,TRAFFIC SIGNAL,FUNCTIONING IMPROPERLY,CLEAR,DAYLIGHT,REAR END,NOT DIVIDED,STRAIGHT AND LEVEL,DRY,NO DEFECTS,INJURY AND / OR TOW DUE TO CRASH,"OVER $1,500",FOLLOWING TOO CLOSELY,FAILING TO YIELD RIGHT-OF-WAY,5401,W,IRVING PARK RD,2,NO INDICATION OF INJURY,0.0,0.0,0.0,0.0,0.0,2.0,0.0,6,2,8
7773f71a2716893bbb9fef9d43287e7e02be3a9d260a0147598e28e3a91a60c8a05f3d0cc3db44da12781316da3c4d77dc11f138d6d522b94269d14ed7e92b58,2019-06-01 20:45:00,30,NO CONTROLS,NO CONTROLS,RAIN,"DARKNESS, LIGHTED ROAD",PARKED MOTOR VEHICLE,OTHER,STRAIGHT AND LEVEL,DRY,NO DEFECTS,NO INJURY / DRIVE AWAY,"$501 - $1,500",UNABLE TO DETERMINE,UNABLE TO DETERMINE,11500,S,HALSTED ST,2,NO INDICATION OF INJURY,0.0,0.0,0.0,0.0,0.0,1.0,0.0,20,7,6
7f3af08cfe0f57d14acba6b884a63aa5cc0a0eb0c997078433591a6943c8a3c8ffc7ab2f7fb3b724efe485ab9e57cfe9a8928b33bc4bd6c228c0ff669cc19326,2021-09-22 17:54:00,30,NO CONTROLS,NO CONTROLS,CLEAR,"DARKNESS, LIGHTED ROAD",PARKED MOTOR VEHICLE,NOT DIVIDED,STRAIGHT AND LEVEL,DRY,NO DEFECTS,NO INJURY / DRIVE AWAY,"OVER $1,500",FAILING TO YIELD RIGHT-OF-WAY,FOLLOWING TOO CLOSELY,5851,W,EASTWOOD AVE,2,NO INDICATION OF INJURY,0.0,0.0,0.0,0.0,0.0,1.0,0.0,17,4,9
136951ae36b713cc6a3f5f89124976da8c5173e2907d769e3a0c64cb04d489b51bdf09266b6edf0a9c5bc1905edefb86569c2d747939ebdf8bfc34d820c41cd8,2018-12-01 18:20:00,30,NO CONTROLS,NO CONTROLS,RAIN,"DARKNESS, LIGHTED ROAD",REAR END,NOT DIVIDED,STRAIGHT AND LEVEL,WET,NO DEFECTS,NO INJURY / DRIVE AWAY,"$501 - $1,500",UNABLE TO DETERMINE,UNABLE TO DETERMINE,505,N,LAKE SHORE DR,2,NO INDICATION OF INJURY,0.0,0.0,0.0,0.0,0.0,2.0,0.0,18,7,12
216d21f3df064cfa4a0ad2e17597d592ffd4870417b9719776e6d0d75af6bfbca175546165aa49b79a2ff865eb61052fc9a03be439d3611f2c5f1ec6cd827640,2015-10-06 18:32:00,30,NO CONTROLS,NO CONTROLS,CLEAR,DARKNESS,REAR END,DIVIDED - W/MEDIAN (NOT RAISED),STRAIGHT AND LEVEL,DRY,NO DEFECTS,NO INJURY / DRIVE AWAY,"OVER $1,500",FOLLOWING TOO CLOSELY,FAILING TO REDUCE SPEED TO AVOID CRASH,6700,S,RACINE AVE,3,NO INDICATION OF INJURY,0.0,0.0,0.0,0.0,0.0,3.0,0.0,18,3,10
8805ec08d7ee8b54f21b9323a809ac1a58ffcff16506fad426f284cf5b34d2a4b42ff8eec243d4915b81fde0e9b3a67c7cf160a808143df56d5aac5afdcad9fb,2018-08-10 12:30:00,30,NO CONTROLS,NO CONTROLS,CLEAR,DAYLIGHT,REAR END,NOT DIVIDED,STRAIGHT AND LEVEL,DRY,NO DEFECTS,NO INJURY / DRIVE AWAY,$500 OR LESS,NOT APPLICABLE,NOT APPLICABLE,5500,S,WESTERN AVE,2,NO INDICATION OF INJURY,0.0,0.0,0.0,0.0,0.0,2.0,0.0,12,6,8
63ba0d47630b171d594c534397f662e40efac39aae62d21e8d12cb3472bcb67178c072737c3561bcab84f5b4c2d0be495bdbeb91002341f1907f85d5e534d0c9,2018-04-21 08:05:00,30,TRAFFIC SIGNAL,FUNCTIONING PROPERLY,CLEAR,DAYLIGHT,REAR END,DIVIDED - W/MEDIAN (NOT RAISED),STRAIGHT AND LEVEL,DRY,NO DEFECTS,NO INJURY / DRIVE AWAY,"$501 - $1,500",FOLLOWING TOO CLOSELY,FAILING TO REDUCE SPEED TO AVOID CRASH,4401,N,NARRAGANSETT AVE,2,NO INDICATION OF INJURY,0.0,0.0,0.0,0.0,0.0,2.0,0.0,8,7,4
57ba3ccaf21965c3122ec95c45483fd6db623c5e88ad5aa5bf17b7eadebe79523bc0b59a4b1ab32a4656c827a93bfad57e2d7a0e5c7ad8fb582b2a1a0085b380,2016-03-20 00:45:00,20,NO CONTROLS,NO CONTROLS,CLEAR,"DARKNESS, LIGHTED ROAD",SIDESWIPE SAME DIRECTION,PARKING LOT,STRAIGHT AND LEVEL,UNKNOWN,UNKNOWN,NO INJURY / DRIVE AWAY,"OVER $1,500",UNABLE TO DETERMINE,NOT APPLICABLE,1640,W,115TH ST,2,NO INDICATION OF INJURY,0.0,0.0,0.0,0.0,0.0,2.0,0.0,0,1,3
926f83cdeda93f908ecdadf16fccd068c9e19fa4741982fee69df243ebbbc651b293f10004f26b52688035d4c472727a6f9ed36e7d5e74704ccf67a6df6ad9d3,2022-07-17 12:30:00,30,STOP SIGN/FLASHER,FUNCTIONING PROPERLY,CLEAR,DAYLIGHT,SIDESWIPE OPPOSITE DIRECTION,FOUR WAY,STRAIGHT AND LEVEL,DRY,NO DEFECTS,NO INJURY / DRIVE AWAY,"OVER $1,500",UNABLE TO DETERMINE,UNABLE TO DETERMINE,2800,S,DRAKE AVE,2,NO INDICATION OF INJURY,0.0,0.0,0.0,0.0,0.0,2.0,0.0,12,1,7
fbcd410162276982435132c9c845201bd76d03ed103ac3c5f8822756bfd9de028f25cecdb6cc1a99d433c4242de2bd1af952c6fa77b3b225d3312876188dd57d,2021-08-02 16:46:00,30,NO CONTROLS,NO CONTROLS,CLEAR,DAYLIGHT,PARKED MOTOR VEHICLE,NOT DIVIDED,STRAIGHT AND LEVEL,DRY,NO DEFECTS,INJURY AND / OR TOW DUE TO CRASH,"OVER $1,500",DRIVING SKILLS/KNOWLEDGE/EXPERIENCE,FOLLOWING TOO CLOSELY,3921,W,DIVISION ST,3,NO INDICATION OF INJURY,0.0,0.0,0.0,0.0,0.0,2.0,0.0,16,2,8
707903e1e8e9fd45c6ffebcb8b6eeb0db960d50363daa74844aa90d06a8154d45adfd57d38a094bee3c6d898ca7d780b30241b8368d57164b82ec8421dd52e53,2019-03-21 20:00:00,30,NO CONTROLS,NO CONTROLS,CLEAR,"DARKNESS, LIGHTED ROAD",PARKED MOTOR VEHICLE,NOT DIVIDED,STRAIGHT AND LEVEL,DRY,NO DEFECTS,NO INJURY / DRIVE AWAY,"OVER $1,500",DISTRACTION - FROM OUTSIDE VEHICLE,DISTRACTION - FROM OUTSIDE VEHICLE,1029,N,DRAKE AVE,2,NO INDICATION OF INJURY,0.0,0.0,0.0,0.0,0.0,1.0,0.0,20,5,3
e9cfe318c53f31ecd0ee1db0d0b6032202481e8e5f11ab04daa8e4f8baad39c46d833c502aec388daa086f8be735721be70f6670153760729ea338968f70f83d,2018-02-25 14:30:00,30,TRAFFIC SIGNAL,FUNCTIONING PROPERLY,CLEAR,DAYLIGHT,REAR END,DIVIDED - W/MEDIAN (NOT RAISED),STRAIGHT AND LEVEL,DRY,UNKNOWN,NO INJURY / DRIVE AWAY,"$501 - $1,500",UNABLE TO DETERMINE,UNABLE TO DETERMINE,7100,S,VINCENNES AVE,2,NO INDICATION OF INJURY,0.0,0.0,0.0,0.0,0.0,2.0,0.0,14,1,2
12568780ad4506f173b575af1d5ebbb0bcf6a24d234e88c05f9a84e53259bd4ef271bb3e5ed6d8e194cb4498989bd6369803098562b13b1ef9d304412591f199,2019-12-11 18:00:00,30,NO CONTROLS,NO CONTROLS,CLEAR,DAYLIGHT,SIDESWIPE SAME DIRECTION,ONE-WAY,STRAIGHT AND LEVEL,DRY,NO DEFECTS,NO INJURY / DRIVE AWAY,"$501 - $1,500",UNABLE TO DETERMINE,UNABLE TO DETERMINE,600,E,OHIO ST,2,NO INDICATION OF INJURY,0.0,0.0,0.0,0.0,0.0,2.0,0.0,18,4,12
8842184b29657e338617990fd304f318492c0b9ad9921628145dcec734e108322d1b6be7ada04ff7a2ff44f2957cae42663c23a78df482c98d9e916945cf9acf,2019-11-29 20:32:00,30,TRAFFIC SIGNAL,FUNCTIONING PROPERLY,CLEAR,"DARKNESS, LIGHTED ROAD",REAR END,DIVIDED - W/MEDIAN BARRIER,STRAIGHT AND LEVEL,DRY,NO DEFECTS,INJURY AND / OR TOW DUE TO CRASH,"OVER $1,500",UNABLE TO DETERMINE,UNABLE TO DETERMINE,125,E,LA SALLE DR,2,NONINCAPACITATING INJURY,1.0,0.0,0.0,1.0,0.0,4.0,0.0,20,6,11
a6089cbfc98fc947e02c76a53cf221d2cc4d78ac6116d069e35953b5122d4722559a12ca755770ce2de35d954653ece7943a3a242d7d78b46a4250562e597eb5,2023-08-11 03:00:00,30,TRAFFIC SIGNAL,UNKNOWN,UNKNOWN,DARKNESS,ANGLE,NOT DIVIDED,STRAIGHT AND LEVEL,UNKNOWN,UNKNOWN,NO INJURY / DRIVE AWAY,"$501 - $1,500",UNABLE TO DETERMINE,NOT APPLICABLE,628,N,ORLEANS ST,2,NO INDICATION OF INJURY,0.0,0.0,0.0,0.0,0.0,2.0,0.0,3,6,8