CRASH_RECORD_ID,CRASH_DATE,POSTED_SPEED_LIMIT,TRAFFIC_CONTROL_DEVICE,DEVICE_CONDITION,WEATHER_CONDITION,LIGHTING_CONDITION,FIRST_CRASH_TYPE,TRAFFICWAY_TYPE,ALIGNMENT,ROADWAY_SURFACE_COND,ROAD_DEFECT,CRASH_TYPE,DAMAGE,PRIM_CONTRIBUTORY_CAUSE,SEC_CONTRIBUTORY_CAUSE,STREET_NO,STREET_DIRECTION,STREET_NAME,NUM_UNITS,MOST_SEVERE_INJURY,INJURIES_TOTAL,INJURIES_FATAL,INJURIES_INCAPACITATING,INJURIES_NON_INCAPACITATING,INJURIES_REPORTED_NOT_EVIDENT,INJURIES_NO_INDICATION,INJURIES_UNKNOWN,CRASH_HOUR,CRASH_DAY_OF_WEEK,CRASH_MONTH
1661d7a392a94a6abbf4c0dbaff4f1a9cd8712dccb88298ca9654df85be5028d115509ceedca8934f946128ab5577190de0f52cf8518e52c45ea37fde884e0ca,2016-10-31 18:30:00,30,NO CONTROLS,NO CONTROLS,CLEAR,DUSK,ANGLE,NOT DIVIDED,STRAIGHT AND LEVEL,DRY,NO DEFECTS,NO INJURY / DRIVE AWAY,"OVER $1,500",IMPROPER BACKING,IMPROPER BACKING,1346,E,75TH ST,2,NO INDICATION OF INJURY,0.0,0.0,0.0,0.0,0.0,2.0,0.0,18,2,10
fe2d004a9b8835f68518190a52719b3b8499731eaed225fc765d398f6f3f2a7b5286e23edfa7af75b29a6f6b0e29c9fe8b576f59b777a60736068505861e15c0,2021-02-16 12:15:00,30,NO CONTROLS,NO CONTROLS,SNOW,DAWN,PARKED MOTOR VEHICLE,ONE-WAY,STRAIGHT AND LEVEL,SNOW OR SLUSH,NO DEFECTS,NO INJURY / DRIVE AWAY,"$501 - $1,500",UNABLE TO DETERMINE,NOT APPLICABLE,7826,S,LANGLEY AVE,2,NO INDICATION OF INJURY,0.0,0.0,0.0,0.0,0.0,1.0,0.0,12,3,2
afa6cb2c42cba6a4b2a1044d0befbc592fe8f1f822c1863d19c1ec39165ff50b2c507e8ad0c720bbf0de1170cc7e44173a217310ee3cbc3584b5d4be4b4b65e6,2023-02-02 12:30:00,30,TRAFFIC SIGNAL,FUNCTIONING PROPERLY,CLEAR,DAYLIGHT,PEDESTRIAN,FOUR WAY,STRAIGHT AND LEVEL,DRY,NO DEFECTS,NO INJURY / DRIVE AWAY,"OVER $1,500",FAILING TO YIELD RIGHT-OF-WAY,FAILING TO REDUCE SPEED TO AVOID CRASH,755,N,LARRABEE ST,2,NO INDICATION OF INJURY,0.0,0.0,0.0,0.0,0.0,2.0,0.0,12,5,2
a7d67907bc150a01dfbf5c82ace18309aeeb88ffafe5d3ed5c05348671ba2d62c2c39ff62583f0fcbf92deae24794c60bd4d6a6a7dec3f8b4ae0d8f0d0fdf3fb,2020-03-21 00:15:00,20,NO CONTROLS,NO CONTROLS,CLEAR,DARKNESS,PARKED MOTOR VEHICLE,PARKING LOT,STRAIGHT AND LEVEL,DRY,NO DEFECTS,NO INJURY / DRIVE AWAY,"$501 - $1,500",NOT APPLICABLE,NOT APPLICABLE,1718,S,STATE ST,2,NO INDICATION OF INJURY,0.0,0.0,0.0,0.0,0.0,1.0,0.0,0,7,3
899cb85b9e6ca3d84b9b3e9a1c310cee5767ec81fcb5709a2a87c9e18bebf721c5aa6fbec26d76a03ae36e38f1147d9da77b23f536bbe10ce655f4a742d66251,2023-02-03 16:40:00,30,TRAFFIC SIGNAL,FUNCTIONING PROPERLY,CLEAR,DAYLIGHT,ANGLE,NOT DIVIDED,STRAIGHT AND LEVEL,DRY,UNKNOWN,NO INJURY / DRIVE AWAY,"OVER $1,500",IMPROPER LANE USAGE,NOT APPLICABLE,9501,S,WESTERN AVE,2,NO INDICATION OF INJURY,0.0,0.0,0.0,0.0,0.0,2.0,0.0,16,6,2
e20c9ba6177cd5342f54456fe202ce11b9f9f2dfd3ce3aa16f6b9aa5538453cb04d184a14618eb7ea1aa86b0933f4f099b9f565b667f33536cec940d8edb0321,2023-10-18 17:21:00,30,STOP SIGN/FLASHER,FUNCTIONING PROPERLY,UNKNOWN,UNKNOWN,REAR END,NOT DIVIDED,STRAIGHT AND LEVEL,UNKNOWN,NO DEFECTS,NO INJURY / DRIVE AWAY,"OVER $1,500",UNABLE TO DETERMINE,UNABLE TO DETERMINE,852,E,83RD ST,2,NO INDICATION OF INJURY,0.0,0.0,0.0,0.0,0.0,2.0,0.0,17,4,10
bf91509351614645535b866f2177aa6f8eca9c9fdf56e239fef25a84db7a03c09c2f799da41aa6356b8a3a4c9f20623eb3468bdc76b08e88ceab2a3666131868,2021-02-19 12:05:00,20,NO CONTROLS,NO CONTROLS,CLEAR,DAYLIGHT,PARKED MOTOR VEHICLE,ONE-WAY,STRAIGHT AND LEVEL,SNOW OR SLUSH,NO DEFECTS,NO INJURY / DRIVE AWAY,"$501 - $1,500",NOT APPLICABLE,UNABLE TO DETERMINE,8119,S,WENTWORTH AVE,2,NO INDICATION OF INJURY,0.0,0.0,0.0,0.0,0.0,2.0,0.0,12,6,2
dd2e86260b719ed100973c6e9c927b8b04071a11633bd95dadf01b167cbd869090eaa4e095e77e0d0f11dafa011e141ba1af43f0eeff2c0d5cca5a48c79ded04,2022-09-10 14:05:00,30,NO CONTROLS,NO CONTROLS,CLEAR,DAYLIGHT,SIDESWIPE SAME DIRECTION,NOT DIVIDED,STRAIGHT AND LEVEL,DRY,NO DEFECTS,NO INJURY / DRIVE AWAY,"OVER $1,500",UNABLE TO DETERMINE,UNABLE TO DETERMINE,3010,S,LOCK ST,2,NO INDICATION OF INJURY,0.0,0.0,0.0,0.0,0.0,2.0,0.0,14,7,9
01a8fd8000aa65e898c8b1ae526748e4a624b9409ecdda8c7fb53cc76e224d9a7121b36a61f52371ab5dc05244ce8df2ffc2815cb895d054098cc9434600785b,2021-02-23 08:00:00,30,NO CONTROLS,NO CONTROLS,CLEAR,DAYLIGHT,SIDESWIPE SAME DIRECTION,ONE-WAY,STRAIGHT AND LEVEL,SNOW OR SLUSH,NO DEFECTS,NO INJURY / DRIVE AWAY,$500 OR LESS,UNABLE TO DETERMINE,UNABLE TO DETERMINE,1100,S,UNION AVE,2,NO INDICATION OF INJURY,0.0,0.0,0.0,0.0,0.0,2.0,0.0,8,3,2
cdbcd6ebc6c0fc3c6eb6f4a58c4d7eddbcd0b66b13e874892b0c979596a34c0c8d3e5f811b74d43d2475443ef2183bea3dc51a7cf679a059ce54a970b67ab1f6,2017-09-12 13:51:00,30,STOP SIGN/FLASHER,UNKNOWN,CLEAR,DAYLIGHT,PEDALCYCLIST,DIVIDED - W/MEDIAN (NOT RAISED),STRAIGHT AND LEVEL,DRY,UNKNOWN,INJURY AND / OR TOW DUE TO CRASH,"OVER $1,500",UNABLE TO DETERMINE,UNABLE TO DETERMINE,129,S,CENTRAL AVE,2,NONINCAPACITATING INJURY,1.0,0.0,0.0,1.0,0.0,1.0,0.0,13,3,9
7fca51f09835b5882fd86826ea8b8a40f40a9788d17b7b713dfc5790718a5db75f8a8ed1726a016c27a2d5d8dda3c8d4ec9e80382261b4034e7fbf7a378a7138,2018-10-30 17:57:00,30,NO CONTROLS,NO CONTROLS,CLEAR,"DARKNESS, LIGHTED ROAD",REAR END,NOT DIVIDED,STRAIGHT AND LEVEL,DRY,UNKNOWN,NO INJURY / DRIVE AWAY,$500 OR LESS,FOLLOWING TOO CLOSELY,UNABLE TO DETERMINE,5646,N,NAGLE AVE,2,NO INDICATION OF INJURY,0.0,0.0,0.0,0.0,0.0,2.0,0.0,17,3,10
3ea292cdeacca0f09e22168350bf69be5fd208e40e396efb99c3e9e1f1875678f62de0b42b7a48f116ad9c2e44af513a368eaf8593732b4845357239c757cf60,2019-04-11 12:43:00,30,NO CONTROLS,NO CONTROLS,CLEAR,DAYLIGHT,PARKED MOTOR VEHICLE,NOT DIVIDED,STRAIGHT AND LEVEL,DRY,UNKNOWN,INJURY AND / OR TOW DUE TO CRASH,"OVER $1,500",FAILING TO REDUCE SPEED TO AVOID CRASH,UNABLE TO DETERMINE,7215,S,STONY ISLAND AVE,2,"REPORTED, NOT EVIDENT",1.0,0.0,0.0,0.0,1.0,0.0,0.0,12,5,4
5fa3967901a749107605db49a95259466f29630d014eadfa9ae3f21a74e7bec8110d7e7376d4c40bd66611530e4defd7a94789facd5845eea0c2541c2d84a815,2022-08-27 13:00:00,30,NO CONTROLS,NO CONTROLS,CLEAR,DAYLIGHT,PARKED MOTOR VEHICLE,NOT DIVIDED,STRAIGHT AND LEVEL,DRY,NO DEFECTS,NO INJURY / DRIVE AWAY,"$501 - $1,500",UNABLE TO DETERMINE,UNABLE TO DETERMINE,9063,S,UNION AVE,2,NO INDICATION OF INJURY,0.0,0.0,0.0,0.0,0.0,1.0,0.0,13,7,8
b28663ca0c8256a6d59fef43778d3f95e18198db423131d37e9df5f845831903a94109dc1d6626c5eac07ba0748ca7e437fb35e615fdd2ee0a90e0adc509f05b,2019-10-02 15:40:00,30,TRAFFIC SIGNAL,FUNCTIONING PROPERLY,CLEAR,DAYLIGHT,ANGLE,NOT DIVIDED,STRAIGHT AND LEVEL,DRY,NO DEFECTS,INJURY AND / OR TOW DUE TO CRASH,"OVER $1,500",IMPROPER TURNING/NO SIGNAL,NOT APPLICABLE,5100,S,WOOD ST,2,NO INDICATION OF INJURY,0.0,0.0,0.0,0.0,0.0,2.0,0.0,15,4,10
6664e9222319102a66bea5a466fcdb7b2bf96d721dbd1c7588b1c205ee6b1e8fb8a1bf77216f3c9ee8731f26bfe711ec021ef4253a209b18b9713cbe6278c660,2022-07-09 23:53:00,30,STOP SIGN/FLASHER,FUNCTIONING PROPERLY,CLEAR,"DARKNESS, LIGHTED ROAD",TURNING,FOUR WAY,STRAIGHT AND LEVEL,DRY,NO DEFECTS,INJURY AND / OR TOW DUE TO CRASH,"OVER $1,500",UNABLE TO DETERMINE,UNABLE TO DETERMINE,700,S,KEDZIE AVE,3,"REPORTED, NOT EVIDENT",1.0,0.0,0.0,0.0,1.0,2.0,0.0,23,7,7
1b4cecd1fe87707ad00c12d116135623f07d28dfda882c2d32b5ffde87e6b9320cbef7594d4c6fecd5bfd1d33a22c186b5f72da1825ba188dc6e270b8532cfac,2019-08-22 17:50:00,30,NO CONTROLS,NO CONTROLS,CLEAR,DAYLIGHT,REAR END,NOT DIVIDED,STRAIGHT AND LEVEL,DRY,UNKNOWN,NO INJURY / DRIVE AWAY,"$501 - $1,500",FOLLOWING TOO CLOSELY,NOT APPLICABLE,6300,S,HALSTED ST,2,NO INDICATION OF INJURY,0.0,0.0,0.0,0.0,0.0,3.0,0.0,17,5,8
ad5e99c14952636cc1dbd21a2ca6843ca7f528cb2d5f0999892181699146673a100b1b33a6283f6ce781d25f4a3abcb2658bfd8ee600dfd77eea3f943aff1ecb,2020-05-23 20:00:00,30,NO CONTROLS,NO CONTROLS,CLEAR,DAYLIGHT,PARKED MOTOR VEHICLE,ONE-WAY,STRAIGHT AND LEVEL,DRY,NO DEFECTS,NO INJURY / DRIVE AWAY,"$501 - $1,500",IMPROPER LANE USAGE,NOT APPLICABLE,6953,S,MAPLEWOOD AVE,2,NO INDICATION OF INJURY,0.0,0.0,0.0,0.0,0.0,1.0,0.0,20,7,5
e9c22f529177e31ef260dffdca11f825b15952ad185551129d7cd77e52f1157c18f30f35558015ce01507c8e82d47e712778a690d61aa958888c35296c1cf2db,2018-07-12 21:00:00,30,STOP SIGN/FLASHER,FUNCTIONING PROPERLY,CLEAR,DARKNESS,REAR END,DIVIDED - W/MEDIAN (NOT RAISED),STRAIGHT AND LEVEL,DRY,NO DEFECTS,NO INJURY / DRIVE AWAY,"$501 - $1,500",FOLLOWING TOO CLOSELY,NOT APPLICABLE,4300,W,DIVERSEY AVE,2,NO INDICATION OF INJURY,0.0,0.0,0.0,0.0,0.0,3.0,0.0,21,5,7
df5b0fe9e5ca391d1cd42b03a7059311b2ee205f701dc3233f59bbdfdc4d4a4d70a287caeceac77a220f8333963f324e3adb6f6ea731d346b82df0d0318b1117,2022-05-07 06:27:00,30,NO CONTROLS,NO CONTROLS,CLEAR,DAYLIGHT,FIXED OBJECT,NOT DIVIDED,STRAIGHT AND LEVEL,DRY,NO DEFECTS,INJURY AND / OR TOW DUE TO CRASH,"OVER $1,500",DRIVING SKILLS/KNOWLEDGE/EXPERIENCE,DRIVING SKILLS/KNOWLEDGE/EXPERIENCE,16,E,47TH ST,2,"REPORTED, NOT EVIDENT",1.0,0.0,0.0,0.0,1.0,0.0,0.0,6,7,5
648f699562cedfb357d4aa454d7424960f7c19d8adf3d89e3a215d5efe2271299ee23ec7205f1107b361d9cc801d506b9d1e78f9eff465934057b457795a2bda,2016-08-05 23:00:00,30,TRAFFIC SIGNAL,FUNCTIONING PROPERLY,CLEAR,"DARKNESS, LIGHTED ROAD",REAR END,DIVIDED - W/MEDIAN BARRIER,STRAIGHT AND LEVEL,DRY,NO DEFECTS,NO INJURY / DRIVE AWAY,"$501 - $1,500",FOLLOWING TOO CLOSELY,UNABLE TO DETERMINE,397,E,GARFIELD BLVD,2,NO INDICATION OF INJURY,0.0,0.0,0.0,0.0,0.0,2.0,0.0,23,6,8
a758ff585f792e5a4b27c93b8efe371a619234fc92f2ed0ed7d32f121928131ae9355090a1a4b090e89aac7d37ded451c67c0829cf49d66b0ad9821695826ec8,2020-06-17 22:25:00,35,TRAFFIC SIGNAL,FUNCTIONING PROPERLY,CLEAR,"DARKNESS, LIGHTED ROAD",REAR END,DIVIDED - W/MEDIAN BARRIER,STRAIGHT AND LEVEL,DRY,NO DEFECTS,NO INJURY / DRIVE AWAY,"$501 - $1,500",FOLLOWING TOO CLOSELY,UNABLE TO DETERMINE,500,W,GARFIELD BLVD,3,NO INDICATION OF INJURY,0.0,0.0,0.0,0.0,0.0,3.0,0.0,22,4,6
1f26654f32997da7cff05774a7042c487d382dd8226f33a81517bc556fa84c78312f6c67a417136f427c8d0c52fc4c3c74381697ce8fedff4cb7873c223e7b1f,2022-04-24 20:00:00,30,STOP SIGN/FLASHER,FUNCTIONING PROPERLY,CLEAR,"DARKNESS, LIGHTED ROAD",PEDESTRIAN,T-INTERSECTION,STRAIGHT AND LEVEL,DRY,UNKNOWN,INJURY AND / OR TOW DUE TO CRASH,"OVER $1,500",NOT APPLICABLE,NOT APPLICABLE,5531,N,CLARK ST,2,NONINCAPACITATING INJURY,1.0,0.0,0.0,1.0,0.0,1.0,0.0,20,1,4
f6737e3e71d964ac247cb0f8a2228b84ad543c9eea6ef492543acdff3502d014aec91210cdb26682d0093b88b5439c43b96d21f31eb1338d90fba499c6d2f40c,2024-03-16 21:37:00,30,TRAFFIC SIGNAL,FUNCTIONING PROPERLY,CLEAR,"DARKNESS, LIGHTED ROAD",TURNING,UNKNOWN INTERSECTION TYPE,STRAIGHT AND LEVEL,DRY,NO DEFECTS,INJURY AND / OR TOW DUE TO CRASH,"OVER $1,500",FAILING TO YIELD RIGHT-OF-WAY,FAILING TO YIELD RIGHT-OF-WAY,298,W,WACKER DR,2,NO INDICATION OF INJURY,0.0,0.0,0.0,0.0,0.0,5.0,0.0,21,7,3
8fca107cf9b0d04554361cdaa00ad0f81171fd6cfbe09d212b4a012134938abac4911785abbc3385e713364e5305866bd124bc5ce272f87351d92cb8470dc8ce,2021-01-08 11:30:00,30,TRAFFIC SIGNAL,FUNCTIONING PROPERLY,UNKNOWN,DAYLIGHT,REAR END,"FIVE POINT, OR MORE",STRAIGHT AND LEVEL,UNKNOWN,UNKNOWN,NO INJURY / DRIVE AWAY,"OVER $1,500",FAILING TO REDUCE SPEED TO AVOID CRASH,NOT APPLICABLE,10270,S,BEVERLY AVE,2,NO INDICATION OF INJURY,0.0,0.0,0.0,0.0,0.0,2.0,0.0,11,6,1
20ea0fa2648dbcf4ebc023f3037005641fb680f7cf508b8056d59cbae942c58ad928fbf932a1ef022dff7d59c8482db0b12c20ee435e53f2d37e70130e0338c7,2019-03-19 12:15:00,30,TRAFFIC SIGNAL,FUNCTIONING PROPERLY,CLEAR,DAYLIGHT,TURNING,DIVIDED - W/MEDIAN BARRIER,STRAIGHT AND LEVEL,DRY,NO DEFECTS,INJURY AND / OR TOW DUE TO CRASH,"OVER $1,500",FAILING TO YIELD RIGHT-OF-WAY,NOT APPLICABLE,600,S,ASHLAND AVE,2,NO INDICATION OF INJURY,0.0,0.0,0.0,0.0,0.0,2.0,0.0,12,3,3
e53d68e228f20531de01115eaefa9d6d4542df4ec91bbc0c0850305e8ee238ec31327d3cd08639358bd60f7d46f31b62108642128aea756a625bea238fbed1b6,2019-12-05 07:55:00,30,OTHER,OTHER,CLEAR,DAYLIGHT,REAR END,DIVIDED - W/MEDIAN BARRIER,STRAIGHT AND LEVEL,DRY,UNKNOWN,NO INJURY / DRIVE AWAY,"$501 - $1,500",FOLLOWING TOO CLOSELY,NOT APPLICABLE,7501,S,PULASKI RD,2,NO INDICATION OF INJURY,0.0,0.0,0.0,0.0,0.0,2.0,0.0,7,5,12
090c537ecfe21230808997ad156580b2c9f5d083a80e1bac6a77cf590bdc50b67dcdf42a822face9759e241f7627a0a14628e23fe9acd0013bb0e84333937117,2018-12-19 13:00:00,30,TRAFFIC SIGNAL,FUNCTIONING PROPERLY,CLEAR,DAYLIGHT,REAR END,NOT DIVIDED,STRAIGHT AND LEVEL,DRY,NO DEFECTS,NO INJURY / DRIVE AWAY,"$501 - $1,500",UNABLE TO DETERMINE,UNABLE TO DETERMINE,340,W,CHICAGO AVE,2,NO INDICATION OF INJURY,0.0,0.0,0.0,0.0,0.0,2.0,0.0,13,4,12
3d2a62e65215d39dcd6730e3ee11aaef6c95e1eb2fca5e2cb86b3e13548ca93bba170d599d4ac94ceab604cff4176a7d334bfabeea0af2debe75c37bd8b879b7,2019-04-15 05:24:00,30,NO CONTROLS,NO CONTROLS,OTHER,DAWN,FIXED OBJECT,DIVIDED - W/MEDIAN BARRIER,STRAIGHT ON GRADE,ICE,NO DEFECTS,NO INJURY / DRIVE AWAY,"OVER $1,500",WEATHER,UNABLE TO DETERMINE,5950,N,CALDWELL AVE,1,NO INDICATION OF INJURY,0.0,0.0,0.0,0.0,0.0,1.0,0.0,5,2,4
691c665b7d8ca192136a28a62dda73d9bfb71562239a4de776963ceb5bf678b1742b3c98097b17aa10020368cfc44579849519de70d0695cd6bb8808f82e9daf,2016-10-06 08:45:00,20,NO CONTROLS,NO CONTROLS,RAIN,DAYLIGHT,REAR END,NOT DIVIDED,STRAIGHT AND LEVEL,WET,NO DEFECTS,NO INJURY / DRIVE AWAY,"OVER $1,500",UNABLE TO DETERMINE,UNABLE TO DETERMINE,430,N,LOWER MICHIGAN AVE,2,NO INDICATION OF INJURY,0.0,0.0,0.0,0.0,0.0,2.0,0.0,8,5,10
ad7a4cb9c59130ecc3aad3e6bee80f21d7b099dc93ea19203377f2743e498679252385ca02d92d122a2c99e27ce42d228170bf3592886f00cd798f7606ec91e7,2017-09-11 10:20:00,30,NO CONTROLS,NO CONTROLS,CLEAR,DAYLIGHT,REAR END,NOT DIVIDED,STRAIGHT AND LEVEL,DRY,NO DEFECTS,NO INJURY / DRIVE AWAY,"OVER $1,500",FAILING TO REDUCE SPEED TO AVOID CRASH,FOLLOWING TOO CLOSELY,3132,W,MARQUETTE RD,3,NO INDICATION OF INJURY,0.0,0.0,0.0,0.0,0.0,3.0,0.0,10,2,9
3f01fe98d1a1f7a46cbe811b14a5e126fea4d311f0a75fd01dd6470e7a0ecbd43c6c151794e04e735c35bedc0d05aed14486008fb0bfbcef25b4472b7675d395,2019-09-26 07:00:00,20,NO CONTROLS,NO CONTROLS,CLEAR,DAYLIGHT,PARKED MOTOR VEHICLE,ONE-WAY,STRAIGHT AND LEVEL,DRY,NO DEFECTS,NO INJURY / DRIVE AWAY,"OVER $1,500",UNABLE TO DETERMINE,UNABLE TO DETERMINE,8447,S,ESSEX AVE,2,NO INDICATION OF INJURY,0.0,0.0,0.0,0.0,0.0,1.0,0.0,7,5,9
578d543cd1852470562c132ffca640c132b31d753035101deedda9927a674ff5afe02178ae6e6cfdb3f5f581515c725eda0d8c83d36e3acb79c61edafea13806,2023-08-12 12:30:00,30,TRAFFIC SIGNAL,FUNCTIONING PROPERLY,CLEAR,DAYLIGHT,SIDESWIPE SAME DIRECTION,DIVIDED - W/MEDIAN (NOT RAISED),STRAIGHT AND LEVEL,DRY,UNKNOWN,NO INJURY / DRIVE AWAY,"OVER $1,500",UNABLE TO DETERMINE,UNABLE TO DETERMINE,3061,S,PULASKI RD,2,NO INDICATION OF INJURY,0.0,0.0,0.0,0.0,0.0,3.0,0.0,12,7,8
c8bca05d6fe7d4ed0bd18d9c057706f977a02b7385b79f2873d2f428f8e4c2d7f0845be4b4156cd122e00776bf4ea47c3361914c120f3945305d6ec5bf832df5,2020-05-15 13:46:00,30,TRAFFIC SIGNAL,FUNCTIONING PROPERLY,CLEAR,DAYLIGHT,REAR TO FRONT,ONE-WAY,STRAIGHT AND LEVEL,DRY,NO DEFECTS,NO INJURY / DRIVE AWAY,"OVER $1,500",IMPROPER BACKING,"VISION OBSCURED (SIGNS, TREE LIMBS, BUILDINGS, ETC.)",61,W,LAKE ST,2,NO INDICATION OF INJURY,0.0,0.0,0.0,0.0,0.0,2.0,0.0,13,6,5
ba864c6711ddb65e127ca227df29777ae62f4fc48634ae26c8fd5eb4af0959dfd782128b8b2d29693216eaeb056db44f39ee17abe72d3738dcbe47bbb8444fef,2023-09-01 08:39:00,30,TRAFFIC SIGNAL,UNKNOWN,CLEAR,DAYLIGHT,TURNING,DIVIDED - W/MEDIAN BARRIER,STRAIGHT AND LEVEL,DRY,NO DEFECTS,NO INJURY / DRIVE AWAY,"OVER $1,500",FAILING TO YIELD RIGHT-OF-WAY,FAILING TO YIELD RIGHT-OF-WAY,3059,S,DAMEN AVE,2,NO INDICATION OF INJURY,0.0,0.0,0.0,0.0,0.0,2.0,0.0,8,6,9
5db218b9131ee7c96cad2edb2f3b7c2ee5cfb6a7b359dae5eed026b351214d7c29c5663f79987a29a382866b3d8932c7b56a743b1dc67130283ecc0f25a79b14,2019-03-19 15:15:00,30,TRAFFIC SIGNAL,UNKNOWN,CLEAR,DAYLIGHT,ANGLE,NOT DIVIDED,CURVE ON GRADE,DRY,WORN SURFACE,INJURY AND / OR TOW DUE TO CRASH,"OVER $1,500",UNABLE TO DETERMINE,UNABLE TO DETERMINE,100,E,CONGRESS DR,2,NO INDICATION OF INJURY,0.0,0.0,0.0,0.0,0.0,2.0,0.0,15,3,3
91b6684f5d9037c18ae99ba91fd30641b7697db2a08c5187876a82945af9c68c7d0d48bc8a41214281bdefb4b73ea54725ab6aad6e46976c70f3ddd9f3da66ca,2018-07-12 08:45:00,30,NO CONTROLS,NO CONTROLS,CLEAR,DAYLIGHT,PARKED MOTOR VEHICLE,DIVIDED - W/MEDIAN (NOT RAISED),STRAIGHT AND LEVEL,DRY,NO DEFECTS,NO INJURY / DRIVE AWAY,"OVER $1,500",IMPROPER LANE USAGE,NOT APPLICABLE,3614,S,DAMEN AVE,2,NO INDICATION OF INJURY,0.0,0.0,0.0,0.0,0.0,1.0,0.0,8,5,7
a7b05cd444d7e2af2564d6cba9dca79f60185dd2cea4e3b384d93582fed44e390bfd856085ab464626918a23171b82232d847ccaea3bfcea6ad9c489d82e0cee,2023-04-10 12:15:00,30,NO CONTROLS,NO CONTROLS,CLEAR,DAYLIGHT,REAR END,NOT DIVIDED,STRAIGHT AND LEVEL,DRY,NO DEFECTS,NO INJURY / DRIVE AWAY,$500 OR LESS,PHYSICAL CONDITION OF DRIVER,DRIVING SKILLS/KNOWLEDGE/EXPERIENCE,4051,W,LAWRENCE AVE,2,NO INDICATION OF INJURY,0.0,0.0,0.0,0.0,0.0,2.0,0.0,12,2,4
afae89cf8ede597823d209acd2b0900482adfede774c1f8f080be4d7da1f316b59533ea31aa73fab1d743f515e6a14b1ca15547b253677420a7a6ab0f3c40fec,2019-05-05 01:12:00,35,TRAFFIC SIGNAL,FUNCTIONING PROPERLY,CLEAR,DARKNESS,REAR END,NOT DIVIDED,STRAIGHT AND LEVEL,DRY,NO DEFECTS,NO INJURY / DRIVE AWAY,"OVER $1,500",FOLLOWING TOO CLOSELY,FOLLOWING TOO CLOSELY,636,W,WASHINGTON BLVD,2,NO INDICATION OF INJURY,0.0,0.0,0.0,0.0,0.0,2.0,0.0,1,1,5
1586ae83d985fa550db540eb31dac62bf7da194e755855f3e238dae3cfa91813a8daa29bc4f48b1b005b127be51180a727d9833b2596f1e89337c960b855630b,2016-10-07 07:12:00,30,TRAFFIC SIGNAL,FUNCTIONING PROPERLY,CLEAR,DAYLIGHT,REAR END,NOT DIVIDED,STRAIGHT AND LEVEL,DRY,NO DEFECTS,NO INJURY / DRIVE AWAY,"OVER $1,500",FOLLOWING TOO CLOSELY,NOT APPLICABLE,1400,S,STATE ST,2,NO INDICATION OF INJURY,0.0,0.0,0.0,0.0,0.0,2.0,0.0,7,6,10
d690c29f53ab9836e55e0edd5d0bdddd9b69cdf280a45340640afb345674f920ca785d370119d430a04210a62e8fa3ce40d4887265f167a278afb0e8e2fdf730,2023-03-06 22:51:00,30,TRAFFIC SIGNAL,FUNCTIONING PROPERLY,CLEAR,"DARKNESS, LIGHTED ROAD",TURNING,"FIVE POINT, OR MORE",STRAIGHT AND LEVEL,DRY,NO DEFECTS,NO INJURY / DRIVE AWAY,"OVER $1,500",IMPROPER TURNING/NO SIGNAL,NOT APPLICABLE,2200,S,ASHLAND AVE,2,NO INDICATION OF INJURY,0.0,0.0,0.0,0.0,0.0,3.0,0.0,22,2,3
4a49de2e0520ab1c752ce9f44b7316fec1afd5335d686b52e784d92edeb7390f581496f9c91047a30844a7e328d231f4fcc2b5af277e4fdbf570d3f6bc293653,2023-09-05 23:00:00,30,NO CONTROLS,NO CONTROLS,CLEAR,"DARKNESS, LIGHTED ROAD",PARKED MOTOR VEHICLE,NOT DIVIDED,STRAIGHT AND LEVEL,DRY,NO DEFECTS,NO INJURY / DRIVE AWAY,"OVER $1,500",UNABLE TO DETERMINE,UNABLE TO DETERMINE,1558,W,LAKE ST,2,NO INDICATION OF INJURY,0.0,0.0,0.0,0.0,0.0,1.0,0.0,23,3,9
1617869089ec0416a55e9a5e43a318e2face9648c3941ebb278a011c96ff8bda6667c11c39e7f2cb8a8eef9448f107b91689f32734d45a1f5eac23eb6f1c0d20,2022-07-14 10:45:00,30,NO CONTROLS,NO CONTROLS,CLEAR,DAYLIGHT,SIDESWIPE SAME DIRECTION,NOT DIVIDED,STRAIGHT AND LEVEL,DRY,NO DEFECTS,NO INJURY / DRIVE AWAY,"OVER $1,500",FAILING TO REDUCE SPEED TO AVOID CRASH,FAILING TO YIELD RIGHT-OF-WAY,3131,S,ARCHER AVE,2,NO INDICATION OF INJURY,0.0,0.0,0.0,0.0,0.0,4.0,0.0,10,5,7
92382db77814c266ad44d2ceca68cabfe625fe73e93227c7b2911c7a9e41180dbc16184a1cbd012e7e86f6122d69d583e213e60b0cac563df17a3abf560ee1a4,2022-10-20 08:20:00,30,NO CONTROLS,NO CONTROLS,CLEAR,DAYLIGHT,PARKED MOTOR VEHICLE,ONE-WAY,STRAIGHT AND LEVEL,DRY,NO DEFECTS,NO INJURY / DRIVE AWAY,"OVER $1,500",UNABLE TO DETERMINE,NOT APPLICABLE,5944,N,ROCKWELL ST,2,NO INDICATION OF INJURY,0.0,0.0,0.0,0.0,0.0,1.0,0.0,8,5,10