CRASH_RECORD_ID,CRASH_DATE,POSTED_SPEED_LIMIT,TRAFFIC_CONTROL_DEVICE,DEVICE_CONDITION,WEATHER_CONDITION,LIGHTING_CONDITION,FIRST_CRASH_TYPE,TRAFFICWAY_TYPE,ALIGNMENT,ROADWAY_SURFACE_COND,ROAD_DEFECT,CRASH_TYPE,DAMAGE,PRIM_CONTRIBUTORY_CAUSE,SEC_CONTRIBUTORY_CAUSE,STREET_NO,STREET_DIRECTION,STREET_NAME,NUM_UNITS,MOST_SEVERE_INJURY,INJURIES_TOTAL,INJURIES_FATAL,INJURIES_INCAPACITATING,INJURIES_NON_INCAPACITATING,INJURIES_REPORTED_NOT_EVIDENT,INJURIES_NO_INDICATION,INJURIES_UNKNOWN,CRASH_HOUR,CRASH_DAY_OF_WEEK,CRASH_MONTH
680112716681f571a09a0ff4089543ed7d024466ed23b810c0c80d7bf55e3f98f3374da640e482b22998cc77d9e0271ac76334d464443b901882e057f308471c,2015-08-07 08:18:00,30,STOP SIGN/FLASHER,NO CONTROLS,CLEAR,DAYLIGHT,ANGLE,NOT DIVIDED,STRAIGHT AND LEVEL,DRY,NO DEFECTS,NO INJURY / DRIVE AWAY,"OVER $1,500",FAILING TO YIELD RIGHT-OF-WAY,UNABLE TO DETERMINE,4432,W,FULTON ST,2,NO INDICATION OF INJURY,0.0,0.0,0.0,0.0,0.0,2.0,0.0,8,6,8
d1b30e32a912c9a02959d61d1ac68cb78b7cd46cec8db4abf01e2b5b607a2db5efd3a415a9b9dc4bc216ab498af0333b6ee16f7f7f04f9f3f545f3f414add8c2,2023-07-29 12:31:00,30,NO CONTROLS,NO CONTROLS,CLEAR,DAYLIGHT,TURNING,DIVIDED - W/MEDIAN BARRIER,STRAIGHT AND LEVEL,DRY,NO DEFECTS,NO INJURY / DRIVE AWAY,"OVER $1,500",IMPROPER BACKING,IMPROPER BACKING,7900,S,RICHMOND ST,2,NO INDICATION OF INJURY,0.0,0.0,0.0,0.0,0.0,3.0,0.0,12,7,7
2c8e7bf484436758ad290d68a029d520305eb216fbe26bad6ba509d8629eb39af4249914276e51c9443b39763ba5d14f9d87c8c70fe97c1af1d768c2d68b34f7,2023-05-31 07:50:00,30,NO CONTROLS,NO CONTROLS,CLEAR,DAYLIGHT,ANGLE,FOUR WAY,STRAIGHT AND LEVEL,DRY,NO DEFECTS,INJURY AND / OR TOW DUE TO CRASH,"OVER $1,500",FAILING TO YIELD RIGHT-OF-WAY,DRIVING SKILLS/KNOWLEDGE/EXPERIENCE,4234,W,FULLERTON AVE,2,"REPORTED, NOT EVIDENT",1.0,0.0,0.0,0.0,1.0,2.0,0.0,7,4,5
06663dc7d10ea225ded3d2b1b68d3dfac5412be8eb4f2f795fa481145dde724c95408583d6cea06c115c00e721848fd04e14df05648cd407ab860b4f9583627a,2022-04-01 20:30:00,10,NO CONTROLS,NO CONTROLS,CLEAR,DARKNESS,ANGLE,PARKING LOT,STRAIGHT AND LEVEL,DRY,NO DEFECTS,NO INJURY / DRIVE AWAY,"$501 - $1,500",UNABLE TO DETERMINE,NOT APPLICABLE,5841,W,STRONG ST,2,NO INDICATION OF INJURY,0.0,0.0,0.0,0.0,0.0,2.0,0.0,20,6,4
be36df2d1ccdfa419c63ed32d6db88ab01715506d44a2f638919fde2e7d904a2cd6219602d75360fb6efc540b783d412e1adf0a0313e51e59f2929b560bb2fcd,2019-07-29 23:00:00,35,NO CONTROLS,NO CONTROLS,CLEAR,UNKNOWN,PARKED MOTOR VEHICLE,ONE-WAY,STRAIGHT AND LEVEL,UNKNOWN,NO DEFECTS,INJURY AND / OR TOW DUE TO CRASH,"OVER $1,500",UNABLE TO DETERMINE,UNABLE TO DETERMINE,2945,E,80TH ST,3,NO INDICATION OF INJURY,0.0,0.0,0.0,0.0,0.0,1.0,0.0,23,2,7
50dea2e071cfb78a8885d33271f2a377fe5faa66191537e8de68a22a56ebb683d3ddc4f1df16d86cdbd1b844834973ab3fca62e48ca7dcd2e34d2a692fd7ac80,2021-02-15 10:03:00,30,STOP SIGN/FLASHER,OTHER,SNOW,DAYLIGHT,ANGLE,DIVIDED - W/MEDIAN (NOT RAISED),STRAIGHT AND LEVEL,SNOW OR SLUSH,NO DEFECTS,INJURY AND / OR TOW DUE TO CRASH,"OVER $1,500",WEATHER,FAILING TO YIELD RIGHT-OF-WAY,7000,S,LOOMIS BLVD,2,"REPORTED, NOT EVIDENT",1.0,0.0,0.0,0.0,1.0,1.0,0.0,10,2,2
174a4eddb7748f85fbc9302aeefe156c0b04e1576be430899c6b00c44d5cea6b1af92be180128b82528a3620f6f416d3f4d6543aaec29e271f339dd28a7b9939,2021-10-02 19:45:00,30,NO CONTROLS,NO CONTROLS,CLEAR,DUSK,ANGLE,NOT DIVIDED,STRAIGHT AND LEVEL,DRY,NO DEFECTS,NO INJURY / DRIVE AWAY,"OVER $1,500",UNABLE TO DETERMINE,UNABLE TO DETERMINE,820,W,VAN BUREN ST,2,NO INDICATION OF INJURY,0.0,0.0,0.0,0.0,0.0,2.0,0.0,19,7,10
b6ac628a2287dc6134d47fb09a0c8850bf1077556ee32875f191afe5a66ec715b23608848cfa4019120e82b3ee66b88ec1c12874083c00c5ad79742f2dfa85af,2017-09-06 15:30:00,30,TRAFFIC SIGNAL,FUNCTIONING PROPERLY,CLEAR,DAYLIGHT,ANGLE,NOT DIVIDED,STRAIGHT AND LEVEL,DRY,UNKNOWN,INJURY AND / OR TOW DUE TO CRASH,"OVER $1,500",EXCEEDING AUTHORIZED SPEED LIMIT,NOT APPLICABLE,11200,S,MARSHFIELD AVE,2,NONINCAPACITATING INJURY,1.0,0.0,0.0,1.0,0.0,3.0,0.0,15,4,9
736adec4767c16ab5f4334711ec95aeebd5cec10779f8282a80b5222419ce386c8e209a44e29d6bbee7fcf90548707641d8200d72968055fe2616132783493ef,2017-03-19 11:50:00,20,TRAFFIC SIGNAL,FUNCTIONING PROPERLY,CLEAR,DAYLIGHT,REAR END,DIVIDED - W/MEDIAN (NOT RAISED),STRAIGHT AND LEVEL,DRY,NO DEFECTS,NO INJURY / DRIVE AWAY,"OVER $1,500",UNABLE TO DETERMINE,UNABLE TO DETERMINE,1232,W,NORTH AVE,2,NO INDICATION OF INJURY,0.0,0.0,0.0,0.0,0.0,2.0,0.0,11,1,3
0e6ba7fc504de4c838a8901feea2b3a724e36786797c2ed530a08d36253f42a3f7b4de73ef353443491739839ed00ca8b8ad91789364ca11025e378ec6b44112,2019-08-08 16:00:00,30,UNKNOWN,UNKNOWN,UNKNOWN,DAYLIGHT,PARKED MOTOR VEHICLE,UNKNOWN,STRAIGHT AND LEVEL,UNKNOWN,UNKNOWN,NO INJURY / DRIVE AWAY,"$501 - $1,500",NOT APPLICABLE,NOT APPLICABLE,300,N,CENTRAL PARK AVE,2,NO INDICATION OF INJURY,0.0,0.0,0.0,0.0,0.0,1.0,0.0,16,5,8
a9c168b49d04c16c79a376ad0b4e5074706fcbc2fdd7f9aee67e514310673fa5cfd30b78fdedef5c108f11ba0c158674d09b6425e149768d9255dd7e81537da4,2019-02-18 14:00:00,30,NO CONTROLS,NO CONTROLS,SNOW,DUSK,ANGLE,NOT DIVIDED,STRAIGHT AND LEVEL,SNOW OR SLUSH,UNKNOWN,NO INJURY / DRIVE AWAY,"OVER $1,500",UNABLE TO DETERMINE,NOT APPLICABLE,1900,W,CONGRESS PKWY,2,NO INDICATION OF INJURY,0.0,0.0,0.0,0.0,0.0,2.0,0.0,14,2,2
91f999eb827eb13e278399b5e8e0950268ccac83644f05a7170cef39dad3aafbb306a28e8065cc59c8ba3301d6efc53528b041f047e268300a53547f211be2e1,2016-12-18 12:40:00,30,STOP SIGN/FLASHER,FUNCTIONING PROPERLY,CLEAR,DAYLIGHT,ANGLE,DIVIDED - W/MEDIAN (NOT RAISED),STRAIGHT AND LEVEL,WET,NO DEFECTS,NO INJURY / DRIVE AWAY,$500 OR LESS,UNABLE TO DETERMINE,UNABLE TO DETERMINE,1150,W,LAKE ST,2,NO INDICATION OF INJURY,0.0,0.0,0.0,0.0,0.0,4.0,0.0,12,1,12
512995464be8f74a8f95d9bc87f31ea8b5a34d6bda7d33b4797f9668f4eb4f33f93fe9c2f6ab023843c9e3dd95bddec21b089fec0e0bbe570eb9318e4af8914c,2021-01-11 20:00:00,30,STOP SIGN/FLASHER,FUNCTIONING PROPERLY,CLEAR,"DARKNESS, LIGHTED ROAD",REAR END,NOT DIVIDED,STRAIGHT AND LEVEL,DRY,NO DEFECTS,INJURY AND / OR TOW DUE TO CRASH,"OVER $1,500",FAILING TO REDUCE SPEED TO AVOID CRASH,FOLLOWING TOO CLOSELY,3100,S,KEDVALE AVE,3,NONINCAPACITATING INJURY,3.0,0.0,0.0,3.0,0.0,2.0,0.0,20,2,1
133ac59184ffb63f82881dc9507d7ddf2ac1c13c85012646cc1a5c66e0eb9504b0c263924c7f8e2d43298ad580a5d8776f270b2342e99e82dbe154f41c369337,2022-05-12 18:45:00,30,NO CONTROLS,NO CONTROLS,CLEAR,UNKNOWN,PEDALCYCLIST,DIVIDED - W/MEDIAN (NOT RAISED),STRAIGHT AND LEVEL,UNKNOWN,UNKNOWN,NO INJURY / DRIVE AWAY,$500 OR LESS,UNABLE TO DETERMINE,NOT APPLICABLE,2345,N,CLARK ST,2,NO INDICATION OF INJURY,0.0,0.0,0.0,0.0,0.0,2.0,0.0,18,5,5
1b1d86fc91117ef726c6468d71b58f6580241cc164e3772da3934e72272f27f077820c47a8660eef618552dcafde1e62fdcf025a1627056d29354bd2546b71ca,2019-07-21 15:55:00,30,NO CONTROLS,NO CONTROLS,RAIN,DAYLIGHT,REAR END,NOT DIVIDED,STRAIGHT AND LEVEL,WET,NO DEFECTS,NO INJURY / DRIVE AWAY,"$501 - $1,500",DISTRACTION - FROM INSIDE VEHICLE,WEATHER,1904,W,99TH ST,2,NO INDICATION OF INJURY,0.0,0.0,0.0,0.0,0.0,3.0,0.0,15,1,7
95a7c58ae078b06e4932bf6ec4c0926c5a781433689cb72365ede5f888e45a58817285d03d398ca90bf424fa01d55334bdf9d544ce580036071b6543864da88b,2023-12-28 15:30:00,30,STOP SIGN/FLASHER,NO CONTROLS,RAIN,DAYLIGHT,TURNING,PARKING LOT,STRAIGHT AND LEVEL,WET,NO DEFECTS,NO INJURY / DRIVE AWAY,"OVER $1,500",FAILING TO YIELD RIGHT-OF-WAY,FAILING TO YIELD RIGHT-OF-WAY,1711,W,CERMAK RD,2,NO INDICATION OF INJURY,0.0,0.0,0.0,0.0,0.0,2.0,0.0,15,5,12
97c826294613d136461ee0fc43cf39dea5bbf21de3ce8909ae29ff504099b41faefe0d220646f139271ad90038ce998782e389dc154c6187e8ddddd66a965391,2016-06-12 20:50:00,30,NO CONTROLS,NO CONTROLS,CLEAR,"DARKNESS, LIGHTED ROAD",REAR END,DIVIDED - W/MEDIAN (NOT RAISED),STRAIGHT AND LEVEL,DRY,NO DEFECTS,NO INJURY / DRIVE AWAY,$500 OR LESS,FOLLOWING TOO CLOSELY,UNABLE TO DETERMINE,2951,W,FOSTER AVE,2,NO INDICATION OF INJURY,0.0,0.0,0.0,0.0,0.0,2.0,0.0,20,1,6
ff69903e54a06f06f771e625234b2c4023953621c6888f39159a1e808ce7ac6f0a71147c0d8ffb308c69cd9728df498d7fe61b87b5dd4a4ed9bbda1c3ab2928d,2022-03-14 16:10:00,30,STOP SIGN/FLASHER,FUNCTIONING PROPERLY,CLEAR,DAYLIGHT,TURNING,FOUR WAY,STRAIGHT AND LEVEL,DRY,NO DEFECTS,NO INJURY / DRIVE AWAY,"OVER $1,500",FAILING TO YIELD RIGHT-OF-WAY,NOT APPLICABLE,1132,W,115TH ST,2,NO INDICATION OF INJURY,0.0,0.0,0.0,0.0,0.0,2.0,0.0,16,2,3
cf8c5a86239ad9b7f89f7ce457e0705271fff92a5274566b04af7d9bfbdb6a8d71ed5ac1d61d9365eff580ba70970485efac16928869615a71dcc1e986875ac6,2020-05-16 14:30:00,10,NO CONTROLS,NO CONTROLS,CLEAR,DAYLIGHT,PARKED MOTOR VEHICLE,ALLEY,STRAIGHT AND LEVEL,DRY,NO DEFECTS,NO INJURY / DRIVE AWAY,"OVER $1,500",UNABLE TO DETERMINE,NOT APPLICABLE,3223,N,HAMLIN AVE,2,NO INDICATION OF INJURY,0.0,0.0,0.0,0.0,0.0,1.0,0.0,14,7,5
9cb81530eb60c7ecc3e40987d8862c070b8c26cc4966c8e8b72dc1352e83955d32f2731f89ffe19c1287b0b2ba02c6467e7fb3fcfa1121f35eb6624037d5881f,2019-03-04 11:00:00,15,NO CONTROLS,NO CONTROLS,UNKNOWN,DAYLIGHT,REAR END,PARKING LOT,STRAIGHT AND LEVEL,UNKNOWN,UNKNOWN,NO INJURY / DRIVE AWAY,$500 OR LESS,EXCEEDING SAFE SPEED FOR CONDITIONS,NOT APPLICABLE,172,N,BESSIE COLEMAN DR,2,NO INDICATION OF INJURY,0.0,0.0,0.0,0.0,0.0,2.0,0.0,11,2,3
d7131310c5f6f5c1ca6235114fb254d1fdb91f247f835f46955a0dbaaa3c41b9181d7b1124d69ac92b1f47591c331881e26d5394073360fe2d7b1735589ad929,2018-10-21 12:00:00,35,TRAFFIC SIGNAL,FUNCTIONING PROPERLY,CLEAR,DAYLIGHT,REAR END,NOT DIVIDED,STRAIGHT AND LEVEL,DRY,NO DEFECTS,NO INJURY / DRIVE AWAY,"$501 - $1,500",UNABLE TO DETERMINE,UNABLE TO DETERMINE,3852,S,PULASKI RD,2,NO INDICATION OF INJURY,0.0,0.0,0.0,0.0,0.0,2.0,0.0,12,1,10
9566b745be84c7eaded1ab07a7173de91babd4c7b14feaafef08564d88d6bf03853120c0c2bc6342753ce8bd1071d18cf404868d197a4116365ea271293ee7c2,2019-03-28 08:25:00,30,NO CONTROLS,NO CONTROLS,CLEAR,DAYLIGHT,TURNING,DIVIDED - W/MEDIAN BARRIER,STRAIGHT AND LEVEL,DRY,NO DEFECTS,NO INJURY / DRIVE AWAY,"$501 - $1,500",IMPROPER TURNING/NO SIGNAL,IMPROPER TURNING/NO SIGNAL,4543,W,BELMONT AVE,2,NO INDICATION OF INJURY,0.0,0.0,0.0,0.0,0.0,2.0,0.0,8,5,3
791993ae33c649afe83d64a465b52eaf3080c9359cb8ec4fdd89de1686e0bdb18918e581fe9645823640c16a74b9a28afd205e6bef835a107ac977a7033f5acd,2021-07-30 15:45:00,35,NO CONTROLS,NO CONTROLS,CLEAR,DAYLIGHT,SIDESWIPE SAME DIRECTION,NOT DIVIDED,STRAIGHT AND LEVEL,DRY,NO DEFECTS,NO INJURY / DRIVE AWAY,"OVER $1,500",CELL PHONE USE OTHER THAN TEXTING,NOT APPLICABLE,4844,N,LINCOLN AVE,2,NO INDICATION OF INJURY,0.0,0.0,0.0,0.0,0.0,2.0,0.0,15,6,7
06fd3c9526574340553e1f7f4ed5409f308ca3b6356bbc4b24b39c97d39cf64652b9693324290e2666c3a78a4819dd3b68d0d17dee2eaba30ed3a643370fde60,2019-01-20 14:35:00,35,NO CONTROLS,NO CONTROLS,CLEAR,DAYLIGHT,SIDESWIPE OPPOSITE DIRECTION,NOT DIVIDED,STRAIGHT AND LEVEL,SNOW OR SLUSH,NO DEFECTS,NO INJURY / DRIVE AWAY,"OVER $1,500",UNABLE TO DETERMINE,UNABLE TO DETERMINE,1216,W,HOLLYWOOD AVE,2,NO INDICATION OF INJURY,0.0,0.0,0.0,0.0,0.0,3.0,0.0,14,1,1
09fb4703a799063c0fd18c7062e5a3563bae160916620b0e1fba48c67874ac439921959420401fd0930b2c0885f519e76af6d487d291e671d971baeacfcb0a7c,2018-07-08 17:00:00,30,NO CONTROLS,NO CONTROLS,CLEAR,DAYLIGHT,PARKED MOTOR VEHICLE,ONE-WAY,STRAIGHT AND LEVEL,DRY,NO DEFECTS,NO INJURY / DRIVE AWAY,"$501 - $1,500",NOT APPLICABLE,NOT APPLICABLE,6200,S,TRIPP AVE,2,NO INDICATION OF INJURY,0.0,0.0,0.0,0.0,0.0,1.0,0.0,17,1,7
4b86a6e783d91b977d4d0a60d69f9cb994bf52e8ca202e6bcbac45636824c341115f90eda8e109ed84f3c8dd31aae591c949a193bccc4ad9e3dee572d54c619e,2018-12-21 07:20:00,20,STOP SIGN/FLASHER,OTHER,CLOUDY/OVERCAST,DAYLIGHT,ANGLE,NOT DIVIDED,STRAIGHT AND LEVEL,WET,NO DEFECTS,NO INJURY / DRIVE AWAY,"OVER $1,500",UNABLE TO DETERMINE,UNABLE TO DETERMINE,1200,S,KARLOV AVE,2,NO INDICATION OF INJURY,0.0,0.0,0.0,0.0,0.0,5.0,0.0,7,6,12
304c12d4416f7ffb98de19d77b4564f6221fd63cdae797d12eceb15c1ab96db1695e2162a48d3dc1128e7334c2b935bad81f568838428b7c685cf77480384fbe,2018-04-19 22:30:00,30,NO CONTROLS,NO CONTROLS,CLEAR,DARKNESS,PARKED MOTOR VEHICLE,NOT DIVIDED,STRAIGHT AND LEVEL,DRY,NO DEFECTS,NO INJURY / DRIVE AWAY,"OVER $1,500",UNABLE TO DETERMINE,UNABLE TO DETERMINE,3651,S,ARCHER AVE,2,NO INDICATION OF INJURY,0.0,0.0,0.0,0.0,0.0,1.0,0.0,22,5,4
1da67e24fb0a4d9b39e72628ae1dac7e9b97fa643215cff18a8fc24e11db2f6f9ae4348c733bda2181138f362f6573296112dc2abb5e5c1c22f8a7adf696d83a,2022-11-13 03:00:00,25,NO CONTROLS,NO CONTROLS,CLEAR,"DARKNESS, LIGHTED ROAD",FIXED OBJECT,NOT DIVIDED,STRAIGHT AND LEVEL,DRY,NO DEFECTS,INJURY AND / OR TOW DUE TO CRASH,"OVER $1,500",UNABLE TO DETERMINE,UNABLE TO DETERMINE,550,E,50TH PL,1,NO INDICATION OF INJURY,0.0,0.0,0.0,0.0,0.0,1.0,0.0,3,1,11
4872805d74d6497fab6be24ceae626db3faeab363d4f870fcfe3790c029d39bfa66a8da319f85116010c3703b590fa8e0aaa5ef73373d336aacd1b9e7df2e20a,2021-05-31 15:45:00,30,NO CONTROLS,NO CONTROLS,CLEAR,DAYLIGHT,SIDESWIPE SAME DIRECTION,NOT DIVIDED,STRAIGHT AND LEVEL,DRY,NO DEFECTS,NO INJURY / DRIVE AWAY,$500 OR LESS,UNABLE TO DETERMINE,UNABLE TO DETERMINE,11246,S,MICHIGAN AVE,2,NO INDICATION OF INJURY,0.0,0.0,0.0,0.0,0.0,2.0,0.0,15,2,5
936baf5c04355ae00f1cb1cc5d62d7b3e594896b3199c1013d158e4ba8fb818d05183b78b2ec77049362c51c7eda86c1bf7b9c1f21d865c7486e9af9d46a7a44,2023-10-06 16:00:00,20,UNKNOWN,UNKNOWN,CLEAR,DAYLIGHT,FIXED OBJECT,DIVIDED - W/MEDIAN (NOT RAISED),STRAIGHT AND LEVEL,DRY,"RUT, HOLES",NO INJURY / DRIVE AWAY,"OVER $1,500",ROAD ENGINEERING/SURFACE/MARKING DEFECTS,UNABLE TO DETERMINE,1815,N,KINGSBURY ST,1,NO INDICATION OF INJURY,0.0,0.0,0.0,0.0,0.0,1.0,0.0,16,6,10
ce382993942aecad66df8d0c048a50ac487585e003336248661718c752266c2678aac9a03e57929d67f508126948e557d6c6fa08632ccbc0aab730c631c7ff3b,2023-03-04 18:10:00,15,STOP SIGN/FLASHER,FUNCTIONING PROPERLY,CLEAR,DARKNESS,REAR TO FRONT,NOT DIVIDED,STRAIGHT AND LEVEL,DRY,NO DEFECTS,INJURY AND / OR TOW DUE TO CRASH,"OVER $1,500",UNABLE TO DETERMINE,NOT APPLICABLE,208,W,87TH ST,2,NO INDICATION OF INJURY,0.0,0.0,0.0,0.0,0.0,2.0,0.0,18,7,3
9b33c049e076a8340ff2b7aa2d52bfc966911d7d5e47986578cec20d9c7252b278ab6122c663a5687602d1b7db79cfa02f0f177c58fce6631187dcc360a3410f,2022-09-23 09:21:00,30,TRAFFIC SIGNAL,FUNCTIONING PROPERLY,CLEAR,DAYLIGHT,TURNING,NOT DIVIDED,STRAIGHT AND LEVEL,DRY,NO DEFECTS,INJURY AND / OR TOW DUE TO CRASH,"OVER $1,500",UNABLE TO DETERMINE,NOT APPLICABLE,6900,S,RACINE AVE,2,NONINCAPACITATING INJURY,1.0,0.0,0.0,1.0,0.0,2.0,0.0,9,6,9
adfdf9fd51f98434e9d0dac908f6e40b4b272eaf3852be3154ca6fa2a5fffa4f426e3ecd7456496b5e29b75052454a31189c2bb364455556f0d42f1dd362d769,2022-12-02 13:40:00,30,NO CONTROLS,NO CONTROLS,CLEAR,DAYLIGHT,PARKED MOTOR VEHICLE,NOT DIVIDED,STRAIGHT AND LEVEL,DRY,NO DEFECTS,INJURY AND / OR TOW DUE TO CRASH,"OVER $1,500",IMPROPER LANE USAGE,NOT APPLICABLE,2350,N,LINCOLN AVE,2,NO INDICATION OF INJURY,0.0,0.0,0.0,0.0,0.0,5.0,0.0,13,6,12
fabf60ce23cc1d2d98bba6e8a1a8e3bf4c4728c5895236ad225e48bb76de351122459a3ee8f1939f1d93d96fdcb896497c70ce83483b69166333448345646614,2022-03-11 07:15:00,30,NO CONTROLS,NO CONTROLS,CLEAR,DAYLIGHT,REAR END,NOT DIVIDED,STRAIGHT AND LEVEL,UNKNOWN,UNKNOWN,NO INJURY / DRIVE AWAY,$500 OR LESS,FOLLOWING TOO CLOSELY,UNABLE TO DETERMINE,3130,W,FOSTER AVE,2,NO INDICATION OF INJURY,0.0,0.0,0.0,0.0,0.0,6.0,0.0,7,6,3
eee3cc0373769ab465c68637af94f8b0cc2db76e33b0f341b691bf70eb91e88eb6656c03bb95b5d148c7e4ba025d9ad17b5e249f3ebf7ad7e9821bb50b9fff0c,2018-10-07 07:00:00,30,NO CONTROLS,NO CONTROLS,RAIN,DAYLIGHT,PARKED MOTOR VEHICLE,NOT DIVIDED,STRAIGHT AND LEVEL,WET,NO DEFECTS,INJURY AND / OR TOW DUE TO CRASH,"OVER $1,500",IMPROPER LANE USAGE,NOT APPLICABLE,6887,N,NORTHWEST HWY,2,NO INDICATION OF INJURY,0.0,0.0,0.0,0.0,0.0,1.0,0.0,7,1,10
991615ad218bf668e20558eec6f1ade5c93ec79432799d34de300933217796671adc0d5c9506af0edb6bbde98edbbe53c9d4489e173c13a56e96d9ad3701dec8,2018-12-07 14:10:00,40,TRAFFIC SIGNAL,FUNCTIONING PROPERLY,CLEAR,DAYLIGHT,TURNING,DIVIDED - W/MEDIAN (NOT RAISED),STRAIGHT AND LEVEL,DRY,NO DEFECTS,NO INJURY / DRIVE AWAY,"$501 - $1,500",UNABLE TO DETERMINE,UNABLE TO DETERMINE,6410,N,WESTERN AVE,2,NO INDICATION OF INJURY,0.0,0.0,0.0,0.0,0.0,2.0,0.0,14,6,12
a6b0a639f147e774e416a4b5c282d3be3bc666838ab118009b7787597882a58af4356962d18e6abd170c60439ed79507ac6324244a359ffba895446cdc2fb70b,2024-04-10 11:31:00,45,TRAFFIC SIGNAL,FUNCTIONING PROPERLY,CLEAR,DAYLIGHT,SIDESWIPE SAME DIRECTION,FOUR WAY,STRAIGHT AND LEVEL,DRY,NO DEFECTS,INJURY AND / OR TOW DUE TO CRASH,"OVER $1,500",IMPROPER OVERTAKING/PASSING,IMPROPER LANE USAGE,391,E,MONROE DR,3,"REPORTED, NOT EVIDENT",1.0,0.0,0.0,0.0,1.0,2.0,0.0,11,4,4
d30a310fa772cac8d4925d78720ef0acfe6db84812c0014a464b1afb5908fea8ac899a072575aa3af7311affabf53d48689d012e5786c21eae02fc3dc174d2d2,2019-11-15 23:49:00,5,NO CONTROLS,NO CONTROLS,UNKNOWN,UNKNOWN,REAR END,OTHER,"CURVE, LEVEL",UNKNOWN,NO DEFECTS,NO INJURY / DRIVE AWAY,"$501 - $1,500",UNABLE TO DETERMINE,FOLLOWING TOO CLOSELY,1768,W,ARMITAGE AVE,2,NO INDICATION OF INJURY,0.0,0.0,0.0,0.0,0.0,3.0,0.0,23,6,11
7e449f2b338ffb90b42a6428071a67e1c7c39a0156a400c8d5f2b803d5245c052d8271dd816b77142a0d31cbde23dc4fc42746c771b7dea2509336f65f9fd566,2024-01-14 03:57:00,30,NO CONTROLS,NO CONTROLS,FREEZING RAIN/DRIZZLE,"DARKNESS, LIGHTED ROAD",PARKED MOTOR VEHICLE,DIVIDED - W/MEDIAN (NOT RAISED),STRAIGHT AND LEVEL,SNOW OR SLUSH,NO DEFECTS,INJURY AND / OR TOW DUE TO CRASH,"OVER $1,500",UNABLE TO DETERMINE,NOT APPLICABLE,4732,W,DIVERSEY AVE,2,NO INDICATION OF INJURY,0.0,0.0,0.0,0.0,0.0,1.0,0.0,3,1,1
6a83de3648fbf60b4912829c764a0c5f2a98dc955327796e797b1c7f6bcf23afb70ebce8bb3648ba351307f80021003c4ceaaae6dacc0051e2f7c01359e11133,2021-12-13 14:56:00,30,NO CONTROLS,NO CONTROLS,CLEAR,DAYLIGHT,PARKED MOTOR VEHICLE,PARKING LOT,STRAIGHT AND LEVEL,DRY,NO DEFECTS,NO INJURY / DRIVE AWAY,"OVER $1,500",DRIVING SKILLS/KNOWLEDGE/EXPERIENCE,NOT APPLICABLE,4201,S,ASHLAND AVE,2,NO INDICATION OF INJURY,0.0,0.0,0.0,0.0,0.0,2.0,0.0,14,2,12
f75a839b9db7a50b4dd05b6a17683674670f47702411fc5205708109f0520320032292e8c5d37ca0202a3a156cb74296f1f7a0a2cf4d3e1bcafffbf87e8adf3c,2016-09-25 18:53:00,30,NO CONTROLS,NO CONTROLS,CLEAR,"DARKNESS, LIGHTED ROAD",ANGLE,NOT DIVIDED,STRAIGHT AND LEVEL,WET,NO DEFECTS,INJURY AND / OR TOW DUE TO CRASH,"OVER $1,500",DRIVING SKILLS/KNOWLEDGE/EXPERIENCE,UNABLE TO DETERMINE,6600,S,MARQUETTE RD,2,NO INDICATION OF INJURY,0.0,0.0,0.0,0.0,0.0,4.0,0.0,18,1,9
7b7fa8278394323d03568a9de6dd14a8968d50046dd35dd47fd140b76f82452c8eca5f6e94243f890c4ed99e53983048149624393e2b1ca743a80a87c44cccb2,2018-11-05 09:30:00,35,NO CONTROLS,NO CONTROLS,CLEAR,DAYLIGHT,SIDESWIPE SAME DIRECTION,ONE-WAY,STRAIGHT AND LEVEL,DRY,NO DEFECTS,NO INJURY / DRIVE AWAY,"OVER $1,500",EXCEEDING SAFE SPEED FOR CONDITIONS,FAILING TO REDUCE SPEED TO AVOID CRASH,2100,W,DIVISION ST,2,NO INDICATION OF INJURY,0.0,0.0,0.0,0.0,0.0,2.0,0.0,9,2,11
f378709ed27a6405982bdce502d3add644209177967779f889845730f4e28c07b6003758322c169288f11abfc7e0493451de36d5f5cd1d7c9ed881fb3f8c727f,2024-02-14 10:30:00,30,TRAFFIC SIGNAL,UNKNOWN,CLEAR,DAYLIGHT,PEDESTRIAN,NOT DIVIDED,STRAIGHT AND LEVEL,UNKNOWN,UNKNOWN,INJURY AND / OR TOW DUE TO CRASH,"$501 - $1,500",UNABLE TO DETERMINE,NOT APPLICABLE,1001,N,KEDZIE AVE,2,NONINCAPACITATING INJURY,1.0,0.0,0.0,1.0,0.0,1.0,0.0,10,4,2
cc70726d81a1d1608f69d9035faf32b3f3413280ac0534f0463098605ac9421985e6daee6ff4e7c131d36f8f5f92d067c1b70008ea2ee1ead7efa0ed460cecdb,2017-05-07 11:45:00,30,TRAFFIC SIGNAL,FUNCTIONING PROPERLY,CLEAR,DAYLIGHT,PARKED MOTOR VEHICLE,NOT DIVIDED,STRAIGHT AND LEVEL,DRY,UNKNOWN,NO INJURY / DRIVE AWAY,"OVER $1,500",UNABLE TO DETERMINE,NOT APPLICABLE,361,W,ILLINOIS ST,3,NO INDICATION OF INJURY,0.0,0.0,0.0,0.0,0.0,1.0,0.0,11,1,5