CRASH_RECORD_ID,CRASH_DATE,POSTED_SPEED_LIMIT,TRAFFIC_CONTROL_DEVICE,DEVICE_CONDITION,WEATHER_CONDITION,LIGHTING_CONDITION,FIRST_CRASH_TYPE,TRAFFICWAY_TYPE,ALIGNMENT,ROADWAY_SURFACE_COND,ROAD_DEFECT,CRASH_TYPE,DAMAGE,PRIM_CONTRIBUTORY_CAUSE,SEC_CONTRIBUTORY_CAUSE,STREET_NO,STREET_DIRECTION,STREET_NAME,NUM_UNITS,MOST_SEVERE_INJURY,INJURIES_TOTAL,INJURIES_FATAL,INJURIES_INCAPACITATING,INJURIES_NON_INCAPACITATING,INJURIES_REPORTED_NOT_EVIDENT,INJURIES_NO_INDICATION,INJURIES_UNKNOWN,CRASH_HOUR,CRASH_DAY_OF_WEEK,CRASH_MONTH
496772623fd2bdc2166fc475dc0bab15e287a22d9c3fabaf4081e7f9cce9bae93db8dce0bac7bf9d0f24a62d6b7dd7d3bc3b707e5c10239afcb7680be49ddea7,2020-07-20 17:28:00,30,TRAFFIC SIGNAL,FUNCTIONING PROPERLY,CLEAR,DAYLIGHT,REAR END,NOT DIVIDED,STRAIGHT AND LEVEL,DRY,NO DEFECTS,NO INJURY / DRIVE AWAY,"$501 - $1,500",UNABLE TO DETERMINE,NOT APPLICABLE,2400,W,87TH ST,2,NO INDICATION OF INJURY,0.0,0.0,0.0,0.0,0.0,2.0,0.0,17,2,7
e309b7323a37f281217e068ca150a9d31a29eb24956751a1b1190339ed480624d0a78392e3cc24d6b58875ecbf6c133eed9d5caeb13139efc4d07bba7871e2e2,2019-11-27 18:02:00,30,TRAFFIC SIGNAL,FUNCTIONING PROPERLY,CLOUDY/OVERCAST,DARKNESS,PEDESTRIAN,NOT DIVIDED,STRAIGHT AND LEVEL,DRY,NO DEFECTS,INJURY AND / OR TOW DUE TO CRASH,$500 OR LESS,UNABLE TO DETERMINE,NOT APPLICABLE,6060,N,SHERIDAN RD,2,INCAPACITATING INJURY,1.0,0.0,1.0,0.0,0.0,1.0,0.0,18,4,11
ce3cae9aa47d66cd03cb9e8b264f05c4faff5fb6fbef4d845b96610a6acf5c1d7f05c6bf99a7940eadf157c96b0f8dab1f77c2914f2122f71c0f2d069da9242b,2019-01-22 15:30:00,30,STOP SIGN/FLASHER,FUNCTIONING PROPERLY,SLEET/HAIL,DAYLIGHT,ANGLE,NOT DIVIDED,STRAIGHT AND LEVEL,WET,NO DEFECTS,NO INJURY / DRIVE AWAY,"$501 - $1,500",UNABLE TO DETERMINE,UNABLE TO DETERMINE,600,W,WEBSTER AVE,2,NO INDICATION OF INJURY,0.0,0.0,0.0,0.0,0.0,2.0,0.0,15,3,1
0766973197725d67341754a4e37c5fa43859cbb036249c4bb44342a09e2be515bca50b4413c3c1db273cad83116aa373101577e8fabc0639f0ea5ed3d1b8ccc3,2021-03-30 14:00:00,25,NO CONTROLS,NO CONTROLS,CLEAR,DAYLIGHT,ANGLE,PARKING LOT,STRAIGHT AND LEVEL,DRY,NO DEFECTS,NO INJURY / DRIVE AWAY,"OVER $1,500",NOT APPLICABLE,NOT APPLICABLE,5622,W,ROOSEVELT RD,2,NO INDICATION OF INJURY,0.0,0.0,0.0,0.0,0.0,2.0,0.0,14,3,3
0bd265193eebb7ab33a8f7f9b9839e5fc0f52bd331548acc6c6d290ae51bafffd5d7f67a332b16aae6c80706e42afc8d5cce8d858af0edaf3beac18db008391e,2018-10-23 19:50:00,30,NO CONTROLS,NO CONTROLS,CLEAR,"DARKNESS, LIGHTED ROAD",REAR END,NOT DIVIDED,STRAIGHT AND LEVEL,DRY,NO DEFECTS,NO INJURY / DRIVE AWAY,"OVER $1,500",FOLLOWING TOO CLOSELY,FAILING TO REDUCE SPEED TO AVOID CRASH,7343,N,CLARK ST,2,NO INDICATION OF INJURY,0.0,0.0,0.0,0.0,0.0,2.0,0.0,19,3,10
7fd6d3c666a347771a4dede8f911ca30f358a55bdf255d3f22093c8d99b659990db16bfa6c259074aa8d73793e655bdf3fa06daf2345e5e0bc9fd1e4d8230e47,2022-09-19 07:00:00,45,NO CONTROLS,NO CONTROLS,CLEAR,DAYLIGHT,SIDESWIPE SAME DIRECTION,DIVIDED - W/MEDIAN BARRIER,STRAIGHT AND LEVEL,DRY,NO DEFECTS,NO INJURY / DRIVE AWAY,"OVER $1,500",IMPROPER LANE USAGE,NOT APPLICABLE,1400,S,LAKE SHORE DR E,2,NO INDICATION OF INJURY,0.0,0.0,0.0,0.0,0.0,2.0,0.0,7,2,9
4ecfc322fd793f9c274c4a0130864718f532188fe1fe0d6ff8777d6d1d2b53ab09167887f27b2cac4db6ddf8210a88c67ce8f885bc9c8d2879c7af067aa75eca,2017-11-22 10:15:00,30,NO CONTROLS,NO CONTROLS,CLEAR,DAYLIGHT,REAR END,NOT DIVIDED,STRAIGHT AND LEVEL,DRY,NO DEFECTS,NO INJURY / DRIVE AWAY,"OVER $1,500",UNABLE TO DETERMINE,NOT APPLICABLE,9457,S,WESTERN AVE,2,NO INDICATION OF INJURY,0.0,0.0,0.0,0.0,0.0,3.0,0.0,10,4,11
7edc0c0b293a623df93d0861b4ce5601eeb8034f27d83515d2d72f3fdf67dc6442f2caf6ff2375a2d66edb29a96287309a10558a559ea3f59120c6bbc2b750de,2018-01-05 13:05:00,30,TRAFFIC SIGNAL,FUNCTIONING PROPERLY,CLEAR,DAYLIGHT,FIXED OBJECT,DIVIDED - W/MEDIAN (NOT RAISED),STRAIGHT AND LEVEL,UNKNOWN,UNKNOWN,INJURY AND / OR TOW DUE TO CRASH,"OVER $1,500",UNABLE TO DETERMINE,NOT APPLICABLE,4340,N,BROADWAY,1,NONINCAPACITATING INJURY,1.0,0.0,0.0,1.0,0.0,1.0,0.0,13,6,1
535cc4beba289c5ee66b1bcceff85256da3c3cbd9a9bb0e5e9cd53bbd8a5c732b2f60e00f25dcd822e6cbe584bd4eea208c7828a4b75a654681e7ac1ff414212,2022-04-16 21:20:00,30,TRAFFIC SIGNAL,FUNCTIONING PROPERLY,CLEAR,"DARKNESS, LIGHTED ROAD",REAR END,DIVIDED - W/MEDIAN (NOT RAISED),STRAIGHT AND LEVEL,DRY,NO DEFECTS,NO INJURY / DRIVE AWAY,"$501 - $1,500",UNABLE TO DETERMINE,NOT APPLICABLE,200,E,107TH ST,2,NO INDICATION OF INJURY,0.0,0.0,0.0,0.0,0.0,2.0,0.0,21,7,4
3b280c5e5d242160d6a4a156b16c59dcb89b017f4234aa0b1ce7a7e9291a2a4f5e56741b89b9c44f94504b07aab8001b5645f17cc6252b8550c735ecea3e6ea6,2017-01-30 12:13:00,10,NO CONTROLS,NO CONTROLS,CLEAR,DAYLIGHT,FIXED OBJECT,OTHER,CURVE ON GRADE,DRY,OTHER,NO INJURY / DRIVE AWAY,"OVER $1,500",UNABLE TO DETERMINE,UNABLE TO DETERMINE,203,N,LA SALLE ST,1,NO INDICATION OF INJURY,0.0,0.0,0.0,0.0,0.0,1.0,0.0,12,2,1
8f0f932d5a6f926afadbd219f5b3df0ce2069f5685f0622d379d47927f2f99544ec9e17dd4d4268c08a2c5be2468f3976a5a81a175f99f12e119b0deea0919ba,2023-10-05 08:30:00,30,TRAFFIC SIGNAL,FUNCTIONING PROPERLY,RAIN,DAYLIGHT,SIDESWIPE SAME DIRECTION,DIVIDED - W/MEDIAN BARRIER,STRAIGHT AND LEVEL,WET,NO DEFECTS,NO INJURY / DRIVE AWAY,"$501 - $1,500",IMPROPER OVERTAKING/PASSING,IMPROPER OVERTAKING/PASSING,1000,S,MICHIGAN AVE,2,NO INDICATION OF INJURY,0.0,0.0,0.0,0.0,0.0,2.0,0.0,8,5,10
bfa50617296d000d5730b3d653b1978df1eadcd7da7e19e5a7e0fbedff66fb6574cd31f28d118c3bb91f5214a554d77cb5580a867b60c2c6e68a7172614a6d60,2018-04-22 09:40:00,30,NO CONTROLS,NO CONTROLS,CLEAR,DAYLIGHT,PARKED MOTOR VEHICLE,ONE-WAY,STRAIGHT AND LEVEL,DRY,NO DEFECTS,NO INJURY / DRIVE AWAY,"OVER $1,500",UNABLE TO DETERMINE,UNABLE TO DETERMINE,3149,W,LOGAN BLVD,2,NO INDICATION OF INJURY,0.0,0.0,0.0,0.0,0.0,1.0,0.0,9,1,4
69e0b7f9f06d391903ee36099f77fd2695ba095581a27cbe6badc7eefcf5196104fd7c5a7fb901c652aaa6f435e1b60f45b8f2d3179dd46780b650f9df88de57,2022-05-24 12:30:00,35,TRAFFIC SIGNAL,FUNCTIONING PROPERLY,CLEAR,DAYLIGHT,REAR END,DIVIDED - W/MEDIAN (NOT RAISED),STRAIGHT AND LEVEL,DRY,NO DEFECTS,NO INJURY / DRIVE AWAY,"$501 - $1,500",FOLLOWING TOO CLOSELY,UNABLE TO DETERMINE,1000,W,ROOSEVELT RD,2,NO INDICATION OF INJURY,0.0,0.0,0.0,0.0,0.0,3.0,0.0,12,3,5
fa05f51304cd389cf9318a8138f7492adfa187e707a880787e77fe60c0d01d8da66dcbf4a5fa84220a8e85948e97773f8aef1b4e6a9101e480c90804f7c0fb03,2023-01-18 19:29:00,30,TRAFFIC SIGNAL,FUNCTIONING PROPERLY,RAIN,"DARKNESS, LIGHTED ROAD",REAR END,NOT DIVIDED,STRAIGHT AND LEVEL,WET,NO DEFECTS,NO INJURY / DRIVE AWAY,"OVER $1,500",DRIVING SKILLS/KNOWLEDGE/EXPERIENCE,NOT APPLICABLE,5150,W,55TH ST,2,NO INDICATION OF INJURY,0.0,0.0,0.0,0.0,0.0,2.0,0.0,19,4,1
903ed7638f8f98024d2e0452931b329e5ff6e01166e60d46cbeab6d551d4102d3d3898198c2af352340218418a9736254ebac2379fff4916c705c064a1b35780,2019-11-24 12:00:00,10,NO CONTROLS,NO CONTROLS,CLEAR,DAYLIGHT,PARKED MOTOR VEHICLE,PARKING LOT,STRAIGHT AND LEVEL,DRY,NO DEFECTS,NO INJURY / DRIVE AWAY,"OVER $1,500",UNABLE TO DETERMINE,UNABLE TO DETERMINE,4925,N,BROADWAY,2,NO INDICATION OF INJURY,0.0,0.0,0.0,0.0,0.0,1.0,0.0,12,1,11
f77eeccb2fa6e9e857ff9ed4944b091be83ded5172e9b907297cf14ee9280893fe95acfb5528691ae565171ffd2af8f78216023b5c7a1ec19120151a7c871b18,2020-12-06 22:45:00,40,TRAFFIC SIGNAL,FUNCTIONING PROPERLY,CLEAR,"DARKNESS, LIGHTED ROAD",ANGLE,DIVIDED - W/MEDIAN (NOT RAISED),STRAIGHT AND LEVEL,DRY,UNKNOWN,NO INJURY / DRIVE AWAY,"OVER $1,500",UNABLE TO DETERMINE,UNABLE TO DETERMINE,4130,S,CICERO AVE,2,NO INDICATION OF INJURY,0.0,0.0,0.0,0.0,0.0,2.0,0.0,22,1,12
47470918a073d5b2bfdc699188eddf058508bf3ab1e8bda587d3e7d75809f6ee3bf36ee6e0ce02c71601716bda36cae4af285c23145fb3f79c717c0b9303d053,2017-10-27 18:00:00,20,NO CONTROLS,NO CONTROLS,CLEAR,DARKNESS,PARKED MOTOR VEHICLE,PARKING LOT,STRAIGHT AND LEVEL,DRY,NO DEFECTS,NO INJURY / DRIVE AWAY,$500 OR LESS,UNABLE TO DETERMINE,UNABLE TO DETERMINE,4600,W,IRVING PARK RD,2,NO INDICATION OF INJURY,0.0,0.0,0.0,0.0,0.0,1.0,0.0,18,6,10
eedcc70baef8cadfc2048bceee757e15f1cdfd1cdcf130419601598062b36918101a9b3703125a4cda8c8929cafda7b20ae1f63adbc0d20f556016262f623c01,2023-07-15 16:10:00,30,NO CONTROLS,NO CONTROLS,CLEAR,DAYLIGHT,REAR END,DIVIDED - W/MEDIAN BARRIER,STRAIGHT AND LEVEL,DRY,NO DEFECTS,INJURY AND / OR TOW DUE TO CRASH,"OVER $1,500",UNABLE TO DETERMINE,UNABLE TO DETERMINE,9520,S,STONY ISLAND AVE,3,"REPORTED, NOT EVIDENT",2.0,0.0,0.0,0.0,2.0,2.0,0.0,16,7,7
e8d9e5d11e249ae58e15452f7fad81e0a8b47dc1316b40912025dfa39afa6603b0e6d2d4f18fd34bf12f9516e911643356cfc66f75027097dd8c118f6215a9fd,2020-07-21 21:06:00,30,NO CONTROLS,NO CONTROLS,RAIN,"DARKNESS, LIGHTED ROAD",REAR END,DIVIDED - W/MEDIAN (NOT RAISED),STRAIGHT AND LEVEL,WET,NO DEFECTS,NO INJURY / DRIVE AWAY,"$501 - $1,500",FOLLOWING TOO CLOSELY,UNABLE TO DETERMINE,500,S,KOSTNER AVE,2,NO INDICATION OF INJURY,0.0,0.0,0.0,0.0,0.0,6.0,0.0,21,3,7
3c8b5e6b86701cfae12732a0e053c738b438462f67fefc100d681a5e711e58823114d3c33ccad3bdc7a5b2e700d37e8997f9a184ea410dd45722f836b4379d50,2017-12-23 23:45:00,30,STOP SIGN/FLASHER,FUNCTIONING PROPERLY,CLEAR,"DARKNESS, LIGHTED ROAD",REAR END,DIVIDED - W/MEDIAN (NOT RAISED),STRAIGHT AND LEVEL,DRY,NO DEFECTS,NO INJURY / DRIVE AWAY,"OVER $1,500",UNABLE TO DETERMINE,UNABLE TO DETERMINE,1100,W,76TH ST,2,NO INDICATION OF INJURY,0.0,0.0,0.0,0.0,0.0,2.0,0.0,23,7,12
c7ab7f29dc9da3d521f1a147e1ba1e25bbb4e7b9424ab715a8e3b807f525c8239141de7fc6f89fabe0c9b81a0959e1bbded199812bbeed399b3d1f314cfdb486,2021-08-23 22:15:00,30,TRAFFIC SIGNAL,UNKNOWN,CLEAR,"DARKNESS, LIGHTED ROAD",REAR END,DIVIDED - W/MEDIAN (NOT RAISED),STRAIGHT AND LEVEL,UNKNOWN,UNKNOWN,NO INJURY / DRIVE AWAY,"$501 - $1,500",FOLLOWING TOO CLOSELY,CELL PHONE USE OTHER THAN TEXTING,3100,S,MICHIGAN AVE,2,NO INDICATION OF INJURY,0.0,0.0,0.0,0.0,0.0,3.0,0.0,22,2,8
d81def714b3394fa449039d523109df29ac32773200f3f389f85ba422bd2a3ef104eeeeeed548c6c8b0ae5587c11de079a8077a18fc90883bc952ec47fb4ad19,2018-09-17 04:30:00,30,NO CONTROLS,NO CONTROLS,CLEAR,DARKNESS,PARKED MOTOR VEHICLE,NOT DIVIDED,STRAIGHT AND LEVEL,DRY,NO DEFECTS,NO INJURY / DRIVE AWAY,"OVER $1,500",UNABLE TO DETERMINE,UNABLE TO DETERMINE,3634,W,BELMONT AVE,2,NO INDICATION OF INJURY,0.0,0.0,0.0,0.0,0.0,1.0,0.0,4,2,9
ad9ee5ad94e88b799f99a533fb679bac21cc82042d7597ad9995c6636bba5d94fd0f9c8043f83b449afff93eacbf5b6b42b023695b9a3e391b08ed836c4e891f,2023-01-18 13:00:00,30,TRAFFIC SIGNAL,FUNCTIONING PROPERLY,CLEAR,DAYLIGHT,SIDESWIPE SAME DIRECTION,ONE-WAY,STRAIGHT AND LEVEL,DRY,UNKNOWN,NO INJURY / DRIVE AWAY,"$501 - $1,500",IMPROPER LANE USAGE,NOT APPLICABLE,333,N,ORLEANS ST,2,NO INDICATION OF INJURY,0.0,0.0,0.0,0.0,0.0,2.0,0.0,13,4,1
e0676b4adcd02b714253559ae7e92b9b564903407cd3babe7e478c6c25201a1a0e760cf20a482380969019097d17d2b40dd05942708afea100c6a707630d0ed3,2018-01-04 15:50:00,35,NO CONTROLS,NO CONTROLS,CLEAR,DAYLIGHT,TURNING,NOT DIVIDED,STRAIGHT AND LEVEL,DRY,NO DEFECTS,INJURY AND / OR TOW DUE TO CRASH,"OVER $1,500",FAILING TO YIELD RIGHT-OF-WAY,FAILING TO YIELD RIGHT-OF-WAY,5460,N,MILWAUKEE AVE,2,NO INDICATION OF INJURY,0.0,0.0,0.0,0.0,0.0,2.0,0.0,15,5,1
155de254b8fac89744a38112c9b959d27b507ebfe0d87fc479317e50a3e8f598dc76d83b843146b40fb7bcbde9013cfd4e6cb4410f2ab0f7ed2f32b5e0ec492a,2021-02-07 13:00:00,20,UNKNOWN,UNKNOWN,UNKNOWN,UNKNOWN,FIXED OBJECT,NOT DIVIDED,STRAIGHT AND LEVEL,WET,UNKNOWN,NO INJURY / DRIVE AWAY,"$501 - $1,500",WEATHER,UNABLE TO DETERMINE,33,E,34TH ST,1,NO INDICATION OF INJURY,0.0,0.0,0.0,0.0,0.0,2.0,0.0,13,1,2
cb72040e7649b6cb1742ae1d1240273753a6bf00c8956dd9f8db8b1ae3c04338c330dffa5aef9b0281e1ba48436dec0f45a6de62e9b376974b08c8c2f2c088b4,2019-06-28 21:02:00,30,NO CONTROLS,NO CONTROLS,CLEAR,"DARKNESS, LIGHTED ROAD",OTHER OBJECT,DIVIDED - W/MEDIAN (NOT RAISED),STRAIGHT AND LEVEL,DRY,NO DEFECTS,INJURY AND / OR TOW DUE TO CRASH,"OVER $1,500","OPERATING VEHICLE IN ERRATIC, RECKLESS, CARELESS, NEGLIGENT OR AGGRESSIVE MANNER",NOT APPLICABLE,11465,S,VINCENNES AVE,1,NO INDICATION OF INJURY,0.0,0.0,0.0,0.0,0.0,1.0,0.0,21,6,6
9ba321a0482b9678bf9ad60497c3285b132d9ca1b0b4ed2ed4088bd9aa625542dd83aad4d99f572ae7e014f94e00f0076ed221f24af0571cb046d38fb88db50c,2016-10-31 22:00:00,30,NO CONTROLS,NO CONTROLS,CLEAR,"DARKNESS, LIGHTED ROAD",REAR END,DRIVEWAY,"CURVE, LEVEL",DRY,NO DEFECTS,NO INJURY / DRIVE AWAY,"$501 - $1,500",IMPROPER BACKING,NOT APPLICABLE,345,E,WACKER DR,2,NO INDICATION OF INJURY,0.0,0.0,0.0,0.0,0.0,2.0,0.0,22,2,10
52b3c6543d301b47268c2734783434bf29bd8b0a67db118ddd1386a2510af190fdd636c311b6bdd2bfd26d4fcb20576482b048329a97c606b10cfc776d2eb4f9,2023-11-17 13:25:00,30,TRAFFIC SIGNAL,NO CONTROLS,CLEAR,DAYLIGHT,SIDESWIPE SAME DIRECTION,DIVIDED - W/MEDIAN (NOT RAISED),STRAIGHT AND LEVEL,DRY,NO DEFECTS,NO INJURY / DRIVE AWAY,"OVER $1,500",IMPROPER TURNING/NO SIGNAL,NOT APPLICABLE,111,W,WACKER DR,2,NO INDICATION OF INJURY,0.0,0.0,0.0,0.0,0.0,2.0,0.0,13,6,11
3712e0560de306ad7a76df6ff83a29affe764f7a87a90725b285505e701b380090536ac898be97862636f0801d3f4c91aa924219d5bf9d08bc1bb1da9533e665,2024-03-08 19:20:00,30,TRAFFIC SIGNAL,FUNCTIONING PROPERLY,RAIN,"DARKNESS, LIGHTED ROAD",ANGLE,NOT DIVIDED,STRAIGHT AND LEVEL,WET,UNKNOWN,NO INJURY / DRIVE AWAY,"$501 - $1,500",FAILING TO YIELD RIGHT-OF-WAY,UNABLE TO DETERMINE,2386,W,ADDISON ST,2,NO INDICATION OF INJURY,0.0,0.0,0.0,0.0,0.0,2.0,0.0,19,6,3
5e4491713927a4390a19e6c55bf156b8c4ab1ef8a6767fc1a374cdad6e540d5336c81476a43145783c93359db8e555f752af302618c44b68454318b3b4078bca,2022-04-23 20:00:00,30,UNKNOWN,UNKNOWN,CLEAR,"DARKNESS, LIGHTED ROAD",PARKED MOTOR VEHICLE,DIVIDED - W/MEDIAN (NOT RAISED),STRAIGHT AND LEVEL,DRY,UNKNOWN,NO INJURY / DRIVE AWAY,"$501 - $1,500",UNABLE TO DETERMINE,UNABLE TO DETERMINE,6551,N,SHERIDAN RD,2,NO INDICATION OF INJURY,0.0,0.0,0.0,0.0,0.0,1.0,0.0,20,7,4
854dbe277946bda2fc63a248178a24866652d9b4555efc269d6c2848b41df24bcd71d311fb18af8e2c5fb30a90c5a49bbea511efa4fe8c6817e370dbf69c5cd9,2016-11-19 13:40:00,30,NO CONTROLS,NO CONTROLS,CLEAR,DAYLIGHT,SIDESWIPE SAME DIRECTION,NOT DIVIDED,STRAIGHT AND LEVEL,DRY,NO DEFECTS,NO INJURY / DRIVE AWAY,"OVER $1,500",UNABLE TO DETERMINE,UNABLE TO DETERMINE,2400,W,47TH ST,2,NO INDICATION OF INJURY,0.0,0.0,0.0,0.0,0.0,2.0,0.0,13,7,11
431763a6fb8546379a4c2e963e6d0e4b78d7ed3908e272f862c74ff0cad2d06c9e4d6dc3c7ff50be51c5b611632f1f908c77c048032c822e305226cb4ccbf12d,2020-03-16 13:35:00,30,NO CONTROLS,NO CONTROLS,CLEAR,DAYLIGHT,TURNING,NOT DIVIDED,STRAIGHT AND LEVEL,DRY,UNKNOWN,NO INJURY / DRIVE AWAY,"OVER $1,500",UNABLE TO DETERMINE,UNABLE TO DETERMINE,10700,S,VINCENNES AVE,2,NO INDICATION OF INJURY,0.0,0.0,0.0,0.0,0.0,2.0,0.0,13,2,3
84f42cd679ec8122b72d807a72d7647e66328dd15963c44f3b41244b1eea5aa2b5ea787de7096acd0bed740a7a64df13fe3584df14f21b9f2564d756167b1e6b,2017-10-23 15:08:00,35,TRAFFIC SIGNAL,FUNCTIONING PROPERLY,CLEAR,DAYLIGHT,SIDESWIPE SAME DIRECTION,NOT DIVIDED,STRAIGHT AND LEVEL,WET,NO DEFECTS,NO INJURY / DRIVE AWAY,"$501 - $1,500",IMPROPER TURNING/NO SIGNAL,UNABLE TO DETERMINE,6368,N,MILWAUKEE AVE,2,NO INDICATION OF INJURY,0.0,0.0,0.0,0.0,0.0,2.0,0.0,15,2,10
fe4699fd9160e9668e396bc324d7bc59d11d8fbd096b472140bd57ad9f0421c3706b1a2099050bf8162a7d15b72a26b88b0005582b8a42fbb689303a044979ad,2019-11-14 09:00:00,35,TRAFFIC SIGNAL,FUNCTIONING PROPERLY,CLEAR,DAYLIGHT,SIDESWIPE SAME DIRECTION,ONE-WAY,STRAIGHT AND LEVEL,DRY,NO DEFECTS,NO INJURY / DRIVE AWAY,"OVER $1,500",IMPROPER OVERTAKING/PASSING,IMPROPER LANE USAGE,240,S,WELLS ST,2,NO INDICATION OF INJURY,0.0,0.0,0.0,0.0,0.0,2.0,0.0,9,5,11
6b243ffe157b3d4554bd1cb7149b184dc03a3c9fea974e315971f43087254f16944721dd1af2092ea605f6b7afe3b816122a2bf985127cbd96836375f9e3bd4d,2016-11-17 00:30:00,35,NO CONTROLS,NO CONTROLS,CLEAR,DARKNESS,FIXED OBJECT,ALLEY,STRAIGHT AND LEVEL,DRY,NO DEFECTS,NO INJURY / DRIVE AWAY,"OVER $1,500",IMPROPER TURNING/NO SIGNAL,NOT APPLICABLE,5212,W,POLK ST,1,NO INDICATION OF INJURY,0.0,0.0,0.0,0.0,0.0,1.0,0.0,0,5,11
36f475c2b2d452ad69fa4a249cb48942a3ab6d65de6b690f38abde0aa694178fe85741cbea29f33fa6bfee45e657573a05a8105226001d635cc790a6fdf88b7e,2020-08-16 01:55:00,30,TRAFFIC SIGNAL,FUNCTIONING PROPERLY,CLEAR,DAWN,ANGLE,FOUR WAY,STRAIGHT AND LEVEL,DRY,NO DEFECTS,INJURY AND / OR TOW DUE TO CRASH,"OVER $1,500",DISREGARDING TRAFFIC SIGNALS,NOT APPLICABLE,360,W,79TH ST,2,NO INDICATION OF INJURY,0.0,0.0,0.0,0.0,0.0,2.0,0.0,1,1,8
dd746865e0ffb5584cc32bfd066f279f6d3bd18bea07b4f573dbf6eefe2c22ec473f91b8fae2922f0a9a07321b9d3f9542239263a1398685f5c3c74580aaa4ad,2021-06-26 01:18:00,30,NO CONTROLS,NO CONTROLS,RAIN,"DARKNESS, LIGHTED ROAD",FIXED OBJECT,NOT DIVIDED,"CURVE, LEVEL",WET,NO DEFECTS,INJURY AND / OR TOW DUE TO CRASH,"OVER $1,500",UNABLE TO DETERMINE,UNABLE TO DETERMINE,1444,W,HOWARD ST,1,NO INDICATION OF INJURY,0.0,0.0,0.0,0.0,0.0,1.0,0.0,1,7,6
7cf5481684f5b8288189d73f1552cc62c1002147ee348974eaa9b7e1bfeef944c3098821741e290f6fa6dc04fa47866ef744c1ecc13622ce510d9eef5f679f8a,2018-10-01 15:14:00,30,TRAFFIC SIGNAL,FUNCTIONING PROPERLY,CLEAR,DAYLIGHT,REAR END,NOT DIVIDED,STRAIGHT AND LEVEL,DRY,UNKNOWN,NO INJURY / DRIVE AWAY,$500 OR LESS,FOLLOWING TOO CLOSELY,UNABLE TO DETERMINE,1958,W,DIVERSEY PKWY,2,NO INDICATION OF INJURY,0.0,0.0,0.0,0.0,0.0,2.0,0.0,15,2,10
b102f82f38570d326ca7c21c4f9c8bc0b5749c556a233d9012c20c25c8c7b721a710ed169240e135536c79a05ae9de52a50499b4f397c19dadfd06487268481d,2016-06-17 12:28:00,30,TRAFFIC SIGNAL,FUNCTIONING PROPERLY,CLEAR,DAYLIGHT,PARKED MOTOR VEHICLE,NOT DIVIDED,STRAIGHT AND LEVEL,DRY,NO DEFECTS,NO INJURY / DRIVE AWAY,"OVER $1,500",UNABLE TO DETERMINE,NOT APPLICABLE,3500,S,PRAIRIE AVE,2,NO INDICATION OF INJURY,0.0,0.0,0.0,0.0,0.0,1.0,0.0,12,6,6
e0d8f11ea2a2d615dd7cf6438f1db2c913c23040694b6eec86dc907564f09025409d8f9584bcef6a7e6ec64bdf02ce4dcdbb1e53a443bde0f6d37c1a47fab04d,2021-11-03 10:55:00,45,NO CONTROLS,NO CONTROLS,CLEAR,DAYLIGHT,REAR END,DIVIDED - W/MEDIAN BARRIER,STRAIGHT AND LEVEL,DRY,NO DEFECTS,INJURY AND / OR TOW DUE TO CRASH,"OVER $1,500",FOLLOWING TOO CLOSELY,NOT APPLICABLE,2800,S,LAKE SHORE DR NB,2,"REPORTED, NOT EVIDENT",1.0,0.0,0.0,0.0,1.0,2.0,0.0,10,4,11
997b511b516ce0418be1346ff0a427e3e79b70e798dbb578fc2130ee58a792d94dcf640ab36a0764cd9c6e2202a365ab700a089d2730d579ed27e6fa752dce0d,2021-03-06 17:15:00,30,NO CONTROLS,NO CONTROLS,CLEAR,DAYLIGHT,TURNING,NOT DIVIDED,STRAIGHT AND LEVEL,DRY,NO DEFECTS,NO INJURY / DRIVE AWAY,"OVER $1,500",IMPROPER TURNING/NO SIGNAL,UNABLE TO DETERMINE,400,S,PULASKI RD,2,NO INDICATION OF INJURY,0.0,0.0,0.0,0.0,0.0,4.0,0.0,17,7,3
7ee02851b2993352d0f9b758288494afdc3c13a212a3aa1ed636902c438e0a1eec99c694743bfa58927fa9a5b39cd14b8620b109800d14d2674152350cba1d4e,2022-10-17 02:37:00,45,NO CONTROLS,NO CONTROLS,CLEAR,DARKNESS,REAR END,ONE-WAY,STRAIGHT AND LEVEL,DRY,NO DEFECTS,INJURY AND / OR TOW DUE TO CRASH,"OVER $1,500",NOT APPLICABLE,NOT APPLICABLE,8500,S,CHICAGO SKYWAY OB,2,NONINCAPACITATING INJURY,1.0,0.0,0.0,1.0,0.0,2.0,0.0,2,2,10
8ec35cdedfc20a2c00445d127ee67d18770cbfe005bfc12f95101b26087d119ad4950de4a344fcf10159cae3f7d34563eee8115fae14261b60a8425c668b5978,2023-08-15 17:50:00,15,TRAFFIC SIGNAL,FUNCTIONING PROPERLY,CLEAR,DAYLIGHT,REAR END,DIVIDED - W/MEDIAN (NOT RAISED),STRAIGHT AND LEVEL,DRY,NO DEFECTS,NO INJURY / DRIVE AWAY,$500 OR LESS,UNABLE TO DETERMINE,UNABLE TO DETERMINE,1960,N,MARCEY ST,2,NO INDICATION OF INJURY,0.0,0.0,0.0,0.0,0.0,2.0,0.0,17,3,8