CRASH_RECORD_ID,CRASH_DATE,POSTED_SPEED_LIMIT,TRAFFIC_CONTROL_DEVICE,DEVICE_CONDITION,WEATHER_CONDITION,LIGHTING_CONDITION,FIRST_CRASH_TYPE,TRAFFICWAY_TYPE,ALIGNMENT,ROADWAY_SURFACE_COND,ROAD_DEFECT,CRASH_TYPE,DAMAGE,PRIM_CONTRIBUTORY_CAUSE,SEC_CONTRIBUTORY_CAUSE,STREET_NO,STREET_DIRECTION,STREET_NAME,NUM_UNITS,MOST_SEVERE_INJURY,INJURIES_TOTAL,INJURIES_FATAL,INJURIES_INCAPACITATING,INJURIES_NON_INCAPACITATING,INJURIES_REPORTED_NOT_EVIDENT,INJURIES_NO_INDICATION,INJURIES_UNKNOWN,CRASH_HOUR,CRASH_DAY_OF_WEEK,CRASH_MONTH
0f0bec89c261bd6f8fa9bb4a2bca336d1cc35c969e72fe2e25701dd59b56a32bcb5b1955b89c39fbd4e0458462e813ed3ca3628b26a9ae1108b6bf14ddfeeeac,2021-02-12 11:40:00,35,NO CONTROLS,NO CONTROLS,CLEAR,DAYLIGHT,SIDESWIPE SAME DIRECTION,NOT DIVIDED,STRAIGHT AND LEVEL,WET,NO DEFECTS,NO INJURY / DRIVE AWAY,"$501 - $1,500",UNABLE TO DETERMINE,UNABLE TO DETERMINE,2139,S,WESTERN AVE,2,NO INDICATION OF INJURY,0.0,0.0,0.0,0.0,0.0,2.0,0.0,11,6,2
5211afa9544f71ce2cef3bd3cd51b48d166f6d47e84fa9674aa8616eff1387cb9fc2cc44c2c814c8ba2c1625fd9cbba2d4e5ec0198c25f390ea7d3ea9bec4d84,2017-02-15 12:50:00,5,NO CONTROLS,NO CONTROLS,OTHER,DAYLIGHT,PARKED MOTOR VEHICLE,PARKING LOT,STRAIGHT AND LEVEL,DRY,"RUT, HOLES",INJURY AND / OR TOW DUE TO CRASH,"$501 - $1,500",UNABLE TO DETERMINE,UNABLE TO DETERMINE,311,E,75TH ST,2,"REPORTED, NOT EVIDENT",1.0,0.0,0.0,0.0,1.0,1.0,0.0,12,4,2
d5ccff2d90f53c0eaed0fcfd18f8d76282889bcc4bf0752bab2dc5ab69f6c8fea4809b4fb7d911e1a598581f06da666bf644f420060902ccb317f0875fc8fb21,2021-06-13 20:15:00,30,NO CONTROLS,NO CONTROLS,CLEAR,"DARKNESS, LIGHTED ROAD",TURNING,NOT DIVIDED,STRAIGHT AND LEVEL,DRY,NO DEFECTS,NO INJURY / DRIVE AWAY,"OVER $1,500",UNABLE TO DETERMINE,UNABLE TO DETERMINE,5299,N,EAST RIVER RD,2,NO INDICATION OF INJURY,0.0,0.0,0.0,0.0,0.0,2.0,0.0,20,1,6
df6646d9a9594b49ab7dfb7d4c85662e7df5d5bb401470ae6dc2ce5c34cd1d2df5b02c77df51ec98f75c269bd27b7c46fbe6cd6e2d70a7aaba541c19c233e2c5,2022-06-18 16:30:00,30,TRAFFIC SIGNAL,FUNCTIONING PROPERLY,CLEAR,DAYLIGHT,TURNING,NOT DIVIDED,STRAIGHT AND LEVEL,DRY,NO DEFECTS,INJURY AND / OR TOW DUE TO CRASH,"OVER $1,500",FAILING TO YIELD RIGHT-OF-WAY,NOT APPLICABLE,2578,N,ELSTON AVE,2,NO INDICATION OF INJURY,0.0,0.0,0.0,0.0,0.0,2.0,0.0,16,7,6
460f1a17ee1e465f3ae0f8b28510a3686e4acee998f617008e5087cb2ae2822d9318c76a90e1a7a6eff8e1849cd97e1b2787135b641798f02e92c65106015305,2018-11-28 04:16:00,30,TRAFFIC SIGNAL,FUNCTIONING PROPERLY,CLEAR,"DARKNESS, LIGHTED ROAD",ANGLE,DIVIDED - W/MEDIAN (NOT RAISED),STRAIGHT AND LEVEL,DRY,NO DEFECTS,INJURY AND / OR TOW DUE TO CRASH,"OVER $1,500",DISREGARDING TRAFFIC SIGNALS,NOT APPLICABLE,2568,N,MILWAUKEE AVE,2,INCAPACITATING INJURY,2.0,0.0,1.0,1.0,0.0,0.0,0.0,4,4,11
9bfb8f11c1e2b4ac7da3f6dfa85c15748ef7241a56d7ac5bb089ed671fba5c031a800fc5e7cff4c4761c5c29420d7a14df40ae408245928edbc6720e220f47e5,2017-06-18 13:00:00,25,NO CONTROLS,NO CONTROLS,CLEAR,DAYLIGHT,PARKED MOTOR VEHICLE,PARKING LOT,STRAIGHT AND LEVEL,DRY,NO DEFECTS,NO INJURY / DRIVE AWAY,"$501 - $1,500",UNABLE TO DETERMINE,UNABLE TO DETERMINE,5687,S,ARCHER AVE,2,NO INDICATION OF INJURY,0.0,0.0,0.0,0.0,0.0,1.0,0.0,13,1,6
783fa248b31e9e67512310bf0f0939d7d86d9b6773ffefbd7e7d4dd7b61935baa11a4f61dcecbc77b34e03023264ed2e7ca7f2215cad9158e26648b71d88e2ec,2019-04-13 11:30:00,30,NO CONTROLS,NO CONTROLS,CLEAR,DAYLIGHT,PARKED MOTOR VEHICLE,NOT DIVIDED,STRAIGHT AND LEVEL,DRY,NO DEFECTS,INJURY AND / OR TOW DUE TO CRASH,"OVER $1,500",NOT APPLICABLE,NOT APPLICABLE,3343,N,OLCOTT AVE,3,NO INDICATION OF INJURY,0.0,0.0,0.0,0.0,0.0,1.0,0.0,11,7,4
0825fe31984b69d3f7aa6b19e1148da60a9215aa58d6cd216229d94b7b2f2835b74cd45c12e2c96a9d479f240141c25f5d48f5ac652a27eeff1aa887b2185819,2022-05-03 22:25:00,30,NO CONTROLS,NO CONTROLS,RAIN,"DARKNESS, LIGHTED ROAD",PARKED MOTOR VEHICLE,DIVIDED - W/MEDIAN BARRIER,STRAIGHT AND LEVEL,WET,NO DEFECTS,INJURY AND / OR TOW DUE TO CRASH,"OVER $1,500",UNABLE TO DETERMINE,UNABLE TO DETERMINE,5631,N,MARMORA AVE,2,NONINCAPACITATING INJURY,1.0,0.0,0.0,1.0,0.0,0.0,0.0,22,3,5
58c9f597ab2aa77441779df936ad8638eff6ce77abbc21125c09e6131f3c22d9cae58f75442cdd1afe6bc152202faa4286ba2c0272ed813510aa8274c917703b,2016-12-15 22:00:00,10,NO CONTROLS,NO CONTROLS,CLEAR,DAYLIGHT,FIXED OBJECT,ALLEY,STRAIGHT AND LEVEL,ICE,NO DEFECTS,NO INJURY / DRIVE AWAY,"OVER $1,500",WEATHER,NOT APPLICABLE,5412,S,CHRISTIANA AVE,1,NO INDICATION OF INJURY,0.0,0.0,0.0,0.0,0.0,1.0,0.0,22,5,12
6a6dc3af2c8a259bbb051b1dc8ec82cf1b08b8e1a732632c1564ca6d36a22ee8977f08ed3dd3fa43816568bc2f21384c327f4944eb713b48d5ea1c17b78753ea,2023-04-02 02:17:00,30,NO CONTROLS,NO CONTROLS,CLEAR,"DARKNESS, LIGHTED ROAD",SIDESWIPE SAME DIRECTION,DIVIDED - W/MEDIAN BARRIER,STRAIGHT AND LEVEL,DRY,NO DEFECTS,NO INJURY / DRIVE AWAY,"OVER $1,500",IMPROPER OVERTAKING/PASSING,NOT APPLICABLE,699,S,LAKE SHORE DR NB,2,NO INDICATION OF INJURY,0.0,0.0,0.0,0.0,0.0,2.0,0.0,2,1,4
2a3691ac259991e1a4edca5f2361d7430669f42292a6f9674fda9a24ea02050c369f331f0b8dc0a99a328af02a80da28086940e00708bb0e2e60419d0185c024,2016-02-11 12:20:00,15,NO CONTROLS,NO CONTROLS,CLEAR,DAYLIGHT,PARKED MOTOR VEHICLE,PARKING LOT,STRAIGHT AND LEVEL,DRY,NO DEFECTS,NO INJURY / DRIVE AWAY,"OVER $1,500",UNABLE TO DETERMINE,UNABLE TO DETERMINE,3212,W,87TH ST,2,NO INDICATION OF INJURY,0.0,0.0,0.0,0.0,0.0,1.0,0.0,12,5,2
c3ba181b0678040eb7497ad1f8a4d3ea30b8b0c90dd3b09b175178568865c4b09e427079e9b4d1813a6b0e2e4d87e3345c68121dd1590c8e0fa1992dc95ee3a2,2023-10-14 18:30:00,30,TRAFFIC SIGNAL,FUNCTIONING PROPERLY,UNKNOWN,UNKNOWN,TURNING,NOT DIVIDED,STRAIGHT AND LEVEL,UNKNOWN,UNKNOWN,NO INJURY / DRIVE AWAY,"$501 - $1,500",UNABLE TO DETERMINE,NOT APPLICABLE,5500,S,DAMEN AVE,2,NO INDICATION OF INJURY,0.0,0.0,0.0,0.0,0.0,3.0,0.0,18,7,10
97813461997ecfc2523dbc4f2e8f0740426dc7833ca18f3f9d6356d30ed72ff20f26def54f0657a4ed17780962f6c38e062c2f4b2da9cf02cd1a2c1b299bb4f3,2023-03-08 16:45:00,30,TRAFFIC SIGNAL,FUNCTIONING PROPERLY,CLEAR,DAYLIGHT,REAR END,DIVIDED - W/MEDIAN (NOT RAISED),STRAIGHT AND LEVEL,DRY,UNKNOWN,NO INJURY / DRIVE AWAY,"OVER $1,500",UNABLE TO DETERMINE,UNABLE TO DETERMINE,3901,S,WESTERN AVE,2,NO INDICATION OF INJURY,0.0,0.0,0.0,0.0,0.0,2.0,0.0,16,4,3
8cc3594004afa70bfcd4a700efb142bd4bd8ac5417ae85af137bc42e393dedeed92881c7cab6b56a9fc053871e6d98e6b03768a71ded4d81c29e2f7fadb74441,2021-08-11 10:03:00,35,TRAFFIC SIGNAL,FUNCTIONING PROPERLY,CLEAR,DAYLIGHT,TURNING,DIVIDED - W/MEDIAN BARRIER,STRAIGHT AND LEVEL,DRY,NO DEFECTS,NO INJURY / DRIVE AWAY,"OVER $1,500",IMPROPER OVERTAKING/PASSING,NOT APPLICABLE,7605,S,CICERO AVE,2,NO INDICATION OF INJURY,0.0,0.0,0.0,0.0,0.0,3.0,0.0,10,4,8
a7b2f73281344c9ad5869cdcff0404114c982d8bb2b65487e260d01f48a29b4d46625f448bce4d624175b1ecffb19a78a97693c7058957be915230f968f59f81,2017-11-30 10:34:00,30,TRAFFIC SIGNAL,FUNCTIONING PROPERLY,CLEAR,DAYLIGHT,SIDESWIPE SAME DIRECTION,NOT DIVIDED,STRAIGHT AND LEVEL,DRY,NO DEFECTS,NO INJURY / DRIVE AWAY,"OVER $1,500",UNABLE TO DETERMINE,UNABLE TO DETERMINE,1158,S,INDEPENDENCE BLVD,2,NO INDICATION OF INJURY,0.0,0.0,0.0,0.0,0.0,2.0,0.0,10,5,11
f10c6da465d0c13f11729c9dcf6c104eeaf8a22eca6633b1827426b3d15971a5e02f07c7697ef772ebfa37db44b19ff952ebd800148d0fa77327438e33da10a5,2018-06-12 15:45:00,30,STOP SIGN/FLASHER,FUNCTIONING PROPERLY,CLOUDY/OVERCAST,DAYLIGHT,REAR END,NOT DIVIDED,STRAIGHT AND LEVEL,DRY,NO DEFECTS,NO INJURY / DRIVE AWAY,"OVER $1,500",FAILING TO REDUCE SPEED TO AVOID CRASH,UNABLE TO DETERMINE,201,E,115TH ST,2,NO INDICATION OF INJURY,0.0,0.0,0.0,0.0,0.0,3.0,0.0,15,3,6
e58c45b8f4ad0707b45ee36de4d8e70ec745aa610910df17d11383d22077450d4fc7af738396e0630548e8b90cf36107cee90cbe0856d3f0cdf3fe053ce2cdad,2022-07-04 15:20:00,30,NO CONTROLS,NO CONTROLS,CLEAR,DAYLIGHT,SIDESWIPE SAME DIRECTION,NOT DIVIDED,STRAIGHT AND LEVEL,DRY,NO DEFECTS,NO INJURY / DRIVE AWAY,"OVER $1,500",IMPROPER LANE USAGE,NOT APPLICABLE,210,W,79TH ST,2,NO INDICATION OF INJURY,0.0,0.0,0.0,0.0,0.0,2.0,0.0,15,2,7
d3bc005c4692391475ccb7e003e1c450d1e99aab88891e6880439fea4b4be963c96bdc65ab62227e8a62d0eedad0e6fd7c4e8b474860100cdf0ac0b307c26574,2019-05-02 10:55:00,30,OTHER,OTHER,RAIN,DAYLIGHT,OTHER OBJECT,OTHER,STRAIGHT AND LEVEL,WET,OTHER,INJURY AND / OR TOW DUE TO CRASH,"OVER $1,500",ROAD CONSTRUCTION/MAINTENANCE,ROAD CONSTRUCTION/MAINTENANCE,6807,W,ARCHER AVE,1,"REPORTED, NOT EVIDENT",1.0,0.0,0.0,0.0,1.0,0.0,0.0,10,5,5
2b5d8ed08d287b7f91f500ab6583c3c1261bc4ec3a26985a7aea197da0b03ae0bb645be4086c6500e6750e8074a9d96ad06902b5e6f685576ea2640ba27626ea,2021-06-15 03:44:00,30,TRAFFIC SIGNAL,FUNCTIONING PROPERLY,CLEAR,"DARKNESS, LIGHTED ROAD",TURNING,FOUR WAY,STRAIGHT AND LEVEL,DRY,NO DEFECTS,NO INJURY / DRIVE AWAY,$500 OR LESS,UNABLE TO DETERMINE,UNABLE TO DETERMINE,5501,S,WELLS ST,2,NO INDICATION OF INJURY,0.0,0.0,0.0,0.0,0.0,2.0,0.0,3,3,6
ca7e23675e92a8c93faf2077459ac7e4ce5a3cfd06b19ee8df7ce0f8bef71dd1b0137e2eaa1f2d3834eac06d7cd70164202ad83c159b828dc1f1416d4faa7bc2,2021-10-25 17:08:00,30,TRAFFIC SIGNAL,FUNCTIONING PROPERLY,CLOUDY/OVERCAST,DUSK,TURNING,NOT DIVIDED,STRAIGHT AND LEVEL,WET,NO DEFECTS,NO INJURY / DRIVE AWAY,"OVER $1,500",UNABLE TO DETERMINE,UNABLE TO DETERMINE,7600,S,JEFFERY BLVD,2,NO INDICATION OF INJURY,0.0,0.0,0.0,0.0,0.0,2.0,0.0,17,2,10
d38fcc6eb8f0257efa10194c28b28fb5587273cab9e8ed899d0c431f696056facf613688ee5c666e0ffb013486097055c46763afdaff5c61689b27684cab8566,2017-12-05 21:05:00,30,TRAFFIC SIGNAL,UNKNOWN,UNKNOWN,UNKNOWN,SIDESWIPE SAME DIRECTION,NOT DIVIDED,STRAIGHT AND LEVEL,UNKNOWN,UNKNOWN,NO INJURY / DRIVE AWAY,"$501 - $1,500",EXCEEDING AUTHORIZED SPEED LIMIT,IMPROPER LANE USAGE,7901,S,DR MARTIN LUTHER KING JR DR,2,NO INDICATION OF INJURY,0.0,0.0,0.0,0.0,0.0,2.0,0.0,21,3,12
b588d93343d037609d4ea2a7ce13574429ae65e4cb848451989c62ec6859d948442a274b0738a250a0f24acc91c1c0a69a1f6c200e00fcb95620c0daceea03b9,2024-02-25 13:35:00,30,NO CONTROLS,NO CONTROLS,CLEAR,DAYLIGHT,SIDESWIPE SAME DIRECTION,DIVIDED - W/MEDIAN BARRIER,STRAIGHT AND LEVEL,DRY,NO DEFECTS,NO INJURY / DRIVE AWAY,"$501 - $1,500",IMPROPER OVERTAKING/PASSING,NOT APPLICABLE,2400,W,55TH ST,2,NO INDICATION OF INJURY,0.0,0.0,0.0,0.0,0.0,4.0,0.0,13,1,2
e4a171ada487b430a1f8ff7a88b24c741fa958d0615b6160d53613be134ab4a3f022ffe221cedbbc2561f959e832bed73f3eff72f09123bbfb70660d7f78f453,2019-01-26 14:12:00,30,TRAFFIC SIGNAL,FUNCTIONING PROPERLY,CLEAR,DAYLIGHT,REAR END,NOT DIVIDED,STRAIGHT AND LEVEL,WET,NO DEFECTS,INJURY AND / OR TOW DUE TO CRASH,"$501 - $1,500",FOLLOWING TOO CLOSELY,UNABLE TO DETERMINE,3600,W,BELMONT AVE,2,"REPORTED, NOT EVIDENT",2.0,0.0,0.0,0.0,2.0,5.0,0.0,14,7,1
dc622b0fface166c76e0ebeb3835dcc67ae89d6bb2f5a4052b0e80675d8f40336838fa8efa0de0edb78e1339176667c992754bf0f1cc5b3644d9a700ad418080,2019-04-27 13:54:00,30,NO CONTROLS,NO CONTROLS,SNOW,DAYLIGHT,PARKED MOTOR VEHICLE,NOT DIVIDED,STRAIGHT AND LEVEL,SNOW OR SLUSH,NO DEFECTS,NO INJURY / DRIVE AWAY,"OVER $1,500",UNABLE TO DETERMINE,UNABLE TO DETERMINE,1072,W,FRY ST,2,NO INDICATION OF INJURY,0.0,0.0,0.0,0.0,0.0,1.0,0.0,13,7,4
2df4dc84391316dcb993393e5aad1449eb9b8d04177a6e684d689243ea5df81dfb47922cf67da35c5a058662e22ce0e9c4565b077083acc26e4f308b6f71e444,2022-12-24 04:04:00,30,NO CONTROLS,NO CONTROLS,CLEAR,"DARKNESS, LIGHTED ROAD",PARKED MOTOR VEHICLE,NOT DIVIDED,STRAIGHT AND LEVEL,SNOW OR SLUSH,NO DEFECTS,NO INJURY / DRIVE AWAY,$500 OR LESS,UNABLE TO DETERMINE,NOT APPLICABLE,5746,N,MANGO AVE,2,NO INDICATION OF INJURY,0.0,0.0,0.0,0.0,0.0,1.0,0.0,4,7,12
309d872f1162b8686ba2ab260927222f02ba2c8b2babc6a0757eabb5a8fb8ea95673920b464409bc38d8d694c2d133050da876d9489397883cac72304494af61,2019-02-05 08:30:00,30,NO CONTROLS,NO CONTROLS,CLEAR,DAYLIGHT,PARKED MOTOR VEHICLE,ONE-WAY,STRAIGHT AND LEVEL,DRY,NO DEFECTS,NO INJURY / DRIVE AWAY,"$501 - $1,500",UNABLE TO DETERMINE,UNABLE TO DETERMINE,9631,S,HARVARD AVE,2,NO INDICATION OF INJURY,0.0,0.0,0.0,0.0,0.0,1.0,0.0,8,3,2
5851ec943639fc5d0977fda6d52b1e130643005c85cdb850b27c2921c34ab60b3a3509d8af73d34bd3bbb29f15e0ccc44a15e37ac9cf71fed04d27371fdde369,2021-09-14 07:30:00,30,TRAFFIC SIGNAL,UNKNOWN,CLEAR,DAYLIGHT,SIDESWIPE SAME DIRECTION,DIVIDED - W/MEDIAN BARRIER,STRAIGHT AND LEVEL,DRY,UNKNOWN,INJURY AND / OR TOW DUE TO CRASH,"OVER $1,500",IMPROPER LANE USAGE,IMPROPER LANE USAGE,700,S,ASHLAND AVE,2,NO INDICATION OF INJURY,0.0,0.0,0.0,0.0,0.0,2.0,0.0,7,3,9
e93ed58dc8d8c2cc1b907cb2394a18f6b2cdb8c7f15f692c27e6ef8e5197823e3744e59d67062d8cb1dde47ab8596a7ab05a41bd6c7098c438b747609809a1dd,2021-09-12 10:40:00,40,TRAFFIC SIGNAL,FUNCTIONING PROPERLY,CLEAR,DAYLIGHT,REAR END,T-INTERSECTION,STRAIGHT AND LEVEL,DRY,NO DEFECTS,NO INJURY / DRIVE AWAY,"OVER $1,500",UNABLE TO DETERMINE,UNABLE TO DETERMINE,5101,S,LAKE SHORE DR NB,2,NO INDICATION OF INJURY,0.0,0.0,0.0,0.0,0.0,2.0,0.0,10,1,9
ceee1e51800cf8167536b9180d2771810660f733357a06d16c9a41ab34ec8d727908ec48a7809cca7f9f787890cd13c8c71f899df782dae8ba6b81b31e3cc083,2017-12-10 15:25:00,30,TRAFFIC SIGNAL,FUNCTIONING PROPERLY,CLEAR,DAYLIGHT,REAR END,DIVIDED - W/MEDIAN (NOT RAISED),STRAIGHT AND LEVEL,DRY,NO DEFECTS,NO INJURY / DRIVE AWAY,"OVER $1,500",FOLLOWING TOO CLOSELY,DRIVING SKILLS/KNOWLEDGE/EXPERIENCE,5616,W,FOSTER AVE,2,NO INDICATION OF INJURY,0.0,0.0,0.0,0.0,0.0,6.0,0.0,15,1,12
017e46ad2a6d9d4c52899faf10d8cfa1272a2150d57fe641aa407f6a7f11d2ddd8bad5b48bea9b058c4513717985f82874b593c554bdd2fde969494fc7737fac,2021-04-10 13:25:00,30,NO CONTROLS,NO CONTROLS,RAIN,DAYLIGHT,SIDESWIPE SAME DIRECTION,NOT DIVIDED,STRAIGHT AND LEVEL,WET,NO DEFECTS,NO INJURY / DRIVE AWAY,"OVER $1,500",WEATHER,NOT APPLICABLE,2727,W,55TH ST,2,NO INDICATION OF INJURY,0.0,0.0,0.0,0.0,0.0,2.0,0.0,13,7,4
13fff528fa4ea71685db3ba3e86d1e5a50d061231a5171427289a1762c8730e9b20be1c825d7cc18408e4ca67096d9a97ea6fda28cc23f665f5d7ffb2e249461,2021-04-25 11:20:00,30,TRAFFIC SIGNAL,FUNCTIONING PROPERLY,CLEAR,DAYLIGHT,ANGLE,NOT DIVIDED,STRAIGHT AND LEVEL,DRY,UNKNOWN,INJURY AND / OR TOW DUE TO CRASH,"OVER $1,500",DISREGARDING OTHER TRAFFIC SIGNS,FAILING TO YIELD RIGHT-OF-WAY,5859,S,HALSTED ST,2,"REPORTED, NOT EVIDENT",1.0,0.0,0.0,0.0,1.0,1.0,0.0,11,1,4
50075348f8d28b2656a8898536001071c62abce2b6517f9a009020ac3498d79f2f091ba3451ed24041e58060dcb935d22c0382bf76f1f4d8b2c28f5ca9a5828a,2019-06-28 07:50:00,10,TRAFFIC SIGNAL,FUNCTIONING PROPERLY,CLEAR,DAYLIGHT,SIDESWIPE SAME DIRECTION,DIVIDED - W/MEDIAN (NOT RAISED),STRAIGHT AND LEVEL,DRY,NO DEFECTS,NO INJURY / DRIVE AWAY,"OVER $1,500",IMPROPER LANE USAGE,NOT APPLICABLE,7353,S,CICERO AVE,2,NO INDICATION OF INJURY,0.0,0.0,0.0,0.0,0.0,2.0,0.0,7,6,6
b2724a40b38a525d5398026117d6faeaf3a0d81862352024f20f827c4bb1fa6b9a0e651440b61f668eeadc89b1335345d8e3195e3cbb00d7dbe83d232b066977,2018-03-30 17:45:00,35,TRAFFIC SIGNAL,UNKNOWN,CLEAR,DAYLIGHT,REAR END,NOT DIVIDED,STRAIGHT AND LEVEL,DRY,NO DEFECTS,NO INJURY / DRIVE AWAY,$500 OR LESS,FOLLOWING TOO CLOSELY,NOT APPLICABLE,1559,N,WESTERN AVE,2,NO INDICATION OF INJURY,0.0,0.0,0.0,0.0,0.0,3.0,0.0,17,6,3
afa17cd53218171fdd73f6a0ae1f922e5e90af90ba614c3178c0ea85b2e455e1e9a7f687fcbade6aaae788159fe271ede238f2c1d66303a32c68b07674219d6d,2023-09-08 00:25:00,25,TRAFFIC SIGNAL,UNKNOWN,RAIN,DARKNESS,REAR END,NOT DIVIDED,STRAIGHT AND LEVEL,WET,UNKNOWN,NO INJURY / DRIVE AWAY,"OVER $1,500",FAILING TO REDUCE SPEED TO AVOID CRASH,FAILING TO REDUCE SPEED TO AVOID CRASH,3760,N,HALSTED ST,2,NO INDICATION OF INJURY,0.0,0.0,0.0,0.0,0.0,2.0,0.0,0,6,9
15faac699e969a4050b5cb73e8b85c9c416a2d7849cf295cb349bedb3f6c61edf6efa7fe9f40cebc6d249ccde9b4f715a8b7b76d5e29c15d2dd8d45980119102,2016-08-26 20:30:00,30,NO CONTROLS,NO CONTROLS,UNKNOWN,DUSK,ANGLE,DIVIDED - W/MEDIAN (NOT RAISED),STRAIGHT AND LEVEL,UNKNOWN,UNKNOWN,NO INJURY / DRIVE AWAY,"$501 - $1,500",FOLLOWING TOO CLOSELY,NOT APPLICABLE,1101,S,CANAL ST,2,NO INDICATION OF INJURY,0.0,0.0,0.0,0.0,0.0,2.0,0.0,20,6,8
18ebcda09bc381a0b30afd9900f580a9183501884e4853b11a015c2c17374cc6cb664d3b8dcd8f56aa34c8df914b32f6abbea6bae624ba141c7c5f7c628a7a2a,2024-02-27 15:45:00,30,TRAFFIC SIGNAL,UNKNOWN,CLEAR,DAYLIGHT,SIDESWIPE SAME DIRECTION,NOT DIVIDED,STRAIGHT AND LEVEL,DRY,UNKNOWN,NO INJURY / DRIVE AWAY,"OVER $1,500",FAILING TO YIELD RIGHT-OF-WAY,FAILING TO YIELD RIGHT-OF-WAY,799,W,LAKE ST,2,NO INDICATION OF INJURY,0.0,0.0,0.0,0.0,0.0,2.0,0.0,15,3,2
dc7f89af3d8921a75c4d492ebe3cbbc503236cf3e2366518e1241210f58ade7b3d13451cfc80947adee286e0e7d01e4fa5e933b990264a4369cc5883c8ecf26c,2023-05-06 23:25:00,30,NO CONTROLS,NO CONTROLS,CLEAR,UNKNOWN,PARKED MOTOR VEHICLE,PARKING LOT,STRAIGHT AND LEVEL,DRY,UNKNOWN,NO INJURY / DRIVE AWAY,"$501 - $1,500",IMPROPER TURNING/NO SIGNAL,NOT APPLICABLE,3415,W,DIVERSEY AVE,2,NO INDICATION OF INJURY,0.0,0.0,0.0,0.0,0.0,1.0,0.0,23,7,5
19b53314d64737569abb83189f2e82b82511f526d2e70562b5ca65461510387ee3697d2b0ebc4b6326afc9884eb741d8179eda27e75154cfa411669b0750e66b,2016-02-10 12:30:00,30,TRAFFIC SIGNAL,FUNCTIONING PROPERLY,CLEAR,DAYLIGHT,TURNING,DIVIDED - W/MEDIAN (NOT RAISED),STRAIGHT AND LEVEL,DRY,NO DEFECTS,NO INJURY / DRIVE AWAY,"OVER $1,500",DISREGARDING OTHER TRAFFIC SIGNS,"DISTRACTION - OTHER ELECTRONIC DEVICE (NAVIGATION DEVICE, DVD PLAYER, ETC.)",300,E,JACKSON DR,2,NO INDICATION OF INJURY,0.0,0.0,0.0,0.0,0.0,2.0,0.0,12,4,2
841617c863d1bd73d81e805a153878737cf5313ed64c0741c9d084308f94b0ec7e98dffe4b44a923e733bbca6c99f67d4ecbe5f59ace7a7c896cd3027fbc022d,2019-01-03 20:50:00,30,TRAFFIC SIGNAL,FUNCTIONING PROPERLY,CLEAR,"DARKNESS, LIGHTED ROAD",ANGLE,NOT DIVIDED,STRAIGHT AND LEVEL,DRY,NO DEFECTS,NO INJURY / DRIVE AWAY,"$501 - $1,500",DISREGARDING TRAFFIC SIGNALS,DISREGARDING TRAFFIC SIGNALS,10300,S,MICHIGAN AVE,2,NO INDICATION OF INJURY,0.0,0.0,0.0,0.0,0.0,2.0,0.0,20,5,1
db8c9108cfd07136deed9c7bfca44b2d0296c717f07c9af1d70abf69ba5677d297e857e1591c7189584e3138cb72183ca0e6a046767b1257d358daedbabc3c40,2018-10-11 16:05:00,30,NO CONTROLS,NO CONTROLS,CLEAR,DAYLIGHT,PARKED MOTOR VEHICLE,ONE-WAY,STRAIGHT AND LEVEL,DRY,NO DEFECTS,NO INJURY / DRIVE AWAY,"OVER $1,500",UNABLE TO DETERMINE,UNABLE TO DETERMINE,4814,W,FLETCHER ST,2,NO INDICATION OF INJURY,0.0,0.0,0.0,0.0,0.0,1.0,0.0,16,5,10
b3363096dde1d40b0ad91f03a5bbe857ccaa25d87133560bb0783bbaeb0bbde89253e5d5b92743d81c800063605d5ac803a3c491c4440d545f27afc367238267,2021-10-07 22:00:00,30,NO CONTROLS,NO CONTROLS,RAIN,"DARKNESS, LIGHTED ROAD",PARKED MOTOR VEHICLE,ONE-WAY,STRAIGHT AND LEVEL,WET,NO DEFECTS,INJURY AND / OR TOW DUE TO CRASH,"OVER $1,500",UNABLE TO DETERMINE,NOT APPLICABLE,818,W,84TH ST,2,NO INDICATION OF INJURY,0.0,0.0,0.0,0.0,0.0,1.0,0.0,22,5,10
2417389fbcc1fb97acbc0b068de6f188129e09ce29e87ba3fc287eff9cef5b84017f1c1ff01cdbbee93bfc4516479f79b42a1e021b601c1d1752de3234cc056b,2022-08-28 12:10:00,30,NO CONTROLS,NO CONTROLS,CLEAR,DAYLIGHT,ANGLE,NOT DIVIDED,STRAIGHT AND LEVEL,DRY,NO DEFECTS,NO INJURY / DRIVE AWAY,"$501 - $1,500",FAILING TO YIELD RIGHT-OF-WAY,NOT APPLICABLE,3343,N,DAMEN AVE,2,NO INDICATION OF INJURY,0.0,0.0,0.0,0.0,0.0,2.0,0.0,12,1,8
e2f213ca3805ba616f8813de513c27cd41783b7f49564bd22caf4066b47e249f862762030e0d3e058a35fe5b103f1e47f86f2ec4e91bd2cc7781de2726929044,2018-07-05 13:50:00,30,TRAFFIC SIGNAL,FUNCTIONING PROPERLY,RAIN,DAYLIGHT,REAR END,DIVIDED - W/MEDIAN (NOT RAISED),STRAIGHT AND LEVEL,WET,NO DEFECTS,NO INJURY / DRIVE AWAY,"OVER $1,500",FOLLOWING TOO CLOSELY,UNABLE TO DETERMINE,7500,S,STATE ST,2,NO INDICATION OF INJURY,0.0,0.0,0.0,0.0,0.0,2.0,0.0,13,5,7
4a4694ec13a123160e85dc1b3c233e49bae8252d553484ea6929d84c8cb6a841a12de40c0b35344d3b1918817546dc1ec8c26193cf386a4e6e9b7cfe404801c7,2018-04-27 21:45:00,20,STOP SIGN/FLASHER,NO CONTROLS,RAIN,"DARKNESS, LIGHTED ROAD",PEDESTRIAN,NOT DIVIDED,STRAIGHT AND LEVEL,WET,NO DEFECTS,INJURY AND / OR TOW DUE TO CRASH,$500 OR LESS,FAILING TO YIELD RIGHT-OF-WAY,NOT APPLICABLE,2100,N,LINCOLN PARK WEST,2,NONINCAPACITATING INJURY,1.0,0.0,0.0,1.0,0.0,1.0,0.0,21,6,4