CRASH_RECORD_ID,CRASH_DATE,POSTED_SPEED_LIMIT,TRAFFIC_CONTROL_DEVICE,DEVICE_CONDITION,WEATHER_CONDITION,LIGHTING_CONDITION,FIRST_CRASH_TYPE,TRAFFICWAY_TYPE,ALIGNMENT,ROADWAY_SURFACE_COND,ROAD_DEFECT,CRASH_TYPE,DAMAGE,PRIM_CONTRIBUTORY_CAUSE,SEC_CONTRIBUTORY_CAUSE,STREET_NO,STREET_DIRECTION,STREET_NAME,NUM_UNITS,MOST_SEVERE_INJURY,INJURIES_TOTAL,INJURIES_FATAL,INJURIES_INCAPACITATING,INJURIES_NON_INCAPACITATING,INJURIES_REPORTED_NOT_EVIDENT,INJURIES_NO_INDICATION,INJURIES_UNKNOWN,CRASH_HOUR,CRASH_DAY_OF_WEEK,CRASH_MONTH
c0c6cc3fbad967e3aae32e3e5e5a4fe672033e735dcd81933bc55850c0258fc5860d29135394691b5134f245a71fc5d9173644a4462fb79ec4c219b51e918e1c,2018-02-08 15:04:00,30,STOP SIGN/FLASHER,FUNCTIONING PROPERLY,CLEAR,DAYLIGHT,TURNING,DIVIDED - W/MEDIAN (NOT RAISED),STRAIGHT AND LEVEL,DRY,NO DEFECTS,INJURY AND / OR TOW DUE TO CRASH,"OVER $1,500",IMPROPER TURNING/NO SIGNAL,FAILING TO REDUCE SPEED TO AVOID CRASH,10200,S,EWING AVE,2,NO INDICATION OF INJURY,0.0,0.0,0.0,0.0,0.0,4.0,0.0,15,5,2
17dcb1b97ad196584275e081c52fb958ef37db7bf1ba9275e2caf1e03650075462ad1a7039031db575ba944f02b41faca97e63675b1c0e9b53ff3cbb3bde0be1,2019-07-26 21:30:00,30,NO CONTROLS,NO CONTROLS,CLEAR,DAYLIGHT,PEDALCYCLIST,NOT DIVIDED,STRAIGHT AND LEVEL,DRY,NO DEFECTS,NO INJURY / DRIVE AWAY,"$501 - $1,500",UNABLE TO DETERMINE,NOT APPLICABLE,1600,N,CALIFORNIA AVE,2,NO INDICATION OF INJURY,0.0,0.0,0.0,0.0,0.0,2.0,0.0,21,6,7
3e896a4c35381b09a9390f29c8677e74dbdcd4e71588bc07393ab75a3f21886da94d74d6c367e731b2c203903077e5079134159335ed463453d11ea14f628231,2024-03-25 15:08:00,30,TRAFFIC SIGNAL,FUNCTIONING PROPERLY,RAIN,DAYLIGHT,TURNING,FOUR WAY,STRAIGHT AND LEVEL,WET,NO DEFECTS,NO INJURY / DRIVE AWAY,"$501 - $1,500",IMPROPER TURNING/NO SIGNAL,FAILING TO REDUCE SPEED TO AVOID CRASH,100,E,CHICAGO AVE,2,NO INDICATION OF INJURY,0.0,0.0,0.0,0.0,0.0,2.0,0.0,15,2,3
bc2febf098acef806f010cb894bf8f1a7fd9d9f633fe8f48d78c0a2992e625652bfde21d19e8a2b059ddef980b928fe3ec4d00ccbba08d042a4043f22e156841,2017-10-23 12:30:00,30,TRAFFIC SIGNAL,FUNCTIONING PROPERLY,RAIN,DAYLIGHT,TURNING,DIVIDED - W/MEDIAN (NOT RAISED),STRAIGHT AND LEVEL,WET,NO DEFECTS,INJURY AND / OR TOW DUE TO CRASH,"OVER $1,500",DISREGARDING TRAFFIC SIGNALS,DISREGARDING TRAFFIC SIGNALS,100,W,NORTH AVE,2,NO INDICATION OF INJURY,0.0,0.0,0.0,0.0,0.0,2.0,0.0,12,2,10
07190d35bef6c27c5a1d67a398e864ef18b0a8b736157d5a4c751a164ba8c83ef80543e0a46a6bad7a34e019209fdec41a0df42c974514e4b2f07da3c965fa4a,2019-01-11 07:30:00,30,NO CONTROLS,NO CONTROLS,CLEAR,DAYLIGHT,FIXED OBJECT,ALLEY,STRAIGHT AND LEVEL,DRY,NO DEFECTS,NO INJURY / DRIVE AWAY,"OVER $1,500","EVASIVE ACTION DUE TO ANIMAL, OBJECT, NONMOTORIST",NOT APPLICABLE,3145,W,39TH PL,1,NO INDICATION OF INJURY,0.0,0.0,0.0,0.0,0.0,1.0,0.0,7,6,1
4063874411832ac58b65621ce321c6965883b5788bed2ac053f594d560d5979d448e88b05ed2fb923bce9078e2ac22ad7094214787d6124ef196d4212fada2d5,2021-09-05 22:30:00,30,NO CONTROLS,NO CONTROLS,CLEAR,"DARKNESS, LIGHTED ROAD",FIXED OBJECT,DIVIDED - W/MEDIAN BARRIER,STRAIGHT AND LEVEL,DRY,NO DEFECTS,INJURY AND / OR TOW DUE TO CRASH,"OVER $1,500",UNABLE TO DETERMINE,UNABLE TO DETERMINE,6535,S,STONY ISLAND AVE,1,INCAPACITATING INJURY,1.0,0.0,1.0,0.0,0.0,0.0,0.0,22,1,9
2c3db7de5d7ce2a7b2a4d777586be5cfacfd88703757eb793c25e9a5056346c3abc908117fe05187d8789b3df1b9717e9532ebb190a12f167779eb9229b1dbc8,2020-10-02 17:55:00,15,NO CONTROLS,NO CONTROLS,CLEAR,DAYLIGHT,REAR TO FRONT,PARKING LOT,STRAIGHT AND LEVEL,DRY,NO DEFECTS,NO INJURY / DRIVE AWAY,"OVER $1,500",IMPROPER BACKING,IMPROPER BACKING,3645,W,79TH ST,2,NO INDICATION OF INJURY,0.0,0.0,0.0,0.0,0.0,2.0,0.0,17,6,10
c3e53aafb7063a2b903d2318e8e4fea10952c09dd133767a9941b571e5518825a758bf7d31ea2e328f6e6983866676b0960d95c095f13fecedac3d5860ed3684,2022-04-07 21:00:00,30,NO CONTROLS,NO CONTROLS,UNKNOWN,UNKNOWN,PARKED MOTOR VEHICLE,ONE-WAY,STRAIGHT AND LEVEL,UNKNOWN,NO DEFECTS,NO INJURY / DRIVE AWAY,"OVER $1,500",UNABLE TO DETERMINE,NOT APPLICABLE,1602,S,ALLPORT ST,2,NO INDICATION OF INJURY,0.0,0.0,0.0,0.0,0.0,1.0,0.0,21,5,4
fb23f974959cd9c6a2f22c801a8649fe04ccb5c4fb37aaccd979e80987d7725ad7a4595e6b1e0bbb30b8360cac31cb4022fb97250a886720c010ee38383f66d7,2024-03-31 06:00:00,30,NO CONTROLS,NO CONTROLS,CLEAR,DAYLIGHT,PARKED MOTOR VEHICLE,NOT DIVIDED,STRAIGHT AND LEVEL,DRY,UNKNOWN,INJURY AND / OR TOW DUE TO CRASH,"OVER $1,500",UNABLE TO DETERMINE,UNABLE TO DETERMINE,2845,N,ELSTON AVE,6,NO INDICATION OF INJURY,0.0,0.0,0.0,0.0,0.0,1.0,0.0,6,1,3
e4f61775ca010ab064c17a3e6439bc1c54c6ce924be397826dc67ea92ed37e98372f701c0cdcdf2bd0ec3a2f721913264ce1083e1a2a8d557a760742694c31ce,2019-07-30 15:00:00,25,NO CONTROLS,NO CONTROLS,CLEAR,DAYLIGHT,PARKED MOTOR VEHICLE,ONE-WAY,STRAIGHT AND LEVEL,DRY,NO DEFECTS,INJURY AND / OR TOW DUE TO CRASH,"OVER $1,500",UNABLE TO DETERMINE,UNABLE TO DETERMINE,9633,S,VAN VLISSINGEN RD,2,NO INDICATION OF INJURY,0.0,0.0,0.0,0.0,0.0,1.0,0.0,15,3,7
a2013e6036305f0af4c965471d0c10fa8777cb2b1f668023a27f4b39f40b2a523eb62e1cd14208e564c05c8b37d87adabedb48fe2872747bba00f787aff5f0bf,2020-05-22 13:30:00,30,TRAFFIC SIGNAL,FUNCTIONING PROPERLY,CLEAR,DAYLIGHT,REAR END,NOT DIVIDED,STRAIGHT AND LEVEL,DRY,NO DEFECTS,INJURY AND / OR TOW DUE TO CRASH,"OVER $1,500",DISREGARDING TRAFFIC SIGNALS,DISREGARDING OTHER TRAFFIC SIGNS,56,N,ABERDEEN ST,3,NO INDICATION OF INJURY,0.0,0.0,0.0,0.0,0.0,2.0,0.0,13,6,5
ab9736dcb60c0c28a2436ea255821900f931fbe5c38ee6c3db9a89b79f40209c007266bfc7360f20733cb354414de19cb5fe6207db5ad4f227bd8d78d625336c,2022-12-09 07:54:00,30,STOP SIGN/FLASHER,FUNCTIONING PROPERLY,FREEZING RAIN/DRIZZLE,DAYLIGHT,ANGLE,FOUR WAY,STRAIGHT AND LEVEL,SNOW OR SLUSH,NO DEFECTS,INJURY AND / OR TOW DUE TO CRASH,"OVER $1,500",FAILING TO YIELD RIGHT-OF-WAY,WEATHER,4230,W,FULLERTON AVE,2,NO INDICATION OF INJURY,0.0,0.0,0.0,0.0,0.0,2.0,0.0,7,6,12
8eee15a2b7224704c562397310e4b5a7aa3059e1e145f15d338fa03bf180d6e20b145f959c2cc735483a221f1e6cb9a36e7478c4da4e83c0586ccdd4a46c3c22,2021-02-02 13:08:00,30,NO CONTROLS,NO CONTROLS,CLEAR,DAYLIGHT,PARKED MOTOR VEHICLE,NOT DIVIDED,STRAIGHT AND LEVEL,SNOW OR SLUSH,NO DEFECTS,NO INJURY / DRIVE AWAY,"OVER $1,500",FAILING TO REDUCE SPEED TO AVOID CRASH,FAILING TO REDUCE SPEED TO AVOID CRASH,5150,W,LE MOYNE ST,2,NO INDICATION OF INJURY,0.0,0.0,0.0,0.0,0.0,2.0,0.0,13,3,2
b19ca1c0e764dbc49783614d0052bbe3931484027ee5dcc5d8a09ac0bdabfb62b18cd4365cd701e75c5ac76686fcb87706bad9830128b76283355beb2d8637fe,2021-02-14 12:30:00,30,TRAFFIC SIGNAL,FUNCTIONING PROPERLY,CLEAR,DAYLIGHT,SIDESWIPE SAME DIRECTION,NOT DIVIDED,STRAIGHT AND LEVEL,DRY,NO DEFECTS,NO INJURY / DRIVE AWAY,"$501 - $1,500",UNABLE TO DETERMINE,UNABLE TO DETERMINE,36,W,LOWER WACKER DR,2,NO INDICATION OF INJURY,0.0,0.0,0.0,0.0,0.0,2.0,0.0,12,1,2
e9c127fe6e25ecc8e9a91de9746833e28798525e96d2d68c3334544dd2ad7e037d011b17bedb855f111fbbd1617e0728a310a789463373206c4162af976423f7,2020-08-31 07:06:00,30,STOP SIGN/FLASHER,FUNCTIONING PROPERLY,CLEAR,DAYLIGHT,ANGLE,ONE-WAY,STRAIGHT AND LEVEL,DRY,NO DEFECTS,INJURY AND / OR TOW DUE TO CRASH,"OVER $1,500",UNABLE TO DETERMINE,NOT APPLICABLE,7600,S,RIDGELAND AVE,2,NO INDICATION OF INJURY,0.0,0.0,0.0,0.0,0.0,5.0,0.0,7,2,8
011241a8606c9ab2244b07b70f6179dbcc4dab4b4faa34118f6a53525c682eb1b5ab591ab8f5074ff235298f423fc4bcb32ccab555cd142e64526d772ab47dbe,2016-08-22 16:30:00,10,NO CONTROLS,NO CONTROLS,CLEAR,DAYLIGHT,PARKED MOTOR VEHICLE,NOT DIVIDED,STRAIGHT AND LEVEL,DRY,NO DEFECTS,NO INJURY / DRIVE AWAY,"$501 - $1,500",IMPROPER BACKING,IMPROPER BACKING,7030,S,ASHLAND AVE,2,NO INDICATION OF INJURY,0.0,0.0,0.0,0.0,0.0,1.0,0.0,16,2,8
7721bb0da413a0ab9faf5d03ab1db2ad90312ab57ba8b3fc9e206c55e98e540364e355e6e8aef2157468f4035491dc6ee6fb6f989a94fa7292b2fd85587e52ff,2020-03-07 00:40:00,30,TRAFFIC SIGNAL,FUNCTIONING PROPERLY,CLEAR,"DARKNESS, LIGHTED ROAD",SIDESWIPE SAME DIRECTION,NOT DIVIDED,STRAIGHT AND LEVEL,DRY,NO DEFECTS,NO INJURY / DRIVE AWAY,"OVER $1,500",IMPROPER OVERTAKING/PASSING,IMPROPER LANE USAGE,2201,W,TOUHY AVE,2,NO INDICATION OF INJURY,0.0,0.0,0.0,0.0,0.0,2.0,0.0,0,7,3
9467758997569bf36477ceb75c7e27e2b79707505c71727618ee7485bef0e441bf3177e65e77edbd52181034e56ddd169e3b6a26c15430727df78a0843d410c6,2024-04-19 08:15:00,30,STOP SIGN/FLASHER,FUNCTIONING PROPERLY,CLEAR,DAYLIGHT,SIDESWIPE SAME DIRECTION,DIVIDED - W/MEDIAN (NOT RAISED),STRAIGHT AND LEVEL,DRY,NO DEFECTS,INJURY AND / OR TOW DUE TO CRASH,"OVER $1,500",UNABLE TO DETERMINE,UNABLE TO DETERMINE,3335,W,47TH ST,2,NO INDICATION OF INJURY,0.0,0.0,0.0,0.0,0.0,2.0,0.0,8,6,4
aef021b0045599728b76b0dd8ab51b88317c2edd5508a0e64d989146d094f1bac352f207a7b1e122c27dcd177eb69b10f75ffdc683761fbcf0679b700435d02c,2018-09-07 19:10:00,30,TRAFFIC SIGNAL,FUNCTIONING PROPERLY,CLEAR,"DARKNESS, LIGHTED ROAD",SIDESWIPE SAME DIRECTION,NOT DIVIDED,STRAIGHT AND LEVEL,DRY,NO DEFECTS,NO INJURY / DRIVE AWAY,"OVER $1,500",IMPROPER LANE USAGE,NOT APPLICABLE,100,N,STATE ST,2,NO INDICATION OF INJURY,0.0,0.0,0.0,0.0,0.0,2.0,0.0,19,6,9
4f1fe7c9f26e16fec95ccd20d73b95c50880164d5fa63bb226d37d8a46010a0ebdf62bb6a0ebb342bac0231cee48245d7a67d7a55d37ee3fb8c23a9a87913d4c,2021-12-06 16:50:00,35,NO CONTROLS,NO CONTROLS,CLEAR,"DARKNESS, LIGHTED ROAD",SIDESWIPE SAME DIRECTION,NOT DIVIDED,STRAIGHT AND LEVEL,DRY,NO DEFECTS,INJURY AND / OR TOW DUE TO CRASH,"OVER $1,500",IMPROPER LANE USAGE,FAILING TO REDUCE SPEED TO AVOID CRASH,4750,W,FOSTER AVE,2,NO INDICATION OF INJURY,0.0,0.0,0.0,0.0,0.0,2.0,0.0,16,2,12
b82c64284b810b3a7ff295588be177a8d1c89eb8d592c28944ef5a10fa24c6a170b8241ad69e4b574122249c3b0be5b4092afdad2fb98885510fbaf09b878091,2023-09-19 17:37:00,30,NO CONTROLS,NO CONTROLS,RAIN,"DARKNESS, LIGHTED ROAD",REAR END,DIVIDED - W/MEDIAN BARRIER,STRAIGHT AND LEVEL,WET,NO DEFECTS,INJURY AND / OR TOW DUE TO CRASH,"OVER $1,500",FOLLOWING TOO CLOSELY,UNABLE TO DETERMINE,4436,W,PETERSON AVE,2,"REPORTED, NOT EVIDENT",1.0,0.0,0.0,0.0,1.0,1.0,0.0,17,3,9
0d3ed0e1de9f2c5627717cfe2172ffe17ef2bb90e5f5d8f577d873cf059db27908ad035231b2418f01c782fb7a62912f760f3620cdaa9f5df545dba702d28a8c,2017-06-25 15:45:00,30,TRAFFIC SIGNAL,FUNCTIONING PROPERLY,CLEAR,DAYLIGHT,TURNING,ONE-WAY,STRAIGHT AND LEVEL,DRY,NO DEFECTS,NO INJURY / DRIVE AWAY,"$501 - $1,500",FOLLOWING TOO CLOSELY,FOLLOWING TOO CLOSELY,3500,S,INDIANA AVE,2,NO INDICATION OF INJURY,0.0,0.0,0.0,0.0,0.0,2.0,0.0,15,1,6
d5ab8a3781fd69c1622fb9a3dd32fb7b9c58736966199a325879066bd1321220e91b28f2442436fe3b1970ff8c8908187f07defe1012f8cdf761a09f3115f1fb,2020-09-19 23:00:00,30,TRAFFIC SIGNAL,FUNCTIONING PROPERLY,UNKNOWN,"DARKNESS, LIGHTED ROAD",REAR END,DIVIDED - W/MEDIAN (NOT RAISED),STRAIGHT AND LEVEL,UNKNOWN,NO DEFECTS,NO INJURY / DRIVE AWAY,"$501 - $1,500",DISTRACTION - FROM INSIDE VEHICLE,NOT APPLICABLE,5136,W,IRVING PARK RD,2,NO INDICATION OF INJURY,0.0,0.0,0.0,0.0,0.0,2.0,0.0,23,7,9
bf8a08f5331668201006c761a856028c885d39b7a54e634f7e251b09610ce7c1208f53c3253921eca6d9cd21bbdf70d477e00909aa3a0771f46cb0344324a422,2023-07-25 07:58:00,30,TRAFFIC SIGNAL,FUNCTIONING PROPERLY,CLEAR,DAYLIGHT,SIDESWIPE SAME DIRECTION,NOT DIVIDED,STRAIGHT AND LEVEL,DRY,NO DEFECTS,NO INJURY / DRIVE AWAY,"OVER $1,500",IMPROPER LANE USAGE,UNABLE TO DETERMINE,7200,W,DEVON AVE,2,NO INDICATION OF INJURY,0.0,0.0,0.0,0.0,0.0,4.0,0.0,7,3,7
629c4584938d491c347e86d9da971bba7ff7297818cf09fafb3474575b2968e3ef7e9f1b9f8eef50ec3e57f11d102a0bdc916f0bbc1f2c0a689e75735ea4ba2f,2020-11-19 17:00:00,30,NO CONTROLS,NO CONTROLS,CLEAR,DARKNESS,PARKED MOTOR VEHICLE,NOT DIVIDED,STRAIGHT AND LEVEL,UNKNOWN,UNKNOWN,NO INJURY / DRIVE AWAY,"$501 - $1,500",UNABLE TO DETERMINE,UNABLE TO DETERMINE,4720,N,MARINE DR,2,NO INDICATION OF INJURY,0.0,0.0,0.0,0.0,0.0,1.0,0.0,17,5,11
7ee647edf274f6d4ba6b1d4f2d33e112ef778fca52334db496611c45babc28efcb25b065e5d1fb88e8dc1eed0b8ab3fa2185b029c654de8ef9b0a9c1c39ae173,2018-09-24 12:30:00,30,TRAFFIC SIGNAL,FUNCTIONING PROPERLY,CLEAR,DAYLIGHT,ANGLE,DIVIDED - W/MEDIAN (NOT RAISED),STRAIGHT AND LEVEL,DRY,NO DEFECTS,INJURY AND / OR TOW DUE TO CRASH,"OVER $1,500",NOT APPLICABLE,NOT APPLICABLE,300,S,DAMEN AVE,2,"REPORTED, NOT EVIDENT",1.0,0.0,0.0,0.0,1.0,1.0,0.0,12,2,9
4d9eeab4155a98d8f61f426c1790b9102b4e77048d11fde2d584b98f295fdab2d492eb21a4e357f3d42b3915a149274051b72b7bab55e26bff1c45829bd29717,2022-11-15 06:00:00,20,NO CONTROLS,NO CONTROLS,UNKNOWN,UNKNOWN,PARKED MOTOR VEHICLE,ONE-WAY,STRAIGHT AND LEVEL,UNKNOWN,NO DEFECTS,NO INJURY / DRIVE AWAY,"$501 - $1,500",UNABLE TO DETERMINE,NOT APPLICABLE,7490,N,WOLCOTT AVE,2,NO INDICATION OF INJURY,0.0,0.0,0.0,0.0,0.0,1.0,0.0,6,3,11
3d6dc501f407c0b327eb91afdd18142eefde8daeee03b1f579b8f5d73b7f5d2b98a6daeb3546361904be70c79ef529ce82e4a1050abe5f5efbcdb908bb2979a5,2021-08-17 08:05:00,10,NO CONTROLS,NO CONTROLS,CLEAR,DAYLIGHT,FIXED OBJECT,PARKING LOT,STRAIGHT AND LEVEL,DRY,NO DEFECTS,NO INJURY / DRIVE AWAY,"OVER $1,500",NOT APPLICABLE,NOT APPLICABLE,545,N,MC CLURG CT,1,NO INDICATION OF INJURY,0.0,0.0,0.0,0.0,0.0,1.0,0.0,8,3,8
019c6e83148673e64ee251c2616cb35f0470741dd524338004010b955b52af1b93aac32e23915a009c9607a98e7a9b35b6491b3e322fdfb3f0ac0239be46d74d,2022-03-14 09:57:00,30,NO CONTROLS,NO CONTROLS,CLEAR,DAYLIGHT,PARKED MOTOR VEHICLE,ALLEY,STRAIGHT AND LEVEL,DRY,NO DEFECTS,NO INJURY / DRIVE AWAY,"$501 - $1,500",IMPROPER OVERTAKING/PASSING,UNABLE TO DETERMINE,1417,S,SAWYER AVE,2,NO INDICATION OF INJURY,0.0,0.0,0.0,0.0,0.0,4.0,0.0,9,2,3
73d51d3c3034f61136fe881bf93deb05ad8e9c3eab1e1c33d70425af8f74b7773fcb500980673605886271f6153f75761383e3f4b7892c770c664d312d2039fd,2018-03-24 09:45:00,30,TRAFFIC SIGNAL,FUNCTIONING PROPERLY,CLEAR,DAYLIGHT,REAR END,NOT DIVIDED,STRAIGHT AND LEVEL,DRY,NO DEFECTS,NO INJURY / DRIVE AWAY,"$501 - $1,500",FOLLOWING TOO CLOSELY,NOT APPLICABLE,5400,W,GRAND AVE,2,NO INDICATION OF INJURY,0.0,0.0,0.0,0.0,0.0,3.0,0.0,9,7,3
2634f59b064c6f124d5f0b0e2c6db94fe320bc5e635e24542cb84adcbe7d6f209ab51e66082d9b6391c658608af89737ba7203b8a199a208b91ab04fefdf8936,2023-01-22 14:40:00,30,NO CONTROLS,NO CONTROLS,SNOW,DAYLIGHT,REAR END,DIVIDED - W/MEDIAN (NOT RAISED),STRAIGHT AND LEVEL,WET,NO DEFECTS,NO INJURY / DRIVE AWAY,"OVER $1,500",UNABLE TO DETERMINE,UNABLE TO DETERMINE,2900,N,CENTRAL PARK AVE,2,NO INDICATION OF INJURY,0.0,0.0,0.0,0.0,0.0,2.0,0.0,14,1,1
1c81fe4a3045ad927269afd6d39c33771aa33fb930119b1249e8e05957ae80e79e7d3c88838de39696d4ac6207706ffd4ea36edc48dd71bc46b3ff953ba0a2c6,2018-08-12 20:30:00,30,NO CONTROLS,NO CONTROLS,CLEAR,DAYLIGHT,PARKED MOTOR VEHICLE,NOT DIVIDED,STRAIGHT AND LEVEL,DRY,NO DEFECTS,NO INJURY / DRIVE AWAY,"OVER $1,500",UNABLE TO DETERMINE,NOT APPLICABLE,4810,W,BERWYN AVE,2,NO INDICATION OF INJURY,0.0,0.0,0.0,0.0,0.0,1.0,0.0,20,1,8
210ff4eb13dec4ebd7c2a17f60da785905e610e7de3fd300429224ef6f4639e32223c1a5bb99e8390a11751c8aaf69f491e81ee3afcca838905c8c12d0275b28,2016-05-31 16:51:00,30,TRAFFIC SIGNAL,FUNCTIONING PROPERLY,RAIN,DAYLIGHT,TURNING,CENTER TURN LANE,STRAIGHT AND LEVEL,WET,NO DEFECTS,NO INJURY / DRIVE AWAY,"$501 - $1,500",FAILING TO YIELD RIGHT-OF-WAY,FAILING TO REDUCE SPEED TO AVOID CRASH,3601,W,OGDEN AVE,2,NO INDICATION OF INJURY,0.0,0.0,0.0,0.0,0.0,2.0,0.0,16,3,5
650a7df245cac5bcaa0f632bb732e3d069178ddc65917c82831a60c0652ec44632cbf2807a7a0dec10ecaefe233e46fc2b8606d87c79f5b8b075efef4c129556,2021-06-21 00:11:00,30,NO CONTROLS,NO CONTROLS,RAIN,"DARKNESS, LIGHTED ROAD",FIXED OBJECT,DIVIDED - W/MEDIAN BARRIER,STRAIGHT AND LEVEL,WET,NO DEFECTS,INJURY AND / OR TOW DUE TO CRASH,"$501 - $1,500",WEATHER,UNABLE TO DETERMINE,314,E,47TH ST,1,NONINCAPACITATING INJURY,1.0,0.0,0.0,1.0,0.0,0.0,0.0,0,2,6
7b37fdc286106e0a3fc191388876e215e3fc587205865cecede65692e2cf3d082f86c49e69c28d3d8d00aac168feca0bca6415208e2f607a5ea352491ea1ad60,2019-08-05 21:00:00,30,NO CONTROLS,NO CONTROLS,CLEAR,"DARKNESS, LIGHTED ROAD",PARKED MOTOR VEHICLE,OTHER,STRAIGHT AND LEVEL,DRY,NO DEFECTS,NO INJURY / DRIVE AWAY,"$501 - $1,500",UNABLE TO DETERMINE,UNABLE TO DETERMINE,5201,W,DIVISION ST,2,NO INDICATION OF INJURY,0.0,0.0,0.0,0.0,0.0,4.0,0.0,21,2,8
bf3e6968bafdd67f4d0e81b3b13324f7073b0c5601174155f7241c4a3aee4ff7c10424eed9cfe8ddcd6c5ab99876a80bfb9aedfd3dd7a4eb6fb59e2a3469f880,2019-01-22 06:00:00,20,NO CONTROLS,NO CONTROLS,UNKNOWN,UNKNOWN,OTHER OBJECT,ALLEY,STRAIGHT AND LEVEL,SNOW OR SLUSH,OTHER,NO INJURY / DRIVE AWAY,"$501 - $1,500",UNABLE TO DETERMINE,UNABLE TO DETERMINE,1376,N,DEAN ST,1,NO INDICATION OF INJURY,0.0,0.0,0.0,0.0,0.0,1.0,0.0,6,3,1
408a232a4798a9814012eed75e993135e673f5578d989796949d91795dcd38e804d91f16df40f87d2168eb8400b18bafc9a84b70fbfdd284b570fe007247cfbd,2022-07-10 09:18:00,30,TRAFFIC SIGNAL,FUNCTIONING PROPERLY,CLEAR,DAYLIGHT,ANGLE,OTHER,STRAIGHT AND LEVEL,DRY,NO DEFECTS,INJURY AND / OR TOW DUE TO CRASH,"OVER $1,500",DISREGARDING TRAFFIC SIGNALS,DISREGARDING TRAFFIC SIGNALS,1400,S,RIDGEWAY AVE,2,NO INDICATION OF INJURY,0.0,0.0,0.0,0.0,0.0,2.0,0.0,9,1,7
0561641feec2f4481b7adabbdd7f165ac6a2d4217333c77ea71696859363ebe88ac3224e9175e628a3cde56c075878be23b13b9309e1d5ad1f6bfa5bc4a93a26,2019-12-04 17:45:00,30,NO CONTROLS,NO CONTROLS,CLEAR,"DARKNESS, LIGHTED ROAD",REAR END,DIVIDED - W/MEDIAN BARRIER,STRAIGHT ON HILLCREST,DRY,NO DEFECTS,NO INJURY / DRIVE AWAY,"OVER $1,500",FOLLOWING TOO CLOSELY,UNABLE TO DETERMINE,5301,S,HARLEM AVE,2,NO INDICATION OF INJURY,0.0,0.0,0.0,0.0,0.0,2.0,0.0,17,4,12
bb3229463d6c45068271a18e8edf4aa45b9dcde579634e5cce7f1d113256ad8a411426a9fdef09eddc6db15d9e423bb3205101c506fb6bd70cf39c979a4cb815,2019-10-02 07:25:00,30,TRAFFIC SIGNAL,FUNCTIONING PROPERLY,RAIN,DAYLIGHT,REAR END,NOT DIVIDED,STRAIGHT AND LEVEL,WET,NO DEFECTS,NO INJURY / DRIVE AWAY,"$501 - $1,500",FOLLOWING TOO CLOSELY,UNABLE TO DETERMINE,3650,N,ELSTON AVE,2,NO INDICATION OF INJURY,0.0,0.0,0.0,0.0,0.0,2.0,0.0,7,4,10
eaa1ec372838733a472f68415bf9923c76d490fbc0dc2dc4ff045e9e5a81e4d48934701ea273922a4fec8573eb6d88807ab0b610ed20f1ec3b4e3c9bc7b8e707,2023-06-15 04:06:00,35,NO CONTROLS,NO CONTROLS,CLEAR,DAWN,PARKED MOTOR VEHICLE,NOT DIVIDED,STRAIGHT AND LEVEL,DRY,NO DEFECTS,NO INJURY / DRIVE AWAY,"OVER $1,500",UNABLE TO DETERMINE,UNABLE TO DETERMINE,4892,N,ASHLAND AVE,5,NO INDICATION OF INJURY,0.0,0.0,0.0,0.0,0.0,2.0,0.0,4,5,6
0aa9048bd69e64f55ac7c6f7e7ac0754104e5c6cd4461cba83c0224564bc29d9462c4ba42a501edde17feed8535c817534814c31466fb1fcb290badf786929d1,2024-01-27 03:00:00,30,STOP SIGN/FLASHER,UNKNOWN,UNKNOWN,DARKNESS,PARKED MOTOR VEHICLE,ONE-WAY,STRAIGHT AND LEVEL,UNKNOWN,UNKNOWN,NO INJURY / DRIVE AWAY,"OVER $1,500",UNABLE TO DETERMINE,UNABLE TO DETERMINE,500,W,HAWTHORNE PL,2,NO INDICATION OF INJURY,0.0,0.0,0.0,0.0,0.0,1.0,0.0,3,7,1
57d125a4bbd315201adbefbfbe7d65d65f4816050d74d6f788b57d3f398f3459a05d04656e59c2e357ef504f3058285f7f927ad6e74dfca7dff2ba62109e17bf,2023-07-08 11:30:00,10,NO CONTROLS,NO CONTROLS,RAIN,DAYLIGHT,PARKED MOTOR VEHICLE,DRIVEWAY,STRAIGHT AND LEVEL,WET,UNKNOWN,NO INJURY / DRIVE AWAY,"OVER $1,500",IMPROPER BACKING,UNABLE TO DETERMINE,9671,S,LUELLA AVE,2,NO INDICATION OF INJURY,0.0,0.0,0.0,0.0,0.0,1.0,0.0,11,7,7
c797aaac53c1ea1b1f24ceca2193b2651887d9ca2144dca0a520d640fb589c32bdea57079a0a7ba3d07629ae2328f438f4d12aac557c1c4382d58eda67299ecd,2018-09-15 08:30:00,0,NO CONTROLS,NO CONTROLS,CLEAR,DAYLIGHT,PARKED MOTOR VEHICLE,PARKING LOT,STRAIGHT AND LEVEL,DRY,NO DEFECTS,NO INJURY / DRIVE AWAY,"OVER $1,500",UNABLE TO DETERMINE,UNABLE TO DETERMINE,1015,W,87TH ST,2,NO INDICATION OF INJURY,0.0,0.0,0.0,0.0,0.0,1.0,0.0,8,7,9