CRASH_RECORD_ID,CRASH_DATE,POSTED_SPEED_LIMIT,TRAFFIC_CONTROL_DEVICE,DEVICE_CONDITION,WEATHER_CONDITION,LIGHTING_CONDITION,FIRST_CRASH_TYPE,TRAFFICWAY_TYPE,ALIGNMENT,ROADWAY_SURFACE_COND,ROAD_DEFECT,CRASH_TYPE,DAMAGE,PRIM_CONTRIBUTORY_CAUSE,SEC_CONTRIBUTORY_CAUSE,STREET_NO,STREET_DIRECTION,STREET_NAME,NUM_UNITS,MOST_SEVERE_INJURY,INJURIES_TOTAL,INJURIES_FATAL,INJURIES_INCAPACITATING,INJURIES_NON_INCAPACITATING,INJURIES_REPORTED_NOT_EVIDENT,INJURIES_NO_INDICATION,INJURIES_UNKNOWN,CRASH_HOUR,CRASH_DAY_OF_WEEK,CRASH_MONTH
117439df37a305fcca653e22f9543cadb193c584931cda1c375377a9c5efa4b5efc95290d11ae3238217b797603774a9b86e2d41c36f750843cdd34889207f55,2018-10-03 11:43:00,30,NO CONTROLS,NO CONTROLS,CLEAR,DAYLIGHT,PARKED MOTOR VEHICLE,NOT DIVIDED,STRAIGHT AND LEVEL,DRY,NO DEFECTS,INJURY AND / OR TOW DUE TO CRASH,"OVER $1,500",UNABLE TO DETERMINE,UNABLE TO DETERMINE,748,S,ST LOUIS AVE,2,INCAPACITATING INJURY,1.0,0.0,1.0,0.0,0.0,0.0,0.0,11,4,10
702abeb331185b8f2d7ff43f66405e69854524ae5953014c45a518f45dd8e61b1ee829d421d63bfb5041e883b043de155f3dd0b8c73f546045c3f7381d93e2c1,2023-05-09 03:41:00,30,NO CONTROLS,NO CONTROLS,CLEAR,"DARKNESS, LIGHTED ROAD",PARKED MOTOR VEHICLE,NOT DIVIDED,STRAIGHT AND LEVEL,DRY,NO DEFECTS,INJURY AND / OR TOW DUE TO CRASH,"OVER $1,500",FAILING TO REDUCE SPEED TO AVOID CRASH,NOT APPLICABLE,448,E,31ST PL,2,NO INDICATION OF INJURY,0.0,0.0,0.0,0.0,0.0,1.0,0.0,3,3,5
150e026076cbd682d5fb26378e6381a533b7a2f203f7e7bd495fe737812357f77e0b4ec3e5c314e52a5ff659a5a85f4cb06d12ea9eeb4e2889f73c5cf6b40524,2019-05-01 17:21:00,30,TRAFFIC SIGNAL,FUNCTIONING PROPERLY,CLEAR,DAYLIGHT,TURNING,FOUR WAY,STRAIGHT AND LEVEL,DRY,NO DEFECTS,NO INJURY / DRIVE AWAY,"OVER $1,500",DISREGARDING TRAFFIC SIGNALS,IMPROPER TURNING/NO SIGNAL,2400,W,NORTH AVE,2,NO INDICATION OF INJURY,0.0,0.0,0.0,0.0,0.0,2.0,0.0,17,4,5
667c024089f2793acab7bce1b7f7f4c4e02cdd15aa8d21e3372190f9a77545e415dbf32291073cf3780d0876f660accf6174126578d421b4e7e02b4f08ae2f0e,2022-12-09 06:00:00,20,NO CONTROLS,NO CONTROLS,RAIN,"DARKNESS, LIGHTED ROAD",PARKED MOTOR VEHICLE,NOT DIVIDED,STRAIGHT AND LEVEL,WET,NO DEFECTS,INJURY AND / OR TOW DUE TO CRASH,"OVER $1,500",UNABLE TO DETERMINE,UNABLE TO DETERMINE,1003,W,58TH ST,2,NO INDICATION OF INJURY,0.0,0.0,0.0,0.0,0.0,1.0,0.0,6,6,12
b75004aac7ef1eed7e97b5456f0d4a03d61a5dbdc1d7139550ad774738e29fb1704d2a49f1277dfa885cee152d1e7a2ecb6bf0145619bc77f1e500718763ac80,2021-06-07 12:30:00,30,NO CONTROLS,NO CONTROLS,CLEAR,DAYLIGHT,SIDESWIPE SAME DIRECTION,NOT DIVIDED,STRAIGHT AND LEVEL,DRY,NO DEFECTS,NO INJURY / DRIVE AWAY,"$501 - $1,500",NOT APPLICABLE,NOT APPLICABLE,5250,N,CICERO AVE,2,NO INDICATION OF INJURY,0.0,0.0,0.0,0.0,0.0,2.0,0.0,12,2,6
b3e2a62c4ee44bdbbc9b4878f8d695e73d9a36be8190e33e9d6203c18caf0c3ff7394c07f76219ea1ff313f5e5fcd8bfd9150e7b3831a8d779c6cdd5d4746f42,2021-07-16 15:02:00,30,NO CONTROLS,NO CONTROLS,CLEAR,DAYLIGHT,REAR END,DIVIDED - W/MEDIAN BARRIER,STRAIGHT AND LEVEL,DRY,NO DEFECTS,INJURY AND / OR TOW DUE TO CRASH,"OVER $1,500",HAD BEEN DRINKING (USE WHEN ARREST IS NOT MADE),NOT APPLICABLE,2530,S,STATE ST,2,NO INDICATION OF INJURY,0.0,0.0,0.0,0.0,0.0,2.0,0.0,15,6,7
28ffdcd1c6230a50953e1d3957b6f51cc037d71f37d9a17e68219fffa7baf53701119b725ef04ae8b1d2b81ae75fb6cf1e6365a64874e5d4fb850ea1e3606510,2018-09-01 14:00:00,30,TRAFFIC SIGNAL,FUNCTIONING PROPERLY,CLEAR,DAYLIGHT,TURNING,NOT DIVIDED,STRAIGHT AND LEVEL,WET,NO DEFECTS,NO INJURY / DRIVE AWAY,"$501 - $1,500",FAILING TO YIELD RIGHT-OF-WAY,IMPROPER TURNING/NO SIGNAL,400,N,LOWER MICHIGAN AVE,2,NO INDICATION OF INJURY,0.0,0.0,0.0,0.0,0.0,2.0,0.0,14,7,9
3463895bdc562b78f803e6dbaf142ddd97a7699e8254df417d29386f88d6b2450905839cf8f7274c2df81bf829de118984cae569c1274dc70f85759cfed49f31,2019-01-29 15:00:00,30,NO CONTROLS,NO CONTROLS,CLEAR,DAYLIGHT,PARKED MOTOR VEHICLE,ONE-WAY,STRAIGHT AND LEVEL,SNOW OR SLUSH,NO DEFECTS,NO INJURY / DRIVE AWAY,"OVER $1,500",UNABLE TO DETERMINE,NOT APPLICABLE,2125,W,68TH ST,2,NO INDICATION OF INJURY,0.0,0.0,0.0,0.0,0.0,1.0,0.0,15,3,1
7276679bc6895937eb6ffb81096b0bab463b6a1f319c62add7df40d5d6452a6a6a2e3c2aad11e6be36c6af18bcbbedcaed4d4a9ac775882abacc9d00fff12d0e,2018-02-06 17:40:00,30,TRAFFIC SIGNAL,FUNCTIONING PROPERLY,SNOW,"DARKNESS, LIGHTED ROAD",SIDESWIPE SAME DIRECTION,DIVIDED - W/MEDIAN (NOT RAISED),STRAIGHT AND LEVEL,SNOW OR SLUSH,NO DEFECTS,NO INJURY / DRIVE AWAY,$500 OR LESS,UNABLE TO DETERMINE,NOT APPLICABLE,3852,S,CALIFORNIA AVE,2,NO INDICATION OF INJURY,0.0,0.0,0.0,0.0,0.0,3.0,0.0,17,3,2
3fc632633c8ef340d419e54e22cdb0baff5be64e997c85e559c143e9b8d64476817c307b1adcdc0d0bf1eaf845fa249e3c8005b24771f4f2bffb8b32c3fb3feb,2018-02-26 18:41:00,35,STOP SIGN/FLASHER,NOT FUNCTIONING,CLEAR,DAYLIGHT,ANGLE,NOT DIVIDED,STRAIGHT AND LEVEL,DRY,NO DEFECTS,INJURY AND / OR TOW DUE TO CRASH,"OVER $1,500",NOT APPLICABLE,NOT APPLICABLE,3099,W,LAKE ST,2,NO INDICATION OF INJURY,0.0,0.0,0.0,0.0,0.0,2.0,0.0,18,2,2
2af7d3debbb1f9416b67ff8ca1fc5693d15deefa45729e7636a070b62c09d25c3593d5178cdfed88723d33acd2f69c6e83c65d9abe9a478ff59b551c2ffef445,2021-09-23 02:00:00,30,NO CONTROLS,NO CONTROLS,UNKNOWN,DARKNESS,PARKED MOTOR VEHICLE,ONE-WAY,STRAIGHT AND LEVEL,UNKNOWN,UNKNOWN,NO INJURY / DRIVE AWAY,"OVER $1,500",UNABLE TO DETERMINE,UNABLE TO DETERMINE,5203,W,OHIO ST,2,NO INDICATION OF INJURY,0.0,0.0,0.0,0.0,0.0,1.0,0.0,2,5,9
106bef2791c06939082af59f2da9885ed044699975db82801f1c59eb9b7577d13b19ebfa839aaa9c1e16992658f33168063b5b66ec22673da55445a7696b399e,2022-12-13 22:00:00,35,NO CONTROLS,NO CONTROLS,CLEAR,"DARKNESS, LIGHTED ROAD",TURNING,T-INTERSECTION,STRAIGHT AND LEVEL,DRY,NO DEFECTS,NO INJURY / DRIVE AWAY,"OVER $1,500",IMPROPER TURNING/NO SIGNAL,NOT APPLICABLE,5300,S,LAKE PARK AVE,2,NO INDICATION OF INJURY,0.0,0.0,0.0,0.0,0.0,3.0,0.0,22,3,12
51635c962f8a5239c30ec52718c9db44c627f91fec8d5e8763e8c3001da16abbcb65d5c04d2ad4942c16baa2d8e4a3976d8e0adf0326e996e96a20f91bbcbcb7,2024-04-26 21:53:00,30,TRAFFIC SIGNAL,FUNCTIONING PROPERLY,CLEAR,"DARKNESS, LIGHTED ROAD",PARKED MOTOR VEHICLE,NOT DIVIDED,STRAIGHT AND LEVEL,WET,NO DEFECTS,INJURY AND / OR TOW DUE TO CRASH,"OVER $1,500",UNABLE TO DETERMINE,NOT APPLICABLE,6553,S,KEDZIE AVE,5,"REPORTED, NOT EVIDENT",1.0,0.0,0.0,0.0,1.0,2.0,0.0,21,6,4
9c549aa66c9497aba1f9f8520896d2a50d4f360896f568c8e4cb26ef1ebc14d9bd88357994e3133bf8626133e57e77eb1d6b7234d5faadd628e074ec1a5b7c95,2015-08-22 14:30:00,10,TRAFFIC SIGNAL,FUNCTIONING PROPERLY,CLEAR,DAYLIGHT,SIDESWIPE SAME DIRECTION,UNKNOWN,STRAIGHT AND LEVEL,DRY,NO DEFECTS,NO INJURY / DRIVE AWAY,"$501 - $1,500",IMPROPER OVERTAKING/PASSING,NOT APPLICABLE,555,W,ROOSEVELT RD,2,NO INDICATION OF INJURY,0.0,0.0,0.0,0.0,0.0,2.0,0.0,14,7,8
39682baad8fc8adc9e70b90352e63be80881abba46412200b182f5a75df1b87c70faf0186f9cdc4321f2b559534f0fd0b0c5454495e0787746a662c45948db1c,2017-04-28 09:00:00,30,TRAFFIC SIGNAL,FUNCTIONING IMPROPERLY,CLEAR,DAYLIGHT,TURNING,DIVIDED - W/MEDIAN BARRIER,STRAIGHT AND LEVEL,DRY,NO DEFECTS,NO INJURY / DRIVE AWAY,"OVER $1,500",UNABLE TO DETERMINE,NOT APPLICABLE,300,W,FULLERTON PKWY,2,NO INDICATION OF INJURY,0.0,0.0,0.0,0.0,0.0,2.0,0.0,9,6,4
04954a7eb70c58fb38f8928d4bc3f0482962cce6b9a2d6d94bc46197fed272e31fe8e5d5b6d9dfae39748470ccbc4630c749c1ff3b55c36f7ce0bba7eb1d6ae3,2020-05-30 19:15:00,30,NO CONTROLS,NO CONTROLS,CLEAR,DAYLIGHT,REAR END,ONE-WAY,STRAIGHT AND LEVEL,DRY,NO DEFECTS,NO INJURY / DRIVE AWAY,$500 OR LESS,NOT APPLICABLE,NOT APPLICABLE,4635,S,FRANCISCO AVE,2,NO INDICATION OF INJURY,0.0,0.0,0.0,0.0,0.0,2.0,0.0,19,7,5
e5a244c7acfe58545b5d4aa1d4f762d5f837dd34f7dd5afdb4eaa5dc23cacb821bbb422b0062d0880afe8e18e3d24b575c88e2409fa94aaa92a7556343e9288e,2023-09-19 04:23:00,25,NO CONTROLS,NO CONTROLS,CLEAR,"DARKNESS, LIGHTED ROAD",HEAD ON,FOUR WAY,STRAIGHT AND LEVEL,DRY,NO DEFECTS,INJURY AND / OR TOW DUE TO CRASH,"OVER $1,500",DRIVING ON WRONG SIDE/WRONG WAY,NOT APPLICABLE,2432,W,DEVON AVE,2,INCAPACITATING INJURY,3.0,0.0,1.0,2.0,0.0,0.0,0.0,4,3,9
bcdebf59fc33f46ec3ce7438c9eca38c4c199c4325afa6fe86b0408944c4d109e2098ae76d47517ef16543f6dd05a58f76ad45aa7c17f6ca57b3904611ccca58,2022-08-06 06:40:00,0,TRAFFIC SIGNAL,FUNCTIONING PROPERLY,CLEAR,DAYLIGHT,TURNING,DIVIDED - W/MEDIAN (NOT RAISED),STRAIGHT AND LEVEL,DRY,NO DEFECTS,NO INJURY / DRIVE AWAY,"OVER $1,500",UNABLE TO DETERMINE,NOT APPLICABLE,6301,S,COTTAGE GROVE AVE,2,NO INDICATION OF INJURY,0.0,0.0,0.0,0.0,0.0,2.0,0.0,6,7,8
7399a17dcd3136d2843d6eba9b26368d08ae765b5d2cd2d65d602665c28098d1647e6f21492ca9306bf9c758fcab1a8b87bb1a065f92506703e813ec5fa8e991,2023-06-17 07:00:00,30,NO CONTROLS,NO CONTROLS,CLEAR,DAYLIGHT,PARKED MOTOR VEHICLE,ONE-WAY,STRAIGHT AND LEVEL,DRY,NO DEFECTS,NO INJURY / DRIVE AWAY,"OVER $1,500",DRIVING SKILLS/KNOWLEDGE/EXPERIENCE,NOT APPLICABLE,9,W,ERIE ST,2,NO INDICATION OF INJURY,0.0,0.0,0.0,0.0,0.0,1.0,0.0,7,7,6
c8c23fc00e33f514f54d198c33e9430b5156262002fcfa0c956f2930e15f552c0d2e93c249df693db6882e15921d57d34c7bfb042eb1042fcf0735ca7b8e1d29,2018-12-21 23:50:00,35,NO CONTROLS,NO CONTROLS,CLEAR,"DARKNESS, LIGHTED ROAD",SIDESWIPE SAME DIRECTION,DIVIDED - W/MEDIAN (NOT RAISED),STRAIGHT AND LEVEL,DRY,NO DEFECTS,NO INJURY / DRIVE AWAY,"$501 - $1,500",IMPROPER LANE USAGE,IMPROPER OVERTAKING/PASSING,3932,S,PULASKI RD,2,NO INDICATION OF INJURY,0.0,0.0,0.0,0.0,0.0,4.0,0.0,23,6,12
d65cf9232ed732bbb27943b9b7137450f18647667399fdbf1c69c537040e1486248a9b600fd95bcf743d7be36407a8c5f46042f76b076df9661eaa0e51d88a2a,2023-10-22 07:25:00,30,NO CONTROLS,FUNCTIONING PROPERLY,CLEAR,DAYLIGHT,TURNING,NOT DIVIDED,STRAIGHT AND LEVEL,DRY,UNKNOWN,NO INJURY / DRIVE AWAY,"OVER $1,500",FOLLOWING TOO CLOSELY,UNABLE TO DETERMINE,3311,N,BROADWAY,2,NO INDICATION OF INJURY,0.0,0.0,0.0,0.0,0.0,2.0,0.0,7,1,10
af847657cdd1834412b8ea307cac2b65460a3701dba179454002d1830caf4fc6993d8e37ebc026751e1d4208f26266b8571b3ac8b52d4868e50a64828183cecf,2024-03-22 06:10:00,45,NO CONTROLS,NO CONTROLS,SNOW,"DARKNESS, LIGHTED ROAD",FIXED OBJECT,DIVIDED - W/MEDIAN BARRIER,STRAIGHT AND LEVEL,SNOW OR SLUSH,NO DEFECTS,INJURY AND / OR TOW DUE TO CRASH,"OVER $1,500",WEATHER,WEATHER,1000,N,LAKE SHORE DR,1,NO INDICATION OF INJURY,0.0,0.0,0.0,0.0,0.0,1.0,0.0,6,6,3
1ef4b568d49438d11f8e6f5d4b35c5ddddd895fb0754a2464edfb778220f9bf315450419c014651db1faa8086c5605da8291e06c33c42664e7269813a8c48672,2015-10-28 20:30:00,30,TRAFFIC SIGNAL,FUNCTIONING PROPERLY,CLEAR,DARKNESS,REAR END,NOT DIVIDED,STRAIGHT AND LEVEL,DRY,NO DEFECTS,NO INJURY / DRIVE AWAY,"OVER $1,500",FOLLOWING TOO CLOSELY,NOT APPLICABLE,2800,N,HALSTED ST,2,NO INDICATION OF INJURY,0.0,0.0,0.0,0.0,0.0,2.0,0.0,20,4,10
291d104b2aa61003e7ac3aedb77850d35415f65ec91f3b9cf1859a49b191183aa232d3fe2bcb6f9cd60d98c4c7b5341fa4237c4f66e75207bd2b4ce339c569c6,2023-02-20 16:30:00,30,STOP SIGN/FLASHER,NO CONTROLS,CLEAR,DAYLIGHT,FIXED OBJECT,DIVIDED - W/MEDIAN (NOT RAISED),STRAIGHT AND LEVEL,DRY,NO DEFECTS,NO INJURY / DRIVE AWAY,"OVER $1,500",UNABLE TO DETERMINE,NOT APPLICABLE,1500,S,HOMAN AVE,1,NO INDICATION OF INJURY,0.0,0.0,0.0,0.0,0.0,1.0,0.0,16,2,2
c0fccb4d1177b7013b114b592b10d3cfa9921e116a1a3eff73e2f83e57d17a63e655ba6bab73963776cc563dc3fda5dfc2fc05139a64b2d395e39c9e110a0cc6,2017-11-08 15:05:00,25,NO CONTROLS,NO CONTROLS,CLEAR,DAYLIGHT,ANGLE,PARKING LOT,STRAIGHT AND LEVEL,DRY,NO DEFECTS,NO INJURY / DRIVE AWAY,"$501 - $1,500",UNABLE TO DETERMINE,UNABLE TO DETERMINE,5300,S,PULASKI RD,2,NO INDICATION OF INJURY,0.0,0.0,0.0,0.0,0.0,2.0,0.0,15,4,11
4003e8d20234cd797b592047b7bac810df19741b653cc64044f1d38f5b4818d41602755614ee58bca821f3f30362898abb96ff1be966d31ccd69e3b0520b8bb7,2021-09-09 20:30:00,30,NO CONTROLS,NO CONTROLS,CLEAR,"DARKNESS, LIGHTED ROAD",PARKED MOTOR VEHICLE,DIVIDED - W/MEDIAN (NOT RAISED),STRAIGHT AND LEVEL,DRY,NO DEFECTS,NO INJURY / DRIVE AWAY,"OVER $1,500",FAILING TO REDUCE SPEED TO AVOID CRASH,UNABLE TO DETERMINE,700,S,CICERO AVE,2,NO INDICATION OF INJURY,0.0,0.0,0.0,0.0,0.0,1.0,0.0,20,5,9
a46d4eb86139527615bbbb14a1a066d72b5e8913ea0405501e1ed8505f8c157031afdae5167b1e1e406f3c65ffce69180530f304c4ad1c8fbc48171faebc2c77,2018-05-10 15:45:00,15,NO CONTROLS,NO CONTROLS,CLEAR,DAYLIGHT,SIDESWIPE SAME DIRECTION,ALLEY,STRAIGHT AND LEVEL,DRY,NO DEFECTS,NO INJURY / DRIVE AWAY,$500 OR LESS,DRIVING SKILLS/KNOWLEDGE/EXPERIENCE,NOT APPLICABLE,2626,W,DEVON AVE,2,NO INDICATION OF INJURY,0.0,0.0,0.0,0.0,0.0,2.0,0.0,15,5,5
67dae66829900d5909cf76662188f8513b4674b6542f0134d6a901ceb1b4f015d752978dd163f9160d9cc583ee282e16a22d23353e879c259eb080130209bb2e,2018-08-01 14:45:00,30,TRAFFIC SIGNAL,FUNCTIONING PROPERLY,CLEAR,DARKNESS,REAR END,NOT DIVIDED,STRAIGHT AND LEVEL,DRY,NO DEFECTS,NO INJURY / DRIVE AWAY,"$501 - $1,500",FOLLOWING TOO CLOSELY,PHYSICAL CONDITION OF DRIVER,7900,S,SOUTH CHICAGO AVE,2,NO INDICATION OF INJURY,0.0,0.0,0.0,0.0,0.0,2.0,0.0,14,4,8
fd21e52059eb83a9d7cf327384fae9601d6019598b67ccfa09b0dadb7023af7e368aa0d8eaccd12036a7716e14873fd192a41073b43facf0a8ae65ef1756a7d5,2023-10-20 20:40:00,30,NO CONTROLS,NO CONTROLS,CLEAR,"DARKNESS, LIGHTED ROAD",SIDESWIPE SAME DIRECTION,NOT DIVIDED,STRAIGHT AND LEVEL,DRY,NO DEFECTS,NO INJURY / DRIVE AWAY,"OVER $1,500",UNABLE TO DETERMINE,NOT APPLICABLE,1000,E,47TH ST,2,NO INDICATION OF INJURY,0.0,0.0,0.0,0.0,0.0,3.0,0.0,20,6,10
a2313b2bcef3f6ef802b8e729100689461647423d697229713b42d1f89bfdb2c634c38789d156ba65970730ea4a50b3c48b58f263e327955d56a0c831316e48d,2020-07-25 15:00:00,20,NO CONTROLS,NO CONTROLS,CLEAR,DAYLIGHT,PARKED MOTOR VEHICLE,ONE-WAY,STRAIGHT AND LEVEL,DRY,NO DEFECTS,NO INJURY / DRIVE AWAY,$500 OR LESS,NOT APPLICABLE,NOT APPLICABLE,6643,S,GREEN ST,2,NO INDICATION OF INJURY,0.0,0.0,0.0,0.0,0.0,1.0,0.0,15,7,7
c8ebeefacdd4cf6d6e640622177c0028a18a164f3cdb8f70c09998af879e2f5912e6a95dccdfb5de90da35756ab882d7045a7c5344893e05e09925429ebeb531,2017-01-12 19:00:00,30,NO CONTROLS,NO CONTROLS,CLEAR,"DARKNESS, LIGHTED ROAD",FIXED OBJECT,NOT DIVIDED,STRAIGHT AND LEVEL,DRY,NO DEFECTS,NO INJURY / DRIVE AWAY,"$501 - $1,500",UNABLE TO DETERMINE,NOT APPLICABLE,3600,W,MONTROSE AVE,1,NO INDICATION OF INJURY,0.0,0.0,0.0,0.0,0.0,1.0,0.0,19,5,1
dd11f13ab070dcd46f9b975eb7241e56889bc75da5eb509ad87c8e80dfd6f8dc3fdb86970bf65585a95f19745595fde1d422871e5a8796dbd7ae632a4e6e349d,2019-09-30 08:16:00,30,NO CONTROLS,UNKNOWN,CLEAR,DAYLIGHT,PEDESTRIAN,DIVIDED - W/MEDIAN (NOT RAISED),STRAIGHT AND LEVEL,DRY,NO DEFECTS,INJURY AND / OR TOW DUE TO CRASH,$500 OR LESS,DRIVING ON WRONG SIDE/WRONG WAY,UNABLE TO DETERMINE,7900,S,HONORE ST,2,NONINCAPACITATING INJURY,1.0,0.0,0.0,1.0,0.0,5.0,0.0,8,2,9
b4de4306279c471815de293f6797f96990ca4b13d86458982ad0e555a8ea0c2c9a975f446e32208d4c10485725a3857986a5da44e8f19bcf947914df65082f62,2020-11-27 08:30:00,30,NO CONTROLS,NO CONTROLS,CLEAR,DAYLIGHT,REAR END,NOT DIVIDED,STRAIGHT AND LEVEL,WET,NO DEFECTS,NO INJURY / DRIVE AWAY,"$501 - $1,500",UNABLE TO DETERMINE,UNABLE TO DETERMINE,100,N,SACRAMENTO BLVD,2,NO INDICATION OF INJURY,0.0,0.0,0.0,0.0,0.0,2.0,0.0,8,6,11
501e60bf0b50fb9b45fa3794bf925c881e2388c673d404a196eaa010f1ce570a7a7c977b7e51e44a7090da381a554a8d84e1357a5a40ac0ffed858b81ef18697,2020-08-30 19:42:00,30,NO CONTROLS,NO CONTROLS,CLEAR,DUSK,PEDESTRIAN,OTHER,STRAIGHT AND LEVEL,DRY,NO DEFECTS,INJURY AND / OR TOW DUE TO CRASH,$500 OR LESS,DISTRACTION - FROM OUTSIDE VEHICLE,UNABLE TO DETERMINE,3201,N,HARLEM AVE,2,NONINCAPACITATING INJURY,1.0,0.0,0.0,1.0,0.0,1.0,0.0,19,1,8
037e7c121f8f996b4eb5db411f4bfb05099676708431ac0fcc1b57bcb66452edf3603bd8886250328d73a74df06cba6a6fa17cea07af0fcd376005e56992e1ab,2020-12-24 18:00:00,20,STOP SIGN/FLASHER,FUNCTIONING PROPERLY,CLEAR,DARKNESS,ANGLE,FOUR WAY,STRAIGHT AND LEVEL,DRY,NO DEFECTS,INJURY AND / OR TOW DUE TO CRASH,"OVER $1,500",UNABLE TO DETERMINE,NOT APPLICABLE,5601,S,WABASH AVE,2,NO INDICATION OF INJURY,0.0,0.0,0.0,0.0,0.0,6.0,0.0,18,5,12
2fcc00e57599490050ab007bb257e16eafe8e589798988e873fe9e77b743b126674d69a009332588583f761ca04909d74ce93cf7f2f6624de23926d7b9ffe1eb,2016-11-18 12:50:00,30,STOP SIGN/FLASHER,FUNCTIONING PROPERLY,RAIN,DAYLIGHT,ANGLE,NOT DIVIDED,STRAIGHT AND LEVEL,WET,NO DEFECTS,NO INJURY / DRIVE AWAY,"OVER $1,500",FAILING TO YIELD RIGHT-OF-WAY,NOT APPLICABLE,2199,S,HOYNE AVE,2,NO INDICATION OF INJURY,0.0,0.0,0.0,0.0,0.0,2.0,0.0,12,6,11
29e7060fe8b745eec86581ae7ab057f9de0e6708216d8750d6b45d6694a74b3d7004783c859d849a97077f0e51f37df780368d276194f1a75cd536a0d4864181,2021-05-18 19:30:00,30,NO CONTROLS,NO CONTROLS,CLEAR,DUSK,REAR END,NOT DIVIDED,STRAIGHT AND LEVEL,DRY,NO DEFECTS,NO INJURY / DRIVE AWAY,"$501 - $1,500",IMPROPER OVERTAKING/PASSING,UNABLE TO DETERMINE,10,W,83RD ST,2,NO INDICATION OF INJURY,0.0,0.0,0.0,0.0,0.0,2.0,0.0,19,3,5
79f4c5365115bf509378ad84630047e3b89e71452cdad7480a6d6171feffa9fd0f1c6a8fbd115fb482f9c2bcdc8a96f3a32c5a510f2a6809aedfc9678105139f,2020-10-12 11:15:00,30,NO CONTROLS,NO CONTROLS,RAIN,DAYLIGHT,PARKED MOTOR VEHICLE,NOT DIVIDED,STRAIGHT AND LEVEL,WET,NO DEFECTS,NO INJURY / DRIVE AWAY,"OVER $1,500",UNABLE TO DETERMINE,UNABLE TO DETERMINE,4200,S,ARCHER AVE,2,NO INDICATION OF INJURY,0.0,0.0,0.0,0.0,0.0,2.0,0.0,11,2,10
8a48b005094b1567223cf0e148b3f7e04bcea5151ea5b5d63111dca6169b653337c1068eb6a7871757cf063471a73a10251a87194d019caad5779ab37d8fcd83,2019-01-15 09:30:00,30,NO CONTROLS,NO CONTROLS,CLEAR,DAYLIGHT,REAR END,NOT DIVIDED,STRAIGHT AND LEVEL,DRY,NO DEFECTS,NO INJURY / DRIVE AWAY,"$501 - $1,500",UNABLE TO DETERMINE,NOT APPLICABLE,1423,N,PULASKI RD,2,NO INDICATION OF INJURY,0.0,0.0,0.0,0.0,0.0,2.0,0.0,9,3,1
79d370c98d6c6328415c8ba570b2643671bce39bac82890fb71ebede62a94daaa2f8a4ab22338b4dbade55b532007310a2637fd5fd76a038444b22d15c32145b,2023-10-23 07:57:00,20,NO CONTROLS,NO CONTROLS,CLEAR,UNKNOWN,PARKED MOTOR VEHICLE,NOT DIVIDED,STRAIGHT AND LEVEL,DRY,UNKNOWN,INJURY AND / OR TOW DUE TO CRASH,"OVER $1,500",FOLLOWING TOO CLOSELY,NOT APPLICABLE,7235,N,KEDZIE AVE,2,NO INDICATION OF INJURY,0.0,0.0,0.0,0.0,0.0,1.0,0.0,7,2,10
9ef677395ed905d3582aaa6250024555bba6ee22fa56c32c14ce4776f9db4aad60602e799d6c5fc72f7dbc294e305b20433f171feb1515e496452fc199e57caf,2017-09-20 08:21:00,25,NO CONTROLS,NO CONTROLS,CLEAR,DAYLIGHT,SIDESWIPE SAME DIRECTION,DIVIDED - W/MEDIAN (NOT RAISED),STRAIGHT AND LEVEL,DRY,NO DEFECTS,NO INJURY / DRIVE AWAY,"$501 - $1,500",IMPROPER OVERTAKING/PASSING,UNABLE TO DETERMINE,644,N,LAKE SHORE DR,2,NO INDICATION OF INJURY,0.0,0.0,0.0,0.0,0.0,2.0,0.0,8,4,9
31baf59e31de14ecb94f4140eab820b42201ea1e3ff3455f1b1015b3e2ea1c29a647d216f9144203c484ff744383ac7d5e817e377fa05ceb1dc1093f000d3b25,2018-01-11 14:17:00,30,NO CONTROLS,NO CONTROLS,CLEAR,DAYLIGHT,REAR END,NOT DIVIDED,STRAIGHT AND LEVEL,WET,NO DEFECTS,INJURY AND / OR TOW DUE TO CRASH,"OVER $1,500",DRIVING SKILLS/KNOWLEDGE/EXPERIENCE,NOT APPLICABLE,2610,W,DIVISION ST,2,NONINCAPACITATING INJURY,1.0,0.0,0.0,1.0,0.0,1.0,0.0,14,5,1
8a0d0a63b0dd9fafb80bfd175723c937531a57dd64c2d37a655752f52c6bd66d205f17663f1b2bc0d1da1fbba8b61ffe6ab09e76f0bd0c63f6da92ddc928c87f,2016-11-01 19:00:00,30,NO CONTROLS,NO CONTROLS,CLEAR,"DARKNESS, LIGHTED ROAD",SIDESWIPE SAME DIRECTION,NOT DIVIDED,STRAIGHT AND LEVEL,DRY,NO DEFECTS,NO INJURY / DRIVE AWAY,$500 OR LESS,IMPROPER LANE USAGE,NOT APPLICABLE,434,W,63RD ST,2,NO INDICATION OF INJURY,0.0,0.0,0.0,0.0,0.0,3.0,0.0,19,3,11