CRASH_RECORD_ID,CRASH_DATE,POSTED_SPEED_LIMIT,TRAFFIC_CONTROL_DEVICE,DEVICE_CONDITION,WEATHER_CONDITION,LIGHTING_CONDITION,FIRST_CRASH_TYPE,TRAFFICWAY_TYPE,ALIGNMENT,ROADWAY_SURFACE_COND,ROAD_DEFECT,CRASH_TYPE,DAMAGE,PRIM_CONTRIBUTORY_CAUSE,SEC_CONTRIBUTORY_CAUSE,STREET_NO,STREET_DIRECTION,STREET_NAME,NUM_UNITS,MOST_SEVERE_INJURY,INJURIES_TOTAL,INJURIES_FATAL,INJURIES_INCAPACITATING,INJURIES_NON_INCAPACITATING,INJURIES_REPORTED_NOT_EVIDENT,INJURIES_NO_INDICATION,INJURIES_UNKNOWN,CRASH_HOUR,CRASH_DAY_OF_WEEK,CRASH_MONTH
f0f56f7e671cd88fc52590523ac592d49de7d27553648cfa7b92a4bdd8dc2f8ba0b5be65ebd5f875258d1dcb8f0846404006b3cdcace21438055fae086fd2678,2021-05-18 13:30:00,30,TRAFFIC SIGNAL,FUNCTIONING PROPERLY,CLEAR,DAYLIGHT,SIDESWIPE SAME DIRECTION,NOT DIVIDED,STRAIGHT AND LEVEL,DRY,NO DEFECTS,NO INJURY / DRIVE AWAY,$500 OR LESS,NOT APPLICABLE,NOT APPLICABLE,2400,W,47TH ST,2,NO INDICATION OF INJURY,0.0,0.0,0.0,0.0,0.0,2.0,0.0,13,3,5
6e8cf93782124eac48cc7a813542de4f33846b81861b8cc031d1759aadbd612954757399fece03403e3764dd5024d72fd7c1608f7c3b827ad7ec8b71520431a6,2022-12-03 06:00:00,40,NO CONTROLS,NO CONTROLS,CLEAR,"DARKNESS, LIGHTED ROAD",REAR END,CENTER TURN LANE,STRAIGHT AND LEVEL,DRY,NO DEFECTS,INJURY AND / OR TOW DUE TO CRASH,"OVER $1,500",UNABLE TO DETERMINE,UNABLE TO DETERMINE,1721,N,LAKE SHORE DR NB,2,NO INDICATION OF INJURY,0.0,0.0,0.0,0.0,0.0,2.0,0.0,6,7,12
b5f1e24d25794e4516900d62d4290c6018badf36631430e2602d246e0452812bfbe6caf823797f556192cb68d8be9278aa0ca3aa2a7969cb44e17c948a40bdd2,2019-05-28 05:20:00,15,NO CONTROLS,NO CONTROLS,CLEAR,DAYLIGHT,REAR END,OTHER,STRAIGHT AND LEVEL,DRY,NO DEFECTS,NO INJURY / DRIVE AWAY,"OVER $1,500",NOT APPLICABLE,NOT APPLICABLE,6264,S,WENTWORTH AVE,2,NO INDICATION OF INJURY,0.0,0.0,0.0,0.0,0.0,2.0,0.0,5,3,5
fd1f7431cfea4fc07895fce24740fe0f9f91b01caa809188152794c943414f5f7dd422c0ecf76fcc2e2386d2a320551324cea2dd2afea4fce6f41e08eb87470f,2021-07-18 20:00:00,30,NO CONTROLS,NO CONTROLS,CLEAR,DUSK,PARKED MOTOR VEHICLE,ONE-WAY,STRAIGHT ON GRADE,DRY,UNKNOWN,NO INJURY / DRIVE AWAY,"$501 - $1,500",UNABLE TO DETERMINE,NOT APPLICABLE,11515,S,CARPENTER ST,2,NO INDICATION OF INJURY,0.0,0.0,0.0,0.0,0.0,1.0,0.0,20,1,7
697a960eb307edb30f88cf6d125d8dd82db9d87bbca833dac19e5147bf57d8047bcab0a9cca2c1c8489a77b35245a8dde9f5dda505a8626ef4e90fb9a189e72a,2020-07-06 11:30:00,30,TRAFFIC SIGNAL,FUNCTIONING PROPERLY,CLEAR,DAYLIGHT,TURNING,ONE-WAY,STRAIGHT AND LEVEL,DRY,NO DEFECTS,NO INJURY / DRIVE AWAY,"OVER $1,500",IMPROPER TURNING/NO SIGNAL,FAILING TO YIELD RIGHT-OF-WAY,199,W,GARFIELD BLVD,2,NO INDICATION OF INJURY,0.0,0.0,0.0,0.0,0.0,2.0,0.0,11,2,7
a849bdfef413394d8e963d457ce246d75400e3486947ade28c0b8a47c6722b0416645a73a35a22bb1a4902256d71157af063e5decd007b038b5f97fd49f6c52a,2023-08-07 15:00:00,20,NO CONTROLS,NO CONTROLS,CLEAR,DAYLIGHT,PARKED MOTOR VEHICLE,NOT DIVIDED,STRAIGHT AND LEVEL,DRY,NO DEFECTS,NO INJURY / DRIVE AWAY,"OVER $1,500",UNABLE TO DETERMINE,UNABLE TO DETERMINE,3116,W,POPE JOHN PAUL II DR,2,NO INDICATION OF INJURY,0.0,0.0,0.0,0.0,0.0,1.0,0.0,15,2,8
fd00a1d1ba3eb69d13f46be3ff4a69db3a84d9b2349ea6caddfbdff0023dc4e9535f9ef8b943bb565c3c1d8bd4f0c6f3a4a47a302900996d71146fa3f39f9951,2015-09-08 22:44:00,30,TRAFFIC SIGNAL,FUNCTIONING PROPERLY,CLEAR,"DARKNESS, LIGHTED ROAD",REAR END,NOT DIVIDED,STRAIGHT AND LEVEL,DRY,NO DEFECTS,NO INJURY / DRIVE AWAY,$500 OR LESS,FOLLOWING TOO CLOSELY,NOT APPLICABLE,1600,N,WELLS ST,2,NO INDICATION OF INJURY,0.0,0.0,0.0,0.0,0.0,2.0,0.0,22,3,9
f723b54aa4e908938d83857acf975cad828f14300dc1b9c286452c2cb143adc5bd8cdf4771839cce22969c7feb70e27995b4382c82a779ffa87372ee3f2f30e5,2019-07-31 08:25:00,30,TRAFFIC SIGNAL,FUNCTIONING PROPERLY,CLEAR,DAYLIGHT,REAR END,NOT DIVIDED,STRAIGHT AND LEVEL,DRY,NO DEFECTS,NO INJURY / DRIVE AWAY,"OVER $1,500",FOLLOWING TOO CLOSELY,NOT APPLICABLE,6658,S,PULASKI RD,2,NO INDICATION OF INJURY,0.0,0.0,0.0,0.0,0.0,2.0,0.0,8,4,7
c7368f760928aac3addc320d39224ae50d0bb08c2722ac7a3f2f54180bf1fb273e066ff417c5cfcec97851fc687cd6e1ccaaa2c511377fe62f31a17df4e7bf12,2020-11-07 23:18:00,30,STOP SIGN/FLASHER,FUNCTIONING PROPERLY,CLEAR,"DARKNESS, LIGHTED ROAD",ANGLE,DIVIDED - W/MEDIAN (NOT RAISED),STRAIGHT AND LEVEL,DRY,NO DEFECTS,NO INJURY / DRIVE AWAY,$500 OR LESS,DISREGARDING STOP SIGN,FAILING TO YIELD RIGHT-OF-WAY,199,S,KOSTNER AVE,2,NO INDICATION OF INJURY,0.0,0.0,0.0,0.0,0.0,3.0,0.0,23,7,11
0a27f38505434fe94679745b4293e5afce9b69f4fcd8676f8859526b96e94a941acee23bd902a188760b736a2cfe78c090fe74da7d54b441e053b0b7c8c6db7d,2019-11-26 17:40:00,30,TRAFFIC SIGNAL,FUNCTIONING PROPERLY,RAIN,DARKNESS,ANGLE,NOT DIVIDED,STRAIGHT AND LEVEL,WET,NO DEFECTS,NO INJURY / DRIVE AWAY,"OVER $1,500",UNABLE TO DETERMINE,NOT APPLICABLE,5900,S,WESTERN AVE,2,NO INDICATION OF INJURY,0.0,0.0,0.0,0.0,0.0,3.0,0.0,17,3,11
bc2f3a0f27eed38472582a511f4c7c31b0de1dba13452bd85d09f8ab8811898451e7ed442928b6841d1975472e57d115a2bd94baf1a4b313c43e4e68a5383a2f,2018-12-28 13:30:00,30,NO CONTROLS,NO CONTROLS,CLEAR,DAYLIGHT,PARKED MOTOR VEHICLE,PARKING LOT,STRAIGHT AND LEVEL,DRY,UNKNOWN,NO INJURY / DRIVE AWAY,"$501 - $1,500",UNABLE TO DETERMINE,NOT APPLICABLE,2200,S,PULASKI RD,2,NO INDICATION OF INJURY,0.0,0.0,0.0,0.0,0.0,1.0,0.0,13,6,12
264333d55a8dea9434edeafa787007eca0ca1261367158c5bfc9ccb1b9666c20ca6ad2c4b4459d7a9e112c9aa7ea4ca832e6fc03b365df0ab447f22cebae3e1e,2018-08-03 17:30:00,30,NO CONTROLS,FUNCTIONING PROPERLY,CLEAR,DAYLIGHT,TURNING,NOT DIVIDED,STRAIGHT AND LEVEL,DRY,NO DEFECTS,NO INJURY / DRIVE AWAY,"$501 - $1,500",UNABLE TO DETERMINE,UNABLE TO DETERMINE,7100,S,DR MARTIN LUTHER KING JR DR,2,NO INDICATION OF INJURY,0.0,0.0,0.0,0.0,0.0,2.0,0.0,17,6,8
8e8ee10a00537af029bc9063f7e217dc964f53917f90faf9e362cbbd394b200a9fd5cc27ce168d880be1191c08422340d3b6e955549aa6ab6f80ab1ca9e38419,2021-03-05 14:30:00,30,NO CONTROLS,NO CONTROLS,CLEAR,DAYLIGHT,TURNING,NOT DIVIDED,STRAIGHT AND LEVEL,DRY,NO DEFECTS,NO INJURY / DRIVE AWAY,"$501 - $1,500",FAILING TO YIELD RIGHT-OF-WAY,FAILING TO REDUCE SPEED TO AVOID CRASH,4839,W,DIVERSEY AVE,2,NO INDICATION OF INJURY,0.0,0.0,0.0,0.0,0.0,4.0,0.0,14,6,3
c08319d0dd6fc4d6728e7161a9b21498e1e1a2a8995ef796fedaed65a6d0de985878fb0d78ed3e17d36754d5d5cfe39479afe0000911973a8171481d29a1648e,2023-06-29 18:33:00,30,STOP SIGN/FLASHER,UNKNOWN,CLOUDY/OVERCAST,DAYLIGHT,SIDESWIPE SAME DIRECTION,NOT DIVIDED,STRAIGHT AND LEVEL,DRY,UNKNOWN,NO INJURY / DRIVE AWAY,$500 OR LESS,IMPROPER OVERTAKING/PASSING,NOT APPLICABLE,36,W,DIVISION ST,2,NO INDICATION OF INJURY,0.0,0.0,0.0,0.0,0.0,3.0,0.0,18,5,6
88cd2f18b3a69f3c6c110020a165b655fd4d41cd9b3f4d177fc4a7212f85599dc64508a28bbce2a46a14377ca7d296a91f272c244b469ba899f6d03d18a39b68,2022-04-06 14:50:00,30,NO CONTROLS,NO CONTROLS,CLEAR,DAYLIGHT,REAR END,NOT DIVIDED,STRAIGHT AND LEVEL,DRY,NO DEFECTS,NO INJURY / DRIVE AWAY,"$501 - $1,500",UNABLE TO DETERMINE,UNABLE TO DETERMINE,1223,W,DIVISION ST,2,NO INDICATION OF INJURY,0.0,0.0,0.0,0.0,0.0,2.0,0.0,14,4,4
3c02389486c6ed1ca0fc84fa3d7d2b10a552d4f296c42e2cdd11ffabd1313555a107fc770322b2241b21745069154e4455de1309c7d6d18cadeaff466b082430,2022-08-27 22:50:00,30,TRAFFIC SIGNAL,FUNCTIONING PROPERLY,CLEAR,"DARKNESS, LIGHTED ROAD",SIDESWIPE SAME DIRECTION,FOUR WAY,STRAIGHT AND LEVEL,DRY,UNKNOWN,NO INJURY / DRIVE AWAY,"$501 - $1,500",UNABLE TO DETERMINE,UNABLE TO DETERMINE,580,E,ILLINOIS ST,2,NO INDICATION OF INJURY,0.0,0.0,0.0,0.0,0.0,2.0,0.0,22,7,8
6285e4a382e45f126ad3e338d23c5a7499a4a250292a55b036e1a6140127559e19af08a82540ee921e8b66622f0d4e395b082192987f280513246c0dfce8b1dc,2022-11-09 17:45:00,30,TRAFFIC SIGNAL,FUNCTIONING PROPERLY,CLEAR,DARKNESS,REAR END,DIVIDED - W/MEDIAN (NOT RAISED),STRAIGHT AND LEVEL,DRY,NO DEFECTS,NO INJURY / DRIVE AWAY,$500 OR LESS,FOLLOWING TOO CLOSELY,NOT APPLICABLE,5984,N,LINCOLN AVE,2,NO INDICATION OF INJURY,0.0,0.0,0.0,0.0,0.0,2.0,0.0,17,4,11
96f41378a6a1e8d6365f843b0fedf35a52cddb1e7906ed75d22be376271c589aca166b08c542821a977ca48aba89f8d9db7a586f4990a63a1e8e70e1e58f4a08,2017-01-09 18:25:00,30,TRAFFIC SIGNAL,FUNCTIONING PROPERLY,SNOW,"DARKNESS, LIGHTED ROAD",REAR END,NOT DIVIDED,STRAIGHT AND LEVEL,SNOW OR SLUSH,NO DEFECTS,INJURY AND / OR TOW DUE TO CRASH,$500 OR LESS,UNABLE TO DETERMINE,UNABLE TO DETERMINE,7900,S,JEFFERY BLVD,3,"REPORTED, NOT EVIDENT",1.0,0.0,0.0,0.0,1.0,2.0,0.0,18,2,1
de87bca817bb5ee129806cb075a7466ccd4df462e8a94101ce8ad1d9ff013006a6a073d556799b27fe1fe10127a8d4449d18403eb885ff5da2360bfd34a01e5e,2017-09-22 14:30:00,25,NO CONTROLS,NO CONTROLS,CLEAR,DAYLIGHT,PARKED MOTOR VEHICLE,PARKING LOT,STRAIGHT AND LEVEL,DRY,NO DEFECTS,NO INJURY / DRIVE AWAY,"$501 - $1,500",UNABLE TO DETERMINE,UNABLE TO DETERMINE,3930,W,63RD ST,2,NO INDICATION OF INJURY,0.0,0.0,0.0,0.0,0.0,1.0,0.0,14,6,9
98ed8161183899648e722e58b24c8c95f9b07842bfbebfe9060690667d4db8cf56d8cf461a0875642b97bad6820126df21014b217948e33b00e3d31e5e16772b,2019-08-23 12:15:00,30,TRAFFIC SIGNAL,FUNCTIONING PROPERLY,CLEAR,DAYLIGHT,REAR END,DIVIDED - W/MEDIAN (NOT RAISED),STRAIGHT AND LEVEL,DRY,NO DEFECTS,INJURY AND / OR TOW DUE TO CRASH,"$501 - $1,500",FOLLOWING TOO CLOSELY,NOT APPLICABLE,1615,W,95TH ST,2,NONINCAPACITATING INJURY,1.0,0.0,0.0,1.0,0.0,2.0,0.0,12,6,8
d96e50a45cffcb1ce481f1bfa6e311fd6d70290657f28c9288ee85388a6be0a61fef120b74c80c1abbc34159953ce5adf1c0d0128f1e48595667275c08f4108e,2019-10-26 17:18:00,30,NO CONTROLS,NO CONTROLS,RAIN,"DARKNESS, LIGHTED ROAD",HEAD ON,NOT DIVIDED,STRAIGHT AND LEVEL,WET,NO DEFECTS,INJURY AND / OR TOW DUE TO CRASH,"OVER $1,500",WEATHER,NOT APPLICABLE,1915,S,PULASKI RD,2,NO INDICATION OF INJURY,0.0,0.0,0.0,0.0,0.0,2.0,0.0,17,7,10
c5fdb47a59f3818d23fdadc21f5735d36590aab1efcd7580c7c960b5663152566a49cd3ff95727522faf7a78305c91138a0ce41fc72810b4a3327e84dcf88436,2022-12-12 11:30:00,30,NO CONTROLS,NO CONTROLS,CLOUDY/OVERCAST,DAYLIGHT,PARKED MOTOR VEHICLE,ONE-WAY,STRAIGHT AND LEVEL,DRY,UNKNOWN,NO INJURY / DRIVE AWAY,"OVER $1,500",NOT APPLICABLE,UNABLE TO DETERMINE,5257,W,LEXINGTON ST,2,NO INDICATION OF INJURY,0.0,0.0,0.0,0.0,0.0,1.0,0.0,11,2,12
71c27cf8da98946791563fb92228d8ec60678e8875effe4bc0254949589f22599b047c724d9f1ca7a7804583be5d74c7f90f4958b88e39dbbec4d00a9b8c61d9,2023-02-06 04:16:00,40,NO CONTROLS,UNKNOWN,SLEET/HAIL,"DARKNESS, LIGHTED ROAD",FIXED OBJECT,DIVIDED - W/MEDIAN BARRIER,STRAIGHT AND LEVEL,WET,UNKNOWN,INJURY AND / OR TOW DUE TO CRASH,"OVER $1,500",WEATHER,WEATHER,1032,N,LAKE SHORE DR,1,NO INDICATION OF INJURY,0.0,0.0,0.0,0.0,0.0,1.0,0.0,4,2,2
88d2c668f2bc54ca38227c1b0f988aa614930382fde06b421dab6ae822dad986da58ad7449ea7eff746f10f3bbfa9d6c2a9d3fb4cbf95fe692a321d37065dba3,2022-08-22 08:30:00,30,SCHOOL ZONE,UNKNOWN,CLEAR,DAYLIGHT,PARKED MOTOR VEHICLE,NOT DIVIDED,STRAIGHT AND LEVEL,UNKNOWN,UNKNOWN,NO INJURY / DRIVE AWAY,"$501 - $1,500",UNABLE TO DETERMINE,NOT APPLICABLE,5534,S,ST LOUIS AVE,2,NO INDICATION OF INJURY,0.0,0.0,0.0,0.0,0.0,1.0,0.0,8,2,8
5bd7efb828fb2c16c4caa04d5e47ab175b3b3eb75dc3a46f24a8bcbac5237202a5dd7a0e65de4563765a370e2f361f9baec0e271e93fdd26fe3d827f45380359,2017-08-12 12:15:00,10,NO CONTROLS,OTHER,CLEAR,DAYLIGHT,REAR END,OTHER,STRAIGHT AND LEVEL,WET,OTHER,NO INJURY / DRIVE AWAY,$500 OR LESS,NOT APPLICABLE,NOT APPLICABLE,6000,S,WESTERN AVE,2,NO INDICATION OF INJURY,0.0,0.0,0.0,0.0,0.0,2.0,0.0,12,7,8
cf5ea140ea1dd9bf183bae413f8a48bae10f67282d5c59273ea23a8582b95bc917153b4866e687b2260654c76bedf401151a95fdb9134239d17ccd7a425f5ac3,2021-03-02 14:33:00,30,NO CONTROLS,NO CONTROLS,CLEAR,DAYLIGHT,TURNING,NOT DIVIDED,STRAIGHT AND LEVEL,DRY,NO DEFECTS,NO INJURY / DRIVE AWAY,"OVER $1,500",FAILING TO YIELD RIGHT-OF-WAY,NOT APPLICABLE,1530,W,35TH ST,2,NO INDICATION OF INJURY,0.0,0.0,0.0,0.0,0.0,2.0,0.0,14,3,3
f01100fecd65eb32d7ba5b7e320e066f6e81b97774eb0eb34ffe770d02e6ee45fcc8d72228900b21f4afcdb48c6482eabbb93cfb69cb5e96265d1450e4c8323c,2018-06-08 11:00:00,35,NO CONTROLS,NO CONTROLS,CLEAR,DARKNESS,PARKED MOTOR VEHICLE,ONE-WAY,STRAIGHT AND LEVEL,DRY,NO DEFECTS,INJURY AND / OR TOW DUE TO CRASH,"OVER $1,500",FAILING TO REDUCE SPEED TO AVOID CRASH,NOT APPLICABLE,6310,S,CLAREMONT AVE,2,"REPORTED, NOT EVIDENT",2.0,0.0,0.0,0.0,2.0,0.0,0.0,11,6,6
633bd9d1c2c0380c63101850d132bee6c8870afdcd8c6cc9f09e283f7e5d7b9aa0d1f3b65262a008c5915adfb7a972991351c7467d757496532e74639102b8bf,2020-07-02 13:50:00,30,NO CONTROLS,NO CONTROLS,CLEAR,DAYLIGHT,SIDESWIPE OPPOSITE DIRECTION,DIVIDED - W/MEDIAN (NOT RAISED),STRAIGHT AND LEVEL,DRY,NO DEFECTS,INJURY AND / OR TOW DUE TO CRASH,"OVER $1,500","OPERATING VEHICLE IN ERRATIC, RECKLESS, CARELESS, NEGLIGENT OR AGGRESSIVE MANNER",UNABLE TO DETERMINE,4700,W,MARQUETTE RD,2,NO INDICATION OF INJURY,0.0,0.0,0.0,0.0,0.0,3.0,0.0,13,5,7
1f4624b9f6a272638fe86327d343bd92887f48a620b5a9d0ef9b532728f32013b8bd6c950b5bb69d40fa206c88d4d02cfca05325dd696ded4ac1bd324f82133b,2018-05-31 17:35:00,0,STOP SIGN/FLASHER,FUNCTIONING PROPERLY,CLEAR,DAYLIGHT,TURNING,UNKNOWN,STRAIGHT AND LEVEL,UNKNOWN,UNKNOWN,NO INJURY / DRIVE AWAY,"OVER $1,500",UNABLE TO DETERMINE,NOT APPLICABLE,1901,S,RACINE AVE,2,NO INDICATION OF INJURY,0.0,0.0,0.0,0.0,0.0,3.0,0.0,17,5,5
6d76e23658b99e07092a6b5f1110987bb28c5778057ec959707f8be01b696c9c9bc45789a785cf0933f4d0d548ede878d6f6f26f298c92f9002ddb959a2a6600,2021-01-26 16:20:00,30,NO CONTROLS,NO CONTROLS,SNOW,DUSK,REAR END,NOT DIVIDED,STRAIGHT AND LEVEL,SNOW OR SLUSH,NO DEFECTS,NO INJURY / DRIVE AWAY,"$501 - $1,500",NOT APPLICABLE,NOT APPLICABLE,2793,S,ARCHER AVE,2,NO INDICATION OF INJURY,0.0,0.0,0.0,0.0,0.0,3.0,0.0,16,3,1
427d03b1ccdb974a852a71ad0b4c3919daf9c1baa417305e4d9631330ebee4cdbc275248475862485a75ff2e2e51e998511bf6c055692c97d61144b00c5d51df,2016-10-15 05:00:00,30,NO CONTROLS,NO CONTROLS,CLEAR,"DARKNESS, LIGHTED ROAD",PARKED MOTOR VEHICLE,ONE-WAY,STRAIGHT AND LEVEL,DRY,NO DEFECTS,NO INJURY / DRIVE AWAY,"$501 - $1,500",UNABLE TO DETERMINE,NOT APPLICABLE,3340,N,PANAMA AVE,2,NO INDICATION OF INJURY,0.0,0.0,0.0,0.0,0.0,1.0,0.0,5,7,10
1eee584955dbab578b6c4bf86db403f7eda60a861643a7de3dfd23fa44246a50479787863ae61f1365e0ba234042db650c0a916c9632fb844b4b990fa8a51af1,2023-12-29 11:15:00,30,TRAFFIC SIGNAL,FUNCTIONING PROPERLY,FREEZING RAIN/DRIZZLE,DAYLIGHT,TURNING,ONE-WAY,STRAIGHT AND LEVEL,WET,UNKNOWN,NO INJURY / DRIVE AWAY,"OVER $1,500",IMPROPER TURNING/NO SIGNAL,NOT APPLICABLE,65,E,GRAND AVE,2,NO INDICATION OF INJURY,0.0,0.0,0.0,0.0,0.0,2.0,0.0,11,6,12
bfa5a56be722d2fddabb6d9dc70f3eedcd6f0871f74ef6367dca130c14a5737edc07e6c6d513dbf11b7e93c2749e128030d9c6533dbd450647dcb2a1b2734b8d,2020-10-27 13:15:00,30,TRAFFIC SIGNAL,FUNCTIONING PROPERLY,RAIN,DAYLIGHT,TURNING,FOUR WAY,STRAIGHT AND LEVEL,WET,NO DEFECTS,NO INJURY / DRIVE AWAY,"$501 - $1,500",FAILING TO YIELD RIGHT-OF-WAY,DRIVING SKILLS/KNOWLEDGE/EXPERIENCE,8700,S,STONY ISLAND AVE,2,NO INDICATION OF INJURY,0.0,0.0,0.0,0.0,0.0,2.0,0.0,13,3,10
f0607dfbcc49e0856de3d407ffefee09cbc37b18f35bd5ed995b85a14647874c46b4e17c88e79e2549b2fb18fd8323bd8745b01416f21b30731707854c725280,2018-06-13 17:10:00,30,STOP SIGN/FLASHER,FUNCTIONING PROPERLY,CLEAR,DAYLIGHT,ANGLE,NOT DIVIDED,STRAIGHT AND LEVEL,DRY,NO DEFECTS,INJURY AND / OR TOW DUE TO CRASH,"OVER $1,500",UNABLE TO DETERMINE,UNABLE TO DETERMINE,900,W,JACKSON BLVD,2,NO INDICATION OF INJURY,0.0,0.0,0.0,0.0,0.0,2.0,0.0,17,4,6
5d5d782d5311322a5309c55be7b1cccb0ba92fe570be72561bdcb8196de5fa4509abf0a4232fd9f2a98723a8e8c60c0687dfefaa128e3a16bca0385b508cb80d,2018-10-10 16:00:00,30,TRAFFIC SIGNAL,FUNCTIONING PROPERLY,CLEAR,DAYLIGHT,SIDESWIPE SAME DIRECTION,DIVIDED - W/MEDIAN (NOT RAISED),STRAIGHT AND LEVEL,WET,NO DEFECTS,NO INJURY / DRIVE AWAY,"OVER $1,500",FAILING TO REDUCE SPEED TO AVOID CRASH,UNABLE TO DETERMINE,3157,W,MONTROSE AVE,2,NO INDICATION OF INJURY,0.0,0.0,0.0,0.0,0.0,2.0,0.0,16,4,10
be6726855397d465257d6546352885111d861e549750035820e7d69f05de20e51971a3d42fd9fff49dc5d5d43ca55a069238722262af0807384efeb160ee5468,2018-03-19 18:50:00,30,NO CONTROLS,NO CONTROLS,CLEAR,DUSK,TURNING,DIVIDED - W/MEDIAN (NOT RAISED),STRAIGHT AND LEVEL,DRY,NO DEFECTS,NO INJURY / DRIVE AWAY,"$501 - $1,500",IMPROPER OVERTAKING/PASSING,NOT APPLICABLE,5253,S,PULASKI RD,2,NO INDICATION OF INJURY,0.0,0.0,0.0,0.0,0.0,2.0,0.0,18,2,3
be22788c9647c656de168eb81ce595c56ffcb94ecfa93d36afc92ca23f47328f3b2679ece0b6de1f1fec2f9cf2113ae2ac0f1f71e1a3f13a9cdb9a0e41a29679,2016-01-12 08:10:00,30,NO CONTROLS,NO CONTROLS,CLEAR,DAYLIGHT,REAR END,NOT DIVIDED,STRAIGHT AND LEVEL,WET,NO DEFECTS,NO INJURY / DRIVE AWAY,"$501 - $1,500",UNABLE TO DETERMINE,UNABLE TO DETERMINE,4800,S,LAKE PARK AVE,2,NO INDICATION OF INJURY,0.0,0.0,0.0,0.0,0.0,4.0,0.0,8,3,1
078977dca15cf6a754b5d5fcbe74b2e864660c1cb4910477f24c0a618024251087cc7cfb7014b66eb0881a3e63cc71b0657afb77de3a4668cca67ac7465d7a0c,2023-05-23 15:50:00,30,NO CONTROLS,NO CONTROLS,CLEAR,DAYLIGHT,SIDESWIPE SAME DIRECTION,NOT DIVIDED,STRAIGHT AND LEVEL,DRY,NO DEFECTS,NO INJURY / DRIVE AWAY,"OVER $1,500",DRIVING SKILLS/KNOWLEDGE/EXPERIENCE,UNABLE TO DETERMINE,113,N,GREEN ST,2,NO INDICATION OF INJURY,0.0,0.0,0.0,0.0,0.0,2.0,0.0,15,3,5
ed63097300f4a1a4551aa66965e2d82d1c3cc7c77ef2ddd2059b8350ca0d63e019984b5ae8b865f57d20c2a6f465a4f92c15863eb5a9faa80cdc9718e3f2f595,2016-03-25 10:45:00,30,UNKNOWN,UNKNOWN,UNKNOWN,UNKNOWN,PARKED MOTOR VEHICLE,NOT DIVIDED,STRAIGHT AND LEVEL,UNKNOWN,UNKNOWN,NO INJURY / DRIVE AWAY,"OVER $1,500",UNABLE TO DETERMINE,NOT APPLICABLE,4639,N,LAMON AVE,2,NO INDICATION OF INJURY,0.0,0.0,0.0,0.0,0.0,1.0,0.0,10,6,3
822f753327916cdba5e999720920d8374eb02807336b1d977ef9b8243efc86d47a3345db493b40cf4a3c92366bf139adb0ce8397ba64b2c665184ddabdc27794,2020-10-30 13:05:00,30,NO CONTROLS,NO CONTROLS,CLEAR,DAYLIGHT,SIDESWIPE SAME DIRECTION,NOT DIVIDED,STRAIGHT AND LEVEL,DRY,NO DEFECTS,NO INJURY / DRIVE AWAY,"OVER $1,500",UNABLE TO DETERMINE,NOT APPLICABLE,3705,W,FULLERTON AVE,2,NO INDICATION OF INJURY,0.0,0.0,0.0,0.0,0.0,2.0,0.0,13,6,10
1520cfa925c52c2b04e61c3ff3b5ce884678d1dbd21e9a95bbc0adf02448080d84cd792993fd08e6a91e1781fd011ee12e1c9367e504cd64376607fb1d6dfd59,2020-09-15 21:53:00,30,TRAFFIC SIGNAL,FUNCTIONING PROPERLY,CLEAR,DUSK,PEDESTRIAN,NOT DIVIDED,STRAIGHT AND LEVEL,DRY,NO DEFECTS,INJURY AND / OR TOW DUE TO CRASH,"OVER $1,500",UNABLE TO DETERMINE,UNDER THE INFLUENCE OF ALCOHOL/DRUGS (USE WHEN ARREST IS EFFECTED),2107,N,CENTRAL AVE,2,NONINCAPACITATING INJURY,1.0,0.0,0.0,1.0,0.0,1.0,0.0,21,3,9
b237d9613869841ee186cd08f22318fc8739d203ee07e5c6b98a539b80c535909ebbd827206365b2e46d4aca0fcc02098d532dd2fdf22fad4756c7d74b585896,2021-11-22 14:40:00,30,TRAFFIC SIGNAL,FUNCTIONING PROPERLY,CLEAR,DAYLIGHT,REAR END,NOT DIVIDED,STRAIGHT AND LEVEL,DRY,NO DEFECTS,NO INJURY / DRIVE AWAY,"OVER $1,500",FOLLOWING TOO CLOSELY,EQUIPMENT - VEHICLE CONDITION,6400,N,AVONDALE AVE,2,NO INDICATION OF INJURY,0.0,0.0,0.0,0.0,0.0,2.0,0.0,14,2,11
ea133f4f296645cca585511bcf3d2fd8a4ad7d75c8cd447a3522ebdf8e2c9ecbdec8215d77e202689b16a6c5d608052b6f34878dd3208e5f561ceda2d63854e6,2019-06-09 10:33:00,20,NO CONTROLS,NO CONTROLS,RAIN,DAYLIGHT,PARKED MOTOR VEHICLE,ONE-WAY,STRAIGHT AND LEVEL,WET,NO DEFECTS,NO INJURY / DRIVE AWAY,$500 OR LESS,UNABLE TO DETERMINE,NOT APPLICABLE,8441,S,ST LAWRENCE AVE,2,NO INDICATION OF INJURY,0.0,0.0,0.0,0.0,0.0,3.0,0.0,10,1,6
c74875cc60c4c9ca0872a11d8db13c7582d39c6ba111a82cae2059b96901e116245db991049e433da57afa63c2b969e8e2cd4d59328b407898871407011ceaa4,2018-09-07 18:30:00,30,STOP SIGN/FLASHER,FUNCTIONING PROPERLY,CLEAR,DAYLIGHT,ANGLE,DIVIDED - W/MEDIAN (NOT RAISED),STRAIGHT AND LEVEL,DRY,NO DEFECTS,NO INJURY / DRIVE AWAY,"OVER $1,500",DISREGARDING STOP SIGN,FAILING TO REDUCE SPEED TO AVOID CRASH,3432,W,26TH ST,2,NO INDICATION OF INJURY,0.0,0.0,0.0,0.0,0.0,2.0,0.0,18,6,9