CRASH_RECORD_ID,CRASH_DATE,POSTED_SPEED_LIMIT,TRAFFIC_CONTROL_DEVICE,DEVICE_CONDITION,WEATHER_CONDITION,LIGHTING_CONDITION,FIRST_CRASH_TYPE,TRAFFICWAY_TYPE,ALIGNMENT,ROADWAY_SURFACE_COND,ROAD_DEFECT,CRASH_TYPE,DAMAGE,PRIM_CONTRIBUTORY_CAUSE,SEC_CONTRIBUTORY_CAUSE,STREET_NO,STREET_DIRECTION,STREET_NAME,NUM_UNITS,MOST_SEVERE_INJURY,INJURIES_TOTAL,INJURIES_FATAL,INJURIES_INCAPACITATING,INJURIES_NON_INCAPACITATING,INJURIES_REPORTED_NOT_EVIDENT,INJURIES_NO_INDICATION,INJURIES_UNKNOWN,CRASH_HOUR,CRASH_DAY_OF_WEEK,CRASH_MONTH
2d17408b4ab588eadb1f1379cc65c8397b0d1e762a73d3c71a5c4802473d1fb18d29ea89b3871bcfc7b090e3db526dea12ad51c452868fd33f7f29c98968ebe7,2022-04-19 22:00:00,15,NO CONTROLS,NO CONTROLS,CLEAR,"DARKNESS, LIGHTED ROAD",PARKED MOTOR VEHICLE,PARKING LOT,CURVE ON GRADE,DRY,NO DEFECTS,NO INJURY / DRIVE AWAY,"OVER $1,500",UNABLE TO DETERMINE,NOT APPLICABLE,505,N,STATE ST,2,NO INDICATION OF INJURY,0.0,0.0,0.0,0.0,0.0,1.0,0.0,22,3,4
9ef6493a70e8194a137eb4e15137cd9fb5f2e941f0cd4043b85bbb58fdfa63e9f9e36b1d3d42252b4578714cb0c6c5007389b9f349a6282c906d95959b615781,2021-08-09 09:00:00,30,NO CONTROLS,NO CONTROLS,CLOUDY/OVERCAST,DAYLIGHT,SIDESWIPE SAME DIRECTION,NOT DIVIDED,STRAIGHT AND LEVEL,DRY,NO DEFECTS,NO INJURY / DRIVE AWAY,"OVER $1,500",DRIVING SKILLS/KNOWLEDGE/EXPERIENCE,"VISION OBSCURED (SIGNS, TREE LIMBS, BUILDINGS, ETC.)",1949,E,75TH ST,2,NO INDICATION OF INJURY,0.0,0.0,0.0,0.0,0.0,4.0,0.0,9,2,8
2a2ce3b0ddb5a0a1828d3905d75b86d1709de777ebc63c0fcee671d3f8c5d847a7783ac066c3479d9d500284d08943b1bd1783562494ae79e1f89b675dc0f2e0,2019-10-11 16:00:00,30,NO CONTROLS,NO CONTROLS,RAIN,DAYLIGHT,FIXED OBJECT,NOT DIVIDED,STRAIGHT AND LEVEL,WET,NO DEFECTS,NO INJURY / DRIVE AWAY,"$501 - $1,500",UNABLE TO DETERMINE,NOT APPLICABLE,2217,S,WENTWORTH AVE,1,NO INDICATION OF INJURY,0.0,0.0,0.0,0.0,0.0,1.0,0.0,16,6,10
bfd8cf6d77cde82925df315e68b603b51bfe6fd2a416761b0f8a7c3132aacf0bd9582c450d7a217d0c224fd00797d40d264e29293a83b3a9c6eb558d78efc83b,2022-01-17 02:20:00,30,STOP SIGN/FLASHER,FUNCTIONING PROPERLY,SNOW,"DARKNESS, LIGHTED ROAD",OTHER NONCOLLISION,NOT DIVIDED,STRAIGHT AND LEVEL,SNOW OR SLUSH,NO DEFECTS,INJURY AND / OR TOW DUE TO CRASH,"OVER $1,500",EQUIPMENT - VEHICLE CONDITION,NOT APPLICABLE,5501,S,PRAIRIE AVE,1,NO INDICATION OF INJURY,0.0,0.0,0.0,0.0,0.0,1.0,0.0,2,2,1
e39089b6a77b01e417f9f4979f93c2653b564610a189f82338e83e8359e0779e9331abedaf06ea9aac60a9dc46ab6ccb0b6101fe90436667682bbeac774f2911,2016-11-14 12:15:00,30,NO CONTROLS,NO CONTROLS,CLEAR,DAYLIGHT,ANGLE,DIVIDED - W/MEDIAN BARRIER,STRAIGHT AND LEVEL,DRY,NO DEFECTS,NO INJURY / DRIVE AWAY,"OVER $1,500",DRIVING SKILLS/KNOWLEDGE/EXPERIENCE,NOT APPLICABLE,850,E,111TH ST,2,NO INDICATION OF INJURY,0.0,0.0,0.0,0.0,0.0,2.0,0.0,12,2,11
ab60b626320a672d753a3e4345cd16e9d3b35668788081296d9e6fe5fbcab99a55f87a2941e34e5afd94e3150782ddc443a257b98e738b84837f414b0bde8156,2017-12-04 12:30:00,30,NO CONTROLS,NO CONTROLS,CLEAR,DAYLIGHT,REAR END,NOT DIVIDED,STRAIGHT AND LEVEL,DRY,NO DEFECTS,NO INJURY / DRIVE AWAY,"OVER $1,500",DRIVING SKILLS/KNOWLEDGE/EXPERIENCE,"OPERATING VEHICLE IN ERRATIC, RECKLESS, CARELESS, NEGLIGENT OR AGGRESSIVE MANNER",733,W,115TH ST,2,NO INDICATION OF INJURY,0.0,0.0,0.0,0.0,0.0,2.0,0.0,12,2,12
254cae48b470602c0eee78cf7aeb12080d627be308447eb6e914ce89dff0194d1ead08f3bfcaa1cd48c75fcdbce9074ec34849284038bc3af50a4f280fd398cd,2018-03-09 10:10:00,30,STOP SIGN/FLASHER,FUNCTIONING PROPERLY,CLEAR,DAYLIGHT,ANGLE,DIVIDED - W/MEDIAN (NOT RAISED),STRAIGHT AND LEVEL,DRY,NO DEFECTS,INJURY AND / OR TOW DUE TO CRASH,"OVER $1,500",DISREGARDING STOP SIGN,EXCEEDING AUTHORIZED SPEED LIMIT,3900,W,DIVISION ST,2,INCAPACITATING INJURY,1.0,0.0,1.0,0.0,0.0,1.0,0.0,10,6,3
779193ff3333406149f1bad4486668e05a6443e64f5e9aa3633ce0b2a10f54e8e7f2904119ffbaeb86ebe7909a664e8f6f9c1e4622c3405b7fd0f8417fbb156a,2018-03-17 12:41:00,30,NO CONTROLS,NO CONTROLS,CLEAR,DAYLIGHT,REAR END,NOT DIVIDED,STRAIGHT AND LEVEL,DRY,NO DEFECTS,NO INJURY / DRIVE AWAY,"OVER $1,500",NOT APPLICABLE,NOT APPLICABLE,7601,S,CICERO AVE,2,NO INDICATION OF INJURY,0.0,0.0,0.0,0.0,0.0,3.0,0.0,12,7,3
f6726f503fe35ab7e7c48b25bf610031fe914dd20843be87b8b6c8c422b7b26257fb36afce4adac1ea2943b3ba123a3b7c62314fbd0ac39e6f5c5ba8bb60f0ee,2018-09-24 01:36:00,20,UNKNOWN,UNKNOWN,CLEAR,"DARKNESS, LIGHTED ROAD",SIDESWIPE OPPOSITE DIRECTION,DIVIDED - W/MEDIAN (NOT RAISED),STRAIGHT AND LEVEL,DRY,NO DEFECTS,INJURY AND / OR TOW DUE TO CRASH,"OVER $1,500",UNABLE TO DETERMINE,UNABLE TO DETERMINE,200,W,94TH ST,2,NONINCAPACITATING INJURY,1.0,0.0,0.0,1.0,0.0,1.0,0.0,1,2,9
4c51ececef2f9807d23dc258a3864851b2e10b5bf315727a5d443d679c53820f195513503f6fd252b5b31d65d7981143522739eb787a670aa9d533e1524cc9a7,2023-07-14 16:10:00,30,STOP SIGN/FLASHER,FUNCTIONING PROPERLY,CLEAR,DAYLIGHT,TURNING,T-INTERSECTION,STRAIGHT AND LEVEL,DRY,NO DEFECTS,INJURY AND / OR TOW DUE TO CRASH,"OVER $1,500",FAILING TO YIELD RIGHT-OF-WAY,UNABLE TO DETERMINE,1200,W,CERMAK RD,2,NONINCAPACITATING INJURY,2.0,0.0,0.0,1.0,1.0,1.0,0.0,16,6,7
3f95f390079fcd0b8c5b474547fedd70f30d92aee125a43bddf84d33b6728d2317ecba87f21eb50acb0e5672a48f79e70f15912a036b67bb459e4f1e40b622d0,2019-04-15 11:30:00,30,NO CONTROLS,NO CONTROLS,CLEAR,DAYLIGHT,PARKED MOTOR VEHICLE,NOT DIVIDED,STRAIGHT AND LEVEL,WET,NO DEFECTS,NO INJURY / DRIVE AWAY,"OVER $1,500",UNABLE TO DETERMINE,UNABLE TO DETERMINE,1500,E,62ND ST,2,NO INDICATION OF INJURY,0.0,0.0,0.0,0.0,0.0,1.0,0.0,11,2,4
fe08aad4f3590083607e29c2cee3e1a6f9d4227fd2797e8c91878689a9d68646a90e4f75b7302f26064671a81c9c78ad031a95e729ae8f463dd62ebe614b1bae,2019-11-11 12:30:00,30,NO CONTROLS,NO CONTROLS,CLEAR,DAYLIGHT,REAR END,ONE-WAY,STRAIGHT AND LEVEL,DRY,NO DEFECTS,NO INJURY / DRIVE AWAY,"OVER $1,500",UNABLE TO DETERMINE,UNABLE TO DETERMINE,6299,S,LAKE SHORE DR,2,NO INDICATION OF INJURY,0.0,0.0,0.0,0.0,0.0,2.0,0.0,12,2,11
e495ca3b71c842c0619b2096f964453a1902b1fb3d419ce14022bdaa319754193ee0242f3898bba63f38fb0a11c3b476e526ae651f8d5c0e9cfb86b04f68d422,2017-08-19 22:30:00,25,NO CONTROLS,NO CONTROLS,UNKNOWN,DARKNESS,SIDESWIPE SAME DIRECTION,UNKNOWN,STRAIGHT AND LEVEL,UNKNOWN,UNKNOWN,NO INJURY / DRIVE AWAY,$500 OR LESS,UNABLE TO DETERMINE,UNABLE TO DETERMINE,8450,S,MARSHFIELD AVE,2,NO INDICATION OF INJURY,0.0,0.0,0.0,0.0,0.0,2.0,0.0,22,7,8
8c82f35334928dd851f744d6ee0b34e748465f4c3b0f29db3ef5b207d93c4f7e799bafcf07b8162b87f3c1ea983d8f747169f228cf9b827ef17e48587aa4205f,2023-07-07 09:30:00,30,NO CONTROLS,NO CONTROLS,CLEAR,DAYLIGHT,PARKED MOTOR VEHICLE,NOT DIVIDED,STRAIGHT AND LEVEL,DRY,UNKNOWN,NO INJURY / DRIVE AWAY,$500 OR LESS,NOT APPLICABLE,NOT APPLICABLE,545,W,DIVISION ST,2,NO INDICATION OF INJURY,0.0,0.0,0.0,0.0,0.0,1.0,0.0,9,6,7
2236649a8466d718cd788534b09812bce98c0c169f9bbf604d2abb3c7f6311acc71a6dfb7d1dbdf53392e60a33c2d284fdf9e1703a49283182d7ba09874b0c24,2021-05-02 13:10:00,30,NO CONTROLS,NO CONTROLS,CLEAR,DAYLIGHT,PARKED MOTOR VEHICLE,ONE-WAY,STRAIGHT AND LEVEL,DRY,NO DEFECTS,NO INJURY / DRIVE AWAY,"OVER $1,500",UNABLE TO DETERMINE,UNABLE TO DETERMINE,919,N,LAVERGNE AVE,2,NO INDICATION OF INJURY,0.0,0.0,0.0,0.0,0.0,2.0,0.0,13,1,5
42fbe32a369a03dc2789540aa7755ed2bfe38b8fba987a565df208a67ef50fdb5afa92cf9934780cbe28187914894b879bab41d3bd31240f5fdbfbabc0d95a27,2019-09-11 12:30:00,25,UNKNOWN,UNKNOWN,CLEAR,DAYLIGHT,TURNING,DIVIDED - W/MEDIAN (NOT RAISED),STRAIGHT AND LEVEL,DRY,UNKNOWN,NO INJURY / DRIVE AWAY,"OVER $1,500",FAILING TO YIELD RIGHT-OF-WAY,FAILING TO REDUCE SPEED TO AVOID CRASH,639,W,18TH ST,2,NO INDICATION OF INJURY,0.0,0.0,0.0,0.0,0.0,2.0,0.0,12,4,9
b8777122f14d4d9f8530d05eb7e9a5c0466594349eb37f664262cbee16ff06d9afcd6f57367b703dcdc73ac6d0c9893fd1c5f63438e977c04e20c6959d28e251,2019-06-02 20:30:00,30,TRAFFIC SIGNAL,FUNCTIONING PROPERLY,CLEAR,"DARKNESS, LIGHTED ROAD",SIDESWIPE SAME DIRECTION,NOT DIVIDED,STRAIGHT AND LEVEL,DRY,NO DEFECTS,NO INJURY / DRIVE AWAY,"$501 - $1,500",IMPROPER OVERTAKING/PASSING,FAILING TO REDUCE SPEED TO AVOID CRASH,3359,W,GRAND AVE,2,NO INDICATION OF INJURY,0.0,0.0,0.0,0.0,0.0,2.0,0.0,20,1,6
2925edeaa3e36cbb63720360826100a707cb7a804ebf7a17171c57ddf0f3912d6ad361b60e45b9dce11ceb9bb3558d0b385f02ca74f5395600e2ce7d88f32586,2018-03-01 07:40:00,25,STOP SIGN/FLASHER,FUNCTIONING PROPERLY,RAIN,DAYLIGHT,ANGLE,ONE-WAY,STRAIGHT AND LEVEL,WET,NO DEFECTS,INJURY AND / OR TOW DUE TO CRASH,"$501 - $1,500","OPERATING VEHICLE IN ERRATIC, RECKLESS, CARELESS, NEGLIGENT OR AGGRESSIVE MANNER",NOT APPLICABLE,2630,W,NORTH SHORE AVE,3,NO INDICATION OF INJURY,0.0,0.0,0.0,0.0,0.0,3.0,0.0,7,5,3
8b769ca1f585e2e84fc828e5a3075a16cc235cda8a2bf756e68eb0d6dbd274976f1da72adac96452dc1c30c5221099378cec45813b06052c30a205ab53570797,2017-02-11 11:47:00,25,NO CONTROLS,NO CONTROLS,CLEAR,DAYLIGHT,SIDESWIPE SAME DIRECTION,NOT DIVIDED,STRAIGHT AND LEVEL,DRY,NO DEFECTS,NO INJURY / DRIVE AWAY,"$501 - $1,500",UNABLE TO DETERMINE,UNABLE TO DETERMINE,1501,N,SEDGWICK ST,2,NO INDICATION OF INJURY,0.0,0.0,0.0,0.0,0.0,2.0,0.0,11,7,2
c14a5acf7a7ede2874f4e1029881540c9c6b4d9be311b83f760178fbe439aebe516ef4bd4eed41126bfac801b8c6d001048d540671eaec22cdf344132f0bed28,2020-07-29 13:50:00,30,NO CONTROLS,NO CONTROLS,CLEAR,DAYLIGHT,TURNING,NOT DIVIDED,STRAIGHT AND LEVEL,DRY,NO DEFECTS,INJURY AND / OR TOW DUE TO CRASH,"OVER $1,500",UNABLE TO DETERMINE,NOT APPLICABLE,213,W,29TH ST,2,NO INDICATION OF INJURY,0.0,0.0,0.0,0.0,0.0,2.0,0.0,13,4,7
2e1f9b82b8b2054f1ee21b620799685730c1460753e942c43575f5dbc23ecb3719261843772d59268818e72ceffba451f7ddb84dcadb0aa68dbfb9821c1eb455,2023-07-17 10:50:00,30,NO CONTROLS,NO CONTROLS,CLEAR,DAYLIGHT,FIXED OBJECT,PARKING LOT,CURVE ON HILLCREST,DRY,NO DEFECTS,NO INJURY / DRIVE AWAY,"OVER $1,500",DRIVING SKILLS/KNOWLEDGE/EXPERIENCE,NOT APPLICABLE,8312,S,SOUTH CHICAGO AVE,2,NO INDICATION OF INJURY,0.0,0.0,0.0,0.0,0.0,1.0,0.0,10,2,7
fbd883299299fa0a0b3e859c7feab7ec97d3d95298d868a615502a4b9a6026410e0d86ecc3a2fb5a8aa057a8ce408bc8c3255d9fb0c4747cb550c95108fc085d,2022-05-15 21:30:00,30,STOP SIGN/FLASHER,FUNCTIONING PROPERLY,RAIN,"DARKNESS, LIGHTED ROAD",ANGLE,FOUR WAY,STRAIGHT AND LEVEL,WET,NO DEFECTS,INJURY AND / OR TOW DUE TO CRASH,"OVER $1,500",DISREGARDING STOP SIGN,FAILING TO REDUCE SPEED TO AVOID CRASH,4900,W,RACE AVE,2,"REPORTED, NOT EVIDENT",2.0,0.0,0.0,0.0,2.0,1.0,0.0,21,1,5
2790815b52e764494aaa5157613d9b454fa9ef438327e026d805523866ab320d8e3560ca6e3c381a248a31952120bb828a2b74c47471e897cbd37e66b791e86d,2023-08-28 11:00:00,25,UNKNOWN,UNKNOWN,CLEAR,DAYLIGHT,SIDESWIPE SAME DIRECTION,DIVIDED - W/MEDIAN (NOT RAISED),STRAIGHT AND LEVEL,DRY,NO DEFECTS,NO INJURY / DRIVE AWAY,"OVER $1,500",UNABLE TO DETERMINE,UNABLE TO DETERMINE,2400,N,KEDZIE SD,2,NO INDICATION OF INJURY,0.0,0.0,0.0,0.0,0.0,2.0,0.0,11,2,8
31841f9362e3a4cb2ca561afd4b9637320ed4750acab71632701d626487b6d710c13a542a26000c7455f58358ae86c919af09dbfb9c608373798ebf3d70d9078,2017-05-24 07:57:00,40,NO CONTROLS,NO CONTROLS,OTHER,DAYLIGHT,REAR END,DIVIDED - W/MEDIAN BARRIER,STRAIGHT ON HILLCREST,WET,NO DEFECTS,NO INJURY / DRIVE AWAY,"OVER $1,500",FOLLOWING TOO CLOSELY,NOT APPLICABLE,3148,N,LAKE SHORE DR SB,2,NO INDICATION OF INJURY,0.0,0.0,0.0,0.0,0.0,7.0,0.0,7,4,5
3ad0e3afc351588c7dbc6ab2046c3bf50102b9a5699f3db8c576cd35087eef6b9827fc714dc78592cd5e2bec907c092e9bfcd46cc99520a36f9ea21acab26bcb,2017-09-01 00:09:00,30,UNKNOWN,UNKNOWN,CLEAR,"DARKNESS, LIGHTED ROAD",TURNING,PARKING LOT,STRAIGHT AND LEVEL,DRY,UNKNOWN,NO INJURY / DRIVE AWAY,"OVER $1,500",FAILING TO YIELD RIGHT-OF-WAY,EXCEEDING AUTHORIZED SPEED LIMIT,921,W,BLACKHAWK ST,2,NO INDICATION OF INJURY,0.0,0.0,0.0,0.0,0.0,2.0,0.0,0,6,9
b7ff4be329328e7e9d77e4cc5c9863e6f7349392a9a73e88accb5ab5bda3e08be80c353d0e0f79757620d3ca94d4ffc591e64bcdd7116fd6e23a9183e34b17b9,2020-10-01 21:47:00,35,TRAFFIC SIGNAL,FUNCTIONING PROPERLY,CLEAR,"DARKNESS, LIGHTED ROAD",SIDESWIPE SAME DIRECTION,DIVIDED - W/MEDIAN (NOT RAISED),STRAIGHT AND LEVEL,WET,NO DEFECTS,NO INJURY / DRIVE AWAY,"OVER $1,500",UNABLE TO DETERMINE,UNABLE TO DETERMINE,81,W,71ST ST,2,NO INDICATION OF INJURY,0.0,0.0,0.0,0.0,0.0,2.0,0.0,21,5,10
7712997cb3b899398067f334d76f38a226265a03210644441d43f801f297a3897d27bc745e1c7c5f9ed4257d24e700ef9278f3d55e2ebaa00709c4c32bd559ef,2019-08-25 05:09:00,10,TRAFFIC SIGNAL,FUNCTIONING PROPERLY,CLEAR,"DARKNESS, LIGHTED ROAD",REAR END,DIVIDED - W/MEDIAN (NOT RAISED),STRAIGHT AND LEVEL,DRY,NO DEFECTS,INJURY AND / OR TOW DUE TO CRASH,"OVER $1,500",UNABLE TO DETERMINE,NOT APPLICABLE,7858,S,PULASKI RD,2,NO INDICATION OF INJURY,0.0,0.0,0.0,0.0,0.0,4.0,0.0,5,1,8
6afa69897bc9f9f3d9dbeef53c59d6a1bebdcdea6b9687630e79565708b3e0071046a6273999c4fde5622dc9130624b33fbb22f7dbf77dbce4ff14e4581c5bd9,2019-11-15 18:00:00,30,NO CONTROLS,NO CONTROLS,CLEAR,DARKNESS,TURNING,ONE-WAY,STRAIGHT AND LEVEL,DRY,NO DEFECTS,INJURY AND / OR TOW DUE TO CRASH,"OVER $1,500",IMPROPER OVERTAKING/PASSING,NOT APPLICABLE,215,W,ONTARIO ST,3,NONINCAPACITATING INJURY,2.0,0.0,0.0,1.0,1.0,1.0,0.0,18,6,11
b85b010dc68e847fc22fab8fedfc0a6c5ed6e3741ef176fb19a4a67193338328724ad396fa12880c18ce838ca5e00ec8df02842110384a993aea0bd048078953,2021-10-28 07:00:00,35,TRAFFIC SIGNAL,UNKNOWN,CLEAR,DAYLIGHT,TURNING,NOT DIVIDED,STRAIGHT AND LEVEL,DRY,NO DEFECTS,NO INJURY / DRIVE AWAY,"OVER $1,500",IMPROPER TURNING/NO SIGNAL,IMPROPER OVERTAKING/PASSING,430,S,MICHIGAN AVE,2,NO INDICATION OF INJURY,0.0,0.0,0.0,0.0,0.0,2.0,0.0,7,5,10
6f2bed9d7437ce74d007916f41faa233c8665fb4386280b934d84f1bc5b853a93bceb75f391115f6903976cadf31899931ab8a150fa589fc22b4bd7205944cd8,2018-04-28 11:00:00,30,STOP SIGN/FLASHER,FUNCTIONING PROPERLY,UNKNOWN,UNKNOWN,PARKED MOTOR VEHICLE,ONE-WAY,STRAIGHT AND LEVEL,UNKNOWN,NO DEFECTS,NO INJURY / DRIVE AWAY,"OVER $1,500",UNABLE TO DETERMINE,UNABLE TO DETERMINE,2752,W,FRANCIS PL,2,NO INDICATION OF INJURY,0.0,0.0,0.0,0.0,0.0,1.0,0.0,11,7,4
93ed3ea4b545e243dd700ae42ca655d4a5cb71a33fa8650c5d81ca65637260ae349618b747310f1507842794733edefb5d70742a58f29ec7f82f2cc21675897c,2020-06-20 07:13:00,30,STOP SIGN/FLASHER,FUNCTIONING PROPERLY,CLEAR,DAYLIGHT,ANGLE,NOT DIVIDED,STRAIGHT AND LEVEL,DRY,NO DEFECTS,NO INJURY / DRIVE AWAY,"OVER $1,500",DISREGARDING TRAFFIC SIGNALS,NOT APPLICABLE,1000,N,MONTICELLO AVE,2,NO INDICATION OF INJURY,0.0,0.0,0.0,0.0,0.0,2.0,0.0,7,7,6
aebbbfd958c82fa51b6466e8910d2b6521530396165e29ff8058331315fbf8506aade8dca5d853e618c922de1938250959b1a1eec292be843f641ff6f178cda5,2021-08-08 14:23:00,30,NO CONTROLS,NO CONTROLS,CLEAR,DAYLIGHT,SIDESWIPE SAME DIRECTION,ONE-WAY,STRAIGHT AND LEVEL,DRY,NO DEFECTS,NO INJURY / DRIVE AWAY,"OVER $1,500",FAILING TO YIELD RIGHT-OF-WAY,NOT APPLICABLE,18,E,MONROE ST,2,NO INDICATION OF INJURY,0.0,0.0,0.0,0.0,0.0,8.0,0.0,14,1,8
977aceb6a2d6974597f2900ccea09d1e59fcfe5edc46db1b93f5c8804b920a509998419843d458d07fb80991aeb206691c161601c6a685b9077175939d1c35a1,2018-05-30 21:00:00,35,STOP SIGN/FLASHER,FUNCTIONING PROPERLY,CLEAR,DARKNESS,ANGLE,DIVIDED - W/MEDIAN (NOT RAISED),STRAIGHT AND LEVEL,DRY,NO DEFECTS,NO INJURY / DRIVE AWAY,$500 OR LESS,DISREGARDING STOP SIGN,FAILING TO YIELD RIGHT-OF-WAY,2998,N,RACINE AVE,2,NO INDICATION OF INJURY,0.0,0.0,0.0,0.0,0.0,2.0,0.0,21,4,5
7867e7c3948daab49456fb8bb93c1eeb4aba9198e42a684aa9bc77c5ceef7e2d558ef1252b158b7316a332d97f06573d2090b722d1af7bb14ae86b5d4e1cc491,2020-05-02 00:52:00,35,NO CONTROLS,NO CONTROLS,OTHER,DARKNESS,REAR END,OTHER,STRAIGHT AND LEVEL,DRY,OTHER,INJURY AND / OR TOW DUE TO CRASH,"OVER $1,500",FOLLOWING TOO CLOSELY,NOT APPLICABLE,12999,S,DOTY AVE E,2,NO INDICATION OF INJURY,0.0,0.0,0.0,0.0,0.0,3.0,0.0,0,7,5
3b846032bcd4f3ff50548a0c89f61400f1259053ffe1e1478ef699af3534d50b48a81cd9e45eb2c138363bc78f52c9ecc2b4283c7cc576e73bcbd75f1996b540,2021-04-25 21:20:00,30,NO CONTROLS,NO CONTROLS,CLEAR,"DARKNESS, LIGHTED ROAD",SIDESWIPE SAME DIRECTION,NOT DIVIDED,STRAIGHT AND LEVEL,DRY,NO DEFECTS,NO INJURY / DRIVE AWAY,"OVER $1,500",IMPROPER LANE USAGE,NOT APPLICABLE,5400,S,ASHLAND AVE,2,NO INDICATION OF INJURY,0.0,0.0,0.0,0.0,0.0,2.0,0.0,21,1,4
5d3b454676b92b916c6eeb357df13ee3a8f36f9d735f22cb2247a065e492b1b807f44cba55a82ee03f65dfad0b9e51f1f9aa89cc8e1e711b328fac65c06c4320,2018-11-20 22:20:00,30,NO CONTROLS,NO CONTROLS,CLEAR,"DARKNESS, LIGHTED ROAD",REAR END,DIVIDED - W/MEDIAN (NOT RAISED),STRAIGHT AND LEVEL,DRY,NO DEFECTS,NO INJURY / DRIVE AWAY,"$501 - $1,500",FOLLOWING TOO CLOSELY,NOT APPLICABLE,8120,S,DR MARTIN LUTHER KING JR DR,2,NO INDICATION OF INJURY,0.0,0.0,0.0,0.0,0.0,2.0,0.0,22,3,11
84b659c47ad3297ddbd10d89b5c1904717a81cbb6721d543e2034b559c7ddbed7bc3752bf3dbca9dbff9cd1604ef2c62f3e7752ac64cede8293739c4e1b020bc,2019-11-18 10:30:00,30,TRAFFIC SIGNAL,FUNCTIONING PROPERLY,CLEAR,DAYLIGHT,ANGLE,FOUR WAY,STRAIGHT AND LEVEL,DRY,NO DEFECTS,INJURY AND / OR TOW DUE TO CRASH,"OVER $1,500",DISREGARDING TRAFFIC SIGNALS,NOT APPLICABLE,500,N,LAKE SHORE DR,3,NO INDICATION OF INJURY,0.0,0.0,0.0,0.0,0.0,6.0,0.0,10,2,11
64d20577cd916f5047c786d10223052f893159d9cd2186c5834c552834bf0c0decc278a2fe0d45ec6bd1b4857995be1e1d24257462883b8913177d11cd29aeb7,2020-04-25 15:50:00,30,NO CONTROLS,NO CONTROLS,RAIN,DAYLIGHT,SIDESWIPE SAME DIRECTION,DIVIDED - W/MEDIAN (NOT RAISED),STRAIGHT AND LEVEL,WET,NO DEFECTS,INJURY AND / OR TOW DUE TO CRASH,"OVER $1,500",FAILING TO YIELD RIGHT-OF-WAY,NOT APPLICABLE,5438,S,COTTAGE GROVE AVE,3,NO INDICATION OF INJURY,0.0,0.0,0.0,0.0,0.0,3.0,0.0,15,7,4
819e62d4e0ca2f844f8c0047495bce5b20af127cb9e82ea102e02fea631a1689a218f7b544cea00669ace99bc2d6a7252418f2e0e69fa32b392ff36809e5e1c6,2022-07-08 18:30:00,30,STOP SIGN/FLASHER,FUNCTIONING PROPERLY,CLEAR,DAYLIGHT,ANGLE,FOUR WAY,STRAIGHT AND LEVEL,DRY,NO DEFECTS,INJURY AND / OR TOW DUE TO CRASH,"OVER $1,500",FAILING TO YIELD RIGHT-OF-WAY,NOT APPLICABLE,2700,S,CENTRAL PARK AVE,2,NONINCAPACITATING INJURY,1.0,0.0,0.0,1.0,0.0,2.0,0.0,18,6,7
4857726cd85048fdd99a87eb73be7e3cee73ff769ce58be1fa2664bddd03e1b38748f4a07664042f0032b97c69611aef33c74298ddfb1a1b2d62d13b48d5e99b,2018-03-07 09:00:00,30,NO CONTROLS,NO CONTROLS,CLEAR,DAYLIGHT,OTHER NONCOLLISION,DIVIDED - W/MEDIAN BARRIER,STRAIGHT AND LEVEL,DRY,"RUT, HOLES",NO INJURY / DRIVE AWAY,$500 OR LESS,ROAD ENGINEERING/SURFACE/MARKING DEFECTS,NOT APPLICABLE,9501,S,STONY ISLAND AVE,1,NO INDICATION OF INJURY,0.0,0.0,0.0,0.0,0.0,1.0,0.0,9,4,3
0f294540512924e150d8bd2f9522ebfbb99011e24fcaac1dba0286d06ec31f0d47ece28ef7d71dab85f567d051962b0d3836bb91acc990145a54f5bc5a04c631,2016-10-12 11:40:00,20,NO CONTROLS,NO CONTROLS,RAIN,DAYLIGHT,PARKED MOTOR VEHICLE,DIVIDED - W/MEDIAN (NOT RAISED),STRAIGHT AND LEVEL,WET,NO DEFECTS,NO INJURY / DRIVE AWAY,$500 OR LESS,DRIVING SKILLS/KNOWLEDGE/EXPERIENCE,NOT APPLICABLE,6010,S,LOOMIS BLVD,2,NO INDICATION OF INJURY,0.0,0.0,0.0,0.0,0.0,1.0,0.0,11,4,10
a5c0c14eb9e5e08e3f3da73b930b576e4b8a8baab7a760330014e074d2397b9137a2a88fb513edc69191bdf29b3b090f0494213f23956910cfd0f9ef0f6ada87,2019-08-07 02:15:00,30,TRAFFIC SIGNAL,FUNCTIONING PROPERLY,CLEAR,DARKNESS,REAR END,NOT DIVIDED,STRAIGHT AND LEVEL,DRY,NO DEFECTS,NO INJURY / DRIVE AWAY,"OVER $1,500",FOLLOWING TOO CLOSELY,NOT APPLICABLE,4759,W,FULLERTON AVE,2,NO INDICATION OF INJURY,0.0,0.0,0.0,0.0,0.0,2.0,0.0,2,4,8