CRASH_RECORD_ID,CRASH_DATE,POSTED_SPEED_LIMIT,TRAFFIC_CONTROL_DEVICE,DEVICE_CONDITION,WEATHER_CONDITION,LIGHTING_CONDITION,FIRST_CRASH_TYPE,TRAFFICWAY_TYPE,ALIGNMENT,ROADWAY_SURFACE_COND,ROAD_DEFECT,CRASH_TYPE,DAMAGE,PRIM_CONTRIBUTORY_CAUSE,SEC_CONTRIBUTORY_CAUSE,STREET_NO,STREET_DIRECTION,STREET_NAME,NUM_UNITS,MOST_SEVERE_INJURY,INJURIES_TOTAL,INJURIES_FATAL,INJURIES_INCAPACITATING,INJURIES_NON_INCAPACITATING,INJURIES_REPORTED_NOT_EVIDENT,INJURIES_NO_INDICATION,INJURIES_UNKNOWN,CRASH_HOUR,CRASH_DAY_OF_WEEK,CRASH_MONTH
d4de2113c3910fca5d119bb43cb3c8389c26faa0c23a3c872cd7d1e0dd0ba0c55e046e21d5f51b835f3c8a6e43987fcf1bf53ff2d9f663239702160e7e97788e,2022-05-15 13:13:00,30,NO CONTROLS,NO CONTROLS,CLEAR,DAYLIGHT,REAR END,DIVIDED - W/MEDIAN (NOT RAISED),STRAIGHT AND LEVEL,DRY,NO DEFECTS,NO INJURY / DRIVE AWAY,"OVER $1,500",FAILING TO REDUCE SPEED TO AVOID CRASH,FAILING TO REDUCE SPEED TO AVOID CRASH,1416,W,FULLERTON AVE,2,NO INDICATION OF INJURY,0.0,0.0,0.0,0.0,0.0,2.0,0.0,13,1,5
d4687b1fa5a7339fbe99362594ef3c9102e48a62a0a76777afece38cad3d1ce6f7fdc19c37f2d9d96ba8c4ab9e41f420de47f503ee1d716d19723724adfd46fc,2019-08-13 13:22:00,30,TRAFFIC SIGNAL,UNKNOWN,CLEAR,DAYLIGHT,REAR END,DIVIDED - W/MEDIAN (NOT RAISED),STRAIGHT AND LEVEL,UNKNOWN,UNKNOWN,NO INJURY / DRIVE AWAY,"$501 - $1,500",NOT APPLICABLE,NOT APPLICABLE,3700,N,WESTERN AVE,2,NO INDICATION OF INJURY,0.0,0.0,0.0,0.0,0.0,2.0,0.0,13,3,8
fcb9e8f546d765dd5d5a1d09196c5d0604cfbdf75c0f8b6e312e7045804cdce41ab708bdfd2cb41cb9248b643403483f12423b3999ebc30a495d4e68af136c08,2023-12-10 09:54:00,10,NO CONTROLS,NO CONTROLS,CLEAR,DAYLIGHT,PARKED MOTOR VEHICLE,PARKING LOT,STRAIGHT AND LEVEL,DRY,NO DEFECTS,NO INJURY / DRIVE AWAY,"$501 - $1,500",IMPROPER BACKING,IMPROPER BACKING,4352,S,ASHLAND AVE,2,NO INDICATION OF INJURY,0.0,0.0,0.0,0.0,0.0,1.0,0.0,9,1,12
aea31d3f457556d931a01d1f99ab681b9f732525225f5c617742dab662a841c20685b10785d0d33b7972504772459f6563583bf48b5c3bfe91988811ea9d0189,2017-03-29 21:40:00,25,TRAFFIC SIGNAL,FUNCTIONING PROPERLY,RAIN,"DARKNESS, LIGHTED ROAD",REAR END,NOT DIVIDED,STRAIGHT AND LEVEL,WET,NO DEFECTS,NO INJURY / DRIVE AWAY,"OVER $1,500",FOLLOWING TOO CLOSELY,WEATHER,1300,N,LA SALLE DR,3,NO INDICATION OF INJURY,0.0,0.0,0.0,0.0,0.0,3.0,0.0,21,4,3
abb66d6282d90c437dd9a536069a2e6b6230cd6fc6823d5850f702d6043caef20a7977e8dd3a569ba537c7c358c01536a395da3c0d7c75efff3232961a951df0,2018-01-26 23:29:00,25,TRAFFIC SIGNAL,FUNCTIONING PROPERLY,CLEAR,"DARKNESS, LIGHTED ROAD",SIDESWIPE SAME DIRECTION,ONE-WAY,STRAIGHT AND LEVEL,DRY,NO DEFECTS,NO INJURY / DRIVE AWAY,"OVER $1,500",IMPROPER LANE USAGE,IMPROPER OVERTAKING/PASSING,807,W,RANDOLPH SD,2,NO INDICATION OF INJURY,0.0,0.0,0.0,0.0,0.0,3.0,0.0,23,6,1
3de3f4a3ee16da131a8d14b1a069bce10f790b4322a583d83ed628ff0da08d49fc0a3f59aef2994796baa758e5ad45adf46cef6e1e21235f79de35c151e668ad,2023-01-18 14:15:00,20,TRAFFIC SIGNAL,FUNCTIONING PROPERLY,CLEAR,DAYLIGHT,SIDESWIPE OPPOSITE DIRECTION,DIVIDED - W/MEDIAN (NOT RAISED),STRAIGHT AND LEVEL,DRY,NO DEFECTS,NO INJURY / DRIVE AWAY,"OVER $1,500",UNABLE TO DETERMINE,NOT APPLICABLE,4151,S,CALIFORNIA AVE,2,NO INDICATION OF INJURY,0.0,0.0,0.0,0.0,0.0,2.0,0.0,14,4,1
e8baf252747f8c38494e966c8ba2d2ed2a8313f2f133065b3ee6605fa2c2ce564c2fab574aeced20e6b67b73d11b51a59fb6629b8d839e5b67d67f3d21048a15,2017-09-04 12:45:00,30,NO CONTROLS,NO CONTROLS,CLEAR,DARKNESS,REAR END,DIVIDED - W/MEDIAN (NOT RAISED),STRAIGHT ON HILLCREST,DRY,NO DEFECTS,NO INJURY / DRIVE AWAY,"OVER $1,500",UNABLE TO DETERMINE,UNABLE TO DETERMINE,1900,N,CENTRAL AVE,2,NO INDICATION OF INJURY,0.0,0.0,0.0,0.0,0.0,2.0,0.0,12,2,9
646d7498806eb981ad6c6224332bc4fb18fe35424025ed573a69f720b22be794a1bb48fad1e5080b35ee24c3e2303d4be76ee0172bf09f08b636fe198857b1fe,2022-06-26 06:45:00,30,STOP SIGN/FLASHER,FUNCTIONING PROPERLY,CLEAR,DAYLIGHT,ANGLE,DIVIDED - W/MEDIAN (NOT RAISED),STRAIGHT AND LEVEL,DRY,NO DEFECTS,INJURY AND / OR TOW DUE TO CRASH,"OVER $1,500",FAILING TO YIELD RIGHT-OF-WAY,FAILING TO YIELD RIGHT-OF-WAY,5700,W,BELMONT AVE,2,NONINCAPACITATING INJURY,1.0,0.0,0.0,1.0,0.0,1.0,0.0,6,1,6
75c1667c738a2b34d56606e894bea5e75741d64584f0f2fc0204cb45549db5ab3284c6a88c6b1c52bbf1a1d28a92332370112058638f631d30a701d5aeda4877,2015-10-16 14:20:00,35,NO CONTROLS,NO CONTROLS,CLEAR,DAYLIGHT,SIDESWIPE SAME DIRECTION,NOT DIVIDED,STRAIGHT AND LEVEL,DRY,NO DEFECTS,NO INJURY / DRIVE AWAY,"$501 - $1,500",IMPROPER LANE USAGE,NOT APPLICABLE,7600,S,STONY ISLAND AVE,2,NO INDICATION OF INJURY,0.0,0.0,0.0,0.0,0.0,2.0,0.0,14,6,10
0ec50ddef5af856ca9d32a5e83c5f126d25d1fd412a42c6752ea7b3c60aa2e4a2bcf6929ea304c3447e9f0f8044b0f4e402cf70d6fc079e58816dabdd4bf55c2,2021-06-11 10:25:00,30,NO CONTROLS,NO CONTROLS,CLEAR,DAYLIGHT,REAR END,ONE-WAY,STRAIGHT AND LEVEL,DRY,NO DEFECTS,NO INJURY / DRIVE AWAY,$500 OR LESS,DRIVING ON WRONG SIDE/WRONG WAY,NOT APPLICABLE,8013,S,PHILLIPS AVE,2,NO INDICATION OF INJURY,0.0,0.0,0.0,0.0,0.0,2.0,0.0,10,6,6
ed2e88b23d719481c348fa3607a15d3083faa617dc393f4bdba5380c4a9ef8864ff488fbe31be3300f1498d929067c92162571ea4a7443380e0badd67a747129,2020-07-03 09:05:00,30,NO CONTROLS,NO CONTROLS,CLEAR,DAYLIGHT,TURNING,NOT DIVIDED,STRAIGHT AND LEVEL,DRY,NO DEFECTS,NO INJURY / DRIVE AWAY,"OVER $1,500",IMPROPER TURNING/NO SIGNAL,FAILING TO REDUCE SPEED TO AVOID CRASH,1327,W,91ST ST,2,NO INDICATION OF INJURY,0.0,0.0,0.0,0.0,0.0,3.0,0.0,9,6,7
275860af5186808a3c6ad074d7d0242e9334fa0d53a2218347e1141db4bdc7efe2e8ab521815e9cc4b6e1fb5c8952796492e92f32c56de2e617b97110f85ff84,2022-05-19 07:15:00,30,STOP SIGN/FLASHER,FUNCTIONING PROPERLY,CLEAR,DAYLIGHT,REAR END,NOT DIVIDED,STRAIGHT AND LEVEL,DRY,NO DEFECTS,INJURY AND / OR TOW DUE TO CRASH,"OVER $1,500",FOLLOWING TOO CLOSELY,UNABLE TO DETERMINE,905,W,103RD ST,2,"REPORTED, NOT EVIDENT",1.0,0.0,0.0,0.0,1.0,1.0,0.0,7,5,5
2423b4c3df969d751e39d32c186183d2171d86969c135f07c3e296ab2e013fba07f1bdcfa86a2d02099978ee24b0d51d990e0a9a078ab6625f76a006e5363415,2021-02-05 13:27:00,30,NO CONTROLS,NO CONTROLS,CLEAR,DAWN,REAR END,DIVIDED - W/MEDIAN (NOT RAISED),STRAIGHT AND LEVEL,DRY,NO DEFECTS,INJURY AND / OR TOW DUE TO CRASH,"$501 - $1,500",FOLLOWING TOO CLOSELY,NOT APPLICABLE,1599,W,77TH ST,2,NO INDICATION OF INJURY,0.0,0.0,0.0,0.0,0.0,2.0,0.0,13,6,2
4c2b7e3ae48bf97864a900cc3a89287f8cc792afd2d8c760dec8cdb1c50469f7e7c5be4f66e3fe0241ba88ea915ca694bce85035f0fc3725fbdc35783dfb1332,2016-02-29 10:55:00,30,STOP SIGN/FLASHER,NO CONTROLS,CLEAR,DAYLIGHT,SIDESWIPE SAME DIRECTION,NOT DIVIDED,STRAIGHT AND LEVEL,DRY,NO DEFECTS,NO INJURY / DRIVE AWAY,"OVER $1,500",UNABLE TO DETERMINE,FAILING TO YIELD RIGHT-OF-WAY,4655,S,DR MARTIN LUTHER KING JR SD,2,NO INDICATION OF INJURY,0.0,0.0,0.0,0.0,0.0,2.0,0.0,10,2,2
316eefcbfcc3febc0624123383df06997457cca67e6f0db80f49a7f9184aac4b9a75d26e31a533c67b96970e2848cf4031175a238d4df4f1d952cef0228e8cc8,2021-06-27 07:30:00,30,NO CONTROLS,NO CONTROLS,CLEAR,DAYLIGHT,FIXED OBJECT,NOT DIVIDED,STRAIGHT AND LEVEL,DRY,NO DEFECTS,INJURY AND / OR TOW DUE TO CRASH,"OVER $1,500",UNABLE TO DETERMINE,UNABLE TO DETERMINE,358,W,PERSHING RD,1,INCAPACITATING INJURY,1.0,0.0,1.0,0.0,0.0,0.0,0.0,7,1,6
59c4d556ca7de5724d7393b460ef7fcea9065096f3071c437dab09c9c06d1649943f88d1b69549a64a27dec1aba7f94f78848e463c147a9c07c84727aadc7d8f,2020-10-31 14:59:00,30,TRAFFIC SIGNAL,FUNCTIONING PROPERLY,CLEAR,DAYLIGHT,TURNING,FOUR WAY,STRAIGHT AND LEVEL,DRY,NO DEFECTS,NO INJURY / DRIVE AWAY,"OVER $1,500",IMPROPER TURNING/NO SIGNAL,NOT APPLICABLE,3812,S,WESTERN AVE,2,NO INDICATION OF INJURY,0.0,0.0,0.0,0.0,0.0,2.0,0.0,14,7,10
bbaf08f467105452bfa1977b567a3ea83277f61f0454fa04cf412804d79775f0cccb71dfb3061fc4fcd8f2cae72ae8b496c61a54664ea9b88bd6ed56f6aee395,2017-03-09 17:20:00,30,NO CONTROLS,NO CONTROLS,CLEAR,DAYLIGHT,REAR END,NOT DIVIDED,STRAIGHT AND LEVEL,DRY,NO DEFECTS,NO INJURY / DRIVE AWAY,"$501 - $1,500",FOLLOWING TOO CLOSELY,FOLLOWING TOO CLOSELY,1350,S,KOSTNER AVE,2,NO INDICATION OF INJURY,0.0,0.0,0.0,0.0,0.0,2.0,0.0,17,5,3
d2340e5a35da6258e05df4d31dd418498ad5c688cb0fa702a21d0b4081c96a8c08d3b91a44c9fc2e9f74a03ed79147fad9c50df6c6fbf0a944249219a48d39be,2020-05-09 20:17:00,30,TRAFFIC SIGNAL,FUNCTIONING PROPERLY,CLEAR,"DARKNESS, LIGHTED ROAD",SIDESWIPE SAME DIRECTION,DIVIDED - W/MEDIAN BARRIER,STRAIGHT AND LEVEL,DRY,NO DEFECTS,NO INJURY / DRIVE AWAY,"$501 - $1,500",IMPROPER OVERTAKING/PASSING,IMPROPER TURNING/NO SIGNAL,1800,W,CHICAGO AVE,2,NO INDICATION OF INJURY,0.0,0.0,0.0,0.0,0.0,3.0,0.0,20,7,5
b3b6692477211da550293e5279bf154299ef54af2a911c53aed48ee83e32974033cfe80bd82cdc2419b0ee17f7347f278162c27731a5714faf4338c90620a29d,2019-11-17 05:10:00,35,STOP SIGN/FLASHER,FUNCTIONING PROPERLY,CLEAR,"DARKNESS, LIGHTED ROAD",REAR END,DIVIDED - W/MEDIAN (NOT RAISED),STRAIGHT AND LEVEL,ICE,NO DEFECTS,INJURY AND / OR TOW DUE TO CRASH,"OVER $1,500",NOT APPLICABLE,NOT APPLICABLE,6300,N,HARLEM AVE,2,NO INDICATION OF INJURY,0.0,0.0,0.0,0.0,0.0,4.0,0.0,5,1,11
38e35c1784def1ef293f36605b35ac30828f5fd86ceac60d467e5daf6ad090ed84255de1ed854dcdfd52cf44d2ea7a6caaf20624c34ddb68239a3b5d3a3f3709,2020-10-20 12:45:00,30,STOP SIGN/FLASHER,FUNCTIONING PROPERLY,CLEAR,DAYLIGHT,TURNING,NOT DIVIDED,STRAIGHT AND LEVEL,DRY,NO DEFECTS,NO INJURY / DRIVE AWAY,"OVER $1,500",IMPROPER TURNING/NO SIGNAL,FAILING TO YIELD RIGHT-OF-WAY,6401,S,RICHARDS DR,2,NO INDICATION OF INJURY,0.0,0.0,0.0,0.0,0.0,2.0,0.0,12,3,10
2e31970f39bf0b8c13defb54bf236b1e17ac22e597fcbb3d71c78deba23d5bac33cc308858bd3d5b892e139fb6e0089b4990baa900261a19ea661d4754ea05d7,2019-02-22 01:02:00,30,NO CONTROLS,NO CONTROLS,CLEAR,"DARKNESS, LIGHTED ROAD",FIXED OBJECT,OTHER,STRAIGHT AND LEVEL,DRY,NO DEFECTS,NO INJURY / DRIVE AWAY,"OVER $1,500",UNABLE TO DETERMINE,NOT APPLICABLE,4002,W,CHICAGO AVE,1,NO INDICATION OF INJURY,0.0,0.0,0.0,0.0,0.0,2.0,0.0,1,6,2
6062c70231d943ca7e88dee852b9ddc40113a45dc2a1a136fada17b5b412c34c921bd100c1b46098ceb64f3500dbab0fcca190291c645d561fd33f9bd66dddcf,2019-05-13 16:30:00,30,NO CONTROLS,NO CONTROLS,CLEAR,DAYLIGHT,TURNING,NOT DIVIDED,STRAIGHT AND LEVEL,DRY,NO DEFECTS,NO INJURY / DRIVE AWAY,"$501 - $1,500",IMPROPER OVERTAKING/PASSING,IMPROPER OVERTAKING/PASSING,9500,S,LA SALLE ST,2,NO INDICATION OF INJURY,0.0,0.0,0.0,0.0,0.0,3.0,0.0,16,2,5
c6f00853a15d47d57b189496389eeecdbe1fdcab32c2ec28a9a7e6b9978486a9cc2339f9630883c5828d00c51b9664aaab41432b7e74507a72388e28caee7cd9,2023-10-13 14:35:00,30,TRAFFIC SIGNAL,FUNCTIONING PROPERLY,RAIN,DAYLIGHT,SIDESWIPE SAME DIRECTION,DIVIDED - W/MEDIAN (NOT RAISED),STRAIGHT AND LEVEL,WET,NO DEFECTS,NO INJURY / DRIVE AWAY,"OVER $1,500",UNABLE TO DETERMINE,NOT APPLICABLE,6301,S,CENTRAL AVE,2,NO INDICATION OF INJURY,0.0,0.0,0.0,0.0,0.0,2.0,0.0,14,6,10
405c1ec886f01ae1e8a29f469dde25bd209b107dcc940d5f8d1cd4e32d70a86da716d4581ee4d6f8bc1d602074eb60945afbe063a12d8a95daabe9b5481e5eea,2022-01-14 10:30:00,30,NO CONTROLS,NO CONTROLS,CLEAR,DAYLIGHT,PARKED MOTOR VEHICLE,DIVIDED - W/MEDIAN (NOT RAISED),STRAIGHT AND LEVEL,DRY,NO DEFECTS,INJURY AND / OR TOW DUE TO CRASH,"OVER $1,500",DISTRACTION - FROM INSIDE VEHICLE,DISTRACTION - FROM INSIDE VEHICLE,2140,W,CERMAK RD,2,NONINCAPACITATING INJURY,1.0,0.0,0.0,1.0,0.0,0.0,0.0,10,6,1
16362ce0d63e46f549b2b0e050c02b387cb027eb0dc16d861d39e8a9fe644cc97fc3d555fb80dda07928ea1ece026203964e2b160db287f19b169b0b55bfd2eb,2019-01-22 08:40:00,30,TRAFFIC SIGNAL,FUNCTIONING PROPERLY,CLEAR,DAYLIGHT,TURNING,ONE-WAY,STRAIGHT AND LEVEL,DRY,NO DEFECTS,NO INJURY / DRIVE AWAY,"OVER $1,500",FAILING TO YIELD RIGHT-OF-WAY,NOT APPLICABLE,60,E,GRAND AVE,2,NO INDICATION OF INJURY,0.0,0.0,0.0,0.0,0.0,2.0,0.0,8,3,1
0a00cc9814b8891a752d91c4fee6c913c16a5262c625b68318e18c141f7ff4e1d79fdfe51c007a5aaa1dc07a0856b32a7b5a80746ffea6a4c5468d035bc38b9d,2019-02-26 19:00:00,30,NO CONTROLS,FUNCTIONING PROPERLY,CLEAR,DARKNESS,ANGLE,NOT DIVIDED,STRAIGHT AND LEVEL,DRY,NO DEFECTS,NO INJURY / DRIVE AWAY,"OVER $1,500",UNABLE TO DETERMINE,UNABLE TO DETERMINE,561,W,HURON ST,2,NO INDICATION OF INJURY,0.0,0.0,0.0,0.0,0.0,2.0,0.0,19,3,2
cb1e5cdaa2779c37e9d88f6948077528d7c017dab104749835bd8c7cd149d3040f15cce182a8e4e63aeb21fcc283e17f1d767f277ec978447d7b19f8d58f693b,2021-10-01 19:00:00,10,NO CONTROLS,NO CONTROLS,CLEAR,"DARKNESS, LIGHTED ROAD",FIXED OBJECT,PARKING LOT,STRAIGHT AND LEVEL,DRY,NO DEFECTS,NO INJURY / DRIVE AWAY,$500 OR LESS,UNABLE TO DETERMINE,UNABLE TO DETERMINE,645,S,CENTRAL AVE,1,NO INDICATION OF INJURY,0.0,0.0,0.0,0.0,0.0,2.0,0.0,19,6,10
3940e830a71178e1d4ce196d3753876f6f04c0e345ef0400608027f23b2ba40685541276d6a06552c8ccc815b994c2b8ce649b396a043dfa59fa04929d438dee,2022-02-27 12:57:00,35,TRAFFIC SIGNAL,FUNCTIONING PROPERLY,CLEAR,DAYLIGHT,REAR END,DIVIDED - W/MEDIAN BARRIER,STRAIGHT AND LEVEL,DRY,NO DEFECTS,NO INJURY / DRIVE AWAY,"$501 - $1,500",FOLLOWING TOO CLOSELY,UNABLE TO DETERMINE,4301,S,CICERO AVE,2,NO INDICATION OF INJURY,0.0,0.0,0.0,0.0,0.0,3.0,0.0,12,1,2
e7d1c284f0d0c7a0d5eabd1335c02127f35a77e22d339f0bbf10fd9d2891b7667cf4fe23d08d920c8c8caf407765e4b6f7ba013150dcce7ccb337d9e73c3dacf,2021-03-16 17:09:00,35,NO CONTROLS,NO CONTROLS,CLEAR,DAYLIGHT,REAR END,NOT DIVIDED,STRAIGHT AND LEVEL,DRY,NO DEFECTS,NO INJURY / DRIVE AWAY,"$501 - $1,500",UNABLE TO DETERMINE,NOT APPLICABLE,7555,W,DEVON AVE,2,NO INDICATION OF INJURY,0.0,0.0,0.0,0.0,0.0,2.0,0.0,17,3,3
cd40f5e4d3cc43abb7e64843a459a218549701bb047fd3cad77722b6b27c744e97443ee819c6ce10ae1a7757a8c0326ba237a2bee26ce93034854ecb0b5931b6,2021-09-22 13:06:00,30,NO CONTROLS,NO CONTROLS,CLOUDY/OVERCAST,DAYLIGHT,SIDESWIPE SAME DIRECTION,DIVIDED - W/MEDIAN (NOT RAISED),STRAIGHT AND LEVEL,DRY,NO DEFECTS,NO INJURY / DRIVE AWAY,"$501 - $1,500",RELATED TO BUS STOP,UNABLE TO DETERMINE,6100,S,ASHLAND AVE,2,NO INDICATION OF INJURY,0.0,0.0,0.0,0.0,0.0,2.0,0.0,13,4,9
66f54af56c42eebf32efde61a542e36e3ec54492332e3dab9edc5956b07f5c3a900306494484a86c0dec141a46aea3883e0636e6e4f3b38de58eaf1ec610b369,2022-06-01 14:30:00,30,NO CONTROLS,NO CONTROLS,CLEAR,DAYLIGHT,REAR END,DIVIDED - W/MEDIAN (NOT RAISED),STRAIGHT AND LEVEL,DRY,UNKNOWN,NO INJURY / DRIVE AWAY,"$501 - $1,500",UNABLE TO DETERMINE,UNABLE TO DETERMINE,5066,N,LINCOLN AVE,2,NO INDICATION OF INJURY,0.0,0.0,0.0,0.0,0.0,2.0,0.0,14,4,6
07c11ee7ac27119bdb59257f137ffbc572e28a4dd326e0b9675ff1dedf8a4ac8582f6f72ee6400744256d30196f66f72fe02504a4810eaac59dd0aea31ab65a1,2022-06-03 15:45:00,30,TRAFFIC SIGNAL,FUNCTIONING PROPERLY,CLEAR,DAYLIGHT,SIDESWIPE SAME DIRECTION,FOUR WAY,STRAIGHT AND LEVEL,DRY,NO DEFECTS,NO INJURY / DRIVE AWAY,"$501 - $1,500",IMPROPER LANE USAGE,NOT APPLICABLE,4099,W,MONTROSE AVE,2,NO INDICATION OF INJURY,0.0,0.0,0.0,0.0,0.0,2.0,0.0,15,6,6
5d31632aa8b1e22200ee6b2cae71e3f9acd22d6027a045b21aa9cc9fa7f48f328c008193b4b1f21145fc3d6d3f4bb262dbabff36d61e1d7f469788b454bf842d,2017-10-11 09:09:00,30,TRAFFIC SIGNAL,FUNCTIONING PROPERLY,RAIN,DAYLIGHT,SIDESWIPE SAME DIRECTION,DIVIDED - W/MEDIAN BARRIER,STRAIGHT AND LEVEL,WET,NO DEFECTS,NO INJURY / DRIVE AWAY,"OVER $1,500",DRIVING SKILLS/KNOWLEDGE/EXPERIENCE,WEATHER,9507,S,WESTERN AVE,2,NO INDICATION OF INJURY,0.0,0.0,0.0,0.0,0.0,2.0,0.0,9,4,10
6112da42dcb794913ce7144aa0ce285176510acffb052819d38941b0a7913d39eb601d9ea60d399a506f372ae21ce035db479a8d41e0f474899581fbbb628e7b,2016-10-18 09:50:00,30,NO CONTROLS,NO CONTROLS,CLEAR,DAYLIGHT,TURNING,DIVIDED - W/MEDIAN (NOT RAISED),STRAIGHT AND LEVEL,DRY,NO DEFECTS,NO INJURY / DRIVE AWAY,"OVER $1,500",FAILING TO YIELD RIGHT-OF-WAY,UNABLE TO DETERMINE,45,E,87TH ST,2,NO INDICATION OF INJURY,0.0,0.0,0.0,0.0,0.0,2.0,0.0,9,3,10
17e00cbb283b036b8b5e6ac538be1871cd2912f7b0a6a9e899e8e68677bb4be0ec8c82b0c603ea6722bcea8446454abf5eca4d7dfeca2a2512fc4050c27d59ee,2020-07-08 13:05:00,30,NO CONTROLS,NO CONTROLS,CLEAR,DAYLIGHT,ANGLE,NOT DIVIDED,STRAIGHT AND LEVEL,DRY,NO DEFECTS,NO INJURY / DRIVE AWAY,"$501 - $1,500",FAILING TO YIELD RIGHT-OF-WAY,FAILING TO YIELD RIGHT-OF-WAY,4800,W,FULTON ST,2,NO INDICATION OF INJURY,0.0,0.0,0.0,0.0,0.0,2.0,0.0,13,4,7
eee676a814418bb86827062364357d37ca952c4c1454a0b0fbd508660adc2c94b79a797480217135ec73f72c9f0d6b7a93aa059ade93ad7a8daf91f0b92dbc68,2022-08-17 13:57:00,30,NO CONTROLS,UNKNOWN,CLEAR,DAYLIGHT,TURNING,DIVIDED - W/MEDIAN (NOT RAISED),STRAIGHT AND LEVEL,DRY,NO DEFECTS,INJURY AND / OR TOW DUE TO CRASH,"$501 - $1,500",IMPROPER LANE USAGE,IMPROPER LANE USAGE,98,N,DESPLAINES ST,2,NONINCAPACITATING INJURY,1.0,0.0,0.0,1.0,0.0,3.0,0.0,13,4,8
5ee2f1bb89e05d9d40e810bffcb396512bee9d18ec5f3dc64793b515d0dafdf342a8b33aec026a0dcbdc32eaa03766ed0e68f3947e63826ae7f2219e8b2bdb6d,2021-05-23 23:26:00,30,NO CONTROLS,NO CONTROLS,CLEAR,"DARKNESS, LIGHTED ROAD",REAR TO FRONT,NOT DIVIDED,STRAIGHT AND LEVEL,DRY,NO DEFECTS,NO INJURY / DRIVE AWAY,"OVER $1,500",UNABLE TO DETERMINE,NOT APPLICABLE,899,W,85TH ST,2,NO INDICATION OF INJURY,0.0,0.0,0.0,0.0,0.0,3.0,0.0,23,1,5
98eb927ae6de5e5379c7a7e07bfd18afe374d10567cd12946825f23b27eef9afd707459e077021a13881177253ed701a5ecca037fa5df249400e1c0e3ca83596,2023-11-23 22:30:00,30,NO CONTROLS,NO CONTROLS,CLEAR,"DARKNESS, LIGHTED ROAD",PARKED MOTOR VEHICLE,NOT DIVIDED,STRAIGHT AND LEVEL,DRY,NO DEFECTS,NO INJURY / DRIVE AWAY,"OVER $1,500",DRIVING SKILLS/KNOWLEDGE/EXPERIENCE,UNABLE TO DETERMINE,1300,S,MICHIGAN AVE,2,NO INDICATION OF INJURY,0.0,0.0,0.0,0.0,0.0,1.0,0.0,22,5,11
c7f352ad84860bbe3524eab8bffb391e50002fc7a36493903e03a89945a2d0e4c57caefb236e26a164a12a9c2e35b5a206ec89105c25365ced4473d778adfeb2,2017-12-29 09:15:00,30,NO CONTROLS,NO CONTROLS,OTHER,DAYLIGHT,SIDESWIPE SAME DIRECTION,NOT DIVIDED,STRAIGHT AND LEVEL,WET,NO DEFECTS,NO INJURY / DRIVE AWAY,$500 OR LESS,IMPROPER OVERTAKING/PASSING,NOT APPLICABLE,1543,E,87TH ST,2,NO INDICATION OF INJURY,0.0,0.0,0.0,0.0,0.0,2.0,0.0,9,6,12
9a0ca476eadc79a3762ab5b818401eb199540c8ddd71b76b4f132c89541d162f5076f4814e3db09c95fb92fb2b412c4ceb8a1d595b99a3c9af68f4c9491b9457,2023-04-13 12:00:00,30,NO CONTROLS,UNKNOWN,UNKNOWN,UNKNOWN,OTHER OBJECT,PARKING LOT,STRAIGHT AND LEVEL,UNKNOWN,UNKNOWN,NO INJURY / DRIVE AWAY,"OVER $1,500",UNABLE TO DETERMINE,NOT APPLICABLE,733,W,117TH ST,1,NO INDICATION OF INJURY,0.0,0.0,0.0,0.0,0.0,1.0,0.0,12,5,4
67ae9514083608c75d01aeab43351b16cefcf8e10d78400804894d385faa317e2212602d21838d0680c0c6722a59609fcf3b434ee386423659eccba4505a8de0,2019-04-15 13:30:00,0,STOP SIGN/FLASHER,FUNCTIONING PROPERLY,CLEAR,DAYLIGHT,ANGLE,OTHER,STRAIGHT AND LEVEL,DRY,NO DEFECTS,NO INJURY / DRIVE AWAY,"OVER $1,500",DISREGARDING STOP SIGN,FAILING TO YIELD RIGHT-OF-WAY,1300,N,DEARBORN ST,2,NO INDICATION OF INJURY,0.0,0.0,0.0,0.0,0.0,2.0,0.0,13,2,4
7cf2f4fbd9859d54974db73fe46d8ee04cdf536c5d7fd046586492aa9ac011a67ee979c965cbb39b7bee6d1bb64fc3aa819306883ee71013bc065ae65cad9309,2023-08-26 16:40:00,15,NO CONTROLS,NO CONTROLS,CLEAR,DAYLIGHT,ANGLE,ALLEY,STRAIGHT AND LEVEL,DRY,NO DEFECTS,NO INJURY / DRIVE AWAY,"OVER $1,500",UNABLE TO DETERMINE,NOT APPLICABLE,2534,W,POLK ST,2,NO INDICATION OF INJURY,0.0,0.0,0.0,0.0,0.0,3.0,0.0,16,7,8
cfc4e76b9b3e5d18578c3a5d23a57d84de03ee4c6f57da87c452f1bb03e7a237adab27beb34a524b6ee159ebd8cf82cd6e0b03b1b9e7b5532b36186cf36b3885,2018-04-06 07:42:00,30,NO CONTROLS,NO CONTROLS,CLEAR,DAYLIGHT,TURNING,DIVIDED - W/MEDIAN (NOT RAISED),STRAIGHT AND LEVEL,DRY,NO DEFECTS,NO INJURY / DRIVE AWAY,"$501 - $1,500",IMPROPER TURNING/NO SIGNAL,NOT APPLICABLE,1301,S,KEDZIE AVE,2,NO INDICATION OF INJURY,0.0,0.0,0.0,0.0,0.0,3.0,0.0,7,6,4
416c422718a6059bc1a3ae29a581b3afacde23a3e31889a3518c2f183a5b15ae821f09d0a6c673b0bc4667c8b7ec378701ee96e22299edf9fdb63c56e4a0d890,2017-07-31 16:15:00,30,TRAFFIC SIGNAL,FUNCTIONING PROPERLY,CLEAR,DAYLIGHT,REAR END,DIVIDED - W/MEDIAN BARRIER,STRAIGHT AND LEVEL,DRY,UNKNOWN,NO INJURY / DRIVE AWAY,"OVER $1,500",UNABLE TO DETERMINE,UNABLE TO DETERMINE,1257,S,CLARK ST,2,NO INDICATION OF INJURY,0.0,0.0,0.0,0.0,0.0,2.0,0.0,16,2,7