CRASH_RECORD_ID,CRASH_DATE,POSTED_SPEED_LIMIT,TRAFFIC_CONTROL_DEVICE,DEVICE_CONDITION,WEATHER_CONDITION,LIGHTING_CONDITION,FIRST_CRASH_TYPE,TRAFFICWAY_TYPE,ALIGNMENT,ROADWAY_SURFACE_COND,ROAD_DEFECT,CRASH_TYPE,DAMAGE,PRIM_CONTRIBUTORY_CAUSE,SEC_CONTRIBUTORY_CAUSE,STREET_NO,STREET_DIRECTION,STREET_NAME,NUM_UNITS,MOST_SEVERE_INJURY,INJURIES_TOTAL,INJURIES_FATAL,INJURIES_INCAPACITATING,INJURIES_NON_INCAPACITATING,INJURIES_REPORTED_NOT_EVIDENT,INJURIES_NO_INDICATION,INJURIES_UNKNOWN,CRASH_HOUR,CRASH_DAY_OF_WEEK,CRASH_MONTH
267e335cae2b7ba204f1eb0a6509094d0e3f048ec08360c3949925890b0384a55dbbced9513a9afe23a91ff62380ff0ee188d8c54e932a24b1cc4ec29006df0c,2019-06-21 20:00:00,30,NO CONTROLS,NO CONTROLS,UNKNOWN,UNKNOWN,PARKED MOTOR VEHICLE,PARKING LOT,STRAIGHT AND LEVEL,UNKNOWN,UNKNOWN,NO INJURY / DRIVE AWAY,"OVER $1,500",UNABLE TO DETERMINE,UNABLE TO DETERMINE,770,W,GLADYS AVE,2,NO INDICATION OF INJURY,0.0,0.0,0.0,0.0,0.0,1.0,0.0,20,6,6
302599e4070ca4d38b45cd38ebec6dcdfe9974623b30732c8ae50c6de1da80e680bfc7ec7391cb6e2d4553591a6181e7c005c790842b91f93aeb104732cdd150,2018-09-20 09:05:00,20,NO CONTROLS,NO CONTROLS,CLEAR,DAYLIGHT,PARKED MOTOR VEHICLE,NOT DIVIDED,STRAIGHT AND LEVEL,DRY,NO DEFECTS,NO INJURY / DRIVE AWAY,"$501 - $1,500",IMPROPER OVERTAKING/PASSING,IMPROPER OVERTAKING/PASSING,2233,W,FOSTER AVE,2,NO INDICATION OF INJURY,0.0,0.0,0.0,0.0,0.0,2.0,0.0,9,5,9
0fd642edb514e833c1d62ed8ee4ce81375f126721f1664d67a2e65ab85b322d9ba8a7884cc4296537662f8f0227093954993ca6fc3b37a8a607a900a3afcf2fb,2021-03-19 00:45:00,35,NO CONTROLS,NO CONTROLS,CLEAR,"DARKNESS, LIGHTED ROAD",SIDESWIPE SAME DIRECTION,DIVIDED - W/MEDIAN BARRIER,STRAIGHT AND LEVEL,DRY,NO DEFECTS,NO INJURY / DRIVE AWAY,"OVER $1,500",IMPROPER OVERTAKING/PASSING,IMPROPER LANE USAGE,5300,S,LAKE SHORE DR SB,2,NO INDICATION OF INJURY,0.0,0.0,0.0,0.0,0.0,2.0,0.0,0,6,3
857eeb696024b56399cfafab5d9b8a10b368322129b091881433c93c2f185dcb33e698d2c9150bf21479b45cb394c1e982508743b9f05fb2aaa3fd20e71619a0,2018-01-19 18:50:00,30,NO CONTROLS,NO CONTROLS,CLEAR,DARKNESS,SIDESWIPE OPPOSITE DIRECTION,NOT DIVIDED,STRAIGHT AND LEVEL,DRY,NO DEFECTS,NO INJURY / DRIVE AWAY,"OVER $1,500",IMPROPER LANE USAGE,NOT APPLICABLE,730,W,79TH ST,2,NO INDICATION OF INJURY,0.0,0.0,0.0,0.0,0.0,2.0,0.0,18,6,1
daa3f772fa022d2110438baf9e7f641049c40167d97baab8d10a5358503109208bbc3d8108b312c7d9ca843bba339e1eacf55cd7037e1dc66c7712e6f559a0f3,2017-02-05 07:40:00,30,NO CONTROLS,NO CONTROLS,CLEAR,DAYLIGHT,REAR END,NOT DIVIDED,STRAIGHT AND LEVEL,DRY,NO DEFECTS,NO INJURY / DRIVE AWAY,"OVER $1,500",FOLLOWING TOO CLOSELY,NOT APPLICABLE,7618,N,SHERIDAN RD,2,NO INDICATION OF INJURY,0.0,0.0,0.0,0.0,0.0,2.0,0.0,7,1,2
90408c6a7e7123f939d601b8bb9eb9879e6ab14b61014ec358ac8b2c0bcd4dbd23b69f2b07945dbcb744f7cefb413652bf57356becc779e23cbcbaf55b4d890e,2018-04-26 10:40:00,45,LANE USE MARKING,FUNCTIONING PROPERLY,CLEAR,DAYLIGHT,TURNING,DIVIDED - W/MEDIAN (NOT RAISED),STRAIGHT AND LEVEL,DRY,NO DEFECTS,NO INJURY / DRIVE AWAY,"$501 - $1,500",DRIVING SKILLS/KNOWLEDGE/EXPERIENCE,DRIVING SKILLS/KNOWLEDGE/EXPERIENCE,1200,S,COLUMBUS DR,2,NO INDICATION OF INJURY,0.0,0.0,0.0,0.0,0.0,2.0,0.0,10,5,4
f5494b1cf4fec593b6a107594659176f7802f916ec7e29d972206d3d46926b1ea44026965fda17dafe3229124050c99c5c2f31ed0d1b9bed37769927398ddd46,2020-06-12 18:34:00,20,NO CONTROLS,NO CONTROLS,CLEAR,DAYLIGHT,PARKED MOTOR VEHICLE,PARKING LOT,STRAIGHT AND LEVEL,DRY,NO DEFECTS,NO INJURY / DRIVE AWAY,"OVER $1,500",UNABLE TO DETERMINE,UNABLE TO DETERMINE,4345,W,ARMITAGE AVE,2,NO INDICATION OF INJURY,0.0,0.0,0.0,0.0,0.0,1.0,0.0,18,6,6
bcb37018b7ba80334dfb97b95f10af4357ae74662b05d522e1647be160c8759b339e33569e0fed75465ace2a78d0972e9623cb63675d452ae7294ad6f08f9b62,2022-06-08 05:53:00,40,NO CONTROLS,NO CONTROLS,CLEAR,DAYLIGHT,FIXED OBJECT,DIVIDED - W/MEDIAN BARRIER,STRAIGHT ON HILLCREST,DRY,NO DEFECTS,INJURY AND / OR TOW DUE TO CRASH,"OVER $1,500",FAILING TO REDUCE SPEED TO AVOID CRASH,DRIVING SKILLS/KNOWLEDGE/EXPERIENCE,1541,N,LAKE SHORE DR SB,2,NONINCAPACITATING INJURY,1.0,0.0,0.0,1.0,0.0,0.0,0.0,5,4,6
05140ff5390a8fbe69059d8cc99b3683059b13c171e69fbd3defb767172dcb9535fabc22d31c24b9a6be0a472032d781f2bab91daa9d4079cb84e5d547c786af,2023-05-13 00:00:00,30,NO CONTROLS,NO CONTROLS,CLOUDY/OVERCAST,"DARKNESS, LIGHTED ROAD",PARKED MOTOR VEHICLE,NOT DIVIDED,STRAIGHT AND LEVEL,DRY,NO DEFECTS,NO INJURY / DRIVE AWAY,"OVER $1,500",UNABLE TO DETERMINE,UNABLE TO DETERMINE,10632,S,EWING AVE,2,NO INDICATION OF INJURY,0.0,0.0,0.0,0.0,0.0,1.0,0.0,0,7,5
947062a5a3ce35d8a9818ed9fb35e2bb26357b0fc6d5f51bf6fe45c3d76233cd49f415d6f493a2e44f8922d0479f9cd6c2a792eb1668e17c269441fa22dbb6e3,2023-10-18 21:54:00,35,NO CONTROLS,NO CONTROLS,RAIN,"DARKNESS, LIGHTED ROAD",PARKED MOTOR VEHICLE,ONE-WAY,STRAIGHT AND LEVEL,WET,NO DEFECTS,INJURY AND / OR TOW DUE TO CRASH,"OVER $1,500",NOT APPLICABLE,NOT APPLICABLE,6223,S,CHAMPLAIN AVE,3,NO INDICATION OF INJURY,0.0,0.0,0.0,0.0,0.0,1.0,0.0,21,4,10
3a3fb5b0117b890562653c2eca66efc53db3ffdcc6337637f0ee3d5b36e044547ddbcea85e2cefb7ec15d0c99c32b6a0906170fc972450a0d5b16ea1da2f41ea,2024-03-08 05:38:00,30,NO CONTROLS,NO CONTROLS,RAIN,"DARKNESS, LIGHTED ROAD",PEDESTRIAN,NOT DIVIDED,STRAIGHT AND LEVEL,WET,NO DEFECTS,NO INJURY / DRIVE AWAY,$500 OR LESS,UNABLE TO DETERMINE,NOT APPLICABLE,628,E,71ST ST,2,NO INDICATION OF INJURY,0.0,0.0,0.0,0.0,0.0,2.0,0.0,5,6,3
02b675a5789fe4f9863b631dccd761b234b7798c95c341900205010b615f060827273c74c7b3c555e212a82ac7e387f362db3424b2931df4c0b9a79443c73473,2018-10-30 10:22:00,30,NO CONTROLS,NO CONTROLS,CLOUDY/OVERCAST,DAYLIGHT,REAR END,ONE-WAY,STRAIGHT AND LEVEL,DRY,NO DEFECTS,NO INJURY / DRIVE AWAY,$500 OR LESS,"OPERATING VEHICLE IN ERRATIC, RECKLESS, CARELESS, NEGLIGENT OR AGGRESSIVE MANNER",NOT APPLICABLE,549,E,50TH PL,2,NO INDICATION OF INJURY,0.0,0.0,0.0,0.0,0.0,2.0,0.0,10,3,10
ced6069f0c00d642e9d37b91b9c0a43dbfe20bee49b9575b2caa73a1bd48f08428e5d68ded0938f0b6426c852adfcea270cdd74f9951eabb9e1d994ca30376f0,2016-04-18 22:10:00,25,STOP SIGN/FLASHER,FUNCTIONING PROPERLY,CLEAR,"DARKNESS, LIGHTED ROAD",PARKED MOTOR VEHICLE,ONE-WAY,STRAIGHT AND LEVEL,DRY,UNKNOWN,NO INJURY / DRIVE AWAY,"OVER $1,500",IMPROPER BACKING,FAILING TO REDUCE SPEED TO AVOID CRASH,5200,S,NATCHEZ AVE,2,NO INDICATION OF INJURY,0.0,0.0,0.0,0.0,0.0,1.0,0.0,22,2,4
68661c355bb8bede5be6ca74eeccc9f4772f0e918a01285cc606a9fa100d58e0f0cda3b168d615f87052caa9bd0079537c298ecc211108c891497f6dc774e95d,2022-06-20 16:00:00,15,NO CONTROLS,NO CONTROLS,CLEAR,DAYLIGHT,FIXED OBJECT,PARKING LOT,STRAIGHT AND LEVEL,DRY,NO DEFECTS,NO INJURY / DRIVE AWAY,"$501 - $1,500",UNABLE TO DETERMINE,NOT APPLICABLE,1820,W,87TH ST,1,NO INDICATION OF INJURY,0.0,0.0,0.0,0.0,0.0,1.0,0.0,16,2,6
95ab46995527a4645b98ad812b6419a638e88f279277cb7bd883c21bad9179a840a29eb7fb4b17e8290293228eaa2472bdec25d3ad0f3b630dfaf8e86a2160d2,2017-04-22 21:20:00,30,TRAFFIC SIGNAL,FUNCTIONING PROPERLY,UNKNOWN,UNKNOWN,ANGLE,NOT DIVIDED,STRAIGHT AND LEVEL,UNKNOWN,UNKNOWN,NO INJURY / DRIVE AWAY,"OVER $1,500",DISREGARDING TRAFFIC SIGNALS,FAILING TO YIELD RIGHT-OF-WAY,4000,W,55TH ST,3,NO INDICATION OF INJURY,0.0,0.0,0.0,0.0,0.0,3.0,0.0,21,7,4
bf9b4c4145cdbb7eb5b92b60972dee56578407b5c3e552e40dccc59e9a2662dbfa1f0ed5c0a4c51483fc2d06af61b56aac8c451e98af77082d32669f1bff4d4f,2023-07-08 20:30:00,30,NO CONTROLS,NO CONTROLS,CLEAR,DAYLIGHT,PARKED MOTOR VEHICLE,OTHER,CURVE ON HILLCREST,DRY,NO DEFECTS,NO INJURY / DRIVE AWAY,"OVER $1,500",NOT APPLICABLE,NOT APPLICABLE,600,S,CENTRAL AVE,2,NO INDICATION OF INJURY,0.0,0.0,0.0,0.0,0.0,1.0,0.0,20,7,7
6691ce7992e9f0f74fb67d9438b1617f9d2f716f655e0c499d482d26f515f52bd6e33538f512620d539db9e3dc488d6380875b8b050417b89e471d2e3353f7df,2019-12-23 20:50:00,35,TRAFFIC SIGNAL,FUNCTIONING PROPERLY,CLEAR,"DARKNESS, LIGHTED ROAD",REAR END,DIVIDED - W/MEDIAN (NOT RAISED),STRAIGHT AND LEVEL,DRY,NO DEFECTS,NO INJURY / DRIVE AWAY,"$501 - $1,500",DISTRACTION - FROM INSIDE VEHICLE,UNABLE TO DETERMINE,2804,N,ASHLAND AVE,2,NO INDICATION OF INJURY,0.0,0.0,0.0,0.0,0.0,3.0,0.0,20,2,12
dbfd50d60a105927655b52ad5f2e3c3538d096f2efcea902626fb6a34cb3fcd92eda470830f6710b238d4befd170e4230ece9a03fd1d9b2fb510f50713df7b75,2018-11-13 17:25:00,30,STOP SIGN/FLASHER,FUNCTIONING PROPERLY,CLEAR,"DARKNESS, LIGHTED ROAD",ANGLE,OTHER,STRAIGHT AND LEVEL,DRY,NO DEFECTS,INJURY AND / OR TOW DUE TO CRASH,"OVER $1,500",FAILING TO YIELD RIGHT-OF-WAY,NOT APPLICABLE,1400,S,ALBANY AVE,2,NO INDICATION OF INJURY,0.0,0.0,0.0,0.0,0.0,2.0,0.0,17,3,11
f6c2b8177403efb2c0e6796262354cb5bd61439b09ba93b4e5dfa4fca27db46c8ad9d16848d3cb5272b1bc702f79b7d36e75421c9b7e7ad26055b2c76d911664,2019-12-19 20:50:00,35,NO CONTROLS,NO CONTROLS,CLEAR,DARKNESS,PARKED MOTOR VEHICLE,NOT DIVIDED,STRAIGHT AND LEVEL,DRY,UNKNOWN,NO INJURY / DRIVE AWAY,"$501 - $1,500",IMPROPER BACKING,IMPROPER BACKING,3201,S,KOSTNER AVE,2,NO INDICATION OF INJURY,0.0,0.0,0.0,0.0,0.0,1.0,0.0,20,5,12
6b836f9086b309c31ac7ca43c60cab0fff3eb1b1b68d25ee58691c26458f7d48e1a75877ae143715b46aa33bbbaed89d178e278e6d92bd17efff9718a968298e,2018-01-01 11:15:00,30,TRAFFIC SIGNAL,FUNCTIONING PROPERLY,CLEAR,DAYLIGHT,TURNING,DIVIDED - W/MEDIAN (NOT RAISED),STRAIGHT ON GRADE,WET,NO DEFECTS,INJURY AND / OR TOW DUE TO CRASH,"OVER $1,500",IMPROPER OVERTAKING/PASSING,IMPROPER LANE USAGE,1958,W,69TH ST,2,NONINCAPACITATING INJURY,3.0,0.0,0.0,1.0,2.0,0.0,0.0,11,2,1
afbbc5daf9a9fdb1af0f3249ce4143380858aa2dcae27663636c1e7f4685a2d3ef8cfa967949d5827960f298293f9115b0e6163d0e18dbfa55a2790271fb2ecb,2020-03-09 07:50:00,30,NO CONTROLS,NO CONTROLS,RAIN,DAYLIGHT,FIXED OBJECT,NOT DIVIDED,STRAIGHT AND LEVEL,WET,NO DEFECTS,INJURY AND / OR TOW DUE TO CRASH,"OVER $1,500",UNABLE TO DETERMINE,NOT APPLICABLE,1502,N,KOSTNER AVE,1,"REPORTED, NOT EVIDENT",1.0,0.0,0.0,0.0,1.0,0.0,0.0,7,2,3
0e6303e52a70a261e23b692c46b6cb8a1815e8302672ae48eaf0e9a24ed7bee8ca3a345d735c8d52532583922ca3fb657fb63823a822ce3c159fcc3fdf1e2a1b,2017-10-29 14:40:00,30,NO CONTROLS,NO CONTROLS,UNKNOWN,DAYLIGHT,TURNING,DIVIDED - W/MEDIAN (NOT RAISED),STRAIGHT AND LEVEL,UNKNOWN,UNKNOWN,INJURY AND / OR TOW DUE TO CRASH,"OVER $1,500",FOLLOWING TOO CLOSELY,UNABLE TO DETERMINE,2750,W,COLUMBUS AVE,2,"REPORTED, NOT EVIDENT",1.0,0.0,0.0,0.0,1.0,2.0,0.0,14,1,10
7bd90500ad872e618fa7dbd08b2e5ffa2d6a64070d5e6986204feaa8e726787ed72fdf7c3d090c4382fc58f82ef2e1304c4c3e49f13cc40c0cadb9d298bdff25,2022-06-01 21:15:00,15,NO CONTROLS,NO CONTROLS,CLEAR,DAYLIGHT,ANGLE,OTHER,STRAIGHT AND LEVEL,DRY,NO DEFECTS,NO INJURY / DRIVE AWAY,"$501 - $1,500",FAILING TO YIELD RIGHT-OF-WAY,NOT APPLICABLE,524,W,OHARE ST,2,NO INDICATION OF INJURY,0.0,0.0,0.0,0.0,0.0,2.0,0.0,21,4,6
20684961212d0e3b6bf0269399bfa321c7ac79dde6e3df8de656682dab664bca77637aeed305c932e45e0944b9f2f5ec7add0bd3f637683053c0b722adad99df,2018-05-24 15:50:00,25,NO CONTROLS,NO CONTROLS,CLEAR,DAYLIGHT,REAR END,NOT DIVIDED,STRAIGHT AND LEVEL,DRY,NO DEFECTS,NO INJURY / DRIVE AWAY,"$501 - $1,500",NOT APPLICABLE,NOT APPLICABLE,3021,W,FULTON BLVD,2,NO INDICATION OF INJURY,0.0,0.0,0.0,0.0,0.0,2.0,0.0,15,5,5
981c37ccb315d4b04504a86034a5d6f255d81b2c24123171cf62c1f712d807b23d7e57b6f088a638543a62ee421203eb130ce1e22dad85ad5b4eb524df371a99,2021-04-14 11:05:00,25,NO CONTROLS,NO CONTROLS,CLEAR,DAYLIGHT,SIDESWIPE SAME DIRECTION,NOT DIVIDED,STRAIGHT AND LEVEL,DRY,NO DEFECTS,NO INJURY / DRIVE AWAY,"$501 - $1,500",DRIVING SKILLS/KNOWLEDGE/EXPERIENCE,UNABLE TO DETERMINE,1552,W,WASHBURNE AVE,2,NO INDICATION OF INJURY,0.0,0.0,0.0,0.0,0.0,2.0,0.0,11,4,4
2217691ace5c7111127fc79f37ceecbbabc2de40562b1f36d93f447fdd1cd56ea13de23d7075ece1cbaa2daca91fe27812816d007ef8f5107df98262ef80fb80,2018-09-17 09:00:00,30,NO CONTROLS,NO CONTROLS,CLEAR,DAYLIGHT,FIXED OBJECT,PARKING LOT,STRAIGHT AND LEVEL,DRY,NO DEFECTS,NO INJURY / DRIVE AWAY,"$501 - $1,500",IMPROPER BACKING,IMPROPER BACKING,3038,E,92ND ST,2,NO INDICATION OF INJURY,0.0,0.0,0.0,0.0,0.0,2.0,0.0,9,2,9
bac6a899eabee20304a6d32d02b664a88189efb52fa84e6e7a9d6837aa1753c05a5eeb404f3bff38b1f39f8ce87143c5a3e1cc4d382fa430ae9f42a69487a739,2018-01-04 10:37:00,30,TRAFFIC SIGNAL,FUNCTIONING PROPERLY,CLEAR,DAYLIGHT,ANGLE,NOT DIVIDED,STRAIGHT AND LEVEL,DRY,NO DEFECTS,INJURY AND / OR TOW DUE TO CRASH,"OVER $1,500","OPERATING VEHICLE IN ERRATIC, RECKLESS, CARELESS, NEGLIGENT OR AGGRESSIVE MANNER",DISREGARDING TRAFFIC SIGNALS,4801,W,MAYPOLE AVE,3,NONINCAPACITATING INJURY,2.0,0.0,0.0,2.0,0.0,2.0,0.0,10,5,1
89a62ddbf1c30e69bd4a47eeb18a73f38ba8cbb3b1f54b6cc98bce7d01ee083e3c7ca40ebd04935631392183404e04c1d93e0eae08b6ae6ae7fbd9b4e944c240,2023-07-05 22:55:00,30,STOP SIGN/FLASHER,FUNCTIONING PROPERLY,RAIN,"DARKNESS, LIGHTED ROAD",REAR END,NOT DIVIDED,STRAIGHT AND LEVEL,WET,UNKNOWN,INJURY AND / OR TOW DUE TO CRASH,"OVER $1,500",UNABLE TO DETERMINE,UNABLE TO DETERMINE,1515,S,KEDVALE AVE,2,"REPORTED, NOT EVIDENT",2.0,0.0,0.0,0.0,2.0,1.0,0.0,22,4,7
e631d6c594c7e2c4c63ed2923def3d6d8a893ab6198e231f9277965aea00f27114b2951f48f7472c933dd553246022ddabf1dfcb8f5684e99b039578a0192f3e,2017-07-28 16:00:00,30,NO CONTROLS,NO CONTROLS,CLEAR,DAYLIGHT,REAR END,NOT DIVIDED,STRAIGHT AND LEVEL,DRY,NO DEFECTS,INJURY AND / OR TOW DUE TO CRASH,"OVER $1,500",FOLLOWING TOO CLOSELY,DRIVING SKILLS/KNOWLEDGE/EXPERIENCE,3134,W,59TH ST,2,"REPORTED, NOT EVIDENT",1.0,0.0,0.0,0.0,1.0,2.0,0.0,16,6,7
6adbe80224bb89443bce31e3ab2a45f276af78b9cfc04791219a3cc2c8aff4aeb6d0c45611695d2a48e8a87801f40e588e57e2b2944383508ef4e66a0b2fa8c3,2022-05-16 12:10:00,30,NO CONTROLS,NO CONTROLS,CLEAR,DAYLIGHT,REAR END,NOT DIVIDED,STRAIGHT AND LEVEL,DRY,NO DEFECTS,NO INJURY / DRIVE AWAY,$500 OR LESS,UNABLE TO DETERMINE,UNABLE TO DETERMINE,2218,S,WESTERN AVE,2,NO INDICATION OF INJURY,0.0,0.0,0.0,0.0,0.0,2.0,0.0,12,2,5
ab1864500a5768aa0269fe856c96640f9ddba2bc6e35c6493c4406513cabd7419167dbf7917ccce4d1a3e35c3d27cdab4b3650ede554511e3ef443eb46776b1b,2019-11-23 12:55:00,30,NO CONTROLS,NO CONTROLS,CLEAR,DAYLIGHT,SIDESWIPE SAME DIRECTION,ONE-WAY,STRAIGHT AND LEVEL,DRY,NO DEFECTS,NO INJURY / DRIVE AWAY,"OVER $1,500",UNABLE TO DETERMINE,UNABLE TO DETERMINE,5703,N,GLENWOOD AVE,2,NO INDICATION OF INJURY,0.0,0.0,0.0,0.0,0.0,2.0,0.0,12,7,11
ffeee6fa545d5c82e83650031fcf518628a2fc404d40cccd75c646ef7d892e53e0acd69cbd27330fd4143c7351cff1db188bcae0c8ae4a54a53cfe5e908ad37e,2023-07-08 05:58:00,30,NO CONTROLS,NO CONTROLS,UNKNOWN,"DARKNESS, LIGHTED ROAD",PARKED MOTOR VEHICLE,NOT DIVIDED,STRAIGHT AND LEVEL,UNKNOWN,NO DEFECTS,INJURY AND / OR TOW DUE TO CRASH,"OVER $1,500",EQUIPMENT - VEHICLE CONDITION,NOT APPLICABLE,5354,W,WABANSIA AVE,3,NO INDICATION OF INJURY,0.0,0.0,0.0,0.0,0.0,2.0,0.0,5,7,7
8754ed8e5acfc461cab7dc98f7f23deab4ec79860f8ef4a7dfac95f94682e519421511b4d7a02c150c1c08d0124f25eca7ddfbda32b655d0e5adc0aadd7df858,2021-09-17 07:44:00,30,TRAFFIC SIGNAL,FUNCTIONING PROPERLY,CLEAR,DAYLIGHT,REAR END,FOUR WAY,STRAIGHT AND LEVEL,DRY,NO DEFECTS,INJURY AND / OR TOW DUE TO CRASH,"OVER $1,500",FOLLOWING TOO CLOSELY,FAILING TO YIELD RIGHT-OF-WAY,8399,W,HIGGINS RD,2,"REPORTED, NOT EVIDENT",1.0,0.0,0.0,0.0,1.0,1.0,0.0,7,6,9
b0f35ab288030717834742929c109770917d02b5253a6965213d9582dbb2f2a2c50dcd3cfb89597e9819c4c69e6aaf4446cf21c84e2e2ad3ec5657ecfecfce63,2020-07-22 13:00:00,20,NO CONTROLS,NO CONTROLS,CLEAR,DAYLIGHT,PARKED MOTOR VEHICLE,ONE-WAY,STRAIGHT AND LEVEL,DRY,NO DEFECTS,NO INJURY / DRIVE AWAY,"$501 - $1,500",UNABLE TO DETERMINE,NOT APPLICABLE,2750,N,WOLCOTT AVE,2,NO INDICATION OF INJURY,0.0,0.0,0.0,0.0,0.0,1.0,0.0,13,4,7
388a7383a63cb636c3408f0bb11b08c7f56f61c151d360066c763f52f35da4300cd9912c0d36f792b55b42aa041b90ae94ef64455f3a25f92ac9382a07ecf83d,2017-10-25 17:50:00,30,NO CONTROLS,FUNCTIONING PROPERLY,CLEAR,DAYLIGHT,REAR END,NOT DIVIDED,STRAIGHT AND LEVEL,DRY,NO DEFECTS,NO INJURY / DRIVE AWAY,$500 OR LESS,UNABLE TO DETERMINE,UNABLE TO DETERMINE,3042,W,PETERSON AVE,2,NO INDICATION OF INJURY,0.0,0.0,0.0,0.0,0.0,3.0,0.0,17,4,10
7990e89932cefc5a582836f2627e99f8fad9682b10af1bd68e6e297d1d1760febe6422edd2edbecb88eba51aedefe383c4e184778ff1a1c5fe67eb054a9e872b,2019-07-05 18:00:00,30,NO CONTROLS,UNKNOWN,CLEAR,DAYLIGHT,PEDALCYCLIST,DIVIDED - W/MEDIAN (NOT RAISED),STRAIGHT AND LEVEL,DRY,UNKNOWN,NO INJURY / DRIVE AWAY,$500 OR LESS,UNABLE TO DETERMINE,NOT APPLICABLE,300,W,ROOSEVELT RD,2,NO INDICATION OF INJURY,0.0,0.0,0.0,0.0,0.0,1.0,0.0,18,6,7
4fa77d6fa5e76dfc151885e032a5f1cdf9d94cf37e56e11e52e201c98c486169e55bc1d41492560b9621548ee79a666ebb09f427d31b4c2b1284b24a4fc09216,2023-03-20 10:30:00,35,TRAFFIC SIGNAL,FUNCTIONING PROPERLY,CLEAR,DAYLIGHT,REAR END,NOT DIVIDED,STRAIGHT AND LEVEL,DRY,NO DEFECTS,NO INJURY / DRIVE AWAY,"OVER $1,500",UNABLE TO DETERMINE,UNABLE TO DETERMINE,2501,W,ADDISON ST,2,NO INDICATION OF INJURY,0.0,0.0,0.0,0.0,0.0,2.0,0.0,10,2,3
a5390ea72c8301a45450eb128e86cce404989a723e2fc8685297c0152e0c6ce25011ac56c1fe30cfc8203e6ee52ac4c74daf8bee91c3922743b3e6d7c074ca9e,2018-12-13 21:15:00,30,TRAFFIC SIGNAL,FUNCTIONING PROPERLY,RAIN,"DARKNESS, LIGHTED ROAD",SIDESWIPE SAME DIRECTION,ONE-WAY,STRAIGHT AND LEVEL,WET,NO DEFECTS,NO INJURY / DRIVE AWAY,"OVER $1,500",DISREGARDING TRAFFIC SIGNALS,NOT APPLICABLE,150,N,MICHIGAN AVE,2,NO INDICATION OF INJURY,0.0,0.0,0.0,0.0,0.0,5.0,0.0,21,5,12
e3bce7cc1a1e8cf8a01900ce832c3c386477afeaa241aa99cc0468921127e06fdb98b230bcde5a334ed907a8d679c139f32c8fa1d27402acb05487e8c79d1f4e,2015-12-21 17:30:00,30,NO CONTROLS,NO CONTROLS,CLEAR,DARKNESS,SIDESWIPE SAME DIRECTION,NOT DIVIDED,STRAIGHT AND LEVEL,DRY,NO DEFECTS,NO INJURY / DRIVE AWAY,"$501 - $1,500",DRIVING SKILLS/KNOWLEDGE/EXPERIENCE,UNABLE TO DETERMINE,121,S,STATE ST,2,NO INDICATION OF INJURY,0.0,0.0,0.0,0.0,0.0,2.0,0.0,17,2,12
705707fb9f346ab6d724ce08257514d762ea32b729b2a7d0a3b4de1716a7766e1ffdbd91b22a03f5733fecd6587a71811eac553e1e7df5c30d75639a415e874a,2018-09-01 10:00:00,5,NO CONTROLS,NO CONTROLS,UNKNOWN,DAYLIGHT,FIXED OBJECT,ALLEY,STRAIGHT AND LEVEL,UNKNOWN,NO DEFECTS,NO INJURY / DRIVE AWAY,"OVER $1,500",NOT APPLICABLE,NOT APPLICABLE,4806,S,KARLOV AVE,1,NO INDICATION OF INJURY,0.0,0.0,0.0,0.0,0.0,1.0,0.0,10,7,9
7c4a54361ad44cb0b2b424579de4c4462a1f7634d422a35544a7ebf22f664b4e6cf9aa4b6c003e637d5dcd66b82bd642a437b91c4e514d5532ab3366451b0972,2021-03-04 16:15:00,15,NO CONTROLS,NO CONTROLS,CLEAR,DAYLIGHT,TURNING,PARKING LOT,STRAIGHT AND LEVEL,DRY,NO DEFECTS,NO INJURY / DRIVE AWAY,"OVER $1,500",FAILING TO YIELD RIGHT-OF-WAY,NOT APPLICABLE,6324,S,YALE AVE,2,NO INDICATION OF INJURY,0.0,0.0,0.0,0.0,0.0,2.0,0.0,16,5,3
d432001b28de6aa81c4deb02ae26aaba9540c273af2d9c9ec32656d6ee1a8d028cd84e81bed2eaf48d55865160bfd8abab5cca5ccafb3325eb2ac589b314faec,2020-08-11 12:00:00,30,NO CONTROLS,NO CONTROLS,CLEAR,DAYLIGHT,PARKED MOTOR VEHICLE,NOT DIVIDED,STRAIGHT AND LEVEL,DRY,NO DEFECTS,NO INJURY / DRIVE AWAY,$500 OR LESS,UNABLE TO DETERMINE,NOT APPLICABLE,3299,W,LELAND AVE,2,NO INDICATION OF INJURY,0.0,0.0,0.0,0.0,0.0,1.0,0.0,12,3,8
eda23cc64f244fc5da6385355a0d0e9e8165ce650ba2ca60e979066715af9431ad1d65f5ebfc97899b0b782c925e3d1ec1911ade38f53c75bfb6b39305b03da6,2023-02-09 17:30:00,30,UNKNOWN,UNKNOWN,UNKNOWN,UNKNOWN,REAR END,NOT DIVIDED,STRAIGHT AND LEVEL,UNKNOWN,UNKNOWN,NO INJURY / DRIVE AWAY,"OVER $1,500",UNABLE TO DETERMINE,UNABLE TO DETERMINE,191,N,FRANKLIN ST,2,NO INDICATION OF INJURY,0.0,0.0,0.0,0.0,0.0,2.0,0.0,17,5,2