CRASH_RECORD_ID,CRASH_DATE,POSTED_SPEED_LIMIT,TRAFFIC_CONTROL_DEVICE,DEVICE_CONDITION,WEATHER_CONDITION,LIGHTING_CONDITION,FIRST_CRASH_TYPE,TRAFFICWAY_TYPE,ALIGNMENT,ROADWAY_SURFACE_COND,ROAD_DEFECT,CRASH_TYPE,DAMAGE,PRIM_CONTRIBUTORY_CAUSE,SEC_CONTRIBUTORY_CAUSE,STREET_NO,STREET_DIRECTION,STREET_NAME,NUM_UNITS,MOST_SEVERE_INJURY,INJURIES_TOTAL,INJURIES_FATAL,INJURIES_INCAPACITATING,INJURIES_NON_INCAPACITATING,INJURIES_REPORTED_NOT_EVIDENT,INJURIES_NO_INDICATION,INJURIES_UNKNOWN,CRASH_HOUR,CRASH_DAY_OF_WEEK,CRASH_MONTH
d456a3227c4515932eec800ab1a56e79b5acfa120f82b5db12a8873c6f4766cf2f5eb24a0ccdc7cd644beab960dee06b0f9d6072cccf6d081ec67fd50e7d6a93,2021-08-02 22:00:00,30,TRAFFIC SIGNAL,FUNCTIONING PROPERLY,CLEAR,DAYLIGHT,PEDESTRIAN,FOUR WAY,STRAIGHT AND LEVEL,DRY,NO DEFECTS,INJURY AND / OR TOW DUE TO CRASH,$500 OR LESS,FAILING TO YIELD RIGHT-OF-WAY,FAILING TO YIELD RIGHT-OF-WAY,3500,S,ASHLAND AVE,2,NONINCAPACITATING INJURY,1.0,0.0,0.0,1.0,0.0,1.0,0.0,22,2,8
4b16ab4ea40a401c6999dd258ec146476ab6f55f6f5ef36fe7b6d310cec24979edaa95f52e2876eba75a10cfab37d72d96f4cbb33c92365706301964b3687e7f,2018-10-24 15:30:00,30,NO CONTROLS,NO CONTROLS,CLEAR,DAYLIGHT,REAR END,DIVIDED - W/MEDIAN (NOT RAISED),STRAIGHT AND LEVEL,DRY,NO DEFECTS,NO INJURY / DRIVE AWAY,"OVER $1,500",UNABLE TO DETERMINE,EXCEEDING AUTHORIZED SPEED LIMIT,1000,S,CLARK ST,2,NO INDICATION OF INJURY,0.0,0.0,0.0,0.0,0.0,2.0,0.0,15,4,10
63a4f0781dd96e8efa0d627a051f5039f70dd821dbb3ef6e46766eee2fb98b18feda9eebb58fc82fea45f5dfc807eddb5584f2f7a9c310eedf8b6f6e7983759d,2019-12-06 17:15:00,30,TRAFFIC SIGNAL,FUNCTIONING PROPERLY,CLEAR,DUSK,TURNING,T-INTERSECTION,STRAIGHT AND LEVEL,DRY,NO DEFECTS,NO INJURY / DRIVE AWAY,"OVER $1,500",FAILING TO REDUCE SPEED TO AVOID CRASH,NOT APPLICABLE,1641,W,ARMITAGE AVE,2,NO INDICATION OF INJURY,0.0,0.0,0.0,0.0,0.0,3.0,0.0,17,6,12
501c07548333cf50052d80b0a2f54e50dcdc4170a2443ff6671650ffd0ff9b97500631a057a298a4885b7b69b66600eda6b8fa1791c3502826863c825b3ffe44,2022-12-10 21:42:00,30,NO CONTROLS,NO CONTROLS,UNKNOWN,"DARKNESS, LIGHTED ROAD",FIXED OBJECT,OTHER,STRAIGHT AND LEVEL,WET,NO DEFECTS,NO INJURY / DRIVE AWAY,"OVER $1,500",NOT APPLICABLE,NOT APPLICABLE,3401,N,ELSTON AVE,1,NO INDICATION OF INJURY,0.0,0.0,0.0,0.0,0.0,1.0,0.0,21,7,12
88dab43fd6c4765b988772ae9e4b16a256928c45d5a47a975846dfdc0b553adb8bde3f3a831cd38612418f3c62c0eccba7ab9ce10f0a4321bc8e41ea4891a811,2017-08-11 09:05:00,30,NO CONTROLS,NO CONTROLS,CLEAR,DAYLIGHT,PARKED MOTOR VEHICLE,DIVIDED - W/MEDIAN (NOT RAISED),STRAIGHT AND LEVEL,DRY,NO DEFECTS,INJURY AND / OR TOW DUE TO CRASH,"OVER $1,500",UNABLE TO DETERMINE,UNABLE TO DETERMINE,3040,N,HALSTED ST,4,NONINCAPACITATING INJURY,1.0,0.0,0.0,1.0,0.0,1.0,0.0,9,6,8
3a313a49102c96a328e074a95d58c4a3d75a1bc602df1ce6c161b1f3446afbaf67da3a70e1ca90e133db67935cda0f4d18b31603f58957d4ce426d1037534628,2022-05-29 18:00:00,30,NO CONTROLS,NO CONTROLS,CLEAR,UNKNOWN,PARKED MOTOR VEHICLE,ONE-WAY,STRAIGHT AND LEVEL,DRY,NO DEFECTS,NO INJURY / DRIVE AWAY,"$501 - $1,500",UNABLE TO DETERMINE,NOT APPLICABLE,4848,W,BELLE PLAINE AVE,2,NO INDICATION OF INJURY,0.0,0.0,0.0,0.0,0.0,1.0,0.0,18,1,5
e2d09ff049eeaac78a6c5c150ff2ad48de1eb7ba140e204d3735383e2404eb2acbb608af91772ad2e347fafcd4be95df8e1c578eb84bbc20ae2cd880dc532eae,2020-10-09 06:06:00,30,NO CONTROLS,NO CONTROLS,CLEAR,DAYLIGHT,PARKED MOTOR VEHICLE,NOT DIVIDED,STRAIGHT AND LEVEL,DRY,NO DEFECTS,NO INJURY / DRIVE AWAY,"OVER $1,500",UNABLE TO DETERMINE,UNABLE TO DETERMINE,3600,S,HALSTED ST,2,NO INDICATION OF INJURY,0.0,0.0,0.0,0.0,0.0,2.0,0.0,6,6,10
28d6494bde1de56c276df9c31298690baa36f3efb2bf9f0a79ee585595ab29ea8e9ba33bf4940201a702fdf248c0e3b7b1f97d76e2e213fcb0991ee3dc71360d,2017-10-13 14:30:00,30,TRAFFIC SIGNAL,NO CONTROLS,CLEAR,DAYLIGHT,TURNING,DIVIDED - W/MEDIAN BARRIER,STRAIGHT AND LEVEL,DRY,NO DEFECTS,NO INJURY / DRIVE AWAY,$500 OR LESS,IMPROPER LANE USAGE,NOT APPLICABLE,4649,S,CICERO AVE,2,NO INDICATION OF INJURY,0.0,0.0,0.0,0.0,0.0,2.0,0.0,14,6,10
9f0a5cf9d3d0ec1717a03962225472a88e25cae6dcc464474bd9bebff67f0363d1eb130cc04ac180315e512a5e72a813a23c5176b03c7fe1be86bff3987f3e48,2016-06-01 10:45:00,30,NO CONTROLS,NO CONTROLS,CLEAR,DAYLIGHT,REAR END,NOT DIVIDED,STRAIGHT AND LEVEL,DRY,NO DEFECTS,NO INJURY / DRIVE AWAY,$500 OR LESS,FOLLOWING TOO CLOSELY,NOT APPLICABLE,1801,W,OGDEN AVE,2,NO INDICATION OF INJURY,0.0,0.0,0.0,0.0,0.0,2.0,0.0,10,4,6
d326ad322b75d7effe42c562a533262aef287aa385f2baa85e3637e1490e1ef7d559a80c2e363d65c19fdf0fb95e71132bf806bfc19f2ddee2e1bce949f58fe1,2023-02-08 09:10:00,25,STOP SIGN/FLASHER,FUNCTIONING PROPERLY,CLEAR,DAYLIGHT,HEAD ON,NOT DIVIDED,STRAIGHT AND LEVEL,DRY,NO DEFECTS,INJURY AND / OR TOW DUE TO CRASH,"OVER $1,500",UNABLE TO DETERMINE,UNABLE TO DETERMINE,3418,N,WHIPPLE ST,2,NO INDICATION OF INJURY,0.0,0.0,0.0,0.0,0.0,2.0,0.0,9,4,2
39b65f583c8d41283171c1bc63a5fba9f64210044c3962bf93ee65a7fb1b4a9b823ffc7cb3386794da5577df5fad213f7d56b9be19e0f0c3dac25d217e814795,2019-04-26 10:26:00,15,NO CONTROLS,NO CONTROLS,CLEAR,DAYLIGHT,PEDESTRIAN,NOT DIVIDED,STRAIGHT AND LEVEL,DRY,NO DEFECTS,INJURY AND / OR TOW DUE TO CRASH,"OVER $1,500","VISION OBSCURED (SIGNS, TREE LIMBS, BUILDINGS, ETC.)",UNABLE TO DETERMINE,2110,W,69TH PL,2,FATAL,1.0,1.0,0.0,0.0,0.0,1.0,0.0,10,6,4
9f05b0e220fbfa32967b3e8191ef15f8e4c019ac636086ed6dabf94f18f3b32990bc9e23602a9a218dc324e43142e237c8f498c40203eec438c22884aae5f408,2023-07-21 14:20:00,30,STOP SIGN/FLASHER,NO CONTROLS,CLEAR,DAYLIGHT,PARKED MOTOR VEHICLE,NOT DIVIDED,STRAIGHT AND LEVEL,DRY,NO DEFECTS,NO INJURY / DRIVE AWAY,"$501 - $1,500",NOT APPLICABLE,NOT APPLICABLE,3045,W,COLUMBUS AVE,2,NO INDICATION OF INJURY,0.0,0.0,0.0,0.0,0.0,5.0,0.0,14,6,7
2e8671626bb30c432b21b40c66c845a32fa74e1d8f69450da44d992a8f1828339a292a8fd1159a66ca9d92f3f2bef6d79ceb6144299bb84969fd3b76d3ea508b,2016-10-14 19:00:00,30,TRAFFIC SIGNAL,FUNCTIONING PROPERLY,CLEAR,"DARKNESS, LIGHTED ROAD",PARKED MOTOR VEHICLE,DIVIDED - W/MEDIAN BARRIER,STRAIGHT AND LEVEL,DRY,NO DEFECTS,NO INJURY / DRIVE AWAY,"$501 - $1,500",IMPROPER OVERTAKING/PASSING,DISTRACTION - FROM OUTSIDE VEHICLE,2,S,MICHIGAN AVE,2,NO INDICATION OF INJURY,0.0,0.0,0.0,0.0,0.0,1.0,0.0,19,6,10
0711d3f5cabc15d48900283ece24a3c0fb606b5fd46d13c36260b152ac4b1d626da0895db241156ec1f74f0711fe9abb399ee406100558031d32fbf61ec33f38,2017-08-29 11:00:00,35,NO CONTROLS,NO CONTROLS,CLEAR,DAYLIGHT,PARKED MOTOR VEHICLE,PARKING LOT,STRAIGHT AND LEVEL,DRY,NO DEFECTS,NO INJURY / DRIVE AWAY,"OVER $1,500",UNABLE TO DETERMINE,NOT APPLICABLE,5433,W,CHICAGO AVE,2,NO INDICATION OF INJURY,0.0,0.0,0.0,0.0,0.0,1.0,0.0,11,3,8
274cdd2150027ae368fb686dbd75b06dfea05d518cd2a7c9726e99af45a8bed3dad5dcbd45405dbc2672a05d177f1b72f030aa416879e394a8911d39b5fe2fac,2019-05-03 08:00:00,30,NO CONTROLS,NO CONTROLS,UNKNOWN,UNKNOWN,PARKED MOTOR VEHICLE,ONE-WAY,STRAIGHT AND LEVEL,UNKNOWN,OTHER,NO INJURY / DRIVE AWAY,"OVER $1,500",UNABLE TO DETERMINE,UNABLE TO DETERMINE,5518,S,DORCHESTER AVE,2,NO INDICATION OF INJURY,0.0,0.0,0.0,0.0,0.0,1.0,0.0,8,6,5
47f0e8dc0d018d6471baf8280cb8cf356ff48150aaa84d363cacc4b03a686268e5ec4eac225a8dbfe6f416aadb9768eaa47f73fc4aced7a3728b6af0cb6c1fb7,2017-10-29 16:50:00,30,TRAFFIC SIGNAL,FUNCTIONING PROPERLY,CLEAR,DAYLIGHT,REAR END,NOT DIVIDED,STRAIGHT AND LEVEL,DRY,NO DEFECTS,NO INJURY / DRIVE AWAY,"$501 - $1,500",FOLLOWING TOO CLOSELY,NOT APPLICABLE,2056,S,ASHLAND AVE,2,NO INDICATION OF INJURY,0.0,0.0,0.0,0.0,0.0,3.0,0.0,16,1,10
efd2df7834629f312b9fbbf33416ca397f64fbc83a3f945fb0430ffc48d019ade51c9ea9242ce11136a5320b2540215879fc90153c34dcfe1b21a6e3d8fbfce3,2024-02-15 07:43:00,30,NO CONTROLS,NO CONTROLS,CLEAR,DAYLIGHT,REAR END,FOUR WAY,STRAIGHT AND LEVEL,WET,NO DEFECTS,NO INJURY / DRIVE AWAY,"OVER $1,500",UNABLE TO DETERMINE,UNABLE TO DETERMINE,4449,N,KIMBALL AVE,2,NO INDICATION OF INJURY,0.0,0.0,0.0,0.0,0.0,3.0,0.0,7,5,2
7269521ad8b57a3e6f815bda9802ea4ceb81ddd9c194175928f1aec22c89419909be72d71c3fc646a6ea5f9bda95046530ae789632b07e7f607bdbb48edcc1d8,2022-07-27 12:00:00,20,NO CONTROLS,NO CONTROLS,CLEAR,DAYLIGHT,REAR TO FRONT,ONE-WAY,STRAIGHT AND LEVEL,UNKNOWN,UNKNOWN,NO INJURY / DRIVE AWAY,$500 OR LESS,IMPROPER BACKING,NOT APPLICABLE,5041,S,KILDARE AVE,2,NO INDICATION OF INJURY,0.0,0.0,0.0,0.0,0.0,3.0,0.0,12,4,7
a994e2dfff2481e8e8220c96ede616b3029993d4b3cf03474996d83524b9e752c866a54fac5307305a76e68d4eea9834ff482857d96b13a45d94a1ef4dd6239c,2020-08-12 08:50:00,30,STOP SIGN/FLASHER,FUNCTIONING PROPERLY,CLEAR,DAYLIGHT,PEDESTRIAN,T-INTERSECTION,STRAIGHT AND LEVEL,DRY,NO DEFECTS,INJURY AND / OR TOW DUE TO CRASH,$500 OR LESS,UNABLE TO DETERMINE,UNABLE TO DETERMINE,3543,S,INDIANA AVE,2,NONINCAPACITATING INJURY,1.0,0.0,0.0,1.0,0.0,1.0,0.0,8,4,8
96329e6b3b223aebf5ce907e1e518c9ad0fe6d5ac7cf5ca2dc66b5e9203a35f6ec3811ff0a58340f57c7d470f85466bbcb065a974251caceca9f8e8cd4a0e7ad,2020-10-07 13:54:00,30,TRAFFIC SIGNAL,FUNCTIONING PROPERLY,CLEAR,DAYLIGHT,ANGLE,NOT DIVIDED,STRAIGHT AND LEVEL,DRY,NO DEFECTS,INJURY AND / OR TOW DUE TO CRASH,"OVER $1,500","OPERATING VEHICLE IN ERRATIC, RECKLESS, CARELESS, NEGLIGENT OR AGGRESSIVE MANNER",FAILING TO YIELD RIGHT-OF-WAY,319,W,76TH ST,2,"REPORTED, NOT EVIDENT",2.0,0.0,0.0,0.0,2.0,1.0,0.0,13,4,10
f87bc9529b443ead1619227337faaaec5f93252f4de6d37f6de83b3dbbc36080574bfb99e40bf7b64a79d8975309e24d84c339274c9c58f10c0c65581f18be6c,2022-02-04 17:00:00,20,NO CONTROLS,NO CONTROLS,SNOW,DAYLIGHT,SIDESWIPE SAME DIRECTION,NOT DIVIDED,STRAIGHT AND LEVEL,WET,NO DEFECTS,NO INJURY / DRIVE AWAY,"$501 - $1,500",FAILING TO YIELD RIGHT-OF-WAY,NOT APPLICABLE,2044,W,CHICAGO AVE,2,NO INDICATION OF INJURY,0.0,0.0,0.0,0.0,0.0,3.0,0.0,17,6,2
fa01eed1f2f939b18b44d25122eee41e8098c642b55c5045c5fc764e3f88151faab41eac389cc6f161dce3d901ba39a8ed989a7330bd7b3154bf720c22d1667a,2020-06-07 00:01:00,25,NO CONTROLS,NO CONTROLS,UNKNOWN,UNKNOWN,PARKED MOTOR VEHICLE,ONE-WAY,STRAIGHT AND LEVEL,UNKNOWN,UNKNOWN,NO INJURY / DRIVE AWAY,"OVER $1,500",NOT APPLICABLE,NOT APPLICABLE,929,N,KEDVALE AVE,2,NO INDICATION OF INJURY,0.0,0.0,0.0,0.0,0.0,1.0,0.0,0,1,6
dd3efc8fdf7faae604d8a50f84aa4f426c7889135425eb7f2a41edfce8f8d71412d0762c70631cb32bed05e9d5c7adcb318784cea2e494f514c4631ae5c818b5,2023-11-06 12:30:00,35,UNKNOWN,UNKNOWN,UNKNOWN,UNKNOWN,ANGLE,T-INTERSECTION,STRAIGHT AND LEVEL,UNKNOWN,UNKNOWN,NO INJURY / DRIVE AWAY,"OVER $1,500",IMPROPER TURNING/NO SIGNAL,NOT APPLICABLE,2324,S,WENTWORTH AVE,2,NO INDICATION OF INJURY,0.0,0.0,0.0,0.0,0.0,2.0,0.0,12,2,11
9923d31ee0a738295d6428633a7e903c9fdae6b8a5f784c2f980b4c09d4c4bef616b4558bd379edf6458c8c0856d9ab472b2a978fe20fa30e52a2bfddc805a77,2023-03-12 00:00:00,30,NO CONTROLS,NO CONTROLS,UNKNOWN,"DARKNESS, LIGHTED ROAD",PARKED MOTOR VEHICLE,NOT DIVIDED,STRAIGHT AND LEVEL,UNKNOWN,NO DEFECTS,NO INJURY / DRIVE AWAY,"OVER $1,500",NOT APPLICABLE,NOT APPLICABLE,2900,N,PULASKI RD,2,NO INDICATION OF INJURY,0.0,0.0,0.0,0.0,0.0,1.0,0.0,0,1,3
653e9c99d4cf6f21e31de341cec5e6614720270e6c85d0d0518a973b1a24b5b64bbea3739958c3d2d8f83c6a4364b2706718e701ee508663cda046fd71cd9862,2020-11-16 10:35:00,30,STOP SIGN/FLASHER,OTHER,CLEAR,DAYLIGHT,ANGLE,OTHER,STRAIGHT AND LEVEL,DRY,NO DEFECTS,INJURY AND / OR TOW DUE TO CRASH,"OVER $1,500",DISREGARDING STOP SIGN,UNABLE TO DETERMINE,2223,W,DEVON AVE,2,NO INDICATION OF INJURY,0.0,0.0,0.0,0.0,0.0,3.0,0.0,10,2,11
271b28851d91ad5640972aec3c1f1b0298eb46b757c5eb674c915e4f16a5c5191c5ef6de799a88a545f236e0609202a6dd96eb008145add7eca21a4737d2b4c3,2017-02-10 08:30:00,30,TRAFFIC SIGNAL,FUNCTIONING PROPERLY,CLEAR,DAYLIGHT,ANGLE,DIVIDED - W/MEDIAN BARRIER,STRAIGHT AND LEVEL,DRY,NO DEFECTS,NO INJURY / DRIVE AWAY,"OVER $1,500",IMPROPER BACKING,IMPROPER BACKING,225,N,MICHIGAN AVE,2,NO INDICATION OF INJURY,0.0,0.0,0.0,0.0,0.0,2.0,0.0,8,6,2
e675664239e6d633d7438df674efbc0826b8b14c39e0f3e1f8994d578ec82352fb089eaa3c64756ad47ba14b6c7e64aa661419cdf88243ce569328e7569cf83e,2022-12-07 11:45:00,30,NO CONTROLS,NO CONTROLS,CLOUDY/OVERCAST,DAYLIGHT,SIDESWIPE SAME DIRECTION,NOT DIVIDED,STRAIGHT AND LEVEL,DRY,NO DEFECTS,INJURY AND / OR TOW DUE TO CRASH,"OVER $1,500",DRIVING SKILLS/KNOWLEDGE/EXPERIENCE,UNABLE TO DETERMINE,7108,W,HIGGINS AVE,2,NONINCAPACITATING INJURY,1.0,0.0,0.0,1.0,0.0,2.0,0.0,11,4,12
2aaa8f6ac4295c45ef3a505343c090d8ae53f659e0b10bab89a1cefeb0808e0224cac84c1b69ea59a5f9bccd25ef756dc786f4497bb087d669e602303cdad693,2023-10-10 15:40:00,30,NO CONTROLS,NO CONTROLS,CLEAR,DAYLIGHT,REAR END,NOT DIVIDED,STRAIGHT AND LEVEL,DRY,NO DEFECTS,NO INJURY / DRIVE AWAY,"OVER $1,500",FOLLOWING TOO CLOSELY,DRIVING SKILLS/KNOWLEDGE/EXPERIENCE,3931,W,AUGUSTA BLVD,2,NO INDICATION OF INJURY,0.0,0.0,0.0,0.0,0.0,2.0,0.0,15,3,10
a91fdfe556ec1747b6b4177a2d5254a615cc748addf326780f72f1bdad3339fe99c286a804c4fa4c7919fc645ba5253fdf19b78f09ce73883cf6c0248425232c,2021-01-21 10:00:00,30,NO CONTROLS,NO CONTROLS,CLEAR,DAYLIGHT,SIDESWIPE SAME DIRECTION,DIVIDED - W/MEDIAN (NOT RAISED),STRAIGHT AND LEVEL,DRY,NO DEFECTS,NO INJURY / DRIVE AWAY,"OVER $1,500",IMPROPER OVERTAKING/PASSING,NOT APPLICABLE,3010,W,FULLERTON AVE,2,NO INDICATION OF INJURY,0.0,0.0,0.0,0.0,0.0,2.0,0.0,10,5,1
bdac4419b120dfeceaa7173a87c1125eac82e01d3185f185ed5cfeff046457c84075eac05f596836417721bc3d5588a171bf4da936dd9b841c7ab6bc96b39857,2021-10-28 22:02:00,30,NO CONTROLS,NO CONTROLS,RAIN,"DARKNESS, LIGHTED ROAD",PARKED MOTOR VEHICLE,UNKNOWN,STRAIGHT AND LEVEL,WET,UNKNOWN,INJURY AND / OR TOW DUE TO CRASH,"OVER $1,500",UNDER THE INFLUENCE OF ALCOHOL/DRUGS (USE WHEN ARREST IS EFFECTED),UNABLE TO DETERMINE,638,E,61ST ST,2,NO INDICATION OF INJURY,0.0,0.0,0.0,0.0,0.0,1.0,0.0,22,5,10
c16f3a61609f7f1e5e5cd40dbc22e94ebbd14bdbe437fe5bf3457429ee7d0ce246ad9b83c5923b694135349575ef73e1749b81a5933b30251e5e147c115aebb9,2018-08-01 14:48:00,30,TRAFFIC SIGNAL,FUNCTIONING PROPERLY,CLEAR,DAYLIGHT,SIDESWIPE SAME DIRECTION,NOT DIVIDED,STRAIGHT AND LEVEL,DRY,NO DEFECTS,NO INJURY / DRIVE AWAY,"$501 - $1,500",FAILING TO YIELD RIGHT-OF-WAY,UNABLE TO DETERMINE,7000,S,SOUTH CHICAGO AVE,2,NO INDICATION OF INJURY,0.0,0.0,0.0,0.0,0.0,2.0,0.0,14,4,8
a27b472d677d5d5313205684647d942598246740b7aa3f2fb2ed4de030a64b6fcd041d458ce1a01ba41268d437b5bff78c48ce2e8acf8041e2c7e5f27facab2a,2018-03-09 11:40:00,30,TRAFFIC SIGNAL,FUNCTIONING PROPERLY,CLEAR,DAYLIGHT,PARKED MOTOR VEHICLE,DIVIDED - W/MEDIAN (NOT RAISED),STRAIGHT AND LEVEL,DRY,NO DEFECTS,NO INJURY / DRIVE AWAY,"OVER $1,500",IMPROPER TURNING/NO SIGNAL,IMPROPER TURNING/NO SIGNAL,799,S,WABASH AVE,2,NO INDICATION OF INJURY,0.0,0.0,0.0,0.0,0.0,1.0,0.0,11,6,3
565f5581999ccf7b2b339aba2a96410f70a5c3fc34a5368757025e2d8768d2912a20b793fbf8179139ac5315c957ca9da8495839a8b1bf4f02b115deab205215,2022-11-05 16:00:00,30,TRAFFIC SIGNAL,FUNCTIONING PROPERLY,CLEAR,DAYLIGHT,REAR END,NOT DIVIDED,STRAIGHT AND LEVEL,DRY,NO DEFECTS,NO INJURY / DRIVE AWAY,"OVER $1,500",FOLLOWING TOO CLOSELY,NOT APPLICABLE,7500,S,JEFFERY BLVD,2,NO INDICATION OF INJURY,0.0,0.0,0.0,0.0,0.0,2.0,0.0,16,7,11
5630f89ee18188f52a9701f984408a36cf96d623a936aee6f319aba3e673ba2c8284c6bb685f248bf9d943bb649d6848d1d40cda9b2333c30bfda34a9c3b3ed9,2018-10-21 19:05:00,30,TRAFFIC SIGNAL,FUNCTIONING PROPERLY,CLEAR,"DARKNESS, LIGHTED ROAD",SIDESWIPE OPPOSITE DIRECTION,NOT DIVIDED,STRAIGHT AND LEVEL,DRY,NO DEFECTS,INJURY AND / OR TOW DUE TO CRASH,"OVER $1,500",EQUIPMENT - VEHICLE CONDITION,NOT APPLICABLE,800,E,83RD ST,3,NO INDICATION OF INJURY,0.0,0.0,0.0,0.0,0.0,3.0,0.0,19,1,10
32baf221aae169197679a1f04c48ffb8c84a19271f9deb0a6c3a2a3405d9b97c021471278c0cb837c18cbba2caaeaa600494ec37de84a8b2c1ed04178499237c,2019-03-20 19:30:00,30,NO CONTROLS,NO CONTROLS,CLEAR,"DARKNESS, LIGHTED ROAD",TURNING,NOT DIVIDED,STRAIGHT AND LEVEL,DRY,NO DEFECTS,INJURY AND / OR TOW DUE TO CRASH,"OVER $1,500",FAILING TO YIELD RIGHT-OF-WAY,UNABLE TO DETERMINE,529,E,67TH ST,2,"REPORTED, NOT EVIDENT",1.0,0.0,0.0,0.0,1.0,1.0,0.0,19,4,3
01ac4af0d827423824f09f8e7a81a5263aacf70f95aba8937894f1d3615da8bd50217b15f2cd490f66109ffde7505d787dd277f41ea5eebb31bb670bfb1a70e4,2018-07-30 21:00:00,30,NO CONTROLS,NO CONTROLS,CLEAR,"DARKNESS, LIGHTED ROAD",PARKED MOTOR VEHICLE,DIVIDED - W/MEDIAN BARRIER,STRAIGHT AND LEVEL,DRY,NO DEFECTS,NO INJURY / DRIVE AWAY,"OVER $1,500",UNABLE TO DETERMINE,UNABLE TO DETERMINE,9300,S,HALSTED ST,2,NO INDICATION OF INJURY,0.0,0.0,0.0,0.0,0.0,1.0,0.0,21,2,7
7d65a3dee58b4b379d2afbac1fd7dd816712845a44e218ad2c22142055044f65c677dcc0d5aa5ad8cd4aceeb816f7be354f841565a50785e4c9eca390afa2f48,2019-02-15 08:15:00,20,NO CONTROLS,NO CONTROLS,CLEAR,DAYLIGHT,SIDESWIPE SAME DIRECTION,ONE-WAY,STRAIGHT AND LEVEL,DRY,NO DEFECTS,NO INJURY / DRIVE AWAY,"OVER $1,500",NOT APPLICABLE,NOT APPLICABLE,7801,S,THROOP ST,2,NO INDICATION OF INJURY,0.0,0.0,0.0,0.0,0.0,2.0,0.0,8,6,2
1c615c9a944db531479a29b6213c29bbcb9531fb0c4d154aa92d7e474bfef9ba26c44922b41d9544b30485c06e23597f69238367127508fd7d51b40f1fcfb0d3,2023-12-29 15:50:00,30,NO CONTROLS,NO CONTROLS,CLEAR,DAYLIGHT,REAR END,OTHER,STRAIGHT AND LEVEL,WET,NO DEFECTS,INJURY AND / OR TOW DUE TO CRASH,"OVER $1,500",FOLLOWING TOO CLOSELY,NOT APPLICABLE,110,W,ROOSEVELT RD,2,NO INDICATION OF INJURY,0.0,0.0,0.0,0.0,0.0,2.0,0.0,15,6,12
46f6ef4e6c838fb1c505c123f46c476d1a96c04ff1f75cf02ab8696c8bd6d7bc1a05c23762eca0eaf4394b2403ad3b180fda70216e7cae6fe44a3a0dfcce0774,2020-01-28 18:40:00,30,OTHER WARNING SIGN,FUNCTIONING PROPERLY,CLEAR,DAYLIGHT,PARKED MOTOR VEHICLE,PARKING LOT,STRAIGHT AND LEVEL,DRY,NO DEFECTS,NO INJURY / DRIVE AWAY,"$501 - $1,500",FOLLOWING TOO CLOSELY,FOLLOWING TOO CLOSELY,1147,S,WABASH AVE,2,NO INDICATION OF INJURY,0.0,0.0,0.0,0.0,0.0,1.0,0.0,18,3,1
8400420fa616a7b95406887a7663e3aee80da28eb6916bc23a08b544cde474e6a8e639c5f9a9798b0a5ae2120d2d03942fbf623a878d985af2b396defcc694f7,2020-08-01 17:20:00,20,NO CONTROLS,NO CONTROLS,CLEAR,DAYLIGHT,PARKED MOTOR VEHICLE,PARKING LOT,STRAIGHT AND LEVEL,DRY,NO DEFECTS,NO INJURY / DRIVE AWAY,"OVER $1,500",UNABLE TO DETERMINE,NOT APPLICABLE,250,E,50TH ST,2,NO INDICATION OF INJURY,0.0,0.0,0.0,0.0,0.0,1.0,0.0,17,7,8
250428b8cf6bb52dee4c1bb70d18c8317f84161a8da05049bf6df1f4c5985959374be684e3854b16420e8b992357013f0dfbe5c25baafe33894774db17a03bcd,2017-07-17 08:15:00,30,TRAFFIC SIGNAL,FUNCTIONING PROPERLY,CLEAR,DAYLIGHT,SIDESWIPE SAME DIRECTION,ONE-WAY,STRAIGHT AND LEVEL,DRY,NO DEFECTS,NO INJURY / DRIVE AWAY,"OVER $1,500",UNABLE TO DETERMINE,NOT APPLICABLE,3359,W,WASHINGTON BLVD,2,NO INDICATION OF INJURY,0.0,0.0,0.0,0.0,0.0,2.0,0.0,8,2,7
fd6fbe085d6ecd53d0c8e89f60adb26b1785e67cf0cb71eed5855a40b48fd7b4cacb61f9b95270128dd9c78c6ef4a383e7ca08aef595faf1b6e7c95bf0a74439,2016-07-07 10:25:00,30,STOP SIGN/FLASHER,FUNCTIONING PROPERLY,CLEAR,DAYLIGHT,TURNING,OTHER,STRAIGHT AND LEVEL,DRY,NO DEFECTS,NO INJURY / DRIVE AWAY,"OVER $1,500",IMPROPER LANE USAGE,DRIVING SKILLS/KNOWLEDGE/EXPERIENCE,300,S,DEARBORN ST,2,NO INDICATION OF INJURY,0.0,0.0,0.0,0.0,0.0,2.0,0.0,10,5,7
7ff3cc7448e4fbf71603e8d21d4622a3b8e3ea584068648bd47289b2163b7adc1de024c272c5b5b502b9307ab12b8b40c5beecb6160978933e60203c41324cac,2021-10-16 20:50:00,30,TRAFFIC SIGNAL,FUNCTIONING PROPERLY,CLEAR,"DARKNESS, LIGHTED ROAD",REAR END,DIVIDED - W/MEDIAN (NOT RAISED),STRAIGHT AND LEVEL,DRY,NO DEFECTS,NO INJURY / DRIVE AWAY,"OVER $1,500",UNABLE TO DETERMINE,NOT APPLICABLE,3452,W,59TH ST,2,NO INDICATION OF INJURY,0.0,0.0,0.0,0.0,0.0,3.0,0.0,20,7,10