CRASH_RECORD_ID,CRASH_DATE,POSTED_SPEED_LIMIT,TRAFFIC_CONTROL_DEVICE,DEVICE_CONDITION,WEATHER_CONDITION,LIGHTING_CONDITION,FIRST_CRASH_TYPE,TRAFFICWAY_TYPE,ALIGNMENT,ROADWAY_SURFACE_COND,ROAD_DEFECT,CRASH_TYPE,DAMAGE,PRIM_CONTRIBUTORY_CAUSE,SEC_CONTRIBUTORY_CAUSE,STREET_NO,STREET_DIRECTION,STREET_NAME,NUM_UNITS,MOST_SEVERE_INJURY,INJURIES_TOTAL,INJURIES_FATAL,INJURIES_INCAPACITATING,INJURIES_NON_INCAPACITATING,INJURIES_REPORTED_NOT_EVIDENT,INJURIES_NO_INDICATION,INJURIES_UNKNOWN,CRASH_HOUR,CRASH_DAY_OF_WEEK,CRASH_MONTH
c262472dff8649746798811c8ed49c05ebd0fe9865a05be3dffafa99a838fa286038dc28f360cfd91487374f45a5577d6a4eb744102892d8bb188f72a07b7d85,2018-01-15 06:00:00,30,NO CONTROLS,NO CONTROLS,SNOW,UNKNOWN,PARKED MOTOR VEHICLE,DIVIDED - W/MEDIAN (NOT RAISED),STRAIGHT AND LEVEL,SNOW OR SLUSH,NO DEFECTS,NO INJURY / DRIVE AWAY,"$501 - $1,500",WEATHER,NOT APPLICABLE,682,W,129TH PL,2,NO INDICATION OF INJURY,0.0,0.0,0.0,0.0,0.0,1.0,0.0,6,2,1
b74c3ce8c3ab5c7dfdc132056896a7f2eb9b0d90cdc25bc966936c1a1904ab9e19766f511bff8a40883ff5ae923391dec3fc150f9e07f7026348446695bf98e8,2018-09-03 20:10:00,30,STOP SIGN/FLASHER,FUNCTIONING PROPERLY,RAIN,"DARKNESS, LIGHTED ROAD",ANGLE,DIVIDED - W/MEDIAN (NOT RAISED),STRAIGHT AND LEVEL,WET,NO DEFECTS,NO INJURY / DRIVE AWAY,"OVER $1,500",UNABLE TO DETERMINE,UNABLE TO DETERMINE,8300,S,HOLLAND RD,2,NO INDICATION OF INJURY,0.0,0.0,0.0,0.0,0.0,2.0,0.0,20,2,9
f29490027509bad1b7680bee6f59b372d04022732f7b075397283d3f3a98f5294dff483a755aa983b62cdcf9628e235db043432d1e94e2fa50399d7a6bc59ffe,2022-10-12 10:40:00,25,NO CONTROLS,NO CONTROLS,CLOUDY/OVERCAST,DAYLIGHT,PARKED MOTOR VEHICLE,NOT DIVIDED,STRAIGHT AND LEVEL,WET,NO DEFECTS,NO INJURY / DRIVE AWAY,"OVER $1,500",DRIVING SKILLS/KNOWLEDGE/EXPERIENCE,DRIVING SKILLS/KNOWLEDGE/EXPERIENCE,629,S,LEAVITT ST,2,NO INDICATION OF INJURY,0.0,0.0,0.0,0.0,0.0,1.0,0.0,10,4,10
f0f353359ca156f12a3f0a735847110e1c0471a09e4848540dce15215542bb5e0a09eccb4712da2355b1f4d579447f4a9a4298dfcf272042f693be72da126d87,2020-02-27 04:01:00,35,NO CONTROLS,NO CONTROLS,CLEAR,DARKNESS,FIXED OBJECT,ONE-WAY,STRAIGHT AND LEVEL,DRY,NO DEFECTS,INJURY AND / OR TOW DUE TO CRASH,"OVER $1,500",UNABLE TO DETERMINE,UNABLE TO DETERMINE,5326,S,LAKE SHORE DR SB,1,NO INDICATION OF INJURY,0.0,0.0,0.0,0.0,0.0,2.0,0.0,4,5,2
914574eca29edf649b715a7e761791f6d250caa9f0be1cf935d01a77536052713a56d14004b73b02cce9ccf3cc770606ea2bedb92d621f8b6c36e5f32ac3601f,2016-05-15 00:02:00,35,TRAFFIC SIGNAL,FUNCTIONING PROPERLY,CLEAR,"DARKNESS, LIGHTED ROAD",FIXED OBJECT,DIVIDED - W/MEDIAN BARRIER,"CURVE, LEVEL",DRY,NO DEFECTS,INJURY AND / OR TOW DUE TO CRASH,"OVER $1,500",UNABLE TO DETERMINE,DRIVING SKILLS/KNOWLEDGE/EXPERIENCE,6700,S,SOUTH SHORE DR,2,NO INDICATION OF INJURY,0.0,0.0,0.0,0.0,0.0,1.0,0.0,0,1,5
753eb4b22f43adafdc1c28015be6fbe9b620661dc85f4cd5e52c86d918625ed239b860aa426b97fae9c193fc5173fcf24771ccf18e7842a3d6e9711155991eec,2016-03-15 18:30:00,30,NO CONTROLS,NO CONTROLS,CLEAR,"DARKNESS, LIGHTED ROAD",REAR END,NOT DIVIDED,STRAIGHT AND LEVEL,DRY,NO DEFECTS,NO INJURY / DRIVE AWAY,"OVER $1,500",FOLLOWING TOO CLOSELY,FOLLOWING TOO CLOSELY,2403,W,40TH ST,2,NO INDICATION OF INJURY,0.0,0.0,0.0,0.0,0.0,2.0,0.0,18,3,3
caf122d9cfe9bc78816e471354ef9d842aff4d8ffa21254b544e2c58cc9f649ee2f4403f152ddd89a322e99701ee643360fa42dec234f8db22fd5c4f8185348c,2023-09-15 11:45:00,30,NO CONTROLS,NO CONTROLS,CLEAR,DAYLIGHT,PARKED MOTOR VEHICLE,ONE-WAY,STRAIGHT AND LEVEL,DRY,NO DEFECTS,NO INJURY / DRIVE AWAY,$500 OR LESS,IMPROPER BACKING,NOT APPLICABLE,1960,N,LINCOLN PARK WEST,2,NO INDICATION OF INJURY,0.0,0.0,0.0,0.0,0.0,1.0,0.0,11,6,9
82504c71965307a37c424548280eae09d9a857de0b742d0c664562f7755b1e351251ff37ffe9418b9d159fc469c03c92b7b38ce10fc38052c2a33ac73b481f0a,2023-05-06 13:32:00,30,UNKNOWN,UNKNOWN,CLEAR,DAYLIGHT,SIDESWIPE SAME DIRECTION,NOT DIVIDED,STRAIGHT AND LEVEL,DRY,UNKNOWN,NO INJURY / DRIVE AWAY,"$501 - $1,500",ROAD CONSTRUCTION/MAINTENANCE,ROAD CONSTRUCTION/MAINTENANCE,1837,N,WESTERN AVE,3,NO INDICATION OF INJURY,0.0,0.0,0.0,0.0,0.0,2.0,0.0,13,7,5
8f82aadf322ceee35938540c041d9959b6a131d7b71591ae155570e1ebdcca5793b0b25f01acc28c1dca6682bc322b4acc19cb7257725af6409f8273e755ccd5,2022-05-20 22:52:00,30,STOP SIGN/FLASHER,FUNCTIONING PROPERLY,UNKNOWN,"DARKNESS, LIGHTED ROAD",ANGLE,DIVIDED - W/MEDIAN (NOT RAISED),STRAIGHT AND LEVEL,UNKNOWN,UNKNOWN,NO INJURY / DRIVE AWAY,"OVER $1,500",FAILING TO YIELD RIGHT-OF-WAY,NOT APPLICABLE,1949,W,FULLERTON AVE,2,NO INDICATION OF INJURY,0.0,0.0,0.0,0.0,0.0,2.0,0.0,22,6,5
651bea738b50f6bb2c44f5b8fab8bb495266ff29dfe941e6baccc5c3c266bef712708a7d79bbaad8b7a70093d8f42a2e46ba8512f3964fa53c62843a51358c5c,2023-04-08 11:49:00,30,STOP SIGN/FLASHER,FUNCTIONING PROPERLY,CLEAR,DAYLIGHT,FIXED OBJECT,T-INTERSECTION,STRAIGHT AND LEVEL,DRY,NO DEFECTS,INJURY AND / OR TOW DUE TO CRASH,"OVER $1,500",DRIVING ON WRONG SIDE/WRONG WAY,NOT APPLICABLE,617,S,KILPATRICK AVE,1,"REPORTED, NOT EVIDENT",3.0,0.0,0.0,0.0,3.0,1.0,0.0,11,7,4
88f3dc78fbb934f76e35f4ab99307ecb1374fb1ee875872e508d5ed24d6922a4cc6d1e04c432d0eda00a6af804ce62fbdb0b0ec2beae7c684d8cca5a71f3b842,2021-01-12 23:18:00,30,NO CONTROLS,NO CONTROLS,CLEAR,DARKNESS,PARKED MOTOR VEHICLE,OTHER,STRAIGHT AND LEVEL,DRY,UNKNOWN,INJURY AND / OR TOW DUE TO CRASH,"OVER $1,500",FAILING TO REDUCE SPEED TO AVOID CRASH,UNABLE TO DETERMINE,4233,W,MONROE ST,3,NO INDICATION OF INJURY,0.0,0.0,0.0,0.0,0.0,1.0,0.0,23,3,1
5d3c7f6c7938d59131577548e8cd72a830b4c2bb06308bad55930f15694018c823c71908502b5f4d1595e91c278445a0a8babcce2356da2f1337be1769d3a43b,2019-10-18 13:30:00,30,STOP SIGN/FLASHER,FUNCTIONING PROPERLY,CLEAR,DAYLIGHT,SIDESWIPE OPPOSITE DIRECTION,NOT DIVIDED,STRAIGHT AND LEVEL,DRY,NO DEFECTS,NO INJURY / DRIVE AWAY,"$501 - $1,500",IMPROPER OVERTAKING/PASSING,UNABLE TO DETERMINE,5225,N,NORDICA AVE,2,NO INDICATION OF INJURY,0.0,0.0,0.0,0.0,0.0,3.0,0.0,13,6,10
c50abaece00799b0d991f5abc99ddca829fa6d2d64cdfb0a7eba4ff17c995b2c3e2ab59114082078202e902b23c67a62453095be6604995589a6cc0ef36d78a7,2017-09-02 15:30:00,30,NO CONTROLS,NO CONTROLS,CLEAR,DAYLIGHT,ANGLE,NOT DIVIDED,STRAIGHT AND LEVEL,OTHER,UNKNOWN,NO INJURY / DRIVE AWAY,$500 OR LESS,UNABLE TO DETERMINE,UNABLE TO DETERMINE,2732,W,BRYN MAWR AVE,2,NO INDICATION OF INJURY,0.0,0.0,0.0,0.0,0.0,2.0,0.0,15,7,9
d52b644810af7c4fc2233d4baca04c7f5c017d8b1cbe8d63f3c5c7c5ef0c972ba41a3ff12ea907854210c789f898540c884fdcd35a9155ad71907c4062e3d5cb,2024-04-12 09:20:00,30,NO CONTROLS,NO CONTROLS,CLEAR,DAWN,ANGLE,DIVIDED - W/MEDIAN (NOT RAISED),STRAIGHT AND LEVEL,DRY,NO DEFECTS,NO INJURY / DRIVE AWAY,"$501 - $1,500",FAILING TO YIELD RIGHT-OF-WAY,UNABLE TO DETERMINE,5533,N,CENTRAL AVE,2,NO INDICATION OF INJURY,0.0,0.0,0.0,0.0,0.0,2.0,0.0,9,6,4
b9425b79e95c4d9815996d112569da0eef706b189ff418a4da06281c2f412bdd102d4f92e7d608e6c366ba1253e8f1819b7abb0199f9549ef8fee1559f9685f4,2019-10-20 18:55:00,30,NO CONTROLS,NO CONTROLS,CLOUDY/OVERCAST,"DARKNESS, LIGHTED ROAD",SIDESWIPE SAME DIRECTION,NOT DIVIDED,STRAIGHT AND LEVEL,DRY,NO DEFECTS,INJURY AND / OR TOW DUE TO CRASH,"OVER $1,500",IMPROPER OVERTAKING/PASSING,UNABLE TO DETERMINE,2100,W,DEVON AVE,3,NONINCAPACITATING INJURY,1.0,0.0,0.0,1.0,0.0,1.0,0.0,18,1,10
a0daf0916bf375db5618d5aa74b84e5b71d5cb893393fb2ae09c474f056d8f40aee3db0bc128815a4ee6c62d7de29a676e13132a5109dbcdb72d18e0a659957a,2018-11-19 12:30:00,30,UNKNOWN,NO CONTROLS,CLEAR,DAYLIGHT,SIDESWIPE SAME DIRECTION,NOT DIVIDED,STRAIGHT AND LEVEL,DRY,NO DEFECTS,NO INJURY / DRIVE AWAY,"$501 - $1,500",FAILING TO YIELD RIGHT-OF-WAY,FAILING TO YIELD RIGHT-OF-WAY,4702,W,DIVERSEY AVE,2,NO INDICATION OF INJURY,0.0,0.0,0.0,0.0,0.0,2.0,0.0,12,2,11
622695d172f33ce3035320accc070c2fa652bf53f19a9a717639f082803f7b72415eef977e7ee2406e4902cefee543f8b83e653788833e8de578fe1fa497d6ab,2019-08-07 16:21:00,30,NO CONTROLS,NO CONTROLS,CLEAR,DAYLIGHT,ANGLE,NOT DIVIDED,STRAIGHT AND LEVEL,DRY,NO DEFECTS,NO INJURY / DRIVE AWAY,"OVER $1,500",UNABLE TO DETERMINE,UNABLE TO DETERMINE,1224,N,HOOKER ST,2,NO INDICATION OF INJURY,0.0,0.0,0.0,0.0,0.0,2.0,0.0,16,4,8
a820e42eb246fce9299bf039fd55766449b78cfb4fa89f6a6c2ea67c755f5bbb89dc9c0a235c70052b8f1b863c25d845a5ffa6c413b077d3dbf380b6dd960dd7,2022-10-27 07:45:00,30,NO CONTROLS,NO CONTROLS,CLEAR,DAYLIGHT,TURNING,FOUR WAY,STRAIGHT AND LEVEL,DRY,NO DEFECTS,NO INJURY / DRIVE AWAY,"$501 - $1,500",UNABLE TO DETERMINE,NOT APPLICABLE,3247,W,FULLERTON AVE,2,NO INDICATION OF INJURY,0.0,0.0,0.0,0.0,0.0,4.0,0.0,7,5,10
2f9ba57143fd477dc48ff7450b45c00b6662275792fc3f82799a8a185e19a9f506cc81bc97677c56c89a1fbb744fefe7c8b4f9133850411f4407d9768eb2f906,2022-03-31 18:23:00,30,NO CONTROLS,NO CONTROLS,RAIN,DAYLIGHT,HEAD ON,NOT DIVIDED,STRAIGHT AND LEVEL,WET,UNKNOWN,INJURY AND / OR TOW DUE TO CRASH,"OVER $1,500",UNABLE TO DETERMINE,UNABLE TO DETERMINE,1999,E,86TH ST,2,"REPORTED, NOT EVIDENT",1.0,0.0,0.0,0.0,1.0,3.0,0.0,18,5,3
c67f5d1f0d684119423338a6a10c36b8d4f5ebc7e18af6eb6536299a5f85e5129b815961dc0204891c7c47e81ac8cceaea1dcffaf33ac93bf53d4dbcb9c55f49,2018-08-12 18:55:00,30,NO CONTROLS,NO CONTROLS,CLEAR,DUSK,SIDESWIPE SAME DIRECTION,DIVIDED - W/MEDIAN (NOT RAISED),STRAIGHT AND LEVEL,DRY,NO DEFECTS,NO INJURY / DRIVE AWAY,"OVER $1,500",FOLLOWING TOO CLOSELY,FOLLOWING TOO CLOSELY,3413,N,CENTRAL AVE,2,NO INDICATION OF INJURY,0.0,0.0,0.0,0.0,0.0,4.0,0.0,18,1,8
8b4024a0690a626fe4a364f1cd5c66d59626b513529fd2a8877f6f01e94a89692560d32af06190b68effce820482340e0246df5d68ad8fc71bebbdd071e83af0,2019-09-22 11:05:00,30,NO CONTROLS,NO CONTROLS,CLEAR,DAYLIGHT,PEDALCYCLIST,NOT DIVIDED,STRAIGHT AND LEVEL,ICE,NO DEFECTS,INJURY AND / OR TOW DUE TO CRASH,$500 OR LESS,UNABLE TO DETERMINE,NOT APPLICABLE,1331,W,IRVING PARK RD,2,NONINCAPACITATING INJURY,1.0,0.0,0.0,1.0,0.0,1.0,0.0,11,1,9
a5687e7f5c6e4f396f8640191aad17c01930f13c4feb85c9e908fd2e043469c7381cf66c44d794d2e3290b2b39c326462384efc5db7fd9a0fdbdc85537a54a53,2018-11-30 17:29:00,30,STOP SIGN/FLASHER,FUNCTIONING PROPERLY,CLEAR,DUSK,PEDESTRIAN,NOT DIVIDED,STRAIGHT AND LEVEL,DRY,NO DEFECTS,INJURY AND / OR TOW DUE TO CRASH,$500 OR LESS,UNABLE TO DETERMINE,NOT APPLICABLE,4028,S,CALIFORNIA AVE,2,NONINCAPACITATING INJURY,1.0,0.0,0.0,1.0,0.0,1.0,0.0,17,6,11
29b6c996defde31eeaed7a45da24811d6b291ebfed4ec42abff8f6b101415e75952dc4f87c035cdb77f3bd68cfde1da2b33655920fe0a60585541cf9634540c9,2023-06-04 17:00:00,30,NO CONTROLS,NO CONTROLS,CLEAR,UNKNOWN,PARKED MOTOR VEHICLE,ONE-WAY,STRAIGHT AND LEVEL,DRY,UNKNOWN,NO INJURY / DRIVE AWAY,"OVER $1,500",UNABLE TO DETERMINE,NOT APPLICABLE,3648,S,DR MARTIN LUTHER KING JR DR,2,NO INDICATION OF INJURY,0.0,0.0,0.0,0.0,0.0,1.0,0.0,17,1,6
874b3f2f7921a130c8985b13aceaf645187cfef5fe6d2b3dd9c10a35ff82db316c67f067e1b026c755c07b1e006fd9d503372c0040ad72a7d40c56dc426145dd,2024-02-01 12:44:00,30,STOP SIGN/FLASHER,FUNCTIONING PROPERLY,CLEAR,DAYLIGHT,ANGLE,FOUR WAY,STRAIGHT AND LEVEL,DRY,NO DEFECTS,NO INJURY / DRIVE AWAY,"OVER $1,500",FAILING TO YIELD RIGHT-OF-WAY,NOT APPLICABLE,4300,N,ELSTON AVE,2,NO INDICATION OF INJURY,0.0,0.0,0.0,0.0,0.0,2.0,0.0,12,5,2
0e9fce00536046a11e9ef5d9e767fa40a73917166bfd4b476b44d43e22bdcbde283ef8ef7a9ae3368805b2dabfc40d72adfb2a92372560a9138096fc82b2fa7b,2023-04-26 14:50:00,30,STOP SIGN/FLASHER,FUNCTIONING PROPERLY,CLEAR,DAYLIGHT,ANGLE,NOT DIVIDED,STRAIGHT AND LEVEL,DRY,NO DEFECTS,NO INJURY / DRIVE AWAY,"OVER $1,500",FAILING TO YIELD RIGHT-OF-WAY,NOT APPLICABLE,7763,S,KEDZIE AVE,2,NO INDICATION OF INJURY,0.0,0.0,0.0,0.0,0.0,2.0,0.0,14,4,4
dab4ac81273976a2c57fb199223180a9ff4ec2afc849912834c17a84dad7353322d1ba4f9040150e303eb84c45fff9bfe4dd8ec357cdd841578d13d48b3a1dc9,2023-08-02 18:00:00,15,NO CONTROLS,NO CONTROLS,CLEAR,DAYLIGHT,REAR TO FRONT,PARKING LOT,STRAIGHT AND LEVEL,DRY,NO DEFECTS,NO INJURY / DRIVE AWAY,"$501 - $1,500",IMPROPER BACKING,NOT APPLICABLE,6310,N,NAGLE AVE,2,NO INDICATION OF INJURY,0.0,0.0,0.0,0.0,0.0,3.0,0.0,18,4,8
97709ee988fe920817680c4629f55a22dc685662255cfc53a3e576c559d92a400576ff15a9f23264b713eca9b76a86e7adb19ac84c316bbac14964450eaf39ff,2021-10-27 16:55:00,30,UNKNOWN,UNKNOWN,CLEAR,DAYLIGHT,PARKED MOTOR VEHICLE,NOT DIVIDED,STRAIGHT AND LEVEL,WET,UNKNOWN,NO INJURY / DRIVE AWAY,"OVER $1,500",UNABLE TO DETERMINE,NOT APPLICABLE,805,N,LA SALLE DR,2,NO INDICATION OF INJURY,0.0,0.0,0.0,0.0,0.0,1.0,0.0,16,4,10
0378f9e72b910cb962edb1e3b3243bfe32364dd09afbe7093d833ea209db1026fa8c8cca8529f92b38d332989c54ba618c3b07fa08bb3ce10807807670e1ba48,2020-10-12 09:45:00,45,OTHER,FUNCTIONING PROPERLY,CLEAR,DAYLIGHT,SIDESWIPE SAME DIRECTION,DIVIDED - W/MEDIAN BARRIER,STRAIGHT AND LEVEL,DRY,NO DEFECTS,INJURY AND / OR TOW DUE TO CRASH,"OVER $1,500",UNABLE TO DETERMINE,UNABLE TO DETERMINE,2400,S,LAKE SHORE DR W,2,NONINCAPACITATING INJURY,1.0,0.0,0.0,1.0,0.0,1.0,0.0,9,2,10
2392e5426cfd1dc9e33030d49c23d12c457642456295ffc7f38580dc97ed35dd8e55b885b3f6218fe586899442e9ee39d21df274658004c27f0b7f17f8b71058,2018-08-08 18:30:00,30,TRAFFIC SIGNAL,FUNCTIONING PROPERLY,CLEAR,DAYLIGHT,REAR END,NOT DIVIDED,STRAIGHT ON GRADE,DRY,NO DEFECTS,NO INJURY / DRIVE AWAY,"$501 - $1,500",FAILING TO REDUCE SPEED TO AVOID CRASH,NOT APPLICABLE,207,W,87TH ST,2,NO INDICATION OF INJURY,0.0,0.0,0.0,0.0,0.0,4.0,0.0,18,4,8
8578a66e97aea7e32cd84c9bb33f5085e6d42ea06ab2d321c6dd22c5fe99b1de1c89d49c691b5af332ae890dbe61d41ad2ab8e60e59bfbedde369cb468c05dde,2020-10-12 05:50:00,45,NO CONTROLS,NO CONTROLS,CLEAR,"DARKNESS, LIGHTED ROAD",OTHER OBJECT,DIVIDED - W/MEDIAN BARRIER,STRAIGHT AND LEVEL,DRY,"RUT, HOLES",INJURY AND / OR TOW DUE TO CRASH,"OVER $1,500",ROAD ENGINEERING/SURFACE/MARKING DEFECTS,NOT APPLICABLE,901,S,LAKE SHORE DR E,1,NO INDICATION OF INJURY,0.0,0.0,0.0,0.0,0.0,1.0,0.0,5,2,10
0850fe0fc58f7268e45781ed03764b183d882d457f17e516d3daf3183abd8a8ea517ccf5536b8bf4762eb7cafd584ae954f6788b098ce6094fa1cfbe326e5c28,2019-01-25 11:35:00,30,STOP SIGN/FLASHER,FUNCTIONING PROPERLY,CLEAR,DAYLIGHT,TURNING,DIVIDED - W/MEDIAN (NOT RAISED),STRAIGHT AND LEVEL,DRY,NO DEFECTS,INJURY AND / OR TOW DUE TO CRASH,"OVER $1,500",FAILING TO YIELD RIGHT-OF-WAY,FAILING TO REDUCE SPEED TO AVOID CRASH,700,W,LAKE ST,2,NO INDICATION OF INJURY,0.0,0.0,0.0,0.0,0.0,3.0,0.0,11,6,1
3355b5daf93450fa502fb3f78b0887a9cac7fc5b08ac2f2ebf22b065e713ddc4586997118536567f2d8288d5f2799ab308bde24ad48acab35682717abf8cc01b,2021-03-27 18:35:00,15,NO CONTROLS,NO CONTROLS,CLEAR,DAYLIGHT,ANGLE,NOT DIVIDED,STRAIGHT AND LEVEL,DRY,NO DEFECTS,NO INJURY / DRIVE AWAY,"OVER $1,500",UNABLE TO DETERMINE,NOT APPLICABLE,3767,W,75TH PL,2,NO INDICATION OF INJURY,0.0,0.0,0.0,0.0,0.0,2.0,0.0,18,7,3
da35a8c70ecf37a7ad9e8f826ca36f8e46b662848c059088efd521d87436fd45b2c1eafbfea5c2c3530795bf4264a24df74edcb9f7338ee4b20c92a184251b1c,2018-01-10 07:20:00,30,TRAFFIC SIGNAL,FUNCTIONING PROPERLY,RAIN,DAYLIGHT,REAR END,DIVIDED - W/MEDIAN (NOT RAISED),STRAIGHT AND LEVEL,WET,NO DEFECTS,NO INJURY / DRIVE AWAY,"OVER $1,500",FOLLOWING TOO CLOSELY,BICYCLE ADVANCING LEGALLY ON RED LIGHT,4400,W,OGDEN AVE,2,NO INDICATION OF INJURY,0.0,0.0,0.0,0.0,0.0,2.0,0.0,7,4,1
11a74cf3001f2588e2faa8154e990b3ad55028398f7937e0697a786d2b6c89daf8355dce43383b55a92e254b196860723011f88fd7ae3935efa1f9e37bd091bc,2018-03-14 07:23:00,30,STOP SIGN/FLASHER,FUNCTIONING PROPERLY,CLEAR,DAYLIGHT,ANGLE,ONE-WAY,STRAIGHT AND LEVEL,DRY,NO DEFECTS,INJURY AND / OR TOW DUE TO CRASH,"OVER $1,500",FAILING TO YIELD RIGHT-OF-WAY,DRIVING SKILLS/KNOWLEDGE/EXPERIENCE,3499,N,OAKLEY AVE,2,NO INDICATION OF INJURY,0.0,0.0,0.0,0.0,0.0,3.0,0.0,7,4,3
26671ec952d43a0e6ebb160a2e7a0fdc7e27a03a241f2100a15fce8df1d9f0a60ea82135f229f63a10fde2fa4b4ae58a7670f509f66c226adeba5ed1dc34755a,2017-09-29 16:35:00,35,NO CONTROLS,NO CONTROLS,CLEAR,DAYLIGHT,REAR END,NOT DIVIDED,STRAIGHT AND LEVEL,DRY,WORN SURFACE,NO INJURY / DRIVE AWAY,"OVER $1,500",UNABLE TO DETERMINE,UNABLE TO DETERMINE,10000,S,MICHIGAN AVE,2,NO INDICATION OF INJURY,0.0,0.0,0.0,0.0,0.0,2.0,0.0,16,6,9
3470c2c40f82a2f26a14cb81fc98cbc6ea79f2932eaa0a00cce60aa4834db696716028cae42a9822d50be9a245a24d48af14ac0cfd5298a1be0bf67a402d9fc1,2019-09-03 09:30:00,30,NO CONTROLS,FUNCTIONING PROPERLY,RAIN,DAYLIGHT,REAR END,DIVIDED - W/MEDIAN BARRIER,STRAIGHT AND LEVEL,WET,NO DEFECTS,NO INJURY / DRIVE AWAY,"$501 - $1,500",FOLLOWING TOO CLOSELY,FAILING TO YIELD RIGHT-OF-WAY,5526,N,LINCOLN AVE,2,NO INDICATION OF INJURY,0.0,0.0,0.0,0.0,0.0,2.0,0.0,9,3,9
965cb00388a5575c8bad721774ee9d3a5dbc645efd2f85140a48c1aeb36dc9aae96e4c43e683a4e28c84cbe0f5a5e96fc880a85d673c51a491cb0086c40ff056,2020-08-18 15:18:00,30,NO CONTROLS,NO CONTROLS,CLEAR,DAYLIGHT,REAR END,DIVIDED - W/MEDIAN (NOT RAISED),STRAIGHT AND LEVEL,DRY,NO DEFECTS,NO INJURY / DRIVE AWAY,"OVER $1,500",UNABLE TO DETERMINE,UNABLE TO DETERMINE,5029,W,ARMITAGE AVE,2,NO INDICATION OF INJURY,0.0,0.0,0.0,0.0,0.0,2.0,0.0,15,3,8
cd041693a4c8d7db3fe5ec138f79f8fe885e0db50abc7d47453c238b481950833e254661888f41f6c908779609b3b3bf2f048225f115ee03966273ec75b42742,2017-01-17 18:30:00,30,TRAFFIC SIGNAL,FUNCTIONING PROPERLY,RAIN,DUSK,SIDESWIPE SAME DIRECTION,DIVIDED - W/MEDIAN BARRIER,STRAIGHT AND LEVEL,WET,NO DEFECTS,NO INJURY / DRIVE AWAY,$500 OR LESS,IMPROPER LANE USAGE,FAILING TO YIELD RIGHT-OF-WAY,18,S,MICHIGAN AVE,2,NO INDICATION OF INJURY,0.0,0.0,0.0,0.0,0.0,2.0,0.0,18,3,1
2ddf67fd56bc839ef2033815b71deb98251f2bfcf2d0f8ce484ea4309f7973123b9f268768b679dae6ade026798d1f85df8cdd36aa3ebe125d087147ac1a085c,2024-01-29 08:24:00,30,TRAFFIC SIGNAL,FUNCTIONING PROPERLY,CLEAR,DAYLIGHT,TURNING,FOUR WAY,STRAIGHT AND LEVEL,UNKNOWN,UNKNOWN,INJURY AND / OR TOW DUE TO CRASH,"OVER $1,500",FAILING TO YIELD RIGHT-OF-WAY,DRIVING SKILLS/KNOWLEDGE/EXPERIENCE,12700,S,HALSTED ST,3,"REPORTED, NOT EVIDENT",3.0,0.0,0.0,0.0,3.0,0.0,0.0,8,2,1
02f4182850a0ba26a25d5e06d614db9150b5a7950b8fdbf1f3ce04be168c46df7b70131536f27aec77b23493a0e8a4fde292c2546cbb0404325fce2f565c97dc,2016-12-31 18:45:00,30,NO CONTROLS,NO CONTROLS,CLEAR,"DARKNESS, LIGHTED ROAD",PARKED MOTOR VEHICLE,NOT DIVIDED,STRAIGHT AND LEVEL,DRY,NO DEFECTS,NO INJURY / DRIVE AWAY,"$501 - $1,500","EVASIVE ACTION DUE TO ANIMAL, OBJECT, NONMOTORIST","EVASIVE ACTION DUE TO ANIMAL, OBJECT, NONMOTORIST",6701,W,DIVERSEY AVE,2,NO INDICATION OF INJURY,0.0,0.0,0.0,0.0,0.0,1.0,0.0,18,7,12
b2e6d65d19a90a224cff14631151a3e57d9d74ff46dab15726aaee7964b1ace999d6b7fb6a79a15ff93f0dadf3803527db2c8e008a24d28e02d41cf626e5a59b,2021-08-13 13:30:00,30,NO CONTROLS,NO CONTROLS,CLEAR,DAYLIGHT,REAR END,DIVIDED - W/MEDIAN (NOT RAISED),STRAIGHT AND LEVEL,DRY,NO DEFECTS,NO INJURY / DRIVE AWAY,"OVER $1,500",FOLLOWING TOO CLOSELY,UNABLE TO DETERMINE,4155,N,CICERO AVE,2,NO INDICATION OF INJURY,0.0,0.0,0.0,0.0,0.0,2.0,0.0,13,6,8
8a7f2e6becb5c2791cf4e453dc4baa6971ef7801f5c8bbdf9cadd809d2e52abb6ebd78d97b420898f5690d54431246e98043094b9d6f00293ae317483489a05f,2021-05-03 17:15:00,30,NO CONTROLS,NO CONTROLS,CLEAR,DAYLIGHT,PARKED MOTOR VEHICLE,DIVIDED - W/MEDIAN (NOT RAISED),STRAIGHT AND LEVEL,DRY,NO DEFECTS,NO INJURY / DRIVE AWAY,"$501 - $1,500",UNABLE TO DETERMINE,UNABLE TO DETERMINE,3415,W,BELMONT AVE,2,NO INDICATION OF INJURY,0.0,0.0,0.0,0.0,0.0,4.0,0.0,17,2,5
c6e58e96e2300730fa063f977ff1767471706afb41f0878bcf5f3e89beceeb30a233057d1d88463c6862c2e033c7c849c66a02423ce77d6d5a8e4ce7cf2f1eda,2019-04-14 12:30:00,30,TRAFFIC SIGNAL,FUNCTIONING PROPERLY,SLEET/HAIL,DAYLIGHT,REAR END,NOT DIVIDED,STRAIGHT AND LEVEL,WET,NO DEFECTS,INJURY AND / OR TOW DUE TO CRASH,"$501 - $1,500",FOLLOWING TOO CLOSELY,FOLLOWING TOO CLOSELY,528,N,FAIRBANKS CT,2,"REPORTED, NOT EVIDENT",1.0,0.0,0.0,0.0,1.0,4.0,0.0,12,1,4