CRASH_RECORD_ID,CRASH_DATE,POSTED_SPEED_LIMIT,TRAFFIC_CONTROL_DEVICE,DEVICE_CONDITION,WEATHER_CONDITION,LIGHTING_CONDITION,FIRST_CRASH_TYPE,TRAFFICWAY_TYPE,ALIGNMENT,ROADWAY_SURFACE_COND,ROAD_DEFECT,CRASH_TYPE,DAMAGE,PRIM_CONTRIBUTORY_CAUSE,SEC_CONTRIBUTORY_CAUSE,STREET_NO,STREET_DIRECTION,STREET_NAME,NUM_UNITS,MOST_SEVERE_INJURY,INJURIES_TOTAL,INJURIES_FATAL,INJURIES_INCAPACITATING,INJURIES_NON_INCAPACITATING,INJURIES_REPORTED_NOT_EVIDENT,INJURIES_NO_INDICATION,INJURIES_UNKNOWN,CRASH_HOUR,CRASH_DAY_OF_WEEK,CRASH_MONTH
7c424efd0bb0053ccec2b904c35fc48f86142b4ea58d2a9cd9b7e8d3b8cebd5d0e6f60734723d2f9bb0d04a7425b343a442ec401a48c438c795837fc463a6b80,2017-11-01 13:45:00,30,TRAFFIC SIGNAL,FUNCTIONING PROPERLY,CLEAR,DAYLIGHT,TURNING,DIVIDED - W/MEDIAN (NOT RAISED),STRAIGHT AND LEVEL,DRY,NO DEFECTS,NO INJURY / DRIVE AWAY,"OVER $1,500",FAILING TO YIELD RIGHT-OF-WAY,FAILING TO YIELD RIGHT-OF-WAY,855,W,87TH ST,2,NO INDICATION OF INJURY,0.0,0.0,0.0,0.0,0.0,3.0,0.0,13,4,11
c03f24d605a234d4a6479c9a609a37ace2c8442da653c3de41ab61bf4e5ab6285781613d4b781b7310c50542f087bd7dbc94ed9e183fcdae62a1ae16855f6b56,2023-05-06 13:50:00,30,TRAFFIC SIGNAL,FUNCTIONING PROPERLY,CLEAR,DAYLIGHT,ANGLE,DIVIDED - W/MEDIAN (NOT RAISED),STRAIGHT AND LEVEL,DRY,NO DEFECTS,NO INJURY / DRIVE AWAY,"OVER $1,500",UNABLE TO DETERMINE,UNABLE TO DETERMINE,4400,N,CALIFORNIA AVE,2,NO INDICATION OF INJURY,0.0,0.0,0.0,0.0,0.0,2.0,0.0,13,7,5
6c3258564c6e04af2f4f7be6baddaa34963b9027824ae452b85f1769e0d64d92790fca33e026b849e48f719fc8b6a88dca5a827007afcf4febbf33e652dd3ae7,2017-04-14 16:20:00,30,NO CONTROLS,NO CONTROLS,CLEAR,DAYLIGHT,SIDESWIPE SAME DIRECTION,ONE-WAY,STRAIGHT AND LEVEL,DRY,NO DEFECTS,NO INJURY / DRIVE AWAY,"$501 - $1,500",IMPROPER LANE USAGE,UNABLE TO DETERMINE,265,N,COLUMBUS DR,2,NO INDICATION OF INJURY,0.0,0.0,0.0,0.0,0.0,3.0,0.0,16,6,4
ca442fe3fb23366a2bdd76443975843bfa628001c7cbc7bd98f7e9ff2dc23c7769074cf15a559734f652d84a09b2eca1d786820f7ff8085c1733b10e1a2cc3d6,2021-06-28 11:15:00,30,NO CONTROLS,NO CONTROLS,CLEAR,DAYLIGHT,PARKED MOTOR VEHICLE,ONE-WAY,STRAIGHT AND LEVEL,DRY,NO DEFECTS,INJURY AND / OR TOW DUE TO CRASH,"OVER $1,500",NOT APPLICABLE,NOT APPLICABLE,3816,W,POLK ST,2,NO INDICATION OF INJURY,0.0,0.0,0.0,0.0,0.0,1.0,0.0,11,2,6
d5b779cd0452e19f25ee943576fd28870a1de19eb2428973d5a6f21a9563ab1877febee1f8ce1c29cab602a2c68490cf907b989e5f0cb055e2f6f73b663519ad,2023-03-10 14:00:00,30,NO CONTROLS,NO CONTROLS,CLEAR,DAYLIGHT,PARKED MOTOR VEHICLE,NOT DIVIDED,STRAIGHT AND LEVEL,DRY,NO DEFECTS,NO INJURY / DRIVE AWAY,"OVER $1,500",UNABLE TO DETERMINE,NOT APPLICABLE,3700,W,HARRISON ST,2,NO INDICATION OF INJURY,0.0,0.0,0.0,0.0,0.0,1.0,0.0,14,6,3
488a227a8e4e6381d3e5ed02f266d6d2a850f3e2ce5097f421f524754404e122db5545e65962dc472a7937e3f5673c033f8765cfb5ac422c54da42903c997df8,2017-01-25 06:00:00,30,NO CONTROLS,NO CONTROLS,CLEAR,DAYLIGHT,PARKED MOTOR VEHICLE,PARKING LOT,STRAIGHT AND LEVEL,DRY,NO DEFECTS,NO INJURY / DRIVE AWAY,"OVER $1,500",IMPROPER BACKING,IMPROPER BACKING,2500,S,ASHLAND AVE,2,NO INDICATION OF INJURY,0.0,0.0,0.0,0.0,0.0,1.0,0.0,6,4,1
809c581d781431fa934e64ee5158652f3cd55875e15027169465b7f3945445b27c88d97532fe7aff51939ae7c138f2c77a55a793c57bbc3e9eca69845d5a5e92,2019-05-17 13:30:00,25,NO CONTROLS,NO CONTROLS,CLEAR,DAYLIGHT,PARKED MOTOR VEHICLE,NOT DIVIDED,STRAIGHT AND LEVEL,DRY,NO DEFECTS,NO INJURY / DRIVE AWAY,"$501 - $1,500",NOT APPLICABLE,NOT APPLICABLE,117,N,DAMEN AVE,2,NO INDICATION OF INJURY,0.0,0.0,0.0,0.0,0.0,1.0,0.0,13,6,5
07e81d9c12345a1a274f94602607fc124fe9e3a041214258b661cbf4edb62707ea463e77b4259b879cd5bdb7cfe76c617e49d269a5cd8827396acaa4f82bb6c4,2020-11-12 22:35:00,25,NO CONTROLS,NO CONTROLS,RAIN,DARKNESS,PARKED MOTOR VEHICLE,NOT DIVIDED,STRAIGHT AND LEVEL,WET,NO DEFECTS,INJURY AND / OR TOW DUE TO CRASH,"OVER $1,500",FAILING TO REDUCE SPEED TO AVOID CRASH,UNABLE TO DETERMINE,5259,W,WASHINGTON BLVD,3,NO INDICATION OF INJURY,0.0,0.0,0.0,0.0,0.0,2.0,0.0,22,5,11
43f0dc48c14dbf476e460b9fd4b795fde7b2ecdac960e5257c730ac1318b9b85e62e190a50ba2dab94dcfc5f30ac8b507324fd657663950423f93eeb894da323,2019-05-04 12:00:00,20,NO CONTROLS,NO CONTROLS,CLEAR,DAYLIGHT,PARKED MOTOR VEHICLE,ONE-WAY,STRAIGHT AND LEVEL,DRY,NO DEFECTS,NO INJURY / DRIVE AWAY,"OVER $1,500",IMPROPER BACKING,UNABLE TO DETERMINE,4834,W,ST PAUL AVE,2,NO INDICATION OF INJURY,0.0,0.0,0.0,0.0,0.0,1.0,0.0,12,7,5
271b63a14144a16dc3fd4ce2d789ac1d3c2664930ff850173d355d2dcf9f3283f75397543d889a18d6e9d5108f6009830f7eddb503c66f35a786605cbba4771c,2019-12-13 02:17:00,30,NO CONTROLS,NO CONTROLS,CLEAR,"DARKNESS, LIGHTED ROAD",TURNING,NOT DIVIDED,STRAIGHT AND LEVEL,DRY,NO DEFECTS,NO INJURY / DRIVE AWAY,"OVER $1,500",IMPROPER LANE USAGE,NOT APPLICABLE,198,S,PULASKI RD,2,NO INDICATION OF INJURY,0.0,0.0,0.0,0.0,0.0,2.0,0.0,2,6,12
ec9c803ec4bc3f122a67225e5494977583d44a7a43f5e0256a20cf4b9ad9998b10efb9ecb622202091f3d015af6642ceec2efa33807b08cb088bd76a4e03c6c4,2021-10-16 14:08:00,30,NO CONTROLS,NO CONTROLS,CLEAR,DAYLIGHT,REAR END,DIVIDED - W/MEDIAN (NOT RAISED),STRAIGHT AND LEVEL,DRY,NO DEFECTS,INJURY AND / OR TOW DUE TO CRASH,"OVER $1,500",FOLLOWING TOO CLOSELY,FAILING TO REDUCE SPEED TO AVOID CRASH,1306,N,LARAMIE AVE,3,"REPORTED, NOT EVIDENT",1.0,0.0,0.0,0.0,1.0,2.0,0.0,14,7,10
783e8e5a416c1eb511f5ec7dd915c19629a643acf29e77e4e222e88968e1c4406ca28b58e31cc27b0cb45337c0cbe0e1ca091ae07275444115289c1979494f71,2020-03-23 16:00:00,30,NO CONTROLS,NO CONTROLS,CLEAR,DAYLIGHT,TURNING,NOT DIVIDED,STRAIGHT AND LEVEL,DRY,NO DEFECTS,NO INJURY / DRIVE AWAY,"OVER $1,500","OPERATING VEHICLE IN ERRATIC, RECKLESS, CARELESS, NEGLIGENT OR AGGRESSIVE MANNER",FAILING TO REDUCE SPEED TO AVOID CRASH,5600,S,MAY ST,2,NO INDICATION OF INJURY,0.0,0.0,0.0,0.0,0.0,2.0,0.0,16,2,3
039b99b905de58759376d488eadcee533f90c8d6c8b02358d838e31e5da6a8d74abe1810692b34ecb32db8435dbc9df196bfc07e27bfe50899ceb1bc6cebf5eb,2019-01-13 12:25:00,35,TRAFFIC SIGNAL,FUNCTIONING PROPERLY,CLEAR,DAYLIGHT,REAR END,DIVIDED - W/MEDIAN (NOT RAISED),STRAIGHT AND LEVEL,WET,NO DEFECTS,NO INJURY / DRIVE AWAY,"$501 - $1,500",FOLLOWING TOO CLOSELY,FOLLOWING TOO CLOSELY,11100,S,HALSTED ST,2,NO INDICATION OF INJURY,0.0,0.0,0.0,0.0,0.0,2.0,0.0,12,1,1
cb930051e4e68c0e986bcdf061fa1669f36c8e10795ab9f09c0027ef1400e2d612aa5da4dff9f88e5e05cd37965da12d8410e6d226834176c0a76bcb3f097717,2023-09-10 02:00:00,30,NO CONTROLS,UNKNOWN,CLEAR,"DARKNESS, LIGHTED ROAD",PARKED MOTOR VEHICLE,NOT DIVIDED,STRAIGHT AND LEVEL,DRY,UNKNOWN,INJURY AND / OR TOW DUE TO CRASH,"OVER $1,500","OPERATING VEHICLE IN ERRATIC, RECKLESS, CARELESS, NEGLIGENT OR AGGRESSIVE MANNER",NOT APPLICABLE,2352,N,DAMEN AVE,3,NO INDICATION OF INJURY,0.0,0.0,0.0,0.0,0.0,2.0,0.0,2,1,9
20e889fe2d25ef4e106297b0af901c6c5bcb90a213f6b69c272b0768d0245ecfd2292b2447784b6819f162de55996c1adc942bf8cde826511ae78589f727e5ab,2023-02-19 10:00:00,30,NO CONTROLS,NO CONTROLS,UNKNOWN,UNKNOWN,PARKED MOTOR VEHICLE,NOT DIVIDED,STRAIGHT AND LEVEL,UNKNOWN,UNKNOWN,NO INJURY / DRIVE AWAY,"$501 - $1,500",UNABLE TO DETERMINE,NOT APPLICABLE,1130,W,FARWELL AVE,2,NO INDICATION OF INJURY,0.0,0.0,0.0,0.0,0.0,1.0,0.0,10,1,2
923d5c60a461a14e5523fe4f5472a93c482a2b2d5e0986ee0192cf0fa0afdb1574cf5e34d10a7136d0a6cb7cb99f33b1d6eb32a10a7e9c16a15bb472e33463da,2017-08-18 21:00:00,30,TRAFFIC SIGNAL,FUNCTIONING PROPERLY,CLEAR,DARKNESS,REAR END,DIVIDED - W/MEDIAN (NOT RAISED),STRAIGHT AND LEVEL,DRY,NO DEFECTS,NO INJURY / DRIVE AWAY,"OVER $1,500",UNABLE TO DETERMINE,UNABLE TO DETERMINE,7500,S,HALSTED ST,2,NO INDICATION OF INJURY,0.0,0.0,0.0,0.0,0.0,2.0,0.0,21,6,8
66fa38893043c60e624f147154428534b66016487ca7beaf909edc7f57f2373400f03d5418f34487291c946fd6788258e011d0aa5ac02ac87a253774e3ba4f1a,2021-08-08 23:45:00,30,TRAFFIC SIGNAL,FUNCTIONING PROPERLY,CLEAR,"DARKNESS, LIGHTED ROAD",TURNING,NOT DIVIDED,STRAIGHT AND LEVEL,DRY,NO DEFECTS,INJURY AND / OR TOW DUE TO CRASH,"OVER $1,500",DISREGARDING OTHER TRAFFIC SIGNS,UNABLE TO DETERMINE,2000,W,MADISON ST,2,NO INDICATION OF INJURY,0.0,0.0,0.0,0.0,0.0,3.0,0.0,23,1,8
2092670483981ed06dd1d2af8db61210af1f3603914ad25e175954caebd3bff1c18cda9459a3b7239112b3cbd3bddf07a285aa5b007c86c69ca13a5a964a8359,2019-01-13 12:00:00,30,NO CONTROLS,NO CONTROLS,CLEAR,DAYLIGHT,ANGLE,ONE-WAY,STRAIGHT AND LEVEL,DRY,NO DEFECTS,NO INJURY / DRIVE AWAY,"OVER $1,500",UNABLE TO DETERMINE,NOT APPLICABLE,2445,W,SCHUBERT AVE,2,NO INDICATION OF INJURY,0.0,0.0,0.0,0.0,0.0,2.0,0.0,12,1,1
c552abf579ee2d7a4ac7792c7e85aaaf0a43eebc08b6f7a62387bd8f4e0f9a213de3cdac883e4c011d0a5d9452c9cb3b5c26eaa865c6f16486d2e1d4fc5935d5,2020-09-22 09:00:00,40,NO CONTROLS,NO CONTROLS,CLEAR,DAYLIGHT,SIDESWIPE SAME DIRECTION,DIVIDED - W/MEDIAN BARRIER,STRAIGHT AND LEVEL,DRY,NO DEFECTS,NO INJURY / DRIVE AWAY,"OVER $1,500",UNABLE TO DETERMINE,UNABLE TO DETERMINE,111,N,LAKE SHORE DR NB,2,NO INDICATION OF INJURY,0.0,0.0,0.0,0.0,0.0,2.0,0.0,9,3,9
5ecfa5b5cb4bda2878841fea985a6aedb7a0b2214eaf83502d7c3dd93e4d2c0688c0b6715467b3114a7a39158226e4a1998d32cc4888ddb4ad2d4e8be943174a,2022-11-18 08:00:00,30,NO CONTROLS,NO CONTROLS,SNOW,DAYLIGHT,REAR END,NOT DIVIDED,STRAIGHT AND LEVEL,ICE,NO DEFECTS,NO INJURY / DRIVE AWAY,"OVER $1,500",WEATHER,UNABLE TO DETERMINE,7601,S,COTTAGE GROVE AVE,2,NO INDICATION OF INJURY,0.0,0.0,0.0,0.0,0.0,2.0,0.0,8,6,11
5bd744bbb630f79e86209ebf04aec3230a585d86af9bf0d01b548b111433625a32f7bb291b0cac6a3ccdfb3c98c7566eade32a507cc82f4f3dd3f57a53d29c99,2021-11-05 13:40:00,35,NO CONTROLS,NO CONTROLS,CLEAR,DAYLIGHT,TURNING,NOT DIVIDED,STRAIGHT AND LEVEL,DRY,NO DEFECTS,INJURY AND / OR TOW DUE TO CRASH,"OVER $1,500",IMPROPER TURNING/NO SIGNAL,NOT APPLICABLE,3455,W,111TH ST,2,"REPORTED, NOT EVIDENT",1.0,0.0,0.0,0.0,1.0,1.0,0.0,13,6,11
e171f832b28068352cc0bcce540e6f300ec243337d6457f8e538983a0296c6ac3e38ac92e48d6a5188930813d668ca945635642a692573f6b5fed9d8274eb196,2017-09-29 15:30:00,30,TRAFFIC SIGNAL,FUNCTIONING PROPERLY,CLEAR,DAYLIGHT,TURNING,DIVIDED - W/MEDIAN (NOT RAISED),STRAIGHT AND LEVEL,DRY,NO DEFECTS,NO INJURY / DRIVE AWAY,"$501 - $1,500",UNABLE TO DETERMINE,NOT APPLICABLE,3030,N,MOBILE AVE,2,NO INDICATION OF INJURY,0.0,0.0,0.0,0.0,0.0,2.0,0.0,15,6,9
0f1cd579df3527d60531639818240ddae9e1ca8974239b8ce8353c4fe97bbb9d87033bbe65223517ce70ee9e1954595340baa9abb854e5391f03d9ab680aaca3,2018-12-16 23:56:00,30,NO CONTROLS,NO CONTROLS,CLEAR,"DARKNESS, LIGHTED ROAD",FIXED OBJECT,DIVIDED - W/MEDIAN BARRIER,STRAIGHT AND LEVEL,DRY,NO DEFECTS,INJURY AND / OR TOW DUE TO CRASH,"OVER $1,500",UNABLE TO DETERMINE,UNABLE TO DETERMINE,6800,S,STONY ISLAND AVE,1,INCAPACITATING INJURY,1.0,0.0,1.0,0.0,0.0,0.0,0.0,23,1,12
c9e768c34f186d2cdd800485508f4f69cde8b4fbebd9ff9c25977f6d5cddaadbf8a6a31400a1ba73086a01bf7d53cd2a582ac9977c42fc1610d6b0f845800d01,2022-02-25 21:06:00,30,UNKNOWN,UNKNOWN,CLEAR,"DARKNESS, LIGHTED ROAD",REAR END,NOT DIVIDED,STRAIGHT AND LEVEL,UNKNOWN,UNKNOWN,INJURY AND / OR TOW DUE TO CRASH,"OVER $1,500",IMPROPER BACKING,NOT APPLICABLE,11500,S,WENTWORTH AVE,2,NO INDICATION OF INJURY,0.0,0.0,0.0,0.0,0.0,2.0,0.0,21,6,2
03cd0244f3fbcee90c371677de43e4204ad5cf2f820c9c2f80462e0e4abb378a51cb4a25bb0f12053173670359d5f4117931989febd348fb9429a1e427527181,2023-05-28 00:30:00,30,NO CONTROLS,NO CONTROLS,CLEAR,"DARKNESS, LIGHTED ROAD",PARKED MOTOR VEHICLE,ONE-WAY,STRAIGHT AND LEVEL,DRY,NO DEFECTS,NO INJURY / DRIVE AWAY,"OVER $1,500",UNABLE TO DETERMINE,UNABLE TO DETERMINE,6006,S,THROOP ST,2,NO INDICATION OF INJURY,0.0,0.0,0.0,0.0,0.0,1.0,0.0,0,1,5
53bb7e9efebe9f2ccfbd7b028cc0d6fcb609c81c78c01dc40a72bf0c4d03a346a6499cc14e696462001e783781d8d61c109531eb13278dcc7af6360c644ee912,2019-03-05 18:00:00,30,NO CONTROLS,NO CONTROLS,CLEAR,DAYLIGHT,SIDESWIPE SAME DIRECTION,ONE-WAY,STRAIGHT AND LEVEL,DRY,NO DEFECTS,NO INJURY / DRIVE AWAY,$500 OR LESS,DRIVING SKILLS/KNOWLEDGE/EXPERIENCE,UNABLE TO DETERMINE,4998,N,AVERS AVE,2,NO INDICATION OF INJURY,0.0,0.0,0.0,0.0,0.0,2.0,0.0,18,3,3
765a95028971a6ba68ee78f19c88fef9c9bae839052927f928aebb84ef1fd81558fce9a56d48964474961e47453dbb991a5da6a96be5eb347db50a7664d2d57d,2022-05-01 15:50:00,20,TRAFFIC SIGNAL,FUNCTIONING PROPERLY,CLEAR,DAYLIGHT,ANGLE,DIVIDED - W/MEDIAN (NOT RAISED),STRAIGHT AND LEVEL,DRY,UNKNOWN,NO INJURY / DRIVE AWAY,"OVER $1,500",UNABLE TO DETERMINE,UNABLE TO DETERMINE,4000,N,KIMBALL AVE,2,NO INDICATION OF INJURY,0.0,0.0,0.0,0.0,0.0,3.0,0.0,15,1,5
5b4d387396d55e61293b925180dfcd56fd7656e722e73fa743865fc6949418de91905a1504d4df9402f3dcadfd314e2c31ddcec67608db8f4bc056cef667bc61,2018-07-27 23:30:00,30,TRAFFIC SIGNAL,FUNCTIONING PROPERLY,CLEAR,"DARKNESS, LIGHTED ROAD",SIDESWIPE SAME DIRECTION,DIVIDED - W/MEDIAN BARRIER,STRAIGHT AND LEVEL,DRY,NO DEFECTS,INJURY AND / OR TOW DUE TO CRASH,"$501 - $1,500",IMPROPER OVERTAKING/PASSING,NOT APPLICABLE,501,S,HAMLIN BLVD,2,NO INDICATION OF INJURY,0.0,0.0,0.0,0.0,0.0,2.0,0.0,23,6,7
bec1ddb41e6e9b229b33cb00b7e653fcd6bdcd02e5117c8dff6a79a734475953968164359c82ef45e8eb7c9ebd02e4669caee656632b80ebcc59566290a697dc,2020-12-28 12:00:00,30,NO CONTROLS,NO CONTROLS,CLEAR,DAYLIGHT,PARKED MOTOR VEHICLE,NOT DIVIDED,STRAIGHT AND LEVEL,DRY,NO DEFECTS,NO INJURY / DRIVE AWAY,"OVER $1,500",UNABLE TO DETERMINE,UNABLE TO DETERMINE,5600,S,ABERDEEN ST,2,NO INDICATION OF INJURY,0.0,0.0,0.0,0.0,0.0,1.0,0.0,12,2,12
0b003e60652df2660d151e739d96d2a9432b5501507399a895b9eb5ae2904170d7db966bf67ceab6d7b5961e97da632148e88a75e9c7a13446f912f5dafbae1b,2018-03-23 11:45:00,30,NO CONTROLS,NO CONTROLS,CLEAR,DAYLIGHT,TURNING,DIVIDED - W/MEDIAN (NOT RAISED),STRAIGHT AND LEVEL,DRY,NO DEFECTS,INJURY AND / OR TOW DUE TO CRASH,"$501 - $1,500",IMPROPER TURNING/NO SIGNAL,UNABLE TO DETERMINE,101,E,69TH ST,2,NO INDICATION OF INJURY,0.0,0.0,0.0,0.0,0.0,3.0,0.0,11,6,3
8b353cac311617a0107367ce51a3b93615f763ba230d3fb30f48ba69da6ce25ec70d4c0342b8f76c0563a0acd28f90a8986a491c0b3168fd2f718a3b294a85b2,2018-01-17 11:55:00,30,TRAFFIC SIGNAL,FUNCTIONING PROPERLY,CLEAR,DAYLIGHT,TURNING,ONE-WAY,STRAIGHT AND LEVEL,DRY,NO DEFECTS,NO INJURY / DRIVE AWAY,"$501 - $1,500",IMPROPER OVERTAKING/PASSING,UNABLE TO DETERMINE,105,E,OHIO ST,2,NO INDICATION OF INJURY,0.0,0.0,0.0,0.0,0.0,2.0,0.0,11,4,1
491eb6e24b00407459815d5115f031042d338809af76afa9a5211ab7eda97f1cad509302ec3d372fee4e6b6fc77940110db0ec0ea46cb6131894d845eee8ae3c,2019-03-19 08:40:00,30,NO CONTROLS,NO CONTROLS,CLEAR,DAYLIGHT,FIXED OBJECT,ALLEY,STRAIGHT AND LEVEL,DRY,NO DEFECTS,INJURY AND / OR TOW DUE TO CRASH,$500 OR LESS,UNABLE TO DETERMINE,UNABLE TO DETERMINE,3700,W,HARRISON ST,1,NONINCAPACITATING INJURY,1.0,0.0,0.0,1.0,0.0,1.0,0.0,8,3,3
288290c0e049f5ec818308b1aa77810ccefb47ff49cd64f02fba0fbc4c401a43446c8bb57c83fc19bfc295811156e8e2b38bac916556f21e7fccea2e7a4aa830,2019-11-16 15:45:00,30,NO CONTROLS,NO CONTROLS,CLEAR,DAYLIGHT,REAR END,ONE-WAY,STRAIGHT AND LEVEL,DRY,NO DEFECTS,NO INJURY / DRIVE AWAY,$500 OR LESS,IMPROPER BACKING,NOT APPLICABLE,439,N,WELLS ST,2,NO INDICATION OF INJURY,0.0,0.0,0.0,0.0,0.0,2.0,0.0,15,7,11
9eceeb91fe80738872438731f4e882dff855897392261c3d0693b9f774956e90ad3f35db15e7b9724d733a2f91ed4cd36895a512853ac7c4568e9b45cdc35457,2020-03-16 23:06:00,35,OTHER RAILROAD CROSSING,FUNCTIONING PROPERLY,CLEAR,"DARKNESS, LIGHTED ROAD",REAR END,NOT DIVIDED,STRAIGHT ON GRADE,WET,NO DEFECTS,INJURY AND / OR TOW DUE TO CRASH,"OVER $1,500",UNABLE TO DETERMINE,UNABLE TO DETERMINE,4558,W,MARQUETTE RD,2,NONINCAPACITATING INJURY,2.0,0.0,0.0,2.0,0.0,1.0,0.0,23,2,3
5c66ffd39ac9e941b50226f8a7293463861bd154bb18dfa081e3f07dc9ca49ef03d9a62f6372646fcaac806672ea321a39995868ceb860552f30aa7657dba7b9,2019-05-10 17:45:00,30,NO CONTROLS,NO CONTROLS,CLEAR,DAYLIGHT,SIDESWIPE SAME DIRECTION,ONE-WAY,STRAIGHT AND LEVEL,DRY,NO DEFECTS,NO INJURY / DRIVE AWAY,"$501 - $1,500",UNABLE TO DETERMINE,UNABLE TO DETERMINE,500,W,MADISON ST,2,NO INDICATION OF INJURY,0.0,0.0,0.0,0.0,0.0,2.0,0.0,17,6,5
3b776e74577db32ce989a584a6ee213d184c25e7ecd174f9280255a610e55e76ef663b4104acd83fa418771dfcfcbd91f1f4d2829377a22a32be548c63b03ceb,2024-01-04 04:42:00,30,TRAFFIC SIGNAL,FUNCTIONING PROPERLY,CLEAR,"DARKNESS, LIGHTED ROAD",SIDESWIPE SAME DIRECTION,NOT DIVIDED,STRAIGHT AND LEVEL,DRY,UNKNOWN,INJURY AND / OR TOW DUE TO CRASH,"OVER $1,500",IMPROPER OVERTAKING/PASSING,UNABLE TO DETERMINE,1400,W,59TH ST,2,NONINCAPACITATING INJURY,1.0,0.0,0.0,1.0,0.0,1.0,0.0,4,5,1
cc3b1bd1e28387ee21391bfbbd6cdf4af076670144644d900c5ff821aa9a06a30251e3d95cd70d959bef5a4a79bc2b5b71e369a12a9acd0c7990747575185c79,2018-07-25 20:24:00,15,NO CONTROLS,NO CONTROLS,CLEAR,DAYLIGHT,FIXED OBJECT,ALLEY,STRAIGHT AND LEVEL,DRY,NO DEFECTS,INJURY AND / OR TOW DUE TO CRASH,"OVER $1,500",EXCEEDING SAFE SPEED FOR CONDITIONS,EXCEEDING AUTHORIZED SPEED LIMIT,3607,W,GRENSHAW ST,1,NO INDICATION OF INJURY,0.0,0.0,0.0,0.0,0.0,1.0,0.0,20,4,7
954ec492c2562b3646f6edce3284b8ecee9a7cb44d19157fbcf38e4aac83d427ae10dea12b70a344acd5aaf9f14a8ff772f5bdec756b9c770d30398b7f5c4198,2022-09-14 02:00:00,30,NO CONTROLS,NO CONTROLS,CLEAR,DAYLIGHT,TURNING,NOT DIVIDED,STRAIGHT AND LEVEL,DRY,UNKNOWN,NO INJURY / DRIVE AWAY,"$501 - $1,500",UNABLE TO DETERMINE,UNABLE TO DETERMINE,4200,W,LAKE ST,2,NO INDICATION OF INJURY,0.0,0.0,0.0,0.0,0.0,3.0,0.0,2,4,9
b7d08f54eec3e4adac5441f79692bb0a47d4cc1b13a372bc16f3b3a77a774746c09e6e8fbbc4161e04f0e3ad3f4f9605f1f8e471e16902594003764764805704,2022-05-16 21:00:00,10,NO CONTROLS,NO CONTROLS,CLEAR,"DARKNESS, LIGHTED ROAD",PARKED MOTOR VEHICLE,ONE-WAY,STRAIGHT AND LEVEL,DRY,NO DEFECTS,NO INJURY / DRIVE AWAY,"OVER $1,500",UNABLE TO DETERMINE,UNABLE TO DETERMINE,9351,S,PHILLIPS AVE,2,NO INDICATION OF INJURY,0.0,0.0,0.0,0.0,0.0,1.0,0.0,21,2,5
e018d0ff3a499ac99c59826c7a5cfb4e7dbf9f367b0fa0ff962228bb854deba1ed7b4333dcbe738085d770da00cf4e06b62594ab2b47eb5a92b3213a259af111,2019-04-29 15:35:00,30,NO CONTROLS,NO CONTROLS,CLEAR,DAYLIGHT,REAR END,DIVIDED - W/MEDIAN (NOT RAISED),STRAIGHT AND LEVEL,WET,NO DEFECTS,NO INJURY / DRIVE AWAY,"$501 - $1,500",UNABLE TO DETERMINE,UNABLE TO DETERMINE,3331,W,26TH ST,2,NO INDICATION OF INJURY,0.0,0.0,0.0,0.0,0.0,2.0,0.0,15,2,4
656593275b5e390cde970c68797b4d55295abed0af86c9f35390878f1446551fc26aeae05225a4f338ea9bc7d24e064a37fa95f6abeaf4ce531bd06d36c1e988,2023-04-11 22:16:00,30,NO CONTROLS,NO CONTROLS,CLEAR,"DARKNESS, LIGHTED ROAD",PARKED MOTOR VEHICLE,NOT DIVIDED,STRAIGHT AND LEVEL,DRY,UNKNOWN,INJURY AND / OR TOW DUE TO CRASH,"OVER $1,500",UNABLE TO DETERMINE,UNABLE TO DETERMINE,1023,N,LARAMIE AVE,3,NO INDICATION OF INJURY,0.0,0.0,0.0,0.0,0.0,1.0,0.0,22,3,4
e10caddac0ad5f8da9584a9b7c2da42c56b066d32084ec46b83cdc765435c9d341be08403c7b46ae6095f700371c73722f2bf0d6ceac357db2fcd3a0366a6c47,2024-01-08 05:59:00,25,TRAFFIC SIGNAL,FUNCTIONING PROPERLY,CLEAR,DARKNESS,TURNING,DIVIDED - W/MEDIAN (NOT RAISED),STRAIGHT AND LEVEL,DRY,NO DEFECTS,INJURY AND / OR TOW DUE TO CRASH,"OVER $1,500",FAILING TO REDUCE SPEED TO AVOID CRASH,NOT APPLICABLE,2450,W,ARMITAGE AVE,2,INCAPACITATING INJURY,2.0,0.0,2.0,0.0,0.0,0.0,0.0,5,2,1
ea9ea6fbb783020f5dd79ce169ec0596f0255c780a06b4713d4dcd992ac8b8209bc9d33917408a818894c460da86bfc9be4532c6458fad281f9d71fcd0241119,2019-05-15 18:30:00,30,TRAFFIC SIGNAL,FUNCTIONING PROPERLY,CLEAR,DAYLIGHT,PEDESTRIAN,ONE-WAY,STRAIGHT AND LEVEL,DRY,NO DEFECTS,INJURY AND / OR TOW DUE TO CRASH,"OVER $1,500",FAILING TO YIELD RIGHT-OF-WAY,UNABLE TO DETERMINE,340,N,STETSON AVE,2,NONINCAPACITATING INJURY,1.0,0.0,0.0,1.0,0.0,3.0,0.0,18,4,5