CRASH_RECORD_ID,CRASH_DATE,POSTED_SPEED_LIMIT,TRAFFIC_CONTROL_DEVICE,DEVICE_CONDITION,WEATHER_CONDITION,LIGHTING_CONDITION,FIRST_CRASH_TYPE,TRAFFICWAY_TYPE,ALIGNMENT,ROADWAY_SURFACE_COND,ROAD_DEFECT,CRASH_TYPE,DAMAGE,PRIM_CONTRIBUTORY_CAUSE,SEC_CONTRIBUTORY_CAUSE,STREET_NO,STREET_DIRECTION,STREET_NAME,NUM_UNITS,MOST_SEVERE_INJURY,INJURIES_TOTAL,INJURIES_FATAL,INJURIES_INCAPACITATING,INJURIES_NON_INCAPACITATING,INJURIES_REPORTED_NOT_EVIDENT,INJURIES_NO_INDICATION,INJURIES_UNKNOWN,CRASH_HOUR,CRASH_DAY_OF_WEEK,CRASH_MONTH
88fb4b6f533825e5f37511e48174cfe8f802d77c3a70dea127b3d51c101d7256239b73a6d0e1717a45f517d7486cba9d7d7f78187d625474d950692f405d9ab7,2020-09-03 08:15:00,35,NO CONTROLS,NO CONTROLS,CLEAR,DAYLIGHT,PARKED MOTOR VEHICLE,OTHER,STRAIGHT AND LEVEL,DRY,NO DEFECTS,NO INJURY / DRIVE AWAY,$500 OR LESS,IMPROPER BACKING,NOT APPLICABLE,10414,S,CHURCH ST,2,NO INDICATION OF INJURY,0.0,0.0,0.0,0.0,0.0,1.0,0.0,8,5,9
d4a9642b4c3d701e6fdd314dcb815189f53e064de12952f3bad5e0460a0edde55ccb39c12d2c7c50945c282d63e75378ae23a557ab82061161e7f0657af3a9aa,2018-06-09 15:20:00,30,NO CONTROLS,NO CONTROLS,CLEAR,DAYLIGHT,PARKED MOTOR VEHICLE,NOT DIVIDED,STRAIGHT AND LEVEL,DRY,NO DEFECTS,NO INJURY / DRIVE AWAY,"$501 - $1,500",UNABLE TO DETERMINE,NOT APPLICABLE,4800,S,CHICAGO BEACH DR,2,NO INDICATION OF INJURY,0.0,0.0,0.0,0.0,0.0,2.0,0.0,15,7,6
79939e019d6399c7351da74283b2837b9e474d42adc0012f6fb304482e802d823603db2a2d23019e0ab58d9c21dad850b411c3e5473b0e0c8d68f68b7b0af19f,2017-10-02 15:17:00,25,NO CONTROLS,NO CONTROLS,CLEAR,DAYLIGHT,REAR END,DIVIDED - W/MEDIAN (NOT RAISED),STRAIGHT AND LEVEL,DRY,NO DEFECTS,NO INJURY / DRIVE AWAY,"$501 - $1,500",UNABLE TO DETERMINE,UNABLE TO DETERMINE,3214,W,47TH PL,2,NO INDICATION OF INJURY,0.0,0.0,0.0,0.0,0.0,2.0,0.0,15,2,10
4554d696d1372b90530d940775adbb116c878869d37250ef2efa6d80b1baeb2b3404141da77f960648b767bc6ac7eafa077e13b5394c7db75ca3cd3d1bf86959,2021-12-10 19:40:00,30,NO CONTROLS,NO CONTROLS,RAIN,DUSK,SIDESWIPE SAME DIRECTION,ONE-WAY,STRAIGHT AND LEVEL,WET,UNKNOWN,NO INJURY / DRIVE AWAY,"$501 - $1,500",FAILING TO YIELD RIGHT-OF-WAY,UNABLE TO DETERMINE,901,W,MADISON ST,2,NO INDICATION OF INJURY,0.0,0.0,0.0,0.0,0.0,2.0,0.0,19,6,12
1185f38d6542b869a2dd212ce5bae6f51c6cf304ecd1b308ecd075bd24b1fe376cebeca2e3a795d20d264da11ebc349886f921ed59139238e417a1061bc9e464,2023-05-12 17:30:00,30,TRAFFIC SIGNAL,UNKNOWN,CLOUDY/OVERCAST,DAYLIGHT,PEDESTRIAN,DIVIDED - W/MEDIAN (NOT RAISED),STRAIGHT AND LEVEL,WET,UNKNOWN,INJURY AND / OR TOW DUE TO CRASH,"$501 - $1,500",DISREGARDING TRAFFIC SIGNALS,NOT APPLICABLE,3408,S,DAMEN AVE,2,NONINCAPACITATING INJURY,1.0,0.0,0.0,1.0,0.0,1.0,0.0,17,6,5
dca965489bccb8265a8bb678aefe435f4546a730655785ee25caa41950c6064425de4123ffb403d1e2b4606c3dcaf1f50323cc05c26c86a62e70b9d2088f5e41,2017-03-01 18:45:00,30,NO CONTROLS,NO CONTROLS,RAIN,"DARKNESS, LIGHTED ROAD",REAR END,NOT DIVIDED,STRAIGHT AND LEVEL,WET,NO DEFECTS,NO INJURY / DRIVE AWAY,"OVER $1,500",IMPROPER OVERTAKING/PASSING,NOT APPLICABLE,31,E,ROOSEVELT RD,2,NO INDICATION OF INJURY,0.0,0.0,0.0,0.0,0.0,3.0,0.0,18,4,3
895c64b371fd833fd4f27f36aa222353c1bd1a4a246971e5fe059d97962eaee94af6bbb20ca066086f3067a0dc028ffa1fa727d45610f18f4be2a323979facdc,2019-05-30 09:20:00,10,NO CONTROLS,NO CONTROLS,CLEAR,DAYLIGHT,PARKED MOTOR VEHICLE,OTHER,STRAIGHT AND LEVEL,DRY,NO DEFECTS,NO INJURY / DRIVE AWAY,"$501 - $1,500",UNABLE TO DETERMINE,UNABLE TO DETERMINE,5901,S,ASHLAND AVE,2,NO INDICATION OF INJURY,0.0,0.0,0.0,0.0,0.0,1.0,0.0,9,5,5
3f38c58d564e39b104b75d3b8401b4cf44728c7f169a47825143152c9b07a31c7d5719bcc6ec4a12328068273cae413bea64941c2991d389f0af1cf9634d8e9a,2021-10-24 20:00:00,30,TRAFFIC SIGNAL,FUNCTIONING PROPERLY,RAIN,"DARKNESS, LIGHTED ROAD",REAR END,FOUR WAY,STRAIGHT AND LEVEL,WET,NO DEFECTS,INJURY AND / OR TOW DUE TO CRASH,"OVER $1,500",DISREGARDING TRAFFIC SIGNALS,FAILING TO REDUCE SPEED TO AVOID CRASH,4400,S,ASHLAND AVE,2,NO INDICATION OF INJURY,0.0,0.0,0.0,0.0,0.0,2.0,0.0,20,1,10
929952568e0f3146f9f41960ba67df3d18ff191edd3fb89d878b16e526b097b74bce50a05686f2dace1874fd5dfdbf9973273a740900c90e987b1304b5720e78,2021-07-16 18:20:00,25,NO CONTROLS,NO CONTROLS,CLEAR,DAYLIGHT,SIDESWIPE SAME DIRECTION,DIVIDED - W/MEDIAN BARRIER,STRAIGHT AND LEVEL,DRY,NO DEFECTS,NO INJURY / DRIVE AWAY,"$501 - $1,500",UNABLE TO DETERMINE,UNABLE TO DETERMINE,100,W,87TH ST,2,NO INDICATION OF INJURY,0.0,0.0,0.0,0.0,0.0,3.0,0.0,18,6,7
a286c22d2a61b7ebbd8d39f088189c428ba8122b0e80da56f1b62c1d70525506114439a457edc4e96ab354901e502d64302f231205e8de1691d9298d7fabef0d,2024-01-16 15:15:00,30,TRAFFIC SIGNAL,FUNCTIONING PROPERLY,UNKNOWN,UNKNOWN,REAR END,FOUR WAY,STRAIGHT AND LEVEL,UNKNOWN,UNKNOWN,NO INJURY / DRIVE AWAY,"OVER $1,500",UNABLE TO DETERMINE,NOT APPLICABLE,9900,S,HALSTED ST,2,NO INDICATION OF INJURY,0.0,0.0,0.0,0.0,0.0,2.0,0.0,15,3,1
b621ccf13bde72fe28bfad2be7e527c85210032aa58d94846c02001866fbd1c93cb280c6160d64db309d88bb1e2c8800b1c3e7fb42584bafe4399908e7b2dba4,2022-12-15 17:15:00,30,STOP SIGN/FLASHER,FUNCTIONING PROPERLY,SNOW,"DARKNESS, LIGHTED ROAD",ANGLE,NOT DIVIDED,STRAIGHT AND LEVEL,SNOW OR SLUSH,NO DEFECTS,NO INJURY / DRIVE AWAY,"OVER $1,500",FAILING TO YIELD RIGHT-OF-WAY,UNABLE TO DETERMINE,3600,W,CORTLAND ST,2,NO INDICATION OF INJURY,0.0,0.0,0.0,0.0,0.0,2.0,0.0,17,5,12
ed3c86f2a1d48523d2a3edbe2384dea6ae73b91385336eb1ad5fefbb3815b586cc9df0c76d57d008a87db24aef4ad7429d05cd1d7248d449c96ee92f562d4237,2022-11-04 19:17:00,30,TRAFFIC SIGNAL,FUNCTIONING PROPERLY,CLEAR,DARKNESS,TURNING,FOUR WAY,STRAIGHT AND LEVEL,DRY,NO DEFECTS,NO INJURY / DRIVE AWAY,"OVER $1,500",FOLLOWING TOO CLOSELY,NOT APPLICABLE,310,S,COLUMBUS DR,2,NO INDICATION OF INJURY,0.0,0.0,0.0,0.0,0.0,2.0,0.0,19,6,11
846c3574b821c55ff9cf0bf8d7d0a9feb3d87ba2917384d35aaed5bd945fd73ecd776735e63fdef18eff950b07b9f575cbdb319093d9e2f179e0a300613ef100,2021-05-22 18:25:00,30,NO CONTROLS,NO CONTROLS,CLEAR,DAYLIGHT,REAR END,ONE-WAY,STRAIGHT AND LEVEL,UNKNOWN,UNKNOWN,INJURY AND / OR TOW DUE TO CRASH,"OVER $1,500",DRIVING SKILLS/KNOWLEDGE/EXPERIENCE,"OPERATING VEHICLE IN ERRATIC, RECKLESS, CARELESS, NEGLIGENT OR AGGRESSIVE MANNER",3440,W,FLOURNOY ST,2,NONINCAPACITATING INJURY,1.0,0.0,0.0,1.0,0.0,1.0,0.0,18,7,5
3aed05d470c8bd501ab061cdf496c49936d80b57afc16e0765afd79865d0c5ebf6a8cac8fecaf3c0d5188ec5ad81f546282fedd23a9cc2dbb9815a19c5adadc4,2016-02-13 23:00:00,30,STOP SIGN/FLASHER,FUNCTIONING PROPERLY,CLEAR,"DARKNESS, LIGHTED ROAD",SIDESWIPE SAME DIRECTION,NOT DIVIDED,STRAIGHT AND LEVEL,DRY,NO DEFECTS,NO INJURY / DRIVE AWAY,"$501 - $1,500",IMPROPER LANE USAGE,UNABLE TO DETERMINE,5653,N,RIDGE AVE,2,NO INDICATION OF INJURY,0.0,0.0,0.0,0.0,0.0,2.0,0.0,23,7,2
560aa629ca5c92e7542f8b20b5c1c307c46117b37a3b12bee30c848673899effb41466ba4d878f0c579fa2fbb541e34d0928031160182a8ccddfcf5ac4b8a68e,2021-09-24 07:50:00,30,NO CONTROLS,NO CONTROLS,CLEAR,DAYLIGHT,REAR END,DIVIDED - W/MEDIAN (NOT RAISED),STRAIGHT AND LEVEL,DRY,NO DEFECTS,NO INJURY / DRIVE AWAY,"$501 - $1,500",FOLLOWING TOO CLOSELY,UNABLE TO DETERMINE,5959,W,63RD ST,2,NO INDICATION OF INJURY,0.0,0.0,0.0,0.0,0.0,3.0,0.0,7,6,9
2a6cbe8bf354cf8571140b4756e6fe8a925884824235399479afa6d565413d0d69ba7ad8f05088056dd48dc2b77b0fe1210d53a586fd0017545d45465b87c7c8,2023-09-30 15:00:00,30,NO CONTROLS,NO CONTROLS,CLEAR,DAYLIGHT,PARKED MOTOR VEHICLE,NOT DIVIDED,STRAIGHT AND LEVEL,DRY,NO DEFECTS,INJURY AND / OR TOW DUE TO CRASH,"OVER $1,500",UNABLE TO DETERMINE,UNABLE TO DETERMINE,4700,W,FLOURNOY ST,2,NO INDICATION OF INJURY,0.0,0.0,0.0,0.0,0.0,1.0,0.0,15,7,9
a41bc5b60ed3f07aa65f3d09bbf7fbfa09c3f7122ca900e52c07bc59c046eff92fcf6b37fe40f0afee9a24bb45458bc9ba325739961fa258f08bb32d71bac7b7,2021-06-05 18:00:00,10,TRAFFIC SIGNAL,FUNCTIONING PROPERLY,CLEAR,DAYLIGHT,TURNING,OTHER,STRAIGHT AND LEVEL,DRY,NO DEFECTS,NO INJURY / DRIVE AWAY,"OVER $1,500",NOT APPLICABLE,NOT APPLICABLE,340,E,18TH ST,2,NO INDICATION OF INJURY,0.0,0.0,0.0,0.0,0.0,2.0,0.0,18,7,6
1811c7b8a7bf9ba3d791f2d258ff2e8323f83bf14d8e1221cd378e015487c642181433d7885aa9d50b8079850fea265243a07ba57eb6c8830ac91a2f892e85c1,2018-08-29 09:15:00,45,NO CONTROLS,NO CONTROLS,RAIN,DAYLIGHT,SIDESWIPE SAME DIRECTION,ONE-WAY,STRAIGHT AND LEVEL,WET,NO DEFECTS,NO INJURY / DRIVE AWAY,"OVER $1,500",FAILING TO REDUCE SPEED TO AVOID CRASH,EXCEEDING SAFE SPEED FOR CONDITIONS,1200,N,LAKE SHORE DR NB,2,NO INDICATION OF INJURY,0.0,0.0,0.0,0.0,0.0,3.0,0.0,9,4,8
ad94e591688daeadc567ba48149ca4ec0e130152e2a7eb6263d70599b30fbdf5f4c450976a3be08c560486289ea98153b42bdbe4f2f7647630faf08d042d80ce,2021-01-27 23:00:00,30,TRAFFIC SIGNAL,FUNCTIONING PROPERLY,OTHER,"DARKNESS, LIGHTED ROAD",TURNING,NOT REPORTED,STRAIGHT AND LEVEL,OTHER,OTHER,INJURY AND / OR TOW DUE TO CRASH,"OVER $1,500",FAILING TO YIELD RIGHT-OF-WAY,FAILING TO REDUCE SPEED TO AVOID CRASH,3604,W,OGDEN AVE,2,"REPORTED, NOT EVIDENT",2.0,0.0,0.0,0.0,2.0,3.0,0.0,23,4,1
f240284ffdbee6bc7d1da722f2510ec27722e0aa813b76881491f3cb8008d031fc9dd696c25a0d6e9df13f2f2ec9502c8d217972b46df92c00fe109108e5d8b5,2020-08-04 10:50:00,35,TRAFFIC SIGNAL,FUNCTIONING PROPERLY,CLEAR,DAYLIGHT,REAR END,FOUR WAY,STRAIGHT AND LEVEL,DRY,NO DEFECTS,NO INJURY / DRIVE AWAY,"OVER $1,500",DISREGARDING TRAFFIC SIGNALS,DISREGARDING TRAFFIC SIGNALS,2400,W,87TH ST,2,NO INDICATION OF INJURY,0.0,0.0,0.0,0.0,0.0,8.0,0.0,10,3,8
e43263f1e0ad837dce3d9a0ac3599a8b78cff0fc19984a62ad5cb199308802cfbaad088ff0f434b062b1224e21bf5fc772acf8071a9885a65497a9ac9466b922,2022-05-10 12:00:00,10,NO CONTROLS,NO CONTROLS,CLEAR,DAYLIGHT,PARKED MOTOR VEHICLE,NOT DIVIDED,STRAIGHT AND LEVEL,DRY,NO DEFECTS,NO INJURY / DRIVE AWAY,$500 OR LESS,UNABLE TO DETERMINE,NOT APPLICABLE,400,W,MONTROSE HARBOR DR,2,NO INDICATION OF INJURY,0.0,0.0,0.0,0.0,0.0,1.0,0.0,12,3,5
139d21dca7b497aed1dc49f171b79372373e8d850012bf197beccefc0d9a873b9af3c438a5be60e2a9394eabbcfcfa6715e34db6740a24a0c1500f6f1790d46b,2017-10-13 08:05:00,30,NO CONTROLS,NO CONTROLS,CLEAR,DAYLIGHT,PARKED MOTOR VEHICLE,DIVIDED - W/MEDIAN (NOT RAISED),STRAIGHT AND LEVEL,DRY,NO DEFECTS,NO INJURY / DRIVE AWAY,$500 OR LESS,FAILING TO YIELD RIGHT-OF-WAY,NOT APPLICABLE,1284,N,MILWAUKEE AVE,4,NO INDICATION OF INJURY,0.0,0.0,0.0,0.0,0.0,4.0,0.0,8,6,10
e7cd4fcc335e861ec78e5165ea6d16f39852a34b1c773852f5909530e45b0fbade730c28c5f7cc704b89717bfb48be8977f127c53d223ea759b71f12d853f1a0,2018-01-14 12:20:00,35,TRAFFIC SIGNAL,FUNCTIONING PROPERLY,CLEAR,DAYLIGHT,REAR END,NOT DIVIDED,STRAIGHT AND LEVEL,DRY,SHOULDER DEFECT,NO INJURY / DRIVE AWAY,"$501 - $1,500",UNABLE TO DETERMINE,UNABLE TO DETERMINE,2400,W,79TH ST,2,NO INDICATION OF INJURY,0.0,0.0,0.0,0.0,0.0,2.0,0.0,12,1,1
48831511a6e19baf5e99139697cf33d2467a723e0405ac4f18140b97c4240c562b555149dfe850cbe472572d1d2fc381dfc8b6804ea0e8dc39c6e727c9432ef4,2018-03-06 16:11:00,30,NO CONTROLS,NO CONTROLS,CLEAR,DAYLIGHT,PARKED MOTOR VEHICLE,NOT DIVIDED,STRAIGHT AND LEVEL,DRY,NO DEFECTS,NO INJURY / DRIVE AWAY,"OVER $1,500",UNABLE TO DETERMINE,NOT APPLICABLE,4623,N,RACINE AVE,2,NO INDICATION OF INJURY,0.0,0.0,0.0,0.0,0.0,1.0,0.0,16,3,3
5ef86185d77305dd5595dd7b3c8228ffc1b6839f3453708a025acbc3cdc89cee66c923f595c09b5794795c25daaa6a452a9708d725d79d5b1113790520d099fd,2023-03-22 13:30:00,15,NO CONTROLS,NO CONTROLS,CLEAR,DAYLIGHT,PARKED MOTOR VEHICLE,NOT DIVIDED,STRAIGHT AND LEVEL,DRY,NO DEFECTS,NO INJURY / DRIVE AWAY,$500 OR LESS,FOLLOWING TOO CLOSELY,FOLLOWING TOO CLOSELY,2800,W,CARMEN AVE,2,NO INDICATION OF INJURY,0.0,0.0,0.0,0.0,0.0,1.0,0.0,13,4,3
4b83ad86f6525e0dba9c609838e054b0587b20fa8c3e5db8e90ee8b2da140495ec5068c9c8ae4be4d42ca2c153622f38019e930601dad5eb67cac912bc86f3c3,2016-06-18 06:30:00,30,NO CONTROLS,NO CONTROLS,CLEAR,DAYLIGHT,REAR END,NOT DIVIDED,STRAIGHT AND LEVEL,DRY,NO DEFECTS,NO INJURY / DRIVE AWAY,"OVER $1,500",FOLLOWING TOO CLOSELY,NOT APPLICABLE,5350,W,AUGUSTA BLVD,2,NO INDICATION OF INJURY,0.0,0.0,0.0,0.0,0.0,4.0,0.0,6,7,6
72a674493c5cbc4ac7cc3bcf1b56c5915717ef9a774b02e13ade1fd266f009e9b930222d67a47e7f1d0e5bcbc16b251144a589d36087a8ec69ff4114e2f25b08,2021-08-04 08:30:00,30,NO CONTROLS,NO CONTROLS,CLEAR,DAYLIGHT,PARKED MOTOR VEHICLE,NOT DIVIDED,STRAIGHT AND LEVEL,DRY,NO DEFECTS,NO INJURY / DRIVE AWAY,"OVER $1,500",NOT APPLICABLE,NOT APPLICABLE,2029,N,CLEVELAND AVE,2,NO INDICATION OF INJURY,0.0,0.0,0.0,0.0,0.0,1.0,0.0,8,4,8
0ba5a8bd53e1ae98a794a67ca3dca5560ca4ecc6ae4da09f91211f41bb22b60ff0028387670340434154d006f0128988f99d7c58b624ddfa4a93b4609d63f0d9,2021-02-05 10:35:00,30,TRAFFIC SIGNAL,FUNCTIONING PROPERLY,SNOW,DAYLIGHT,FIXED OBJECT,DIVIDED - W/MEDIAN BARRIER,STRAIGHT AND LEVEL,WET,NO DEFECTS,INJURY AND / OR TOW DUE TO CRASH,"OVER $1,500",UNABLE TO DETERMINE,UNABLE TO DETERMINE,7101,S,STONY ISLAND AVE,1,NO INDICATION OF INJURY,0.0,0.0,0.0,0.0,0.0,4.0,0.0,10,6,2
d9bfaee07d7404b3f8a13ec5552ec11279a1729d66dc04ee5d8d3d792954a4ada27026c2d345a26a1cdb3703cf8b70c7a463d427604ab0185ed125039010cd7c,2022-01-28 10:00:00,30,NO CONTROLS,NO CONTROLS,SNOW,DAYLIGHT,REAR END,NOT DIVIDED,STRAIGHT AND LEVEL,SNOW OR SLUSH,NO DEFECTS,NO INJURY / DRIVE AWAY,"OVER $1,500",FOLLOWING TOO CLOSELY,UNABLE TO DETERMINE,2433,N,CENTRAL PARK AVE,2,NO INDICATION OF INJURY,0.0,0.0,0.0,0.0,0.0,2.0,0.0,10,6,1
c2f9a54383110ac8bf853ce3e9d2f2ee30bc65c6f4342f5090948db97d89782e4b22a914cf966ae5d2d59350c50aaac3ca6984013dcf097d3754c0d0563ce1d3,2017-10-16 04:14:00,30,TRAFFIC SIGNAL,FUNCTIONING IMPROPERLY,CLEAR,"DARKNESS, LIGHTED ROAD",REAR END,DIVIDED - W/MEDIAN (NOT RAISED),STRAIGHT AND LEVEL,DRY,NO DEFECTS,NO INJURY / DRIVE AWAY,"OVER $1,500",FOLLOWING TOO CLOSELY,FAILING TO REDUCE SPEED TO AVOID CRASH,4032,W,IRVING PARK RD,2,NO INDICATION OF INJURY,0.0,0.0,0.0,0.0,0.0,3.0,0.0,4,2,10
6cbb4e098096b793437e79bffe559117ba4020e02e648e21a6a932acb53549db04458cc848ad905b1280b123434e889642f273949c31a24b2e153e235ca95fe1,2020-11-24 18:25:00,30,NO CONTROLS,NO CONTROLS,CLEAR,"DARKNESS, LIGHTED ROAD",SIDESWIPE SAME DIRECTION,PARKING LOT,STRAIGHT AND LEVEL,DRY,NO DEFECTS,NO INJURY / DRIVE AWAY,"OVER $1,500",UNABLE TO DETERMINE,UNABLE TO DETERMINE,2002,W,47TH ST,2,NO INDICATION OF INJURY,0.0,0.0,0.0,0.0,0.0,2.0,0.0,18,3,11
b1603cabd50e4b7e991fe9cb7e0604006719b20f0545034f890919f09ddb991b6ebded22883add5d6e3bc7133680d79a15ce51214337e06b1c6796c5cb619ad4,2015-11-09 14:00:00,30,TRAFFIC SIGNAL,FUNCTIONING PROPERLY,CLEAR,DAYLIGHT,PARKED MOTOR VEHICLE,PARKING LOT,STRAIGHT AND LEVEL,DRY,NO DEFECTS,NO INJURY / DRIVE AWAY,"$501 - $1,500",NOT APPLICABLE,NOT APPLICABLE,25,N,CICERO AVE,2,NO INDICATION OF INJURY,0.0,0.0,0.0,0.0,0.0,1.0,0.0,14,2,11
a6b8f41d7c783c1846369b4d293bc758ec8e7d445a9f0e055f83ff4332b28f19a7b679966748167880d146183c31ff4ecf61ca33c47cfaa313a99aa91b472191,2018-01-20 12:15:00,30,TRAFFIC SIGNAL,FUNCTIONING PROPERLY,CLEAR,DAYLIGHT,REAR END,DIVIDED - W/MEDIAN BARRIER,STRAIGHT AND LEVEL,DRY,NO DEFECTS,NO INJURY / DRIVE AWAY,"OVER $1,500",FOLLOWING TOO CLOSELY,UNABLE TO DETERMINE,5525,N,CUMBERLAND AVE,2,NO INDICATION OF INJURY,0.0,0.0,0.0,0.0,0.0,5.0,0.0,12,7,1
0f5fded4ef5209205b3668c4fa21bba46fdb70c70546e05cc551fae4cea268f68d78530d485dea06f1821319c3fadf1c77a18d089f2da52fada0ef6cb1abc1b5,2017-07-16 02:48:00,35,TRAFFIC SIGNAL,FUNCTIONING PROPERLY,RAIN,"DARKNESS, LIGHTED ROAD",REAR END,DIVIDED - W/MEDIAN (NOT RAISED),STRAIGHT AND LEVEL,WET,NO DEFECTS,NO INJURY / DRIVE AWAY,$500 OR LESS,FOLLOWING TOO CLOSELY,WEATHER,3199,W,LAWRENCE AVE,2,NO INDICATION OF INJURY,0.0,0.0,0.0,0.0,0.0,2.0,0.0,2,1,7
1e8fdb84b808982f07e10a3bebb9dfd5f725682f1e32c7e164b2f332e5a68e27e5986d277ea33aa404932ea2d2b3a2a175979bcb7f7475edd2d07c53b1a9e07b,2019-08-27 12:30:00,10,NO CONTROLS,NO CONTROLS,CLEAR,DAYLIGHT,PARKED MOTOR VEHICLE,NOT DIVIDED,STRAIGHT AND LEVEL,DRY,NO DEFECTS,NO INJURY / DRIVE AWAY,"OVER $1,500",UNABLE TO DETERMINE,NOT APPLICABLE,1198,S,KEDZIE AVE,2,NO INDICATION OF INJURY,0.0,0.0,0.0,0.0,0.0,1.0,0.0,12,3,8
1d0006a9aa9c15c39d87b6d4b4611b47aa1dc8fc4cc2f0ec3aaec7f66a9a2ece01386aae5fd3eb8c89d39e391a90bd9ba58f7d9517bab21ba7711bd1e901300c,2023-06-21 16:46:00,35,NO CONTROLS,NO CONTROLS,CLEAR,DAYLIGHT,REAR END,NOT DIVIDED,STRAIGHT AND LEVEL,DRY,UNKNOWN,NO INJURY / DRIVE AWAY,"$501 - $1,500",FAILING TO REDUCE SPEED TO AVOID CRASH,NOT APPLICABLE,9400,S,STONY ISLAND AVE,3,NO INDICATION OF INJURY,0.0,0.0,0.0,0.0,0.0,6.0,0.0,16,4,6
68dcbad5503d68d133cad991b0be57c93752a2c8e0308eff741d48b8076cd9e10aa3d379afa6f3bcebddffdee301c62208d4650fb8137195f5379792de4055ac,2020-05-10 11:00:00,10,NO CONTROLS,NO CONTROLS,CLEAR,DAYLIGHT,PARKED MOTOR VEHICLE,NOT DIVIDED,STRAIGHT AND LEVEL,WET,WORN SURFACE,NO INJURY / DRIVE AWAY,"$501 - $1,500",IMPROPER BACKING,IMPROPER BACKING,7313,S,STEWART AVE,2,NO INDICATION OF INJURY,0.0,0.0,0.0,0.0,0.0,1.0,0.0,11,1,5
2e96726e0cb10de21d857c7a1705c76c3409b55e0b9968bb56d711277bb89faeb95b9ce1116fded4d38b6c42a7005877d4cfca23e205bdc76fce16798fb560ba,2020-08-05 16:30:00,30,UNKNOWN,FUNCTIONING PROPERLY,CLEAR,DAYLIGHT,REAR END,FOUR WAY,STRAIGHT AND LEVEL,DRY,NO DEFECTS,NO INJURY / DRIVE AWAY,"OVER $1,500",FOLLOWING TOO CLOSELY,NOT APPLICABLE,3800,W,MADISON ST,2,NO INDICATION OF INJURY,0.0,0.0,0.0,0.0,0.0,2.0,0.0,16,4,8
e64011a301ce5c4c81d0f5b35d10709e670c738c935d2485cec116d06f4e8625195a9f2494594775abb584e03d76a3c46606096a648f385715dbea3833fe628b,2023-05-08 16:10:00,30,NO CONTROLS,NO CONTROLS,CLEAR,DAYLIGHT,REAR END,NOT DIVIDED,STRAIGHT AND LEVEL,DRY,NO DEFECTS,NO INJURY / DRIVE AWAY,"OVER $1,500",FOLLOWING TOO CLOSELY,FOLLOWING TOO CLOSELY,5201,N,MILWAUKEE AVE,2,NO INDICATION OF INJURY,0.0,0.0,0.0,0.0,0.0,2.0,0.0,16,2,5
2d2cf350d8566f0450199c1605a6b0b6369be5d578334c323d189440647b868ecf9e727839dc03cc8a2f15cf65ffb4e51d3f1ce972dc6a5db1f41a9db8ff0a3e,2019-09-12 14:30:00,10,NO CONTROLS,NO CONTROLS,CLEAR,DAYLIGHT,REAR TO FRONT,PARKING LOT,STRAIGHT AND LEVEL,UNKNOWN,UNKNOWN,NO INJURY / DRIVE AWAY,"OVER $1,500",IMPROPER BACKING,NOT APPLICABLE,2150,S,CANALPORT AVE,2,NO INDICATION OF INJURY,0.0,0.0,0.0,0.0,0.0,2.0,0.0,14,5,9
dca93acd2b31f71d1e97b846569c2962b31309bb6b1b7ecc4bb1ce8c3ac2010813ca79eb76fc02b94f481e91f9ecbd1b47fa5e4e0947313d417a61adb7c412b4,2021-06-04 17:00:00,30,NO CONTROLS,NO CONTROLS,CLEAR,DAYLIGHT,REAR END,NOT DIVIDED,STRAIGHT AND LEVEL,DRY,NO DEFECTS,NO INJURY / DRIVE AWAY,"OVER $1,500",UNABLE TO DETERMINE,NOT APPLICABLE,11400,S,PULASKI RD,2,NO INDICATION OF INJURY,0.0,0.0,0.0,0.0,0.0,2.0,0.0,17,6,6
9257fd67741e6380af0c5c66cd7dc9cd1bb38a86f3e4b65539c24e1636eddd6ce7fe3f68ca7498b35a258ec0874ae3af3dddbfa6c362995b52861c8dc55142ac,2022-10-06 15:40:00,30,UNKNOWN,UNKNOWN,UNKNOWN,UNKNOWN,SIDESWIPE SAME DIRECTION,ONE-WAY,STRAIGHT AND LEVEL,UNKNOWN,UNKNOWN,NO INJURY / DRIVE AWAY,"$501 - $1,500",UNABLE TO DETERMINE,UNABLE TO DETERMINE,100,E,HURON ST,2,NO INDICATION OF INJURY,0.0,0.0,0.0,0.0,0.0,2.0,0.0,15,5,10
6d4e015561cb34f395c72cffb3b8c9da3f79048a1fc7a1210e08380717f42d4e1c9464d7037f4dea2efa793fdcf999ae4f3f4bcf4e3b4fbbd9f6715d13fcc07a,2018-06-26 18:54:00,35,NO CONTROLS,NO CONTROLS,RAIN,DAYLIGHT,SIDESWIPE SAME DIRECTION,NOT DIVIDED,STRAIGHT AND LEVEL,WET,NO DEFECTS,NO INJURY / DRIVE AWAY,"$501 - $1,500",IMPROPER LANE USAGE,DRIVING SKILLS/KNOWLEDGE/EXPERIENCE,3100,W,87TH ST,2,NO INDICATION OF INJURY,0.0,0.0,0.0,0.0,0.0,2.0,0.0,18,3,6
39da4638feeeed7cc25072072ec30995cb55cb850737a477e53563698b1e876fb7fc54da16d0f6b48073bfaae86c314075afa800bc7b977212dd1a1aef9c3194,2019-02-03 09:00:00,30,NO CONTROLS,NO CONTROLS,CLEAR,DAYLIGHT,PARKED MOTOR VEHICLE,ONE-WAY,STRAIGHT AND LEVEL,DRY,NO DEFECTS,NO INJURY / DRIVE AWAY,"$501 - $1,500",NOT APPLICABLE,NOT APPLICABLE,5842,S,HOMAN AVE,2,NO INDICATION OF INJURY,0.0,0.0,0.0,0.0,0.0,1.0,0.0,9,1,2