CRASH_RECORD_ID,CRASH_DATE,POSTED_SPEED_LIMIT,TRAFFIC_CONTROL_DEVICE,DEVICE_CONDITION,WEATHER_CONDITION,LIGHTING_CONDITION,FIRST_CRASH_TYPE,TRAFFICWAY_TYPE,ALIGNMENT,ROADWAY_SURFACE_COND,ROAD_DEFECT,CRASH_TYPE,DAMAGE,PRIM_CONTRIBUTORY_CAUSE,SEC_CONTRIBUTORY_CAUSE,STREET_NO,STREET_DIRECTION,STREET_NAME,NUM_UNITS,MOST_SEVERE_INJURY,INJURIES_TOTAL,INJURIES_FATAL,INJURIES_INCAPACITATING,INJURIES_NON_INCAPACITATING,INJURIES_REPORTED_NOT_EVIDENT,INJURIES_NO_INDICATION,INJURIES_UNKNOWN,CRASH_HOUR,CRASH_DAY_OF_WEEK,CRASH_MONTH
8fb4674d3d32b1d92fd65251564ccfbf0f71283423a75d83c25e7b64464419116ad4427a6307aa20485242611ed79f98a1869d60785877882ad32e46c408095e,2021-10-29 07:36:00,30,TRAFFIC SIGNAL,FUNCTIONING PROPERLY,RAIN,DAYLIGHT,REAR END,DIVIDED - W/MEDIAN (NOT RAISED),STRAIGHT AND LEVEL,WET,NO DEFECTS,NO INJURY / DRIVE AWAY,"OVER $1,500",FOLLOWING TOO CLOSELY,NOT APPLICABLE,1200,S,LAKE SHORE DR W,2,NO INDICATION OF INJURY,0.0,0.0,0.0,0.0,0.0,2.0,0.0,7,6,10
6e24b23ad9424e67b49857d095b709e300b9bfb4dd938bbfbec015b39ebfc22422fd86b7a43393fdab8c6ae17688020d658dc564698b98d85cea54d429c32bf3,2018-09-07 08:55:00,30,TRAFFIC SIGNAL,FUNCTIONING PROPERLY,CLEAR,DAYLIGHT,SIDESWIPE SAME DIRECTION,NOT DIVIDED,STRAIGHT AND LEVEL,DRY,NO DEFECTS,NO INJURY / DRIVE AWAY,"OVER $1,500",IMPROPER LANE USAGE,NOT APPLICABLE,100,N,STATE ST,2,NO INDICATION OF INJURY,0.0,0.0,0.0,0.0,0.0,2.0,0.0,8,6,9
7c542e76a344dac6d4c6eab6593179f4bf5eb0c1c2858890634b82da4ac7eed45980fe8dfd8ac798aad1b577fdd595fcf72594686b555c7b13c1f4a1b23f79ef,2018-08-07 16:20:00,35,NO CONTROLS,NO CONTROLS,CLOUDY/OVERCAST,DAYLIGHT,SIDESWIPE OPPOSITE DIRECTION,NOT DIVIDED,STRAIGHT AND LEVEL,WET,NO DEFECTS,INJURY AND / OR TOW DUE TO CRASH,"OVER $1,500","OPERATING VEHICLE IN ERRATIC, RECKLESS, CARELESS, NEGLIGENT OR AGGRESSIVE MANNER",UNABLE TO DETERMINE,2024,S,CALIFORNIA AVE,3,NO INDICATION OF INJURY,0.0,0.0,0.0,0.0,0.0,3.0,0.0,16,3,8
ff77e412aadafa1e5f6fbef65e69b5b153824424dba2fd3fdbc2c1a3ec377534cb522c0715f007721d67b4570878d8d2cc8a2fd8bdd0b7927d463576859e7859,2022-06-27 14:00:00,30,TRAFFIC SIGNAL,FUNCTIONING PROPERLY,CLEAR,DAYLIGHT,TURNING,NOT DIVIDED,STRAIGHT AND LEVEL,DRY,UNKNOWN,NO INJURY / DRIVE AWAY,"OVER $1,500",UNABLE TO DETERMINE,UNABLE TO DETERMINE,5199,N,SHERIDAN RD,2,NO INDICATION OF INJURY,0.0,0.0,0.0,0.0,0.0,2.0,0.0,14,2,6
b9e06fc94482b3506531d84008bf7628f2ace26ad7a05755d3b77128e46e017b6ba4ce176e31d4b3b814f7b78e02652cbe5020037dd56665333c46ccd704472f,2021-09-19 01:07:00,30,NO CONTROLS,NO CONTROLS,CLEAR,"DARKNESS, LIGHTED ROAD",PARKED MOTOR VEHICLE,NOT DIVIDED,STRAIGHT AND LEVEL,UNKNOWN,UNKNOWN,NO INJURY / DRIVE AWAY,"OVER $1,500",IMPROPER BACKING,NOT APPLICABLE,4420,W,82ND ST,3,NO INDICATION OF INJURY,0.0,0.0,0.0,0.0,0.0,2.0,0.0,1,1,9
9491cc7a634ea35bc964df252b396b2299cef1730a45d78fb250429ff220b5f779580aef2f28cb8144a5400ae8281a62974a5a61c59688209183a198d9b9d912,2021-08-11 10:30:00,30,NO CONTROLS,NO CONTROLS,RAIN,DAYLIGHT,REAR TO SIDE,PARKING LOT,STRAIGHT AND LEVEL,WET,NO DEFECTS,NO INJURY / DRIVE AWAY,"$501 - $1,500",IMPROPER BACKING,NOT APPLICABLE,2435,E,79TH ST,2,NO INDICATION OF INJURY,0.0,0.0,0.0,0.0,0.0,2.0,0.0,10,4,8
d79aebfcedf10e153c806934995c7c1b56eda001bb1c6d00b5ffd0fcd56063a8ff9e2b5ade75fd5e4088d307781253e2c1c899495ee37c9cbd0a6c8d5c5a4289,2019-08-06 13:45:00,30,UNKNOWN,UNKNOWN,CLEAR,DAYLIGHT,SIDESWIPE SAME DIRECTION,NOT DIVIDED,STRAIGHT AND LEVEL,DRY,UNKNOWN,NO INJURY / DRIVE AWAY,"$501 - $1,500",DRIVING SKILLS/KNOWLEDGE/EXPERIENCE,DRIVING SKILLS/KNOWLEDGE/EXPERIENCE,4,E,LOWER WACKER DR,2,NO INDICATION OF INJURY,0.0,0.0,0.0,0.0,0.0,2.0,0.0,13,3,8
35c465f427005d1f5201a1bdf85265f0ca787d1252fdc6d9ea6ce94b5e3bdeb93c427c4b0e8b69948372b1ea93f3a2451dd2ba638c7026c8b8f94dccfe9c50d2,2018-01-30 17:00:00,35,NO CONTROLS,NO CONTROLS,CLEAR,DUSK,TURNING,NOT DIVIDED,STRAIGHT AND LEVEL,DRY,NO DEFECTS,INJURY AND / OR TOW DUE TO CRASH,"OVER $1,500",UNABLE TO DETERMINE,UNABLE TO DETERMINE,5109,S,HALSTED ST,2,NO INDICATION OF INJURY,0.0,0.0,0.0,0.0,0.0,2.0,0.0,17,3,1
23b4ec1efb5191308001632c7c49b9628784c310db3e28f592cd943e834d8d0882a8f4e839b539cb312a578e9c3ad9a90387fdc0add2f329f0c446d2a8bacbc5,2018-02-02 00:45:00,30,NO CONTROLS,NO CONTROLS,CLEAR,"DARKNESS, LIGHTED ROAD",PARKED MOTOR VEHICLE,NOT DIVIDED,STRAIGHT AND LEVEL,DRY,NO DEFECTS,INJURY AND / OR TOW DUE TO CRASH,"$501 - $1,500",CELL PHONE USE OTHER THAN TEXTING,UNABLE TO DETERMINE,4238,W,63RD ST,2,NO INDICATION OF INJURY,0.0,0.0,0.0,0.0,0.0,1.0,0.0,0,6,2
60bbf983c95510650e8cb185848f29b01f7263e1445a537ad95666b6c202db522c7d309d033647d154bece8ce95af198c77f848c2a2520d3293ac6578ad34412,2019-02-01 15:55:00,30,TRAFFIC SIGNAL,FUNCTIONING PROPERLY,CLEAR,DAYLIGHT,TURNING,NOT DIVIDED,STRAIGHT AND LEVEL,WET,NO DEFECTS,NO INJURY / DRIVE AWAY,"OVER $1,500",UNABLE TO DETERMINE,NOT APPLICABLE,6000,N,CLARK ST,2,NO INDICATION OF INJURY,0.0,0.0,0.0,0.0,0.0,2.0,0.0,15,6,2
ec2ceea8a2e9db4a8ad5e54069d3b3e2ac7817cc8f8311ac18238129213a8cb8e9280e1b0f5e6f1c266255b4d21f43bf713b16a6cc48ae5fb1162580eb08b754,2021-09-10 16:30:00,30,TRAFFIC SIGNAL,FUNCTIONING PROPERLY,CLEAR,DAYLIGHT,TURNING,UNKNOWN INTERSECTION TYPE,STRAIGHT AND LEVEL,DRY,NO DEFECTS,NO INJURY / DRIVE AWAY,"OVER $1,500",UNABLE TO DETERMINE,UNABLE TO DETERMINE,1700,E,57TH DR,2,NO INDICATION OF INJURY,0.0,0.0,0.0,0.0,0.0,3.0,0.0,16,6,9
8c2795d92c62ed7ca6afaee88999aa520726069c6e7a8710e8542de132f28e589d1c36891c13cab7d4a8b51ad485d0d717eff269a41eb62148c66172508be878,2021-10-31 02:00:00,30,NO CONTROLS,NO CONTROLS,CLEAR,"DARKNESS, LIGHTED ROAD",PARKED MOTOR VEHICLE,NOT DIVIDED,STRAIGHT AND LEVEL,DRY,NO DEFECTS,INJURY AND / OR TOW DUE TO CRASH,"OVER $1,500",ANIMAL,NOT APPLICABLE,3818,N,OAK PARK AVE,3,NO INDICATION OF INJURY,0.0,0.0,0.0,0.0,0.0,2.0,0.0,2,1,10
cc738f71752b0f0f5fe63e1702bc9a63f18e289eb0c28241235208aecf08731c2ecddc33fa284aa110b1fff5a6cf1ebb2ffe1718ecae7ca3a6014acd5abccfb3,2015-09-30 06:50:00,30,TRAFFIC SIGNAL,FUNCTIONING PROPERLY,CLEAR,DAYLIGHT,SIDESWIPE SAME DIRECTION,DIVIDED - W/MEDIAN BARRIER,STRAIGHT AND LEVEL,DRY,NO DEFECTS,NO INJURY / DRIVE AWAY,"OVER $1,500",IMPROPER LANE USAGE,UNABLE TO DETERMINE,1712,W,PETERSON AVE,2,NO INDICATION OF INJURY,0.0,0.0,0.0,0.0,0.0,2.0,0.0,6,4,9
ffbddc378e32627e6944601a17b6e095b616e5542a38b9335066216bbd8c5c7a2c4cbdafc05844a0a865f6b2cede149ee7ef70d1bef847e32e38fed85833a1d3,2021-02-26 18:10:00,30,NO CONTROLS,NO CONTROLS,CLEAR,DARKNESS,PARKED MOTOR VEHICLE,NOT DIVIDED,STRAIGHT AND LEVEL,DRY,NO DEFECTS,INJURY AND / OR TOW DUE TO CRASH,"OVER $1,500",ANIMAL,FAILING TO REDUCE SPEED TO AVOID CRASH,8247,S,ANTHONY AVE,2,NO INDICATION OF INJURY,0.0,0.0,0.0,0.0,0.0,2.0,0.0,18,6,2
271c89d952abfb94865268e3d96f7e059f18b7a765679c7023d56cfc1b6bc0da7f85654dbdacdf4a14aa9f3cfd254524dbc1e30d85946f7109f2c2143981441c,2021-02-07 21:40:00,30,STOP SIGN/FLASHER,FUNCTIONING PROPERLY,SNOW,"DARKNESS, LIGHTED ROAD",REAR END,NOT DIVIDED,STRAIGHT AND LEVEL,ICE,NO DEFECTS,NO INJURY / DRIVE AWAY,"OVER $1,500",FAILING TO REDUCE SPEED TO AVOID CRASH,NOT APPLICABLE,4090,W,BERTEAU AVE,2,NO INDICATION OF INJURY,0.0,0.0,0.0,0.0,0.0,2.0,0.0,21,1,2
5688e0497722e233915f4e7442ad99c7280b191438453e26566dbfeaafee60bc4906257250ccb94b43cc93c85d35e35af97daaefebc3f3224537f21b35277067,2022-10-18 18:54:00,30,NO CONTROLS,NO CONTROLS,CLEAR,DAYLIGHT,FIXED OBJECT,OTHER,STRAIGHT AND LEVEL,DRY,NO DEFECTS,NO INJURY / DRIVE AWAY,"OVER $1,500",UNABLE TO DETERMINE,NOT APPLICABLE,4334,S,KEDZIE AVE,1,NO INDICATION OF INJURY,0.0,0.0,0.0,0.0,0.0,1.0,0.0,18,3,10
8f7d9d2fbd3d74f9292d49895b573986d6c59be5ce5fcec7a3c553f49e4d78c81a826f6adc3d945c35e4826dfff0750b3cecf8574d927f740934004b9ca4d9a5,2019-01-24 21:00:00,30,NO CONTROLS,NO CONTROLS,CLEAR,"DARKNESS, LIGHTED ROAD",PARKED MOTOR VEHICLE,NOT DIVIDED,STRAIGHT AND LEVEL,SNOW OR SLUSH,NO DEFECTS,NO INJURY / DRIVE AWAY,"$501 - $1,500",UNABLE TO DETERMINE,UNABLE TO DETERMINE,1741,N,OAK PARK AVE,2,NO INDICATION OF INJURY,0.0,0.0,0.0,0.0,0.0,1.0,0.0,21,5,1
6e4ecd686dd95e5fa76c308b89c65ba1f394b18485089f9ad4a305dc6d5d8ad4e632c8dedc357586630238dce2e2cdc911da5d0182a02a8ac207543b3903d136,2019-05-17 03:10:00,35,NO CONTROLS,NO CONTROLS,CLEAR,"DARKNESS, LIGHTED ROAD",PARKED MOTOR VEHICLE,DIVIDED - W/MEDIAN BARRIER,STRAIGHT AND LEVEL,DRY,NO DEFECTS,INJURY AND / OR TOW DUE TO CRASH,"OVER $1,500",IMPROPER LANE USAGE,IMPROPER LANE USAGE,3115,N,KIMBALL AVE,4,NO INDICATION OF INJURY,0.0,0.0,0.0,0.0,0.0,1.0,0.0,3,6,5
ab573735f20f2c1812a0c04fd3594765b65b43510929a74e7f1a94d7f931f27f4fbd3aa988348e5fa39b3555e7d81fc7839cadbaa831e4338ced38e2395b1ac0,2017-08-27 23:30:00,30,TRAFFIC SIGNAL,FUNCTIONING PROPERLY,RAIN,"DARKNESS, LIGHTED ROAD",FIXED OBJECT,DIVIDED - W/MEDIAN (NOT RAISED),STRAIGHT AND LEVEL,WET,NO DEFECTS,INJURY AND / OR TOW DUE TO CRASH,$500 OR LESS,IMPROPER LANE USAGE,WEATHER,3501,S,DR MARTIN LUTHER KING JR DR,1,NO INDICATION OF INJURY,0.0,0.0,0.0,0.0,0.0,1.0,0.0,23,1,8
38fcd86837a3c0f9dbaee0a2e057d34e46173855a337576e61a3a43101c201631bc39c6e6362b48250078418d272733a5842f50e4760f41634685c63a1058e75,2023-10-26 18:23:00,30,TRAFFIC SIGNAL,FUNCTIONING PROPERLY,RAIN,UNKNOWN,SIDESWIPE OPPOSITE DIRECTION,NOT DIVIDED,STRAIGHT AND LEVEL,WET,NO DEFECTS,NO INJURY / DRIVE AWAY,"OVER $1,500",NOT APPLICABLE,NOT APPLICABLE,5698,S,WESTERN AVE,3,NO INDICATION OF INJURY,0.0,0.0,0.0,0.0,0.0,3.0,0.0,18,5,10
3761405b4afacb8948f68046dbea20bd8e4e8139d7ed568a792bf2446e5204b3b3e25baa688d047fad1c6385bddafc61275bde8c1e8035a3a57b0e1265e8829e,2023-12-27 11:14:00,35,STOP SIGN/FLASHER,FUNCTIONING PROPERLY,CLOUDY/OVERCAST,DAYLIGHT,REAR TO SIDE,FOUR WAY,STRAIGHT AND LEVEL,DRY,NO DEFECTS,NO INJURY / DRIVE AWAY,"OVER $1,500",UNABLE TO DETERMINE,UNABLE TO DETERMINE,10450,S,MICHIGAN AVE,2,NO INDICATION OF INJURY,0.0,0.0,0.0,0.0,0.0,2.0,0.0,11,4,12
4c322193c1e3136087cfd5d2a0a9af20f834434b07799c5b2e5a0c8677734fc5e099f197c29e4050a2908bc246c8f60fd32870fadff427ff068ffad5b2e78a78,2018-11-05 18:30:00,30,TRAFFIC SIGNAL,FUNCTIONING PROPERLY,CLEAR,"DARKNESS, LIGHTED ROAD",REAR END,NOT DIVIDED,STRAIGHT AND LEVEL,DRY,NO DEFECTS,NO INJURY / DRIVE AWAY,$500 OR LESS,IMPROPER BACKING,UNABLE TO DETERMINE,4658,S,COTTAGE GROVE AVE,2,NO INDICATION OF INJURY,0.0,0.0,0.0,0.0,0.0,2.0,0.0,18,2,11
19c1567230731bea0fb42a72151420b4f5a716499ad14c6e593ee003ca51a7e73b5ac5ae14c58abcd30c365d66b624a7dde64f6f350db04724a86570f91ac16f,2019-03-03 18:19:00,30,TRAFFIC SIGNAL,UNKNOWN,CLEAR,DARKNESS,FIXED OBJECT,DIVIDED - W/MEDIAN BARRIER,STRAIGHT AND LEVEL,DRY,NO DEFECTS,NO INJURY / DRIVE AWAY,$500 OR LESS,DRIVING SKILLS/KNOWLEDGE/EXPERIENCE,IMPROPER BACKING,400,S,WACKER DR,1,NO INDICATION OF INJURY,0.0,0.0,0.0,0.0,0.0,1.0,0.0,18,1,3
93cc215ea905341c4d9712541f39dd2b573c3c94c36296b3b0805a090acee54b02f2c2e66f9b7e8252411aa8fc984a7a739f3bfb2b03b399be9808328bb43836,2023-08-29 08:50:00,30,NO CONTROLS,NO CONTROLS,CLEAR,DAYLIGHT,TURNING,NOT DIVIDED,STRAIGHT AND LEVEL,DRY,NO DEFECTS,NO INJURY / DRIVE AWAY,"OVER $1,500",IMPROPER LANE USAGE,NOT APPLICABLE,3753,W,CHICAGO AVE,2,NO INDICATION OF INJURY,0.0,0.0,0.0,0.0,0.0,2.0,0.0,8,3,8
ff5c8df04724e7ca3c04add301cdcaaf9149916709cf56b0fec20f865b16ff77856c41f3780ce03675e453674d4af115513edb1a01a8d845247c04ac4707e8ef,2022-12-07 07:10:00,30,TRAFFIC SIGNAL,FUNCTIONING PROPERLY,CLEAR,DAYLIGHT,REAR END,NOT DIVIDED,STRAIGHT AND LEVEL,DRY,NO DEFECTS,INJURY AND / OR TOW DUE TO CRASH,"OVER $1,500",FOLLOWING TOO CLOSELY,NOT APPLICABLE,1936,W,ADDISON ST,2,"REPORTED, NOT EVIDENT",1.0,0.0,0.0,0.0,1.0,2.0,0.0,7,4,12
19a9a9ecb2f974f476d2edbf395852bf525cd03cab4adf7be0214fc7d529f0871dd9786d4c244718a093c2a820ec66ec1946114bbb2e6b1711a198c73923342e,2019-05-18 00:34:00,30,NO CONTROLS,NO CONTROLS,CLEAR,"DARKNESS, LIGHTED ROAD",PARKED MOTOR VEHICLE,ONE-WAY,STRAIGHT AND LEVEL,DRY,NO DEFECTS,NO INJURY / DRIVE AWAY,"OVER $1,500","OPERATING VEHICLE IN ERRATIC, RECKLESS, CARELESS, NEGLIGENT OR AGGRESSIVE MANNER",NOT APPLICABLE,7505,S,WENTWORTH AVE,4,NO INDICATION OF INJURY,0.0,0.0,0.0,0.0,0.0,1.0,0.0,0,7,5
82a09b00e21170ca6d0e3cc02fd69ab104e194196f3f630f9aace4bfd4fe4f149ea4f0cb42a6daebc6ca7dfbf2fd8690d30a11a5d28c6ee0652057755f566ff3,2022-08-12 14:30:00,30,NO CONTROLS,NO CONTROLS,CLEAR,DAYLIGHT,PARKED MOTOR VEHICLE,PARKING LOT,STRAIGHT AND LEVEL,DRY,NO DEFECTS,NO INJURY / DRIVE AWAY,"OVER $1,500",UNABLE TO DETERMINE,NOT APPLICABLE,500,N,KINGSBURY ST,2,NO INDICATION OF INJURY,0.0,0.0,0.0,0.0,0.0,1.0,0.0,14,6,8
9f28ef4a95849108fd61f6610475905d636bcf1d5286a35e8be8d1383393b3a249c82a657b9b7d87525f338d42ee663d9e9c3b35d11abb6be6f6750a2fa673ea,2021-05-11 17:00:00,30,NO CONTROLS,NO CONTROLS,CLEAR,DAYLIGHT,PARKED MOTOR VEHICLE,NOT DIVIDED,STRAIGHT AND LEVEL,DRY,NO DEFECTS,NO INJURY / DRIVE AWAY,"OVER $1,500",UNABLE TO DETERMINE,UNABLE TO DETERMINE,2948,N,LONG AVE,2,NO INDICATION OF INJURY,0.0,0.0,0.0,0.0,0.0,4.0,0.0,17,3,5
db5b9a7f105424f93e38e0cb5085ad4fd2be251e343793827f1dec047ef8841f4ec721d811a9c93d087bcd48b99de84833c427bdce61a1fed771ee0313233226,2019-05-16 10:15:00,30,NO CONTROLS,NO CONTROLS,UNKNOWN,DAYLIGHT,SIDESWIPE SAME DIRECTION,NOT DIVIDED,STRAIGHT AND LEVEL,UNKNOWN,UNKNOWN,NO INJURY / DRIVE AWAY,"OVER $1,500",UNABLE TO DETERMINE,UNABLE TO DETERMINE,9936,S,LOWE AVE,2,NO INDICATION OF INJURY,0.0,0.0,0.0,0.0,0.0,2.0,0.0,10,5,5
cad0a974ac3fcb1f397de2388ce3f1fbe2e3d61071798a1777a981740b5fa01dce29e507dd3102a0bbbb6c865cc0dd08e1bad598bc1482412a6ee6e6ce0c439a,2023-06-04 08:50:00,30,NO CONTROLS,NO CONTROLS,CLEAR,DAYLIGHT,SIDESWIPE SAME DIRECTION,DIVIDED - W/MEDIAN BARRIER,STRAIGHT AND LEVEL,DRY,NO DEFECTS,NO INJURY / DRIVE AWAY,"OVER $1,500",FAILING TO YIELD RIGHT-OF-WAY,NOT APPLICABLE,720,N,MICHIGAN AVE,2,NO INDICATION OF INJURY,0.0,0.0,0.0,0.0,0.0,2.0,0.0,8,1,6
eedfbc74e4afdc9043c48bca250486bcd318e88f03e07d8fd5d8e9843a7320a942adf9f445073c81b1cbd366d083b0ed8d4b9c0295a6b346985f86ee90f10aaa,2023-10-01 00:38:00,30,UNKNOWN,UNKNOWN,CLEAR,"DARKNESS, LIGHTED ROAD",FIXED OBJECT,ONE-WAY,STRAIGHT AND LEVEL,DRY,NO DEFECTS,INJURY AND / OR TOW DUE TO CRASH,"$501 - $1,500",FAILING TO REDUCE SPEED TO AVOID CRASH,UNABLE TO DETERMINE,1198,W,CONGRESS PKWY,1,NO INDICATION OF INJURY,0.0,0.0,0.0,0.0,0.0,1.0,0.0,0,1,10
e1f6df3bddbdfacf2804e163c39a2d965485da270f9faca958e1646ced517be2d6e4352407489354b87508b4763ae5cd2c456ccb7a8b9917399fb8417972f439,2020-02-27 16:50:00,45,TRAFFIC SIGNAL,OTHER,CLEAR,DAWN,REAR END,FOUR WAY,STRAIGHT AND LEVEL,DRY,NO DEFECTS,NO INJURY / DRIVE AWAY,"$501 - $1,500",NOT APPLICABLE,NOT APPLICABLE,11600,W,IRVING PARK RD,2,NO INDICATION OF INJURY,0.0,0.0,0.0,0.0,0.0,4.0,0.0,16,5,2
2a72e568425b2bb50dbd42a6229c5bdaa533fbee816baf01439c54ccfd5b7761cf8fecd5cd542c652a8a43454dbb2363c8db375484c327f162f137aba600afc1,2023-04-28 09:15:00,30,TRAFFIC SIGNAL,FUNCTIONING PROPERLY,CLEAR,DAYLIGHT,PEDESTRIAN,FOUR WAY,STRAIGHT AND LEVEL,DRY,NO DEFECTS,INJURY AND / OR TOW DUE TO CRASH,$500 OR LESS,FAILING TO YIELD RIGHT-OF-WAY,FAILING TO YIELD RIGHT-OF-WAY,400,E,87TH ST,2,NONINCAPACITATING INJURY,1.0,0.0,0.0,1.0,0.0,1.0,0.0,9,6,4
587c6b41fe43b9631a40e88396ae1dea9e27787fca7bf8715c1b6a3853fb93091a100904a72bd256851d6fe7e49c069e40e29e2a2080b7f779fb6b8b6862acdd,2023-12-14 10:13:00,20,NO CONTROLS,NO CONTROLS,CLEAR,DAYLIGHT,SIDESWIPE SAME DIRECTION,ONE-WAY,STRAIGHT AND LEVEL,DRY,NO DEFECTS,NO INJURY / DRIVE AWAY,"$501 - $1,500",FAILING TO YIELD RIGHT-OF-WAY,NOT APPLICABLE,7906,S,PRINCETON AVE,2,NO INDICATION OF INJURY,0.0,0.0,0.0,0.0,0.0,2.0,0.0,10,5,12
b310949d252cc30e56d153d7211997c013015d050e897e9e905a81e43e0da404fbceb8b0b26d8e73fae3da1f46bf6bd56bcab24ff790d801059031e269496060,2017-11-24 12:06:00,30,NO CONTROLS,NO CONTROLS,CLEAR,DAYLIGHT,SIDESWIPE OPPOSITE DIRECTION,PARKING LOT,STRAIGHT AND LEVEL,DRY,NO DEFECTS,NO INJURY / DRIVE AWAY,"$501 - $1,500",FAILING TO YIELD RIGHT-OF-WAY,IMPROPER BACKING,2526,W,CERMAK RD,2,NO INDICATION OF INJURY,0.0,0.0,0.0,0.0,0.0,2.0,0.0,12,6,11
399e75fb6a98a29c90c41f04bd5232882f485a7c0280b431e92125562cac8a71d17741f0f33ec1ffd52631bff404299ed85d39eb7e2f31d953cb821ac5441981,2019-07-14 17:30:00,20,NO CONTROLS,NO CONTROLS,UNKNOWN,UNKNOWN,PARKED MOTOR VEHICLE,NOT DIVIDED,STRAIGHT AND LEVEL,UNKNOWN,UNKNOWN,NO INJURY / DRIVE AWAY,"$501 - $1,500",UNABLE TO DETERMINE,UNABLE TO DETERMINE,2614,N,LONG AVE,2,NO INDICATION OF INJURY,0.0,0.0,0.0,0.0,0.0,1.0,0.0,17,1,7
47ac4aaadfa310f0a758a4c7cb605e02267a4a1605de9fdcf87021ba7b81c3cebcd3f023fa5d9f4069cabd0ee869b5b60d617e6183ff3ee101fbc1f52f4e0091,2018-01-08 18:45:00,30,NO CONTROLS,NO CONTROLS,CLEAR,"DARKNESS, LIGHTED ROAD",ANGLE,DIVIDED - W/MEDIAN (NOT RAISED),STRAIGHT AND LEVEL,DRY,NO DEFECTS,INJURY AND / OR TOW DUE TO CRASH,"OVER $1,500",UNABLE TO DETERMINE,UNABLE TO DETERMINE,3970,N,ELSTON AVE,2,NONINCAPACITATING INJURY,2.0,0.0,0.0,2.0,0.0,0.0,0.0,18,2,1
009701fec48cf374ca82ba991c6c34b67d193fd72bdb78d3802ad7b7359d95a0ed702d357aa8c33c24b1b65cb2945251541a45b9f0bff80d90eda753b2c8fe10,2019-08-19 18:30:00,30,NO CONTROLS,NO CONTROLS,CLEAR,DAYLIGHT,SIDESWIPE OPPOSITE DIRECTION,ONE-WAY,STRAIGHT AND LEVEL,DRY,NO DEFECTS,NO INJURY / DRIVE AWAY,"OVER $1,500",FOLLOWING TOO CLOSELY,UNABLE TO DETERMINE,410,E,ONTARIO ST,2,NO INDICATION OF INJURY,0.0,0.0,0.0,0.0,0.0,2.0,0.0,18,2,8
375102ccf85390385a40f4d43fe8fd1f8126553dfa92e416226ad27ae127e3a0f3ed02205f614af79a0b8909148d3588e51e7d028296f03c2b011367fb9f7863,2016-09-26 08:00:00,20,POLICE/FLAGMAN,NO CONTROLS,CLEAR,DAYLIGHT,SIDESWIPE SAME DIRECTION,DIVIDED - W/MEDIAN (NOT RAISED),STRAIGHT AND LEVEL,DRY,OTHER,NO INJURY / DRIVE AWAY,"OVER $1,500",FAILING TO YIELD RIGHT-OF-WAY,IMPROPER OVERTAKING/PASSING,1705,E,75TH ST,2,NO INDICATION OF INJURY,0.0,0.0,0.0,0.0,0.0,2.0,0.0,8,2,9
2098c4ae85671a2e1820e3335593d2d722969a9a46db6b0188997fb49d1380df133f37d7596af54441de2c5281a4a353cd404bbf3c43bc3ea9f867ed1211c31c,2022-10-17 07:40:00,30,NO CONTROLS,NO CONTROLS,CLEAR,DAYLIGHT,ANGLE,NOT DIVIDED,STRAIGHT AND LEVEL,DRY,NO DEFECTS,NO INJURY / DRIVE AWAY,"OVER $1,500",UNABLE TO DETERMINE,UNABLE TO DETERMINE,8601,S,KILDARE AVE,2,NO INDICATION OF INJURY,0.0,0.0,0.0,0.0,0.0,2.0,0.0,7,2,10
953993680b0f617b9025c18fe6fc18f23e6628300f5cf158b937c0b01d8145a5dac2bc4e900164f9e881396b22d9b8de9554e0ac595eb544ea6cec4a4adcb8a6,2023-09-03 20:25:00,30,NO CONTROLS,NO CONTROLS,CLEAR,"DARKNESS, LIGHTED ROAD",ANIMAL,NOT DIVIDED,STRAIGHT AND LEVEL,DRY,NO DEFECTS,NO INJURY / DRIVE AWAY,"OVER $1,500",UNABLE TO DETERMINE,NOT APPLICABLE,4335,W,111TH ST,1,NO INDICATION OF INJURY,0.0,0.0,0.0,0.0,0.0,1.0,0.0,20,1,9
53ff26a394ddecf100d30198034c1f43b0b6aac040cf0a2a1bab7fdf5b0208402ed5d7360c75c20949f0fc1d17191c282c940a9b29d30c9cada7568337f57d7b,2018-01-31 21:45:00,30,TRAFFIC SIGNAL,FUNCTIONING PROPERLY,CLEAR,"DARKNESS, LIGHTED ROAD",REAR END,NOT DIVIDED,STRAIGHT ON GRADE,DRY,NO DEFECTS,NO INJURY / DRIVE AWAY,"OVER $1,500",FOLLOWING TOO CLOSELY,FAILING TO REDUCE SPEED TO AVOID CRASH,4411,W,31ST ST,3,NO INDICATION OF INJURY,0.0,0.0,0.0,0.0,0.0,3.0,0.0,21,4,1
845e11a35d5a2773ce3c54e266081900244f862ae7a76ccb33ba36e04a946f42c049ac7bbac18fb7c3995797e0308225a4739024940e4bbe55bfc328ae759342,2020-02-18 10:30:00,30,NO CONTROLS,NO CONTROLS,CLEAR,DAYLIGHT,PARKED MOTOR VEHICLE,NOT DIVIDED,STRAIGHT AND LEVEL,DRY,NO DEFECTS,NO INJURY / DRIVE AWAY,$500 OR LESS,"OPERATING VEHICLE IN ERRATIC, RECKLESS, CARELESS, NEGLIGENT OR AGGRESSIVE MANNER",NOT APPLICABLE,2544,W,111TH ST,2,NO INDICATION OF INJURY,0.0,0.0,0.0,0.0,0.0,1.0,0.0,10,3,2