CRASH_RECORD_ID,CRASH_DATE,POSTED_SPEED_LIMIT,TRAFFIC_CONTROL_DEVICE,DEVICE_CONDITION,WEATHER_CONDITION,LIGHTING_CONDITION,FIRST_CRASH_TYPE,TRAFFICWAY_TYPE,ALIGNMENT,ROADWAY_SURFACE_COND,ROAD_DEFECT,CRASH_TYPE,DAMAGE,PRIM_CONTRIBUTORY_CAUSE,SEC_CONTRIBUTORY_CAUSE,STREET_NO,STREET_DIRECTION,STREET_NAME,NUM_UNITS,MOST_SEVERE_INJURY,INJURIES_TOTAL,INJURIES_FATAL,INJURIES_INCAPACITATING,INJURIES_NON_INCAPACITATING,INJURIES_REPORTED_NOT_EVIDENT,INJURIES_NO_INDICATION,INJURIES_UNKNOWN,CRASH_HOUR,CRASH_DAY_OF_WEEK,CRASH_MONTH
57ec281ba6852843bbb3c953e33be318f683ad9529c95b80f1d8205e67a86e8a689c2a41648be9402f1f6792f5c770ff48611451a03c8d2d351e661e65adb5d3,2017-12-29 21:10:00,30,TRAFFIC SIGNAL,UNKNOWN,SNOW,"DARKNESS, LIGHTED ROAD",SIDESWIPE SAME DIRECTION,NOT DIVIDED,STRAIGHT AND LEVEL,SNOW OR SLUSH,NO DEFECTS,INJURY AND / OR TOW DUE TO CRASH,"OVER $1,500",IMPROPER OVERTAKING/PASSING,NOT APPLICABLE,6,S,FRANKLIN ST,2,NO INDICATION OF INJURY,0.0,0.0,0.0,0.0,0.0,2.0,0.0,21,6,12
a19eff376d4bc60aa3d5dc3677e66b8eaec52934116840de653d5fff4c906c8005728e0dd9f2d35b93a9f9f320d39221a895c4f60a4c3be0731471b92ddd483b,2023-12-29 12:35:00,25,YIELD,NO CONTROLS,RAIN,DAYLIGHT,SIDESWIPE SAME DIRECTION,NOT DIVIDED,STRAIGHT AND LEVEL,WET,NO DEFECTS,NO INJURY / DRIVE AWAY,"$501 - $1,500",NOT APPLICABLE,NOT APPLICABLE,400,S,ASHLAND AVE,2,NO INDICATION OF INJURY,0.0,0.0,0.0,0.0,0.0,2.0,0.0,12,6,12
06e812f577e85d3b800ead48d591c72a49c07bfe0eb79df814e340a4838b769166edb25f634ee0b97ccf460c972e6dd8d117f117724c4182b75414df85cd2002,2019-09-12 06:50:00,30,TRAFFIC SIGNAL,FUNCTIONING PROPERLY,OTHER,DAYLIGHT,SIDESWIPE SAME DIRECTION,DIVIDED - W/MEDIAN (NOT RAISED),STRAIGHT AND LEVEL,WET,UNKNOWN,NO INJURY / DRIVE AWAY,"$501 - $1,500",UNABLE TO DETERMINE,UNABLE TO DETERMINE,2350,W,GARFIELD BLVD,2,NO INDICATION OF INJURY,0.0,0.0,0.0,0.0,0.0,3.0,0.0,6,5,9
1cf8d7df2e6cc9c65fd950f5cc0e2aba74b67d6a5a516ac735b16228cf6d31bcfc27805a8ab8f01a7cb0740e0d044561c80482c230db537c2f15b6942993ba0a,2023-02-04 13:40:00,30,NO CONTROLS,NO CONTROLS,CLEAR,DAYLIGHT,TURNING,DIVIDED - W/MEDIAN (NOT RAISED),STRAIGHT AND LEVEL,DRY,NO DEFECTS,NO INJURY / DRIVE AWAY,"OVER $1,500",UNABLE TO DETERMINE,UNABLE TO DETERMINE,4022,N,WESTERN AVE,2,NO INDICATION OF INJURY,0.0,0.0,0.0,0.0,0.0,3.0,0.0,13,7,2
e924c340714b28e849ecbc3c3bd3db67b0772a4c6cf2ea7ce1fead7ffd082ca61ee9e803db1711863c4db61d92f6b729cfa3e9d8150c2a22abfb13f47c226be7,2022-11-17 16:05:00,30,NO CONTROLS,NO CONTROLS,CLEAR,"DARKNESS, LIGHTED ROAD",ANGLE,FOUR WAY,STRAIGHT AND LEVEL,DRY,NO DEFECTS,INJURY AND / OR TOW DUE TO CRASH,"OVER $1,500",FAILING TO YIELD RIGHT-OF-WAY,FAILING TO REDUCE SPEED TO AVOID CRASH,3462,N,ELSTON AVE,2,NO INDICATION OF INJURY,0.0,0.0,0.0,0.0,0.0,2.0,0.0,16,5,11
0bb9e95f56770fa6fd3e8ff373d98c1c8164daa15b1d51a25dff2f5839af38a7a9f03291703cc2dddc36286c5943be702e1ea9994091ca81b1b5e6f2f7ccd582,2017-08-06 11:50:00,30,TRAFFIC SIGNAL,FUNCTIONING PROPERLY,CLEAR,DAYLIGHT,REAR END,DIVIDED - W/MEDIAN (NOT RAISED),STRAIGHT AND LEVEL,DRY,NO DEFECTS,NO INJURY / DRIVE AWAY,"$501 - $1,500",UNABLE TO DETERMINE,NOT APPLICABLE,2959,E,92ND ST,2,NO INDICATION OF INJURY,0.0,0.0,0.0,0.0,0.0,6.0,0.0,11,1,8
c8c486c801392c6642fe17b7bcfbc463760ce42e95e607d38dc4af23941111b4d528995cf13eb52541c325eba0d30970179b4b1093a3d9ba31db98df26299c3b,2022-03-08 19:30:00,30,NO CONTROLS,NO CONTROLS,CLEAR,"DARKNESS, LIGHTED ROAD",REAR END,NOT DIVIDED,STRAIGHT AND LEVEL,DRY,NO DEFECTS,NO INJURY / DRIVE AWAY,"OVER $1,500",FOLLOWING TOO CLOSELY,UNABLE TO DETERMINE,655,W,IRVING PARK RD,2,NO INDICATION OF INJURY,0.0,0.0,0.0,0.0,0.0,2.0,0.0,19,3,3
5d51e9949325a6d2e4e75080f78f36871110b829675be52f6192ceebace047948593ce781a88071f3835d8285ffbbdced84e0cbc4ca23136e5a601dd2bc74a83,2017-12-13 12:10:00,30,UNKNOWN,UNKNOWN,CLEAR,DAYLIGHT,SIDESWIPE SAME DIRECTION,UNKNOWN,STRAIGHT AND LEVEL,DRY,NO DEFECTS,NO INJURY / DRIVE AWAY,"$501 - $1,500",FAILING TO YIELD RIGHT-OF-WAY,FAILING TO YIELD RIGHT-OF-WAY,5332,W,GRAND AVE,2,NO INDICATION OF INJURY,0.0,0.0,0.0,0.0,0.0,2.0,0.0,12,4,12
301693e218391eeef0bc37d6b61102a474067bb45ccc0159ff7560fb177107a164f0da7d0342b391c2075330429c45a3a362561d9a1cbc07beea2423124bc38f,2023-10-10 07:08:00,30,NO CONTROLS,NO CONTROLS,CLEAR,DAYLIGHT,TURNING,NOT DIVIDED,STRAIGHT AND LEVEL,DRY,NO DEFECTS,NO INJURY / DRIVE AWAY,"OVER $1,500",FAILING TO YIELD RIGHT-OF-WAY,FAILING TO REDUCE SPEED TO AVOID CRASH,6401,S,PULASKI RD,2,NO INDICATION OF INJURY,0.0,0.0,0.0,0.0,0.0,2.0,0.0,7,3,10
2021ff5cac9efbd2c4c8e5f015de3786f1a1a9b7dc48c2ac9aeb034248b3b0887f0eab5c19bf88aa3270266771772779ff4d7b9fc575518021c5d4a70e7f61a9,2021-06-04 10:30:00,35,NO CONTROLS,NO CONTROLS,CLEAR,DAYLIGHT,SIDESWIPE SAME DIRECTION,NOT DIVIDED,STRAIGHT AND LEVEL,DRY,NO DEFECTS,NO INJURY / DRIVE AWAY,"OVER $1,500",UNABLE TO DETERMINE,NOT APPLICABLE,2133,S,WESTERN AVE,2,NO INDICATION OF INJURY,0.0,0.0,0.0,0.0,0.0,3.0,0.0,10,6,6
e7e542a0c4a6db74fabd44c5350fa4ee5a0a6b83672f79c9babac8aaaef53958c42f94bcc2b6a0b9f3ff5e037e14549369e05fa0e4af805e340b6eb5718a22d7,2022-08-13 12:00:00,30,TRAFFIC SIGNAL,FUNCTIONING PROPERLY,CLEAR,DAYLIGHT,SIDESWIPE SAME DIRECTION,NOT DIVIDED,STRAIGHT AND LEVEL,DRY,NO DEFECTS,INJURY AND / OR TOW DUE TO CRASH,"OVER $1,500",IMPROPER LANE USAGE,IMPROPER LANE USAGE,758,E,51ST ST,2,"REPORTED, NOT EVIDENT",1.0,0.0,0.0,0.0,1.0,5.0,0.0,12,7,8
9b1dff0a3fd4081ce8bb620224364e75f58dbaaa25d81e67f7c2b135f2cf42113537561b1ea05000da834e8f88c6d384cd3c6cb2328d41d8d740db0708e839f5,2019-07-26 17:00:00,30,NO CONTROLS,NO CONTROLS,CLEAR,DAYLIGHT,TURNING,NOT DIVIDED,STRAIGHT AND LEVEL,DRY,NO DEFECTS,NO INJURY / DRIVE AWAY,"OVER $1,500",UNABLE TO DETERMINE,UNABLE TO DETERMINE,4557,N,RAVENSWOOD AVE,2,NO INDICATION OF INJURY,0.0,0.0,0.0,0.0,0.0,3.0,0.0,17,6,7
9efd3f7ce1c97e57000e4a1c879246a61f158474c9b8c2bbf50e5da1a7cbc7a60a6fa27fd683140741aef4244b60e8f2655582be1327ee3eb9d78cd40a4a20d6,2017-04-15 19:00:00,30,NO CONTROLS,NO CONTROLS,CLEAR,DUSK,PARKED MOTOR VEHICLE,DIVIDED - W/MEDIAN (NOT RAISED),STRAIGHT AND LEVEL,DRY,NO DEFECTS,NO INJURY / DRIVE AWAY,"OVER $1,500",UNABLE TO DETERMINE,UNABLE TO DETERMINE,3204,N,CICERO AVE,2,NO INDICATION OF INJURY,0.0,0.0,0.0,0.0,0.0,1.0,0.0,19,7,4
678b90a023ac58bf680857287d68f9c61117f03dabb77bd96d2fe6d1d3206505d050700b040b9717950bbdc5052059278fd43b8d7c98dc83c2ce119729eb6283,2021-09-24 16:34:00,30,NO CONTROLS,NO CONTROLS,CLEAR,DAYLIGHT,PARKED MOTOR VEHICLE,ONE-WAY,STRAIGHT AND LEVEL,DRY,UNKNOWN,INJURY AND / OR TOW DUE TO CRASH,"OVER $1,500",UNABLE TO DETERMINE,UNABLE TO DETERMINE,1510,N,LOTUS AVE,2,NO INDICATION OF INJURY,0.0,0.0,0.0,0.0,0.0,2.0,0.0,16,6,9
a5f973936c1ce38a3570e2555cf5ecb6fbb95dc020b1e24d042c56de7afdfc817b77a250564ec2febc7f6dd6b3b05515c09ae1684eef9aa21e57c54b5f1bbde9,2016-06-07 15:00:00,30,NO CONTROLS,NO CONTROLS,CLEAR,DAYLIGHT,REAR END,ALLEY,STRAIGHT AND LEVEL,DRY,NO DEFECTS,NO INJURY / DRIVE AWAY,$500 OR LESS,IMPROPER BACKING,IMPROPER BACKING,2834,W,CERMAK RD,2,NO INDICATION OF INJURY,0.0,0.0,0.0,0.0,0.0,2.0,0.0,15,3,6
b7f2dc0353fd97fbed4739c73223e46d5bfb11fea2ee7028f04efbc0c5b66114d25244de7a86243b57e47d15a2bb0f327da21d6958cc953c05f64e71ada4c1ca,2016-09-24 13:30:00,30,TRAFFIC SIGNAL,FUNCTIONING PROPERLY,CLEAR,DAYLIGHT,SIDESWIPE SAME DIRECTION,ONE-WAY,STRAIGHT AND LEVEL,DRY,NO DEFECTS,NO INJURY / DRIVE AWAY,$500 OR LESS,IMPROPER LANE USAGE,FAILING TO REDUCE SPEED TO AVOID CRASH,345,W,ONTARIO ST,2,NO INDICATION OF INJURY,0.0,0.0,0.0,0.0,0.0,2.0,0.0,13,7,9
43cd486d2ec5b052e714b50366897f228c8257fb8cd72e8559ab337bdaf2bd1a74a982e2e6f41c5569d7cf4d16d5eed519957363306f7d2adce04486fe148a28,2017-04-19 13:30:00,30,STOP SIGN/FLASHER,FUNCTIONING PROPERLY,RAIN,DAYLIGHT,REAR END,DIVIDED - W/MEDIAN (NOT RAISED),STRAIGHT AND LEVEL,WET,NO DEFECTS,INJURY AND / OR TOW DUE TO CRASH,"OVER $1,500",UNABLE TO DETERMINE,NOT APPLICABLE,4600,W,MADISON ST,2,"REPORTED, NOT EVIDENT",1.0,0.0,0.0,0.0,1.0,1.0,0.0,13,4,4
5adaf43505d9ce23db94e1a40073f2876301915cf6af44cb6fe6a9f8a6b0491d4cf2f14a126ac60f914a7c8804f4936b0a118ae21b888835882f4be198af352b,2017-02-21 08:30:00,30,TRAFFIC SIGNAL,FUNCTIONING PROPERLY,CLOUDY/OVERCAST,DAYLIGHT,ANGLE,NOT DIVIDED,STRAIGHT AND LEVEL,WET,NO DEFECTS,INJURY AND / OR TOW DUE TO CRASH,"OVER $1,500",FAILING TO YIELD RIGHT-OF-WAY,FAILING TO YIELD RIGHT-OF-WAY,6250,S,OAK PARK AVE,2,"REPORTED, NOT EVIDENT",1.0,0.0,0.0,0.0,1.0,1.0,0.0,8,3,2
3a219ebeba76076c579ed10fba2082c218366f3b140d79c379bbd2c9ccf23faa72a1339ab740aa62d6a6fd6ec8f1f2803d1b96ff50c89088654aa27760df2b31,2023-05-26 00:55:00,30,TRAFFIC SIGNAL,FUNCTIONING PROPERLY,CLEAR,"DARKNESS, LIGHTED ROAD",TURNING,DIVIDED - W/MEDIAN (NOT RAISED),STRAIGHT AND LEVEL,DRY,NO DEFECTS,NO INJURY / DRIVE AWAY,"$501 - $1,500",IMPROPER TURNING/NO SIGNAL,IMPROPER LANE USAGE,7829,S,STATE ST,2,NO INDICATION OF INJURY,0.0,0.0,0.0,0.0,0.0,3.0,0.0,0,6,5
4880dc94c3a9c15448c370f6c11e516a43b8959df6163c821ee86970d4b53f3b9cc1434e165e27e4109532afff71822e136afdc78a60edaff45cec9ca02a4ea8,2017-10-23 08:00:00,35,NO CONTROLS,NO CONTROLS,RAIN,DAYLIGHT,PEDALCYCLIST,DIVIDED - W/MEDIAN (NOT RAISED),STRAIGHT AND LEVEL,WET,NO DEFECTS,INJURY AND / OR TOW DUE TO CRASH,"$501 - $1,500",FAILING TO YIELD RIGHT-OF-WAY,NOT APPLICABLE,6601,S,PULASKI RD,2,"REPORTED, NOT EVIDENT",1.0,0.0,0.0,0.0,1.0,1.0,0.0,8,2,10
046fead13d1e743d6a50c67d88f9367cbf1d727bef30b8e89c2522f0be71ecbf06ea9bb38b044fd8d3b1984fa28348c18c0d526c0ddf6e9be9a774cf937307b6,2022-07-22 07:58:00,30,TRAFFIC SIGNAL,FUNCTIONING PROPERLY,CLEAR,DAYLIGHT,REAR END,DIVIDED - W/MEDIAN (NOT RAISED),STRAIGHT AND LEVEL,DRY,NO DEFECTS,NO INJURY / DRIVE AWAY,"OVER $1,500",DRIVING SKILLS/KNOWLEDGE/EXPERIENCE,DRIVING SKILLS/KNOWLEDGE/EXPERIENCE,7858,W,FOSTER AVE,2,NO INDICATION OF INJURY,0.0,0.0,0.0,0.0,0.0,4.0,0.0,7,6,7
e7e96c7b28cc32b9de7b62cc764fc9f74d216752d21d6180db07a4c0f2be413966b7a6e7562b8ce88f5890d9aafba04a2e8ec79bef780e0a8a20aa386c54bb0f,2019-12-28 19:40:00,15,NO CONTROLS,NO CONTROLS,CLEAR,DARKNESS,PARKED MOTOR VEHICLE,PARKING LOT,STRAIGHT AND LEVEL,DRY,UNKNOWN,NO INJURY / DRIVE AWAY,"OVER $1,500",UNABLE TO DETERMINE,NOT APPLICABLE,3132,W,26TH ST,2,NO INDICATION OF INJURY,0.0,0.0,0.0,0.0,0.0,1.0,0.0,19,7,12
1347ad5784b68482c3221716ed88189bc2ed2278f0f545519f113a900f93d2e85e7dc810e5378713638613d21021906588ba01f4900269fdb074f8a334062670,2023-07-29 13:20:00,30,TRAFFIC SIGNAL,FUNCTIONING PROPERLY,CLEAR,DAYLIGHT,SIDESWIPE SAME DIRECTION,DIVIDED - W/MEDIAN BARRIER,STRAIGHT AND LEVEL,DRY,NO DEFECTS,NO INJURY / DRIVE AWAY,"$501 - $1,500",IMPROPER OVERTAKING/PASSING,IMPROPER OVERTAKING/PASSING,624,S,WABASH AVE,2,NO INDICATION OF INJURY,0.0,0.0,0.0,0.0,0.0,3.0,0.0,13,7,7
95a7b83758a7870bb2ee69254b479b33cb1ecd375db272d765d592f29a6845ecb3eb06dba48b288d024331d7cb7fe87cd8d42dbc50ba61ff5ad9fca622c2fd7a,2018-12-04 20:47:00,10,NO CONTROLS,NO CONTROLS,CLEAR,"DARKNESS, LIGHTED ROAD",SIDESWIPE SAME DIRECTION,ALLEY,STRAIGHT ON GRADE,DRY,NO DEFECTS,NO INJURY / DRIVE AWAY,"$501 - $1,500",NOT APPLICABLE,NOT APPLICABLE,6344,S,FAIRFIELD AVE,2,NO INDICATION OF INJURY,0.0,0.0,0.0,0.0,0.0,2.0,0.0,20,3,12
aa5ce698d903405d014516c6f81b50e566471447189b5c021c9afd0890032bb9eb040691ccd3554585d40eadd16ea857cd49c37e0088b73e2fa7d2e3eb0dbb63,2018-09-17 16:58:00,30,NO CONTROLS,NO CONTROLS,FOG/SMOKE/HAZE,DAYLIGHT,TURNING,NOT DIVIDED,STRAIGHT AND LEVEL,WET,NO DEFECTS,INJURY AND / OR TOW DUE TO CRASH,"OVER $1,500",IMPROPER TURNING/NO SIGNAL,NOT APPLICABLE,1158,E,47TH ST,2,NO INDICATION OF INJURY,0.0,0.0,0.0,0.0,0.0,3.0,0.0,16,2,9
020bcab7eb03c3379db4bcbf726c106e3cd0e726f2b070f1790b051f439f58fcd523b505ab7dda068045f010d047342f1ba0575432390ee489131b20a56413c5,2016-09-03 11:00:00,30,NO CONTROLS,NO CONTROLS,CLEAR,DAYLIGHT,SIDESWIPE SAME DIRECTION,NOT DIVIDED,STRAIGHT AND LEVEL,DRY,NO DEFECTS,NO INJURY / DRIVE AWAY,"OVER $1,500",UNABLE TO DETERMINE,UNABLE TO DETERMINE,1900,S,LAKE SHORE DR,2,NO INDICATION OF INJURY,0.0,0.0,0.0,0.0,0.0,2.0,0.0,11,7,9
16de14662b6e98b4dc3e22e3ebbafc29237ecdbc249fb52e282062ab1202fab5ee50bb9625ca63e54f0ebfe3e3f72dae1b6d24cf950e62d53784b0d6c9637217,2023-09-07 03:15:00,30,TRAFFIC SIGNAL,FUNCTIONING PROPERLY,CLEAR,"DARKNESS, LIGHTED ROAD",REAR END,NOT DIVIDED,STRAIGHT AND LEVEL,WET,NO DEFECTS,NO INJURY / DRIVE AWAY,"OVER $1,500",WEATHER,NOT APPLICABLE,195,N,DEARBORN ST,2,NO INDICATION OF INJURY,0.0,0.0,0.0,0.0,0.0,2.0,0.0,3,5,9
6b6a259a00ae70e482d19b8473a02e6f65b5e598b7bbbaa9f64bee9e2fcbcc0ebdc51539b565f965c977ff1f7ce69083bf060e830936cc8fb80957b353d71473,2020-08-07 18:00:00,30,NO CONTROLS,NO CONTROLS,CLEAR,DAYLIGHT,PEDALCYCLIST,ALLEY,STRAIGHT AND LEVEL,DRY,NO DEFECTS,INJURY AND / OR TOW DUE TO CRASH,$500 OR LESS,FAILING TO YIELD RIGHT-OF-WAY,NOT APPLICABLE,11921,S,WALLACE ST,2,NONINCAPACITATING INJURY,1.0,0.0,0.0,1.0,0.0,1.0,0.0,18,6,8
fe87d0ba67500057f3258bf9debee0a29e227dc7ad1de476b80aa9ac75ac3ddd9cf88aabef5589f1fc64941d95af5661fba39b9fe199c0fb89d45f5975a30c3b,2018-10-04 23:09:00,30,TRAFFIC SIGNAL,FUNCTIONING PROPERLY,RAIN,"DARKNESS, LIGHTED ROAD",TURNING,CENTER TURN LANE,STRAIGHT AND LEVEL,WET,OTHER,NO INJURY / DRIVE AWAY,"$501 - $1,500",IMPROPER OVERTAKING/PASSING,ROAD CONSTRUCTION/MAINTENANCE,400,E,79TH ST,2,NO INDICATION OF INJURY,0.0,0.0,0.0,0.0,0.0,4.0,0.0,23,5,10
c885f0702d3ba9538328760a763bf80c5919c22a614f1e265146b8a39fa464779868ec2507d24cb5a65d6357e38dae120bcfef4d43bec8ed91a3d55edb1850b7,2022-03-16 07:30:00,30,TRAFFIC SIGNAL,NO CONTROLS,CLEAR,DAYLIGHT,TURNING,NOT DIVIDED,STRAIGHT AND LEVEL,DRY,NO DEFECTS,NO INJURY / DRIVE AWAY,$500 OR LESS,FAILING TO YIELD RIGHT-OF-WAY,UNABLE TO DETERMINE,5300,S,CENTRAL AVE,2,NO INDICATION OF INJURY,0.0,0.0,0.0,0.0,0.0,2.0,0.0,7,4,3
1d1a6a6cf1db8a47f0c1cefb5840af551b2313e235d93ff728590e5c913a629599652fdcf8caef471c4f8b1699b6beea5e2316a70c88d2e6dfb7ecad5638f58c,2020-01-25 02:05:00,30,NO CONTROLS,NO CONTROLS,SNOW,"DARKNESS, LIGHTED ROAD",FIXED OBJECT,DRIVEWAY,STRAIGHT ON GRADE,WET,NO DEFECTS,NO INJURY / DRIVE AWAY,$500 OR LESS,UNABLE TO DETERMINE,NOT APPLICABLE,202,E,CHICAGO AVE,1,NO INDICATION OF INJURY,0.0,0.0,0.0,0.0,0.0,1.0,0.0,2,7,1
1f13f926f504e968d0ef824b1a81b58ce4cb8990e4e58346ca95d5788a62992e6501b5fc3d84e4bfe32c6216b9f4dbe9ab02397b75a37a9b308f93a591fc2c9b,2021-10-17 17:30:00,25,NO CONTROLS,NO CONTROLS,CLEAR,DAYLIGHT,REAR END,DIVIDED - W/MEDIAN (NOT RAISED),STRAIGHT AND LEVEL,DRY,NO DEFECTS,NO INJURY / DRIVE AWAY,$500 OR LESS,FOLLOWING TOO CLOSELY,NOT APPLICABLE,3126,W,CERMAK RD,2,NO INDICATION OF INJURY,0.0,0.0,0.0,0.0,0.0,3.0,0.0,17,1,10
f03fe038d63218c2d833b9778b4ee358faadb52b149bd3b7d077a08db1cc23716c8c8fdad6a0e4901084bdd0c77bd845a15795b9468a302a59dcf8fe65b1d170,2019-10-10 14:38:00,30,NO CONTROLS,NO CONTROLS,CLEAR,DAYLIGHT,TURNING,NOT DIVIDED,STRAIGHT AND LEVEL,DRY,NO DEFECTS,INJURY AND / OR TOW DUE TO CRASH,"$501 - $1,500",FAILING TO YIELD RIGHT-OF-WAY,NOT APPLICABLE,3732,W,CHICAGO AVE,2,"REPORTED, NOT EVIDENT",1.0,0.0,0.0,0.0,1.0,1.0,0.0,14,5,10
af01a513c0ae6e988919e8af5fd150ddb41410b4b80160b820b1f601bb64c3993224497b7431999c49e39a17f1205cd33850ad9733c198b2866a572be1052e11,2016-11-09 12:15:00,30,TRAFFIC SIGNAL,FUNCTIONING PROPERLY,CLEAR,DAYLIGHT,REAR END,DIVIDED - W/MEDIAN (NOT RAISED),STRAIGHT AND LEVEL,DRY,NO DEFECTS,NO INJURY / DRIVE AWAY,$500 OR LESS,UNABLE TO DETERMINE,UNABLE TO DETERMINE,1600,W,TAYLOR ST,2,NO INDICATION OF INJURY,0.0,0.0,0.0,0.0,0.0,2.0,0.0,12,4,11
b78efc560659fae3d98b48cb76618f7d9368daaca3c5c14f847522a6b7e8f4852fefa38a0f3c962609bef74da6a5213ebca4e0f364317a52f4c46b17a697d469,2019-02-12 13:38:00,30,NO CONTROLS,NO CONTROLS,SNOW,DAYLIGHT,FIXED OBJECT,DIVIDED - W/MEDIAN BARRIER,STRAIGHT AND LEVEL,ICE,UNKNOWN,INJURY AND / OR TOW DUE TO CRASH,"OVER $1,500",WEATHER,NOT APPLICABLE,10636,S,WOODLAWN AVE,1,NONINCAPACITATING INJURY,1.0,0.0,0.0,1.0,0.0,0.0,0.0,13,3,2
fb5cf37cadf45bd1e70d7dbc6870990a266aacfb804568ec2e8c1a5648dd11c9d8af67eb916f3bc01e1b23ae3b753fbaed808f219861fcaafb0c52b6eacc2a28,2016-07-20 08:50:00,35,TRAFFIC SIGNAL,FUNCTIONING PROPERLY,CLEAR,UNKNOWN,REAR END,DIVIDED - W/MEDIAN BARRIER,STRAIGHT AND LEVEL,DRY,NO DEFECTS,NO INJURY / DRIVE AWAY,"$501 - $1,500",UNABLE TO DETERMINE,NOT APPLICABLE,500,N,COLUMBUS DR,2,NO INDICATION OF INJURY,0.0,0.0,0.0,0.0,0.0,4.0,0.0,8,4,7
26cb8920bcae51443d8a8fbfbc3aea8fd2599dc56e956c2090b2fe1f2ad1318f555dd795c78f9c4d390b3aeafb659810ed92844f535c79f98035bee00b19412c,2016-05-28 19:10:00,30,NO CONTROLS,NO CONTROLS,CLEAR,DAYLIGHT,PARKED MOTOR VEHICLE,ONE-WAY,STRAIGHT AND LEVEL,DRY,NO DEFECTS,NO INJURY / DRIVE AWAY,$500 OR LESS,UNABLE TO DETERMINE,UNABLE TO DETERMINE,40,W,OAK ST,2,NO INDICATION OF INJURY,0.0,0.0,0.0,0.0,0.0,2.0,0.0,19,7,5
75a3197b263a5d87437d43c926137e133a57a58836b38e7ef46b33614e13d8102ab4ca7969b4c97d10b2b372f8f658535563c76f3f506615877f1cae8c86750e,2023-06-27 03:14:00,30,NO CONTROLS,NO CONTROLS,CLEAR,"DARKNESS, LIGHTED ROAD",PARKED MOTOR VEHICLE,ONE-WAY,STRAIGHT AND LEVEL,DRY,NO DEFECTS,NO INJURY / DRIVE AWAY,$500 OR LESS,NOT APPLICABLE,NOT APPLICABLE,4500,N,HARDING AVE,2,NO INDICATION OF INJURY,0.0,0.0,0.0,0.0,0.0,1.0,0.0,3,3,6
fdb03abf7f9de248421be7b026cd428c196f2634c8d08ca38dc56f5969522fbfe1c1ec3b2ae1803c33fbc8afbc5a7cd9c2004cf4168d549f82206157b7263c98,2019-01-16 14:00:00,30,STOP SIGN/FLASHER,FUNCTIONING PROPERLY,CLEAR,DAYLIGHT,PARKED MOTOR VEHICLE,PARKING LOT,STRAIGHT AND LEVEL,DRY,NO DEFECTS,NO INJURY / DRIVE AWAY,"OVER $1,500",UNABLE TO DETERMINE,UNABLE TO DETERMINE,2000,W,DIVERSEY PKWY,2,NO INDICATION OF INJURY,0.0,0.0,0.0,0.0,0.0,1.0,0.0,14,4,1
d0c8e87548bad9ac92941a8c88058e9e80e141a18975af211c18a7da3afedb06bb8508e5e902bd2057d8fee50cbb127a0126c9438100c09c43efb594ce9bf880,2019-02-23 19:45:00,30,TRAFFIC SIGNAL,FUNCTIONING PROPERLY,CLEAR,"DARKNESS, LIGHTED ROAD",ANGLE,NOT DIVIDED,STRAIGHT AND LEVEL,DRY,NO DEFECTS,NO INJURY / DRIVE AWAY,"OVER $1,500",FAILING TO YIELD RIGHT-OF-WAY,NOT APPLICABLE,1160,W,DIVERSEY PKWY,2,NO INDICATION OF INJURY,0.0,0.0,0.0,0.0,0.0,2.0,0.0,19,7,2
e58cbb4f0e28a5558113893249c34baaebccd3edb1e1a6b50d37f132253b71da373ce3015073c6421e0237fe30c57c05a9d1a4b82d05c95480889750f1372bff,2021-07-04 14:45:00,30,NO CONTROLS,NO CONTROLS,CLEAR,DAYLIGHT,ANGLE,PARKING LOT,STRAIGHT AND LEVEL,DRY,NO DEFECTS,NO INJURY / DRIVE AWAY,$500 OR LESS,UNABLE TO DETERMINE,UNABLE TO DETERMINE,4430,S,KEDZIE AVE,2,NO INDICATION OF INJURY,0.0,0.0,0.0,0.0,0.0,2.0,0.0,14,1,7
4ce0aa447f524925e15eed18b9cc5ba4ec2bd32b73087a6720c5fdbc70f808b641bf5c5adff28fd70e2a1fac8735727a59041975c38de9c03f912e222bfdcb4d,2023-04-12 15:15:00,30,NO CONTROLS,NO CONTROLS,CLEAR,DAYLIGHT,REAR END,NOT DIVIDED,STRAIGHT AND LEVEL,DRY,NO DEFECTS,NO INJURY / DRIVE AWAY,"$501 - $1,500",FOLLOWING TOO CLOSELY,NOT APPLICABLE,2450,N,CENTRAL AVE,2,NO INDICATION OF INJURY,0.0,0.0,0.0,0.0,0.0,2.0,0.0,15,4,4
bea95f10704bfc03be3357b861a0cde7b5663f48972c543b3693cfe9ad6478c97f63efb5fcd79d95cb3a43ca197b29036f309fa9b05039a8d80c45e8e035af6a,2023-03-15 18:00:00,30,NO CONTROLS,NO CONTROLS,CLEAR,DAYLIGHT,REAR END,OTHER,STRAIGHT AND LEVEL,DRY,NO DEFECTS,NO INJURY / DRIVE AWAY,"OVER $1,500","OPERATING VEHICLE IN ERRATIC, RECKLESS, CARELESS, NEGLIGENT OR AGGRESSIVE MANNER",NOT APPLICABLE,6732,W,58TH ST,2,NO INDICATION OF INJURY,0.0,0.0,0.0,0.0,0.0,2.0,0.0,18,4,3