CRASH_RECORD_ID,CRASH_DATE,POSTED_SPEED_LIMIT,TRAFFIC_CONTROL_DEVICE,DEVICE_CONDITION,WEATHER_CONDITION,LIGHTING_CONDITION,FIRST_CRASH_TYPE,TRAFFICWAY_TYPE,ALIGNMENT,ROADWAY_SURFACE_COND,ROAD_DEFECT,CRASH_TYPE,DAMAGE,PRIM_CONTRIBUTORY_CAUSE,SEC_CONTRIBUTORY_CAUSE,STREET_NO,STREET_DIRECTION,STREET_NAME,NUM_UNITS,MOST_SEVERE_INJURY,INJURIES_TOTAL,INJURIES_FATAL,INJURIES_INCAPACITATING,INJURIES_NON_INCAPACITATING,INJURIES_REPORTED_NOT_EVIDENT,INJURIES_NO_INDICATION,INJURIES_UNKNOWN,CRASH_HOUR,CRASH_DAY_OF_WEEK,CRASH_MONTH
b8449c89b0d6b7cde1414caacc3837eda885f8194f4fe5cebab9620e350fd59f6c0fe13ecdc19b1b31cf52bf1fd265f2761c6c9dd066fc04ef579400642b4c3f,2023-08-02 02:30:00,25,NO CONTROLS,NO CONTROLS,UNKNOWN,UNKNOWN,PARKED MOTOR VEHICLE,ONE-WAY,STRAIGHT AND LEVEL,DRY,UNKNOWN,NO INJURY / DRIVE AWAY,$500 OR LESS,UNABLE TO DETERMINE,NOT APPLICABLE,7964,S,KINGSTON AVE,2,NO INDICATION OF INJURY,0.0,0.0,0.0,0.0,0.0,1.0,0.0,2,4,8
d934a6290c3db7a76ee1436a164e4ec5a0fdde696bd13f815f94159398cd91631dc321b07025bd0f55f799198109caf77c566774a77cd8c61e42c2e1d3b54aa9,2017-09-19 10:50:00,20,NO CONTROLS,NO CONTROLS,CLOUDY/OVERCAST,DAYLIGHT,PARKED MOTOR VEHICLE,ONE-WAY,STRAIGHT AND LEVEL,WET,NO DEFECTS,NO INJURY / DRIVE AWAY,"OVER $1,500","OPERATING VEHICLE IN ERRATIC, RECKLESS, CARELESS, NEGLIGENT OR AGGRESSIVE MANNER",IMPROPER BACKING,710,N,LOREL AVE,2,NO INDICATION OF INJURY,0.0,0.0,0.0,0.0,0.0,1.0,0.0,10,3,9
749e4b18c81982956337c1c00b0b0e4bb9a5ceee3ce6b43fbc6820a420c17989778da24ba6cf9a1cbfb5430f6b08e99981ea23ac213b66eb8719345b2defa919,2018-08-16 20:30:00,35,NO CONTROLS,NO CONTROLS,CLEAR,"DARKNESS, LIGHTED ROAD",REAR END,DIVIDED - W/MEDIAN (NOT RAISED),STRAIGHT AND LEVEL,DRY,NO DEFECTS,NO INJURY / DRIVE AWAY,"$501 - $1,500",FOLLOWING TOO CLOSELY,FAILING TO REDUCE SPEED TO AVOID CRASH,4131,S,CICERO AVE,2,NO INDICATION OF INJURY,0.0,0.0,0.0,0.0,0.0,2.0,0.0,20,5,8
6ebbc9dc80d4652bb4690d11b4f767eb64f32bed0ef8e531d16ff5f212ae4dbfd43f546dd068e776e8bb03b976a557385990be8c4f272c838f23da56a4248ef5,2022-03-16 15:00:00,30,NO CONTROLS,NO CONTROLS,CLEAR,DAYLIGHT,TURNING,NOT DIVIDED,STRAIGHT AND LEVEL,DRY,NO DEFECTS,NO INJURY / DRIVE AWAY,$500 OR LESS,IMPROPER LANE USAGE,IMPROPER TURNING/NO SIGNAL,8700,S,WABASH AVE,2,NO INDICATION OF INJURY,0.0,0.0,0.0,0.0,0.0,2.0,0.0,15,4,3
1497379d441aa58c1e4b477ebc3520b1da54147697d2e5dbda34bad471453cf9b6847ec49bc17028587da0de45f81a043a69e207df7751f3366c66e5ea789181,2016-09-06 16:15:00,30,TRAFFIC SIGNAL,FUNCTIONING PROPERLY,CLEAR,DAYLIGHT,SIDESWIPE SAME DIRECTION,DIVIDED - W/MEDIAN BARRIER,STRAIGHT AND LEVEL,DRY,NO DEFECTS,NO INJURY / DRIVE AWAY,"OVER $1,500",FAILING TO YIELD RIGHT-OF-WAY,UNABLE TO DETERMINE,160,N,WACKER DR,2,NO INDICATION OF INJURY,0.0,0.0,0.0,0.0,0.0,2.0,0.0,16,3,9
8b586ba846dc132cab1e3a0c529cb33012528b4ab912191cd520cb32577fad4776c68762a7573cb863cd88ef37aa33f096de7724d820fea12f0e8918541970c6,2023-12-25 21:30:00,30,TRAFFIC SIGNAL,FUNCTIONING PROPERLY,RAIN,"DARKNESS, LIGHTED ROAD",REAR END,FOUR WAY,STRAIGHT AND LEVEL,WET,UNKNOWN,INJURY AND / OR TOW DUE TO CRASH,"OVER $1,500",UNABLE TO DETERMINE,"OPERATING VEHICLE IN ERRATIC, RECKLESS, CARELESS, NEGLIGENT OR AGGRESSIVE MANNER",9100,S,LAFAYETTE AVE,3,NONINCAPACITATING INJURY,1.0,0.0,0.0,1.0,0.0,2.0,0.0,21,2,12
04452f9ade1d5d0f535343a0ca47f26ac62035924750297928fca267d370a57e09dc9a4e015bbaddc609c643828a4dfc9dc2e3212901ad9a079e10ac92649b56,2017-10-06 07:10:00,30,TRAFFIC SIGNAL,FUNCTIONING PROPERLY,RAIN,DAYLIGHT,TURNING,ONE-WAY,STRAIGHT AND LEVEL,WET,NO DEFECTS,NO INJURY / DRIVE AWAY,"OVER $1,500",UNABLE TO DETERMINE,NOT APPLICABLE,540,W,MADISON ST,2,NO INDICATION OF INJURY,0.0,0.0,0.0,0.0,0.0,2.0,0.0,7,6,10
b31d4e9540fd50a1b974a110a2ba9f8accfbfe2870dce05a7e8a2995daafd4aa735aa1c48dafb2bedc76afa1f6299b13dadd2e2f4636c0ae3f1259fab462e3c7,2019-03-22 07:40:00,35,TRAFFIC SIGNAL,FUNCTIONING PROPERLY,CLEAR,DAYLIGHT,REAR END,DIVIDED - W/MEDIAN BARRIER,STRAIGHT AND LEVEL,DRY,NO DEFECTS,NO INJURY / DRIVE AWAY,"OVER $1,500",EQUIPMENT - VEHICLE CONDITION,NOT APPLICABLE,9923,S,HALSTED ST,2,NO INDICATION OF INJURY,0.0,0.0,0.0,0.0,0.0,3.0,0.0,7,6,3
f61c173464f7a32d0fa860537067ffe4ee297d1f28dc481b0cd6ed4662f017739c98a19a837df5f62282aec51719d0a51549fbc247e42fa916dfd0045835eb98,2022-01-28 09:43:00,30,NO CONTROLS,NO CONTROLS,SNOW,DAYLIGHT,REAR END,DIVIDED - W/MEDIAN BARRIER,STRAIGHT AND LEVEL,WET,NO DEFECTS,NO INJURY / DRIVE AWAY,"OVER $1,500",UNABLE TO DETERMINE,FOLLOWING TOO CLOSELY,9521,S,STONY ISLAND AVE,2,NO INDICATION OF INJURY,0.0,0.0,0.0,0.0,0.0,2.0,0.0,9,6,1
88e027d56e2db2e8ac23d7ff564494fec8d52d3836af524257937684e58469fde0d94811a8ab0bb51d6c1d45f5a699be61029bd0dec365f22ccbf00e4ca344b9,2017-12-09 15:20:00,15,NO CONTROLS,NO CONTROLS,CLEAR,"DARKNESS, LIGHTED ROAD",ANGLE,PARKING LOT,STRAIGHT AND LEVEL,DRY,NO DEFECTS,NO INJURY / DRIVE AWAY,"OVER $1,500",UNABLE TO DETERMINE,UNABLE TO DETERMINE,3720,N,BROADWAY,2,NO INDICATION OF INJURY,0.0,0.0,0.0,0.0,0.0,2.0,0.0,15,7,12
a4593a77e764d3c7a26e82e834a5313f003b07d4d08959234e6a55f9f68eeb3b440bc498872da14dd8e342833d4e15bb5a5805cc9ca63f3d9990c172076236d5,2019-05-13 07:50:00,30,NO CONTROLS,NO CONTROLS,CLEAR,DAYLIGHT,FIXED OBJECT,ONE-WAY,STRAIGHT AND LEVEL,DRY,NO DEFECTS,NO INJURY / DRIVE AWAY,"OVER $1,500",DRIVING SKILLS/KNOWLEDGE/EXPERIENCE,DRIVING SKILLS/KNOWLEDGE/EXPERIENCE,140,E,WALTON ST,1,NO INDICATION OF INJURY,0.0,0.0,0.0,0.0,0.0,1.0,0.0,7,2,5
8b5452d9cd79b2932a169e034a051e908429d485f5a590544db30b05193967f281ec043b41774cd332de908f281e1dccd1b49e5c94e98a317bfb0b07923cee7a,2018-11-07 15:56:00,30,NO CONTROLS,NO CONTROLS,CLEAR,"DARKNESS, LIGHTED ROAD",SIDESWIPE SAME DIRECTION,NOT DIVIDED,STRAIGHT AND LEVEL,DRY,NO DEFECTS,INJURY AND / OR TOW DUE TO CRASH,"$501 - $1,500",UNABLE TO DETERMINE,UNABLE TO DETERMINE,735,N,MICHIGAN AVE,2,NONINCAPACITATING INJURY,1.0,0.0,0.0,1.0,0.0,1.0,0.0,15,4,11
418d13535935d2947440bf4d8f400d6547fc38fc6f5825cbd215afdc1c1b4ee16031d989eaa4a5141e900a3e9b4c8a7210472293076b103cbf34e6de69eb0f65,2021-12-03 18:30:00,30,TRAFFIC SIGNAL,FUNCTIONING PROPERLY,CLEAR,"DARKNESS, LIGHTED ROAD",PARKED MOTOR VEHICLE,ONE-WAY,STRAIGHT AND LEVEL,DRY,NO DEFECTS,INJURY AND / OR TOW DUE TO CRASH,"OVER $1,500",DISTRACTION - FROM OUTSIDE VEHICLE,DRIVING SKILLS/KNOWLEDGE/EXPERIENCE,98,N,KOSTNER AVE,2,NO INDICATION OF INJURY,0.0,0.0,0.0,0.0,0.0,2.0,0.0,18,6,12
ecface728cf4cd45bc55adb5eb55585e442d9e8e0fb390be757c86a1f213af5ee45df64114208dc6961ad20a8548073fd6b774da24339bf511d6897941069848,2019-03-16 03:20:00,30,TRAFFIC SIGNAL,UNKNOWN,CLEAR,"DARKNESS, LIGHTED ROAD",TURNING,DIVIDED - W/MEDIAN (NOT RAISED),STRAIGHT AND LEVEL,DRY,NO DEFECTS,INJURY AND / OR TOW DUE TO CRASH,"OVER $1,500",UNABLE TO DETERMINE,UNABLE TO DETERMINE,4356,S,KEDZIE AVE,2,NO INDICATION OF INJURY,0.0,0.0,0.0,0.0,0.0,2.0,0.0,3,7,3
d60664164d66a6bcd4d26be16c16a7af44cccae922ab172feaaffb1f9fae512595b6c5f9593a230cc67a3798d4487ef5c0ad64dfd6009f1a46318cea481baa65,2023-11-08 14:00:00,30,NO CONTROLS,NO CONTROLS,CLEAR,DAYLIGHT,PARKED MOTOR VEHICLE,NOT DIVIDED,STRAIGHT AND LEVEL,DRY,NO DEFECTS,NO INJURY / DRIVE AWAY,"$501 - $1,500",NOT APPLICABLE,NOT APPLICABLE,3372,W,77TH ST,2,NO INDICATION OF INJURY,0.0,0.0,0.0,0.0,0.0,2.0,0.0,14,4,11
22859426b8e9d32ac11e3c0cdc239467eedbc324ae013c41a82191597f536225e8c6e10310c50971d1a041905b0c0f2f188a88369fa46e67065bd7b94ec7b779,2016-04-15 17:00:00,30,NO CONTROLS,NO CONTROLS,CLEAR,DAYLIGHT,PARKED MOTOR VEHICLE,NOT DIVIDED,STRAIGHT AND LEVEL,DRY,NO DEFECTS,NO INJURY / DRIVE AWAY,"$501 - $1,500",FOLLOWING TOO CLOSELY,NOT APPLICABLE,1020,W,WILSON AVE,2,NO INDICATION OF INJURY,0.0,0.0,0.0,0.0,0.0,2.0,0.0,17,6,4
c3d9dd81702471c81c7f3ab48d7bf75799b20424221d65f84960d47eecbebb7b1720bcd3c494c73adefcd7f9022189e1a9602fd019b361846396e2282ff85eb0,2017-12-20 01:22:00,30,NO CONTROLS,NO CONTROLS,CLEAR,"DARKNESS, LIGHTED ROAD",FIXED OBJECT,NOT DIVIDED,STRAIGHT AND LEVEL,DRY,NO DEFECTS,INJURY AND / OR TOW DUE TO CRASH,"OVER $1,500",FAILING TO REDUCE SPEED TO AVOID CRASH,EXCEEDING AUTHORIZED SPEED LIMIT,1301,S,KEDZIE AVE,1,INCAPACITATING INJURY,1.0,0.0,1.0,0.0,0.0,0.0,0.0,1,4,12
d2ddf051ff4f1151f4d4fb31e62e3676eb191838dc5975215b4511f5c5e876957b834b1753e95f2345afc036d3cea441b184e7b6f8f0b832a8ab2ba4ad2303d1,2023-09-06 18:45:00,30,NO CONTROLS,NO CONTROLS,CLEAR,DAYLIGHT,REAR END,NOT DIVIDED,STRAIGHT AND LEVEL,DRY,NO DEFECTS,NO INJURY / DRIVE AWAY,"OVER $1,500",FAILING TO YIELD RIGHT-OF-WAY,FAILING TO YIELD RIGHT-OF-WAY,5331,S,WELLS ST,3,NO INDICATION OF INJURY,0.0,0.0,0.0,0.0,0.0,8.0,0.0,18,4,9
1a7f91fa67c74501e2ac6eadbca3dbb1853680ffef9fdb6e2870f2d4b68dc32e55a756d7f623c41be4b1cc64f59919decbb69d5df4cc7e59f5319c3ef173ca6e,2019-03-24 15:00:00,20,NO CONTROLS,NO CONTROLS,CLEAR,DAYLIGHT,PARKED MOTOR VEHICLE,ONE-WAY,STRAIGHT AND LEVEL,DRY,UNKNOWN,NO INJURY / DRIVE AWAY,$500 OR LESS,FAILING TO YIELD RIGHT-OF-WAY,UNABLE TO DETERMINE,1230,W,THORNDALE AVE,2,NO INDICATION OF INJURY,0.0,0.0,0.0,0.0,0.0,1.0,0.0,15,1,3
ae9bbe7819e2b9bc50612695e72fad8f2e55e4d067b95763e896cb513ebd12170fe3fb330408d3d036ba9fcbde45a90868b3c242b42725b4e4778659031aa6d5,2019-07-24 15:19:00,30,TRAFFIC SIGNAL,FUNCTIONING PROPERLY,CLEAR,DAYLIGHT,REAR END,NOT DIVIDED,STRAIGHT AND LEVEL,DRY,NO DEFECTS,NO INJURY / DRIVE AWAY,"OVER $1,500",FAILING TO REDUCE SPEED TO AVOID CRASH,NOT APPLICABLE,5746,W,BELMONT AVE,2,NO INDICATION OF INJURY,0.0,0.0,0.0,0.0,0.0,4.0,0.0,15,4,7
c8986a287fca78833e35f0206e4ec2372f4092c7cc06af9e34f2e05b8552c0b1ea0a020831b01e8e7b7fa1450e52da7fd89f416c9bfcf5a8fd24942a7471fe6a,2019-10-05 16:30:00,30,TRAFFIC SIGNAL,FUNCTIONING PROPERLY,RAIN,DAYLIGHT,SIDESWIPE SAME DIRECTION,DIVIDED - W/MEDIAN BARRIER,STRAIGHT AND LEVEL,WET,NO DEFECTS,INJURY AND / OR TOW DUE TO CRASH,"OVER $1,500",DRIVING SKILLS/KNOWLEDGE/EXPERIENCE,NOT APPLICABLE,200,W,87TH ST,2,"REPORTED, NOT EVIDENT",1.0,0.0,0.0,0.0,1.0,1.0,0.0,16,7,10
620e666a152f85c094dcd4f7f788558d97424add5568410bacbaf2ea3d16bfd5784ed487cc16f04f08b3c3e98ac3bb902d590beb782bc26381226f62f9ef81b1,2019-05-27 18:20:00,30,NO CONTROLS,NO CONTROLS,RAIN,DAYLIGHT,REAR END,NOT DIVIDED,STRAIGHT AND LEVEL,WET,NO DEFECTS,NO INJURY / DRIVE AWAY,"$501 - $1,500",FAILING TO REDUCE SPEED TO AVOID CRASH,NOT APPLICABLE,6163,N,ELSTON AVE,2,NO INDICATION OF INJURY,0.0,0.0,0.0,0.0,0.0,3.0,0.0,18,2,5
a3eea54d9bf352a6a8d6b9be582ac9c6a7255fcb197b0bd6460f8230899300dae121e768125e9f9624a77d0b7a0bdd7e212b1cccf4509c4d320fac8f4f2b6b06,2016-06-08 16:30:00,30,NO CONTROLS,NO CONTROLS,CLEAR,DAYLIGHT,REAR END,NOT DIVIDED,STRAIGHT AND LEVEL,DRY,NO DEFECTS,NO INJURY / DRIVE AWAY,$500 OR LESS,FOLLOWING TOO CLOSELY,UNABLE TO DETERMINE,5099,W,MONTROSE AVE,2,NO INDICATION OF INJURY,0.0,0.0,0.0,0.0,0.0,2.0,0.0,16,4,6
219ac1f5a73b2be18bad586046ccf96254a5a1b7789a2d117c73642354df89429831cc7a13818dd9dc8e0b8cf9d17ab95f0778567739c5a1803345aa14e449b2,2017-09-17 13:00:00,35,STOP SIGN/FLASHER,FUNCTIONING PROPERLY,CLEAR,DAYLIGHT,TURNING,DIVIDED - W/MEDIAN (NOT RAISED),STRAIGHT AND LEVEL,DRY,NO DEFECTS,INJURY AND / OR TOW DUE TO CRASH,"OVER $1,500",FAILING TO YIELD RIGHT-OF-WAY,NOT APPLICABLE,9800,S,HALSTED ST,2,NO INDICATION OF INJURY,0.0,0.0,0.0,0.0,0.0,2.0,0.0,13,1,9
ea21dcff6a7d6fe75a7e3a42ecfdacce1ff0aba9b86c98cbc567b5d25dc97e579c57475e27c47949f74b940c822e7c610239f39b1801be94aa332dc2f4781caf,2023-02-22 15:21:00,30,TRAFFIC SIGNAL,FUNCTIONING PROPERLY,RAIN,DAYLIGHT,SIDESWIPE SAME DIRECTION,DIVIDED - W/MEDIAN (NOT RAISED),STRAIGHT AND LEVEL,WET,NO DEFECTS,NO INJURY / DRIVE AWAY,"OVER $1,500","OPERATING VEHICLE IN ERRATIC, RECKLESS, CARELESS, NEGLIGENT OR AGGRESSIVE MANNER",UNABLE TO DETERMINE,7901,S,ASHLAND AVE,2,NO INDICATION OF INJURY,0.0,0.0,0.0,0.0,0.0,3.0,0.0,15,4,2
b1e641cca6a80a137130eab78019f1090f320a9dbb2b3da4163b9ede6ccc250b3a11b189747d7e9a8a1c95b0328abaa14b9bd6733d343bfb7f5141893cd65332,2022-07-17 19:25:00,30,NO CONTROLS,NO CONTROLS,CLEAR,DARKNESS,TURNING,NOT DIVIDED,STRAIGHT AND LEVEL,DRY,NO DEFECTS,NO INJURY / DRIVE AWAY,"$501 - $1,500",NOT APPLICABLE,NOT APPLICABLE,6501,S,CICERO AVE,2,NO INDICATION OF INJURY,0.0,0.0,0.0,0.0,0.0,3.0,0.0,19,1,7
3d7f6a5cd633d9ed098e8c73b341dd9a0449a80c6c39d54bca833e7d1177f33a4f3bc72f86a252e8d179c2a3423824705ec82d3351888027df0d556c74fff4ca,2020-11-27 13:28:00,30,NO CONTROLS,NO CONTROLS,CLEAR,DAYLIGHT,SIDESWIPE SAME DIRECTION,DIVIDED - W/MEDIAN (NOT RAISED),STRAIGHT AND LEVEL,DRY,"RUT, HOLES",NO INJURY / DRIVE AWAY,"$501 - $1,500","EVASIVE ACTION DUE TO ANIMAL, OBJECT, NONMOTORIST",NOT APPLICABLE,9800,S,HALSTED ST,2,NO INDICATION OF INJURY,0.0,0.0,0.0,0.0,0.0,2.0,0.0,13,6,11
76070822007b2b83fdef4464cf647a4767c25ef5726dcf34b1a7ce241c3db70081f40174f75fb55e2802734618339c2894a9a33de206c6ccae4e72f9634e4648,2022-09-12 06:00:00,30,NO CONTROLS,NO CONTROLS,CLEAR,DAYLIGHT,PARKED MOTOR VEHICLE,PARKING LOT,STRAIGHT AND LEVEL,DRY,NO DEFECTS,NO INJURY / DRIVE AWAY,"$501 - $1,500",UNABLE TO DETERMINE,UNABLE TO DETERMINE,3400,E,126TH ST,2,NO INDICATION OF INJURY,0.0,0.0,0.0,0.0,0.0,1.0,0.0,6,2,9
bed30f055ef88aef8cccbce4fe35b42d877ce15f3d5ea8c8464bad19f932a5fb9c90bcdffdd1a2334f817422d5ef48b69993d204d738372be1ae94049239f17d,2023-05-17 16:03:00,30,NO CONTROLS,NO CONTROLS,CLEAR,DAYLIGHT,SIDESWIPE SAME DIRECTION,NOT DIVIDED,STRAIGHT AND LEVEL,DRY,NO DEFECTS,NO INJURY / DRIVE AWAY,"OVER $1,500",IMPROPER LANE USAGE,IMPROPER OVERTAKING/PASSING,810,N,HALSTED ST,2,NO INDICATION OF INJURY,0.0,0.0,0.0,0.0,0.0,2.0,0.0,16,4,5
2b96966838bccebe2a83380d934684aeba50b49e7a83c91018576987783007785ff81316aeceeea83d386862fa877a2fc40f41a71db6db9aa975cd73f7ee345c,2020-05-12 14:15:00,30,NO CONTROLS,NO CONTROLS,CLEAR,DAYLIGHT,ANGLE,NOT DIVIDED,STRAIGHT AND LEVEL,DRY,NO DEFECTS,NO INJURY / DRIVE AWAY,"$501 - $1,500",UNABLE TO DETERMINE,NOT APPLICABLE,4400,W,LAWRENCE AVE,2,NO INDICATION OF INJURY,0.0,0.0,0.0,0.0,0.0,2.0,0.0,14,3,5
004014a7d8b44ff147fbf2ef1daed360c9fd713ef621da3f0a97c70a3c200b8f60d688b6d4d6bc4e9721dbdbe49653c3ab5e5667e29af769733a176f5b682a3a,2021-06-02 13:00:00,25,UNKNOWN,UNKNOWN,CLEAR,DAYLIGHT,PEDALCYCLIST,NOT DIVIDED,STRAIGHT AND LEVEL,UNKNOWN,UNKNOWN,INJURY AND / OR TOW DUE TO CRASH,$500 OR LESS,UNABLE TO DETERMINE,UNABLE TO DETERMINE,1300,N,CLARK ST,2,NONINCAPACITATING INJURY,1.0,0.0,0.0,1.0,0.0,1.0,0.0,13,4,6
0c050a393bfc85ac0e5b916bd839da40fa42d044e9b89d62c4dab3e30c5a6531b39ace51d4ca359a51370e537949a83f97e2ffa4c5f9dbed0c7e0422243c7a43,2017-01-16 01:00:00,30,TRAFFIC SIGNAL,UNKNOWN,CLEAR,"DARKNESS, LIGHTED ROAD",REAR END,DIVIDED - W/MEDIAN (NOT RAISED),STRAIGHT AND LEVEL,DRY,NO DEFECTS,NO INJURY / DRIVE AWAY,"OVER $1,500",UNABLE TO DETERMINE,UNABLE TO DETERMINE,2799,W,PETERSON AVE,2,NO INDICATION OF INJURY,0.0,0.0,0.0,0.0,0.0,2.0,0.0,1,2,1
bcf55730d935acd5204ed8afeca896f3b40b50310c8df924063dbbbe3a4a306b96db225438fd175db7e02dde11890175ea63dd995f3adce923c758aa9249049a,2019-01-23 11:00:00,30,TRAFFIC SIGNAL,FUNCTIONING PROPERLY,SNOW,DAYLIGHT,SIDESWIPE SAME DIRECTION,NOT DIVIDED,STRAIGHT AND LEVEL,SNOW OR SLUSH,NO DEFECTS,NO INJURY / DRIVE AWAY,"OVER $1,500",UNABLE TO DETERMINE,WEATHER,758,W,MADISON ST,2,NO INDICATION OF INJURY,0.0,0.0,0.0,0.0,0.0,2.0,0.0,11,4,1
c5315682af8b315e078cec06631707ea699eef960c0c2e7f40b41dadae5ffe29785e38de321eec0852472dbc87ae54378c107774e475cb7787b6e336e7df9d5c,2023-07-20 11:45:00,10,NO CONTROLS,NO CONTROLS,CLEAR,DAYLIGHT,REAR TO REAR,PARKING LOT,STRAIGHT AND LEVEL,DRY,NO DEFECTS,NO INJURY / DRIVE AWAY,"$501 - $1,500",UNABLE TO DETERMINE,IMPROPER LANE USAGE,5347,N,LINCOLN AVE,2,NO INDICATION OF INJURY,0.0,0.0,0.0,0.0,0.0,2.0,0.0,11,5,7
3168ecd0007598ac97801b2032f597d6c9a510d4876c5f500e0b337e95409141280969c0937cd0169ec66d729d8c696dceb2e7f70f7a6ef6caa325a102c341c3,2016-05-12 12:30:00,30,NO CONTROLS,FUNCTIONING PROPERLY,CLEAR,DAYLIGHT,REAR END,NOT DIVIDED,STRAIGHT AND LEVEL,WET,NO DEFECTS,NO INJURY / DRIVE AWAY,"$501 - $1,500",FAILING TO REDUCE SPEED TO AVOID CRASH,FAILING TO REDUCE SPEED TO AVOID CRASH,2004,W,CERMAK RD,2,NO INDICATION OF INJURY,0.0,0.0,0.0,0.0,0.0,3.0,0.0,12,5,5
681737ae4b92c8ff96481067d3bc78ad3a0606e868a400a7347a32ce1e90c873e247d971f05c11cb9180e215e470c37f772c45742231cb6f35006cfdc4c0706c,2023-08-04 01:20:00,30,OTHER,FUNCTIONING PROPERLY,CLEAR,"DARKNESS, LIGHTED ROAD",FIXED OBJECT,DIVIDED - W/MEDIAN (NOT RAISED),STRAIGHT AND LEVEL,DRY,UNKNOWN,INJURY AND / OR TOW DUE TO CRASH,"OVER $1,500","OPERATING VEHICLE IN ERRATIC, RECKLESS, CARELESS, NEGLIGENT OR AGGRESSIVE MANNER",NOT APPLICABLE,409,S,CICERO AVE,1,NO INDICATION OF INJURY,0.0,0.0,0.0,0.0,0.0,1.0,0.0,1,6,8
6e4f5ef6ec577975798323a16271fc78ae52c2914284e541a63239c82ec8ae93f1930850ca420667599db017f975c78bd3d316f2757f04681a80b5380efbbc1e,2019-12-27 20:50:00,30,NO CONTROLS,NO CONTROLS,CLEAR,"DARKNESS, LIGHTED ROAD",TURNING,T-INTERSECTION,STRAIGHT AND LEVEL,DRY,NO DEFECTS,NO INJURY / DRIVE AWAY,$500 OR LESS,FAILING TO YIELD RIGHT-OF-WAY,UNABLE TO DETERMINE,1500,W,HOWARD ST,2,NO INDICATION OF INJURY,0.0,0.0,0.0,0.0,0.0,2.0,0.0,20,6,12
e1c2b1701ef97e8be827b933d3699f1a2d8a52de2e94e63f5554c86790180106f9f85bb182ac8b4dcb046f42ac4eae7fba619e39925243e2b7cb207d9fc296ff,2023-11-25 23:56:00,30,NO CONTROLS,NO CONTROLS,CLEAR,DARKNESS,REAR END,NOT DIVIDED,STRAIGHT AND LEVEL,DRY,UNKNOWN,NO INJURY / DRIVE AWAY,"OVER $1,500",IMPROPER BACKING,IMPROPER BACKING,2643,W,25TH ST,2,NO INDICATION OF INJURY,0.0,0.0,0.0,0.0,0.0,2.0,0.0,23,7,11
b37c12063f8bde6871a613f399775f080bdba1fdf55f57b1bcc7355f077fc0c5daf99e3d743abd282be3dacc413fc3e1469385b0b05fcb8f34baed40cafc8ec2,2019-12-15 15:49:00,30,NO CONTROLS,NO CONTROLS,CLEAR,DAYLIGHT,SIDESWIPE OPPOSITE DIRECTION,NOT DIVIDED,STRAIGHT AND LEVEL,DRY,NO DEFECTS,NO INJURY / DRIVE AWAY,"$501 - $1,500",UNABLE TO DETERMINE,UNABLE TO DETERMINE,211,W,SCOTT ST,2,NO INDICATION OF INJURY,0.0,0.0,0.0,0.0,0.0,3.0,0.0,15,1,12
dda19fe041a431a7cd865522db91fe77b570d0b2765baba51c85d63d4ced40be1b9f0409d7bc394f73f8175af388c66214cdb6550491d48d5eab687d5abf94d8,2021-07-09 19:50:00,30,TRAFFIC SIGNAL,FUNCTIONING PROPERLY,CLEAR,DAYLIGHT,REAR END,FOUR WAY,STRAIGHT AND LEVEL,DRY,NO DEFECTS,NO INJURY / DRIVE AWAY,"OVER $1,500",UNABLE TO DETERMINE,UNABLE TO DETERMINE,4156,N,KEDZIE AVE,2,NO INDICATION OF INJURY,0.0,0.0,0.0,0.0,0.0,3.0,0.0,19,6,7
c21a2d8ca5f78b4447c7c5c14acafe8d028f05ab0710d7043c2a86e92b663e21240020a24f8991ee234ad1d2b957c65af2da2f915be2ddf7d66922323eabec23,2024-04-12 16:30:00,30,NO CONTROLS,NO CONTROLS,CLEAR,DAYLIGHT,REAR TO SIDE,DIVIDED - W/MEDIAN (NOT RAISED),STRAIGHT AND LEVEL,DRY,UNKNOWN,NO INJURY / DRIVE AWAY,"OVER $1,500",UNABLE TO DETERMINE,NOT APPLICABLE,161,S,HOMAN AVE,2,NO INDICATION OF INJURY,0.0,0.0,0.0,0.0,0.0,3.0,0.0,16,6,4
dfa0b28f4cdf9e0891a5352f71538852e4fd8f72860bc015a3af0f15576a40a57866ae82c35136798f5cb79623fab6ba7c93e725cd788cf0c207592a7064a96c,2024-03-12 19:30:00,35,TRAFFIC SIGNAL,FUNCTIONING PROPERLY,CLEAR,"DARKNESS, LIGHTED ROAD",REAR END,FOUR WAY,STRAIGHT AND LEVEL,DRY,NO DEFECTS,NO INJURY / DRIVE AWAY,"OVER $1,500",UNABLE TO DETERMINE,NOT APPLICABLE,8701,S,WESTERN AVE,2,NO INDICATION OF INJURY,0.0,0.0,0.0,0.0,0.0,3.0,0.0,19,3,3
e9ae12803ff7bee1d85c8a9058619bb209fa2e1ebbbde049dbfd1df9c6be160d58293e4a9192d8c1bbcead1db919f36b49a8e5aca98d9beeabea9eeb5a1aedfd,2018-11-22 00:45:00,30,TRAFFIC SIGNAL,FUNCTIONING PROPERLY,CLEAR,"DARKNESS, LIGHTED ROAD",TURNING,ONE-WAY,STRAIGHT AND LEVEL,DRY,NO DEFECTS,NO INJURY / DRIVE AWAY,"$501 - $1,500",IMPROPER TURNING/NO SIGNAL,IMPROPER TURNING/NO SIGNAL,136,E,ILLINOIS ST,2,NO INDICATION OF INJURY,0.0,0.0,0.0,0.0,0.0,2.0,0.0,0,5,11