CRASH_RECORD_ID,CRASH_DATE,POSTED_SPEED_LIMIT,TRAFFIC_CONTROL_DEVICE,DEVICE_CONDITION,WEATHER_CONDITION,LIGHTING_CONDITION,FIRST_CRASH_TYPE,TRAFFICWAY_TYPE,ALIGNMENT,ROADWAY_SURFACE_COND,ROAD_DEFECT,CRASH_TYPE,DAMAGE,PRIM_CONTRIBUTORY_CAUSE,SEC_CONTRIBUTORY_CAUSE,STREET_NO,STREET_DIRECTION,STREET_NAME,NUM_UNITS,MOST_SEVERE_INJURY,INJURIES_TOTAL,INJURIES_FATAL,INJURIES_INCAPACITATING,INJURIES_NON_INCAPACITATING,INJURIES_REPORTED_NOT_EVIDENT,INJURIES_NO_INDICATION,INJURIES_UNKNOWN,CRASH_HOUR,CRASH_DAY_OF_WEEK,CRASH_MONTH
75ddda9092397a17dbd347cb983d0e63a6becac5bc3a7e21791469afb8b0efc3f8a95a8cfbd856beacb8e4e288a6d2cb8194a0717dfafcffa177a7b9479fd833,2023-07-31 09:40:00,30,TRAFFIC SIGNAL,UNKNOWN,CLEAR,DAYLIGHT,REAR END,DIVIDED - W/MEDIAN (NOT RAISED),STRAIGHT AND LEVEL,DRY,UNKNOWN,NO INJURY / DRIVE AWAY,"OVER $1,500",DISTRACTION - FROM INSIDE VEHICLE,UNABLE TO DETERMINE,3940,W,103RD ST,2,NO INDICATION OF INJURY,0.0,0.0,0.0,0.0,0.0,3.0,0.0,9,2,7
e141c1e266d0e97eac8a7fa719a7ac43094d5910fe515aabae5ab94178881c8f53ffeeff98df498c9a8b6611aac74a24ac01f87d31bdc5e1f60890ed7690748f,2019-04-23 12:10:00,30,NO CONTROLS,NO CONTROLS,CLEAR,DAYLIGHT,PARKED MOTOR VEHICLE,ONE-WAY,STRAIGHT AND LEVEL,WET,NO DEFECTS,NO INJURY / DRIVE AWAY,"OVER $1,500",UNABLE TO DETERMINE,UNABLE TO DETERMINE,6925,S,OGLESBY AVE,2,NO INDICATION OF INJURY,0.0,0.0,0.0,0.0,0.0,1.0,0.0,12,3,4
6dd576278edc53d3c3047f7557b066b75aac47a7cb9e4b6642387f861f33578a70a961bbbdd92ec481ca70e7abb56d1200477a14a2f45b3a4317d9cff889872b,2019-10-31 21:50:00,30,NO CONTROLS,NO CONTROLS,SNOW,"DARKNESS, LIGHTED ROAD",SIDESWIPE SAME DIRECTION,DIVIDED - W/MEDIAN BARRIER,CURVE ON HILLCREST,ICE,NO DEFECTS,INJURY AND / OR TOW DUE TO CRASH,"$501 - $1,500",WEATHER,WEATHER,6053,N,CALDWELL AVE,2,NO INDICATION OF INJURY,0.0,0.0,0.0,0.0,0.0,2.0,0.0,21,5,10
d0f1dbad5c36d93c86d2177118a19a9e6a098cf9f71743ea1d5fd2de974b1e736d63c91c289faa06a72f961c42383e22c53b7312affe37d02d75a428c874e448,2018-06-16 14:28:00,30,NO CONTROLS,NO CONTROLS,CLEAR,DAYLIGHT,TURNING,NOT DIVIDED,STRAIGHT AND LEVEL,DRY,NO DEFECTS,NO INJURY / DRIVE AWAY,"OVER $1,500",IMPROPER OVERTAKING/PASSING,NOT APPLICABLE,4100,W,FULLERTON AVE,2,NO INDICATION OF INJURY,0.0,0.0,0.0,0.0,0.0,2.0,0.0,14,7,6
ad680152f9bd2d3c83ca05da4d742165fe6b5c3c137a3b5b74dd21d50ffbf934ee32191e623e798107c1458d760fc49ff5b23f055b1521a60950d8fe8514056d,2023-04-26 21:13:00,30,TRAFFIC SIGNAL,FUNCTIONING PROPERLY,CLEAR,"DARKNESS, LIGHTED ROAD",PEDESTRIAN,NOT DIVIDED,STRAIGHT AND LEVEL,DRY,NO DEFECTS,INJURY AND / OR TOW DUE TO CRASH,"OVER $1,500",FAILING TO YIELD RIGHT-OF-WAY,UNABLE TO DETERMINE,8100,S,DR MARTIN LUTHER KING JR DR,2,INCAPACITATING INJURY,1.0,0.0,1.0,0.0,0.0,1.0,0.0,21,4,4
4cd07c801112bd8cf08b3d4d7364c1b93796f7be601a975d5275e4cc6494e0ce7dfbbb0ac93f2a4649da9b94d6d9840587d2d45030a50f5dac482dd7facad728,2022-07-15 15:00:00,30,NO CONTROLS,NO CONTROLS,CLEAR,DAYLIGHT,PARKED MOTOR VEHICLE,DIVIDED - W/MEDIAN (NOT RAISED),STRAIGHT AND LEVEL,DRY,NO DEFECTS,NO INJURY / DRIVE AWAY,"$501 - $1,500",IMPROPER OVERTAKING/PASSING,NOT APPLICABLE,50,E,83RD ST,2,NO INDICATION OF INJURY,0.0,0.0,0.0,0.0,0.0,1.0,0.0,15,6,7
441bb52878b59b05ffe6fbc49d85b2a67251f8769a70bb5a2a77d4e5de4c73bf6c30ea4f8145c72a16c64679c6150e6d05fadf35614666933f3484b1a3c934c4,2022-06-14 19:00:00,5,NO CONTROLS,NO CONTROLS,CLEAR,DAYLIGHT,PARKED MOTOR VEHICLE,PARKING LOT,STRAIGHT AND LEVEL,DRY,UNKNOWN,NO INJURY / DRIVE AWAY,"$501 - $1,500",UNABLE TO DETERMINE,UNABLE TO DETERMINE,3324,W,CERMAK RD,2,NO INDICATION OF INJURY,0.0,0.0,0.0,0.0,0.0,1.0,0.0,19,3,6
cb036dfbfaaf8dee409fa410d5eec5f6890555cb215e9915c191b198d6a789670728c0afbeb01ddf228f55fd2effeeeceb0ac0ce85e0f7b0422f841bf0ac6f30,2019-10-30 17:45:00,30,STOP SIGN/FLASHER,FUNCTIONING PROPERLY,RAIN,DUSK,ANGLE,FOUR WAY,STRAIGHT AND LEVEL,WET,NO DEFECTS,NO INJURY / DRIVE AWAY,"OVER $1,500",FAILING TO YIELD RIGHT-OF-WAY,UNABLE TO DETERMINE,7398,W,FOSTER AVE,2,NO INDICATION OF INJURY,0.0,0.0,0.0,0.0,0.0,2.0,0.0,17,4,10
21ce6c7226a0384b5517c789ae78109937da0905d09741fc0bdf35da6b47e33edeadf00b68417140a1879943adf5c359f55afdc39fc791a575ce2767aa98a79c,2018-11-18 16:45:00,30,STOP SIGN/FLASHER,FUNCTIONING PROPERLY,CLEAR,DUSK,REAR END,DIVIDED - W/MEDIAN BARRIER,STRAIGHT AND LEVEL,UNKNOWN,UNKNOWN,NO INJURY / DRIVE AWAY,"$501 - $1,500",FOLLOWING TOO CLOSELY,FOLLOWING TOO CLOSELY,6098,N,RIDGE AVE,2,NO INDICATION OF INJURY,0.0,0.0,0.0,0.0,0.0,2.0,0.0,16,1,11
ae1e6276c6dd9ec5b126d3a16932839de67d36af3ea8a283eedbbded6ba04388f44225efc5e9ad271a59809178a595243944d88d303d4f8ba87f3e4c10778903,2020-02-06 08:10:00,25,NO CONTROLS,NO CONTROLS,SNOW,DAYLIGHT,SIDESWIPE SAME DIRECTION,ONE-WAY,STRAIGHT AND LEVEL,SNOW OR SLUSH,NO DEFECTS,NO INJURY / DRIVE AWAY,$500 OR LESS,UNABLE TO DETERMINE,RELATED TO BUS STOP,100,S,CLINTON ST,2,NO INDICATION OF INJURY,0.0,0.0,0.0,0.0,0.0,2.0,0.0,8,5,2
8c608e6165c8c8a786ecb9fcdf45cc1e4fc5273c45701eadae124f9c6ff628307b7dede286489d072c8e09529056214ab1197b52e59cef4cfbf961673ab80cc0,2021-05-14 15:40:00,35,TRAFFIC SIGNAL,FUNCTIONING PROPERLY,CLEAR,DAYLIGHT,SIDESWIPE SAME DIRECTION,NOT DIVIDED,STRAIGHT AND LEVEL,DRY,NO DEFECTS,NO INJURY / DRIVE AWAY,"OVER $1,500",NOT APPLICABLE,NOT APPLICABLE,2400,W,55TH ST,2,NO INDICATION OF INJURY,0.0,0.0,0.0,0.0,0.0,4.0,0.0,15,6,5
d038542c84157195bcddc824513bac427a8d1f17ac4bd9293052819efcaa20aca3c754f483dbbc5cd797b92f6180fdaf8c8721f22daa81ac4389ab83f3e1286a,2016-10-14 08:00:00,30,STOP SIGN/FLASHER,FUNCTIONING PROPERLY,CLEAR,DAYLIGHT,TURNING,NOT DIVIDED,STRAIGHT AND LEVEL,DRY,NO DEFECTS,INJURY AND / OR TOW DUE TO CRASH,"OVER $1,500",FAILING TO YIELD RIGHT-OF-WAY,FAILING TO YIELD RIGHT-OF-WAY,3834,W,GRAND AVE,2,NONINCAPACITATING INJURY,1.0,0.0,0.0,1.0,0.0,1.0,0.0,8,6,10
06516ef402845e562fa3d33f5fcdd235419dac08ff345edadf42a9c45b009d26ca97e14b372a140cb0fee0cdf4d989aa3aa2cfdd20f885eff154f61ba7bee662,2021-06-26 10:30:00,30,NO CONTROLS,NO CONTROLS,RAIN,"DARKNESS, LIGHTED ROAD",FIXED OBJECT,DIVIDED - W/MEDIAN (NOT RAISED),STRAIGHT AND LEVEL,WET,"RUT, HOLES",NO INJURY / DRIVE AWAY,"OVER $1,500",UNABLE TO DETERMINE,UNABLE TO DETERMINE,1200,E,130TH ST,1,NO INDICATION OF INJURY,0.0,0.0,0.0,0.0,0.0,1.0,0.0,10,7,6
58ba3ecd3b748c46ee44dbc3758406d73e7351942f1ba4c908ce558d2fc8181f5d2e9216e03e11d1476581fe3c83c3785f5b55b7b867616da135112948b3c7de,2020-02-09 12:00:00,0,NO CONTROLS,NO CONTROLS,SNOW,DAYLIGHT,PARKED MOTOR VEHICLE,PARKING LOT,STRAIGHT AND LEVEL,WET,NO DEFECTS,NO INJURY / DRIVE AWAY,"OVER $1,500",UNABLE TO DETERMINE,NOT APPLICABLE,9540,S,CONSTANCE AVE,2,NO INDICATION OF INJURY,0.0,0.0,0.0,0.0,0.0,1.0,0.0,12,1,2
3e627fc0f124437721c3d983b66c0116cf4840f311b6ec0753499be6689a5c29d9c4a21725412fd8617182161efc1c9f6758f5fef476082431949948e9422c4d,2023-09-28 07:00:00,30,NO CONTROLS,NO CONTROLS,CLEAR,DAYLIGHT,PARKED MOTOR VEHICLE,ONE-WAY,STRAIGHT AND LEVEL,DRY,NO DEFECTS,INJURY AND / OR TOW DUE TO CRASH,"OVER $1,500",UNABLE TO DETERMINE,PHYSICAL CONDITION OF DRIVER,6500,S,VERNON AVE,2,NO INDICATION OF INJURY,0.0,0.0,0.0,0.0,0.0,1.0,0.0,7,5,9
c64e298db6b8d84cc7ecb95026539a58efb1494699349cfbb8f9ce80f917138db1d230f166e0316bb8971ca9fb26d873217f93fe2daf0679c173727a96d73fc9,2019-05-10 18:30:00,30,TRAFFIC SIGNAL,FUNCTIONING PROPERLY,CLEAR,"DARKNESS, LIGHTED ROAD",REAR END,NOT DIVIDED,STRAIGHT AND LEVEL,DRY,NO DEFECTS,NO INJURY / DRIVE AWAY,"$501 - $1,500",DISREGARDING TRAFFIC SIGNALS,UNABLE TO DETERMINE,4002,N,WESTERN AVE,2,NO INDICATION OF INJURY,0.0,0.0,0.0,0.0,0.0,2.0,0.0,18,6,5
db92c070ff0f31d7ada7e3245ef716be2a644221e70ce89bcc95b14bae17050fc5d6e779906d1f7df178a0a6ac64bb47817678a41a018d8a4a5e03da6782ba40,2021-12-21 06:45:00,30,TRAFFIC SIGNAL,FUNCTIONING PROPERLY,CLEAR,DAYLIGHT,TURNING,FOUR WAY,STRAIGHT ON GRADE,DRY,NO DEFECTS,NO INJURY / DRIVE AWAY,"OVER $1,500",UNABLE TO DETERMINE,UNABLE TO DETERMINE,201,S,KEDZIE AVE,2,NO INDICATION OF INJURY,0.0,0.0,0.0,0.0,0.0,2.0,0.0,6,3,12
725de8971c7ba602b83d8d03cc84116452ab4dc9008bcfa9a30a8b6121c13410a3f686f65d0129ea44cffafc98a0698810e58c0c8f86da6d39c4b3ccab3a0e32,2021-09-17 16:10:00,30,NO CONTROLS,NO CONTROLS,CLEAR,DAYLIGHT,SIDESWIPE SAME DIRECTION,DIVIDED - W/MEDIAN (NOT RAISED),STRAIGHT AND LEVEL,DRY,NO DEFECTS,NO INJURY / DRIVE AWAY,"$501 - $1,500",UNABLE TO DETERMINE,UNABLE TO DETERMINE,2340,W,TOUHY AVE,2,NO INDICATION OF INJURY,0.0,0.0,0.0,0.0,0.0,2.0,0.0,16,6,9
149850edf652a593040c65d0673c78a148848d04051181202710c0cb095140e0404d69f6df342a630e51ecaba26afe73a972e076f912ee64c7c22c5d1dee6e2b,2019-09-17 16:30:00,30,NO CONTROLS,NO CONTROLS,CLEAR,DAYLIGHT,REAR END,DIVIDED - W/MEDIAN (NOT RAISED),STRAIGHT AND LEVEL,DRY,NO DEFECTS,NO INJURY / DRIVE AWAY,"OVER $1,500",FOLLOWING TOO CLOSELY,UNABLE TO DETERMINE,8700,S,STATE ST,2,NO INDICATION OF INJURY,0.0,0.0,0.0,0.0,0.0,2.0,0.0,16,3,9
b9cbeec65964a06a289fadcdc3c46bf138c7aa20c805087546a76813a116acd3787cd9652eac9617ea85ad7f3a63f84f7d7df08d44849d7ac61b0367fc5bafa2,2024-02-06 19:09:00,35,NO CONTROLS,NO CONTROLS,CLEAR,"DARKNESS, LIGHTED ROAD",PEDESTRIAN,OTHER,STRAIGHT AND LEVEL,DRY,UNKNOWN,INJURY AND / OR TOW DUE TO CRASH,$500 OR LESS,UNABLE TO DETERMINE,UNABLE TO DETERMINE,10500,S,WESTERN AVE,2,NONINCAPACITATING INJURY,1.0,0.0,0.0,1.0,0.0,1.0,0.0,19,3,2
b0c1286bf550774b4af9eaad02a83a0743aa276109d6c2e134afb9c626ac675e2038a5c87641bf7196313ce10160afde57f2457befb27fd6a5b0870d5766f25a,2019-04-12 06:46:00,20,TRAFFIC SIGNAL,UNKNOWN,UNKNOWN,UNKNOWN,REAR END,DIVIDED - W/MEDIAN (NOT RAISED),STRAIGHT AND LEVEL,UNKNOWN,NO DEFECTS,INJURY AND / OR TOW DUE TO CRASH,"$501 - $1,500",FOLLOWING TOO CLOSELY,IMPROPER LANE USAGE,3707,W,COLUMBUS AVE,2,NONINCAPACITATING INJURY,1.0,0.0,0.0,1.0,0.0,1.0,0.0,6,6,4
3c450fe49eee82e7807e4a864a7fef665aedd79cf7ae6b7c4fbf2b8ae8d5c12340aaec0304d5b3a7d0a1ad232173e74f6bbc66af445e23b9ac3a531e202ba4ea,2020-03-08 20:37:00,30,NO CONTROLS,NO CONTROLS,CLEAR,"DARKNESS, LIGHTED ROAD",PARKED MOTOR VEHICLE,NOT DIVIDED,STRAIGHT AND LEVEL,DRY,NO DEFECTS,NO INJURY / DRIVE AWAY,$500 OR LESS,FAILING TO REDUCE SPEED TO AVOID CRASH,FAILING TO REDUCE SPEED TO AVOID CRASH,5834,S,MORGAN ST,2,NO INDICATION OF INJURY,0.0,0.0,0.0,0.0,0.0,1.0,0.0,20,1,3
0f740c675e8c66fbe3f87980bcb0b0837c16639b97580114e2d0d6e7cc1989469da8c441ffefe0885644a9346a56bc0cdc9423b29b8d57f822d6ca86e854b889,2018-06-22 07:30:00,30,TRAFFIC SIGNAL,FUNCTIONING PROPERLY,RAIN,DAYLIGHT,ANGLE,DIVIDED - W/MEDIAN (NOT RAISED),STRAIGHT AND LEVEL,WET,NO DEFECTS,INJURY AND / OR TOW DUE TO CRASH,"OVER $1,500",FAILING TO YIELD RIGHT-OF-WAY,NOT APPLICABLE,4901,S,WESTERN AVE,2,NONINCAPACITATING INJURY,2.0,0.0,0.0,2.0,0.0,1.0,0.0,7,6,6
52bfbefcdc862343cb364816027b67d9942a58123defdf7022f23f8376d2b8aaa5780cb75618612bd520cc4e1789173015d0c16d8a6cf1126f369021c3652a26,2018-09-01 22:17:00,30,NO CONTROLS,NO CONTROLS,CLEAR,"DARKNESS, LIGHTED ROAD",PARKED MOTOR VEHICLE,NOT DIVIDED,STRAIGHT AND LEVEL,DRY,NO DEFECTS,INJURY AND / OR TOW DUE TO CRASH,"OVER $1,500",UNDER THE INFLUENCE OF ALCOHOL/DRUGS (USE WHEN ARREST IS EFFECTED),TEXTING,10823,S,AVENUE O,3,NO INDICATION OF INJURY,0.0,0.0,0.0,0.0,0.0,1.0,0.0,22,7,9
be957021b27223b5dcc966bab9b56b425375e9327ad6d7773288ad01c07f6e47612c505e11397fd015aa01bd577a946475ce05d23b6977d7e5f68ae87b88f18c,2021-08-18 19:00:00,30,TRAFFIC SIGNAL,FUNCTIONING PROPERLY,CLEAR,DUSK,REAR TO FRONT,PARKING LOT,STRAIGHT AND LEVEL,DRY,NO DEFECTS,NO INJURY / DRIVE AWAY,"$501 - $1,500",IMPROPER BACKING,NOT APPLICABLE,4754,W,83RD ST,2,NO INDICATION OF INJURY,0.0,0.0,0.0,0.0,0.0,3.0,0.0,19,4,8
1786c6b62b58e940da8ecd9c530f33ee2de6538f988494992f9bd283150c41487565e8e4d544117ef05c7e2f6c7b11b2322151f8b2c7e9aa98043776a30fa4bd,2018-10-13 19:20:00,30,NO CONTROLS,NO CONTROLS,CLEAR,"DARKNESS, LIGHTED ROAD",TURNING,NOT DIVIDED,STRAIGHT AND LEVEL,DRY,NO DEFECTS,INJURY AND / OR TOW DUE TO CRASH,"OVER $1,500",UNABLE TO DETERMINE,NOT APPLICABLE,6434,W,ARCHER AVE,2,NO INDICATION OF INJURY,0.0,0.0,0.0,0.0,0.0,3.0,0.0,19,7,10
42e1b05c62b66b6a288961e971be1ee495c55171797dd09dfc404dda6eea1282cc4d0ab899ca8e93c44365ba7dd2dbf4916367838818faa7b208a0316a9e1217,2016-01-03 13:40:00,20,STOP SIGN/FLASHER,NO CONTROLS,CLEAR,DAYLIGHT,REAR END,ONE-WAY,STRAIGHT AND LEVEL,DRY,UNKNOWN,NO INJURY / DRIVE AWAY,"OVER $1,500",FOLLOWING TOO CLOSELY,FOLLOWING TOO CLOSELY,2399,W,ROSEMONT AVE,2,NO INDICATION OF INJURY,0.0,0.0,0.0,0.0,0.0,2.0,0.0,13,1,1
758eb063b9bd767651c4c20f1a299eb9afa48ac7eb63ade891074a115756e13693d4c46588960333a14b28a10ae6827dffeb6150457cf48ce7669132fe5ef71e,2023-09-11 19:30:00,30,UNKNOWN,UNKNOWN,UNKNOWN,UNKNOWN,TURNING,UNKNOWN,STRAIGHT AND LEVEL,UNKNOWN,UNKNOWN,NO INJURY / DRIVE AWAY,"OVER $1,500",UNABLE TO DETERMINE,NOT APPLICABLE,6409,W,DEVON AVE,2,NO INDICATION OF INJURY,0.0,0.0,0.0,0.0,0.0,2.0,0.0,19,2,9
151411d71956f01dabb086187b1fd8d6b3ce3514c920fb4f8145b02d75772c2fe248d7caf1d7fb84b1babf6361532c8ae5a68cec32b5e07fbd0e477d165e1358,2022-04-29 08:19:00,25,NO CONTROLS,NO CONTROLS,CLEAR,DAYLIGHT,TURNING,NOT DIVIDED,STRAIGHT AND LEVEL,DRY,NO DEFECTS,INJURY AND / OR TOW DUE TO CRASH,"OVER $1,500","OPERATING VEHICLE IN ERRATIC, RECKLESS, CARELESS, NEGLIGENT OR AGGRESSIVE MANNER",DRIVING SKILLS/KNOWLEDGE/EXPERIENCE,215,N,CENTRAL AVE,2,NONINCAPACITATING INJURY,2.0,0.0,0.0,2.0,0.0,1.0,0.0,8,6,4
94b3c354c2f8c3a8b2c4c59855d6161c94eec9c51d433d908779c633904392f98a9e694eaf3c6d8699e7d8f0ee228abe9ffa463882384ca566ffa00063120e79,2023-08-21 11:22:00,20,NO CONTROLS,NO CONTROLS,CLEAR,DAYLIGHT,PARKED MOTOR VEHICLE,ONE-WAY,STRAIGHT AND LEVEL,DRY,NO DEFECTS,NO INJURY / DRIVE AWAY,"OVER $1,500",UNABLE TO DETERMINE,NOT APPLICABLE,1417,W,ARTHUR AVE,2,NO INDICATION OF INJURY,0.0,0.0,0.0,0.0,0.0,1.0,0.0,11,2,8
374672ed2804ac3831549fd3e5115949d687de402a9a6c56df76d527e3f950c4e9b017e24851b8d1214a6e8007720b29029e7b0314798ccb95d5d1da9bb833b8,2018-10-03 12:50:00,15,NO CONTROLS,NO CONTROLS,CLEAR,DAYLIGHT,PARKED MOTOR VEHICLE,PARKING LOT,STRAIGHT AND LEVEL,DRY,NO DEFECTS,NO INJURY / DRIVE AWAY,"$501 - $1,500",IMPROPER TURNING/NO SIGNAL,NOT APPLICABLE,320,W,CHESTNUT ST,2,NO INDICATION OF INJURY,0.0,0.0,0.0,0.0,0.0,1.0,0.0,12,4,10
1d13546408a430fa667280a7374ff7e1703c4e69fd8810557967ee352407d5211d633109615fec15b415fa88d47f8d9b6a2580ba26faa8b7199fceff0c4d616e,2018-05-18 10:29:00,30,NO CONTROLS,NO CONTROLS,CLEAR,DAYLIGHT,PARKED MOTOR VEHICLE,ONE-WAY,STRAIGHT AND LEVEL,DRY,NO DEFECTS,NO INJURY / DRIVE AWAY,"OVER $1,500",DRIVING SKILLS/KNOWLEDGE/EXPERIENCE,NOT APPLICABLE,6517,S,OAKLEY AVE,2,NO INDICATION OF INJURY,0.0,0.0,0.0,0.0,0.0,1.0,0.0,10,6,5
122a7f9f70b89b0c88f7cd3e6bc9f8a7578ae82aedd7278ada8748b222e6bdc8d0933cf49a7b0cfd9d7a9a10ab0ba063ea589b6f157751a6f842594ccf47dd85,2022-08-17 19:46:00,15,NO CONTROLS,NO CONTROLS,UNKNOWN,UNKNOWN,PARKED MOTOR VEHICLE,PARKING LOT,STRAIGHT AND LEVEL,UNKNOWN,UNKNOWN,NO INJURY / DRIVE AWAY,$500 OR LESS,UNABLE TO DETERMINE,NOT APPLICABLE,6009,N,BROADWAY,2,NO INDICATION OF INJURY,0.0,0.0,0.0,0.0,0.0,1.0,0.0,19,4,8
1e2855d3cd1c01aa741d73f0538ae50003c95c533879fcb5c54edb99dbb5fff121e48f4e6b87c65bc470df794f541ef15f84422e6f2d2fc528f3bc3969679215,2018-10-25 07:00:00,30,NO CONTROLS,NO CONTROLS,CLEAR,DAYLIGHT,PARKED MOTOR VEHICLE,DIVIDED - W/MEDIAN (NOT RAISED),STRAIGHT AND LEVEL,DRY,NO DEFECTS,NO INJURY / DRIVE AWAY,"OVER $1,500",FAILING TO REDUCE SPEED TO AVOID CRASH,DRIVING SKILLS/KNOWLEDGE/EXPERIENCE,6413,S,MENARD AVE,2,NO INDICATION OF INJURY,0.0,0.0,0.0,0.0,0.0,1.0,0.0,7,5,10
28b9767de14fcdb7f790a05fbae5b85a5506dc3c6ef3caf6951f8949d1395361bb4934f76aa721666375ac6b61bf35fff9d9fa49768eca3d88b384798c6e6906,2016-06-25 21:20:00,30,TRAFFIC SIGNAL,FUNCTIONING PROPERLY,CLEAR,"DARKNESS, LIGHTED ROAD",REAR END,NOT DIVIDED,STRAIGHT AND LEVEL,DRY,NO DEFECTS,NO INJURY / DRIVE AWAY,"OVER $1,500",DISTRACTION - FROM INSIDE VEHICLE,FOLLOWING TOO CLOSELY,2200,W,103RD ST,2,NO INDICATION OF INJURY,0.0,0.0,0.0,0.0,0.0,3.0,0.0,21,7,6
ed52c39135d8dee0d6d3fb4d0a716e1128a442a5633595166acab76fdf1ff39085918e678564be2985fcca52f256cccf9e23d30bc739717d9680b03f2442e131,2018-11-15 13:10:00,25,NO CONTROLS,NO CONTROLS,CLOUDY/OVERCAST,DAYLIGHT,TURNING,NOT DIVIDED,STRAIGHT ON GRADE,WET,NO DEFECTS,INJURY AND / OR TOW DUE TO CRASH,"OVER $1,500",UNABLE TO DETERMINE,UNABLE TO DETERMINE,11600,S,HALSTED ST,2,NONINCAPACITATING INJURY,2.0,0.0,0.0,2.0,0.0,0.0,0.0,13,5,11
89f84fb41e7ef248fadf390391adf09d1ef8aaf74e51dff4450a226da1be9f860ac9f7723e56dca0f523749d09beb8ad7da8c4532a43193df77a0f240dbe4069,2022-12-14 18:35:00,30,TRAFFIC SIGNAL,FUNCTIONING PROPERLY,RAIN,"DARKNESS, LIGHTED ROAD",TURNING,NOT DIVIDED,STRAIGHT AND LEVEL,WET,NO DEFECTS,NO INJURY / DRIVE AWAY,"$501 - $1,500",UNABLE TO DETERMINE,UNABLE TO DETERMINE,4798,N,MILWAUKEE AVE,2,NO INDICATION OF INJURY,0.0,0.0,0.0,0.0,0.0,2.0,0.0,18,4,12
69be3565764ae03d124914b6729f44bcadda399ddbd29d6ca22927bb1a351b0250370759a7f9223818c1f2b84d43cf629a5e0b8a0bb77a494bb01ea4cde89bfb,2016-11-07 20:46:00,35,NO CONTROLS,NO CONTROLS,CLEAR,DARKNESS,SIDESWIPE SAME DIRECTION,NOT DIVIDED,STRAIGHT AND LEVEL,DRY,NO DEFECTS,NO INJURY / DRIVE AWAY,"OVER $1,500",UNABLE TO DETERMINE,UNABLE TO DETERMINE,300,E,CHICAGO AVE,2,NO INDICATION OF INJURY,0.0,0.0,0.0,0.0,0.0,2.0,0.0,20,2,11
8994360f16437048aa264256c9e737f25389ef384efec9b4393d5348b683e9bfb09e82e765e1bb79e7de239804025853f608b6fd8faa53de438290c2c8bbf597,2018-10-02 00:01:00,30,NO CONTROLS,NO CONTROLS,RAIN,"DARKNESS, LIGHTED ROAD",PARKED MOTOR VEHICLE,NOT DIVIDED,STRAIGHT AND LEVEL,WET,NO DEFECTS,INJURY AND / OR TOW DUE TO CRASH,"OVER $1,500",WEATHER,WEATHER,6748,N,WESTERN AVE,3,NO INDICATION OF INJURY,0.0,0.0,0.0,0.0,0.0,1.0,0.0,0,3,10
5ca813bfb8588f0d3fe9a6571334ba2f504dfc239c28bf38ead63ac22982a293c6eb05601b7b0ad74ecfaabe66d387ebcc063e96c8dfc09b281e4e145f8b4551,2022-07-10 18:20:00,35,NO CONTROLS,NO CONTROLS,CLEAR,DAYLIGHT,TURNING,NOT DIVIDED,STRAIGHT AND LEVEL,DRY,UNKNOWN,INJURY AND / OR TOW DUE TO CRASH,"OVER $1,500",NOT APPLICABLE,NOT APPLICABLE,6325,W,63RD ST,2,NO INDICATION OF INJURY,0.0,0.0,0.0,0.0,0.0,3.0,0.0,18,1,7
bc87f23727f10bed92f335a85426dfc415459e4e9e0dd301b43590bf33917b9310102e66070da42fca9a91ee302006f51dd3e4dbaea20231aebafa8d32605f01,2016-07-28 23:05:00,30,TRAFFIC SIGNAL,FUNCTIONING PROPERLY,UNKNOWN,DARKNESS,REAR END,NOT DIVIDED,STRAIGHT AND LEVEL,UNKNOWN,UNKNOWN,NO INJURY / DRIVE AWAY,"OVER $1,500",FOLLOWING TOO CLOSELY,NOT APPLICABLE,2607,N,MILWAUKEE AVE,3,NO INDICATION OF INJURY,0.0,0.0,0.0,0.0,0.0,4.0,0.0,23,5,7
caf0afd5489bbc3de2d1007e5d7e3c525b1659b47edf61b7bd7b0a191c2cea131b36241cf25105eaaab35d1039479a338a42555a8ea3b1f080f1124866dce5b4,2018-05-03 08:05:00,0,NO CONTROLS,NO CONTROLS,CLOUDY/OVERCAST,DAYLIGHT,SIDESWIPE SAME DIRECTION,ONE-WAY,STRAIGHT AND LEVEL,WET,NO DEFECTS,NO INJURY / DRIVE AWAY,"OVER $1,500",UNABLE TO DETERMINE,UNABLE TO DETERMINE,1017,N,ROCKWELL ST,2,NO INDICATION OF INJURY,0.0,0.0,0.0,0.0,0.0,4.0,0.0,8,5,5
2e937930e24325ff0c1382410a922d7827c69b0f4af33e5fb3bb210d2b1dc82fb93f35f419a65f7aa1fbc69821d24b34d334a1d8dbe7a88df86513f4bdea643d,2022-11-23 01:05:00,30,NO CONTROLS,NO CONTROLS,CLEAR,"DARKNESS, LIGHTED ROAD",PARKED MOTOR VEHICLE,ONE-WAY,STRAIGHT AND LEVEL,DRY,NO DEFECTS,INJURY AND / OR TOW DUE TO CRASH,"OVER $1,500",PHYSICAL CONDITION OF DRIVER,NOT APPLICABLE,6238,S,KILDARE AVE,3,NO INDICATION OF INJURY,0.0,0.0,0.0,0.0,0.0,1.0,0.0,1,4,11