CRASH_RECORD_ID,CRASH_DATE,POSTED_SPEED_LIMIT,TRAFFIC_CONTROL_DEVICE,DEVICE_CONDITION,WEATHER_CONDITION,LIGHTING_CONDITION,FIRST_CRASH_TYPE,TRAFFICWAY_TYPE,ALIGNMENT,ROADWAY_SURFACE_COND,ROAD_DEFECT,CRASH_TYPE,DAMAGE,PRIM_CONTRIBUTORY_CAUSE,SEC_CONTRIBUTORY_CAUSE,STREET_NO,STREET_DIRECTION,STREET_NAME,NUM_UNITS,MOST_SEVERE_INJURY,INJURIES_TOTAL,INJURIES_FATAL,INJURIES_INCAPACITATING,INJURIES_NON_INCAPACITATING,INJURIES_REPORTED_NOT_EVIDENT,INJURIES_NO_INDICATION,INJURIES_UNKNOWN,CRASH_HOUR,CRASH_DAY_OF_WEEK,CRASH_MONTH
2ae6d44d746b97eb1d4845dec5897b93714ecbab588a5b98ad7711546d8f38c6b0f7ac5373c7877c75a0a766768d273f17a6a89328893f4030e9b47d0b420326,2016-08-06 14:59:00,30,TRAFFIC SIGNAL,FUNCTIONING PROPERLY,CLEAR,DAYLIGHT,TURNING,DIVIDED - W/MEDIAN BARRIER,STRAIGHT AND LEVEL,DRY,NO DEFECTS,INJURY AND / OR TOW DUE TO CRASH,"OVER $1,500",FAILING TO YIELD RIGHT-OF-WAY,NOT APPLICABLE,6900,S,STATE ST,2,"REPORTED, NOT EVIDENT",1.0,0.0,0.0,0.0,1.0,1.0,0.0,14,7,8
05ec9e7b448e01318afcf6917516e26db54d961432f881bfec01e7fbb2140a1f0f643006606e2754d24e25264e4ad6a380611049e192a1e53f86a7fc705e51f8,2020-06-22 15:28:00,30,TRAFFIC SIGNAL,FUNCTIONING PROPERLY,CLEAR,DAYLIGHT,REAR END,NOT DIVIDED,STRAIGHT AND LEVEL,DRY,NO DEFECTS,NO INJURY / DRIVE AWAY,"$501 - $1,500",FOLLOWING TOO CLOSELY,NOT APPLICABLE,4005,W,CHICAGO AVE,3,NO INDICATION OF INJURY,0.0,0.0,0.0,0.0,0.0,3.0,0.0,15,2,6
711800b4b806c2ef94ccb4b49d1fec86472663a12018236ae2e158f49a36dd249a8e35ce236065029393ae15af4320a4bcca575c7b1bc9dcf49ca94143d0e39b,2019-10-20 22:40:00,30,TRAFFIC SIGNAL,UNKNOWN,CLEAR,"DARKNESS, LIGHTED ROAD",PARKED MOTOR VEHICLE,NOT DIVIDED,STRAIGHT AND LEVEL,DRY,NO DEFECTS,NO INJURY / DRIVE AWAY,"$501 - $1,500",FOLLOWING TOO CLOSELY,UNABLE TO DETERMINE,5900,S,SACRAMENTO AVE,2,NO INDICATION OF INJURY,0.0,0.0,0.0,0.0,0.0,1.0,0.0,22,1,10
fbf2edb5d8f79f2cb7ed80905b28e3f2f19e48ee53f10c75a0fba1894104a23266b29d87590a70be86bb225a0e49132e5057ad4c5ed5191a40b15b85a67bf25c,2023-10-24 20:00:00,30,UNKNOWN,UNKNOWN,UNKNOWN,UNKNOWN,ANGLE,DIVIDED - W/MEDIAN (NOT RAISED),STRAIGHT AND LEVEL,UNKNOWN,UNKNOWN,INJURY AND / OR TOW DUE TO CRASH,"OVER $1,500",UNABLE TO DETERMINE,UNABLE TO DETERMINE,3958,W,NORTH AVE,2,NONINCAPACITATING INJURY,1.0,0.0,0.0,1.0,0.0,1.0,0.0,20,3,10
11ca4c14cff6cd2481897c405b4e0d3cfdf0c27de9f107270bb06d33a13fe99c4dd98a73d714f31c28e6f64e4c4126c6a5945484d15194ad609abd9ad8b0651e,2023-04-17 15:28:00,30,TRAFFIC SIGNAL,FUNCTIONING PROPERLY,CLEAR,DAYLIGHT,TURNING,OTHER,STRAIGHT AND LEVEL,DRY,NO DEFECTS,NO INJURY / DRIVE AWAY,"OVER $1,500",UNABLE TO DETERMINE,NOT APPLICABLE,1600,E,79TH ST,2,NO INDICATION OF INJURY,0.0,0.0,0.0,0.0,0.0,2.0,0.0,15,2,4
a16c0ed1124c7a4ed239098fa6d51e49a3bf219ca2b2a530f0e68c09710113ebb1c47a50449927ca08b3c3f9104898ab60c0d9c7962871b49011788f19dcafdb,2020-03-16 11:45:00,30,STOP SIGN/FLASHER,FUNCTIONING PROPERLY,RAIN,DAYLIGHT,FIXED OBJECT,DIVIDED - W/MEDIAN (NOT RAISED),STRAIGHT AND LEVEL,WET,NO DEFECTS,NO INJURY / DRIVE AWAY,"OVER $1,500",UNABLE TO DETERMINE,NOT APPLICABLE,3932,W,25TH ST,1,NO INDICATION OF INJURY,0.0,0.0,0.0,0.0,0.0,1.0,0.0,11,2,3
cf32683aa00ca7f506b60a7eeba8c91caae576fda2e3133396d3e002aba48db5766d756c356d0469cbfe62952bc144d48c32eec69bc25c179d89c4bbb6462b71,2018-10-02 14:00:00,20,TRAFFIC SIGNAL,FUNCTIONING PROPERLY,CLEAR,DAYLIGHT,TURNING,DIVIDED - W/MEDIAN (NOT RAISED),STRAIGHT AND LEVEL,DRY,NO DEFECTS,NO INJURY / DRIVE AWAY,"OVER $1,500",UNABLE TO DETERMINE,NOT APPLICABLE,6300,S,STEWART AVE,2,NO INDICATION OF INJURY,0.0,0.0,0.0,0.0,0.0,2.0,0.0,14,3,10
851defd00f08f9d73d72952f062b9d9f8516c4d1ea4eb5dc7369768b3f9c9b2a512be0ef2b3ba5796e586019bcc68e8fb8bbc68d5d5388780b38e6617d7d3bbf,2021-01-08 10:30:00,25,STOP SIGN/FLASHER,FUNCTIONING PROPERLY,CLOUDY/OVERCAST,DAYLIGHT,PARKED MOTOR VEHICLE,FOUR WAY,STRAIGHT AND LEVEL,DRY,NO DEFECTS,NO INJURY / DRIVE AWAY,$500 OR LESS,UNABLE TO DETERMINE,UNABLE TO DETERMINE,7007,N,PAULINA ST,2,NO INDICATION OF INJURY,0.0,0.0,0.0,0.0,0.0,2.0,0.0,10,6,1
53d215363b0ce13f0b6c5722fc3a01a8f89895a576abfa384a36b621aa9617b5187f9c8f09825f1313d783bec87e8600a4ee5d954b5832fc15569cc426c4329c,2018-03-02 13:00:00,25,NO CONTROLS,NO CONTROLS,CLEAR,DAYLIGHT,PARKED MOTOR VEHICLE,OTHER,STRAIGHT AND LEVEL,DRY,NO DEFECTS,NO INJURY / DRIVE AWAY,"$501 - $1,500",DRIVING SKILLS/KNOWLEDGE/EXPERIENCE,UNABLE TO DETERMINE,996,S,PLYMOUTH CT,2,NO INDICATION OF INJURY,0.0,0.0,0.0,0.0,0.0,1.0,0.0,13,6,3
dd6fd1ca1188228741c98bdc5009ddc9784e6d75945ccec9ff2e5504abfa687d4d9e83cd61f8584f7cda1ce3c93ac3128468423867d1e7e189154e04105bee80,2015-12-08 08:00:00,30,NO CONTROLS,NO CONTROLS,CLEAR,DAYLIGHT,TURNING,DIVIDED - W/MEDIAN (NOT RAISED),STRAIGHT AND LEVEL,DRY,NO DEFECTS,NO INJURY / DRIVE AWAY,"$501 - $1,500",IMPROPER BACKING,IMPROPER LANE USAGE,9500,S,STONY ISLAND AVE,2,NO INDICATION OF INJURY,0.0,0.0,0.0,0.0,0.0,3.0,0.0,8,3,12
5bcc2c1ade5deb81b5f9e2ab43743d3eed9ae9f5ba1fef168660ea608957a117e634e2d4db383134fab17951ad619363e2051b757ae6f5e11b1d8a24593867e0,2023-02-25 00:00:00,30,TRAFFIC SIGNAL,FUNCTIONING PROPERLY,SNOW,"DARKNESS, LIGHTED ROAD",HEAD ON,NOT DIVIDED,STRAIGHT AND LEVEL,WET,NO DEFECTS,NO INJURY / DRIVE AWAY,"OVER $1,500",IMPROPER LANE USAGE,UNABLE TO DETERMINE,3300,N,CICERO AVE,2,NO INDICATION OF INJURY,0.0,0.0,0.0,0.0,0.0,2.0,0.0,0,7,2
48bac2581eb298d38b1f9e022f6b5ddfcce325772019b19035239716e2a80535fe266577fffc7769b08967777255cc5dcc015e87ba04198e99020d21d7736cfa,2017-03-29 08:30:00,30,NO CONTROLS,NO CONTROLS,CLEAR,DAYLIGHT,REAR END,ONE-WAY,STRAIGHT AND LEVEL,DRY,NO DEFECTS,NO INJURY / DRIVE AWAY,"OVER $1,500",UNABLE TO DETERMINE,UNABLE TO DETERMINE,5100,W,GRAND AVE,2,NO INDICATION OF INJURY,0.0,0.0,0.0,0.0,0.0,2.0,0.0,8,4,3
b5876f5a1754b765be8becb9757cf69ddd96eb162a7536121b014cc25ca50cf66b2cdfd5a73435d6b600655b282cfd318f4be7fcf079ab252f0561056630a0dd,2022-02-04 13:00:00,30,NO CONTROLS,NO CONTROLS,CLEAR,DAYLIGHT,PARKED MOTOR VEHICLE,NOT DIVIDED,STRAIGHT AND LEVEL,SNOW OR SLUSH,NO DEFECTS,NO INJURY / DRIVE AWAY,"$501 - $1,500",UNABLE TO DETERMINE,NOT APPLICABLE,8947,S,COMMERCIAL AVE,2,NO INDICATION OF INJURY,0.0,0.0,0.0,0.0,0.0,1.0,0.0,13,6,2
bdabf196a318115f6aa9e0f7ccd1d0738e8b4aaf6a7533823478da0400fcaff391f1ac2ef842ff4faabb6e0e8167934d80ff29d745b47f5137a7a4ae8a2b7bcd,2017-09-29 00:30:00,30,TRAFFIC SIGNAL,FUNCTIONING PROPERLY,CLEAR,"DARKNESS, LIGHTED ROAD",REAR END,NOT DIVIDED,STRAIGHT AND LEVEL,DRY,NO DEFECTS,NO INJURY / DRIVE AWAY,"$501 - $1,500",FOLLOWING TOO CLOSELY,NOT APPLICABLE,3498,W,55TH ST,2,NO INDICATION OF INJURY,0.0,0.0,0.0,0.0,0.0,3.0,0.0,0,6,9
16f211fed9f310c1d40a8de72f6ec79676454ac0d9e94f5f637adccf5485a372dbad140c721ccd57f29e42adee126f768ff1d8a586c5891c99965b38afe85e69,2022-06-28 16:18:00,30,PEDESTRIAN CROSSING SIGN,FUNCTIONING PROPERLY,CLEAR,DAYLIGHT,PEDESTRIAN,DIVIDED - W/MEDIAN (NOT RAISED),STRAIGHT AND LEVEL,DRY,NO DEFECTS,INJURY AND / OR TOW DUE TO CRASH,$500 OR LESS,UNABLE TO DETERMINE,UNABLE TO DETERMINE,2931,E,100TH ST,2,"REPORTED, NOT EVIDENT",1.0,0.0,0.0,0.0,1.0,1.0,0.0,16,3,6
e71d094919c34507941ef61ae23d91fc6cdfcab3d0398c0f5ce25ffec8b7cbd8698bf16b635d6de0f771a4a799770efd473592b8ecb48673e7189ef78b7e23f7,2024-02-18 20:30:00,30,STOP SIGN/FLASHER,FUNCTIONING PROPERLY,CLEAR,"DARKNESS, LIGHTED ROAD",ANGLE,FOUR WAY,STRAIGHT AND LEVEL,DRY,NO DEFECTS,NO INJURY / DRIVE AWAY,"OVER $1,500",DISREGARDING STOP SIGN,FAILING TO YIELD RIGHT-OF-WAY,2200,W,FULTON ST,2,NO INDICATION OF INJURY,0.0,0.0,0.0,0.0,0.0,6.0,0.0,20,1,2
2c90157bed6adb31458eb9fba82a6ced2848a7a30de86c0178885f580c2a1a5ed8fb21ff72523a99278b93420a48c693096b55c90b839bb3f1f157eff51d452a,2022-09-10 06:44:00,30,NO CONTROLS,NO CONTROLS,CLEAR,DAYLIGHT,SIDESWIPE SAME DIRECTION,NOT DIVIDED,STRAIGHT AND LEVEL,DRY,NO DEFECTS,NO INJURY / DRIVE AWAY,"OVER $1,500",UNABLE TO DETERMINE,UNABLE TO DETERMINE,1633,W,95TH ST,2,NO INDICATION OF INJURY,0.0,0.0,0.0,0.0,0.0,2.0,0.0,6,7,9
5b93d317576a180c9ef99f13fbe743afad03426d1f81d8963cb9267871a27022538b80a925f37283b48d8f1c20b33dcf7abce0b0e6a52e78cad6aa2b7c254e15,2019-07-24 20:02:00,30,TRAFFIC SIGNAL,FUNCTIONING PROPERLY,CLEAR,"DARKNESS, LIGHTED ROAD",REAR END,NOT DIVIDED,STRAIGHT AND LEVEL,DRY,SHOULDER DEFECT,INJURY AND / OR TOW DUE TO CRASH,"OVER $1,500",FAILING TO REDUCE SPEED TO AVOID CRASH,FOLLOWING TOO CLOSELY,6304,W,DEVON AVE,2,NONINCAPACITATING INJURY,4.0,0.0,0.0,4.0,0.0,3.0,0.0,20,4,7
baed793438d112a69ec47b0aaac4180b90d8b1582272f3c75d259e99434aaab32c8bbc7da772ae2eed2248dbed30948f55677f57bb12383abf8a55093b3b79c0,2022-04-01 16:00:00,30,TRAFFIC SIGNAL,FUNCTIONING PROPERLY,CLEAR,DAYLIGHT,REAR END,NOT DIVIDED,STRAIGHT AND LEVEL,DRY,NO DEFECTS,NO INJURY / DRIVE AWAY,"OVER $1,500",UNABLE TO DETERMINE,UNABLE TO DETERMINE,4240,W,AUGUSTA BLVD,3,NO INDICATION OF INJURY,0.0,0.0,0.0,0.0,0.0,3.0,0.0,16,6,4
5ac652e012eac2cd31465de0929c30ed584cd3d2d58e26fec8fc550b41c48475400244fba54a50e89a34bacdd60f85818073c0e1e658c594a19ced6090e8ea9e,2020-11-24 17:00:00,30,NO CONTROLS,NO CONTROLS,UNKNOWN,"DARKNESS, LIGHTED ROAD",REAR END,NOT DIVIDED,STRAIGHT AND LEVEL,WET,NO DEFECTS,NO INJURY / DRIVE AWAY,"OVER $1,500",FOLLOWING TOO CLOSELY,NOT APPLICABLE,6200,W,ADDISON ST,2,NO INDICATION OF INJURY,0.0,0.0,0.0,0.0,0.0,2.0,0.0,17,3,11
15042b7560a0ca50a533ea851ed8c14a83d85fb2b8bc37f3c4ce0985834cd24021821def537a5d8008418919f3c30768b5aef97665a5300794c0deb2fcecd8f8,2016-05-28 12:00:00,35,NO CONTROLS,NO CONTROLS,CLEAR,DAYLIGHT,PEDESTRIAN,NOT DIVIDED,STRAIGHT AND LEVEL,DRY,NO DEFECTS,INJURY AND / OR TOW DUE TO CRASH,"OVER $1,500",PHYSICAL CONDITION OF DRIVER,NOT APPLICABLE,1558,E,67TH ST,2,NONINCAPACITATING INJURY,1.0,0.0,0.0,1.0,0.0,1.0,0.0,12,7,5
db42c6299d87e55c82efb94a3631d8cb71c80b6ec23a0c3c806bdcf3654e8c575097a491b7c36622fd6ee0cd463855d23bb9bed64af8fb466de07125ac12aa49,2023-01-11 15:33:00,30,TRAFFIC SIGNAL,FUNCTIONING PROPERLY,CLEAR,DAYLIGHT,TURNING,NOT DIVIDED,STRAIGHT AND LEVEL,DRY,NO DEFECTS,INJURY AND / OR TOW DUE TO CRASH,"OVER $1,500",FAILING TO YIELD RIGHT-OF-WAY,DISREGARDING TRAFFIC SIGNALS,6700,S,WENTWORTH AVE,2,INCAPACITATING INJURY,2.0,0.0,2.0,0.0,0.0,1.0,0.0,15,4,1
13f8a15776b52af085594f8c9a67fec7ede59379d7a54e271b23a016c65800c4d74cd9fb830daa1504245cc6a12d90576a25ba7b5e5a568d865e92f9c39ec5fe,2022-12-13 17:12:00,35,TRAFFIC SIGNAL,FUNCTIONING PROPERLY,CLEAR,"DARKNESS, LIGHTED ROAD",TURNING,NOT DIVIDED,STRAIGHT AND LEVEL,DRY,UNKNOWN,INJURY AND / OR TOW DUE TO CRASH,"OVER $1,500",FAILING TO YIELD RIGHT-OF-WAY,NOT APPLICABLE,700,W,DIVERSEY PKWY,2,NO INDICATION OF INJURY,0.0,0.0,0.0,0.0,0.0,2.0,0.0,17,3,12
6c631f10e1f8d86158b89586f5174cd06247b1bc18abb2ff353b33e1477ca23ff7b78bef58bf9c8fca7057093c30d9b0bf08cd6e41137f50dc1de8e81a7c9b36,2017-12-31 19:40:00,30,LANE USE MARKING,NO CONTROLS,CLEAR,"DARKNESS, LIGHTED ROAD",TURNING,DIVIDED - W/MEDIAN (NOT RAISED),STRAIGHT AND LEVEL,DRY,NO DEFECTS,NO INJURY / DRIVE AWAY,"OVER $1,500",IMPROPER OVERTAKING/PASSING,IMPROPER OVERTAKING/PASSING,5101,S,ELLSWORTH DR,2,NO INDICATION OF INJURY,0.0,0.0,0.0,0.0,0.0,4.0,0.0,19,1,12
05befc4e9b5eb5130038cfe9e915f9c6b4d403b300b85dc46398a28677ce75d2eb3fb33aed1cfe43e3d2d0f2beef00e835aae0481692847b3b40f0f7b4c32be2,2016-11-30 08:50:00,20,NO CONTROLS,NO CONTROLS,CLEAR,DAYLIGHT,PARKED MOTOR VEHICLE,ONE-WAY,STRAIGHT AND LEVEL,DRY,NO DEFECTS,NO INJURY / DRIVE AWAY,"OVER $1,500",FOLLOWING TOO CLOSELY,NOT APPLICABLE,5641,N,FRANCISCO AVE,2,NO INDICATION OF INJURY,0.0,0.0,0.0,0.0,0.0,1.0,0.0,8,4,11
cece291436c10c118fa13a28b14777f426591d30a7e558532f65ec84453710709349fa981ea793320225bdc6f9ea4991b35330838dd2f80aea91449184bfe04c,2020-08-01 11:50:00,30,NO CONTROLS,NO CONTROLS,CLEAR,DAYLIGHT,SIDESWIPE SAME DIRECTION,NOT DIVIDED,STRAIGHT AND LEVEL,DRY,NO DEFECTS,NO INJURY / DRIVE AWAY,"OVER $1,500",FAILING TO YIELD RIGHT-OF-WAY,NOT APPLICABLE,6435,W,BELMONT AVE,2,NO INDICATION OF INJURY,0.0,0.0,0.0,0.0,0.0,3.0,0.0,11,7,8
3a78f4726274e5ec291ea52d588a030593470bb808ae07e50a85f39456195cbd083607c9e615c3767361d43a8de8ae3b85d5e3e84c1bddee352b240b3df57b2f,2020-09-15 12:17:00,30,NO CONTROLS,NO CONTROLS,CLEAR,DAYLIGHT,REAR END,DIVIDED - W/MEDIAN (NOT RAISED),STRAIGHT AND LEVEL,DRY,NO DEFECTS,NO INJURY / DRIVE AWAY,"OVER $1,500",UNABLE TO DETERMINE,NOT APPLICABLE,5429,W,BELMONT AVE,2,NO INDICATION OF INJURY,0.0,0.0,0.0,0.0,0.0,3.0,0.0,12,3,9
d8ee2e9592420ff77f6ee37b102875022612bccbc7dcf4fd2e9d68c5fa16c8287c54a6674939025ca32de23263d80270c85faebe17e888021b6919ffd0206cdc,2021-03-28 14:30:00,30,TRAFFIC SIGNAL,FUNCTIONING PROPERLY,CLEAR,DAYLIGHT,TURNING,DIVIDED - W/MEDIAN (NOT RAISED),STRAIGHT AND LEVEL,DRY,NO DEFECTS,INJURY AND / OR TOW DUE TO CRASH,"OVER $1,500",EQUIPMENT - VEHICLE CONDITION,NOT APPLICABLE,3358,W,MADISON ST,2,NO INDICATION OF INJURY,0.0,0.0,0.0,0.0,0.0,3.0,0.0,14,1,3
d33e07d0d59f29098a3cf62afa73c21963a45c44b000def2b87870ac02c4253b82bcbafb0b39eee9c867d4f2c575b57ae889472626cf84e0fbde1b26eed4d2d8,2023-06-06 16:15:00,30,STOP SIGN/FLASHER,FUNCTIONING PROPERLY,CLEAR,DAYLIGHT,PARKED MOTOR VEHICLE,ONE-WAY,STRAIGHT AND LEVEL,DRY,NO DEFECTS,NO INJURY / DRIVE AWAY,"OVER $1,500","OPERATING VEHICLE IN ERRATIC, RECKLESS, CARELESS, NEGLIGENT OR AGGRESSIVE MANNER","OPERATING VEHICLE IN ERRATIC, RECKLESS, CARELESS, NEGLIGENT OR AGGRESSIVE MANNER",5904,S,CALUMET AVE,2,NO INDICATION OF INJURY,0.0,0.0,0.0,0.0,0.0,1.0,0.0,16,3,6
2cf88a70cfd0801ce7379e947118628c5722982ba4fba96ad9232b7f8f77a0b68752b63a9e594f75deed151a33e0b0bb2bf295710bbe82ed5253b41736218fd5,2017-11-20 08:00:00,30,TRAFFIC SIGNAL,NOT FUNCTIONING,CLEAR,DAYLIGHT,ANGLE,DIVIDED - W/MEDIAN (NOT RAISED),STRAIGHT AND LEVEL,DRY,NO DEFECTS,INJURY AND / OR TOW DUE TO CRASH,"OVER $1,500",DISREGARDING TRAFFIC SIGNALS,DISREGARDING TRAFFIC SIGNALS,6300,S,DR MARTIN LUTHER KING JR DR,2,NO INDICATION OF INJURY,0.0,0.0,0.0,0.0,0.0,2.0,0.0,8,2,11
79b33ce948c7ad843cfed5196ecb3595a84ca6846cb525a25edc4dddfe532ef3c61b531c05d728b3dc0d62ecc0e860622b3990b509a8cce6eebec68ab0ad50d9,2018-02-21 16:32:00,30,TRAFFIC SIGNAL,FUNCTIONING PROPERLY,CLEAR,DAYLIGHT,REAR END,ONE-WAY,STRAIGHT AND LEVEL,DRY,NO DEFECTS,NO INJURY / DRIVE AWAY,$500 OR LESS,FOLLOWING TOO CLOSELY,NOT APPLICABLE,1558,S,HAMLIN AVE,2,NO INDICATION OF INJURY,0.0,0.0,0.0,0.0,0.0,2.0,0.0,16,4,2
2cd902d2951702b92006ef03fadd3973c9bae2f3f6c2cf2803fe3352db9ae72c1132a9f0aed9eb697f8b6f4f05fc3a4b62c7f003043262d73077a267eea0df73,2023-01-14 11:30:00,25,NO CONTROLS,NO CONTROLS,CLEAR,DAYLIGHT,SIDESWIPE SAME DIRECTION,ONE-WAY,STRAIGHT AND LEVEL,DRY,NO DEFECTS,NO INJURY / DRIVE AWAY,"OVER $1,500",UNABLE TO DETERMINE,UNABLE TO DETERMINE,3058,N,OLEANDER AVE,2,NO INDICATION OF INJURY,0.0,0.0,0.0,0.0,0.0,2.0,0.0,11,7,1
c940f7fb74992bd47fc5ca4f8833e7e1c0c3cd9285c0e8e3323100e776231d19d0e02256e719edf9070050ef86590ca2e40135fc11c2d4b3b6b3b4ad8d113eed,2023-05-11 13:54:00,30,NO CONTROLS,NO CONTROLS,CLEAR,DAYLIGHT,PARKED MOTOR VEHICLE,CENTER TURN LANE,STRAIGHT AND LEVEL,DRY,NO DEFECTS,NO INJURY / DRIVE AWAY,"OVER $1,500",UNABLE TO DETERMINE,UNABLE TO DETERMINE,5710,S,WESTERN AVE,2,NO INDICATION OF INJURY,0.0,0.0,0.0,0.0,0.0,1.0,0.0,13,5,5
c6dd0cfd6c539830cdb2a4b71e16cb794932c1313125cab0aef201b4173ad904e6467c2f1ed2ebe382c6a41a00a4840153837f91cba959fb1fee0c2578353a1e,2018-05-24 16:30:00,30,TRAFFIC SIGNAL,FUNCTIONING PROPERLY,CLEAR,DAYLIGHT,ANGLE,NOT DIVIDED,STRAIGHT AND LEVEL,DRY,NO DEFECTS,NO INJURY / DRIVE AWAY,$500 OR LESS,UNABLE TO DETERMINE,UNABLE TO DETERMINE,2001,W,63RD ST,2,NO INDICATION OF INJURY,0.0,0.0,0.0,0.0,0.0,2.0,0.0,16,5,5
e219970b8485bd94814b412269963c8364a8aa5af9908e79101c796dbec32f5bc4ee2fb2f879893eba9631f10c072df6dca76afb1067b3c3c8b9dc75a338ab63,2017-06-16 13:45:00,35,TRAFFIC SIGNAL,FUNCTIONING PROPERLY,CLEAR,DAYLIGHT,TURNING,DIVIDED - W/MEDIAN (NOT RAISED),STRAIGHT AND LEVEL,DRY,NO DEFECTS,INJURY AND / OR TOW DUE TO CRASH,"OVER $1,500",UNABLE TO DETERMINE,UNABLE TO DETERMINE,822,N,SACRAMENTO BLVD,2,NO INDICATION OF INJURY,0.0,0.0,0.0,0.0,0.0,2.0,0.0,13,6,6
bea28b079cbe780cd65f706813ca3958960d121bb3cb6bd9ba1a8748fed3d4650e9a4a4c97f887f10102f61c4feeb7abadd0cf78e0732155235e79fcabd0bf67,2016-07-28 22:00:00,35,NO CONTROLS,NO CONTROLS,CLEAR,DARKNESS,PARKED MOTOR VEHICLE,PARKING LOT,STRAIGHT AND LEVEL,DRY,NO DEFECTS,NO INJURY / DRIVE AWAY,"OVER $1,500",NOT APPLICABLE,NOT APPLICABLE,1255,S,MICHIGAN AVE,2,NO INDICATION OF INJURY,0.0,0.0,0.0,0.0,0.0,1.0,0.0,22,5,7
35a5ccb01bd13408464fc9246d54a7036851cec25605cfbdeb683f0c481c36e7427d791755176a4b1d62611b2c9b27df135a914ddf71fd9543d896aac7fcd1e2,2019-03-05 14:00:00,20,NO CONTROLS,NO CONTROLS,CLEAR,DAYLIGHT,PARKED MOTOR VEHICLE,NOT DIVIDED,STRAIGHT AND LEVEL,DRY,NO DEFECTS,INJURY AND / OR TOW DUE TO CRASH,"OVER $1,500",UNABLE TO DETERMINE,NOT APPLICABLE,6133,S,OAK PARK AVE,2,NO INDICATION OF INJURY,0.0,0.0,0.0,0.0,0.0,1.0,0.0,14,3,3
31ca2cc9d4a3d1fc7b976ccbbee57e923e47a67e435de9734df690d67ce3ed34f72dfcece7d36ca45fc9a615bef86ddf37f0e11af65937d19bd2a24ca6bebe17,2021-11-22 11:40:00,30,NO CONTROLS,NO CONTROLS,CLEAR,DAYLIGHT,PARKED MOTOR VEHICLE,NOT DIVIDED,STRAIGHT AND LEVEL,DRY,NO DEFECTS,NO INJURY / DRIVE AWAY,"$501 - $1,500",UNABLE TO DETERMINE,NOT APPLICABLE,2625,W,DEVON AVE,2,NO INDICATION OF INJURY,0.0,0.0,0.0,0.0,0.0,1.0,0.0,11,2,11
f595c620c146bda819b8a4583fca4f46088490cfe37482425ea0ef05c96ef0ddbe15aa1db5efdd78af8b08058355ea5e31fbcc3ca471bdc2e49e4c0a6896c470,2019-06-24 16:50:00,30,NO CONTROLS,NO CONTROLS,CLEAR,DAYLIGHT,PARKED MOTOR VEHICLE,NOT DIVIDED,STRAIGHT AND LEVEL,DRY,NO DEFECTS,NO INJURY / DRIVE AWAY,$500 OR LESS,IMPROPER BACKING,NOT APPLICABLE,98,N,ABERDEEN ST,2,NO INDICATION OF INJURY,0.0,0.0,0.0,0.0,0.0,1.0,0.0,16,2,6
41d6798310fea0784bbc2449a45e32fe2474cbf3f289f5a764cd4332fa29f8a453d934749b5083045431a5772406e55372d195778b93075a15e5309379abe531,2022-07-22 17:30:00,30,NO CONTROLS,NO CONTROLS,CLEAR,DAYLIGHT,PARKED MOTOR VEHICLE,NOT DIVIDED,STRAIGHT AND LEVEL,UNKNOWN,UNKNOWN,NO INJURY / DRIVE AWAY,"$501 - $1,500",UNABLE TO DETERMINE,NOT APPLICABLE,2927,W,TOUHY AVE,2,NO INDICATION OF INJURY,0.0,0.0,0.0,0.0,0.0,1.0,0.0,17,6,7
87682bf784c4ba76ee09fed71c0f8e3ee47318b0cc9884e96fd7dd6a897ed928de3f88babe22a4fb614c47094973f3b9d8fce41e2e5ff6933b299abb8032346b,2019-02-12 00:53:00,30,TRAFFIC SIGNAL,FUNCTIONING PROPERLY,RAIN,DARKNESS,OTHER OBJECT,DIVIDED - W/MEDIAN (NOT RAISED),STRAIGHT AND LEVEL,ICE,NO DEFECTS,INJURY AND / OR TOW DUE TO CRASH,$500 OR LESS,WEATHER,WEATHER,1159,S,INDEPENDENCE BLVD,1,NO INDICATION OF INJURY,0.0,0.0,0.0,0.0,0.0,1.0,0.0,0,3,2
bcd7f1f509543950f91e90a5c578361cbcf7fc33d74a7fc1cf617973c345c91124e371d5d0b84e4b18e603e07bb6ae00a226645c9b8edbcea0d3ffe0a317e917,2020-07-25 20:30:00,35,UNKNOWN,UNKNOWN,OTHER,"DARKNESS, LIGHTED ROAD",PEDALCYCLIST,DIVIDED - W/MEDIAN (NOT RAISED),STRAIGHT AND LEVEL,DRY,NO DEFECTS,INJURY AND / OR TOW DUE TO CRASH,$500 OR LESS,FAILING TO YIELD RIGHT-OF-WAY,UNABLE TO DETERMINE,2799,N,CICERO AVE,2,NONINCAPACITATING INJURY,1.0,0.0,0.0,1.0,0.0,1.0,0.0,20,7,7
bb0b6d68a514acdaa46431e35d8433f034d1feef9cd0c2b81f2d0356862555cadd8a256167f99d7c98fde67e38afddaa645fe00ea2aa6599d70c6f0d9ffcddd9,2021-04-13 08:00:00,30,NO CONTROLS,NO CONTROLS,UNKNOWN,DAYLIGHT,PARKED MOTOR VEHICLE,ONE-WAY,STRAIGHT AND LEVEL,UNKNOWN,UNKNOWN,NO INJURY / DRIVE AWAY,"OVER $1,500",UNABLE TO DETERMINE,IMPROPER LANE USAGE,5418,W,CONGRESS PKWY,2,NO INDICATION OF INJURY,0.0,0.0,0.0,0.0,0.0,1.0,0.0,8,3,4