CRASH_RECORD_ID,CRASH_DATE,POSTED_SPEED_LIMIT,TRAFFIC_CONTROL_DEVICE,DEVICE_CONDITION,WEATHER_CONDITION,LIGHTING_CONDITION,FIRST_CRASH_TYPE,TRAFFICWAY_TYPE,ALIGNMENT,ROADWAY_SURFACE_COND,ROAD_DEFECT,CRASH_TYPE,DAMAGE,PRIM_CONTRIBUTORY_CAUSE,SEC_CONTRIBUTORY_CAUSE,STREET_NO,STREET_DIRECTION,STREET_NAME,NUM_UNITS,MOST_SEVERE_INJURY,INJURIES_TOTAL,INJURIES_FATAL,INJURIES_INCAPACITATING,INJURIES_NON_INCAPACITATING,INJURIES_REPORTED_NOT_EVIDENT,INJURIES_NO_INDICATION,INJURIES_UNKNOWN,CRASH_HOUR,CRASH_DAY_OF_WEEK,CRASH_MONTH
9ed0c6589e13d8343504dca6baa32323b5550c681f74f9a3a20bb40347d787e47e6ba23c050358fab2f4013ed5193657b242730176ef02a7678eac40cc3be1e8,2022-02-11 15:40:00,30,TRAFFIC SIGNAL,FUNCTIONING PROPERLY,CLEAR,DAYLIGHT,TURNING,NOT DIVIDED,STRAIGHT AND LEVEL,DRY,NO DEFECTS,NO INJURY / DRIVE AWAY,"OVER $1,500",IMPROPER TURNING/NO SIGNAL,NOT APPLICABLE,1603,W,47TH ST,2,NO INDICATION OF INJURY,0.0,0.0,0.0,0.0,0.0,3.0,0.0,15,6,2
1e5129e92a1affc19c451b64613fc528ef0025347ccca0c8b08fd42996f1601c777471ab9cb10db25ccfdb48cd21154a3a215b7f995e955c872b02830ac68953,2019-12-30 14:50:00,25,NO CONTROLS,NO CONTROLS,CLEAR,DAYLIGHT,PARKED MOTOR VEHICLE,DIVIDED - W/MEDIAN BARRIER,STRAIGHT AND LEVEL,DRY,NO DEFECTS,NO INJURY / DRIVE AWAY,$500 OR LESS,UNABLE TO DETERMINE,NOT APPLICABLE,11325,S,HALSTED ST,2,NO INDICATION OF INJURY,0.0,0.0,0.0,0.0,0.0,3.0,0.0,14,2,12
3a246f8f8535063cf1e8cd8337cd3053d2fef5831075ff7c3a694ee3729d0a8ae3fc9f47302ef1124d6ed15c1b3f3e909b80bf62ba55668fef5719bf35d96a40,2019-09-16 09:15:00,30,TRAFFIC SIGNAL,FUNCTIONING PROPERLY,CLEAR,DAYLIGHT,REAR END,DIVIDED - W/MEDIAN (NOT RAISED),STRAIGHT AND LEVEL,DRY,NO DEFECTS,NO INJURY / DRIVE AWAY,$500 OR LESS,FOLLOWING TOO CLOSELY,UNABLE TO DETERMINE,470,N,HALSTED ST,2,NO INDICATION OF INJURY,0.0,0.0,0.0,0.0,0.0,2.0,0.0,9,2,9
ce7f6c1a47a325043027034c820e9acad317e4c6b7a0fd892427da20951adf2aefda4ccc3d1f0b91f3f46c4841c2ee8e0818f8bdafd077c4e7d07d9ee7e0967f,2022-02-26 09:25:00,25,NO CONTROLS,NO CONTROLS,CLEAR,DAYLIGHT,PARKED MOTOR VEHICLE,ONE-WAY,STRAIGHT AND LEVEL,DRY,NO DEFECTS,NO INJURY / DRIVE AWAY,"$501 - $1,500",UNABLE TO DETERMINE,UNABLE TO DETERMINE,5822,S,NATCHEZ AVE,2,NO INDICATION OF INJURY,0.0,0.0,0.0,0.0,0.0,1.0,0.0,9,7,2
3ab1dbad2975d3ea926628e438e635cceae7ee57d2b2dfba2ffe78b2f1dd2ede9c84996c69725c27dcbbcd3eaf2825bda4e85448f06c71a13c38131a3ee958c9,2019-10-08 11:10:00,30,TRAFFIC SIGNAL,FUNCTIONING PROPERLY,CLEAR,DAYLIGHT,REAR END,DIVIDED - W/MEDIAN (NOT RAISED),STRAIGHT AND LEVEL,DRY,NO DEFECTS,NO INJURY / DRIVE AWAY,"OVER $1,500",UNABLE TO DETERMINE,NOT APPLICABLE,958,E,83RD ST,3,NO INDICATION OF INJURY,0.0,0.0,0.0,0.0,0.0,3.0,0.0,11,3,10
016fe57e1c15adafd5ed2aa2f859363c8f691f7f540a79e4efce02c62b5067742907574228d8c14132d243a3923a7dfa069f8f46a047d67679db1c44eb5aac18,2022-06-02 14:55:00,30,TRAFFIC SIGNAL,FUNCTIONING PROPERLY,CLEAR,DAYLIGHT,PEDALCYCLIST,NOT DIVIDED,STRAIGHT AND LEVEL,DRY,NO DEFECTS,INJURY AND / OR TOW DUE TO CRASH,$500 OR LESS,DRIVING ON WRONG SIDE/WRONG WAY,DISREGARDING TRAFFIC SIGNALS,4459,W,MADISON ST,2,NONINCAPACITATING INJURY,1.0,0.0,0.0,1.0,0.0,1.0,0.0,14,5,6
902e282cfb1028bf9fd46ba1cadb8852b18dc04f9b3f5811f23bc43885fcd9b25fc497727d135c601cf9482109ac6616439d267611d7b3edfbd0c5305dd6a566,2018-03-31 17:30:00,30,NO CONTROLS,NO CONTROLS,CLEAR,DAYLIGHT,PARKED MOTOR VEHICLE,ONE-WAY,STRAIGHT AND LEVEL,DRY,NO DEFECTS,NO INJURY / DRIVE AWAY,"$501 - $1,500",UNABLE TO DETERMINE,NOT APPLICABLE,7500,N,EASTLAKE TER,2,NO INDICATION OF INJURY,0.0,0.0,0.0,0.0,0.0,1.0,0.0,17,7,3
4b6babf0d2701b194528364a00500e377c7e7a4c1879790ff4b3fb940e53ed0ac6a1924d99c6f3473ff38da884cd6374244602dfc8f9f05f2856798c809af08d,2022-04-28 11:00:00,30,NO CONTROLS,FUNCTIONING PROPERLY,CLEAR,DAYLIGHT,TURNING,NOT DIVIDED,STRAIGHT AND LEVEL,DRY,NO DEFECTS,NO INJURY / DRIVE AWAY,"$501 - $1,500",UNABLE TO DETERMINE,UNABLE TO DETERMINE,1960,N,CLYBOURN AVE,3,NO INDICATION OF INJURY,0.0,0.0,0.0,0.0,0.0,3.0,0.0,11,5,4
cb13127a46da42c0b1397609d120ecbfca13680bc27de2d6859bba083331e99744afca66bb92b19c55562178acbb9fdc79ddeb929166002719a3c0e6eb2415a2,2019-02-11 19:20:00,30,NO CONTROLS,NO CONTROLS,SNOW,"DARKNESS, LIGHTED ROAD",SIDESWIPE OPPOSITE DIRECTION,NOT DIVIDED,STRAIGHT AND LEVEL,WET,UNKNOWN,NO INJURY / DRIVE AWAY,"OVER $1,500",UNABLE TO DETERMINE,NOT APPLICABLE,3228,S,CANAL ST,2,NO INDICATION OF INJURY,0.0,0.0,0.0,0.0,0.0,3.0,0.0,19,2,2
96b876781cbfcc0cd9e9869528351cf745122f1589d8d0f9c8f1882d5a271eacda1c465eea4de3fc7db527947e2140cd0d7ddaca3749b29e47928e92bf2278cb,2022-12-06 04:55:00,35,NO CONTROLS,NO CONTROLS,CLEAR,"DARKNESS, LIGHTED ROAD",TURNING,NOT DIVIDED,STRAIGHT AND LEVEL,DRY,NO DEFECTS,INJURY AND / OR TOW DUE TO CRASH,"OVER $1,500",NOT APPLICABLE,NOT APPLICABLE,4200,W,47TH ST,2,"REPORTED, NOT EVIDENT",2.0,0.0,0.0,0.0,2.0,0.0,0.0,4,3,12
4a61f0e6209baca7515630a7e795eecb9b09909ed6059f95c54ff6305817aa872d264e2e80af6caf242e025d6eb17e7f9782f2cdc36f4b483164e6eae15e6386,2020-03-14 15:45:00,30,NO CONTROLS,NO CONTROLS,CLEAR,DAYLIGHT,SIDESWIPE SAME DIRECTION,NOT DIVIDED,STRAIGHT AND LEVEL,DRY,NO DEFECTS,NO INJURY / DRIVE AWAY,"OVER $1,500",IMPROPER LANE USAGE,IMPROPER LANE USAGE,4401,W,63RD ST,2,NO INDICATION OF INJURY,0.0,0.0,0.0,0.0,0.0,2.0,0.0,15,7,3
4af236357d9240130647c42249cdffd6c4b7e411fa9106d4299b24562b22a138fcc5056677082ff33c959233f70d551192382b8a7d683e42d7ea9056fac24244,2017-04-20 12:30:00,30,TRAFFIC SIGNAL,FUNCTIONING PROPERLY,CLEAR,DAYLIGHT,SIDESWIPE SAME DIRECTION,NOT DIVIDED,STRAIGHT AND LEVEL,DRY,NO DEFECTS,NO INJURY / DRIVE AWAY,"$501 - $1,500",IMPROPER LANE USAGE,NOT APPLICABLE,6350,W,NORTH AVE,2,NO INDICATION OF INJURY,0.0,0.0,0.0,0.0,0.0,2.0,0.0,12,5,4
e86995f91b12b1eadef73b2005b423de8b933174dadcee29b8a1145edf8a9d24ee81e815c24bc0575c1e80d11228f087d98d7b55ff075e91e034875cbcf0acf0,2018-11-07 11:50:00,30,NO CONTROLS,NO CONTROLS,CLEAR,UNKNOWN,PARKED MOTOR VEHICLE,OTHER,STRAIGHT AND LEVEL,UNKNOWN,NO DEFECTS,NO INJURY / DRIVE AWAY,"OVER $1,500",NOT APPLICABLE,NOT APPLICABLE,3120,N,LONG AVE,2,NO INDICATION OF INJURY,0.0,0.0,0.0,0.0,0.0,1.0,0.0,11,4,11
ffadf4a772fc31e179ede11f7cebaa1f4ac73e996b0bdcff543d0dd130278f354139d61a77f7d99875144591290a8c6cb69d05b93f75688a648e0bd84a6fe5f2,2019-03-27 09:18:00,30,NO CONTROLS,NO CONTROLS,CLEAR,DAYLIGHT,FIXED OBJECT,DIVIDED - W/MEDIAN BARRIER,STRAIGHT AND LEVEL,DRY,NO DEFECTS,INJURY AND / OR TOW DUE TO CRASH,"OVER $1,500",PHYSICAL CONDITION OF DRIVER,FAILING TO REDUCE SPEED TO AVOID CRASH,343,N,OGDEN AVE,1,INCAPACITATING INJURY,1.0,0.0,1.0,0.0,0.0,0.0,0.0,9,4,3
cc9bad963cc84fa099deb528cdc5caaffb642a905297d29adbb6d6708799cfdc84e5a2d458e582c8ac201ff67718dcd19bf6b8c49961f0fd649178294ad7e736,2019-07-09 23:21:00,30,NO CONTROLS,NO CONTROLS,CLEAR,DARKNESS,PARKED MOTOR VEHICLE,DIVIDED - W/MEDIAN (NOT RAISED),STRAIGHT AND LEVEL,DRY,NO DEFECTS,INJURY AND / OR TOW DUE TO CRASH,"OVER $1,500",UNABLE TO DETERMINE,UNABLE TO DETERMINE,6946,W,BELMONT AVE,2,NO INDICATION OF INJURY,0.0,0.0,0.0,0.0,0.0,1.0,0.0,23,3,7
4e0e6f1ebe6a4c367cc943a0f4c40a9b2a42c6286195b371fea89ca01b081c0c4fb6f3a4d19a7aca8ce42d88129f95335fdaaaf169045115dd2f4c41ca18f589,2016-11-07 11:25:00,1,NO CONTROLS,NO CONTROLS,CLEAR,DAYLIGHT,SIDESWIPE SAME DIRECTION,DIVIDED - W/MEDIAN (NOT RAISED),STRAIGHT AND LEVEL,UNKNOWN,UNKNOWN,NO INJURY / DRIVE AWAY,"$501 - $1,500",UNABLE TO DETERMINE,NOT APPLICABLE,1065,W,SHERIDAN RD,2,NO INDICATION OF INJURY,0.0,0.0,0.0,0.0,0.0,2.0,0.0,11,2,11
99d8ce277fd9bc52b038f030e3fb93d3c48b48cea3e2bcc35d50bde6bd096f2eaf222d60580520242ffc547a13208f640386d105d2ac51f4e33267cda6740796,2023-01-28 13:30:00,20,NO CONTROLS,NO CONTROLS,SNOW,DAYLIGHT,PARKED MOTOR VEHICLE,NOT DIVIDED,STRAIGHT AND LEVEL,WET,UNKNOWN,NO INJURY / DRIVE AWAY,"OVER $1,500",UNABLE TO DETERMINE,NOT APPLICABLE,5153,W,LE MOYNE ST,2,NO INDICATION OF INJURY,0.0,0.0,0.0,0.0,0.0,2.0,0.0,13,7,1
3d751a598fb86760c3b7c43190cfbaa5ab4e8c0c065b99b50b554940b13d40f43273792155a01f8b6ae21a5b90ea0aaa8718a435aba829ef2a9cf6cb95bb616b,2022-09-17 12:50:00,35,TRAFFIC SIGNAL,FUNCTIONING PROPERLY,CLEAR,DAYLIGHT,REAR END,NOT DIVIDED,STRAIGHT AND LEVEL,DRY,NO DEFECTS,NO INJURY / DRIVE AWAY,$500 OR LESS,FOLLOWING TOO CLOSELY,UNABLE TO DETERMINE,1800,S,MICHIGAN AVE,2,NO INDICATION OF INJURY,0.0,0.0,0.0,0.0,0.0,2.0,0.0,12,7,9
95d20c2909f80e71d4b5528b306c503f115ecda50ad39b12068ad20068bdc89fe4b237784368dde91366a841da29eba39a1e0606f3386f3382b4821554b6e694,2017-10-14 01:14:00,30,RAILROAD CROSSING GATE,FUNCTIONING IMPROPERLY,CLEAR,"DARKNESS, LIGHTED ROAD",FIXED OBJECT,DIVIDED - W/MEDIAN (NOT RAISED),STRAIGHT AND LEVEL,DRY,NO DEFECTS,INJURY AND / OR TOW DUE TO CRASH,"OVER $1,500",UNABLE TO DETERMINE,UNABLE TO DETERMINE,8698,S,PULASKI RD,1,NONINCAPACITATING INJURY,1.0,0.0,0.0,1.0,0.0,0.0,0.0,1,7,10
6b98f72f2ac1be9ad179e96f34e74dc9ae5279c353b0334b3169179be4aeeb8209ce90b693a6f300eab54aafd6bda2ec987e6736adeb56c6728779682a7ec24d,2023-09-20 09:00:00,30,STOP SIGN/FLASHER,UNKNOWN,CLEAR,DAYLIGHT,ANGLE,FOUR WAY,STRAIGHT AND LEVEL,DRY,UNKNOWN,NO INJURY / DRIVE AWAY,"OVER $1,500",DISREGARDING STOP SIGN,NOT APPLICABLE,6000,S,MORGAN ST,2,NO INDICATION OF INJURY,0.0,0.0,0.0,0.0,0.0,2.0,0.0,9,4,9
520b59aaf7cde53b12df03c9901ef1e83289adbea8037561b329104c3545e20bf312ce874e501de0364f64238cef72d99aff0fe24c944f3044d0ce1e75a5b19e,2020-03-03 15:05:00,35,TRAFFIC SIGNAL,FUNCTIONING PROPERLY,CLEAR,DAYLIGHT,TURNING,NOT DIVIDED,STRAIGHT AND LEVEL,DRY,UNKNOWN,NO INJURY / DRIVE AWAY,"$501 - $1,500",FAILING TO YIELD RIGHT-OF-WAY,FAILING TO YIELD RIGHT-OF-WAY,1500,S,CALIFORNIA BLVD,2,NO INDICATION OF INJURY,0.0,0.0,0.0,0.0,0.0,2.0,0.0,15,3,3
4d6a62b85f27a7df839280b60f92e6a59a553b13882f29cbd9bfa97dff6cfba81caa95376f96a08269961221c30917d28414ffc89721e879621f6ef02cb543e6,2022-06-28 09:04:00,20,NO CONTROLS,NO CONTROLS,CLEAR,DAYLIGHT,PARKED MOTOR VEHICLE,NOT DIVIDED,STRAIGHT AND LEVEL,DRY,UNKNOWN,NO INJURY / DRIVE AWAY,"OVER $1,500","OPERATING VEHICLE IN ERRATIC, RECKLESS, CARELESS, NEGLIGENT OR AGGRESSIVE MANNER",NOT APPLICABLE,1532,N,CLARK ST,2,NO INDICATION OF INJURY,0.0,0.0,0.0,0.0,0.0,1.0,0.0,9,3,6
d9247a4a2a143c479a700dcc5d771acf129a033dc25f68cd84d968f5ff67129e6bc27e57da705ee86d71b8be37bce3ee9485960e263840052046f378a8ca457b,2022-04-06 08:44:00,30,STOP SIGN/FLASHER,FUNCTIONING PROPERLY,CLEAR,DAYLIGHT,ANGLE,NOT DIVIDED,STRAIGHT AND LEVEL,WET,NO DEFECTS,INJURY AND / OR TOW DUE TO CRASH,"OVER $1,500",DRIVING SKILLS/KNOWLEDGE/EXPERIENCE,DRIVING SKILLS/KNOWLEDGE/EXPERIENCE,1199,W,70TH ST,2,NONINCAPACITATING INJURY,3.0,0.0,0.0,3.0,0.0,0.0,0.0,8,4,4
c93a3ea440d9db678262a1c47b582aaf5739bbf234e2e0f104d1a50ebf1d43d4989dd5559cb1f86c17363b7c2bbcdea23375367b890682ecd3c82989443a7f48,2024-01-17 14:35:00,30,TRAFFIC SIGNAL,FUNCTIONING PROPERLY,CLEAR,DAYLIGHT,ANGLE,FOUR WAY,STRAIGHT AND LEVEL,DRY,NO DEFECTS,NO INJURY / DRIVE AWAY,"OVER $1,500",NOT APPLICABLE,NOT APPLICABLE,6701,S,KILBOURN AVE,2,NO INDICATION OF INJURY,0.0,0.0,0.0,0.0,0.0,2.0,0.0,14,4,1
4d860db9a7290d856f1d173b743f671c3129bfcbc7317ba9a3b5738ac41f05033755a8da67f3c131bcfd58c30f3bb2228c799b0a824cd7a937fb4cfc3af9811c,2021-03-31 16:17:00,30,NO CONTROLS,NO CONTROLS,CLEAR,DAYLIGHT,REAR END,DIVIDED - W/MEDIAN BARRIER,STRAIGHT AND LEVEL,DRY,NO DEFECTS,NO INJURY / DRIVE AWAY,"$501 - $1,500",FOLLOWING TOO CLOSELY,IMPROPER LANE USAGE,9020,S,STONY ISLAND AVE,2,NO INDICATION OF INJURY,0.0,0.0,0.0,0.0,0.0,2.0,0.0,16,4,3
a18a8da239339a4a427a7608a084ae2bbb12138472ffa85da795e69569e977d7afe2e6a9ffda2dae20289f76c6c449994c4f87df7b3fbc230b658c99e21d32e6,2018-11-19 09:30:00,15,NO CONTROLS,NO CONTROLS,CLEAR,DAYLIGHT,REAR END,PARKING LOT,STRAIGHT AND LEVEL,DRY,NO DEFECTS,NO INJURY / DRIVE AWAY,"OVER $1,500",DISTRACTION - FROM OUTSIDE VEHICLE,NOT APPLICABLE,2566,N,ELSTON AVE,2,NO INDICATION OF INJURY,0.0,0.0,0.0,0.0,0.0,2.0,0.0,9,2,11
4a1128829b88fec6efe2538eaf161f8c85a0e3f42b34ced38d27ab1feaf8612e11b0f8039a6bf4dd4747263b26974971a93d07d0f94f9edb4f1fec2a588f7ef2,2024-03-19 07:21:00,25,OTHER,FUNCTIONING PROPERLY,CLEAR,DAYLIGHT,PARKED MOTOR VEHICLE,OTHER,STRAIGHT AND LEVEL,DRY,UNKNOWN,NO INJURY / DRIVE AWAY,"OVER $1,500",UNABLE TO DETERMINE,UNABLE TO DETERMINE,1909,S,CHRISTIANA AVE,2,NO INDICATION OF INJURY,0.0,0.0,0.0,0.0,0.0,1.0,0.0,7,3,3
d0148ff3a3e81903025e33e2fb3d58aec477cc8ee4ea2f031a546702b7659f949a03f49302199bb0e917d1855fec3bb3048db7e70173440023877ae64b33e510,2020-07-26 15:00:00,25,NO CONTROLS,NO CONTROLS,CLEAR,DAYLIGHT,SIDESWIPE SAME DIRECTION,NOT DIVIDED,STRAIGHT AND LEVEL,DRY,NO DEFECTS,NO INJURY / DRIVE AWAY,"OVER $1,500",UNABLE TO DETERMINE,UNABLE TO DETERMINE,855,W,119TH ST,2,NO INDICATION OF INJURY,0.0,0.0,0.0,0.0,0.0,3.0,0.0,15,1,7
00be1ed4070e88be42fd908be7bb870891b7c6a1f19c0f72f698e25581be04e3a17301f7ef64f71a31145cba33c8c076d980ad302fc9c26b079a3ead3ea71ab3,2022-02-16 17:14:00,30,OTHER,OTHER,RAIN,"DARKNESS, LIGHTED ROAD",TURNING,DIVIDED - W/MEDIAN (NOT RAISED),STRAIGHT AND LEVEL,WET,NO DEFECTS,INJURY AND / OR TOW DUE TO CRASH,"OVER $1,500",FAILING TO YIELD RIGHT-OF-WAY,NOT APPLICABLE,6431,S,PULASKI RD,3,NONINCAPACITATING INJURY,1.0,0.0,0.0,1.0,0.0,7.0,0.0,17,4,2
015e3c84a834bec9e4dde701f42ed5b59f2f08debc5d8d28d626cdf24cbc8e0076d4c1f87d6c353c45ffe903da92cc4958db2c07e8b5e729067f97bd6be3217c,2022-03-10 13:10:00,30,STOP SIGN/FLASHER,NO CONTROLS,CLEAR,DAYLIGHT,REAR END,NOT DIVIDED,STRAIGHT AND LEVEL,DRY,NO DEFECTS,NO INJURY / DRIVE AWAY,"OVER $1,500",FOLLOWING TOO CLOSELY,FOLLOWING TOO CLOSELY,4401,S,CALIFORNIA AVE,2,NO INDICATION OF INJURY,0.0,0.0,0.0,0.0,0.0,2.0,0.0,13,5,3
1ab055f21e32cee902f7c95e7939dfad8b5995d81e9b1b72816f35e789706d30c0d793dbc1710335d797ce0ca18dbbefef6096016ae9a85eecc8906fc260f3b4,2024-04-08 15:54:00,30,NO CONTROLS,NO CONTROLS,CLEAR,DAYLIGHT,TURNING,DIVIDED - W/MEDIAN (NOT RAISED),STRAIGHT AND LEVEL,DRY,NO DEFECTS,NO INJURY / DRIVE AWAY,"OVER $1,500",FAILING TO YIELD RIGHT-OF-WAY,UNABLE TO DETERMINE,5348,S,ARCHER AVE,2,NO INDICATION OF INJURY,0.0,0.0,0.0,0.0,0.0,5.0,0.0,15,2,4
ddfa1fe897e3f175d51a37400c68f830391b19fde9beca9bf0e4a93a9a0a4ac190bee878819034790ce144f4ddec4c51241864d33c0095d001d4277d823b8041,2020-06-11 13:00:00,30,NO CONTROLS,NO CONTROLS,CLEAR,DAYLIGHT,REAR END,NOT DIVIDED,STRAIGHT AND LEVEL,DRY,NO DEFECTS,NO INJURY / DRIVE AWAY,$500 OR LESS,UNABLE TO DETERMINE,UNABLE TO DETERMINE,6100,S,WOODLAWN AVE,2,NO INDICATION OF INJURY,0.0,0.0,0.0,0.0,0.0,2.0,0.0,13,5,6
b88dc31be428ee3e71884e3de5ed0437e1189c6b9ae5123fd38338b04d9ff9340a312703b9d43f12e07d6c19f7a0f31acc9fbb1f7e0403dda14478b9d480958e,2021-11-30 16:45:00,30,NO CONTROLS,NO CONTROLS,CLOUDY/OVERCAST,DARKNESS,PARKED MOTOR VEHICLE,PARKING LOT,STRAIGHT AND LEVEL,DRY,NO DEFECTS,NO INJURY / DRIVE AWAY,$500 OR LESS,UNABLE TO DETERMINE,NOT APPLICABLE,316,W,CERMAK RD,2,NO INDICATION OF INJURY,0.0,0.0,0.0,0.0,0.0,1.0,0.0,16,3,11
d0f7598154600f0fc983b9da9965f3b10c6c5bb3e15af19dc53a5d1474c39ce02402c39f514816d261c28726b1de0702f2cacd2bd5971947885809ce7d4b1ab3,2019-02-01 09:50:00,30,NO CONTROLS,NO CONTROLS,CLEAR,DAYLIGHT,PARKED MOTOR VEHICLE,DIVIDED - W/MEDIAN (NOT RAISED),STRAIGHT AND LEVEL,SNOW OR SLUSH,NO DEFECTS,NO INJURY / DRIVE AWAY,$500 OR LESS,NOT APPLICABLE,NOT APPLICABLE,1455,N,MILWAUKEE AVE,2,NO INDICATION OF INJURY,0.0,0.0,0.0,0.0,0.0,1.0,0.0,9,6,2
66dea020798e1cd107f721bfae1af61572ed701396dd3fc5632ca6ffd7b806507f80e0e11f41050e1c4a60030708489c7d52a7729ded83c68155717f0b050df8,2016-08-20 11:15:00,30,TRAFFIC SIGNAL,FUNCTIONING PROPERLY,CLEAR,DAYLIGHT,TURNING,CENTER TURN LANE,STRAIGHT AND LEVEL,WET,NO DEFECTS,NO INJURY / DRIVE AWAY,"OVER $1,500",DISREGARDING TRAFFIC SIGNALS,NOT APPLICABLE,2562,N,CALIFORNIA AVE,2,NO INDICATION OF INJURY,0.0,0.0,0.0,0.0,0.0,2.0,0.0,11,7,8
52cd84f0295b46fe31b4487c04aa8ade03b010cd2157e776dd2c52720f44fcf5b7a6244da013c07bb1b096dd7d116cf499b0312547634cbd2f7a7e5ebcafe207,2015-11-27 08:15:00,15,NO CONTROLS,NO CONTROLS,RAIN,DAYLIGHT,PARKED MOTOR VEHICLE,NOT DIVIDED,STRAIGHT AND LEVEL,WET,NO DEFECTS,NO INJURY / DRIVE AWAY,"OVER $1,500",NOT APPLICABLE,UNABLE TO DETERMINE,1435,E,67TH PL,2,NO INDICATION OF INJURY,0.0,0.0,0.0,0.0,0.0,1.0,0.0,8,6,11
426c60ade6d3eb54db8491fcba5e118663e3fd1f124ca9f7a1703e558a8d81070f2bd76420e7aa19db61d31e6950aaffbb559c57f84ca693caf2011513ee5142,2023-02-17 06:45:00,30,NO CONTROLS,NO CONTROLS,CLEAR,DAWN,PARKED MOTOR VEHICLE,ONE-WAY,STRAIGHT AND LEVEL,SNOW OR SLUSH,UNKNOWN,NO INJURY / DRIVE AWAY,$500 OR LESS,UNABLE TO DETERMINE,UNABLE TO DETERMINE,8237,S,HOUSTON AVE,2,NO INDICATION OF INJURY,0.0,0.0,0.0,0.0,0.0,1.0,0.0,6,6,2
f767cdd4b08a3198c7b3c7d0dcb1f5ed5f2303b996296f4d248f19fff817c836ff23e733a0477d9894c9e43c830c0ee82d8b4dc4b8164167b27961fad20a9cf4,2020-10-03 02:35:00,35,TRAFFIC SIGNAL,FUNCTIONING PROPERLY,CLEAR,"DARKNESS, LIGHTED ROAD",HEAD ON,NOT DIVIDED,STRAIGHT AND LEVEL,DRY,NO DEFECTS,INJURY AND / OR TOW DUE TO CRASH,"OVER $1,500",IMPROPER LANE USAGE,"OPERATING VEHICLE IN ERRATIC, RECKLESS, CARELESS, NEGLIGENT OR AGGRESSIVE MANNER",4205,W,LAWRENCE AVE,2,"REPORTED, NOT EVIDENT",1.0,0.0,0.0,0.0,1.0,1.0,0.0,2,7,10
ecf4d4e752316506d33ca3e9777c68ac8e377683b56c6926e214f72f09ab6cc2590c22d825b678ebb59216b5cd48b55a6fc585bc534e74a9a2f15486db409dec,2019-06-27 08:25:00,25,NO CONTROLS,NO CONTROLS,CLEAR,DAYLIGHT,ANGLE,NOT DIVIDED,STRAIGHT AND LEVEL,DRY,NO DEFECTS,NO INJURY / DRIVE AWAY,"OVER $1,500",IMPROPER BACKING,NOT APPLICABLE,6963,N,ODELL AVE,2,NO INDICATION OF INJURY,0.0,0.0,0.0,0.0,0.0,2.0,0.0,8,5,6
cc1e75b4bf62596274101a9d715cdce8264734174afe89788ea99a8134a1a590bfade446867a85398b5fdf402a6edb65e50b9253cb13ff5832ede9613867c1c9,2017-12-18 12:00:00,30,NO CONTROLS,NO CONTROLS,RAIN,DAYLIGHT,PARKED MOTOR VEHICLE,PARKING LOT,STRAIGHT AND LEVEL,WET,NO DEFECTS,NO INJURY / DRIVE AWAY,$500 OR LESS,DRIVING SKILLS/KNOWLEDGE/EXPERIENCE,DRIVING SKILLS/KNOWLEDGE/EXPERIENCE,1215,S,ASHLAND AVE,2,NO INDICATION OF INJURY,0.0,0.0,0.0,0.0,0.0,1.0,0.0,12,2,12
691b7fb390da9d9bda9470a08ece236e44f51dc73b33c8e9d9669719d32dce295ed6d1f1f1a951c4bc4726ea184f6a1b002d7899415d15e7ff69010e1095d467,2023-02-11 15:10:00,30,NO CONTROLS,NO CONTROLS,CLEAR,DAYLIGHT,REAR TO REAR,PARKING LOT,STRAIGHT AND LEVEL,UNKNOWN,UNKNOWN,NO INJURY / DRIVE AWAY,"$501 - $1,500",UNABLE TO DETERMINE,UNABLE TO DETERMINE,5033,N,ELSTON AVE,2,NO INDICATION OF INJURY,0.0,0.0,0.0,0.0,0.0,2.0,0.0,15,7,2
2aace4a452fb54468b65cc8a24053984a8fcb916cf8cd7929e92c6826308a9fb16bdd119517da0b0d3f5d8e9a36ba1b1fcdaf943b600e4fc58a0d9d51ffd6da3,2021-05-20 13:15:00,30,TRAFFIC SIGNAL,FUNCTIONING PROPERLY,CLEAR,DAYLIGHT,TURNING,NOT DIVIDED,STRAIGHT AND LEVEL,DRY,NO DEFECTS,NO INJURY / DRIVE AWAY,"OVER $1,500",FAILING TO YIELD RIGHT-OF-WAY,UNABLE TO DETERMINE,8300,S,YATES BLVD,2,NO INDICATION OF INJURY,0.0,0.0,0.0,0.0,0.0,2.0,0.0,13,5,5
db1df07546bce61b1a5ec44f7075270c8278e7a1937717aaf6d9e312ccb85c4fb32a9eb96015d15f9972da74437cbc421e2a4066f409d0706606f96e340cc672,2021-06-14 10:30:00,10,NO CONTROLS,NO CONTROLS,CLEAR,DAYLIGHT,ANGLE,PARKING LOT,STRAIGHT AND LEVEL,DRY,NO DEFECTS,NO INJURY / DRIVE AWAY,"OVER $1,500",UNABLE TO DETERMINE,NOT APPLICABLE,1524,N,CICERO AVE,2,NO INDICATION OF INJURY,0.0,0.0,0.0,0.0,0.0,2.0,0.0,10,2,6