CRASH_RECORD_ID,CRASH_DATE,POSTED_SPEED_LIMIT,TRAFFIC_CONTROL_DEVICE,DEVICE_CONDITION,WEATHER_CONDITION,LIGHTING_CONDITION,FIRST_CRASH_TYPE,TRAFFICWAY_TYPE,ALIGNMENT,ROADWAY_SURFACE_COND,ROAD_DEFECT,CRASH_TYPE,DAMAGE,PRIM_CONTRIBUTORY_CAUSE,SEC_CONTRIBUTORY_CAUSE,STREET_NO,STREET_DIRECTION,STREET_NAME,NUM_UNITS,MOST_SEVERE_INJURY,INJURIES_TOTAL,INJURIES_FATAL,INJURIES_INCAPACITATING,INJURIES_NON_INCAPACITATING,INJURIES_REPORTED_NOT_EVIDENT,INJURIES_NO_INDICATION,INJURIES_UNKNOWN,CRASH_HOUR,CRASH_DAY_OF_WEEK,CRASH_MONTH
4b1a98416af46afec84635e3694043e125395e0ceb5dd3387ee76cfc62efdccb93b80e36291c477ccc262b5e5a83a8058d40c431aa0eb10f63f00dd077450080,2020-01-01 11:45:00,10,NO CONTROLS,NO CONTROLS,CLEAR,DAYLIGHT,REAR TO SIDE,PARKING LOT,STRAIGHT AND LEVEL,SNOW OR SLUSH,NO DEFECTS,NO INJURY / DRIVE AWAY,"$501 - $1,500",FAILING TO YIELD RIGHT-OF-WAY,NOT APPLICABLE,6805,W,BELMONT AVE,2,NO INDICATION OF INJURY,0.0,0.0,0.0,0.0,0.0,3.0,0.0,11,4,1
cfae6a2845583826b91a9bca1d10dc750fb83a6050683dac8e78a63709fe5bc3d0e55622787a9ce94925486022a53085365bf379cee160e5c05ad5270e066244,2022-08-06 00:10:00,30,TRAFFIC SIGNAL,FUNCTIONING PROPERLY,CLEAR,"DARKNESS, LIGHTED ROAD",TURNING,NOT DIVIDED,STRAIGHT AND LEVEL,DRY,NO DEFECTS,INJURY AND / OR TOW DUE TO CRASH,"OVER $1,500",FAILING TO YIELD RIGHT-OF-WAY,UNABLE TO DETERMINE,1198,W,LUNT AVE,2,NONINCAPACITATING INJURY,1.0,0.0,0.0,1.0,0.0,1.0,0.0,0,7,8
2bd5c940cac4c798030d78f02b2a9c86bcdd73027fc739999f5da3e08c8c01015c322983b815dadad6e8f69f44df3465a6b15cd04b8a6346c0c9b393b1cc29df,2022-08-17 07:30:00,30,NO CONTROLS,NO CONTROLS,CLEAR,DAYLIGHT,PARKED MOTOR VEHICLE,NOT DIVIDED,STRAIGHT AND LEVEL,DRY,NO DEFECTS,NO INJURY / DRIVE AWAY,"OVER $1,500",UNABLE TO DETERMINE,NOT APPLICABLE,1301,W,96TH ST,2,NO INDICATION OF INJURY,0.0,0.0,0.0,0.0,0.0,1.0,0.0,7,4,8
cafdf457534ecaa6f000d08615eb432d6eb942806af3ee27bf3f5882a9533326fa488b7f7a49153533e61ae1052d6ab2d06226614ed5c9026fff2d9424b26139,2022-02-09 12:00:00,30,OTHER,NO CONTROLS,CLEAR,DAYLIGHT,PARKED MOTOR VEHICLE,PARKING LOT,STRAIGHT AND LEVEL,DRY,NO DEFECTS,NO INJURY / DRIVE AWAY,"$501 - $1,500",UNABLE TO DETERMINE,NOT APPLICABLE,7131,S,STONY ISLAND AVE,2,NO INDICATION OF INJURY,0.0,0.0,0.0,0.0,0.0,1.0,0.0,12,4,2
b13ca0e091b13c353b0d811218f68104f9fbcfdb98faddfd82c53ce47c0af3a90e75ef65894670198c1b871843eb7dda721a85e9d9b19355d3e90a598c3e6582,2020-02-07 11:32:00,30,STOP SIGN/FLASHER,FUNCTIONING PROPERLY,CLEAR,DAYLIGHT,TURNING,DIVIDED - W/MEDIAN BARRIER,STRAIGHT AND LEVEL,WET,UNKNOWN,INJURY AND / OR TOW DUE TO CRASH,"OVER $1,500",FAILING TO REDUCE SPEED TO AVOID CRASH,DRIVING SKILLS/KNOWLEDGE/EXPERIENCE,1132,S,PULASKI RD,2,NONINCAPACITATING INJURY,3.0,0.0,0.0,3.0,0.0,11.0,0.0,11,6,2
6dc16a7712b7c60a67e647bcd9c3ac8af087d097ada5a59affad19a862eea404aefa9c6d73e67f4cc67303f6ffb39df13b6d6dd5f4d506f73225c91efb29afec,2018-02-22 15:45:00,30,TRAFFIC SIGNAL,FUNCTIONING PROPERLY,CLEAR,DAYLIGHT,TURNING,NOT DIVIDED,STRAIGHT AND LEVEL,DRY,UNKNOWN,NO INJURY / DRIVE AWAY,$500 OR LESS,IMPROPER TURNING/NO SIGNAL,IMPROPER TURNING/NO SIGNAL,798,W,HARRISON ST,2,NO INDICATION OF INJURY,0.0,0.0,0.0,0.0,0.0,4.0,0.0,15,5,2
10f183b0e8a12b73831172f22ceec2172e705e2158d988a03fcfbc2661f78b4122757f6a5d77e4f670643adddd58085c489912b0baaea260fec1e34d095aebfb,2019-10-31 09:55:00,30,NO CONTROLS,NO CONTROLS,SNOW,DAYLIGHT,TURNING,NOT DIVIDED,STRAIGHT AND LEVEL,WET,NO DEFECTS,NO INJURY / DRIVE AWAY,"$501 - $1,500",IMPROPER TURNING/NO SIGNAL,NOT APPLICABLE,2133,S,WENTWORTH AVE,2,NO INDICATION OF INJURY,0.0,0.0,0.0,0.0,0.0,2.0,0.0,9,5,10
cd64826acab7f35e686223508dbc9de5700ac3e4156cda868f7c1424f63261894e835a798bccd9799bbffbaeec13c5e34e32b3514acf93019ff8675a4deedf76,2018-03-20 09:00:00,20,NO CONTROLS,NO CONTROLS,CLEAR,DAYLIGHT,PEDESTRIAN,OTHER,STRAIGHT AND LEVEL,DRY,NO DEFECTS,INJURY AND / OR TOW DUE TO CRASH,$500 OR LESS,NOT APPLICABLE,NOT APPLICABLE,1329,E,50TH ST,2,NONINCAPACITATING INJURY,1.0,0.0,0.0,1.0,0.0,1.0,0.0,9,3,3
9cb0609b4431258a3d3eab80fc49c490e81ee65326981464a29596e6e31ec9dde147af8f7aba7403b15d2a35cc964766da71c2b077cd4b695231b0c4073b32b8,2016-11-10 08:00:00,30,STOP SIGN/FLASHER,FUNCTIONING PROPERLY,CLEAR,DAYLIGHT,PEDESTRIAN,NOT DIVIDED,STRAIGHT AND LEVEL,DRY,NO DEFECTS,NO INJURY / DRIVE AWAY,$500 OR LESS,FAILING TO YIELD RIGHT-OF-WAY,UNABLE TO DETERMINE,8859,S,RACINE AVE,2,NO INDICATION OF INJURY,0.0,0.0,0.0,0.0,0.0,2.0,0.0,8,5,11
4b358bf9d5a1b7439c7e8369045db4056aba5a785aae9e2d35d0cc14ed80582bda78141bd854bafb5685be20026542d81ae77147ab2f0ca529194e1a985a1c66,2018-06-09 19:00:00,30,LANE USE MARKING,FUNCTIONING PROPERLY,CLEAR,DUSK,SIDESWIPE SAME DIRECTION,DIVIDED - W/MEDIAN (NOT RAISED),STRAIGHT AND LEVEL,DRY,NO DEFECTS,INJURY AND / OR TOW DUE TO CRASH,"OVER $1,500",FAILING TO YIELD RIGHT-OF-WAY,FAILING TO REDUCE SPEED TO AVOID CRASH,5035,W,IRVING PARK RD,2,NO INDICATION OF INJURY,0.0,0.0,0.0,0.0,0.0,2.0,0.0,19,7,6
b473a2445db0fd37d1a0996b5961ecc0edf73dd1a1271e171a1f2745a2ee435f24a20f621dd7d28bd4c15b3ae76fd6e7a517e07058a3bd458e71b58a229d973f,2020-10-06 12:50:00,30,NO CONTROLS,NO CONTROLS,CLEAR,DAYLIGHT,FIXED OBJECT,NOT DIVIDED,STRAIGHT AND LEVEL,DRY,NO DEFECTS,INJURY AND / OR TOW DUE TO CRASH,"OVER $1,500",UNABLE TO DETERMINE,UNABLE TO DETERMINE,6702,S,EVANS AVE,1,NONINCAPACITATING INJURY,2.0,0.0,0.0,2.0,0.0,0.0,0.0,12,3,10
d7e1ce058da0df5cbb198739ca4dfd1001dfeca879a8a360483de09d97c3eaf8c9cd6858c02d17b0b47c6bcc4e29ce8e28a6f741a654b4752230b681f47445f5,2017-04-18 08:10:00,30,NO CONTROLS,NO CONTROLS,CLEAR,DAYLIGHT,REAR END,ONE-WAY,STRAIGHT AND LEVEL,DRY,NO DEFECTS,NO INJURY / DRIVE AWAY,"$501 - $1,500",UNABLE TO DETERMINE,UNABLE TO DETERMINE,410,E,BENTON PL,2,NO INDICATION OF INJURY,0.0,0.0,0.0,0.0,0.0,2.0,0.0,8,3,4
26ac5366e1944fadd105b15dbc65ff314d297dccdb8e766d9c68a27a7beb76a657acb006e87b7645e7b0438cff6c58041301f95aee3d53341671073a8f28ef47,2019-10-02 09:20:00,30,RAILROAD CROSSING GATE,FUNCTIONING PROPERLY,RAIN,DAYLIGHT,SIDESWIPE SAME DIRECTION,NOT DIVIDED,STRAIGHT ON HILLCREST,DRY,NO DEFECTS,NO INJURY / DRIVE AWAY,"OVER $1,500",IMPROPER LANE USAGE,NOT APPLICABLE,333,N,CANAL ST,2,NO INDICATION OF INJURY,0.0,0.0,0.0,0.0,0.0,2.0,0.0,9,4,10
a8b8171a82061b9cdbdf5007cf6a3c821b600c39edd60f95f1b8fe53e0c4db023a789eab63e493afacbbbec4e3d753af5cdb3999523690b017380a3362465d36,2020-04-08 03:00:00,30,NO CONTROLS,NO CONTROLS,CLEAR,"DARKNESS, LIGHTED ROAD",PARKED MOTOR VEHICLE,ONE-WAY,STRAIGHT AND LEVEL,DRY,NO DEFECTS,INJURY AND / OR TOW DUE TO CRASH,"OVER $1,500",UNABLE TO DETERMINE,UNABLE TO DETERMINE,3352,W,WALNUT ST,3,NO INDICATION OF INJURY,0.0,0.0,0.0,0.0,0.0,1.0,0.0,3,4,4
3936254b848e71bd0d476b57f72257bb4eb4143479a21a54eb3ad8ce8fcc702d62de029e9fe3ff1198f3d36a161d80f0f737d6459797550fdf81b11e430f47c9,2019-05-07 16:00:00,30,STOP SIGN/FLASHER,FUNCTIONING PROPERLY,CLEAR,DAYLIGHT,REAR END,DIVIDED - W/MEDIAN BARRIER,STRAIGHT AND LEVEL,WET,NO DEFECTS,NO INJURY / DRIVE AWAY,"$501 - $1,500",FOLLOWING TOO CLOSELY,IMPROPER OVERTAKING/PASSING,152,E,127TH ST,2,NO INDICATION OF INJURY,0.0,0.0,0.0,0.0,0.0,4.0,0.0,16,3,5
203957c5968891b3c58dff90424c07558c493feb47d789d769da71385dbec6bb1e5515ba4a50c65430766a56c558510ee3dd45ac8390a024768521006ecdbe86,2018-07-24 08:00:00,30,NO CONTROLS,NO CONTROLS,CLEAR,DAYLIGHT,SIDESWIPE SAME DIRECTION,DIVIDED - W/MEDIAN BARRIER,STRAIGHT AND LEVEL,DRY,NO DEFECTS,NO INJURY / DRIVE AWAY,"OVER $1,500",FAILING TO YIELD RIGHT-OF-WAY,FAILING TO YIELD RIGHT-OF-WAY,360,S,WACKER DR,2,NO INDICATION OF INJURY,0.0,0.0,0.0,0.0,0.0,2.0,0.0,8,3,7
92b1af9231db580902ef58e57d8406c1e818de45f5d664c772bf397b01ff20a81734ed4eb1586a3324eb3bbe51d13462540949881a8dec5945d58d8992dac595,2023-12-22 19:04:00,30,NO CONTROLS,NO CONTROLS,RAIN,"DARKNESS, LIGHTED ROAD",REAR END,NOT DIVIDED,STRAIGHT AND LEVEL,WET,NO DEFECTS,NO INJURY / DRIVE AWAY,"OVER $1,500",FOLLOWING TOO CLOSELY,FOLLOWING TOO CLOSELY,1565,N,SHEFFIELD AVE,2,NO INDICATION OF INJURY,0.0,0.0,0.0,0.0,0.0,2.0,0.0,19,6,12
815bd0e92a1d432a37485e4f4556a203f61396b8f69597aaa73a484faad913f69a051d30bea7dc3e8dc584b43d39e33c308ef8173fd4afe02c9b4385ab21938c,2024-02-03 10:42:00,20,NO CONTROLS,NO CONTROLS,CLEAR,DAYLIGHT,PARKED MOTOR VEHICLE,ONE-WAY,STRAIGHT AND LEVEL,DRY,NO DEFECTS,NO INJURY / DRIVE AWAY,"$501 - $1,500",UNABLE TO DETERMINE,NOT APPLICABLE,1131,W,PATTERSON AVE,2,NO INDICATION OF INJURY,0.0,0.0,0.0,0.0,0.0,2.0,0.0,10,7,2
f3ba4f2f51eea57c7b1b0be525038c154abf8cffadb0a3a9cc1c92de351b52496934138327347404120b4d196fbb8ccfa08df1651b086b05e6978fc175e6346c,2021-01-31 12:00:00,30,NO CONTROLS,UNKNOWN,SNOW,UNKNOWN,PARKED MOTOR VEHICLE,NOT DIVIDED,STRAIGHT AND LEVEL,WET,UNKNOWN,NO INJURY / DRIVE AWAY,"OVER $1,500",FAILING TO REDUCE SPEED TO AVOID CRASH,WEATHER,4457,W,FULLERTON AVE,3,NO INDICATION OF INJURY,0.0,0.0,0.0,0.0,0.0,1.0,0.0,12,1,1
8f8f2cc2cd4cad937533a5c4f4609a8c21e130956e5eb7231ef25ce6f42a7d9b88f6f7edb193f08075fefeb5ab8c553f0627f8c4380faef1ed8f54915fba8121,2021-04-28 12:30:00,15,NO CONTROLS,NO CONTROLS,CLEAR,DAYLIGHT,PARKED MOTOR VEHICLE,PARKING LOT,STRAIGHT AND LEVEL,DRY,NO DEFECTS,NO INJURY / DRIVE AWAY,"$501 - $1,500",DRIVING SKILLS/KNOWLEDGE/EXPERIENCE,NOT APPLICABLE,5,W,TERMINAL ST,2,NO INDICATION OF INJURY,0.0,0.0,0.0,0.0,0.0,1.0,0.0,12,4,4
ed67a7acd6ddf3617af4d02f071e79116bfe50ef0ad308b9570b68e793209ffb1a1175c36620b9043cc4af1337d695a94699d2f5dd3cce63830eaf40da1d3130,2018-11-06 08:44:00,30,NO CONTROLS,NO CONTROLS,RAIN,DAYLIGHT,PEDESTRIAN,RAMP,STRAIGHT AND LEVEL,WET,NO DEFECTS,INJURY AND / OR TOW DUE TO CRASH,$500 OR LESS,UNABLE TO DETERMINE,UNABLE TO DETERMINE,7047,S,STATE ST,2,NONINCAPACITATING INJURY,1.0,0.0,0.0,1.0,0.0,1.0,0.0,8,3,11
04f607de6378c44fedf4ccfa12bd5306d1cd9f38ecdc0c2341f1854428f42e74f8216ab58e71816801699ecaa2aaf1fb4465832259cf6f7dffb147b24bc865e3,2019-05-05 13:54:00,30,NO CONTROLS,NO CONTROLS,CLEAR,DAYLIGHT,PARKED MOTOR VEHICLE,NOT DIVIDED,STRAIGHT AND LEVEL,DRY,NO DEFECTS,INJURY AND / OR TOW DUE TO CRASH,"OVER $1,500",UNABLE TO DETERMINE,UNABLE TO DETERMINE,746,N,CENTRAL AVE,2,NO INDICATION OF INJURY,0.0,0.0,0.0,0.0,0.0,1.0,0.0,13,1,5
b6bc4ced312f1e2cc933dcdeec72e4d445f662c3dbf63795876e7685680d63b49ee15a29d1ffe3b5ed40ac312d1d5ee792d218fba8cd4737d0bbcd39d6177ae4,2021-03-20 17:00:00,30,TRAFFIC SIGNAL,FUNCTIONING PROPERLY,CLEAR,DAYLIGHT,TURNING,DIVIDED - W/MEDIAN (NOT RAISED),STRAIGHT AND LEVEL,DRY,NO DEFECTS,NO INJURY / DRIVE AWAY,"$501 - $1,500",UNABLE TO DETERMINE,UNABLE TO DETERMINE,2800,W,26TH ST,2,NO INDICATION OF INJURY,0.0,0.0,0.0,0.0,0.0,2.0,0.0,17,7,3
fafaa384a9526228cbd5ff3b410bf07beef5c5396d2a03c574931e303e618e8f42e51238d112f1b65ed307d79f3fe03b1a95a8e8322077a73a56f4aa7812c659,2022-02-28 23:00:00,30,NO CONTROLS,NO CONTROLS,UNKNOWN,UNKNOWN,PARKED MOTOR VEHICLE,NOT DIVIDED,STRAIGHT AND LEVEL,UNKNOWN,UNKNOWN,NO INJURY / DRIVE AWAY,"OVER $1,500",UNABLE TO DETERMINE,UNABLE TO DETERMINE,3333,W,ARTHINGTON ST,2,NO INDICATION OF INJURY,0.0,0.0,0.0,0.0,0.0,1.0,0.0,23,2,2
64fb2d40c91d45551f786cfa004ea22fe301795adf86fdbd4f8f1e2b6859703bd2000d9359b2ebe63dc0f9f06ea8be3908ae8dbf98d72cf7c2df708f89c1c547,2021-01-13 00:30:00,30,NO CONTROLS,NO CONTROLS,CLEAR,"DARKNESS, LIGHTED ROAD",HEAD ON,DIVIDED - W/MEDIAN (NOT RAISED),STRAIGHT AND LEVEL,WET,NO DEFECTS,INJURY AND / OR TOW DUE TO CRASH,"OVER $1,500",HAD BEEN DRINKING (USE WHEN ARREST IS NOT MADE),NOT APPLICABLE,3300,E,100TH ST,2,FATAL,1.0,1.0,0.0,0.0,0.0,3.0,0.0,0,4,1
e2f46b600e23bc27d4328e0bdc0ddc3d05ea16cfbbd955f86000fa24db0d7e20bfd751c563aeb96421b3de875b2e0bf8d90ad1a7c5788604e47128b10b31193e,2018-09-21 22:00:00,30,TRAFFIC SIGNAL,FUNCTIONING PROPERLY,CLEAR,"DARKNESS, LIGHTED ROAD",TURNING,DIVIDED - W/MEDIAN BARRIER,STRAIGHT AND LEVEL,DRY,NO DEFECTS,NO INJURY / DRIVE AWAY,$500 OR LESS,UNABLE TO DETERMINE,NOT APPLICABLE,6400,N,SHERIDAN RD,2,NO INDICATION OF INJURY,0.0,0.0,0.0,0.0,0.0,2.0,0.0,22,6,9
0fa0f657f431677af6c8c97b8b976c3c9400993683277515298d22fcd53bf2b5e0a62ca1d5148788ffaaf019d4c9ba075f67bdb6d61b3e3a8aab1b7f4bfb2f81,2020-09-13 23:10:00,35,NO CONTROLS,FUNCTIONING PROPERLY,CLEAR,"DARKNESS, LIGHTED ROAD",FIXED OBJECT,DIVIDED - W/MEDIAN BARRIER,STRAIGHT AND LEVEL,DRY,NO DEFECTS,INJURY AND / OR TOW DUE TO CRASH,"OVER $1,500",FAILING TO REDUCE SPEED TO AVOID CRASH,NOT APPLICABLE,5830,S,CICERO AVE,1,INCAPACITATING INJURY,1.0,0.0,1.0,0.0,0.0,1.0,0.0,23,1,9
db0ac03c0abaafdbd00ce0cc840da92f6a507b22eb285295b94e71d9e51c02a21b8e2aae55423126aca88ac671ff4ab89731561a2390213db211fe8ae1caaaaf,2023-04-26 19:30:00,30,NO CONTROLS,NO CONTROLS,CLEAR,DARKNESS,PARKED MOTOR VEHICLE,ONE-WAY,STRAIGHT AND LEVEL,DRY,NO DEFECTS,NO INJURY / DRIVE AWAY,"OVER $1,500",UNABLE TO DETERMINE,NOT APPLICABLE,200,N,LOREL AVE,2,NO INDICATION OF INJURY,0.0,0.0,0.0,0.0,0.0,1.0,0.0,19,4,4
3dce1dd4376adc98d26122d0d12e36cb6a4d4b7283090bdd135b6e9928a05b9b4483e97e837fd1432e94a8e64978e040202422d14bac4ceb9c088e87d8884468,2019-03-18 10:03:00,0,NO CONTROLS,NO CONTROLS,CLEAR,DAYLIGHT,ANGLE,PARKING LOT,STRAIGHT AND LEVEL,DRY,NO DEFECTS,NO INJURY / DRIVE AWAY,"$501 - $1,500",IMPROPER BACKING,UNABLE TO DETERMINE,3727,N,KIMBALL AVE,2,NO INDICATION OF INJURY,0.0,0.0,0.0,0.0,0.0,2.0,0.0,10,2,3
5610b14a77af35a3a1039a086ddf0a4d7c165069f888d82c32b3039ce7adbccc7e092eafe43822697fc42ca7c69de9cde037d5f604a1e66612721c40019798f5,2017-02-02 15:30:00,30,NO CONTROLS,NO CONTROLS,CLEAR,DAYLIGHT,HEAD ON,OTHER,STRAIGHT AND LEVEL,DRY,NO DEFECTS,NO INJURY / DRIVE AWAY,"OVER $1,500",UNABLE TO DETERMINE,UNABLE TO DETERMINE,500,E,PERSHING RD,2,NO INDICATION OF INJURY,0.0,0.0,0.0,0.0,0.0,2.0,0.0,15,5,2
e430ec3516d01bbf5303ee6a72a45ac38e892829c92c73d0ba87ec05a10be270e116e7b5883edc547fe9d5148a1e65ab1f8479b15aa086e428d4f4ac9ec7675b,2020-06-05 13:00:00,30,NO CONTROLS,NO CONTROLS,CLEAR,DAYLIGHT,PEDALCYCLIST,NOT DIVIDED,STRAIGHT AND LEVEL,DRY,NO DEFECTS,INJURY AND / OR TOW DUE TO CRASH,$500 OR LESS,NOT APPLICABLE,NOT APPLICABLE,2936,N,CLARK ST,2,"REPORTED, NOT EVIDENT",1.0,0.0,0.0,0.0,1.0,0.0,0.0,13,6,6
4e4bec202bd7ae4e3b2cafa3b87dc0890256c82b1be5a6cb6440b7e4623edf1925548969bb3afdac28488c5b3701e0d7740caad90504717479df5d64ba42014b,2021-04-18 12:00:00,15,NO CONTROLS,NO CONTROLS,CLEAR,DAYLIGHT,PARKED MOTOR VEHICLE,PARKING LOT,STRAIGHT AND LEVEL,DRY,NO DEFECTS,NO INJURY / DRIVE AWAY,"$501 - $1,500",UNABLE TO DETERMINE,NOT APPLICABLE,322,E,ILLINOIS ST,2,NO INDICATION OF INJURY,0.0,0.0,0.0,0.0,0.0,1.0,0.0,12,1,4
5240e9b31d08d90e57e397da8bf77f8f465f06913cea9eeaba56c9a2811dfdb1714727189a94d9c0a67836b77217988ae539079332248a96768ec5f3cd904361,2020-10-17 15:30:00,30,NO CONTROLS,NO CONTROLS,CLEAR,DAYLIGHT,REAR END,DIVIDED - W/MEDIAN (NOT RAISED),STRAIGHT AND LEVEL,DRY,UNKNOWN,NO INJURY / DRIVE AWAY,"$501 - $1,500",UNABLE TO DETERMINE,UNABLE TO DETERMINE,2237,W,TOUHY AVE,2,NO INDICATION OF INJURY,0.0,0.0,0.0,0.0,0.0,5.0,0.0,15,7,10
84ccf50ef802205356e4551c3b5673f0dbb6608be5833ceb38954f0f5bcd0488defbd11371881555bb762f3be3c5a65ade37c6341a6e300adadefbacc8b709cd,2022-03-30 15:00:00,30,NO CONTROLS,NO CONTROLS,RAIN,DAYLIGHT,PEDESTRIAN,OTHER,STRAIGHT AND LEVEL,DRY,NO DEFECTS,INJURY AND / OR TOW DUE TO CRASH,$500 OR LESS,UNABLE TO DETERMINE,NOT APPLICABLE,2448,W,15TH ST,2,"REPORTED, NOT EVIDENT",1.0,0.0,0.0,0.0,1.0,1.0,0.0,15,4,3
cc25be4c1008269d53a8d822aea250d364e412817de96f479e23dab2da0567705e5939022e34c4f9f02ebe78fe494660eb704c5a7456981c309d56524ce111f7,2021-05-28 13:55:00,30,NO CONTROLS,NO CONTROLS,CLEAR,DAYLIGHT,PEDESTRIAN,NOT DIVIDED,STRAIGHT AND LEVEL,DRY,NO DEFECTS,INJURY AND / OR TOW DUE TO CRASH,$500 OR LESS,FAILING TO YIELD RIGHT-OF-WAY,UNABLE TO DETERMINE,6801,N,WESTERN AVE,2,NONINCAPACITATING INJURY,1.0,0.0,0.0,1.0,0.0,1.0,0.0,13,6,5
a861d9d47603ff2c840b06cad74325f42fa26f0d096880b9f1a2ce8057b3957b4fd67753e1ddfeccb42df3fd120cba94768ceaa55a788e99d0e5da8299253155,2022-07-13 19:10:00,25,NO CONTROLS,NO CONTROLS,CLEAR,DAYLIGHT,PARKED MOTOR VEHICLE,ALLEY,STRAIGHT AND LEVEL,DRY,NO DEFECTS,NO INJURY / DRIVE AWAY,$500 OR LESS,FAILING TO REDUCE SPEED TO AVOID CRASH,IMPROPER OVERTAKING/PASSING,9528,S,COLFAX AVE,2,NO INDICATION OF INJURY,0.0,0.0,0.0,0.0,0.0,1.0,0.0,19,4,7
dd56a0a85474fade872681dd1f3f32ac3227cf5abab81494530c883e56b29c09790af3223d273b7f34ba932589501104d782ad76d5e9f6539eba2cd7a7c74298,2021-10-15 12:10:00,30,NO CONTROLS,NO CONTROLS,CLEAR,DAYLIGHT,TURNING,NOT DIVIDED,STRAIGHT AND LEVEL,DRY,NO DEFECTS,NO INJURY / DRIVE AWAY,"OVER $1,500",FAILING TO YIELD RIGHT-OF-WAY,NOT APPLICABLE,10510,S,WESTERN AVE,2,NO INDICATION OF INJURY,0.0,0.0,0.0,0.0,0.0,2.0,0.0,12,6,10
4146f8c0c7b20350250403098ddda28d8db0f35c21e1b10c475b00d990f45cbeb9280bdd00d74ea67a9c6df4a5a87d575296d3cdb2cfee76d22bfb75b30442e2,2022-08-24 10:20:00,30,TRAFFIC SIGNAL,FUNCTIONING PROPERLY,CLEAR,DAYLIGHT,ANGLE,FOUR WAY,STRAIGHT AND LEVEL,DRY,NO DEFECTS,NO INJURY / DRIVE AWAY,"$501 - $1,500",DISREGARDING TRAFFIC SIGNALS,UNABLE TO DETERMINE,208,W,WACKER DR,2,NO INDICATION OF INJURY,0.0,0.0,0.0,0.0,0.0,2.0,0.0,10,4,8
52852a0bc0facc9030430b539008db27c035ee549a385d38bbbadea77df408d7f4812480f535119594dd21422e521f51fac2874c55a11495e30f9244cdf952f9,2021-08-16 11:00:00,30,NO CONTROLS,NO CONTROLS,CLEAR,DARKNESS,PARKED MOTOR VEHICLE,ONE-WAY,STRAIGHT AND LEVEL,DRY,NO DEFECTS,NO INJURY / DRIVE AWAY,"OVER $1,500",UNABLE TO DETERMINE,UNABLE TO DETERMINE,8056,S,DOBSON AVE,2,NO INDICATION OF INJURY,0.0,0.0,0.0,0.0,0.0,1.0,0.0,11,2,8
835d0485e56b735853ad0b157bd633ec96a7996d1c1f9f792a2f8755033646c09ae2e0ebb5c74a2b365bebf1f63fe624965689a8c7bcbc7a7c000de89b588d4b,2017-11-02 13:00:00,30,NO CONTROLS,NO CONTROLS,CLEAR,DAYLIGHT,ANGLE,NOT DIVIDED,STRAIGHT AND LEVEL,DRY,NO DEFECTS,INJURY AND / OR TOW DUE TO CRASH,"$501 - $1,500",FAILING TO YIELD RIGHT-OF-WAY,UNABLE TO DETERMINE,4600,W,WASHINGTON BLVD,2,"REPORTED, NOT EVIDENT",1.0,0.0,0.0,0.0,1.0,1.0,0.0,13,5,11
4089d19963a80a73331cc6a3dee1c9ea1a7b401bc2a06d22531e7578965bb30db51f355caed8a6546f9bbb6934b7f2a1da6abe09ee76cd0fcceaeba32d39292a,2021-11-19 09:10:00,30,TRAFFIC SIGNAL,FUNCTIONING PROPERLY,CLEAR,DAYLIGHT,REAR END,DIVIDED - W/MEDIAN (NOT RAISED),STRAIGHT AND LEVEL,DRY,NO DEFECTS,NO INJURY / DRIVE AWAY,"OVER $1,500",FOLLOWING TOO CLOSELY,FAILING TO REDUCE SPEED TO AVOID CRASH,758,W,ROOSEVELT RD,3,NO INDICATION OF INJURY,0.0,0.0,0.0,0.0,0.0,4.0,0.0,9,6,11
def0d870575db0bfc27bf24754a7d2c324a04f8b1d35cb85ab710e7ccce26d8e799865dc755c225aea2f19327d52dcdac7ba202a75485e54b5352fb92f1b2794,2023-03-23 18:51:00,30,NO CONTROLS,NO CONTROLS,CLOUDY/OVERCAST,DAYLIGHT,SIDESWIPE SAME DIRECTION,NOT DIVIDED,STRAIGHT AND LEVEL,WET,NO DEFECTS,NO INJURY / DRIVE AWAY,"OVER $1,500",IMPROPER LANE USAGE,NOT APPLICABLE,6900,N,WESTERN AVE,2,NO INDICATION OF INJURY,0.0,0.0,0.0,0.0,0.0,2.0,0.0,18,5,3
f671e49d81dcd19412330bb62c427e8d0323b0e4fef54d3adbc63965fb9c22d47fc8d425803ad7f9cfa3afd6b873f6814b5cbe231a619d2fb1f5c143b2c76301,2022-12-21 13:40:00,30,NO CONTROLS,NO CONTROLS,CLEAR,DAYLIGHT,REAR END,NOT DIVIDED,STRAIGHT AND LEVEL,DRY,NO DEFECTS,INJURY AND / OR TOW DUE TO CRASH,"OVER $1,500",DRIVING SKILLS/KNOWLEDGE/EXPERIENCE,NOT APPLICABLE,5651,N,WESTERN AVE,2,NO INDICATION OF INJURY,0.0,0.0,0.0,0.0,0.0,2.0,0.0,13,4,12
b6bb4727ac010c5ac5870ab37a7b363e6e05e5ff71a73984f11617c5bb3550de945335307d33ae5e855ca0d587966b26ccc5acb64020b1753d241a5d23ff1f19,2020-07-03 17:15:00,30,TRAFFIC SIGNAL,FUNCTIONING PROPERLY,CLEAR,DAYLIGHT,REAR END,DIVIDED - W/MEDIAN (NOT RAISED),STRAIGHT AND LEVEL,DRY,NO DEFECTS,INJURY AND / OR TOW DUE TO CRASH,"OVER $1,500",EQUIPMENT - VEHICLE CONDITION,NOT APPLICABLE,5756,W,DIVISION ST,3,NO INDICATION OF INJURY,0.0,0.0,0.0,0.0,0.0,4.0,0.0,17,6,7