CRASH_RECORD_ID,CRASH_DATE,POSTED_SPEED_LIMIT,TRAFFIC_CONTROL_DEVICE,DEVICE_CONDITION,WEATHER_CONDITION,LIGHTING_CONDITION,FIRST_CRASH_TYPE,TRAFFICWAY_TYPE,ALIGNMENT,ROADWAY_SURFACE_COND,ROAD_DEFECT,CRASH_TYPE,DAMAGE,PRIM_CONTRIBUTORY_CAUSE,SEC_CONTRIBUTORY_CAUSE,STREET_NO,STREET_DIRECTION,STREET_NAME,NUM_UNITS,MOST_SEVERE_INJURY,INJURIES_TOTAL,INJURIES_FATAL,INJURIES_INCAPACITATING,INJURIES_NON_INCAPACITATING,INJURIES_REPORTED_NOT_EVIDENT,INJURIES_NO_INDICATION,INJURIES_UNKNOWN,CRASH_HOUR,CRASH_DAY_OF_WEEK,CRASH_MONTH
35bcda64cefca8c978a1eff4daa4e69162c43862cf336572c390ee619cda690a0caa1ffb20973077d63623fdcc956ec8d830cfdcc6e1f4fdd624c392bd546de1,2019-01-20 20:00:00,30,NO CONTROLS,NO CONTROLS,CLEAR,"DARKNESS, LIGHTED ROAD",PARKED MOTOR VEHICLE,NOT DIVIDED,STRAIGHT AND LEVEL,UNKNOWN,UNKNOWN,NO INJURY / DRIVE AWAY,"OVER $1,500",UNABLE TO DETERMINE,UNABLE TO DETERMINE,1900,S,BLUE ISLAND AVE,2,NO INDICATION OF INJURY,0.0,0.0,0.0,0.0,0.0,1.0,0.0,20,1,1
72216361b1bff66e09c241b8550604060321577be728415e8ad456ca9b9f0dd39a2ad23d7f2b057ff289e016f78f11085afee262b46153f6dd524d5688b1e41b,2023-03-13 19:25:00,30,PEDESTRIAN CROSSING SIGN,NO CONTROLS,CLEAR,"DARKNESS, LIGHTED ROAD",PEDESTRIAN,FOUR WAY,STRAIGHT AND LEVEL,DRY,NO DEFECTS,INJURY AND / OR TOW DUE TO CRASH,$500 OR LESS,FAILING TO YIELD RIGHT-OF-WAY,DISREGARDING YIELD SIGN,7900,S,LANGLEY AVE,2,INCAPACITATING INJURY,1.0,0.0,1.0,0.0,0.0,1.0,0.0,19,2,3
6d110dc59590197508b64f590d9a44a7260857ebf3d9ba78288adb2ac97c15609812919982a71c482bde6fc0b6d377df63512c2e7b9a7d7f81aebb9bf73eebbc,2019-08-05 09:09:00,30,NO CONTROLS,NO CONTROLS,CLEAR,DAYLIGHT,REAR END,NOT DIVIDED,STRAIGHT AND LEVEL,DRY,NO DEFECTS,NO INJURY / DRIVE AWAY,"$501 - $1,500",UNABLE TO DETERMINE,UNABLE TO DETERMINE,4055,W,PETERSON AVE,5,NO INDICATION OF INJURY,0.0,0.0,0.0,0.0,0.0,5.0,0.0,9,2,8
52687b631e2b0e2db4ac0762b206c646f9ad1bd3c709e57fb727e75a8f625cc8c9ec2ec06036bdb243fdcf0f74508e72cc7e5910f9134a7a10f770639f04bca4,2018-03-19 16:00:00,30,UNKNOWN,UNKNOWN,CLEAR,DAYLIGHT,SIDESWIPE SAME DIRECTION,NOT DIVIDED,STRAIGHT AND LEVEL,DRY,NO DEFECTS,NO INJURY / DRIVE AWAY,"OVER $1,500",UNABLE TO DETERMINE,NOT APPLICABLE,350,W,BELMONT AVE,2,NO INDICATION OF INJURY,0.0,0.0,0.0,0.0,0.0,2.0,0.0,16,2,3
1fb013f1abcefc0e74d794f939b9e3ee3eff858c566ae50958fcb075c5b3244f032719093e7f5e1870509862e7f8f1a2c319f930625835e8bbf4204999eff11b,2021-07-03 23:00:00,30,TRAFFIC SIGNAL,FUNCTIONING PROPERLY,CLEAR,"DARKNESS, LIGHTED ROAD",REAR END,DIVIDED - W/MEDIAN (NOT RAISED),STRAIGHT AND LEVEL,DRY,NO DEFECTS,NO INJURY / DRIVE AWAY,"OVER $1,500",FAILING TO REDUCE SPEED TO AVOID CRASH,NOT APPLICABLE,700,S,LARAMIE AVE,2,NO INDICATION OF INJURY,0.0,0.0,0.0,0.0,0.0,2.0,0.0,23,7,7
ddddb785eeeb4cdced9df389783818097789a9e79a6782683668eddcbc5d76205409e414295ec61f27896df2a5f9ce92325142bb95dd9f771d921c7c087d6053,2024-03-02 15:00:00,30,TRAFFIC SIGNAL,FUNCTIONING PROPERLY,CLEAR,DAYLIGHT,REAR END,DIVIDED - W/MEDIAN (NOT RAISED),STRAIGHT AND LEVEL,DRY,NO DEFECTS,NO INJURY / DRIVE AWAY,"$501 - $1,500",UNABLE TO DETERMINE,UNABLE TO DETERMINE,4600,S,ASHLAND AVE,2,NO INDICATION OF INJURY,0.0,0.0,0.0,0.0,0.0,2.0,0.0,15,7,3
599547932bb832b598ab26b29849fc7757c7b453b6d5f61351b55c3c3db5e3f799727cdfdb80d8996ebd71dccb45c7ba4a93fb6e5a7f7bb72cc2ad3dcc29f32d,2018-01-04 18:00:00,30,TRAFFIC SIGNAL,UNKNOWN,CLEAR,DUSK,PEDALCYCLIST,NOT DIVIDED,STRAIGHT AND LEVEL,DRY,NO DEFECTS,NO INJURY / DRIVE AWAY,$500 OR LESS,UNABLE TO DETERMINE,UNABLE TO DETERMINE,400,N,STATE ST,2,NO INDICATION OF INJURY,0.0,0.0,0.0,0.0,0.0,3.0,0.0,18,5,1
c535708848e4b65ad14acba20e616528c0b4c3e4ddbc9981822cc1b3e7a259b04ef9c5e773bb6bb2e235eaffa9e68ddae67153fec665ba38ce11448e3bbd74c4,2016-11-07 16:40:00,30,NO CONTROLS,NO CONTROLS,CLEAR,DAYLIGHT,SIDESWIPE SAME DIRECTION,DIVIDED - W/MEDIAN (NOT RAISED),STRAIGHT AND LEVEL,DRY,NO DEFECTS,NO INJURY / DRIVE AWAY,"OVER $1,500",UNABLE TO DETERMINE,UNABLE TO DETERMINE,3942,W,LAKE ST,2,NO INDICATION OF INJURY,0.0,0.0,0.0,0.0,0.0,2.0,0.0,16,2,11
ee884d9b907d3a63afee106265414c4aedb71201f6b17d790d5acf0e26c1f4f629e58e25ef0a69c07f077b7042b839df4ba9369e460fca0f5a4cebddd06254b0,2019-06-15 01:00:00,30,NO CONTROLS,NO CONTROLS,UNKNOWN,"DARKNESS, LIGHTED ROAD",PARKED MOTOR VEHICLE,NOT DIVIDED,STRAIGHT AND LEVEL,UNKNOWN,NO DEFECTS,NO INJURY / DRIVE AWAY,"OVER $1,500",UNABLE TO DETERMINE,NOT APPLICABLE,5833,W,CATALPA AVE,2,NO INDICATION OF INJURY,0.0,0.0,0.0,0.0,0.0,1.0,0.0,1,7,6
7917ccc58f32536657e64d227641b8c4c21c68223208c6b5a7af892080a0286df338132ae8f7ad89ee8197fb78813f87efc8adbc05fbc3ee6ea5701f80d83ab4,2022-06-27 17:47:00,10,NO CONTROLS,NO CONTROLS,CLEAR,DAYLIGHT,REAR END,PARKING LOT,STRAIGHT AND LEVEL,DRY,NO DEFECTS,NO INJURY / DRIVE AWAY,"$501 - $1,500",FOLLOWING TOO CLOSELY,DRIVING SKILLS/KNOWLEDGE/EXPERIENCE,6624,N,RIDGE BLVD,2,NO INDICATION OF INJURY,0.0,0.0,0.0,0.0,0.0,2.0,0.0,17,2,6
8e20c5a5f200c155dcf9f54e16ab1c6f8408cab0174a345d8a383bd57c797bd92d62131996947731fbb8d725729fcdd5c382c20f22c8967254d9217513d0257a,2021-11-01 11:00:00,30,TRAFFIC SIGNAL,FUNCTIONING PROPERLY,CLEAR,DAYLIGHT,REAR END,DIVIDED - W/MEDIAN (NOT RAISED),STRAIGHT AND LEVEL,DRY,NO DEFECTS,NO INJURY / DRIVE AWAY,"OVER $1,500",FOLLOWING TOO CLOSELY,NOT APPLICABLE,4758,W,FULLERTON AVE,2,NO INDICATION OF INJURY,0.0,0.0,0.0,0.0,0.0,3.0,0.0,11,2,11
f612a66c3ba52b90176870a63591a04fed090030497eed9d0a4702b082ebf4cdeee2c05520ad49faeffc30c43ba3f42116fb1acb0ba75904115c8733722b5c7a,2023-10-14 18:06:00,30,NO CONTROLS,NO CONTROLS,CLOUDY/OVERCAST,"DARKNESS, LIGHTED ROAD",ANGLE,T-INTERSECTION,STRAIGHT AND LEVEL,WET,NO DEFECTS,INJURY AND / OR TOW DUE TO CRASH,"OVER $1,500",FAILING TO YIELD RIGHT-OF-WAY,FAILING TO YIELD RIGHT-OF-WAY,100,W,79TH ST,2,NONINCAPACITATING INJURY,1.0,0.0,0.0,1.0,0.0,3.0,0.0,18,7,10
3a7e5fff77c2ac8abb3db377b5256097daef29ca8c876c48f6a13ab50ce08164d85f7ece1ffb4974115fc540937cd7487c38f575eac3d64611f1fd53007e79c2,2021-10-10 05:47:00,45,NO CONTROLS,NO CONTROLS,CLEAR,DARKNESS,OTHER OBJECT,DIVIDED - W/MEDIAN BARRIER,STRAIGHT AND LEVEL,DRY,NO DEFECTS,INJURY AND / OR TOW DUE TO CRASH,"OVER $1,500",UNABLE TO DETERMINE,NOT APPLICABLE,2100,S,LAKE SHORE DR E,1,NO INDICATION OF INJURY,0.0,0.0,0.0,0.0,0.0,1.0,0.0,5,1,10
883ca00fb316ee3113759aa67892b1bf06932d3bbfaf93d64c7831f979e4d447d7c7faf3bd4862d87ddecbecbfa9b078412e832b1da366f5633673cca698cd53,2018-05-24 14:20:00,30,TRAFFIC SIGNAL,FUNCTIONING PROPERLY,CLEAR,DAYLIGHT,SIDESWIPE SAME DIRECTION,NOT DIVIDED,STRAIGHT AND LEVEL,DRY,NO DEFECTS,NO INJURY / DRIVE AWAY,"OVER $1,500",UNABLE TO DETERMINE,UNABLE TO DETERMINE,236,S,CICERO AVE,2,NO INDICATION OF INJURY,0.0,0.0,0.0,0.0,0.0,2.0,0.0,14,5,5
7e38a9df7541c11307728022a19d1cb9c0a0b9446344c34050f2657d8ab9b3a5db3a20a6f036ab883ac21a6723510f6d9b3b52907ae4b9dcefaf010f0a3a8264,2017-12-03 00:00:00,35,NO CONTROLS,NO CONTROLS,CLEAR,DARKNESS,ANGLE,NOT DIVIDED,STRAIGHT AND LEVEL,DRY,NO DEFECTS,NO INJURY / DRIVE AWAY,"OVER $1,500",FAILING TO YIELD RIGHT-OF-WAY,FAILING TO YIELD RIGHT-OF-WAY,2100,S,MICHIGAN AVE,2,NO INDICATION OF INJURY,0.0,0.0,0.0,0.0,0.0,3.0,0.0,0,1,12
2374d0035162af177cc77a1d5055f95141b8e9a954deb13dc81edc75b497d131dcc99369dafe774ab76bf8b2b5d1de8f82b35eb945cf9b3ec5754e9fda4487d7,2019-04-18 16:43:00,30,NO CONTROLS,NO CONTROLS,CLEAR,DAYLIGHT,TURNING,NOT DIVIDED,STRAIGHT AND LEVEL,DRY,NO DEFECTS,NO INJURY / DRIVE AWAY,"OVER $1,500",UNABLE TO DETERMINE,UNABLE TO DETERMINE,5500,S,PARKSIDE AVE,2,NO INDICATION OF INJURY,0.0,0.0,0.0,0.0,0.0,2.0,0.0,16,5,4
c4fe768ae8487ae9c0583cb53b7c8639dd6a3e20f398a0d60b865548e4d171261922846e492748da9aefe5143588eddf6f5d53be08d1abedb6491993648c5fb9,2018-08-15 05:40:00,30,NO CONTROLS,NO CONTROLS,CLEAR,DAYLIGHT,REAR END,NOT DIVIDED,STRAIGHT AND LEVEL,DRY,NO DEFECTS,NO INJURY / DRIVE AWAY,$500 OR LESS,UNABLE TO DETERMINE,FOLLOWING TOO CLOSELY,4700,W,48TH ST,2,NO INDICATION OF INJURY,0.0,0.0,0.0,0.0,0.0,2.0,0.0,5,4,8
4137990135641df30c6b64a6b8fd1ad6b255960757483d77e1a4b7cb4c6714fd5ad71ab39629bd8af2a260aa350a7ab3e0b0910b44300748500d92f8407e7350,2023-07-22 13:30:00,45,NO CONTROLS,NO CONTROLS,RAIN,DAYLIGHT,REAR END,OTHER,STRAIGHT ON HILLCREST,WET,NO DEFECTS,INJURY AND / OR TOW DUE TO CRASH,"OVER $1,500",UNABLE TO DETERMINE,UNABLE TO DETERMINE,1400,N,LAKE SHORE DR,3,NONINCAPACITATING INJURY,1.0,0.0,0.0,1.0,0.0,2.0,0.0,13,7,7
465cbbd2745236bc54492d4eacdef7e577e7282062bc8e05daf106d951d66881191d868d946f042878a12ec873d4b61993b99603ca62530a8b0248c496a40968,2019-11-11 18:40:00,30,STOP SIGN/FLASHER,NO CONTROLS,SNOW,DARKNESS,REAR END,ONE-WAY,STRAIGHT AND LEVEL,ICE,UNKNOWN,NO INJURY / DRIVE AWAY,"$501 - $1,500",WEATHER,FAILING TO REDUCE SPEED TO AVOID CRASH,5359,S,NEWCASTLE AVE,2,NO INDICATION OF INJURY,0.0,0.0,0.0,0.0,0.0,2.0,0.0,18,2,11
7a0fe5443f79c6eeed98880b6141a30f0ef9301c4f2b172282a6061c55b6162b162cc144a2460c223f771df81809a2d39e4b8127e2d63308b13ebffd2903966f,2017-12-17 14:30:00,30,NO CONTROLS,NO CONTROLS,CLEAR,DAYLIGHT,PARKED MOTOR VEHICLE,NOT DIVIDED,STRAIGHT AND LEVEL,DRY,NO DEFECTS,NO INJURY / DRIVE AWAY,"OVER $1,500",UNABLE TO DETERMINE,UNABLE TO DETERMINE,3200,N,LINCOLN AVE,2,NO INDICATION OF INJURY,0.0,0.0,0.0,0.0,0.0,1.0,0.0,14,1,12
ab81a2657ea45e96b3917044168d582becbb54ba5ca16423ef23415aaf2cee7aa0b777dc775a6b343c344b8f9e3f9b815a8edf24529b1a0390edc4c8c4c53574,2023-11-03 17:39:00,30,NO CONTROLS,NO CONTROLS,UNKNOWN,UNKNOWN,PARKED MOTOR VEHICLE,PARKING LOT,STRAIGHT AND LEVEL,UNKNOWN,UNKNOWN,NO INJURY / DRIVE AWAY,"$501 - $1,500",UNABLE TO DETERMINE,NOT APPLICABLE,5200,S,COTTAGE GROVE AVE,2,NO INDICATION OF INJURY,0.0,0.0,0.0,0.0,0.0,1.0,0.0,17,6,11
6fe94ee115b9b55eb443d53f3566c545fa1f9ca31f4eb60b892023b256622f1e06a2797a11ae676cc572e2034299c2b3098353f467029d0ec94bb7efe8f13a83,2018-12-07 11:11:00,20,TRAFFIC SIGNAL,FUNCTIONING PROPERLY,CLEAR,DAYLIGHT,PEDESTRIAN,NOT DIVIDED,STRAIGHT AND LEVEL,DRY,NO DEFECTS,INJURY AND / OR TOW DUE TO CRASH,$500 OR LESS,FAILING TO YIELD RIGHT-OF-WAY,FAILING TO YIELD RIGHT-OF-WAY,2,N,KEDZIE AVE,2,NONINCAPACITATING INJURY,1.0,0.0,0.0,1.0,0.0,1.0,0.0,11,6,12
3df52564880224eff24c3996be0db3fc36acd3354bb31ceca66b0d3beb2fd400b9dd755a0452592635431789c0b5dfb3afd915331bce2ed10eb4be81f772a365,2022-03-24 07:06:00,30,NO CONTROLS,NO CONTROLS,RAIN,DAYLIGHT,REAR END,DIVIDED - W/MEDIAN BARRIER,STRAIGHT AND LEVEL,WET,NO DEFECTS,NO INJURY / DRIVE AWAY,"$501 - $1,500",FOLLOWING TOO CLOSELY,WEATHER,45,W,111TH ST,2,NO INDICATION OF INJURY,0.0,0.0,0.0,0.0,0.0,2.0,0.0,7,5,3
6a618e048c59e2979b51f025d14beb3a49cd962c399d569cfaef120db9ec7b3cd018c4da12179749decd44fc948029ea650140e30177d5046120a0b7a9398338,2019-11-30 00:01:00,25,NO CONTROLS,NO CONTROLS,CLEAR,"DARKNESS, LIGHTED ROAD",PARKED MOTOR VEHICLE,ONE-WAY,STRAIGHT AND LEVEL,DRY,NO DEFECTS,NO INJURY / DRIVE AWAY,"OVER $1,500",UNABLE TO DETERMINE,NOT APPLICABLE,5256,N,LA CROSSE AVE,2,NO INDICATION OF INJURY,0.0,0.0,0.0,0.0,0.0,1.0,0.0,0,7,11
6a5c22fc7601cbac38192bc9dbf75cec7805cbbfc230a8c1f752b2a7ef80506c197773ff6d087c0d8650630a89b64ad9adf1c6b291556c0e0443e8e52614dd4d,2023-06-03 12:37:00,30,TRAFFIC SIGNAL,FUNCTIONING PROPERLY,CLEAR,DAYLIGHT,SIDESWIPE SAME DIRECTION,ONE-WAY,STRAIGHT AND LEVEL,DRY,NO DEFECTS,NO INJURY / DRIVE AWAY,"$501 - $1,500",UNABLE TO DETERMINE,NOT APPLICABLE,502,E,ILLINOIS ST,2,NO INDICATION OF INJURY,0.0,0.0,0.0,0.0,0.0,2.0,0.0,12,7,6
705a76267f34fa763e4480316b9e55295653919e8fd8e4cb8d7966cd313bfb84a4088e7c30690181b6dac32bab734334d255e1a5976c5796050d4ce5783fa3fa,2023-01-29 19:40:00,30,TRAFFIC SIGNAL,FUNCTIONING PROPERLY,FREEZING RAIN/DRIZZLE,DUSK,REAR END,NOT DIVIDED,STRAIGHT AND LEVEL,WET,NO DEFECTS,INJURY AND / OR TOW DUE TO CRASH,"OVER $1,500",WEATHER,WEATHER,653,N,ORLEANS ST,3,NO INDICATION OF INJURY,0.0,0.0,0.0,0.0,0.0,4.0,0.0,19,1,1
e473e23a84b02055fe570f8b7d47a933eaaf097bbc03434ec1aa597be617661bd22eb47d8cb9bb824cdb635fbe04d867309e6f4e95449cba70098c6f8f92d13b,2024-02-25 18:25:00,30,STOP SIGN/FLASHER,NO CONTROLS,CLEAR,"DARKNESS, LIGHTED ROAD",REAR END,ONE-WAY,STRAIGHT AND LEVEL,DRY,NO DEFECTS,NO INJURY / DRIVE AWAY,"OVER $1,500",UNABLE TO DETERMINE,UNABLE TO DETERMINE,155,W,84TH ST,3,NO INDICATION OF INJURY,0.0,0.0,0.0,0.0,0.0,3.0,0.0,18,1,2
67da2909e62194776862f03551998c1fb3abfab7d66ce40bba78e583c7814840a4d36173f854e17cad337f1b7d74235850c9e24f31919c0e6aa38add4dc5199c,2017-05-24 12:50:00,30,NO CONTROLS,NO CONTROLS,CLEAR,DAYLIGHT,REAR END,NOT DIVIDED,STRAIGHT AND LEVEL,DRY,NO DEFECTS,INJURY AND / OR TOW DUE TO CRASH,"OVER $1,500",FOLLOWING TOO CLOSELY,NOT APPLICABLE,3800,S,RHODES AVE,2,NO INDICATION OF INJURY,0.0,0.0,0.0,0.0,0.0,2.0,0.0,12,4,5
ec1b323a0b1e37a11d0bc0539b69a1a761f3646df652fcf1e971e0ce42f30028b22a08afbddb98cd9d2f34867ccaf4d90102064a2aeca4b979d308fd71b61ccb,2019-06-23 01:30:00,30,STOP SIGN/FLASHER,NO CONTROLS,RAIN,DUSK,ANGLE,T-INTERSECTION,STRAIGHT AND LEVEL,WET,NO DEFECTS,INJURY AND / OR TOW DUE TO CRASH,"OVER $1,500",UNABLE TO DETERMINE,NOT APPLICABLE,8201,S,JEFFERY BLVD,2,NO INDICATION OF INJURY,0.0,0.0,0.0,0.0,0.0,2.0,0.0,1,1,6
e38c89aaa88b29d9ff7472ebf6eef7d4d4f82139df12c3547a9c2ef081816f9c2b47ff5da9a694b47c97f049661ea5b40e126a81be354be6dd65d955c4f9b082,2016-11-12 16:00:00,20,NO CONTROLS,NO CONTROLS,CLEAR,DAYLIGHT,PARKED MOTOR VEHICLE,ONE-WAY,STRAIGHT AND LEVEL,DRY,NO DEFECTS,NO INJURY / DRIVE AWAY,"OVER $1,500",UNABLE TO DETERMINE,UNABLE TO DETERMINE,1138,N,KEDVALE AVE,2,NO INDICATION OF INJURY,0.0,0.0,0.0,0.0,0.0,1.0,0.0,16,7,11
554ee2daf47a70af7888886216b71648b44cfa62c22cb19dd8f26622d63123776e252b106f37f9272cfc1579ffb41e57cdaada53eb38fc2b885d3fe2cf7f3412,2020-03-10 23:24:00,15,NO CONTROLS,NO CONTROLS,CLEAR,UNKNOWN,PARKED MOTOR VEHICLE,ONE-WAY,STRAIGHT AND LEVEL,UNKNOWN,UNKNOWN,NO INJURY / DRIVE AWAY,"$501 - $1,500",IMPROPER BACKING,NOT APPLICABLE,811,W,JACKSON BLVD,2,NO INDICATION OF INJURY,0.0,0.0,0.0,0.0,0.0,1.0,0.0,23,3,3
17155dd6a5303e6851b37f51c8b465d2d204b5bd9d4febf6772a865e3f029ad9bfc80cf3b2765c891e0b16ee9de46213e456e39af1ecb8d63fbb1ebf0a651c85,2017-08-21 17:10:00,15,NO CONTROLS,NO CONTROLS,CLEAR,DAYLIGHT,ANGLE,PARKING LOT,STRAIGHT AND LEVEL,DRY,NO DEFECTS,NO INJURY / DRIVE AWAY,$500 OR LESS,IMPROPER BACKING,NOT APPLICABLE,9560,S,HALSTED ST,2,NO INDICATION OF INJURY,0.0,0.0,0.0,0.0,0.0,4.0,0.0,17,2,8
0e065a6135f94e05c8e73389e9c7da72d0192b7a01de64431f44e3d2fadec2cd98d411bb2f12139a6c2aa1fedd9c87c64f08473fa7b594b0d3dd9ac3b5447ace,2022-03-18 12:00:00,30,NO CONTROLS,NO CONTROLS,CLEAR,DAYLIGHT,PARKED MOTOR VEHICLE,NOT DIVIDED,STRAIGHT AND LEVEL,DRY,NO DEFECTS,NO INJURY / DRIVE AWAY,$500 OR LESS,UNABLE TO DETERMINE,UNABLE TO DETERMINE,11248,S,MICHIGAN AVE,2,NO INDICATION OF INJURY,0.0,0.0,0.0,0.0,0.0,1.0,0.0,12,6,3
cbaeaa93cbff60647e28d8f6125eef36c94d07dd381aa7e9d14cae876ec70349606fd09cf4598b2a6dfc376a6b0f59cfe17c764ed51e9d869a74b729079683fd,2018-07-25 21:24:00,30,TRAFFIC SIGNAL,FUNCTIONING PROPERLY,CLEAR,DARKNESS,TURNING,NOT DIVIDED,STRAIGHT AND LEVEL,DRY,NO DEFECTS,NO INJURY / DRIVE AWAY,"$501 - $1,500",FAILING TO YIELD RIGHT-OF-WAY,NOT APPLICABLE,2819,N,CENTRAL AVE,2,NO INDICATION OF INJURY,0.0,0.0,0.0,0.0,0.0,3.0,0.0,21,4,7
ef00c607955940bb88b35d059bd90a756997fbe5eadc7ac7c0a69cd06459cbfa89865fa1af174ff20f79bc2e6cc364c8c549e7536abe050440980ca69c95dd16,2020-01-09 14:50:00,30,NO CONTROLS,NO CONTROLS,UNKNOWN,DAYLIGHT,REAR END,NOT DIVIDED,STRAIGHT AND LEVEL,UNKNOWN,UNKNOWN,NO INJURY / DRIVE AWAY,"OVER $1,500",UNABLE TO DETERMINE,UNABLE TO DETERMINE,2380,N,DAMEN AVE,2,NO INDICATION OF INJURY,0.0,0.0,0.0,0.0,0.0,2.0,0.0,14,5,1
5ae941ed087c9f2af892d5c1dd7c146af2547bbcf3964a973440b095b0c918afcdd3d72cee308b44930ba372515774825ca105752b1fb0672324d43eaea27410,2020-09-11 15:00:00,25,NO CONTROLS,NO CONTROLS,CLEAR,UNKNOWN,PARKED MOTOR VEHICLE,NOT DIVIDED,STRAIGHT AND LEVEL,DRY,NO DEFECTS,INJURY AND / OR TOW DUE TO CRASH,"OVER $1,500",UNABLE TO DETERMINE,UNABLE TO DETERMINE,9252,S,EUCLID AVE,2,NO INDICATION OF INJURY,0.0,0.0,0.0,0.0,0.0,1.0,0.0,15,6,9
5ca7aa402e777670549e5c64ebca24c80732d300915b0fd347dfb72c4b92a6dc3fcf0ddac3324b40332ac8107bcab570dc6adc8d49b2c30b7d71de9537ebe5dc,2018-12-14 02:55:00,25,NO CONTROLS,NO CONTROLS,RAIN,"DARKNESS, LIGHTED ROAD",OTHER OBJECT,NOT DIVIDED,"CURVE, LEVEL",WET,NO DEFECTS,INJURY AND / OR TOW DUE TO CRASH,"OVER $1,500",EXCEEDING AUTHORIZED SPEED LIMIT,WEATHER,7700,S,SPAULDING AVE,1,NO INDICATION OF INJURY,0.0,0.0,0.0,0.0,0.0,1.0,0.0,2,6,12
b5ec2a1469175912a88a971bbb85548b062cc6d0ac3e4a1d0fa56491b0b2cdc58b7b4e02b4598893b0006d5c4050a342f4410de954a38eb374e1cb990df54d7a,2019-02-10 14:25:00,30,NO CONTROLS,NO CONTROLS,SNOW,DAYLIGHT,HEAD ON,OTHER,STRAIGHT AND LEVEL,ICE,UNKNOWN,INJURY AND / OR TOW DUE TO CRASH,"OVER $1,500",WEATHER,EXCEEDING SAFE SPEED FOR CONDITIONS,6573,N,CALDWELL AVE,2,NONINCAPACITATING INJURY,2.0,0.0,0.0,2.0,0.0,0.0,0.0,14,1,2
b1d84bba5951092d6c84f287a9d2598c8fc75f608fe12741122021fc850612a2c4a1cfb7ecd059226d9d18f7b3580b74ea4548a51d25b09b9125d7faf65d5af8,2017-11-05 20:30:00,35,NO CONTROLS,NO CONTROLS,CLEAR,"DARKNESS, LIGHTED ROAD",SIDESWIPE SAME DIRECTION,NOT DIVIDED,STRAIGHT AND LEVEL,WET,NO DEFECTS,NO INJURY / DRIVE AWAY,"OVER $1,500",FOLLOWING TOO CLOSELY,FOLLOWING TOO CLOSELY,140,W,CHICAGO AVE,2,NO INDICATION OF INJURY,0.0,0.0,0.0,0.0,0.0,2.0,0.0,20,1,11
772f9662977747a139d618a5cd76ba7e9fa2876c86ea2e6e41a8fddd0ed214bfd0ebee77deb4c10d63906aee9766d93b4ad77ab7affa2aeec9a4c47dc3d645ff,2018-10-30 23:00:00,20,NO CONTROLS,OTHER,CLEAR,"DARKNESS, LIGHTED ROAD",ANGLE,ALLEY,STRAIGHT AND LEVEL,WET,UNKNOWN,NO INJURY / DRIVE AWAY,$500 OR LESS,UNABLE TO DETERMINE,UNABLE TO DETERMINE,7829,S,EXCHANGE AVE,2,NO INDICATION OF INJURY,0.0,0.0,0.0,0.0,0.0,2.0,0.0,23,3,10
d47a5f19da0b198d12b0982453d1ba067f56cd42f24a9124797bdb0eaf09949ce91c62d0eb320903238632ceecb390013f8dff684145462d59863c4c5d977879,2023-09-10 06:00:00,30,TRAFFIC SIGNAL,FUNCTIONING PROPERLY,CLEAR,DAWN,REAR END,NOT DIVIDED,STRAIGHT AND LEVEL,DRY,NO DEFECTS,NO INJURY / DRIVE AWAY,"$501 - $1,500",FAILING TO REDUCE SPEED TO AVOID CRASH,FOLLOWING TOO CLOSELY,6458,S,WESTERN AVE,2,NO INDICATION OF INJURY,0.0,0.0,0.0,0.0,0.0,2.0,0.0,6,1,9
ce1f2e1eca1460eb513ee763dd09e210fa669a8a3d66edeeedf80a14e0ffb78b9082ce1ca39cbccc5ee9350370d8e093a1b18f981c0a91f3c227c8c4ed34dbab,2016-12-19 08:20:00,30,TRAFFIC SIGNAL,FUNCTIONING PROPERLY,CLEAR,DAYLIGHT,REAR END,DIVIDED - W/MEDIAN (NOT RAISED),STRAIGHT AND LEVEL,ICE,UNKNOWN,INJURY AND / OR TOW DUE TO CRASH,"OVER $1,500",WEATHER,UNABLE TO DETERMINE,6301,S,HARLEM AVE,2,"REPORTED, NOT EVIDENT",1.0,0.0,0.0,0.0,1.0,2.0,0.0,8,2,12
ef866061ae42a38c57d5d2b942263da0e77f71ae5e4458eab4261be58db8e6c481af218b4120ac6500f3814b454c4796c43b070d01eaa725439f6410eece9799,2018-01-05 15:00:00,30,NO CONTROLS,NO CONTROLS,CLEAR,DAYLIGHT,REAR END,NOT DIVIDED,STRAIGHT AND LEVEL,DRY,NO DEFECTS,NO INJURY / DRIVE AWAY,"OVER $1,500",FOLLOWING TOO CLOSELY,FOLLOWING TOO CLOSELY,1550,N,HOMAN AVE,2,NO INDICATION OF INJURY,0.0,0.0,0.0,0.0,0.0,2.0,0.0,15,6,1
6c6676d64b6bc6f0b1bf763197a1c2e765520a41548652d5a8cc2d0556779c9d1dc7a9b11a899a14a22bfa90f9a791a7dceece2046c0b2ba03882302531602e4,2022-07-18 14:10:00,35,OTHER,FUNCTIONING PROPERLY,CLEAR,DAYLIGHT,SIDESWIPE SAME DIRECTION,DIVIDED - W/MEDIAN BARRIER,STRAIGHT AND LEVEL,DRY,NO DEFECTS,NO INJURY / DRIVE AWAY,"$501 - $1,500",IMPROPER OVERTAKING/PASSING,UNABLE TO DETERMINE,340,N,LAKE SHORE DR SB,2,NO INDICATION OF INJURY,0.0,0.0,0.0,0.0,0.0,2.0,0.0,14,2,7