CRASH_RECORD_ID,CRASH_DATE,POSTED_SPEED_LIMIT,TRAFFIC_CONTROL_DEVICE,DEVICE_CONDITION,WEATHER_CONDITION,LIGHTING_CONDITION,FIRST_CRASH_TYPE,TRAFFICWAY_TYPE,ALIGNMENT,ROADWAY_SURFACE_COND,ROAD_DEFECT,CRASH_TYPE,DAMAGE,PRIM_CONTRIBUTORY_CAUSE,SEC_CONTRIBUTORY_CAUSE,STREET_NO,STREET_DIRECTION,STREET_NAME,NUM_UNITS,MOST_SEVERE_INJURY,INJURIES_TOTAL,INJURIES_FATAL,INJURIES_INCAPACITATING,INJURIES_NON_INCAPACITATING,INJURIES_REPORTED_NOT_EVIDENT,INJURIES_NO_INDICATION,INJURIES_UNKNOWN,CRASH_HOUR,CRASH_DAY_OF_WEEK,CRASH_MONTH
523dc67a2611652cdf57716fc35098c8ab3e2f466818cebbf00d893e4dd5b4cdf34c2c4209801ae58e9965edb4b5ac00ab09df3e77de57b982077315923fdf01,2018-12-17 06:20:00,30,NO CONTROLS,NO CONTROLS,CLEAR,DUSK,ANGLE,NOT DIVIDED,STRAIGHT AND LEVEL,DRY,NO DEFECTS,NO INJURY / DRIVE AWAY,"OVER $1,500",FAILING TO YIELD RIGHT-OF-WAY,NOT APPLICABLE,5624,W,ROOSEVELT RD,2,NO INDICATION OF INJURY,0.0,0.0,0.0,0.0,0.0,2.0,0.0,6,2,12
55ba0e36b57b99acaa624b8a054fea0455a92e68edb8416fdf0b89832a8e82c4f7cff5de7decf6c9ce853f41ee728c3a875141e4bf4798f2801db252571e6a6a,2019-03-28 13:15:00,30,TRAFFIC SIGNAL,FUNCTIONING PROPERLY,CLEAR,DAYLIGHT,TURNING,NOT DIVIDED,STRAIGHT AND LEVEL,DRY,NO DEFECTS,NO INJURY / DRIVE AWAY,"OVER $1,500",UNABLE TO DETERMINE,NOT APPLICABLE,3200,W,WARREN BLVD,2,NO INDICATION OF INJURY,0.0,0.0,0.0,0.0,0.0,4.0,0.0,13,5,3
0ce0870efab4e41bcba926eb0657592fe6e7ffcac70ca7caaeb2262968e41f75e40c22e9d500e80165d941ac53dbee63a362f2439cba601504d66863c06554e2,2022-08-23 12:01:00,30,NO CONTROLS,NO CONTROLS,RAIN,DAYLIGHT,PARKED MOTOR VEHICLE,NOT DIVIDED,STRAIGHT AND LEVEL,DRY,NO DEFECTS,NO INJURY / DRIVE AWAY,"OVER $1,500",UNABLE TO DETERMINE,NOT APPLICABLE,230,W,47TH ST,2,NO INDICATION OF INJURY,0.0,0.0,0.0,0.0,0.0,1.0,0.0,12,3,8
39bc39b45bd028151d01ce9160183f97e78d082442a8ec56a9e573211032e68919fcfbc05f89eea6bf78efa3867a9e6991a974c8234b68bff686d82b0e0fff76,2024-01-28 19:00:00,25,NO CONTROLS,NO CONTROLS,UNKNOWN,UNKNOWN,PARKED MOTOR VEHICLE,NOT DIVIDED,STRAIGHT AND LEVEL,UNKNOWN,UNKNOWN,NO INJURY / DRIVE AWAY,"OVER $1,500",IMPROPER BACKING,UNABLE TO DETERMINE,4242,N,SHERIDAN RD,2,NO INDICATION OF INJURY,0.0,0.0,0.0,0.0,0.0,1.0,0.0,19,1,1
d28481a1f995dfe10e7d68c2a6877fef21f5ff1c9e5bafc707144e5f6e70c07e54293d1a758d0f04860ad6e8e29dd9fa427af9a21905d5834509e58be701c3f5,2016-12-20 07:50:00,30,OTHER,NO CONTROLS,CLEAR,DAYLIGHT,PEDESTRIAN,NOT DIVIDED,STRAIGHT AND LEVEL,DRY,NO DEFECTS,NO INJURY / DRIVE AWAY,$500 OR LESS,UNABLE TO DETERMINE,UNABLE TO DETERMINE,5415,S,UNION AVE,2,NO INDICATION OF INJURY,0.0,0.0,0.0,0.0,0.0,2.0,0.0,7,3,12
e853486855f23e41d99ecd1dbca9dbc8eff23dcbb530684b827b1adaeb68eeecdbbe3f15b0b4ea24aadb7c6ef90a126efebac2ca25c17b8e1a8604a553e2c37e,2018-11-12 13:30:00,15,NO CONTROLS,NO CONTROLS,CLEAR,DAYLIGHT,OTHER OBJECT,NOT DIVIDED,STRAIGHT AND LEVEL,DRY,DEBRIS ON ROADWAY,NO INJURY / DRIVE AWAY,$500 OR LESS,NOT APPLICABLE,NOT APPLICABLE,4140,N,KEDVALE AVE,2,NO INDICATION OF INJURY,0.0,0.0,0.0,0.0,0.0,1.0,0.0,13,2,11
94aa078ff02b79504ed874fcad5a68ebb254f2b6c5fc0cfd9f1262fcb5078957823c2bb7908d2b2eecf6a93d746dbfa2593c73e702907dc7776f1845d5332dc6,2023-02-02 11:18:00,30,NO CONTROLS,NO CONTROLS,CLEAR,DAYLIGHT,SIDESWIPE SAME DIRECTION,NOT DIVIDED,STRAIGHT AND LEVEL,DRY,NO DEFECTS,NO INJURY / DRIVE AWAY,"OVER $1,500",NOT APPLICABLE,UNABLE TO DETERMINE,1907,W,NORTH AVE,2,NO INDICATION OF INJURY,0.0,0.0,0.0,0.0,0.0,2.0,0.0,11,5,2
d1138f6b75855638fdaee015b9c88e114ee47fa80140b677b9e93f05e8715de8e28f7c3ed748b734316423b343d95ba251425197138dad8e0e9d1f0fc22fdfa5,2018-06-17 10:22:00,30,TRAFFIC SIGNAL,FUNCTIONING IMPROPERLY,CLEAR,DAYLIGHT,SIDESWIPE SAME DIRECTION,DIVIDED - W/MEDIAN (NOT RAISED),STRAIGHT ON GRADE,DRY,WORN SURFACE,INJURY AND / OR TOW DUE TO CRASH,"OVER $1,500",IMPROPER BACKING,DRIVING ON WRONG SIDE/WRONG WAY,836,E,95TH ST,2,NO INDICATION OF INJURY,0.0,0.0,0.0,0.0,0.0,2.0,0.0,10,1,6
78f5862e5816b88c3f1a084371dd47b5cafd8ff1f9218a348d699ec06c9a6d4812e15c93fe0d27373eb95345433a52712dd5bd5b43b99ac18477f284e239c990,2020-10-11 20:03:00,30,NO CONTROLS,NO CONTROLS,CLEAR,DARKNESS,PARKED MOTOR VEHICLE,DIVIDED - W/MEDIAN (NOT RAISED),STRAIGHT AND LEVEL,DRY,NO DEFECTS,NO INJURY / DRIVE AWAY,"OVER $1,500",DRIVING SKILLS/KNOWLEDGE/EXPERIENCE,NOT APPLICABLE,4038,W,83RD ST,2,NO INDICATION OF INJURY,0.0,0.0,0.0,0.0,0.0,1.0,0.0,20,1,10
b81d53ecb0c8b54bc2260100a41d279b0406e53d0decf58bd89ac8e6c43bf7c0a3f2fd6cf9398df2e2922405e4c3e013f8f8323baa40055bbecd3735d9f600f5,2019-05-25 23:00:00,25,NO CONTROLS,NO CONTROLS,UNKNOWN,UNKNOWN,PARKED MOTOR VEHICLE,ONE-WAY,STRAIGHT AND LEVEL,UNKNOWN,NO DEFECTS,INJURY AND / OR TOW DUE TO CRASH,"OVER $1,500",UNABLE TO DETERMINE,UNABLE TO DETERMINE,5816,S,RUTHERFORD AVE,2,NO INDICATION OF INJURY,0.0,0.0,0.0,0.0,0.0,1.0,0.0,23,7,5
e5b189cbb517384fc437cfb32a548f982e9d72092334efc9890d0e1897a6b5772c51347d045c5fd842b2b9678fd71b6abad8be10702b1855d5d3fc8bd3de02f1,2020-10-10 16:27:00,25,NO CONTROLS,NO CONTROLS,CLEAR,DAYLIGHT,PARKED MOTOR VEHICLE,ONE-WAY,STRAIGHT AND LEVEL,DRY,NO DEFECTS,INJURY AND / OR TOW DUE TO CRASH,"OVER $1,500",UNABLE TO DETERMINE,UNABLE TO DETERMINE,7440,S,VERNON AVE,2,NO INDICATION OF INJURY,0.0,0.0,0.0,0.0,0.0,1.0,0.0,16,7,10
fb92dc42d52ef0adc5a04257e4e7404636228a9ba0ccc9ee7e6a7f00024f029e906691871c5688416a28a78709864d1884f847c4fd0d7bfbaa2fc5299f511d8a,2021-07-07 15:15:00,25,NO CONTROLS,NO CONTROLS,CLEAR,DAYLIGHT,SIDESWIPE SAME DIRECTION,NOT DIVIDED,STRAIGHT AND LEVEL,DRY,NO DEFECTS,NO INJURY / DRIVE AWAY,"$501 - $1,500",UNABLE TO DETERMINE,UNABLE TO DETERMINE,6753,N,RIDGE BLVD,2,NO INDICATION OF INJURY,0.0,0.0,0.0,0.0,0.0,2.0,0.0,15,4,7
9ea3367349183fdeb831a1056b3ceda4272085559400cdf55a38a90b481e5ac7c1326315d9502aea2b5d875329f080da1cdf9ba0efc68a71e683c9617e87560e,2018-08-18 16:15:00,15,UNKNOWN,UNKNOWN,CLEAR,DAYLIGHT,REAR END,OTHER,STRAIGHT AND LEVEL,UNKNOWN,OTHER,NO INJURY / DRIVE AWAY,$500 OR LESS,UNABLE TO DETERMINE,NOT APPLICABLE,7701,S,STATE ST,2,NO INDICATION OF INJURY,0.0,0.0,0.0,0.0,0.0,3.0,0.0,16,7,8
f8d9a9c286c0610680b6e79add10a7acb1015e528c3ea709a489eddae887e1774776f8ffd18efb9048988d2e37441c842e68337ca7a5cb56fc6d99e992f6a200,2022-09-01 14:00:00,30,NO CONTROLS,NO CONTROLS,UNKNOWN,UNKNOWN,PARKED MOTOR VEHICLE,DIVIDED - W/MEDIAN (NOT RAISED),STRAIGHT AND LEVEL,UNKNOWN,UNKNOWN,NO INJURY / DRIVE AWAY,"$501 - $1,500",UNABLE TO DETERMINE,NOT APPLICABLE,7334,N,RIDGE BLVD,2,NO INDICATION OF INJURY,0.0,0.0,0.0,0.0,0.0,1.0,0.0,14,5,9
c3b59e3b3a292cf7fba0644d917f6d03dc936469443395bba2fec9661fe88140c08eeb6a607ca1a492b2edc546adebb58b238601542d30e6662fb29e66c6753a,2016-11-09 12:25:00,30,NO CONTROLS,NO CONTROLS,CLEAR,DAYLIGHT,SIDESWIPE OPPOSITE DIRECTION,NOT DIVIDED,STRAIGHT AND LEVEL,DRY,NO DEFECTS,NO INJURY / DRIVE AWAY,"OVER $1,500",IMPROPER BACKING,NOT APPLICABLE,555,N,FRANKLIN ST,2,NO INDICATION OF INJURY,0.0,0.0,0.0,0.0,0.0,2.0,0.0,12,4,11
197cad393254e6f8bc5ca8bb73551dd2d7779767a2cb017df0212757eb10902e57b891d62d3fb2404a30f8647a6f7e2bc729117b195ed31249c05d37f04d45be,2021-04-03 23:30:00,20,NO CONTROLS,NO CONTROLS,CLEAR,"DARKNESS, LIGHTED ROAD",ANGLE,ALLEY,STRAIGHT AND LEVEL,DRY,NO DEFECTS,INJURY AND / OR TOW DUE TO CRASH,"OVER $1,500",FAILING TO YIELD RIGHT-OF-WAY,FAILING TO REDUCE SPEED TO AVOID CRASH,6299,S,MULLIGAN AVE,2,"REPORTED, NOT EVIDENT",1.0,0.0,0.0,0.0,1.0,1.0,0.0,23,7,4
58e0db58aea12ab433fcbdffa3239dbf58d7abf792665364b6517d8698a87fa5240147d07ecf593ec221098dfa8ff69c34a75cbb635395b2f881a9c16a447f4e,2019-12-15 17:30:00,30,NO CONTROLS,NO CONTROLS,CLEAR,"DARKNESS, LIGHTED ROAD",PARKED MOTOR VEHICLE,NOT DIVIDED,STRAIGHT AND LEVEL,DRY,NO DEFECTS,NO INJURY / DRIVE AWAY,"OVER $1,500",UNABLE TO DETERMINE,UNABLE TO DETERMINE,11050,S,MORGAN ST,2,NO INDICATION OF INJURY,0.0,0.0,0.0,0.0,0.0,1.0,0.0,17,1,12
0132db5e8d317d0e2ad4541dc15e78e01a9279a997ac55f8dddb09701c53399950aefb8bedb3e94ccf6d3dace498d9abf377ead420118c0d147c76791fc74421,2019-08-22 15:00:00,30,TRAFFIC SIGNAL,FUNCTIONING PROPERLY,CLEAR,DAYLIGHT,REAR END,NOT DIVIDED,STRAIGHT AND LEVEL,DRY,NO DEFECTS,NO INJURY / DRIVE AWAY,"$501 - $1,500",UNABLE TO DETERMINE,UNABLE TO DETERMINE,1507,W,LAWRENCE AVE,2,NO INDICATION OF INJURY,0.0,0.0,0.0,0.0,0.0,2.0,0.0,15,5,8
6ff5b45dc1be254984ee0570f183e24f977dc17057362e0c9ff391d51f2915b53d59580f59b5ced6e6bf7dcfbdc31b8115b005592aba0a7bba68a68a00415f8f,2019-01-24 08:15:00,25,NO CONTROLS,NO CONTROLS,CLEAR,DAYLIGHT,ANGLE,ONE-WAY,STRAIGHT AND LEVEL,ICE,NO DEFECTS,NO INJURY / DRIVE AWAY,"OVER $1,500",WEATHER,NOT APPLICABLE,1546,N,PARKSIDE AVE,2,NO INDICATION OF INJURY,0.0,0.0,0.0,0.0,0.0,2.0,0.0,8,5,1
18a4d542412f5b034268d512ac659504877419d6fa7aa62bd9d2d20b613cc6962434b57d841fec276cb510d0cca35e66f337a49d872a2f0433c5ebfc4992bc4c,2019-10-26 03:30:00,30,TRAFFIC SIGNAL,FUNCTIONING PROPERLY,RAIN,"DARKNESS, LIGHTED ROAD",REAR END,NOT DIVIDED,STRAIGHT AND LEVEL,WET,NO DEFECTS,NO INJURY / DRIVE AWAY,"OVER $1,500",FAILING TO YIELD RIGHT-OF-WAY,FAILING TO REDUCE SPEED TO AVOID CRASH,3400,W,LAWRENCE AVE,2,NO INDICATION OF INJURY,0.0,0.0,0.0,0.0,0.0,2.0,0.0,3,7,10
72f5f16d6ab4aa35de5baae0b33ef519969c37232b6b8b0fac310ba5d12a356d43f6ef4716ac0d7814afa2394f57ee4231875ec48d63b99eb20caf858d1f9e58,2020-12-22 12:15:00,30,NO CONTROLS,NO CONTROLS,UNKNOWN,DAYLIGHT,REAR END,NOT DIVIDED,STRAIGHT AND LEVEL,UNKNOWN,NO DEFECTS,INJURY AND / OR TOW DUE TO CRASH,"OVER $1,500",DRIVING SKILLS/KNOWLEDGE/EXPERIENCE,NOT APPLICABLE,1400,W,NORTH AVE,2,"REPORTED, NOT EVIDENT",1.0,0.0,0.0,0.0,1.0,1.0,0.0,12,3,12
c991a90c467631ae713a0497dd2ef80c756c52482ae070cf210f3961bff927579b80629769e11362569293ca63f0053c07f1a2939bc6c9f9e1dac99445954a27,2019-03-09 10:50:00,30,TRAFFIC SIGNAL,FUNCTIONING PROPERLY,CLEAR,DAYLIGHT,REAR END,NOT DIVIDED,STRAIGHT AND LEVEL,DRY,NO DEFECTS,INJURY AND / OR TOW DUE TO CRASH,"OVER $1,500",FOLLOWING TOO CLOSELY,NOT APPLICABLE,2626,N,MILWAUKEE AVE,2,NO INDICATION OF INJURY,0.0,0.0,0.0,0.0,0.0,2.0,0.0,10,7,3
37d0d59686032026195d405e8ad4c9be1e0ffdfb4dadb7c71daf714a68185f4de8d3fe606a9a4c09ada1778b758161e03a50419414aa1c3e0513f430ea16df77,2017-06-16 09:45:00,35,NO CONTROLS,NO CONTROLS,CLOUDY/OVERCAST,DAYLIGHT,ANGLE,ONE-WAY,STRAIGHT AND LEVEL,WET,NO DEFECTS,INJURY AND / OR TOW DUE TO CRASH,"OVER $1,500","VISION OBSCURED (SIGNS, TREE LIMBS, BUILDINGS, ETC.)",FAILING TO YIELD RIGHT-OF-WAY,1212,W,BARRY AVE,2,NONINCAPACITATING INJURY,1.0,0.0,0.0,1.0,0.0,2.0,0.0,9,6,6
55a7aadfefaf3056b2edf82705384683868a3630832938a5ce0a371942e85449e295a207f33e8378eaf3dce61d9b65fc12dacdc800aa6805ce1d666691b2d11d,2023-10-02 06:00:00,30,NO CONTROLS,NO CONTROLS,CLEAR,DAYLIGHT,PARKED MOTOR VEHICLE,ONE-WAY,STRAIGHT AND LEVEL,DRY,UNKNOWN,NO INJURY / DRIVE AWAY,"OVER $1,500",UNABLE TO DETERMINE,UNABLE TO DETERMINE,9032,S,PAULINA ST,2,NO INDICATION OF INJURY,0.0,0.0,0.0,0.0,0.0,1.0,0.0,6,2,10
f9a81d935ad453b3a23a93ebb71a6be5002bb8a952aeef9bac545f9648051700ee26c32536a658df5cb35d59e553a443449e1816b8743705f73a039084fe0fbf,2018-12-15 03:45:00,30,TRAFFIC SIGNAL,FUNCTIONING PROPERLY,FOG/SMOKE/HAZE,"DARKNESS, LIGHTED ROAD",HEAD ON,NOT DIVIDED,STRAIGHT AND LEVEL,WET,NO DEFECTS,INJURY AND / OR TOW DUE TO CRASH,"OVER $1,500",DISREGARDING TRAFFIC SIGNALS,UNABLE TO DETERMINE,101,N,CICERO AVE,2,"REPORTED, NOT EVIDENT",1.0,0.0,0.0,0.0,1.0,2.0,0.0,3,7,12
85076fa00499889f8ce48afc9f731d2b1bae7dcda667495946068a34e90984189819072e2c045f56d2cb3a9ea88831d2ed01fcd3bfd78e4fca75ade240796a21,2019-11-11 14:49:00,30,STOP SIGN/FLASHER,FUNCTIONING PROPERLY,SNOW,DAYLIGHT,ANGLE,FOUR WAY,STRAIGHT AND LEVEL,SNOW OR SLUSH,NO DEFECTS,INJURY AND / OR TOW DUE TO CRASH,"OVER $1,500",FAILING TO YIELD RIGHT-OF-WAY,DISREGARDING STOP SIGN,4200,S,PRAIRIE AVE,2,NO INDICATION OF INJURY,0.0,0.0,0.0,0.0,0.0,2.0,0.0,14,2,11
1bd323f8f6d1b97a031fc8812f94d4c09e76419136953c50e1cfd3b1edc1a019813e8fcca3b85f3ace5d9a0f9752d23e51861575778eff48dad23063a084dc01,2022-02-08 08:00:00,30,NO CONTROLS,NO CONTROLS,CLEAR,"DARKNESS, LIGHTED ROAD",PARKED MOTOR VEHICLE,DIVIDED - W/MEDIAN (NOT RAISED),STRAIGHT AND LEVEL,DRY,NO DEFECTS,NO INJURY / DRIVE AWAY,"OVER $1,500",UNABLE TO DETERMINE,UNABLE TO DETERMINE,5242,W,HARRISON ST,2,NO INDICATION OF INJURY,0.0,0.0,0.0,0.0,0.0,1.0,0.0,8,3,2
0659b854e08b83a1f2eca6871d20ef81798e860736b966e28b866ab78383601f5df0ad0b3cdd3087b730acf2aac232d1e17ccf1b5c29d43f21b90c81b1e370e1,2019-08-27 18:40:00,30,STOP SIGN/FLASHER,FUNCTIONING PROPERLY,CLEAR,DAYLIGHT,ANGLE,DIVIDED - W/MEDIAN (NOT RAISED),STRAIGHT AND LEVEL,DRY,NO DEFECTS,NO INJURY / DRIVE AWAY,"OVER $1,500",DISREGARDING STOP SIGN,NOT APPLICABLE,930,W,DIVISION ST,2,NO INDICATION OF INJURY,0.0,0.0,0.0,0.0,0.0,2.0,0.0,18,3,8
d659203710f1554298fe60dd1ad9421be730841d2fbe7a428c16e944e92ee787160f0fb931224534d7b579e028daa7e2ab7810875201098d875aa1017c8e6199,2020-02-28 19:30:00,30,TRAFFIC SIGNAL,FUNCTIONING PROPERLY,CLEAR,"DARKNESS, LIGHTED ROAD",PEDESTRIAN,NOT DIVIDED,STRAIGHT AND LEVEL,DRY,NO DEFECTS,INJURY AND / OR TOW DUE TO CRASH,"OVER $1,500",NOT APPLICABLE,NOT APPLICABLE,600,S,HOMAN AVE,2,NONINCAPACITATING INJURY,1.0,0.0,0.0,1.0,0.0,1.0,0.0,19,6,2
b3980b9557dcd896b8f6800877a5306a6fb0e1f3afea2e41c7696fb32691fa9dd86694dc876ccce2f31bcbf84929c9837fb5c6a8d9692c6dc10aae18800181a3,2016-08-02 17:15:00,35,NO CONTROLS,NO CONTROLS,CLEAR,DAYLIGHT,SIDESWIPE SAME DIRECTION,DIVIDED - W/MEDIAN BARRIER,STRAIGHT AND LEVEL,DRY,WORN SURFACE,NO INJURY / DRIVE AWAY,$500 OR LESS,IMPROPER LANE USAGE,NOT APPLICABLE,299,S,LAKE SHORE DR SB,2,NO INDICATION OF INJURY,0.0,0.0,0.0,0.0,0.0,2.0,0.0,17,3,8
baf3e0de8e6b7c10c006be503e0b45ce97153254ff01a8501e341cd7615705d5bc8e42fec241c3ffd081b60a7a2116125fd62ecfea6b7d20b0f03a06157ccf9b,2018-03-26 02:23:00,30,TRAFFIC SIGNAL,FUNCTIONING PROPERLY,CLEAR,"DARKNESS, LIGHTED ROAD",ANGLE,OTHER,STRAIGHT AND LEVEL,DRY,NO DEFECTS,NO INJURY / DRIVE AWAY,"$501 - $1,500",DISREGARDING TRAFFIC SIGNALS,NOT APPLICABLE,1200,S,MORGAN ST,2,NO INDICATION OF INJURY,0.0,0.0,0.0,0.0,0.0,3.0,0.0,2,2,3
5e060edd6743583ecbfc7777d11bde371314d732b6624defca0b5dbd0a3da3c2313da2f828b8cbe8c09e85589036a10c0af5cb9c87dd4d57266a32ce1c48cee2,2017-06-06 14:30:00,30,NO CONTROLS,NO CONTROLS,CLEAR,DAYLIGHT,PARKED MOTOR VEHICLE,NOT DIVIDED,STRAIGHT AND LEVEL,DRY,NO DEFECTS,NO INJURY / DRIVE AWAY,"$501 - $1,500",UNABLE TO DETERMINE,NOT APPLICABLE,912,S,WOOD ST,2,NO INDICATION OF INJURY,0.0,0.0,0.0,0.0,0.0,3.0,0.0,14,3,6
7eed4c6414beee5d80efa623552a4652b3c593781387d85be5f7ff3f15e67eeb4c94972df2b7da78ce97226174c00cc57e8495f4fc38cc5b7d492ebaa92f03f2,2017-01-27 17:30:00,30,NO CONTROLS,NO CONTROLS,CLEAR,"DARKNESS, LIGHTED ROAD",SIDESWIPE SAME DIRECTION,NOT DIVIDED,STRAIGHT AND LEVEL,DRY,NO DEFECTS,NO INJURY / DRIVE AWAY,$500 OR LESS,UNABLE TO DETERMINE,UNABLE TO DETERMINE,339,N,COLUMBUS DR,2,NO INDICATION OF INJURY,0.0,0.0,0.0,0.0,0.0,2.0,0.0,17,6,1
643aa25f513880a183cb4e85fdc73e5d956454c6eb244f7155defb27ec0ae8cc4da08226031204e61ac1fef179e05a937fdf582f335736978ec58c7881f9f7b8,2018-06-28 15:15:00,30,STOP SIGN/FLASHER,FUNCTIONING PROPERLY,CLEAR,DAYLIGHT,TURNING,NOT DIVIDED,STRAIGHT AND LEVEL,DRY,NO DEFECTS,NO INJURY / DRIVE AWAY,"$501 - $1,500",UNABLE TO DETERMINE,NOT APPLICABLE,6901,S,CAMPBELL AVE,2,NO INDICATION OF INJURY,0.0,0.0,0.0,0.0,0.0,2.0,0.0,15,5,6
d2d9cb0988b588667756930d96c1ebc73687f682eda777a9bfc96622d06fe57cb320419f4ae6e804c698f9f5304a8f9604c844f9371b37d4f1d83ef6bb624dd6,2020-10-19 13:10:00,30,NO CONTROLS,NO CONTROLS,CLOUDY/OVERCAST,DAYLIGHT,REAR END,DIVIDED - W/MEDIAN (NOT RAISED),STRAIGHT AND LEVEL,DRY,NO DEFECTS,NO INJURY / DRIVE AWAY,"$501 - $1,500",UNABLE TO DETERMINE,NOT APPLICABLE,3801,S,WESTERN AVE,2,NO INDICATION OF INJURY,0.0,0.0,0.0,0.0,0.0,4.0,0.0,13,2,10
f8a76c605af8d31f56dfa25f26fe7a2156e6921295849b238a141dc6a40ba806a975498e87beb59a6c2e36e8277edb7c5b65475ea32add22c3d3b3a51bb9bcd6,2022-08-11 16:28:00,30,NO CONTROLS,NO CONTROLS,CLEAR,DAYLIGHT,SIDESWIPE SAME DIRECTION,DIVIDED - W/MEDIAN (NOT RAISED),STRAIGHT AND LEVEL,DRY,UNKNOWN,INJURY AND / OR TOW DUE TO CRASH,$500 OR LESS,DRIVING SKILLS/KNOWLEDGE/EXPERIENCE,NOT APPLICABLE,9450,S,STONY ISLAND AVE,2,"REPORTED, NOT EVIDENT",2.0,0.0,0.0,0.0,2.0,4.0,0.0,16,5,8
075832b2d9b206e834c2f03035c3923c50a7f6bfa7fd67c0582c02477d8b2d6ec7b7b3d95cd9a053817ded784f30791b598eaf86a4008b14ca99e0d745c4ffe5,2018-01-29 14:15:00,25,TRAFFIC SIGNAL,FUNCTIONING PROPERLY,CLEAR,DAYLIGHT,TURNING,NOT DIVIDED,STRAIGHT AND LEVEL,DRY,NO DEFECTS,NO INJURY / DRIVE AWAY,$500 OR LESS,IMPROPER TURNING/NO SIGNAL,NOT APPLICABLE,7400,N,ROGERS AVE,2,NO INDICATION OF INJURY,0.0,0.0,0.0,0.0,0.0,2.0,0.0,14,2,1
88ef770b55fe48cb73cb346689a0d6a0156ed40e443c738baae7507704d42c907d76de733e45d7847958922e96c5971fac1bd923e4e5e806c5ae24f4f961f6fe,2023-04-25 09:00:00,30,NO CONTROLS,NO CONTROLS,UNKNOWN,UNKNOWN,REAR END,DIVIDED - W/MEDIAN (NOT RAISED),STRAIGHT AND LEVEL,UNKNOWN,NO DEFECTS,NO INJURY / DRIVE AWAY,$500 OR LESS,FOLLOWING TOO CLOSELY,DRIVING SKILLS/KNOWLEDGE/EXPERIENCE,2429,N,LARAMIE AVE,2,NO INDICATION OF INJURY,0.0,0.0,0.0,0.0,0.0,2.0,0.0,9,3,4
0eaab6b0d18c1bd5c852f60609343285b173fff70d4e863f10d339598f71986e2076ea4e7b7b40ffbbde3d73a4a5e54a10dec29b32889d6a1d9caa497fb69803,2023-02-27 23:45:00,45,NO CONTROLS,NO CONTROLS,CLEAR,"DARKNESS, LIGHTED ROAD",REAR END,DIVIDED - W/MEDIAN BARRIER,STRAIGHT AND LEVEL,DRY,UNKNOWN,NO INJURY / DRIVE AWAY,"OVER $1,500",UNABLE TO DETERMINE,UNABLE TO DETERMINE,3900,S,LAKE SHORE DR SB,2,NO INDICATION OF INJURY,0.0,0.0,0.0,0.0,0.0,2.0,0.0,23,2,2
acbef9b7ec08d8660be7f3fdd6dabe7e53fff553bbeaecb19beede4f9ff088c284988068f202f9da8500b3636ad9712a918680f48a8e9cda2817ad9cbcc3abe4,2018-10-15 11:16:00,30,TRAFFIC SIGNAL,FUNCTIONING PROPERLY,CLEAR,DAYLIGHT,SIDESWIPE SAME DIRECTION,ONE-WAY,STRAIGHT AND LEVEL,DRY,NO DEFECTS,NO INJURY / DRIVE AWAY,"OVER $1,500",UNABLE TO DETERMINE,UNABLE TO DETERMINE,111,S,WACKER DR,2,NO INDICATION OF INJURY,0.0,0.0,0.0,0.0,0.0,3.0,0.0,11,2,10
3298c12d5c6450deb66033508fc99ad71802ac19323731421e562759077e0982b756145540660ed95f5acad4af3ffaaaa31f8eac7c8e85112e385d5c30d34b7e,2023-02-05 17:38:00,30,UNKNOWN,FUNCTIONING PROPERLY,CLEAR,"DARKNESS, LIGHTED ROAD",TURNING,DIVIDED - W/MEDIAN (NOT RAISED),STRAIGHT AND LEVEL,DRY,NO DEFECTS,INJURY AND / OR TOW DUE TO CRASH,"OVER $1,500",UNABLE TO DETERMINE,UNABLE TO DETERMINE,1,W,87TH ST,2,NONINCAPACITATING INJURY,3.0,0.0,0.0,1.0,2.0,2.0,0.0,17,1,2
63cdeb9712463a9f18b2ca44b37b96f0ae46a57c873f233e38ebd9c3bc756fcd5127fe1a3fb874096f4bab42a04a5f24f93773eefec25167bfededc313ed4b53,2023-09-11 12:23:00,30,TRAFFIC SIGNAL,FUNCTIONING PROPERLY,RAIN,DAYLIGHT,REAR END,DIVIDED - W/MEDIAN (NOT RAISED),STRAIGHT AND LEVEL,WET,NO DEFECTS,NO INJURY / DRIVE AWAY,"OVER $1,500",FOLLOWING TOO CLOSELY,NOT APPLICABLE,6459,S,CICERO AVE,2,NO INDICATION OF INJURY,0.0,0.0,0.0,0.0,0.0,2.0,0.0,12,2,9
0c7dce0e458c57d637f346b5d9ae1f1a1fcfa08924d599abae9a2269f7f6b39ca39c3d2deb44cafe420ad86cf0c106eeab4642e6464e1c9b2e967ff25915c199,2020-01-30 15:36:00,30,TRAFFIC SIGNAL,FUNCTIONING PROPERLY,CLEAR,DAYLIGHT,TURNING,NOT DIVIDED,STRAIGHT AND LEVEL,DRY,NO DEFECTS,NO INJURY / DRIVE AWAY,"$501 - $1,500",UNABLE TO DETERMINE,UNABLE TO DETERMINE,59,E,ERIE ST,2,NO INDICATION OF INJURY,0.0,0.0,0.0,0.0,0.0,2.0,0.0,15,5,1