CRASH_RECORD_ID,CRASH_DATE,POSTED_SPEED_LIMIT,TRAFFIC_CONTROL_DEVICE,DEVICE_CONDITION,WEATHER_CONDITION,LIGHTING_CONDITION,FIRST_CRASH_TYPE,TRAFFICWAY_TYPE,ALIGNMENT,ROADWAY_SURFACE_COND,ROAD_DEFECT,CRASH_TYPE,DAMAGE,PRIM_CONTRIBUTORY_CAUSE,SEC_CONTRIBUTORY_CAUSE,STREET_NO,STREET_DIRECTION,STREET_NAME,NUM_UNITS,MOST_SEVERE_INJURY,INJURIES_TOTAL,INJURIES_FATAL,INJURIES_INCAPACITATING,INJURIES_NON_INCAPACITATING,INJURIES_REPORTED_NOT_EVIDENT,INJURIES_NO_INDICATION,INJURIES_UNKNOWN,CRASH_HOUR,CRASH_DAY_OF_WEEK,CRASH_MONTH
4ef955cef2ea1ee37fc38f4339b5520316fc125799f17a494c43660fafd51007e3e7844559cf0fd55ddd516577778a64ea0d738420b53604218c0288cbe2a14f,2017-11-17 14:25:00,30,NO CONTROLS,NO CONTROLS,CLEAR,DAYLIGHT,REAR END,ONE-WAY,STRAIGHT AND LEVEL,DRY,NO DEFECTS,NO INJURY / DRIVE AWAY,$500 OR LESS,UNABLE TO DETERMINE,UNABLE TO DETERMINE,6101,N,TALMAN AVE,2,NO INDICATION OF INJURY,0.0,0.0,0.0,0.0,0.0,2.0,0.0,14,6,11
edd0eeb4e6e700415f4bf71cdc68d74364618534d6a19e756b444b6910320af756e2b4f0eb8e20b51f27b7a43770b14c07b3dd456a80beafe5c649e168e71dcf,2018-02-25 12:45:00,30,TRAFFIC SIGNAL,FUNCTIONING PROPERLY,CLEAR,DAYLIGHT,TURNING,DIVIDED - W/MEDIAN (NOT RAISED),STRAIGHT AND LEVEL,DRY,NO DEFECTS,NO INJURY / DRIVE AWAY,"OVER $1,500",IMPROPER LANE USAGE,NOT APPLICABLE,3800,W,HARRISON ST,2,NO INDICATION OF INJURY,0.0,0.0,0.0,0.0,0.0,2.0,0.0,12,1,2
ea47e2b81a3b2448c2f473eb3717c62a31ae14894774429f921ab8a88eb6cdcf0f0ce49f659550167b4cba7db64e0695045fe385a1deea9a55d46dc91f9ecb7c,2021-09-10 21:41:00,30,NO CONTROLS,NO CONTROLS,CLEAR,"DARKNESS, LIGHTED ROAD",FIXED OBJECT,NOT DIVIDED,STRAIGHT AND LEVEL,DRY,NO DEFECTS,NO INJURY / DRIVE AWAY,"OVER $1,500",UNABLE TO DETERMINE,UNABLE TO DETERMINE,6714,S,WESTERN AVE,1,NO INDICATION OF INJURY,0.0,0.0,0.0,0.0,0.0,1.0,0.0,21,6,9
fd9827db575a5ffdea1285f5f92e1f816a8564a3e2f454366d63c54c4a20b5bbd70392e2d5433401c10069900a6811f106376ddb4b5de57b25e55eb95ba22423,2021-12-17 08:30:00,30,NO CONTROLS,NO CONTROLS,CLEAR,DAYLIGHT,PARKED MOTOR VEHICLE,OTHER,STRAIGHT AND LEVEL,DRY,NO DEFECTS,NO INJURY / DRIVE AWAY,"$501 - $1,500",UNABLE TO DETERMINE,UNABLE TO DETERMINE,2245,W,DEVON AVE,2,NO INDICATION OF INJURY,0.0,0.0,0.0,0.0,0.0,1.0,0.0,8,6,12
d5ffdaf14f6985115ed78958aa1de7063f43816eb3a007affc9c2e460e7a7bd667491c11ef065166f79cc8dad3c9ce9786068e19c85047e8c276fd940547dcf4,2023-04-13 15:50:00,30,NO CONTROLS,NO CONTROLS,CLEAR,DAYLIGHT,SIDESWIPE SAME DIRECTION,NOT DIVIDED,STRAIGHT AND LEVEL,DRY,UNKNOWN,NO INJURY / DRIVE AWAY,"OVER $1,500",UNABLE TO DETERMINE,NOT APPLICABLE,2423,N,KILPATRICK AVE,2,NO INDICATION OF INJURY,0.0,0.0,0.0,0.0,0.0,2.0,0.0,15,5,4
519fbba056b73bfce28640d421751df32bffd4c3ece333776c6bff0cb6341c7f7d0ccb3b75e945f312633498b089b17e621766efbd468d2bad3890e6124cf949,2023-01-16 20:00:00,30,NO CONTROLS,NO CONTROLS,CLEAR,DARKNESS,ANGLE,NOT REPORTED,STRAIGHT AND LEVEL,DRY,NO DEFECTS,INJURY AND / OR TOW DUE TO CRASH,"OVER $1,500",FAILING TO YIELD RIGHT-OF-WAY,NOT APPLICABLE,2333,W,35TH ST,2,NO INDICATION OF INJURY,0.0,0.0,0.0,0.0,0.0,2.0,0.0,20,2,1
ffef1cb2ceeadc8711e62490567a27fb6417104ff86aa810fe2af3e3182e42fbaa6e2e295459a328fa59966c47b7c34022e67465b8be7c18abf52122cf8e4e4f,2019-04-09 11:30:00,30,NO CONTROLS,NO CONTROLS,CLEAR,DAYLIGHT,REAR END,NOT DIVIDED,STRAIGHT AND LEVEL,DRY,NO DEFECTS,NO INJURY / DRIVE AWAY,"OVER $1,500",FOLLOWING TOO CLOSELY,UNABLE TO DETERMINE,1946,W,BELMONT AVE,2,NO INDICATION OF INJURY,0.0,0.0,0.0,0.0,0.0,5.0,0.0,11,3,4
957dddb68c006ad44e92b224651e72f357f7527badc1169a1afbc7db07a73a73aa3f4a964595982454629cd517ad1dacc6cc1a2cb8465be81fb7c41b4ccb6da2,2021-05-29 11:00:00,30,TRAFFIC SIGNAL,FUNCTIONING PROPERLY,CLEAR,DAYLIGHT,REAR END,NOT DIVIDED,STRAIGHT AND LEVEL,DRY,NO DEFECTS,NO INJURY / DRIVE AWAY,"OVER $1,500",FOLLOWING TOO CLOSELY,NOT APPLICABLE,150,N,COLUMBUS SUB DR,2,NO INDICATION OF INJURY,0.0,0.0,0.0,0.0,0.0,3.0,0.0,11,7,5
64095a5339c470905a34c70b5ee5ab0fb714973a7be759431557b8368c65ba1e1f70cebc207f3bf5ef180c8742b8467b1f265351c5d2fbe46fff5f36095576c8,2019-01-28 18:00:00,30,NO CONTROLS,NO CONTROLS,SNOW,DARKNESS,REAR END,DIVIDED - W/MEDIAN (NOT RAISED),STRAIGHT AND LEVEL,SNOW OR SLUSH,NO DEFECTS,NO INJURY / DRIVE AWAY,"OVER $1,500",WEATHER,NOT APPLICABLE,6501,S,CICERO AVE,2,NO INDICATION OF INJURY,0.0,0.0,0.0,0.0,0.0,2.0,0.0,18,2,1
a75bf06db23f4dd3bff69fd507dc8175a1f89ed3938ec386744906bb850972bcdc62787d048789b9a021157be53c56a9d23e238015bf46bf131c28411abc2473,2023-09-28 10:20:00,45,NO CONTROLS,NO CONTROLS,CLEAR,DAYLIGHT,REAR END,OTHER,STRAIGHT AND LEVEL,DRY,NO DEFECTS,INJURY AND / OR TOW DUE TO CRASH,$500 OR LESS,NOT APPLICABLE,NOT APPLICABLE,5494,S,LAKE SHORE DR NB,2,NO INDICATION OF INJURY,0.0,0.0,0.0,0.0,0.0,3.0,0.0,10,5,9
d4d439d2b504aa6b66a2006447bbebc1166daa9d66a65a8055e4c5ded972e72a826c4ccd742ed7741002c3fbc8cc51c6013240a935e38d78f5796d6770673ad2,2022-08-15 07:30:00,30,NO CONTROLS,NO CONTROLS,CLOUDY/OVERCAST,DAYLIGHT,REAR END,NOT DIVIDED,STRAIGHT AND LEVEL,DRY,NO DEFECTS,NO INJURY / DRIVE AWAY,"OVER $1,500",UNABLE TO DETERMINE,UNABLE TO DETERMINE,3956,W,87TH ST,2,NO INDICATION OF INJURY,0.0,0.0,0.0,0.0,0.0,2.0,0.0,7,2,8
361d49e117cd90d6f448d6ad303028394106bf95f89fe41e35bfa1919df39d5e8fd32dac116ba4df943ef5860b87249b640c4bf7ab519576a9c46e7173644eae,2019-07-21 04:30:00,30,STOP SIGN/FLASHER,FUNCTIONING PROPERLY,CLEAR,DARKNESS,ANGLE,FOUR WAY,STRAIGHT AND LEVEL,DRY,UNKNOWN,INJURY AND / OR TOW DUE TO CRASH,"OVER $1,500",UNABLE TO DETERMINE,UNABLE TO DETERMINE,7900,S,RACINE AVE,2,NONINCAPACITATING INJURY,1.0,0.0,0.0,1.0,0.0,2.0,0.0,4,1,7
5b688b90cd577973f0589049a3a257ba64b9a91b54b4c0b92aa8601ae64dbf34a0728348e899ea87f7f2bc3ddd32df7ce96db0288d2a2a605d2da2ef79ed583a,2018-04-24 09:30:00,30,NO CONTROLS,NO CONTROLS,CLEAR,DAYLIGHT,PARKED MOTOR VEHICLE,NOT DIVIDED,STRAIGHT AND LEVEL,DRY,NO DEFECTS,NO INJURY / DRIVE AWAY,"$501 - $1,500",IMPROPER BACKING,IMPROPER BACKING,444,W,SUPERIOR ST,2,NO INDICATION OF INJURY,0.0,0.0,0.0,0.0,0.0,1.0,0.0,9,3,4
e970ea59980170deca28f340fde0dad8d8947a152c6616afc8cdd1469aa4dbc85436731e8053b2aeda89bd843245a78f4c01cf1760b2ba696455d158d2534675,2022-05-29 20:09:00,30,NO CONTROLS,NO CONTROLS,CLEAR,DUSK,PARKED MOTOR VEHICLE,NOT DIVIDED,STRAIGHT AND LEVEL,DRY,NO DEFECTS,INJURY AND / OR TOW DUE TO CRASH,"OVER $1,500",UNABLE TO DETERMINE,UNABLE TO DETERMINE,1903,W,CULLERTON ST,4,NONINCAPACITATING INJURY,1.0,0.0,0.0,1.0,0.0,1.0,0.0,20,1,5
f047d5b6aa4878c5c64a2a074e739aa62a9d26abae5fe624be554fa9ca41daacfa0eef50e60f496b294ea2d390fbc77f0112fc0622dc980201b4e03a0cbc96e4,2018-10-19 16:00:00,30,RAILROAD CROSSING GATE,FUNCTIONING PROPERLY,CLEAR,DAYLIGHT,REAR END,DIVIDED - W/MEDIAN (NOT RAISED),STRAIGHT AND LEVEL,DRY,NO DEFECTS,NO INJURY / DRIVE AWAY,"OVER $1,500",FAILING TO REDUCE SPEED TO AVOID CRASH,DRIVING SKILLS/KNOWLEDGE/EXPERIENCE,3500,W,COLUMBUS AVE,4,NO INDICATION OF INJURY,0.0,0.0,0.0,0.0,0.0,4.0,0.0,16,6,10
93b2e2645e1f58ffc5d2fc351fd693e82bea68eab735f72f6c65ff95b52379ebf47bfb4b400569847ff71ac83bd6f01e7bb80ad52036f0170a757d6f310e045b,2023-05-13 14:05:00,30,NO CONTROLS,NO CONTROLS,CLOUDY/OVERCAST,DAYLIGHT,REAR END,NOT DIVIDED,STRAIGHT AND LEVEL,DRY,NO DEFECTS,INJURY AND / OR TOW DUE TO CRASH,"OVER $1,500",FAILING TO REDUCE SPEED TO AVOID CRASH,UNABLE TO DETERMINE,3900,W,47TH ST,3,"REPORTED, NOT EVIDENT",1.0,0.0,0.0,0.0,1.0,4.0,0.0,14,7,5
0b0ec657c76cdf4c2efc009e8409701a3946091f032e79db0527bdf66080709eff9972bdb571c550345f284cad1043d615ff6aeb1b5b6c010a7c0deb7b1f7199,2018-09-20 12:30:00,15,NO CONTROLS,NO CONTROLS,CLEAR,DAYLIGHT,PARKED MOTOR VEHICLE,PARKING LOT,STRAIGHT AND LEVEL,DRY,NO DEFECTS,NO INJURY / DRIVE AWAY,"$501 - $1,500",UNABLE TO DETERMINE,UNABLE TO DETERMINE,2000,N,CLYBOURN AVE,2,NO INDICATION OF INJURY,0.0,0.0,0.0,0.0,0.0,1.0,0.0,12,5,9
eac4b350ee03e555da5238ebab3d6ed25c819148433f0862514cadb8f8ae7e9e7408b38689a07d3a4ebc10d2b57d56f1e7ebcc4aea6d52433a3fd54fe4cff39d,2023-04-02 20:00:00,35,UNKNOWN,UNKNOWN,CLEAR,"DARKNESS, LIGHTED ROAD",SIDESWIPE SAME DIRECTION,DIVIDED - W/MEDIAN BARRIER,STRAIGHT AND LEVEL,DRY,NO DEFECTS,INJURY AND / OR TOW DUE TO CRASH,"OVER $1,500",UNABLE TO DETERMINE,UNABLE TO DETERMINE,4600,W,CHICAGO AVE,2,INCAPACITATING INJURY,1.0,0.0,1.0,0.0,0.0,3.0,0.0,20,1,4
a49a62737fde79fed26e0f039f5e9dda602c978ecea4465a71ddc4fd119a23a097820e78a6b179f109124ad8ddbcd2a3eb1c97dfb5d9b27b49c986a795eb94d7,2023-05-30 15:21:00,30,STOP SIGN/FLASHER,UNKNOWN,CLEAR,DAYLIGHT,TURNING,NOT DIVIDED,STRAIGHT AND LEVEL,DRY,UNKNOWN,INJURY AND / OR TOW DUE TO CRASH,"OVER $1,500",UNABLE TO DETERMINE,NOT APPLICABLE,6659,S,WENTWORTH AVE,2,"REPORTED, NOT EVIDENT",2.0,0.0,0.0,0.0,2.0,1.0,0.0,15,3,5
93e9f6f2edcfab47788378b39de5b15c7062addb0f44152dd25fc3a82ef647c1e63c6535ebe0c65aa67fcdba4b098b29dd0785370dfcd8b1e8cbdc51290221ed,2022-09-11 03:30:00,30,NO CONTROLS,NO CONTROLS,CLEAR,"DARKNESS, LIGHTED ROAD",PARKED MOTOR VEHICLE,ONE-WAY,STRAIGHT AND LEVEL,DRY,NO DEFECTS,NO INJURY / DRIVE AWAY,"OVER $1,500",UNABLE TO DETERMINE,UNABLE TO DETERMINE,8014,S,PRAIRIE AVE,2,NO INDICATION OF INJURY,0.0,0.0,0.0,0.0,0.0,1.0,0.0,3,1,9
63feb4f229bbb03abe9f1924185591cc12ab1e0def1221d5645431b7a54c9ae1761b8072c36dd32de1942d69da8a13eff94468e80e88a360f8fdb7a61da327b2,2022-12-30 00:16:00,35,TRAFFIC SIGNAL,FUNCTIONING PROPERLY,CLEAR,"DARKNESS, LIGHTED ROAD",TURNING,FOUR WAY,STRAIGHT AND LEVEL,WET,NO DEFECTS,NO INJURY / DRIVE AWAY,"OVER $1,500",FAILING TO YIELD RIGHT-OF-WAY,NOT APPLICABLE,2398,W,HARRISON ST,2,NO INDICATION OF INJURY,0.0,0.0,0.0,0.0,0.0,4.0,0.0,0,6,12
383e40cb36e84858f7f2fffa2846efa9b98de724a41c45ff997946e3c30a58767f22ed2fc769ea2f06e9108c6b339f0200e731355506e435d3ff77828f7db791,2021-12-17 00:20:00,30,STOP SIGN/FLASHER,NO CONTROLS,CLEAR,DARKNESS,PARKED MOTOR VEHICLE,NOT DIVIDED,STRAIGHT AND LEVEL,DRY,NO DEFECTS,NO INJURY / DRIVE AWAY,"OVER $1,500","EVASIVE ACTION DUE TO ANIMAL, OBJECT, NONMOTORIST",UNABLE TO DETERMINE,10449,S,AVENUE N,3,NO INDICATION OF INJURY,0.0,0.0,0.0,0.0,0.0,1.0,0.0,0,6,12
dfd003420b9fb35c2f54d34a797d94ebaced618acb96dd9bce0aa3f35556469d4180540dc9f92abd7436039a1c6126a1405fceab1178cd1070cb13f10f9092be,2020-09-04 21:00:00,30,TRAFFIC SIGNAL,FUNCTIONING PROPERLY,CLEAR,DARKNESS,TURNING,DIVIDED - W/MEDIAN BARRIER,STRAIGHT AND LEVEL,DRY,NO DEFECTS,NO INJURY / DRIVE AWAY,"OVER $1,500",FOLLOWING TOO CLOSELY,FOLLOWING TOO CLOSELY,8701,S,STONY ISLAND AVE,2,NO INDICATION OF INJURY,0.0,0.0,0.0,0.0,0.0,2.0,0.0,21,6,9
e3f9484f3968263d4c29f821df40e64dcf0662d03af859904ddc2ba214c7f24d9298ad3ccf78e81fca1906043e4825fd1c1b39a91581b8aad2e77244f62a3418,2019-08-16 12:38:00,30,TRAFFIC SIGNAL,FUNCTIONING PROPERLY,CLOUDY/OVERCAST,DAYLIGHT,TURNING,T-INTERSECTION,STRAIGHT AND LEVEL,DRY,NO DEFECTS,NO INJURY / DRIVE AWAY,"OVER $1,500",FAILING TO YIELD RIGHT-OF-WAY,UNABLE TO DETERMINE,3400,S,CALIFORNIA AVE,2,NO INDICATION OF INJURY,0.0,0.0,0.0,0.0,0.0,3.0,0.0,12,6,8
0567b60196997480ad79f2a5ae50a10c7ce3542e01713a65bb5e106ded21ef57eb6a934f9230fc3457892dccedbb92caa23f5bb10d1a327cebaff01458e96258,2023-06-09 16:04:00,35,OTHER,FUNCTIONING PROPERLY,UNKNOWN,UNKNOWN,PARKED MOTOR VEHICLE,NOT DIVIDED,STRAIGHT AND LEVEL,UNKNOWN,UNKNOWN,NO INJURY / DRIVE AWAY,$500 OR LESS,IMPROPER BACKING,UNABLE TO DETERMINE,2,W,RANDOLPH ST,2,NO INDICATION OF INJURY,0.0,0.0,0.0,0.0,0.0,1.0,0.0,16,6,6
aebce8ae1494aafabea06710863147fde3c2202cacb8fdbfdbd3118c2da77d581b0f5d67126cdb5b973cc20321487f0b50c2336f42fc0d825b7b863315802af6,2016-12-02 15:12:00,30,NO CONTROLS,NO CONTROLS,CLEAR,DAWN,PARKED MOTOR VEHICLE,PARKING LOT,STRAIGHT AND LEVEL,DRY,NO DEFECTS,NO INJURY / DRIVE AWAY,"OVER $1,500",NOT APPLICABLE,NOT APPLICABLE,6200,S,HAMLIN AVE,2,NO INDICATION OF INJURY,0.0,0.0,0.0,0.0,0.0,1.0,0.0,15,6,12
7001d454b2ecdc7b0cc6afc1726d643f3af6905da4386f3e44e8838f96c77da63f0d54a4ef2e60fb754b6b7f65972f628af7881ddf5b83fc43995efac340974d,2015-12-09 17:15:00,30,NO CONTROLS,NO CONTROLS,CLEAR,DARKNESS,PARKED MOTOR VEHICLE,ONE-WAY,STRAIGHT AND LEVEL,DRY,NO DEFECTS,NO INJURY / DRIVE AWAY,"$501 - $1,500",UNABLE TO DETERMINE,UNABLE TO DETERMINE,9149,S,DREXEL AVE,2,NO INDICATION OF INJURY,0.0,0.0,0.0,0.0,0.0,1.0,0.0,17,4,12
0eb3781178be0af92c6a3633b7347f5cc1ef82986ffb5d725b85144a942434c2219466c41bb7ef0790984781c68bd05f989104d6b45f3d1f9193948bf08e6f9d,2019-11-27 18:40:00,30,STOP SIGN/FLASHER,FUNCTIONING PROPERLY,CLOUDY/OVERCAST,DAWN,ANGLE,FOUR WAY,STRAIGHT AND LEVEL,WET,NO DEFECTS,NO INJURY / DRIVE AWAY,"OVER $1,500",DRIVING SKILLS/KNOWLEDGE/EXPERIENCE,"VISION OBSCURED (SIGNS, TREE LIMBS, BUILDINGS, ETC.)",1999,E,80TH ST,2,NO INDICATION OF INJURY,0.0,0.0,0.0,0.0,0.0,2.0,0.0,18,4,11
724f9fc2a51f779084a9bacd065f8d85ceb52eb117d0f708d50fc5d6e43fdb544612185bc95c8b0ba50d7c4b27ef24a5e2aa05b58cdef97bb80208f295325763,2023-07-15 00:33:00,30,UNKNOWN,UNKNOWN,UNKNOWN,"DARKNESS, LIGHTED ROAD",PARKED MOTOR VEHICLE,ONE-WAY,STRAIGHT AND LEVEL,WET,UNKNOWN,INJURY AND / OR TOW DUE TO CRASH,"OVER $1,500",WEATHER,NOT APPLICABLE,3248,W,DOUGLAS BLVD,3,NO INDICATION OF INJURY,0.0,0.0,0.0,0.0,0.0,1.0,0.0,0,7,7
5e0a4ab81d086c20870c194c5a148527ce4ddc03fc5ac2ebf1b087e85adc93eaac0e7336a8b4f7ec94e092c0cf7ecd8ce6d9033d93ec5aa9f6b69561366d4ad7,2017-01-22 23:33:00,30,NO CONTROLS,NO CONTROLS,CLEAR,"DARKNESS, LIGHTED ROAD",REAR END,PARKING LOT,STRAIGHT AND LEVEL,DRY,NO DEFECTS,NO INJURY / DRIVE AWAY,$500 OR LESS,DISTRACTION - FROM INSIDE VEHICLE,DRIVING SKILLS/KNOWLEDGE/EXPERIENCE,3646,N,BROADWAY,2,NO INDICATION OF INJURY,0.0,0.0,0.0,0.0,0.0,3.0,0.0,23,1,1
5446233d785d497e8aca66e5117d4fdcac137a12e21f9f1ef4187e5e9c39a6d15f533d8f67e31e22a50feab8014de5aef86dd127df4c46c5f8aa64997235a0ed,2017-12-22 11:25:00,30,STOP SIGN/FLASHER,FUNCTIONING PROPERLY,CLEAR,DAYLIGHT,ANGLE,NOT DIVIDED,STRAIGHT AND LEVEL,DRY,NO DEFECTS,NO INJURY / DRIVE AWAY,"OVER $1,500",FAILING TO YIELD RIGHT-OF-WAY,NOT APPLICABLE,3131,N,LARAMIE AVE,2,NO INDICATION OF INJURY,0.0,0.0,0.0,0.0,0.0,2.0,0.0,11,6,12
75e28951114bc800ec68ec4709775bdef72180085b8f1d347b5111c0eef19667faa6b1882f797cbcf70f54a5064544058313f4cc7ad5141836c919e892624a31,2018-03-15 21:25:00,30,TRAFFIC SIGNAL,FUNCTIONING PROPERLY,CLEAR,"DARKNESS, LIGHTED ROAD",REAR END,NOT DIVIDED,STRAIGHT AND LEVEL,DRY,NO DEFECTS,NO INJURY / DRIVE AWAY,"OVER $1,500",FAILING TO REDUCE SPEED TO AVOID CRASH,UNABLE TO DETERMINE,4002,N,CENTRAL AVE,2,NO INDICATION OF INJURY,0.0,0.0,0.0,0.0,0.0,2.0,0.0,21,5,3
66b4ec1f4d81f1a4b8c2474c8876e6a6b58b05a447e1325a3900bcdd4e02148458c35eace0d2a7d92456b0cd525da2c64a3032fc5a94a74c64294d057270031b,2020-12-24 11:50:00,30,NO CONTROLS,NO CONTROLS,CLOUDY/OVERCAST,DAYLIGHT,TURNING,NOT DIVIDED,STRAIGHT AND LEVEL,DRY,NO DEFECTS,INJURY AND / OR TOW DUE TO CRASH,"OVER $1,500",IMPROPER OVERTAKING/PASSING,FAILING TO YIELD RIGHT-OF-WAY,3649,N,WESTERN AVE,3,NO INDICATION OF INJURY,0.0,0.0,0.0,0.0,0.0,4.0,0.0,11,5,12
8a8756a3478e6213a47c7f8d2fa15b825f71f79ebaee9754300de10e5b2bdb43a812cef21876e8ed9f0fcda3a73cc0cfa396ff5c33dc652a0a2579699dca2614,2018-05-15 15:50:00,30,NO CONTROLS,NO CONTROLS,CLEAR,DAYLIGHT,SIDESWIPE SAME DIRECTION,DIVIDED - W/MEDIAN (NOT RAISED),STRAIGHT AND LEVEL,DRY,NO DEFECTS,NO INJURY / DRIVE AWAY,"OVER $1,500",UNABLE TO DETERMINE,NOT APPLICABLE,400,E,MARQUETTE RD,2,NO INDICATION OF INJURY,0.0,0.0,0.0,0.0,0.0,2.0,0.0,15,3,5
8bdba62aa90d2542682bc17f086fcbe3fc8e659aed28f83ff46b1ff4875101ad29ec8b8495d12c589b80363f9b97673662d38155dfc174846f472ca6d4a0da67,2022-07-16 16:26:00,30,NO CONTROLS,NO CONTROLS,CLEAR,DAYLIGHT,SIDESWIPE SAME DIRECTION,DIVIDED - W/MEDIAN (NOT RAISED),STRAIGHT AND LEVEL,DRY,NO DEFECTS,NO INJURY / DRIVE AWAY,"OVER $1,500",IMPROPER OVERTAKING/PASSING,UNABLE TO DETERMINE,4339,N,BROADWAY,2,NO INDICATION OF INJURY,0.0,0.0,0.0,0.0,0.0,2.0,0.0,16,7,7
bc880038ddf68dbedf9a81f7edd1c0dd35d5b4bbecb5103decc05786694bb55583a2161eedf06010cc8eb48f152f49cec2337ae96d2f599c2d944aea1e11d7f8,2021-08-14 13:20:00,30,TRAFFIC SIGNAL,FUNCTIONING PROPERLY,CLEAR,DAYLIGHT,TURNING,NOT DIVIDED,STRAIGHT AND LEVEL,DRY,NO DEFECTS,NO INJURY / DRIVE AWAY,"OVER $1,500",IMPROPER TURNING/NO SIGNAL,IMPROPER LANE USAGE,4700,S,VINCENNES AVE,2,NO INDICATION OF INJURY,0.0,0.0,0.0,0.0,0.0,2.0,0.0,13,7,8
270e5c06ede9951db71f0170ad3369d579bfc261561e9d129f7c0049e0fe4a7da5596aef9111b84a154eed01d5ef5d30e3f88c645810ebc975c7efddc4f04407,2019-10-03 07:45:00,30,NO CONTROLS,NO CONTROLS,CLEAR,DAYLIGHT,REAR END,NOT DIVIDED,STRAIGHT AND LEVEL,WET,NO DEFECTS,NO INJURY / DRIVE AWAY,"OVER $1,500",FOLLOWING TOO CLOSELY,UNABLE TO DETERMINE,5109,W,FOSTER AVE,2,NO INDICATION OF INJURY,0.0,0.0,0.0,0.0,0.0,2.0,0.0,7,5,10
522c998eccdb57141aa875ef7392df44c8717f3df319bf6ebd63bfa0d8b86a4bfb194ece06f592a348e66756d50283ecc8d740570a2e3833b8af63589e0b2037,2023-05-31 18:09:00,30,NO CONTROLS,NO CONTROLS,UNKNOWN,DAYLIGHT,REAR END,NOT DIVIDED,STRAIGHT AND LEVEL,UNKNOWN,UNKNOWN,NO INJURY / DRIVE AWAY,"OVER $1,500",UNABLE TO DETERMINE,UNABLE TO DETERMINE,3808,S,WESTERN AVE,2,NO INDICATION OF INJURY,0.0,0.0,0.0,0.0,0.0,2.0,0.0,18,4,5
2e2be2a8fa13ebbd6439636b6ae0f89905fc44dd47c1e01c3773dfbdce0bce783251637053ccdd84f515cc86892241019522a8c39480f97b56207717b964fe66,2023-12-04 14:35:00,30,NO CONTROLS,NO CONTROLS,CLEAR,DAYLIGHT,ANGLE,DIVIDED - W/MEDIAN (NOT RAISED),STRAIGHT AND LEVEL,DRY,NO DEFECTS,NO INJURY / DRIVE AWAY,"OVER $1,500",FAILING TO YIELD RIGHT-OF-WAY,NOT APPLICABLE,7430,S,SOUTH CHICAGO AVE,2,NO INDICATION OF INJURY,0.0,0.0,0.0,0.0,0.0,3.0,0.0,14,2,12
173db86cc9bbf043d7acf4099bda52a6a0a7df4d54dea143c22f48990f3ea35397ec0687360a8102eee444d3781d431d1fab04ba649bd3f099ece2238f9daa40,2019-06-21 07:13:00,30,NO CONTROLS,NO CONTROLS,CLEAR,DAYLIGHT,REAR END,NOT DIVIDED,STRAIGHT AND LEVEL,DRY,NO DEFECTS,NO INJURY / DRIVE AWAY,"$501 - $1,500",FAILING TO REDUCE SPEED TO AVOID CRASH,FAILING TO REDUCE SPEED TO AVOID CRASH,921,W,IRVING PARK RD,2,NO INDICATION OF INJURY,0.0,0.0,0.0,0.0,0.0,2.0,0.0,7,6,6
669d4881baaefb5403609cc599ad01ce9269ce666dcf228e01b1e514d9aeab91d4dd284ad60a1ceefc2ba229f353d6e4b563819df34bfa39acf81d28b34539ba,2019-06-08 17:45:00,30,NO CONTROLS,NO CONTROLS,CLEAR,DAYLIGHT,PARKED MOTOR VEHICLE,DIVIDED - W/MEDIAN (NOT RAISED),STRAIGHT AND LEVEL,DRY,NO DEFECTS,NO INJURY / DRIVE AWAY,"OVER $1,500","OPERATING VEHICLE IN ERRATIC, RECKLESS, CARELESS, NEGLIGENT OR AGGRESSIVE MANNER",DISTRACTION - FROM OUTSIDE VEHICLE,9225,S,LOOMIS ST,2,NO INDICATION OF INJURY,0.0,0.0,0.0,0.0,0.0,1.0,0.0,17,7,6
41911c6923939fe416750c3e004eac5078a03d5eade1cdd9e1f1c9693c48317bf8ec232c5f8dbc19be55b11861a2b6f834199b13436b0c4f78969b036a2a8dd4,2019-11-25 18:40:00,15,NO CONTROLS,NO CONTROLS,CLEAR,"DARKNESS, LIGHTED ROAD",ANGLE,ALLEY,STRAIGHT AND LEVEL,DRY,NO DEFECTS,NO INJURY / DRIVE AWAY,"OVER $1,500",IMPROPER BACKING,UNABLE TO DETERMINE,5408,N,CAMPBELL AVE,2,NO INDICATION OF INJURY,0.0,0.0,0.0,0.0,0.0,3.0,0.0,18,2,11
ebfe4fafb912045ac4dc1faba93de99d4c90e652937f1ae9b81b98480fdd69c881daa206faa4e2d8232da570043a34e61578205142f5b3f583e7bf01f6b76f08,2021-10-16 00:45:00,30,TRAFFIC SIGNAL,WORN REFLECTIVE MATERIAL,CLEAR,"DARKNESS, LIGHTED ROAD",HEAD ON,"FIVE POINT, OR MORE",STRAIGHT AND LEVEL,DRY,UNKNOWN,INJURY AND / OR TOW DUE TO CRASH,"OVER $1,500",UNABLE TO DETERMINE,NOT APPLICABLE,3900,S,ROCKWELL ST,3,NO INDICATION OF INJURY,0.0,0.0,0.0,0.0,0.0,2.0,0.0,0,7,10
aaaa19e25be40ee036a9caf4d1220d0f64b562f93929beac20074efd1c7b83c40c163d567607812ce7a0d5ede2ebc8befababd4b8bd4af49f7a4b4ae46acc944,2022-08-12 14:00:00,30,UNKNOWN,UNKNOWN,UNKNOWN,DAYLIGHT,ANGLE,ALLEY,STRAIGHT AND LEVEL,UNKNOWN,UNKNOWN,INJURY AND / OR TOW DUE TO CRASH,"OVER $1,500",UNABLE TO DETERMINE,UNABLE TO DETERMINE,8046,S,PULASKI RD,2,NONINCAPACITATING INJURY,1.0,0.0,0.0,1.0,0.0,1.0,0.0,14,6,8