CRASH_RECORD_ID,CRASH_DATE,POSTED_SPEED_LIMIT,TRAFFIC_CONTROL_DEVICE,DEVICE_CONDITION,WEATHER_CONDITION,LIGHTING_CONDITION,FIRST_CRASH_TYPE,TRAFFICWAY_TYPE,ALIGNMENT,ROADWAY_SURFACE_COND,ROAD_DEFECT,CRASH_TYPE,DAMAGE,PRIM_CONTRIBUTORY_CAUSE,SEC_CONTRIBUTORY_CAUSE,STREET_NO,STREET_DIRECTION,STREET_NAME,NUM_UNITS,MOST_SEVERE_INJURY,INJURIES_TOTAL,INJURIES_FATAL,INJURIES_INCAPACITATING,INJURIES_NON_INCAPACITATING,INJURIES_REPORTED_NOT_EVIDENT,INJURIES_NO_INDICATION,INJURIES_UNKNOWN,CRASH_HOUR,CRASH_DAY_OF_WEEK,CRASH_MONTH
872c1361ec96265f9423e9c9f426b46688866df7bc91640cf8adef549f09d3380b8d6ddbe0e4b0c1a524503f456a3b13727ef3fb87c10c1fab1eeba329621a86,2023-11-27 10:04:00,20,TRAFFIC SIGNAL,FUNCTIONING PROPERLY,UNKNOWN,DAYLIGHT,REAR END,DIVIDED - W/MEDIAN (NOT RAISED),STRAIGHT AND LEVEL,UNKNOWN,UNKNOWN,NO INJURY / DRIVE AWAY,"OVER $1,500",UNABLE TO DETERMINE,NOT APPLICABLE,898,S,SACRAMENTO BLVD,2,NO INDICATION OF INJURY,0.0,0.0,0.0,0.0,0.0,2.0,0.0,10,2,11
d879a075d38c9aad9b8bc020c2b47576896829eb518a21f2d722395709fd8185770936c3e8d2ec9c92515ea04aeac55874a819b9ccf48f206e40a59e87fff3f6,2021-08-05 19:00:00,30,NO CONTROLS,NO CONTROLS,CLEAR,DUSK,SIDESWIPE SAME DIRECTION,NOT DIVIDED,STRAIGHT AND LEVEL,DRY,NO DEFECTS,NO INJURY / DRIVE AWAY,"$501 - $1,500",FAILING TO YIELD RIGHT-OF-WAY,NOT APPLICABLE,1868,N,CLYBOURN AVE,2,NO INDICATION OF INJURY,0.0,0.0,0.0,0.0,0.0,2.0,0.0,19,5,8
8253df4b61770d45771f7452f82e5c5d6dd600a3c906aa6dde72561070691b6674c84d86b44bf3a17fff305ac4d582c9a0301a8b636c7ec2c0611f22c9d6bff4,2023-10-12 07:00:00,30,UNKNOWN,UNKNOWN,RAIN,DAYLIGHT,SIDESWIPE SAME DIRECTION,NOT DIVIDED,STRAIGHT AND LEVEL,WET,NO DEFECTS,NO INJURY / DRIVE AWAY,"$501 - $1,500",UNABLE TO DETERMINE,UNABLE TO DETERMINE,500,W,MADISON ST,2,NO INDICATION OF INJURY,0.0,0.0,0.0,0.0,0.0,3.0,0.0,7,5,10
7192ddb820a0e459cb903875c35ab2cc98d8d8e84a61c35c8f01258139d4f8c0875e6449764e10858ac9039687b8f2ee37e55e85c11e533b724e295e05a10161,2022-07-16 18:12:00,30,UNKNOWN,UNKNOWN,OTHER,UNKNOWN,TURNING,DIVIDED - W/MEDIAN (NOT RAISED),STRAIGHT AND LEVEL,UNKNOWN,UNKNOWN,NO INJURY / DRIVE AWAY,"OVER $1,500",IMPROPER LANE USAGE,IMPROPER LANE USAGE,1059,E,OAKWOOD BLVD,2,NO INDICATION OF INJURY,0.0,0.0,0.0,0.0,0.0,3.0,0.0,18,7,7
60f5be5a23a7771a8efaeaa24b6ac99377c63b99d5b78aac90005c04262d5f69703feca4c49d5589a89176d52f97730d5d83719adc12ca1c7370bb83f167139b,2018-10-03 11:00:00,30,NO CONTROLS,NO CONTROLS,CLEAR,DAYLIGHT,PARKED MOTOR VEHICLE,ONE-WAY,STRAIGHT AND LEVEL,DRY,NO DEFECTS,INJURY AND / OR TOW DUE TO CRASH,"OVER $1,500",NOT APPLICABLE,FAILING TO REDUCE SPEED TO AVOID CRASH,6126,S,ST LAWRENCE AVE,4,NONINCAPACITATING INJURY,5.0,0.0,0.0,5.0,0.0,0.0,0.0,11,4,10
d4037ba39bef585d6132d7d39edff704e3466754664a7f694d3d89b0ebe408c2a3e62c1f9f1fdb5130057d04d28095ce68487fefbb5472e5efde053b19b50710,2019-09-12 20:45:00,30,TRAFFIC SIGNAL,FUNCTIONING PROPERLY,CLEAR,"DARKNESS, LIGHTED ROAD",TURNING,DIVIDED - W/MEDIAN (NOT RAISED),STRAIGHT AND LEVEL,DRY,NO DEFECTS,INJURY AND / OR TOW DUE TO CRASH,"OVER $1,500",FAILING TO YIELD RIGHT-OF-WAY,UNABLE TO DETERMINE,1398,W,FULLERTON AVE,2,NO INDICATION OF INJURY,0.0,0.0,0.0,0.0,0.0,5.0,0.0,20,5,9
3b3cdb8ffa88b0d8ccd9d1c62c05f5635c3eee9422c5836c7a4f14d1d1e6746c01d060ad99204297e5ff0dd6f66ce6a52655d35e3f9793299852f158b38ff95a,2018-11-17 23:30:00,20,NO CONTROLS,NO CONTROLS,UNKNOWN,UNKNOWN,PARKED MOTOR VEHICLE,NOT DIVIDED,STRAIGHT AND LEVEL,UNKNOWN,NO DEFECTS,NO INJURY / DRIVE AWAY,"OVER $1,500",UNABLE TO DETERMINE,UNABLE TO DETERMINE,8509,S,BRANDON AVE,2,NO INDICATION OF INJURY,0.0,0.0,0.0,0.0,0.0,1.0,0.0,23,7,11
44963c60bfe15fb2afbd49201d7dd9c0ac3d8dfe28a810aa20cdaa38964f364a9978018d4daa220b62a2265c5fa581df39586b6de1e3170c7e89272b00158858,2019-05-18 16:15:00,30,TRAFFIC SIGNAL,FUNCTIONING PROPERLY,RAIN,DAYLIGHT,REAR END,DIVIDED - W/MEDIAN (NOT RAISED),STRAIGHT AND LEVEL,WET,NO DEFECTS,NO INJURY / DRIVE AWAY,$500 OR LESS,FAILING TO REDUCE SPEED TO AVOID CRASH,UNABLE TO DETERMINE,8100,S,HALSTED ST,2,NO INDICATION OF INJURY,0.0,0.0,0.0,0.0,0.0,4.0,0.0,16,7,5
e0a40c1f24c791934981c4d52e2315eee9099c6af47da02d7ebea3c946dfaf62d41e139dc324208a9d8339fb7b45b33e75aa1e706c67c092418358716399fd1b,2018-07-21 21:20:00,30,TRAFFIC SIGNAL,FUNCTIONING PROPERLY,CLEAR,"DARKNESS, LIGHTED ROAD",REAR END,DIVIDED - W/MEDIAN (NOT RAISED),STRAIGHT AND LEVEL,WET,NO DEFECTS,NO INJURY / DRIVE AWAY,"OVER $1,500",UNABLE TO DETERMINE,UNABLE TO DETERMINE,400,E,26TH ST,2,NO INDICATION OF INJURY,0.0,0.0,0.0,0.0,0.0,4.0,0.0,21,7,7
3b224bbea61e1c39331443ae5f0bb9d35de3b4eb6c4f06c98395a2c952efb44a5a81a58e35f5129131bf5be93bae9f03694140efa8d84eead4aaecc2c15a7448,2018-05-08 14:39:00,30,NO CONTROLS,NO CONTROLS,CLEAR,DAYLIGHT,ANGLE,OTHER,STRAIGHT AND LEVEL,DRY,NO DEFECTS,NO INJURY / DRIVE AWAY,"OVER $1,500",FAILING TO YIELD RIGHT-OF-WAY,DRIVING SKILLS/KNOWLEDGE/EXPERIENCE,4445,N,HAMLIN AVE,2,NO INDICATION OF INJURY,0.0,0.0,0.0,0.0,0.0,2.0,0.0,14,3,5
921bc402806d013d1d2079b372acfbf72a8b0cc7865c4a811ff6df1ec2bb3a7539fe8e0339e0cf3fb0e270a1be3feb8ad588240150454f8b82ea66f3862636a9,2022-10-09 03:25:00,35,NO CONTROLS,NO CONTROLS,CLEAR,"DARKNESS, LIGHTED ROAD",PARKED MOTOR VEHICLE,NOT DIVIDED,STRAIGHT AND LEVEL,DRY,NO DEFECTS,INJURY AND / OR TOW DUE TO CRASH,"OVER $1,500",UNABLE TO DETERMINE,UNABLE TO DETERMINE,7100,W,DIVERSEY AVE,3,NO INDICATION OF INJURY,0.0,0.0,0.0,0.0,0.0,2.0,0.0,3,1,10
0070de46ce27c603db3f45ef1387856b9bec579c7b5613c35ecfc4f5c4d14f485b955c7768cf3d3a94ca28c263f0e51f9edb5f69f1f042829f6cde0825993935,2024-02-27 17:03:00,30,NO CONTROLS,NO CONTROLS,CLEAR,DAYLIGHT,PARKED MOTOR VEHICLE,NOT DIVIDED,STRAIGHT AND LEVEL,DRY,NO DEFECTS,NO INJURY / DRIVE AWAY,"OVER $1,500",IMPROPER OVERTAKING/PASSING,NOT APPLICABLE,6257,S,ASHLAND AVE,2,NO INDICATION OF INJURY,0.0,0.0,0.0,0.0,0.0,2.0,0.0,17,3,2
fc643276427ddec5a65b1abb382621acf278cb0096c2cb48c224b0bd96bf6e918bace7e7ddc6e2db3eb35d90d5bb9da360c2d0240787dbace44cb6ee80682e07,2016-01-13 08:20:00,30,NO CONTROLS,NO CONTROLS,UNKNOWN,DAYLIGHT,TURNING,NOT DIVIDED,STRAIGHT AND LEVEL,UNKNOWN,UNKNOWN,NO INJURY / DRIVE AWAY,"OVER $1,500",UNABLE TO DETERMINE,UNABLE TO DETERMINE,2632,W,47TH ST,2,NO INDICATION OF INJURY,0.0,0.0,0.0,0.0,0.0,2.0,0.0,8,4,1
c29634da072e2e36357f988fc53d84dad080ac4a41c64cda3eeef4b55f4b40c62ea60732959b64fc03fe92ea4e4a6808eb101cbe20523f76f969a6ffe33f8437,2023-07-17 12:28:00,30,UNKNOWN,UNKNOWN,CLEAR,DAYLIGHT,PARKED MOTOR VEHICLE,NOT DIVIDED,STRAIGHT AND LEVEL,DRY,UNKNOWN,NO INJURY / DRIVE AWAY,"OVER $1,500",FAILING TO YIELD RIGHT-OF-WAY,FAILING TO YIELD RIGHT-OF-WAY,1700,W,VAN BUREN ST,2,NO INDICATION OF INJURY,0.0,0.0,0.0,0.0,0.0,1.0,0.0,12,2,7
47861597ad752b72017503db8b80152976a11b4416596f50c7b676c18425d9674e5c92721d8fa1e26f4c0a176cf36b5a716456c21bbc8beb0474edbd832a768d,2021-07-25 10:09:00,30,TRAFFIC SIGNAL,FUNCTIONING PROPERLY,CLEAR,DAYLIGHT,TURNING,FOUR WAY,STRAIGHT AND LEVEL,DRY,UNKNOWN,NO INJURY / DRIVE AWAY,"OVER $1,500",UNABLE TO DETERMINE,NOT APPLICABLE,5500,S,HALSTED ST,2,NO INDICATION OF INJURY,0.0,0.0,0.0,0.0,0.0,2.0,0.0,10,1,7
7c98d364868a2350ef8cc89485e034cc63c8d26ebc9c9fa6115459eee093ad27914984fb2179c7a1b26b927b35f5abceb2bc5fd55065d53937823af348702cbe,2017-06-07 18:45:00,25,TRAFFIC SIGNAL,FUNCTIONING PROPERLY,CLEAR,DAYLIGHT,REAR END,DIVIDED - W/MEDIAN (NOT RAISED),STRAIGHT AND LEVEL,DRY,NO DEFECTS,NO INJURY / DRIVE AWAY,"$501 - $1,500",UNABLE TO DETERMINE,UNABLE TO DETERMINE,3159,W,63RD ST,3,NO INDICATION OF INJURY,0.0,0.0,0.0,0.0,0.0,2.0,0.0,18,4,6
633794cad54bf83b0772f462952ae12a05b0d26478539411ea1d372b131e3923355d83ff7077ee620df57dcf861f1f9c3895c21c3e8a52fc716e75939a5ddf3d,2017-03-11 12:30:00,30,NO CONTROLS,NO CONTROLS,CLEAR,DAYLIGHT,SIDESWIPE SAME DIRECTION,NOT DIVIDED,STRAIGHT AND LEVEL,DRY,NO DEFECTS,NO INJURY / DRIVE AWAY,"OVER $1,500",IMPROPER TURNING/NO SIGNAL,IMPROPER LANE USAGE,6701,S,JEFFERY BLVD,2,NO INDICATION OF INJURY,0.0,0.0,0.0,0.0,0.0,2.0,0.0,12,7,3
babd0a4e7800d53856e41c98b07b4ffda960095ffacb3b58bf7f2bb12a39821064e5be8aaa9f7856f9c42d7a1c861f01a265940cbd3929429bf10dc7b1f3bd2c,2020-12-31 15:55:00,30,NO CONTROLS,NO CONTROLS,CLEAR,DAYLIGHT,FIXED OBJECT,NOT DIVIDED,STRAIGHT AND LEVEL,DRY,UNKNOWN,INJURY AND / OR TOW DUE TO CRASH,"OVER $1,500",UNABLE TO DETERMINE,NOT APPLICABLE,3700,W,ROOSEVELT RD,1,NO INDICATION OF INJURY,0.0,0.0,0.0,0.0,0.0,1.0,0.0,15,5,12
f98b5f765f4edf2e1ff52086abe48c58c03f71f764b04ca52a1ba92315c162227bc9cba8c72c4e5996857cf443c3090d1a611cce8f69938ff0167deb433e2e50,2017-10-26 15:30:00,30,STOP SIGN/FLASHER,UNKNOWN,CLEAR,DAYLIGHT,TURNING,NOT DIVIDED,STRAIGHT AND LEVEL,UNKNOWN,UNKNOWN,INJURY AND / OR TOW DUE TO CRASH,"OVER $1,500",UNABLE TO DETERMINE,UNABLE TO DETERMINE,2099,S,CANAL ST,2,"REPORTED, NOT EVIDENT",1.0,0.0,0.0,0.0,1.0,1.0,0.0,15,5,10
fed6702a70c50d4ef9d6c354a2f931d3bd7c89ad14b8bf5924ccbff671d1a2ef7f99d7eb2a5aea48dc59cf5871539440f2ae4d48eff38d7eed684821b15a6bba,2023-05-23 16:10:00,30,TRAFFIC SIGNAL,FUNCTIONING PROPERLY,CLEAR,DAYLIGHT,SIDESWIPE SAME DIRECTION,DIVIDED - W/MEDIAN (NOT RAISED),STRAIGHT AND LEVEL,DRY,NO DEFECTS,NO INJURY / DRIVE AWAY,"$501 - $1,500",DRIVING ON WRONG SIDE/WRONG WAY,NOT APPLICABLE,7900,S,HALSTED ST,2,NO INDICATION OF INJURY,0.0,0.0,0.0,0.0,0.0,2.0,0.0,16,3,5
4ebc29c8032f40cc5a31674eef5670a0b9189de3e2e63d3b0562c34fa987a90957b08f231914f5a4eaa5239d7c9bb80f22ed1d3303fa27fa4f5f54b1d5b47281,2017-10-09 10:45:00,30,TRAFFIC SIGNAL,FUNCTIONING PROPERLY,CLEAR,DAYLIGHT,TURNING,NOT DIVIDED,STRAIGHT AND LEVEL,DRY,NO DEFECTS,NO INJURY / DRIVE AWAY,"$501 - $1,500",UNABLE TO DETERMINE,UNABLE TO DETERMINE,2200,N,HALSTED ST,2,NO INDICATION OF INJURY,0.0,0.0,0.0,0.0,0.0,2.0,0.0,10,2,10
49e6fe1eea339ddddc86d340d1ffbc7c9b040424043c94a44a6410cb315347ced47117012a536c7b9f222db26609cf7922d04b223f3d4958018d259b4119c29f,2021-10-15 17:59:00,30,NO CONTROLS,NO CONTROLS,CLEAR,DUSK,PARKED MOTOR VEHICLE,NOT DIVIDED,STRAIGHT AND LEVEL,DRY,NO DEFECTS,INJURY AND / OR TOW DUE TO CRASH,"$501 - $1,500",UNABLE TO DETERMINE,NOT APPLICABLE,5443,W,NORTH AVE,3,NO INDICATION OF INJURY,0.0,0.0,0.0,0.0,0.0,1.0,0.0,17,6,10
e29371fbc96d368a10fd2f327c72533715613163cde84b512f4704107a00ea6221f143fa7c6a253def6001bb4c26456a96f012231a4004e24bdbe6fd44c2e437,2016-08-23 07:45:00,30,NO CONTROLS,NO CONTROLS,CLEAR,DAYLIGHT,TURNING,NOT DIVIDED,STRAIGHT AND LEVEL,DRY,NO DEFECTS,NO INJURY / DRIVE AWAY,"OVER $1,500",IMPROPER LANE USAGE,IMPROPER TURNING/NO SIGNAL,5500,S,WENTWORTH AVE,2,NO INDICATION OF INJURY,0.0,0.0,0.0,0.0,0.0,2.0,0.0,7,3,8
d811a186d5221268cbd6a46545976ea7a9918782748028844022ce754c8a4f19681edf30f26bd1b88f949ac67a4bcef796ef1909edb9e16fd79e1137b7333863,2017-12-27 03:05:00,30,NO CONTROLS,NO CONTROLS,SNOW,"DARKNESS, LIGHTED ROAD",FIXED OBJECT,NOT DIVIDED,STRAIGHT AND LEVEL,ICE,NO DEFECTS,INJURY AND / OR TOW DUE TO CRASH,"OVER $1,500",PHYSICAL CONDITION OF DRIVER,WEATHER,11200,S,PULASKI RD,1,NO INDICATION OF INJURY,0.0,0.0,0.0,0.0,0.0,1.0,0.0,3,4,12
a7c8cfd49301ba925a2a19085e558d77de46ef59109dcc755b5d89a454ebb1f7f54544abe95f538049e93836614412a09ad110e1bfdefe9018e3b00b538df7e5,2023-10-11 13:17:00,30,NO CONTROLS,NO CONTROLS,CLEAR,DAYLIGHT,SIDESWIPE SAME DIRECTION,NOT DIVIDED,STRAIGHT AND LEVEL,DRY,NO DEFECTS,NO INJURY / DRIVE AWAY,$500 OR LESS,UNABLE TO DETERMINE,UNABLE TO DETERMINE,10930,S,DOTY AVE W,2,NO INDICATION OF INJURY,0.0,0.0,0.0,0.0,0.0,2.0,0.0,13,4,10
c7a7470e59ac9184fdb5a94332c5e6cfbbdeac1bdffae995572973a051839da7bc74464e4acf0953cf40175c1e584adceec65a7862245a3dddd5bf1dfbc4de09,2023-09-08 13:15:00,30,TRAFFIC SIGNAL,FUNCTIONING PROPERLY,CLEAR,DAYLIGHT,ANGLE,FOUR WAY,STRAIGHT AND LEVEL,DRY,NO DEFECTS,NO INJURY / DRIVE AWAY,$500 OR LESS,DISREGARDING TRAFFIC SIGNALS,FAILING TO YIELD RIGHT-OF-WAY,2200,N,DAMEN AVE,2,NO INDICATION OF INJURY,0.0,0.0,0.0,0.0,0.0,3.0,0.0,13,6,9
54335693e080df7efb3e650bf8142020f24b22d783f5f73965e76011aff9c5cad22a64d4062f17cb9f47ea15a4946168f931702a5d595df2c7ef5c8075c8ee77,2021-05-11 07:40:00,30,TRAFFIC SIGNAL,FUNCTIONING PROPERLY,CLEAR,DARKNESS,SIDESWIPE SAME DIRECTION,DIVIDED - W/MEDIAN (NOT RAISED),STRAIGHT AND LEVEL,DRY,NO DEFECTS,NO INJURY / DRIVE AWAY,"OVER $1,500",FAILING TO REDUCE SPEED TO AVOID CRASH,NOT APPLICABLE,5900,S,NORMAL BLVD,2,NO INDICATION OF INJURY,0.0,0.0,0.0,0.0,0.0,2.0,0.0,7,3,5
4bb99b011931676930e2ee309b03a9980eb012a0d73ab6ff415974d15223cd8173c0a8e7e92fd48845462285026450d8d2fbf91da42c7de56c9b0ab1929a3426,2022-08-05 21:21:00,30,NO CONTROLS,NO CONTROLS,CLEAR,"DARKNESS, LIGHTED ROAD",TURNING,ONE-WAY,STRAIGHT AND LEVEL,DRY,UNKNOWN,INJURY AND / OR TOW DUE TO CRASH,"OVER $1,500","OPERATING VEHICLE IN ERRATIC, RECKLESS, CARELESS, NEGLIGENT OR AGGRESSIVE MANNER",NOT APPLICABLE,305,S,DESPLAINES ST,2,NO INDICATION OF INJURY,0.0,0.0,0.0,0.0,0.0,2.0,0.0,21,6,8
7234b60d11aada7973b76b41fff8f7197992dee9d747772b8066efddee561cbdde742a6421608b654ad030920a79488b404b37d749c641dabd6bbbcac2c5346c,2020-11-04 16:22:00,30,NO CONTROLS,NO CONTROLS,CLEAR,DAYLIGHT,FIXED OBJECT,DIVIDED - W/MEDIAN (NOT RAISED),STRAIGHT AND LEVEL,DRY,NO DEFECTS,INJURY AND / OR TOW DUE TO CRASH,"OVER $1,500",DRIVING SKILLS/KNOWLEDGE/EXPERIENCE,UNABLE TO DETERMINE,7498,S,SOUTH CHICAGO AVE,1,"REPORTED, NOT EVIDENT",2.0,0.0,0.0,0.0,2.0,0.0,0.0,16,4,11
8a4562c73cd377fae3b1417173ae22205b5f6389e32ae77659f7f6eed3bcfde8e484eff2fe42ace20161dd9e30035aad1cc65aaa35902491453f73026e3c1c72,2021-11-20 00:01:00,30,NO CONTROLS,NO CONTROLS,CLEAR,"DARKNESS, LIGHTED ROAD",SIDESWIPE SAME DIRECTION,NOT DIVIDED,STRAIGHT AND LEVEL,DRY,UNKNOWN,NO INJURY / DRIVE AWAY,"$501 - $1,500",UNABLE TO DETERMINE,UNABLE TO DETERMINE,4450,W,ROOSEVELT RD,2,NO INDICATION OF INJURY,0.0,0.0,0.0,0.0,0.0,2.0,0.0,0,7,11
04816142b10f2075173b6098d4e772bb2659dea8b1b7d52db3cc12e2f289eb51a8e2d32eb0495b24fe0ef409a6f47e9d0bed3d30eec11b860cf6622effa229aa,2022-11-30 11:30:00,25,NO CONTROLS,NO CONTROLS,CLEAR,DAYLIGHT,PARKED MOTOR VEHICLE,NOT DIVIDED,STRAIGHT AND LEVEL,DRY,NO DEFECTS,NO INJURY / DRIVE AWAY,"$501 - $1,500",UNABLE TO DETERMINE,UNABLE TO DETERMINE,1900,W,THOME AVE,2,NO INDICATION OF INJURY,0.0,0.0,0.0,0.0,0.0,2.0,0.0,11,4,11
9235095e7d865534276dc600c16dcfb3e4379a713c8b710dccc9487166053c49cc88400ffbd84ad8d1fa6a2e8e330bf16fede5f2c8c34f9d6321d695461c2aef,2017-10-15 13:45:00,30,TRAFFIC SIGNAL,FUNCTIONING PROPERLY,CLEAR,DAYLIGHT,SIDESWIPE SAME DIRECTION,DIVIDED - W/MEDIAN (NOT RAISED),STRAIGHT AND LEVEL,DRY,UNKNOWN,NO INJURY / DRIVE AWAY,"$501 - $1,500",UNABLE TO DETERMINE,UNABLE TO DETERMINE,3159,N,LINCOLN AVE,2,NO INDICATION OF INJURY,0.0,0.0,0.0,0.0,0.0,3.0,0.0,13,1,10
8e7f9731e50603316372e1dfbc7714778f9793732043eb5fcce169862ba6d9bd5a8bec1d4d2ca31319f5022ea3d0599335333d768339e6395e82aaa3ebc83b2d,2021-04-05 22:22:00,30,NO CONTROLS,NO CONTROLS,CLEAR,"DARKNESS, LIGHTED ROAD",SIDESWIPE SAME DIRECTION,NOT DIVIDED,STRAIGHT AND LEVEL,DRY,NO DEFECTS,NO INJURY / DRIVE AWAY,"$501 - $1,500",RELATED TO BUS STOP,FAILING TO YIELD RIGHT-OF-WAY,464,E,MC FETRIDGE DR,2,NO INDICATION OF INJURY,0.0,0.0,0.0,0.0,0.0,2.0,0.0,22,2,4
2828302a298f573bb67d6c80f1ba49315effd51110fe5d902dad374e676888047bfaf06dad42dd2ecca308fdf305b232aafe82542ac8259afab81a9e891849c8,2019-11-11 01:00:00,30,TRAFFIC SIGNAL,FUNCTIONING PROPERLY,CLEAR,"DARKNESS, LIGHTED ROAD",REAR END,FOUR WAY,STRAIGHT AND LEVEL,WET,NO DEFECTS,INJURY AND / OR TOW DUE TO CRASH,"OVER $1,500",UNABLE TO DETERMINE,NOT APPLICABLE,159,N,HALSTED ST,2,"REPORTED, NOT EVIDENT",1.0,0.0,0.0,0.0,1.0,1.0,0.0,1,2,11
8bae943d434909d0bb19134429cb693fbe866d5998d2c0f84461c155e6907842643a23e1ae466e81169259a9fcd441e4c447e6efca5a17e71bf612d6fca2b2e5,2018-06-01 17:45:00,30,TRAFFIC SIGNAL,FUNCTIONING PROPERLY,CLEAR,DAYLIGHT,SIDESWIPE SAME DIRECTION,NOT DIVIDED,STRAIGHT AND LEVEL,DRY,NO DEFECTS,NO INJURY / DRIVE AWAY,"$501 - $1,500",IMPROPER OVERTAKING/PASSING,NOT APPLICABLE,1700,S,WABASH AVE,2,NO INDICATION OF INJURY,0.0,0.0,0.0,0.0,0.0,2.0,0.0,17,6,6
5416390d2739a125a9f6b23f1c15df011a41796d0eff652e11a9b8d807fc88a953419cec655197f8f14506c79385526801093a9c5fb1eb3987df8f641ac9e664,2019-01-04 16:30:00,5,NO CONTROLS,NO CONTROLS,CLEAR,DAYLIGHT,FIXED OBJECT,ALLEY,STRAIGHT AND LEVEL,DRY,"RUT, HOLES",NO INJURY / DRIVE AWAY,"$501 - $1,500",NOT APPLICABLE,UNABLE TO DETERMINE,6736,N,CLARK ST,1,NO INDICATION OF INJURY,0.0,0.0,0.0,0.0,0.0,1.0,0.0,16,6,1
9147d716588970c18fb080d56ecab371a42612b0a48e7bffec7d33d171ce522b61f28836168bc5ac23ff37e984f7a9bfc3e1c56b300ac38b65bcadc8853a14c1,2017-09-01 16:50:00,30,NO CONTROLS,NO CONTROLS,CLEAR,DAYLIGHT,TURNING,DIVIDED - W/MEDIAN (NOT RAISED),STRAIGHT AND LEVEL,DRY,UNKNOWN,NO INJURY / DRIVE AWAY,"OVER $1,500",IMPROPER OVERTAKING/PASSING,FAILING TO YIELD RIGHT-OF-WAY,3901,W,47TH ST,2,NO INDICATION OF INJURY,0.0,0.0,0.0,0.0,0.0,2.0,0.0,16,6,9
9d058df2e797a9093d1a956f6d7d7024620bcbf88cc09eb24f65801298404acedb2575d3dcced2091770fc88ddbb13382ccfb2c31e0dac9609e2b335dfe08d2a,2020-08-23 17:40:00,35,NO CONTROLS,NO CONTROLS,CLEAR,DAYLIGHT,SIDESWIPE OPPOSITE DIRECTION,NOT DIVIDED,STRAIGHT AND LEVEL,DRY,NO DEFECTS,NO INJURY / DRIVE AWAY,"OVER $1,500",UNABLE TO DETERMINE,UNABLE TO DETERMINE,11100,S,VERNON AVE,2,NO INDICATION OF INJURY,0.0,0.0,0.0,0.0,0.0,5.0,0.0,17,1,8
ffbf054a5ca979d6e2c01c1fc55a74c77905dbacdbda8ea993989d0415cac39895254c5ac1cf8b1768dd67b4d50fbf7bf584263a07cfabee036dd8f6c2c579c5,2019-01-11 12:09:00,30,STOP SIGN/FLASHER,NO CONTROLS,CLEAR,DAYLIGHT,FIXED OBJECT,NOT DIVIDED,"CURVE, LEVEL",DRY,NO DEFECTS,INJURY AND / OR TOW DUE TO CRASH,"OVER $1,500",PHYSICAL CONDITION OF DRIVER,UNABLE TO DETERMINE,5499,W,FOSTER AVE,1,NO INDICATION OF INJURY,0.0,0.0,0.0,0.0,0.0,1.0,0.0,12,6,1
e6b85e260d3a2a4a88c87690d1d3205f8488df45818bbb06f62cc36ed3fe39599dea00d97c9e26d758c9d5bdf409a5872b1098369bf6f3bc747038fc78117f52,2023-05-26 08:10:00,25,NO CONTROLS,NO CONTROLS,CLEAR,DAYLIGHT,OTHER OBJECT,PARKING LOT,STRAIGHT AND LEVEL,DRY,NO DEFECTS,NO INJURY / DRIVE AWAY,"OVER $1,500",UNABLE TO DETERMINE,UNABLE TO DETERMINE,6903,S,MAY ST,1,NO INDICATION OF INJURY,0.0,0.0,0.0,0.0,0.0,1.0,0.0,8,6,5
8f88192158fa6a52682352813ee43093ef3ff33110a7f1f7a94e756c9f5ae75d515bdb844a12c2b686b82952429e871a278475b067eb2389a37062a3e4a4f988,2024-03-20 19:15:00,20,NO CONTROLS,NO CONTROLS,CLEAR,"DARKNESS, LIGHTED ROAD",REAR END,PARKING LOT,STRAIGHT AND LEVEL,DRY,UNKNOWN,NO INJURY / DRIVE AWAY,$500 OR LESS,UNABLE TO DETERMINE,NOT APPLICABLE,3644,S,ARCHER AVE,2,NO INDICATION OF INJURY,0.0,0.0,0.0,0.0,0.0,3.0,0.0,19,4,3
7f68afb66b65d180380315d5117aa5c7a40a28fd575e63cc58bcc8895caeed5d8826e581b5abbbb4ea792bbf96dcf876e45e62662dbd7cca4eebf7ed297e50c4,2023-01-26 08:15:00,30,NO CONTROLS,NO CONTROLS,SNOW,DAYLIGHT,PARKED MOTOR VEHICLE,NOT DIVIDED,STRAIGHT AND LEVEL,SNOW OR SLUSH,NO DEFECTS,NO INJURY / DRIVE AWAY,$500 OR LESS,IMPROPER TURNING/NO SIGNAL,NOT APPLICABLE,5525,S,PRAIRIE AVE,2,NO INDICATION OF INJURY,0.0,0.0,0.0,0.0,0.0,1.0,0.0,8,5,1
cacf0785968f640dc7f72ea32d8aeeacc287b043c0952cec1349d167f0da2879dedc47b21b320c31b18c245e75e766f08d352ff8a28f6adc3e45e3b8b099f019,2023-05-23 18:20:00,30,TRAFFIC SIGNAL,FUNCTIONING PROPERLY,CLEAR,DAYLIGHT,PEDESTRIAN,FOUR WAY,STRAIGHT AND LEVEL,DRY,UNKNOWN,INJURY AND / OR TOW DUE TO CRASH,"OVER $1,500",FAILING TO REDUCE SPEED TO AVOID CRASH,FAILING TO REDUCE SPEED TO AVOID CRASH,800,N,OAKLEY BLVD,3,NONINCAPACITATING INJURY,2.0,0.0,0.0,2.0,0.0,1.0,0.0,18,3,5