CRASH_RECORD_ID,CRASH_DATE,POSTED_SPEED_LIMIT,TRAFFIC_CONTROL_DEVICE,DEVICE_CONDITION,WEATHER_CONDITION,LIGHTING_CONDITION,FIRST_CRASH_TYPE,TRAFFICWAY_TYPE,ALIGNMENT,ROADWAY_SURFACE_COND,ROAD_DEFECT,CRASH_TYPE,DAMAGE,PRIM_CONTRIBUTORY_CAUSE,SEC_CONTRIBUTORY_CAUSE,STREET_NO,STREET_DIRECTION,STREET_NAME,NUM_UNITS,MOST_SEVERE_INJURY,INJURIES_TOTAL,INJURIES_FATAL,INJURIES_INCAPACITATING,INJURIES_NON_INCAPACITATING,INJURIES_REPORTED_NOT_EVIDENT,INJURIES_NO_INDICATION,INJURIES_UNKNOWN,CRASH_HOUR,CRASH_DAY_OF_WEEK,CRASH_MONTH
c61f7fdba1aed5482505fde4f12915293b15ba0b970b72829b12670053cbd8c64a65ca81e858a49cd8f3abd0dfa9120692bcb190142104acaff3037f85f9419d,2023-12-17 15:30:00,25,NO CONTROLS,NO CONTROLS,CLEAR,DAYLIGHT,PARKED MOTOR VEHICLE,NOT DIVIDED,STRAIGHT AND LEVEL,DRY,NO DEFECTS,NO INJURY / DRIVE AWAY,"OVER $1,500",IMPROPER BACKING,IMPROPER BACKING,340,E,38TH ST,2,NO INDICATION OF INJURY,0.0,0.0,0.0,0.0,0.0,2.0,0.0,15,1,12
0beab7e83873f4b55ee9819a9d30481cec45d25e37e88ddb8e05cd0bb83b766bd703417749877b1cf19ef7d87380dd8c880d485f6e8dda21f693f6a3a8376df2,2018-01-23 19:00:00,30,NO CONTROLS,NO CONTROLS,SNOW,DARKNESS,SIDESWIPE SAME DIRECTION,DIVIDED - W/MEDIAN (NOT RAISED),STRAIGHT AND LEVEL,SNOW OR SLUSH,NO DEFECTS,NO INJURY / DRIVE AWAY,"$501 - $1,500",IMPROPER LANE USAGE,NOT APPLICABLE,1800,S,ASHLAND AVE,2,NO INDICATION OF INJURY,0.0,0.0,0.0,0.0,0.0,2.0,0.0,19,3,1
0685bd19e90ac253c1c9fe5bb398045627e03c48156ba1d10763644dd0b875c44d3e488fe056fc9bdcd7f2747522c1cb2708ffdfa6c370e549265433449235b2,2017-10-11 21:30:00,30,NO CONTROLS,NO CONTROLS,RAIN,"DARKNESS, LIGHTED ROAD",SIDESWIPE SAME DIRECTION,DIVIDED - W/MEDIAN BARRIER,STRAIGHT ON GRADE,WET,NO DEFECTS,NO INJURY / DRIVE AWAY,"OVER $1,500",DRIVING SKILLS/KNOWLEDGE/EXPERIENCE,IMPROPER LANE USAGE,6705,S,CICERO AVE,2,NO INDICATION OF INJURY,0.0,0.0,0.0,0.0,0.0,2.0,0.0,21,4,10
c88c6d5f0b9fb960318cfdcabc51024049365f8bb01e80a3b8921288be22b9f6378abad21264dc22cbe28cfd75c8ca946c5042c61201601d9c5d0558f626fd53,2021-07-09 19:35:00,30,NO CONTROLS,NO CONTROLS,CLEAR,"DARKNESS, LIGHTED ROAD",PARKED MOTOR VEHICLE,ONE-WAY,STRAIGHT AND LEVEL,DRY,UNKNOWN,NO INJURY / DRIVE AWAY,"OVER $1,500",UNABLE TO DETERMINE,UNABLE TO DETERMINE,2610,W,24TH PL,4,NO INDICATION OF INJURY,0.0,0.0,0.0,0.0,0.0,1.0,0.0,19,6,7
6a37a8c04e50e06afa758deede5cf8f919d27112123b68a0d22fef0fb6301e2d6ad17e908f89f53a6dbb9897ab34464104bb56eeb0314dea1a5075a1a00fa734,2019-01-27 03:30:00,30,NO CONTROLS,NO CONTROLS,SNOW,DARKNESS,PARKED MOTOR VEHICLE,NOT DIVIDED,STRAIGHT AND LEVEL,SNOW OR SLUSH,NO DEFECTS,NO INJURY / DRIVE AWAY,"$501 - $1,500",NOT APPLICABLE,NOT APPLICABLE,2215,W,CULLERTON ST,2,NO INDICATION OF INJURY,0.0,0.0,0.0,0.0,0.0,1.0,0.0,3,1,1
0129fd91debf61331205f1ed8ca06147f4449f6983f3824bdb062368b227b182c2eae3f94b6c21d80a0059e405eee61911c50d1a7d694b1b3c46b3d588b0b328,2017-11-06 23:24:00,30,NO CONTROLS,NO CONTROLS,CLEAR,"DARKNESS, LIGHTED ROAD",SIDESWIPE SAME DIRECTION,NOT DIVIDED,STRAIGHT AND LEVEL,DRY,NO DEFECTS,INJURY AND / OR TOW DUE TO CRASH,"OVER $1,500",FAILING TO YIELD RIGHT-OF-WAY,"OPERATING VEHICLE IN ERRATIC, RECKLESS, CARELESS, NEGLIGENT OR AGGRESSIVE MANNER",3042,W,ARMITAGE AVE,2,NO INDICATION OF INJURY,0.0,0.0,0.0,0.0,0.0,3.0,0.0,23,2,11
3d936157fa844b8ef67d8b83b5bcb16ebe6532cd3de15bf4ad3914281ed11ed127d41659be229c4af6365c097f73502002237d3a189bdd0545b60e095aaaf28e,2020-09-06 16:00:00,20,NO CONTROLS,NO CONTROLS,CLEAR,DAYLIGHT,PARKED MOTOR VEHICLE,ONE-WAY,STRAIGHT AND LEVEL,DRY,NO DEFECTS,NO INJURY / DRIVE AWAY,"$501 - $1,500",UNABLE TO DETERMINE,NOT APPLICABLE,3939,W,ARTHINGTON ST,3,NO INDICATION OF INJURY,0.0,0.0,0.0,0.0,0.0,1.0,0.0,16,1,9
0db8d292a6f32af1bed9ad218ee606db63d705b6f3f0654c74158a12a6fd005f1a1b270299959e03c92fe78cb6d28eb15cbe338e87831cc30c885ca91c21aef3,2019-05-22 15:30:00,30,TRAFFIC SIGNAL,FUNCTIONING PROPERLY,CLEAR,DAYLIGHT,REAR END,NOT DIVIDED,STRAIGHT AND LEVEL,DRY,NO DEFECTS,NO INJURY / DRIVE AWAY,"$501 - $1,500",FOLLOWING TOO CLOSELY,UNABLE TO DETERMINE,6334,N,LEHIGH AVE,2,NO INDICATION OF INJURY,0.0,0.0,0.0,0.0,0.0,2.0,0.0,15,4,5
103cf0147b54162deb44d807169a89c2078acfc28eaab15a5e5c20c2bf9535515226a32d5e2acab00f015b5d8e2b8a3cdc1d59d0d04b7087bf7a194995f1971d,2021-05-08 13:00:00,30,NO CONTROLS,NO CONTROLS,CLEAR,DAYLIGHT,SIDESWIPE SAME DIRECTION,NOT DIVIDED,STRAIGHT AND LEVEL,DRY,NO DEFECTS,NO INJURY / DRIVE AWAY,"$501 - $1,500","OPERATING VEHICLE IN ERRATIC, RECKLESS, CARELESS, NEGLIGENT OR AGGRESSIVE MANNER",DRIVING SKILLS/KNOWLEDGE/EXPERIENCE,4615,N,KEDZIE AVE,2,NO INDICATION OF INJURY,0.0,0.0,0.0,0.0,0.0,2.0,0.0,13,7,5
061cc12aea64f6ff96248a0f76a8878b2690987839e15ff251ccc25ea4c20a632389c6125be7f8b91b2d1911663d24d064cae09b2452cf8b5301fcee0ef7a6f8,2015-10-15 20:15:00,30,NO CONTROLS,NO CONTROLS,CLEAR,DARKNESS,PARKED MOTOR VEHICLE,ONE-WAY,STRAIGHT AND LEVEL,DRY,UNKNOWN,NO INJURY / DRIVE AWAY,"OVER $1,500",HAD BEEN DRINKING (USE WHEN ARREST IS NOT MADE),NOT APPLICABLE,4902,W,ADAMS ST,3,NO INDICATION OF INJURY,0.0,0.0,0.0,0.0,0.0,1.0,0.0,20,5,10
5b898db05d0123d7f28c9b18155dab08744dd7267d0d6875e0da9ac96c81a1dbb8ad7df3aad849ebe08fbdaed4a04c15002aa38f1937e36544fa59ea8aa3b1e4,2020-12-27 15:15:00,30,TRAFFIC SIGNAL,FUNCTIONING PROPERLY,CLEAR,DAYLIGHT,SIDESWIPE SAME DIRECTION,NOT DIVIDED,STRAIGHT AND LEVEL,DRY,NO DEFECTS,NO INJURY / DRIVE AWAY,"OVER $1,500",IMPROPER LANE USAGE,UNABLE TO DETERMINE,176,N,MICHIGAN AVE,2,NO INDICATION OF INJURY,0.0,0.0,0.0,0.0,0.0,2.0,0.0,15,1,12
27541e68835469dc56af584a4ce6d842542dde3550c86ededf435ee6cd43573533b4a38c49fef14e3c236f6209e712d4f49739767a9448314257e15857f8e31e,2021-03-06 14:00:00,30,NO CONTROLS,NO CONTROLS,CLEAR,DAYLIGHT,SIDESWIPE SAME DIRECTION,NOT DIVIDED,STRAIGHT AND LEVEL,DRY,NO DEFECTS,INJURY AND / OR TOW DUE TO CRASH,"OVER $1,500",IMPROPER OVERTAKING/PASSING,UNABLE TO DETERMINE,10,W,57TH ST,2,NO INDICATION OF INJURY,0.0,0.0,0.0,0.0,0.0,5.0,0.0,14,7,3
0572bb9baecafaab817e21b1184456dadbcd103e7b26beb07feebac0ea10944cb493af401079486c475be74ff00bda552c4680e162d94ce86c2b9f8f8e49f10a,2018-11-22 11:00:00,35,NO CONTROLS,NO CONTROLS,CLEAR,DAYLIGHT,ANGLE,PARKING LOT,STRAIGHT AND LEVEL,DRY,UNKNOWN,NO INJURY / DRIVE AWAY,"OVER $1,500",UNABLE TO DETERMINE,UNABLE TO DETERMINE,4720,S,COTTAGE GROVE AVE,2,NO INDICATION OF INJURY,0.0,0.0,0.0,0.0,0.0,2.0,0.0,11,5,11
d7f52987e79ab5b1349523393138ec5fc997a5995dc994f370583686f00cb42ecfbb78f16ef4d9da446c41b9252fa4dad30c4f5088036e2fdeb8b1f26ef933f4,2022-10-05 17:00:00,30,NO CONTROLS,NO CONTROLS,CLEAR,DAYLIGHT,REAR END,NOT DIVIDED,STRAIGHT AND LEVEL,DRY,NO DEFECTS,NO INJURY / DRIVE AWAY,"$501 - $1,500",FOLLOWING TOO CLOSELY,FOLLOWING TOO CLOSELY,5300,N,NAGLE AVE,2,NO INDICATION OF INJURY,0.0,0.0,0.0,0.0,0.0,2.0,0.0,17,4,10
846f111eb165d1cbd616b7671291b2c8703188fe248f480bf42385a243c56256bbbf66be6b1554666a3a36e6c152856c13ed2e7249981fcc4e5f292fb5300b0a,2016-08-27 16:17:00,30,NO CONTROLS,NO CONTROLS,CLEAR,DAYLIGHT,PARKED MOTOR VEHICLE,NOT DIVIDED,STRAIGHT AND LEVEL,DRY,NO DEFECTS,NO INJURY / DRIVE AWAY,"OVER $1,500",NOT APPLICABLE,NOT APPLICABLE,730,S,CLARK ST,2,NO INDICATION OF INJURY,0.0,0.0,0.0,0.0,0.0,2.0,0.0,16,7,8
5d6abf9076d10c54fa6f76f3cba0ca80b5567b519182436e27a296e5dc63a7d27f7ba00cef26ddfdfb30d736290f1bc96303ee6719fc1493fc48e3dbff041ff1,2020-06-16 10:30:00,30,NO CONTROLS,NO CONTROLS,CLEAR,DAYLIGHT,SIDESWIPE SAME DIRECTION,NOT DIVIDED,"CURVE, LEVEL",DRY,NO DEFECTS,NO INJURY / DRIVE AWAY,"$501 - $1,500",FAILING TO YIELD RIGHT-OF-WAY,"VISION OBSCURED (SIGNS, TREE LIMBS, BUILDINGS, ETC.)",1400,W,71ST ST,2,NO INDICATION OF INJURY,0.0,0.0,0.0,0.0,0.0,2.0,0.0,10,3,6
52d102801fba505158b9d17c186aaf98ea7e71948cbef9f816187c821de3fef55ec117d8f71e490ae6e7ae8ed7ddc6f20596c355812d6062920047432b2ddf3b,2022-04-14 21:18:00,30,NO CONTROLS,NO CONTROLS,CLEAR,"DARKNESS, LIGHTED ROAD",PARKED MOTOR VEHICLE,PARKING LOT,STRAIGHT AND LEVEL,DRY,NO DEFECTS,NO INJURY / DRIVE AWAY,"$501 - $1,500",UNABLE TO DETERMINE,UNABLE TO DETERMINE,1930,W,ADAMS ST,2,NO INDICATION OF INJURY,0.0,0.0,0.0,0.0,0.0,1.0,0.0,21,5,4
7715f62863ac4578d31d337d30562e1c3618c509555a43a2d85ae87b184ec5d49cf233f56ba41de23c56b991a072493866fea35a8458d394266d02189ed5168e,2021-02-09 15:15:00,30,UNKNOWN,UNKNOWN,UNKNOWN,UNKNOWN,REAR END,UNKNOWN,STRAIGHT AND LEVEL,UNKNOWN,UNKNOWN,NO INJURY / DRIVE AWAY,"OVER $1,500",UNABLE TO DETERMINE,NOT APPLICABLE,3201,N,HARLEM AVE,2,NO INDICATION OF INJURY,0.0,0.0,0.0,0.0,0.0,2.0,0.0,15,3,2
18cd0bf1a28ac2d7ee2afcef4ee2aa1c84efb607529bf16d35043ed4e5daae05eb77180054f0266c90a1f4b61717a3f05ef6544b8172030e5e5e8d06e3d3088d,2023-06-22 12:00:00,20,NO CONTROLS,NO CONTROLS,CLEAR,DAYLIGHT,PARKED MOTOR VEHICLE,ONE-WAY,STRAIGHT AND LEVEL,DRY,NO DEFECTS,NO INJURY / DRIVE AWAY,"OVER $1,500",UNABLE TO DETERMINE,NOT APPLICABLE,6107,N,RAVENSWOOD AVE,2,NO INDICATION OF INJURY,0.0,0.0,0.0,0.0,0.0,1.0,0.0,12,5,6
42d21361406ef547d02e448fc00c3864fb2d4665854d293e1573c1c80588da880c37e550473c6cbed68116999803a05bffdfa6c1cdf0d3f7285e3beeebd4baa8,2016-02-04 11:00:00,25,TRAFFIC SIGNAL,FUNCTIONING PROPERLY,CLEAR,DAYLIGHT,REAR END,DIVIDED - W/MEDIAN (NOT RAISED),STRAIGHT AND LEVEL,DRY,NO DEFECTS,NO INJURY / DRIVE AWAY,"$501 - $1,500",FOLLOWING TOO CLOSELY,NOT APPLICABLE,2801,N,CALIFORNIA AVE,2,NO INDICATION OF INJURY,0.0,0.0,0.0,0.0,0.0,2.0,0.0,11,5,2
726cc525ed7cdd8d92dae483ab084c557297d54ca93a5f927db1cfd30a78202e9d869d9ce1edee551cc56580535718956572bfe3c4495e48e781f2dc67f466d9,2023-06-26 17:10:00,30,TRAFFIC SIGNAL,FUNCTIONING PROPERLY,CLEAR,DAYLIGHT,REAR END,DIVIDED - W/MEDIAN (NOT RAISED),STRAIGHT AND LEVEL,DRY,NO DEFECTS,NO INJURY / DRIVE AWAY,"OVER $1,500",FOLLOWING TOO CLOSELY,NOT APPLICABLE,6420,W,DEVON AVE,3,NO INDICATION OF INJURY,0.0,0.0,0.0,0.0,0.0,6.0,0.0,17,2,6
5eb20d7baa8bc1d6a4f4bee1c428eb6da71ad2962c2ec17c392ce21ec0397797a58b7a2761781e92294cd82ed0a384830d70f479ddfa5ffd53c0d75c03fb5fd0,2017-08-24 09:00:00,30,NO CONTROLS,NO CONTROLS,CLEAR,DAYLIGHT,TURNING,NOT DIVIDED,STRAIGHT AND LEVEL,DRY,NO DEFECTS,INJURY AND / OR TOW DUE TO CRASH,"OVER $1,500",FAILING TO YIELD RIGHT-OF-WAY,FAILING TO YIELD RIGHT-OF-WAY,2701,S,WESTERN AVE,3,NO INDICATION OF INJURY,0.0,0.0,0.0,0.0,0.0,3.0,0.0,9,5,8
1db527ff88a13bd5f8a6fb469ac39a0e2d50f5453ebe0417a14e8b08d86692836abd4327880a67a64d13c0ec4d7dff7981b9fe1c3b678bba386d01882c72293e,2022-03-06 14:15:00,20,NO CONTROLS,NO CONTROLS,CLEAR,DAYLIGHT,PARKED MOTOR VEHICLE,ONE-WAY,STRAIGHT AND LEVEL,DRY,NO DEFECTS,NO INJURY / DRIVE AWAY,"OVER $1,500",DISTRACTION - FROM OUTSIDE VEHICLE,UNABLE TO DETERMINE,4644,S,DR MARTIN LUTHER KING JR DR,2,NO INDICATION OF INJURY,0.0,0.0,0.0,0.0,0.0,1.0,0.0,14,1,3
900c08af6351599737821aee65e504f47239406a62db4b55faeb0a45ea35770b6b3b18d2c602f1b1220278140077838a9780bd5cbf9fd7133ac0421e947e2da0,2022-05-09 17:30:00,25,TRAFFIC SIGNAL,FUNCTIONING PROPERLY,CLEAR,DAYLIGHT,ANGLE,NOT DIVIDED,STRAIGHT AND LEVEL,DRY,NO DEFECTS,NO INJURY / DRIVE AWAY,"$501 - $1,500",FAILING TO YIELD RIGHT-OF-WAY,DISREGARDING STOP SIGN,5700,S,KEDZIE AVE,2,NO INDICATION OF INJURY,0.0,0.0,0.0,0.0,0.0,3.0,0.0,17,2,5
40cb2dd464267043d39cdd626b4558f155859fe8f36659a91b57be592b02c31e8ebb882670b85f593814c3d3fedf8ca2bb5770d0084a5ac6115e5daba392e554,2019-01-26 00:03:00,30,NO CONTROLS,NO CONTROLS,UNKNOWN,"DARKNESS, LIGHTED ROAD",SIDESWIPE SAME DIRECTION,ONE-WAY,STRAIGHT AND LEVEL,UNKNOWN,UNKNOWN,NO INJURY / DRIVE AWAY,$500 OR LESS,FAILING TO YIELD RIGHT-OF-WAY,FAILING TO YIELD RIGHT-OF-WAY,158,W,WASHINGTON ST,2,NO INDICATION OF INJURY,0.0,0.0,0.0,0.0,0.0,2.0,0.0,0,7,1
b25a5e189b0d6c0142a3d6597eeb5125838c4e3467276584e2790d2f651d2a40a9bc67b1393ecb1c15fd35959d80b37dca16144c976501ba8efced49f90848a9,2021-12-03 23:41:00,30,STOP SIGN/FLASHER,FUNCTIONING PROPERLY,CLEAR,"DARKNESS, LIGHTED ROAD",SIDESWIPE SAME DIRECTION,DIVIDED - W/MEDIAN (NOT RAISED),STRAIGHT AND LEVEL,DRY,NO DEFECTS,NO INJURY / DRIVE AWAY,"OVER $1,500",IMPROPER OVERTAKING/PASSING,IMPROPER OVERTAKING/PASSING,11100,S,HOMEWOOD AVE,2,NO INDICATION OF INJURY,0.0,0.0,0.0,0.0,0.0,3.0,0.0,23,6,12
ff73f2bf525f10104294656565929addea75a812ff502a782cf3594410ba18a51367d411f113f02490e0c22d399c34b2d7b6ada1d5b2348c7c9e82181f796ab8,2021-08-16 19:00:00,30,NO CONTROLS,NO CONTROLS,CLEAR,"DARKNESS, LIGHTED ROAD",PARKED MOTOR VEHICLE,NOT DIVIDED,STRAIGHT AND LEVEL,DRY,NO DEFECTS,NO INJURY / DRIVE AWAY,"OVER $1,500",UNABLE TO DETERMINE,NOT APPLICABLE,3041,S,KEDVALE AVE,2,NO INDICATION OF INJURY,0.0,0.0,0.0,0.0,0.0,1.0,0.0,19,2,8
af4493a756fe0dea04030e7004555041890cff168930029ba9b4dff2d3e37861f19f81c751878a5b5952568c5bf107bcce6701bcdfc94a90b3f38168404c058e,2020-05-20 15:15:00,30,NO CONTROLS,NO CONTROLS,CLEAR,DAYLIGHT,PARKED MOTOR VEHICLE,ONE-WAY,STRAIGHT AND LEVEL,DRY,NO DEFECTS,INJURY AND / OR TOW DUE TO CRASH,"OVER $1,500",UNDER THE INFLUENCE OF ALCOHOL/DRUGS (USE WHEN ARREST IS EFFECTED),NOT APPLICABLE,7236,W,PALATINE AVE,3,NO INDICATION OF INJURY,0.0,0.0,0.0,0.0,0.0,1.0,0.0,15,4,5
9d555b4c62e12f2629ab2d08453a9d5ad159b14e89d4860658179e0da30a8df6aad7127051b891c4a05a94c719d1fee5b2ca15437f9a091da49436fd4232fed1,2023-11-11 10:09:00,25,STOP SIGN/FLASHER,FUNCTIONING PROPERLY,CLEAR,DAYLIGHT,ANGLE,FOUR WAY,STRAIGHT AND LEVEL,DRY,NO DEFECTS,INJURY AND / OR TOW DUE TO CRASH,"OVER $1,500",UNABLE TO DETERMINE,UNABLE TO DETERMINE,8158,S,TROY ST,2,"REPORTED, NOT EVIDENT",1.0,0.0,0.0,0.0,1.0,1.0,0.0,10,7,11
4a3085004bbcf9deb92ede158c5c3724e3c4f1a63e95518b679751b9c584f2f60aa38af946207445fc5920fb6edde08597d014f22f29f1df13e09baa66d9b295,2020-08-14 14:24:00,45,NO CONTROLS,NO CONTROLS,CLEAR,DAYLIGHT,OTHER OBJECT,DIVIDED - W/MEDIAN BARRIER,STRAIGHT AND LEVEL,DRY,NO DEFECTS,INJURY AND / OR TOW DUE TO CRASH,"OVER $1,500",UNABLE TO DETERMINE,DRIVING SKILLS/KNOWLEDGE/EXPERIENCE,4000,S,LAKE SHORE DR NB,2,INCAPACITATING INJURY,2.0,0.0,1.0,1.0,0.0,0.0,0.0,14,6,8
06ac92506e12366b0861bbe537644d14cd6bd7eb662ca4f7ed7a89cb059812da7a6be3143e48a8b3584bf96cb35d496a5565095e27cfa3e889c75fd49a0b7ae8,2017-10-03 11:40:00,30,RAILROAD CROSSING GATE,FUNCTIONING PROPERLY,RAIN,DAYLIGHT,SIDESWIPE SAME DIRECTION,NOT DIVIDED,STRAIGHT AND LEVEL,WET,NO DEFECTS,NO INJURY / DRIVE AWAY,"OVER $1,500",FAILING TO YIELD RIGHT-OF-WAY,UNABLE TO DETERMINE,351,W,95TH ST,2,NO INDICATION OF INJURY,0.0,0.0,0.0,0.0,0.0,3.0,0.0,11,3,10
65faeec350cc38f9770ca03f372f3395eac5c733475a49e088fd1efc0f0082307c6280c1d2f313e2093329fdbaa91f6a6a1894d31c5cf27a5bc42b253624d5df,2020-02-03 08:10:00,30,NO CONTROLS,NO CONTROLS,CLEAR,DAYLIGHT,SIDESWIPE SAME DIRECTION,NOT DIVIDED,STRAIGHT AND LEVEL,DRY,NO DEFECTS,NO INJURY / DRIVE AWAY,"OVER $1,500",IMPROPER OVERTAKING/PASSING,UNABLE TO DETERMINE,1508,S,KOSTNER AVE,2,NO INDICATION OF INJURY,0.0,0.0,0.0,0.0,0.0,2.0,0.0,8,2,2
63c59846d5151955e67247ed385540d4d1d1249983ffd41b8346c32a9ccd8289bca311284697e458cb47f11ef9ceb7f9d1f9ad316234ce6224aa342955996f10,2015-10-13 06:00:00,30,NO CONTROLS,NO CONTROLS,CLEAR,DAYLIGHT,PARKED MOTOR VEHICLE,ONE-WAY,STRAIGHT AND LEVEL,DRY,NO DEFECTS,NO INJURY / DRIVE AWAY,"$501 - $1,500",IMPROPER BACKING,IMPROPER BACKING,4634,N,ST LOUIS AVE,2,NO INDICATION OF INJURY,0.0,0.0,0.0,0.0,0.0,1.0,0.0,6,3,10
2361d572337f91f722a090f48e2352c5a488dd21ff6d8a6fd99e136782175fed9510fb151ca55683b81fc2e96d0b0479db8a13051e73c7425ea430ee89439dab,2024-02-21 07:55:00,35,NO CONTROLS,NO CONTROLS,CLEAR,UNKNOWN,PARKED MOTOR VEHICLE,NOT DIVIDED,STRAIGHT AND LEVEL,DRY,NO DEFECTS,NO INJURY / DRIVE AWAY,"OVER $1,500",UNABLE TO DETERMINE,UNABLE TO DETERMINE,4719,S,FORRESTVILLE AVE,2,NO INDICATION OF INJURY,0.0,0.0,0.0,0.0,0.0,1.0,0.0,7,4,2
48dd36b87631c59fa817ef34ceba43d2b65b35b3995ae3fbee53d417377f55916b196afbce3204724bb8012cfe14dfe3632726f6e0a83b520dfb292f569990f4,2016-08-17 11:30:00,30,TRAFFIC SIGNAL,FUNCTIONING PROPERLY,CLEAR,DAYLIGHT,SIDESWIPE SAME DIRECTION,NOT DIVIDED,STRAIGHT AND LEVEL,DRY,NO DEFECTS,NO INJURY / DRIVE AWAY,"OVER $1,500",FOLLOWING TOO CLOSELY,FOLLOWING TOO CLOSELY,5100,S,DREXEL AVE,2,NO INDICATION OF INJURY,0.0,0.0,0.0,0.0,0.0,2.0,0.0,11,4,8
ad1144483cefbc55e05735591f212ee0935617cfe7e21f4e112e21191f506430aa581de111f893b01040654dd941f1b0d3ee2adb2b3481de9b10c87e42481bce,2017-04-08 14:45:00,15,NO CONTROLS,NO CONTROLS,CLEAR,DAYLIGHT,REAR END,NOT DIVIDED,STRAIGHT AND LEVEL,DRY,NO DEFECTS,NO INJURY / DRIVE AWAY,"$501 - $1,500",FOLLOWING TOO CLOSELY,UNABLE TO DETERMINE,359,E,79TH ST,2,NO INDICATION OF INJURY,0.0,0.0,0.0,0.0,0.0,2.0,0.0,14,7,4
33f2006dbef60c8ad6619dbb5aff04d9b21faaa5bcac5eb4b57f979e070021c9635da0a49de3852abcc9eeae4616171a9268629ac16574c046887e54095cf236,2022-12-25 18:10:00,30,NO CONTROLS,NO CONTROLS,CLEAR,"DARKNESS, LIGHTED ROAD",SIDESWIPE SAME DIRECTION,NOT DIVIDED,STRAIGHT AND LEVEL,DRY,UNKNOWN,NO INJURY / DRIVE AWAY,$500 OR LESS,UNABLE TO DETERMINE,UNABLE TO DETERMINE,1554,W,59TH ST,2,NO INDICATION OF INJURY,0.0,0.0,0.0,0.0,0.0,3.0,0.0,18,1,12
88eb0967400531543e5592ea83a01973063da7944641bd58a2ff90fc762c042ca88289f4f71d01558950a06471057843393eaa3ab190d18054ca6cc55d322c16,2019-05-23 16:30:00,30,TRAFFIC SIGNAL,FUNCTIONING PROPERLY,CLEAR,DAYLIGHT,TURNING,DIVIDED - W/MEDIAN BARRIER,STRAIGHT AND LEVEL,DRY,NO DEFECTS,NO INJURY / DRIVE AWAY,"OVER $1,500",IMPROPER TURNING/NO SIGNAL,DRIVING SKILLS/KNOWLEDGE/EXPERIENCE,4700,S,WENTWORTH AVE,2,NO INDICATION OF INJURY,0.0,0.0,0.0,0.0,0.0,2.0,0.0,16,5,5
02839efa2aec2a2d3294d22209c2f2f70523baba1e0a0f45cf33c6530df19829b940d0e2f387cfbc69371218c1dd32a5267933012ac75259aeac9f70a4a2a101,2021-01-21 10:45:00,30,TRAFFIC SIGNAL,FUNCTIONING PROPERLY,CLEAR,DAYLIGHT,PEDALCYCLIST,FOUR WAY,STRAIGHT AND LEVEL,DRY,NO DEFECTS,INJURY AND / OR TOW DUE TO CRASH,$500 OR LESS,FAILING TO YIELD RIGHT-OF-WAY,UNABLE TO DETERMINE,1600,W,18TH ST,2,NONINCAPACITATING INJURY,1.0,0.0,0.0,1.0,0.0,1.0,0.0,10,5,1
8bbc0a7c04ad006b17333e334c41a75de3a41d854ceb932b1da58202c56cfa4a46bfe0d4b51df5cc909959bc953f80ae31b6f1958749979e18eab33b3f12825c,2019-04-12 20:03:00,45,NO CONTROLS,NO CONTROLS,CLEAR,"DARKNESS, LIGHTED ROAD",PEDESTRIAN,DIVIDED - W/MEDIAN BARRIER,STRAIGHT AND LEVEL,DRY,NO DEFECTS,INJURY AND / OR TOW DUE TO CRASH,"OVER $1,500",NOT APPLICABLE,NOT APPLICABLE,2900,S,LAKE SHORE DR SB,2,FATAL,1.0,1.0,0.0,0.0,0.0,1.0,0.0,20,6,4
246f4d81e1754dec3288ef387daf63c880219fd0a7f27f652454c2fbe17cda9137e5b52d3161c030fdb6324a54cf11cf6db7b9a94714499b2601b78d274bd6d0,2020-12-26 13:09:00,25,NO CONTROLS,NO CONTROLS,CLEAR,DAYLIGHT,PARKED MOTOR VEHICLE,OTHER,STRAIGHT AND LEVEL,DRY,NO DEFECTS,NO INJURY / DRIVE AWAY,"OVER $1,500",UNABLE TO DETERMINE,NOT APPLICABLE,7821,S,CHAPPEL AVE,2,NO INDICATION OF INJURY,0.0,0.0,0.0,0.0,0.0,1.0,0.0,13,7,12
e76f76ad98426a08a22f6fd02cf66fcc584140e176181ba5efcbbef05397b9601350f403856646eccfe8cb10034f81bd1bd9beedeb763280590e7fdb6cf1f8bf,2023-10-08 09:00:00,35,NO CONTROLS,NO CONTROLS,CLEAR,DAYLIGHT,PARKED MOTOR VEHICLE,ONE-WAY,STRAIGHT AND LEVEL,DRY,NO DEFECTS,NO INJURY / DRIVE AWAY,"OVER $1,500",IMPROPER OVERTAKING/PASSING,UNABLE TO DETERMINE,7800,S,PEORIA ST,2,NO INDICATION OF INJURY,0.0,0.0,0.0,0.0,0.0,1.0,0.0,9,1,10
e6dc8556c0789ccf6ec047e1b31f92c634fa9d4f8f1c9202af75f9683551d361cc5ef9dc35c872dc2a9e9cf5944d0bf4dff311481d362ac5b9d60c1f3003ffc5,2018-04-16 08:50:00,30,UNKNOWN,UNKNOWN,UNKNOWN,UNKNOWN,REAR END,UNKNOWN,STRAIGHT AND LEVEL,UNKNOWN,UNKNOWN,NO INJURY / DRIVE AWAY,"OVER $1,500",UNABLE TO DETERMINE,NOT APPLICABLE,6725,W,DEVON AVE,2,NO INDICATION OF INJURY,0.0,0.0,0.0,0.0,0.0,2.0,0.0,8,2,4