CRASH_RECORD_ID,CRASH_DATE,POSTED_SPEED_LIMIT,TRAFFIC_CONTROL_DEVICE,DEVICE_CONDITION,WEATHER_CONDITION,LIGHTING_CONDITION,FIRST_CRASH_TYPE,TRAFFICWAY_TYPE,ALIGNMENT,ROADWAY_SURFACE_COND,ROAD_DEFECT,CRASH_TYPE,DAMAGE,PRIM_CONTRIBUTORY_CAUSE,SEC_CONTRIBUTORY_CAUSE,STREET_NO,STREET_DIRECTION,STREET_NAME,NUM_UNITS,MOST_SEVERE_INJURY,INJURIES_TOTAL,INJURIES_FATAL,INJURIES_INCAPACITATING,INJURIES_NON_INCAPACITATING,INJURIES_REPORTED_NOT_EVIDENT,INJURIES_NO_INDICATION,INJURIES_UNKNOWN,CRASH_HOUR,CRASH_DAY_OF_WEEK,CRASH_MONTH
21029c98a5571018aef2d7d9021284661cbe5d5bed0041a9bcf43008a46140db6aa5eb206a62caafc8d6fa979c65b43445802467d2a7bb94a9e33589d26353aa,2020-11-25 07:22:00,35,NO CONTROLS,NO CONTROLS,RAIN,DAYLIGHT,FIXED OBJECT,DIVIDED - W/MEDIAN BARRIER,"CURVE, LEVEL",WET,NO DEFECTS,INJURY AND / OR TOW DUE TO CRASH,"OVER $1,500",UNABLE TO DETERMINE,UNABLE TO DETERMINE,9000,S,LAKE SHORE DR,1,NONINCAPACITATING INJURY,1.0,0.0,0.0,1.0,0.0,1.0,0.0,7,4,11
26dae6e81a940e99c5cd2ce71e491d13f448a9278eb87ffb77fd8232c86dcc19017c1c9a9e39e234e3701164121339e20784572b05f3fac300f49c4100cc847c,2024-01-19 14:29:00,30,TRAFFIC SIGNAL,FUNCTIONING PROPERLY,SNOW,DAYLIGHT,TURNING,NOT DIVIDED,STRAIGHT AND LEVEL,SNOW OR SLUSH,NO DEFECTS,INJURY AND / OR TOW DUE TO CRASH,"OVER $1,500",FAILING TO YIELD RIGHT-OF-WAY,IMPROPER TURNING/NO SIGNAL,302,E,ILLINOIS ST,2,NONINCAPACITATING INJURY,1.0,0.0,0.0,1.0,0.0,3.0,0.0,14,6,1
9a5adeee6365634eda90c61e6dfe07446cc9b3df147ebc30b616fcc5a87a0bc67b3745f61485ba81e10e96e19b2ecc6f093bbeb414ec5b222e199faa5d636719,2019-09-07 11:43:00,30,NO CONTROLS,NO CONTROLS,CLEAR,DAYLIGHT,REAR END,NOT DIVIDED,STRAIGHT AND LEVEL,DRY,NO DEFECTS,NO INJURY / DRIVE AWAY,"OVER $1,500",FAILING TO REDUCE SPEED TO AVOID CRASH,UNABLE TO DETERMINE,3220,N,HALSTED ST,2,NO INDICATION OF INJURY,0.0,0.0,0.0,0.0,0.0,2.0,0.0,11,7,9
bdbbfe3d9d89904e0df60acb9a77d235d1ebf1022faf9ae351c98650e6510da5c8e68da39e3d03a5230973fb9f73a794fee1b5b0bf1997531dba17fce5c24590,2017-11-24 19:30:00,30,TRAFFIC SIGNAL,FUNCTIONING PROPERLY,CLEAR,"DARKNESS, LIGHTED ROAD",REAR END,NOT DIVIDED,STRAIGHT AND LEVEL,DRY,NO DEFECTS,NO INJURY / DRIVE AWAY,"OVER $1,500",FOLLOWING TOO CLOSELY,NOT APPLICABLE,3995,N,CENTRAL AVE,2,NO INDICATION OF INJURY,0.0,0.0,0.0,0.0,0.0,4.0,0.0,19,6,11
793543e619ceb5f2a5fe5f4d90f777b1535e9697182c28357a66e9f683d1b5e84a12be0b412ec92fbe2b4b53d8827f2d5f6786bf537562def2caf4f901014d25,2018-06-16 13:59:00,30,TRAFFIC SIGNAL,FUNCTIONING PROPERLY,CLEAR,DAYLIGHT,PEDESTRIAN,DIVIDED - W/MEDIAN (NOT RAISED),STRAIGHT AND LEVEL,DRY,NO DEFECTS,NO INJURY / DRIVE AWAY,$500 OR LESS,NOT APPLICABLE,UNABLE TO DETERMINE,7,S,PULASKI RD,2,NO INDICATION OF INJURY,0.0,0.0,0.0,0.0,0.0,2.0,0.0,13,7,6
b12536e8749c7cb6553302e7bc5bd33b7262baea879fb47b23077471fa4f17e49e5773ac476fef78bc9642413720e20654c8e8a1200f197089cb5f226444e5bf,2022-07-18 01:40:00,30,NO CONTROLS,NO CONTROLS,CLEAR,"DARKNESS, LIGHTED ROAD",TURNING,NOT DIVIDED,STRAIGHT AND LEVEL,DRY,UNKNOWN,INJURY AND / OR TOW DUE TO CRASH,"OVER $1,500",IMPROPER TURNING/NO SIGNAL,UNABLE TO DETERMINE,4100,W,ROOSEVELT RD,2,NO INDICATION OF INJURY,0.0,0.0,0.0,0.0,0.0,2.0,0.0,1,2,7
3c1987fa7e3906da4def5482dd2e7387f79d4cecb4e9aace6b28bbf7f9000a8f07f3fd2c5527cd074316fe52506c1299fec4d41e74eb71b412adea6859200452,2017-06-06 10:15:00,30,TRAFFIC SIGNAL,FUNCTIONING PROPERLY,CLEAR,DAYLIGHT,REAR END,NOT DIVIDED,STRAIGHT AND LEVEL,DRY,NO DEFECTS,NO INJURY / DRIVE AWAY,"OVER $1,500",FAILING TO YIELD RIGHT-OF-WAY,FOLLOWING TOO CLOSELY,2158,S,CLARK ST,2,NO INDICATION OF INJURY,0.0,0.0,0.0,0.0,0.0,2.0,0.0,10,3,6
b6608f23599f47bfd21f443926196b3e94919f72f9619e34f236f5a2a3f81ce21f00ffaa1ede0d24ec66e7db90659e48ecab11c9c6d31f9e8f9272074d1b86d7,2017-04-26 12:10:00,30,NO CONTROLS,NO CONTROLS,CLEAR,DAYLIGHT,PARKED MOTOR VEHICLE,NOT DIVIDED,STRAIGHT AND LEVEL,DRY,NO DEFECTS,NO INJURY / DRIVE AWAY,"$501 - $1,500",IMPROPER LANE USAGE,NOT APPLICABLE,4109,W,NORTH AVE,2,NO INDICATION OF INJURY,0.0,0.0,0.0,0.0,0.0,2.0,0.0,12,4,4
d79a6711be96e971fccf40194f20e1e482a1b05866deb5262eaa30b5d5fe02163cfa8b99fe6a172abbdf26457d02af7fda959e04ea1015566b6ee795cdc32faa,2021-08-04 13:20:00,30,NO CONTROLS,NO CONTROLS,CLEAR,DAYLIGHT,PARKED MOTOR VEHICLE,DIVIDED - W/MEDIAN (NOT RAISED),STRAIGHT AND LEVEL,DRY,NO DEFECTS,NO INJURY / DRIVE AWAY,$500 OR LESS,UNABLE TO DETERMINE,UNABLE TO DETERMINE,4738,N,WESTERN AVE,2,NO INDICATION OF INJURY,0.0,0.0,0.0,0.0,0.0,1.0,0.0,13,4,8
3d0b53616a0f6d01fc81721267091ed1a2290ae5920b1373ac7030a33721705f7503c1a3e426fb67b2bebb1c19c43bd6b9e1aa094a6946f64a0d20c9d9196077,2020-07-21 08:30:00,30,NO CONTROLS,NO CONTROLS,CLEAR,DAYLIGHT,PARKED MOTOR VEHICLE,NOT DIVIDED,STRAIGHT AND LEVEL,DRY,NO DEFECTS,NO INJURY / DRIVE AWAY,"OVER $1,500",UNABLE TO DETERMINE,IMPROPER OVERTAKING/PASSING,1644,W,56TH ST,2,NO INDICATION OF INJURY,0.0,0.0,0.0,0.0,0.0,1.0,0.0,8,3,7
04e8b7bc3e91f4627992bf3383eed8c4d6e9b3d96afb08451639bc0225216a9ccbe171ab6fd3ce9af2e35120bdc41a9cd3f9a9d288b9e940938bba70d370f0bd,2018-01-14 16:00:00,30,NO CONTROLS,NO CONTROLS,SNOW,DAYLIGHT,ANGLE,OTHER,STRAIGHT AND LEVEL,WET,NO DEFECTS,NO INJURY / DRIVE AWAY,"$501 - $1,500",WEATHER,UNABLE TO DETERMINE,3032,W,26TH ST,2,NO INDICATION OF INJURY,0.0,0.0,0.0,0.0,0.0,2.0,0.0,16,1,1
95d17e30a282c94879bcca0249406144d9bcfab70fa2673758b3bcaad530f5a36fd2854aa29cb47dc095ee3344cb33c479e31d053205f02e465253e70c2e5064,2020-03-04 10:05:00,30,TRAFFIC SIGNAL,FUNCTIONING PROPERLY,CLEAR,DAYLIGHT,REAR END,DIVIDED - W/MEDIAN (NOT RAISED),STRAIGHT AND LEVEL,DRY,NO DEFECTS,INJURY AND / OR TOW DUE TO CRASH,"OVER $1,500",FOLLOWING TOO CLOSELY,NOT APPLICABLE,4300,S,WABASH AVE,2,"REPORTED, NOT EVIDENT",1.0,0.0,0.0,0.0,1.0,1.0,0.0,10,4,3
cfa71cd2cfb6d038b6024fd755458491b37613be31e43985b2dab2b9e9d19fa43a34c5a812166d01d8e6e3d348c7d21c552fd8a7933ff9ef0c84fbcb0a35fc39,2024-02-18 19:25:00,30,NO CONTROLS,NO CONTROLS,CLEAR,"DARKNESS, LIGHTED ROAD",TURNING,NOT DIVIDED,STRAIGHT AND LEVEL,DRY,NO DEFECTS,NO INJURY / DRIVE AWAY,$500 OR LESS,UNABLE TO DETERMINE,NOT APPLICABLE,306,E,75TH ST,2,NO INDICATION OF INJURY,0.0,0.0,0.0,0.0,0.0,2.0,0.0,19,1,2
ca7fdbaa5e6eeadf8ab20102999ff2a9751cc6911f79ca096662fe194d8f105da4a960a17c2d45fc85415920a160caddb224c8ff9d3ea48fe30a17902a87919c,2019-09-12 13:45:00,30,NO CONTROLS,NO CONTROLS,CLEAR,DAYLIGHT,REAR END,NOT DIVIDED,STRAIGHT AND LEVEL,DRY,NO DEFECTS,INJURY AND / OR TOW DUE TO CRASH,"OVER $1,500",FOLLOWING TOO CLOSELY,FAILING TO REDUCE SPEED TO AVOID CRASH,1720,W,119TH ST,2,"REPORTED, NOT EVIDENT",1.0,0.0,0.0,0.0,1.0,1.0,0.0,13,5,9
1a946f45574be77b756d5cbbe6926446014ec4ec2368c4943ec34019614335a4512c509b0f4457a2e747bf43925d14909d7294368772e9095bf4fb2eda1e6067,2018-08-27 01:00:00,30,NO CONTROLS,NO CONTROLS,CLEAR,"DARKNESS, LIGHTED ROAD",PARKED MOTOR VEHICLE,ONE-WAY,STRAIGHT AND LEVEL,DRY,NO DEFECTS,NO INJURY / DRIVE AWAY,"$501 - $1,500",UNABLE TO DETERMINE,UNABLE TO DETERMINE,4634,S,FRANCISCO AVE,2,NO INDICATION OF INJURY,0.0,0.0,0.0,0.0,0.0,1.0,0.0,1,2,8
659c2b83525284995a26650df8cf4f8040599acd476880098b3b48d66303f99cca9228e39759a9ac8a9f52e570b24052784437be880f73a6577812a4085ea242,2022-09-23 23:56:00,30,TRAFFIC SIGNAL,FUNCTIONING PROPERLY,CLEAR,"DARKNESS, LIGHTED ROAD",TURNING,T-INTERSECTION,STRAIGHT AND LEVEL,UNKNOWN,NO DEFECTS,INJURY AND / OR TOW DUE TO CRASH,"OVER $1,500",IMPROPER TURNING/NO SIGNAL,FAILING TO REDUCE SPEED TO AVOID CRASH,1114,W,WAVELAND AVE,2,NO INDICATION OF INJURY,0.0,0.0,0.0,0.0,0.0,6.0,0.0,23,6,9
eb5003e4db0c016b8d1e0181495cff2b31b700c560b71009e6ee32957fc55ac46039afe3187d5c5594541047516b204f325237793904f1fdb7741d779a11c905,2023-04-20 08:07:00,30,STOP SIGN/FLASHER,FUNCTIONING PROPERLY,CLEAR,DAYLIGHT,SIDESWIPE SAME DIRECTION,NOT DIVIDED,STRAIGHT AND LEVEL,DRY,NO DEFECTS,NO INJURY / DRIVE AWAY,"$501 - $1,500",UNABLE TO DETERMINE,UNABLE TO DETERMINE,4505,S,DREXEL BLVD,2,NO INDICATION OF INJURY,0.0,0.0,0.0,0.0,0.0,2.0,0.0,8,5,4
e7e08299e82c55f4c31422c45125459125b8a72866448867db65c210d085303a58a83f44d9d7c288a62b646deaf15d2306f0752070896f4c8f347276d9518576,2023-06-04 12:15:00,30,STOP SIGN/FLASHER,NO CONTROLS,CLEAR,DAYLIGHT,SIDESWIPE SAME DIRECTION,DIVIDED - W/MEDIAN BARRIER,STRAIGHT AND LEVEL,DRY,SHOULDER DEFECT,NO INJURY / DRIVE AWAY,"$501 - $1,500",UNABLE TO DETERMINE,NOT APPLICABLE,1964,W,PETERSON AVE,2,NO INDICATION OF INJURY,0.0,0.0,0.0,0.0,0.0,4.0,0.0,12,1,6
2ff9b683e074b6d1e62cd6712a9ed162ae3a8d967d856c83241289a0fde87e8cc5378a8e9d9821a40b151ca989b8322751233ce50c0fac75924a5e262bed420f,2021-07-29 11:50:00,30,NO CONTROLS,NO CONTROLS,CLEAR,DAYLIGHT,REAR END,NOT DIVIDED,STRAIGHT AND LEVEL,DRY,UNKNOWN,NO INJURY / DRIVE AWAY,"$501 - $1,500",UNABLE TO DETERMINE,NOT APPLICABLE,909,W,DIVERSEY PKWY,2,NO INDICATION OF INJURY,0.0,0.0,0.0,0.0,0.0,2.0,0.0,11,5,7
9f13ab8b657f5e5507a9793e6e16196a93c59d072eb69a0a3131cef4aa3817a54bb3512ff87be92beefaec1b200ecfc2ea3bfcd41e5a7a684465e34adfd13e24,2022-07-30 02:01:00,30,NO CONTROLS,NO CONTROLS,CLEAR,"DARKNESS, LIGHTED ROAD",SIDESWIPE SAME DIRECTION,DIVIDED - W/MEDIAN (NOT RAISED),STRAIGHT AND LEVEL,DRY,NO DEFECTS,NO INJURY / DRIVE AWAY,"$501 - $1,500",FAILING TO YIELD RIGHT-OF-WAY,UNABLE TO DETERMINE,2209,N,CALIFORNIA AVE,2,NO INDICATION OF INJURY,0.0,0.0,0.0,0.0,0.0,4.0,0.0,2,7,7
70b6448dbadc30375f5a3913f86fee047c6ba7048ac50333c649e0f93c8b46c1e51a3a9e20aac45a4d628c504b3366305c6fa70b0693f82d85bc223864f8a7ca,2020-07-03 15:35:00,30,NO CONTROLS,NO CONTROLS,CLEAR,DAYLIGHT,REAR END,CENTER TURN LANE,STRAIGHT AND LEVEL,DRY,NO DEFECTS,INJURY AND / OR TOW DUE TO CRASH,"OVER $1,500",UNABLE TO DETERMINE,UNABLE TO DETERMINE,7337,S,YATES BLVD,2,NONINCAPACITATING INJURY,1.0,0.0,0.0,1.0,0.0,2.0,0.0,15,6,7
85da60c59bd173cf2b0d4555bf11379b15ecd9d481dda6fa0691c7032e8384d88f15bb7c88ab01e6f4e965d6e3e6b48e002cc2399e521d2ce703d76975dd747d,2015-12-26 04:00:00,30,UNKNOWN,UNKNOWN,UNKNOWN,"DARKNESS, LIGHTED ROAD",PARKED MOTOR VEHICLE,ONE-WAY,STRAIGHT AND LEVEL,UNKNOWN,UNKNOWN,NO INJURY / DRIVE AWAY,"$501 - $1,500",NOT APPLICABLE,NOT APPLICABLE,2533,W,CORTLAND ST,2,NO INDICATION OF INJURY,0.0,0.0,0.0,0.0,0.0,1.0,0.0,4,7,12
1b9c90abb728677204f8f80e9c9714010989d74410b42104d32d9308492266b3b33c2592fa10809374c06921d1d6d5d3a82065a8323f0330e6911ee822ea05ec,2018-12-14 14:10:00,30,TRAFFIC SIGNAL,FUNCTIONING PROPERLY,CLEAR,DAYLIGHT,REAR END,DIVIDED - W/MEDIAN BARRIER,STRAIGHT AND LEVEL,DRY,NO DEFECTS,NO INJURY / DRIVE AWAY,"$501 - $1,500",FOLLOWING TOO CLOSELY,NOT APPLICABLE,500,S,LA SALLE ST,2,NO INDICATION OF INJURY,0.0,0.0,0.0,0.0,0.0,2.0,0.0,14,6,12
7a8850de330c6c8d59b6d91601653c1b17c9d62a0c72285143d40f7daa58ccbf684a487e73a36f6019cd54424bba79a43c0fb31376f7c955723ae7b98984d086,2020-11-10 12:50:00,10,NO CONTROLS,NO CONTROLS,CLEAR,DAYLIGHT,SIDESWIPE SAME DIRECTION,PARKING LOT,STRAIGHT AND LEVEL,DRY,NO DEFECTS,NO INJURY / DRIVE AWAY,"$501 - $1,500",UNABLE TO DETERMINE,UNABLE TO DETERMINE,424,W,DIVISION ST,2,NO INDICATION OF INJURY,0.0,0.0,0.0,0.0,0.0,2.0,0.0,12,3,11
51560571180edc12e5a7e37ddcd45232e78bc0c4d7677a59013742477bdf7d5a96fac9e31e832d10deb2b82849ef2062e62ece7a8275517558b52bacd16b5a7e,2018-09-02 22:15:00,30,STOP SIGN/FLASHER,FUNCTIONING PROPERLY,CLEAR,"DARKNESS, LIGHTED ROAD",ANGLE,DIVIDED - W/MEDIAN (NOT RAISED),STRAIGHT AND LEVEL,DRY,NO DEFECTS,NO INJURY / DRIVE AWAY,"$501 - $1,500",DISREGARDING STOP SIGN,FAILING TO YIELD RIGHT-OF-WAY,1346,W,LAKE ST,2,NO INDICATION OF INJURY,0.0,0.0,0.0,0.0,0.0,2.0,0.0,22,1,9
a578615052c13db2e783168b3d73ca6efa23212e32bd7d9ddb2be2d7a29bc34b56a67d68b050a3194bfba4e1454d4174a5e7d8c6a3440d4653343b7752dbd50c,2017-11-27 09:30:00,30,TRAFFIC SIGNAL,FUNCTIONING PROPERLY,CLEAR,DAYLIGHT,TURNING,DIVIDED - W/MEDIAN BARRIER,STRAIGHT AND LEVEL,DRY,NO DEFECTS,INJURY AND / OR TOW DUE TO CRASH,"OVER $1,500",UNABLE TO DETERMINE,UNABLE TO DETERMINE,200,E,CERMAK RD,2,"REPORTED, NOT EVIDENT",1.0,0.0,0.0,0.0,1.0,2.0,0.0,9,2,11
31f1a8f062f058d058b0e9f2accdeb2074fa6ea1a70138653d9184ea1ec729270dd06cdcf1a4a99e6c196a0541860fe2302bec79eb0c82c8b0fa33d3bdd8fe8b,2021-09-11 11:10:00,30,STOP SIGN/FLASHER,FUNCTIONING PROPERLY,CLEAR,DAYLIGHT,ANGLE,FOUR WAY,STRAIGHT AND LEVEL,DRY,UNKNOWN,INJURY AND / OR TOW DUE TO CRASH,"OVER $1,500",UNABLE TO DETERMINE,UNABLE TO DETERMINE,2900,W,55TH ST,2,NO INDICATION OF INJURY,0.0,0.0,0.0,0.0,0.0,2.0,0.0,11,7,9
5d7c87ce7b0d3dfa9ce7cd118d98bb604a29ecac34b24c023ba439a2d99dddecf6d2ef2e3cc421a1f66c67f5b06647e50eb428738c0d702fee49bcd261445482,2024-01-10 06:00:00,30,NO CONTROLS,NO CONTROLS,CLEAR,DAYLIGHT,PARKED MOTOR VEHICLE,NOT DIVIDED,STRAIGHT AND LEVEL,DRY,NO DEFECTS,NO INJURY / DRIVE AWAY,"OVER $1,500",UNABLE TO DETERMINE,UNABLE TO DETERMINE,3522,N,LAVERGNE AVE,2,NO INDICATION OF INJURY,0.0,0.0,0.0,0.0,0.0,1.0,0.0,6,4,1
5a9d93fcd99d1b1a43a32a07011700d25597078b7dd73602832456a26abbc06aab2ee2aaa97c971930db520de4c4b11cc33d4f0c927e2f441c510913df344e8e,2023-05-25 17:45:00,30,STOP SIGN/FLASHER,NO CONTROLS,CLEAR,DAYLIGHT,TURNING,T-INTERSECTION,STRAIGHT AND LEVEL,UNKNOWN,UNKNOWN,INJURY AND / OR TOW DUE TO CRASH,"OVER $1,500",IMPROPER TURNING/NO SIGNAL,NOT APPLICABLE,74,W,115TH ST,3,NO INDICATION OF INJURY,0.0,0.0,0.0,0.0,0.0,4.0,0.0,17,5,5
5d234d42872b97879529d820b4d26af2f2eb8ca56587bb3e13317fff76ceee3c92be2514ea2665128fff572e70e385ae30505779e6135a311d23921a11cb1549,2019-06-06 18:00:00,30,TRAFFIC SIGNAL,FUNCTIONING PROPERLY,CLEAR,DAYLIGHT,SIDESWIPE SAME DIRECTION,DIVIDED - W/MEDIAN BARRIER,STRAIGHT ON GRADE,UNKNOWN,UNKNOWN,NO INJURY / DRIVE AWAY,"OVER $1,500",UNABLE TO DETERMINE,UNABLE TO DETERMINE,340,N,MICHIGAN AVE,2,NO INDICATION OF INJURY,0.0,0.0,0.0,0.0,0.0,2.0,0.0,18,5,6
93555c13ad10c913f413bd330b08c27603d53c5616f30b41c8ea76d88e97c7e978834ea0e3ec06900213f278557708bbcfbaf139d2bf62602179510971a3e83e,2021-04-30 12:25:00,35,TRAFFIC SIGNAL,FUNCTIONING PROPERLY,CLEAR,DAYLIGHT,REAR END,NOT DIVIDED,STRAIGHT AND LEVEL,DRY,UNKNOWN,INJURY AND / OR TOW DUE TO CRASH,"$501 - $1,500",FAILING TO REDUCE SPEED TO AVOID CRASH,FOLLOWING TOO CLOSELY,803,E,55TH ST,2,NONINCAPACITATING INJURY,1.0,0.0,0.0,1.0,0.0,2.0,0.0,12,6,4
f8601516b850a71549bc1f386b7652240c9bb4ef75a8efdd3e1b9c4f40fb2a6b85d3813fcd2243416c71d09a0cc49e13aab066364c8dbaf174eaf025af453b52,2022-06-16 22:00:00,35,NO CONTROLS,NO CONTROLS,CLEAR,"DARKNESS, LIGHTED ROAD",SIDESWIPE SAME DIRECTION,FOUR WAY,STRAIGHT AND LEVEL,DRY,NO DEFECTS,NO INJURY / DRIVE AWAY,"OVER $1,500",FAILING TO REDUCE SPEED TO AVOID CRASH,FOLLOWING TOO CLOSELY,5700,S,CICERO AVE,2,NO INDICATION OF INJURY,0.0,0.0,0.0,0.0,0.0,3.0,0.0,22,5,6
b6166ed184d89cc3f5848bda17af14b161bac1ffc8bebb2ac3d76353c79853ef9723f9540b5a61246e379967541e3ae320d239954ab4c4bbb56674e8a02e46c3,2021-01-21 09:00:00,35,NO CONTROLS,NO CONTROLS,CLEAR,DAYLIGHT,REAR END,DIVIDED - W/MEDIAN (NOT RAISED),STRAIGHT AND LEVEL,DRY,NO DEFECTS,NO INJURY / DRIVE AWAY,"OVER $1,500",FOLLOWING TOO CLOSELY,NOT APPLICABLE,6500,S,WESTERN AVE,2,NO INDICATION OF INJURY,0.0,0.0,0.0,0.0,0.0,2.0,0.0,9,5,1
dd8c74c770e2496bfca62398a45614979e7d37682df59d7fdb1205d5855ea2cd004209320a1622ec99240bdb7a87bda7e8b1fe9dee38ecd3373e1aa69d741289,2018-01-07 22:30:00,20,TRAFFIC SIGNAL,FUNCTIONING PROPERLY,RAIN,DARKNESS,PARKED MOTOR VEHICLE,ONE-WAY,STRAIGHT AND LEVEL,WET,NO DEFECTS,NO INJURY / DRIVE AWAY,"OVER $1,500",DRIVING SKILLS/KNOWLEDGE/EXPERIENCE,UNABLE TO DETERMINE,6359,N,SACRAMENTO AVE,2,NO INDICATION OF INJURY,0.0,0.0,0.0,0.0,0.0,2.0,0.0,22,1,1
f322927899bb86ef82df2579b94e77341994003f8db4a30bbe7ed25529de77975684fe6e53895f8b4978e5b591c03e249f968117641824afa9aacbc865285ea7,2017-10-07 11:58:00,30,TRAFFIC SIGNAL,FUNCTIONING PROPERLY,CLOUDY/OVERCAST,DAYLIGHT,ANGLE,DIVIDED - W/MEDIAN (NOT RAISED),STRAIGHT AND LEVEL,DRY,NO DEFECTS,INJURY AND / OR TOW DUE TO CRASH,"OVER $1,500",DISREGARDING TRAFFIC SIGNALS,FAILING TO REDUCE SPEED TO AVOID CRASH,437,N,WESTERN AVE,3,NO INDICATION OF INJURY,0.0,0.0,0.0,0.0,0.0,4.0,0.0,11,7,10
8ac1dd3cb97347a7712711313c078fa18dc55b98829386367fd55d6e8318793da44eca8bb63f7f9106e6fe960f5fe29bde3342b639df74563d8a15be2cc093d0,2021-02-20 16:00:00,30,NO CONTROLS,NO CONTROLS,CLEAR,UNKNOWN,PARKED MOTOR VEHICLE,ONE-WAY,STRAIGHT AND LEVEL,DRY,NO DEFECTS,NO INJURY / DRIVE AWAY,"OVER $1,500",FOLLOWING TOO CLOSELY,FOLLOWING TOO CLOSELY,5307,W,LELAND AVE,2,NO INDICATION OF INJURY,0.0,0.0,0.0,0.0,0.0,1.0,0.0,16,7,2
9e1384b3f081a73f3a00596d56a203dc0d57719d031905082f3b7b8d79295434a7dbd309a46dd165c33e3ae084037d04b4cc27c7d7eb9e1a02abb0288fe4b17c,2023-04-07 07:15:00,30,TRAFFIC SIGNAL,NO CONTROLS,CLEAR,DAYLIGHT,TURNING,FOUR WAY,STRAIGHT AND LEVEL,DRY,NO DEFECTS,NO INJURY / DRIVE AWAY,"OVER $1,500",DISREGARDING TRAFFIC SIGNALS,NOT APPLICABLE,401,S,ASHLAND AVE,2,NO INDICATION OF INJURY,0.0,0.0,0.0,0.0,0.0,2.0,0.0,7,6,4
5b52492f87fd256f16d701cc17ce271350cb0f5da0c821c68abf5285723322ba91522b01d08398c9a4c8ade4d865714cf2bc68218ff50fe44ef0817c21193246,2017-11-01 07:30:00,30,STOP SIGN/FLASHER,FUNCTIONING PROPERLY,CLEAR,DAYLIGHT,TURNING,DIVIDED - W/MEDIAN (NOT RAISED),STRAIGHT AND LEVEL,DRY,NO DEFECTS,NO INJURY / DRIVE AWAY,"OVER $1,500",DRIVING SKILLS/KNOWLEDGE/EXPERIENCE,NOT APPLICABLE,4130,W,45TH ST,2,NO INDICATION OF INJURY,0.0,0.0,0.0,0.0,0.0,2.0,0.0,7,4,11
f0e47780a2e82a9f1664418473d64a9c3e75118af4e112bc35a8f1b1301a97962a0db5ee1a74f5e99dbf38f2c63cb0eab7ae3f3496f263133a89e1010625a583,2020-03-13 10:57:00,20,NO CONTROLS,NO CONTROLS,CLEAR,DAYLIGHT,SIDESWIPE OPPOSITE DIRECTION,PARKING LOT,STRAIGHT AND LEVEL,DRY,NO DEFECTS,NO INJURY / DRIVE AWAY,"$501 - $1,500",UNABLE TO DETERMINE,UNABLE TO DETERMINE,2746,N,CLYBOURN AVE,2,NO INDICATION OF INJURY,0.0,0.0,0.0,0.0,0.0,2.0,0.0,10,6,3
ba6871ba35079aa0314f220db8d104fa86b7452da44cb9f94a5e94c90205337afcd8110ad8d7979f7b7608bd5d3d759eba4a0c78e38bac3690339059636cf053,2015-10-27 09:42:00,30,TRAFFIC SIGNAL,FUNCTIONING PROPERLY,CLEAR,DAYLIGHT,TURNING,NOT DIVIDED,STRAIGHT AND LEVEL,DRY,NO DEFECTS,INJURY AND / OR TOW DUE TO CRASH,"OVER $1,500",IMPROPER LANE USAGE,UNABLE TO DETERMINE,721,N,CARPENTER ST,2,NONINCAPACITATING INJURY,1.0,0.0,0.0,1.0,0.0,1.0,0.0,9,3,10
485c15529303fe4bfe95452a222e8baea3949ce766988c868d01788c5869dc138112804c5338bcee87f01c5cf8a4595b264d792df278104ef6949e79c88d0e6a,2021-12-29 17:23:00,30,TRAFFIC SIGNAL,FUNCTIONING PROPERLY,CLEAR,"DARKNESS, LIGHTED ROAD",PEDESTRIAN,FOUR WAY,STRAIGHT AND LEVEL,DRY,NO DEFECTS,INJURY AND / OR TOW DUE TO CRASH,"$501 - $1,500",FAILING TO REDUCE SPEED TO AVOID CRASH,FAILING TO YIELD RIGHT-OF-WAY,100,E,LOWER WACKER DR,2,"REPORTED, NOT EVIDENT",1.0,0.0,0.0,0.0,1.0,1.0,0.0,17,4,12
028e06b0d9a8a1d9fc0a20a76e5eda47cd6b00fa6146c596c2a999163a549668030a7a5b903cab95953ef8a1d316c7008d830a6f2f165b3c98539ae2a7c0d62c,2019-11-13 19:00:00,30,NO CONTROLS,NO CONTROLS,CLEAR,DAYLIGHT,PARKED MOTOR VEHICLE,NOT DIVIDED,STRAIGHT AND LEVEL,DRY,NO DEFECTS,NO INJURY / DRIVE AWAY,"$501 - $1,500",UNABLE TO DETERMINE,NOT APPLICABLE,824,N,WOOD ST,2,NO INDICATION OF INJURY,0.0,0.0,0.0,0.0,0.0,1.0,0.0,19,4,11
01ccecda849f8c64ed4609bfbefec8630e3cff3d9573dd6cd2b95167246890a175569b1869146cb6e6f1f277eb22d1103dd3b45223e51bb6d55eb5d502a4bf5b,2019-12-03 14:35:00,30,NO CONTROLS,NO CONTROLS,CLEAR,DAYLIGHT,SIDESWIPE SAME DIRECTION,DIVIDED - W/MEDIAN (NOT RAISED),STRAIGHT AND LEVEL,DRY,NO DEFECTS,NO INJURY / DRIVE AWAY,"$501 - $1,500",IMPROPER OVERTAKING/PASSING,UNABLE TO DETERMINE,931,W,76TH ST,2,NO INDICATION OF INJURY,0.0,0.0,0.0,0.0,0.0,2.0,0.0,14,3,12