CRASH_RECORD_ID,CRASH_DATE,POSTED_SPEED_LIMIT,TRAFFIC_CONTROL_DEVICE,DEVICE_CONDITION,WEATHER_CONDITION,LIGHTING_CONDITION,FIRST_CRASH_TYPE,TRAFFICWAY_TYPE,ALIGNMENT,ROADWAY_SURFACE_COND,ROAD_DEFECT,CRASH_TYPE,DAMAGE,PRIM_CONTRIBUTORY_CAUSE,SEC_CONTRIBUTORY_CAUSE,STREET_NO,STREET_DIRECTION,STREET_NAME,NUM_UNITS,MOST_SEVERE_INJURY,INJURIES_TOTAL,INJURIES_FATAL,INJURIES_INCAPACITATING,INJURIES_NON_INCAPACITATING,INJURIES_REPORTED_NOT_EVIDENT,INJURIES_NO_INDICATION,INJURIES_UNKNOWN,CRASH_HOUR,CRASH_DAY_OF_WEEK,CRASH_MONTH
794d254f1d5e97051973aed88e522b7ce6e00fda80a5e91efa71aaf1c737ec95acf2a65e386e57373e4fc22dee7b2afd690af5b1186d8294ff49141b79dd99b9,2021-07-03 17:00:00,35,TRAFFIC SIGNAL,FUNCTIONING PROPERLY,CLEAR,DAYLIGHT,REAR END,DIVIDED - W/MEDIAN (NOT RAISED),STRAIGHT AND LEVEL,DRY,NO DEFECTS,NO INJURY / DRIVE AWAY,"OVER $1,500",FOLLOWING TOO CLOSELY,UNABLE TO DETERMINE,7900,S,DAMEN AVE,2,NO INDICATION OF INJURY,0.0,0.0,0.0,0.0,0.0,2.0,0.0,17,7,7
12251b153748a176355099a2a4df5bd9e2919203345904e7efaf156a54c58c785ec8321ffc2505d1325385db22f8afd227fa3cfed5287ffa5060b63d5df4229c,2019-10-27 17:30:00,25,NO CONTROLS,NO CONTROLS,CLEAR,DAYLIGHT,PARKED MOTOR VEHICLE,ONE-WAY,STRAIGHT AND LEVEL,DRY,NO DEFECTS,NO INJURY / DRIVE AWAY,"OVER $1,500",UNABLE TO DETERMINE,NOT APPLICABLE,108,N,PINE AVE,2,NO INDICATION OF INJURY,0.0,0.0,0.0,0.0,0.0,1.0,0.0,17,1,10
9af38700676f6f4a102f077fd0c41caf5deaa9a95408fd504b3fa3373e37398c8ca600170e4140e7001579ca6f24c6851f6ec402893a130a0535f054aefd5489,2018-01-22 11:50:00,30,NO CONTROLS,NO CONTROLS,UNKNOWN,DAYLIGHT,FIXED OBJECT,NOT DIVIDED,STRAIGHT AND LEVEL,WET,NO DEFECTS,NO INJURY / DRIVE AWAY,"OVER $1,500",DRIVING SKILLS/KNOWLEDGE/EXPERIENCE,DRIVING SKILLS/KNOWLEDGE/EXPERIENCE,120,W,57TH ST,1,NO INDICATION OF INJURY,0.0,0.0,0.0,0.0,0.0,1.0,0.0,11,2,1
e0dc0a5659a5684f044922b75675141f6d4aa66d68c01ff5d408a40ba1f6264aa357418f5305e2dbbc4208b2276d9e34e11e5457c0f5dac55ad28812c6a1b94f,2021-08-08 02:00:00,30,NO CONTROLS,NO CONTROLS,UNKNOWN,UNKNOWN,PARKED MOTOR VEHICLE,NOT DIVIDED,STRAIGHT AND LEVEL,UNKNOWN,NO DEFECTS,NO INJURY / DRIVE AWAY,"OVER $1,500",UNABLE TO DETERMINE,NOT APPLICABLE,5234,W,HURON ST,2,NO INDICATION OF INJURY,0.0,0.0,0.0,0.0,0.0,1.0,0.0,2,1,8
b396040afb9c9b0c5962d4fc25ae04bae5ed08a0994a90549be825d421843eb90c867731d9127f962cec1c671eae41148ee04c1698636f2c5a642895c3829935,2021-11-17 17:30:00,30,NO CONTROLS,NO CONTROLS,CLEAR,"DARKNESS, LIGHTED ROAD",REAR END,NOT DIVIDED,STRAIGHT AND LEVEL,DRY,NO DEFECTS,NO INJURY / DRIVE AWAY,"OVER $1,500",IMPROPER LANE USAGE,UNABLE TO DETERMINE,3100,S,LAKE SHORE DR NB,2,NO INDICATION OF INJURY,0.0,0.0,0.0,0.0,0.0,2.0,0.0,17,4,11
4d5e42210b944e796c24e0d665987cceb91637bed93d605ac3ecf09cbfaf4c338d0e23584e0a74bd7fc6dc0340e395e55c6e785f088af4d411897a49067a549f,2018-12-01 16:40:00,30,TRAFFIC SIGNAL,FUNCTIONING PROPERLY,RAIN,"DARKNESS, LIGHTED ROAD",REAR END,NOT DIVIDED,STRAIGHT AND LEVEL,WET,UNKNOWN,INJURY AND / OR TOW DUE TO CRASH,"$501 - $1,500",UNABLE TO DETERMINE,NOT APPLICABLE,10001,S,INDIANAPOLIS AVE,2,"REPORTED, NOT EVIDENT",1.0,0.0,0.0,0.0,1.0,1.0,0.0,16,7,12
1bd082c0cf966787f53fda763da538948b4f352658f7cfd63959e497fc00264372bee45b90484f0dfaad3d6696e4d2021cb974aa390ed4ec56b0ed106d6effa8,2021-08-30 08:14:00,30,TRAFFIC SIGNAL,FUNCTIONING PROPERLY,UNKNOWN,DAYLIGHT,REAR END,FOUR WAY,STRAIGHT AND LEVEL,DRY,NO DEFECTS,INJURY AND / OR TOW DUE TO CRASH,"OVER $1,500",FOLLOWING TOO CLOSELY,UNABLE TO DETERMINE,3301,S,ASHLAND AVE,2,"REPORTED, NOT EVIDENT",1.0,0.0,0.0,0.0,1.0,1.0,0.0,8,2,8
53c5c4d7f1aff7fb5e8c40bc081247ca4f72ea81d25b26623943fe3be016854a1409866b0cc016ce88b71b38bd772c25be39b6fc6e55af0fbd751170ec6c89bf,2023-05-29 20:00:00,30,NO CONTROLS,UNKNOWN,CLEAR,"DARKNESS, LIGHTED ROAD",SIDESWIPE SAME DIRECTION,NOT DIVIDED,STRAIGHT AND LEVEL,DRY,NO DEFECTS,NO INJURY / DRIVE AWAY,$500 OR LESS,DRIVING ON WRONG SIDE/WRONG WAY,UNABLE TO DETERMINE,5900,S,WINCHESTER AVE,2,NO INDICATION OF INJURY,0.0,0.0,0.0,0.0,0.0,3.0,0.0,20,2,5
6b4c21c675d2b2de6c78c6ad022fb2df578f3a096ed8e1af592de1df72d0ce634d458d71ef6ad25d5cc65460b739c203fd9a3e05fc225ca9584114a07ac2dbd4,2022-12-04 18:00:00,30,NO CONTROLS,NO CONTROLS,CLEAR,"DARKNESS, LIGHTED ROAD",PARKED MOTOR VEHICLE,NOT DIVIDED,STRAIGHT AND LEVEL,DRY,NO DEFECTS,INJURY AND / OR TOW DUE TO CRASH,"OVER $1,500",UNABLE TO DETERMINE,UNABLE TO DETERMINE,5701,S,LAFAYETTE AVE,2,NO INDICATION OF INJURY,0.0,0.0,0.0,0.0,0.0,1.0,0.0,18,1,12
328fb69f47b8011f8a9a3bc638d5639f274c78782bd084804c9bbd8a4c37e616b27d7ada7f14dbe5a289785df22b1e2216553523bf3df4616188df0b5cfc07cd,2022-12-06 18:30:00,30,TRAFFIC SIGNAL,FUNCTIONING PROPERLY,CLEAR,"DARKNESS, LIGHTED ROAD",REAR END,DIVIDED - W/MEDIAN (NOT RAISED),STRAIGHT ON GRADE,DRY,NO DEFECTS,NO INJURY / DRIVE AWAY,"OVER $1,500",FOLLOWING TOO CLOSELY,DRIVING SKILLS/KNOWLEDGE/EXPERIENCE,5525,S,CICERO AVE,3,NO INDICATION OF INJURY,0.0,0.0,0.0,0.0,0.0,3.0,0.0,18,3,12
82c2ac4255b6f99bb808bff510f699ad8c361a405effeac21d84ef951e0262d310cd59d56710a320ea20f553677e31a803e3efdf881a22db74d6eea050ecc546,2019-06-21 03:51:00,30,NO CONTROLS,NO CONTROLS,CLEAR,"DARKNESS, LIGHTED ROAD",PARKED MOTOR VEHICLE,DIVIDED - W/MEDIAN (NOT RAISED),STRAIGHT AND LEVEL,DRY,NO DEFECTS,INJURY AND / OR TOW DUE TO CRASH,"OVER $1,500",NOT APPLICABLE,NOT APPLICABLE,4749,W,WASHINGTON BLVD,2,NONINCAPACITATING INJURY,1.0,0.0,0.0,1.0,0.0,0.0,0.0,3,6,6
96cf2c021cba5cf5968f05c1467241bad0954b0e04f362121be5e4a7cd353aeb21b6800ff8162e64a285bbdea16bc25693952c9a8e96c09fcbf75747882d0ddf,2021-11-08 08:00:00,25,NO CONTROLS,NO CONTROLS,CLEAR,DAYLIGHT,SIDESWIPE SAME DIRECTION,NOT DIVIDED,STRAIGHT AND LEVEL,DRY,NO DEFECTS,NO INJURY / DRIVE AWAY,"OVER $1,500",UNABLE TO DETERMINE,UNABLE TO DETERMINE,400,E,95TH ST,2,NO INDICATION OF INJURY,0.0,0.0,0.0,0.0,0.0,2.0,0.0,8,2,11
d1180d024e945a670d8d68ac7873dd736fcafe92e8aea98e4e4d0a039fcbb2eb1ff9ea47b543ca303685d3651788f6cb04648830ae5c4880c6adb4f6de0d35c5,2023-08-20 19:30:00,20,NO CONTROLS,NO CONTROLS,CLEAR,DAYLIGHT,ANGLE,PARKING LOT,STRAIGHT AND LEVEL,DRY,NO DEFECTS,NO INJURY / DRIVE AWAY,"OVER $1,500",DRIVING SKILLS/KNOWLEDGE/EXPERIENCE,NOT APPLICABLE,1956,E,83RD ST,2,NO INDICATION OF INJURY,0.0,0.0,0.0,0.0,0.0,2.0,0.0,19,1,8
26cb3ed1ca5030f08515974edcae1c57582eb9dbc0474021bee1611ab299aec75ab3b99950f7057cb13c51b43e039a62c6e79aafea9fdbf9e617c0c20dbb943f,2018-11-07 18:15:00,30,NO CONTROLS,NO CONTROLS,CLEAR,DAYLIGHT,SIDESWIPE OPPOSITE DIRECTION,NOT DIVIDED,STRAIGHT AND LEVEL,DRY,NO DEFECTS,NO INJURY / DRIVE AWAY,"OVER $1,500",UNABLE TO DETERMINE,UNABLE TO DETERMINE,6544,N,SACRAMENTO AVE,2,NO INDICATION OF INJURY,0.0,0.0,0.0,0.0,0.0,2.0,0.0,18,4,11
a5a82f86fe03c194730ba1df97b51844bdf3b1062d719ed45ded9e82e1451c8e305aa41cc3685111295b9def65ebe760fcedea745e5f10ffa491c6214ab93eaf,2022-08-17 09:05:00,30,NO CONTROLS,NO CONTROLS,CLEAR,DAYLIGHT,OTHER NONCOLLISION,NOT DIVIDED,STRAIGHT AND LEVEL,DRY,NO DEFECTS,INJURY AND / OR TOW DUE TO CRASH,"OVER $1,500",EQUIPMENT - VEHICLE CONDITION,EQUIPMENT - VEHICLE CONDITION,140,W,DIVISION ST,1,NO INDICATION OF INJURY,0.0,0.0,0.0,0.0,0.0,1.0,0.0,9,4,8
82c7016036ea85847202d7a7c88ecc7af3dc6d07a3ccb7133f3965c3bbcacff3d2daa40f42c33617597100516aed0134eb046e49f70470345687b91b867dc707,2016-03-04 08:12:00,30,TRAFFIC SIGNAL,FUNCTIONING PROPERLY,CLEAR,DAYLIGHT,TURNING,NOT DIVIDED,STRAIGHT AND LEVEL,DRY,UNKNOWN,NO INJURY / DRIVE AWAY,"OVER $1,500",UNABLE TO DETERMINE,UNABLE TO DETERMINE,1924,N,PAULINA ST,2,NO INDICATION OF INJURY,0.0,0.0,0.0,0.0,0.0,2.0,0.0,8,6,3
a3d716b94b37df7f98ef7b5a022b8682ef7eb4905585e7301ebfc9fe376b54b53592b8727797b47b692d2079107e16abbcd26281e5db9aa1e3da7f33736556bd,2020-08-01 15:00:00,20,STOP SIGN/FLASHER,FUNCTIONING PROPERLY,CLEAR,DAYLIGHT,REAR END,ONE-WAY,STRAIGHT AND LEVEL,DRY,UNKNOWN,NO INJURY / DRIVE AWAY,"$501 - $1,500",UNABLE TO DETERMINE,UNABLE TO DETERMINE,3602,W,FLOURNOY ST,2,NO INDICATION OF INJURY,0.0,0.0,0.0,0.0,0.0,4.0,0.0,15,7,8
0d94b42e9aed7f016dc55ac996f335cd869d9a48bbf6376e686ca2c08f3c4b8f45edcdb41526ddace4e1f3a77f37364bde7736a89c4a72839dcb1d7c116b56f8,2019-07-07 09:09:00,15,NO CONTROLS,NO CONTROLS,CLEAR,DAYLIGHT,PARKED MOTOR VEHICLE,ONE-WAY,STRAIGHT AND LEVEL,DRY,NO DEFECTS,NO INJURY / DRIVE AWAY,"OVER $1,500",DRIVING SKILLS/KNOWLEDGE/EXPERIENCE,NOT APPLICABLE,6348,S,ALBANY AVE,3,NO INDICATION OF INJURY,0.0,0.0,0.0,0.0,0.0,1.0,0.0,9,1,7
c4f9f923423058bf43f65eacdd1ef491ee96a4d7e6e57ca47bcab1576d9ffc1807bdf8aaad6efa8814bc62c1588ddc7e502f2511a1483db059dc32013f000b6b,2019-01-07 16:00:00,15,NO CONTROLS,NO CONTROLS,CLEAR,DUSK,FIXED OBJECT,ALLEY,STRAIGHT AND LEVEL,WET,NO DEFECTS,NO INJURY / DRIVE AWAY,"OVER $1,500",DRIVING SKILLS/KNOWLEDGE/EXPERIENCE,UNABLE TO DETERMINE,3429,N,OCTAVIA AVE,1,NO INDICATION OF INJURY,0.0,0.0,0.0,0.0,0.0,1.0,0.0,16,2,1
2bd453ce178094e8e733fd076fd474ed41d5671971e9c09b75e31c0527097e808f2d74ed24a3c5c69b561ff5fb363648a1ec35f46b85f4be95c5eeb5873377f7,2020-02-24 08:45:00,30,NO CONTROLS,NO CONTROLS,CLEAR,DAYLIGHT,SIDESWIPE SAME DIRECTION,DIVIDED - W/MEDIAN (NOT RAISED),STRAIGHT AND LEVEL,DRY,NO DEFECTS,NO INJURY / DRIVE AWAY,"OVER $1,500",UNABLE TO DETERMINE,UNABLE TO DETERMINE,33,E,CONGRESS PKWY,2,NO INDICATION OF INJURY,0.0,0.0,0.0,0.0,0.0,2.0,0.0,8,2,2
ca48f974e103399c7da483619d58f2f732a2b602bd564d7e3d19065f8b87fa6fc1b551b6c2789c7c1e3846c31413a249326180feecd3b21a65faa370e24e335e,2019-06-26 15:20:00,30,TRAFFIC SIGNAL,FUNCTIONING PROPERLY,CLEAR,DAYLIGHT,REAR END,NOT DIVIDED,STRAIGHT AND LEVEL,DRY,NO DEFECTS,NO INJURY / DRIVE AWAY,"$501 - $1,500",FOLLOWING TOO CLOSELY,DRIVING SKILLS/KNOWLEDGE/EXPERIENCE,6300,S,KEDZIE AVE,2,NO INDICATION OF INJURY,0.0,0.0,0.0,0.0,0.0,2.0,0.0,15,4,6
2d5551b29dc28551aa5802aa8048f8eda99c2ddc8706389c06d4c2bbffa69d6b0b4920fe04ac73ec4919e3e444c71fd4d3959a254a9afb773a88283331aa4a46,2017-10-14 14:06:00,30,NO CONTROLS,NO CONTROLS,CLOUDY/OVERCAST,DAYLIGHT,REAR END,ONE-WAY,STRAIGHT AND LEVEL,WET,UNKNOWN,NO INJURY / DRIVE AWAY,"OVER $1,500",IMPROPER BACKING,IMPROPER BACKING,2400,W,JACKSON BLVD,2,NO INDICATION OF INJURY,0.0,0.0,0.0,0.0,0.0,2.0,0.0,14,7,10
1aa36799d3dd129eb69ff8f0cb6fbd092acf4d1374dfd7b4f437dc53bffb7366350348d357c1946c6f17b136cae42521d393adbf99015c9f516cb646e207b279,2019-09-11 13:55:00,30,NO CONTROLS,NO CONTROLS,CLEAR,DAYLIGHT,REAR TO FRONT,PARKING LOT,STRAIGHT AND LEVEL,DRY,NO DEFECTS,INJURY AND / OR TOW DUE TO CRASH,"OVER $1,500",IMPROPER BACKING,UNABLE TO DETERMINE,4640,N,BROADWAY,2,NONINCAPACITATING INJURY,1.0,0.0,0.0,1.0,0.0,1.0,0.0,13,4,9
ae1ce80133cc4918dcdd761906b1a0d96688d838aedaf0e0d2706e898ec7d85b26e16c026bef83b6576ffb6df27fcac0cd57c85b3c7b46f79e3d5f13b4e82fd8,2018-08-18 11:00:00,30,TRAFFIC SIGNAL,WORN REFLECTIVE MATERIAL,CLEAR,DAYLIGHT,SIDESWIPE SAME DIRECTION,NOT DIVIDED,STRAIGHT AND LEVEL,DRY,NO DEFECTS,NO INJURY / DRIVE AWAY,"$501 - $1,500",UNABLE TO DETERMINE,UNABLE TO DETERMINE,1981,N,CLYBOURN AVE,2,NO INDICATION OF INJURY,0.0,0.0,0.0,0.0,0.0,2.0,0.0,11,7,8
f2dcd107a99762c5d2ec39dc394f8c4dc8db63dfcf10ebc392792f004ef784f9f0399cc09497e566cc38c7786c24d229f0d72a4c30a54d6fc9d822dfec0c2204,2023-08-11 15:35:00,25,STOP SIGN/FLASHER,FUNCTIONING PROPERLY,CLEAR,DAYLIGHT,ANGLE,FOUR WAY,STRAIGHT AND LEVEL,DRY,NO DEFECTS,INJURY AND / OR TOW DUE TO CRASH,"OVER $1,500",DISREGARDING STOP SIGN,NOT APPLICABLE,2500,S,HOMAN AVE,2,"REPORTED, NOT EVIDENT",2.0,0.0,0.0,0.0,2.0,3.0,0.0,15,6,8
fce184cfe3dec9aa8350416ca5015c542eddaccd3a2473ce984976e629a460b38ceb6ff7910d8fa3ec92b4d785a65ff7b202f6e37f325e0b7009323e2680c9f9,2019-03-22 14:30:00,30,NO CONTROLS,NO CONTROLS,CLEAR,DAYLIGHT,PARKED MOTOR VEHICLE,DIVIDED - W/MEDIAN (NOT RAISED),STRAIGHT AND LEVEL,DRY,NO DEFECTS,INJURY AND / OR TOW DUE TO CRASH,"OVER $1,500","VISION OBSCURED (SIGNS, TREE LIMBS, BUILDINGS, ETC.)",NOT APPLICABLE,2422,W,FULLERTON AVE,2,NO INDICATION OF INJURY,0.0,0.0,0.0,0.0,0.0,1.0,0.0,14,6,3
271395b377b768b3cde80a922c4403c3889f2ae5ab90eed43c3e060e5e1353766a7f73fe4b9dc1a352a350f8ca48bf26d69b8f67ab77752a33ea9b8f6b971f5c,2018-01-01 12:40:00,15,NO CONTROLS,NO CONTROLS,CLEAR,UNKNOWN,PARKED MOTOR VEHICLE,ONE-WAY,STRAIGHT AND LEVEL,SNOW OR SLUSH,NO DEFECTS,NO INJURY / DRIVE AWAY,"OVER $1,500",UNABLE TO DETERMINE,NOT APPLICABLE,5928,W,FILLMORE ST,2,NO INDICATION OF INJURY,0.0,0.0,0.0,0.0,0.0,1.0,0.0,12,2,1
1c719859da2b81e993c819983770d52370131955d9dc29bd39f78d2276dda0078d6e536d101547426a7e5ccfbe7d9ece104723b6d597dfc43caf1fe1e34e92b2,2023-10-19 21:40:00,35,NO CONTROLS,NO CONTROLS,RAIN,"DARKNESS, LIGHTED ROAD",PARKED MOTOR VEHICLE,NOT DIVIDED,STRAIGHT AND LEVEL,WET,NO DEFECTS,INJURY AND / OR TOW DUE TO CRASH,"OVER $1,500",IMPROPER OVERTAKING/PASSING,UNABLE TO DETERMINE,11026,S,HALSTED ST,2,NO INDICATION OF INJURY,0.0,0.0,0.0,0.0,0.0,1.0,0.0,21,5,10
430f74631c95898103ccbecd15b48eda1b6dc44d60ca1f4900cab100743e85dfc38ce306baf40d8563866ea274f2179246c71a16889bd23d2d8241590a0cefa3,2020-02-15 15:01:00,30,TRAFFIC SIGNAL,NO CONTROLS,CLOUDY/OVERCAST,DAYLIGHT,FIXED OBJECT,TRAFFIC ROUTE,STRAIGHT AND LEVEL,ICE,NO DEFECTS,INJURY AND / OR TOW DUE TO CRASH,"OVER $1,500",WEATHER,UNABLE TO DETERMINE,5700,S,LAKE SHORE DR,1,"REPORTED, NOT EVIDENT",1.0,0.0,0.0,0.0,1.0,0.0,0.0,15,7,2
87819b7e1b6d5d4a74235b3994f3904e5c2c2d11067a2061591490bc2e7db5bc300ab163d143c42bb2452b8cccc5d7191f9f99ac47da387e9eb5ba9de6573335,2022-12-23 12:30:00,25,NO CONTROLS,NO CONTROLS,BLOWING SNOW,DAYLIGHT,PARKED MOTOR VEHICLE,NOT DIVIDED,STRAIGHT AND LEVEL,ICE,NO DEFECTS,NO INJURY / DRIVE AWAY,"OVER $1,500",WEATHER,WEATHER,1337,W,FLOURNOY ST,2,NO INDICATION OF INJURY,0.0,0.0,0.0,0.0,0.0,1.0,0.0,12,6,12
90ee7ce1ec8f346d15d25abe10c8b8be6df816bfe62d2954ae53bad552efc990102f615ec7691d136f7d1927bd4abc36cf458075a1d4b0b05c6863ee5cf594da,2020-06-28 23:30:00,30,TRAFFIC SIGNAL,FUNCTIONING PROPERLY,CLEAR,"DARKNESS, LIGHTED ROAD",TURNING,DIVIDED - W/MEDIAN BARRIER,STRAIGHT AND LEVEL,DRY,NO DEFECTS,NO INJURY / DRIVE AWAY,"$501 - $1,500",IMPROPER TURNING/NO SIGNAL,NOT APPLICABLE,300,S,ASHLAND AVE,2,NO INDICATION OF INJURY,0.0,0.0,0.0,0.0,0.0,5.0,0.0,23,1,6
557332b051f8dd383d8321b7c29de0136bd30c3fe55c25203609338a76a499ce9639e27ae4d2af49822665d32e9028950600ccb12d656544b2cc7b08242f20c8,2020-05-14 14:10:00,35,TRAFFIC SIGNAL,FUNCTIONING PROPERLY,CLEAR,DAYLIGHT,REAR END,FOUR WAY,STRAIGHT AND LEVEL,WET,NO DEFECTS,NO INJURY / DRIVE AWAY,"OVER $1,500",UNABLE TO DETERMINE,UNABLE TO DETERMINE,9500,S,STONY ISLAND AVE,3,NO INDICATION OF INJURY,0.0,0.0,0.0,0.0,0.0,3.0,0.0,14,5,5
4e72661d1aa25352664d175c4f657694dce30a1ffb9f600c587c43ec65f422a4932fde1baef27188013c9039e24afa26a2e48e8255432a0f12f734ebde8c54da,2022-05-09 12:34:00,30,NO CONTROLS,NO CONTROLS,CLEAR,DAYLIGHT,FIXED OBJECT,NOT DIVIDED,STRAIGHT ON GRADE,DRY,NO DEFECTS,INJURY AND / OR TOW DUE TO CRASH,"OVER $1,500",PHYSICAL CONDITION OF DRIVER,NOT APPLICABLE,2805,W,111TH ST,1,NONINCAPACITATING INJURY,1.0,0.0,0.0,1.0,0.0,0.0,0.0,12,2,5
9ff5907beffe2eacb2226b6528e28f309c6059a05bf5802160f65c80618d7aac99a6a093d339e3b34dae7648f056f6b36faf54742195f54d8c9e4c00e0429c89,2023-09-02 09:02:00,15,NO CONTROLS,NO CONTROLS,CLEAR,DAYLIGHT,PARKED MOTOR VEHICLE,PARKING LOT,STRAIGHT AND LEVEL,UNKNOWN,UNKNOWN,NO INJURY / DRIVE AWAY,"OVER $1,500",UNABLE TO DETERMINE,UNABLE TO DETERMINE,4400,W,MONTROSE AVE,2,NO INDICATION OF INJURY,0.0,0.0,0.0,0.0,0.0,1.0,0.0,9,7,9
732ccf5ea17a79baaa39b492bfd3fd020062cc4d0c2fe656bcb532314ccff9491965575dea126802ac87da446abb60678e1015b3198768c65e30718bdb7a6676,2021-07-22 18:15:00,30,NO CONTROLS,NO CONTROLS,CLEAR,DUSK,REAR TO SIDE,NOT DIVIDED,STRAIGHT AND LEVEL,DRY,NO DEFECTS,NO INJURY / DRIVE AWAY,"$501 - $1,500",FAILING TO YIELD RIGHT-OF-WAY,IMPROPER BACKING,405,W,FULLERTON PKWY,2,NO INDICATION OF INJURY,0.0,0.0,0.0,0.0,0.0,2.0,0.0,18,5,7
70e402a5a36bd54e5313c860627588792ad8630c014e4223302f4e4e9e84d9c6ce2e125aad01f840b83eff6ceb6f423a29482358321e6782f94e82205d02b08a,2019-10-14 00:55:00,25,NO CONTROLS,NO CONTROLS,CLEAR,"DARKNESS, LIGHTED ROAD",PARKED MOTOR VEHICLE,ONE-WAY,STRAIGHT AND LEVEL,DRY,NO DEFECTS,NO INJURY / DRIVE AWAY,"OVER $1,500",NOT APPLICABLE,NOT APPLICABLE,4445,W,VAN BUREN ST,2,NO INDICATION OF INJURY,0.0,0.0,0.0,0.0,0.0,2.0,0.0,0,2,10
33a54879d109808b98a72e77fe3ba5d64a427c29e8f6a16d56b8cb763115f6eed0aa37d021c3df9bc72c3387007ba530f5438ac7c54fae3eb56d77a8966ba48f,2015-09-26 19:03:00,35,NO CONTROLS,NO CONTROLS,CLEAR,DUSK,REAR END,NOT DIVIDED,STRAIGHT AND LEVEL,DRY,NO DEFECTS,NO INJURY / DRIVE AWAY,"OVER $1,500",FOLLOWING TOO CLOSELY,FAILING TO REDUCE SPEED TO AVOID CRASH,5500,S,PAYNE DR,2,NO INDICATION OF INJURY,0.0,0.0,0.0,0.0,0.0,2.0,0.0,19,7,9
f3ac78d1a0fea4f423592fbb191f46bc6e6f3d8e0b4322cf9edfeb10a63f9d7e5538c3b1593ce01d8152bb23d21c05a299defd5ab87db6b4fb896613f10aaba3,2019-11-09 17:00:00,30,NO CONTROLS,NO CONTROLS,CLEAR,DARKNESS,SIDESWIPE SAME DIRECTION,NOT DIVIDED,STRAIGHT AND LEVEL,DRY,NO DEFECTS,NO INJURY / DRIVE AWAY,"OVER $1,500",IMPROPER OVERTAKING/PASSING,NOT APPLICABLE,5708,N,CENTRAL AVE,2,NO INDICATION OF INJURY,0.0,0.0,0.0,0.0,0.0,2.0,0.0,17,7,11
d9ffac9c4660e616b34bb9cabb64decaa8b82d9c09d7d41d09944ea5fb655db6dc9985156cbcc9aa3208b8bf18889a653356b2f8636b0734bc1f5b365ec7cb3f,2022-01-25 22:11:00,30,NO CONTROLS,NO CONTROLS,UNKNOWN,"DARKNESS, LIGHTED ROAD",PEDESTRIAN,NOT DIVIDED,STRAIGHT AND LEVEL,UNKNOWN,NO DEFECTS,NO INJURY / DRIVE AWAY,$500 OR LESS,IMPROPER BACKING,UNABLE TO DETERMINE,4604,N,KILDARE AVE,2,NO INDICATION OF INJURY,0.0,0.0,0.0,0.0,0.0,2.0,0.0,22,3,1
1ca5f029b5d9ff4085e9fe35a2b8d9b4ca8fc71d482f37a0a6226f866d0542269a8e9cff928a7ee82b1a7af9757e39dc61a02668f92102fcf38d33e9c6a157e5,2019-12-23 09:30:00,30,NO CONTROLS,NO CONTROLS,CLEAR,DAYLIGHT,PARKED MOTOR VEHICLE,DIVIDED - W/MEDIAN (NOT RAISED),STRAIGHT AND LEVEL,DRY,NO DEFECTS,NO INJURY / DRIVE AWAY,"$501 - $1,500",UNABLE TO DETERMINE,UNABLE TO DETERMINE,16,S,HALSTED ST,2,NO INDICATION OF INJURY,0.0,0.0,0.0,0.0,0.0,1.0,0.0,9,2,12
d63ed3f47e7c71b1d2ab3d73e77e7914df84bc81d662c737ed67e28496b546d3249a5f793ce324948821897c4dbc2f4ffc57584f4842640589a7f1acbc939649,2022-06-23 15:00:00,30,STOP SIGN/FLASHER,NO CONTROLS,CLEAR,DAYLIGHT,REAR END,FOUR WAY,STRAIGHT AND LEVEL,UNKNOWN,UNKNOWN,NO INJURY / DRIVE AWAY,"OVER $1,500",UNABLE TO DETERMINE,UNABLE TO DETERMINE,4701,W,MADISON ST,2,NO INDICATION OF INJURY,0.0,0.0,0.0,0.0,0.0,3.0,0.0,15,5,6
57b2e0679a1f5394d47b65fd3da24191d881b3ca4a0be102adeb5e49a756e6f19edf33c90b8c17b4a3f5b2867ee00c694fc12c8422a9105063774391a04eb206,2022-08-10 15:40:00,25,NO CONTROLS,NO CONTROLS,CLEAR,DAYLIGHT,REAR TO FRONT,OTHER,STRAIGHT AND LEVEL,DRY,NO DEFECTS,NO INJURY / DRIVE AWAY,"OVER $1,500",UNABLE TO DETERMINE,UNABLE TO DETERMINE,730,W,HUBBARD ST,2,NO INDICATION OF INJURY,0.0,0.0,0.0,0.0,0.0,2.0,0.0,15,4,8
7a4b5a4aaeb2024cf39fee6bfa2973ad7a9cf16abf1d27c7905c9a7d30dd76940ad861418e6e4704e87e5e11e35e2cc385f02ecd04a71f23e2eeef760c6cd765,2018-03-05 15:50:00,30,TRAFFIC SIGNAL,FUNCTIONING PROPERLY,CLEAR,DAYLIGHT,TURNING,DIVIDED - W/MEDIAN (NOT RAISED),STRAIGHT AND LEVEL,DRY,NO DEFECTS,NO INJURY / DRIVE AWAY,$500 OR LESS,FOLLOWING TOO CLOSELY,IMPROPER OVERTAKING/PASSING,2401,W,TOUHY AVE,2,NO INDICATION OF INJURY,0.0,0.0,0.0,0.0,0.0,2.0,0.0,15,2,3