CRASH_RECORD_ID,CRASH_DATE,POSTED_SPEED_LIMIT,TRAFFIC_CONTROL_DEVICE,DEVICE_CONDITION,WEATHER_CONDITION,LIGHTING_CONDITION,FIRST_CRASH_TYPE,TRAFFICWAY_TYPE,ALIGNMENT,ROADWAY_SURFACE_COND,ROAD_DEFECT,CRASH_TYPE,DAMAGE,PRIM_CONTRIBUTORY_CAUSE,SEC_CONTRIBUTORY_CAUSE,STREET_NO,STREET_DIRECTION,STREET_NAME,NUM_UNITS,MOST_SEVERE_INJURY,INJURIES_TOTAL,INJURIES_FATAL,INJURIES_INCAPACITATING,INJURIES_NON_INCAPACITATING,INJURIES_REPORTED_NOT_EVIDENT,INJURIES_NO_INDICATION,INJURIES_UNKNOWN,CRASH_HOUR,CRASH_DAY_OF_WEEK,CRASH_MONTH
55708dae51187fe2987edccbbe4122f72babb687939d9d0d2f76371d7b334c4653f219b9a78ebc3d7b0c88d01fe31a723c449b5055f350958efb94a755a0f23f,2017-11-28 09:00:00,30,UNKNOWN,UNKNOWN,UNKNOWN,UNKNOWN,PARKED MOTOR VEHICLE,DIVIDED - W/MEDIAN (NOT RAISED),STRAIGHT AND LEVEL,UNKNOWN,UNKNOWN,NO INJURY / DRIVE AWAY,"OVER $1,500",UNABLE TO DETERMINE,DRIVING SKILLS/KNOWLEDGE/EXPERIENCE,4909,N,PULASKI RD,2,NO INDICATION OF INJURY,0.0,0.0,0.0,0.0,0.0,1.0,0.0,9,3,11
df0a2b8b6ad3bb9626092fc5905ee6ece1afe051f51f1aeb5f91de10dfb75fbfb1784d1fe3b1d07d2a0838e5a79c7f5c95bee4e141f826f2214d25054f6667e6,2019-08-24 03:28:00,30,TRAFFIC SIGNAL,FUNCTIONING PROPERLY,CLEAR,"DARKNESS, LIGHTED ROAD",REAR TO FRONT,CENTER TURN LANE,STRAIGHT AND LEVEL,DRY,NO DEFECTS,NO INJURY / DRIVE AWAY,"OVER $1,500",DRIVING SKILLS/KNOWLEDGE/EXPERIENCE,NOT APPLICABLE,9459,S,COTTAGE GROVE AVE,2,NO INDICATION OF INJURY,0.0,0.0,0.0,0.0,0.0,3.0,0.0,3,7,8
9b5733b7da0cbe26ab5ad3223bbadbc4d10fc9f3a07c919e2bb0fcce03a3529af30cfb4cf315b4befc9ceceaf226a0e9603a007a0cf89a2f89acc9527661d21c,2018-01-31 21:55:00,30,TRAFFIC SIGNAL,FUNCTIONING PROPERLY,CLEAR,"DARKNESS, LIGHTED ROAD",ANGLE,DIVIDED - W/MEDIAN BARRIER,STRAIGHT AND LEVEL,DRY,NO DEFECTS,INJURY AND / OR TOW DUE TO CRASH,"OVER $1,500",DISREGARDING TRAFFIC SIGNALS,UNABLE TO DETERMINE,5500,S,WENTWORTH AVE,2,"REPORTED, NOT EVIDENT",2.0,0.0,0.0,0.0,2.0,3.0,0.0,21,4,1
f6b8b4d424c717f367a9c28a56af73d273a8939ec42104b7014108cdddd68f7bb7f578ea087b874e554b1c610a6a8ab9cc2a6381a6a3af53c7f644a02c02bf1c,2017-11-15 19:57:00,30,NO CONTROLS,NO CONTROLS,CLEAR,DARKNESS,ANGLE,DIVIDED - W/MEDIAN BARRIER,STRAIGHT AND LEVEL,DRY,NO DEFECTS,NO INJURY / DRIVE AWAY,"$501 - $1,500",UNABLE TO DETERMINE,NOT APPLICABLE,7300,S,STONY ISLAND AVE,2,NO INDICATION OF INJURY,0.0,0.0,0.0,0.0,0.0,2.0,0.0,19,4,11
2631e3d6a1d890cfd831bb8482639d15f84089666ffbc69f1c76f101daf801ae8337534c5ecc2a891dc7c0e5414ebf680655549ce898be37e19915beadb23e29,2022-08-22 14:45:00,30,NO CONTROLS,NO CONTROLS,CLEAR,DAYLIGHT,TURNING,NOT DIVIDED,STRAIGHT AND LEVEL,DRY,NO DEFECTS,NO INJURY / DRIVE AWAY,"OVER $1,500",IMPROPER OVERTAKING/PASSING,UNABLE TO DETERMINE,2532,W,55TH ST,2,NO INDICATION OF INJURY,0.0,0.0,0.0,0.0,0.0,2.0,0.0,14,2,8
63d2be203872ffefd364e6b55d48b93f245e6fc44da204867ed27d3c091fa4fa370a5551d2e224a06c961f74164deeeb5247523e884b27378b8bba1fb4ff9c42,2022-08-15 14:00:00,30,NO CONTROLS,NO CONTROLS,CLEAR,DAYLIGHT,REAR END,NOT DIVIDED,STRAIGHT AND LEVEL,DRY,NO DEFECTS,NO INJURY / DRIVE AWAY,"$501 - $1,500",FOLLOWING TOO CLOSELY,NOT APPLICABLE,3300,W,63RD ST,2,NO INDICATION OF INJURY,0.0,0.0,0.0,0.0,0.0,2.0,0.0,14,2,8
17a6288ccd3cb35552525eefd7208e2537f09fcb579c821e9e1090bd374accd3cb5f4f27864c8e31a5161585176b7123c7296cfd1ae0ab06be2bfba946fe2702,2017-10-05 15:20:00,35,TRAFFIC SIGNAL,UNKNOWN,CLEAR,DAYLIGHT,SIDESWIPE SAME DIRECTION,NOT DIVIDED,STRAIGHT AND LEVEL,DRY,NO DEFECTS,NO INJURY / DRIVE AWAY,"OVER $1,500",IMPROPER LANE USAGE,NOT APPLICABLE,5304,N,MILWAUKEE AVE,2,NO INDICATION OF INJURY,0.0,0.0,0.0,0.0,0.0,2.0,0.0,15,5,10
8536e2721597c3d0b0de7c890508bc27027ef15e9dd386446b4ce513e74f237d8201dbc958934434e5e4e09d721f0723546a313314540422011e9008f6ced57e,2024-04-04 21:30:00,35,NO CONTROLS,NO CONTROLS,CLEAR,"DARKNESS, LIGHTED ROAD",SIDESWIPE SAME DIRECTION,NOT DIVIDED,STRAIGHT AND LEVEL,DRY,NO DEFECTS,NO INJURY / DRIVE AWAY,"$501 - $1,500",NOT APPLICABLE,NOT APPLICABLE,7600,N,SHERIDAN RD,2,NO INDICATION OF INJURY,0.0,0.0,0.0,0.0,0.0,2.0,0.0,21,5,4
0614e89775bf01b6e50d20e4931fddaabfa2202d728dca37fc0445624009b9f233bdc98f5de94751692a2255f7fc9a0aad559683672698b3bc4912221985b206,2019-10-09 15:45:00,30,NO CONTROLS,NO CONTROLS,CLEAR,DAYLIGHT,SIDESWIPE SAME DIRECTION,NOT DIVIDED,STRAIGHT AND LEVEL,DRY,NO DEFECTS,NO INJURY / DRIVE AWAY,"$501 - $1,500",FAILING TO YIELD RIGHT-OF-WAY,FAILING TO YIELD RIGHT-OF-WAY,5337,W,DEVON AVE,2,NO INDICATION OF INJURY,0.0,0.0,0.0,0.0,0.0,2.0,0.0,15,4,10
67ca0c69f9822fcfdc6e39ca9cbb4f1c25653bc327cc706db5cc9e0a9ecf19685483b9cebae4fef2f6e41c833bb5366ab9920cf260fdb86fe011fb4400f0e63c,2017-11-13 18:00:00,30,UNKNOWN,UNKNOWN,UNKNOWN,UNKNOWN,SIDESWIPE SAME DIRECTION,UNKNOWN,STRAIGHT AND LEVEL,UNKNOWN,UNKNOWN,NO INJURY / DRIVE AWAY,"OVER $1,500",UNABLE TO DETERMINE,NOT APPLICABLE,4306,W,ADDISON ST,2,NO INDICATION OF INJURY,0.0,0.0,0.0,0.0,0.0,5.0,0.0,18,2,11
c9ff5c4e4ace291f91eef3bd7a21ab0e2ba8a1ae4a6254bfa3463821593d544a79883bf1acb761ea3b1d4208a938eeb73c2d365c3e8cea7dca38ee4f3fd25ab1,2017-04-24 06:45:00,30,NO CONTROLS,NO CONTROLS,CLEAR,DAYLIGHT,SIDESWIPE SAME DIRECTION,ONE-WAY,STRAIGHT AND LEVEL,DRY,NO DEFECTS,NO INJURY / DRIVE AWAY,"$501 - $1,500",UNABLE TO DETERMINE,UNABLE TO DETERMINE,17,N,DEARBORN ST,2,NO INDICATION OF INJURY,0.0,0.0,0.0,0.0,0.0,3.0,0.0,6,2,4
8110666d27b191b15921dd053f234af0037d556f02a3317c16115496d99df16f5e5bd65cb608c6626dd7a071404ac74893f30ab8723646ef614d186684381e19,2019-09-17 12:30:00,25,NO CONTROLS,NO CONTROLS,CLEAR,DAYLIGHT,REAR TO FRONT,NOT DIVIDED,STRAIGHT AND LEVEL,DRY,NO DEFECTS,INJURY AND / OR TOW DUE TO CRASH,"OVER $1,500",IMPROPER BACKING,FAILING TO REDUCE SPEED TO AVOID CRASH,10334,S,NORMAL AVE,2,NO INDICATION OF INJURY,0.0,0.0,0.0,0.0,0.0,2.0,0.0,12,3,9
e9a9152eb2eb980cdea46ef949b7209add2f558ec53a7560c1977253611fb1bb34477cfb039c6ed65ed98864a60ae706e986799d015880d9d5a49a8c37d81ab9,2022-07-15 11:30:00,30,TRAFFIC SIGNAL,FUNCTIONING PROPERLY,RAIN,DAYLIGHT,REAR END,DIVIDED - W/MEDIAN BARRIER,STRAIGHT AND LEVEL,WET,UNKNOWN,NO INJURY / DRIVE AWAY,"OVER $1,500",UNABLE TO DETERMINE,NOT APPLICABLE,300,E,ROOSEVELT DR,2,NO INDICATION OF INJURY,0.0,0.0,0.0,0.0,0.0,2.0,0.0,11,6,7
110cbfef4dee2c11e1f6e6a0932f4d280f69c0fac711c99217562efe8151741429861463daf565d4a7468825f130e2fdd07e6600ce6a2230cee6b241a68d3505,2021-03-21 16:48:00,30,NO CONTROLS,NO CONTROLS,CLEAR,DAYLIGHT,PARKED MOTOR VEHICLE,NOT DIVIDED,STRAIGHT AND LEVEL,DRY,NO DEFECTS,INJURY AND / OR TOW DUE TO CRASH,"OVER $1,500",IMPROPER LANE USAGE,NOT APPLICABLE,7742,S,ST LOUIS AVE,3,NO INDICATION OF INJURY,0.0,0.0,0.0,0.0,0.0,1.0,0.0,16,1,3
7d633d992458e1da9850a37270a0b2037dcdace8d4c9d73b6109150d5e0e4a8bfe5fbd9c511dab8878355fa6c823157a79e448cb7c8a89d28124a34985cfcd79,2018-03-14 07:19:00,30,TRAFFIC SIGNAL,FUNCTIONING PROPERLY,CLEAR,DAYLIGHT,SIDESWIPE SAME DIRECTION,DIVIDED - W/MEDIAN BARRIER,STRAIGHT AND LEVEL,DRY,NO DEFECTS,NO INJURY / DRIVE AWAY,"$501 - $1,500",FAILING TO YIELD RIGHT-OF-WAY,NOT APPLICABLE,325,N,WESTERN AVE,2,NO INDICATION OF INJURY,0.0,0.0,0.0,0.0,0.0,2.0,0.0,7,4,3
506414c2246cc05c6b50533b6a5f50ac7aefdb163f678e44f5cf3b2ed469668232309c8b7574afb159cf9b6742182face82045bb61ac018bf94d68f283344da9,2018-11-09 20:00:00,30,UNKNOWN,UNKNOWN,UNKNOWN,UNKNOWN,REAR END,DIVIDED - W/MEDIAN (NOT RAISED),STRAIGHT AND LEVEL,UNKNOWN,UNKNOWN,NO INJURY / DRIVE AWAY,"$501 - $1,500",FAILING TO REDUCE SPEED TO AVOID CRASH,FAILING TO REDUCE SPEED TO AVOID CRASH,3120,W,BELMONT AVE,2,NO INDICATION OF INJURY,0.0,0.0,0.0,0.0,0.0,2.0,0.0,20,6,11
fa935b5cfdae2a72b1a30ad26f846d9e0b0e506cf429341eff85bb319d2ea0d17a05a80c3e987212d57bf822906f8d5cc1fae4c3342d535a298feef1cd44a514,2021-02-10 17:00:00,30,NO CONTROLS,NO CONTROLS,CLEAR,UNKNOWN,PARKED MOTOR VEHICLE,ONE-WAY,STRAIGHT AND LEVEL,UNKNOWN,UNKNOWN,NO INJURY / DRIVE AWAY,$500 OR LESS,IMPROPER BACKING,NOT APPLICABLE,2646,W,LUTHER ST,2,NO INDICATION OF INJURY,0.0,0.0,0.0,0.0,0.0,1.0,0.0,17,4,2
5bf1e5d16dd7ba8dc592af6857e163afe9ed010ad64213950582177e32cf838e77ea9f4ed1e4d0dceb371bc8cee44d3850b45ab59f789ca34a2547c8c16312f0,2021-08-31 09:45:00,20,NO CONTROLS,NO CONTROLS,CLEAR,DAYLIGHT,PARKED MOTOR VEHICLE,NOT DIVIDED,STRAIGHT AND LEVEL,DRY,NO DEFECTS,NO INJURY / DRIVE AWAY,"$501 - $1,500",NOT APPLICABLE,NOT APPLICABLE,1553,W,91ST ST,2,NO INDICATION OF INJURY,0.0,0.0,0.0,0.0,0.0,1.0,0.0,9,3,8
86cd0ac5a00629194334c82054b28b1c50d90c1e9babe989899780cf8c0433793181d0a68110d89598529a285452969fa4ac44e0913314817096369dccbdadb9,2021-06-06 14:20:00,35,NO CONTROLS,NO CONTROLS,CLEAR,DAYLIGHT,TURNING,NOT DIVIDED,STRAIGHT AND LEVEL,DRY,NO DEFECTS,NO INJURY / DRIVE AWAY,"OVER $1,500",IMPROPER LANE USAGE,NOT APPLICABLE,737,E,87TH ST,2,NO INDICATION OF INJURY,0.0,0.0,0.0,0.0,0.0,2.0,0.0,14,1,6
8ebe429cbcb642c9fe5cfb2fe6d38764d26e5b2936ef479168a67f3f09f26bbc9d0760bcb9bb0a1d59b3b8b951f3531c821aca0ed49c5c362fcc84eacb4c3b86,2023-06-07 18:20:00,30,TRAFFIC SIGNAL,FUNCTIONING PROPERLY,CLEAR,DAYLIGHT,SIDESWIPE SAME DIRECTION,DIVIDED - W/MEDIAN BARRIER,STRAIGHT AND LEVEL,DRY,NO DEFECTS,NO INJURY / DRIVE AWAY,$500 OR LESS,IMPROPER OVERTAKING/PASSING,NOT APPLICABLE,11101,S,HALSTED ST,2,NO INDICATION OF INJURY,0.0,0.0,0.0,0.0,0.0,2.0,0.0,18,4,6
ed6721dc7c2c0cf69695de994e9983150bfe05ae57ddd3baefe951a75e2238e7e9656ec085104b796c18e4af01d89386e97d655f1f0b182cbf4329f4277d472a,2017-08-09 18:51:00,35,TRAFFIC SIGNAL,FUNCTIONING PROPERLY,CLEAR,DAYLIGHT,TURNING,CENTER TURN LANE,STRAIGHT AND LEVEL,UNKNOWN,UNKNOWN,NO INJURY / DRIVE AWAY,"OVER $1,500",UNABLE TO DETERMINE,NOT APPLICABLE,4750,N,CLARENDON AVE,2,NO INDICATION OF INJURY,0.0,0.0,0.0,0.0,0.0,3.0,0.0,18,4,8
d44b6434a889a5253f23f21c18d97ac1244e1af66b8ceb40c81413c2b6b6d8b6cf2b28e40c22b9276d5c2aa2e08dd50af9dedb1d0bef7e8d7f6389aa737cfec0,2022-01-24 07:30:00,30,NO CONTROLS,NO CONTROLS,SNOW,DAYLIGHT,REAR END,DIVIDED - W/MEDIAN (NOT RAISED),STRAIGHT AND LEVEL,SNOW OR SLUSH,NO DEFECTS,NO INJURY / DRIVE AWAY,"$501 - $1,500",FOLLOWING TOO CLOSELY,NOT APPLICABLE,4330,W,AUGUSTA BLVD,2,NO INDICATION OF INJURY,0.0,0.0,0.0,0.0,0.0,3.0,0.0,7,2,1
1b4464e72e5cbc81bf98af0d7f9daa7de6ced3a7192288040c7886ed8a4c36669545626c72ee27d4acbae4893231827eeed06a792d19d82d19fcfc1daeaf9516,2019-11-29 11:00:00,30,NO CONTROLS,NO CONTROLS,CLEAR,DAYLIGHT,REAR END,ONE-WAY,STRAIGHT AND LEVEL,DRY,NO DEFECTS,NO INJURY / DRIVE AWAY,"OVER $1,500",FOLLOWING TOO CLOSELY,NOT APPLICABLE,145,N,DEARBORN ST,2,NO INDICATION OF INJURY,0.0,0.0,0.0,0.0,0.0,2.0,0.0,11,6,11
a286d3f86f5c553d3aa5addf4f7148364c225480efc8dd1c656f536117a1e32cb452ac96b74dc2d6c58892f6949850037f4eff4a4de239c52283e32975f97074,2024-03-21 17:35:00,30,NO CONTROLS,NO CONTROLS,CLEAR,DAYLIGHT,TURNING,DIVIDED - W/MEDIAN (NOT RAISED),STRAIGHT AND LEVEL,DRY,NO DEFECTS,NO INJURY / DRIVE AWAY,"OVER $1,500",FAILING TO YIELD RIGHT-OF-WAY,FAILING TO YIELD RIGHT-OF-WAY,8510,S,ASHLAND AVE,2,NO INDICATION OF INJURY,0.0,0.0,0.0,0.0,0.0,8.0,0.0,17,5,3
ca9ce296f2d0451f7eb699acd85e8a69ba7410ea225458c9fec05b3bf5e29b7f0bb6bcac3e57bf92da3c09370133ecab1af48f661423a6202ab760eb78234c09,2015-11-15 09:15:00,30,TRAFFIC SIGNAL,FUNCTIONING PROPERLY,CLEAR,DAYLIGHT,REAR END,NOT DIVIDED,STRAIGHT AND LEVEL,DRY,NO DEFECTS,NO INJURY / DRIVE AWAY,"$501 - $1,500",UNABLE TO DETERMINE,UNABLE TO DETERMINE,53,W,JACKSON BLVD,2,NO INDICATION OF INJURY,0.0,0.0,0.0,0.0,0.0,3.0,0.0,9,1,11
128f5db0b0220f3e881e7e0a8426e3612534030fc32a23c228e2801b1a91acafd0880ba82d7af1a8062ed995789d44eb477d75c0562e7e62fbcf39aa983548a9,2022-07-10 21:30:00,30,TRAFFIC SIGNAL,FUNCTIONING PROPERLY,UNKNOWN,UNKNOWN,REAR END,NOT DIVIDED,STRAIGHT AND LEVEL,UNKNOWN,UNKNOWN,NO INJURY / DRIVE AWAY,"OVER $1,500",FAILING TO REDUCE SPEED TO AVOID CRASH,UNABLE TO DETERMINE,3018,S,ASHLAND AVE,3,NO INDICATION OF INJURY,0.0,0.0,0.0,0.0,0.0,3.0,0.0,21,1,7
3c895dfdcff8a781e7b779b00969ee8d5e527ba41673b863383b06d31ba4a203c79e4f0b235000bd1f87c5d346aff2a2c77abfc0defe93ad6ebe3d2508d04075,2023-07-14 21:40:00,30,TRAFFIC SIGNAL,FUNCTIONING PROPERLY,CLEAR,"DARKNESS, LIGHTED ROAD",SIDESWIPE SAME DIRECTION,NOT DIVIDED,STRAIGHT AND LEVEL,WET,NO DEFECTS,NO INJURY / DRIVE AWAY,"$501 - $1,500",UNABLE TO DETERMINE,UNABLE TO DETERMINE,3042,W,ARMITAGE AVE,2,NO INDICATION OF INJURY,0.0,0.0,0.0,0.0,0.0,5.0,0.0,21,6,7
861a65db69779841d3323ba2f29de8014aa894a1decb11cea480b6e51a28aa5775946625abed110ad3ac9966dcef2d30da59eeb25f88ba8858b41f18aaee4759,2018-07-27 12:00:00,30,NO CONTROLS,NO CONTROLS,CLEAR,DAYLIGHT,REAR END,PARKING LOT,STRAIGHT AND LEVEL,DRY,NO DEFECTS,NO INJURY / DRIVE AWAY,"$501 - $1,500",IMPROPER BACKING,UNABLE TO DETERMINE,5606,W,MONTROSE AVE,2,NO INDICATION OF INJURY,0.0,0.0,0.0,0.0,0.0,2.0,0.0,12,6,7
d206e4858bfd592461494de0b58302d5fe40f9030e6660995beeea567cb91d9485c91cb5b29e0ea4bf5e9f7b69c5cc5828ea8f352301037c672cbde70f211abd,2019-10-15 01:36:00,35,TRAFFIC SIGNAL,FUNCTIONING PROPERLY,CLEAR,DAYLIGHT,REAR END,NOT DIVIDED,STRAIGHT AND LEVEL,DRY,NO DEFECTS,NO INJURY / DRIVE AWAY,"OVER $1,500",FAILING TO REDUCE SPEED TO AVOID CRASH,NOT APPLICABLE,950,W,119TH ST,2,NO INDICATION OF INJURY,0.0,0.0,0.0,0.0,0.0,2.0,0.0,1,3,10
6c357fb6321d45607e5c3feb4bbdb7e34843224aa8b4baaed2e2cd1d5efc19101d2dfd4f935a2623a1e93b3859796d3794173aed8cab5c408f9918b8ba7996f0,2023-02-16 22:45:00,30,TRAFFIC SIGNAL,FUNCTIONING PROPERLY,SNOW,DUSK,FIXED OBJECT,DIVIDED - W/MEDIAN (NOT RAISED),STRAIGHT AND LEVEL,SNOW OR SLUSH,NO DEFECTS,INJURY AND / OR TOW DUE TO CRASH,"OVER $1,500",WEATHER,NOT APPLICABLE,6900,S,STATE ST,1,NO INDICATION OF INJURY,0.0,0.0,0.0,0.0,0.0,1.0,0.0,22,5,2
a8d480714b30f397f02f4a7cb127910049538deb2f4365a7dd4d086912e8a99d8e16d835bf9c4b5c37555b01e578e7a72279fcf6d63230b55c69bb3e10da2c70,2020-01-21 08:30:00,20,TRAFFIC SIGNAL,FUNCTIONING PROPERLY,CLEAR,DAYLIGHT,REAR END,NOT DIVIDED,STRAIGHT AND LEVEL,DRY,NO DEFECTS,NO INJURY / DRIVE AWAY,"$501 - $1,500",UNABLE TO DETERMINE,NOT APPLICABLE,4711,W,FOSTER AVE,2,NO INDICATION OF INJURY,0.0,0.0,0.0,0.0,0.0,2.0,0.0,8,3,1
35ae1537ad4ba8f3c17650a35b42ccf4080a8acc84f3dd5dbe6552d29581a6ac14e371e9cbbf310cb69c58bcf90d4ad3d81ae743b15b112b98e58048a9490473,2017-02-20 15:00:00,25,NO CONTROLS,NO CONTROLS,CLEAR,DAYLIGHT,PARKED MOTOR VEHICLE,NOT DIVIDED,STRAIGHT AND LEVEL,DRY,NO DEFECTS,NO INJURY / DRIVE AWAY,"$501 - $1,500",UNABLE TO DETERMINE,UNABLE TO DETERMINE,436,E,75TH ST,2,NO INDICATION OF INJURY,0.0,0.0,0.0,0.0,0.0,1.0,0.0,15,2,2
a33d26ac27e01a94330b279da7946d987988b209bc2f9086a9d0c85ab2d6cb0def9ea7d5059270566be42f78ece9005f3a8eac5bb8d795143268fa1d75998b3c,2021-10-29 17:05:00,30,STOP SIGN/FLASHER,FUNCTIONING PROPERLY,RAIN,DAYLIGHT,SIDESWIPE SAME DIRECTION,FOUR WAY,STRAIGHT AND LEVEL,WET,UNKNOWN,NO INJURY / DRIVE AWAY,"OVER $1,500",UNABLE TO DETERMINE,UNABLE TO DETERMINE,3157,N,KIMBALL AVE,2,NO INDICATION OF INJURY,0.0,0.0,0.0,0.0,0.0,2.0,0.0,17,6,10
5aff95d15c72c91d612d4245c5f5c4d8b94027b2f32afeba9a6f31ce6e809ee25954137abb758341b692812eb8d49c87302c08994ddcfbb37f64c3c4027b6e3d,2019-04-26 21:15:00,30,TRAFFIC SIGNAL,FUNCTIONING PROPERLY,CLEAR,"DARKNESS, LIGHTED ROAD",REAR END,NOT DIVIDED,STRAIGHT AND LEVEL,DRY,NO DEFECTS,NO INJURY / DRIVE AWAY,"$501 - $1,500",FAILING TO YIELD RIGHT-OF-WAY,NOT APPLICABLE,598,N,STATE ST,2,NO INDICATION OF INJURY,0.0,0.0,0.0,0.0,0.0,2.0,0.0,21,6,4
d2a59c88e33d9f1f2970fae05ee1870c9306e69bbf87f9fdfe31da9b033fe5a7389254dbbca0da46797cd815d13bdee66d27d8bedadac093ec358249f1f5c19c,2024-04-15 08:01:00,30,TRAFFIC SIGNAL,FUNCTIONING PROPERLY,CLEAR,DAYLIGHT,REAR END,DIVIDED - W/MEDIAN BARRIER,STRAIGHT AND LEVEL,DRY,NO DEFECTS,INJURY AND / OR TOW DUE TO CRASH,$500 OR LESS,FOLLOWING TOO CLOSELY,FOLLOWING TOO CLOSELY,801,W,115TH ST,2,NONINCAPACITATING INJURY,1.0,0.0,0.0,1.0,0.0,1.0,0.0,8,2,4
4f19cef81de393b6867dcf1e207835a7dbca86b9cd250434a09c30ee0a0aadf076eb14987dd425d0ed674beff352d81c24c4f32e0ebe700d908f3de9204b8d1c,2018-01-17 15:30:00,30,TRAFFIC SIGNAL,FUNCTIONING PROPERLY,CLEAR,DAYLIGHT,REAR END,NOT DIVIDED,STRAIGHT AND LEVEL,DRY,NO DEFECTS,INJURY AND / OR TOW DUE TO CRASH,"$501 - $1,500",FOLLOWING TOO CLOSELY,NOT APPLICABLE,700,N,LA SALLE DR,2,NONINCAPACITATING INJURY,1.0,0.0,0.0,1.0,0.0,1.0,0.0,15,4,1
800cb203d2030ed92b1c4ca4b47f69df96935a634998a4e28448c73245fd1c1e9101222f081e71248f7dd8c7ccd710c523a78925ee4606e9edf1a5da3a3ef0d7,2017-10-20 08:45:00,25,NO CONTROLS,NO CONTROLS,CLEAR,DAYLIGHT,REAR END,NOT DIVIDED,STRAIGHT AND LEVEL,DRY,NO DEFECTS,NO INJURY / DRIVE AWAY,"$501 - $1,500",FOLLOWING TOO CLOSELY,UNABLE TO DETERMINE,401,N,MILWAUKEE AVE,2,NO INDICATION OF INJURY,0.0,0.0,0.0,0.0,0.0,2.0,0.0,8,6,10
89a0dedf4642bb10b2baa81e1de00e8526a47fbcc8b82616fedf9bf954af77c5d72946d2ae1ebd5dd69332f00d5ff3be5b971da5fb2c40fee26b037f20046059,2023-05-20 21:10:00,30,TRAFFIC SIGNAL,FUNCTIONING PROPERLY,CLEAR,"DARKNESS, LIGHTED ROAD",REAR END,NOT DIVIDED,STRAIGHT AND LEVEL,DRY,NO DEFECTS,INJURY AND / OR TOW DUE TO CRASH,"OVER $1,500",FAILING TO REDUCE SPEED TO AVOID CRASH,NOT APPLICABLE,540,W,18TH ST,2,NONINCAPACITATING INJURY,1.0,0.0,0.0,1.0,0.0,1.0,0.0,21,7,5
a6538c415d4e8cf41eace55aabf06ded9d418ebc00090153f0188ede4522b405dbb554ae5b30b7a51b5205145257d2b2ef75f8bb7f5fd664f1d7adbbaafe6066,2016-11-18 01:00:00,30,TRAFFIC SIGNAL,FUNCTIONING PROPERLY,CLEAR,"DARKNESS, LIGHTED ROAD",TURNING,NOT DIVIDED,STRAIGHT AND LEVEL,DRY,NO DEFECTS,INJURY AND / OR TOW DUE TO CRASH,"OVER $1,500",DISREGARDING TRAFFIC SIGNALS,UNABLE TO DETERMINE,10,W,MARQUETTE RD,2,NO INDICATION OF INJURY,0.0,0.0,0.0,0.0,0.0,2.0,0.0,1,6,11
0542ed90ccbf5e381c9a367d81ccecc4133713d583a624668648bb957bfd3c8c4ab54fb2b4cb1befd4ce37c94ab7b4ff5c8339e9d3c9383cd9cd08cf095674f1,2022-10-01 23:46:00,30,TRAFFIC SIGNAL,FUNCTIONING PROPERLY,CLEAR,"DARKNESS, LIGHTED ROAD",PEDESTRIAN,FOUR WAY,STRAIGHT AND LEVEL,DRY,NO DEFECTS,INJURY AND / OR TOW DUE TO CRASH,"OVER $1,500",FAILING TO YIELD RIGHT-OF-WAY,UNABLE TO DETERMINE,400,W,BELMONT AVE,2,NONINCAPACITATING INJURY,1.0,0.0,0.0,1.0,0.0,1.0,0.0,23,7,10
ef1626744a10d2b17cbd5935103210586950066ceb35a2fa5e3e4eae8ab6ce14537de55a301738742e35e3c8e1add367ad2ac41db910e7a6bc4bdbe692570b53,2022-07-09 17:47:00,25,TRAFFIC SIGNAL,FUNCTIONING PROPERLY,CLEAR,DAYLIGHT,REAR END,NOT DIVIDED,STRAIGHT ON GRADE,DRY,NO DEFECTS,INJURY AND / OR TOW DUE TO CRASH,"$501 - $1,500",FOLLOWING TOO CLOSELY,FOLLOWING TOO CLOSELY,4400,W,63RD ST,2,NONINCAPACITATING INJURY,1.0,0.0,0.0,1.0,0.0,2.0,0.0,17,7,7
6ed57f61a908c15b3fc432e72ef4ff11892996507faf7f2ddfcb507181184b7c39278125b0fbdf69a593b64e9b39c22bd24d715607ba4bbc88e97271c2d53dc4,2020-01-10 11:30:00,30,NO CONTROLS,NO CONTROLS,CLEAR,DAYLIGHT,REAR TO SIDE,DIVIDED - W/MEDIAN (NOT RAISED),STRAIGHT AND LEVEL,DRY,NO DEFECTS,NO INJURY / DRIVE AWAY,"$501 - $1,500",UNABLE TO DETERMINE,NOT APPLICABLE,2216,S,ALBANY AVE,2,NO INDICATION OF INJURY,0.0,0.0,0.0,0.0,0.0,2.0,0.0,11,6,1
1fec11a71910a846300d022a7c1c2883d365b4c17593d26272df29b9c6e3755959c7f6a3481db47d398ee34aadc16d18ea3be846a012ae1659ac2cb34db424a5,2022-09-25 11:00:00,15,NO CONTROLS,NO CONTROLS,CLEAR,DAYLIGHT,PARKED MOTOR VEHICLE,PARKING LOT,STRAIGHT AND LEVEL,DRY,NO DEFECTS,NO INJURY / DRIVE AWAY,"OVER $1,500",UNABLE TO DETERMINE,NOT APPLICABLE,609,S,STATE ST,2,NO INDICATION OF INJURY,0.0,0.0,0.0,0.0,0.0,1.0,0.0,11,1,9