CRASH_RECORD_ID,CRASH_DATE,POSTED_SPEED_LIMIT,TRAFFIC_CONTROL_DEVICE,DEVICE_CONDITION,WEATHER_CONDITION,LIGHTING_CONDITION,FIRST_CRASH_TYPE,TRAFFICWAY_TYPE,ALIGNMENT,ROADWAY_SURFACE_COND,ROAD_DEFECT,CRASH_TYPE,DAMAGE,PRIM_CONTRIBUTORY_CAUSE,SEC_CONTRIBUTORY_CAUSE,STREET_NO,STREET_DIRECTION,STREET_NAME,NUM_UNITS,MOST_SEVERE_INJURY,INJURIES_TOTAL,INJURIES_FATAL,INJURIES_INCAPACITATING,INJURIES_NON_INCAPACITATING,INJURIES_REPORTED_NOT_EVIDENT,INJURIES_NO_INDICATION,INJURIES_UNKNOWN,CRASH_HOUR,CRASH_DAY_OF_WEEK,CRASH_MONTH
5a57676330b6611396634517660a2b6b350bb79299261adf9e301a3671efdeba232568815c2801a2529aac47d7739c675771dce0d3369ff1448258bc3ee1a351,2021-12-18 13:15:00,30,NO CONTROLS,NO CONTROLS,CLEAR,DAYLIGHT,SIDESWIPE SAME DIRECTION,NOT DIVIDED,STRAIGHT AND LEVEL,DRY,NO DEFECTS,NO INJURY / DRIVE AWAY,"$501 - $1,500",FAILING TO YIELD RIGHT-OF-WAY,UNABLE TO DETERMINE,222,S,HALSTED ST,3,NO INDICATION OF INJURY,0.0,0.0,0.0,0.0,0.0,2.0,0.0,13,7,12
50f6f308d8a80331912f5980627cf2cbe174c51239fce9dca0d6d66b75a38b586b3b807e6c12e2736af85be594e771279e0b3780caf178eb0ca00e1c0af45ea2,2020-05-20 12:30:00,5,NO CONTROLS,NO CONTROLS,CLEAR,DAYLIGHT,PARKED MOTOR VEHICLE,OTHER,STRAIGHT AND LEVEL,DRY,NO DEFECTS,NO INJURY / DRIVE AWAY,"OVER $1,500",UNABLE TO DETERMINE,UNABLE TO DETERMINE,1535,W,GRAND AVE,2,NO INDICATION OF INJURY,0.0,0.0,0.0,0.0,0.0,1.0,0.0,12,4,5
b46976b38b5eb58ed505dc5b535f3bec7bce178f9369077399edb098ca9c4fa2b630294b72fb92886838e5e6e84d01addf77011b8964bee9334a588843b1e217,2021-02-25 20:45:00,30,TRAFFIC SIGNAL,FUNCTIONING PROPERLY,CLEAR,"DARKNESS, LIGHTED ROAD",TURNING,NOT DIVIDED,STRAIGHT AND LEVEL,DRY,NO DEFECTS,INJURY AND / OR TOW DUE TO CRASH,"OVER $1,500",FAILING TO YIELD RIGHT-OF-WAY,NOT APPLICABLE,4340,W,NORTH AVE,2,NONINCAPACITATING INJURY,1.0,0.0,0.0,1.0,0.0,1.0,0.0,20,5,2
f0cdaf356777f676f4eee64bce5f021df6f9477be4d0ea096422335295459e6b9486a605df499939f1c3f3ae43ca5e32c02aaf2bad108e9b2b66d4b23abcfd04,2018-03-24 12:00:00,30,NO CONTROLS,NO CONTROLS,CLEAR,DAYLIGHT,HEAD ON,NOT DIVIDED,STRAIGHT AND LEVEL,DRY,NO DEFECTS,NO INJURY / DRIVE AWAY,"$501 - $1,500",FAILING TO YIELD RIGHT-OF-WAY,NOT APPLICABLE,7100,W,PALMER ST,2,NO INDICATION OF INJURY,0.0,0.0,0.0,0.0,0.0,3.0,0.0,12,7,3
4515cb2fe7430c49886adae9508520fc9ea1d1b1c60845b20ee30c2388dfdfde495a9e929c5f4d61666790a022855f5aef16a245e722d7cf0b46323e44a0813f,2022-07-18 08:30:00,15,NO CONTROLS,NO CONTROLS,CLEAR,DAYLIGHT,PARKED MOTOR VEHICLE,PARKING LOT,STRAIGHT AND LEVEL,UNKNOWN,UNKNOWN,NO INJURY / DRIVE AWAY,"OVER $1,500",UNABLE TO DETERMINE,UNABLE TO DETERMINE,3030,W,21ST PL,2,NO INDICATION OF INJURY,0.0,0.0,0.0,0.0,0.0,1.0,0.0,8,2,7
523883352814e1c2e7a612c57804dfbaf14ee5eb588c147ad4b1e40a0335d48c321f71301dee9068300860afcc4c1a78139b7db5c9a05d50c363b37826cb260c,2020-07-01 19:15:00,30,TRAFFIC SIGNAL,FUNCTIONING PROPERLY,CLEAR,DAYLIGHT,REAR END,NOT DIVIDED,STRAIGHT AND LEVEL,DRY,NO DEFECTS,NO INJURY / DRIVE AWAY,"OVER $1,500",FOLLOWING TOO CLOSELY,NOT APPLICABLE,341,N,AUSTIN BLVD,2,NO INDICATION OF INJURY,0.0,0.0,0.0,0.0,0.0,3.0,0.0,19,4,7
cf2fd8a3d0940d831beb7bbbc8e1810e72cf4165cf371ac4516fe00ce38f9614e5ac8d4f67f266197dcbe5df5deeed01e4cdf7944c899901996826c037338f02,2020-01-24 11:00:00,20,NO CONTROLS,NO CONTROLS,CLEAR,DAYLIGHT,REAR END,NOT DIVIDED,STRAIGHT AND LEVEL,DRY,NO DEFECTS,NO INJURY / DRIVE AWAY,"$501 - $1,500",FOLLOWING TOO CLOSELY,FOLLOWING TOO CLOSELY,3300,S,ASHLAND AVE,2,NO INDICATION OF INJURY,0.0,0.0,0.0,0.0,0.0,2.0,0.0,11,6,1
8ba1d6b5a5d8df4253ce32abac8f4924dd4dc03add559b2177877e8c70d9fad507a489b1bfd1a717abfa300e6c885ca120fcb7c0aeff22fd579d92afaa33e373,2015-12-14 15:30:00,10,NO CONTROLS,NO CONTROLS,RAIN,DAYLIGHT,PARKED MOTOR VEHICLE,ONE-WAY,STRAIGHT AND LEVEL,WET,NO DEFECTS,NO INJURY / DRIVE AWAY,"OVER $1,500",DISTRACTION - FROM INSIDE VEHICLE,NOT APPLICABLE,8214,S,KENWOOD AVE,2,NO INDICATION OF INJURY,0.0,0.0,0.0,0.0,0.0,1.0,0.0,15,2,12
c0dbbf6348ad2236049556dfc4e45c96f7fff0707675f40fcf8773d3633042a9eb5d371dcb242e95820203f724a59ebfa8e3a950a602f782f325803a270821c8,2018-12-07 09:00:00,30,NO CONTROLS,NO CONTROLS,CLEAR,DAYLIGHT,PARKED MOTOR VEHICLE,ONE-WAY,STRAIGHT AND LEVEL,DRY,NO DEFECTS,NO INJURY / DRIVE AWAY,$500 OR LESS,FAILING TO REDUCE SPEED TO AVOID CRASH,FAILING TO REDUCE SPEED TO AVOID CRASH,7200,S,WABASH AVE,2,NO INDICATION OF INJURY,0.0,0.0,0.0,0.0,0.0,1.0,0.0,9,6,12
d63afc219f55aecb35864ec490fa5e545290db2235403a841bc7e668113c6a8a1eb5583f4b864e2e43523e208fbfd8869a802b67a55a7f0ddea55bc91a1ba139,2016-02-15 22:00:00,9,NO CONTROLS,NO CONTROLS,CLEAR,"DARKNESS, LIGHTED ROAD",REAR END,DIVIDED - W/MEDIAN (NOT RAISED),STRAIGHT AND LEVEL,WET,NO DEFECTS,NO INJURY / DRIVE AWAY,"$501 - $1,500",UNABLE TO DETERMINE,NOT APPLICABLE,6652,S,JEFFERY BLVD,2,NO INDICATION OF INJURY,0.0,0.0,0.0,0.0,0.0,2.0,0.0,22,2,2
aea11a2a85e9ccd4e3081a2f7b18437e54e1f4b9f7f1e0fa235e4e572a9c32d402af4f23f881b36ad01d509a58efffc54fc4d7aca5c1499ef67d01ad170aa222,2018-11-02 22:30:00,30,NO CONTROLS,NO CONTROLS,CLEAR,"DARKNESS, LIGHTED ROAD",SIDESWIPE SAME DIRECTION,NOT DIVIDED,STRAIGHT AND LEVEL,DRY,UNKNOWN,NO INJURY / DRIVE AWAY,"OVER $1,500",IMPROPER OVERTAKING/PASSING,NOT APPLICABLE,3200,N,SOUTHPORT AVE,2,NO INDICATION OF INJURY,0.0,0.0,0.0,0.0,0.0,3.0,0.0,22,6,11
b7ccf881933790c99aa90c5d8b48985b7fbd3145bb11782eaebf76a5a5c6a6915de5a48d70a29bb31b632f8c832d4236be098230bcd1b3f4b7351e60a6fbd07d,2021-02-01 21:00:00,30,NO CONTROLS,NO CONTROLS,CLEAR,"DARKNESS, LIGHTED ROAD",PARKED MOTOR VEHICLE,OTHER,STRAIGHT AND LEVEL,SNOW OR SLUSH,NO DEFECTS,NO INJURY / DRIVE AWAY,"$501 - $1,500",UNABLE TO DETERMINE,NOT APPLICABLE,5407,S,MICHIGAN AVE,2,NO INDICATION OF INJURY,0.0,0.0,0.0,0.0,0.0,1.0,0.0,21,2,2
87bedb0b182939692f2efaaf9792b169702ef4b60271fd1deb2c5a9b6c5e84dc14103751c1c6ad28cb62597afbe258ee33b100901614c342a9b6ed4f239e17ff,2019-03-16 13:20:00,20,STOP SIGN/FLASHER,FUNCTIONING PROPERLY,CLEAR,DAYLIGHT,REAR END,NOT DIVIDED,STRAIGHT AND LEVEL,DRY,NO DEFECTS,NO INJURY / DRIVE AWAY,"$501 - $1,500",FOLLOWING TOO CLOSELY,UNABLE TO DETERMINE,5454,W,SCHOOL ST,3,NO INDICATION OF INJURY,0.0,0.0,0.0,0.0,0.0,4.0,0.0,13,7,3
f5ccef4fb2d9c26fd4ce1f61bf440b0c2851deefe230f8c934387931432d6c7ff27ddbd11060c6845edc83956f5eb90459806fcc16a2dbd3c55570e59e84e36f,2023-04-21 15:38:00,30,STOP SIGN/FLASHER,FUNCTIONING PROPERLY,CLEAR,DAYLIGHT,ANGLE,T-INTERSECTION,STRAIGHT AND LEVEL,DRY,NO DEFECTS,NO INJURY / DRIVE AWAY,"$501 - $1,500","VISION OBSCURED (SIGNS, TREE LIMBS, BUILDINGS, ETC.)",FAILING TO REDUCE SPEED TO AVOID CRASH,5032,N,DAMEN AVE,2,NO INDICATION OF INJURY,0.0,0.0,0.0,0.0,0.0,2.0,0.0,15,6,4
f8cd84c036388591d7a8ba31d2e460310d77300b9c1a31cf34092cc518f91366fb460a83599f2f1165f0e2ea2fab5ab68d800d694678cf81abe67a43ae9fd93e,2022-08-27 12:30:00,30,TRAFFIC SIGNAL,FUNCTIONING PROPERLY,CLEAR,DAYLIGHT,TURNING,DIVIDED - W/MEDIAN (NOT RAISED),STRAIGHT AND LEVEL,DRY,NO DEFECTS,NO INJURY / DRIVE AWAY,"$501 - $1,500",IMPROPER TURNING/NO SIGNAL,NOT APPLICABLE,3600,W,31ST ST,2,NO INDICATION OF INJURY,0.0,0.0,0.0,0.0,0.0,5.0,0.0,12,7,8
5b45217dbe83104e7eb1fd26566639b5731475fb4845b25984122cf68a532b4b2247b950a0212dc0f8c6c0ce0cd10b54730741dde50a887e104256824927eb87,2018-07-18 14:50:00,25,NO CONTROLS,NO CONTROLS,CLEAR,DAYLIGHT,TURNING,NOT DIVIDED,STRAIGHT AND LEVEL,DRY,NO DEFECTS,NO INJURY / DRIVE AWAY,"OVER $1,500",IMPROPER LANE USAGE,NOT APPLICABLE,6749,N,OSHKOSH AVE,2,NO INDICATION OF INJURY,0.0,0.0,0.0,0.0,0.0,2.0,0.0,14,4,7
b9beccca4e82e67357101de45a3dc82a89d191f978e737f50124bb94f76ae1a72d66f6321cd610a44b609fdd6b214b12cefa5eb58fa7adb422dd16bc0ff4c2c6,2019-06-01 16:37:00,30,STOP SIGN/FLASHER,FUNCTIONING PROPERLY,CLOUDY/OVERCAST,DAYLIGHT,ANGLE,NOT DIVIDED,STRAIGHT AND LEVEL,WET,UNKNOWN,NO INJURY / DRIVE AWAY,"$501 - $1,500",FAILING TO YIELD RIGHT-OF-WAY,NOT APPLICABLE,7900,S,EMERALD AVE,2,NO INDICATION OF INJURY,0.0,0.0,0.0,0.0,0.0,3.0,0.0,16,7,6
9a925e92bee21670ae68f0e279169903cd699951a308d9c115d2b8ff99d5815682e92e0466ff4df0a731c80914fa1219780e8951830f8272c48cc58392c62644,2022-02-23 08:28:00,30,NO CONTROLS,NO CONTROLS,CLEAR,DAYLIGHT,PARKED MOTOR VEHICLE,NOT DIVIDED,STRAIGHT AND LEVEL,DRY,NO DEFECTS,NO INJURY / DRIVE AWAY,"OVER $1,500",UNABLE TO DETERMINE,UNABLE TO DETERMINE,7150,S,HALSTED ST,2,NO INDICATION OF INJURY,0.0,0.0,0.0,0.0,0.0,2.0,0.0,8,4,2
fcbdc386ee6988ec4e790ee42b706d207eeff639352a6cd3e057b04c75375db224ee16a7eb6937036e7aeab6db19c8bebe8c2ec78dd8b40fae2009966e44fb43,2020-08-21 20:10:00,30,NO CONTROLS,NO CONTROLS,CLEAR,DARKNESS,PARKED MOTOR VEHICLE,NOT DIVIDED,STRAIGHT AND LEVEL,DRY,NO DEFECTS,NO INJURY / DRIVE AWAY,"OVER $1,500",UNABLE TO DETERMINE,UNABLE TO DETERMINE,4747,N,PULASKI RD,2,NO INDICATION OF INJURY,0.0,0.0,0.0,0.0,0.0,2.0,0.0,20,6,8
3a196715283f4df8a890d5063dd1d7885baca29aa084ec07967e4f0073ddd158ec84bfe0518ebc4026a3b0f67a11265b3d1c47b5de7d611c38f8af3d705575b0,2020-01-06 11:05:00,30,NO CONTROLS,NO CONTROLS,CLEAR,DAYLIGHT,FIXED OBJECT,ONE-WAY,STRAIGHT AND LEVEL,DRY,NO DEFECTS,INJURY AND / OR TOW DUE TO CRASH,"OVER $1,500",DRIVING ON WRONG SIDE/WRONG WAY,FAILING TO REDUCE SPEED TO AVOID CRASH,3155,W,13TH ST,1,NONINCAPACITATING INJURY,1.0,0.0,0.0,1.0,0.0,0.0,0.0,11,2,1
508e2d29cfb0e277cf0b21bf3adb69d1e676b115bcf15f2c8028f1f311dae2edf8ee44d6fc3d65acb2aa18d52cb62829e37835880d8d892fd1fc2f037c6773bc,2020-02-07 05:35:00,30,TRAFFIC SIGNAL,FUNCTIONING PROPERLY,SNOW,"DARKNESS, LIGHTED ROAD",TURNING,FOUR WAY,STRAIGHT AND LEVEL,WET,NO DEFECTS,NO INJURY / DRIVE AWAY,"OVER $1,500",FAILING TO YIELD RIGHT-OF-WAY,UNABLE TO DETERMINE,7901,S,CICERO AVE,2,NO INDICATION OF INJURY,0.0,0.0,0.0,0.0,0.0,2.0,0.0,5,6,2
9a1fe5b316519ef679e9a5ae65bef7e6768a638f63f4991c2173d6da369e14a78b472a45cbd34b8ba529a8af0f90562e2d178b344f6932bda358894125c32c05,2020-10-03 11:40:00,45,OTHER,FUNCTIONING PROPERLY,CLEAR,DAYLIGHT,FIXED OBJECT,DIVIDED - W/MEDIAN BARRIER,STRAIGHT AND LEVEL,DRY,NO DEFECTS,INJURY AND / OR TOW DUE TO CRASH,"OVER $1,500",DRIVING SKILLS/KNOWLEDGE/EXPERIENCE,DRIVING SKILLS/KNOWLEDGE/EXPERIENCE,3300,S,LAKE SHORE DR NB,1,NONINCAPACITATING INJURY,1.0,0.0,0.0,1.0,0.0,0.0,0.0,11,7,10
03f669057b1ee9db04d46a7f3aebcce3bea1803a9972fa1196215d98be26b22914803eb63a5e5e23ee6079b54ceee9ff073223e1abadc66110d4886934a673a4,2023-01-22 15:00:00,30,TRAFFIC SIGNAL,FUNCTIONING PROPERLY,CLEAR,DAYLIGHT,SIDESWIPE SAME DIRECTION,DIVIDED - W/MEDIAN BARRIER,STRAIGHT AND LEVEL,DRY,NO DEFECTS,NO INJURY / DRIVE AWAY,"OVER $1,500",IMPROPER LANE USAGE,IMPROPER LANE USAGE,300,W,GARFIELD BLVD,2,NO INDICATION OF INJURY,0.0,0.0,0.0,0.0,0.0,3.0,0.0,15,1,1
74c7f7fac03720fabd96dd60a86e80f9f571892270c75534ce3bed6332e6e23d1f055ab8335e3c1d353379e190889b3f3b5468e6760ebf0ef4196cf745f0e574,2021-01-30 18:00:00,20,NO CONTROLS,NO CONTROLS,CLEAR,"DARKNESS, LIGHTED ROAD",PARKED MOTOR VEHICLE,NOT DIVIDED,STRAIGHT AND LEVEL,DRY,NO DEFECTS,NO INJURY / DRIVE AWAY,"OVER $1,500",UNABLE TO DETERMINE,NOT APPLICABLE,5300,S,RACINE AVE,2,NO INDICATION OF INJURY,0.0,0.0,0.0,0.0,0.0,1.0,0.0,18,7,1
9d77e92d0693d32d5c86fb9011ce6b481740aa1faf3000bffcc158a0b8193f652f634ef8db1e113b25a6378ebad1495f13152330bf6820cff8fcec6f91cbb4d5,2016-12-23 14:10:00,30,TRAFFIC SIGNAL,FUNCTIONING PROPERLY,CLOUDY/OVERCAST,DAYLIGHT,REAR END,NOT DIVIDED,STRAIGHT AND LEVEL,UNKNOWN,UNKNOWN,NO INJURY / DRIVE AWAY,$500 OR LESS,CELL PHONE USE OTHER THAN TEXTING,UNABLE TO DETERMINE,601,S,CENTRAL PARK AVE,2,NO INDICATION OF INJURY,0.0,0.0,0.0,0.0,0.0,3.0,0.0,14,6,12
090d70be2020adf5f5532977b89fb328b02304653888924ec3d8278cccc29893fe11f750c55abbcc84554d77d1aca6dd9992c515ab5e108392fbdc30ceeed5d0,2019-04-19 00:25:00,30,NO CONTROLS,NO CONTROLS,CLEAR,"DARKNESS, LIGHTED ROAD",PARKED MOTOR VEHICLE,NOT DIVIDED,STRAIGHT AND LEVEL,DRY,NO DEFECTS,NO INJURY / DRIVE AWAY,"OVER $1,500","OPERATING VEHICLE IN ERRATIC, RECKLESS, CARELESS, NEGLIGENT OR AGGRESSIVE MANNER",UNABLE TO DETERMINE,2307,W,72ND ST,3,NO INDICATION OF INJURY,0.0,0.0,0.0,0.0,0.0,2.0,0.0,0,6,4
00690e28f33c1c9b70ed69b065099097a877c1dcd99806af60d1cd3d2ea32e9df6f8fb142d9ba4f89f79fa98d52d26e7be8bd9b0d64ed22324c890ae26262e96,2021-03-18 08:10:00,30,STOP SIGN/FLASHER,FUNCTIONING PROPERLY,RAIN,DAYLIGHT,ANGLE,FOUR WAY,STRAIGHT AND LEVEL,WET,NO DEFECTS,INJURY AND / OR TOW DUE TO CRASH,"OVER $1,500",UNABLE TO DETERMINE,UNABLE TO DETERMINE,800,S,SACRAMENTO BLVD,2,NONINCAPACITATING INJURY,3.0,0.0,0.0,2.0,1.0,0.0,0.0,8,5,3
9e6bbd998ca76924bf0ed85da644bed0032e4fd30683613ef429d37ea38a18c2f2b0493e5843f2fc17f6bad47a39944f54de5b018dd46c6abd68cae76fa9fb07,2020-06-24 14:49:00,30,NO CONTROLS,NO CONTROLS,RAIN,DAYLIGHT,TURNING,NOT DIVIDED,STRAIGHT AND LEVEL,WET,NO DEFECTS,INJURY AND / OR TOW DUE TO CRASH,"OVER $1,500",IMPROPER TURNING/NO SIGNAL,DRIVING SKILLS/KNOWLEDGE/EXPERIENCE,13000,S,INDIANA AVE,2,NO INDICATION OF INJURY,0.0,0.0,0.0,0.0,0.0,2.0,0.0,14,4,6
02f7f817ed564af960d12616b1f72993a05c7f6c3c05e4e37a5f4addf2e16326131d1f1df0a1412cd19e82223af2c9e2398f66d777b53d4863771d483ac4d813,2017-08-03 09:45:00,35,TRAFFIC SIGNAL,FUNCTIONING PROPERLY,CLEAR,DAYLIGHT,TURNING,NOT DIVIDED,STRAIGHT AND LEVEL,DRY,NO DEFECTS,NO INJURY / DRIVE AWAY,"$501 - $1,500",UNABLE TO DETERMINE,UNABLE TO DETERMINE,6000,N,RIDGE AVE,2,NO INDICATION OF INJURY,0.0,0.0,0.0,0.0,0.0,2.0,0.0,9,5,8
6432f1939213fd0af6fb4641edfeb04ceb100ef1bb9084ec00cef32de470e65ed5828dd6cb240a08d6d4d0b49661ce24a419cc651f56b7e7d7f447dcfdb239d6,2017-06-30 13:00:00,30,NO CONTROLS,NO CONTROLS,CLEAR,DAYLIGHT,TURNING,DIVIDED - W/MEDIAN (NOT RAISED),STRAIGHT AND LEVEL,DRY,NO DEFECTS,NO INJURY / DRIVE AWAY,"OVER $1,500",IMPROPER LANE USAGE,"VISION OBSCURED (SIGNS, TREE LIMBS, BUILDINGS, ETC.)",519,W,83RD ST,2,NO INDICATION OF INJURY,0.0,0.0,0.0,0.0,0.0,2.0,0.0,13,6,6
74c59a317fab1681ee2428083f2d2fa784172048941ef49fa2d7a428a253f2132b5ebd09cad7b082d00d4cc4bbde7f60bfe08ebfc2c68dcd1df0e4ef2dc6ece0,2020-05-10 17:00:00,25,NO CONTROLS,NO CONTROLS,RAIN,DAYLIGHT,PARKED MOTOR VEHICLE,ONE-WAY,STRAIGHT AND LEVEL,WET,NO DEFECTS,NO INJURY / DRIVE AWAY,"OVER $1,500",IMPROPER BACKING,NOT APPLICABLE,7901,S,RIDGELAND AVE,2,NO INDICATION OF INJURY,0.0,0.0,0.0,0.0,0.0,1.0,0.0,17,1,5
e6e69f4e48053809d5792638f11e434cc4b37d992dc14b23ecf418124ad443591118964e610b81d5d16a93369697710cb07035eb1ccb88343daf7cf4a31aae78,2023-10-14 03:14:00,35,NO CONTROLS,NO CONTROLS,RAIN,"DARKNESS, LIGHTED ROAD",SIDESWIPE SAME DIRECTION,ONE-WAY,STRAIGHT AND LEVEL,WET,UNKNOWN,NO INJURY / DRIVE AWAY,"$501 - $1,500",NOT APPLICABLE,NOT APPLICABLE,7058,S,JEFFERY BLVD,2,NO INDICATION OF INJURY,0.0,0.0,0.0,0.0,0.0,2.0,0.0,3,7,10
3f3e8c56129bd0c6cc1d3d764a8076d61b60aebd5500cbc92c71385582235cfa28504b8f227805c115c8c7a120f8d48f7418f0efc7a142fee893354d78cbbe9c,2021-08-11 13:21:00,30,NO CONTROLS,OTHER,CLEAR,DAYLIGHT,FIXED OBJECT,NOT DIVIDED,STRAIGHT AND LEVEL,DRY,NO DEFECTS,INJURY AND / OR TOW DUE TO CRASH,"OVER $1,500",UNABLE TO DETERMINE,UNABLE TO DETERMINE,900,E,47TH ST,1,NONINCAPACITATING INJURY,1.0,0.0,0.0,1.0,0.0,0.0,0.0,13,4,8
0ca46f4f8aa088b03ab39d6c2457af3fb1db09fa4140c6e05a7c0b2695e3165b5ce797532cc7ddaaf10d6eb0959c8bda6d2e5c2a416d68f7040cf6c10099c43b,2018-12-01 16:50:00,30,NO CONTROLS,NO CONTROLS,RAIN,"DARKNESS, LIGHTED ROAD",TURNING,ONE-WAY,STRAIGHT AND LEVEL,WET,NO DEFECTS,NO INJURY / DRIVE AWAY,"OVER $1,500",WEATHER,DRIVING SKILLS/KNOWLEDGE/EXPERIENCE,6250,S,MERRIMAC AVE,2,NO INDICATION OF INJURY,0.0,0.0,0.0,0.0,0.0,2.0,0.0,16,7,12
647cf898882c1a563f294d14ce71dcf1b552ce128aa2bcb817f8b3d41c55f06d9c99d356ce5ae891b74ca3176186a99275305d07f9dea7da907d2d1dd2afc2eb,2016-03-30 16:10:00,30,NO CONTROLS,NO CONTROLS,CLEAR,DAYLIGHT,SIDESWIPE SAME DIRECTION,ONE-WAY,STRAIGHT AND LEVEL,DRY,NO DEFECTS,NO INJURY / DRIVE AWAY,"OVER $1,500",NOT APPLICABLE,NOT APPLICABLE,100,E,RANDOLPH ST,2,NO INDICATION OF INJURY,0.0,0.0,0.0,0.0,0.0,2.0,0.0,16,4,3
67be935b42711fd660717dfad45c4fc1f804e475fc3bd5eec4a5650e14647ebcfa16218c3f17ee23037b7d997a8db1ca7183226ce5e4f41e58f3411b2ddf4b51,2023-04-23 13:25:00,30,TRAFFIC SIGNAL,FUNCTIONING PROPERLY,CLEAR,DAYLIGHT,REAR END,DIVIDED - W/MEDIAN (NOT RAISED),STRAIGHT AND LEVEL,DRY,NO DEFECTS,NO INJURY / DRIVE AWAY,"OVER $1,500",DRIVING SKILLS/KNOWLEDGE/EXPERIENCE,FAILING TO REDUCE SPEED TO AVOID CRASH,4801,W,BELMONT AVE,2,NO INDICATION OF INJURY,0.0,0.0,0.0,0.0,0.0,2.0,0.0,13,1,4
1b510450460c60dc4182a79f9980a88572370d68df65f397add27992ddaddaf68fde98f4278c73f7d9209e8d797c3b1700a0395ed0bacaf2dbb529e3e98f7107,2020-08-21 11:13:00,15,NO CONTROLS,NO CONTROLS,CLEAR,DAYLIGHT,FIXED OBJECT,NOT DIVIDED,STRAIGHT AND LEVEL,UNKNOWN,NO DEFECTS,NO INJURY / DRIVE AWAY,"OVER $1,500",NOT APPLICABLE,NOT APPLICABLE,1244,E,80TH ST,1,NO INDICATION OF INJURY,0.0,0.0,0.0,0.0,0.0,1.0,0.0,11,6,8
5b65333101b6517c71a9f583a3fe18fbd33fecf8c241a79753935d525bf135895a33c93a712852cf53f760dac01ddf0d1169397d165e24134307358a17f6587e,2022-03-01 19:10:00,30,TRAFFIC SIGNAL,FUNCTIONING PROPERLY,CLEAR,"DARKNESS, LIGHTED ROAD",REAR END,NOT DIVIDED,STRAIGHT AND LEVEL,DRY,UNKNOWN,NO INJURY / DRIVE AWAY,$500 OR LESS,UNABLE TO DETERMINE,NOT APPLICABLE,604,E,87TH ST,2,NO INDICATION OF INJURY,0.0,0.0,0.0,0.0,0.0,2.0,0.0,19,3,3
ddec979c431c69be60c2a784467d1d965ae012301917066e2e87f4a513fa9e38840cd16d9e9ba40f5822b51ddaead44e0273a8ea65aefa626e83f8c96dfc5bc0,2023-01-21 00:50:00,25,NO CONTROLS,NO CONTROLS,CLEAR,DARKNESS,PARKED MOTOR VEHICLE,NOT DIVIDED,STRAIGHT AND LEVEL,DRY,NO DEFECTS,INJURY AND / OR TOW DUE TO CRASH,"OVER $1,500",UNDER THE INFLUENCE OF ALCOHOL/DRUGS (USE WHEN ARREST IS EFFECTED),UNABLE TO DETERMINE,7820,S,MARYLAND AVE,4,NONINCAPACITATING INJURY,1.0,0.0,0.0,1.0,0.0,1.0,0.0,0,7,1
cc34e9a691da2559c636b107f651cfbd0d37f87225358fefc535cd7588c9370065d75daa834b84108ba95c9203070374bdddf0a9e6e346234d42097b621a7bb0,2019-04-23 22:45:00,30,NO CONTROLS,NO CONTROLS,CLEAR,"DARKNESS, LIGHTED ROAD",SIDESWIPE SAME DIRECTION,NOT DIVIDED,STRAIGHT AND LEVEL,UNKNOWN,UNKNOWN,NO INJURY / DRIVE AWAY,"OVER $1,500",UNABLE TO DETERMINE,NOT APPLICABLE,950,W,WAVELAND AVE,2,NO INDICATION OF INJURY,0.0,0.0,0.0,0.0,0.0,2.0,0.0,22,3,4
703aaead16b5b9d21e4762f7545059e8eb33228582609bac634dccdebf76ebc855f3fc389fd3a65ead73d1af15bfe755a6abca19ef6cdee930e966806cd7bab9,2020-12-05 07:30:00,30,NO CONTROLS,NO CONTROLS,CLEAR,DAYLIGHT,PARKED MOTOR VEHICLE,DIVIDED - W/MEDIAN (NOT RAISED),STRAIGHT AND LEVEL,DRY,NO DEFECTS,INJURY AND / OR TOW DUE TO CRASH,"OVER $1,500",UNABLE TO DETERMINE,UNABLE TO DETERMINE,2417,N,CALIFORNIA AVE,3,NO INDICATION OF INJURY,0.0,0.0,0.0,0.0,0.0,1.0,0.0,7,7,12
8c015eece8d7631edfcbf582d50b6b42b5a6e246cf119594a6298316df3bd299c3f700f2683db2a7c41befea984275c99fdc5ea2b08e3830e33b374eb5df3090,2017-10-01 10:25:00,30,STOP SIGN/FLASHER,FUNCTIONING PROPERLY,CLEAR,DAYLIGHT,ANGLE,NOT DIVIDED,STRAIGHT AND LEVEL,DRY,NO DEFECTS,INJURY AND / OR TOW DUE TO CRASH,"OVER $1,500",DISREGARDING STOP SIGN,UNABLE TO DETERMINE,400,S,CICERO AVE,2,NO INDICATION OF INJURY,0.0,0.0,0.0,0.0,0.0,3.0,0.0,10,1,10
4ff397ddf23618def3933764eb46f58126470d2fc7a8c25d92c1231f0bd34c38ac7a9774028e754123293161f50876f907aa44a11c4b2e9a6b99f752783226e4,2020-01-23 11:18:00,30,STOP SIGN/FLASHER,FUNCTIONING PROPERLY,SNOW,DAYLIGHT,FIXED OBJECT,NOT DIVIDED,STRAIGHT AND LEVEL,SNOW OR SLUSH,UNKNOWN,NO INJURY / DRIVE AWAY,"OVER $1,500",ROAD ENGINEERING/SURFACE/MARKING DEFECTS,NOT APPLICABLE,134,W,57TH ST,1,NO INDICATION OF INJURY,0.0,0.0,0.0,0.0,0.0,1.0,0.0,11,5,1