CRASH_RECORD_ID,CRASH_DATE,POSTED_SPEED_LIMIT,TRAFFIC_CONTROL_DEVICE,DEVICE_CONDITION,WEATHER_CONDITION,LIGHTING_CONDITION,FIRST_CRASH_TYPE,TRAFFICWAY_TYPE,ALIGNMENT,ROADWAY_SURFACE_COND,ROAD_DEFECT,CRASH_TYPE,DAMAGE,PRIM_CONTRIBUTORY_CAUSE,SEC_CONTRIBUTORY_CAUSE,STREET_NO,STREET_DIRECTION,STREET_NAME,NUM_UNITS,MOST_SEVERE_INJURY,INJURIES_TOTAL,INJURIES_FATAL,INJURIES_INCAPACITATING,INJURIES_NON_INCAPACITATING,INJURIES_REPORTED_NOT_EVIDENT,INJURIES_NO_INDICATION,INJURIES_UNKNOWN,CRASH_HOUR,CRASH_DAY_OF_WEEK,CRASH_MONTH
f918c47675a2b3e7b82d16571af4c02166bcae3fcd161ddaac4504901252aa99e2b7a16a30a5971af168c206a8d81a0e67ba0ccd6b8f7cd6256baafc9704a7c2,2023-05-08 17:44:00,30,NO CONTROLS,UNKNOWN,UNKNOWN,UNKNOWN,PARKED MOTOR VEHICLE,OTHER,STRAIGHT AND LEVEL,UNKNOWN,UNKNOWN,NO INJURY / DRIVE AWAY,"$501 - $1,500",IMPROPER BACKING,IMPROPER BACKING,5951,N,BROADWAY,2,NO INDICATION OF INJURY,0.0,0.0,0.0,0.0,0.0,2.0,0.0,17,2,5
aa3482b2b60e4979861bbb9767cac2d668f7634729dd7faa4bbba2666608c8a32f1e8b02e86ba14309d91886f7675f5d91be6ca12328f3d736f84394c74de0cd,2023-12-01 15:45:00,30,TRAFFIC SIGNAL,FUNCTIONING PROPERLY,RAIN,DAYLIGHT,TURNING,OTHER,STRAIGHT AND LEVEL,WET,NO DEFECTS,NO INJURY / DRIVE AWAY,"OVER $1,500",IMPROPER LANE USAGE,IMPROPER LANE USAGE,504,S,KOSTNER AVE,2,NO INDICATION OF INJURY,0.0,0.0,0.0,0.0,0.0,4.0,0.0,15,6,12
310a049752335f2d2191304b1c81f57db306c22bacdea0449016bafbe167fb0a8afdf5e4ed9d5d4e517eb7f7c3d7cd90bb42c4e82aecb48beaf83c6ae097f728,2020-11-16 16:00:00,25,NO CONTROLS,NO CONTROLS,CLEAR,DAYLIGHT,REAR END,DIVIDED - W/MEDIAN (NOT RAISED),STRAIGHT AND LEVEL,DRY,NO DEFECTS,NO INJURY / DRIVE AWAY,"$501 - $1,500",FOLLOWING TOO CLOSELY,FOLLOWING TOO CLOSELY,6300,N,SHERIDAN RD,2,NO INDICATION OF INJURY,0.0,0.0,0.0,0.0,0.0,2.0,0.0,16,2,11
f828cd29c2414ffd8be7a5962d9408801669659d39a5b494364e2af3ffadd0717372fc8c9cd77ff86c045e8eede7b94a338574f1354569a552939ec71a9a383b,2023-07-10 16:06:00,30,TRAFFIC SIGNAL,FUNCTIONING PROPERLY,CLEAR,DAYLIGHT,SIDESWIPE SAME DIRECTION,DIVIDED - W/MEDIAN (NOT RAISED),STRAIGHT AND LEVEL,DRY,NO DEFECTS,INJURY AND / OR TOW DUE TO CRASH,"OVER $1,500",IMPROPER LANE USAGE,UNABLE TO DETERMINE,101,E,GARFIELD BLVD,2,"REPORTED, NOT EVIDENT",2.0,0.0,0.0,0.0,2.0,5.0,0.0,16,2,7
a50de74f10a675d6551f967747e171ad90a169d3b3fcae42e2943e175dea8375c2d468a41ce377325e1fa1fca531f3823a95c35110ebf7915ff9dfbef0f6817a,2022-10-01 09:34:00,30,NO CONTROLS,NO CONTROLS,CLEAR,DAYLIGHT,PARKED MOTOR VEHICLE,NOT DIVIDED,STRAIGHT AND LEVEL,DRY,NO DEFECTS,NO INJURY / DRIVE AWAY,"$501 - $1,500",UNABLE TO DETERMINE,NOT APPLICABLE,1029,E,40TH PL,2,NO INDICATION OF INJURY,0.0,0.0,0.0,0.0,0.0,1.0,0.0,9,7,10
f215c7be7b1776582f29aabd88c087721f35ae99b6cc74cedc95fa45abf8dd7fe1ccd8b105b4692b0dc09676ff53af730216e9ff5c92cb1bbe3f481dd424d091,2017-06-26 13:30:00,30,STOP SIGN/FLASHER,FUNCTIONING PROPERLY,CLEAR,DAYLIGHT,ANGLE,NOT DIVIDED,STRAIGHT AND LEVEL,DRY,NO DEFECTS,NO INJURY / DRIVE AWAY,"$501 - $1,500",UNABLE TO DETERMINE,UNABLE TO DETERMINE,2798,W,ARMITAGE AVE,2,NO INDICATION OF INJURY,0.0,0.0,0.0,0.0,0.0,2.0,0.0,13,2,6
ed48e10c4d57e80eec6d93da5a159858645221a9c288386a1f2d039d661e6020d1bde2eb0bc109f452b8349d6a083f35f7dd23032758d7112e1fff0fecdda43a,2017-07-21 13:00:00,30,STOP SIGN/FLASHER,FUNCTIONING PROPERLY,CLEAR,DAYLIGHT,PEDALCYCLIST,DIVIDED - W/MEDIAN (NOT RAISED),STRAIGHT AND LEVEL,DRY,NO DEFECTS,NO INJURY / DRIVE AWAY,"OVER $1,500",FAILING TO YIELD RIGHT-OF-WAY,FAILING TO YIELD RIGHT-OF-WAY,6300,S,DAMEN AVE,2,NO INDICATION OF INJURY,0.0,0.0,0.0,0.0,0.0,2.0,0.0,13,6,7
179f0cc10bf32b78418b4da9b515e0a06b8e47bfe3359b5a3394eeee92ee8abe11cf814786e8c96a49a202f18e53fa4cf4e76951a7a86dffd2ae28f27bd405b7,2022-12-25 09:39:00,35,NO CONTROLS,NO CONTROLS,CLEAR,DAYLIGHT,SIDESWIPE SAME DIRECTION,ONE-WAY,STRAIGHT AND LEVEL,SNOW OR SLUSH,NO DEFECTS,NO INJURY / DRIVE AWAY,"OVER $1,500",UNABLE TO DETERMINE,UNABLE TO DETERMINE,4134,W,BERTEAU AVE,2,NO INDICATION OF INJURY,0.0,0.0,0.0,0.0,0.0,2.0,0.0,9,1,12
6e0b5656b255094af03b81620f63a8c891431bc48da9116ac8c55770753eb1f1c1e6dcf71a012121ca2c80933603ce28a0c784deab6dc6f6955296a9bb191c03,2021-05-15 13:59:00,30,TRAFFIC SIGNAL,FUNCTIONING PROPERLY,CLEAR,DAYLIGHT,TURNING,FOUR WAY,STRAIGHT AND LEVEL,DRY,NO DEFECTS,NO INJURY / DRIVE AWAY,"OVER $1,500",IMPROPER TURNING/NO SIGNAL,NOT APPLICABLE,2400,W,79TH ST,2,NO INDICATION OF INJURY,0.0,0.0,0.0,0.0,0.0,3.0,0.0,13,7,5
e7fa84e60c2d3219cab24c3f46b6b3668b89aea628a3ac5f100429e211760e60a8506d583b40154e38228cf5d8ce620aa671acd65d2258b8a241e846c27a6d05,2021-11-27 23:22:00,30,TRAFFIC SIGNAL,FUNCTIONING PROPERLY,CLEAR,"DARKNESS, LIGHTED ROAD",TURNING,FOUR WAY,STRAIGHT AND LEVEL,DRY,NO DEFECTS,INJURY AND / OR TOW DUE TO CRASH,"OVER $1,500",DISREGARDING ROAD MARKINGS,DISREGARDING TRAFFIC SIGNALS,6002,W,NORTH AVE,2,NO INDICATION OF INJURY,0.0,0.0,0.0,0.0,0.0,5.0,0.0,23,7,11
0c2ed0a6b1223268eba03431e9daf327d409366b4ce1df480f2d02a17343815afb37fc80b378b30f6d77b0b9bfcd222eace828e9d5b8253f790bcb65eb662122,2023-11-18 06:08:00,30,STOP SIGN/FLASHER,FUNCTIONING PROPERLY,CLEAR,DAYLIGHT,ANGLE,FOUR WAY,STRAIGHT AND LEVEL,DRY,NO DEFECTS,INJURY AND / OR TOW DUE TO CRASH,"OVER $1,500",DRIVING SKILLS/KNOWLEDGE/EXPERIENCE,DRIVING SKILLS/KNOWLEDGE/EXPERIENCE,3500,N,AUSTIN AVE,2,NO INDICATION OF INJURY,0.0,0.0,0.0,0.0,0.0,3.0,0.0,6,7,11
e7a41933034e7055e64a41c0730ff4f5abab4a2b344979cc1236881d4cf5dcc12d03abbb1cf5eec7bf0f1cfaac0552fe5a7de0e67ed2506be89ac8b9f1338a15,2016-04-29 17:55:00,30,TRAFFIC SIGNAL,FUNCTIONING PROPERLY,CLOUDY/OVERCAST,DAYLIGHT,SIDESWIPE SAME DIRECTION,DIVIDED - W/MEDIAN (NOT RAISED),STRAIGHT AND LEVEL,DRY,NO DEFECTS,NO INJURY / DRIVE AWAY,"OVER $1,500",UNABLE TO DETERMINE,NOT APPLICABLE,1,S,STATE ST,2,NO INDICATION OF INJURY,0.0,0.0,0.0,0.0,0.0,4.0,0.0,17,6,4
ef03c231a3d39fe1633829b03c8e357c75a2b60de38f371f1f899d82211434a6829c070b119ad3f361241fffa7a476b8068c673a9a71fbbe78360946435a08f2,2023-03-14 09:25:00,30,NO CONTROLS,NO CONTROLS,CLEAR,DAYLIGHT,TURNING,DIVIDED - W/MEDIAN (NOT RAISED),STRAIGHT AND LEVEL,DRY,UNKNOWN,INJURY AND / OR TOW DUE TO CRASH,"OVER $1,500",UNABLE TO DETERMINE,UNABLE TO DETERMINE,6524,W,ARCHER AVE,2,NO INDICATION OF INJURY,0.0,0.0,0.0,0.0,0.0,2.0,0.0,9,3,3
f877fa02aa4e2f1df578b3c491f9e9bfbfe61e7dd50eec9a3e9b4ca52c20530fafa452bb8e0f1b49d4489d17f9e9737c9c43b9b84d9207ee260faefccca2070c,2021-11-05 20:38:00,30,TRAFFIC SIGNAL,FUNCTIONING PROPERLY,UNKNOWN,"DARKNESS, LIGHTED ROAD",REAR END,T-INTERSECTION,STRAIGHT AND LEVEL,UNKNOWN,UNKNOWN,NO INJURY / DRIVE AWAY,"$501 - $1,500",FOLLOWING TOO CLOSELY,UNABLE TO DETERMINE,5759,N,SHERIDAN RD,2,NO INDICATION OF INJURY,0.0,0.0,0.0,0.0,0.0,2.0,0.0,20,6,11
615f68ffddfd6a415aa824c48a8b6fff7e15e110892be47128d4921b9804c8857b7b8a29a6785cf9651af7d4b032d42b91ca84324ac9f1c41799cfbe4278a384,2023-02-08 16:30:00,30,NO CONTROLS,NO CONTROLS,CLEAR,DAYLIGHT,PARKED MOTOR VEHICLE,OTHER,STRAIGHT AND LEVEL,DRY,NO DEFECTS,NO INJURY / DRIVE AWAY,"OVER $1,500",UNABLE TO DETERMINE,NOT APPLICABLE,2500,W,BRADLEY PL,2,NO INDICATION OF INJURY,0.0,0.0,0.0,0.0,0.0,1.0,0.0,16,4,2
67aea5830b14341c5ae37b6f14f0bf98e39883f6a50a75d74722d5824fc9ecaa109c74b20d40a2c3950aeb6caeeee68703f53b5bc6fa1534355747e1a86531a0,2020-08-16 22:20:00,30,STOP SIGN/FLASHER,FUNCTIONING PROPERLY,CLEAR,DARKNESS,PEDESTRIAN,NOT DIVIDED,STRAIGHT AND LEVEL,DRY,NO DEFECTS,INJURY AND / OR TOW DUE TO CRASH,"OVER $1,500",UNABLE TO DETERMINE,NOT APPLICABLE,4808,S,WABASH AVE,2,NONINCAPACITATING INJURY,1.0,0.0,0.0,1.0,0.0,1.0,0.0,22,1,8
7771625689b103bfedf63539e53711562d984435d869e97a22fb35b62555ee5487815a37941414020866219d1adcceb5c39fe8719184152376f3ddc1d6e891ea,2015-12-17 07:28:00,20,NO CONTROLS,NO CONTROLS,CLEAR,DAYLIGHT,ANGLE,NOT DIVIDED,STRAIGHT AND LEVEL,DRY,NO DEFECTS,NO INJURY / DRIVE AWAY,$500 OR LESS,UNABLE TO DETERMINE,UNABLE TO DETERMINE,1744,W,PRYOR AVE,2,NO INDICATION OF INJURY,0.0,0.0,0.0,0.0,0.0,2.0,0.0,7,5,12
dec38a47dd532d6be3cf427da12ea532947316c5b8a9f3d6a9d21c4676d825dbcc1da0621c38dc62016e0791a6e8ab38c9609be47fd47f7b4641929a3a14d056,2019-04-11 17:34:00,30,NO CONTROLS,NO CONTROLS,CLEAR,DAYLIGHT,PEDESTRIAN,NOT DIVIDED,STRAIGHT AND LEVEL,DRY,NO DEFECTS,INJURY AND / OR TOW DUE TO CRASH,$500 OR LESS,FAILING TO YIELD RIGHT-OF-WAY,UNABLE TO DETERMINE,1501,N,KOSTNER AVE,2,"REPORTED, NOT EVIDENT",1.0,0.0,0.0,0.0,1.0,1.0,0.0,17,5,4
54ca1180a2e25c85e97b565a566d218c10c83dad99c75e6ed617cfb407cc730529cb4d6482bdaee826fdf60e5e087c88e6d7ea54e88b1e46d99dbae8a657be20,2020-09-06 11:00:00,30,TRAFFIC SIGNAL,NOT FUNCTIONING,CLOUDY/OVERCAST,DAYLIGHT,ANGLE,ONE-WAY,STRAIGHT AND LEVEL,WET,NO DEFECTS,INJURY AND / OR TOW DUE TO CRASH,"OVER $1,500",UNABLE TO DETERMINE,UNABLE TO DETERMINE,3799,W,CONGRESS PKWY,2,NO INDICATION OF INJURY,0.0,0.0,0.0,0.0,0.0,3.0,0.0,11,1,9
bbcb971e684da978bae7405f6c1d89f7ebec0f7b373d8030e28562bb919f0ea74a4b6889d5763f0371659978a0f1bad533cd3a78f52d12fe41edebd5609aae79,2023-06-23 09:45:00,30,TRAFFIC SIGNAL,FUNCTIONING PROPERLY,CLEAR,DAYLIGHT,TURNING,NOT DIVIDED,STRAIGHT AND LEVEL,DRY,NO DEFECTS,INJURY AND / OR TOW DUE TO CRASH,"OVER $1,500",IMPROPER OVERTAKING/PASSING,NOT APPLICABLE,200,W,43RD ST,2,"REPORTED, NOT EVIDENT",1.0,0.0,0.0,0.0,1.0,2.0,0.0,9,6,6
9573316512236642bbbf16259e9f9aecbf7fa0eb20c372f11f7332634052b125e1d7917b9ce5b40bf09bb6c1e6f8e0bac9c10d6a70dbad701db2a712378075bf,2023-04-28 10:30:00,30,OTHER,OTHER,CLEAR,DAYLIGHT,FIXED OBJECT,PARKING LOT,STRAIGHT AND LEVEL,DRY,NO DEFECTS,NO INJURY / DRIVE AWAY,"OVER $1,500",UNABLE TO DETERMINE,UNABLE TO DETERMINE,710,W,SCHILLER ST,1,NO INDICATION OF INJURY,0.0,0.0,0.0,0.0,0.0,1.0,0.0,10,6,4
1870aab0963cfa452ed012cc61cae475ee9a278dc865eec31d157e7527cc706c3f0dd829474671bd4c852d1ff611df7e4979bc52fefdb0739c6ede0f3e2a3f40,2018-04-29 16:04:00,30,NO CONTROLS,NO CONTROLS,CLEAR,DAYLIGHT,SIDESWIPE SAME DIRECTION,NOT DIVIDED,STRAIGHT AND LEVEL,DRY,NO DEFECTS,INJURY AND / OR TOW DUE TO CRASH,"$501 - $1,500",UNABLE TO DETERMINE,UNABLE TO DETERMINE,931,W,99TH ST,2,NO INDICATION OF INJURY,0.0,0.0,0.0,0.0,0.0,2.0,0.0,16,1,4
9f734debcb03f8ce5198f7f6bbba066ed2f631ac827b77c91f4f5e482bcf32d626653f09ad99e3c918e894556a5b708275c89f9a8da55ef045ce447f00632fb4,2020-04-18 15:45:00,15,NO CONTROLS,NO CONTROLS,CLEAR,DAYLIGHT,PARKED MOTOR VEHICLE,PARKING LOT,STRAIGHT AND LEVEL,DRY,NO DEFECTS,NO INJURY / DRIVE AWAY,"OVER $1,500",DRIVING SKILLS/KNOWLEDGE/EXPERIENCE,DRIVING SKILLS/KNOWLEDGE/EXPERIENCE,6531,S,LOWE AVE,2,NO INDICATION OF INJURY,0.0,0.0,0.0,0.0,0.0,1.0,0.0,15,7,4
3a38aa7f940d917ff567372063f6c202a7c2e76ca230ef8838400edd5f3c62c13f67add9256a65703e4b6be7045b39bbf84d8907b3663221b5350d860f890954,2024-04-11 22:45:00,30,NO CONTROLS,NO CONTROLS,RAIN,DARKNESS,SIDESWIPE SAME DIRECTION,NOT DIVIDED,STRAIGHT AND LEVEL,WET,NO DEFECTS,INJURY AND / OR TOW DUE TO CRASH,"OVER $1,500",FAILING TO YIELD RIGHT-OF-WAY,FAILING TO YIELD RIGHT-OF-WAY,5201,S,PULASKI RD,2,"REPORTED, NOT EVIDENT",1.0,0.0,0.0,0.0,1.0,2.0,0.0,22,5,4
351279acc0072ccff3b854afb9e6ff3b7deee972464435f2a4b6d5dd79e15e2336c87158eb0d1d48d8a9798738dd660e195fc8994174ab93741e270834fbb322,2020-05-21 15:15:00,30,NO CONTROLS,NO CONTROLS,CLEAR,DAYLIGHT,PARKED MOTOR VEHICLE,NOT DIVIDED,STRAIGHT AND LEVEL,DRY,NO DEFECTS,NO INJURY / DRIVE AWAY,"OVER $1,500",DRIVING ON WRONG SIDE/WRONG WAY,DRIVING ON WRONG SIDE/WRONG WAY,4300,N,KEDVALE AVE,3,NO INDICATION OF INJURY,0.0,0.0,0.0,0.0,0.0,1.0,0.0,15,5,5
33df5b4e9c35820dd31c22535bf9868a07b9260520105b70aa2f8dcc1532ca59fc020599792a54a35733bda094600cbe167a6e7eb1719b63b0b2c9d42916ada9,2023-06-30 13:51:00,35,NO CONTROLS,UNKNOWN,CLEAR,DAYLIGHT,TURNING,ONE-WAY,STRAIGHT AND LEVEL,DRY,UNKNOWN,NO INJURY / DRIVE AWAY,"$501 - $1,500",FAILING TO YIELD RIGHT-OF-WAY,FAILING TO REDUCE SPEED TO AVOID CRASH,129,N,WABASH AVE,2,NO INDICATION OF INJURY,0.0,0.0,0.0,0.0,0.0,2.0,0.0,13,6,6
1686252adcb3eac3e39f1cfe08f18ab460f44785d8d47d7bc78247e387707194208ea8c14f73756eaee5586c809257075c3db4ecfe9c9ca9c8a5940abc0c11d8,2021-02-17 17:00:00,30,NO CONTROLS,NO CONTROLS,SNOW,"DARKNESS, LIGHTED ROAD",PARKED MOTOR VEHICLE,ONE-WAY,STRAIGHT AND LEVEL,SNOW OR SLUSH,NO DEFECTS,NO INJURY / DRIVE AWAY,$500 OR LESS,UNABLE TO DETERMINE,NOT APPLICABLE,7811,S,BENNETT AVE,2,NO INDICATION OF INJURY,0.0,0.0,0.0,0.0,0.0,1.0,0.0,17,4,2
d995463f5435be6f7ab585c2da3815762a6e1b92b6988d86b845e699ba5112d6ade2c787a1e5b63b4da94fc07fb93129a328eff5968fde32d64cd9971828f8fd,2018-05-20 11:20:00,30,NO CONTROLS,NO CONTROLS,RAIN,DAYLIGHT,PARKED MOTOR VEHICLE,NOT DIVIDED,STRAIGHT AND LEVEL,WET,NO DEFECTS,NO INJURY / DRIVE AWAY,"OVER $1,500",UNABLE TO DETERMINE,UNABLE TO DETERMINE,1450,N,SEDGWICK ST,2,NO INDICATION OF INJURY,0.0,0.0,0.0,0.0,0.0,1.0,0.0,11,1,5
07bd0d22c9aac40cf2021c58f1e7a26f4fe1d781bb57496b29b8befe4fdd09718b2c92095b5549efdc276a1143e14230856d2f7dbbd943bbafbea0748de4235c,2021-06-13 12:55:00,30,TRAFFIC SIGNAL,FUNCTIONING PROPERLY,CLEAR,DAYLIGHT,REAR END,DIVIDED - W/MEDIAN (NOT RAISED),STRAIGHT AND LEVEL,DRY,NO DEFECTS,INJURY AND / OR TOW DUE TO CRASH,$500 OR LESS,UNABLE TO DETERMINE,UNABLE TO DETERMINE,6258,S,ASHLAND AVE,2,"REPORTED, NOT EVIDENT",1.0,0.0,0.0,0.0,1.0,2.0,0.0,12,1,6
794d2234a7a7344436855f197fcd79298db686849d0469752c5602529e219aee08f10af18edbf0d2be30ece0652eeb215b8ff6ef96dce9c5c0c8fd4f246e4b31,2018-11-26 13:18:00,30,NO CONTROLS,NO CONTROLS,SNOW,DAYLIGHT,PARKED MOTOR VEHICLE,OTHER,STRAIGHT AND LEVEL,SNOW OR SLUSH,UNKNOWN,NO INJURY / DRIVE AWAY,$500 OR LESS,NOT APPLICABLE,NOT APPLICABLE,5949,W,FULTON ST,2,NO INDICATION OF INJURY,0.0,0.0,0.0,0.0,0.0,1.0,0.0,13,2,11
bfde9f0cd0163d63d785a2ce4dd4c80c0929cb6e6162110b0a4b49996d7e03c519befdec5a835be9996919513d58a69f821b94e4d72ed02a4fc36bf2cb281fea,2020-01-13 16:30:00,30,TRAFFIC SIGNAL,FUNCTIONING PROPERLY,CLEAR,DAYLIGHT,REAR END,DIVIDED - W/MEDIAN (NOT RAISED),STRAIGHT AND LEVEL,DRY,NO DEFECTS,NO INJURY / DRIVE AWAY,"OVER $1,500",IMPROPER BACKING,NOT APPLICABLE,2165,W,OGDEN AVE,2,NO INDICATION OF INJURY,0.0,0.0,0.0,0.0,0.0,2.0,0.0,16,2,1
0f6fa11e4368fee246a8bd13fb4f17e867ff92d24caf3c7ac6f9079db279e9b723fec7f0149aace293d3d5860e509e13a3c3526e0737304b589ed5d3d720ebc2,2016-03-03 11:45:00,30,NO CONTROLS,NO CONTROLS,CLEAR,DAYLIGHT,TURNING,ONE-WAY,STRAIGHT AND LEVEL,WET,NO DEFECTS,NO INJURY / DRIVE AWAY,"OVER $1,500",DISREGARDING OTHER TRAFFIC SIGNS,IMPROPER LANE USAGE,505,N,MICHIGAN AVE,2,NO INDICATION OF INJURY,0.0,0.0,0.0,0.0,0.0,2.0,0.0,11,5,3
5e3dfeac3b8976947ab0b944938fd0d2c23fe5b61bb1bc5aab7899b1d35230e45df0511583ebc2369dd159a0ba8904e5e4cff42b8d2ff1d1dec55e1b3df840e6,2023-09-13 09:30:00,30,NO CONTROLS,NO CONTROLS,CLEAR,DAYLIGHT,REAR END,ONE-WAY,STRAIGHT AND LEVEL,DRY,NO DEFECTS,NO INJURY / DRIVE AWAY,"OVER $1,500",FOLLOWING TOO CLOSELY,UNABLE TO DETERMINE,8021,S,OGLESBY AVE,2,NO INDICATION OF INJURY,0.0,0.0,0.0,0.0,0.0,2.0,0.0,9,4,9
d7c534247aa45d6233c6e9ede026a60c95a923214478e83caa0cdbbac7596438268f9c05d91363184aebdc52d578eb777c55b7c5681ae1e756061e3ad47a5cdf,2020-07-09 11:59:00,30,TRAFFIC SIGNAL,FUNCTIONING PROPERLY,CLEAR,DAYLIGHT,REAR END,DIVIDED - W/MEDIAN BARRIER,STRAIGHT AND LEVEL,DRY,NO DEFECTS,INJURY AND / OR TOW DUE TO CRASH,"OVER $1,500",FOLLOWING TOO CLOSELY,NOT APPLICABLE,8901,S,STONY ISLAND AVE,2,"REPORTED, NOT EVIDENT",1.0,0.0,0.0,0.0,1.0,1.0,0.0,11,5,7
f5b7e807c8429e07defd84a53bea6868fd27ccdbd392eb847968514de9da74bbee28a2dd15dae50edd09c4912eb6fd4b26d7f0ff8b9b83fbf9c08e6aad61bf66,2017-03-13 06:00:00,30,NO CONTROLS,NO CONTROLS,SNOW,DARKNESS,REAR END,NOT DIVIDED,STRAIGHT AND LEVEL,SNOW OR SLUSH,NO DEFECTS,NO INJURY / DRIVE AWAY,"OVER $1,500",UNABLE TO DETERMINE,UNABLE TO DETERMINE,124,W,CERMAK RD,2,NO INDICATION OF INJURY,0.0,0.0,0.0,0.0,0.0,2.0,0.0,6,2,3
088d376f12da89e4a56a31b508163e5aea8916c8f5e1705720e0ecd7110f808be878a7bf13fb9118bdc635cf333d8f5460bb1d946e26c1f5c45640f17a4c7e94,2016-07-02 18:25:00,20,NO CONTROLS,NO CONTROLS,UNKNOWN,UNKNOWN,PARKED MOTOR VEHICLE,DIVIDED - W/MEDIAN (NOT RAISED),STRAIGHT AND LEVEL,UNKNOWN,UNKNOWN,NO INJURY / DRIVE AWAY,"OVER $1,500",NOT APPLICABLE,NOT APPLICABLE,151,N,BEAUBIEN CT,2,NO INDICATION OF INJURY,0.0,0.0,0.0,0.0,0.0,1.0,0.0,18,7,7
1c2bc84552cf3158e7d599f44b5d28092a92be35f2a62151c2eadcdd1d2036358e3b72d6c8771c8637d052a0fcb78fada214939ae1b7d54a3d266992474e3177,2018-06-28 17:53:00,25,NO CONTROLS,UNKNOWN,UNKNOWN,UNKNOWN,SIDESWIPE SAME DIRECTION,DIVIDED - W/MEDIAN BARRIER,STRAIGHT AND LEVEL,UNKNOWN,UNKNOWN,NO INJURY / DRIVE AWAY,"OVER $1,500",IMPROPER OVERTAKING/PASSING,UNABLE TO DETERMINE,500,N,MICHIGAN AVE,2,NO INDICATION OF INJURY,0.0,0.0,0.0,0.0,0.0,2.0,0.0,17,5,6
c32a7fe0f85e6905593bda8506e523a1f55d4d49d52b0286caad2cd6338515fa8b6e1708ea2c1b9b7963f4266ae7a13713f0f5614931c055b84fb2ac1da4feaf,2016-08-24 16:30:00,30,NO CONTROLS,NO CONTROLS,CLEAR,DAYLIGHT,SIDESWIPE SAME DIRECTION,NOT DIVIDED,STRAIGHT AND LEVEL,DRY,UNKNOWN,NO INJURY / DRIVE AWAY,"$501 - $1,500",IMPROPER OVERTAKING/PASSING,NOT APPLICABLE,401,S,ASHLAND AVE,2,NO INDICATION OF INJURY,0.0,0.0,0.0,0.0,0.0,3.0,0.0,16,4,8
ffb397ecb5202241c48612ed7b3549f30414a2ac881284d0f28efdd5595fbd2afaa2272ba7892071a61c4cbc62d707bfb68834739052bcf10cc1e293d6078300,2018-02-09 08:54:00,30,UNKNOWN,UNKNOWN,SNOW,DAYLIGHT,TURNING,ONE-WAY,STRAIGHT AND LEVEL,SNOW OR SLUSH,NO DEFECTS,NO INJURY / DRIVE AWAY,"$501 - $1,500",IMPROPER TURNING/NO SIGNAL,IMPROPER LANE USAGE,200,E,GRAND AVE,2,NO INDICATION OF INJURY,0.0,0.0,0.0,0.0,0.0,2.0,0.0,8,6,2
fdf40eec7b38fcf0ad82a31c0334da8b2a180cb2790b3c1ed376c102bf1a02610e63eeceea2f4cc15f1189ee69a69011b6227d7c1c2a7b678be41284b2714a81,2024-03-11 15:30:00,15,NO CONTROLS,NO CONTROLS,CLEAR,DAYLIGHT,PARKED MOTOR VEHICLE,PARKING LOT,STRAIGHT AND LEVEL,DRY,UNKNOWN,NO INJURY / DRIVE AWAY,"OVER $1,500",FAILING TO YIELD RIGHT-OF-WAY,FAILING TO YIELD RIGHT-OF-WAY,1940,W,33RD ST,2,NO INDICATION OF INJURY,0.0,0.0,0.0,0.0,0.0,2.0,0.0,15,2,3
ef7e150edbc50b334d793576c56617df4ad1692f2497e84906280874a8ce8e6fc5ee725533c6e55836831ff3f3ed4431be7d574bc1ff0366684d8617017812d1,2019-04-28 06:30:00,30,NO CONTROLS,NO CONTROLS,CLEAR,DAYLIGHT,PARKED MOTOR VEHICLE,ONE-WAY,STRAIGHT AND LEVEL,DRY,NO DEFECTS,INJURY AND / OR TOW DUE TO CRASH,"OVER $1,500",UNABLE TO DETERMINE,NOT APPLICABLE,7152,S,CAMPBELL AVE,2,NO INDICATION OF INJURY,0.0,0.0,0.0,0.0,0.0,1.0,0.0,6,1,4
385ce6043a396cae1aee3b12f751a93e819c9bde34c52e67a1b7eefc25b03b459fc2616c42ef71c8143c49c9b135b9aba84c6329d277d123d819a0e1c2e92492,2020-01-28 10:20:00,30,NO CONTROLS,NO CONTROLS,CLEAR,DAYLIGHT,TURNING,NOT DIVIDED,STRAIGHT AND LEVEL,DRY,UNKNOWN,NO INJURY / DRIVE AWAY,"OVER $1,500",UNABLE TO DETERMINE,NOT APPLICABLE,3208,W,51ST ST,2,NO INDICATION OF INJURY,0.0,0.0,0.0,0.0,0.0,2.0,0.0,10,3,1
072155aa69684a52d786ef9424538116f6ca7f30281feb581977eca1d74aa851cc0f6cd14ea3bf182a8a20c2256951b05e6bd56dc7e0532c2aa035d4526ca1d9,2016-02-02 17:10:00,35,NO CONTROLS,NO CONTROLS,RAIN,"DARKNESS, LIGHTED ROAD",REAR END,ONE-WAY,STRAIGHT AND LEVEL,WET,NO DEFECTS,NO INJURY / DRIVE AWAY,"OVER $1,500",NOT APPLICABLE,NOT APPLICABLE,175,N,FRANKLIN ST,2,NO INDICATION OF INJURY,0.0,0.0,0.0,0.0,0.0,3.0,0.0,17,3,2
cdbffb33debdf489348a85921f406559ecd1056a55a9ee7e15e73032628b46e6389e64cdad07b16bf4fd1e5b03e723de5da97835b020ff54daae8968f2ad8ec0,2019-10-04 20:00:00,20,NO CONTROLS,NO CONTROLS,CLEAR,"DARKNESS, LIGHTED ROAD",PARKED MOTOR VEHICLE,DIVIDED - W/MEDIAN (NOT RAISED),STRAIGHT AND LEVEL,DRY,NO DEFECTS,NO INJURY / DRIVE AWAY,"OVER $1,500",UNABLE TO DETERMINE,NOT APPLICABLE,13244,S,COMMERCIAL AVE,2,NO INDICATION OF INJURY,0.0,0.0,0.0,0.0,0.0,1.0,0.0,20,6,10