CRASH_RECORD_ID,CRASH_DATE,POSTED_SPEED_LIMIT,TRAFFIC_CONTROL_DEVICE,DEVICE_CONDITION,WEATHER_CONDITION,LIGHTING_CONDITION,FIRST_CRASH_TYPE,TRAFFICWAY_TYPE,ALIGNMENT,ROADWAY_SURFACE_COND,ROAD_DEFECT,CRASH_TYPE,DAMAGE,PRIM_CONTRIBUTORY_CAUSE,SEC_CONTRIBUTORY_CAUSE,STREET_NO,STREET_DIRECTION,STREET_NAME,NUM_UNITS,MOST_SEVERE_INJURY,INJURIES_TOTAL,INJURIES_FATAL,INJURIES_INCAPACITATING,INJURIES_NON_INCAPACITATING,INJURIES_REPORTED_NOT_EVIDENT,INJURIES_NO_INDICATION,INJURIES_UNKNOWN,CRASH_HOUR,CRASH_DAY_OF_WEEK,CRASH_MONTH
efb9a583112f58eefe33185ab332aeee0d3251c51e2730a29359982a91753e951b386439d0db353dca114e6a1792652ff9272047a4c295c735b1b8a1688c0c2a,2021-06-28 18:46:00,35,TRAFFIC SIGNAL,FUNCTIONING PROPERLY,RAIN,DAYLIGHT,ANGLE,T-INTERSECTION,STRAIGHT AND LEVEL,WET,NO DEFECTS,INJURY AND / OR TOW DUE TO CRASH,"OVER $1,500",UNABLE TO DETERMINE,UNABLE TO DETERMINE,6700,S,MORGAN ST,2,"REPORTED, NOT EVIDENT",1.0,0.0,0.0,0.0,1.0,2.0,0.0,18,2,6
20c5879c289f37c5dae43a3e01fb4397de7d00c2310dbcaacf03e8714e74c03f362fdc42e4c057da032d9932aa577d219c82596cf8041ec816a22ec61c11ec24,2019-11-07 14:13:00,20,NO CONTROLS,NO CONTROLS,CLEAR,DAYLIGHT,PARKED MOTOR VEHICLE,PARKING LOT,STRAIGHT AND LEVEL,DRY,NO DEFECTS,NO INJURY / DRIVE AWAY,"$501 - $1,500",NOT APPLICABLE,NOT APPLICABLE,3307,W,63RD ST,2,NO INDICATION OF INJURY,0.0,0.0,0.0,0.0,0.0,1.0,0.0,14,5,11
1741106d7dbba5f0dcde4362677cafb2debf1650aab3d83b7c31e1830e219875a7388a0c14a050afa8b4b7b037e0586811155d2ecc99dc8aaaf3f3a1b6af0169,2022-09-06 15:25:00,30,NO CONTROLS,NO CONTROLS,CLEAR,DAYLIGHT,REAR END,NOT DIVIDED,STRAIGHT AND LEVEL,DRY,NO DEFECTS,INJURY AND / OR TOW DUE TO CRASH,"OVER $1,500",UNABLE TO DETERMINE,UNABLE TO DETERMINE,2045,W,NORTH AVE,3,NONINCAPACITATING INJURY,1.0,0.0,0.0,1.0,0.0,2.0,0.0,15,3,9
c090e8bb64a6aead5b1f8189b7d83276b03409bde9292785b718f1cc3047849ca1f7c8a0f6bad1b829623c79cbc796ce2b36be7844f5550f30253c72aa0e499a,2020-01-29 15:55:00,30,TRAFFIC SIGNAL,FUNCTIONING PROPERLY,CLEAR,DAYLIGHT,PEDESTRIAN,FOUR WAY,STRAIGHT AND LEVEL,DRY,NO DEFECTS,INJURY AND / OR TOW DUE TO CRASH,"OVER $1,500",FAILING TO REDUCE SPEED TO AVOID CRASH,NOT APPLICABLE,1664,W,MONTEREY AVE,2,"REPORTED, NOT EVIDENT",1.0,0.0,0.0,0.0,1.0,1.0,0.0,15,4,1
36e4384ceae18a24b1244a88b5bffbfa4787762b1a3af61dbc311f403e5351de21c298ad30520bd529b3d698f5b3650642475f09a76857701add6524ee8f61be,2019-04-25 22:00:00,30,NO CONTROLS,NO CONTROLS,CLEAR,"DARKNESS, LIGHTED ROAD",SIDESWIPE SAME DIRECTION,NOT DIVIDED,STRAIGHT AND LEVEL,DRY,UNKNOWN,NO INJURY / DRIVE AWAY,"OVER $1,500",IMPROPER LANE USAGE,NOT APPLICABLE,3563,N,BROADWAY,2,NO INDICATION OF INJURY,0.0,0.0,0.0,0.0,0.0,3.0,0.0,22,5,4
0e10469d6ff81d6ffa6014a2b6f9f3e8c39e7b69034fbe1761a1d2564be408f57a2f569c7630f3fb80b475f381d659b6c076ba305aca85f40a8df7c5a75bb80f,2021-12-17 10:40:00,30,TRAFFIC SIGNAL,FUNCTIONING PROPERLY,CLEAR,DAYLIGHT,TURNING,DIVIDED - W/MEDIAN (NOT RAISED),STRAIGHT AND LEVEL,DRY,NO DEFECTS,NO INJURY / DRIVE AWAY,"OVER $1,500",FAILING TO YIELD RIGHT-OF-WAY,UNABLE TO DETERMINE,459,N,WESTERN AVE,2,NO INDICATION OF INJURY,0.0,0.0,0.0,0.0,0.0,3.0,0.0,10,6,12
8f3878b6e11970243495f4157512b0cb9c827483b03f9c915833ed5f0c875516fe8f6884f73eef50e46af8cdde4645703b0f8ad9c47c8d50b0d345d7b13b7cc1,2019-09-20 12:21:00,30,TRAFFIC SIGNAL,FUNCTIONING PROPERLY,CLEAR,DAYLIGHT,REAR END,NOT DIVIDED,STRAIGHT AND LEVEL,DRY,NO DEFECTS,INJURY AND / OR TOW DUE TO CRASH,"OVER $1,500",FOLLOWING TOO CLOSELY,UNABLE TO DETERMINE,8312,S,JEFFERY BLVD,3,"REPORTED, NOT EVIDENT",2.0,0.0,0.0,0.0,2.0,4.0,0.0,12,6,9
1e29ba90a81c99949d7b36d3861b515eabc72a38960a6cb53ef298f18c2b600a389674d41b44aa27abea1bfe2b72ad1b3d1cce09245150a74c45556360cabff4,2017-12-15 17:50:00,35,NO CONTROLS,NO CONTROLS,CLEAR,"DARKNESS, LIGHTED ROAD",ANGLE,NOT DIVIDED,STRAIGHT AND LEVEL,DRY,NO DEFECTS,INJURY AND / OR TOW DUE TO CRASH,"OVER $1,500",FAILING TO YIELD RIGHT-OF-WAY,NOT APPLICABLE,749,S,CICERO AVE,2,NO INDICATION OF INJURY,0.0,0.0,0.0,0.0,0.0,5.0,0.0,17,6,12
f016d63edd578187e6b28dbcc0e20d4187fd02ccd8f83c4798cf3d1455e5fb3a26a6dcdac3e07a40467aa83239932593f774f673e9a60c23267077455071948e,2020-12-29 10:00:00,10,NO CONTROLS,NO CONTROLS,CLEAR,DAYLIGHT,PARKED MOTOR VEHICLE,ONE-WAY,STRAIGHT AND LEVEL,DRY,NO DEFECTS,NO INJURY / DRIVE AWAY,"OVER $1,500",UNABLE TO DETERMINE,UNABLE TO DETERMINE,7838,S,ABERDEEN ST,2,NO INDICATION OF INJURY,0.0,0.0,0.0,0.0,0.0,1.0,0.0,10,3,12
5385f8ad45f922e85fc086cefe964a02499f44053465a992bcebc4854380b225a0f98adfbb1d15ece4908a67f6276075e3e4e6cc495a1e8386f8770129743531,2020-01-29 11:40:00,30,NO CONTROLS,NO CONTROLS,CLEAR,DAYLIGHT,REAR END,ONE-WAY,STRAIGHT AND LEVEL,WET,UNKNOWN,NO INJURY / DRIVE AWAY,"$501 - $1,500",NOT APPLICABLE,NOT APPLICABLE,11101,S,MARSHFIELD AVE,2,NO INDICATION OF INJURY,0.0,0.0,0.0,0.0,0.0,2.0,0.0,11,4,1
4b12154227e35247284c01eaf9d85125936419fab0358e48e3faf8531fab147f4daf9935f6c777502a68c2fcf91a6c990e6d480d7e3ecc389874ca5b2079783c,2017-01-19 13:10:00,30,NO CONTROLS,NO CONTROLS,CLEAR,DAYLIGHT,PARKED MOTOR VEHICLE,NOT DIVIDED,STRAIGHT AND LEVEL,DRY,NO DEFECTS,NO INJURY / DRIVE AWAY,"OVER $1,500",UNABLE TO DETERMINE,UNABLE TO DETERMINE,363,W,ONTARIO ST,2,NO INDICATION OF INJURY,0.0,0.0,0.0,0.0,0.0,2.0,0.0,13,5,1
b74f2c4d2e28634d7fb6f11d74e9019365b50722aaa33676b3c43a81ad6c760c214d90da9466a52e5d7a7298a851fcd50cbd4abc916d119ebd83bd1d1b8e48af,2024-02-26 16:30:00,30,STOP SIGN/FLASHER,FUNCTIONING PROPERLY,CLEAR,DAYLIGHT,ANIMAL,NOT DIVIDED,STRAIGHT AND LEVEL,DRY,NO DEFECTS,NO INJURY / DRIVE AWAY,"$501 - $1,500",FAILING TO YIELD RIGHT-OF-WAY,NOT APPLICABLE,1500,W,SUNNYSIDE AVE,1,NO INDICATION OF INJURY,0.0,0.0,0.0,0.0,0.0,1.0,0.0,16,2,2
8be3374585eb2c327349037450479c639c198cd349fcb6f001bc3f84c4a0ee20bc7398032330bff581f1e2b6d17d51654752fc89ec76263f4255e6f443cb1a4c,2023-01-25 08:00:00,30,NO CONTROLS,NO CONTROLS,SNOW,DARKNESS,PARKED MOTOR VEHICLE,NOT DIVIDED,STRAIGHT AND LEVEL,SNOW OR SLUSH,NO DEFECTS,NO INJURY / DRIVE AWAY,"OVER $1,500",IMPROPER LANE USAGE,WEATHER,1281,W,EARLY AVE,2,NO INDICATION OF INJURY,0.0,0.0,0.0,0.0,0.0,1.0,0.0,8,4,1
329dfd27495ad8c96380e990a1387bdf46326ab4ced0fca3e849deae1d056c258dceab5f0b6d1c63e1227f956198d73cf33593a4554a2f20f8a65a6f3c81d1cf,2021-05-29 06:00:00,30,NO CONTROLS,NO CONTROLS,UNKNOWN,DAYLIGHT,PARKED MOTOR VEHICLE,NOT DIVIDED,STRAIGHT AND LEVEL,UNKNOWN,UNKNOWN,NO INJURY / DRIVE AWAY,"OVER $1,500",IMPROPER OVERTAKING/PASSING,IMPROPER OVERTAKING/PASSING,1500,S,KENNETH AVE,2,NO INDICATION OF INJURY,0.0,0.0,0.0,0.0,0.0,1.0,0.0,6,7,5
78eed2c9960723c9098f7519f0d6c5716371263244551ea1af1ad706c9fc068ebff80e78eeb6714a4f0bb812d21eb1b4917d2bc2d82387a20069999a67c8d049,2021-11-28 12:34:00,30,NO CONTROLS,NO CONTROLS,CLEAR,DAYLIGHT,PARKED MOTOR VEHICLE,NOT DIVIDED,STRAIGHT AND LEVEL,DRY,NO DEFECTS,NO INJURY / DRIVE AWAY,"OVER $1,500",UNABLE TO DETERMINE,NOT APPLICABLE,2941,N,BROADWAY,2,NO INDICATION OF INJURY,0.0,0.0,0.0,0.0,0.0,1.0,0.0,12,1,11
90318abfbdcc12592b1fdf6091ca62928c5ddf0d8232eb32b89471ee73bf8a2738930840268cab3561a66a6148fd0272ad14f317808f821898a6ce447331ede0,2019-08-31 21:20:00,30,NO CONTROLS,NO CONTROLS,RAIN,"DARKNESS, LIGHTED ROAD",SIDESWIPE SAME DIRECTION,NOT DIVIDED,STRAIGHT AND LEVEL,WET,UNKNOWN,NO INJURY / DRIVE AWAY,"OVER $1,500",FAILING TO YIELD RIGHT-OF-WAY,FAILING TO YIELD RIGHT-OF-WAY,1248,S,UNION AVE,2,NO INDICATION OF INJURY,0.0,0.0,0.0,0.0,0.0,3.0,0.0,21,7,8
7650921fc4fca85938b9117d7c2e2552db06974d58a0303a8db8f6c8144fae173b4e595ea3131f7398a3369e02044b2d84716ce17b9aa565d52c7bdbcab5d664,2024-03-21 08:55:00,30,NO CONTROLS,NO CONTROLS,CLOUDY/OVERCAST,DAYLIGHT,REAR END,NOT DIVIDED,STRAIGHT AND LEVEL,DRY,UNKNOWN,NO INJURY / DRIVE AWAY,"OVER $1,500",FAILING TO REDUCE SPEED TO AVOID CRASH,FAILING TO REDUCE SPEED TO AVOID CRASH,5732,W,BELMONT AVE,2,NO INDICATION OF INJURY,0.0,0.0,0.0,0.0,0.0,2.0,0.0,8,5,3
e57f1d8cdee1d8a8a83bd5fa3164ab1da5fd7dd4f1b37214ef73493d94f13f83cb4b1340f29dd7a97fec9072d948e21463ac4a078ff4378bfb36e9c3982256a1,2017-07-25 13:50:00,30,TRAFFIC SIGNAL,FUNCTIONING PROPERLY,CLEAR,DAYLIGHT,SIDESWIPE SAME DIRECTION,DIVIDED - W/MEDIAN (NOT RAISED),STRAIGHT AND LEVEL,DRY,NO DEFECTS,NO INJURY / DRIVE AWAY,"OVER $1,500",IMPROPER LANE USAGE,NOT APPLICABLE,6846,S,WESTERN AVE,2,NO INDICATION OF INJURY,0.0,0.0,0.0,0.0,0.0,2.0,0.0,13,3,7
5a5920be860c494b7e80cc560799c10dcd0871042fb43498272efea07696394d823093d229c474c756d39cb28de1bb1e49b6a3c95997b4ec2f71b02906af5900,2022-12-15 08:01:00,30,NO CONTROLS,NO CONTROLS,CLEAR,DAYLIGHT,TURNING,NOT DIVIDED,STRAIGHT AND LEVEL,DRY,UNKNOWN,INJURY AND / OR TOW DUE TO CRASH,"OVER $1,500",UNABLE TO DETERMINE,UNABLE TO DETERMINE,5642,S,AUSTIN AVE,2,NO INDICATION OF INJURY,0.0,0.0,0.0,0.0,0.0,2.0,0.0,8,5,12
37a88194c74e2bf65fda55b850c371edaccf71aee5e0507ae2ac017d124a40414236ecd1c2e12f265f9b4abc48bd86dcd44a479b5659b6d61ab1a9b78f577070,2023-06-05 12:40:00,25,STOP SIGN/FLASHER,FUNCTIONING PROPERLY,CLEAR,DAYLIGHT,PARKED MOTOR VEHICLE,ONE-WAY,STRAIGHT AND LEVEL,DRY,NO DEFECTS,NO INJURY / DRIVE AWAY,"$501 - $1,500","VISION OBSCURED (SIGNS, TREE LIMBS, BUILDINGS, ETC.)",UNABLE TO DETERMINE,4256,N,RICHMOND ST,2,NO INDICATION OF INJURY,0.0,0.0,0.0,0.0,0.0,1.0,0.0,12,2,6
c9acd1b249cd814be501939caab0b0c7e5ce4ab94d4c459dc61ff7bbbf553b460350ba4f6f3594ce01390c135f19f7143b082bf6be55707766563d3357c322a3,2022-09-22 17:45:00,30,STOP SIGN/FLASHER,FUNCTIONING PROPERLY,CLEAR,DAYLIGHT,ANGLE,NOT DIVIDED,STRAIGHT AND LEVEL,DRY,NO DEFECTS,NO INJURY / DRIVE AWAY,"OVER $1,500",NOT APPLICABLE,NOT APPLICABLE,5498,S,MOODY AVE,2,NO INDICATION OF INJURY,0.0,0.0,0.0,0.0,0.0,3.0,0.0,17,5,9
3d45e88fe0652fa43f8826ce2a2f2a60de3dce929d809291918f1122d1184f3a5d84a2faccfd1a0704e37f726c9557b570edac110f6a753fa3ec1c7fe4f94f80,2017-11-27 17:05:00,30,STOP SIGN/FLASHER,FUNCTIONING PROPERLY,CLEAR,DARKNESS,SIDESWIPE SAME DIRECTION,NOT DIVIDED,STRAIGHT AND LEVEL,DRY,NO DEFECTS,NO INJURY / DRIVE AWAY,"OVER $1,500",IMPROPER LANE USAGE,NOT APPLICABLE,900,W,103RD ST,2,NO INDICATION OF INJURY,0.0,0.0,0.0,0.0,0.0,2.0,0.0,17,2,11
b9f997e11a9a968261ecd633d9ffa050c57ccc1e4e108b7ccfbb3d7172fc842b2d25d56d30fb7cfc80b41742c032945bb58a3e2c7dea89a7d10c6a5ceef3a559,2023-05-03 07:45:00,30,UNKNOWN,UNKNOWN,CLEAR,DAYLIGHT,REAR END,NOT DIVIDED,STRAIGHT AND LEVEL,UNKNOWN,UNKNOWN,NO INJURY / DRIVE AWAY,"$501 - $1,500",UNABLE TO DETERMINE,NOT APPLICABLE,5201,S,CENTRAL AVE,2,NO INDICATION OF INJURY,0.0,0.0,0.0,0.0,0.0,2.0,0.0,7,4,5
12012e0fcc29013575eeadd27f3b64440d80300c80e5432f4fbf1b132ee8832db323e802eb701579720ef0b0989edbee6d683fa2e5d1c433887e9710c8613e9f,2023-06-28 14:00:00,30,NO CONTROLS,NO CONTROLS,CLEAR,DAYLIGHT,REAR END,DIVIDED - W/MEDIAN BARRIER,STRAIGHT AND LEVEL,DRY,"RUT, HOLES",INJURY AND / OR TOW DUE TO CRASH,"OVER $1,500",FOLLOWING TOO CLOSELY,NOT APPLICABLE,364,W,GARFIELD BLVD,2,"REPORTED, NOT EVIDENT",1.0,0.0,0.0,0.0,1.0,2.0,0.0,14,4,6
103cf5a007b00092bf31875fe8f9d7bad0b0461604dc5c0001b22d36e9d859d61653ac2bf797b7f1bb8530c5b4a30711c247ab2051fac6285a0f2675752e21bc,2018-08-16 03:23:00,30,NO CONTROLS,OTHER,CLEAR,"DARKNESS, LIGHTED ROAD",PARKED MOTOR VEHICLE,ONE-WAY,STRAIGHT AND LEVEL,DRY,UNKNOWN,NO INJURY / DRIVE AWAY,"OVER $1,500",UNABLE TO DETERMINE,UNABLE TO DETERMINE,2825,S,KILBOURN AVE,4,NO INDICATION OF INJURY,0.0,0.0,0.0,0.0,0.0,1.0,0.0,3,5,8
04fdd132bb2c98e21f75031834d48f623b9d202d292f02fdb93f822e2462976d2d910a4c851ff44f7178e082bbb585da7c7883f048e71dcf8312cd475e5de503,2022-02-04 10:10:00,30,NO CONTROLS,NO CONTROLS,CLEAR,DAYLIGHT,PARKED MOTOR VEHICLE,ONE-WAY,STRAIGHT AND LEVEL,SNOW OR SLUSH,NO DEFECTS,NO INJURY / DRIVE AWAY,"$501 - $1,500",UNABLE TO DETERMINE,UNABLE TO DETERMINE,712,N,LEAMINGTON AVE,2,NO INDICATION OF INJURY,0.0,0.0,0.0,0.0,0.0,1.0,0.0,10,6,2
a2452db29b1a733655a18a815f31d0487817694b4b3b7a9f93f912c9c0bbd0b0c78ccb8fbb2b78dfd4ebc28b3e54b10687f195d92c35c8ba1e5b4dd2b0b9f70b,2020-10-26 14:40:00,30,UNKNOWN,UNKNOWN,CLEAR,DAYLIGHT,REAR END,UNKNOWN,STRAIGHT AND LEVEL,DRY,NO DEFECTS,NO INJURY / DRIVE AWAY,"OVER $1,500",UNABLE TO DETERMINE,UNABLE TO DETERMINE,4883,S,ARCHER AVE,2,NO INDICATION OF INJURY,0.0,0.0,0.0,0.0,0.0,2.0,0.0,14,2,10
3a9736c342b017289b0c3bda0e4ce47d90e387e266ee1780229eb0614b8de2966996770b7e185c488b7ea3507b5ea108ec9c7975cf7499c78bbb2bcf31fcf6a9,2018-04-10 10:45:00,5,NO CONTROLS,NO CONTROLS,CLEAR,DAYLIGHT,PARKED MOTOR VEHICLE,PARKING LOT,STRAIGHT AND LEVEL,DRY,NO DEFECTS,NO INJURY / DRIVE AWAY,"OVER $1,500",IMPROPER BACKING,"VISION OBSCURED (SIGNS, TREE LIMBS, BUILDINGS, ETC.)",5351,S,PULASKI RD,4,NO INDICATION OF INJURY,0.0,0.0,0.0,0.0,0.0,1.0,0.0,10,3,4
b9e77acdcf1efcea0934516c6ee15040fb52272a85925402ace387111dcc94769082d07453f816c70decd13e19ae54792f6fb87515371b064c4e25f5230df692,2018-06-07 21:45:00,30,NO CONTROLS,NO CONTROLS,CLEAR,"DARKNESS, LIGHTED ROAD",SIDESWIPE SAME DIRECTION,NOT DIVIDED,STRAIGHT AND LEVEL,DRY,NO DEFECTS,NO INJURY / DRIVE AWAY,"$501 - $1,500",IMPROPER OVERTAKING/PASSING,FAILING TO REDUCE SPEED TO AVOID CRASH,3059,N,HARLEM AVE,2,NO INDICATION OF INJURY,0.0,0.0,0.0,0.0,0.0,2.0,0.0,21,5,6
204ea654ebe188fb7c30b3df16ca2e031f696f550947275f8cb7b5a8f320165638667f5ff02116edfa778ee5e8ea26fd59b2d0b653bb728f6f60043f02cf4e54,2017-08-04 17:25:00,30,NO CONTROLS,UNKNOWN,OTHER,DAYLIGHT,ANGLE,DIVIDED - W/MEDIAN BARRIER,STRAIGHT AND LEVEL,UNKNOWN,UNKNOWN,NO INJURY / DRIVE AWAY,$500 OR LESS,UNABLE TO DETERMINE,FAILING TO REDUCE SPEED TO AVOID CRASH,3532,W,OGDEN AVE,2,NO INDICATION OF INJURY,0.0,0.0,0.0,0.0,0.0,2.0,0.0,17,6,8
8aa2ac69ccff0dc7592f1a661c740296f8e509f818f5387f2d8d2521f97ef90d0e3fb1531059ab2b63eb8d10132185c6d9ac94459ea254d52b69911fd6a692d9,2020-11-22 17:15:00,30,TRAFFIC SIGNAL,FUNCTIONING PROPERLY,CLEAR,"DARKNESS, LIGHTED ROAD",SIDESWIPE SAME DIRECTION,NOT DIVIDED,STRAIGHT AND LEVEL,DRY,UNKNOWN,INJURY AND / OR TOW DUE TO CRASH,"OVER $1,500",UNABLE TO DETERMINE,NOT APPLICABLE,6300,N,CENTRAL AVE,2,NO INDICATION OF INJURY,0.0,0.0,0.0,0.0,0.0,2.0,0.0,17,1,11
398c28c6d349867b0e20d140a0819db1f9cdc3fe3368c9daf7ebffd38989c445b11e663d925120ca960472e601dd107b88b22b3c23bbbc13130c05826dd78ff3,2023-09-03 01:35:00,30,NO CONTROLS,UNKNOWN,CLEAR,"DARKNESS, LIGHTED ROAD",PARKED MOTOR VEHICLE,NOT DIVIDED,STRAIGHT AND LEVEL,DRY,UNKNOWN,INJURY AND / OR TOW DUE TO CRASH,"OVER $1,500",UNABLE TO DETERMINE,NOT APPLICABLE,5870,N,NAGLE AVE,2,NO INDICATION OF INJURY,0.0,0.0,0.0,0.0,0.0,1.0,0.0,1,1,9
1e501af3bba0239f4060d8bcd3eea574f3a730aae0ee9d41bfff6c6f52487f7df075339f7d0edddbf1f933acd37e46f73f50e233925f471a436bd095adbb2e43,2019-07-02 08:45:00,30,STOP SIGN/FLASHER,FUNCTIONING PROPERLY,CLEAR,DAYLIGHT,FIXED OBJECT,DIVIDED - W/MEDIAN BARRIER,STRAIGHT AND LEVEL,DRY,NO DEFECTS,NO INJURY / DRIVE AWAY,"$501 - $1,500",UNABLE TO DETERMINE,NOT APPLICABLE,8502,S,STONY ISLAND AVE,2,NO INDICATION OF INJURY,0.0,0.0,0.0,0.0,0.0,3.0,0.0,8,3,7
88311fdcdfeea7993014e2c657e290aa37984ef0c45fc32ccf891a42ffcd5232d1d69b1c5c4fd5b899e26b75ccfe59c114400142e54dd255bcc273322ce34610,2018-04-07 18:35:00,30,TRAFFIC SIGNAL,FUNCTIONING PROPERLY,CLEAR,DAYLIGHT,SIDESWIPE SAME DIRECTION,NOT DIVIDED,STRAIGHT AND LEVEL,DRY,NO DEFECTS,INJURY AND / OR TOW DUE TO CRASH,"OVER $1,500",FOLLOWING TOO CLOSELY,NOT APPLICABLE,2903,W,CHICAGO AVE,2,NO INDICATION OF INJURY,0.0,0.0,0.0,0.0,0.0,3.0,0.0,18,7,4
edacdbd1a1f3429ce6cb303ce98b0346709f3aa2f530b90dbdc7b03847b3e71a95600f1886d3c388d4ff050ef09f73d3eec01756fe0d8ac9ebf6508bec184d5e,2018-09-20 10:07:00,30,TRAFFIC SIGNAL,FUNCTIONING PROPERLY,CLEAR,DAYLIGHT,TURNING,OTHER,STRAIGHT AND LEVEL,DRY,NO DEFECTS,INJURY AND / OR TOW DUE TO CRASH,"OVER $1,500",FAILING TO YIELD RIGHT-OF-WAY,NOT APPLICABLE,1000,W,WILLOW ST,2,NO INDICATION OF INJURY,0.0,0.0,0.0,0.0,0.0,3.0,0.0,10,5,9
0d0647cb01231e3d180490632aa963b35e3d9f7c5be9bbefe2d1ae3a5a11bb0fc505f257a26887f9585b528b0a0b153af5bf1795fa8e13f03a4892ad623f40eb,2022-07-31 20:36:00,40,NO CONTROLS,NO CONTROLS,CLEAR,DUSK,SIDESWIPE SAME DIRECTION,RAMP,STRAIGHT AND LEVEL,DRY,UNKNOWN,NO INJURY / DRIVE AWAY,$500 OR LESS,IMPROPER OVERTAKING/PASSING,IMPROPER OVERTAKING/PASSING,3200,N,LAKE SHORE DR,2,NO INDICATION OF INJURY,0.0,0.0,0.0,0.0,0.0,2.0,0.0,20,1,7
c11e8858052ce61b40bb97ed7e68bdc00530b0da6e1096c13db73f6bdf7fcbf0d5e282bbf73fbf78d87a06c240e8d0b569274e50d0a1f4b6376c9c5b82d2d643,2020-09-18 13:00:00,30,TRAFFIC SIGNAL,FUNCTIONING PROPERLY,CLEAR,DAYLIGHT,REAR END,NOT DIVIDED,STRAIGHT AND LEVEL,DRY,NO DEFECTS,NO INJURY / DRIVE AWAY,"$501 - $1,500",FOLLOWING TOO CLOSELY,FAILING TO REDUCE SPEED TO AVOID CRASH,5558,W,IRVING PARK RD,2,NO INDICATION OF INJURY,0.0,0.0,0.0,0.0,0.0,4.0,0.0,13,6,9
62b72781730a97a3bae31972d4c8309b222fb4e29d205702a568ec81c4686a2219e954105cbf47c5a1e6f702f74ee2df724a47103fcae114228bfdcc88ba3f87,2024-03-30 06:15:00,30,TRAFFIC SIGNAL,FUNCTIONING PROPERLY,RAIN,DAWN,SIDESWIPE SAME DIRECTION,FOUR WAY,STRAIGHT AND LEVEL,WET,NO DEFECTS,NO INJURY / DRIVE AWAY,"OVER $1,500",IMPROPER OVERTAKING/PASSING,UNABLE TO DETERMINE,13300,S,AVENUE O,2,NO INDICATION OF INJURY,0.0,0.0,0.0,0.0,0.0,2.0,0.0,6,7,3
6c55e6042f6bbe83f3f93c58750f641a5b2843f42bd011554a53e7155b7e7024ed4bdbad67a3b9807f886d6f5895ca30e38cb646b38b04bc21ab235e25e13eec,2019-06-02 18:30:00,15,OTHER,NO CONTROLS,CLEAR,DAYLIGHT,PARKED MOTOR VEHICLE,PARKING LOT,STRAIGHT AND LEVEL,DRY,UNKNOWN,NO INJURY / DRIVE AWAY,$500 OR LESS,NOT APPLICABLE,NOT APPLICABLE,9499,S,ASHLAND AVE,2,NO INDICATION OF INJURY,0.0,0.0,0.0,0.0,0.0,1.0,0.0,18,1,6
e90b0b0bc531bc185df85ec9cb0507bbbaa6c3b5a19be3493de1084a6b3debb6d4b7017239cceb8143590417da7a3f969094f2c179b03f7b80c14bdc15b9ceac,2020-07-26 17:34:00,25,NO CONTROLS,NO CONTROLS,CLEAR,DAYLIGHT,PEDESTRIAN,NOT DIVIDED,STRAIGHT AND LEVEL,WET,NO DEFECTS,INJURY AND / OR TOW DUE TO CRASH,$500 OR LESS,UNABLE TO DETERMINE,NOT APPLICABLE,4634,S,ROCKWELL ST,2,"REPORTED, NOT EVIDENT",1.0,0.0,0.0,0.0,1.0,1.0,0.0,17,1,7
c3c49cc7e6ccf8077b9b107c672b8b416af45a68f6d393179baf3cda93a8222dc69b477fc8905747b3bcf5c0a86d4a1515bc84220a0ffb6c3804552f1e983645,2022-01-12 17:00:00,30,NO CONTROLS,NO CONTROLS,CLEAR,DAWN,REAR END,NOT DIVIDED,STRAIGHT AND LEVEL,DRY,NO DEFECTS,NO INJURY / DRIVE AWAY,$500 OR LESS,FOLLOWING TOO CLOSELY,NOT APPLICABLE,9801,S,WESTERN AVE,2,NO INDICATION OF INJURY,0.0,0.0,0.0,0.0,0.0,2.0,0.0,17,4,1
80109a5033a5bbdbc117ad9dcf2ffc48af139ed90ac1d5c08fec50c9c86177c74f7de12bcc86c8e4a24c624766a78c682f815bf3acfac620e43326c2d4a98560,2020-10-19 13:05:00,30,NO CONTROLS,NO CONTROLS,CLEAR,DAYLIGHT,REAR END,NOT DIVIDED,STRAIGHT AND LEVEL,DRY,UNKNOWN,INJURY AND / OR TOW DUE TO CRASH,"OVER $1,500",NOT APPLICABLE,NOT APPLICABLE,8425,S,COTTAGE GROVE AVE,2,"REPORTED, NOT EVIDENT",2.0,0.0,0.0,0.0,2.0,1.0,0.0,13,2,10
bb9009b8afd22ca5615aabae960a601c95727d75ff62b71e8c6e168c170735ba3af6b687970b4d1e7442397bada01e264be87534fbff86e6a60a8edb90f42b32,2021-10-11 16:53:00,30,UNKNOWN,UNKNOWN,RAIN,DAYLIGHT,TURNING,UNKNOWN INTERSECTION TYPE,STRAIGHT AND LEVEL,WET,UNKNOWN,NO INJURY / DRIVE AWAY,"OVER $1,500",NOT APPLICABLE,NOT APPLICABLE,4600,W,LAKE ST,2,NO INDICATION OF INJURY,0.0,0.0,0.0,0.0,0.0,2.0,0.0,16,2,10
72fb9b18b7fca4239c2026f6e0f17d0385c324afc6cda39180ff9a34a59ac4f9b7b2494cfc4ed6954e81cf9d1326f5097c4ed38097b4a0929babe0fcbb4883c6,2020-07-31 13:22:00,30,NO CONTROLS,NO CONTROLS,CLEAR,DAYLIGHT,REAR END,NOT DIVIDED,STRAIGHT AND LEVEL,DRY,NO DEFECTS,INJURY AND / OR TOW DUE TO CRASH,"OVER $1,500",FOLLOWING TOO CLOSELY,FOLLOWING TOO CLOSELY,3200,N,CUMBERLAND AVE,3,NONINCAPACITATING INJURY,1.0,0.0,0.0,1.0,0.0,5.0,0.0,13,6,7