CRASH_RECORD_ID,CRASH_DATE,POSTED_SPEED_LIMIT,TRAFFIC_CONTROL_DEVICE,DEVICE_CONDITION,WEATHER_CONDITION,LIGHTING_CONDITION,FIRST_CRASH_TYPE,TRAFFICWAY_TYPE,ALIGNMENT,ROADWAY_SURFACE_COND,ROAD_DEFECT,CRASH_TYPE,DAMAGE,PRIM_CONTRIBUTORY_CAUSE,SEC_CONTRIBUTORY_CAUSE,STREET_NO,STREET_DIRECTION,STREET_NAME,NUM_UNITS,MOST_SEVERE_INJURY,INJURIES_TOTAL,INJURIES_FATAL,INJURIES_INCAPACITATING,INJURIES_NON_INCAPACITATING,INJURIES_REPORTED_NOT_EVIDENT,INJURIES_NO_INDICATION,INJURIES_UNKNOWN,CRASH_HOUR,CRASH_DAY_OF_WEEK,CRASH_MONTH
db907f5c6d5ca9bacc4cef3c2c1022050920df5c9996b1672293d6a43d9a5fb901facf1f17f088276ce7db4fd03214b7b56bca31b96385e11ef6325b7dc24434,2023-06-13 00:00:00,25,UNKNOWN,UNKNOWN,CLEAR,"DARKNESS, LIGHTED ROAD",PARKED MOTOR VEHICLE,NOT DIVIDED,STRAIGHT AND LEVEL,DRY,NO DEFECTS,NO INJURY / DRIVE AWAY,"OVER $1,500",UNABLE TO DETERMINE,UNABLE TO DETERMINE,648,N,CENTRAL PARK AVE,4,NO INDICATION OF INJURY,0.0,0.0,0.0,0.0,0.0,1.0,0.0,0,3,6
2668ab14c241d71161da4b5eff0bb75ccfcc96a7737171b82a849b09318a5970d70bfb1c772c763930a1fd7d420c4721edcb271b2796a6748107b106e8132f2d,2017-05-20 17:22:00,30,NO CONTROLS,NO CONTROLS,CLEAR,DAYLIGHT,REAR END,NOT DIVIDED,STRAIGHT AND LEVEL,WET,NO DEFECTS,INJURY AND / OR TOW DUE TO CRASH,"$501 - $1,500",FOLLOWING TOO CLOSELY,FAILING TO REDUCE SPEED TO AVOID CRASH,6459,W,BELMONT AVE,2,NONINCAPACITATING INJURY,1.0,0.0,0.0,1.0,0.0,2.0,0.0,17,7,5
79e07687e195649c8756fe18045bf7dc392d6be81c4d50425a747b43223f5a27fd6334360557298cfac21ef739641d3b859b31fe1fadc13a129ef7ecff0f0aa9,2022-05-25 21:25:00,30,NO CONTROLS,NO CONTROLS,CLEAR,"DARKNESS, LIGHTED ROAD",PARKED MOTOR VEHICLE,PARKING LOT,STRAIGHT AND LEVEL,WET,NO DEFECTS,NO INJURY / DRIVE AWAY,"$501 - $1,500",UNABLE TO DETERMINE,UNABLE TO DETERMINE,2656,N,ELSTON AVE,2,NO INDICATION OF INJURY,0.0,0.0,0.0,0.0,0.0,2.0,0.0,21,4,5
3ee7f304242c9acfd6da778a72e40fd316b27850e6c54e5521704582856451c2132baac38c8c5a7e95270251d531c814d68e220db7de9dbc3445da2ef8fa4ad2,2023-06-27 04:00:00,30,NO CONTROLS,NO CONTROLS,CLOUDY/OVERCAST,"DARKNESS, LIGHTED ROAD",PARKED MOTOR VEHICLE,DIVIDED - W/MEDIAN (NOT RAISED),STRAIGHT AND LEVEL,DRY,NO DEFECTS,NO INJURY / DRIVE AWAY,"$501 - $1,500",UNABLE TO DETERMINE,UNABLE TO DETERMINE,4001,W,OGDEN AVE,2,NO INDICATION OF INJURY,0.0,0.0,0.0,0.0,0.0,1.0,0.0,4,3,6
b93cb6d8a08971da440341a811660c7a06905f21d9fb6ab4b98d18b09271a4786edef077facc29e31b0a05bf870dd8eb6c3d048e2db3ccdadb4f246b45504d68,2020-02-28 23:37:00,35,TRAFFIC SIGNAL,FUNCTIONING PROPERLY,CLEAR,"DARKNESS, LIGHTED ROAD",SIDESWIPE SAME DIRECTION,NOT DIVIDED,STRAIGHT AND LEVEL,DRY,NO DEFECTS,INJURY AND / OR TOW DUE TO CRASH,"OVER $1,500","OPERATING VEHICLE IN ERRATIC, RECKLESS, CARELESS, NEGLIGENT OR AGGRESSIVE MANNER",DRIVING SKILLS/KNOWLEDGE/EXPERIENCE,494,N,COLUMBUS DR,2,NO INDICATION OF INJURY,0.0,0.0,0.0,0.0,0.0,4.0,0.0,23,6,2
fc105a6749b025371ca54eb132100af6048503d0dbb1e6ae5de12cbe22e1263bdcbc926cec0934246d9c8d293c2fcf7cc35f542392732f8e88d50032e9cbe465,2017-07-07 23:35:00,35,TRAFFIC SIGNAL,FUNCTIONING PROPERLY,CLEAR,"DARKNESS, LIGHTED ROAD",REAR END,NOT DIVIDED,STRAIGHT AND LEVEL,DRY,NO DEFECTS,NO INJURY / DRIVE AWAY,"$501 - $1,500",UNABLE TO DETERMINE,UNABLE TO DETERMINE,360,W,ROOSEVELT RD,2,NO INDICATION OF INJURY,0.0,0.0,0.0,0.0,0.0,2.0,0.0,23,6,7
ca4a7a3ae8efc9643518e44b4367eaeaa69541af4a2b6a99881bd8a92bec3c9c83aada28700db22a986322399ee41d381e5218b9722a10f8aee90833be94c8ac,2022-04-28 16:40:00,20,STOP SIGN/FLASHER,UNKNOWN,UNKNOWN,DAYLIGHT,ANGLE,UNKNOWN INTERSECTION TYPE,STRAIGHT ON GRADE,UNKNOWN,UNKNOWN,INJURY AND / OR TOW DUE TO CRASH,"OVER $1,500",DISREGARDING STOP SIGN,UNABLE TO DETERMINE,430,N,DAMEN AVE,2,"REPORTED, NOT EVIDENT",1.0,0.0,0.0,0.0,1.0,1.0,0.0,16,5,4
cc3147ec34c8c6e4cffb0913945848c3ea2190bdfe38f910cecc60fbd932c2297b6c07ab24bb7bdbdabb4226a9054466f39a3e588544adc399aa43642a2f5ab5,2022-08-16 00:11:00,30,TRAFFIC SIGNAL,FUNCTIONING PROPERLY,CLEAR,"DARKNESS, LIGHTED ROAD",TURNING,DIVIDED - W/MEDIAN (NOT RAISED),STRAIGHT AND LEVEL,DRY,NO DEFECTS,INJURY AND / OR TOW DUE TO CRASH,"OVER $1,500",DISREGARDING TRAFFIC SIGNALS,FAILING TO REDUCE SPEED TO AVOID CRASH,1401,W,ROOSEVELT RD,2,NONINCAPACITATING INJURY,2.0,0.0,0.0,1.0,1.0,2.0,0.0,0,3,8
f6d2208efa648f49884e02bca788c737172526831d56365972107d9547761b66636447252c6daac89e4f9f18b2eb4db3f84a8f41cada216046c22975bcac2dde,2023-08-07 20:50:00,10,NO CONTROLS,NO CONTROLS,CLEAR,"DARKNESS, LIGHTED ROAD",PARKED MOTOR VEHICLE,PARKING LOT,STRAIGHT AND LEVEL,DRY,NO DEFECTS,NO INJURY / DRIVE AWAY,"OVER $1,500",UNABLE TO DETERMINE,UNABLE TO DETERMINE,4400,N,CLARK ST,2,NO INDICATION OF INJURY,0.0,0.0,0.0,0.0,0.0,1.0,0.0,20,2,8
67e9cb10408795875940ce720037c9df8c5b65b6dbb7d74f564ae9cc0a2939cb732384f7a66023d4ab4229d3c3c22f4e5cc9818fe5bbeccc3e67dee906633c58,2020-02-27 08:33:00,25,NO CONTROLS,NO CONTROLS,CLEAR,DAYLIGHT,REAR END,NOT DIVIDED,STRAIGHT AND LEVEL,DRY,WORN SURFACE,NO INJURY / DRIVE AWAY,"OVER $1,500",UNABLE TO DETERMINE,UNABLE TO DETERMINE,1921,W,49TH ST,2,NO INDICATION OF INJURY,0.0,0.0,0.0,0.0,0.0,2.0,0.0,8,5,2
784243a8c2996718c094f7cb26c31524e69bc111d1095b95804fb6daa6c092de7a5296b7ba0a3788dc263f58dec3deaaff727e3feba42ab601ef1b9bf03bca4b,2018-08-11 11:30:00,30,STOP SIGN/FLASHER,FUNCTIONING PROPERLY,CLEAR,DAYLIGHT,REAR END,NOT DIVIDED,STRAIGHT AND LEVEL,DRY,NO DEFECTS,NO INJURY / DRIVE AWAY,$500 OR LESS,FOLLOWING TOO CLOSELY,FOLLOWING TOO CLOSELY,1901,W,21ST PL,2,NO INDICATION OF INJURY,0.0,0.0,0.0,0.0,0.0,2.0,0.0,11,7,8
144962065f14e3d235f02804ec41e1b192240e949308cfe565e519b17ab0aaf148d8bc9c01d92bef167219913f106dc061cf709191316f68f45bf6b5a6b6bf81,2018-07-22 11:20:00,0,NO CONTROLS,NO CONTROLS,CLOUDY/OVERCAST,DAYLIGHT,OTHER NONCOLLISION,ONE-WAY,STRAIGHT AND LEVEL,WET,"RUT, HOLES",INJURY AND / OR TOW DUE TO CRASH,"$501 - $1,500",ROAD ENGINEERING/SURFACE/MARKING DEFECTS,NOT APPLICABLE,2749,N,KILBOURN AVE,1,NO INDICATION OF INJURY,0.0,0.0,0.0,0.0,0.0,1.0,0.0,11,1,7
eeef6c9af3c990abb89ec0b6a433816b3ce882de988598c903e604425a391a85bb15ec9867090aabc5630467a83f35d9adc515274f2e716b289950f80fa6db60,2021-04-04 20:45:00,30,TRAFFIC SIGNAL,UNKNOWN,UNKNOWN,UNKNOWN,REAR END,DIVIDED - W/MEDIAN BARRIER,STRAIGHT AND LEVEL,UNKNOWN,UNKNOWN,NO INJURY / DRIVE AWAY,"OVER $1,500",UNABLE TO DETERMINE,UNABLE TO DETERMINE,2022,S,ASHLAND AVE,2,NO INDICATION OF INJURY,0.0,0.0,0.0,0.0,0.0,2.0,0.0,20,1,4
49748b6767a4d88ea2511e9a5667cd8aa89ec9932583496c8d2f1604d2a60a0b4c98a0d398f5ce31ccad42e091526ec9265a7f39aef91cfc8cf947d7ce537554,2021-09-19 13:55:00,30,NO CONTROLS,NO CONTROLS,CLEAR,DAYLIGHT,PARKED MOTOR VEHICLE,NOT DIVIDED,STRAIGHT AND LEVEL,DRY,NO DEFECTS,NO INJURY / DRIVE AWAY,"OVER $1,500",UNABLE TO DETERMINE,UNABLE TO DETERMINE,5310,W,NORTH AVE,2,NO INDICATION OF INJURY,0.0,0.0,0.0,0.0,0.0,1.0,0.0,13,1,9
1ae98bd77f9702e7cc61b8d2a673755d2acc307f056d89a5e7875889206eefa1e14e013acba8d0cc1551e493b82c384ce0f11651fc6de75e76e252c45216d729,2019-07-01 16:45:00,30,NO CONTROLS,NO CONTROLS,CLEAR,DAYLIGHT,SIDESWIPE SAME DIRECTION,NOT DIVIDED,STRAIGHT AND LEVEL,DRY,NO DEFECTS,NO INJURY / DRIVE AWAY,"$501 - $1,500",NOT APPLICABLE,NOT APPLICABLE,3300,S,KEDZIE AVE,2,NO INDICATION OF INJURY,0.0,0.0,0.0,0.0,0.0,2.0,0.0,16,2,7
218174a7f74f1d29950209d08d3e6195cac4b01db84f9c53f7e9d2200a3406b13df840214b61fc9f7686e1e8d2a32dacd2c5abf3b81bd7ff8f0bf10654f72800,2021-05-06 15:15:00,30,STOP SIGN/FLASHER,NO CONTROLS,CLEAR,DAYLIGHT,TURNING,DIVIDED - W/MEDIAN (NOT RAISED),STRAIGHT AND LEVEL,DRY,NO DEFECTS,NO INJURY / DRIVE AWAY,"OVER $1,500",UNABLE TO DETERMINE,NOT APPLICABLE,8700,S,KENWOOD AVE,2,NO INDICATION OF INJURY,0.0,0.0,0.0,0.0,0.0,2.0,0.0,15,5,5
8aa06630d866426e13476a39b9f8652efd225dbd204491179e67e3c9d3645e6c424be7bb9b2aae299e6dcbcd96094e3182c9a646259beed62dd233e527efc263,2019-03-25 11:51:00,30,TRAFFIC SIGNAL,FUNCTIONING PROPERLY,CLEAR,DAYLIGHT,ANGLE,DIVIDED - W/MEDIAN BARRIER,STRAIGHT AND LEVEL,DRY,NO DEFECTS,NO INJURY / DRIVE AWAY,"$501 - $1,500",FAILING TO YIELD RIGHT-OF-WAY,NOT APPLICABLE,7900,S,STATE ST,2,NO INDICATION OF INJURY,0.0,0.0,0.0,0.0,0.0,3.0,0.0,11,2,3
50d3e3b0e4bb359a75faea6fc63a965154c83835448c24901023fdec4e916a0fffa77e087926a55020804976001e141d87c37fea475e7267faffbdc2b677cc8e,2021-11-10 12:30:00,30,TRAFFIC SIGNAL,FUNCTIONING PROPERLY,CLEAR,DAYLIGHT,ANGLE,FOUR WAY,STRAIGHT AND LEVEL,DRY,NO DEFECTS,INJURY AND / OR TOW DUE TO CRASH,"OVER $1,500",DISREGARDING TRAFFIC SIGNALS,NOT APPLICABLE,400,S,WACKER DR,2,NO INDICATION OF INJURY,0.0,0.0,0.0,0.0,0.0,2.0,0.0,12,4,11
b60fef34d0432ff035ff5c1b4f40342fe453295b1e3de0fef3dd40f2a204a544bf297ffc337f1e666cb96a775efec5b87fa02c93ffa3e821e2912386c0014b51,2020-04-16 17:00:00,30,NO CONTROLS,NO CONTROLS,CLEAR,DAYLIGHT,REAR END,FOUR WAY,STRAIGHT AND LEVEL,DRY,NO DEFECTS,NO INJURY / DRIVE AWAY,"$501 - $1,500",UNABLE TO DETERMINE,NOT APPLICABLE,5700,N,CENTRAL AVE,2,NO INDICATION OF INJURY,0.0,0.0,0.0,0.0,0.0,3.0,0.0,17,5,4
fa9e0b4d1bff2d49073a8ab76f59d97394a02f73c6f0d566df9b22f86cb7543ba8cbdece1766f7862b7c1dc77d5376be05c0a7926fa871c294e461402961fe02,2023-05-18 07:00:00,30,TRAFFIC SIGNAL,FUNCTIONING PROPERLY,CLEAR,DAYLIGHT,TURNING,DIVIDED - W/MEDIAN (NOT RAISED),STRAIGHT AND LEVEL,DRY,NO DEFECTS,NO INJURY / DRIVE AWAY,"OVER $1,500",DRIVING ON WRONG SIDE/WRONG WAY,IMPROPER OVERTAKING/PASSING,3728,S,ARCHER AVE,2,NO INDICATION OF INJURY,0.0,0.0,0.0,0.0,0.0,2.0,0.0,7,5,5
4b8566c34c5201f18926a1236da9894b7a7a7131f7dc87e304ae4a186e2b21e79b01de1912c6806348d15cd84b90b4e2b79a86079165bcba239e64b0ec1dc978,2022-01-04 12:20:00,20,NO CONTROLS,NO CONTROLS,CLEAR,DAYLIGHT,REAR END,NOT DIVIDED,STRAIGHT AND LEVEL,DRY,NO DEFECTS,NO INJURY / DRIVE AWAY,"$501 - $1,500",UNABLE TO DETERMINE,NOT APPLICABLE,7155,W,FOSTER AVE,2,NO INDICATION OF INJURY,0.0,0.0,0.0,0.0,0.0,2.0,0.0,12,3,1
f80313adb165b27c6b91559467f74bd67017d71d01662f32a4a4bc98130d7374e859be0e39e5da38bc087b73707a3d749e35e5194069e31caed13f59ab4336ef,2019-12-07 19:50:00,30,NO CONTROLS,NO CONTROLS,CLEAR,DARKNESS,ANGLE,NOT DIVIDED,STRAIGHT AND LEVEL,DRY,NO DEFECTS,NO INJURY / DRIVE AWAY,"OVER $1,500",FAILING TO YIELD RIGHT-OF-WAY,NOT APPLICABLE,1620,W,WILSON AVE,2,NO INDICATION OF INJURY,0.0,0.0,0.0,0.0,0.0,2.0,0.0,19,7,12
304f5e885dab23868e8293605e4ab72fd4a2a757bbf3e173cedfaf4e41c20870593f08723eea4033d1111b348be97fd79ff903038b68f2ac791faaea98847acb,2019-08-14 09:30:00,30,NO CONTROLS,NO CONTROLS,CLEAR,DAYLIGHT,SIDESWIPE SAME DIRECTION,ONE-WAY,STRAIGHT AND LEVEL,DRY,NO DEFECTS,NO INJURY / DRIVE AWAY,"$501 - $1,500",IMPROPER LANE USAGE,NOT APPLICABLE,100,E,OHIO ST,2,NO INDICATION OF INJURY,0.0,0.0,0.0,0.0,0.0,2.0,0.0,9,4,8
353e1e7c0cdc7712b5bf4f9045503636eb61cc03026048920c3ea7a4e8a5cdad3ee5a704c145d43584f4f42696b5489f03bf369b77b93ab3ada8d0d67e21f60d,2022-11-14 16:10:00,30,TRAFFIC SIGNAL,FUNCTIONING PROPERLY,CLEAR,DARKNESS,ANGLE,FOUR WAY,STRAIGHT AND LEVEL,DRY,UNKNOWN,INJURY AND / OR TOW DUE TO CRASH,"OVER $1,500",DISREGARDING TRAFFIC SIGNALS,NOT APPLICABLE,6700,S,MORGAN ST,2,"REPORTED, NOT EVIDENT",3.0,0.0,0.0,0.0,3.0,1.0,0.0,16,2,11
83284b0f66d042ca9157327547128ce750e3c6708689207248fc329e6c92a6488643a78fc9208192e542353e21a84d4ac48447524ec03b0786f1242f5f94acc5,2021-05-29 20:20:00,10,NO CONTROLS,NO CONTROLS,CLEAR,"DARKNESS, LIGHTED ROAD",FIXED OBJECT,ALLEY,STRAIGHT AND LEVEL,DRY,NO DEFECTS,NO INJURY / DRIVE AWAY,"OVER $1,500",EQUIPMENT - VEHICLE CONDITION,NOT APPLICABLE,3049,N,NEENAH AVE,2,NO INDICATION OF INJURY,0.0,0.0,0.0,0.0,0.0,1.0,0.0,20,7,5
c4a71ecad78249d68f97a52a1397fbc092fc52217e9673f15b653d2b12c3e190edbec19e232eedc66dcb84e8d472ba4d71ff5b742518d543b31ab99aca514719,2019-08-09 17:30:00,30,STOP SIGN/FLASHER,FUNCTIONING PROPERLY,CLEAR,DAYLIGHT,REAR END,NOT DIVIDED,STRAIGHT AND LEVEL,DRY,NO DEFECTS,NO INJURY / DRIVE AWAY,"OVER $1,500",FOLLOWING TOO CLOSELY,NOT APPLICABLE,2026,W,DEVON AVE,2,NO INDICATION OF INJURY,0.0,0.0,0.0,0.0,0.0,2.0,0.0,17,6,8
67716be3ed2b1036e8f0ef5660e74cbd1e6b2eca5374553f63b5fcd125869fab3c63904d26626d3d3bd07a7a404e4fa3beb0619b305f7ee3183e83b5b7f68f9b,2021-09-04 19:45:00,30,UNKNOWN,UNKNOWN,UNKNOWN,UNKNOWN,REAR END,DIVIDED - W/MEDIAN (NOT RAISED),STRAIGHT AND LEVEL,UNKNOWN,UNKNOWN,INJURY AND / OR TOW DUE TO CRASH,"OVER $1,500",UNABLE TO DETERMINE,UNABLE TO DETERMINE,4701,W,LAKE ST,2,NONINCAPACITATING INJURY,2.0,0.0,0.0,2.0,0.0,1.0,0.0,19,7,9
77614b802942d3d565d1aea0f8ac58aa8b78221230b3a722af1b554433610d6af2480f7e63d23413df3f50cae69e6c89ee97b4d0bdeb5b6f126c1f831bc7c838,2024-03-28 05:26:00,30,NO CONTROLS,NO CONTROLS,CLEAR,"DARKNESS, LIGHTED ROAD",TURNING,NOT DIVIDED,STRAIGHT AND LEVEL,DRY,NO DEFECTS,NO INJURY / DRIVE AWAY,"OVER $1,500",FOLLOWING TOO CLOSELY,UNABLE TO DETERMINE,4555,W,GRAND AVE,2,NO INDICATION OF INJURY,0.0,0.0,0.0,0.0,0.0,2.0,0.0,5,5,3
86fd4f9b21cba04ce1d7159ac8deb402a92e325509e0f590cb61d2dfe4c06fadef6acf333a9ce409fdef30a8ecbafcefc6a4cd0f3298d422a70d6159bd3465ae,2020-08-12 14:50:00,30,TRAFFIC SIGNAL,UNKNOWN,CLEAR,DAYLIGHT,TURNING,FOUR WAY,STRAIGHT AND LEVEL,DRY,NO DEFECTS,INJURY AND / OR TOW DUE TO CRASH,"OVER $1,500",IMPROPER TURNING/NO SIGNAL,FAILING TO REDUCE SPEED TO AVOID CRASH,2600,S,WESTERN AVE,3,NO INDICATION OF INJURY,0.0,0.0,0.0,0.0,0.0,6.0,0.0,14,4,8
622284478b37394609184697e28cf58bdb53a247d49e327ec2a1ed97f743276ba7c50e5ac66ad706d7db6b26e3eca14aef60d6a17b9cc5fe3319ff0658a3f0ff,2022-12-19 19:30:00,10,NO CONTROLS,NO CONTROLS,CLEAR,"DARKNESS, LIGHTED ROAD",REAR TO REAR,PARKING LOT,STRAIGHT AND LEVEL,DRY,NO DEFECTS,NO INJURY / DRIVE AWAY,"$501 - $1,500",DRIVING SKILLS/KNOWLEDGE/EXPERIENCE,NOT APPLICABLE,4650,W,NORTH AVE,2,NO INDICATION OF INJURY,0.0,0.0,0.0,0.0,0.0,2.0,0.0,19,2,12
a144fd61ac0f733c60ca60c581f66f242f5059921c2490641b1f78879a6bb6e24b1edf994ba86d120a46f8600d59a2aa393b7f29c287b6a6872885775116c129,2021-10-08 23:15:00,30,NO CONTROLS,NO CONTROLS,CLEAR,"DARKNESS, LIGHTED ROAD",REAR END,NOT DIVIDED,STRAIGHT AND LEVEL,DRY,NO DEFECTS,NO INJURY / DRIVE AWAY,"$501 - $1,500",FOLLOWING TOO CLOSELY,NOT APPLICABLE,2525,N,CLARK ST,2,NO INDICATION OF INJURY,0.0,0.0,0.0,0.0,0.0,3.0,0.0,23,6,10
852bf1d7a0a4796d6152663ce2801e953fd5f232e68c3b6324d61b1a0d4640a8ef3b38557a85caa7967e197d6f7adebf4d18e79af48841147522d11092b89e19,2018-11-29 17:40:00,15,NO CONTROLS,NO CONTROLS,CLEAR,"DARKNESS, LIGHTED ROAD",PARKED MOTOR VEHICLE,PARKING LOT,STRAIGHT AND LEVEL,DRY,NO DEFECTS,NO INJURY / DRIVE AWAY,"$501 - $1,500",IMPROPER BACKING,FAILING TO REDUCE SPEED TO AVOID CRASH,4701,W,DIVERSEY AVE,2,NO INDICATION OF INJURY,0.0,0.0,0.0,0.0,0.0,1.0,0.0,17,5,11
1b65eae6a20cf24059019cb07a078ba11d6cd2daa099e193cbe200428955b42ad414ccd4a57d76a7f4c3c5f9ea08f1991158b03094c702d9971bed7c98f0c288,2016-10-06 05:00:00,30,NO CONTROLS,NO CONTROLS,CLEAR,"DARKNESS, LIGHTED ROAD",REAR END,DIVIDED - W/MEDIAN BARRIER,STRAIGHT AND LEVEL,DRY,NO DEFECTS,INJURY AND / OR TOW DUE TO CRASH,"OVER $1,500",UNABLE TO DETERMINE,UNABLE TO DETERMINE,810,S,WESTERN AVE,5,NO INDICATION OF INJURY,0.0,0.0,0.0,0.0,0.0,3.0,0.0,5,5,10
176dd9007233bfd3b2acec3b3c829cf27555b32b77b9ee5f90f1a822ffcf0e5fc5a86f845b2d2ad1097298d3e804a7a6bd5b42e38cc84fac06d0409092a40b9d,2017-05-12 18:00:00,30,NO CONTROLS,NO CONTROLS,CLEAR,DAYLIGHT,REAR END,NOT DIVIDED,STRAIGHT AND LEVEL,DRY,NO DEFECTS,NO INJURY / DRIVE AWAY,"$501 - $1,500",FOLLOWING TOO CLOSELY,FAILING TO REDUCE SPEED TO AVOID CRASH,5912,W,DIVERSEY AVE,2,NO INDICATION OF INJURY,0.0,0.0,0.0,0.0,0.0,3.0,0.0,18,6,5
d577f0e183ea4ed79d8cbccd556245853e4043ddc0864c66deb4bc9ddcab6f59ae51c8a4853192faff8dfcd8a2ec0234bcc1360309f91738bd573c38a96ac819,2016-12-22 10:30:00,30,TRAFFIC SIGNAL,FUNCTIONING PROPERLY,CLEAR,DAYLIGHT,TURNING,NOT DIVIDED,STRAIGHT AND LEVEL,DRY,NO DEFECTS,NO INJURY / DRIVE AWAY,"OVER $1,500",IMPROPER OVERTAKING/PASSING,IMPROPER OVERTAKING/PASSING,7500,S,STATE ST,2,NO INDICATION OF INJURY,0.0,0.0,0.0,0.0,0.0,2.0,0.0,10,5,12
d926cfcac4b36387682bedc67b038b58978ee620207a702d3dd79ef59b231bd6ee74abffebace422f9ca0646abf45fc5a8f79fca23e93263f691d93f7c62ad16,2018-05-21 08:00:00,25,NO CONTROLS,NO CONTROLS,RAIN,DAYLIGHT,REAR END,NOT DIVIDED,STRAIGHT AND LEVEL,WET,UNKNOWN,NO INJURY / DRIVE AWAY,"$501 - $1,500",UNABLE TO DETERMINE,NOT APPLICABLE,1801,W,DEVON AVE,2,NO INDICATION OF INJURY,0.0,0.0,0.0,0.0,0.0,2.0,0.0,8,2,5
10a483edd046ea47437e6819ff196928ab668c059ca6fd1e4b0ce8a0d1c761652ab172b16e9b807a3febb715c852e57037f75dbcb3e2344381179db505f690d7,2021-06-14 19:48:00,30,TRAFFIC SIGNAL,FUNCTIONING PROPERLY,CLEAR,DAYLIGHT,ANGLE,DIVIDED - W/MEDIAN (NOT RAISED),STRAIGHT AND LEVEL,DRY,NO DEFECTS,INJURY AND / OR TOW DUE TO CRASH,"OVER $1,500",DISREGARDING TRAFFIC SIGNALS,NOT APPLICABLE,3600,W,WASHINGTON BLVD,2,NO INDICATION OF INJURY,0.0,0.0,0.0,0.0,0.0,3.0,0.0,19,2,6
dab5594267f0e6fd11e3f1e7ce6f0ec813c8f3c03c04d3a96b50091b34d4e468aa26984ded09b9f266977c012e10ae7f3ea9f0ac350013a3238ec4bdeba03737,2019-11-18 11:25:00,30,TRAFFIC SIGNAL,FUNCTIONING PROPERLY,CLEAR,DAYLIGHT,REAR END,NOT DIVIDED,STRAIGHT AND LEVEL,DRY,NO DEFECTS,INJURY AND / OR TOW DUE TO CRASH,$500 OR LESS,FAILING TO REDUCE SPEED TO AVOID CRASH,FOLLOWING TOO CLOSELY,3943,N,CICERO AVE,2,NONINCAPACITATING INJURY,1.0,0.0,0.0,1.0,0.0,2.0,0.0,11,2,11
ed3f21342239c29ef693dcdc0526df12654ceada46595a9635fef24e37334429712fc0c5cdb7c31f3e037ae06cee43b16e854064b7257729293d95ace9ab3f0e,2022-08-31 01:45:00,30,STOP SIGN/FLASHER,NO CONTROLS,CLEAR,"DARKNESS, LIGHTED ROAD",ANGLE,FOUR WAY,STRAIGHT AND LEVEL,DRY,NO DEFECTS,INJURY AND / OR TOW DUE TO CRASH,"OVER $1,500",UNABLE TO DETERMINE,UNABLE TO DETERMINE,9200,S,STONY ISLAND AVE,2,NONINCAPACITATING INJURY,3.0,0.0,0.0,3.0,0.0,0.0,0.0,1,4,8
a53626a2b7544c7f6120ce9233751bd3da2171c92e105e01def9376885329a2f1a25246661e398413726413c30a0f31f9928d6a70e12139e14006b76325b64ae,2018-07-11 13:54:00,30,STOP SIGN/FLASHER,FUNCTIONING PROPERLY,CLEAR,DAYLIGHT,ANGLE,NOT DIVIDED,STRAIGHT AND LEVEL,DRY,NO DEFECTS,INJURY AND / OR TOW DUE TO CRASH,"OVER $1,500",UNABLE TO DETERMINE,UNABLE TO DETERMINE,10700,S,AVENUE O,2,"REPORTED, NOT EVIDENT",1.0,0.0,0.0,0.0,1.0,2.0,0.0,13,4,7
4302d490d600982ffcfd1bbeef07ed98e0e4321932f3db312c7e7a1538764ccf893757d0fff6490b440642271e5360d1a55288fe36bf2b301fb2ed3038dfaaad,2023-11-21 11:00:00,30,NO CONTROLS,NO CONTROLS,CLEAR,DAYLIGHT,REAR END,NOT DIVIDED,STRAIGHT AND LEVEL,DRY,NO DEFECTS,NO INJURY / DRIVE AWAY,"OVER $1,500",FAILING TO REDUCE SPEED TO AVOID CRASH,FOLLOWING TOO CLOSELY,5223,S,ARCHER AVE,2,NO INDICATION OF INJURY,0.0,0.0,0.0,0.0,0.0,2.0,0.0,11,3,11
8178c49f714e2bb90101c104f34d11a454d742fe8e50cf4628517f8775aff6c4b15c03a20c4e472366f79c7452eafc232178b38e30088c4f01b2ed0d09811208,2020-04-29 14:45:00,30,NO CONTROLS,NO CONTROLS,RAIN,DAYLIGHT,FIXED OBJECT,NOT DIVIDED,STRAIGHT AND LEVEL,WET,UNKNOWN,INJURY AND / OR TOW DUE TO CRASH,"$501 - $1,500",UNABLE TO DETERMINE,NOT APPLICABLE,4824,W,LAKE ST,1,NO INDICATION OF INJURY,0.0,0.0,0.0,0.0,0.0,1.0,0.0,14,4,4
6bc02fee79d1036ce6eefc47c0f14630fd06f9194d5d9de6bdfe569b7279718b9ca9203a2f8a7ad34db9556fd955dbdedb67a2a81dc16daea6e5ee358d9ac74d,2018-02-20 18:30:00,30,NO CONTROLS,NO CONTROLS,RAIN,"DARKNESS, LIGHTED ROAD",SIDESWIPE SAME DIRECTION,NOT DIVIDED,STRAIGHT AND LEVEL,WET,NO DEFECTS,NO INJURY / DRIVE AWAY,"OVER $1,500",UNABLE TO DETERMINE,NOT APPLICABLE,105,N,WESTERN AVE,2,NO INDICATION OF INJURY,0.0,0.0,0.0,0.0,0.0,2.0,0.0,18,3,2