CRASH_RECORD_ID,CRASH_DATE,POSTED_SPEED_LIMIT,TRAFFIC_CONTROL_DEVICE,DEVICE_CONDITION,WEATHER_CONDITION,LIGHTING_CONDITION,FIRST_CRASH_TYPE,TRAFFICWAY_TYPE,ALIGNMENT,ROADWAY_SURFACE_COND,ROAD_DEFECT,CRASH_TYPE,DAMAGE,PRIM_CONTRIBUTORY_CAUSE,SEC_CONTRIBUTORY_CAUSE,STREET_NO,STREET_DIRECTION,STREET_NAME,NUM_UNITS,MOST_SEVERE_INJURY,INJURIES_TOTAL,INJURIES_FATAL,INJURIES_INCAPACITATING,INJURIES_NON_INCAPACITATING,INJURIES_REPORTED_NOT_EVIDENT,INJURIES_NO_INDICATION,INJURIES_UNKNOWN,CRASH_HOUR,CRASH_DAY_OF_WEEK,CRASH_MONTH
136c2dc90f9127c23a6d41d3d4a2bf51a5dfdbbdc069bbcab5238fa8f11a28b1552cdeba31fb6b5a226b3e21f500c0f78a5aa5635cfe66a1cdd48eb45cdb2865,2021-05-01 10:43:00,30,NO CONTROLS,NO CONTROLS,UNKNOWN,DAYLIGHT,SIDESWIPE SAME DIRECTION,NOT DIVIDED,STRAIGHT AND LEVEL,UNKNOWN,UNKNOWN,NO INJURY / DRIVE AWAY,"OVER $1,500",DRIVING SKILLS/KNOWLEDGE/EXPERIENCE,NOT APPLICABLE,702,N,DAMEN AVE,2,NO INDICATION OF INJURY,0.0,0.0,0.0,0.0,0.0,4.0,0.0,10,7,5
b0b0e80db33166eb9a1031c0d75318cecb61865520d7940da6850d848bd4ac9c439e00d2b84eca52cf0c4ba059207b18d247fc3dcd252808c1af8ee9f97023d8,2022-08-06 17:30:00,30,UNKNOWN,UNKNOWN,UNKNOWN,UNKNOWN,REAR END,NOT DIVIDED,STRAIGHT AND LEVEL,UNKNOWN,UNKNOWN,NO INJURY / DRIVE AWAY,$500 OR LESS,UNABLE TO DETERMINE,UNABLE TO DETERMINE,500,N,HALSTED ST,2,NO INDICATION OF INJURY,0.0,0.0,0.0,0.0,0.0,2.0,0.0,17,7,8
ac8f89ff7ea99ab52e823e87692b407ae1acd347d34a29f5bb6ee225910bb10cb745980b315dda84b715fa51406910f4f3e05c279eaa6298e19da1816e0bbb25,2021-06-24 11:07:00,30,NO CONTROLS,NO CONTROLS,CLEAR,DAYLIGHT,ANGLE,DIVIDED - W/MEDIAN (NOT RAISED),STRAIGHT AND LEVEL,DRY,NO DEFECTS,NO INJURY / DRIVE AWAY,"OVER $1,500",FAILING TO YIELD RIGHT-OF-WAY,FAILING TO YIELD RIGHT-OF-WAY,8801,S,ASHLAND AVE,2,NO INDICATION OF INJURY,0.0,0.0,0.0,0.0,0.0,2.0,0.0,11,5,6
aee18e18fda63dd4c75665e36cf11f4995f0e94cb26c82cb3cb5c104469f579cc7f934e85321ec4b74122ac72e237b48920e1e3343de0f41486e27b61332dd79,2018-04-04 16:24:00,30,NO CONTROLS,NO CONTROLS,CLEAR,DAYLIGHT,SIDESWIPE SAME DIRECTION,NOT DIVIDED,STRAIGHT AND LEVEL,DRY,NO DEFECTS,NO INJURY / DRIVE AWAY,"OVER $1,500",FOLLOWING TOO CLOSELY,IMPROPER OVERTAKING/PASSING,1917,E,79TH ST,2,NO INDICATION OF INJURY,0.0,0.0,0.0,0.0,0.0,12.0,0.0,16,4,4
fa581bea09085f7891e6fb980c561d472038a271c5964049547e5d7bbd55bdbcb875d90064463a57c0d404000d01ddb18238bdf86d92d883a8f184f328885e34,2018-05-13 16:20:00,30,NO CONTROLS,NO CONTROLS,CLEAR,DAYLIGHT,FIXED OBJECT,NOT DIVIDED,STRAIGHT AND LEVEL,DRY,NO DEFECTS,INJURY AND / OR TOW DUE TO CRASH,"OVER $1,500",DISTRACTION - FROM OUTSIDE VEHICLE,"OPERATING VEHICLE IN ERRATIC, RECKLESS, CARELESS, NEGLIGENT OR AGGRESSIVE MANNER",1301,W,109TH ST,1,NO INDICATION OF INJURY,0.0,0.0,0.0,0.0,0.0,4.0,0.0,16,1,5
fdbe0e101636ad246d684bdabc37d16179eac7703e274d4777b331104cf29e17459348d3fa6ddaab0f205fa3ae9e3f72937fbe03a196c5af05c9a66960938eae,2023-02-19 01:57:00,30,NO CONTROLS,NO CONTROLS,CLEAR,DARKNESS,PARKED MOTOR VEHICLE,DIVIDED - W/MEDIAN (NOT RAISED),STRAIGHT AND LEVEL,DRY,NO DEFECTS,INJURY AND / OR TOW DUE TO CRASH,"OVER $1,500",DISTRACTION - FROM INSIDE VEHICLE,NOT APPLICABLE,10500,S,MICHIGAN AVE,2,NO INDICATION OF INJURY,0.0,0.0,0.0,0.0,0.0,1.0,0.0,1,1,2
c313f7a57e4ccba2d9bddd75ebea5d11ebbe6c0e8325408c878ce08a462ed454a95af80cb257381749a3f4d12eb2c49bba2cd27d65505ca57531ae453aaab2f7,2024-03-11 14:45:00,30,NO CONTROLS,NO CONTROLS,CLEAR,DAYLIGHT,ANGLE,NOT DIVIDED,STRAIGHT AND LEVEL,DRY,NO DEFECTS,NO INJURY / DRIVE AWAY,"OVER $1,500",FAILING TO YIELD RIGHT-OF-WAY,NOT APPLICABLE,3616,W,WILSON AVE,2,NO INDICATION OF INJURY,0.0,0.0,0.0,0.0,0.0,2.0,0.0,14,2,3
94d20c27201acc2be78e8b19ecb3f3ab5c5755a69f331613d25218ec5750a3c52787aa63b151143a0c6541cfc1387b740c2cecefdb8b19735d26be1ab87653ed,2022-07-16 16:30:00,30,NO CONTROLS,NO CONTROLS,CLEAR,DAYLIGHT,PARKED MOTOR VEHICLE,NOT DIVIDED,STRAIGHT AND LEVEL,DRY,NO DEFECTS,INJURY AND / OR TOW DUE TO CRASH,"OVER $1,500",UNABLE TO DETERMINE,NOT APPLICABLE,1336,E,71ST PL,3,NO INDICATION OF INJURY,0.0,0.0,0.0,0.0,0.0,1.0,0.0,16,7,7
bf65340c75938648b03f516bee1b64a0d25d3df769f61bc9d3d7a4b495f974654e1763f532c902e3934166ddf39962ad194b2f8425a7b0454d21941ed0b886df,2019-06-29 12:45:00,30,NO CONTROLS,NO CONTROLS,CLEAR,DAYLIGHT,SIDESWIPE SAME DIRECTION,NOT DIVIDED,STRAIGHT AND LEVEL,DRY,NO DEFECTS,INJURY AND / OR TOW DUE TO CRASH,"$501 - $1,500",EQUIPMENT - VEHICLE CONDITION,EQUIPMENT - VEHICLE CONDITION,4456,N,CENTRAL AVE,2,"REPORTED, NOT EVIDENT",1.0,0.0,0.0,0.0,1.0,1.0,0.0,12,7,6
5a6d04a6aec5d95384cc36e67103248a08c6a8abb14bdac3d0cdb8228dae33c61b5476c784475843ed47b47f83392b54e1cc6bbd609267b2c339b2410a861686,2020-01-07 07:55:00,30,TRAFFIC SIGNAL,FUNCTIONING PROPERLY,CLEAR,DAYLIGHT,TURNING,FOUR WAY,STRAIGHT AND LEVEL,DRY,NO DEFECTS,INJURY AND / OR TOW DUE TO CRASH,"OVER $1,500",IMPROPER TURNING/NO SIGNAL,FAILING TO YIELD RIGHT-OF-WAY,2,N,WESTERN AVE,2,NONINCAPACITATING INJURY,1.0,0.0,0.0,1.0,0.0,1.0,0.0,7,3,1
dafa07fdc5d519f2b6ad78671f8ad89b2fe0e824a21743b67889ba7713073526bc473bfdc116f0fe019204af0ba47a1157a8a16fcdabea7c0bf31975883e34d0,2018-11-22 17:00:00,30,NO CONTROLS,NO CONTROLS,UNKNOWN,UNKNOWN,PARKED MOTOR VEHICLE,NOT DIVIDED,STRAIGHT AND LEVEL,UNKNOWN,UNKNOWN,NO INJURY / DRIVE AWAY,$500 OR LESS,FOLLOWING TOO CLOSELY,IMPROPER BACKING,2357,N,LISTER AVE,2,NO INDICATION OF INJURY,0.0,0.0,0.0,0.0,0.0,1.0,0.0,17,5,11
c385431b25ed143fa66ed98e5ef6f2371512e24fa2b879e7a2010ccf206fa4c87975fc6da5ee06136dbe3fb3a92b8e3c5b9f99513d5a9a578f6b4f6a52774650,2017-11-08 22:45:00,30,NO CONTROLS,NO CONTROLS,CLEAR,"DARKNESS, LIGHTED ROAD",SIDESWIPE SAME DIRECTION,NOT DIVIDED,STRAIGHT AND LEVEL,DRY,NO DEFECTS,NO INJURY / DRIVE AWAY,"$501 - $1,500",IMPROPER OVERTAKING/PASSING,NOT APPLICABLE,3106,N,HARLEM AVE,2,NO INDICATION OF INJURY,0.0,0.0,0.0,0.0,0.0,2.0,0.0,22,4,11
5c2e779cd3e31b78620c4fbe7ff27763664c793d2d9becb968a55afec2783620f5014b5a7751424aba5582644f904b5674cfa85bd7624133f5e300b990265a82,2017-06-13 11:41:00,30,NO CONTROLS,UNKNOWN,CLEAR,DAYLIGHT,REAR END,NOT DIVIDED,STRAIGHT AND LEVEL,DRY,NO DEFECTS,NO INJURY / DRIVE AWAY,"OVER $1,500",NOT APPLICABLE,NOT APPLICABLE,3269,W,COLUMBUS AVE,2,NO INDICATION OF INJURY,0.0,0.0,0.0,0.0,0.0,2.0,0.0,11,3,6
43fad60384135ff0ceb3fc4a92bbd721f0106be3b8b8d8d76968b00077b8dfc091b7fa2825e1bc177769e3f309924633f6213a66cafc63f3253a86ac6ba085c5,2022-12-22 12:30:00,25,NO CONTROLS,OTHER,CLEAR,DAYLIGHT,TURNING,NOT DIVIDED,STRAIGHT AND LEVEL,DRY,NO DEFECTS,NO INJURY / DRIVE AWAY,"OVER $1,500",NOT APPLICABLE,NOT APPLICABLE,2327,N,ASHLAND AVE,2,NO INDICATION OF INJURY,0.0,0.0,0.0,0.0,0.0,2.0,0.0,12,5,12
5b1bee595fbbe6e43daff68272944458fbfede0ef067b23eed75e054e299a238bc036a1739dd851f78fe7dd4aa98050025807180bb9a4a58c722e0237241221b,2017-05-22 23:15:00,30,TRAFFIC SIGNAL,FUNCTIONING PROPERLY,CLEAR,"DARKNESS, LIGHTED ROAD",TURNING,NOT DIVIDED,STRAIGHT AND LEVEL,DRY,NO DEFECTS,INJURY AND / OR TOW DUE TO CRASH,"OVER $1,500",UNABLE TO DETERMINE,UNABLE TO DETERMINE,758,W,74TH ST,2,NO INDICATION OF INJURY,0.0,0.0,0.0,0.0,0.0,1.0,0.0,23,2,5
78e8c0aac0f9c356a570cd1570589e535a5d98c91d44a5a1129cbcf6772af9e6f28c5caf28203797d88ee9d3887f3b62829e253ed77309db1f1429e0aec4516d,2017-10-11 18:15:00,30,UNKNOWN,UNKNOWN,UNKNOWN,UNKNOWN,REAR END,UNKNOWN,STRAIGHT AND LEVEL,UNKNOWN,UNKNOWN,NO INJURY / DRIVE AWAY,"OVER $1,500",UNABLE TO DETERMINE,NOT APPLICABLE,7615,W,FOREST PRESERVE AVE,2,NO INDICATION OF INJURY,0.0,0.0,0.0,0.0,0.0,2.0,0.0,18,4,10
557c3c6b453127bb1469cd14bb1e937e55da7d859e81a89ac295bb910c0054a91d694db1ac9f8a635ac64a2946dd8b0b93de2be9787a8096a89c70947d5642d4,2023-02-10 16:25:00,30,NO CONTROLS,NO CONTROLS,CLEAR,DAYLIGHT,PARKED MOTOR VEHICLE,NOT DIVIDED,STRAIGHT AND LEVEL,DRY,UNKNOWN,NO INJURY / DRIVE AWAY,"$501 - $1,500",UNABLE TO DETERMINE,UNABLE TO DETERMINE,8368,W,SUMMERDALE AVE,2,NO INDICATION OF INJURY,0.0,0.0,0.0,0.0,0.0,2.0,0.0,16,6,2
e7830f4824aa93e30ba3e842af91a00f36fae43758aaa00ed3e5e418c35e2833dc8992d83b4851250fe2d8c5326f6e855d6fc85979ddc4970e3a8d0d9c863867,2020-07-01 19:31:00,25,NO CONTROLS,NO CONTROLS,CLEAR,DAYLIGHT,PARKED MOTOR VEHICLE,ONE-WAY,STRAIGHT AND LEVEL,DRY,NO DEFECTS,NO INJURY / DRIVE AWAY,"$501 - $1,500",NOT APPLICABLE,NOT APPLICABLE,1330,N,LOREL AVE,2,NO INDICATION OF INJURY,0.0,0.0,0.0,0.0,0.0,1.0,0.0,19,4,7
534f9499f5968dcc1012a1eac8f80d59915de4650639809160f2f175b9961d58fe8ffec35942913865f2699822fd8a17b5fd9bc70132e4f077a90f5b105107f7,2023-04-27 09:50:00,30,TRAFFIC SIGNAL,FUNCTIONING PROPERLY,CLEAR,DAYLIGHT,REAR END,FOUR WAY,STRAIGHT AND LEVEL,DRY,NO DEFECTS,NO INJURY / DRIVE AWAY,"OVER $1,500",UNABLE TO DETERMINE,UNABLE TO DETERMINE,1607,W,FULLERTON AVE,2,NO INDICATION OF INJURY,0.0,0.0,0.0,0.0,0.0,3.0,0.0,9,5,4
74738a7c44c50bb1dbeb2a07c9af409527bb0d26c4b68d830ec80a1073f190a3bf6fdf7372f98301ba7301d93cfbd03f26583d2bec877d2ce24099d9019eeae6,2019-10-28 10:00:00,30,NO CONTROLS,NO CONTROLS,CLEAR,DAYLIGHT,PARKED MOTOR VEHICLE,OTHER,STRAIGHT AND LEVEL,DRY,NO DEFECTS,INJURY AND / OR TOW DUE TO CRASH,"OVER $1,500",UNABLE TO DETERMINE,NOT APPLICABLE,2332,N,LARAMIE AVE,2,NO INDICATION OF INJURY,0.0,0.0,0.0,0.0,0.0,1.0,0.0,10,2,10
f5369a803a2bd42e50d7de0c2c7783648fe80d47ab24d595da090bc196296ce92de5b79b778f73b5310fe674735972735129f8a7c393c70aea8f53ca2e4ed586,2019-11-15 06:45:00,30,NO CONTROLS,NO CONTROLS,CLEAR,DAYLIGHT,SIDESWIPE SAME DIRECTION,NOT DIVIDED,STRAIGHT AND LEVEL,DRY,NO DEFECTS,NO INJURY / DRIVE AWAY,$500 OR LESS,UNABLE TO DETERMINE,UNABLE TO DETERMINE,3810,W,GRAND AVE,2,NO INDICATION OF INJURY,0.0,0.0,0.0,0.0,0.0,3.0,0.0,6,6,11
cb3511cf2ebb8bebda6d22f66c4d2a2a1f496e5881f011c48480e64156df41c2e92e15430044e961af47f63a617eea5799a60f5c7a21004af770bba84311adb8,2020-10-23 09:15:00,30,TRAFFIC SIGNAL,FUNCTIONING PROPERLY,RAIN,"DARKNESS, LIGHTED ROAD",TURNING,FOUR WAY,STRAIGHT AND LEVEL,WET,NO DEFECTS,INJURY AND / OR TOW DUE TO CRASH,"OVER $1,500",IMPROPER TURNING/NO SIGNAL,FAILING TO YIELD RIGHT-OF-WAY,5555,W,FULLERTON AVE,2,NO INDICATION OF INJURY,0.0,0.0,0.0,0.0,0.0,4.0,0.0,9,6,10
cf275ced4e71b9670511c61405ce29bc5fa3b78043cc047b5bc028df9f819e81a813e3380b09601af29c902aecaf1739e441c8aacf90760ff2e8abe17cb61da1,2020-12-08 11:00:00,30,NO CONTROLS,NO CONTROLS,CLEAR,"DARKNESS, LIGHTED ROAD",PARKED MOTOR VEHICLE,ONE-WAY,STRAIGHT AND LEVEL,DRY,NO DEFECTS,NO INJURY / DRIVE AWAY,"OVER $1,500",UNABLE TO DETERMINE,UNABLE TO DETERMINE,6049,S,CAMPBELL AVE,2,NO INDICATION OF INJURY,0.0,0.0,0.0,0.0,0.0,1.0,0.0,11,3,12
162c7505983be002df71b7ab318971a6c182a32bf5219042f04d376a1a4ec56f1655be5a279f1297d1d32eab76a367181659f49c74c83bd24175a6bb76cb4c2d,2024-01-17 13:30:00,30,STOP SIGN/FLASHER,FUNCTIONING PROPERLY,CLEAR,DAYLIGHT,ANGLE,DIVIDED - W/MEDIAN (NOT RAISED),STRAIGHT AND LEVEL,DRY,NO DEFECTS,NO INJURY / DRIVE AWAY,"OVER $1,500",UNABLE TO DETERMINE,UNABLE TO DETERMINE,3700,W,DIVISION ST,2,NO INDICATION OF INJURY,0.0,0.0,0.0,0.0,0.0,2.0,0.0,13,4,1
f82561f339c2d36873d2b3260219e144c25884cca40810c158745b51b26fb446322f3029d88684c835d06c62980e22d18f386df6aefcba761c01800cd8f7f055,2019-07-11 11:00:00,30,NO CONTROLS,NO CONTROLS,CLEAR,DAYLIGHT,SIDESWIPE SAME DIRECTION,ONE-WAY,STRAIGHT AND LEVEL,DRY,NO DEFECTS,NO INJURY / DRIVE AWAY,"$501 - $1,500",UNABLE TO DETERMINE,NOT APPLICABLE,5215,W,DEMING PL,2,NO INDICATION OF INJURY,0.0,0.0,0.0,0.0,0.0,2.0,0.0,11,5,7
a6529276cca81bf79ec00560efd54c9059b75fab69f263443a432e546c172b72c63b7e0337780f990474df1c9ef9628b5d159f8c06a9c4efe2ee8636394c86a9,2018-10-09 16:20:00,20,NO CONTROLS,NO CONTROLS,CLEAR,DAYLIGHT,PARKED MOTOR VEHICLE,ONE-WAY,STRAIGHT AND LEVEL,DRY,NO DEFECTS,NO INJURY / DRIVE AWAY,"OVER $1,500",DRIVING SKILLS/KNOWLEDGE/EXPERIENCE,NOT APPLICABLE,10325,S,HOXIE AVE,2,NO INDICATION OF INJURY,0.0,0.0,0.0,0.0,0.0,1.0,0.0,16,3,10
e07de8e3fefcb25379f10c28718e9e58351e5a3376dd6a1a6e9ba19a1b6497b13e142078c82b39b20a3f2d54d0855a6eca57e973a911c1cbd4c4142028cd0adb,2019-06-05 07:40:00,15,NO CONTROLS,NO CONTROLS,CLEAR,DAYLIGHT,SIDESWIPE OPPOSITE DIRECTION,NOT DIVIDED,STRAIGHT AND LEVEL,WET,NO DEFECTS,INJURY AND / OR TOW DUE TO CRASH,"OVER $1,500",IMPROPER LANE USAGE,UNABLE TO DETERMINE,4447,N,KASSON AVE,3,NO INDICATION OF INJURY,0.0,0.0,0.0,0.0,0.0,2.0,0.0,7,4,6
50bca6efef1a1a879d8139a68a9edd1b91d0d90247c655d124e37ee184f3d95123c363e8b37a1876812431cd8371eb8069070e2bfdb126300cd314ae63ddfe6c,2017-03-25 07:55:00,30,TRAFFIC SIGNAL,FUNCTIONING PROPERLY,RAIN,DAYLIGHT,ANGLE,DIVIDED - W/MEDIAN (NOT RAISED),STRAIGHT AND LEVEL,WET,NO DEFECTS,NO INJURY / DRIVE AWAY,"$501 - $1,500",IMPROPER TURNING/NO SIGNAL,NOT APPLICABLE,100,E,LOWER WACKER DR,2,NO INDICATION OF INJURY,0.0,0.0,0.0,0.0,0.0,2.0,0.0,7,7,3
4cf6be1a3d5df587b60f06ab326f80ce6b2c6e1923683dc25d3ecb2dd8ef62afbe9ee874999ae90011e2062f2d957717865e652dd7bcb618535846abb730aeda,2017-01-31 19:15:00,30,NO CONTROLS,NO CONTROLS,CLEAR,DARKNESS,REAR END,DIVIDED - W/MEDIAN (NOT RAISED),STRAIGHT AND LEVEL,UNKNOWN,UNKNOWN,NO INJURY / DRIVE AWAY,"OVER $1,500",FOLLOWING TOO CLOSELY,DRIVING SKILLS/KNOWLEDGE/EXPERIENCE,4656,W,PETERSON AVE,2,NO INDICATION OF INJURY,0.0,0.0,0.0,0.0,0.0,2.0,0.0,19,3,1
94f8aaa1210bc9348edfa059e58b6c0796806e24b2ee53cc365731ee1652647cb0ee9a9e5c922ce7cc32fe19063a4895eadbd16b317a0565280563ffaa48eb18,2018-10-24 06:39:00,30,TRAFFIC SIGNAL,FUNCTIONING PROPERLY,CLEAR,DAWN,TURNING,NOT DIVIDED,STRAIGHT AND LEVEL,DRY,NO DEFECTS,NO INJURY / DRIVE AWAY,$500 OR LESS,TURNING RIGHT ON RED,TURNING RIGHT ON RED,799,N,PULASKI RD,2,NO INDICATION OF INJURY,0.0,0.0,0.0,0.0,0.0,2.0,0.0,6,4,10
81f28d6aedfb7931122e623a9e378d0d529a3d62c331e5d9fef861a9089e47ae7ee71bd1cbe81a6559f66f4977d70c5b87bc83ee5c5d39446d1981244f0f6863,2017-04-21 23:00:00,25,NO CONTROLS,NO CONTROLS,CLEAR,"DARKNESS, LIGHTED ROAD",PARKED MOTOR VEHICLE,ONE-WAY,STRAIGHT AND LEVEL,DRY,NO DEFECTS,INJURY AND / OR TOW DUE TO CRASH,"OVER $1,500",UNABLE TO DETERMINE,NOT APPLICABLE,1055,N,MASSASOIT AVE,2,NO INDICATION OF INJURY,0.0,0.0,0.0,0.0,0.0,1.0,0.0,23,6,4
32d0f9b8a3270b08f95b28f8ddad31989c0ed7356ca4bc661f2f19f38688767861a44762fac365175de77b51e63f3881925a6ce82a16bc3c1dffc46d565bad5d,2015-11-24 19:30:00,30,STOP SIGN/FLASHER,FUNCTIONING PROPERLY,CLEAR,"DARKNESS, LIGHTED ROAD",REAR END,NOT DIVIDED,STRAIGHT AND LEVEL,DRY,NO DEFECTS,NO INJURY / DRIVE AWAY,"OVER $1,500",DISREGARDING STOP SIGN,UNABLE TO DETERMINE,3072,N,MILWAUKEE AVE,2,NO INDICATION OF INJURY,0.0,0.0,0.0,0.0,0.0,2.0,0.0,19,3,11
bf36d0cc2df22a3d5692ae65999d3dd66c61bfcd7f69b7441f38eef83eb654d9c35296fa329b0215943905e74ecb7bb294baa213156b3043f79665ebf3fb0772,2021-01-20 14:40:00,10,NO CONTROLS,NO CONTROLS,CLEAR,DAYLIGHT,REAR TO REAR,PARKING LOT,STRAIGHT AND LEVEL,SNOW OR SLUSH,UNKNOWN,NO INJURY / DRIVE AWAY,"OVER $1,500",UNABLE TO DETERMINE,UNABLE TO DETERMINE,2555,N,NORMANDY AVE,2,NO INDICATION OF INJURY,0.0,0.0,0.0,0.0,0.0,2.0,0.0,14,4,1
99b6f07991e5b7e6208af92303cd5dc4f71cc70dac07dc9eb4d08550a3426219d50cf57574631c657ec073d8a23ad9a7b6f4d22e100d1a22847d85b548209b4f,2023-12-31 19:37:00,30,NO CONTROLS,NO CONTROLS,CLEAR,"DARKNESS, LIGHTED ROAD",HEAD ON,NOT DIVIDED,STRAIGHT AND LEVEL,WET,NO DEFECTS,INJURY AND / OR TOW DUE TO CRASH,"OVER $1,500",UNABLE TO DETERMINE,UNDER THE INFLUENCE OF ALCOHOL/DRUGS (USE WHEN ARREST IS EFFECTED),1255,W,47TH ST,3,NO INDICATION OF INJURY,0.0,0.0,0.0,0.0,0.0,6.0,0.0,19,1,12
a0f56dc2210fe080f38ca65d2c4e417af659b4ca0267907eeb1b3847d67679a5329743d874e86f69ef5b5f004cdf524743f0d5ea76d67651bbae55d36cd63430,2016-09-18 23:41:00,15,NO CONTROLS,NO CONTROLS,CLEAR,"DARKNESS, LIGHTED ROAD",FIXED OBJECT,ALLEY,STRAIGHT AND LEVEL,DRY,NO DEFECTS,INJURY AND / OR TOW DUE TO CRASH,"OVER $1,500",DRIVING SKILLS/KNOWLEDGE/EXPERIENCE,UNABLE TO DETERMINE,1909,S,LAWNDALE AVE,1,NO INDICATION OF INJURY,0.0,0.0,0.0,0.0,0.0,2.0,0.0,23,1,9
d0886cc0a8849207260ef5ee1bed7fa0ac312740b464843714575c4fa2498eacd8a5947cfe23cd2aec2f37b13e56e264d56574d9468e5f8963e656753a35e5d6,2019-02-01 10:15:00,30,TRAFFIC SIGNAL,FUNCTIONING PROPERLY,SNOW,DAYLIGHT,ANGLE,NOT DIVIDED,STRAIGHT AND LEVEL,WET,NO DEFECTS,INJURY AND / OR TOW DUE TO CRASH,"OVER $1,500",FAILING TO REDUCE SPEED TO AVOID CRASH,NOT APPLICABLE,2500,S,PULASKI RD,2,"REPORTED, NOT EVIDENT",1.0,0.0,0.0,0.0,1.0,2.0,0.0,10,6,2
f086ac41a1d7466b41083a4fc89ce1d3403f46d548db93ab4bcde8c7f3cb1b2688acee061c88045840620109845814002e40404e2e68853b91f140ad633bfde4,2017-12-08 09:35:00,30,STOP SIGN/FLASHER,FUNCTIONING PROPERLY,CLEAR,DAYLIGHT,ANGLE,DIVIDED - W/MEDIAN (NOT RAISED),STRAIGHT AND LEVEL,DRY,WORN SURFACE,INJURY AND / OR TOW DUE TO CRASH,"OVER $1,500",UNABLE TO DETERMINE,UNABLE TO DETERMINE,1900,W,47TH ST,2,NO INDICATION OF INJURY,0.0,0.0,0.0,0.0,0.0,2.0,0.0,9,6,12
1ed4a8650b3acd73304cd07951995ee5e580ca28e761be1338a5a0a1709a4a6d33f7d8904dcd9eda5155eb79ea746c5b91c71372775ab4d58b8917897e503189,2019-11-11 11:15:00,25,NO CONTROLS,NO CONTROLS,SNOW,DAYLIGHT,ANGLE,PARKING LOT,STRAIGHT AND LEVEL,SNOW OR SLUSH,NO DEFECTS,NO INJURY / DRIVE AWAY,"$501 - $1,500",WEATHER,DRIVING SKILLS/KNOWLEDGE/EXPERIENCE,524,W,OHARE ST,2,NO INDICATION OF INJURY,0.0,0.0,0.0,0.0,0.0,2.0,0.0,11,2,11
8dfdeb0c273b0582c9add7ea11798337cd5334f2d40ed24009b1c414fb461937787957275fa76436d09372cfd2820eab43789fd0794f3332e4b8dedb919f85c3,2023-05-04 07:27:00,30,UNKNOWN,UNKNOWN,UNKNOWN,UNKNOWN,REAR END,DIVIDED - W/MEDIAN (NOT RAISED),STRAIGHT AND LEVEL,UNKNOWN,UNKNOWN,NO INJURY / DRIVE AWAY,"OVER $1,500",UNABLE TO DETERMINE,UNABLE TO DETERMINE,4400,S,LAKE SHORE DR SB,2,NO INDICATION OF INJURY,0.0,0.0,0.0,0.0,0.0,2.0,0.0,7,5,5
16e48bfeae29a7fbfa52d6e346359f67e7ce3af71ac7b6c1309492981283e8baa3977e09e70bfd21742106b28d4113e1fccf3207c1f25eaf7edfb5a9aa9b973c,2024-03-20 11:59:00,10,NO CONTROLS,NO CONTROLS,CLEAR,DAYLIGHT,TURNING,NOT DIVIDED,STRAIGHT AND LEVEL,DRY,NO DEFECTS,NO INJURY / DRIVE AWAY,"OVER $1,500",FAILING TO YIELD RIGHT-OF-WAY,NOT APPLICABLE,1132,W,BLACKHAWK ST,2,NO INDICATION OF INJURY,0.0,0.0,0.0,0.0,0.0,2.0,0.0,11,4,3
b300ffbf2fe1236c4ec7a30d58c64c385e9cd8de23aa2b44630c0fa47368973db0f9b5674e95525033da4eff2d61781c28cf38b4c082ef97b1ec5fc8adcaf8df,2022-07-28 13:14:00,30,NO CONTROLS,NO CONTROLS,CLEAR,DAYLIGHT,REAR END,DIVIDED - W/MEDIAN (NOT RAISED),STRAIGHT AND LEVEL,DRY,NO DEFECTS,NO INJURY / DRIVE AWAY,"$501 - $1,500",UNABLE TO DETERMINE,NOT APPLICABLE,1,W,ROOSEVELT RD,2,NO INDICATION OF INJURY,0.0,0.0,0.0,0.0,0.0,2.0,0.0,13,5,7
d7732204fb884cd3f4d9a5fc4b2d5619d8d673637af160f4c2009831b5387122726dbaf6adb1559affdaa15171903a72bd098b64ffea9d80e327fe1c263c105a,2023-08-19 17:25:00,30,NO CONTROLS,NO CONTROLS,CLEAR,DAYLIGHT,PEDESTRIAN,DIVIDED - W/MEDIAN BARRIER,STRAIGHT AND LEVEL,DRY,NO DEFECTS,INJURY AND / OR TOW DUE TO CRASH,$500 OR LESS,DISTRACTION - FROM OUTSIDE VEHICLE,NOT APPLICABLE,6400,S,ASHLAND AVE,2,NONINCAPACITATING INJURY,1.0,0.0,0.0,1.0,0.0,1.0,0.0,17,7,8
e3c1f5d173456d31d087dd2964b143e6e39981a9ce8318de76b0559658cf9c618a39124d1fdaca5b19cb24f073275249fbc96d78b662be9b0aaabaa86be1901b,2017-09-29 23:40:00,30,NO CONTROLS,NO CONTROLS,CLEAR,"DARKNESS, LIGHTED ROAD",SIDESWIPE SAME DIRECTION,NOT DIVIDED,STRAIGHT AND LEVEL,DRY,NO DEFECTS,INJURY AND / OR TOW DUE TO CRASH,"OVER $1,500",NOT APPLICABLE,NOT APPLICABLE,1251,W,LAWRENCE AVE,2,NO INDICATION OF INJURY,0.0,0.0,0.0,0.0,0.0,3.0,0.0,23,6,9