CRASH_RECORD_ID,CRASH_DATE,POSTED_SPEED_LIMIT,TRAFFIC_CONTROL_DEVICE,DEVICE_CONDITION,WEATHER_CONDITION,LIGHTING_CONDITION,FIRST_CRASH_TYPE,TRAFFICWAY_TYPE,ALIGNMENT,ROADWAY_SURFACE_COND,ROAD_DEFECT,CRASH_TYPE,DAMAGE,PRIM_CONTRIBUTORY_CAUSE,SEC_CONTRIBUTORY_CAUSE,STREET_NO,STREET_DIRECTION,STREET_NAME,NUM_UNITS,MOST_SEVERE_INJURY,INJURIES_TOTAL,INJURIES_FATAL,INJURIES_INCAPACITATING,INJURIES_NON_INCAPACITATING,INJURIES_REPORTED_NOT_EVIDENT,INJURIES_NO_INDICATION,INJURIES_UNKNOWN,CRASH_HOUR,CRASH_DAY_OF_WEEK,CRASH_MONTH
75a8eef780132209c93c99015f4fcd4f25e8fbf394d41f0741f1f3a4344eb359980f4215a277daa3866a1f0b80899e21cc3b0d41f24599e8749e4626a33b30d5,2019-09-20 07:45:00,30,NO CONTROLS,NO CONTROLS,CLEAR,DAYLIGHT,REAR TO SIDE,NOT DIVIDED,STRAIGHT AND LEVEL,DRY,NO DEFECTS,NO INJURY / DRIVE AWAY,"$501 - $1,500",IMPROPER TURNING/NO SIGNAL,UNABLE TO DETERMINE,5735,W,51ST ST,2,NO INDICATION OF INJURY,0.0,0.0,0.0,0.0,0.0,2.0,0.0,7,6,9
808fa5947507c3b651f1e0c275ae5c9aa1a4952eb2839ae4aeb17e4b0c0c584339aaff93f612c92d281c453b30c40be5836f79881ae98976edd27bf6cf9f420a,2019-05-20 08:30:00,30,TRAFFIC SIGNAL,FUNCTIONING PROPERLY,CLEAR,DAYLIGHT,REAR END,NOT DIVIDED,STRAIGHT AND LEVEL,DRY,NO DEFECTS,NO INJURY / DRIVE AWAY,"$501 - $1,500",FOLLOWING TOO CLOSELY,FOLLOWING TOO CLOSELY,1800,W,ROOSEVELT RD,2,NO INDICATION OF INJURY,0.0,0.0,0.0,0.0,0.0,2.0,0.0,8,2,5
e3344853535b17bbb2631157f12cdd1d1c7c43c5b609f400f36fff710daad947887e3f8dd9f892fe45f68ea0b03f4534b58101162fd9fc5006cfbbfc4b3a6253,2018-11-19 10:45:00,30,NO CONTROLS,NO CONTROLS,CLEAR,DAYLIGHT,PARKED MOTOR VEHICLE,NOT DIVIDED,STRAIGHT AND LEVEL,DRY,NO DEFECTS,NO INJURY / DRIVE AWAY,"$501 - $1,500",IMPROPER TURNING/NO SIGNAL,UNABLE TO DETERMINE,11700,S,MARSHFIELD AVE,2,NO INDICATION OF INJURY,0.0,0.0,0.0,0.0,0.0,1.0,0.0,10,2,11
9b55ab6e9fc61bfc54ed5502a399df8229d6048c6ab7a5234e122e4d4687cb1a8a66c1e9d863297f89dde4d5985e4bb18f01402e6ed74568556a648741c4ab0c,2018-10-25 15:50:00,30,NO CONTROLS,NO CONTROLS,CLEAR,DAYLIGHT,SIDESWIPE SAME DIRECTION,NOT DIVIDED,STRAIGHT AND LEVEL,DRY,NO DEFECTS,NO INJURY / DRIVE AWAY,"OVER $1,500",IMPROPER OVERTAKING/PASSING,IMPROPER OVERTAKING/PASSING,8010,S,ASHLAND AVE,2,NO INDICATION OF INJURY,0.0,0.0,0.0,0.0,0.0,2.0,0.0,15,5,10
d9e786bc15b4b900886f97bb6b80d8567faac8de01123f9669dfc44def7ec7d1a9f50ea3c8ffc58fc7978277e01b3e430aa70d3379578bd7b9c3ffb02b0cb5ab,2017-03-10 21:10:00,30,TRAFFIC SIGNAL,NO CONTROLS,CLEAR,DARKNESS,REAR END,NOT DIVIDED,STRAIGHT AND LEVEL,DRY,NO DEFECTS,NO INJURY / DRIVE AWAY,"$501 - $1,500",FOLLOWING TOO CLOSELY,NOT APPLICABLE,57,N,AUSTIN BLVD,2,NO INDICATION OF INJURY,0.0,0.0,0.0,0.0,0.0,2.0,0.0,21,6,3
92969a1d641ed8a740a6a1925a87d8df2031dc4c8a7981d4a329ae22a31d2830b8b3103399b0d8d2dcd8e36e759596d9572b699177d31eb754ea52f5b056551a,2022-07-05 14:30:00,10,UNKNOWN,UNKNOWN,CLEAR,DAYLIGHT,FIXED OBJECT,OTHER,STRAIGHT AND LEVEL,DRY,UNKNOWN,INJURY AND / OR TOW DUE TO CRASH,"OVER $1,500",UNABLE TO DETERMINE,UNABLE TO DETERMINE,2101,W,59TH ST,1,"REPORTED, NOT EVIDENT",1.0,0.0,0.0,0.0,1.0,0.0,0.0,14,3,7
15f87ff01ae63888844f81ad611fb55aba6eb6d93b1743c59524f0a646cd7c4817c4fde940166ec581b578e23a3c9d1021d7027f64ff1bd287c3d401aa4b7562,2020-06-25 17:00:00,25,NO CONTROLS,NO CONTROLS,UNKNOWN,DARKNESS,PARKED MOTOR VEHICLE,ONE-WAY,STRAIGHT AND LEVEL,UNKNOWN,UNKNOWN,NO INJURY / DRIVE AWAY,"$501 - $1,500",UNABLE TO DETERMINE,UNABLE TO DETERMINE,4900,W,PENSACOLA AVE,2,NO INDICATION OF INJURY,0.0,0.0,0.0,0.0,0.0,1.0,0.0,17,5,6
31163cd6cdfe11edb0725dede85363c912b0661b43f56306dafb6f1f7d09e0ca667ebf9c63464d91eae890ffed206e71cd03ebe1de80c0533ffcdcc26f2ee866,2018-07-30 06:30:00,30,TRAFFIC SIGNAL,FUNCTIONING PROPERLY,CLEAR,DAYLIGHT,FIXED OBJECT,NOT DIVIDED,STRAIGHT AND LEVEL,DRY,NO DEFECTS,NO INJURY / DRIVE AWAY,$500 OR LESS,FOLLOWING TOO CLOSELY,FOLLOWING TOO CLOSELY,10258,S,TORRENCE AVE,2,NO INDICATION OF INJURY,0.0,0.0,0.0,0.0,0.0,2.0,0.0,6,2,7
fbea83884c78430b0a4c85d6debafa76f744eb37408d1c9d8185a1dcfdcd0a7b4d2145153def1f4948a1ac6cad8536e7c095da0f4eeb7fc6c96f524543015687,2019-08-16 12:30:00,30,TRAFFIC SIGNAL,NO CONTROLS,CLEAR,DAYLIGHT,TURNING,NOT DIVIDED,STRAIGHT AND LEVEL,DRY,NO DEFECTS,NO INJURY / DRIVE AWAY,"OVER $1,500",FAILING TO YIELD RIGHT-OF-WAY,NOT APPLICABLE,5500,S,ASHLAND AVE,2,NO INDICATION OF INJURY,0.0,0.0,0.0,0.0,0.0,2.0,0.0,12,6,8
043191d960788455d040e32a64c84220622a24c17398e8554dd3ec484386a0098b16c5dfcbc8c4023f3b167b7592fcedca307f74030face6345a95f643e1a9a2,2022-01-05 19:43:00,25,NO CONTROLS,NO CONTROLS,CLEAR,"DARKNESS, LIGHTED ROAD",REAR TO SIDE,ONE-WAY,STRAIGHT AND LEVEL,DRY,NO DEFECTS,NO INJURY / DRIVE AWAY,"$501 - $1,500",UNABLE TO DETERMINE,UNABLE TO DETERMINE,8126,S,MERRILL AVE,2,NO INDICATION OF INJURY,0.0,0.0,0.0,0.0,0.0,2.0,0.0,19,4,1
558ad6b27a7831b81f03506f312693c4ff8753c80b59f9e0832da5685583be3ef1695461c5f5449b6d65d3c7f099087905eac9490974f24df9eb0f913ce0f128,2022-08-16 17:15:00,30,NO CONTROLS,NO CONTROLS,CLEAR,DAYLIGHT,REAR END,NOT DIVIDED,STRAIGHT AND LEVEL,DRY,NO DEFECTS,NO INJURY / DRIVE AWAY,"OVER $1,500",FAILING TO YIELD RIGHT-OF-WAY,UNABLE TO DETERMINE,4700,S,CHAMPLAIN AVE,2,NO INDICATION OF INJURY,0.0,0.0,0.0,0.0,0.0,2.0,0.0,17,3,8
cc2f3b6a2f07cda59d45e692745b61cefa83e7725053c5a4588cb3f0894857d44e261cdf387ffe10cd4270ba4fd8deed9debc4dbd658cd136835009635319fd7,2019-01-26 14:40:00,30,NO CONTROLS,NO CONTROLS,SNOW,DAYLIGHT,TURNING,DIVIDED - W/MEDIAN (NOT RAISED),STRAIGHT AND LEVEL,OTHER,NO DEFECTS,INJURY AND / OR TOW DUE TO CRASH,"OVER $1,500",IMPROPER TURNING/NO SIGNAL,NOT APPLICABLE,2412,W,ARMITAGE AVE,2,NONINCAPACITATING INJURY,1.0,0.0,0.0,1.0,0.0,1.0,0.0,14,7,1
5d8d84f1ce9c5cbaa8a1776825b0a59a979a051d016c8987af79d6b345ca9407772db0d665428d2b42d5c19b1102e2452cd40caaf524c7042cbde3e9097c0eb1,2020-09-28 06:55:00,30,TRAFFIC SIGNAL,FUNCTIONING PROPERLY,RAIN,DAYLIGHT,TURNING,NOT DIVIDED,STRAIGHT AND LEVEL,WET,NO DEFECTS,INJURY AND / OR TOW DUE TO CRASH,"OVER $1,500",FAILING TO YIELD RIGHT-OF-WAY,IMPROPER TURNING/NO SIGNAL,5200,N,AUSTIN AVE,2,NONINCAPACITATING INJURY,1.0,0.0,0.0,1.0,0.0,2.0,0.0,6,2,9
eda9c023a4b697244ff93183fd2ef1ef5c047b03d9347956668edfb18b857509b66392edb7197997afb450e010eec3a32474531bfb3bdbe7dee1e85f07b02464,2020-07-23 01:30:00,20,NO CONTROLS,NO CONTROLS,CLEAR,"DARKNESS, LIGHTED ROAD",PARKED MOTOR VEHICLE,ONE-WAY,STRAIGHT AND LEVEL,DRY,NO DEFECTS,NO INJURY / DRIVE AWAY,"OVER $1,500",UNABLE TO DETERMINE,UNABLE TO DETERMINE,553,E,92ND ST,2,NO INDICATION OF INJURY,0.0,0.0,0.0,0.0,0.0,1.0,0.0,1,5,7
19f3dbd110c602630090789d3e7e50cf9849300ee8b1ca8e765554db168e54349a21b9585b6b4a42b0cd3063ff8cd71298f63b2a4d2d9cadc1633a8cc0750b33,2020-09-03 15:14:00,30,TRAFFIC SIGNAL,FUNCTIONING PROPERLY,CLEAR,DAYLIGHT,ANGLE,FOUR WAY,STRAIGHT ON GRADE,DRY,NO DEFECTS,INJURY AND / OR TOW DUE TO CRASH,"OVER $1,500",DISREGARDING TRAFFIC SIGNALS,NOT APPLICABLE,700,W,ROOSEVELT RD,2,NO INDICATION OF INJURY,0.0,0.0,0.0,0.0,0.0,4.0,0.0,15,5,9
a90013a8182af7968f82d6263d09fd2f083c4d152c86c21984d71ca54d9e5ad92628f6f42b612d4dc48a37e954824ac93a9319ad6a1e8b1eaaad28804eb61ddd,2020-01-04 05:25:00,30,TRAFFIC SIGNAL,FUNCTIONING PROPERLY,SNOW,"DARKNESS, LIGHTED ROAD",REAR END,NOT DIVIDED,STRAIGHT AND LEVEL,WET,NO DEFECTS,NO INJURY / DRIVE AWAY,"OVER $1,500",FOLLOWING TOO CLOSELY,NOT APPLICABLE,2401,W,FOSTER AVE,2,NO INDICATION OF INJURY,0.0,0.0,0.0,0.0,0.0,4.0,0.0,5,7,1
f2d58d8315bf2bf27108aeabc28cff455dbfe7f850f47c48fdb99dc5fb5b31b6d36e546dfc9baba3d68e04d256871ba48147d9177d526edd92d57f18fac46520,2019-10-12 09:17:00,30,NO CONTROLS,NO CONTROLS,CLEAR,DAYLIGHT,SIDESWIPE SAME DIRECTION,NOT DIVIDED,STRAIGHT AND LEVEL,DRY,NO DEFECTS,NO INJURY / DRIVE AWAY,$500 OR LESS,FAILING TO YIELD RIGHT-OF-WAY,UNABLE TO DETERMINE,6119,W,IRVING PARK RD,2,NO INDICATION OF INJURY,0.0,0.0,0.0,0.0,0.0,2.0,0.0,9,7,10
51453c6a7c9257f999de98c35ff70d6d8a905307b8ccea9c9aeb7d71b4b7fbe00259d46540331dccd885323d7d88567912fd16907ac965b9ca31912c49f5a6e9,2022-09-17 09:27:00,30,TRAFFIC SIGNAL,FUNCTIONING PROPERLY,CLEAR,DAYLIGHT,TURNING,T-INTERSECTION,STRAIGHT AND LEVEL,DRY,NO DEFECTS,NO INJURY / DRIVE AWAY,"OVER $1,500",FOLLOWING TOO CLOSELY,FOLLOWING TOO CLOSELY,5949,S,STONY ISLAND AVE,2,NO INDICATION OF INJURY,0.0,0.0,0.0,0.0,0.0,2.0,0.0,9,7,9
1e55d3d37f737eb9bcbaf88a12a35cecd95063d8bf67a6931886fb064a519b99e346b659df250ab8f0e0c2abc15edead9159d32676d5869a871c3c234d5ea084,2022-03-06 01:18:00,30,STOP SIGN/FLASHER,FUNCTIONING PROPERLY,CLEAR,"DARKNESS, LIGHTED ROAD",ANGLE,FOUR WAY,STRAIGHT AND LEVEL,WET,NO DEFECTS,INJURY AND / OR TOW DUE TO CRASH,"OVER $1,500",DRIVING SKILLS/KNOWLEDGE/EXPERIENCE,UNABLE TO DETERMINE,4800,S,DR MARTIN LUTHER KING JR DR,2,NONINCAPACITATING INJURY,2.0,0.0,0.0,2.0,0.0,0.0,0.0,1,1,3
2476e753a0b890daf4d325b92413b969d7f285a766d58194054701f40a67b96b1f18ca9a3e09561b13ef868f89986493d7dc60d5b01af624b97c54882a7909e3,2024-04-02 08:42:00,30,STOP SIGN/FLASHER,FUNCTIONING PROPERLY,RAIN,DAYLIGHT,ANGLE,NOT DIVIDED,STRAIGHT AND LEVEL,WET,NO DEFECTS,NO INJURY / DRIVE AWAY,"OVER $1,500",FAILING TO YIELD RIGHT-OF-WAY,NOT APPLICABLE,3001,N,CICERO AVE,2,NO INDICATION OF INJURY,0.0,0.0,0.0,0.0,0.0,2.0,0.0,8,3,4
05da76b17cd9db6de4aed9003193a054066fee1f7244def5206bbd42e22b7413e33bc2b1110ba938a1e8715662263b7c318d47f15c33427cd2d8ffb4a4dc9089,2017-07-18 17:02:00,30,NO CONTROLS,NO CONTROLS,CLEAR,DAYLIGHT,REAR END,PARKING LOT,STRAIGHT AND LEVEL,DRY,NO DEFECTS,NO INJURY / DRIVE AWAY,$500 OR LESS,IMPROPER BACKING,NOT APPLICABLE,7500,S,STONY ISLAND AVE,2,NO INDICATION OF INJURY,0.0,0.0,0.0,0.0,0.0,2.0,0.0,17,3,7
f1e3931c39c5a49553c97d2acec8f43a1adac4b60ed58eb244d495fc84463be004b9cee000fb3c44eb8cda52f95d552fa2c556ff6be76c45bb7424fb9ccecb76,2018-09-19 13:00:00,30,TRAFFIC SIGNAL,FUNCTIONING PROPERLY,CLEAR,DAYLIGHT,REAR END,NOT DIVIDED,STRAIGHT AND LEVEL,DRY,NO DEFECTS,NO INJURY / DRIVE AWAY,$500 OR LESS,FOLLOWING TOO CLOSELY,NOT APPLICABLE,7201,W,TOUHY AVE,2,NO INDICATION OF INJURY,0.0,0.0,0.0,0.0,0.0,2.0,0.0,13,4,9
8455375a9b0ac9f87b131776d162f570d3f375e423ccecd4613deb366058de1ac51b067f8d2b4f831e950ed0e6d15af983fd1cc5210ab06b13c675137fef0910,2022-07-15 08:00:00,30,STOP SIGN/FLASHER,FUNCTIONING PROPERLY,RAIN,DAYLIGHT,ANGLE,NOT DIVIDED,STRAIGHT AND LEVEL,WET,NO DEFECTS,NO INJURY / DRIVE AWAY,"$501 - $1,500",UNABLE TO DETERMINE,UNABLE TO DETERMINE,1970,W,111TH ST,2,NO INDICATION OF INJURY,0.0,0.0,0.0,0.0,0.0,3.0,0.0,8,6,7
396615a18415073cdd25015e5b8102a7b2d0e60c27ca9c352e764070dc68171f09e8c5eb48729725183611caddc53a2a953504dd8bc9a981f0f61f5f7a18dbc2,2017-04-11 10:30:00,30,TRAFFIC SIGNAL,FUNCTIONING PROPERLY,CLEAR,DAYLIGHT,REAR END,UNKNOWN,STRAIGHT AND LEVEL,DRY,UNKNOWN,NO INJURY / DRIVE AWAY,$500 OR LESS,NOT APPLICABLE,NOT APPLICABLE,756,N,LA SALLE DR,2,NO INDICATION OF INJURY,0.0,0.0,0.0,0.0,0.0,2.0,0.0,10,3,4
004d5c166678caa02f9faf6740b9ce5091e9519475a74429fdc7a62d97af75b8215bda72fe282c176ce9eb773d4221751ae713f9448e1d9fd2a5c1c997120035,2022-12-15 10:21:00,30,STOP SIGN/FLASHER,FUNCTIONING PROPERLY,RAIN,DAYLIGHT,ANGLE,TRAFFIC ROUTE,STRAIGHT AND LEVEL,WET,NO DEFECTS,NO INJURY / DRIVE AWAY,"OVER $1,500",UNABLE TO DETERMINE,NOT APPLICABLE,8100,S,ELIZABETH ST,2,NO INDICATION OF INJURY,0.0,0.0,0.0,0.0,0.0,2.0,0.0,10,5,12
68152883d2c76ddcc8ecbba6481e4ef6c82aad721cfd45fbaea92023beb4e90cf61b5fd1c5bc0d9af338a973cc3b8d80739533ff2044e44d8d6351c8ff44ff53,2018-02-06 12:30:00,30,NO CONTROLS,NO CONTROLS,CLEAR,DAYLIGHT,PARKED MOTOR VEHICLE,ONE-WAY,STRAIGHT AND LEVEL,SNOW OR SLUSH,NO DEFECTS,NO INJURY / DRIVE AWAY,"$501 - $1,500",UNABLE TO DETERMINE,NOT APPLICABLE,10546,S,YATES AVE,2,NO INDICATION OF INJURY,0.0,0.0,0.0,0.0,0.0,1.0,0.0,12,3,2
d6487ec16c92fc2c29ba577ccbd708b75ac8303e2609a6c4c0ab010e04d886a20533520785fe4f92f471b09d0837325a6287fd53d73fc9b02101f1d9dc019115,2015-12-18 16:15:00,30,TRAFFIC SIGNAL,FUNCTIONING PROPERLY,CLEAR,DAYLIGHT,REAR END,NOT DIVIDED,STRAIGHT AND LEVEL,DRY,NO DEFECTS,NO INJURY / DRIVE AWAY,"OVER $1,500",IMPROPER LANE USAGE,UNABLE TO DETERMINE,1555,N,CLYBOURN AVE,2,NO INDICATION OF INJURY,0.0,0.0,0.0,0.0,0.0,3.0,0.0,16,6,12
92373158d5ae1ad7d29149128c55f21badf6730813692248cb98700c7251afc63e4308267194f4f1311df2a53c1ae86f0bac145d1c238eaa6f43afcbc106ec10,2024-04-22 09:30:00,35,TRAFFIC SIGNAL,FUNCTIONING PROPERLY,CLEAR,DAYLIGHT,TURNING,DIVIDED - W/MEDIAN (NOT RAISED),STRAIGHT AND LEVEL,DRY,NO DEFECTS,INJURY AND / OR TOW DUE TO CRASH,"OVER $1,500",UNABLE TO DETERMINE,UNABLE TO DETERMINE,4700,S,CICERO AVE,2,NONINCAPACITATING INJURY,1.0,0.0,0.0,1.0,0.0,1.0,0.0,9,2,4
ab3dbdf20f9f1c7f5fe9358b6e8ae9c2b457008fbf25f41ebfa1104b3fb0660f8787465f4289136b3defcefa59f192b2bfa522c076bc6c44941994e43691d3b1,2022-09-08 16:30:00,30,UNKNOWN,UNKNOWN,UNKNOWN,UNKNOWN,PARKED MOTOR VEHICLE,NOT DIVIDED,STRAIGHT AND LEVEL,UNKNOWN,UNKNOWN,NO INJURY / DRIVE AWAY,"OVER $1,500",UNABLE TO DETERMINE,UNABLE TO DETERMINE,903,N,HALSTED ST,2,NO INDICATION OF INJURY,0.0,0.0,0.0,0.0,0.0,1.0,0.0,16,5,9
47bf1e851c25138165aec257c7ca7328af4526ec82c107e389bd936e556d5540d9fca7f1fbf41812c6e6983df9ab06642ffdf3f5126422649d07b63998f39b47,2024-04-19 17:32:00,25,TRAFFIC SIGNAL,FUNCTIONING PROPERLY,CLEAR,DAYLIGHT,TURNING,FOUR WAY,STRAIGHT AND LEVEL,DRY,NO DEFECTS,NO INJURY / DRIVE AWAY,"$501 - $1,500",FAILING TO YIELD RIGHT-OF-WAY,NOT APPLICABLE,1199,N,HAMLIN AVE,2,NO INDICATION OF INJURY,0.0,0.0,0.0,0.0,0.0,3.0,0.0,17,6,4
ca4a30340d4d407f759aaeb6617b1d47254f5c36b5c74327ace9d7f8d4e7bbeed34be29a7c8880558e816bacfdbbad1a2e869ce1361aebb02890b783dcd758e1,2022-11-19 19:30:00,30,NO CONTROLS,NO CONTROLS,CLEAR,"DARKNESS, LIGHTED ROAD",PARKED MOTOR VEHICLE,NOT DIVIDED,STRAIGHT AND LEVEL,DRY,NO DEFECTS,NO INJURY / DRIVE AWAY,"OVER $1,500",UNABLE TO DETERMINE,UNABLE TO DETERMINE,2449,W,ARMITAGE AVE,3,NO INDICATION OF INJURY,0.0,0.0,0.0,0.0,0.0,1.0,0.0,19,7,11
c576f58eaa7a25b15d289c73158cd9ee55a7d58526aa98eeb01ad714f5d0dce4262b8f58b05d0191b6997367c5335c47505c30115e00a458a8c6bd07eeb7d3c4,2021-06-03 15:05:00,15,NO CONTROLS,NO CONTROLS,CLEAR,DAYLIGHT,PARKED MOTOR VEHICLE,NOT DIVIDED,STRAIGHT AND LEVEL,DRY,NO DEFECTS,NO INJURY / DRIVE AWAY,"$501 - $1,500",DRIVING ON WRONG SIDE/WRONG WAY,NOT APPLICABLE,6501,S,PROMONTORY DR,2,NO INDICATION OF INJURY,0.0,0.0,0.0,0.0,0.0,1.0,0.0,15,5,6
cb4b3c9c23bbda5d3eafaff1a933e634a385d08f7bed40dd119bf240a22555d96dbb6babbee818c9bef23a0e9f54cb8515f76ec2bf45984b7bb4f87605b64ff1,2017-11-16 19:22:00,30,NO CONTROLS,NO CONTROLS,CLEAR,DARKNESS,SIDESWIPE SAME DIRECTION,DIVIDED - W/MEDIAN (NOT RAISED),STRAIGHT AND LEVEL,DRY,NO DEFECTS,NO INJURY / DRIVE AWAY,"$501 - $1,500",UNABLE TO DETERMINE,UNABLE TO DETERMINE,432,E,69TH ST,2,NO INDICATION OF INJURY,0.0,0.0,0.0,0.0,0.0,2.0,0.0,19,5,11
a8796f23cd1df491e27435cb973246db7cd23e91c5cfac7003f5bbbd7eea7210e382173905316306188b7b297a1aaccd13aaf4b122f1ea01728c81d407179e33,2018-01-20 13:15:00,0,STOP SIGN/FLASHER,FUNCTIONING PROPERLY,CLEAR,DAYLIGHT,SIDESWIPE SAME DIRECTION,NOT DIVIDED,STRAIGHT AND LEVEL,DRY,NO DEFECTS,NO INJURY / DRIVE AWAY,"$501 - $1,500",IMPROPER LANE USAGE,FAILING TO YIELD RIGHT-OF-WAY,1900,W,74TH ST,2,NO INDICATION OF INJURY,0.0,0.0,0.0,0.0,0.0,6.0,0.0,13,7,1
4007b0130565faf767ab75c456cf9c661b2cd334cb3df8d9108d40fea4123b665d23893c2585f8f816e1ab6d3af3d0ba15bb767ed1cc0d1898706c70c26e670b,2022-10-25 17:30:00,30,NO CONTROLS,FUNCTIONING PROPERLY,RAIN,DUSK,SIDESWIPE SAME DIRECTION,DIVIDED - W/MEDIAN BARRIER,STRAIGHT AND LEVEL,WET,NO DEFECTS,NO INJURY / DRIVE AWAY,"$501 - $1,500",FOLLOWING TOO CLOSELY,UNABLE TO DETERMINE,3150,S,CALIFORNIA AVE,2,NO INDICATION OF INJURY,0.0,0.0,0.0,0.0,0.0,2.0,0.0,17,3,10
c56346cd17fe2bf88d04775265a44db0fbc524e04404ed1078f49f44bc8349c22da33e9fe96a6fb3dd93fc010a0538eaa5d12fcb387739776f5e6cda1876ddfd,2022-06-25 14:00:00,30,TRAFFIC SIGNAL,FUNCTIONING PROPERLY,CLEAR,DAYLIGHT,TURNING,DIVIDED - W/MEDIAN (NOT RAISED),STRAIGHT AND LEVEL,DRY,NO DEFECTS,INJURY AND / OR TOW DUE TO CRASH,"OVER $1,500",DISREGARDING TRAFFIC SIGNALS,FAILING TO YIELD RIGHT-OF-WAY,1600,W,CONGRESS PKWY,2,NO INDICATION OF INJURY,0.0,0.0,0.0,0.0,0.0,2.0,0.0,14,7,6
7b82a40bb000b36c33a6ac7b7576150cfb555d1854c2b11eeeab2fd49d45d1ecd6d58ba834175ac449f55ee7959440e41f91c40a29381162b4a73ae7094a2da7,2018-12-12 09:05:00,30,TRAFFIC SIGNAL,FUNCTIONING PROPERLY,CLEAR,DAYLIGHT,REAR END,NOT DIVIDED,STRAIGHT AND LEVEL,DRY,NO DEFECTS,NO INJURY / DRIVE AWAY,"OVER $1,500",FOLLOWING TOO CLOSELY,NOT APPLICABLE,1060,W,FOSTER AVE,2,NO INDICATION OF INJURY,0.0,0.0,0.0,0.0,0.0,2.0,0.0,9,4,12
c0d3f8eab6990f3a41505430ac8dfb0399ae4ed99277cace829d528e6bc564847db0c7d45010c86b9a8a9f6296176ab9b373ecbc880aaf5cea30537291dcf2ec,2023-08-10 08:14:00,20,NO CONTROLS,NO CONTROLS,CLEAR,DAYLIGHT,REAR END,NOT DIVIDED,STRAIGHT AND LEVEL,DRY,UNKNOWN,NO INJURY / DRIVE AWAY,"OVER $1,500",FOLLOWING TOO CLOSELY,NOT APPLICABLE,2337,W,GRAND AVE,2,NO INDICATION OF INJURY,0.0,0.0,0.0,0.0,0.0,2.0,0.0,8,5,8
0fc9d4de97599059635c0c48fedccc3f35605c3febdb42a1b03e0d47fc5e192152e89af9fdfadd547bc30355eed351065fae5ae4d80990468dab4ee56dc09d4a,2015-09-16 19:00:00,30,TRAFFIC SIGNAL,FUNCTIONING PROPERLY,CLEAR,DUSK,REAR END,NOT DIVIDED,STRAIGHT AND LEVEL,DRY,NO DEFECTS,NO INJURY / DRIVE AWAY,"$501 - $1,500",FOLLOWING TOO CLOSELY,NOT APPLICABLE,11501,S,HALSTED ST,2,NO INDICATION OF INJURY,0.0,0.0,0.0,0.0,0.0,3.0,0.0,19,4,9
c4cbb44251d9179fd3a52cbad3cfce16782f34e095f842c11ef30402b5f07181ffee5e275634930a094cae409a5143c5f6b37860d43dfd2a3dccb92f68370385,2019-05-13 09:45:00,30,STOP SIGN/FLASHER,FUNCTIONING PROPERLY,CLEAR,DAYLIGHT,ANGLE,UNKNOWN INTERSECTION TYPE,STRAIGHT AND LEVEL,DRY,NO DEFECTS,INJURY AND / OR TOW DUE TO CRASH,"OVER $1,500",DISREGARDING STOP SIGN,FAILING TO REDUCE SPEED TO AVOID CRASH,100,E,84TH ST,2,NO INDICATION OF INJURY,0.0,0.0,0.0,0.0,0.0,2.0,0.0,9,2,5
bb5ac20a7ed698f040f57e95767ba7c7bada41bdb2a733d9329de297fc56850ae8674eace3fabbf011dc6e17d1028fbf6eb700c25a96782279c0788c79ae3c4b,2021-06-30 14:45:00,20,STOP SIGN/FLASHER,FUNCTIONING PROPERLY,RAIN,DAYLIGHT,REAR END,ONE-WAY,STRAIGHT AND LEVEL,WET,NO DEFECTS,NO INJURY / DRIVE AWAY,"OVER $1,500",FOLLOWING TOO CLOSELY,DRIVING SKILLS/KNOWLEDGE/EXPERIENCE,500,E,77TH ST,2,NO INDICATION OF INJURY,0.0,0.0,0.0,0.0,0.0,4.0,0.0,14,4,6
3cbd8fce3fd957bbcb0992dc08376ef59991978c933b1e7c553fca886d4a258af1608462ddd2a8d45eaf6d672e7dfec025b2e00dffec94e6fcc96c57bb1b98b6,2021-04-03 19:30:00,30,TRAFFIC SIGNAL,FUNCTIONING PROPERLY,CLEAR,"DARKNESS, LIGHTED ROAD",SIDESWIPE SAME DIRECTION,NOT DIVIDED,STRAIGHT AND LEVEL,DRY,NO DEFECTS,NO INJURY / DRIVE AWAY,"OVER $1,500",UNABLE TO DETERMINE,UNABLE TO DETERMINE,5201,N,NAGLE AVE,2,NO INDICATION OF INJURY,0.0,0.0,0.0,0.0,0.0,2.0,0.0,19,7,4
995c9226b173bd8ba17fdd378f063bb3b78495d1713c20c486a4b295d1ca7ca6c857dc12ca2037e5137620a5f303d4d2fdf46e03cf998e01d719dc2868ff4082,2022-03-04 15:15:00,30,NO CONTROLS,NO CONTROLS,CLEAR,DAYLIGHT,SIDESWIPE SAME DIRECTION,NOT DIVIDED,STRAIGHT AND LEVEL,DRY,UNKNOWN,NO INJURY / DRIVE AWAY,"OVER $1,500",DRIVING SKILLS/KNOWLEDGE/EXPERIENCE,NOT APPLICABLE,2409,W,35TH ST,2,NO INDICATION OF INJURY,0.0,0.0,0.0,0.0,0.0,2.0,0.0,15,6,3
cd273b01e666d49dfc25d339660e6d6fffc5ccccfe6b8691afbfebcb84879d35990ff5bba43fa7a172adea5b1561c1c41830980f0b8764af116761aa86750158,2021-06-30 21:30:00,20,UNKNOWN,UNKNOWN,UNKNOWN,UNKNOWN,PARKED MOTOR VEHICLE,ONE-WAY,STRAIGHT AND LEVEL,UNKNOWN,UNKNOWN,NO INJURY / DRIVE AWAY,"OVER $1,500",NOT APPLICABLE,NOT APPLICABLE,1256,S,AVERS AVE,2,NO INDICATION OF INJURY,0.0,0.0,0.0,0.0,0.0,1.0,0.0,21,4,6