CRASH_RECORD_ID,CRASH_DATE,POSTED_SPEED_LIMIT,TRAFFIC_CONTROL_DEVICE,DEVICE_CONDITION,WEATHER_CONDITION,LIGHTING_CONDITION,FIRST_CRASH_TYPE,TRAFFICWAY_TYPE,ALIGNMENT,ROADWAY_SURFACE_COND,ROAD_DEFECT,CRASH_TYPE,DAMAGE,PRIM_CONTRIBUTORY_CAUSE,SEC_CONTRIBUTORY_CAUSE,STREET_NO,STREET_DIRECTION,STREET_NAME,NUM_UNITS,MOST_SEVERE_INJURY,INJURIES_TOTAL,INJURIES_FATAL,INJURIES_INCAPACITATING,INJURIES_NON_INCAPACITATING,INJURIES_REPORTED_NOT_EVIDENT,INJURIES_NO_INDICATION,INJURIES_UNKNOWN,CRASH_HOUR,CRASH_DAY_OF_WEEK,CRASH_MONTH
d16149c1bbdd4f5eb916581a234536360476fd83aa41d38837df4529f7fbc04b1098072218c9d4052756c30b0b42d774a11743c502500699b6afcd790b0a3a40,2018-07-24 17:50:00,30,STOP SIGN/FLASHER,FUNCTIONING PROPERLY,CLEAR,DAYLIGHT,REAR END,NOT DIVIDED,STRAIGHT AND LEVEL,DRY,NO DEFECTS,NO INJURY / DRIVE AWAY,$500 OR LESS,FOLLOWING TOO CLOSELY,IMPROPER OVERTAKING/PASSING,1299,N,ELSTON AVE,2,NO INDICATION OF INJURY,0.0,0.0,0.0,0.0,0.0,3.0,0.0,17,3,7
4e9a21b2f80bc13eb74696aa19ab362a186ab496a69a944295d251905fe1e619e51103b77efceb93c3abc7416e729a5d4ea0bc29e04b45352e63ed15d9354df1,2017-07-01 19:00:00,30,TRAFFIC SIGNAL,FUNCTIONING PROPERLY,CLEAR,DUSK,SIDESWIPE SAME DIRECTION,ONE-WAY,STRAIGHT AND LEVEL,DRY,NO DEFECTS,NO INJURY / DRIVE AWAY,"OVER $1,500",NOT APPLICABLE,NOT APPLICABLE,6300,S,KEELER AVE,2,NO INDICATION OF INJURY,0.0,0.0,0.0,0.0,0.0,2.0,0.0,19,7,7
c349e276a42d6ef4a7303123c58440def91b4cca71a8cfdc7f6bb8b3c59bd267faf3daae9a38cd6c09cb981958f91e310a494ea2c8e70f677898117020fe2689,2024-01-27 19:30:00,30,NO CONTROLS,NO CONTROLS,CLEAR,DARKNESS,SIDESWIPE SAME DIRECTION,NOT DIVIDED,STRAIGHT AND LEVEL,WET,NO DEFECTS,NO INJURY / DRIVE AWAY,"OVER $1,500",UNABLE TO DETERMINE,UNABLE TO DETERMINE,1216,S,UNION AVE,2,NO INDICATION OF INJURY,0.0,0.0,0.0,0.0,0.0,3.0,0.0,19,7,1
c068729f886d77147e2c806bff233c2bd23ec516f2299adee0ac19224ffed8de1f2ce0630be25417b76d857cde47f1a59c011146e189babad89a428ef5c267f4,2021-10-01 16:09:00,30,NO CONTROLS,NO CONTROLS,UNKNOWN,UNKNOWN,SIDESWIPE SAME DIRECTION,UNKNOWN,STRAIGHT AND LEVEL,UNKNOWN,UNKNOWN,NO INJURY / DRIVE AWAY,"OVER $1,500",UNABLE TO DETERMINE,UNABLE TO DETERMINE,6643,N,GREENVIEW AVE,2,NO INDICATION OF INJURY,0.0,0.0,0.0,0.0,0.0,2.0,0.0,16,6,10
91d038be6a35f64e8c0ad8a0bd7912b0a166313c0d84ef8090e5a9c0c378f73db7699114ef48584f8d9ba7ef06b2c1b7fe2036eefbca215efe9f01d58a71156c,2017-05-25 23:01:00,0,NO CONTROLS,NO CONTROLS,CLEAR,UNKNOWN,PARKED MOTOR VEHICLE,NOT DIVIDED,STRAIGHT AND LEVEL,UNKNOWN,UNKNOWN,NO INJURY / DRIVE AWAY,"OVER $1,500",IMPROPER LANE USAGE,FAILING TO REDUCE SPEED TO AVOID CRASH,1550,N,MILWAUKEE AVE,2,NO INDICATION OF INJURY,0.0,0.0,0.0,0.0,0.0,1.0,0.0,23,5,5
2d320401aeff2a752c239913b3932dc1709bce82452476d23d4a8bd2a4eca134d4b98caa1307891a010629cccbdeb5b3e542e2c64ced05dabc99338f78a80cfd,2020-07-08 11:25:00,30,NO CONTROLS,NO CONTROLS,CLEAR,DAYLIGHT,PARKED MOTOR VEHICLE,NOT DIVIDED,STRAIGHT AND LEVEL,DRY,NO DEFECTS,NO INJURY / DRIVE AWAY,"$501 - $1,500",DRIVING SKILLS/KNOWLEDGE/EXPERIENCE,UNABLE TO DETERMINE,757,S,FRANCISCO AVE,2,NO INDICATION OF INJURY,0.0,0.0,0.0,0.0,0.0,1.0,0.0,11,4,7
6dd25d37582ac6fbd2ebf8f4372b62b412e8fc891876ea6a8668f08fd3c9b1f71fa853df121255011958155e520fa13742c7db1e1230e833eeb1e506c3fc1fe1,2016-11-21 10:15:00,30,NO CONTROLS,NO CONTROLS,CLEAR,DAYLIGHT,REAR END,NOT DIVIDED,STRAIGHT AND LEVEL,DRY,NO DEFECTS,NO INJURY / DRIVE AWAY,$500 OR LESS,FOLLOWING TOO CLOSELY,FAILING TO YIELD RIGHT-OF-WAY,4800,W,NORTH AVE,2,NO INDICATION OF INJURY,0.0,0.0,0.0,0.0,0.0,2.0,0.0,10,2,11
982ae538bba2d09afa24fc492511ef08f780f71de7da7363ca953bfd240f01669e520045675481090dacd5c5d7c6c747b75c7d44213ad6bb8fed4ee1d189a934,2023-11-16 10:00:00,30,NO CONTROLS,NO CONTROLS,CLEAR,DAYLIGHT,TURNING,T-INTERSECTION,STRAIGHT AND LEVEL,DRY,NO DEFECTS,NO INJURY / DRIVE AWAY,"OVER $1,500",IMPROPER TURNING/NO SIGNAL,FAILING TO YIELD RIGHT-OF-WAY,2100,W,GARFIELD BLVD,2,NO INDICATION OF INJURY,0.0,0.0,0.0,0.0,0.0,2.0,0.0,10,5,11
d2a867416ec1451a271c8df55d464c7de9b62e6def9fc53baceb2bb8964649015d8821a9e02567b04deb2a2a2cbe801109afb73503e05f7ea11c6769b7877c90,2022-09-15 23:20:00,30,UNKNOWN,UNKNOWN,CLEAR,DUSK,REAR END,NOT DIVIDED,STRAIGHT AND LEVEL,DRY,UNKNOWN,NO INJURY / DRIVE AWAY,"$501 - $1,500",UNABLE TO DETERMINE,NOT APPLICABLE,600,S,MICHIGAN AVE,2,NO INDICATION OF INJURY,0.0,0.0,0.0,0.0,0.0,2.0,0.0,23,5,9
57921aeabc67b6223930552d688989a6ee5a15861b7fa9e6347db3c4e7fa54416995951ddb528961f46cc097d9abd7580570798459adb0743bb23a52cd43aab0,2019-12-16 10:00:00,0,NO CONTROLS,NO CONTROLS,CLEAR,DAYLIGHT,PARKED MOTOR VEHICLE,PARKING LOT,STRAIGHT AND LEVEL,DRY,NO DEFECTS,NO INJURY / DRIVE AWAY,"OVER $1,500",NOT APPLICABLE,NOT APPLICABLE,4339,W,18TH PL,2,NO INDICATION OF INJURY,0.0,0.0,0.0,0.0,0.0,1.0,0.0,10,2,12
ee9bb3adc9ffff379a88dc44a50e8597330b4fd9779fe77242d8cd775425e819842f0c91aeaf2a6aba02ccc36921e45621c971dab7453331d9ca6ead3a15188b,2018-11-05 07:30:00,30,NO CONTROLS,NO CONTROLS,CLEAR,DAYLIGHT,REAR END,ONE-WAY,STRAIGHT AND LEVEL,DRY,NO DEFECTS,NO INJURY / DRIVE AWAY,$500 OR LESS,FOLLOWING TOO CLOSELY,FOLLOWING TOO CLOSELY,3820,N,SPAULDING AVE,2,NO INDICATION OF INJURY,0.0,0.0,0.0,0.0,0.0,5.0,0.0,7,2,11
919c085775cab61c38bf8a1e59dc49b718cd0c0587727aa972e4d8afded8ae5799f9f8ef545c02e3b2280706906bb4434e03e756dfd1fe4062210d8238107bd0,2017-11-09 19:10:00,30,NO CONTROLS,NO CONTROLS,CLEAR,"DARKNESS, LIGHTED ROAD",TURNING,NOT DIVIDED,STRAIGHT AND LEVEL,DRY,NO DEFECTS,NO INJURY / DRIVE AWAY,"OVER $1,500",FOLLOWING TOO CLOSELY,NOT APPLICABLE,6399,W,BELMONT AVE,2,NO INDICATION OF INJURY,0.0,0.0,0.0,0.0,0.0,2.0,0.0,19,5,11
32c5f42e66c13ba7e74f74a984f8935f731ab33d34766f931b7c37941c7458a04e08c045df6a9855c9702fc751cb1fe23fef27816e71ed52cd1fcde4157188e9,2021-08-10 17:30:00,30,NO CONTROLS,NO CONTROLS,CLEAR,DAYLIGHT,SIDESWIPE SAME DIRECTION,NOT DIVIDED,STRAIGHT AND LEVEL,DRY,NO DEFECTS,NO INJURY / DRIVE AWAY,"OVER $1,500",IMPROPER OVERTAKING/PASSING,NOT APPLICABLE,5498,N,CUMBERLAND AVE,2,NO INDICATION OF INJURY,0.0,0.0,0.0,0.0,0.0,2.0,0.0,17,3,8
1c32b8ee52e23389a208cbe39dc3c8566d8141fc712ac59d79dbf51ce5791adcce30fed1b6e406d1b3f58a852cac50521c12b30372cf1cfe1cbbc35d43e6ccce,2019-09-06 07:37:00,30,NO CONTROLS,NO CONTROLS,CLEAR,DAYLIGHT,SIDESWIPE SAME DIRECTION,DIVIDED - W/MEDIAN (NOT RAISED),STRAIGHT AND LEVEL,DRY,NO DEFECTS,NO INJURY / DRIVE AWAY,"OVER $1,500",IMPROPER OVERTAKING/PASSING,FOLLOWING TOO CLOSELY,1940,W,119TH ST,2,NO INDICATION OF INJURY,0.0,0.0,0.0,0.0,0.0,5.0,0.0,7,6,9
307c7eb4b346ef20dfb39669d17ed70eb46048713ae6ef5eac4bd75feaff21afefefe9516e6ee91ba2e31ecd782dcd6ea90c1e9cc8caa12f619d7b34216ac3e5,2022-11-19 01:15:00,30,TRAFFIC SIGNAL,FUNCTIONING PROPERLY,CLEAR,"DARKNESS, LIGHTED ROAD",PARKED MOTOR VEHICLE,ONE-WAY,STRAIGHT AND LEVEL,WET,NO DEFECTS,INJURY AND / OR TOW DUE TO CRASH,"OVER $1,500",FAILING TO REDUCE SPEED TO AVOID CRASH,DISTRACTION - FROM INSIDE VEHICLE,2334,W,VAN BUREN ST,4,NO INDICATION OF INJURY,0.0,0.0,0.0,0.0,0.0,1.0,0.0,1,7,11
7d85be6aee05dd341aa11ddd6ca53af6279a3c24c6dc7065d0ee2e0702c876081bbde9f4ed6f635d69b4be37a0c40a18327d56bff0971bcb667c5004b7950166,2024-04-23 12:06:00,30,NO CONTROLS,NO CONTROLS,CLEAR,DAYLIGHT,ANGLE,NOT DIVIDED,STRAIGHT AND LEVEL,DRY,NO DEFECTS,INJURY AND / OR TOW DUE TO CRASH,"OVER $1,500",FAILING TO YIELD RIGHT-OF-WAY,NOT APPLICABLE,6331,N,NAGLE AVE,2,NO INDICATION OF INJURY,0.0,0.0,0.0,0.0,0.0,4.0,0.0,12,3,4
77c260982100f47ff8ca08826ec4f07a906cdc75c55de5d3e3a8ddac93aaea48dea4717d917075addf457c3dc550bedadd2e151a15843be5460a61cf1d12102a,2020-09-19 03:00:00,30,NO CONTROLS,NO CONTROLS,CLEAR,"DARKNESS, LIGHTED ROAD",PARKED MOTOR VEHICLE,NOT DIVIDED,STRAIGHT AND LEVEL,DRY,UNKNOWN,NO INJURY / DRIVE AWAY,"OVER $1,500",UNABLE TO DETERMINE,UNABLE TO DETERMINE,4009,S,TALMAN AVE,2,NO INDICATION OF INJURY,0.0,0.0,0.0,0.0,0.0,1.0,0.0,3,7,9
95928455de78aac48ee0db106426c5f2004c9b17182d0ab2406b6fce40ed93f482e359bc21ff1367562002b1c1b2c138062718dc793b5d26baae21a416d96fe1,2023-10-30 17:35:00,35,UNKNOWN,UNKNOWN,CLEAR,DUSK,SIDESWIPE SAME DIRECTION,DIVIDED - W/MEDIAN (NOT RAISED),STRAIGHT AND LEVEL,DRY,NO DEFECTS,NO INJURY / DRIVE AWAY,"$501 - $1,500",FAILING TO YIELD RIGHT-OF-WAY,NOT APPLICABLE,541,W,DICKENS AVE,2,NO INDICATION OF INJURY,0.0,0.0,0.0,0.0,0.0,2.0,0.0,17,2,10
3758b2d68a1ec8a78ac8a407a8688bc6050fdac906d8cda83fa486a4ac8b452615a579895352c33b3e5621c1041286951c5099b0e3ad65f0b3eba3a7623fa3d2,2022-04-25 17:28:00,30,TRAFFIC SIGNAL,FUNCTIONING PROPERLY,CLEAR,DAYLIGHT,TURNING,NOT DIVIDED,STRAIGHT AND LEVEL,DRY,NO DEFECTS,INJURY AND / OR TOW DUE TO CRASH,"OVER $1,500",FAILING TO YIELD RIGHT-OF-WAY,UNABLE TO DETERMINE,2500,S,KEDZIE AVE,2,NO INDICATION OF INJURY,0.0,0.0,0.0,0.0,0.0,2.0,0.0,17,2,4
2e3b9671537d4a2e8f3b11bf2143cc5772293e2d2002e6d177dcfb4fb1d2d6457d127f030e0533211305c16ce5dac75c1a9fbb34bfe45774e04137cacc6eb9eb,2023-09-07 08:35:00,30,YIELD,FUNCTIONING PROPERLY,CLOUDY/OVERCAST,DAYLIGHT,ANGLE,DIVIDED - W/MEDIAN (NOT RAISED),STRAIGHT AND LEVEL,DRY,NO DEFECTS,NO INJURY / DRIVE AWAY,"$501 - $1,500",FAILING TO YIELD RIGHT-OF-WAY,NOT APPLICABLE,7100,S,CORNELL AVE,2,NO INDICATION OF INJURY,0.0,0.0,0.0,0.0,0.0,2.0,0.0,8,5,9
e5a5e76dddaba062d82288da24b60759340d99184c488ccdfa09491a1c85c3ddbe4a60a6e55365b07e809656de3cc4d6161b3c4b5682283cc040f78d159389a5,2021-11-29 18:15:00,30,TRAFFIC SIGNAL,FUNCTIONING PROPERLY,CLEAR,"DARKNESS, LIGHTED ROAD",TURNING,DIVIDED - W/MEDIAN (NOT RAISED),STRAIGHT AND LEVEL,DRY,NO DEFECTS,NO INJURY / DRIVE AWAY,"OVER $1,500",IMPROPER LANE USAGE,FAILING TO YIELD RIGHT-OF-WAY,99,N,WOOD ST,2,NO INDICATION OF INJURY,0.0,0.0,0.0,0.0,0.0,4.0,0.0,18,2,11
bf4b77bf7c631af0bf323346c2ce5c0aa94d0a745aba31eb8b90ed0cf4c54184258da78e218c4e6c49f4836717a9dac6c7f656c56dca83cb165173d827ff4946,2017-12-18 15:45:00,25,STOP SIGN/FLASHER,NO CONTROLS,CLEAR,DAYLIGHT,REAR END,NOT DIVIDED,STRAIGHT AND LEVEL,DRY,NO DEFECTS,NO INJURY / DRIVE AWAY,"OVER $1,500",FAILING TO REDUCE SPEED TO AVOID CRASH,EXCEEDING SAFE SPEED FOR CONDITIONS,600,W,103RD ST,2,NO INDICATION OF INJURY,0.0,0.0,0.0,0.0,0.0,3.0,0.0,15,2,12
ae4c7c266374e96e81b603f96209bcb56473c7cf6b6e32f1926dc6f608911541a1d176e47b4c9775812057a88c71c62b2cd67761ebc0468ed2bd4292205cf51b,2023-06-03 16:00:00,30,NO CONTROLS,NO CONTROLS,CLEAR,DAYLIGHT,SIDESWIPE SAME DIRECTION,NOT DIVIDED,STRAIGHT AND LEVEL,DRY,NO DEFECTS,NO INJURY / DRIVE AWAY,"$501 - $1,500",IMPROPER OVERTAKING/PASSING,NOT APPLICABLE,1500,S,ASHLAND AVE,2,NO INDICATION OF INJURY,0.0,0.0,0.0,0.0,0.0,2.0,0.0,16,7,6
fe89eb429bd1b365d13ff2422eb9b726b9c8108f32bdb376519ac4dd4c1a85afcf88d676faab7b5314a970a5072ff90e208aec48bc4b49c5753495bff84ac7f0,2016-03-20 14:00:00,0,NO CONTROLS,NO CONTROLS,CLEAR,DAYLIGHT,SIDESWIPE OPPOSITE DIRECTION,PARKING LOT,STRAIGHT AND LEVEL,UNKNOWN,UNKNOWN,NO INJURY / DRIVE AWAY,"OVER $1,500",NOT APPLICABLE,NOT APPLICABLE,7601,S,CICERO AVE,2,NO INDICATION OF INJURY,0.0,0.0,0.0,0.0,0.0,2.0,0.0,14,1,3
592a6d942864581a5eff0b0a8c051a26597b8cda3ee2e0934843630bb6641a8907472a7b8405537fad3f9e005010658d01b628a69bb34d7cd93a187521a94abf,2018-10-04 07:45:00,30,NO CONTROLS,NO CONTROLS,CLEAR,DAYLIGHT,REAR END,NOT DIVIDED,STRAIGHT AND LEVEL,DRY,NO DEFECTS,NO INJURY / DRIVE AWAY,"OVER $1,500",UNABLE TO DETERMINE,UNABLE TO DETERMINE,7050,W,ADDISON ST,2,NO INDICATION OF INJURY,0.0,0.0,0.0,0.0,0.0,2.0,0.0,7,5,10
515a96b221fe913a1c97bb4a6683fb5646de11282b35adc5bffaa782d43e0de9ce6c7ea45eb05ef7f2759c5279eabfca76456f9540cc8823f0d3939db7124ca3,2019-10-07 08:30:00,25,TRAFFIC SIGNAL,FUNCTIONING PROPERLY,CLEAR,DAYLIGHT,PEDESTRIAN,T-INTERSECTION,STRAIGHT AND LEVEL,UNKNOWN,UNKNOWN,INJURY AND / OR TOW DUE TO CRASH,$500 OR LESS,FAILING TO YIELD RIGHT-OF-WAY,UNABLE TO DETERMINE,1000,W,63RD ST,2,NONINCAPACITATING INJURY,1.0,0.0,0.0,1.0,0.0,1.0,0.0,8,2,10
73468ceb360cd700e2eaffafa3d13f53d4591cf5a74e598e64543e559fad52fe26421a04d351199af37dd208ad8be47eaa1a5d61019ca65c10356eb0a2fe924e,2017-07-19 13:45:00,30,TRAFFIC SIGNAL,FUNCTIONING PROPERLY,CLEAR,DAYLIGHT,REAR END,DIVIDED - W/MEDIAN (NOT RAISED),STRAIGHT AND LEVEL,DRY,NO DEFECTS,NO INJURY / DRIVE AWAY,"OVER $1,500",FOLLOWING TOO CLOSELY,UNABLE TO DETERMINE,800,E,76TH ST,2,NO INDICATION OF INJURY,0.0,0.0,0.0,0.0,0.0,2.0,0.0,13,4,7
4fb60901f479eef68eaa84bda662e732df18cae50cb9bf8b5234f70183b25f6963917d19d8ba5bd8a1bf7bbc0469df1194ce65cc6251ae0ce4af473f4d6bfbf6,2018-05-21 19:25:00,30,NO CONTROLS,NO CONTROLS,CLEAR,DAYLIGHT,REAR END,NOT DIVIDED,STRAIGHT AND LEVEL,DRY,NO DEFECTS,NO INJURY / DRIVE AWAY,"$501 - $1,500",UNABLE TO DETERMINE,UNABLE TO DETERMINE,799,W,FULLERTON AVE,2,NO INDICATION OF INJURY,0.0,0.0,0.0,0.0,0.0,2.0,0.0,19,2,5
b14377c9c2b6a6b629402d9adb8848e75ecb01fbc204e318c471e8ef0d5d2776c11b635b5fae83cce1cf411fe194bc6649dd7e18e1a151b60f76a2603ed6f4e5,2018-05-18 18:30:00,30,TRAFFIC SIGNAL,FUNCTIONING PROPERLY,RAIN,DUSK,TURNING,NOT DIVIDED,STRAIGHT AND LEVEL,WET,NO DEFECTS,INJURY AND / OR TOW DUE TO CRASH,"$501 - $1,500",UNABLE TO DETERMINE,NOT APPLICABLE,4525,W,NORTH AVE,2,NO INDICATION OF INJURY,0.0,0.0,0.0,0.0,0.0,2.0,0.0,18,6,5
c71f187c8722f11388d2e4a826169fe2f1a03d73a505f94edcec9c4fe6f1882e6e0afec23879050b4cac76b568484c6acbae05d0be42d670acb14ec540265bd9,2016-08-28 17:00:00,10,NO CONTROLS,NO CONTROLS,CLEAR,DUSK,SIDESWIPE SAME DIRECTION,NOT DIVIDED,STRAIGHT AND LEVEL,DRY,NO DEFECTS,NO INJURY / DRIVE AWAY,"OVER $1,500",NOT APPLICABLE,NOT APPLICABLE,10000,W,OHARE ST,2,NO INDICATION OF INJURY,0.0,0.0,0.0,0.0,0.0,2.0,0.0,17,1,8
5d8679563ccde1482a30dc199cac99c973a9957bd1dd6c0a1ceed2ff326f8404b2b39450a74743d091b56443119512171a3dcc0d8cad6789646db088d62d262a,2015-12-04 21:45:00,25,NO CONTROLS,NO CONTROLS,CLEAR,"DARKNESS, LIGHTED ROAD",SIDESWIPE SAME DIRECTION,ONE-WAY,STRAIGHT AND LEVEL,DRY,NO DEFECTS,NO INJURY / DRIVE AWAY,"$501 - $1,500",IMPROPER LANE USAGE,UNABLE TO DETERMINE,336,W,ONTARIO ST,2,NO INDICATION OF INJURY,0.0,0.0,0.0,0.0,0.0,4.0,0.0,21,6,12
48b4001faa381a83bff4dba4386e00982c5f605096aa1a9f1d720333658c54034448cc79e56260925a6e6b8d95d3ab07abdb3d8d389d06f55d295ce17b911928,2018-09-11 18:45:00,40,NO CONTROLS,NO CONTROLS,CLEAR,DUSK,SIDESWIPE SAME DIRECTION,DIVIDED - W/MEDIAN BARRIER,STRAIGHT AND LEVEL,DRY,NO DEFECTS,NO INJURY / DRIVE AWAY,"OVER $1,500",IMPROPER LANE USAGE,NOT APPLICABLE,1400,N,LAKE SHORE DR NB,2,NO INDICATION OF INJURY,0.0,0.0,0.0,0.0,0.0,2.0,0.0,18,3,9
06b957d743948664644e361f8dc0f56a8774e69b58e5d2f4c5d2dd945a110f60f45f2b6060cf55df9fd25743952de1df5f0225f713554de0edc59e02d82b5a06,2019-06-02 17:32:00,55,UNKNOWN,UNKNOWN,CLEAR,DUSK,SIDESWIPE SAME DIRECTION,DIVIDED - W/MEDIAN BARRIER,STRAIGHT AND LEVEL,DRY,NO DEFECTS,NO INJURY / DRIVE AWAY,"OVER $1,500","OPERATING VEHICLE IN ERRATIC, RECKLESS, CARELESS, NEGLIGENT OR AGGRESSIVE MANNER",NOT APPLICABLE,1332,S,COLUMBUS DR,2,NO INDICATION OF INJURY,0.0,0.0,0.0,0.0,0.0,3.0,0.0,17,1,6
e51a8329c3487cdec8ce3df20a2745ca266d958523bad8653e91f0b35bfc3c31f931f835b5dfd3af9ed37f0992b0b41a4847db0dd1cfbc6e5a7877130e17f1a1,2022-12-17 18:30:00,30,TRAFFIC SIGNAL,FUNCTIONING PROPERLY,CLEAR,DAYLIGHT,SIDESWIPE SAME DIRECTION,NOT DIVIDED,STRAIGHT AND LEVEL,DRY,NO DEFECTS,NO INJURY / DRIVE AWAY,"OVER $1,500",NOT APPLICABLE,NOT APPLICABLE,5604,N,RIDGE AVE,2,NO INDICATION OF INJURY,0.0,0.0,0.0,0.0,0.0,2.0,0.0,18,7,12
4af77ff7482d187c4795184320b729f75be1dbe93cf4fe2471d23551337c7ccf0e766c0b0abcc02bb8dfd6f8b94acdee76a16e7f86e17e9af75b9f2297da37d6,2020-09-22 19:30:00,30,TRAFFIC SIGNAL,FUNCTIONING PROPERLY,CLEAR,DUSK,SIDESWIPE SAME DIRECTION,NOT DIVIDED,STRAIGHT AND LEVEL,DRY,NO DEFECTS,NO INJURY / DRIVE AWAY,"OVER $1,500",IMPROPER OVERTAKING/PASSING,UNABLE TO DETERMINE,12258,S,HALSTED ST,2,NO INDICATION OF INJURY,0.0,0.0,0.0,0.0,0.0,2.0,0.0,19,3,9
165f13a2c1663892977b06544fb3de30b004cedbf72dfdd632cb5c0afc0480ef1e32967d3064532d845fccb9a0b2a7f01d35845cc5cec8e3d28ddf96f56897ad,2019-12-20 06:56:00,20,STOP SIGN/FLASHER,FUNCTIONING PROPERLY,CLEAR,DAYLIGHT,REAR END,NOT DIVIDED,STRAIGHT AND LEVEL,DRY,NO DEFECTS,NO INJURY / DRIVE AWAY,"OVER $1,500",UNABLE TO DETERMINE,NOT APPLICABLE,3230,W,83RD ST,3,NO INDICATION OF INJURY,0.0,0.0,0.0,0.0,0.0,3.0,0.0,6,6,12
5aaff4ff52862c0db8999afb99dfd7c7a5e741eccec406b82028673d8129b2269b00308acac28a1473e6a9c06a45634b26bb0743b14aa6d8aa8cc895dec973d4,2018-10-19 16:30:00,30,NO CONTROLS,NO CONTROLS,RAIN,DAYLIGHT,ANGLE,ONE-WAY,STRAIGHT AND LEVEL,WET,NO DEFECTS,INJURY AND / OR TOW DUE TO CRASH,"OVER $1,500",DRIVING ON WRONG SIDE/WRONG WAY,UNABLE TO DETERMINE,8400,S,WABASH AVE,2,NO INDICATION OF INJURY,0.0,0.0,0.0,0.0,0.0,2.0,0.0,16,6,10
9680e7c6e65956806c4d2b447ae33ee75f505b90669c765582bed12ac88d5d44315081e6691d1821ddf8ca33a3e285d1a73155e65ac81c51a6761df8bce138b4,2017-06-11 19:15:00,30,TRAFFIC SIGNAL,FUNCTIONING PROPERLY,CLEAR,DAYLIGHT,TURNING,NOT DIVIDED,STRAIGHT AND LEVEL,DRY,NO DEFECTS,NO INJURY / DRIVE AWAY,"OVER $1,500",UNABLE TO DETERMINE,UNABLE TO DETERMINE,198,W,NORTH AVE,2,NO INDICATION OF INJURY,0.0,0.0,0.0,0.0,0.0,2.0,0.0,19,1,6
2e6806a42a5e517e727a0d2b2059db2e17f4caac59c4fa87968b66cb3f2ea87be9cafed2a497ecb3992537423b5433a927773fe7d147f112bb3915de2ee25f58,2017-10-20 12:45:00,0,NO CONTROLS,NO CONTROLS,CLEAR,DAYLIGHT,SIDESWIPE SAME DIRECTION,DIVIDED - W/MEDIAN BARRIER,STRAIGHT AND LEVEL,DRY,NO DEFECTS,NO INJURY / DRIVE AWAY,"OVER $1,500",UNABLE TO DETERMINE,NOT APPLICABLE,111,S,MICHIGAN AVE,2,NO INDICATION OF INJURY,0.0,0.0,0.0,0.0,0.0,2.0,0.0,12,6,10
c905823bec83ec25d5c664f9dda2eb44eaf8717a467ed94721c5819f247aa9917f9c3b7aa4923f456ea050d7323451b10219d6493d84e777864c3e4f6009682d,2023-12-13 22:07:00,30,STOP SIGN/FLASHER,OTHER,CLEAR,"DARKNESS, LIGHTED ROAD",ANGLE,FOUR WAY,STRAIGHT AND LEVEL,DRY,NO DEFECTS,NO INJURY / DRIVE AWAY,"OVER $1,500",FAILING TO YIELD RIGHT-OF-WAY,FAILING TO YIELD RIGHT-OF-WAY,1500,S,HOMAN AVE,2,NO INDICATION OF INJURY,0.0,0.0,0.0,0.0,0.0,4.0,0.0,22,4,12
66cf7c15ce7a5e7f535d11cca78472bf92d5d3fa16e1591e6a9badc42d92685c3d6d6d47d67dd97dda611c771ba019ba9a409bce0b4189754bd5eb1b719c688c,2017-12-18 18:15:00,30,NO CONTROLS,NO CONTROLS,CLEAR,DARKNESS,ANGLE,NOT DIVIDED,STRAIGHT ON GRADE,DRY,NO DEFECTS,NO INJURY / DRIVE AWAY,"$501 - $1,500",IMPROPER BACKING,FAILING TO YIELD RIGHT-OF-WAY,311,W,BELDEN AVE,2,NO INDICATION OF INJURY,0.0,0.0,0.0,0.0,0.0,2.0,0.0,18,2,12
109358b22c7a04fa3180003fbafec0bda8fcbac5d4f1540ace5f815a9a25f837e26cff5a9a12a6aca4feed68ab2635a6051fd8c4ddf8460a5fd3aebe73aab7ed,2021-12-13 17:30:00,30,TRAFFIC SIGNAL,FUNCTIONING PROPERLY,CLEAR,DAYLIGHT,REAR END,DIVIDED - W/MEDIAN (NOT RAISED),STRAIGHT AND LEVEL,DRY,NO DEFECTS,INJURY AND / OR TOW DUE TO CRASH,"OVER $1,500",UNABLE TO DETERMINE,UNABLE TO DETERMINE,748,W,LAWRENCE AVE,2,"REPORTED, NOT EVIDENT",1.0,0.0,0.0,0.0,1.0,1.0,0.0,17,2,12
94a9b6a558274f324ffdd4222eeb8373fa78dcad0dd3de5e31aea8a3189d02cf2ce99f575d96181fc50851ed4c93847274b180d098cc9af2aaa64de4095706be,2024-03-20 08:00:00,30,TRAFFIC SIGNAL,FUNCTIONING PROPERLY,CLEAR,DAYLIGHT,TURNING,NOT DIVIDED,STRAIGHT AND LEVEL,DRY,UNKNOWN,NO INJURY / DRIVE AWAY,"OVER $1,500",FOLLOWING TOO CLOSELY,UNABLE TO DETERMINE,220,W,35TH ST,2,NO INDICATION OF INJURY,0.0,0.0,0.0,0.0,0.0,2.0,0.0,8,4,3