CRASH_RECORD_ID,CRASH_DATE,POSTED_SPEED_LIMIT,TRAFFIC_CONTROL_DEVICE,DEVICE_CONDITION,WEATHER_CONDITION,LIGHTING_CONDITION,FIRST_CRASH_TYPE,TRAFFICWAY_TYPE,ALIGNMENT,ROADWAY_SURFACE_COND,ROAD_DEFECT,CRASH_TYPE,DAMAGE,PRIM_CONTRIBUTORY_CAUSE,SEC_CONTRIBUTORY_CAUSE,STREET_NO,STREET_DIRECTION,STREET_NAME,NUM_UNITS,MOST_SEVERE_INJURY,INJURIES_TOTAL,INJURIES_FATAL,INJURIES_INCAPACITATING,INJURIES_NON_INCAPACITATING,INJURIES_REPORTED_NOT_EVIDENT,INJURIES_NO_INDICATION,INJURIES_UNKNOWN,CRASH_HOUR,CRASH_DAY_OF_WEEK,CRASH_MONTH
4593039a3bcbc7409a4a6984012acf95253daad3520cc844f660a52c3218d604828abe481022d9b5f1fcb248f7c38ef9bb0fad571d7a648746b8aa88e8cee9a4,2016-12-18 10:14:00,20,NO CONTROLS,OTHER,UNKNOWN,DAYLIGHT,SIDESWIPE SAME DIRECTION,DIVIDED - W/MEDIAN (NOT RAISED),STRAIGHT AND LEVEL,UNKNOWN,UNKNOWN,NO INJURY / DRIVE AWAY,"OVER $1,500",UNABLE TO DETERMINE,UNABLE TO DETERMINE,1531,N,WELLS ST,2,NO INDICATION OF INJURY,0.0,0.0,0.0,0.0,0.0,2.0,0.0,10,1,12
f62a34e8554ad4069afca0562faba263e3b6d04a3bc6fa35fa9f75f5d623e2ec2d5a2efda725c8cae1c6747cf12cae086e106491ee4c324f66f1f11b07c31dd9,2020-10-19 21:03:00,30,NO CONTROLS,NO CONTROLS,RAIN,"DARKNESS, LIGHTED ROAD",ANGLE,FOUR WAY,STRAIGHT AND LEVEL,WET,NO DEFECTS,INJURY AND / OR TOW DUE TO CRASH,"OVER $1,500",UNABLE TO DETERMINE,NOT APPLICABLE,1,W,100TH ST,2,NO INDICATION OF INJURY,0.0,0.0,0.0,0.0,0.0,2.0,0.0,21,2,10
4d2c05215097d300125ed310d71f15f49043a84b62d66a763e5bd387f6c716d94851497e9093525324a692d28c5cc3c85b4e0165871c0fdecc89774a1cff7dbe,2024-02-28 21:00:00,35,STOP SIGN/FLASHER,FUNCTIONING PROPERLY,CLEAR,DARKNESS,ANGLE,NOT DIVIDED,STRAIGHT AND LEVEL,DRY,NO DEFECTS,NO INJURY / DRIVE AWAY,"$501 - $1,500",UNABLE TO DETERMINE,NOT APPLICABLE,4850,N,LINDER AVE,2,NO INDICATION OF INJURY,0.0,0.0,0.0,0.0,0.0,2.0,0.0,21,4,2
e6022d3768ad710400ab1f87444f251b94e2cad94fed8bf395c6cfeb3bea9d803137b696baeffa3c6c11efa98a29fc2ead8035a14633332e9d08e9396dec9a31,2017-10-08 18:15:00,35,NO CONTROLS,NO CONTROLS,CLEAR,DARKNESS,ANGLE,DIVIDED - W/MEDIAN (NOT RAISED),STRAIGHT AND LEVEL,DRY,NO DEFECTS,NO INJURY / DRIVE AWAY,"OVER $1,500",FAILING TO YIELD RIGHT-OF-WAY,NOT APPLICABLE,1946,N,CALIFORNIA AVE,2,NO INDICATION OF INJURY,0.0,0.0,0.0,0.0,0.0,2.0,0.0,18,1,10
3b1c8c42b972e59f5ddf595ed99dcdeb696acbd2df8df6a31592f977cc8923656fbd6eb42c1b15ea1506fd3e4dffc64901ad8efafc4e209f56baffec297281ac,2022-04-14 14:00:00,30,NO CONTROLS,NO CONTROLS,CLEAR,UNKNOWN,PARKED MOTOR VEHICLE,NOT DIVIDED,STRAIGHT AND LEVEL,DRY,NO DEFECTS,NO INJURY / DRIVE AWAY,"$501 - $1,500",UNABLE TO DETERMINE,NOT APPLICABLE,12409,S,LOWE AVE,2,NO INDICATION OF INJURY,0.0,0.0,0.0,0.0,0.0,1.0,0.0,14,5,4
85af38ab0a4dc0332320ae086fc61c50cc5ad5733d35ca7cf89b988cefd5e1d0dd16a7c1375b4b53fb5243105ca711615ac14f745df845935825950a47cd8f4a,2018-09-30 03:48:00,30,NO CONTROLS,NO CONTROLS,RAIN,"DARKNESS, LIGHTED ROAD",FIXED OBJECT,NOT DIVIDED,STRAIGHT AND LEVEL,DRY,OTHER,INJURY AND / OR TOW DUE TO CRASH,"OVER $1,500",WEATHER,UNABLE TO DETERMINE,4632,W,NORTH AVE,1,NO INDICATION OF INJURY,0.0,0.0,0.0,0.0,0.0,1.0,0.0,3,1,9
0aea4fad9e583e9ff0ffd9568d2f3c447709ff6d094b623cc1b116d49d141df715670ec2e596d98525fac385d29a972e9a5ec091fc58f60028c7a296ed78fbe7,2021-11-01 15:00:00,20,UNKNOWN,UNKNOWN,CLEAR,DAYLIGHT,PARKED MOTOR VEHICLE,OTHER,STRAIGHT AND LEVEL,DRY,UNKNOWN,NO INJURY / DRIVE AWAY,"$501 - $1,500",UNABLE TO DETERMINE,UNABLE TO DETERMINE,3439,W,WILSON AVE,2,NO INDICATION OF INJURY,0.0,0.0,0.0,0.0,0.0,6.0,0.0,15,2,11
8bc2cd3239125db3a532a1065970d907a3c184f9e9e4d301e8311fd3c20b8e9fb6e29a1c2290797743b4d705b43090d3e92882c6024b7b1e967a7d4098a27db1,2020-11-19 09:15:00,30,TRAFFIC SIGNAL,FUNCTIONING PROPERLY,CLEAR,DAYLIGHT,REAR END,FOUR WAY,STRAIGHT AND LEVEL,DRY,NO DEFECTS,NO INJURY / DRIVE AWAY,"OVER $1,500",UNABLE TO DETERMINE,NOT APPLICABLE,560,S,KEDZIE AVE,2,NO INDICATION OF INJURY,0.0,0.0,0.0,0.0,0.0,2.0,0.0,9,5,11
d6a319e22259f8221b99614a6d4e9f01854d18629ecb7ad0ab6370c3207670512f673b80a89c5d001f53c909c103f5dde98221d055311e2e2dbce1508a7887af,2018-03-23 12:19:00,30,TRAFFIC SIGNAL,NO CONTROLS,CLEAR,DAYLIGHT,SIDESWIPE SAME DIRECTION,ONE-WAY,STRAIGHT AND LEVEL,DRY,NO DEFECTS,NO INJURY / DRIVE AWAY,"OVER $1,500",FOLLOWING TOO CLOSELY,IMPROPER OVERTAKING/PASSING,165,N,CANAL ST,2,NO INDICATION OF INJURY,0.0,0.0,0.0,0.0,0.0,2.0,0.0,12,6,3
8708f7c82d78986b0d0a3fd60cda5d76012803151cd349fd02249200656d719050ec894c2bc88a6c4593e64f2ae6b1dfa6f724c64322930719e633a52d9a624d,2022-06-30 12:40:00,30,NO CONTROLS,NO CONTROLS,CLEAR,DAYLIGHT,TURNING,NOT DIVIDED,STRAIGHT AND LEVEL,DRY,NO DEFECTS,INJURY AND / OR TOW DUE TO CRASH,"OVER $1,500",UNABLE TO DETERMINE,UNABLE TO DETERMINE,3125,W,IRVING PARK RD,2,NO INDICATION OF INJURY,0.0,0.0,0.0,0.0,0.0,4.0,0.0,12,5,6
6aae6d9cc161472a456890c9dc89450df2e1e7e1465e9f0a79cbb1d6254ec94771deae360d5c8fee58bbd9f76446c471487f1903f99328aa45d0ae9b3294b7b7,2023-05-17 12:16:00,30,NO CONTROLS,NO CONTROLS,CLEAR,DAYLIGHT,REAR END,DIVIDED - W/MEDIAN BARRIER,STRAIGHT AND LEVEL,DRY,NO DEFECTS,INJURY AND / OR TOW DUE TO CRASH,"OVER $1,500",NOT APPLICABLE,NOT APPLICABLE,11099,S,FAIRFIELD AVE,3,NONINCAPACITATING INJURY,1.0,0.0,0.0,1.0,0.0,2.0,0.0,12,4,5
34bb874d37c0b8c9caa61a15ee51b99a315c96830b6620734acbead33f8fd790c26ac4f7e872bbf5fe951500db05ef602237eaddce94c98e2def37f76fc298bd,2018-04-20 16:00:00,30,STOP SIGN/FLASHER,FUNCTIONING PROPERLY,CLEAR,DAYLIGHT,ANGLE,NOT DIVIDED,STRAIGHT AND LEVEL,DRY,NO DEFECTS,NO INJURY / DRIVE AWAY,$500 OR LESS,UNABLE TO DETERMINE,UNABLE TO DETERMINE,289,S,CAMPBELL AVE,2,NO INDICATION OF INJURY,0.0,0.0,0.0,0.0,0.0,3.0,0.0,16,6,4
729a99cf69d6c710e940a4f13317b5873c96049e7dd016b4186de3b1c940a65c7f2703e0f6d7af16aa018188ea509bb6917a14b187e6b07dcf2eb7671b8b692d,2019-11-24 09:00:00,20,NO CONTROLS,NO CONTROLS,CLEAR,DAYLIGHT,SIDESWIPE SAME DIRECTION,NOT DIVIDED,STRAIGHT AND LEVEL,DRY,NO DEFECTS,NO INJURY / DRIVE AWAY,"OVER $1,500",FAILING TO YIELD RIGHT-OF-WAY,FAILING TO YIELD RIGHT-OF-WAY,2421,N,NEVA AVE,2,NO INDICATION OF INJURY,0.0,0.0,0.0,0.0,0.0,2.0,0.0,9,1,11
39aa5265f0c552a842200d8437a837a1fc0fd70e4c6f62807432f59ac246861519f813cf95128a41cce5c2a2d39999b8047acfa659420da89aba12365c8e1fef,2020-01-22 09:50:00,30,TRAFFIC SIGNAL,FUNCTIONING PROPERLY,CLEAR,DAYLIGHT,PEDESTRIAN,FOUR WAY,STRAIGHT AND LEVEL,DRY,NO DEFECTS,INJURY AND / OR TOW DUE TO CRASH,$500 OR LESS,UNABLE TO DETERMINE,UNABLE TO DETERMINE,9459,S,LAFAYETTE AVE,2,NONINCAPACITATING INJURY,1.0,0.0,0.0,1.0,0.0,1.0,0.0,9,4,1
3e51ef1f2bd11b69e6a054efdba101872eafa13a9b252843fcdffe96c60fb171f2780ad56e6c851de1166254717a19e5c39e257d4035d5fa9d4b17d674804aca,2020-09-14 16:24:00,10,NO CONTROLS,NO CONTROLS,CLEAR,DAYLIGHT,ANGLE,PARKING LOT,STRAIGHT AND LEVEL,DRY,UNKNOWN,INJURY AND / OR TOW DUE TO CRASH,"OVER $1,500",FAILING TO YIELD RIGHT-OF-WAY,UNABLE TO DETERMINE,4700,S,LAKE PARK AVE,2,NO INDICATION OF INJURY,0.0,0.0,0.0,0.0,0.0,3.0,0.0,16,2,9
d2d04ff7841f8ce4a2142cb5bea9e3aa5b6b5ce9fb212a20a4f219f17611cb05db3ba7fbf727578fb6a9bb76662ebc33bc37d7952f731280e41c377d248b4c4f,2022-05-27 02:00:00,35,TRAFFIC SIGNAL,UNKNOWN,CLEAR,"DARKNESS, LIGHTED ROAD",ANGLE,FOUR WAY,STRAIGHT AND LEVEL,UNKNOWN,UNKNOWN,NO INJURY / DRIVE AWAY,"OVER $1,500",UNABLE TO DETERMINE,UNABLE TO DETERMINE,1000,W,BELMONT AVE,2,NO INDICATION OF INJURY,0.0,0.0,0.0,0.0,0.0,2.0,0.0,2,6,5
eea301ca847faeff3c13be999d58a9255816acdd408e37b6fbd317d9b9080c3a10c23ad8254b1bb5553626b2a9541f490d59dde69c98cbcc1d026f31c590f917,2023-02-26 19:39:00,35,NO CONTROLS,NO CONTROLS,CLEAR,"DARKNESS, LIGHTED ROAD",SIDESWIPE SAME DIRECTION,OTHER,STRAIGHT AND LEVEL,DRY,NO DEFECTS,NO INJURY / DRIVE AWAY,"OVER $1,500",FAILING TO YIELD RIGHT-OF-WAY,NOT APPLICABLE,1,W,TERMINAL ST,2,NO INDICATION OF INJURY,0.0,0.0,0.0,0.0,0.0,3.0,0.0,19,1,2
1f12793a8b909e1a0bda8615d7bf6d4ef44a638a4d4473526b2141efbf0445bb396a525c177f1df74140169466baba24be8ebeb0a137512b6d5cf0ad131cde7d,2017-07-11 20:00:00,30,TRAFFIC SIGNAL,FUNCTIONING PROPERLY,CLEAR,"DARKNESS, LIGHTED ROAD",REAR END,DIVIDED - W/MEDIAN (NOT RAISED),STRAIGHT AND LEVEL,DRY,UNKNOWN,NO INJURY / DRIVE AWAY,"OVER $1,500",IMPROPER BACKING,UNABLE TO DETERMINE,1657,N,CLARK ST,2,NO INDICATION OF INJURY,0.0,0.0,0.0,0.0,0.0,4.0,0.0,20,3,7
bc57ac536e0b535d7ed439c66e6bddf91093d23f7bd4c5b6d63e60fa6bb16e172fae0cdeb28a0eedd4d1fa77adcd137601bec60c0eb1578ec185afb2f9251cdd,2020-05-22 20:00:00,30,TRAFFIC SIGNAL,FUNCTIONING PROPERLY,CLEAR,"DARKNESS, LIGHTED ROAD",TURNING,NOT DIVIDED,STRAIGHT AND LEVEL,DRY,NO DEFECTS,NO INJURY / DRIVE AWAY,"OVER $1,500",FOLLOWING TOO CLOSELY,UNABLE TO DETERMINE,1400,E,67TH ST,2,NO INDICATION OF INJURY,0.0,0.0,0.0,0.0,0.0,4.0,0.0,20,6,5
a863cde1f1623e78e4ae6f55c2302e777ce6a907dc72d21fea0fc3a1afb6d216d71e3da27c2a87ead70b1c7b4f6682bb16e1cb6ad18b67e86d475d0ff6cec78b,2023-07-31 10:57:00,30,NO CONTROLS,NO CONTROLS,CLEAR,DAYLIGHT,TURNING,NOT DIVIDED,STRAIGHT AND LEVEL,DRY,NO DEFECTS,INJURY AND / OR TOW DUE TO CRASH,"OVER $1,500",UNABLE TO DETERMINE,UNABLE TO DETERMINE,6853,S,ASHLAND AVE,3,NO INDICATION OF INJURY,0.0,0.0,0.0,0.0,0.0,2.0,0.0,10,2,7
683c22050319f9a83bdb602ebf221ae259ed18218a6bd5ad8e1de7c7a975f7d16efea50ce5f039375a6a09ece080b5f089293671bbb550ceeb879fa2bf7f14bd,2018-09-09 15:08:00,25,NO CONTROLS,NO CONTROLS,CLEAR,DAYLIGHT,SIDESWIPE SAME DIRECTION,NOT DIVIDED,STRAIGHT AND LEVEL,DRY,UNKNOWN,NO INJURY / DRIVE AWAY,"$501 - $1,500",FAILING TO YIELD RIGHT-OF-WAY,UNABLE TO DETERMINE,3544,W,CERMAK RD,2,NO INDICATION OF INJURY,0.0,0.0,0.0,0.0,0.0,3.0,0.0,15,1,9
f9230ab7bc6a8d02ca9cdffdcae097e731581ecefa0dec1de0ab14a476c82e5b318b89e8cef0b7dfb2e207647e710809eb2d3476714198014e548d7645a7997e,2018-09-11 17:17:00,30,UNKNOWN,UNKNOWN,CLEAR,DAYLIGHT,REAR END,NOT DIVIDED,STRAIGHT AND LEVEL,UNKNOWN,UNKNOWN,NO INJURY / DRIVE AWAY,"OVER $1,500",FAILING TO REDUCE SPEED TO AVOID CRASH,FOLLOWING TOO CLOSELY,1065,N,ELSTON AVE,2,NO INDICATION OF INJURY,0.0,0.0,0.0,0.0,0.0,3.0,0.0,17,3,9
d606fbdc3c57e240cd11ce2faa799af7853765989678b6bceb4343bc73200aff25b72b96a978afc7c69e755f2de1252b26a11b05d10e6faf0f9240f6a17321ea,2021-11-07 16:37:00,30,STOP SIGN/FLASHER,FUNCTIONING PROPERLY,CLEAR,DAYLIGHT,TURNING,NOT DIVIDED,STRAIGHT AND LEVEL,DRY,NO DEFECTS,NO INJURY / DRIVE AWAY,"OVER $1,500",UNABLE TO DETERMINE,UNABLE TO DETERMINE,1600,E,76TH ST,2,NO INDICATION OF INJURY,0.0,0.0,0.0,0.0,0.0,2.0,0.0,16,1,11
1a628e375c34e1e1ef4f3a9227a78aeefa75908470ad76004954ca0c797d5228c85968019c0e782d44f1ac179f8c7b3376672349e5840f8033337800dde44574,2024-01-03 11:00:00,15,NO CONTROLS,NO CONTROLS,CLEAR,DAYLIGHT,PARKED MOTOR VEHICLE,PARKING LOT,STRAIGHT AND LEVEL,DRY,NO DEFECTS,NO INJURY / DRIVE AWAY,"$501 - $1,500",IMPROPER BACKING,UNABLE TO DETERMINE,516,W,OHARE ST,2,NO INDICATION OF INJURY,0.0,0.0,0.0,0.0,0.0,1.0,0.0,11,4,1
fd48757c00a410b6a43fc816f240c23fee675e042b8ce0fd07c8295b3a5e1241597baf27a0365026cd16f13cd5fe539176d0a48a337327ca8a25e85a8a346b37,2018-04-12 18:45:00,30,NO CONTROLS,NO CONTROLS,CLEAR,"DARKNESS, LIGHTED ROAD",REAR END,NOT DIVIDED,STRAIGHT AND LEVEL,DRY,UNKNOWN,NO INJURY / DRIVE AWAY,$500 OR LESS,IMPROPER BACKING,IMPROPER BACKING,3352,W,VAN BUREN ST,2,NO INDICATION OF INJURY,0.0,0.0,0.0,0.0,0.0,2.0,0.0,18,5,4
b6b94da662bff61009ca0e8729bc4e4f5784e9c283d4dbc49858529749a7e676c4887ffd6fc6c395925df5efcf0848746d01954cb92755663acee8cf892f7cfe,2018-01-12 09:00:00,25,NO CONTROLS,NO CONTROLS,CLOUDY/OVERCAST,DAYLIGHT,PARKED MOTOR VEHICLE,NOT DIVIDED,STRAIGHT AND LEVEL,DRY,NO DEFECTS,NO INJURY / DRIVE AWAY,"OVER $1,500",UNABLE TO DETERMINE,UNABLE TO DETERMINE,6405,N,GLENWOOD AVE,2,NO INDICATION OF INJURY,0.0,0.0,0.0,0.0,0.0,1.0,0.0,9,6,1
5f48cc5acf3e2a78c74db4b627892f3a9182bb36989db961ff2f5f25810d788a1fce9f2ff60f81daf8143e309c780aa739d55036a55d927cc8d6ee9dd09ab5e1,2019-05-27 22:15:00,35,TRAFFIC SIGNAL,FUNCTIONING PROPERLY,CLEAR,"DARKNESS, LIGHTED ROAD",OTHER OBJECT,NOT DIVIDED,STRAIGHT AND LEVEL,WET,"RUT, HOLES",INJURY AND / OR TOW DUE TO CRASH,"OVER $1,500",NOT APPLICABLE,NOT APPLICABLE,10,E,95TH ST,1,NO INDICATION OF INJURY,0.0,0.0,0.0,0.0,0.0,1.0,0.0,22,2,5
76f06e45d847588c0355b2cff374d8ce745cde4e64edfaba8f978eadd03169881237f5d4fe1a590d5863c2e073fe7bbad4d0f42aac7cfb1149946bfa5e7e3449,2020-01-15 20:02:00,30,STOP SIGN/FLASHER,FUNCTIONING PROPERLY,CLEAR,"DARKNESS, LIGHTED ROAD",ANGLE,UNKNOWN,STRAIGHT AND LEVEL,DRY,NO DEFECTS,NO INJURY / DRIVE AWAY,"$501 - $1,500",NOT APPLICABLE,NOT APPLICABLE,8300,S,WASHTENAW AVE,2,NO INDICATION OF INJURY,0.0,0.0,0.0,0.0,0.0,2.0,0.0,20,4,1
f9d9a70f49403fd40309f39a3c10cc9e0d78dc2fa79182a4a699c5ddeecc2cdf84c13b5d9b3b351cea9d221f2476cd74e61a9da5fd029a14e24ab044b831f8b2,2019-05-25 21:56:00,30,TRAFFIC SIGNAL,FUNCTIONING PROPERLY,CLEAR,"DARKNESS, LIGHTED ROAD",ANGLE,FOUR WAY,STRAIGHT AND LEVEL,DRY,UNKNOWN,INJURY AND / OR TOW DUE TO CRASH,"OVER $1,500",UNABLE TO DETERMINE,NOT APPLICABLE,1200,N,LARAMIE AVE,5,NONINCAPACITATING INJURY,16.0,0.0,0.0,16.0,0.0,1.0,0.0,21,7,5
c2d8aa408ff892db5c4af283a81307e0d23609f78292145d1e4ebed3bf20c00768e7d1323584afb9b705da4cb63c263a0292336e82bfd7f47c9376cbb3f3a4f0,2023-09-25 13:06:00,30,NO CONTROLS,NO CONTROLS,CLEAR,DAYLIGHT,TURNING,DIVIDED - W/MEDIAN (NOT RAISED),STRAIGHT AND LEVEL,DRY,NO DEFECTS,INJURY AND / OR TOW DUE TO CRASH,"OVER $1,500",FAILING TO YIELD RIGHT-OF-WAY,IMPROPER TURNING/NO SIGNAL,311,W,51ST ST,2,NO INDICATION OF INJURY,0.0,0.0,0.0,0.0,0.0,2.0,0.0,13,2,9
0f212cdc56d8ca3bab6c95f4f2aff0cda59529418ec4299e7f246dd98a7daea5aaab623c6f5589b575a128c941fae3297e4de45d1bc508ab87ed7909219af402,2022-07-22 11:30:00,35,NO CONTROLS,NO CONTROLS,CLEAR,DAYLIGHT,REAR END,NOT DIVIDED,STRAIGHT AND LEVEL,DRY,NO DEFECTS,NO INJURY / DRIVE AWAY,"OVER $1,500",UNABLE TO DETERMINE,UNABLE TO DETERMINE,2100,W,IRVING PARK RD,2,NO INDICATION OF INJURY,0.0,0.0,0.0,0.0,0.0,2.0,0.0,11,6,7
bda0b494edb8953161aff3144793a81a677d2f4b694638fdd169d039e7090e7ad800c1a2f7fbd96c2a6e5309c6be17f57c21a86050edebbfa36905a710ae37e9,2018-11-06 20:15:00,30,TRAFFIC SIGNAL,FUNCTIONING PROPERLY,CLEAR,"DARKNESS, LIGHTED ROAD",SIDESWIPE SAME DIRECTION,NOT DIVIDED,STRAIGHT AND LEVEL,WET,NO DEFECTS,INJURY AND / OR TOW DUE TO CRASH,"OVER $1,500",FAILING TO REDUCE SPEED TO AVOID CRASH,DRIVING SKILLS/KNOWLEDGE/EXPERIENCE,5700,S,WENTWORTH AVE,2,NONINCAPACITATING INJURY,2.0,0.0,0.0,2.0,0.0,2.0,0.0,20,3,11
84183655e36f3c496b5ad85326ba4b60c4fbf20ec5a52abed6cb89475aeae08d9a930f564ccb528822397f9eaf5c7db5bbad4108bd493f961485ea580f6e264b,2021-07-01 12:50:00,30,NO CONTROLS,NO CONTROLS,CLEAR,DAYLIGHT,TURNING,NOT DIVIDED,STRAIGHT AND LEVEL,DRY,NO DEFECTS,NO INJURY / DRIVE AWAY,"OVER $1,500",FAILING TO YIELD RIGHT-OF-WAY,NOT APPLICABLE,680,N,GREEN ST,2,NO INDICATION OF INJURY,0.0,0.0,0.0,0.0,0.0,2.0,0.0,12,5,7
3c294184606d0588957d5b12d71ab0d8cf7575c54d97ef3d92853ea461ebbca3008de6bc5f24c8751183a00280e419cd0f37dbaca8a4032c430116c0ed7d0ad3,2022-04-27 18:23:00,25,NO CONTROLS,NO CONTROLS,CLEAR,DAYLIGHT,ANGLE,NOT DIVIDED,STRAIGHT AND LEVEL,DRY,NO DEFECTS,NO INJURY / DRIVE AWAY,$500 OR LESS,FAILING TO YIELD RIGHT-OF-WAY,FAILING TO YIELD RIGHT-OF-WAY,8141,S,CICERO AVE,2,NO INDICATION OF INJURY,0.0,0.0,0.0,0.0,0.0,3.0,0.0,18,4,4
72e5dea9e538f327e3d16727912218d1487dead86be4d122c82eaa7874bd4017f21db7b6031270ffe9087eb3fcb6d342abce536a3fecaaf1d2438ce4dd385816,2016-08-15 11:48:00,5,NO CONTROLS,NO CONTROLS,CLEAR,DAYLIGHT,FIXED OBJECT,PARKING LOT,STRAIGHT AND LEVEL,DRY,NO DEFECTS,NO INJURY / DRIVE AWAY,"OVER $1,500",NOT APPLICABLE,NOT APPLICABLE,2325,W,JACKSON BLVD,1,NO INDICATION OF INJURY,0.0,0.0,0.0,0.0,0.0,1.0,0.0,11,2,8
2a65fdc01feb6fbc02ee9bc0c4ed66c3e14fb1ae9eb7d1db20e2e886947d2ccead929c1c72e61b91779716ed69b7a764b1fdfcdbeb02def636a5059de75876d5,2019-02-08 14:15:00,0,NO CONTROLS,NO CONTROLS,CLEAR,DAYLIGHT,PARKED MOTOR VEHICLE,PARKING LOT,STRAIGHT AND LEVEL,DRY,NO DEFECTS,NO INJURY / DRIVE AWAY,"$501 - $1,500",IMPROPER BACKING,UNABLE TO DETERMINE,5439,S,DAMEN AVE,2,NO INDICATION OF INJURY,0.0,0.0,0.0,0.0,0.0,1.0,0.0,14,6,2
21c9a0de25168898a05a2bda21988b4c85e41ea5d932cd2ec2534e16464259924c1770165099622689ab08bb70c6579aece1f34b7e6a6129dd975524aab594ea,2023-03-07 17:10:00,30,TRAFFIC SIGNAL,FUNCTIONING PROPERLY,CLEAR,DAYLIGHT,REAR END,NOT DIVIDED,STRAIGHT AND LEVEL,DRY,NO DEFECTS,NO INJURY / DRIVE AWAY,"OVER $1,500",FAILING TO REDUCE SPEED TO AVOID CRASH,FOLLOWING TOO CLOSELY,5153,S,COTTAGE GROVE AVE,2,NO INDICATION OF INJURY,0.0,0.0,0.0,0.0,0.0,3.0,0.0,17,3,3
26564e950d306190ebd58f40c73680f6240a40e8975375c463d783f8e244ad91eafa66f7dd04f4840eb32014e82ff49190284cf4f965fefb948dcd74d13ffbe5,2022-12-10 11:00:00,35,UNKNOWN,UNKNOWN,CLOUDY/OVERCAST,DAYLIGHT,SIDESWIPE SAME DIRECTION,NOT DIVIDED,STRAIGHT AND LEVEL,DRY,NO DEFECTS,NO INJURY / DRIVE AWAY,"$501 - $1,500",IMPROPER OVERTAKING/PASSING,IMPROPER OVERTAKING/PASSING,68,E,WACKER DR,2,NO INDICATION OF INJURY,0.0,0.0,0.0,0.0,0.0,2.0,0.0,11,7,12
e5de2c8633a344100f8b7b750373a16220f3bbe5b7e82ed2ab3d3b5942550b456ae959605549f9fb8eeaf72247c8236446b59715017fbcfed3611b69c5b70488,2023-07-01 23:00:00,30,NO CONTROLS,NO CONTROLS,RAIN,DARKNESS,PARKED MOTOR VEHICLE,NOT DIVIDED,STRAIGHT AND LEVEL,WET,NO DEFECTS,INJURY AND / OR TOW DUE TO CRASH,"OVER $1,500",UNABLE TO DETERMINE,WEATHER,10048,S,HOXIE AVE,3,NO INDICATION OF INJURY,0.0,0.0,0.0,0.0,0.0,1.0,0.0,23,7,7
a174f84b319e52fc8fd61e336136e13f8719d6c9f7a23d2d687719eb5a6890c568abbde464315e113618ef84031f602f9b2699a1ae0594b6b8c3bfe14b80dfd3,2023-04-21 13:57:00,30,TRAFFIC SIGNAL,FUNCTIONING PROPERLY,CLEAR,DAYLIGHT,REAR END,T-INTERSECTION,STRAIGHT AND LEVEL,DRY,NO DEFECTS,NO INJURY / DRIVE AWAY,"OVER $1,500",FOLLOWING TOO CLOSELY,FOLLOWING TOO CLOSELY,2911,W,FULLERTON AVE,2,NO INDICATION OF INJURY,0.0,0.0,0.0,0.0,0.0,3.0,0.0,13,6,4
811459efcb07cbfff780eb064bc6fe89a635aff1591a9cd1045516f2729bdea972fd021bb361406349823d29158e49feebd576e187b29f759486f6a9049b9a89,2022-11-10 13:55:00,20,NO CONTROLS,NO CONTROLS,CLEAR,DAYLIGHT,PARKED MOTOR VEHICLE,PARKING LOT,STRAIGHT AND LEVEL,DRY,NO DEFECTS,NO INJURY / DRIVE AWAY,"$501 - $1,500",NOT APPLICABLE,NOT APPLICABLE,5521,S,KEDZIE AVE,2,NO INDICATION OF INJURY,0.0,0.0,0.0,0.0,0.0,1.0,0.0,13,5,11
b37c0ad886597341058b2bc7c90b21c0aec135bb0818b4811fec550a8f04c2fca71011cc0c1e1a28b05bdcd7568b45510d0feeec81dfd938168c9f4150349740,2021-06-18 19:23:00,30,NO CONTROLS,NO CONTROLS,CLEAR,DAYLIGHT,PARKED MOTOR VEHICLE,NOT DIVIDED,STRAIGHT AND LEVEL,DRY,NO DEFECTS,INJURY AND / OR TOW DUE TO CRASH,"OVER $1,500",PHYSICAL CONDITION OF DRIVER,PHYSICAL CONDITION OF DRIVER,11219,S,STATE ST,2,"REPORTED, NOT EVIDENT",1.0,0.0,0.0,0.0,1.0,0.0,0.0,19,6,6
3eda16da071c19239f7d7dfc539515275614db65063b68160523da2c8a022033b25961b4dbd76d278877f6fed7e06ef333591acbc7f4c506138f747b93d9af7e,2021-10-06 06:59:00,30,TRAFFIC SIGNAL,FUNCTIONING PROPERLY,CLOUDY/OVERCAST,DUSK,REAR END,Y-INTERSECTION,STRAIGHT AND LEVEL,DRY,NO DEFECTS,NO INJURY / DRIVE AWAY,$500 OR LESS,UNABLE TO DETERMINE,UNABLE TO DETERMINE,399,E,MARQUETTE RD,2,NO INDICATION OF INJURY,0.0,0.0,0.0,0.0,0.0,2.0,0.0,6,4,10
c000c36b4dbb378a59c090baa5ad9e7c14f5d195dddef66ab2d4600b9a0edbcfbc2b77145964f03adb317aa9c416c9e3273d60c4634a57c56db2befc73a03ab4,2023-12-30 09:38:00,30,NO CONTROLS,NO CONTROLS,CLEAR,DAYLIGHT,REAR TO FRONT,NOT DIVIDED,STRAIGHT AND LEVEL,DRY,UNKNOWN,INJURY AND / OR TOW DUE TO CRASH,"OVER $1,500",IMPROPER BACKING,"VISION OBSCURED (SIGNS, TREE LIMBS, BUILDINGS, ETC.)",20,W,KINZIE ST,2,NO INDICATION OF INJURY,0.0,0.0,0.0,0.0,0.0,4.0,0.0,9,7,12