CRASH_RECORD_ID,CRASH_DATE,POSTED_SPEED_LIMIT,TRAFFIC_CONTROL_DEVICE,DEVICE_CONDITION,WEATHER_CONDITION,LIGHTING_CONDITION,FIRST_CRASH_TYPE,TRAFFICWAY_TYPE,ALIGNMENT,ROADWAY_SURFACE_COND,ROAD_DEFECT,CRASH_TYPE,DAMAGE,PRIM_CONTRIBUTORY_CAUSE,SEC_CONTRIBUTORY_CAUSE,STREET_NO,STREET_DIRECTION,STREET_NAME,NUM_UNITS,MOST_SEVERE_INJURY,INJURIES_TOTAL,INJURIES_FATAL,INJURIES_INCAPACITATING,INJURIES_NON_INCAPACITATING,INJURIES_REPORTED_NOT_EVIDENT,INJURIES_NO_INDICATION,INJURIES_UNKNOWN,CRASH_HOUR,CRASH_DAY_OF_WEEK,CRASH_MONTH
5a3e98ab12208f3b12e1cfa719a83a7dbac13b6e96a825b9e77d7c43a78771c6f90b6cdac247a08d2e46ec4aa6f9606155aa952ee4bfe58ef3152af023dafeca,2020-01-25 19:30:00,30,NO CONTROLS,NO CONTROLS,CLEAR,DAYLIGHT,PARKED MOTOR VEHICLE,PARKING LOT,STRAIGHT AND LEVEL,DRY,NO DEFECTS,NO INJURY / DRIVE AWAY,$500 OR LESS,UNABLE TO DETERMINE,NOT APPLICABLE,2265,N,LINCOLN AVE,2,NO INDICATION OF INJURY,0.0,0.0,0.0,0.0,0.0,1.0,0.0,19,7,1
f0dae3756b3479904c8accaef1d10bbb706e4854306f75e31c08dfc439ad248dd7df4bf66b7c540f0191785f75ab8ffe8b8b925e4fe23a29f5f24a199531d44c,2018-03-14 11:45:00,30,TRAFFIC SIGNAL,FUNCTIONING PROPERLY,CLEAR,DARKNESS,REAR END,NOT DIVIDED,STRAIGHT AND LEVEL,DRY,NO DEFECTS,NO INJURY / DRIVE AWAY,"$501 - $1,500",UNABLE TO DETERMINE,UNABLE TO DETERMINE,500,N,FRANKLIN ST,2,NO INDICATION OF INJURY,0.0,0.0,0.0,0.0,0.0,2.0,0.0,11,4,3
c386c8779d0d69541c67875b290a643ab4f175bcceeb71f29e99b74440d364fbfa0167475f4779878aeb8e47c0642dd10602411e3a7e63b2d480a82613612b7d,2023-02-06 21:00:00,30,TRAFFIC SIGNAL,FUNCTIONING PROPERLY,CLEAR,"DARKNESS, LIGHTED ROAD",TURNING,FOUR WAY,STRAIGHT ON GRADE,DRY,NO DEFECTS,NO INJURY / DRIVE AWAY,"OVER $1,500",FAILING TO REDUCE SPEED TO AVOID CRASH,DRIVING SKILLS/KNOWLEDGE/EXPERIENCE,12700,S,HALSTED ST,2,NO INDICATION OF INJURY,0.0,0.0,0.0,0.0,0.0,3.0,0.0,21,2,2
1a7c750db965c827f0b56f409708d6feb0c7d30a436208adaaf0e48616c2aa347ba7924923fa5655456148b43747d73b7db452e022443bb3a6aa3ae68d4a7275,2017-03-20 12:11:00,30,TRAFFIC SIGNAL,NO CONTROLS,CLEAR,DAYLIGHT,REAR END,NOT DIVIDED,STRAIGHT AND LEVEL,DRY,NO DEFECTS,NO INJURY / DRIVE AWAY,"OVER $1,500",FOLLOWING TOO CLOSELY,UNABLE TO DETERMINE,6850,S,DR MARTIN LUTHER KING JR DR,4,NO INDICATION OF INJURY,0.0,0.0,0.0,0.0,0.0,4.0,0.0,12,2,3
827e13ffc22c2055cedaee24817aeea67e8ce5bf554b0fd3a0bb8d43bc96f82c463b4d91419a85120ca600fa328f805bc08d9f2845dad8b0e884ce6d47e6f2b4,2019-04-17 17:12:00,30,UNKNOWN,UNKNOWN,CLEAR,DAYLIGHT,SIDESWIPE SAME DIRECTION,NOT DIVIDED,STRAIGHT AND LEVEL,UNKNOWN,UNKNOWN,NO INJURY / DRIVE AWAY,"OVER $1,500",IMPROPER OVERTAKING/PASSING,NOT APPLICABLE,4004,W,LAWRENCE AVE,2,NO INDICATION OF INJURY,0.0,0.0,0.0,0.0,0.0,2.0,0.0,17,4,4
ba044db157e04d5ff99c152c5b513f6c6cc8fa635c6c9740f45821635ec9b713ed2b9aa8bd4e538e02d3b8e1380ffe90203b5d1a6a7d8d22d10702cd55e70a5e,2018-10-27 23:15:00,30,TRAFFIC SIGNAL,FUNCTIONING PROPERLY,CLEAR,"DARKNESS, LIGHTED ROAD",REAR END,NOT DIVIDED,STRAIGHT AND LEVEL,DRY,NO DEFECTS,NO INJURY / DRIVE AWAY,"OVER $1,500",UNABLE TO DETERMINE,UNABLE TO DETERMINE,3000,W,63RD ST,2,NO INDICATION OF INJURY,0.0,0.0,0.0,0.0,0.0,2.0,0.0,23,7,10
85cd3304f1d3c015d963c0a6172f62a40f99815666a727017e04d1dc9bed84841f5b989634a2a1cb7e63c0cd2c9699699d71536bc839c76a24645ee50f8f16c1,2023-10-14 11:33:00,30,TRAFFIC SIGNAL,FUNCTIONING PROPERLY,RAIN,DAYLIGHT,SIDESWIPE SAME DIRECTION,DIVIDED - W/MEDIAN (NOT RAISED),STRAIGHT AND LEVEL,WET,NO DEFECTS,NO INJURY / DRIVE AWAY,"$501 - $1,500",IMPROPER OVERTAKING/PASSING,IMPROPER OVERTAKING/PASSING,6599,W,HIGGINS AVE,2,NO INDICATION OF INJURY,0.0,0.0,0.0,0.0,0.0,3.0,0.0,11,7,10
a1837a9ee200b6b244bfb86685b8e4d943a7e3d1d474863d1b5e2ab6abc3885866e3dace1ddf0d6cd042982dbc2c32acf5200f36ddb44db70b54caa2a09c1b43,2018-10-05 11:30:00,35,NO CONTROLS,NO CONTROLS,CLEAR,DAYLIGHT,SIDESWIPE SAME DIRECTION,DIVIDED - W/MEDIAN BARRIER,STRAIGHT AND LEVEL,DRY,NO DEFECTS,NO INJURY / DRIVE AWAY,"$501 - $1,500",IMPROPER LANE USAGE,NOT APPLICABLE,4500,N,LAKE SHORE DR NB,2,NO INDICATION OF INJURY,0.0,0.0,0.0,0.0,0.0,2.0,0.0,11,6,10
54a5091094614f62e3c3d32ae8628e9a8bc5439c78f4807b640138f379c7bd2a9342ff2dd5c504e12678ef551f04d1f4b46f9ef93767e1a6b6de47e5e92d88bb,2023-11-20 12:30:00,30,TRAFFIC SIGNAL,FUNCTIONING PROPERLY,CLEAR,DAYLIGHT,ANGLE,DIVIDED - W/MEDIAN (NOT RAISED),STRAIGHT AND LEVEL,DRY,NO DEFECTS,NO INJURY / DRIVE AWAY,"OVER $1,500",UNABLE TO DETERMINE,UNABLE TO DETERMINE,7401,S,LOOMIS BLVD,2,NO INDICATION OF INJURY,0.0,0.0,0.0,0.0,0.0,2.0,0.0,12,2,11
979280c98254d543d08a73391a32616b056a1586f45aa6af28719252dd5fc6a0ebb1bc721bdaf7cc8ebd5e0f11d9abd0b04b1957dbbdb76c1f2d05a48ace8777,2023-07-01 01:00:00,30,NO CONTROLS,NO CONTROLS,CLEAR,"DARKNESS, LIGHTED ROAD",PARKED MOTOR VEHICLE,ONE-WAY,STRAIGHT AND LEVEL,DRY,NO DEFECTS,INJURY AND / OR TOW DUE TO CRASH,"OVER $1,500",FOLLOWING TOO CLOSELY,FAILING TO REDUCE SPEED TO AVOID CRASH,6656,S,CLAREMONT AVE,3,NO INDICATION OF INJURY,0.0,0.0,0.0,0.0,0.0,1.0,0.0,1,7,7
0e7b430a416ab8b6e34d52f69711e6cbcc3ee1fbbe81ad3e2c5517122c460d4bfe2dd4c97dd885c71a216d251053ea008b11fb8ffc3be767432bc3130a8eb0e0,2021-08-19 08:15:00,30,TRAFFIC SIGNAL,FUNCTIONING PROPERLY,CLEAR,DAYLIGHT,REAR END,NOT DIVIDED,STRAIGHT AND LEVEL,DRY,NO DEFECTS,NO INJURY / DRIVE AWAY,"$501 - $1,500",FAILING TO REDUCE SPEED TO AVOID CRASH,NOT APPLICABLE,3765,N,AUSTIN AVE,2,NO INDICATION OF INJURY,0.0,0.0,0.0,0.0,0.0,3.0,0.0,8,5,8
32dc772f324b6c4f6f0dbaee87e722ab2d070293011b434863cb35fc42cd7759294dab8ec60a146cd4e781be53cf0b50ecbe50cba99e26abc0d23124e4aaf2f2,2019-05-30 12:25:00,30,NO CONTROLS,NO CONTROLS,CLEAR,DAYLIGHT,TURNING,NOT DIVIDED,STRAIGHT AND LEVEL,DRY,NO DEFECTS,NO INJURY / DRIVE AWAY,"$501 - $1,500",UNABLE TO DETERMINE,NOT APPLICABLE,4630,S,RACINE AVE,2,NO INDICATION OF INJURY,0.0,0.0,0.0,0.0,0.0,2.0,0.0,12,5,5
edf7c96e28a2e731707aa333989bda5b177e2d85f02bd817bd8138a30b0625178bce3ff7cf9867d3c9822d32cf57ea0e30ed65784d40a927aeb2a272eb2c6472,2022-12-23 19:30:00,35,TRAFFIC SIGNAL,UNKNOWN,UNKNOWN,UNKNOWN,PEDESTRIAN,FOUR WAY,STRAIGHT AND LEVEL,UNKNOWN,UNKNOWN,INJURY AND / OR TOW DUE TO CRASH,$500 OR LESS,UNABLE TO DETERMINE,NOT APPLICABLE,3801,W,CHICAGO AVE,2,NONINCAPACITATING INJURY,1.0,0.0,0.0,1.0,0.0,1.0,0.0,19,6,12
33eb5f4d053c148566ef016d32ba740b15fb7be39cbf191288c8ba5ec704d31b1f5b71657021f4dec5214b30853f058d51d945514f58f125cc1cb19941907632,2017-10-19 15:25:00,30,NO CONTROLS,NO CONTROLS,CLEAR,DAYLIGHT,SIDESWIPE SAME DIRECTION,NOT DIVIDED,STRAIGHT AND LEVEL,DRY,NO DEFECTS,NO INJURY / DRIVE AWAY,"$501 - $1,500",DISTRACTION - FROM INSIDE VEHICLE,EXCEEDING SAFE SPEED FOR CONDITIONS,2745,W,OGDEN AVE,2,NO INDICATION OF INJURY,0.0,0.0,0.0,0.0,0.0,2.0,0.0,15,5,10
3ea86a80e44985d79b2b43644528598ac2313ae5ace1e37bac971258901145c71e48367783993979f05454621308c57b9c1cc089294cb26319facd5d4cb7f23a,2020-03-27 19:43:00,30,NO CONTROLS,NO CONTROLS,RAIN,"DARKNESS, LIGHTED ROAD",REAR END,ONE-WAY,STRAIGHT AND LEVEL,WET,UNKNOWN,INJURY AND / OR TOW DUE TO CRASH,"OVER $1,500","VISION OBSCURED (SIGNS, TREE LIMBS, BUILDINGS, ETC.)",NOT APPLICABLE,9400,S,LAFAYETTE AVE,2,NONINCAPACITATING INJURY,1.0,0.0,0.0,1.0,0.0,2.0,0.0,19,6,3
e9c7a88ca0ca1f47efee576954cf04f36a9e8ec1b2035baa42f65b804dcb32b2a4866f6df8dc11ac37107371c9b20278d40444dc870f96d30684514fc85bc7d3,2020-07-11 12:30:00,20,NO CONTROLS,NO CONTROLS,CLEAR,"DARKNESS, LIGHTED ROAD",PARKED MOTOR VEHICLE,OTHER,STRAIGHT AND LEVEL,DRY,NO DEFECTS,NO INJURY / DRIVE AWAY,"$501 - $1,500",UNABLE TO DETERMINE,UNABLE TO DETERMINE,5660,W,GROVER ST,2,NO INDICATION OF INJURY,0.0,0.0,0.0,0.0,0.0,1.0,0.0,12,7,7
bbd03dacfc986a1c2ff0c7c6c8d96ce8084cde876b319fa348bf0d732fa2d4cf0cfa5e778475679a527f03b89ede9e31e874508d05bbbef670a4a72aed94e592,2021-01-04 01:03:00,30,NO CONTROLS,NO CONTROLS,CLEAR,"DARKNESS, LIGHTED ROAD",PARKED MOTOR VEHICLE,NOT DIVIDED,STRAIGHT AND LEVEL,DRY,NO DEFECTS,INJURY AND / OR TOW DUE TO CRASH,"OVER $1,500",EQUIPMENT - VEHICLE CONDITION,FAILING TO REDUCE SPEED TO AVOID CRASH,2445,N,LARAMIE AVE,3,NO INDICATION OF INJURY,0.0,0.0,0.0,0.0,0.0,3.0,0.0,1,2,1
ccb617373ecf19e596def257812bace1e0b113bbf11e04a7121591c71f341c8d58af2ca8172786b9949b8db58ecfafcf3f3e9b8e83deaf992c945d282d4e6f57,2022-06-19 20:00:00,25,NO CONTROLS,NO CONTROLS,CLEAR,DAYLIGHT,REAR END,NOT DIVIDED,STRAIGHT AND LEVEL,DRY,NO DEFECTS,NO INJURY / DRIVE AWAY,"$501 - $1,500",NOT APPLICABLE,NOT APPLICABLE,2802,W,VAN BUREN ST,2,NO INDICATION OF INJURY,0.0,0.0,0.0,0.0,0.0,2.0,0.0,20,1,6
d92fcbf3c14c96b017575da98f89c4b54c26da4fcf7b932425cfc6c3de761c5de1769d3c1dd0fdc855bc0239ae6afbd93aa95b7c7cf21f20aaef635e0eaadc1c,2023-08-25 17:38:00,25,NO CONTROLS,NO CONTROLS,CLEAR,DAYLIGHT,PARKED MOTOR VEHICLE,ONE-WAY,STRAIGHT AND LEVEL,DRY,NO DEFECTS,NO INJURY / DRIVE AWAY,"OVER $1,500",NOT APPLICABLE,NOT APPLICABLE,6129,S,MASSASOIT AVE,4,NO INDICATION OF INJURY,0.0,0.0,0.0,0.0,0.0,1.0,0.0,17,6,8
878b2cf6b761ac6ed07b688321821d8a4101f5f04efc0d1baa44661ba26891483609429ce14033bec0154980d18e707d95ddda507a23995a09ddb448f553120c,2019-02-28 11:30:00,30,TRAFFIC SIGNAL,FUNCTIONING PROPERLY,CLEAR,"DARKNESS, LIGHTED ROAD",TURNING,DIVIDED - W/MEDIAN BARRIER,STRAIGHT AND LEVEL,DRY,NO DEFECTS,INJURY AND / OR TOW DUE TO CRASH,"OVER $1,500",FAILING TO YIELD RIGHT-OF-WAY,NOT APPLICABLE,340,N,LOWER COLUMBUS DR,2,NONINCAPACITATING INJURY,1.0,0.0,0.0,1.0,0.0,7.0,0.0,11,5,2
9653a3c99c25057c1e0fc045f6b62e38d0e63765dea76a730e0a6d1d2b21d690d64528e06b917a3133df3871d5042c3f853dad994a0e631f3645a9af35d3d604,2017-09-03 08:00:00,30,NO CONTROLS,NO CONTROLS,UNKNOWN,UNKNOWN,SIDESWIPE SAME DIRECTION,NOT DIVIDED,STRAIGHT AND LEVEL,UNKNOWN,UNKNOWN,NO INJURY / DRIVE AWAY,$500 OR LESS,IMPROPER LANE USAGE,NOT APPLICABLE,4100,S,WESTERN AVE,2,NO INDICATION OF INJURY,0.0,0.0,0.0,0.0,0.0,2.0,0.0,8,1,9
88316cfb0e87e76dc76d60b9fa591e30b8766e2e20fadf550480c971f3a85c1fc130cbc344be6dfff8e79141582dd20f029bcde61777a0c11925acaea99d391d,2021-06-01 13:52:00,30,TRAFFIC SIGNAL,FUNCTIONING PROPERLY,CLEAR,DAYLIGHT,SIDESWIPE SAME DIRECTION,TRAFFIC ROUTE,STRAIGHT AND LEVEL,DRY,NO DEFECTS,NO INJURY / DRIVE AWAY,"OVER $1,500",IMPROPER OVERTAKING/PASSING,NOT APPLICABLE,1,N,WABASH AVE,2,NO INDICATION OF INJURY,0.0,0.0,0.0,0.0,0.0,3.0,0.0,13,3,6
e6b118171a3a00836e84265cd0e446aaeb1b8ca6d1b39bc4517389cb43b86790575efad494ef2780df00bd0992047fec6cc9a2c540de8819978a1500e1bb9936,2021-04-13 08:00:00,30,TRAFFIC SIGNAL,FUNCTIONING PROPERLY,CLEAR,DAYLIGHT,REAR END,DIVIDED - W/MEDIAN (NOT RAISED),STRAIGHT AND LEVEL,DRY,UNKNOWN,NO INJURY / DRIVE AWAY,"$501 - $1,500",UNABLE TO DETERMINE,UNABLE TO DETERMINE,5941,N,RIDGE AVE,2,NO INDICATION OF INJURY,0.0,0.0,0.0,0.0,0.0,2.0,0.0,8,3,4
501e0c721a3f3e4e40d6c07514af0b71b1cb00a19384246a88da99cd51d0e589da1a22d98bf2e4942893ee6094d56de8589abe6df258d4ff05844041d7073b61,2023-10-04 15:25:00,20,NO CONTROLS,NO CONTROLS,CLEAR,DAYLIGHT,SIDESWIPE OPPOSITE DIRECTION,NOT DIVIDED,STRAIGHT AND LEVEL,DRY,NO DEFECTS,INJURY AND / OR TOW DUE TO CRASH,"OVER $1,500",UNABLE TO DETERMINE,UNABLE TO DETERMINE,13017,S,MARQUETTE AVE,2,"REPORTED, NOT EVIDENT",1.0,0.0,0.0,0.0,1.0,1.0,0.0,15,4,10
c6434b358852fcd232bf247a0e90356ea9abd11fc300ab35df98d93ba0680cba5038e6acea3253bceeab1a2a88a91997fe8f6fbbb6bc2f4a083791542ee8580d,2020-11-27 00:15:00,30,TRAFFIC SIGNAL,FUNCTIONING PROPERLY,CLEAR,"DARKNESS, LIGHTED ROAD",TURNING,NOT DIVIDED,STRAIGHT AND LEVEL,DRY,NO DEFECTS,INJURY AND / OR TOW DUE TO CRASH,"OVER $1,500",DISREGARDING TRAFFIC SIGNALS,FAILING TO YIELD RIGHT-OF-WAY,100,N,CICERO AVE,2,NONINCAPACITATING INJURY,2.0,0.0,0.0,1.0,1.0,3.0,0.0,0,6,11
8a0eec6e1b8bcfb33e3af990abea3ff4b0790558b145892138a742ca886b8c4118ffab8a2708f72e189e6e6ec5e4d4a31154638082ae4365c07ce293bccf3080,2024-02-02 14:13:00,20,STOP SIGN/FLASHER,FUNCTIONING PROPERLY,CLEAR,DAYLIGHT,PARKED MOTOR VEHICLE,ONE-WAY,STRAIGHT AND LEVEL,DRY,NO DEFECTS,NO INJURY / DRIVE AWAY,"$501 - $1,500",UNABLE TO DETERMINE,NOT APPLICABLE,4310,N,KEYSTONE AVE,3,NO INDICATION OF INJURY,0.0,0.0,0.0,0.0,0.0,2.0,0.0,14,6,2
5e76d83f61cfaea69fe93b0dd4286e444e19ddad40e9e8a710c5daf872f53b925891c29508578f6ac32758f9d7a9d3d30d3df979a93cb84df0627dad3c4586ab,2016-07-28 21:30:00,30,NO CONTROLS,NO CONTROLS,CLEAR,DARKNESS,REAR END,DIVIDED - W/MEDIAN BARRIER,STRAIGHT AND LEVEL,DRY,NO DEFECTS,NO INJURY / DRIVE AWAY,"$501 - $1,500",UNABLE TO DETERMINE,UNABLE TO DETERMINE,530,N,LAKE SHORE DR NB,2,NO INDICATION OF INJURY,0.0,0.0,0.0,0.0,0.0,2.0,0.0,21,5,7
07eaed35aeaceae29af498310702df8b95bed6bd02c793e1ab9abc5f99bfcfed5bf619e864865c36b82f56022cafb4c943f2aea3248d1962616a49dd068184e6,2020-08-03 17:06:00,30,NO CONTROLS,NO CONTROLS,CLOUDY/OVERCAST,DAYLIGHT,SIDESWIPE SAME DIRECTION,DIVIDED - W/MEDIAN (NOT RAISED),STRAIGHT AND LEVEL,DRY,NO DEFECTS,NO INJURY / DRIVE AWAY,"OVER $1,500",UNABLE TO DETERMINE,UNABLE TO DETERMINE,6115,N,WESTERN AVE,2,NO INDICATION OF INJURY,0.0,0.0,0.0,0.0,0.0,4.0,0.0,17,2,8
015f685fbfd7108596b3c17e08487683c14d92e60de04e671ddb06bd7871388e4681149c151ce492fae88ca62ace58db0739ebf13a38f216bc16e517d459f91d,2019-03-18 09:10:00,25,NO CONTROLS,NO CONTROLS,CLEAR,DAYLIGHT,PARKED MOTOR VEHICLE,ONE-WAY,STRAIGHT AND LEVEL,DRY,NO DEFECTS,NO INJURY / DRIVE AWAY,"$501 - $1,500",IMPROPER OVERTAKING/PASSING,NOT APPLICABLE,4742,N,VIRGINIA AVE,2,NO INDICATION OF INJURY,0.0,0.0,0.0,0.0,0.0,1.0,0.0,9,2,3
536a784c08158bfc1aa19c137bb36e7207c4136cc4949e0e0e0d38e90d6e23df61980a0fc6658bee78f44044cf78b125135d8297918653fe29e1fe0bea023734,2018-08-29 18:30:00,30,NO CONTROLS,NO CONTROLS,CLOUDY/OVERCAST,DUSK,REAR END,NOT DIVIDED,STRAIGHT AND LEVEL,DRY,UNKNOWN,NO INJURY / DRIVE AWAY,"$501 - $1,500",FOLLOWING TOO CLOSELY,UNABLE TO DETERMINE,3026,S,CALIFORNIA AVE,2,NO INDICATION OF INJURY,0.0,0.0,0.0,0.0,0.0,3.0,0.0,18,4,8
ec634812b13410765d38d9ea6360987e25706d3472f87f67fda285061cebd90ac1e56554f0b0b88c79b09077d29d813dde2af1bf86ae34101120a88a5256a702,2017-12-08 15:00:00,30,NO CONTROLS,NO CONTROLS,CLEAR,DAYLIGHT,PARKED MOTOR VEHICLE,DIVIDED - W/MEDIAN (NOT RAISED),STRAIGHT AND LEVEL,DRY,UNKNOWN,NO INJURY / DRIVE AWAY,"OVER $1,500","OPERATING VEHICLE IN ERRATIC, RECKLESS, CARELESS, NEGLIGENT OR AGGRESSIVE MANNER",NOT APPLICABLE,4210,W,CHICAGO AVE,2,NO INDICATION OF INJURY,0.0,0.0,0.0,0.0,0.0,1.0,0.0,15,6,12
e9f9e9e47c91ebbaf5f4bde38f8b5e8f0a4e96366ae64d7bd980e4ed7f43c6356055099fda7b2fcec4703d2510512051ea08564a757526403d49013955689ac1,2022-08-26 10:50:00,30,NO CONTROLS,NO CONTROLS,CLEAR,DAYLIGHT,TURNING,NOT DIVIDED,STRAIGHT AND LEVEL,DRY,NO DEFECTS,INJURY AND / OR TOW DUE TO CRASH,"OVER $1,500",UNABLE TO DETERMINE,UNABLE TO DETERMINE,5331,S,KEDZIE AVE,3,NO INDICATION OF INJURY,0.0,0.0,0.0,0.0,0.0,2.0,0.0,10,6,8
849ec1747d740b49745aec8cf454cd6dabf97e6708b139184f42b30c886f6935e52078d35cb4eb5ed40d0009985a252904d72f993f6e62203eefce040a38de0e,2018-08-26 14:09:00,30,TRAFFIC SIGNAL,FUNCTIONING PROPERLY,CLEAR,DAYLIGHT,REAR END,NOT DIVIDED,STRAIGHT AND LEVEL,DRY,NO DEFECTS,NO INJURY / DRIVE AWAY,"OVER $1,500",FOLLOWING TOO CLOSELY,NOT APPLICABLE,8300,S,SOUTH CHICAGO AVE,2,NO INDICATION OF INJURY,0.0,0.0,0.0,0.0,0.0,2.0,0.0,14,1,8
8914d4a75b95747bda81280b274349ab6e705f2e2e8ee0affb04f465b3e5fa8b7f97c81676a92231b1905d414e72b5e4971a2fd2654dac1aa3019a4560a44f1d,2019-10-31 17:58:00,30,NO CONTROLS,NO CONTROLS,SNOW,"DARKNESS, LIGHTED ROAD",TURNING,DIVIDED - W/MEDIAN (NOT RAISED),STRAIGHT AND LEVEL,WET,NO DEFECTS,INJURY AND / OR TOW DUE TO CRASH,"OVER $1,500",UNABLE TO DETERMINE,UNABLE TO DETERMINE,3645,W,71ST ST,2,NO INDICATION OF INJURY,0.0,0.0,0.0,0.0,0.0,2.0,0.0,17,5,10
7376da55e8b8cb8656182a8dae90190a6c39bf52c747b911fac43a634c93ee67ae4df2e9b971de5624cfe8fb962c1c05c9b405a61c1d2f9099efce632536b34c,2021-11-23 17:15:00,30,NO CONTROLS,NO CONTROLS,CLEAR,"DARKNESS, LIGHTED ROAD",REAR END,DIVIDED - W/MEDIAN (NOT RAISED),STRAIGHT AND LEVEL,DRY,NO DEFECTS,INJURY AND / OR TOW DUE TO CRASH,"OVER $1,500",FOLLOWING TOO CLOSELY,FOLLOWING TOO CLOSELY,10300,S,VERNON AVE,4,"REPORTED, NOT EVIDENT",2.0,0.0,0.0,0.0,2.0,2.0,0.0,17,3,11
5bec3f4753ad0a0fc6ce8074f5555ac46ef8fc22343564ab2b91ff1ef8f41e93cf675f13467bfeafa29b8bf3ed1db048483f9b9aa1645eb471ce0b91345344c8,2022-04-06 15:30:00,30,STOP SIGN/FLASHER,FUNCTIONING PROPERLY,UNKNOWN,UNKNOWN,TURNING,FOUR WAY,STRAIGHT AND LEVEL,UNKNOWN,UNKNOWN,NO INJURY / DRIVE AWAY,"OVER $1,500",IMPROPER TURNING/NO SIGNAL,UNABLE TO DETERMINE,330,N,PAULINA ST,2,NO INDICATION OF INJURY,0.0,0.0,0.0,0.0,0.0,2.0,0.0,15,4,4
d66050b18d665eaf59f3c26538d1a34406cebe97f9c18017f4e5f04eb9b92894f54084e7f383108a2b01851adb587d21175de04dd8d51abb98a7a0dee6152e55,2017-11-15 14:50:00,35,TRAFFIC SIGNAL,FUNCTIONING PROPERLY,CLOUDY/OVERCAST,DAYLIGHT,PEDESTRIAN,ONE-WAY,STRAIGHT AND LEVEL,WET,NO DEFECTS,INJURY AND / OR TOW DUE TO CRASH,$500 OR LESS,UNABLE TO DETERMINE,FAILING TO YIELD RIGHT-OF-WAY,3900,S,WENTWORTH AVE,2,NONINCAPACITATING INJURY,1.0,0.0,0.0,1.0,0.0,1.0,0.0,14,4,11
12b6095dd3b092a34f36e92d17d545454c802834af6e2554de9d90d76885a48134c3267062b3dd5cf73a2004e5dd6f6ce3fb9140f5578cf5b8eee464cddeb29d,2020-11-12 17:13:00,20,NO CONTROLS,NO CONTROLS,CLEAR,"DARKNESS, LIGHTED ROAD",PEDESTRIAN,ONE-WAY,STRAIGHT AND LEVEL,DRY,NO DEFECTS,INJURY AND / OR TOW DUE TO CRASH,$500 OR LESS,UNABLE TO DETERMINE,UNABLE TO DETERMINE,1147,S,MASON AVE,2,NONINCAPACITATING INJURY,1.0,0.0,0.0,1.0,0.0,1.0,0.0,17,5,11
36f6b3a7bd772ffa616434fb8b17309a5ca99a8cfb6528c3c0b8ddc4275fcd77fd75e2975e30797275dec142a60905b85a417bdc66026e191be3c14daa237b4d,2019-05-15 22:12:00,30,TRAFFIC SIGNAL,FUNCTIONING PROPERLY,CLEAR,"DARKNESS, LIGHTED ROAD",ANGLE,CENTER TURN LANE,STRAIGHT AND LEVEL,DRY,NO DEFECTS,INJURY AND / OR TOW DUE TO CRASH,"OVER $1,500",FAILING TO YIELD RIGHT-OF-WAY,FAILING TO YIELD RIGHT-OF-WAY,1600,W,47TH ST,2,NONINCAPACITATING INJURY,2.0,0.0,0.0,2.0,0.0,2.0,0.0,22,4,5
7055a44579a8819cb0b2b723309d091342ea7c6d8fa3dfe3f0146b92bb41eda44acba9ea34aaef41c6c8cb858412daa34ed18597a609685b0bc8ff54c205175d,2021-10-10 00:47:00,30,NO CONTROLS,NO CONTROLS,CLEAR,"DARKNESS, LIGHTED ROAD",FIXED OBJECT,NOT DIVIDED,STRAIGHT AND LEVEL,DRY,NO DEFECTS,NO INJURY / DRIVE AWAY,"OVER $1,500",UNABLE TO DETERMINE,NOT APPLICABLE,1202,W,63RD ST,1,NO INDICATION OF INJURY,0.0,0.0,0.0,0.0,0.0,1.0,0.0,0,1,10
94e8c65b91d7158ef0cd9fa68d3826a43ec72d2564bd6ca3e2cc047ea8ab56a9f682af66de9daacc417c2f397498a555c68a009b974f21f869dda752b95a7576,2023-04-08 21:30:00,30,NO CONTROLS,NO CONTROLS,CLEAR,DUSK,PARKED MOTOR VEHICLE,ONE-WAY,STRAIGHT AND LEVEL,DRY,UNKNOWN,NO INJURY / DRIVE AWAY,"OVER $1,500",UNABLE TO DETERMINE,NOT APPLICABLE,6340,S,EBERHART AVE,3,NO INDICATION OF INJURY,0.0,0.0,0.0,0.0,0.0,1.0,0.0,21,7,4
b0f071c3b129c4632d9a6fbb4fe2daf2bc430e4a3a809f3788902297923d4e6a2ecac61947ee578d3525bfac1b48f71868a3bcc4c5c378718ce975818a73c4a8,2018-09-28 16:40:00,30,STOP SIGN/FLASHER,FUNCTIONING PROPERLY,RAIN,DAYLIGHT,ANGLE,NOT DIVIDED,STRAIGHT AND LEVEL,WET,NO DEFECTS,INJURY AND / OR TOW DUE TO CRASH,"OVER $1,500",DISREGARDING STOP SIGN,DISREGARDING YIELD SIGN,498,W,ARMITAGE AVE,2,NO INDICATION OF INJURY,0.0,0.0,0.0,0.0,0.0,2.0,0.0,16,6,9
f3d2e80fc304505e750fe896e3aed958c361e1524f6287ac102fb28154d58b1f55c34c136c956f3575191f085e95193cc9ee56a46f3c2028ae3ac65990e88ce1,2023-02-28 11:25:00,10,NO CONTROLS,NO CONTROLS,CLEAR,DAYLIGHT,PARKED MOTOR VEHICLE,PARKING LOT,STRAIGHT AND LEVEL,DRY,NO DEFECTS,NO INJURY / DRIVE AWAY,"$501 - $1,500",UNABLE TO DETERMINE,NOT APPLICABLE,3708,N,BROADWAY,2,NO INDICATION OF INJURY,0.0,0.0,0.0,0.0,0.0,1.0,0.0,11,3,2