CRASH_RECORD_ID,CRASH_DATE,POSTED_SPEED_LIMIT,TRAFFIC_CONTROL_DEVICE,DEVICE_CONDITION,WEATHER_CONDITION,LIGHTING_CONDITION,FIRST_CRASH_TYPE,TRAFFICWAY_TYPE,ALIGNMENT,ROADWAY_SURFACE_COND,ROAD_DEFECT,CRASH_TYPE,DAMAGE,PRIM_CONTRIBUTORY_CAUSE,SEC_CONTRIBUTORY_CAUSE,STREET_NO,STREET_DIRECTION,STREET_NAME,NUM_UNITS,MOST_SEVERE_INJURY,INJURIES_TOTAL,INJURIES_FATAL,INJURIES_INCAPACITATING,INJURIES_NON_INCAPACITATING,INJURIES_REPORTED_NOT_EVIDENT,INJURIES_NO_INDICATION,INJURIES_UNKNOWN,CRASH_HOUR,CRASH_DAY_OF_WEEK,CRASH_MONTH
84c5987ff81065d719f7865485921061a6b8d7e609ab035ecc411a5bc510dece1bb991f9337c83449d4efddbe16f17ca1ce29b400633c0a0da942f35ff90f38e,2020-08-30 21:27:00,30,NO CONTROLS,NO CONTROLS,CLEAR,"DARKNESS, LIGHTED ROAD",ANGLE,DIVIDED - W/MEDIAN (NOT RAISED),STRAIGHT AND LEVEL,DRY,NO DEFECTS,INJURY AND / OR TOW DUE TO CRASH,"OVER $1,500",FAILING TO YIELD RIGHT-OF-WAY,NOT APPLICABLE,7508,N,RIDGE BLVD,2,"REPORTED, NOT EVIDENT",2.0,0.0,0.0,0.0,2.0,9.0,0.0,21,1,8
03125a5c5fe5133008f5bfe2ccc9715e84a905a8dc4717476c5da7a4c394ae8d931f40677692391f48f4dc37fe478e949bdea9e2d66b1aa974d693a468429337,2023-04-26 04:10:00,30,NO CONTROLS,NO CONTROLS,CLEAR,"DARKNESS, LIGHTED ROAD",FIXED OBJECT,DIVIDED - W/MEDIAN (NOT RAISED),CURVE ON HILLCREST,DRY,NO DEFECTS,INJURY AND / OR TOW DUE TO CRASH,"OVER $1,500",UNDER THE INFLUENCE OF ALCOHOL/DRUGS (USE WHEN ARREST IS EFFECTED),UNDER THE INFLUENCE OF ALCOHOL/DRUGS (USE WHEN ARREST IS EFFECTED),9550,S,BEVERLY AVE,1,NONINCAPACITATING INJURY,1.0,0.0,0.0,1.0,0.0,0.0,0.0,4,4,4
974cdc85f83f1b43e5b64cd795927ef5b076d30fd268401dbab22073dabbf3f228f99eff9bc13f47785c88d95bc9aa1f8d8a994f7a52a1d9532f7cad6fe54fec,2021-07-05 00:00:00,20,NO CONTROLS,NO CONTROLS,CLEAR,"DARKNESS, LIGHTED ROAD",PARKED MOTOR VEHICLE,UNKNOWN,STRAIGHT AND LEVEL,DRY,UNKNOWN,NO INJURY / DRIVE AWAY,"$501 - $1,500",UNABLE TO DETERMINE,UNABLE TO DETERMINE,823,E,131ST ST,2,NO INDICATION OF INJURY,0.0,0.0,0.0,0.0,0.0,1.0,0.0,0,2,7
3df7f0674a8f9b2bf2abdb75274591e1a9e889e78b063a662a36016ae814d4f57a6d3c52873bfd8304ae65a5badc4ab51b973de3ed16560c2e227929f35c172e,2018-11-30 14:30:00,30,NO CONTROLS,NO CONTROLS,CLEAR,DAYLIGHT,SIDESWIPE SAME DIRECTION,NOT DIVIDED,STRAIGHT AND LEVEL,DRY,NO DEFECTS,NO INJURY / DRIVE AWAY,"OVER $1,500",UNABLE TO DETERMINE,NOT APPLICABLE,9500,S,VINCENNES AVE,2,NO INDICATION OF INJURY,0.0,0.0,0.0,0.0,0.0,2.0,0.0,14,6,11
cc1519fb3a2f4645f25136c499eb295c9578162ee13f5f8e10b7ae47d3d3afad50bc23bd2f414d1e3fdd03872a9accd7bab0ba8a6cd90997d271c58e112ec4dd,2018-08-24 11:45:00,35,NO CONTROLS,NO CONTROLS,CLEAR,DAYLIGHT,ANGLE,NOT DIVIDED,STRAIGHT AND LEVEL,DRY,NO DEFECTS,NO INJURY / DRIVE AWAY,"$501 - $1,500",UNABLE TO DETERMINE,UNABLE TO DETERMINE,3700,W,ADDISON ST,2,NO INDICATION OF INJURY,0.0,0.0,0.0,0.0,0.0,2.0,0.0,11,6,8
55483bf7e99464e7952b0af919c98fcb03f5a6cea413ea91cfd254776ec16efcbbc84fa442f4b89cedb02f1bb00828ddd65741b2bac94175cb46b91e8dd4327d,2023-11-01 07:35:00,15,NO CONTROLS,NO CONTROLS,CLEAR,DAYLIGHT,PEDALCYCLIST,ALLEY,STRAIGHT AND LEVEL,ICE,NO DEFECTS,INJURY AND / OR TOW DUE TO CRASH,$500 OR LESS,FAILING TO REDUCE SPEED TO AVOID CRASH,FAILING TO YIELD RIGHT-OF-WAY,2346,S,CANAL ST,2,NONINCAPACITATING INJURY,1.0,0.0,0.0,1.0,0.0,1.0,0.0,7,4,11
a575ca9a5139e1e292fc4e082406f52a9bbe4190670d7f7b91aa79a2adbd512e3f51d530dffb98cdc43aac6839b1c03845586c971f7e28e745787e0a8a73bdd4,2017-07-22 10:16:00,30,STOP SIGN/FLASHER,FUNCTIONING PROPERLY,CLEAR,DAYLIGHT,ANGLE,NOT DIVIDED,STRAIGHT AND LEVEL,WET,NO DEFECTS,NO INJURY / DRIVE AWAY,"OVER $1,500",IMPROPER BACKING,UNABLE TO DETERMINE,2100,W,21ST ST,2,NO INDICATION OF INJURY,0.0,0.0,0.0,0.0,0.0,2.0,0.0,10,7,7
938bc8ad560213f6047d26f018b70a653c3293d281b6de6527d444167bca8ef9155308ec375780e07035cfacb0872774e80469bd9a9c8744d148e184546dded5,2020-10-01 15:30:00,30,TRAFFIC SIGNAL,FUNCTIONING PROPERLY,CLEAR,DAYLIGHT,REAR END,NOT DIVIDED,STRAIGHT AND LEVEL,DRY,UNKNOWN,NO INJURY / DRIVE AWAY,"$501 - $1,500",UNABLE TO DETERMINE,UNABLE TO DETERMINE,5101,W,WASHINGTON BLVD,2,NO INDICATION OF INJURY,0.0,0.0,0.0,0.0,0.0,3.0,0.0,15,5,10
d43fb760ef774f251252aa3cfbe7f54b59877038048f58f98d1fdc6370fcc2fc7b78cba180ef0297c2de53faabb7097fd4989fad01626278f90b39cdb5fc515c,2019-05-23 19:03:00,30,NO CONTROLS,NO CONTROLS,CLEAR,DAYLIGHT,SIDESWIPE SAME DIRECTION,DIVIDED - W/MEDIAN (NOT RAISED),STRAIGHT AND LEVEL,DRY,NO DEFECTS,INJURY AND / OR TOW DUE TO CRASH,"OVER $1,500",IMPROPER LANE USAGE,DRIVING SKILLS/KNOWLEDGE/EXPERIENCE,9306,S,HALSTED ST,2,"REPORTED, NOT EVIDENT",1.0,0.0,0.0,0.0,1.0,2.0,0.0,19,5,5
5fd84421158f2d85f03179b460325a31c7dd777a1c1c8892956c21468286efac6e552512144a70540f5dc513374defe4da2c0f429afe045a219ed57ef77268d2,2020-03-19 15:59:00,30,NO CONTROLS,NO CONTROLS,RAIN,DAYLIGHT,ANGLE,NOT DIVIDED,STRAIGHT AND LEVEL,WET,NO DEFECTS,INJURY AND / OR TOW DUE TO CRASH,"OVER $1,500",UNABLE TO DETERMINE,UNABLE TO DETERMINE,4100,W,JACKSON BLVD,2,NONINCAPACITATING INJURY,2.0,0.0,0.0,1.0,1.0,2.0,0.0,15,5,3
8f18f89041aa12a974bebf71a9b83f37de4346992f5235180af224d52a537582ce16f500bb7a5e4133757031382069cccab53a61b3fc8760cd65be38449e5a6c,2020-07-08 17:22:00,30,NO CONTROLS,NO CONTROLS,CLEAR,DARKNESS,ANGLE,NOT DIVIDED,STRAIGHT AND LEVEL,DRY,NO DEFECTS,NO INJURY / DRIVE AWAY,"$501 - $1,500",UNABLE TO DETERMINE,NOT APPLICABLE,343,E,79TH ST,2,NO INDICATION OF INJURY,0.0,0.0,0.0,0.0,0.0,2.0,0.0,17,4,7
cc18c366b493dcb2c8ac16ab160edcdd71db5712886ef2cf3d9d4978c8cbdc0037a95589e7334a29fe4d757c22501990d1b964c8e4c8a914a659044ebc7eade3,2017-10-25 17:15:00,30,NO CONTROLS,NO CONTROLS,CLEAR,DAYLIGHT,HEAD ON,DIVIDED - W/MEDIAN (NOT RAISED),STRAIGHT AND LEVEL,DRY,NO DEFECTS,NO INJURY / DRIVE AWAY,"$501 - $1,500",IMPROPER BACKING,IMPROPER LANE USAGE,2545,W,25TH ST,2,NO INDICATION OF INJURY,0.0,0.0,0.0,0.0,0.0,2.0,0.0,17,4,10
947f6416d3c518874b8037140d9f079a88796b2c554e2467ea06ce11e98e71f07d932d75a5a27d9588e670ef717f42a689f19cfed792781280be82c5cb968b28,2016-04-21 17:00:00,25,NO CONTROLS,NO CONTROLS,CLEAR,DAYLIGHT,PARKED MOTOR VEHICLE,ONE-WAY,STRAIGHT AND LEVEL,DRY,NO DEFECTS,INJURY AND / OR TOW DUE TO CRASH,"OVER $1,500",UNABLE TO DETERMINE,NOT APPLICABLE,610,E,74TH ST,2,NO INDICATION OF INJURY,0.0,0.0,0.0,0.0,0.0,1.0,0.0,17,5,4
44750f2511c6d33d28268eb4f09167dbebec974b90fb39ab2daf61ae7eec24cf1d89f434d8fb5b5b2d6c121c67285602fad831c364471b90ae2f9d43702ec1a9,2021-12-27 08:30:00,30,TRAFFIC SIGNAL,FUNCTIONING PROPERLY,CLOUDY/OVERCAST,DAYLIGHT,SIDESWIPE SAME DIRECTION,RAMP,STRAIGHT AND LEVEL,WET,OTHER,NO INJURY / DRIVE AWAY,"$501 - $1,500",ROAD CONSTRUCTION/MAINTENANCE,UNABLE TO DETERMINE,5700,N,SHERIDAN RD,2,NO INDICATION OF INJURY,0.0,0.0,0.0,0.0,0.0,3.0,0.0,8,2,12
6e4c5a2eaef71be4587970212a04c9269a87ce31b838edb81bfe4bb326980259ac6b517b5c9b30fdc5fc5817afd2a347041d2e6e1ecca4cc1ae599d31b9caa82,2024-02-09 18:20:00,25,TRAFFIC SIGNAL,FUNCTIONING PROPERLY,CLEAR,DAYLIGHT,SIDESWIPE SAME DIRECTION,NOT REPORTED,STRAIGHT AND LEVEL,DRY,NO DEFECTS,NO INJURY / DRIVE AWAY,$500 OR LESS,UNABLE TO DETERMINE,UNABLE TO DETERMINE,2100,W,TOUHY AVE,2,NO INDICATION OF INJURY,0.0,0.0,0.0,0.0,0.0,2.0,0.0,18,6,2
1990f505978bafd8629fb1d514c409adb5d3b3bbfd7773be688f80ad933d0484e0abddfb068034fc3ed92c9cbdcd2dcb4259480830f9aeb004b4d0c9a4c10f43,2018-01-17 17:50:00,30,STOP SIGN/FLASHER,FUNCTIONING PROPERLY,CLEAR,"DARKNESS, LIGHTED ROAD",ANGLE,NOT DIVIDED,STRAIGHT AND LEVEL,DRY,NO DEFECTS,INJURY AND / OR TOW DUE TO CRASH,"OVER $1,500","VISION OBSCURED (SIGNS, TREE LIMBS, BUILDINGS, ETC.)",UNABLE TO DETERMINE,3201,S,WESTERN BLVD,2,NO INDICATION OF INJURY,0.0,0.0,0.0,0.0,0.0,2.0,0.0,17,4,1
046882b5b3f43fba287a5c2aa8762067f3177fd3935dd0b4326fb750773d65da3d77f7252da4045ef219ea9edbb61ab69f8082cc1bb93b3f80d6bec7eeb6860d,2022-01-13 23:37:00,30,NO CONTROLS,NO CONTROLS,CLEAR,"DARKNESS, LIGHTED ROAD",OTHER OBJECT,NOT DIVIDED,STRAIGHT AND LEVEL,ICE,NO DEFECTS,INJURY AND / OR TOW DUE TO CRASH,"OVER $1,500",WEATHER,UNABLE TO DETERMINE,6005,N,JERSEY AVE,1,NO INDICATION OF INJURY,0.0,0.0,0.0,0.0,0.0,1.0,0.0,23,5,1
dbccb58554547c2ea2ee8e8aa322f1fb96b0c1f847274ab505deb963b4e7ea5128a5d5c5def39a4b4b0c7f91a1a91ea054e83a7fea557b4c4fcb18f3c1477857,2022-08-21 18:26:00,20,UNKNOWN,UNKNOWN,CLEAR,DAYLIGHT,PARKED MOTOR VEHICLE,NOT DIVIDED,STRAIGHT AND LEVEL,UNKNOWN,UNKNOWN,NO INJURY / DRIVE AWAY,"OVER $1,500",NOT APPLICABLE,UNABLE TO DETERMINE,7129,S,HAMLIN AVE,2,NO INDICATION OF INJURY,0.0,0.0,0.0,0.0,0.0,1.0,0.0,18,1,8
cb28ec1c4823cd15742c1769b00bf5dcc3b434c259a4c235fb07c33469acc3cc509806b4daeca0c8121afcd06033287726235e08ee257b0c6a490ddd74982c52,2019-03-26 10:30:00,30,NO CONTROLS,NO CONTROLS,CLEAR,DAYLIGHT,PARKED MOTOR VEHICLE,DIVIDED - W/MEDIAN (NOT RAISED),STRAIGHT AND LEVEL,DRY,UNKNOWN,NO INJURY / DRIVE AWAY,"$501 - $1,500",DRIVING SKILLS/KNOWLEDGE/EXPERIENCE,UNABLE TO DETERMINE,8614,S,COMMERCIAL AVE,2,NO INDICATION OF INJURY,0.0,0.0,0.0,0.0,0.0,1.0,0.0,10,3,3
5ea268df2c80be5cdc95b34620d3ed8655482b046f861ba039fa3ac88c3eb552b94e3ad6affdcab2dbaf894f9f0b93cc7d2206744c5b529f9bdf9b813ad42dcb,2018-01-18 21:30:00,30,NO CONTROLS,NO CONTROLS,CLEAR,"DARKNESS, LIGHTED ROAD",REAR END,DIVIDED - W/MEDIAN (NOT RAISED),STRAIGHT AND LEVEL,DRY,NO DEFECTS,NO INJURY / DRIVE AWAY,"OVER $1,500",FOLLOWING TOO CLOSELY,NOT APPLICABLE,412,E,87TH ST,2,NO INDICATION OF INJURY,0.0,0.0,0.0,0.0,0.0,2.0,0.0,21,5,1
090a39af038652ac98c2a93951653c30e8984a605964c20a744f7a613b2b02eb887cbf2b2aedd79f15fbfe20b9ee1bc61bf6f83bcb3ba578f89c292605eec2a0,2015-10-27 01:50:00,30,TRAFFIC SIGNAL,FUNCTIONING PROPERLY,CLEAR,"DARKNESS, LIGHTED ROAD",TURNING,NOT DIVIDED,STRAIGHT AND LEVEL,DRY,NO DEFECTS,NO INJURY / DRIVE AWAY,"OVER $1,500",UNABLE TO DETERMINE,NOT APPLICABLE,255,W,GARFIELD BLVD,2,NO INDICATION OF INJURY,0.0,0.0,0.0,0.0,0.0,2.0,0.0,1,3,10
a9bd0718b849466273e56287509ae0bd6e31184117f8fbe6c8e321c8f603bbe31b6d6041a416e0772d75fec5489cdc1b7b38e3a399dc5c9535d28f274399e693,2018-09-13 17:10:00,35,NO CONTROLS,NO CONTROLS,CLEAR,DAYLIGHT,TURNING,DIVIDED - W/MEDIAN BARRIER,STRAIGHT AND LEVEL,DRY,NO DEFECTS,INJURY AND / OR TOW DUE TO CRASH,"OVER $1,500",FAILING TO YIELD RIGHT-OF-WAY,IMPROPER TURNING/NO SIGNAL,2932,W,79TH ST,2,NO INDICATION OF INJURY,0.0,0.0,0.0,0.0,0.0,3.0,0.0,17,5,9
f5dcfef6a54cc13e41401b489343f5b50744b101d5b34e59c7f78f91c93529999345e27aeaffdf64ddd356ee26ae2197e4576733442a233ffb7024db99c03d98,2016-05-16 18:24:00,30,NO CONTROLS,NO CONTROLS,CLEAR,DAYLIGHT,PARKED MOTOR VEHICLE,ONE-WAY,STRAIGHT AND LEVEL,DRY,NO DEFECTS,NO INJURY / DRIVE AWAY,"OVER $1,500",IMPROPER BACKING,NOT APPLICABLE,1,E,ERIE ST,2,NO INDICATION OF INJURY,0.0,0.0,0.0,0.0,0.0,2.0,0.0,18,2,5
f6571e8ed0f52aeb03caddcaa961be5e69dafd686202fcb98d4b27327dfa1705c2089cffbaf23003f1dc8e81c58e32c8a40ccacb062f6a65b6d3ac0dfbab3260,2019-09-12 07:25:00,30,NO CONTROLS,NO CONTROLS,RAIN,DAYLIGHT,ANGLE,NOT DIVIDED,STRAIGHT AND LEVEL,WET,NO DEFECTS,INJURY AND / OR TOW DUE TO CRASH,"$501 - $1,500",FAILING TO YIELD RIGHT-OF-WAY,NOT APPLICABLE,4101,N,PULASKI RD,2,NONINCAPACITATING INJURY,1.0,0.0,0.0,1.0,0.0,3.0,0.0,7,5,9
d2f127932bcdc2051d0e08ba9e1206ab25e652918929c689147228c2dc62a9c89bbb58a5ff07ee389c78c98d02fd7fa51659424cc32639a26be338ef09d7caf7,2019-03-28 15:35:00,30,NO CONTROLS,NO CONTROLS,CLEAR,DAYLIGHT,REAR END,UNKNOWN,STRAIGHT AND LEVEL,DRY,NO DEFECTS,NO INJURY / DRIVE AWAY,"$501 - $1,500",FOLLOWING TOO CLOSELY,FOLLOWING TOO CLOSELY,4914,N,MILWAUKEE AVE,2,NO INDICATION OF INJURY,0.0,0.0,0.0,0.0,0.0,2.0,0.0,15,5,3
cfdddd7194b60de6298228b39df98e84ba33e5b0a95806929e93e50d68abe2a9be360092c9b52f005c17849a3343e89088fbcb9c2ac89f5669d0b87e228e90a3,2018-09-01 04:40:00,25,NO CONTROLS,NO CONTROLS,CLEAR,"DARKNESS, LIGHTED ROAD",ANGLE,NOT DIVIDED,STRAIGHT AND LEVEL,DRY,NO DEFECTS,NO INJURY / DRIVE AWAY,"$501 - $1,500",FAILING TO YIELD RIGHT-OF-WAY,FAILING TO YIELD RIGHT-OF-WAY,900,N,LA SALLE DR,2,NO INDICATION OF INJURY,0.0,0.0,0.0,0.0,0.0,2.0,0.0,4,7,9
b4c03f4aec5269cd3b7239eb0d0ac182e8cc568a32f5ab41fd1c0b20f0096af39e4afdd5db87338c9fa73ca0142e848324b7e1bdc31fbc107693281ce024583c,2023-10-06 08:50:00,30,STOP SIGN/FLASHER,NO CONTROLS,CLEAR,DAYLIGHT,ANGLE,FOUR WAY,STRAIGHT AND LEVEL,DRY,NO DEFECTS,INJURY AND / OR TOW DUE TO CRASH,"OVER $1,500",FAILING TO YIELD RIGHT-OF-WAY,FAILING TO YIELD RIGHT-OF-WAY,598,E,103RD ST,2,NO INDICATION OF INJURY,0.0,0.0,0.0,0.0,0.0,3.0,0.0,8,6,10
ec8264831b1f3f89dd4367102ca106abbc645708e5c3eacf3d118860adf89ca0446d67d17857301e993e5fbe96fe777283205e5c1c9d62ed884d030003762ea5,2021-10-08 16:45:00,30,NO CONTROLS,NO CONTROLS,CLOUDY/OVERCAST,DAYLIGHT,REAR END,DIVIDED - W/MEDIAN (NOT RAISED),STRAIGHT AND LEVEL,WET,NO DEFECTS,NO INJURY / DRIVE AWAY,"$501 - $1,500",FOLLOWING TOO CLOSELY,UNABLE TO DETERMINE,7607,W,TOUHY AVE,2,NO INDICATION OF INJURY,0.0,0.0,0.0,0.0,0.0,4.0,0.0,16,6,10
e7ba01fd866928a12c0c1cf0866fbb65bfa50f363b5248ac824400b2112f883c86026a5f21e3b5650edb5c0302722a15b56f95e76b488d290a73c42807d27508,2024-01-19 14:30:00,30,NO CONTROLS,NO CONTROLS,CLEAR,DUSK,SIDESWIPE SAME DIRECTION,NOT DIVIDED,STRAIGHT AND LEVEL,SNOW OR SLUSH,UNKNOWN,NO INJURY / DRIVE AWAY,"$501 - $1,500",UNABLE TO DETERMINE,UNABLE TO DETERMINE,6308,N,CENTRAL AVE,2,NO INDICATION OF INJURY,0.0,0.0,0.0,0.0,0.0,2.0,0.0,14,6,1
0423c2d2b187c9c0c53e008d563aa685ff4c877bda173020299ca7d9165765321379f2887852f3a93089fce84200e7ed66eabae74b90486312cb63223c9d6b67,2023-02-02 00:11:00,15,NO CONTROLS,NO CONTROLS,CLEAR,"DARKNESS, LIGHTED ROAD",FIXED OBJECT,DRIVEWAY,CURVE ON GRADE,DRY,NO DEFECTS,INJURY AND / OR TOW DUE TO CRASH,"OVER $1,500",NOT APPLICABLE,NOT APPLICABLE,10000,W,OHARE ST,1,NO INDICATION OF INJURY,0.0,0.0,0.0,0.0,0.0,1.0,0.0,0,5,2
d90c5306b85bbe4f3e18b5ae10c55eb959b3822857cd4be628c0bab08c74cdbe29b6f629c4b122703aaef62c2add750b401092a5ab126c0178dd7594e2f38b53,2021-02-16 22:00:00,30,NO CONTROLS,NO CONTROLS,SNOW,"DARKNESS, LIGHTED ROAD",PARKED MOTOR VEHICLE,NOT DIVIDED,STRAIGHT AND LEVEL,SNOW OR SLUSH,UNKNOWN,INJURY AND / OR TOW DUE TO CRASH,"$501 - $1,500",WEATHER,NOT APPLICABLE,1049,W,115TH ST,2,NO INDICATION OF INJURY,0.0,0.0,0.0,0.0,0.0,1.0,0.0,22,3,2
a52e804a17bb0ec0265f287e15fcbc553021fa989af768444ba987c35eba324659de5b5ead573d5be07d1a81aa2c5c2277661c88539be1a16a8bd5535e3cb67d,2018-07-30 15:30:00,30,TRAFFIC SIGNAL,FUNCTIONING PROPERLY,CLEAR,DAYLIGHT,REAR END,DIVIDED - W/MEDIAN (NOT RAISED),STRAIGHT AND LEVEL,DRY,NO DEFECTS,NO INJURY / DRIVE AWAY,"$501 - $1,500",FOLLOWING TOO CLOSELY,UNABLE TO DETERMINE,2200,W,TAYLOR ST,2,NO INDICATION OF INJURY,0.0,0.0,0.0,0.0,0.0,2.0,0.0,15,2,7
25199e64dcf119b8c9ec90a88d27aae24160bae29929d58d2564eb68e5a2a8eed0de4348002fcc536ad63050cb413d6a63686e625a3aa2333c912824674b7e6d,2023-05-07 16:00:00,30,NO CONTROLS,NO CONTROLS,CLEAR,DAYLIGHT,PARKED MOTOR VEHICLE,NOT DIVIDED,STRAIGHT AND LEVEL,DRY,NO DEFECTS,NO INJURY / DRIVE AWAY,"OVER $1,500",UNABLE TO DETERMINE,NOT APPLICABLE,3655,W,31ST ST,2,NO INDICATION OF INJURY,0.0,0.0,0.0,0.0,0.0,1.0,0.0,16,1,5
499f670f07eceef1e6b318eb53d699203f78810978037bf500e6a0500f556e0be58d3eb1d988e14da7da46f3ee2a69ef0546ed8c51ac81c4e36e667d32d5f8fd,2021-02-01 12:00:00,30,NO CONTROLS,NO CONTROLS,CLEAR,DAYLIGHT,SIDESWIPE SAME DIRECTION,NOT DIVIDED,STRAIGHT AND LEVEL,SNOW OR SLUSH,UNKNOWN,NO INJURY / DRIVE AWAY,"OVER $1,500",UNABLE TO DETERMINE,UNABLE TO DETERMINE,11123,S,HOYNE AVE,2,NO INDICATION OF INJURY,0.0,0.0,0.0,0.0,0.0,2.0,0.0,12,2,2
ff0336cfa53cb05b6295c0f678aaf95bab154f782c1ae6136933674e4f2046cb1a5c086effa83be7889a629dc06bd7e81747e3e6bf3df1d5adce567299faddda,2022-07-04 12:00:00,30,NO CONTROLS,NO CONTROLS,CLEAR,DAYLIGHT,FIXED OBJECT,ALLEY,STRAIGHT AND LEVEL,DRY,NO DEFECTS,NO INJURY / DRIVE AWAY,"OVER $1,500",UNABLE TO DETERMINE,UNABLE TO DETERMINE,7132,S,GREEN ST,1,NO INDICATION OF INJURY,0.0,0.0,0.0,0.0,0.0,1.0,0.0,12,2,7
2907eaea8ae031b1e1a9ec4a3d375e54aed03bd73b1feb66d29531474ed7813b2bfa0a1cb6a9f105b1a472a57536ec192ac3c9184caec98485f3b642dbdc189d,2021-12-07 18:00:00,30,NO CONTROLS,NO CONTROLS,CLEAR,DARKNESS,SIDESWIPE OPPOSITE DIRECTION,NOT DIVIDED,STRAIGHT AND LEVEL,DRY,NO DEFECTS,NO INJURY / DRIVE AWAY,"$501 - $1,500",UNABLE TO DETERMINE,UNABLE TO DETERMINE,343,N,DEARBORN ST,2,NO INDICATION OF INJURY,0.0,0.0,0.0,0.0,0.0,2.0,0.0,18,3,12
156956341ee1d6abf3379adf353ab4b3abf345a6b35506f4862567e4e2b22958c7313b8cadbb87ab9d99a46a909469532865b6f2bcd7e341ebaf9779028967a1,2022-09-28 10:20:00,30,NO CONTROLS,NO CONTROLS,CLEAR,DAYLIGHT,PARKED MOTOR VEHICLE,NOT DIVIDED,STRAIGHT AND LEVEL,DRY,NO DEFECTS,NO INJURY / DRIVE AWAY,$500 OR LESS,DRIVING SKILLS/KNOWLEDGE/EXPERIENCE,NOT APPLICABLE,2322,W,111TH ST,2,NO INDICATION OF INJURY,0.0,0.0,0.0,0.0,0.0,1.0,0.0,10,4,9
53aa66491e618b1fe30818abb0f78744165c6c14e1c540a103c758cacfd0ecf6472fd5195f2b070e58673738b8622ea2c8ed0a76f1054402e64bdfd23c9857f0,2017-09-28 17:40:00,30,TRAFFIC SIGNAL,FUNCTIONING PROPERLY,CLEAR,DAYLIGHT,SIDESWIPE SAME DIRECTION,DIVIDED - W/MEDIAN (NOT RAISED),STRAIGHT AND LEVEL,DRY,NO DEFECTS,NO INJURY / DRIVE AWAY,"$501 - $1,500",UNABLE TO DETERMINE,NOT APPLICABLE,500,N,HALSTED ST,2,NO INDICATION OF INJURY,0.0,0.0,0.0,0.0,0.0,2.0,0.0,17,5,9
bb881e41d56d6ea6aff39e133566834a52706730bffec3e3f102393291d50d18cb81feb46e676eea40a78342bfbdbe08ff68828e86bd1b0672f48617a5b5b0fc,2022-04-26 14:18:00,30,NO CONTROLS,NO CONTROLS,CLEAR,DAYLIGHT,ANGLE,NOT DIVIDED,STRAIGHT AND LEVEL,DRY,NO DEFECTS,INJURY AND / OR TOW DUE TO CRASH,"OVER $1,500",FAILING TO REDUCE SPEED TO AVOID CRASH,UNABLE TO DETERMINE,5955,S,PULASKI RD,2,FATAL,1.0,1.0,0.0,0.0,0.0,1.0,0.0,14,3,4
610c62738d8d265a67ebc18fa1f55e0ad918e087a30f6e2aa05a53400448aa30f75eebfc71341d7772a033adaf63b2e4b407326dc1223670beea475bb8c47816,2018-05-20 11:50:00,35,TRAFFIC SIGNAL,FUNCTIONING PROPERLY,UNKNOWN,DAYLIGHT,TURNING,NOT DIVIDED,STRAIGHT AND LEVEL,UNKNOWN,NO DEFECTS,NO INJURY / DRIVE AWAY,"OVER $1,500",UNABLE TO DETERMINE,UNABLE TO DETERMINE,198,W,GARFIELD BLVD,2,NO INDICATION OF INJURY,0.0,0.0,0.0,0.0,0.0,3.0,0.0,11,1,5
9f1f0265ef87c2839274ae82301b2ce9962bd8c81471a607d29da85296d1af644bab8356fa320803eb996b32c05e48b06b37c802aae5aedcd3cc4f1f303978d0,2016-07-10 03:30:00,35,NO CONTROLS,NO CONTROLS,CLEAR,DAWN,PARKED MOTOR VEHICLE,NOT DIVIDED,STRAIGHT AND LEVEL,DRY,NO DEFECTS,INJURY AND / OR TOW DUE TO CRASH,"OVER $1,500",UNABLE TO DETERMINE,UNABLE TO DETERMINE,7798,S,YATES BLVD,4,NONINCAPACITATING INJURY,1.0,0.0,0.0,1.0,0.0,0.0,0.0,3,1,7
62f7570c5a031219b2d9b2473e2bb6d1c9029824ca6e4d03e92786ea8778e652bab3149f7ac56a0a69d67e93dcbf6268c4349cbc10c31524d2fc6a25f803fe83,2022-08-28 00:20:00,45,NO CONTROLS,NO CONTROLS,CLEAR,"DARKNESS, LIGHTED ROAD",FIXED OBJECT,DIVIDED - W/MEDIAN (NOT RAISED),"CURVE, LEVEL",UNKNOWN,UNKNOWN,INJURY AND / OR TOW DUE TO CRASH,"OVER $1,500",UNABLE TO DETERMINE,UNABLE TO DETERMINE,949,W,HOLLYWOOD AVE,1,NONINCAPACITATING INJURY,1.0,0.0,0.0,1.0,0.0,3.0,0.0,0,1,8
9496af2a1ed6427073a745f1e68992e4c1d7e5e26f747532aeb94630746b6c77054e8293610272388af81c00e0c006c4d879d2923fdd2c375915a7c12a043bb8,2018-10-31 17:15:00,30,STOP SIGN/FLASHER,FUNCTIONING PROPERLY,CLEAR,"DARKNESS, LIGHTED ROAD",SIDESWIPE OPPOSITE DIRECTION,NOT DIVIDED,STRAIGHT AND LEVEL,DRY,NO DEFECTS,NO INJURY / DRIVE AWAY,$500 OR LESS,IMPROPER BACKING,UNABLE TO DETERMINE,800,W,93RD ST,2,NO INDICATION OF INJURY,0.0,0.0,0.0,0.0,0.0,2.0,0.0,17,4,10