CRASH_RECORD_ID,CRASH_DATE,POSTED_SPEED_LIMIT,TRAFFIC_CONTROL_DEVICE,DEVICE_CONDITION,WEATHER_CONDITION,LIGHTING_CONDITION,FIRST_CRASH_TYPE,TRAFFICWAY_TYPE,ALIGNMENT,ROADWAY_SURFACE_COND,ROAD_DEFECT,CRASH_TYPE,DAMAGE,PRIM_CONTRIBUTORY_CAUSE,SEC_CONTRIBUTORY_CAUSE,STREET_NO,STREET_DIRECTION,STREET_NAME,NUM_UNITS,MOST_SEVERE_INJURY,INJURIES_TOTAL,INJURIES_FATAL,INJURIES_INCAPACITATING,INJURIES_NON_INCAPACITATING,INJURIES_REPORTED_NOT_EVIDENT,INJURIES_NO_INDICATION,INJURIES_UNKNOWN,CRASH_HOUR,CRASH_DAY_OF_WEEK,CRASH_MONTH
8f33c10b663e6854835546d0ae854ddd65f33c571bc34b1995338fdac22677370af34a3f231eb839ca0a1c1275183c16aace149252eb72e7fced82980156040a,2020-12-10 17:41:00,25,TRAFFIC SIGNAL,FUNCTIONING PROPERLY,CLEAR,DAYLIGHT,ANGLE,NOT DIVIDED,STRAIGHT AND LEVEL,DRY,UNKNOWN,NO INJURY / DRIVE AWAY,"$501 - $1,500",FAILING TO YIELD RIGHT-OF-WAY,NOT APPLICABLE,4351,N,KEDZIE AVE,2,NO INDICATION OF INJURY,0.0,0.0,0.0,0.0,0.0,2.0,0.0,17,5,12
bda858774e08dc7d516106872c26052c78902520fe54bb34654f601133604228a80430195085d733f3f89787be359901a80ebe58569a7f8c698d3efcba10e572,2020-12-01 15:21:00,30,STOP SIGN/FLASHER,FUNCTIONING PROPERLY,CLEAR,DAYLIGHT,TURNING,DIVIDED - W/MEDIAN (NOT RAISED),STRAIGHT AND LEVEL,DRY,NO DEFECTS,INJURY AND / OR TOW DUE TO CRASH,"OVER $1,500",FAILING TO YIELD RIGHT-OF-WAY,FAILING TO REDUCE SPEED TO AVOID CRASH,7633,W,IRVING PARK RD,2,NONINCAPACITATING INJURY,1.0,0.0,0.0,1.0,0.0,1.0,0.0,15,3,12
20847f5ead140d9929d5b607801251689920993ca4e57d1a70d6ec6f8d7adb1f6858327af3e75f85c0795312cb4036db226e83ee84a33f7bda97c3a397dc77c6,2018-02-24 21:14:00,20,NO CONTROLS,NO CONTROLS,CLOUDY/OVERCAST,"DARKNESS, LIGHTED ROAD",PARKED MOTOR VEHICLE,ONE-WAY,STRAIGHT AND LEVEL,DRY,NO DEFECTS,NO INJURY / DRIVE AWAY,$500 OR LESS,DRIVING SKILLS/KNOWLEDGE/EXPERIENCE,IMPROPER BACKING,8416,S,ABERDEEN ST,2,NO INDICATION OF INJURY,0.0,0.0,0.0,0.0,0.0,2.0,0.0,21,7,2
7f995a4347277edd888f0e70baf508434a4c06554be0bf32abfad3f1f3491ce0c064fdfca4da9c2f223552902fd96b1c87b21664cbca71499ff05e68dfbac6a2,2019-12-31 01:05:00,30,NO CONTROLS,NO CONTROLS,BLOWING SNOW,"DARKNESS, LIGHTED ROAD",PARKED MOTOR VEHICLE,NOT DIVIDED,STRAIGHT AND LEVEL,WET,NO DEFECTS,NO INJURY / DRIVE AWAY,"OVER $1,500",UNABLE TO DETERMINE,NOT APPLICABLE,5103,N,MARINE DR,3,NO INDICATION OF INJURY,0.0,0.0,0.0,0.0,0.0,1.0,0.0,1,3,12
d21800294ba2b098ba1b138f49bb21ce9396e6a07ae3cae7ac7d67b950e2cbe1eb3b8b4393a67236d53fb171b06d7725ca109cccec7d707f7ea78e4ae527cf26,2018-12-20 14:47:00,30,STOP SIGN/FLASHER,FUNCTIONING PROPERLY,CLEAR,DAYLIGHT,FIXED OBJECT,NOT DIVIDED,STRAIGHT AND LEVEL,DRY,NO DEFECTS,NO INJURY / DRIVE AWAY,"$501 - $1,500","OPERATING VEHICLE IN ERRATIC, RECKLESS, CARELESS, NEGLIGENT OR AGGRESSIVE MANNER",NOT APPLICABLE,7801,S,CHRISTIANA AVE,1,NO INDICATION OF INJURY,0.0,0.0,0.0,0.0,0.0,2.0,0.0,14,5,12
13c96d8e59c0dfaaca7355dce324dbc040d3f069e5d8ae02a3900178eea1483d23c633ffa7f1a6d715988af05e07c5a32ed3b967a0e5e3f6bf10faba074e17bf,2023-04-26 10:20:00,30,TRAFFIC SIGNAL,FUNCTIONING PROPERLY,CLEAR,DAYLIGHT,TURNING,NOT DIVIDED,STRAIGHT AND LEVEL,DRY,NO DEFECTS,NO INJURY / DRIVE AWAY,$500 OR LESS,FAILING TO YIELD RIGHT-OF-WAY,UNABLE TO DETERMINE,1425,W,MONTROSE AVE,2,NO INDICATION OF INJURY,0.0,0.0,0.0,0.0,0.0,2.0,0.0,10,4,4
cacccab67bb33b8d5997a8f32e3f29cca66aa78da8530081cec28aaf2b10d4f3a0d26368eb3e08d66976d3e6832d65ddd32fb64ed5ab024b96fdf806fc0cd2e1,2018-06-13 21:00:00,20,NO CONTROLS,NO CONTROLS,CLEAR,"DARKNESS, LIGHTED ROAD",PARKED MOTOR VEHICLE,NOT DIVIDED,STRAIGHT AND LEVEL,DRY,NO DEFECTS,NO INJURY / DRIVE AWAY,$500 OR LESS,FOLLOWING TOO CLOSELY,UNABLE TO DETERMINE,10951,S,CAMPBELL AVE,2,NO INDICATION OF INJURY,0.0,0.0,0.0,0.0,0.0,1.0,0.0,21,4,6
70bf0641953b94f7e8efe13ea3c0c05fc8e45c9c551d5104f8036a32e4b08c835de91eabbb71823a294f420c6a349fc72f725b831fff1dd45e3c608f7c73ce39,2022-07-21 17:10:00,30,POLICE/FLAGMAN,FUNCTIONING PROPERLY,CLEAR,DAYLIGHT,SIDESWIPE OPPOSITE DIRECTION,NOT DIVIDED,STRAIGHT AND LEVEL,DRY,NO DEFECTS,INJURY AND / OR TOW DUE TO CRASH,"OVER $1,500",FAILING TO YIELD RIGHT-OF-WAY,DRIVING ON WRONG SIDE/WRONG WAY,2146,E,95TH ST,3,NO INDICATION OF INJURY,0.0,0.0,0.0,0.0,0.0,3.0,0.0,17,5,7
cfe557b34f8cca30ad11eae9ce4156c20c28af086a31bd792fa6145e797b4f6e70767a163cab181ff24a8d29d9de24ce587daf427d2a8b51fa8aa61d1e799e90,2019-10-26 15:00:00,30,NO CONTROLS,NO CONTROLS,RAIN,DAYLIGHT,REAR END,NOT DIVIDED,STRAIGHT AND LEVEL,DRY,NO DEFECTS,NO INJURY / DRIVE AWAY,$500 OR LESS,NOT APPLICABLE,NOT APPLICABLE,500,S,KOSTNER AVE,2,NO INDICATION OF INJURY,0.0,0.0,0.0,0.0,0.0,5.0,0.0,15,7,10
2c03ec51b90dcccb2c98f6328b43f09ad9c0ffee1a6b9d9c86adac8fad69d048509137e23d21d96b5dd2295a49b102bca424a26c67e65903451f35c979766f23,2022-05-12 13:15:00,30,TRAFFIC SIGNAL,UNKNOWN,CLEAR,DAYLIGHT,TURNING,NOT DIVIDED,STRAIGHT AND LEVEL,DRY,UNKNOWN,NO INJURY / DRIVE AWAY,"OVER $1,500","OPERATING VEHICLE IN ERRATIC, RECKLESS, CARELESS, NEGLIGENT OR AGGRESSIVE MANNER",DRIVING SKILLS/KNOWLEDGE/EXPERIENCE,2200,S,PULASKI RD,2,NO INDICATION OF INJURY,0.0,0.0,0.0,0.0,0.0,3.0,0.0,13,5,5
a0ae289beda5745ed0ed156d87c4b2fb8d800d6e993f5fdfba8b2b195d6af37b36cc19eddfdbc10aaf5a68b87adb4048acce4feaf8b94868cac5940f5d9828a8,2022-01-21 10:30:00,30,TRAFFIC SIGNAL,FUNCTIONING PROPERLY,CLEAR,DAYLIGHT,REAR END,DIVIDED - W/MEDIAN BARRIER,STRAIGHT AND LEVEL,DRY,NO DEFECTS,NO INJURY / DRIVE AWAY,"$501 - $1,500",FOLLOWING TOO CLOSELY,FOLLOWING TOO CLOSELY,156,W,CONGRESS PKWY,2,NO INDICATION OF INJURY,0.0,0.0,0.0,0.0,0.0,2.0,0.0,10,6,1
48e56ec7eb48f642abef8d99d20e9939978d8b46b15a0382b354169488146128737c52f764ad1d936850db3ef15e233adfe3907bbcfba29ac9da8aa8b17281f9,2016-09-08 20:05:00,30,NO CONTROLS,NO CONTROLS,CLEAR,DARKNESS,SIDESWIPE SAME DIRECTION,DIVIDED - W/MEDIAN (NOT RAISED),STRAIGHT AND LEVEL,UNKNOWN,NO DEFECTS,NO INJURY / DRIVE AWAY,"OVER $1,500",IMPROPER OVERTAKING/PASSING,NOT APPLICABLE,500,N,MICHIGAN AVE,2,NO INDICATION OF INJURY,0.0,0.0,0.0,0.0,0.0,2.0,0.0,20,5,9
9b5c94ecea8fad01500f63d4bf85000b53decc5e765f535291548cc681758d5c80a42d845d31997f3826cdddcc9e4e6afa1ec72122271b3d44820d56e867c458,2022-09-05 17:09:00,20,NO CONTROLS,NO CONTROLS,CLEAR,DAYLIGHT,REAR TO REAR,PARKING LOT,STRAIGHT AND LEVEL,DRY,UNKNOWN,NO INJURY / DRIVE AWAY,"OVER $1,500",UNABLE TO DETERMINE,UNABLE TO DETERMINE,1800,W,LAWRENCE AVE,2,NO INDICATION OF INJURY,0.0,0.0,0.0,0.0,0.0,3.0,0.0,17,2,9
a6c97a0d391844a65f535edcbee88265162bded03dd7b6fc1b22b1f9b3030027c4bc4939183e9be4ac94ebb0610efebd0c1b2647429c9ae3ced72c6784650b11,2021-08-01 23:52:00,30,TRAFFIC SIGNAL,FUNCTIONING IMPROPERLY,CLEAR,"DARKNESS, LIGHTED ROAD",SIDESWIPE SAME DIRECTION,NOT DIVIDED,STRAIGHT AND LEVEL,DRY,NO DEFECTS,NO INJURY / DRIVE AWAY,"OVER $1,500",IMPROPER TURNING/NO SIGNAL,DRIVING SKILLS/KNOWLEDGE/EXPERIENCE,6900,S,DAMEN AVE,2,NO INDICATION OF INJURY,0.0,0.0,0.0,0.0,0.0,3.0,0.0,23,1,8
64ce5926ffabf1d792cc4435120421c4367bd81b6040c3c85ee9aae20de1da23af5ee32bd59b8c118169edafcfcb3e450d323341dab4f77ee680ddb57471b6a3,2017-05-20 14:00:00,30,NO CONTROLS,NO CONTROLS,CLEAR,DAYLIGHT,SIDESWIPE SAME DIRECTION,DIVIDED - W/MEDIAN (NOT RAISED),STRAIGHT AND LEVEL,WET,NO DEFECTS,NO INJURY / DRIVE AWAY,"OVER $1,500",FAILING TO YIELD RIGHT-OF-WAY,DRIVING SKILLS/KNOWLEDGE/EXPERIENCE,4329,W,IRVING PARK RD,2,NO INDICATION OF INJURY,0.0,0.0,0.0,0.0,0.0,3.0,0.0,14,7,5
fd46c0f4e5a81ea4a780b2302db754a7959ce2d63155ab6a2105917fabb119ffa7a2a08345e2c6a0c9853c6e1b12aa1066fc5d95ae308055afc4bdc992d8e08a,2023-08-02 11:45:00,30,NO CONTROLS,NO CONTROLS,CLEAR,DAYLIGHT,PARKED MOTOR VEHICLE,ONE-WAY,STRAIGHT AND LEVEL,DRY,NO DEFECTS,NO INJURY / DRIVE AWAY,"OVER $1,500","OPERATING VEHICLE IN ERRATIC, RECKLESS, CARELESS, NEGLIGENT OR AGGRESSIVE MANNER","OPERATING VEHICLE IN ERRATIC, RECKLESS, CARELESS, NEGLIGENT OR AGGRESSIVE MANNER",1750,W,86TH ST,2,NO INDICATION OF INJURY,0.0,0.0,0.0,0.0,0.0,1.0,0.0,11,4,8
a1e333e59394839a21100af0b5860f54c7157ceffbb6d42895bc8741929653794ccb1eaf98b1e6e3387f86483e4055c97c98425594af5f3062f9e038de0ec10b,2021-07-27 17:10:00,20,NO CONTROLS,NO CONTROLS,CLEAR,DAYLIGHT,TURNING,NOT DIVIDED,STRAIGHT AND LEVEL,DRY,NO DEFECTS,INJURY AND / OR TOW DUE TO CRASH,"OVER $1,500",IMPROPER OVERTAKING/PASSING,UNABLE TO DETERMINE,4500,W,76TH ST,2,NONINCAPACITATING INJURY,2.0,0.0,0.0,2.0,0.0,0.0,0.0,17,3,7
734dc6d31abf370b400ee598a32dbb2f6633d9d0ed5362e862489e3dd8131df9da301e8bbfaf52a63858179b1727f2513da742fe870c069ea1810310d0770bf6,2024-01-19 18:20:00,30,TRAFFIC SIGNAL,FUNCTIONING PROPERLY,SNOW,"DARKNESS, LIGHTED ROAD",TURNING,FOUR WAY,STRAIGHT AND LEVEL,SNOW OR SLUSH,NO DEFECTS,NO INJURY / DRIVE AWAY,"OVER $1,500",FAILING TO YIELD RIGHT-OF-WAY,NOT APPLICABLE,8700,S,DR MARTIN LUTHER KING JR DR,2,NO INDICATION OF INJURY,0.0,0.0,0.0,0.0,0.0,2.0,0.0,18,6,1
7687f42bcc5829e3a58de3411ef7a31f2d6d483ac7ade1d67e3838ddfd78e4624fc16016ca7582e435b9beb5151807d47927857603509f19664160d62a91d129,2017-05-01 07:40:00,30,TRAFFIC SIGNAL,FUNCTIONING PROPERLY,CLOUDY/OVERCAST,DAYLIGHT,TURNING,DIVIDED - W/MEDIAN (NOT RAISED),STRAIGHT AND LEVEL,DRY,UNKNOWN,NO INJURY / DRIVE AWAY,"$501 - $1,500",UNABLE TO DETERMINE,UNABLE TO DETERMINE,8704,S,GREENWOOD AVE,2,NO INDICATION OF INJURY,0.0,0.0,0.0,0.0,0.0,2.0,0.0,7,2,5
5182c10ae51a6964adc37d1a4fa52890d4ec3eb2f7eecf6ad948809601c77f9be8bd264c22cbeb97f56a6e13131dae8c3be878f38d19d49975d473313b93cb93,2023-04-25 15:30:00,30,UNKNOWN,UNKNOWN,UNKNOWN,UNKNOWN,SIDESWIPE OPPOSITE DIRECTION,ONE-WAY,STRAIGHT AND LEVEL,UNKNOWN,UNKNOWN,NO INJURY / DRIVE AWAY,"OVER $1,500",UNABLE TO DETERMINE,NOT APPLICABLE,5412,N,LOVEJOY AVE,2,NO INDICATION OF INJURY,0.0,0.0,0.0,0.0,0.0,3.0,0.0,15,3,4
304de47fe82620dbbfa7dc2e1666c0c850f3285ecee09353d5e07f4bea929a47ac9d13ac22cb6786680ee8bbf17e5eb0f61f087e4a60625fd2e7744f085910db,2023-02-10 09:39:00,30,TRAFFIC SIGNAL,FUNCTIONING PROPERLY,CLEAR,DAYLIGHT,TURNING,FOUR WAY,STRAIGHT AND LEVEL,DRY,NO DEFECTS,INJURY AND / OR TOW DUE TO CRASH,"OVER $1,500",UNABLE TO DETERMINE,UNABLE TO DETERMINE,6700,S,STONY ISLAND AVE,2,"REPORTED, NOT EVIDENT",1.0,0.0,0.0,0.0,1.0,1.0,0.0,9,6,2
6e8f3e3e88bb232623441340228189d50327f1b373f6d9acbedf0d12ce1fe65663c8831332ae3b325674ad702ac60c946a0620f259d6eb9b06a45a03557408aa,2019-08-06 17:20:00,30,TRAFFIC SIGNAL,FUNCTIONING PROPERLY,CLEAR,DAYLIGHT,PEDALCYCLIST,DIVIDED - W/MEDIAN (NOT RAISED),STRAIGHT AND LEVEL,DRY,NO DEFECTS,INJURY AND / OR TOW DUE TO CRASH,$500 OR LESS,IMPROPER LANE USAGE,NOT APPLICABLE,2779,N,DAMEN AVE,2,INCAPACITATING INJURY,1.0,0.0,1.0,0.0,0.0,1.0,0.0,17,3,8
635b493731908269f5f9efbc643473654c2546d5e2612aef4e3a39c967e38be82c8a67c1aaca758387f90b28b72905c99a185f6f70e6c8c1684e6039d3b34c87,2021-02-13 18:30:00,30,NO CONTROLS,NO CONTROLS,SNOW,DARKNESS,PARKED MOTOR VEHICLE,ONE-WAY,STRAIGHT AND LEVEL,SNOW OR SLUSH,NO DEFECTS,NO INJURY / DRIVE AWAY,"$501 - $1,500",NOT APPLICABLE,NOT APPLICABLE,5601,S,ROCKWELL ST,2,NO INDICATION OF INJURY,0.0,0.0,0.0,0.0,0.0,1.0,0.0,18,7,2
1e1e9cb17729267f58c93cc652aa47b682cde5ff9bc0927cc1b16a60669848fdef488b9d904ac8efecbf04d5295e08ca7f274cf1ac511aba686f428cb0e4efdb,2020-11-09 21:55:00,35,TRAFFIC SIGNAL,FUNCTIONING PROPERLY,CLEAR,"DARKNESS, LIGHTED ROAD",REAR END,DIVIDED - W/MEDIAN BARRIER,STRAIGHT AND LEVEL,DRY,UNKNOWN,NO INJURY / DRIVE AWAY,$500 OR LESS,FOLLOWING TOO CLOSELY,FAILING TO REDUCE SPEED TO AVOID CRASH,6700,S,STONY ISLAND AVE,2,NO INDICATION OF INJURY,0.0,0.0,0.0,0.0,0.0,2.0,0.0,21,2,11
2ac68c8e2d5773a2bda353b578004838e1bfeb653a958ab07638c838f8517cf689fc13a1aa9ff26d6351f8f6bf7f0ad1596018fba8b471d4a47c78151bf6cee6,2020-03-28 12:30:00,30,NO CONTROLS,NO CONTROLS,CLEAR,DAYLIGHT,PEDALCYCLIST,ONE-WAY,STRAIGHT AND LEVEL,DRY,NO DEFECTS,NO INJURY / DRIVE AWAY,"OVER $1,500",NOT APPLICABLE,NOT APPLICABLE,421,W,MELROSE ST,2,NO INDICATION OF INJURY,0.0,0.0,0.0,0.0,0.0,2.0,0.0,12,7,3
4eb83e171d424b0cd04aaf70a2c236493eaf65266b754e0f03b0909796b7b9a0cadd68406dd243ab63e94ff7f3afb09799c3b1e891df968f69d2823d9901a73a,2021-06-16 18:00:00,30,NO CONTROLS,NO CONTROLS,CLEAR,DAYLIGHT,PARKED MOTOR VEHICLE,ONE-WAY,STRAIGHT AND LEVEL,DRY,UNKNOWN,NO INJURY / DRIVE AWAY,"OVER $1,500",UNABLE TO DETERMINE,NOT APPLICABLE,3119,S,HARDING AVE,2,NO INDICATION OF INJURY,0.0,0.0,0.0,0.0,0.0,1.0,0.0,18,4,6
35481296ee01894bb0861cf658af494d0bc0543ea849345d35b4468e540697e1ee2984df4ba317da4cf8b3565f21a48a6d8f5947199a433dd8f8fc939ca50433,2017-05-13 19:15:00,15,STOP SIGN/FLASHER,FUNCTIONING PROPERLY,CLEAR,DAYLIGHT,ANGLE,NOT DIVIDED,STRAIGHT AND LEVEL,DRY,NO DEFECTS,NO INJURY / DRIVE AWAY,"OVER $1,500",FAILING TO YIELD RIGHT-OF-WAY,UNABLE TO DETERMINE,7855,S,MARYLAND AVE,2,NO INDICATION OF INJURY,0.0,0.0,0.0,0.0,0.0,2.0,0.0,19,7,5
38b09684c3704fb75cbb658ff7c21391fa623abf542b561643fa5a0e89ab692d150ccd720cecb1d5c92be1166123287b7807cfef0315313fb99a6699df51e864,2023-04-29 01:30:00,30,UNKNOWN,UNKNOWN,CLEAR,"DARKNESS, LIGHTED ROAD",REAR TO FRONT,DIVIDED - W/MEDIAN (NOT RAISED),STRAIGHT AND LEVEL,DRY,UNKNOWN,NO INJURY / DRIVE AWAY,"$501 - $1,500",UNABLE TO DETERMINE,UNABLE TO DETERMINE,7200,S,SOUTH CHICAGO AVE,2,NO INDICATION OF INJURY,0.0,0.0,0.0,0.0,0.0,2.0,0.0,1,7,4
a04b37b917e2defd4158efc46e1a849cd896c8c7b648a0892ca8581f1b2db66001c60c8d8b7a6e0f155a343857440238cda62b6bb06ddf472bce6cabd5c54f6a,2021-06-23 16:31:00,30,NO CONTROLS,NO CONTROLS,CLEAR,DAYLIGHT,FIXED OBJECT,NOT DIVIDED,STRAIGHT AND LEVEL,DRY,NO DEFECTS,NO INJURY / DRIVE AWAY,"OVER $1,500","OPERATING VEHICLE IN ERRATIC, RECKLESS, CARELESS, NEGLIGENT OR AGGRESSIVE MANNER",HAD BEEN DRINKING (USE WHEN ARREST IS NOT MADE),8155,S,KOLMAR AVE,1,NO INDICATION OF INJURY,0.0,0.0,0.0,0.0,0.0,1.0,0.0,16,4,6
5b238c21e71c0d1350aab8e88f879359c24fd5ee014b3015afebfa4d0fada1abef0f13646e5630e500a4ee99c5deb71e308d3519e2ed4b47b308bf8d34affade,2021-07-09 17:30:00,35,NO CONTROLS,NO CONTROLS,CLEAR,DAYLIGHT,SIDESWIPE SAME DIRECTION,NOT DIVIDED,STRAIGHT AND LEVEL,DRY,NO DEFECTS,NO INJURY / DRIVE AWAY,"OVER $1,500",FAILING TO YIELD RIGHT-OF-WAY,NOT APPLICABLE,3720,W,ROOSEVELT RD,2,NO INDICATION OF INJURY,0.0,0.0,0.0,0.0,0.0,3.0,0.0,17,6,7
749a073beb823b3cc1e89bf0a2ce5d9982fe46a393c2ef4f80343052516a73c977e607d98d6cd1c1485dcd7cda25f41b13d3fecb10f66f1517eb4027758d555a,2022-10-01 02:10:00,30,TRAFFIC SIGNAL,FUNCTIONING PROPERLY,CLEAR,"DARKNESS, LIGHTED ROAD",REAR TO FRONT,NOT DIVIDED,STRAIGHT AND LEVEL,DRY,NO DEFECTS,NO INJURY / DRIVE AWAY,"OVER $1,500",UNABLE TO DETERMINE,NOT APPLICABLE,3241,W,COLUMBUS AVE,2,NO INDICATION OF INJURY,0.0,0.0,0.0,0.0,0.0,3.0,0.0,2,7,10
c6c3cd6ed09dbbed8855e1f7eb10ee0812915ed131834df885d46a440583644278690a10f43a1ef54faf46ddae753b61cb348456ff3485685a795b2920aab8ee,2022-09-25 09:40:00,30,TRAFFIC SIGNAL,FUNCTIONING PROPERLY,CLEAR,DAYLIGHT,REAR END,NOT DIVIDED,STRAIGHT AND LEVEL,DRY,NO DEFECTS,NO INJURY / DRIVE AWAY,"$501 - $1,500",FOLLOWING TOO CLOSELY,FOLLOWING TOO CLOSELY,7301,S,CICERO AVE,2,NO INDICATION OF INJURY,0.0,0.0,0.0,0.0,0.0,2.0,0.0,9,1,9
f8a45b647485b385febe9ba5c4c20f5cabc18dfca95c9734cd2c6d8dca1b7a861530603c69d39b3455514f58d8a13798c5cd567acb0c66c756ce0de3deaad16e,2019-06-04 07:30:00,5,NO CONTROLS,NO CONTROLS,CLEAR,DAYLIGHT,PARKED MOTOR VEHICLE,NOT DIVIDED,STRAIGHT AND LEVEL,DRY,NO DEFECTS,NO INJURY / DRIVE AWAY,"$501 - $1,500",UNABLE TO DETERMINE,NOT APPLICABLE,635,W,MADISON ST,2,NO INDICATION OF INJURY,0.0,0.0,0.0,0.0,0.0,1.0,0.0,7,3,6
e36cd124d39186ab7f3fae07bbc7d6ae6bc5aaec44c23f244fc01c49013db131aa3c7066026d096c015095f1735c241ad3d0d0921d8ac545b0d9ef6875f2868d,2022-11-24 11:35:00,30,NO CONTROLS,NO CONTROLS,CLEAR,DAYLIGHT,PEDESTRIAN,PARKING LOT,"CURVE, LEVEL",DRY,NO DEFECTS,INJURY AND / OR TOW DUE TO CRASH,"OVER $1,500",UNABLE TO DETERMINE,UNABLE TO DETERMINE,3207,N,PULASKI RD,2,INCAPACITATING INJURY,1.0,0.0,1.0,0.0,0.0,1.0,0.0,11,5,11
c99a31f182956d5621efc68c37ce9b9b1b543e478cba34709b958c9898c410fcabe97347f50a01d54270d39d502b3047ef76d63a2401603d4d48b123fa042eed,2019-06-23 21:45:00,20,NO CONTROLS,NO CONTROLS,RAIN,DARKNESS,PARKED MOTOR VEHICLE,ONE-WAY,STRAIGHT AND LEVEL,DRY,WORN SURFACE,NO INJURY / DRIVE AWAY,"$501 - $1,500",UNABLE TO DETERMINE,NOT APPLICABLE,2312,N,NEVA AVE,2,NO INDICATION OF INJURY,0.0,0.0,0.0,0.0,0.0,1.0,0.0,21,1,6
4295c32beb538edf4e0ab9fc709472e81603c604458f54e78060792c8b5d62eaf5cf43d08f29a44d2ba409dae6ecc6e838967c53645a17c325c3de810524bc60,2019-01-15 08:20:00,30,NO CONTROLS,NO CONTROLS,CLEAR,DAYLIGHT,TURNING,NOT DIVIDED,STRAIGHT AND LEVEL,DRY,NO DEFECTS,NO INJURY / DRIVE AWAY,"OVER $1,500",UNABLE TO DETERMINE,UNABLE TO DETERMINE,547,N,KILBOURN AVE,2,NO INDICATION OF INJURY,0.0,0.0,0.0,0.0,0.0,2.0,0.0,8,3,1
3b588f9fcbfd1ed38de7a3e28d239726a1ea0806af1ee77ed899d7ca0e4bc1c86deb89ae98160b87daaeff7dbb6f6d73891a0a5b4244bf04f46fa5633d423363,2017-10-04 08:00:00,30,NO CONTROLS,NO CONTROLS,CLEAR,DAYLIGHT,TURNING,DIVIDED - W/MEDIAN (NOT RAISED),STRAIGHT AND LEVEL,DRY,NO DEFECTS,NO INJURY / DRIVE AWAY,"OVER $1,500",EQUIPMENT - VEHICLE CONDITION,NOT APPLICABLE,3501,W,MADISON ST,2,NO INDICATION OF INJURY,0.0,0.0,0.0,0.0,0.0,2.0,0.0,8,4,10
41185463b33ed80467e728dcc23832c5ca221f98478b30d993ca67f3a21a6b386efdcf4a05001f9b32cf693c8b10c140e41313e97200539443ecd35c4af02745,2017-10-30 04:50:00,30,TRAFFIC SIGNAL,FUNCTIONING PROPERLY,CLEAR,"DARKNESS, LIGHTED ROAD",REAR END,NOT DIVIDED,STRAIGHT AND LEVEL,DRY,NO DEFECTS,NO INJURY / DRIVE AWAY,"OVER $1,500",IMPROPER TURNING/NO SIGNAL,NOT APPLICABLE,7201,W,HIGGINS AVE,2,NO INDICATION OF INJURY,0.0,0.0,0.0,0.0,0.0,2.0,0.0,4,2,10
0b64111baf4cfe10ec41468a05ceaff8f9d709b4decc677a7a44e07f13593c89a10b9579cccb455a231ae7027ecd6b4ebc458e26458daaa725a04ea95acb7b63,2017-11-06 03:30:00,30,TRAFFIC SIGNAL,FUNCTIONING PROPERLY,CLEAR,"DARKNESS, LIGHTED ROAD",SIDESWIPE SAME DIRECTION,NOT DIVIDED,STRAIGHT AND LEVEL,DRY,NO DEFECTS,NO INJURY / DRIVE AWAY,"$501 - $1,500",IMPROPER LANE USAGE,UNABLE TO DETERMINE,401,W,BELMONT AVE,2,NO INDICATION OF INJURY,0.0,0.0,0.0,0.0,0.0,4.0,0.0,3,2,11
02f839bd4c3b34670cc4a0cbdf6e8a3969cdc39091b65e3a0a9080a0960f3c816878b2c584f05b5f151edc4cc0686afa0c459105b6f83019bc9d735427aa915d,2019-09-29 20:20:00,30,NO CONTROLS,NO CONTROLS,RAIN,DARKNESS,PARKED MOTOR VEHICLE,NOT DIVIDED,STRAIGHT AND LEVEL,WET,NO DEFECTS,INJURY AND / OR TOW DUE TO CRASH,"OVER $1,500",WEATHER,NOT APPLICABLE,2816,W,CHICAGO AVE,2,NO INDICATION OF INJURY,0.0,0.0,0.0,0.0,0.0,1.0,0.0,20,1,9
ffbebec3dc4429dbf0f2d590ac2b39ee35857b334f82a215231ede61c9567634f8d7493c83a2590da43c0d483d477c1464709280d1927831786532e42737a5cd,2023-12-15 18:30:00,30,TRAFFIC SIGNAL,FUNCTIONING PROPERLY,CLEAR,"DARKNESS, LIGHTED ROAD",REAR END,DIVIDED - W/MEDIAN (NOT RAISED),STRAIGHT AND LEVEL,DRY,NO DEFECTS,NO INJURY / DRIVE AWAY,"OVER $1,500",FAILING TO REDUCE SPEED TO AVOID CRASH,UNABLE TO DETERMINE,5510,W,DEVON AVE,3,NO INDICATION OF INJURY,0.0,0.0,0.0,0.0,0.0,4.0,0.0,18,6,12
25d348752ae077ace38eeec158e0b2d706456d746e05eff66fa00dfccb8d07caf86e271b99c03b64c0aa94a40f717aa8d4a0d20090384790b43d1bf8aa80709c,2022-05-10 15:30:00,20,UNKNOWN,UNKNOWN,UNKNOWN,UNKNOWN,SIDESWIPE SAME DIRECTION,UNKNOWN,STRAIGHT AND LEVEL,UNKNOWN,UNKNOWN,NO INJURY / DRIVE AWAY,"OVER $1,500",UNABLE TO DETERMINE,NOT APPLICABLE,8306,S,ST LAWRENCE AVE,2,NO INDICATION OF INJURY,0.0,0.0,0.0,0.0,0.0,2.0,0.0,15,3,5
7755534a450728f07db0cd1ca3faec63238ad2429dfb032c639365c139e0c81aa393271aaa1cb73c8d2590c87fc8c62faed92b26012a30cda0a68ea6e67832d5,2020-06-17 16:17:00,30,NO CONTROLS,NO CONTROLS,CLEAR,DAYLIGHT,SIDESWIPE OPPOSITE DIRECTION,NOT DIVIDED,STRAIGHT AND LEVEL,DRY,NO DEFECTS,NO INJURY / DRIVE AWAY,"$501 - $1,500",UNABLE TO DETERMINE,NOT APPLICABLE,3030,S,CANAL ST,2,NO INDICATION OF INJURY,0.0,0.0,0.0,0.0,0.0,2.0,0.0,16,4,6