CRASH_RECORD_ID,CRASH_DATE,POSTED_SPEED_LIMIT,TRAFFIC_CONTROL_DEVICE,DEVICE_CONDITION,WEATHER_CONDITION,LIGHTING_CONDITION,FIRST_CRASH_TYPE,TRAFFICWAY_TYPE,ALIGNMENT,ROADWAY_SURFACE_COND,ROAD_DEFECT,CRASH_TYPE,DAMAGE,PRIM_CONTRIBUTORY_CAUSE,SEC_CONTRIBUTORY_CAUSE,STREET_NO,STREET_DIRECTION,STREET_NAME,NUM_UNITS,MOST_SEVERE_INJURY,INJURIES_TOTAL,INJURIES_FATAL,INJURIES_INCAPACITATING,INJURIES_NON_INCAPACITATING,INJURIES_REPORTED_NOT_EVIDENT,INJURIES_NO_INDICATION,INJURIES_UNKNOWN,CRASH_HOUR,CRASH_DAY_OF_WEEK,CRASH_MONTH
d7e794720570cefe1a708da60a76a5e23604556766213bb680de5c2ed857c80168d95376fca5e6f4069f26666bda1fff8c38d89b47b194261851534179ee50c8,2019-03-22 10:10:00,30,NO CONTROLS,NO CONTROLS,CLEAR,DAYLIGHT,SIDESWIPE SAME DIRECTION,NOT DIVIDED,STRAIGHT AND LEVEL,DRY,NO DEFECTS,NO INJURY / DRIVE AWAY,"OVER $1,500",UNABLE TO DETERMINE,UNABLE TO DETERMINE,5208,S,HARPER AVE,2,NO INDICATION OF INJURY,0.0,0.0,0.0,0.0,0.0,2.0,0.0,10,6,3
4995d58ed21d0590a11fd5132337a436caa47764a86f2bc27b18737a5e797b0cb5cee44d9b44a848262aac41f2d0dd8311b35bde39203f2f508d567b6f9d4ce6,2022-09-13 08:40:00,10,NO CONTROLS,NO CONTROLS,RAIN,DAYLIGHT,PARKED MOTOR VEHICLE,ALLEY,STRAIGHT AND LEVEL,WET,NO DEFECTS,NO INJURY / DRIVE AWAY,"OVER $1,500",UNABLE TO DETERMINE,NOT APPLICABLE,2710,N,CLARK ST,2,NO INDICATION OF INJURY,0.0,0.0,0.0,0.0,0.0,1.0,0.0,8,3,9
048cabaeeea8b3bae0768e907db0032079d3fa6d857ab6cba12d57db8b622f9c62aff74875ce94465decc87e8019646bc5dce5bd848c70f9395b959fe77bba52,2019-10-27 10:00:00,30,NO CONTROLS,NO CONTROLS,RAIN,UNKNOWN,PARKED MOTOR VEHICLE,NOT DIVIDED,STRAIGHT AND LEVEL,WET,NO DEFECTS,NO INJURY / DRIVE AWAY,"OVER $1,500",UNABLE TO DETERMINE,UNABLE TO DETERMINE,4426,S,WOOD ST,2,NO INDICATION OF INJURY,0.0,0.0,0.0,0.0,0.0,1.0,0.0,10,1,10
51e09bd59861cdc57e13a4c1766d281f1ed59bc022b9c6022e23b85056351d8f4687957fd1798307d49cc584feb53f1039ccbbb9d891b35ebc2e24b30f15eeb5,2017-09-10 15:30:00,20,NO CONTROLS,NO CONTROLS,CLEAR,DAYLIGHT,PARKED MOTOR VEHICLE,ONE-WAY,STRAIGHT AND LEVEL,DRY,NO DEFECTS,NO INJURY / DRIVE AWAY,"OVER $1,500",EXCEEDING AUTHORIZED SPEED LIMIT,EXCEEDING AUTHORIZED SPEED LIMIT,5434,S,FAIRFIELD AVE,2,NO INDICATION OF INJURY,0.0,0.0,0.0,0.0,0.0,1.0,0.0,15,1,9
3d7d694bc4fdb4c172aadc4c9e467f0567b37a2607b9f87de622d4103586e21927da93755e29c06eee2322719b97b1f3f7334d335ab47fa427c551d16ab1952c,2019-08-20 17:00:00,20,NO CONTROLS,NO CONTROLS,CLEAR,DAYLIGHT,SIDESWIPE SAME DIRECTION,PARKING LOT,STRAIGHT AND LEVEL,WET,NO DEFECTS,NO INJURY / DRIVE AWAY,"$501 - $1,500","OPERATING VEHICLE IN ERRATIC, RECKLESS, CARELESS, NEGLIGENT OR AGGRESSIVE MANNER",UNABLE TO DETERMINE,4400,N,MANNHEIM RD,2,NO INDICATION OF INJURY,0.0,0.0,0.0,0.0,0.0,2.0,0.0,17,3,8
7f4849bd1d5265f7838ce516f10496970668bd6b223e2889bdee78a755fdd81a9784623bd02b7f7d801a64729186703e20a8a173e2d54ca530406a678b30ce8e,2017-08-31 10:30:00,30,TRAFFIC SIGNAL,FUNCTIONING PROPERLY,CLEAR,DAYLIGHT,REAR END,NOT DIVIDED,STRAIGHT AND LEVEL,DRY,NO DEFECTS,INJURY AND / OR TOW DUE TO CRASH,"OVER $1,500",UNDER THE INFLUENCE OF ALCOHOL/DRUGS (USE WHEN ARREST IS EFFECTED),FOLLOWING TOO CLOSELY,5401,W,CHICAGO AVE,2,INCAPACITATING INJURY,2.0,0.0,2.0,0.0,0.0,1.0,0.0,10,5,8
a5ca2b5f16617828bf8f6c8bedf93f55199e115bb7877023192a25755da56b7d1500e56db8783a2d3dffa3b2cc9dfd75b6c0376b147efcbd1df0557ed35a0227,2021-09-23 04:00:00,30,NO CONTROLS,NO CONTROLS,CLEAR,DUSK,SIDESWIPE SAME DIRECTION,NOT DIVIDED,STRAIGHT AND LEVEL,DRY,NO DEFECTS,NO INJURY / DRIVE AWAY,"OVER $1,500",UNABLE TO DETERMINE,NOT APPLICABLE,2400,N,CENTRAL AVE,2,NO INDICATION OF INJURY,0.0,0.0,0.0,0.0,0.0,4.0,0.0,4,5,9
9f382c6359a498d90952bfdb4e6f30f20f72aae3d1ddf5cbb432ad57f5bd97db6ed3ec3cb68f921a27f4669097e824f2f21b7b04c9b76bb58cb8115fc167798f,2019-10-17 11:50:00,30,TRAFFIC SIGNAL,FUNCTIONING PROPERLY,CLEAR,DAYLIGHT,ANGLE,NOT DIVIDED,STRAIGHT AND LEVEL,DRY,NO DEFECTS,NO INJURY / DRIVE AWAY,"OVER $1,500",UNABLE TO DETERMINE,NOT APPLICABLE,5500,S,LAWNDALE AVE,2,NO INDICATION OF INJURY,0.0,0.0,0.0,0.0,0.0,5.0,0.0,11,5,10
d1d506b0b836259a52ccd3293c98bf01cbb6d17afae436c58b126af457d8f8eb469047a146d20408f0f1641dc4ec3d296ce19d3b2b94440b4fe341b1e26b65d4,2019-03-21 07:20:00,35,TRAFFIC SIGNAL,FUNCTIONING PROPERLY,RAIN,DAWN,REAR END,DIVIDED - W/MEDIAN (NOT RAISED),STRAIGHT AND LEVEL,WET,NO DEFECTS,INJURY AND / OR TOW DUE TO CRASH,"OVER $1,500",UNABLE TO DETERMINE,NOT APPLICABLE,1600,W,85TH ST,2,"REPORTED, NOT EVIDENT",1.0,0.0,0.0,0.0,1.0,1.0,0.0,7,5,3
e825fc79cca62c062c21a5aa3c8f7f101fb9af9afbe7fa0acc1a3784bf85ff91a462748c533f795ebad2e1a46ad1cdb546f83c890a698fe5fb7cb8a77d2b4d56,2021-03-26 20:00:00,30,TRAFFIC SIGNAL,FUNCTIONING PROPERLY,RAIN,"DARKNESS, LIGHTED ROAD",PARKED MOTOR VEHICLE,ONE-WAY,STRAIGHT AND LEVEL,WET,NO DEFECTS,NO INJURY / DRIVE AWAY,"OVER $1,500",NOT APPLICABLE,NOT APPLICABLE,676,W,DIVERSEY PKWY,2,NO INDICATION OF INJURY,0.0,0.0,0.0,0.0,0.0,1.0,0.0,20,6,3
4959516af3152ba479a6ec8eccda4f686b59417415159759306b10e223d1153fd02a43ff2196b2208433bbae76f871e89f42922f3f89af554e130a99f9c515e5,2020-10-02 23:12:00,30,NO CONTROLS,NO CONTROLS,CLEAR,"DARKNESS, LIGHTED ROAD",PARKED MOTOR VEHICLE,ONE-WAY,STRAIGHT AND LEVEL,DRY,NO DEFECTS,NO INJURY / DRIVE AWAY,"OVER $1,500",UNABLE TO DETERMINE,UNABLE TO DETERMINE,722,N,SAWYER AVE,4,NO INDICATION OF INJURY,0.0,0.0,0.0,0.0,0.0,1.0,0.0,23,6,10
9ff8ea990d9bfdcf3fa2faa4b4450a60934da47330f054ca7fde4312fd27c64927130f16d655cfa44fa7e8078c18dc649548d4b2c74208d735790e11f254d924,2018-08-06 14:15:00,35,TRAFFIC SIGNAL,FUNCTIONING PROPERLY,UNKNOWN,DAYLIGHT,SIDESWIPE SAME DIRECTION,NOT DIVIDED,STRAIGHT AND LEVEL,UNKNOWN,UNKNOWN,NO INJURY / DRIVE AWAY,"OVER $1,500",FAILING TO YIELD RIGHT-OF-WAY,UNABLE TO DETERMINE,3200,W,NORTH AVE,2,NO INDICATION OF INJURY,0.0,0.0,0.0,0.0,0.0,2.0,0.0,14,2,8
3cb49346763b873dcfe31baa9fb27ed071df2cb05301fb161244bca71fe1340f11a4eb315be7294ae20124a648445107238a4f7fc655945fd3d02a118334e1a7,2021-01-25 21:20:00,30,TRAFFIC SIGNAL,FUNCTIONING PROPERLY,SNOW,"DARKNESS, LIGHTED ROAD",ANGLE,DIVIDED - W/MEDIAN (NOT RAISED),STRAIGHT AND LEVEL,SNOW OR SLUSH,NO DEFECTS,INJURY AND / OR TOW DUE TO CRASH,"OVER $1,500",WEATHER,UNABLE TO DETERMINE,2000,E,87TH ST,2,NO INDICATION OF INJURY,0.0,0.0,0.0,0.0,0.0,5.0,0.0,21,2,1
107a41b1dda3397ff2765edba8b145228090c71c656f79a917ae8d22d4342c745b0200b1d1b65ce85c9e96b70ca8d2044a583bd10ff009ba9ce793d928279705,2019-01-23 10:30:00,20,NO CONTROLS,NO CONTROLS,CLEAR,DAYLIGHT,SIDESWIPE OPPOSITE DIRECTION,NOT DIVIDED,STRAIGHT AND LEVEL,UNKNOWN,UNKNOWN,NO INJURY / DRIVE AWAY,"$501 - $1,500",IMPROPER BACKING,UNABLE TO DETERMINE,1130,S,HOYNE AVE,2,NO INDICATION OF INJURY,0.0,0.0,0.0,0.0,0.0,2.0,0.0,10,4,1
9084cfc51608e86873e2c12e93be8b373f944e7c0b4629f073f7596a3a4b6101c40489fe9dc318cffae7a9c529f39e5de98746219fc79c89a34867646fa11f9f,2021-05-10 15:00:00,20,NO CONTROLS,NO CONTROLS,CLEAR,DAYLIGHT,PARKED MOTOR VEHICLE,ONE-WAY,STRAIGHT AND LEVEL,DRY,NO DEFECTS,NO INJURY / DRIVE AWAY,"OVER $1,500",UNABLE TO DETERMINE,UNABLE TO DETERMINE,7905,S,INGLESIDE AVE,2,NO INDICATION OF INJURY,0.0,0.0,0.0,0.0,0.0,1.0,0.0,15,2,5
646866ee97f8ba507d445628fbaffb2b1cc3513f1500575913643725ad2ba91402c65b047268a4ff08190b0d482518379027d877d5669c61bb825a465712a632,2023-03-04 19:04:00,30,UNKNOWN,UNKNOWN,CLEAR,DARKNESS,REAR END,NOT DIVIDED,STRAIGHT AND LEVEL,UNKNOWN,UNKNOWN,NO INJURY / DRIVE AWAY,"$501 - $1,500",IMPROPER BACKING,UNABLE TO DETERMINE,31,N,WOOD ST,2,NO INDICATION OF INJURY,0.0,0.0,0.0,0.0,0.0,4.0,0.0,19,7,3
491a0b777e2041938cf1dc9b52bf6c534a68148652fa87b0c15298d6fea505431b8e16fc4723800eed3adf32acf10a284923ac8e8bff11bcedc15c9f60a86db4,2023-10-14 22:15:00,30,NO CONTROLS,NOT FUNCTIONING,CLEAR,UNKNOWN,PARKED MOTOR VEHICLE,ONE-WAY,STRAIGHT AND LEVEL,DRY,NO DEFECTS,NO INJURY / DRIVE AWAY,"OVER $1,500",UNABLE TO DETERMINE,NOT APPLICABLE,7450,S,NORMAL AVE,2,NO INDICATION OF INJURY,0.0,0.0,0.0,0.0,0.0,1.0,0.0,22,7,10
23ffee47a72c2346b9b13f840ea3eba39874a9cc2b2fdea143c8c1738030498667a37b566c9d586045b26fecaedc8a5624f0f9f75e11f60dfc7165e5c77e2725,2018-09-19 15:00:00,30,STOP SIGN/FLASHER,FUNCTIONING PROPERLY,CLEAR,DAYLIGHT,SIDESWIPE SAME DIRECTION,DIVIDED - W/MEDIAN (NOT RAISED),STRAIGHT AND LEVEL,DRY,NO DEFECTS,NO INJURY / DRIVE AWAY,"OVER $1,500",IMPROPER OVERTAKING/PASSING,UNABLE TO DETERMINE,2258,S,DAMEN AVE,2,NO INDICATION OF INJURY,0.0,0.0,0.0,0.0,0.0,4.0,0.0,15,4,9
3f4466887572232ed06984b697b7b81503c867f074ce30ae7213d3c17d09dfc402113091ec987211f9ff2713a90df66cc82a81342b85ed337d8fbe4ce3a13aaa,2022-05-22 19:30:00,30,NO CONTROLS,NO CONTROLS,CLEAR,"DARKNESS, LIGHTED ROAD",SIDESWIPE SAME DIRECTION,DIVIDED - W/MEDIAN (NOT RAISED),STRAIGHT AND LEVEL,DRY,NO DEFECTS,NO INJURY / DRIVE AWAY,$500 OR LESS,UNABLE TO DETERMINE,NOT APPLICABLE,75,E,DIVISION ST,2,NO INDICATION OF INJURY,0.0,0.0,0.0,0.0,0.0,2.0,0.0,19,1,5
2c128ae386c0dee7b613f2ca1a2314fe236dd805667d3099add1d52377aab493228da51aa7229b934aa0d197030ec5e706d887951185703b10a34b3d651423e1,2021-08-27 01:30:00,25,NO CONTROLS,NO CONTROLS,CLEAR,DAYLIGHT,REAR END,OTHER,STRAIGHT AND LEVEL,DRY,NO DEFECTS,NO INJURY / DRIVE AWAY,$500 OR LESS,UNABLE TO DETERMINE,UNABLE TO DETERMINE,9942,S,TORRENCE AVE,2,NO INDICATION OF INJURY,0.0,0.0,0.0,0.0,0.0,2.0,0.0,1,6,8
69339c17bccbea6bb26debd91093ac22032efb19ba7ef1e2e3914648da09807806ad60c8ceb8bba9b7b00f3f250f37fb0f493dc3c27254a6c6c6276ef62aaa52,2017-06-10 21:00:00,30,TRAFFIC SIGNAL,FUNCTIONING PROPERLY,CLEAR,"DARKNESS, LIGHTED ROAD",SIDESWIPE SAME DIRECTION,DIVIDED - W/MEDIAN (NOT RAISED),STRAIGHT AND LEVEL,DRY,NO DEFECTS,NO INJURY / DRIVE AWAY,"OVER $1,500",UNABLE TO DETERMINE,NOT APPLICABLE,20,N,LARAMIE AVE,2,NO INDICATION OF INJURY,0.0,0.0,0.0,0.0,0.0,2.0,0.0,21,7,6
f8ca8d990c3d733b9faeef0e9baff3aaadfb37a0e50147914e61e8fbeabedbaf8a10b18ddb1531f93ed5b7519db1551f5b5b2907062f99bd5b3f204a746d7e31,2018-06-09 00:37:00,30,NO CONTROLS,NO CONTROLS,CLEAR,"DARKNESS, LIGHTED ROAD",PEDESTRIAN,OTHER,STRAIGHT AND LEVEL,DRY,OTHER,INJURY AND / OR TOW DUE TO CRASH,$500 OR LESS,UNABLE TO DETERMINE,UNABLE TO DETERMINE,7853,S,ESSEX AVE,2,NONINCAPACITATING INJURY,1.0,0.0,0.0,1.0,0.0,1.0,0.0,0,7,6
056c2a2752c0b4fbf4fb50b3a34d431a6ae79461dfdfda32cf36f8b05e53a4c6b46b8881f7da7222c873ac2f185f6d52fc884de28c7023983a547de7e094afd7,2021-07-28 15:30:00,15,NO CONTROLS,NO CONTROLS,CLEAR,DAYLIGHT,REAR TO SIDE,PARKING LOT,STRAIGHT AND LEVEL,DRY,NO DEFECTS,NO INJURY / DRIVE AWAY,"OVER $1,500",FAILING TO YIELD RIGHT-OF-WAY,UNABLE TO DETERMINE,1926,W,35TH ST,2,NO INDICATION OF INJURY,0.0,0.0,0.0,0.0,0.0,2.0,0.0,15,4,7
9fc0d3032b5f9988077a74083d24153956497fee49ec77a7bca6665f4f377f1ea6882fe3f9379254b8e48ec33d57da6c173c5ada40ed78c41ab59a017793ac39,2018-05-03 12:50:00,30,NO CONTROLS,NO CONTROLS,CLEAR,DAYLIGHT,FIXED OBJECT,DIVIDED - W/MEDIAN (NOT RAISED),STRAIGHT AND LEVEL,DRY,NO DEFECTS,NO INJURY / DRIVE AWAY,"OVER $1,500",UNABLE TO DETERMINE,UNABLE TO DETERMINE,357,W,31ST ST,1,NO INDICATION OF INJURY,0.0,0.0,0.0,0.0,0.0,1.0,0.0,12,5,5
6e62f4ab217677776f052651db8ae3bc655c62444417509f58b65f7a18b4193a510449e064bea3f85f55b28ba90690306c710b84a985bdca81c93e64598cfb9c,2021-07-14 20:00:00,30,TRAFFIC SIGNAL,FUNCTIONING PROPERLY,CLEAR,DUSK,TURNING,NOT DIVIDED,STRAIGHT AND LEVEL,DRY,NO DEFECTS,INJURY AND / OR TOW DUE TO CRASH,"OVER $1,500",UNABLE TO DETERMINE,UNABLE TO DETERMINE,4400,W,FULLERTON AVE,2,NO INDICATION OF INJURY,0.0,0.0,0.0,0.0,0.0,6.0,0.0,20,4,7
2e4bc1d3f04419b81935fb6f2d881ed443a81b63d2eb8dca7ce135e4d47b0a3cc2c38bf63da1e472b8ba1688f878237b208b7e5ca75049f94ba0b32cdcd927d8,2019-11-22 13:58:00,30,TRAFFIC SIGNAL,FUNCTIONING PROPERLY,CLEAR,DAYLIGHT,TURNING,FOUR WAY,STRAIGHT AND LEVEL,DRY,NO DEFECTS,INJURY AND / OR TOW DUE TO CRASH,"OVER $1,500",FAILING TO YIELD RIGHT-OF-WAY,PHYSICAL CONDITION OF DRIVER,11459,S,HALSTED ST,2,NO INDICATION OF INJURY,0.0,0.0,0.0,0.0,0.0,3.0,0.0,13,6,11
968108b97cfc5dd4eb5520c3b1f64db9a5f5df85a6defae9f7b257fa8a28435236df923af685e4ac46a093b5d9ed9f29e8a418620431f4a5859cf0a76f5ec857,2022-07-12 10:39:00,30,TRAFFIC SIGNAL,FUNCTIONING PROPERLY,CLEAR,DAYLIGHT,TURNING,FOUR WAY,STRAIGHT AND LEVEL,DRY,UNKNOWN,INJURY AND / OR TOW DUE TO CRASH,"$501 - $1,500",IMPROPER TURNING/NO SIGNAL,NOT APPLICABLE,1600,E,79TH ST,2,NO INDICATION OF INJURY,0.0,0.0,0.0,0.0,0.0,2.0,0.0,10,3,7
30f76eca129fb567ef17ba7a1d28186ee2c4b1fb78e03337ced8ca53315771fabfe9234dc3cb3411012d388efc9810232eb72dcc9149ea911550a28d4c72f9f6,2017-11-16 07:30:00,30,TRAFFIC SIGNAL,FUNCTIONING PROPERLY,CLEAR,DAYLIGHT,PEDESTRIAN,NOT DIVIDED,STRAIGHT AND LEVEL,DRY,NO DEFECTS,INJURY AND / OR TOW DUE TO CRASH,"OVER $1,500",FAILING TO YIELD RIGHT-OF-WAY,UNABLE TO DETERMINE,3435,N,BROADWAY,2,"REPORTED, NOT EVIDENT",1.0,0.0,0.0,0.0,1.0,1.0,0.0,7,5,11
a5a61618d6c7573edc8068ab82ee8214de5b1cf73076b960db8489e5ec67d983de18a2992b413318af085cbd222e379327644b3634b2c860afcefc43314293a2,2019-12-20 18:10:00,35,NO CONTROLS,NO CONTROLS,CLEAR,DARKNESS,ANIMAL,DIVIDED - W/MEDIAN BARRIER,STRAIGHT AND LEVEL,DRY,NO DEFECTS,NO INJURY / DRIVE AWAY,"$501 - $1,500",NOT APPLICABLE,NOT APPLICABLE,12400,S,AVENUE O,1,NO INDICATION OF INJURY,0.0,0.0,0.0,0.0,0.0,1.0,0.0,18,6,12
9e0ccdeede52ee71f8f330aaa7c8bba8ed3860dce0f71b6dffc16aaae76f3b6d15292445b7f0cc3a209e9803d291cd54181dca38ccee9702e8219ae2ecf684f8,2019-03-13 11:10:00,30,TRAFFIC SIGNAL,FUNCTIONING PROPERLY,RAIN,DAYLIGHT,TURNING,NOT DIVIDED,STRAIGHT AND LEVEL,WET,NO DEFECTS,NO INJURY / DRIVE AWAY,"$501 - $1,500",FAILING TO YIELD RIGHT-OF-WAY,NOT APPLICABLE,1500,S,CALIFORNIA BLVD,2,NO INDICATION OF INJURY,0.0,0.0,0.0,0.0,0.0,2.0,0.0,11,4,3
f31a8ce9e2d8e29cd1241d38b7c2e1ba9638e2f86a1c45ee6d0262b362d7a0e5d204ee9ae3f1be25cf1919af0724fe7b57fdad499d6f3422128203bc256c86df,2020-05-21 13:00:00,30,NO CONTROLS,NO CONTROLS,CLEAR,DAYLIGHT,SIDESWIPE SAME DIRECTION,NOT DIVIDED,STRAIGHT AND LEVEL,DRY,NO DEFECTS,NO INJURY / DRIVE AWAY,"$501 - $1,500",UNABLE TO DETERMINE,UNABLE TO DETERMINE,3400,W,PETERSON AVE,2,NO INDICATION OF INJURY,0.0,0.0,0.0,0.0,0.0,2.0,0.0,13,5,5
7d495ee05cb9faac764a9296634f73db7ab182e2f982fde0b18755e0016a335b6027cab5ebce59533ad551c21c5bf51a60a45e4314bd0c8b4306b5a922946cc9,2016-06-26 15:40:00,30,STOP SIGN/FLASHER,FUNCTIONING PROPERLY,CLEAR,DAYLIGHT,ANGLE,ONE-WAY,STRAIGHT AND LEVEL,DRY,NO DEFECTS,NO INJURY / DRIVE AWAY,"$501 - $1,500",UNABLE TO DETERMINE,UNABLE TO DETERMINE,5700,W,AUGUSTA BLVD,2,NO INDICATION OF INJURY,0.0,0.0,0.0,0.0,0.0,2.0,0.0,15,1,6
370d5851b49858881877f51c00a27b60cb63d97575c98fb2d444d8c8b76f8dccdee658f241fc9e869a9e4da2c4793dcf3db0afe466afa9f079c241274139c0a3,2023-07-17 12:30:00,15,NO CONTROLS,NO CONTROLS,CLEAR,DAYLIGHT,PARKED MOTOR VEHICLE,PARKING LOT,STRAIGHT AND LEVEL,DRY,NO DEFECTS,NO INJURY / DRIVE AWAY,"OVER $1,500",NOT APPLICABLE,NOT APPLICABLE,2706,W,51ST ST,2,NO INDICATION OF INJURY,0.0,0.0,0.0,0.0,0.0,1.0,0.0,12,2,7
37df73edef75d4c2401df2e9ad0cf8ddaa9ab35ac225df3d88244d0dc615f4b93ca52e1b6537a7afc586578eb9cfa2f8196831287f47a357cad12e0fcde24acb,2018-08-09 23:59:00,30,NO CONTROLS,NO CONTROLS,CLEAR,DARKNESS,PARKED MOTOR VEHICLE,ONE-WAY,STRAIGHT AND LEVEL,DRY,NO DEFECTS,NO INJURY / DRIVE AWAY,"OVER $1,500",UNABLE TO DETERMINE,NOT APPLICABLE,3508,N,SACRAMENTO AVE,2,NO INDICATION OF INJURY,0.0,0.0,0.0,0.0,0.0,1.0,0.0,23,5,8
90368221ff70a528effd4bb5f98fe54df27c40ed8f2a346f40066237255d4c89739b20d217e84d2ac3d8c031d77c30fec489b69f89c9ea679150cf36b5f60099,2018-06-17 11:10:00,30,NO CONTROLS,NO CONTROLS,CLEAR,DAYLIGHT,SIDESWIPE SAME DIRECTION,NOT DIVIDED,STRAIGHT AND LEVEL,DRY,NO DEFECTS,NO INJURY / DRIVE AWAY,"$501 - $1,500",UNABLE TO DETERMINE,DRIVING SKILLS/KNOWLEDGE/EXPERIENCE,6016,W,63RD ST,2,NO INDICATION OF INJURY,0.0,0.0,0.0,0.0,0.0,3.0,0.0,11,1,6
cc36cbb534b0cc78c1dd2ed3c53d46fe0fe34703e2cf0703d0e72750cdda13bf4cd7c9f15105cfd0eeb0db217dcfbeac154be4bd6ea099e127df6b38c5232e94,2023-11-15 15:39:00,30,TRAFFIC SIGNAL,FUNCTIONING PROPERLY,CLEAR,DAWN,PEDESTRIAN,T-INTERSECTION,STRAIGHT AND LEVEL,DRY,NO DEFECTS,INJURY AND / OR TOW DUE TO CRASH,$500 OR LESS,FAILING TO YIELD RIGHT-OF-WAY,"VISION OBSCURED (SIGNS, TREE LIMBS, BUILDINGS, ETC.)",3198,W,PRATT BLVD,2,NONINCAPACITATING INJURY,1.0,0.0,0.0,1.0,0.0,1.0,0.0,15,4,11
2f1e8ccc98228aa323c2cf634eec231ae327c978f6d9dc08e3100ae3c9965e93deeb6bac0f07bf858aaab670792da4ace406bc9d1cbb00f25a6e2964885fa3b1,2023-06-05 10:10:00,30,TRAFFIC SIGNAL,FUNCTIONING PROPERLY,CLEAR,DAYLIGHT,TURNING,ONE-WAY,STRAIGHT AND LEVEL,DRY,NO DEFECTS,NO INJURY / DRIVE AWAY,"OVER $1,500",IMPROPER TURNING/NO SIGNAL,FAILING TO YIELD RIGHT-OF-WAY,500,W,WASHINGTON BLVD,2,NO INDICATION OF INJURY,0.0,0.0,0.0,0.0,0.0,3.0,0.0,10,2,6
6eaa47f75d716d70aea9093ad3f0a5920af718f9b3a600589cf4014e8f1470fdb04c31c1a6e0eccbe65edda86132c83a0406c8d1f09d9cac1c32706fcf80f1a0,2019-07-20 18:00:00,30,STOP SIGN/FLASHER,NO CONTROLS,CLEAR,DAYLIGHT,REAR END,NOT DIVIDED,STRAIGHT AND LEVEL,WET,NO DEFECTS,NO INJURY / DRIVE AWAY,"$501 - $1,500",FOLLOWING TOO CLOSELY,NOT APPLICABLE,2600,W,ARMITAGE AVE,2,NO INDICATION OF INJURY,0.0,0.0,0.0,0.0,0.0,2.0,0.0,18,7,7
101fe2606723f94b25c93b756e6584722fa45f1907679da83bc2e389d4d52546dde5564eb4ad6a618cab6f5149a1f567bc9ced38f7f2a7d71e5ab19e0aa374a4,2023-11-22 21:00:00,30,RR CROSSING SIGN,UNKNOWN,UNKNOWN,UNKNOWN,PARKED MOTOR VEHICLE,ONE-WAY,STRAIGHT AND LEVEL,UNKNOWN,UNKNOWN,NO INJURY / DRIVE AWAY,"$501 - $1,500",UNABLE TO DETERMINE,NOT APPLICABLE,5701,S,KENTON AVE,2,NO INDICATION OF INJURY,0.0,0.0,0.0,0.0,0.0,1.0,0.0,21,4,11
8ac53d899b88e3f53a3495618566c552fe4c62321c95a98f21e9a7fc1164f4cfee66ae5fbb9198e48754e2dff5206a6eb3c9db8d3958649d163adea5be55ef47,2017-03-18 13:15:00,30,NO CONTROLS,NO CONTROLS,CLEAR,DAYLIGHT,REAR END,DIVIDED - W/MEDIAN (NOT RAISED),STRAIGHT AND LEVEL,DRY,NO DEFECTS,NO INJURY / DRIVE AWAY,"OVER $1,500",UNABLE TO DETERMINE,NOT APPLICABLE,1230,W,CORTLAND ST,2,NO INDICATION OF INJURY,0.0,0.0,0.0,0.0,0.0,2.0,0.0,13,7,3
e6795c7f2296b0a8ea931b7cc1f0e1358d433297ac537cd46c58ebcb50bc254c76cfbb41aa2ee19c16321a6156383a06211db228b12bb9328d5b47b7547c4ad6,2018-02-20 09:15:00,30,NO CONTROLS,NO CONTROLS,CLOUDY/OVERCAST,DAYLIGHT,SIDESWIPE SAME DIRECTION,NOT DIVIDED,STRAIGHT AND LEVEL,WET,NO DEFECTS,NO INJURY / DRIVE AWAY,"$501 - $1,500",UNABLE TO DETERMINE,NOT APPLICABLE,1650,W,ARMITAGE AVE,2,NO INDICATION OF INJURY,0.0,0.0,0.0,0.0,0.0,2.0,0.0,9,3,2
444135b02ba559c8085229e2cfe1b7351654e4d3bbce6d9c0abd56b7684181b2c79de5a83812f027109c6a6fe72563f7ee629d0cee16fc767eaad1391652dcd3,2019-11-14 17:50:00,30,NO CONTROLS,NO CONTROLS,CLEAR,DARKNESS,SIDESWIPE SAME DIRECTION,ONE-WAY,STRAIGHT AND LEVEL,ICE,NO DEFECTS,NO INJURY / DRIVE AWAY,"$501 - $1,500",UNABLE TO DETERMINE,NOT APPLICABLE,2120,S,JEFFERSON ST,2,NO INDICATION OF INJURY,0.0,0.0,0.0,0.0,0.0,2.0,0.0,17,5,11
dbdb810d52a9a2efb9895cef720492f10aafb4bdcf6d8e5074ca49bbbc25c75648c80f68fe502715b2928430f44adbc27d7cc0b8fd2855ea29ae8669c5f0570e,2019-07-25 17:25:00,30,STOP SIGN/FLASHER,NO CONTROLS,CLEAR,DAYLIGHT,REAR END,FOUR WAY,STRAIGHT AND LEVEL,DRY,NO DEFECTS,NO INJURY / DRIVE AWAY,"$501 - $1,500",DISREGARDING STOP SIGN,NOT APPLICABLE,827,W,RANDOLPH ST,2,NO INDICATION OF INJURY,0.0,0.0,0.0,0.0,0.0,4.0,0.0,17,5,7