CRASH_RECORD_ID,CRASH_DATE,POSTED_SPEED_LIMIT,TRAFFIC_CONTROL_DEVICE,DEVICE_CONDITION,WEATHER_CONDITION,LIGHTING_CONDITION,FIRST_CRASH_TYPE,TRAFFICWAY_TYPE,ALIGNMENT,ROADWAY_SURFACE_COND,ROAD_DEFECT,CRASH_TYPE,DAMAGE,PRIM_CONTRIBUTORY_CAUSE,SEC_CONTRIBUTORY_CAUSE,STREET_NO,STREET_DIRECTION,STREET_NAME,NUM_UNITS,MOST_SEVERE_INJURY,INJURIES_TOTAL,INJURIES_FATAL,INJURIES_INCAPACITATING,INJURIES_NON_INCAPACITATING,INJURIES_REPORTED_NOT_EVIDENT,INJURIES_NO_INDICATION,INJURIES_UNKNOWN,CRASH_HOUR,CRASH_DAY_OF_WEEK,CRASH_MONTH
121c515d2cdfc95cbcee57e71780adebf49ae4b419aaad673005a92485191c2749fe103a96b6a1ecefae79a64be0c10f6d3e50b4c74e985471f3873164e49714,2019-08-20 12:30:00,30,TRAFFIC SIGNAL,UNKNOWN,RAIN,DAYLIGHT,SIDESWIPE SAME DIRECTION,NOT DIVIDED,STRAIGHT AND LEVEL,WET,UNKNOWN,NO INJURY / DRIVE AWAY,"OVER $1,500",IMPROPER OVERTAKING/PASSING,NOT APPLICABLE,3454,W,FOSTER AVE,2,NO INDICATION OF INJURY,0.0,0.0,0.0,0.0,0.0,3.0,0.0,12,3,8
2001d7a20dc4505854d8e0304e35aa18e221a434ebb5aad37caf7f5c8c3b4434def2fe56957d94d562bde3705d7dca70edb3c9c83e49d599022d57a1bf7aab18,2020-02-08 11:40:00,30,STOP SIGN/FLASHER,NO CONTROLS,CLEAR,DAYLIGHT,ANGLE,DIVIDED - W/MEDIAN (NOT RAISED),STRAIGHT AND LEVEL,DRY,UNKNOWN,INJURY AND / OR TOW DUE TO CRASH,"OVER $1,500",DISREGARDING STOP SIGN,NOT APPLICABLE,12501,S,STATE ST,2,NO INDICATION OF INJURY,0.0,0.0,0.0,0.0,0.0,2.0,0.0,11,7,2
ba3f3ee98c21b140cd7c8081efcb45edb05f886625304f780677dfd446d2e20f56acce02e8f0743cc8b8918ad207deca779200e641b3611aac524aa806003b99,2019-11-12 08:20:00,35,STOP SIGN/FLASHER,UNKNOWN,SNOW,DAYLIGHT,REAR END,ONE-WAY,STRAIGHT AND LEVEL,UNKNOWN,UNKNOWN,NO INJURY / DRIVE AWAY,"OVER $1,500",UNABLE TO DETERMINE,NOT APPLICABLE,753,W,BUCKINGHAM PL,2,NO INDICATION OF INJURY,0.0,0.0,0.0,0.0,0.0,3.0,0.0,8,3,11
6816ad976c5c6f5c98c9a209e275a8949a9f0c500a6c5e171c89b369de5c1d97913d76f4b18d140151e9e7278d8618521f4061dd7403fa0b6fea856424538977,2019-12-17 07:41:00,30,NO CONTROLS,NO CONTROLS,CLEAR,DAYLIGHT,REAR END,DIVIDED - W/MEDIAN (NOT RAISED),STRAIGHT AND LEVEL,DRY,NO DEFECTS,INJURY AND / OR TOW DUE TO CRASH,"OVER $1,500",FAILING TO YIELD RIGHT-OF-WAY,FOLLOWING TOO CLOSELY,4071,N,OAK PARK AVE,2,"REPORTED, NOT EVIDENT",1.0,0.0,0.0,0.0,1.0,2.0,0.0,7,3,12
df97740b5a47eb50e4fc3dcb5b08d0e327e095b9766f081de2efc82b3be9cfbb7c25a53bb66faf75196832ca38dd543ec236f50d7d72ae68a182071a66975e90,2018-01-08 21:06:00,30,TRAFFIC SIGNAL,FUNCTIONING PROPERLY,OTHER,"DARKNESS, LIGHTED ROAD",ANGLE,NOT DIVIDED,STRAIGHT AND LEVEL,WET,NO DEFECTS,NO INJURY / DRIVE AWAY,"$501 - $1,500",IMPROPER OVERTAKING/PASSING,FAILING TO YIELD RIGHT-OF-WAY,1108,W,FULLERTON AVE,2,NO INDICATION OF INJURY,0.0,0.0,0.0,0.0,0.0,2.0,0.0,21,2,1
d10daa80e403e89ccde4d736372eb3c0b4bc97a1402674bdbbde1194d8b8ab89d9ae436af0f385abb2b94ce9428dfbc2a44cfd5f54cbbd1799a8692636ac9864,2019-04-11 10:20:00,30,STOP SIGN/FLASHER,FUNCTIONING PROPERLY,CLEAR,DAYLIGHT,ANGLE,NOT DIVIDED,STRAIGHT AND LEVEL,DRY,NO DEFECTS,NO INJURY / DRIVE AWAY,"OVER $1,500",FAILING TO YIELD RIGHT-OF-WAY,FAILING TO YIELD RIGHT-OF-WAY,727,N,WESTERN AVE,2,NO INDICATION OF INJURY,0.0,0.0,0.0,0.0,0.0,2.0,0.0,10,5,4
fe6289c3cdb93c0b64218d08298e08234258d06a05f02ba5a28d41910a3a3f867b7cb52721b4343443cd2ee36a154af5fc74b5345fc1a0b7ce3f660489456bb2,2022-04-23 04:15:00,30,TRAFFIC SIGNAL,FUNCTIONING PROPERLY,CLEAR,"DARKNESS, LIGHTED ROAD",REAR END,NOT DIVIDED,STRAIGHT AND LEVEL,DRY,NO DEFECTS,NO INJURY / DRIVE AWAY,"$501 - $1,500",FAILING TO YIELD RIGHT-OF-WAY,NOT APPLICABLE,4200,N,PULASKI RD,2,NO INDICATION OF INJURY,0.0,0.0,0.0,0.0,0.0,2.0,0.0,4,7,4
2b58cf433d7e23f99a7cb11ef8b7e9c423b52f79aa7d41e238bdc749bfc473dedc904273b241d7f21a572fb0895686205763418fb682bdc7f622104adffcf698,2024-01-19 18:25:00,30,TRAFFIC SIGNAL,FUNCTIONING PROPERLY,SNOW,"DARKNESS, LIGHTED ROAD",TURNING,NOT DIVIDED,STRAIGHT AND LEVEL,WET,NO DEFECTS,INJURY AND / OR TOW DUE TO CRASH,"OVER $1,500",IMPROPER TURNING/NO SIGNAL,NOT APPLICABLE,3201,W,MARQUETTE RD,2,NONINCAPACITATING INJURY,2.0,0.0,0.0,2.0,0.0,1.0,0.0,18,6,1
646002cf88f30ab58ef92aeeff008c408dfa0604cde6316c61305a41309c9473ae1ba3c290a680439c0ad72e280094079e5667eea599412653b496976b43d040,2020-01-17 18:00:00,30,NO CONTROLS,NO CONTROLS,SNOW,DARKNESS,REAR END,ONE-WAY,STRAIGHT AND LEVEL,SNOW OR SLUSH,NO DEFECTS,NO INJURY / DRIVE AWAY,"$501 - $1,500",IMPROPER LANE USAGE,NOT APPLICABLE,1354,W,WASHINGTON BLVD,2,NO INDICATION OF INJURY,0.0,0.0,0.0,0.0,0.0,3.0,0.0,18,6,1
7d5ea5cbfabd7fdec126f62cbd17070c446258769d45dd95d7c581953e22e47122cca3a87c4e017525a97e07d9849a6296ad150522b311e01a588bcb12b28416,2019-10-03 08:40:00,30,NO CONTROLS,NO CONTROLS,CLEAR,DAYLIGHT,SIDESWIPE SAME DIRECTION,DIVIDED - W/MEDIAN (NOT RAISED),CURVE ON GRADE,DRY,NO DEFECTS,INJURY AND / OR TOW DUE TO CRASH,"OVER $1,500",UNABLE TO DETERMINE,NOT APPLICABLE,2751,S,DAMEN AVE,2,NO INDICATION OF INJURY,0.0,0.0,0.0,0.0,0.0,2.0,0.0,8,5,10
c7d2b1ec5c684d08ea6328a6ff516f2d429f73a8fb69f6321d41508f39267285747c50da17bbedcff3b844ddfdfaa11b8efed478c3a8d0449ea30a8d7e020734,2022-06-06 21:13:00,25,NO CONTROLS,NO CONTROLS,RAIN,"DARKNESS, LIGHTED ROAD",PARKED MOTOR VEHICLE,NOT DIVIDED,STRAIGHT AND LEVEL,WET,NO DEFECTS,INJURY AND / OR TOW DUE TO CRASH,"OVER $1,500",EQUIPMENT - VEHICLE CONDITION,UNABLE TO DETERMINE,10640,S,DR MARTIN LUTHER KING JR DR,2,NO INDICATION OF INJURY,0.0,0.0,0.0,0.0,0.0,2.0,0.0,21,2,6
6b3b689ec5b1d04a4361c93bf628a9b889a5c801d4af11eb31cae9f28c957cdc858bba2f92842c248559bb35ed87728c63013edf1b6db089ef8691b52b387d67,2018-01-10 15:30:00,30,TRAFFIC SIGNAL,FUNCTIONING PROPERLY,CLEAR,DAYLIGHT,REAR END,NOT DIVIDED,STRAIGHT AND LEVEL,WET,NO DEFECTS,NO INJURY / DRIVE AWAY,"OVER $1,500",DRIVING SKILLS/KNOWLEDGE/EXPERIENCE,NOT APPLICABLE,1549,N,CICERO AVE,2,NO INDICATION OF INJURY,0.0,0.0,0.0,0.0,0.0,2.0,0.0,15,4,1
437392a88c01a6ed20b7abb2cbe2a3d1556c9ee17d2b27116136cb250a9ed1f36bcdc000ba3e43b2fa7ce913b55b69994f959843051a39faad43e22583f4c308,2021-12-10 15:00:00,30,STOP SIGN/FLASHER,FUNCTIONING PROPERLY,RAIN,DUSK,ANGLE,NOT DIVIDED,STRAIGHT AND LEVEL,WET,NO DEFECTS,INJURY AND / OR TOW DUE TO CRASH,"OVER $1,500",FAILING TO YIELD RIGHT-OF-WAY,UNABLE TO DETERMINE,8100,S,ESSEX AVE,2,NO INDICATION OF INJURY,0.0,0.0,0.0,0.0,0.0,2.0,0.0,15,6,12
591cf7e6520f28bcd9435c990eda71e860e1d1f859d873b2dd17aee50bee6b5a7e453e7f3d1d74fa430ee678ba1043cfff149ccdacf5486a3d314edc2701f578,2024-01-18 09:15:00,35,TRAFFIC SIGNAL,FUNCTIONING PROPERLY,CLEAR,DAYLIGHT,SIDESWIPE SAME DIRECTION,UNKNOWN,STRAIGHT AND LEVEL,UNKNOWN,UNKNOWN,NO INJURY / DRIVE AWAY,"$501 - $1,500",UNABLE TO DETERMINE,UNABLE TO DETERMINE,4700,S,WENTWORTH AVE,2,NO INDICATION OF INJURY,0.0,0.0,0.0,0.0,0.0,2.0,0.0,9,5,1
4c156486abcbd5dc8bcadabe372f857878099610ca05271cefc56cea80a592f8345acf4a179c651e8a31d5e2657327bbfac3e7a9473016a216c97deecd74be02,2021-09-06 17:20:00,30,NO CONTROLS,NO CONTROLS,CLEAR,DAYLIGHT,REAR END,NOT DIVIDED,STRAIGHT AND LEVEL,UNKNOWN,UNKNOWN,NO INJURY / DRIVE AWAY,"OVER $1,500",UNABLE TO DETERMINE,NOT APPLICABLE,4000,W,IRVING PARK RD,2,NO INDICATION OF INJURY,0.0,0.0,0.0,0.0,0.0,2.0,0.0,17,2,9
fd2bf0d32ea484f887fe076fc0476930e5d651cd0e59da077c1d1ec3657265e2f0645b5f636f36d0a588e9b1796217366e918ca4bd8797c3bb1b72160dbf870d,2021-04-17 12:00:00,30,TRAFFIC SIGNAL,FUNCTIONING PROPERLY,CLEAR,DAYLIGHT,REAR END,DIVIDED - W/MEDIAN (NOT RAISED),STRAIGHT AND LEVEL,DRY,NO DEFECTS,INJURY AND / OR TOW DUE TO CRASH,"$501 - $1,500",FAILING TO REDUCE SPEED TO AVOID CRASH,UNABLE TO DETERMINE,28,E,87TH ST,2,"REPORTED, NOT EVIDENT",3.0,0.0,0.0,0.0,3.0,2.0,0.0,12,7,4
9eaeb929e1d7718ffe432680d6f260251e8c3667b847dfdca6a64e5ebfd54140791ee4b30031e8852e55fb3ef62c3eb4275266b9eb1b0d0f6875742c4479c34b,2017-08-24 07:10:00,30,TRAFFIC SIGNAL,FUNCTIONING PROPERLY,CLEAR,DAYLIGHT,TURNING,ONE-WAY,STRAIGHT AND LEVEL,DRY,NO DEFECTS,INJURY AND / OR TOW DUE TO CRASH,"OVER $1,500",FAILING TO YIELD RIGHT-OF-WAY,NOT APPLICABLE,500,W,MADISON ST,2,NO INDICATION OF INJURY,0.0,0.0,0.0,0.0,0.0,2.0,0.0,7,5,8
84dee7a1985e62ebc0fce449543b691b41385905a4ee73415dea228d79011e7db652ed67150ca3e1cb788030624e8ffb2c5386181e111041b7a583888954994c,2023-04-12 13:40:00,25,NO CONTROLS,NO CONTROLS,UNKNOWN,UNKNOWN,PARKED MOTOR VEHICLE,NOT DIVIDED,STRAIGHT AND LEVEL,UNKNOWN,UNKNOWN,NO INJURY / DRIVE AWAY,"OVER $1,500",UNABLE TO DETERMINE,NOT APPLICABLE,954,N,CENTRAL PARK AVE,2,NO INDICATION OF INJURY,0.0,0.0,0.0,0.0,0.0,1.0,0.0,13,4,4
9147fe6a03ccfe982193df15ab9affbc68d5ede1b2997fd72fb865851b9b11f20d087009342ec45667f58afc71ce862120dd319ae173a3f3ed780f62e2775f19,2023-02-01 17:54:00,30,NO CONTROLS,NO CONTROLS,CLEAR,DARKNESS,SIDESWIPE OPPOSITE DIRECTION,OTHER,STRAIGHT AND LEVEL,DRY,NO DEFECTS,NO INJURY / DRIVE AWAY,"OVER $1,500",NOT APPLICABLE,NOT APPLICABLE,4404,W,BERTEAU AVE,2,NO INDICATION OF INJURY,0.0,0.0,0.0,0.0,0.0,2.0,0.0,17,4,2
bab46f92f95547b82782e80f62e2650f13a46c29c29575ed8e931575e89814ff13c5ef3e0ced55c448732c8a37e74ff902fab145334d04ce4221b175b378ed0d,2020-07-07 21:30:00,30,NO CONTROLS,NO CONTROLS,RAIN,DARKNESS,REAR END,OTHER,STRAIGHT ON HILLCREST,WET,NO DEFECTS,NO INJURY / DRIVE AWAY,"OVER $1,500",WEATHER,NOT APPLICABLE,750,E,MIDWAY PLAISANCE,2,NO INDICATION OF INJURY,0.0,0.0,0.0,0.0,0.0,3.0,0.0,21,3,7
bf3d8a3e2634f6d0b286c368996ed541bb7e624ee877e7d97b2abdee0d48732fe43c62598f35569145d7c66f2e12934ef62a2534b355a9af9afe0070588b988d,2018-07-17 19:00:00,30,NO CONTROLS,NO CONTROLS,CLEAR,DAYLIGHT,PARKED MOTOR VEHICLE,NOT DIVIDED,STRAIGHT AND LEVEL,DRY,NO DEFECTS,NO INJURY / DRIVE AWAY,"OVER $1,500",UNABLE TO DETERMINE,UNABLE TO DETERMINE,5550,S,SHORE DR,2,NO INDICATION OF INJURY,0.0,0.0,0.0,0.0,0.0,1.0,0.0,19,3,7
7008476d9752e732efc0bb574359850efa4cb18ff5b5ff5a93ab6608ebd5c167e55d5f728fa56fe66566c78de0e91454a06af6cc156d94a2a8c72635cb48ded5,2022-11-14 20:37:00,30,TRAFFIC SIGNAL,FUNCTIONING PROPERLY,CLEAR,"DARKNESS, LIGHTED ROAD",TURNING,FOUR WAY,STRAIGHT AND LEVEL,DRY,NO DEFECTS,INJURY AND / OR TOW DUE TO CRASH,"OVER $1,500",FAILING TO REDUCE SPEED TO AVOID CRASH,IMPROPER LANE USAGE,6800,N,SHERIDAN RD,3,NO INDICATION OF INJURY,0.0,0.0,0.0,0.0,0.0,3.0,0.0,20,2,11
0017341a6fbc8e88ea294396bc7d85cf27f750e1ad80220c4fdac35c52144990f7c90b0dace67d8aa0566812a9c1db268d61378659616e0631e8845de8d063e5,2019-11-23 13:50:00,25,NO CONTROLS,NO CONTROLS,CLEAR,DAYLIGHT,TURNING,ONE-WAY,STRAIGHT AND LEVEL,DRY,NO DEFECTS,NO INJURY / DRIVE AWAY,"OVER $1,500",IMPROPER TURNING/NO SIGNAL,NOT APPLICABLE,922,W,ROSCOE ST,2,NO INDICATION OF INJURY,0.0,0.0,0.0,0.0,0.0,3.0,0.0,13,7,11
c505dc5fb28c4f43bceb38b4816e848c9f229760e197f939453a13c632f183566a9882aba3ba3ad3c878dcf59b782221a4224a4072678deae5b8e5e27c49037f,2023-11-30 21:56:00,30,NO CONTROLS,NO CONTROLS,CLEAR,"DARKNESS, LIGHTED ROAD",PARKED MOTOR VEHICLE,ALLEY,STRAIGHT AND LEVEL,DRY,NO DEFECTS,INJURY AND / OR TOW DUE TO CRASH,"OVER $1,500","OPERATING VEHICLE IN ERRATIC, RECKLESS, CARELESS, NEGLIGENT OR AGGRESSIVE MANNER",NOT APPLICABLE,109,N,WOOD ST,3,NONINCAPACITATING INJURY,2.0,0.0,0.0,1.0,1.0,1.0,0.0,21,5,11
c84d0a320fb4f560dbffa9bb448a953503995ae644e1bdcace3bdefdf467641428eacea27e35f223de777c2369c93f75807bcabbad23085c2d9ca90a1f7ec690,2023-08-22 16:00:00,25,NO CONTROLS,NO CONTROLS,CLEAR,DAYLIGHT,ANGLE,ALLEY,STRAIGHT AND LEVEL,DRY,NO DEFECTS,NO INJURY / DRIVE AWAY,"OVER $1,500",UNABLE TO DETERMINE,UNABLE TO DETERMINE,9508,S,LAFAYETTE AVE,2,NO INDICATION OF INJURY,0.0,0.0,0.0,0.0,0.0,4.0,0.0,16,3,8
b1e146558a10818c5ec60cb5c395d98495afc33b0719a12c50289d2dccba53d36677a38d822467449e8b4fdda71069516c61845229f7f03f334d81c3b7a8e362,2019-03-29 19:07:00,35,NO CONTROLS,NO CONTROLS,CLEAR,"DARKNESS, LIGHTED ROAD",SIDESWIPE SAME DIRECTION,NOT DIVIDED,STRAIGHT AND LEVEL,DRY,NO DEFECTS,NO INJURY / DRIVE AWAY,$500 OR LESS,IMPROPER OVERTAKING/PASSING,NOT APPLICABLE,4500,W,NORTH AVE,2,NO INDICATION OF INJURY,0.0,0.0,0.0,0.0,0.0,2.0,0.0,19,6,3
36e5f1173392f330c56743d3e07bb10e0a68f430b1391782b168c556fdd821612bbc2271c03212e13f305f3fc0210eeec5f1a2504cefea7fe34030661c573864,2024-04-18 14:30:00,15,NO CONTROLS,NO CONTROLS,CLEAR,DAYLIGHT,SIDESWIPE OPPOSITE DIRECTION,NOT DIVIDED,STRAIGHT AND LEVEL,DRY,NO DEFECTS,NO INJURY / DRIVE AWAY,"OVER $1,500",IMPROPER BACKING,NOT APPLICABLE,8147,S,VINCENNES AVE,2,NO INDICATION OF INJURY,0.0,0.0,0.0,0.0,0.0,2.0,0.0,14,5,4
2124523bb3e17d57e1135c8b4d9b6d745c113ba885849496a14ee0dc61161ee2dc096b6fff7dd90f9a15cbd4c452e74ee2e1a4a5b5f7caa730712ab874b1fea6,2018-01-16 15:30:00,30,NO CONTROLS,NO CONTROLS,CLEAR,DAYLIGHT,REAR END,PARKING LOT,STRAIGHT AND LEVEL,DRY,NO DEFECTS,NO INJURY / DRIVE AWAY,"$501 - $1,500",IMPROPER BACKING,NOT APPLICABLE,1550,N,KINGSBURY ST,2,NO INDICATION OF INJURY,0.0,0.0,0.0,0.0,0.0,2.0,0.0,15,3,1
9368653fffd07c8de4dfcd5a5dd8da1eeede59dbbb40969084232fd1d807a4e4c30b5ae672334ac4b8ee6470455f30eefbcc497ebf0f51583c89c4901963575f,2024-03-05 14:45:00,30,TRAFFIC SIGNAL,FUNCTIONING PROPERLY,CLEAR,DAYLIGHT,PARKED MOTOR VEHICLE,NOT DIVIDED,STRAIGHT AND LEVEL,DRY,UNKNOWN,NO INJURY / DRIVE AWAY,$500 OR LESS,FAILING TO REDUCE SPEED TO AVOID CRASH,FOLLOWING TOO CLOSELY,1420,W,AUGUSTA BLVD,2,NO INDICATION OF INJURY,0.0,0.0,0.0,0.0,0.0,1.0,0.0,14,3,3
d0fb57c66794fff1036831b31b52ad866699273cb96329e242a9bf314d654fcca064add2f9ee2434399f1d1ac222c39bc353fbcc0e42c82c1948961d1bce7170,2019-10-28 07:00:00,30,NO CONTROLS,NO CONTROLS,CLEAR,DAYLIGHT,SIDESWIPE SAME DIRECTION,NOT DIVIDED,STRAIGHT AND LEVEL,DRY,NO DEFECTS,NO INJURY / DRIVE AWAY,"$501 - $1,500",FAILING TO YIELD RIGHT-OF-WAY,FAILING TO YIELD RIGHT-OF-WAY,1751,W,PETERSON AVE,2,NO INDICATION OF INJURY,0.0,0.0,0.0,0.0,0.0,2.0,0.0,7,2,10
fe849deee67e9272039c6ae7089d4121c667ed36d3c6e97f9b878e1f644a70585b218291c1d67d480da4f472745b4e9aa4348d4f32550abb0b7a19f6c1b9c71f,2017-06-08 09:20:00,35,NO CONTROLS,NO CONTROLS,CLEAR,DAYLIGHT,TURNING,OTHER,STRAIGHT ON HILLCREST,DRY,NO DEFECTS,NO INJURY / DRIVE AWAY,"OVER $1,500",NOT APPLICABLE,NOT APPLICABLE,659,W,WASHINGTON BLVD,2,NO INDICATION OF INJURY,0.0,0.0,0.0,0.0,0.0,2.0,0.0,9,5,6
d0ebef1fdc47038a3886df37768fd0cca2e57ce4ee55c02bb94909d13426d7360dff9799480ed8b48bf4733ba1e58f2896e33e83d6c3f03c6f6fa187f2e91863,2023-07-01 18:20:00,15,NO CONTROLS,NO CONTROLS,RAIN,DAYLIGHT,PARKED MOTOR VEHICLE,ONE-WAY,STRAIGHT AND LEVEL,WET,NO DEFECTS,NO INJURY / DRIVE AWAY,"OVER $1,500",UNABLE TO DETERMINE,NOT APPLICABLE,3554,W,SHAKESPEARE AVE,2,NO INDICATION OF INJURY,0.0,0.0,0.0,0.0,0.0,1.0,0.0,18,7,7
e5c0ba343e9d3088748c42e1128d3e8a8750e34d0036a2f6bde8071c3fd577efadaf79080b46d16ec8e6ab1c510621c752bbd981ddd539ca542f5260c12ba4d4,2022-02-07 16:42:00,10,NO CONTROLS,NO CONTROLS,CLEAR,DAYLIGHT,REAR TO FRONT,PARKING LOT,STRAIGHT AND LEVEL,DRY,NO DEFECTS,NO INJURY / DRIVE AWAY,"$501 - $1,500",IMPROPER BACKING,UNABLE TO DETERMINE,4229,W,IRVING PARK RD,2,NO INDICATION OF INJURY,0.0,0.0,0.0,0.0,0.0,2.0,0.0,16,2,2
5a100da60b9101b3baabd498423f7ed8df165f605b0b7a10d43eeb2b075a277284043c4ea77d3a32537488769916f3f57340d5b36a9e478cc79a74f3a721de45,2018-10-09 05:45:00,30,TRAFFIC SIGNAL,FUNCTIONING PROPERLY,CLEAR,"DARKNESS, LIGHTED ROAD",REAR END,DIVIDED - W/MEDIAN (NOT RAISED),STRAIGHT AND LEVEL,DRY,NO DEFECTS,NO INJURY / DRIVE AWAY,"OVER $1,500",FAILING TO REDUCE SPEED TO AVOID CRASH,NOT APPLICABLE,2811,N,CALIFORNIA AVE,2,NO INDICATION OF INJURY,0.0,0.0,0.0,0.0,0.0,2.0,0.0,5,3,10
b653b8ac7209aacee269b5ad3320677b0497440278665a62ff5c03d2610545f2a90522681fe69ffe55992ccaa506a9be7d97618c5cd7717dbf45a64ff528301a,2022-01-22 11:18:00,30,NO CONTROLS,NO CONTROLS,CLEAR,DAYLIGHT,TURNING,NOT DIVIDED,STRAIGHT AND LEVEL,DRY,NO DEFECTS,NO INJURY / DRIVE AWAY,"OVER $1,500",FAILING TO YIELD RIGHT-OF-WAY,NOT APPLICABLE,757,N,KINGSBURY ST,2,NO INDICATION OF INJURY,0.0,0.0,0.0,0.0,0.0,2.0,0.0,11,7,1
5693567d1b1537a00fecfcb3fcd31549cfe7706b76bf2115b86db1f100a4e7ef105d3f86e779ee8604c13f0f0065e39fe0b086909d0934d65115dd61f70dce9f,2019-09-11 17:30:00,30,TRAFFIC SIGNAL,FUNCTIONING PROPERLY,CLEAR,DAYLIGHT,REAR END,NOT DIVIDED,STRAIGHT AND LEVEL,DRY,NO DEFECTS,NO INJURY / DRIVE AWAY,"$501 - $1,500",FOLLOWING TOO CLOSELY,FAILING TO REDUCE SPEED TO AVOID CRASH,3558,W,NORTH AVE,2,NO INDICATION OF INJURY,0.0,0.0,0.0,0.0,0.0,2.0,0.0,17,4,9
5e2772431e422d9654e1476078db6558f728c4b8bec894e146fa1b22fb9c9276478be8fccc58cf9bd3bff1f24c8bdbd51d43a08eaec8b7c83e816979bdb3209e,2019-10-06 18:15:00,30,NO CONTROLS,NO CONTROLS,CLEAR,DUSK,FIXED OBJECT,NOT DIVIDED,STRAIGHT AND LEVEL,DRY,NO DEFECTS,INJURY AND / OR TOW DUE TO CRASH,"OVER $1,500",DRIVING SKILLS/KNOWLEDGE/EXPERIENCE,NOT APPLICABLE,3850,W,NORTH AVE,1,NO INDICATION OF INJURY,0.0,0.0,0.0,0.0,0.0,1.0,0.0,18,1,10
c7c54b1e7c0e11aaffbd49ef57033b9b0962cc14674f67f9c3f72572f77baa215c89cb7556ba756b888ceebd672b887c7d316682d331d200f1d8f0a1ad0aaf53,2021-04-05 09:45:00,20,NO CONTROLS,NO CONTROLS,CLEAR,DAYLIGHT,SIDESWIPE SAME DIRECTION,ONE-WAY,STRAIGHT AND LEVEL,DRY,NO DEFECTS,NO INJURY / DRIVE AWAY,"$501 - $1,500",FAILING TO YIELD RIGHT-OF-WAY,NOT APPLICABLE,500,W,OAKDALE AVE,2,NO INDICATION OF INJURY,0.0,0.0,0.0,0.0,0.0,2.0,0.0,9,2,4
4f78ce257a1099c7e1019bce5ab97119e9080dc987db95be5cfbea91adf2a05508faa76615da53f186f1058137e79a64871557a84f8fef7596b7f272b943cc8f,2016-09-02 08:30:00,30,NO CONTROLS,NO CONTROLS,CLEAR,DAYLIGHT,PARKED MOTOR VEHICLE,PARKING LOT,STRAIGHT AND LEVEL,DRY,NO DEFECTS,NO INJURY / DRIVE AWAY,"OVER $1,500",IMPROPER BACKING,DRIVING SKILLS/KNOWLEDGE/EXPERIENCE,2401,W,OGDEN AVE,2,NO INDICATION OF INJURY,0.0,0.0,0.0,0.0,0.0,1.0,0.0,8,6,9
5cbaae9b47a628d0ba330c7ef622d3e20f03c6c0c852f7f76fb9e6a2a193c2746224e4f4c063df7954bd83a091c667b2ff83044e2ad34d841e018d88b2c3132a,2018-12-30 18:03:00,35,TRAFFIC SIGNAL,FUNCTIONING PROPERLY,CLEAR,"DARKNESS, LIGHTED ROAD",REAR END,ONE-WAY,STRAIGHT AND LEVEL,DRY,UNKNOWN,NO INJURY / DRIVE AWAY,"OVER $1,500",UNABLE TO DETERMINE,NOT APPLICABLE,2760,W,VAN BUREN ST,2,NO INDICATION OF INJURY,0.0,0.0,0.0,0.0,0.0,6.0,0.0,18,1,12
aaae440d7bfe0ad2f6c9bf7874cae646d09d81d5dbfa61b604e67f4bc813ee0a6b9e974fa6e5817ade375eca0067b52ea3b5865dd7440974d7e6cddc281b4036,2023-07-24 02:15:00,30,STOP SIGN/FLASHER,FUNCTIONING PROPERLY,CLEAR,"DARKNESS, LIGHTED ROAD",SIDESWIPE SAME DIRECTION,FOUR WAY,STRAIGHT AND LEVEL,DRY,UNKNOWN,NO INJURY / DRIVE AWAY,"OVER $1,500",UNABLE TO DETERMINE,UNABLE TO DETERMINE,234,E,71ST ST,2,NO INDICATION OF INJURY,0.0,0.0,0.0,0.0,0.0,2.0,0.0,2,2,7
4e8bcc40ad473265f9de71142997d1d241056719043f6f886284944fa9b68c76942d6e4bbc4473cb11789673956b4d1995ac9ef82a312dc3d02f514f445d4b43,2021-03-20 12:00:00,30,STOP SIGN/FLASHER,FUNCTIONING PROPERLY,UNKNOWN,DAYLIGHT,REAR END,ONE-WAY,STRAIGHT AND LEVEL,DRY,UNKNOWN,NO INJURY / DRIVE AWAY,"$501 - $1,500",FOLLOWING TOO CLOSELY,FOLLOWING TOO CLOSELY,4700,W,WEST END AVE,2,NO INDICATION OF INJURY,0.0,0.0,0.0,0.0,0.0,2.0,0.0,12,7,3
b3a9bae1eb07bca975aca9f01712f583b38e78dcae9187c8080f72b0e8878968702892ba5308170825b5102be2087dc37ebe27c76ea260db3e94229fb92fb48c,2023-03-27 08:30:00,30,TRAFFIC SIGNAL,FUNCTIONING PROPERLY,CLEAR,DAYLIGHT,FIXED OBJECT,FOUR WAY,STRAIGHT AND LEVEL,DRY,NO DEFECTS,NO INJURY / DRIVE AWAY,"OVER $1,500",DRIVING SKILLS/KNOWLEDGE/EXPERIENCE,UNABLE TO DETERMINE,1957,N,CICERO AVE,1,NO INDICATION OF INJURY,0.0,0.0,0.0,0.0,0.0,1.0,0.0,8,2,3
d40cbe4405f361ea1a4be798dfcf6659c5a25b1ec5f383c2b199b3c85526bb570590f04b9feadf0f253b6fca020d39f2f7a8c8e0b90450dcc020e9ad9fb176e4,2020-10-30 09:50:00,30,TRAFFIC SIGNAL,FUNCTIONING PROPERLY,CLEAR,DAYLIGHT,ANGLE,FOUR WAY,STRAIGHT AND LEVEL,DRY,NO DEFECTS,INJURY AND / OR TOW DUE TO CRASH,"OVER $1,500",UNABLE TO DETERMINE,NOT APPLICABLE,601,S,ASHLAND AVE,2,NO INDICATION OF INJURY,0.0,0.0,0.0,0.0,0.0,2.0,0.0,9,6,10