CRASH_RECORD_ID,CRASH_DATE,POSTED_SPEED_LIMIT,TRAFFIC_CONTROL_DEVICE,DEVICE_CONDITION,WEATHER_CONDITION,LIGHTING_CONDITION,FIRST_CRASH_TYPE,TRAFFICWAY_TYPE,ALIGNMENT,ROADWAY_SURFACE_COND,ROAD_DEFECT,CRASH_TYPE,DAMAGE,PRIM_CONTRIBUTORY_CAUSE,SEC_CONTRIBUTORY_CAUSE,STREET_NO,STREET_DIRECTION,STREET_NAME,NUM_UNITS,MOST_SEVERE_INJURY,INJURIES_TOTAL,INJURIES_FATAL,INJURIES_INCAPACITATING,INJURIES_NON_INCAPACITATING,INJURIES_REPORTED_NOT_EVIDENT,INJURIES_NO_INDICATION,INJURIES_UNKNOWN,CRASH_HOUR,CRASH_DAY_OF_WEEK,CRASH_MONTH
8c6ed03948130b6c4acf1c6fb22ed7614bacbb0d4cb84bf8f2a1fdc0f9e8084d933758767ef16fc9d61c5e4df62da73df2dbb471ad50f0e4a6a065b56f8056b5,2022-01-21 14:30:00,30,STOP SIGN/FLASHER,FUNCTIONING PROPERLY,CLEAR,DAYLIGHT,ANGLE,DIVIDED - W/MEDIAN (NOT RAISED),STRAIGHT AND LEVEL,UNKNOWN,UNKNOWN,NO INJURY / DRIVE AWAY,"$501 - $1,500",DISREGARDING STOP SIGN,NOT APPLICABLE,3599,E,106TH ST,2,NO INDICATION OF INJURY,0.0,0.0,0.0,0.0,0.0,2.0,0.0,14,6,1
edff8ffbd583015dea3ca9479c8732883273b26442d5ab9bd5f657cd69e9581e10e6dfc6849e46a271174c991935b86eb66a23d224e71f263ec405a16239278f,2016-07-24 07:30:00,10,NO CONTROLS,NO CONTROLS,CLEAR,DAYLIGHT,PARKED MOTOR VEHICLE,PARKING LOT,STRAIGHT AND LEVEL,DRY,NO DEFECTS,NO INJURY / DRIVE AWAY,"OVER $1,500",UNABLE TO DETERMINE,NOT APPLICABLE,431,N,HAMLIN AVE,2,NO INDICATION OF INJURY,0.0,0.0,0.0,0.0,0.0,1.0,0.0,7,1,7
1a90acae8eeb22678fed1217911025fa06efe20e0e165b90f1a55993f1a96a2b5b0ef93c8d469cc66d80f2c190c274ea06593b4e4a074a3c30cbcdce6567ed37,2020-07-25 01:00:00,30,NO CONTROLS,NO CONTROLS,CLEAR,"DARKNESS, LIGHTED ROAD",PEDESTRIAN,ONE-WAY,STRAIGHT AND LEVEL,DRY,NO DEFECTS,INJURY AND / OR TOW DUE TO CRASH,$500 OR LESS,"OPERATING VEHICLE IN ERRATIC, RECKLESS, CARELESS, NEGLIGENT OR AGGRESSIVE MANNER",NOT APPLICABLE,7041,S,BENNETT AVE,2,INCAPACITATING INJURY,1.0,0.0,1.0,0.0,0.0,1.0,0.0,1,7,7
a58192cf371141210eea7ee49e068fb36c76e5a19b2f9ebec30701949c16a6fc7c358144eaef988c1d433e379ab1a6812d7c0c5816ee99ee38fe2feea7de7815,2021-07-26 16:30:00,30,NO CONTROLS,NO CONTROLS,CLEAR,DAYLIGHT,PEDALCYCLIST,NOT DIVIDED,STRAIGHT AND LEVEL,DRY,NO DEFECTS,INJURY AND / OR TOW DUE TO CRASH,"OVER $1,500",UNABLE TO DETERMINE,NOT APPLICABLE,3300,N,CLARK ST,2,NONINCAPACITATING INJURY,1.0,0.0,0.0,1.0,0.0,1.0,0.0,16,2,7
a1dd651ebd2e6fbd5c386c47d62c99a1f1981986aa1345edb56dcbeb5865659c71a1b7a783beb999dabd459135243407022f526655e68c773e60bc8f6caa28d2,2019-01-20 16:15:00,20,NO CONTROLS,NO CONTROLS,CLEAR,DAYLIGHT,PARKED MOTOR VEHICLE,DIVIDED - W/MEDIAN BARRIER,STRAIGHT AND LEVEL,SNOW OR SLUSH,NO DEFECTS,NO INJURY / DRIVE AWAY,"$501 - $1,500",UNABLE TO DETERMINE,UNABLE TO DETERMINE,3015,S,LOCK ST,2,NO INDICATION OF INJURY,0.0,0.0,0.0,0.0,0.0,1.0,0.0,16,1,1
a53d034e9940c33516899798cbe820238c816d7a790d095c53ddb56a059e54ba4d5d0a9371bda59a8d40e4a199ac878daf99ebfab811aac15ca403c971f88329,2023-08-21 16:22:00,30,RR CROSSING SIGN,UNKNOWN,CLEAR,DAYLIGHT,SIDESWIPE SAME DIRECTION,DIVIDED - W/MEDIAN (NOT RAISED),STRAIGHT AND LEVEL,DRY,UNKNOWN,NO INJURY / DRIVE AWAY,"OVER $1,500",UNABLE TO DETERMINE,UNABLE TO DETERMINE,5300,S,CENTRAL AVE,2,NO INDICATION OF INJURY,0.0,0.0,0.0,0.0,0.0,3.0,0.0,16,2,8
7121716de847630977b35272aca3881c4fa5e31c3a233723268feec6f18929f7aa1a6aa892fd7b7bd58fb88348e3d5ced534c74b7e03e5eaeb1a67c9f9b6037a,2018-01-26 20:00:00,25,NO CONTROLS,NO CONTROLS,CLEAR,DARKNESS,ANGLE,ALLEY,STRAIGHT AND LEVEL,DRY,NO DEFECTS,INJURY AND / OR TOW DUE TO CRASH,"OVER $1,500",FAILING TO YIELD RIGHT-OF-WAY,UNABLE TO DETERMINE,1079,W,100TH ST,2,NO INDICATION OF INJURY,0.0,0.0,0.0,0.0,0.0,2.0,0.0,20,6,1
27f4760f7811b4ea3b74c9f6e106291e640634f156b27f8e1f76c7b099ce8314f01af5cf59d597d3bf7d940c536395d63d28381ab95b284e6be0fb2cc828d82b,2016-10-20 09:10:00,30,TRAFFIC SIGNAL,FUNCTIONING PROPERLY,CLEAR,DAYLIGHT,REAR END,NOT DIVIDED,STRAIGHT AND LEVEL,DRY,NO DEFECTS,NO INJURY / DRIVE AWAY,"$501 - $1,500",FOLLOWING TOO CLOSELY,DRIVING SKILLS/KNOWLEDGE/EXPERIENCE,7100,S,WESTERN AVE,2,NO INDICATION OF INJURY,0.0,0.0,0.0,0.0,0.0,2.0,0.0,9,5,10
7cb2a3da46c947fee8c75b2f8947e82c2c72f84e277a23887faeba4cab2538076b030507742f9c36d250d2203598d049bb57011fe442728756a459b1ba59fcf7,2017-09-16 16:02:00,25,NO CONTROLS,NO CONTROLS,CLEAR,DAYLIGHT,REAR END,PARKING LOT,STRAIGHT AND LEVEL,DRY,NO DEFECTS,NO INJURY / DRIVE AWAY,"OVER $1,500",FAILING TO YIELD RIGHT-OF-WAY,NOT APPLICABLE,9221,S,COTTAGE GROVE AVE,2,NO INDICATION OF INJURY,0.0,0.0,0.0,0.0,0.0,4.0,0.0,16,7,9
e631e5fbeed753e145d05ed0415312ef81481dc209882d9154a7d81a86bf5eb0f11afdd0e9a9ec3f26d08aa058e33aaf36dc2a32a657f9d7546fbefb07c1ba1f,2015-12-18 13:00:00,15,NO CONTROLS,NO CONTROLS,CLEAR,DAYLIGHT,ANGLE,PARKING LOT,STRAIGHT AND LEVEL,DRY,NO DEFECTS,NO INJURY / DRIVE AWAY,"OVER $1,500",UNABLE TO DETERMINE,UNABLE TO DETERMINE,255,W,37TH ST,2,NO INDICATION OF INJURY,0.0,0.0,0.0,0.0,0.0,2.0,0.0,13,6,12
8eef714d4fcd5eb17618aa4a36349985b9686445024109017886d40f11aa63675fde8f63964cef15f57a05792c176e4fb41b02587b8555b4e7f9be5c7a7ad9a1,2020-07-30 18:30:00,30,UNKNOWN,UNKNOWN,UNKNOWN,UNKNOWN,PARKED MOTOR VEHICLE,ONE-WAY,STRAIGHT AND LEVEL,UNKNOWN,UNKNOWN,NO INJURY / DRIVE AWAY,"OVER $1,500",UNABLE TO DETERMINE,NOT APPLICABLE,3333,N,RAVENSWOOD AVE,2,NO INDICATION OF INJURY,0.0,0.0,0.0,0.0,0.0,1.0,0.0,18,5,7
0a98700cd3211ce0046e5be6b28d07911a212ab61cd2e54ae6f32513b03d06787a54df2a1074bc299ec842d44442875d318f9a4ff29035d7e097f7c979573943,2019-04-29 01:00:00,10,NO CONTROLS,NO CONTROLS,CLEAR,DARKNESS,TURNING,PARKING LOT,STRAIGHT AND LEVEL,DRY,NO DEFECTS,NO INJURY / DRIVE AWAY,"$501 - $1,500","VISION OBSCURED (SIGNS, TREE LIMBS, BUILDINGS, ETC.)",NOT APPLICABLE,3660,N,LAKE SHORE DR,2,NO INDICATION OF INJURY,0.0,0.0,0.0,0.0,0.0,2.0,0.0,1,2,4
9c0f79a23a5f65eb213e90c86eca91960325f386df8e7b61a9ccb71e5f3b70bffd4a8a878ff8a0951314ef3dc68acfa4637cf9eddf2c76c921cc781d904fc1a6,2023-06-27 20:38:00,20,NO CONTROLS,NO CONTROLS,CLEAR,"DARKNESS, LIGHTED ROAD",ANGLE,NOT DIVIDED,STRAIGHT AND LEVEL,DRY,NO DEFECTS,NO INJURY / DRIVE AWAY,"$501 - $1,500",IMPROPER BACKING,NOT APPLICABLE,8517,W,WINNEMAC AVE,2,NO INDICATION OF INJURY,0.0,0.0,0.0,0.0,0.0,2.0,0.0,20,3,6
22c6a0d7ec6597bab0657cf16d7661c82a17f1f04fccb0c96e7323a0f3cf213e5b6737bf1fcc93219146eda977a3f680ba6cc785aea9c756d945eaa9dcf9ae88,2021-06-02 02:38:00,30,NO CONTROLS,NO CONTROLS,CLEAR,"DARKNESS, LIGHTED ROAD",PARKED MOTOR VEHICLE,ONE-WAY,STRAIGHT AND LEVEL,DRY,NO DEFECTS,INJURY AND / OR TOW DUE TO CRASH,"OVER $1,500",UNABLE TO DETERMINE,NOT APPLICABLE,3323,W,WASHINGTON BLVD,4,NO INDICATION OF INJURY,0.0,0.0,0.0,0.0,0.0,1.0,0.0,2,4,6
41cf97f2ea11d93ad7cff66e8ee748a4cc97b8de10d952bf7e04ea1af13d691f4395c4e79dd6fe42efaa0edeb5a359a55f97ffb4ca8d939d388900281bbb2a0c,2020-07-16 15:45:00,30,NO CONTROLS,NO CONTROLS,CLEAR,DAYLIGHT,REAR END,NOT DIVIDED,STRAIGHT AND LEVEL,DRY,NO DEFECTS,NO INJURY / DRIVE AWAY,"OVER $1,500",UNABLE TO DETERMINE,UNABLE TO DETERMINE,3125,W,ROOSEVELT RD,2,NO INDICATION OF INJURY,0.0,0.0,0.0,0.0,0.0,2.0,0.0,15,5,7
6242a1881c8121c6e94a0f461b8e8fed03c27f5b28770af5698773610dbc94dddea9bc7d08427c5aaa1a56b2b4a42a13a58bb146716f6b43b9e86c3d21c40b6b,2020-12-08 14:05:00,30,NO CONTROLS,NO CONTROLS,CLEAR,DAYLIGHT,SIDESWIPE SAME DIRECTION,NOT DIVIDED,STRAIGHT AND LEVEL,DRY,NO DEFECTS,NO INJURY / DRIVE AWAY,"$501 - $1,500",NOT APPLICABLE,NOT APPLICABLE,4750,W,43RD ST,2,NO INDICATION OF INJURY,0.0,0.0,0.0,0.0,0.0,2.0,0.0,14,3,12
6323dde259b129d8431ad8ffbd5be9b9c67cab9fb138764a9c3394aa2eebb676181989ce5eb94d8b3771a0f8584c280f60233b179570658def40a1913fa0b255,2017-11-30 10:35:00,30,NO CONTROLS,NO CONTROLS,CLEAR,DAYLIGHT,REAR END,DIVIDED - W/MEDIAN BARRIER,STRAIGHT AND LEVEL,DRY,UNKNOWN,INJURY AND / OR TOW DUE TO CRASH,"$501 - $1,500",FOLLOWING TOO CLOSELY,UNABLE TO DETERMINE,800,N,LAKE SHORE DR NB,2,"REPORTED, NOT EVIDENT",1.0,0.0,0.0,0.0,1.0,2.0,0.0,10,5,11
2bd9abf1ae74651b2d64a146c7118a0e23b589461782795abc452d3cb25de77ae66e783584335679b3f38a26ecac767a04738e70993d1732c7ac5b8a01ca2720,2022-05-23 06:10:00,30,NO CONTROLS,NO CONTROLS,CLEAR,DAYLIGHT,TURNING,NOT DIVIDED,STRAIGHT AND LEVEL,DRY,NO DEFECTS,NO INJURY / DRIVE AWAY,$500 OR LESS,UNABLE TO DETERMINE,UNABLE TO DETERMINE,724,S,CICERO AVE,2,NO INDICATION OF INJURY,0.0,0.0,0.0,0.0,0.0,2.0,0.0,6,2,5
644f402c42f11f748d90a705959aba5a468c0daa6d40ab4d5d3455a1a7f502271e9d9465a9e04cbb0ead1897088ebf72f296c27f1ca9cd62877c1d80622f64fe,2018-01-04 20:15:00,30,LANE USE MARKING,FUNCTIONING PROPERLY,CLEAR,"DARKNESS, LIGHTED ROAD",PARKED MOTOR VEHICLE,ONE-WAY,STRAIGHT AND LEVEL,DRY,NO DEFECTS,NO INJURY / DRIVE AWAY,"$501 - $1,500",NOT APPLICABLE,NOT APPLICABLE,160,W,ILLINOIS ST,2,NO INDICATION OF INJURY,0.0,0.0,0.0,0.0,0.0,1.0,0.0,20,5,1
85fff9a16804a54ba1c5842b478576c751919e48e1d29c9a29150f78da857d0233adceb6b468bd3a4595c39837c799165ab082a23032a5c4d597fd803138691e,2021-10-23 21:40:00,15,NO CONTROLS,NO CONTROLS,UNKNOWN,DARKNESS,REAR TO FRONT,PARKING LOT,STRAIGHT AND LEVEL,UNKNOWN,NO DEFECTS,NO INJURY / DRIVE AWAY,"$501 - $1,500",UNABLE TO DETERMINE,UNABLE TO DETERMINE,5350,N,BROADWAY,2,NO INDICATION OF INJURY,0.0,0.0,0.0,0.0,0.0,2.0,0.0,21,7,10
d7d0638952b1af0670da40c6bc7ed9b85e3cc5577aa5ea974b8ed4ea2303c22b81f2cc871af4d289cbb6b258686a84aeac69551b5b4a79e960e4cc0527471e8a,2019-02-28 07:20:00,30,NO CONTROLS,NO CONTROLS,CLEAR,"DARKNESS, LIGHTED ROAD",TURNING,OTHER,STRAIGHT AND LEVEL,DRY,NO DEFECTS,INJURY AND / OR TOW DUE TO CRASH,"$501 - $1,500",IMPROPER TURNING/NO SIGNAL,"VISION OBSCURED (SIGNS, TREE LIMBS, BUILDINGS, ETC.)",430,N,LOWER MICHIGAN AVE,2,NO INDICATION OF INJURY,0.0,0.0,0.0,0.0,0.0,2.0,0.0,7,5,2
c374b7b46670423a3ab926e965e2eba5c3c3203a71043b20bb1ddbe1b1729766f27526eb7d109857b81b958a2b5d70a081fc80161b6fb211230d7c147583e020,2020-10-22 12:00:00,25,UNKNOWN,UNKNOWN,CLEAR,DAYLIGHT,REAR END,DIVIDED - W/MEDIAN (NOT RAISED),STRAIGHT AND LEVEL,DRY,UNKNOWN,NO INJURY / DRIVE AWAY,"OVER $1,500",UNABLE TO DETERMINE,UNABLE TO DETERMINE,12800,S,INDIANA AVE,2,NO INDICATION OF INJURY,0.0,0.0,0.0,0.0,0.0,3.0,0.0,12,5,10
6e22a3cc0bb8bc3237996666881ba04d917adf7f96147d47d031deaa4e9ee4861965b5eed1b31c10b9a1cf383e5ba69c43be59dbae1dc9fe86aa632bb61f1a1c,2023-12-19 11:29:00,30,TRAFFIC SIGNAL,FUNCTIONING PROPERLY,CLEAR,DAYLIGHT,SIDESWIPE SAME DIRECTION,FOUR WAY,STRAIGHT AND LEVEL,DRY,NO DEFECTS,INJURY AND / OR TOW DUE TO CRASH,"OVER $1,500",IMPROPER OVERTAKING/PASSING,UNABLE TO DETERMINE,2401,N,MILWAUKEE AVE,2,"REPORTED, NOT EVIDENT",1.0,0.0,0.0,0.0,1.0,1.0,0.0,11,3,12
e89013e032b94b97801b37505b89097a245c6d2c691d43712f9eea24a0bf8829baaf55dc0b5ea597ac95c4f8ecc42b66f3f6e2b9e83163bc0a352d736fc23a37,2016-02-29 08:58:00,30,NO CONTROLS,NO CONTROLS,CLEAR,DAYLIGHT,PEDESTRIAN,ONE-WAY,STRAIGHT AND LEVEL,DRY,NO DEFECTS,NO INJURY / DRIVE AWAY,$500 OR LESS,UNABLE TO DETERMINE,UNABLE TO DETERMINE,7347,S,CHAPPEL AVE,2,NO INDICATION OF INJURY,0.0,0.0,0.0,0.0,0.0,3.0,0.0,8,2,2
1397634f1bcfaf486491fa0edb946010c8e171a4934034a127be09399f05d6f8fdabe5dea1687e9b2f3b44d8dc71fb9b376e5d507e16e48556c13f27d7b4aeb8,2020-07-10 10:47:00,30,TRAFFIC SIGNAL,NO CONTROLS,CLEAR,DAYLIGHT,SIDESWIPE SAME DIRECTION,NOT DIVIDED,STRAIGHT AND LEVEL,DRY,NO DEFECTS,NO INJURY / DRIVE AWAY,"OVER $1,500",IMPROPER OVERTAKING/PASSING,UNABLE TO DETERMINE,2402,N,SHEFFIELD AVE,2,NO INDICATION OF INJURY,0.0,0.0,0.0,0.0,0.0,2.0,0.0,10,6,7
164a579e8894083ad9367c8198a0f8e7ca49cf3ab4104b5bd4154bccd5d5e01da0b455e07399fe488e953c51f88273e9f584d70a0198db301dea85d552b838ba,2022-03-05 02:04:00,30,STOP SIGN/FLASHER,UNKNOWN,CLEAR,UNKNOWN,ANGLE,OTHER,STRAIGHT AND LEVEL,DRY,UNKNOWN,INJURY AND / OR TOW DUE TO CRASH,"$501 - $1,500",UNABLE TO DETERMINE,UNABLE TO DETERMINE,6856,S,MICHIGAN AVE,2,INCAPACITATING INJURY,3.0,0.0,1.0,0.0,2.0,0.0,0.0,2,7,3
33a54aae2ff93bcc965f041ffd1f2ab63a7c1e052c41c1942b5d6fb15774449ebb40d7f68f4313a5579da2535ef5fc159e1668da40fd8f46d3c2a063e5fce1a7,2017-11-02 06:45:00,35,TRAFFIC SIGNAL,FUNCTIONING PROPERLY,FOG/SMOKE/HAZE,"DARKNESS, LIGHTED ROAD",TURNING,NOT DIVIDED,STRAIGHT AND LEVEL,WET,NO DEFECTS,NO INJURY / DRIVE AWAY,"$501 - $1,500",IMPROPER TURNING/NO SIGNAL,IMPROPER LANE USAGE,5500,S,CICERO AVE,2,NO INDICATION OF INJURY,0.0,0.0,0.0,0.0,0.0,3.0,0.0,6,5,11
5528d08a8445f47a2337a0ce4eedd21a9c156e0bfcf5e9e6b1df92ebffe00d99f4060cbfe3eef7944f850414123745233741a8fc6a02e6848cbaa62336cc1bee,2021-05-18 21:05:00,30,NO CONTROLS,NO CONTROLS,RAIN,"DARKNESS, LIGHTED ROAD",SIDESWIPE SAME DIRECTION,NOT DIVIDED,STRAIGHT AND LEVEL,WET,NO DEFECTS,INJURY AND / OR TOW DUE TO CRASH,"OVER $1,500",WEATHER,NOT APPLICABLE,4200,N,MILWAUKEE AVE,2,NO INDICATION OF INJURY,0.0,0.0,0.0,0.0,0.0,2.0,0.0,21,3,5
cf2e8677daec0adc597408d6c03baa65af1486c4808d71c0a85afb5f837ae6028e13357bd816bf23355ca8be4bd59fe63637e78177212899157e51af26683a4b,2021-09-17 17:00:00,30,NO CONTROLS,NO CONTROLS,CLEAR,DAYLIGHT,SIDESWIPE SAME DIRECTION,UNKNOWN,STRAIGHT AND LEVEL,UNKNOWN,UNKNOWN,NO INJURY / DRIVE AWAY,"OVER $1,500",UNABLE TO DETERMINE,NOT APPLICABLE,5500,S,CICERO AVE,2,NO INDICATION OF INJURY,0.0,0.0,0.0,0.0,0.0,2.0,0.0,17,6,9
52c701e0ee3a94040ff17520a86930c7d2fbb70cf9df1a402fd7c376ecb13c55229dfe7807cc0f43abaaaaab4655bcc9a3811647113fa4c6a761a8a4b31c5b9f,2021-04-30 18:25:00,20,UNKNOWN,UNKNOWN,CLEAR,DAYLIGHT,TURNING,DIVIDED - W/MEDIAN (NOT RAISED),STRAIGHT AND LEVEL,DRY,NO DEFECTS,NO INJURY / DRIVE AWAY,"OVER $1,500",UNABLE TO DETERMINE,UNABLE TO DETERMINE,4464,N,KASSON AVE,2,NO INDICATION OF INJURY,0.0,0.0,0.0,0.0,0.0,2.0,0.0,18,6,4
8adb79fe5e272aa9469b6a515b6c1e6774e07ae3c7c4b17d13010911f4742c2d1abc6294b5749f81acd78d1daf31e629dcaa9c77bdfc6585ab91e2c1260b36ad,2016-12-08 21:08:00,30,NO CONTROLS,NO CONTROLS,CLEAR,"DARKNESS, LIGHTED ROAD",SIDESWIPE SAME DIRECTION,NOT DIVIDED,STRAIGHT AND LEVEL,DRY,NO DEFECTS,INJURY AND / OR TOW DUE TO CRASH,"OVER $1,500",IMPROPER TURNING/NO SIGNAL,NOT APPLICABLE,51,E,71ST ST,2,NO INDICATION OF INJURY,0.0,0.0,0.0,0.0,0.0,2.0,0.0,21,5,12
eb34152217aad3ad21211883c2291f2d64af6abe0317269eed049b6f366db06d2563f82f20a60458b56e62e55938f0d4fb30387f05064caf63f6c097e3adea14,2019-09-16 19:15:00,30,NO CONTROLS,NO CONTROLS,CLEAR,"DARKNESS, LIGHTED ROAD",REAR END,NOT DIVIDED,STRAIGHT AND LEVEL,DRY,NO DEFECTS,NO INJURY / DRIVE AWAY,"$501 - $1,500",FOLLOWING TOO CLOSELY,DRIVING SKILLS/KNOWLEDGE/EXPERIENCE,2527,W,PETERSON AVE,2,NO INDICATION OF INJURY,0.0,0.0,0.0,0.0,0.0,3.0,0.0,19,2,9
e3b4ec8620093896f1a9be2cfa613ccff7cb3838c3bff1e7cea10548c81094f501d71ba3438d12297e21951d8f7e5df192b43c687b607a0d436bebc3519923c5,2019-06-14 16:00:00,30,TRAFFIC SIGNAL,UNKNOWN,CLEAR,DAYLIGHT,REAR END,NOT DIVIDED,STRAIGHT AND LEVEL,DRY,UNKNOWN,NO INJURY / DRIVE AWAY,"$501 - $1,500",UNABLE TO DETERMINE,UNABLE TO DETERMINE,902,E,95TH ST,2,NO INDICATION OF INJURY,0.0,0.0,0.0,0.0,0.0,2.0,0.0,16,6,6
21702f1bdac4910f8117bdd5cf0c834715ceb66790258e0d84f360edccb7d30d1bede7e2578b4411f11a738a3b7f8d32a829a7af390f8ecaf9859afb91600b6c,2019-08-24 23:59:00,35,NO CONTROLS,NO CONTROLS,CLEAR,"DARKNESS, LIGHTED ROAD",PARKED MOTOR VEHICLE,ONE-WAY,STRAIGHT AND LEVEL,DRY,NO DEFECTS,NO INJURY / DRIVE AWAY,$500 OR LESS,UNABLE TO DETERMINE,NOT APPLICABLE,9700,S,OGLESBY AVE,2,NO INDICATION OF INJURY,0.0,0.0,0.0,0.0,0.0,1.0,0.0,23,7,8
6764a4f85ebdbafa1225f60cec1de08a77fcc36d71f0db916ff13403d515e18f7b3c1dbf3069828a456b335cb6e8fae7865baeb9eb3fbbdce8589bfd95139aa7,2018-07-08 00:20:00,30,NO CONTROLS,NO CONTROLS,CLEAR,"DARKNESS, LIGHTED ROAD",PARKED MOTOR VEHICLE,ONE-WAY,STRAIGHT AND LEVEL,DRY,NO DEFECTS,NO INJURY / DRIVE AWAY,"$501 - $1,500",NOT APPLICABLE,NOT APPLICABLE,9029,S,MAY ST,2,NO INDICATION OF INJURY,0.0,0.0,0.0,0.0,0.0,3.0,0.0,0,1,7
3ef9c12e1c8571f5b81d9c8797ace97b53a63c1567afd09a99507f53027b5ccb6626dc796b4a36793a0a8bd9f00985bb19d893984a6a7dfaa0d30f4ca8c3c49c,2022-03-16 07:27:00,15,NO CONTROLS,NO CONTROLS,CLEAR,DAYLIGHT,PARKED MOTOR VEHICLE,PARKING LOT,STRAIGHT AND LEVEL,DRY,NO DEFECTS,NO INJURY / DRIVE AWAY,"OVER $1,500",IMPROPER TURNING/NO SIGNAL,NOT APPLICABLE,2900,S,MOE DR,2,NO INDICATION OF INJURY,0.0,0.0,0.0,0.0,0.0,1.0,0.0,7,4,3
2ffcf6895eb94e9aa9eb24cb361d7860efab8a54b3304190752cb8a1315dcc1f81e104103d00ba3331c84d10d940f4d09067954a9fdb3efca17945ba1154f18a,2018-08-24 14:05:00,25,YIELD,NO CONTROLS,CLEAR,DAYLIGHT,REAR END,DIVIDED - W/MEDIAN (NOT RAISED),STRAIGHT AND LEVEL,DRY,NO DEFECTS,NO INJURY / DRIVE AWAY,$500 OR LESS,FAILING TO YIELD RIGHT-OF-WAY,FAILING TO YIELD RIGHT-OF-WAY,1710,W,83RD ST,2,NO INDICATION OF INJURY,0.0,0.0,0.0,0.0,0.0,2.0,0.0,14,6,8
675c9b5d6854fe910117e21cb438da2fb001f457cfe978ce2cd06bbbbe8d99e262a4a14ea0da225d4e00b5e74d92062a6bb9c005e7ddd880b1ab6244b41ee4c6,2021-04-04 13:24:00,30,NO CONTROLS,NO CONTROLS,CLEAR,DAYLIGHT,PARKED MOTOR VEHICLE,ONE-WAY,STRAIGHT AND LEVEL,DRY,NO DEFECTS,NO INJURY / DRIVE AWAY,"OVER $1,500",UNABLE TO DETERMINE,NOT APPLICABLE,630,N,HAMLIN AVE,2,NO INDICATION OF INJURY,0.0,0.0,0.0,0.0,0.0,1.0,0.0,13,1,4
341c3611e3352698dfa8967a48d949d713192158972c7339bda1d9e8f268154449cf50031121d3672bc4492ec26a26ee9637f54d7a69bf2cea4900f7fe547877,2024-03-22 15:21:00,30,NO CONTROLS,NO CONTROLS,SNOW,DAYLIGHT,SIDESWIPE SAME DIRECTION,NOT DIVIDED,STRAIGHT AND LEVEL,WET,NO DEFECTS,NO INJURY / DRIVE AWAY,"OVER $1,500",FAILING TO YIELD RIGHT-OF-WAY,NOT APPLICABLE,221,W,HARRISON ST,2,NO INDICATION OF INJURY,0.0,0.0,0.0,0.0,0.0,2.0,0.0,15,6,3
82c67bac12521c3fd21ed484fb51b34c2543840c61ae1062ea2e8922238493c44e49537be25083ba5136322507589907413e87f71b47f0d0c76864b504056d69,2017-02-25 13:45:00,25,NO CONTROLS,NO CONTROLS,CLEAR,DAYLIGHT,SIDESWIPE SAME DIRECTION,NOT DIVIDED,STRAIGHT AND LEVEL,DRY,NO DEFECTS,NO INJURY / DRIVE AWAY,"OVER $1,500",FAILING TO YIELD RIGHT-OF-WAY,NOT APPLICABLE,7409,N,GREENVIEW AVE,2,NO INDICATION OF INJURY,0.0,0.0,0.0,0.0,0.0,3.0,0.0,13,7,2
7eb0a8bf18db39e0da39f8185e39a5be64776d2509aad333dd75a231f3a4144d00ab6be1ff55d3aaff90822cee35ad65c1aac197efc8c4b0ed99fd6ec698a3fa,2017-04-21 07:30:00,30,STOP SIGN/FLASHER,FUNCTIONING PROPERLY,CLEAR,DAYLIGHT,ANGLE,NOT DIVIDED,STRAIGHT AND LEVEL,DRY,NO DEFECTS,INJURY AND / OR TOW DUE TO CRASH,"OVER $1,500",FAILING TO YIELD RIGHT-OF-WAY,FAILING TO YIELD RIGHT-OF-WAY,600,E,75TH ST,2,"REPORTED, NOT EVIDENT",2.0,0.0,0.0,0.0,2.0,1.0,0.0,7,6,4
e98dd642521b180a64547d5fef59624f2a7038651f135146bda8817a564c968575dc6ee6635124c0214332b509e26878a3d9e3e13ba45eff5336d7e3d5ddb0e4,2017-10-03 16:30:00,15,NO CONTROLS,NO CONTROLS,CLEAR,DAYLIGHT,ANGLE,PARKING LOT,STRAIGHT AND LEVEL,DRY,NO DEFECTS,NO INJURY / DRIVE AWAY,$500 OR LESS,IMPROPER BACKING,NOT APPLICABLE,8331,S,STEWART AVE,2,NO INDICATION OF INJURY,0.0,0.0,0.0,0.0,0.0,2.0,0.0,16,3,10
2c934c099ae627efb687670943b0eafa9ee1d9a4e9ff905bc9be694cda28b60569f61ed6a355da5928dc2737c68741069ba937090c1bb2220536303386d431df,2024-02-22 16:40:00,30,TRAFFIC SIGNAL,FUNCTIONING PROPERLY,CLEAR,DAYLIGHT,TURNING,FOUR WAY,STRAIGHT AND LEVEL,DRY,NO DEFECTS,NO INJURY / DRIVE AWAY,"$501 - $1,500",UNABLE TO DETERMINE,NOT APPLICABLE,800,W,71ST ST,2,NO INDICATION OF INJURY,0.0,0.0,0.0,0.0,0.0,4.0,0.0,16,5,2