CRASH_RECORD_ID,CRASH_DATE,POSTED_SPEED_LIMIT,TRAFFIC_CONTROL_DEVICE,DEVICE_CONDITION,WEATHER_CONDITION,LIGHTING_CONDITION,FIRST_CRASH_TYPE,TRAFFICWAY_TYPE,ALIGNMENT,ROADWAY_SURFACE_COND,ROAD_DEFECT,CRASH_TYPE,DAMAGE,PRIM_CONTRIBUTORY_CAUSE,SEC_CONTRIBUTORY_CAUSE,STREET_NO,STREET_DIRECTION,STREET_NAME,NUM_UNITS,MOST_SEVERE_INJURY,INJURIES_TOTAL,INJURIES_FATAL,INJURIES_INCAPACITATING,INJURIES_NON_INCAPACITATING,INJURIES_REPORTED_NOT_EVIDENT,INJURIES_NO_INDICATION,INJURIES_UNKNOWN,CRASH_HOUR,CRASH_DAY_OF_WEEK,CRASH_MONTH
f49b43de1fe620298f319f5555cd3855d3112e09c39ef1249ec8149969be1559d2a292fd368cc3c2d8917e98210baa60e75ab8a9bb4e27088a984448a652f48e,2022-05-23 23:00:00,15,NO CONTROLS,NO CONTROLS,CLEAR,DARKNESS,PARKED MOTOR VEHICLE,ONE-WAY,STRAIGHT AND LEVEL,DRY,NO DEFECTS,NO INJURY / DRIVE AWAY,"OVER $1,500",UNABLE TO DETERMINE,UNABLE TO DETERMINE,1527,N,KEYSTONE AVE,2,NO INDICATION OF INJURY,0.0,0.0,0.0,0.0,0.0,1.0,0.0,23,2,5
85d6463f8a1bcca00e0e6fb627a66dd8bceb374cfa29cb8531b4c7819ee4d6c6701e29e3350684380d79888d94afa1f0c8b50fb7d57a44fc8682c4d29935bf12,2022-07-27 17:02:00,30,OTHER,OTHER,UNKNOWN,DAYLIGHT,PARKED MOTOR VEHICLE,ONE-WAY,STRAIGHT AND LEVEL,WET,UNKNOWN,NO INJURY / DRIVE AWAY,"OVER $1,500",RELATED TO BUS STOP,NOT APPLICABLE,5804,S,ELLIS AVE,2,NO INDICATION OF INJURY,0.0,0.0,0.0,0.0,0.0,2.0,0.0,17,4,7
018839a148b6e65a6ab38178ab601dce87bdf3f877699af481deb8e31b374f99f8008a97a07dff00bdf1068474d6216c422a09f8c1ef13ebe8e92b0620ace519,2022-10-12 18:57:00,30,TRAFFIC SIGNAL,UNKNOWN,UNKNOWN,UNKNOWN,REAR END,FOUR WAY,STRAIGHT AND LEVEL,UNKNOWN,UNKNOWN,NO INJURY / DRIVE AWAY,"$501 - $1,500",FOLLOWING TOO CLOSELY,UNABLE TO DETERMINE,4001,W,DEVON AVE,2,NO INDICATION OF INJURY,0.0,0.0,0.0,0.0,0.0,2.0,0.0,18,4,10
aef91d3fab110cd76710a907ee06520675db2bdec3dc83858ed78c4f059b767671cc833b9e29ce58749d1a35acf64373717bf80afc1de3b8a6e3d539024a20e5,2021-01-21 13:00:00,15,NO CONTROLS,NO CONTROLS,CLEAR,DAYLIGHT,ANGLE,PARKING LOT,STRAIGHT AND LEVEL,WET,NO DEFECTS,NO INJURY / DRIVE AWAY,$500 OR LESS,UNABLE TO DETERMINE,UNABLE TO DETERMINE,4343,N,CENTRAL AVE,2,NO INDICATION OF INJURY,0.0,0.0,0.0,0.0,0.0,2.0,0.0,13,5,1
dae5eca22ac6bdf1b70163bb585953d3024f71d87b5c091ab2672e0dec216e112f115767cb0d45b1c46f74201dd2a9d629d4e70bf4efdd26dcf4825f0d274ca0,2021-12-14 13:50:00,30,NO CONTROLS,NO CONTROLS,CLOUDY/OVERCAST,DAYLIGHT,PARKED MOTOR VEHICLE,PARKING LOT,STRAIGHT AND LEVEL,DRY,UNKNOWN,NO INJURY / DRIVE AWAY,"$501 - $1,500",UNABLE TO DETERMINE,NOT APPLICABLE,1160,N,LARRABEE ST,2,NO INDICATION OF INJURY,0.0,0.0,0.0,0.0,0.0,1.0,0.0,13,3,12
debc7b9f8fca4b6ac6e8c1c58ef0c3d1761a2f294b3f0abaae95cdf9f3205f6d9824ed7de61adf6d20bea9dbc6c9f66f0a671a05863ad6a9fac66f977ec37122,2018-07-03 14:00:00,25,NO CONTROLS,NO CONTROLS,CLEAR,DAYLIGHT,FIXED OBJECT,OTHER,STRAIGHT AND LEVEL,DRY,NO DEFECTS,NO INJURY / DRIVE AWAY,"$501 - $1,500",UNABLE TO DETERMINE,UNABLE TO DETERMINE,6341,S,RICHMOND ST,1,NO INDICATION OF INJURY,0.0,0.0,0.0,0.0,0.0,1.0,0.0,14,3,7
098e8f7f90e3ac0e35361458e75d86a08a2cff84ef32d72aa4fcd62b446e25a5b5a3a1aa4b26d98e59965698cfeed6e204d20b65662f32a0556856289d308e7d,2016-08-27 18:04:00,30,NO CONTROLS,NO CONTROLS,CLEAR,DAYLIGHT,SIDESWIPE OPPOSITE DIRECTION,DIVIDED - W/MEDIAN (NOT RAISED),STRAIGHT AND LEVEL,DRY,UNKNOWN,INJURY AND / OR TOW DUE TO CRASH,$500 OR LESS,IMPROPER OVERTAKING/PASSING,UNABLE TO DETERMINE,2232,E,71ST ST,2,NONINCAPACITATING INJURY,1.0,0.0,0.0,1.0,0.0,1.0,0.0,18,7,8
fa534458251b01ba02b1ef509c9e8510bdf39bd79990f8035bce284fc1ebeb7d071d6f3294da7af9e4eefa4e9c7bd538f9d2e33f38aa5c17c15ff58045f32ae8,2018-01-07 13:25:00,30,NO CONTROLS,NO CONTROLS,SLEET/HAIL,DAYLIGHT,SIDESWIPE SAME DIRECTION,DIVIDED - W/MEDIAN BARRIER,STRAIGHT AND LEVEL,WET,OTHER,NO INJURY / DRIVE AWAY,"$501 - $1,500",UNABLE TO DETERMINE,NOT APPLICABLE,321,N,SACRAMENTO BLVD,2,NO INDICATION OF INJURY,0.0,0.0,0.0,0.0,0.0,2.0,0.0,13,1,1
5ea94298f1679e3daf3dc7e4bece2b55de30a400035916b30414b76866df7a6986bd40750f1d3fb65cb035e5f3eeccb5fd7a368e8a717ef92acf1eaecbbfb58c,2022-02-20 21:43:00,30,NO CONTROLS,NO CONTROLS,CLEAR,"DARKNESS, LIGHTED ROAD",PARKED MOTOR VEHICLE,ONE-WAY,STRAIGHT AND LEVEL,DRY,NO DEFECTS,INJURY AND / OR TOW DUE TO CRASH,"OVER $1,500",UNABLE TO DETERMINE,UNABLE TO DETERMINE,3040,W,57TH ST,3,NONINCAPACITATING INJURY,1.0,0.0,0.0,1.0,0.0,2.0,0.0,21,1,2
833608abd60b347db64a60f3bb526dc50836a274e6d763782347719f09b0fbba6be7971912b686efcdb8191fc9815fe492194e32e20c2cf8d5043fc0a40f230e,2024-04-01 18:35:00,30,NO CONTROLS,NO CONTROLS,UNKNOWN,DUSK,REAR END,ONE-WAY,STRAIGHT AND LEVEL,UNKNOWN,UNKNOWN,NO INJURY / DRIVE AWAY,"OVER $1,500",UNABLE TO DETERMINE,UNABLE TO DETERMINE,932,N,LAKE SHORE DR NB,2,NO INDICATION OF INJURY,0.0,0.0,0.0,0.0,0.0,2.0,0.0,18,2,4
5b5359b6a648ed85976f6b5dc3927e9ceb528a6ce030c12ac6b11cbcd044738866cd45f16e64826751c103113f6ba7d4abd6a5e1b293cffdc5df6d5e18286f03,2017-07-24 17:05:00,35,NO CONTROLS,NO CONTROLS,CLEAR,DAYLIGHT,REAR END,NOT DIVIDED,STRAIGHT AND LEVEL,DRY,NO DEFECTS,NO INJURY / DRIVE AWAY,"$501 - $1,500",UNABLE TO DETERMINE,NOT APPLICABLE,2827,W,DIVISION ST,2,NO INDICATION OF INJURY,0.0,0.0,0.0,0.0,0.0,2.0,0.0,17,2,7
2501e86578696a7e2c07d4486a09413061cebfe09edd7c3e17b97b9b7ba753a394c88a9d21b61475f13915e0cc50e1234502e3c60f65ed46e5d7852fde0ebf13,2019-05-25 17:50:00,30,TRAFFIC SIGNAL,FUNCTIONING PROPERLY,CLEAR,DAYLIGHT,ANGLE,FOUR WAY,STRAIGHT AND LEVEL,DRY,NO DEFECTS,NO INJURY / DRIVE AWAY,"OVER $1,500",UNABLE TO DETERMINE,UNABLE TO DETERMINE,3300,W,DIVERSEY AVE,2,NO INDICATION OF INJURY,0.0,0.0,0.0,0.0,0.0,2.0,0.0,17,7,5
c737d818318be2c3f484897e567c73673bc701112608c46f0761ed04cb0ae54e3e8a895ffab816a57bdaad9c8ce3104d80aa57bacee13e5bf507d3de997ab093,2023-10-01 15:30:00,30,NO CONTROLS,NO CONTROLS,CLEAR,DAYLIGHT,ANGLE,DIVIDED - W/MEDIAN (NOT RAISED),STRAIGHT AND LEVEL,DRY,NO DEFECTS,NO INJURY / DRIVE AWAY,"OVER $1,500",UNABLE TO DETERMINE,UNABLE TO DETERMINE,332,S,CENTRAL AVE,2,NO INDICATION OF INJURY,0.0,0.0,0.0,0.0,0.0,2.0,0.0,15,1,10
5fd8ce15f217acf172cb8f65737af27464a1a4f6287c37a468180fa1da557f87b2058e87d1a698cc0dec1f1fa3aa92fcb8d4f31af3cc994d6c588473d62178f8,2021-10-07 01:24:00,30,TRAFFIC SIGNAL,FUNCTIONING IMPROPERLY,CLEAR,"DARKNESS, LIGHTED ROAD",TURNING,FOUR WAY,STRAIGHT AND LEVEL,DRY,NO DEFECTS,INJURY AND / OR TOW DUE TO CRASH,"OVER $1,500",DISREGARDING TRAFFIC SIGNALS,FAILING TO REDUCE SPEED TO AVOID CRASH,8300,S,COTTAGE GROVE AVE,2,NO INDICATION OF INJURY,0.0,0.0,0.0,0.0,0.0,3.0,0.0,1,5,10
fa8f629fcef5b1d9fcffe243ca23daaf6f6d1fde4619bea2081fb19f3cd4755ec5033c0181e286aa6145ff25c24909f0ce829960984d8593a9111b2f6c1a7acc,2021-10-22 17:00:00,30,NO CONTROLS,NO CONTROLS,CLEAR,DAYLIGHT,REAR END,NOT DIVIDED,STRAIGHT AND LEVEL,DRY,NO DEFECTS,NO INJURY / DRIVE AWAY,"$501 - $1,500",UNABLE TO DETERMINE,UNABLE TO DETERMINE,5025,N,CALIFORNIA AVE,2,NO INDICATION OF INJURY,0.0,0.0,0.0,0.0,0.0,2.0,0.0,17,6,10
2e5fe096c6360295c2a2682c3430ff13c572f31002b246ff517fc286eba414dcdbfc62dbffe5a0d99175de0801db92d5442ee44024be58d11d3c6fd2b6b4baf0,2024-02-01 23:35:00,30,UNKNOWN,UNKNOWN,UNKNOWN,"DARKNESS, LIGHTED ROAD",REAR END,ONE-WAY,STRAIGHT AND LEVEL,UNKNOWN,UNKNOWN,INJURY AND / OR TOW DUE TO CRASH,"OVER $1,500",UNABLE TO DETERMINE,NOT APPLICABLE,6200,S,WASHTENAW AVE,2,"REPORTED, NOT EVIDENT",2.0,0.0,0.0,0.0,2.0,1.0,0.0,23,5,2
49c50939bca0699e589a6a860e982a38c27f0c61c31a51a494ec8ecac4b6e24c316e44757fbcf61197cc8b4227ed6a7fcf4cecece0613bd40090e7cae259fa3c,2020-10-12 06:38:00,30,TRAFFIC SIGNAL,FUNCTIONING PROPERLY,CLEAR,DAYLIGHT,SIDESWIPE SAME DIRECTION,NOT DIVIDED,STRAIGHT AND LEVEL,DRY,NO DEFECTS,NO INJURY / DRIVE AWAY,"OVER $1,500",UNABLE TO DETERMINE,UNABLE TO DETERMINE,2159,W,FOSTER AVE,2,NO INDICATION OF INJURY,0.0,0.0,0.0,0.0,0.0,3.0,0.0,6,2,10
af5406fb8b94cc4722f4ef453f6450ab89e6379176e77e7c55a864e991d785c0c4c932bf698fd8f4538401ed760d41a4641b5f061f41976b3d70defdc159e9c6,2018-07-26 17:50:00,30,TRAFFIC SIGNAL,FUNCTIONING PROPERLY,CLEAR,DAYLIGHT,TURNING,DIVIDED - W/MEDIAN (NOT RAISED),STRAIGHT AND LEVEL,DRY,NO DEFECTS,NO INJURY / DRIVE AWAY,"$501 - $1,500",IMPROPER LANE USAGE,IMPROPER OVERTAKING/PASSING,1758,W,CHICAGO AVE,2,NO INDICATION OF INJURY,0.0,0.0,0.0,0.0,0.0,2.0,0.0,17,5,7
cc31cdcd90d4b37f4898c7278e26b476aca418b5455a77ea60a1b6966c88cffa6bb227e9e474fed082fc634ed10df0f5d21e7404f2d4e4dba1e76da1f082ebaa,2021-03-29 18:24:00,30,TRAFFIC SIGNAL,FUNCTIONING PROPERLY,CLEAR,DAYLIGHT,TURNING,NOT DIVIDED,STRAIGHT AND LEVEL,DRY,NO DEFECTS,NO INJURY / DRIVE AWAY,"OVER $1,500",NOT APPLICABLE,NOT APPLICABLE,3401,W,GRAND AVE,2,NO INDICATION OF INJURY,0.0,0.0,0.0,0.0,0.0,4.0,0.0,18,2,3
c4fb1ac7b591202667866452dbb765f2a25c0070c5855460ee11f2f6f7b593734c3c1f9f9fc850d00a7f0123c94e67bc54fe943c3942fb6b3fa98de19368dc9d,2018-05-31 09:45:00,30,STOP SIGN/FLASHER,FUNCTIONING PROPERLY,CLEAR,DAYLIGHT,SIDESWIPE SAME DIRECTION,DIVIDED - W/MEDIAN (NOT RAISED),STRAIGHT AND LEVEL,DRY,NO DEFECTS,NO INJURY / DRIVE AWAY,"OVER $1,500",FAILING TO YIELD RIGHT-OF-WAY,FOLLOWING TOO CLOSELY,826,W,WEBSTER AVE,2,NO INDICATION OF INJURY,0.0,0.0,0.0,0.0,0.0,2.0,0.0,9,5,5
12cab432c8ae07072f8a121d1d5c93b6a773f926ad2ae85875940c8dfdbc869dcc08f1f47bdc507903003b6a684521f028ab9405bd5956950585092e0820df95,2021-03-05 18:03:00,30,TRAFFIC SIGNAL,FUNCTIONING PROPERLY,CLEAR,DUSK,REAR END,NOT DIVIDED,STRAIGHT AND LEVEL,DRY,NO DEFECTS,NO INJURY / DRIVE AWAY,"$501 - $1,500",IMPROPER OVERTAKING/PASSING,DRIVING SKILLS/KNOWLEDGE/EXPERIENCE,754,W,119TH ST,2,NO INDICATION OF INJURY,0.0,0.0,0.0,0.0,0.0,2.0,0.0,18,6,3
e226cae227c8eecc89d7ce89a0b7e5ff279f4afc25a699a9f3f403411fad2c09ed0348c1ee422170a6b93fae5f124b4eeec6cc0447dc9abbc2b5ee6d414f0856,2018-07-09 10:30:00,0,NO CONTROLS,NO CONTROLS,CLEAR,DAYLIGHT,TURNING,NOT DIVIDED,STRAIGHT AND LEVEL,DRY,NO DEFECTS,NO INJURY / DRIVE AWAY,"OVER $1,500",IMPROPER TURNING/NO SIGNAL,DRIVING SKILLS/KNOWLEDGE/EXPERIENCE,2900,S,LA SALLE ST,2,NO INDICATION OF INJURY,0.0,0.0,0.0,0.0,0.0,2.0,0.0,10,2,7
8a8a64c9ef36302fabc9f2b4f5baf2f706473a503e7b7db5612de32ce12fc86354cb39f3736545962f934ebb44387778b9c09234ab80184c688b33a686325d30,2024-01-12 17:48:00,20,NO CONTROLS,NO CONTROLS,SNOW,"DARKNESS, LIGHTED ROAD",FIXED OBJECT,ALLEY,STRAIGHT AND LEVEL,SNOW OR SLUSH,NO DEFECTS,INJURY AND / OR TOW DUE TO CRASH,"OVER $1,500",WEATHER,NOT APPLICABLE,5615,S,CLAREMONT AVE,1,NO INDICATION OF INJURY,0.0,0.0,0.0,0.0,0.0,1.0,0.0,17,6,1
35ae7029d12e43dbdd22af840ef77b7e49ac489d5811b47b7c8270eb31c0167c8b6e5d5f1e99cc57eec35181e96d40f2067bd55ef20d304292412af045175bec,2023-03-20 19:45:00,30,NO CONTROLS,NO CONTROLS,CLEAR,"DARKNESS, LIGHTED ROAD",REAR END,DIVIDED - W/MEDIAN (NOT RAISED),STRAIGHT AND LEVEL,DRY,UNKNOWN,NO INJURY / DRIVE AWAY,"OVER $1,500",DRIVING SKILLS/KNOWLEDGE/EXPERIENCE,UNABLE TO DETERMINE,4101,W,CERMAK RD,2,NO INDICATION OF INJURY,0.0,0.0,0.0,0.0,0.0,4.0,0.0,19,2,3
a6d7ee423ee6891ded474a4a297b0a96e8cf759b90af293e8327e9de28a6fad6f5d1e8a135fe217915f2e28152c124ff8b9b466aade81bade59a0165550d03f3,2020-08-12 21:44:00,30,STOP SIGN/FLASHER,FUNCTIONING PROPERLY,CLEAR,"DARKNESS, LIGHTED ROAD",PEDESTRIAN,NOT DIVIDED,STRAIGHT AND LEVEL,DRY,NO DEFECTS,INJURY AND / OR TOW DUE TO CRASH,$500 OR LESS,FAILING TO YIELD RIGHT-OF-WAY,NOT APPLICABLE,5400,W,ROSCOE ST,2,NONINCAPACITATING INJURY,1.0,0.0,0.0,1.0,0.0,1.0,0.0,21,4,8
849e004bc83e5e81469709be31ceee939b0fa9952e6d54cfffb6c05cc7a1389b2cf88e8f3324660a988e49e21b118b63a5cf2ec890e534b36769dde491031595,2017-05-10 17:30:00,30,STOP SIGN/FLASHER,FUNCTIONING PROPERLY,CLEAR,DAYLIGHT,ANGLE,NOT DIVIDED,STRAIGHT AND LEVEL,DRY,NO DEFECTS,NO INJURY / DRIVE AWAY,"OVER $1,500",UNABLE TO DETERMINE,UNABLE TO DETERMINE,2832,W,AUGUSTA BLVD,2,NO INDICATION OF INJURY,0.0,0.0,0.0,0.0,0.0,2.0,0.0,17,4,5
bc5b7865ab7a357d8ef6038e140b4be1e452d66c71d5f3af4bf4008f349aad80241dbabae923e9e493df03e2a12197be46ad2874246aaf0c27f0313f61fe8191,2018-03-18 12:55:00,30,NO CONTROLS,NO CONTROLS,CLEAR,DAYLIGHT,REAR END,DIVIDED - W/MEDIAN (NOT RAISED),STRAIGHT AND LEVEL,DRY,NO DEFECTS,NO INJURY / DRIVE AWAY,"OVER $1,500",FOLLOWING TOO CLOSELY,NOT APPLICABLE,5912,N,RIDGE AVE,2,NO INDICATION OF INJURY,0.0,0.0,0.0,0.0,0.0,3.0,0.0,12,1,3
8099774a6d81bf320c7337462c7b87d19f8b6962e911f4e733187fb4e081113f93e524de4cf676fd3e449d26ccfcd1fbe46477ceb1e180bfc0a0dbdfff5ab7ea,2021-09-03 14:30:00,30,TRAFFIC SIGNAL,FUNCTIONING PROPERLY,CLEAR,DAYLIGHT,REAR END,NOT DIVIDED,STRAIGHT AND LEVEL,DRY,NO DEFECTS,NO INJURY / DRIVE AWAY,"$501 - $1,500",UNABLE TO DETERMINE,UNABLE TO DETERMINE,722,E,111TH ST,2,NO INDICATION OF INJURY,0.0,0.0,0.0,0.0,0.0,2.0,0.0,14,6,9
a2aa599ea13c2b29c7f603ad6910470636c227510d9e67a8cc5d85fafa4c44facd289763242c1091e4b7044fbe08ff29c2c1f79415fca1abfaf6c354c9057397,2020-06-22 13:00:00,35,TRAFFIC SIGNAL,UNKNOWN,CLEAR,DAYLIGHT,TURNING,NOT DIVIDED,STRAIGHT AND LEVEL,DRY,UNKNOWN,NO INJURY / DRIVE AWAY,"$501 - $1,500",IMPROPER TURNING/NO SIGNAL,NOT APPLICABLE,55,E,JACKSON BLVD,2,NO INDICATION OF INJURY,0.0,0.0,0.0,0.0,0.0,2.0,0.0,13,2,6
17e13d1622f05fd94bf53aa71df5500a340ac0d16fca670a4018022a0eb9cedbfec0e90b7f45e18fe735bc131d79d08bc08c1ff791806f6d3f6c28b942bf34f5,2023-11-29 16:00:00,30,NO CONTROLS,NO CONTROLS,UNKNOWN,DAYLIGHT,TURNING,DIVIDED - W/MEDIAN BARRIER,STRAIGHT AND LEVEL,DRY,NO DEFECTS,NO INJURY / DRIVE AWAY,"$501 - $1,500",UNABLE TO DETERMINE,UNABLE TO DETERMINE,8400,S,STONY ISLAND AVE,2,NO INDICATION OF INJURY,0.0,0.0,0.0,0.0,0.0,2.0,0.0,16,4,11
9b0da2073471a19eef9d162dbd190a91d5ad2355356375be76a646ec77461b42faf6907ef46c66c75133c8eb359ffec13b1ae069bf299e8a6ae95fc561a66928,2018-10-05 14:45:00,30,NO CONTROLS,NO CONTROLS,CLEAR,DAYLIGHT,REAR END,NOT DIVIDED,STRAIGHT AND LEVEL,DRY,NO DEFECTS,NO INJURY / DRIVE AWAY,"OVER $1,500",UNABLE TO DETERMINE,UNABLE TO DETERMINE,2127,W,LAWRENCE AVE,2,NO INDICATION OF INJURY,0.0,0.0,0.0,0.0,0.0,3.0,0.0,14,6,10
25a96fe71ca3276f967aad8a5bcbc9fd4f5346e7e5111b5e2d5e98b542bcdbb736213b9e7db9f5c990f0751a7d02af559c8dc457655129b5494b5eab1aad42b3,2017-06-12 12:30:00,20,NO CONTROLS,NO CONTROLS,CLEAR,DAYLIGHT,ANGLE,RAMP,STRAIGHT ON GRADE,DRY,NO DEFECTS,NO INJURY / DRIVE AWAY,"OVER $1,500",UNABLE TO DETERMINE,UNABLE TO DETERMINE,4400,N,SIMONDS DR,2,NO INDICATION OF INJURY,0.0,0.0,0.0,0.0,0.0,2.0,0.0,12,2,6
b103243a056c3b7a8d20e47d5d03c4c116495fe53b5ac2d73eba8a1d0180d986e28358c305cc4cdf3f513db6aca692ed482a62c99f32dd03c34dc190ccc9450a,2020-04-02 16:10:00,30,NO CONTROLS,NO CONTROLS,CLEAR,DAYLIGHT,PARKED MOTOR VEHICLE,NOT DIVIDED,STRAIGHT AND LEVEL,DRY,NO DEFECTS,NO INJURY / DRIVE AWAY,"OVER $1,500",IMPROPER LANE USAGE,UNABLE TO DETERMINE,743,E,42ND ST,2,NO INDICATION OF INJURY,0.0,0.0,0.0,0.0,0.0,1.0,0.0,16,5,4
82809ac49b9713a3c1f648608e2aad2863b02fffc406a696666370bfdb91b4dec64e71f0f9484dba78bf4715aaf6bb3269e2dd9ed5a561278142441481277955,2020-08-06 10:30:00,35,NO CONTROLS,NO CONTROLS,CLEAR,DAYLIGHT,REAR END,OTHER,STRAIGHT AND LEVEL,DRY,NO DEFECTS,NO INJURY / DRIVE AWAY,"$501 - $1,500",UNABLE TO DETERMINE,NOT APPLICABLE,8616,S,COMMERCIAL AVE,2,NO INDICATION OF INJURY,0.0,0.0,0.0,0.0,0.0,2.0,0.0,10,5,8
58afe6c3621192c37096d3b5031aaad82e38afad9d7010435ab026b9eba771da6b55e543c47e79eba0f058ffd07df3fa72162a300b006e194da23bd67bd1ac67,2019-01-17 14:30:00,30,NO CONTROLS,NO CONTROLS,CLEAR,DAYLIGHT,FIXED OBJECT,NOT DIVIDED,STRAIGHT AND LEVEL,DRY,NO DEFECTS,NO INJURY / DRIVE AWAY,"OVER $1,500",UNABLE TO DETERMINE,UNABLE TO DETERMINE,500,S,PULASKI RD,1,NO INDICATION OF INJURY,0.0,0.0,0.0,0.0,0.0,1.0,0.0,14,5,1
81729cd3c39a5bb4a0764757fdf5a6bb31ca177baa0658efd10bc75e5a000c70847ea206e716441e78b6ffb2ecd077a19eb867605e043645c2fdc81c8ae2694f,2022-04-03 17:20:00,30,STOP SIGN/FLASHER,NO CONTROLS,CLEAR,DAYLIGHT,REAR END,NOT DIVIDED,STRAIGHT AND LEVEL,DRY,NO DEFECTS,NO INJURY / DRIVE AWAY,"$501 - $1,500",UNABLE TO DETERMINE,UNABLE TO DETERMINE,1617,E,55TH ST,2,NO INDICATION OF INJURY,0.0,0.0,0.0,0.0,0.0,2.0,0.0,17,1,4
6a35c37f6a6e9ad86d9e63d6e592077bd52d655a0ecf0f9673ca67b46df9c942187c04db16edbe518fe159773c4bc07a4797953712b32335f2391fd15aa05bd3,2020-01-04 12:00:00,30,TRAFFIC SIGNAL,FUNCTIONING PROPERLY,CLEAR,DAYLIGHT,SIDESWIPE SAME DIRECTION,UNKNOWN INTERSECTION TYPE,STRAIGHT AND LEVEL,DRY,NO DEFECTS,NO INJURY / DRIVE AWAY,"OVER $1,500",NOT APPLICABLE,NOT APPLICABLE,7851,S,PULASKI RD,2,NO INDICATION OF INJURY,0.0,0.0,0.0,0.0,0.0,2.0,0.0,12,7,1
82acff362a9e85928d0bc54eeb9421515c0558debca93d7a33d6a1fc2724dd57bd2eae1b227cbcd7fab22ff9d39a9a0d15111b7df2ce14befffbe9a10c3945e6,2024-04-17 18:50:00,35,TRAFFIC SIGNAL,FUNCTIONING PROPERLY,CLEAR,DAYLIGHT,REAR END,NOT DIVIDED,STRAIGHT AND LEVEL,DRY,NO DEFECTS,INJURY AND / OR TOW DUE TO CRASH,"OVER $1,500",FAILING TO REDUCE SPEED TO AVOID CRASH,NOT APPLICABLE,6807,W,ARCHER AVE,2,"REPORTED, NOT EVIDENT",1.0,0.0,0.0,0.0,1.0,6.0,0.0,18,4,4
5590baf4252b8ef531fc6a440a5aa6c3bb97fb28f91a1c2d4a5074d32ee386ae3ed5b99d765e4661f734bb6fea4ad67740a44db42389a1cb523b67f942ab083d,2018-10-24 16:05:00,30,STOP SIGN/FLASHER,FUNCTIONING PROPERLY,CLEAR,DAYLIGHT,ANGLE,NOT DIVIDED,STRAIGHT AND LEVEL,DRY,NO DEFECTS,INJURY AND / OR TOW DUE TO CRASH,"OVER $1,500",UNABLE TO DETERMINE,UNABLE TO DETERMINE,1878,W,OGDEN AVE,2,NO INDICATION OF INJURY,0.0,0.0,0.0,0.0,0.0,2.0,0.0,16,4,10
77903a8e8a9db75a34c9187f6af4d459729016cb7f1b829716e1fc8ddde997ecce833f0a13a8e46084f696caefa7d4779049951dbeeed98a0209b9bc3cc7523f,2019-05-10 20:44:00,35,TRAFFIC SIGNAL,FUNCTIONING PROPERLY,CLEAR,"DARKNESS, LIGHTED ROAD",TURNING,DIVIDED - W/MEDIAN (NOT RAISED),STRAIGHT AND LEVEL,DRY,NO DEFECTS,NO INJURY / DRIVE AWAY,$500 OR LESS,IMPROPER OVERTAKING/PASSING,NOT APPLICABLE,5560,W,NORTH AVE,2,NO INDICATION OF INJURY,0.0,0.0,0.0,0.0,0.0,2.0,0.0,20,6,5
a930601cb7e6e6cbfda24df105e83b4f4a9f98bfec57a7418c00d69cc0996a371ddfc4a4713875d6134f17bbcde78fb385e649ff5f5e58fbc607f05531eb7fce,2016-08-18 16:58:00,0,STOP SIGN/FLASHER,NO CONTROLS,CLEAR,DAYLIGHT,REAR END,NOT DIVIDED,STRAIGHT AND LEVEL,DRY,NO DEFECTS,NO INJURY / DRIVE AWAY,"OVER $1,500",UNABLE TO DETERMINE,UNABLE TO DETERMINE,1100,E,87TH ST,2,NO INDICATION OF INJURY,0.0,0.0,0.0,0.0,0.0,2.0,0.0,16,5,8
2ba3025c102c8e84f20b25aa955fc2736bbfa7b04a386d7059079adfd97e9cb389932567d5d812c1c1a5e4a52e83765e9bf0a63a4a5dd9001e27e23f2465f877,2023-07-13 20:10:00,30,TRAFFIC SIGNAL,FUNCTIONING PROPERLY,CLEAR,"DARKNESS, LIGHTED ROAD",REAR END,FOUR WAY,STRAIGHT AND LEVEL,DRY,NO DEFECTS,INJURY AND / OR TOW DUE TO CRASH,"OVER $1,500",DISTRACTION - FROM INSIDE VEHICLE,UNABLE TO DETERMINE,1199,S,KOSTNER AVE,2,NONINCAPACITATING INJURY,1.0,0.0,0.0,1.0,0.0,2.0,0.0,20,5,7
287a268979b52321721b8a2fe1bc3d833708c1a05edb07da2eb913e8531de8729288587f3aea427cda1dbc49c37cf09d490e1f082c4c04b5d49793accaa97e44,2023-06-07 14:30:00,10,NO CONTROLS,NO CONTROLS,CLEAR,DAYLIGHT,PARKED MOTOR VEHICLE,PARKING LOT,STRAIGHT AND LEVEL,DRY,NO DEFECTS,NO INJURY / DRIVE AWAY,"OVER $1,500",UNABLE TO DETERMINE,UNABLE TO DETERMINE,2000,W,47TH ST,2,NO INDICATION OF INJURY,0.0,0.0,0.0,0.0,0.0,1.0,0.0,14,4,6
3806f89e986f89a05dff7c1af388a88270768be7ba61f1d63058e62c13b43f7bd826e58f787c8748e48401c375385b135d7d892c9107e448d830e08c37d60127,2016-12-29 20:00:00,30,TRAFFIC SIGNAL,FUNCTIONING PROPERLY,CLEAR,DARKNESS,TURNING,NOT DIVIDED,STRAIGHT AND LEVEL,DRY,NO DEFECTS,NO INJURY / DRIVE AWAY,"OVER $1,500",FAILING TO YIELD RIGHT-OF-WAY,FAILING TO YIELD RIGHT-OF-WAY,1800,S,STATE ST,2,NO INDICATION OF INJURY,0.0,0.0,0.0,0.0,0.0,2.0,0.0,20,5,12