CRASH_RECORD_ID,CRASH_DATE,POSTED_SPEED_LIMIT,TRAFFIC_CONTROL_DEVICE,DEVICE_CONDITION,WEATHER_CONDITION,LIGHTING_CONDITION,FIRST_CRASH_TYPE,TRAFFICWAY_TYPE,ALIGNMENT,ROADWAY_SURFACE_COND,ROAD_DEFECT,CRASH_TYPE,DAMAGE,PRIM_CONTRIBUTORY_CAUSE,SEC_CONTRIBUTORY_CAUSE,STREET_NO,STREET_DIRECTION,STREET_NAME,NUM_UNITS,MOST_SEVERE_INJURY,INJURIES_TOTAL,INJURIES_FATAL,INJURIES_INCAPACITATING,INJURIES_NON_INCAPACITATING,INJURIES_REPORTED_NOT_EVIDENT,INJURIES_NO_INDICATION,INJURIES_UNKNOWN,CRASH_HOUR,CRASH_DAY_OF_WEEK,CRASH_MONTH
336c866588e08c6167112967db97bb65d0e266a8efa0a2b5379b4e89d112cf1794ad61114ce50279b4c28b49441ef333298c21324ebbde9b0d5eaa3cec46e00a,2020-11-16 17:45:00,25,TRAFFIC SIGNAL,FUNCTIONING PROPERLY,CLEAR,"DARKNESS, LIGHTED ROAD",REAR END,DIVIDED - W/MEDIAN BARRIER,STRAIGHT AND LEVEL,DRY,NO DEFECTS,NO INJURY / DRIVE AWAY,"OVER $1,500",FOLLOWING TOO CLOSELY,FOLLOWING TOO CLOSELY,641,S,ASHLAND AVE,2,NO INDICATION OF INJURY,0.0,0.0,0.0,0.0,0.0,2.0,0.0,17,2,11
6aab788cc24c01b53ec1af13a1960fd3f726fe163ee533f01b3d35a4eb6281f47186afdf369ecabeaa5c5481c8c4704c8a9c36eee6021429e1d634550919c655,2019-01-15 20:40:00,30,UNKNOWN,UNKNOWN,RAIN,"DARKNESS, LIGHTED ROAD",SIDESWIPE SAME DIRECTION,NOT DIVIDED,STRAIGHT AND LEVEL,WET,NO DEFECTS,NO INJURY / DRIVE AWAY,"OVER $1,500",DRIVING SKILLS/KNOWLEDGE/EXPERIENCE,NOT APPLICABLE,200,E,RANDOLPH ST,2,NO INDICATION OF INJURY,0.0,0.0,0.0,0.0,0.0,2.0,0.0,20,3,1
afa264328105e0cf2513e88c333a7963853ce82111de2fb0c3a1188e624d8168a9a4c6f592a9e49af1096b5792882c760eabd058e3fb868725269a301b4670cf,2019-06-12 14:50:00,30,TRAFFIC SIGNAL,FUNCTIONING PROPERLY,RAIN,DAYLIGHT,SIDESWIPE OPPOSITE DIRECTION,DIVIDED - W/MEDIAN (NOT RAISED),STRAIGHT AND LEVEL,WET,NO DEFECTS,NO INJURY / DRIVE AWAY,"OVER $1,500",UNABLE TO DETERMINE,NOT APPLICABLE,4500,W,ADDISON ST,2,NO INDICATION OF INJURY,0.0,0.0,0.0,0.0,0.0,2.0,0.0,14,4,6
db1f7129518b2d8e00b9c839517294c62b9241c49bf1374bd6e652917ce84907b5f1df76766f3d8417b0ccee073f5b7f90aa3837eb6c069e2a20a23d0d336915,2018-12-04 12:30:00,30,TRAFFIC SIGNAL,FUNCTIONING PROPERLY,CLOUDY/OVERCAST,DAYLIGHT,TURNING,DIVIDED - W/MEDIAN (NOT RAISED),STRAIGHT AND LEVEL,DRY,NO DEFECTS,NO INJURY / DRIVE AWAY,"OVER $1,500",UNABLE TO DETERMINE,NOT APPLICABLE,2700,W,OGDEN AVE,2,NO INDICATION OF INJURY,0.0,0.0,0.0,0.0,0.0,2.0,0.0,12,3,12
77d6ee44fa79ff905d30b0e03e0af6445f40375f26bf9c4af6e3fb15ee37dfe833fce7ae49fe60f5c35f1002b2ddfb403134ccaa2ba924b55fd869a7c4bf26fe,2023-08-30 23:59:00,30,NO CONTROLS,UNKNOWN,UNKNOWN,UNKNOWN,PARKED MOTOR VEHICLE,NOT DIVIDED,STRAIGHT AND LEVEL,UNKNOWN,UNKNOWN,NO INJURY / DRIVE AWAY,"OVER $1,500",NOT APPLICABLE,NOT APPLICABLE,4419,N,MARINE DR,2,NO INDICATION OF INJURY,0.0,0.0,0.0,0.0,0.0,1.0,0.0,23,4,8
78228a54ab9db8a1a38e50cfdf5a6b936d0bd90424074fd48ee72dec0601fcc0ddc529040fb586d26961bcb1f9429f05c4fa9a5fce3322d7fa9d918b61b2c95d,2019-07-19 15:15:00,30,NO CONTROLS,NO CONTROLS,CLEAR,DAYLIGHT,SIDESWIPE SAME DIRECTION,NOT DIVIDED,STRAIGHT AND LEVEL,DRY,NO DEFECTS,INJURY AND / OR TOW DUE TO CRASH,"OVER $1,500",IMPROPER OVERTAKING/PASSING,UNABLE TO DETERMINE,20,S,LA SALLE ST,2,NONINCAPACITATING INJURY,1.0,0.0,0.0,1.0,0.0,3.0,0.0,15,6,7
03f77b2b4721dc2db664ff9f48d5c7930db811ee467688e1b7f363512716174ad4c7a26a47a1ec2563ef40cd7ab17aa839da7f1c958c84e4ecdb1198c849b22e,2020-01-16 01:00:00,30,NO CONTROLS,NO CONTROLS,CLEAR,"DARKNESS, LIGHTED ROAD",PARKED MOTOR VEHICLE,NOT DIVIDED,STRAIGHT AND LEVEL,DRY,NO DEFECTS,NO INJURY / DRIVE AWAY,"OVER $1,500",UNABLE TO DETERMINE,UNABLE TO DETERMINE,2527,S,CENTRAL PARK AVE,2,NO INDICATION OF INJURY,0.0,0.0,0.0,0.0,0.0,1.0,0.0,1,5,1
41402c25b1face8b59c2f0a0b26d219be57b4bc2e18fbdf22f02b824db75a20228efd797608ed101336151dcb863ea786e9cdf223bf5a10161679b4a900907c3,2017-12-31 18:05:00,30,NO CONTROLS,NO CONTROLS,UNKNOWN,"DARKNESS, LIGHTED ROAD",SIDESWIPE SAME DIRECTION,ONE-WAY,STRAIGHT AND LEVEL,UNKNOWN,UNKNOWN,NO INJURY / DRIVE AWAY,"OVER $1,500",UNABLE TO DETERMINE,NOT APPLICABLE,5749,N,KENMORE AVE,2,NO INDICATION OF INJURY,0.0,0.0,0.0,0.0,0.0,3.0,0.0,18,1,12
0f360464eedacdf855bca24babd761cdc67a49b0e70694835f6599097ad0fa577e5825cd53c3c5fdbb355251b0bf545ffcc44b0ba67279d27c4f50ddcebe0624,2022-09-01 18:00:00,35,TRAFFIC SIGNAL,FUNCTIONING PROPERLY,CLEAR,DAWN,SIDESWIPE SAME DIRECTION,NOT DIVIDED,STRAIGHT AND LEVEL,UNKNOWN,UNKNOWN,NO INJURY / DRIVE AWAY,"OVER $1,500",IMPROPER LANE USAGE,DRIVING SKILLS/KNOWLEDGE/EXPERIENCE,1551,N,CICERO AVE,2,NO INDICATION OF INJURY,0.0,0.0,0.0,0.0,0.0,2.0,0.0,18,5,9
e5599d28aaf8311f31a46e5cda2915ba8866e508ac0b74daad109fd63802522d7cd2c7f40dabb0199996ba611e83c1d5014caaa44706adbd58acf438ff50847c,2018-04-12 21:48:00,30,TRAFFIC SIGNAL,FUNCTIONING PROPERLY,CLEAR,DUSK,TURNING,DIVIDED - W/MEDIAN BARRIER,STRAIGHT AND LEVEL,DRY,NO DEFECTS,INJURY AND / OR TOW DUE TO CRASH,"OVER $1,500",UNABLE TO DETERMINE,NOT APPLICABLE,7900,S,SOUTH CHICAGO AVE,2,NONINCAPACITATING INJURY,1.0,0.0,0.0,1.0,0.0,1.0,0.0,21,5,4
d540881b0f4076acd1fb980a2aac9e6f75c22d74d2f056e34900fb0172b19d08c65a1047b19ea31c9f29cab70d21654c097950f9dd04653a8b88e0f2a9f73fb4,2018-03-01 23:10:00,30,TRAFFIC SIGNAL,NO CONTROLS,CLEAR,"DARKNESS, LIGHTED ROAD",REAR END,NOT DIVIDED,STRAIGHT AND LEVEL,DRY,NO DEFECTS,NO INJURY / DRIVE AWAY,"$501 - $1,500",FOLLOWING TOO CLOSELY,DISREGARDING STOP SIGN,4400,W,MADISON ST,2,NO INDICATION OF INJURY,0.0,0.0,0.0,0.0,0.0,2.0,0.0,23,5,3
74265d8cd11b9591060102fa33db4a36d8d4f1024548254cce84aa2a7a132819b04aef98e3be5427628ee973693285580a45aae8e1c4bb2b7e1f9f00bcda168d,2020-01-29 20:24:00,30,NO CONTROLS,NO CONTROLS,CLEAR,DARKNESS,PEDALCYCLIST,DIVIDED - W/MEDIAN (NOT RAISED),STRAIGHT AND LEVEL,DRY,NO DEFECTS,INJURY AND / OR TOW DUE TO CRASH,$500 OR LESS,FAILING TO YIELD RIGHT-OF-WAY,NOT APPLICABLE,7105,S,WESTERN AVE,2,NONINCAPACITATING INJURY,1.0,0.0,0.0,1.0,0.0,1.0,0.0,20,4,1
54507e376bf93ba5c1fd2d8c24b8b8bdcec1e248a54f5f7fd47ab769d36e972f557ecd69c342630dbe1c06f2fca976893e874596b83e651e568fbe787ee74439,2023-01-11 00:37:00,30,TRAFFIC SIGNAL,FUNCTIONING PROPERLY,CLEAR,"DARKNESS, LIGHTED ROAD",FIXED OBJECT,FOUR WAY,STRAIGHT AND LEVEL,DRY,NO DEFECTS,INJURY AND / OR TOW DUE TO CRASH,"OVER $1,500",UNABLE TO DETERMINE,UNABLE TO DETERMINE,5400,S,MENARD AVE,1,NO INDICATION OF INJURY,0.0,0.0,0.0,0.0,0.0,2.0,0.0,0,4,1
7b6889c77b00499fdb8422c0dbc048278cd4d303981c461f8326d17e02b024f050ab9f5045406772b64031f805072f544ece1e1c593f123fb369ace7c4e90408,2022-08-09 08:55:00,25,TRAFFIC SIGNAL,FUNCTIONING PROPERLY,CLEAR,DAYLIGHT,TURNING,DIVIDED - W/MEDIAN (NOT RAISED),STRAIGHT AND LEVEL,DRY,NO DEFECTS,NO INJURY / DRIVE AWAY,"OVER $1,500",NOT APPLICABLE,NOT APPLICABLE,9200,S,JEFFERY AVE,2,NO INDICATION OF INJURY,0.0,0.0,0.0,0.0,0.0,2.0,0.0,8,3,8
b3dec4d2027490023d3fe6e478dd8c840cdda25b3c0c542e8544338aca39c99716d2477e4f00196e68d6fcdf4716db5c1c120f44a45887d951d744e64c53eb89,2018-03-06 13:45:00,30,UNKNOWN,UNKNOWN,UNKNOWN,UNKNOWN,SIDESWIPE SAME DIRECTION,UNKNOWN,STRAIGHT AND LEVEL,UNKNOWN,UNKNOWN,NO INJURY / DRIVE AWAY,"OVER $1,500",UNABLE TO DETERMINE,NOT APPLICABLE,6641,N,NORTHWEST HWY,2,NO INDICATION OF INJURY,0.0,0.0,0.0,0.0,0.0,2.0,0.0,13,3,3
6a14ad8367140c9452a12425fbd69ae0b229d4fe7a321045e8c0e5b1424e8787ee57565ced22b4130fff44a2fea7abc01f939287c83b352d4de2c51fcccb554a,2018-01-04 07:50:00,30,NO CONTROLS,NO CONTROLS,CLEAR,DAYLIGHT,REAR END,NOT DIVIDED,STRAIGHT AND LEVEL,DRY,NO DEFECTS,NO INJURY / DRIVE AWAY,"$501 - $1,500",FAILING TO REDUCE SPEED TO AVOID CRASH,NOT APPLICABLE,5700,S,CORNELL DR,2,NO INDICATION OF INJURY,0.0,0.0,0.0,0.0,0.0,2.0,0.0,7,5,1
b02cf599cc0838fc1c5b3edb7bc7b7b5271ad0ee36c44ba61c18961df37a050de6a28877444a7ea23bd71655ea6eaf12ccd4a2e5d2cf72e49b8de964b180344e,2023-03-10 06:00:00,30,NO CONTROLS,NO CONTROLS,RAIN,DARKNESS,PARKED MOTOR VEHICLE,ONE-WAY,STRAIGHT AND LEVEL,WET,NO DEFECTS,NO INJURY / DRIVE AWAY,"OVER $1,500",UNABLE TO DETERMINE,UNABLE TO DETERMINE,5146,S,CAMPBELL AVE,2,NO INDICATION OF INJURY,0.0,0.0,0.0,0.0,0.0,1.0,0.0,6,6,3
231cfab87539636d5509a1a411cc11f6f08490845f5128287c1df19f158f98bb37e7301fd2d77042cd17357b296497640e29c277daa6441cf67840e3e1084985,2019-10-02 09:55:00,40,NO CONTROLS,NO CONTROLS,RAIN,DAYLIGHT,SIDESWIPE SAME DIRECTION,DIVIDED - W/MEDIAN BARRIER,STRAIGHT AND LEVEL,WET,UNKNOWN,NO INJURY / DRIVE AWAY,"$501 - $1,500",IMPROPER OVERTAKING/PASSING,UNABLE TO DETERMINE,2406,N,LAKE SHORE DR SB,2,NO INDICATION OF INJURY,0.0,0.0,0.0,0.0,0.0,2.0,0.0,9,4,10
67c58b9c7cf79e26ad865a41a0b07cb9a9fb305bfc244c0b1c057f709d02888b7fd85c76062ba441b7b68d8a762692d8b21d89e6a7f8282d4074d0acf48a671b,2022-07-25 03:24:00,30,NO CONTROLS,NO CONTROLS,CLEAR,"DARKNESS, LIGHTED ROAD",PARKED MOTOR VEHICLE,NOT DIVIDED,STRAIGHT AND LEVEL,DRY,NO DEFECTS,INJURY AND / OR TOW DUE TO CRASH,"OVER $1,500",EQUIPMENT - VEHICLE CONDITION,UNABLE TO DETERMINE,1610,W,MONTROSE AVE,2,NO INDICATION OF INJURY,0.0,0.0,0.0,0.0,0.0,1.0,0.0,3,2,7
214d0677b3de08446438aca3a61b23ac474082511667e3c3e2e7cd6e418da951fc8c6e2031ec639d070dd117bdac06a2b6d0288e1cfd6351e86ef6cb69e861b4,2021-05-12 17:00:00,10,NO CONTROLS,NO CONTROLS,UNKNOWN,UNKNOWN,PARKED MOTOR VEHICLE,PARKING LOT,STRAIGHT AND LEVEL,UNKNOWN,UNKNOWN,NO INJURY / DRIVE AWAY,"OVER $1,500",UNABLE TO DETERMINE,UNABLE TO DETERMINE,316,E,ILLINOIS ST,2,NO INDICATION OF INJURY,0.0,0.0,0.0,0.0,0.0,1.0,0.0,17,4,5
93ca4e46490070d158e2198a8d157ee26dce35dac1e0d098e296d394df6f46e0365266cb7046f8989e08c8a5012b971fb180e6856a62a63ca7fcf26fb231d7e4,2023-03-23 17:15:00,30,NO CONTROLS,NO CONTROLS,CLEAR,DAYLIGHT,REAR END,DIVIDED - W/MEDIAN BARRIER,STRAIGHT AND LEVEL,DRY,NO DEFECTS,NO INJURY / DRIVE AWAY,"$501 - $1,500",UNABLE TO DETERMINE,UNABLE TO DETERMINE,5500,S,LAKE SHORE DR SB,2,NO INDICATION OF INJURY,0.0,0.0,0.0,0.0,0.0,5.0,0.0,17,5,3
4dc4e69f406f1fa7111187bfbf2e0ca46d7fdddf58c1006e1b084d05ab779f5b3a2a634d7263bd3cd62edd02fd3afd7682cc914bc020d558453db211e6de45dd,2022-07-22 15:30:00,30,TRAFFIC SIGNAL,FUNCTIONING PROPERLY,CLEAR,DAYLIGHT,ANGLE,FOUR WAY,STRAIGHT AND LEVEL,DRY,NO DEFECTS,NO INJURY / DRIVE AWAY,$500 OR LESS,UNABLE TO DETERMINE,UNABLE TO DETERMINE,1800,W,PETERSON AVE,2,NO INDICATION OF INJURY,0.0,0.0,0.0,0.0,0.0,2.0,0.0,15,6,7
418d6096eca4e435e7bb3714aff8bfc197654c291b8431e0a198d4c42acc1890ef019ab8761b6f0e7f44ab00957d473abdb43f771069490abb12c8c809ab5b1e,2017-12-05 16:00:00,30,NO CONTROLS,NO CONTROLS,CLEAR,DAYLIGHT,ANGLE,NOT DIVIDED,STRAIGHT AND LEVEL,DRY,NO DEFECTS,NO INJURY / DRIVE AWAY,"OVER $1,500",UNABLE TO DETERMINE,NOT APPLICABLE,3216,N,DRAKE AVE,2,NO INDICATION OF INJURY,0.0,0.0,0.0,0.0,0.0,5.0,0.0,16,3,12
ee3902c228b4629b5356ee05a207cf7818485dc6708255097c2f07427937e6c1629efeaa258f6bd0e1a3a27f15edb18d487a318ba1d8006abb376ec675371e2b,2021-10-15 03:10:00,30,TRAFFIC SIGNAL,FUNCTIONING PROPERLY,CLEAR,"DARKNESS, LIGHTED ROAD",ANGLE,FOUR WAY,STRAIGHT AND LEVEL,DRY,UNKNOWN,INJURY AND / OR TOW DUE TO CRASH,"OVER $1,500",DISREGARDING TRAFFIC SIGNALS,NOT APPLICABLE,100,N,DAMEN AVE,2,NO INDICATION OF INJURY,0.0,0.0,0.0,0.0,0.0,3.0,0.0,3,6,10
afc9b3a9f14c82ac62bd124eab10738e548161b8c8ed1f547499d29f979c99379cb2b548b89a7c959db23af6d2a3828a8f6560a17c43a13300e55aea2f642fd8,2018-09-08 02:13:00,15,NO CONTROLS,NO CONTROLS,CLEAR,"DARKNESS, LIGHTED ROAD",PARKED MOTOR VEHICLE,ONE-WAY,STRAIGHT AND LEVEL,DRY,NO DEFECTS,INJURY AND / OR TOW DUE TO CRASH,"OVER $1,500",UNABLE TO DETERMINE,UNABLE TO DETERMINE,8638,S,CHAMPLAIN AVE,2,NO INDICATION OF INJURY,0.0,0.0,0.0,0.0,0.0,1.0,0.0,2,7,9
ddff76cec54c2b331bf5fb8da7be4f6e2e46ec3746a5b48ec3418de362c68ff1a230ec88d9f8ec704f2b56bbc9b7fd540e8ad6eda83a4271b3d32c1112495116,2020-11-06 22:00:00,20,NO CONTROLS,NO CONTROLS,CLEAR,DAYLIGHT,PARKED MOTOR VEHICLE,ONE-WAY,STRAIGHT AND LEVEL,DRY,NO DEFECTS,NO INJURY / DRIVE AWAY,"OVER $1,500",UNABLE TO DETERMINE,NOT APPLICABLE,451,W,MELROSE ST,2,NO INDICATION OF INJURY,0.0,0.0,0.0,0.0,0.0,1.0,0.0,22,6,11
175dc262583025b748b003ec801c03d471f477273ff7c4097ed0592123945e12e72a2d9bacc42773ffce32b9e619a9b79a6315faa425cfa33b4380a5a8ba98cf,2020-03-01 11:40:00,30,NO CONTROLS,NO CONTROLS,CLEAR,DAYLIGHT,SIDESWIPE SAME DIRECTION,NOT DIVIDED,STRAIGHT AND LEVEL,DRY,UNKNOWN,NO INJURY / DRIVE AWAY,$500 OR LESS,FAILING TO REDUCE SPEED TO AVOID CRASH,NOT APPLICABLE,730,S,CLARK ST,2,NO INDICATION OF INJURY,0.0,0.0,0.0,0.0,0.0,2.0,0.0,11,1,3
6f2ebba0ae98afc3289ef7777906bdef1c69d4c5208261d7400dcfbdea76e280627e7b5601fa1adf14fcb756f34467643dc0c5f053e4161192be75443b5418f4,2019-02-21 21:00:00,30,NO CONTROLS,NO CONTROLS,CLEAR,"DARKNESS, LIGHTED ROAD",PARKED MOTOR VEHICLE,PARKING LOT,STRAIGHT AND LEVEL,DRY,NO DEFECTS,NO INJURY / DRIVE AWAY,$500 OR LESS,IMPROPER BACKING,"VISION OBSCURED (SIGNS, TREE LIMBS, BUILDINGS, ETC.)",5101,S,WENTWORTH AVE,2,NO INDICATION OF INJURY,0.0,0.0,0.0,0.0,0.0,1.0,0.0,21,5,2
ac459f5c69b61c32819a0c915c59eaa3ad4d98d3a90b333ce480242b328a32c0df1e8a886238d9ed094172f375537798e1151260a936f55502f6ce4f44f8ea03,2020-12-17 20:05:00,30,TRAFFIC SIGNAL,FUNCTIONING PROPERLY,CLEAR,DARKNESS,HEAD ON,DIVIDED - W/MEDIAN (NOT RAISED),STRAIGHT AND LEVEL,DRY,NO DEFECTS,INJURY AND / OR TOW DUE TO CRASH,"OVER $1,500",IMPROPER TURNING/NO SIGNAL,UNABLE TO DETERMINE,9501,S,WESTERN AVE,2,NO INDICATION OF INJURY,0.0,0.0,0.0,0.0,0.0,3.0,0.0,20,5,12
bffdab496b9ea90c952b2ed8582399a562e0dc40fa608d6bb47d6567c8bee6e0ea5966b0baa63990bded827890e0f541f5e6638c19563cbb8ffcc1a2d51f4557,2020-07-31 06:29:00,30,TRAFFIC SIGNAL,FUNCTIONING PROPERLY,CLEAR,DAYLIGHT,TURNING,FOUR WAY,STRAIGHT AND LEVEL,DRY,NO DEFECTS,INJURY AND / OR TOW DUE TO CRASH,"OVER $1,500",UNABLE TO DETERMINE,NOT APPLICABLE,3001,W,CHICAGO AVE,2,NONINCAPACITATING INJURY,1.0,0.0,0.0,1.0,0.0,1.0,0.0,6,6,7
ccb1dcea002c0f5fdd95db352e47fc452b28668b6da0b63ec8ab43904c71aeb48630855f91040c78e68d38bf9a4078e169b94d96b667394933caea1fce9e85ee,2019-10-19 16:30:00,30,NO CONTROLS,NO CONTROLS,CLEAR,DAYLIGHT,PARKED MOTOR VEHICLE,PARKING LOT,STRAIGHT AND LEVEL,DRY,NO DEFECTS,NO INJURY / DRIVE AWAY,"$501 - $1,500",NOT APPLICABLE,NOT APPLICABLE,300,N,STATE ST,2,NO INDICATION OF INJURY,0.0,0.0,0.0,0.0,0.0,1.0,0.0,16,7,10
ce27b97a2b483c4fdbb95d3c6fab8e3ef538276fef27f7bc13b1f919e2160e8e4af7c04e26de9b4ab98847223025a3034b0f25f32cb230420163d76208842763,2022-08-09 13:21:00,30,NO CONTROLS,NO CONTROLS,CLEAR,DAYLIGHT,TURNING,NOT DIVIDED,STRAIGHT AND LEVEL,DRY,OTHER,INJURY AND / OR TOW DUE TO CRASH,"OVER $1,500",UNABLE TO DETERMINE,NOT APPLICABLE,2428,W,LAKE ST,2,NO INDICATION OF INJURY,0.0,0.0,0.0,0.0,0.0,2.0,0.0,13,3,8
f4dac53a3aa8eff902dea93c6b1b3f7ab315766a341fa6bff552bbe3433d6ecf8361bc81a15ea26a67c7929b4869d4be7f4dee050f15f97bfb031df7bb4d36f1,2017-07-11 11:32:00,30,STOP SIGN/FLASHER,FUNCTIONING PROPERLY,CLOUDY/OVERCAST,DAYLIGHT,ANGLE,DIVIDED - W/MEDIAN (NOT RAISED),STRAIGHT AND LEVEL,DRY,UNKNOWN,INJURY AND / OR TOW DUE TO CRASH,"OVER $1,500",FAILING TO YIELD RIGHT-OF-WAY,UNABLE TO DETERMINE,6700,S,SANGAMON ST,2,"REPORTED, NOT EVIDENT",2.0,0.0,0.0,0.0,2.0,2.0,0.0,11,3,7
188f2e5c625beb910792d3e12259f732baeb5b71a18a9de4c0c00e3a92b8a0d3dd28d6ede497073ddc8aa946e768bdaf38f2c7bae1882bea39f500bd295d130f,2024-03-09 08:40:00,30,NO CONTROLS,NO CONTROLS,RAIN,DAYLIGHT,OTHER OBJECT,DIVIDED - W/MEDIAN (NOT RAISED),STRAIGHT AND LEVEL,WET,"RUT, HOLES",NO INJURY / DRIVE AWAY,"OVER $1,500",UNABLE TO DETERMINE,UNABLE TO DETERMINE,5060,W,DEVON AVE,1,NO INDICATION OF INJURY,0.0,0.0,0.0,0.0,0.0,1.0,0.0,8,7,3
5c83a89d037bf8184398064e39e7b8bc82507615ebb1a2c40ba975fc7bf226b6284dfb70f2bf88598e3f173edc39dbb2053ba087f1779cb5a5bfe5f6fa733f8b,2018-05-22 14:00:00,30,NO CONTROLS,NO CONTROLS,CLEAR,DAYLIGHT,PARKED MOTOR VEHICLE,NOT DIVIDED,STRAIGHT AND LEVEL,DRY,UNKNOWN,NO INJURY / DRIVE AWAY,"OVER $1,500",DRIVING SKILLS/KNOWLEDGE/EXPERIENCE,UNABLE TO DETERMINE,225,N,WABASH AVE,2,NO INDICATION OF INJURY,0.0,0.0,0.0,0.0,0.0,1.0,0.0,14,3,5
25336e53884f577707e984b44941f92eb532c053e1c10c54c33b750c9e814afd1af1cc1c25d5213a01e0fa7dcecd280a6165ddd7f3517580b7175ba6864b3e40,2020-07-28 16:50:00,30,NO CONTROLS,NO CONTROLS,CLEAR,DAYLIGHT,PEDALCYCLIST,NOT DIVIDED,STRAIGHT AND LEVEL,DRY,NO DEFECTS,INJURY AND / OR TOW DUE TO CRASH,"OVER $1,500",UNABLE TO DETERMINE,NOT APPLICABLE,2450,W,47TH ST,2,NONINCAPACITATING INJURY,1.0,0.0,0.0,1.0,0.0,1.0,0.0,16,3,7
405dd2fce1ada72b7270acf731aae966ef6b1096252769bd521712e98e0d2ca6262e61058da2144aa73a11e53e994c6243b4a57be8716f418aba1a3533f9b9cd,2022-11-24 12:00:00,30,NO CONTROLS,NO CONTROLS,CLEAR,DAYLIGHT,PARKED MOTOR VEHICLE,DIVIDED - W/MEDIAN (NOT RAISED),STRAIGHT AND LEVEL,DRY,NO DEFECTS,NO INJURY / DRIVE AWAY,"$501 - $1,500",UNABLE TO DETERMINE,NOT APPLICABLE,3018,W,NORTH AVE,2,NO INDICATION OF INJURY,0.0,0.0,0.0,0.0,0.0,1.0,0.0,12,5,11
168e60d4a9adeda9936030c6eb64a1001fe4255beed0297685325bdfda91b98332ed2f3cbd72a9085dcbcae7dba11ec7c77c49221543395811c54b9af45c4feb,2023-12-28 15:00:00,30,TRAFFIC SIGNAL,FUNCTIONING PROPERLY,RAIN,DAYLIGHT,FIXED OBJECT,T-INTERSECTION,STRAIGHT AND LEVEL,WET,NO DEFECTS,INJURY AND / OR TOW DUE TO CRASH,"OVER $1,500",WEATHER,UNABLE TO DETERMINE,300,N,LAKE SHORE DR SB,1,NO INDICATION OF INJURY,0.0,0.0,0.0,0.0,0.0,2.0,0.0,15,5,12
018aee075b33aa2aea3dcd3785734de803e3eb5e0797805858eff896d641e36572b5187dbfb181b14396bb2d0085b08b88eee7979672d8bf6facd97c8e623365,2016-06-14 14:50:00,30,TRAFFIC SIGNAL,FUNCTIONING PROPERLY,CLEAR,DAYLIGHT,TURNING,NOT DIVIDED,STRAIGHT AND LEVEL,DRY,NO DEFECTS,NO INJURY / DRIVE AWAY,"$501 - $1,500",FAILING TO YIELD RIGHT-OF-WAY,NOT APPLICABLE,6400,S,COTTAGE GROVE AVE,2,NO INDICATION OF INJURY,0.0,0.0,0.0,0.0,0.0,5.0,0.0,14,3,6
1cc9498339a9a59dd8d54f1d477f9d0f9c6fb3158da2533219350c2c092f380456d7325bd4242802daece43fb38e3ce8db83b5e79d11c72438543c77ef893c18,2017-10-02 18:20:00,30,TRAFFIC SIGNAL,FUNCTIONING PROPERLY,CLEAR,DUSK,TURNING,DIVIDED - W/MEDIAN BARRIER,STRAIGHT AND LEVEL,DRY,NO DEFECTS,NO INJURY / DRIVE AWAY,"OVER $1,500",IMPROPER TURNING/NO SIGNAL,UNABLE TO DETERMINE,340,N,MICHIGAN AVE,2,NO INDICATION OF INJURY,0.0,0.0,0.0,0.0,0.0,2.0,0.0,18,2,10
3dc9e792784163f0bc9c8262e032af45156ff977308627409ad95e9435e2528acf049af650cbc1d11332bb8084b6b4575618a5090eee231f877304ce9be6e432,2019-03-18 12:30:00,30,NO CONTROLS,NO CONTROLS,CLEAR,DAYLIGHT,HEAD ON,PARKING LOT,STRAIGHT AND LEVEL,UNKNOWN,UNKNOWN,NO INJURY / DRIVE AWAY,"$501 - $1,500",UNABLE TO DETERMINE,UNABLE TO DETERMINE,5231,N,BROADWAY,2,NO INDICATION OF INJURY,0.0,0.0,0.0,0.0,0.0,2.0,0.0,12,2,3
80aed5a9894ab61cee892f8d50c6de4d212a2ecb1bad276f949f1cb3ceae300f70f16ad0ac41391fc8c8500893cc25901361409bcaee36e1c2ebb727cfe5eea6,2017-12-04 20:15:00,20,NO CONTROLS,NO CONTROLS,RAIN,DARKNESS,PARKED MOTOR VEHICLE,ONE-WAY,STRAIGHT AND LEVEL,WET,NO DEFECTS,INJURY AND / OR TOW DUE TO CRASH,"OVER $1,500",UNABLE TO DETERMINE,UNABLE TO DETERMINE,7299,N,OAKLEY AVE,3,NO INDICATION OF INJURY,0.0,0.0,0.0,0.0,0.0,1.0,0.0,20,2,12
30b6792295faebfab6aa3ca14e884a8c5f1c093b42eedbaf8caa1167dafc838aa62c67ecf425c96cdd0b6823962957bad68657abce0435d3a37c310e089e904e,2017-11-09 12:15:00,30,NO CONTROLS,NO CONTROLS,CLEAR,DAYLIGHT,PARKED MOTOR VEHICLE,NOT DIVIDED,STRAIGHT AND LEVEL,DRY,NO DEFECTS,NO INJURY / DRIVE AWAY,"OVER $1,500",DISTRACTION - FROM INSIDE VEHICLE,DISTRACTION - FROM OUTSIDE VEHICLE,1718,W,99TH ST,2,NO INDICATION OF INJURY,0.0,0.0,0.0,0.0,0.0,3.0,0.0,12,5,11
f254b5656a522fe6eb6571722e0ad3bbef2c9112ef7901f9739a0b42c44bdb8947578dc23f8b499bf2fa7adae177467db21564c132b7a0dac279167f256dfe7d,2021-08-24 15:45:00,15,NO CONTROLS,NO CONTROLS,CLEAR,DAYLIGHT,PARKED MOTOR VEHICLE,ALLEY,STRAIGHT AND LEVEL,DRY,UNKNOWN,NO INJURY / DRIVE AWAY,"$501 - $1,500",DISREGARDING OTHER TRAFFIC SIGNS,UNABLE TO DETERMINE,5830,S,RICHMOND ST,2,NO INDICATION OF INJURY,0.0,0.0,0.0,0.0,0.0,1.0,0.0,15,3,8