CRASH_RECORD_ID,CRASH_DATE,POSTED_SPEED_LIMIT,TRAFFIC_CONTROL_DEVICE,DEVICE_CONDITION,WEATHER_CONDITION,LIGHTING_CONDITION,FIRST_CRASH_TYPE,TRAFFICWAY_TYPE,ALIGNMENT,ROADWAY_SURFACE_COND,ROAD_DEFECT,CRASH_TYPE,DAMAGE,PRIM_CONTRIBUTORY_CAUSE,SEC_CONTRIBUTORY_CAUSE,STREET_NO,STREET_DIRECTION,STREET_NAME,NUM_UNITS,MOST_SEVERE_INJURY,INJURIES_TOTAL,INJURIES_FATAL,INJURIES_INCAPACITATING,INJURIES_NON_INCAPACITATING,INJURIES_REPORTED_NOT_EVIDENT,INJURIES_NO_INDICATION,INJURIES_UNKNOWN,CRASH_HOUR,CRASH_DAY_OF_WEEK,CRASH_MONTH
bb6de7cce96012158db00f08e4066044a3542f42b0d3ba6810c3671a30da3a3cae6b6a707694edaf02b650b1e55be825e1cdbc8912db9bd065ac80044108847d,2018-04-21 02:18:00,30,TRAFFIC SIGNAL,OTHER,CLEAR,DARKNESS,ANGLE,NOT DIVIDED,STRAIGHT AND LEVEL,DRY,NO DEFECTS,INJURY AND / OR TOW DUE TO CRASH,"OVER $1,500",DISREGARDING TRAFFIC SIGNALS,NOT APPLICABLE,3100,S,DAMEN AVE,2,"REPORTED, NOT EVIDENT",1.0,0.0,0.0,0.0,1.0,1.0,0.0,2,7,4
38923e25c934b633485c1988c4a465786e455bdeb43eaa843e4103130960ebd17ab49e1068f19a952a812bf7f34e730efe6908c37fc8aa842153a0cecc80d8fe,2021-02-19 08:10:00,30,NO CONTROLS,NO CONTROLS,CLEAR,DAYLIGHT,SIDESWIPE SAME DIRECTION,NOT DIVIDED,STRAIGHT AND LEVEL,WET,NO DEFECTS,NO INJURY / DRIVE AWAY,"OVER $1,500",IMPROPER OVERTAKING/PASSING,NOT APPLICABLE,302,E,79TH ST,2,NO INDICATION OF INJURY,0.0,0.0,0.0,0.0,0.0,2.0,0.0,8,6,2
6f7ecb27672cda60d6207ba0f9c8d6a30a2856f5365ef147985ecff6f5c51f10f3d2b99f1f6f6f72acbd0df2469951674a8608a6ca6336ed4f786e7cee610833,2020-03-06 15:13:00,30,NO CONTROLS,NO CONTROLS,CLEAR,DAYLIGHT,PEDALCYCLIST,ONE-WAY,STRAIGHT AND LEVEL,DRY,NO DEFECTS,INJURY AND / OR TOW DUE TO CRASH,$500 OR LESS,IMPROPER BACKING,DRIVING ON WRONG SIDE/WRONG WAY,1615,W,WINONA ST,2,NONINCAPACITATING INJURY,1.0,0.0,0.0,1.0,0.0,1.0,0.0,15,6,3
46b934bf25bca8956d1027a27a9b52e4c55fe0335506dc4fc4c6f7ccbe69ba0034da27809e9a6604222413243e2ef35326383b40c1b65f77877525db57ae5e27,2019-05-08 18:25:00,30,NO CONTROLS,NO CONTROLS,CLEAR,DAYLIGHT,REAR END,NOT DIVIDED,STRAIGHT AND LEVEL,DRY,NO DEFECTS,INJURY AND / OR TOW DUE TO CRASH,$500 OR LESS,FAILING TO REDUCE SPEED TO AVOID CRASH,NOT APPLICABLE,1102,S,CICERO AVE,2,NONINCAPACITATING INJURY,1.0,0.0,0.0,1.0,0.0,4.0,0.0,18,4,5
0542314acb96d4faeeeb193aa0e0606e8d36fa3348af609c31fcbd7a394939aad279341b3998fc9163f7490b5652c54821fa76ae56c1a7bde58c518203353601,2022-04-23 23:51:00,30,TRAFFIC SIGNAL,UNKNOWN,CLEAR,"DARKNESS, LIGHTED ROAD",TURNING,FOUR WAY,STRAIGHT AND LEVEL,DRY,UNKNOWN,INJURY AND / OR TOW DUE TO CRASH,"OVER $1,500",DISREGARDING TRAFFIC SIGNALS,FAILING TO YIELD RIGHT-OF-WAY,8300,S,STONY ISLAND AVE,2,NONINCAPACITATING INJURY,1.0,0.0,0.0,1.0,0.0,2.0,0.0,23,7,4
ecde876a2de3cf6d8bf5df6a216bc0ae13272a299cc3997dbd38e99a0baf2ba35ad7a1b04247070185fc3e71a527a01fc07e7de7b66acdaf5dbb89b240253e68,2020-11-26 06:50:00,35,TRAFFIC SIGNAL,FUNCTIONING PROPERLY,CLEAR,"DARKNESS, LIGHTED ROAD",REAR END,T-INTERSECTION,STRAIGHT AND LEVEL,WET,NO DEFECTS,INJURY AND / OR TOW DUE TO CRASH,"$501 - $1,500",FAILING TO REDUCE SPEED TO AVOID CRASH,UNABLE TO DETERMINE,7459,S,LAFAYETTE AVE,2,NO INDICATION OF INJURY,0.0,0.0,0.0,0.0,0.0,2.0,0.0,6,5,11
495d1f70cd6a1cf62d53687974de7c2a51b25c7a347f2c444b9ce9e0cc723cb6a610aa9adc4592ab6ab2da008c015b33a7d82f6bd22d71bc14e811ff9fd3ae20,2020-07-03 11:30:00,10,NO CONTROLS,NO CONTROLS,CLEAR,DAYLIGHT,PARKED MOTOR VEHICLE,PARKING LOT,STRAIGHT AND LEVEL,UNKNOWN,UNKNOWN,INJURY AND / OR TOW DUE TO CRASH,"OVER $1,500",UNABLE TO DETERMINE,NOT APPLICABLE,2006,W,GARFIELD BLVD,2,NO INDICATION OF INJURY,0.0,0.0,0.0,0.0,0.0,1.0,0.0,11,6,7
a290727ce50d55214252b3f412aab8c2896e80b14627839bba0b09fd6a64389508f3f4f556874cf1e820cd195f034a51873868ca0bc5dd2ec395c276ed155f9a,2019-05-04 22:51:00,15,NO CONTROLS,NO CONTROLS,CLEAR,"DARKNESS, LIGHTED ROAD",ANGLE,NOT DIVIDED,STRAIGHT AND LEVEL,DRY,NO DEFECTS,INJURY AND / OR TOW DUE TO CRASH,"OVER $1,500",FAILING TO YIELD RIGHT-OF-WAY,NOT APPLICABLE,5729,W,BLOOMINGDALE AVE,2,NONINCAPACITATING INJURY,1.0,0.0,0.0,1.0,0.0,1.0,0.0,22,7,5
b6cd3a7f3d8d72bd77eb5e1cec5229b9d05337cb74873c6616a0aa2defcfa10f64060127be4613527ef75d21f198d71dc624dda5e5498245bafb4146d80af7ac,2020-01-07 16:30:00,30,NO CONTROLS,NO CONTROLS,CLEAR,DUSK,PEDALCYCLIST,DIVIDED - W/MEDIAN (NOT RAISED),STRAIGHT AND LEVEL,DRY,NO DEFECTS,INJURY AND / OR TOW DUE TO CRASH,$500 OR LESS,NOT APPLICABLE,NOT APPLICABLE,1550,N,MILWAUKEE AVE,2,NONINCAPACITATING INJURY,1.0,0.0,0.0,1.0,0.0,1.0,0.0,16,3,1
eafc4da25566ee47ccf9160fb14e1d9a1564de164dee6cb60c08968d0bb9f57446214dbe51728b964f7eb06aaa4e43947438825fd22fd32b6354f293d5afe062,2022-10-01 23:00:00,30,NO CONTROLS,NO CONTROLS,CLEAR,"DARKNESS, LIGHTED ROAD",TURNING,DIVIDED - W/MEDIAN BARRIER,STRAIGHT AND LEVEL,DRY,NO DEFECTS,INJURY AND / OR TOW DUE TO CRASH,"OVER $1,500",IMPROPER LANE USAGE,UNABLE TO DETERMINE,7000,S,STONY ISLAND AVE,2,NO INDICATION OF INJURY,0.0,0.0,0.0,0.0,0.0,2.0,0.0,23,7,10
2c9b471a44c96c65162b6c573ff12700950a1aa0116af61dab43840a89384af90abd45a64b2c831d879615d9a5efdfd5a6872099fa9c23b97437f393bc8c8fd8,2023-09-18 08:00:00,30,NO CONTROLS,NO CONTROLS,CLEAR,DAYLIGHT,SIDESWIPE SAME DIRECTION,NOT DIVIDED,STRAIGHT AND LEVEL,DRY,UNKNOWN,NO INJURY / DRIVE AWAY,"$501 - $1,500",UNABLE TO DETERMINE,UNABLE TO DETERMINE,5632,N,HARLEM AVE,2,NO INDICATION OF INJURY,0.0,0.0,0.0,0.0,0.0,2.0,0.0,8,2,9
32c2a219a6662fd3f0286e94646575672461d9a5df3246f81a69ac0e043b1364291315de1d78c90df70407c42ae31c699d74267299ca5fde600ad0dc213e481d,2016-05-02 13:00:00,20,NO CONTROLS,NO CONTROLS,CLEAR,DAYLIGHT,PARKED MOTOR VEHICLE,ONE-WAY,STRAIGHT AND LEVEL,DRY,NO DEFECTS,NO INJURY / DRIVE AWAY,$500 OR LESS,DRIVING SKILLS/KNOWLEDGE/EXPERIENCE,UNABLE TO DETERMINE,5032,S,MAPLEWOOD AVE,2,NO INDICATION OF INJURY,0.0,0.0,0.0,0.0,0.0,1.0,0.0,13,2,5
c81ce9b6ca5e685671dc41fa53d1519491f2544dd471ab011be269d447a3ddbdc0637ec44a7ed54a629887bc0f5f44d377a8bef2c80358d4fc24c0a0ebc28f9d,2022-07-14 14:00:00,35,OTHER,FUNCTIONING PROPERLY,CLEAR,DAYLIGHT,REAR END,NOT DIVIDED,STRAIGHT AND LEVEL,DRY,NO DEFECTS,NO INJURY / DRIVE AWAY,"$501 - $1,500",FOLLOWING TOO CLOSELY,UNABLE TO DETERMINE,2525,S,DR MARTIN LUTHER KING JR DR,2,NO INDICATION OF INJURY,0.0,0.0,0.0,0.0,0.0,2.0,0.0,14,5,7
edca4d2c12c51e717df5ef75f4ebd8235ad442194291d71b7dd030fdac643547baccddd7fb31a6fdba24582de2f93dc8275733c65b091c00902acff746f95006,2021-08-07 19:45:00,25,UNKNOWN,UNKNOWN,UNKNOWN,UNKNOWN,SIDESWIPE SAME DIRECTION,UNKNOWN,STRAIGHT AND LEVEL,UNKNOWN,UNKNOWN,NO INJURY / DRIVE AWAY,"OVER $1,500",UNABLE TO DETERMINE,UNABLE TO DETERMINE,458,E,18TH DR,2,NO INDICATION OF INJURY,0.0,0.0,0.0,0.0,0.0,2.0,0.0,19,7,8
7a31b7503803d0c43940bfdb9a105efd76f135d7f97ea00a7e37bd213bdad53af1a521b6e771b589e4b00c0c901ef24aa576cd181cea036c3f708e150745ec3d,2023-12-16 23:54:00,35,NO CONTROLS,NO CONTROLS,RAIN,"DARKNESS, LIGHTED ROAD",FIXED OBJECT,OTHER,STRAIGHT AND LEVEL,WET,NO DEFECTS,NO INJURY / DRIVE AWAY,"OVER $1,500",UNABLE TO DETERMINE,UNABLE TO DETERMINE,645,W,GARFIELD BLVD,1,NO INDICATION OF INJURY,0.0,0.0,0.0,0.0,0.0,2.0,0.0,23,7,12
06b0a068b216b9e481ec78d470f5efa21fc7903e278b7a1747abe65185ad336aa80bc4fcf1b667b414ced2113b15d2561af7150b6763406a46314f9682592306,2022-03-27 14:06:00,30,NO CONTROLS,NO CONTROLS,CLEAR,DAYLIGHT,SIDESWIPE OPPOSITE DIRECTION,ONE-WAY,STRAIGHT AND LEVEL,DRY,NO DEFECTS,NO INJURY / DRIVE AWAY,"$501 - $1,500",UNABLE TO DETERMINE,UNABLE TO DETERMINE,3306,N,HOYNE AVE,2,NO INDICATION OF INJURY,0.0,0.0,0.0,0.0,0.0,4.0,0.0,14,1,3
1598fe8eb233707cc861b0563e7d6dc26fcd363ce89f7753c979e3d03b3eee87e6b75955cf9031e3896828e4a219db2000f6a437d1c7a10e9b0591e644b43756,2016-10-22 11:45:00,15,NO CONTROLS,NO CONTROLS,CLEAR,DAYLIGHT,PARKED MOTOR VEHICLE,UNKNOWN,STRAIGHT AND LEVEL,DRY,NO DEFECTS,NO INJURY / DRIVE AWAY,"OVER $1,500",UNABLE TO DETERMINE,UNABLE TO DETERMINE,5100,W,FULLERTON AVE,2,NO INDICATION OF INJURY,0.0,0.0,0.0,0.0,0.0,2.0,0.0,11,7,10
154c935dd41351c7738f1cca8baf6497413ef5a911bf679a6b088ddd8bbdfc65cd36e24416af13eecdd1e0fe4f1de62a65c02d320c8f6066f45feb388cd561db,2016-08-09 11:00:00,25,NO CONTROLS,NO CONTROLS,CLEAR,"DARKNESS, LIGHTED ROAD",PARKED MOTOR VEHICLE,PARKING LOT,STRAIGHT AND LEVEL,DRY,NO DEFECTS,NO INJURY / DRIVE AWAY,"$501 - $1,500",UNABLE TO DETERMINE,UNABLE TO DETERMINE,6135,N,BROADWAY,2,NO INDICATION OF INJURY,0.0,0.0,0.0,0.0,0.0,1.0,0.0,11,3,8
5d05d12013517928a435d9949ca081b7f579b2ff0ff6c309796dec3e09b277853077ece7ba41cc9982c24c8d229529558c958c1073f54011b33368a682db5ef6,2023-09-02 17:30:00,30,NO CONTROLS,NO CONTROLS,CLEAR,DAYLIGHT,PARKED MOTOR VEHICLE,ONE-WAY,STRAIGHT AND LEVEL,DRY,NO DEFECTS,NO INJURY / DRIVE AWAY,"OVER $1,500",FAILING TO REDUCE SPEED TO AVOID CRASH,NOT APPLICABLE,4913,W,HUBBARD ST,2,NO INDICATION OF INJURY,0.0,0.0,0.0,0.0,0.0,1.0,0.0,17,7,9
0ff31777d1afac1f111ac9d2b18c934d3de6dfbcb211cee53ecd579c95e0ac62aec4e26c951227c134d912d2ddda122eb1e78f3527643f3d5e71f312ade80629,2023-02-08 21:22:00,30,TRAFFIC SIGNAL,FUNCTIONING PROPERLY,CLEAR,"DARKNESS, LIGHTED ROAD",REAR END,NOT DIVIDED,STRAIGHT AND LEVEL,DRY,NO DEFECTS,INJURY AND / OR TOW DUE TO CRASH,"OVER $1,500",UNDER THE INFLUENCE OF ALCOHOL/DRUGS (USE WHEN ARREST IS EFFECTED),UNDER THE INFLUENCE OF ALCOHOL/DRUGS (USE WHEN ARREST IS EFFECTED),4456,W,MADISON ST,2,NONINCAPACITATING INJURY,1.0,0.0,0.0,1.0,0.0,1.0,0.0,21,4,2
5f9047f1a70d53a395547520c1f703934a2bf1a9bedc8ebc153e32b47aa9dd78a60fdcdd2cf118b19ab402dd26b24afc65d42678ca4e053e8df94f1fd5c0af3a,2022-09-11 18:40:00,30,TRAFFIC SIGNAL,FUNCTIONING PROPERLY,CLEAR,DAYLIGHT,TURNING,FOUR WAY,STRAIGHT AND LEVEL,UNKNOWN,NO DEFECTS,NO INJURY / DRIVE AWAY,"OVER $1,500",FOLLOWING TOO CLOSELY,FOLLOWING TOO CLOSELY,7150,W,ARCHER AVE,2,NO INDICATION OF INJURY,0.0,0.0,0.0,0.0,0.0,2.0,0.0,18,1,9
2896bd04bde4ccbda6c5961c0b38725b05c81d3c093bcaadff3054596b39469d52d585c5c6e3c693ca7fcae1b558bdf4ff5fd098d6ca0b2d007901ce940db411,2022-09-23 14:15:00,30,NO CONTROLS,NO CONTROLS,CLEAR,DAYLIGHT,PARKED MOTOR VEHICLE,NOT DIVIDED,STRAIGHT AND LEVEL,DRY,NO DEFECTS,NO INJURY / DRIVE AWAY,"$501 - $1,500",DRIVING SKILLS/KNOWLEDGE/EXPERIENCE,UNABLE TO DETERMINE,2440,S,ROCKWELL ST,2,NO INDICATION OF INJURY,0.0,0.0,0.0,0.0,0.0,1.0,0.0,14,6,9
6f9b3ddb27dfc4b0f3efafbc6dbd7ed3d923fd09860c9d62b93ca94c0c2ab36a871fd6f6953411ed0a542b9a6da25bd27f936c401b8888ea9af5f3f17a3aa0e7,2022-08-29 16:45:00,15,NO CONTROLS,NO CONTROLS,CLEAR,DAYLIGHT,PARKED MOTOR VEHICLE,ONE-WAY,STRAIGHT AND LEVEL,DRY,NO DEFECTS,NO INJURY / DRIVE AWAY,"OVER $1,500",FAILING TO REDUCE SPEED TO AVOID CRASH,UNABLE TO DETERMINE,1666,W,FARWELL AVE,2,NO INDICATION OF INJURY,0.0,0.0,0.0,0.0,0.0,1.0,0.0,16,2,8
98dce1913780fcbfb24c610c61737399c70821acfdd8cb7bedb0cdadfaa213fe74cd12bae890b2c3a3a9dc9e3b476cbd4b8ee57f77edbcb3a25d4a4b40150a3c,2024-03-11 18:15:00,30,NO CONTROLS,NO CONTROLS,CLEAR,DAYLIGHT,PARKED MOTOR VEHICLE,NOT DIVIDED,STRAIGHT AND LEVEL,DRY,UNKNOWN,INJURY AND / OR TOW DUE TO CRASH,"OVER $1,500",UNABLE TO DETERMINE,NOT APPLICABLE,10327,S,TORRENCE AVE,2,NO INDICATION OF INJURY,0.0,0.0,0.0,0.0,0.0,1.0,0.0,18,2,3
e7362f0e2a23aca1999d38ed664d95aaa0893950e99228980970762e2cb71b33bb1731240622c2641651ae603681c33f8f111692d06876c9721e6d1efc90795d,2019-05-31 11:44:00,30,NO CONTROLS,NO CONTROLS,CLEAR,DAYLIGHT,REAR END,OTHER,STRAIGHT AND LEVEL,DRY,NO DEFECTS,NO INJURY / DRIVE AWAY,"$501 - $1,500",UNABLE TO DETERMINE,UNABLE TO DETERMINE,13,W,I190 EXPY,2,NO INDICATION OF INJURY,0.0,0.0,0.0,0.0,0.0,2.0,0.0,11,6,5
54469995b34d5761532ed4447f62dfb77b33fa934f5e2ed2199913f6dccfbb615b492bd08e2676aa1c499edb753dc980f422e74f766d1a27aa1e25fb70b7d2e7,2017-10-11 19:00:00,30,TRAFFIC SIGNAL,FUNCTIONING PROPERLY,RAIN,"DARKNESS, LIGHTED ROAD",REAR END,NOT DIVIDED,STRAIGHT AND LEVEL,WET,NO DEFECTS,INJURY AND / OR TOW DUE TO CRASH,"OVER $1,500",WEATHER,WEATHER,4701,S,CICERO AVE,2,"REPORTED, NOT EVIDENT",1.0,0.0,0.0,0.0,1.0,1.0,0.0,19,4,10
fd5c372fe6a9f38d49067b40af7580f07c2d419f98e7e2f7bfe3c468cf9912265e39400bf3ab943c6fa6297fb394272bdbd04ef0287b0564d12129df72f1fd1c,2021-03-10 15:55:00,30,NO CONTROLS,NO CONTROLS,CLEAR,DAYLIGHT,PARKED MOTOR VEHICLE,NOT DIVIDED,STRAIGHT ON GRADE,DRY,NO DEFECTS,NO INJURY / DRIVE AWAY,"$501 - $1,500",DRIVING SKILLS/KNOWLEDGE/EXPERIENCE,NOT APPLICABLE,9831,S,WESTERN AVE,2,NO INDICATION OF INJURY,0.0,0.0,0.0,0.0,0.0,1.0,0.0,15,4,3
ae5f3ed66b6aff5912066f225a17c3fe2c8999ef81ab00f6611924b850eded7cf8f86f86c743b1c868d5cdc8908c374af713a6159a17e14e8a5a58281862aa99,2016-09-16 09:00:00,30,NO CONTROLS,NO CONTROLS,CLEAR,DAYLIGHT,PARKED MOTOR VEHICLE,ONE-WAY,STRAIGHT AND LEVEL,DRY,NO DEFECTS,NO INJURY / DRIVE AWAY,"OVER $1,500",DISTRACTION - FROM OUTSIDE VEHICLE,NOT APPLICABLE,3732,N,PARIS AVE,2,NO INDICATION OF INJURY,0.0,0.0,0.0,0.0,0.0,1.0,0.0,9,6,9
7aa9587e6715b37e34ac25d468ec406a296283468dda1eaa7e716408a03e2fc4660f4e34e687ad4d3dd44188781c34f3bd1c2da1a27c3186386d1642894e2c37,2019-03-09 10:55:00,30,UNKNOWN,UNKNOWN,CLEAR,DAYLIGHT,TURNING,NOT DIVIDED,STRAIGHT AND LEVEL,DRY,UNKNOWN,INJURY AND / OR TOW DUE TO CRASH,"OVER $1,500",FAILING TO YIELD RIGHT-OF-WAY,"OPERATING VEHICLE IN ERRATIC, RECKLESS, CARELESS, NEGLIGENT OR AGGRESSIVE MANNER",2001,S,MICHIGAN AVE,2,NO INDICATION OF INJURY,0.0,0.0,0.0,0.0,0.0,2.0,0.0,10,7,3
4c0ccb740889b9539e35def3109db67c932fe50812ae39bbf7bd71e8cf3d12721f3687216410ad23912e7d4058c70dc4a166eaa48853fa1f03e87da0eb09eb1b,2020-04-12 01:00:00,25,NO CONTROLS,NO CONTROLS,CLEAR,"DARKNESS, LIGHTED ROAD",PARKED MOTOR VEHICLE,ONE-WAY,STRAIGHT AND LEVEL,WET,NO DEFECTS,INJURY AND / OR TOW DUE TO CRASH,"OVER $1,500",FAILING TO REDUCE SPEED TO AVOID CRASH,NOT APPLICABLE,8910,S,NORMAL AVE,3,NO INDICATION OF INJURY,0.0,0.0,0.0,0.0,0.0,1.0,0.0,1,1,4
285b5fcdb70f2a5e9c6232a8912b50a34c441e0fec37416d2ccded56c37c3d27a06a0a655b49769833dd271a3cab0bf4b166b10e34d1cafac1b5c80840735152,2024-02-06 18:10:00,15,NO CONTROLS,NO CONTROLS,CLEAR,DARKNESS,PARKED MOTOR VEHICLE,PARKING LOT,STRAIGHT AND LEVEL,DRY,NO DEFECTS,NO INJURY / DRIVE AWAY,"$501 - $1,500",UNABLE TO DETERMINE,NOT APPLICABLE,1914,W,DIVISION ST,2,NO INDICATION OF INJURY,0.0,0.0,0.0,0.0,0.0,1.0,0.0,18,3,2
c056b3ce6d76f0f32d86dc5146089f9ef92a835a5a520584ee18c7fc62855d27c05fa838f6cf3754a5c7bb924b958781ec77bfa2ef4d6e9ecc01aec121c03be2,2023-12-03 13:50:00,30,UNKNOWN,UNKNOWN,UNKNOWN,UNKNOWN,TURNING,FOUR WAY,STRAIGHT AND LEVEL,UNKNOWN,UNKNOWN,NO INJURY / DRIVE AWAY,"OVER $1,500",UNABLE TO DETERMINE,UNABLE TO DETERMINE,501,W,WASHINGTON BLVD,2,NO INDICATION OF INJURY,0.0,0.0,0.0,0.0,0.0,3.0,0.0,13,1,12
d2ec67b4b3f5e630e8334ece701f1e81a62dfe2aaf255634a9713c9395bbc2edf4172c2830a42c9a3d507d8716459d13e5254483c0e48a1912deb1e5468f7345,2017-05-28 17:15:00,30,UNKNOWN,UNKNOWN,CLEAR,DAYLIGHT,REAR END,UNKNOWN,STRAIGHT AND LEVEL,DRY,UNKNOWN,NO INJURY / DRIVE AWAY,"$501 - $1,500",IMPROPER BACKING,IMPROPER BACKING,1821,N,MAYFIELD AVE,2,NO INDICATION OF INJURY,0.0,0.0,0.0,0.0,0.0,2.0,0.0,17,1,5
77ed710a8ce5bace54c192c6943ace07caa49604d250baaa07e216f53838f77b1c2649cc4d0829448c6ab5fd9a42b0de95e3fe41b199c232578354599a7cf6ce,2022-06-14 13:02:00,30,TRAFFIC SIGNAL,FUNCTIONING PROPERLY,CLEAR,DAYLIGHT,REAR END,NOT DIVIDED,STRAIGHT AND LEVEL,DRY,NO DEFECTS,NO INJURY / DRIVE AWAY,"OVER $1,500",UNABLE TO DETERMINE,UNABLE TO DETERMINE,24,S,CICERO AVE,2,NO INDICATION OF INJURY,0.0,0.0,0.0,0.0,0.0,3.0,0.0,13,3,6
01070a23459189913e36583d29613fe439ed1ef5edec16e8b100d45d798659a0bc664e38a0d172e453eff7ac69bebb53185461e18a87574d9e4f2b7723450683,2019-02-08 08:30:00,30,NO CONTROLS,NO CONTROLS,CLEAR,DAYLIGHT,REAR END,DIVIDED - W/MEDIAN (NOT RAISED),STRAIGHT AND LEVEL,DRY,UNKNOWN,NO INJURY / DRIVE AWAY,"$501 - $1,500",UNABLE TO DETERMINE,UNABLE TO DETERMINE,2359,N,KEDZIE BLVD,2,NO INDICATION OF INJURY,0.0,0.0,0.0,0.0,0.0,2.0,0.0,8,6,2
791d25ac69e3e33e3dbff6f6e88af671993f1785191ec07f2742ded21bc6dd9bd7b001b8e84aec306ed0aac134f491939163156efdffe629b66e2e4d83d6ccc9,2018-02-09 16:45:00,30,UNKNOWN,UNKNOWN,SNOW,DARKNESS,REAR END,NOT DIVIDED,STRAIGHT AND LEVEL,SNOW OR SLUSH,UNKNOWN,NO INJURY / DRIVE AWAY,"OVER $1,500",WEATHER,NOT APPLICABLE,3255,N,CICERO AVE,2,NO INDICATION OF INJURY,0.0,0.0,0.0,0.0,0.0,2.0,0.0,16,6,2
8c039e56174803f1bb8a9e6b25456aa4a780cf83ab24ce4e2a9292fcb3d383546217503d48da584e693d7c2629313a8ac00dfcf37f29d151f92832bff44fe71c,2024-04-13 16:00:00,30,STOP SIGN/FLASHER,FUNCTIONING PROPERLY,CLEAR,DAYLIGHT,TURNING,T-INTERSECTION,STRAIGHT AND LEVEL,DRY,NO DEFECTS,INJURY AND / OR TOW DUE TO CRASH,"OVER $1,500",IMPROPER TURNING/NO SIGNAL,NOT APPLICABLE,1832,N,KEDZIE AVE,2,NO INDICATION OF INJURY,0.0,0.0,0.0,0.0,0.0,3.0,0.0,16,7,4
2ec0b015a441994d22c125c7d293b521ae303b38e7832debcbfb6acca75ed498bd921a0ddb451d5b4309c563c18ff85d8e5624fdc32261236c93e1f3ce03a648,2023-12-23 06:50:00,30,TRAFFIC SIGNAL,FUNCTIONING PROPERLY,CLEAR,DARKNESS,REAR END,NOT DIVIDED,STRAIGHT AND LEVEL,WET,NO DEFECTS,NO INJURY / DRIVE AWAY,"$501 - $1,500",UNABLE TO DETERMINE,UNABLE TO DETERMINE,6320,N,CALDWELL AVE,2,NO INDICATION OF INJURY,0.0,0.0,0.0,0.0,0.0,2.0,0.0,6,7,12
2bc77f389fa1b6e06ffc84ad4437b2e1713c5db7fe0bda3d5128259ef2e1375159e89fb48de01d3023ae5dbd3d5b78c7ead5e5ec5a1023aefc9d5ccb1e0ae46d,2022-05-22 01:30:00,25,STOP SIGN/FLASHER,FUNCTIONING PROPERLY,CLEAR,DAYLIGHT,ANGLE,FOUR WAY,STRAIGHT AND LEVEL,DRY,NO DEFECTS,NO INJURY / DRIVE AWAY,"OVER $1,500",UNABLE TO DETERMINE,UNABLE TO DETERMINE,400,E,72ND ST,2,NO INDICATION OF INJURY,0.0,0.0,0.0,0.0,0.0,3.0,0.0,1,1,5
5a65833162495147b10e4d0aa7618bc82022a0233e63e0f01b36b23d30bf1d906fec845bd671dc1e9feb104cf27eee17b2fafc5a4edbd630f7dfefd2490f6642,2021-08-30 16:35:00,30,NO CONTROLS,NO CONTROLS,UNKNOWN,UNKNOWN,TURNING,PARKING LOT,STRAIGHT AND LEVEL,UNKNOWN,UNKNOWN,NO INJURY / DRIVE AWAY,$500 OR LESS,UNABLE TO DETERMINE,UNABLE TO DETERMINE,6801,N,WESTERN AVE,2,NO INDICATION OF INJURY,0.0,0.0,0.0,0.0,0.0,2.0,0.0,16,2,8
267f35357d21b431a5e1af440e26a9c312fc693f2be624f29d6cd4055d46d98cd301851dbc926365eda10055139a679f5289cd0bd8c069be62f74f50a8ae35f8,2020-08-03 12:00:00,30,TRAFFIC SIGNAL,FUNCTIONING PROPERLY,CLEAR,DAYLIGHT,REAR END,NOT DIVIDED,STRAIGHT AND LEVEL,DRY,NO DEFECTS,NO INJURY / DRIVE AWAY,"$501 - $1,500",UNABLE TO DETERMINE,UNABLE TO DETERMINE,9400,S,ASHLAND AVE,2,NO INDICATION OF INJURY,0.0,0.0,0.0,0.0,0.0,2.0,0.0,12,2,8
74f16f3c8a47a0a3aadab4a64f0d605dcb2c7f1536a8ef7de96b7f35661bab69bf32492a561f2de1d79779df7002e93522b04ba2d3f94be46c2b9a71d0ba718a,2017-04-06 19:46:00,30,NO CONTROLS,NO CONTROLS,CLEAR,"DARKNESS, LIGHTED ROAD",SIDESWIPE OPPOSITE DIRECTION,ONE-WAY,STRAIGHT AND LEVEL,DRY,NO DEFECTS,INJURY AND / OR TOW DUE TO CRASH,"OVER $1,500",FAILING TO YIELD RIGHT-OF-WAY,FAILING TO REDUCE SPEED TO AVOID CRASH,6932,S,PAXTON AVE,2,NONINCAPACITATING INJURY,1.0,0.0,0.0,1.0,0.0,1.0,0.0,19,5,4
f52146f36aa7338ae8ac34e6846b9a6b35ae7e0f3e139af4444cb09720b08b88d8dbe7ea18094f2edb655bc888fd6bf65c94aa54963220214c226fc27bde4aea,2022-01-17 02:13:00,30,TRAFFIC SIGNAL,UNKNOWN,SNOW,"DARKNESS, LIGHTED ROAD",REAR END,FOUR WAY,STRAIGHT AND LEVEL,SNOW OR SLUSH,NO DEFECTS,INJURY AND / OR TOW DUE TO CRASH,"OVER $1,500",UNDER THE INFLUENCE OF ALCOHOL/DRUGS (USE WHEN ARREST IS EFFECTED),FAILING TO REDUCE SPEED TO AVOID CRASH,2558,W,AUGUSTA BLVD,4,NO INDICATION OF INJURY,0.0,0.0,0.0,0.0,0.0,3.0,0.0,2,2,1