CRASH_RECORD_ID,CRASH_DATE,POSTED_SPEED_LIMIT,TRAFFIC_CONTROL_DEVICE,DEVICE_CONDITION,WEATHER_CONDITION,LIGHTING_CONDITION,FIRST_CRASH_TYPE,TRAFFICWAY_TYPE,ALIGNMENT,ROADWAY_SURFACE_COND,ROAD_DEFECT,CRASH_TYPE,DAMAGE,PRIM_CONTRIBUTORY_CAUSE,SEC_CONTRIBUTORY_CAUSE,STREET_NO,STREET_DIRECTION,STREET_NAME,NUM_UNITS,MOST_SEVERE_INJURY,INJURIES_TOTAL,INJURIES_FATAL,INJURIES_INCAPACITATING,INJURIES_NON_INCAPACITATING,INJURIES_REPORTED_NOT_EVIDENT,INJURIES_NO_INDICATION,INJURIES_UNKNOWN,CRASH_HOUR,CRASH_DAY_OF_WEEK,CRASH_MONTH
ea117e5425870efa8bb624387e30a0ec174ffb9ca6ad65b580cf69536b00eaeab11d038aba0d3cf07a0562e19eef899075e770e7dd9b4b9e4f32db37a252b4c6,2018-09-05 06:00:00,30,NO CONTROLS,NO CONTROLS,CLEAR,DAYLIGHT,REAR END,OTHER,STRAIGHT AND LEVEL,DRY,NO DEFECTS,NO INJURY / DRIVE AWAY,"OVER $1,500",DRIVING SKILLS/KNOWLEDGE/EXPERIENCE,UNABLE TO DETERMINE,125,W,VAN BUREN ST,2,NO INDICATION OF INJURY,0.0,0.0,0.0,0.0,0.0,2.0,0.0,6,4,9
0891bf751e4e9233135e9493ab73be66fbfbba424f912a6ee0c2b4426bf1b583bd89ea6a31f0379df3a97bf10594331e0f74ebda32ccf48d821a00d988b1351c,2019-11-27 16:40:00,25,NO CONTROLS,NO CONTROLS,CLEAR,"DARKNESS, LIGHTED ROAD",FIXED OBJECT,NOT DIVIDED,STRAIGHT AND LEVEL,DRY,NO DEFECTS,INJURY AND / OR TOW DUE TO CRASH,"OVER $1,500",NOT APPLICABLE,NOT APPLICABLE,260,E,CHESTNUT ST,1,NONINCAPACITATING INJURY,1.0,0.0,0.0,1.0,0.0,0.0,0.0,16,4,11
6b42e5d47681c6832092d63d4b7546f9f734ddf3b9aff1ed0436c3162d56aea18c91933da0814ffebead1f0430c05e72de3e9113ac214ed6d3b4337d0ea4952e,2016-01-18 20:03:00,30,TRAFFIC SIGNAL,FUNCTIONING PROPERLY,UNKNOWN,UNKNOWN,REAR END,DIVIDED - W/MEDIAN BARRIER,STRAIGHT AND LEVEL,UNKNOWN,UNKNOWN,NO INJURY / DRIVE AWAY,"$501 - $1,500",FOLLOWING TOO CLOSELY,NOT APPLICABLE,5501,S,HARLEM AVE,2,NO INDICATION OF INJURY,0.0,0.0,0.0,0.0,0.0,2.0,0.0,20,2,1
537b29d2dd7ba078acda7cbc064a8fdfc5cc295d2fa7c4cf6c67d77b695c69d65da0be213cc3b1a2bf0503fa885d0d69b41884c9bfd2e2fe90cf7bba41175166,2020-04-05 18:30:00,30,TRAFFIC SIGNAL,FUNCTIONING PROPERLY,CLEAR,DUSK,REAR END,DIVIDED - W/MEDIAN (NOT RAISED),STRAIGHT AND LEVEL,DRY,NO DEFECTS,NO INJURY / DRIVE AWAY,"OVER $1,500",DISTRACTION - FROM INSIDE VEHICLE,UNABLE TO DETERMINE,6801,S,ASHLAND AVE,2,NO INDICATION OF INJURY,0.0,0.0,0.0,0.0,0.0,3.0,0.0,18,1,4
9dd2842df3f1dd759e6bd663b152082f3e14da5a889bb0b5044d2913b8ba9d2a133aa32a5bd4bcb7269581a95525f38e40f0d5afd1d68012f0001d5c5a74fc31,2021-02-14 14:50:00,30,NO CONTROLS,NO CONTROLS,CLEAR,DAYLIGHT,SIDESWIPE SAME DIRECTION,DIVIDED - W/MEDIAN (NOT RAISED),STRAIGHT AND LEVEL,DRY,NO DEFECTS,INJURY AND / OR TOW DUE TO CRASH,"OVER $1,500",FAILING TO YIELD RIGHT-OF-WAY,UNABLE TO DETERMINE,419,E,79TH ST,2,NO INDICATION OF INJURY,0.0,0.0,0.0,0.0,0.0,4.0,0.0,14,1,2
8d45882a080b5211858f89cde6e617aa0da07a94177a7f1aa1bb26f1d6f0efb855ed702c030e43695bf414d9192a37d6a8be81892beba438d20834b05f08e8ea,2019-10-01 10:50:00,30,TRAFFIC SIGNAL,FUNCTIONING PROPERLY,CLEAR,DAYLIGHT,PEDESTRIAN,NOT DIVIDED,STRAIGHT AND LEVEL,DRY,NO DEFECTS,INJURY AND / OR TOW DUE TO CRASH,"OVER $1,500",UNABLE TO DETERMINE,UNABLE TO DETERMINE,5932,S,COTTAGE GROVE AVE,2,NONINCAPACITATING INJURY,1.0,0.0,0.0,1.0,0.0,1.0,0.0,10,3,10
7b3d86478122f368355c304a6ca7f676856c43b5d0012be1494c004a6d466275f682e4645d18b362cffa2fbc2f5fbb82bc9e901d0492f95f31d8877240e713f5,2016-09-03 10:30:00,30,NO CONTROLS,NO CONTROLS,CLEAR,DAYLIGHT,SIDESWIPE SAME DIRECTION,NOT DIVIDED,STRAIGHT AND LEVEL,DRY,NO DEFECTS,NO INJURY / DRIVE AWAY,$500 OR LESS,IMPROPER OVERTAKING/PASSING,UNABLE TO DETERMINE,1400,W,119TH ST,2,NO INDICATION OF INJURY,0.0,0.0,0.0,0.0,0.0,3.0,0.0,10,7,9
2febb386c7b0087ffd49950b5c70d50e31c268d6e8e2044a358abfb76c710d8c60ffa52000d75689510f37f7671260aeb536cde7a4319d2166a1da88328ef767,2021-05-11 17:07:00,25,NO CONTROLS,NO CONTROLS,CLEAR,DAYLIGHT,ANGLE,ONE-WAY,STRAIGHT AND LEVEL,DRY,NO DEFECTS,INJURY AND / OR TOW DUE TO CRASH,"OVER $1,500",FAILING TO YIELD RIGHT-OF-WAY,UNABLE TO DETERMINE,6850,S,KANST DR,2,NO INDICATION OF INJURY,0.0,0.0,0.0,0.0,0.0,2.0,0.0,17,3,5
afd4b6e908e60776887027b181b9399614ccb8b3d1710d3c17345174c62f0a40435a0f34630f9e6546033dbc2c71b8dbf08045683f8a6b7f2f1a92a80d61fe0b,2018-06-23 16:00:00,30,TRAFFIC SIGNAL,FUNCTIONING PROPERLY,CLEAR,DAYLIGHT,TURNING,DIVIDED - W/MEDIAN (NOT RAISED),STRAIGHT AND LEVEL,DRY,NO DEFECTS,INJURY AND / OR TOW DUE TO CRASH,"OVER $1,500",UNABLE TO DETERMINE,NOT APPLICABLE,800,W,DIVISION ST,2,NO INDICATION OF INJURY,0.0,0.0,0.0,0.0,0.0,2.0,0.0,16,7,6
ff233a7d7d7bb8cfa87f62822156b7a551462bc9d31a23343ec70496ffa9f9efb7af702301ae6b490782826d879152bae3e4c812d97a88107d429a13097f5e7d,2019-04-08 21:51:00,25,NO CONTROLS,NO CONTROLS,UNKNOWN,DARKNESS,FIXED OBJECT,DIVIDED - W/MEDIAN (NOT RAISED),STRAIGHT AND LEVEL,UNKNOWN,"RUT, HOLES",NO INJURY / DRIVE AWAY,"$501 - $1,500",ROAD ENGINEERING/SURFACE/MARKING DEFECTS,NOT APPLICABLE,3718,W,LAWRENCE AVE,2,NO INDICATION OF INJURY,0.0,0.0,0.0,0.0,0.0,1.0,0.0,21,2,4
6981fc1e8c9639e83ee7639b40a21de5113d068a8f74e28547891498db32a3a7929751e1f65fc6d8b426e426636018e69dbf8381964e6724fb356fa843671f78,2018-07-23 16:10:00,30,TRAFFIC SIGNAL,UNKNOWN,CLEAR,DAYLIGHT,TURNING,NOT DIVIDED,STRAIGHT AND LEVEL,DRY,UNKNOWN,NO INJURY / DRIVE AWAY,"OVER $1,500",UNABLE TO DETERMINE,UNABLE TO DETERMINE,2332,E,103RD ST,2,NO INDICATION OF INJURY,0.0,0.0,0.0,0.0,0.0,3.0,0.0,16,2,7
166a6c09a52e89d7f0b9ebc23c7a74eaf866d2596a6dbd104842178c9f4d437274cd991e955092569e0812a4ffafcb33cf223086130b6bac717b4dc45a873a52,2018-10-14 21:30:00,30,NO CONTROLS,NO CONTROLS,RAIN,"DARKNESS, LIGHTED ROAD",PARKED MOTOR VEHICLE,NOT DIVIDED,STRAIGHT AND LEVEL,WET,NO DEFECTS,INJURY AND / OR TOW DUE TO CRASH,"OVER $1,500",UNABLE TO DETERMINE,NOT APPLICABLE,417,E,73RD ST,2,NO INDICATION OF INJURY,0.0,0.0,0.0,0.0,0.0,2.0,0.0,21,1,10
2f2c1c2dea1598dfb27b027a1adf3abd5542db0c978fd72d4f6a0434cce0d61d48aee62c15eb4f58b50940972fa7cbfaa6f8addfaf9c04348c35ec075b6f5d47,2021-02-07 13:10:00,25,STOP SIGN/FLASHER,NO CONTROLS,CLEAR,DAYLIGHT,REAR END,NOT DIVIDED,STRAIGHT AND LEVEL,DRY,NO DEFECTS,NO INJURY / DRIVE AWAY,"OVER $1,500",UNABLE TO DETERMINE,UNABLE TO DETERMINE,940,E,54TH ST,2,NO INDICATION OF INJURY,0.0,0.0,0.0,0.0,0.0,3.0,0.0,13,1,2
ddc24426384f8afc6729fcc29b657786c6b02f54b67f0182effd3d2a63ae6d54d1bdae04ab2dbecae3c09d5e6eca0214b01a71bbf278524cae4b1bb75a8bc2f5,2017-09-20 09:25:00,30,STOP SIGN/FLASHER,FUNCTIONING PROPERLY,CLEAR,DAYLIGHT,REAR END,NOT DIVIDED,STRAIGHT AND LEVEL,DRY,NO DEFECTS,NO INJURY / DRIVE AWAY,$500 OR LESS,FOLLOWING TOO CLOSELY,FOLLOWING TOO CLOSELY,45,W,111TH ST,2,NO INDICATION OF INJURY,0.0,0.0,0.0,0.0,0.0,4.0,0.0,9,4,9
34c7de595c35c8d7f17ff482e2778e9a7b1a1c7bb3894d41ae859eedc4f2cc0e37c7ac94c9bad83d7f55fa4a8b042823fe020941eb7addc7867e145d06355420,2023-05-02 20:30:00,30,TRAFFIC SIGNAL,FUNCTIONING PROPERLY,CLEAR,"DARKNESS, LIGHTED ROAD",REAR END,DIVIDED - W/MEDIAN (NOT RAISED),STRAIGHT AND LEVEL,DRY,NO DEFECTS,INJURY AND / OR TOW DUE TO CRASH,"OVER $1,500",UNABLE TO DETERMINE,NOT APPLICABLE,5501,S,HARLEM AVE,2,NO INDICATION OF INJURY,0.0,0.0,0.0,0.0,0.0,2.0,0.0,20,3,5
188165ee24f7f6037b1f34013487c0478adc48808cf7c3ed85ab07bc6a406a94daa542ad75358ba1f906a3d7b16f385c50259d414f1059193749cb9ba3f3901a,2020-12-25 00:35:00,30,STOP SIGN/FLASHER,FUNCTIONING PROPERLY,CLEAR,"DARKNESS, LIGHTED ROAD",TURNING,T-INTERSECTION,STRAIGHT AND LEVEL,DRY,NO DEFECTS,INJURY AND / OR TOW DUE TO CRASH,"OVER $1,500",FAILING TO YIELD RIGHT-OF-WAY,IMPROPER TURNING/NO SIGNAL,3331,N,NARRAGANSETT AVE,2,NO INDICATION OF INJURY,0.0,0.0,0.0,0.0,0.0,2.0,0.0,0,6,12
cf294d8fa320e765ce84a080ce88609718f673af934a37172eb72c1e7fbd998f340a907e7569655e799a3581521d0b833914a44c54cefbcbb7adf0d1e7e92a2c,2022-05-13 15:20:00,20,NO CONTROLS,NO CONTROLS,CLEAR,DAYLIGHT,PARKED MOTOR VEHICLE,NOT DIVIDED,STRAIGHT AND LEVEL,DRY,NO DEFECTS,NO INJURY / DRIVE AWAY,"OVER $1,500",UNABLE TO DETERMINE,UNABLE TO DETERMINE,4198,W,ROSEMONT AVE,2,NO INDICATION OF INJURY,0.0,0.0,0.0,0.0,0.0,4.0,0.0,15,6,5
5eacbfb0e049603a3c924add0c14235e55fac98bf0fc61101262005fec03e5861d285a48341bf539d4ec85653a89b29359b3b1593ec26ba7241ba05031da1ffb,2018-01-02 01:20:00,20,NO CONTROLS,NO CONTROLS,CLEAR,DARKNESS,PARKED MOTOR VEHICLE,NOT DIVIDED,STRAIGHT ON GRADE,WET,NO DEFECTS,INJURY AND / OR TOW DUE TO CRASH,"OVER $1,500",UNABLE TO DETERMINE,UNABLE TO DETERMINE,6836,W,ALTGELD ST,2,NO INDICATION OF INJURY,0.0,0.0,0.0,0.0,0.0,1.0,0.0,1,3,1
ff0042f302c2eb4954a795f7e5c29236de450eef9ed6fa796fb94b3cad12d2acd4cfd7c7caced01cb58a0604bae14897f1f84831730a5d9a7092dd0cfc9f4a37,2021-05-24 17:25:00,35,TRAFFIC SIGNAL,FUNCTIONING PROPERLY,CLEAR,DAYLIGHT,ANGLE,FOUR WAY,STRAIGHT AND LEVEL,DRY,NO DEFECTS,INJURY AND / OR TOW DUE TO CRASH,"OVER $1,500",UNABLE TO DETERMINE,NOT APPLICABLE,8700,S,GREENWOOD AVE,2,INCAPACITATING INJURY,1.0,0.0,1.0,0.0,0.0,1.0,0.0,17,2,5
35fafdaff4929aef319ff9bef93afcd2e9a61b2634ab47e1350f85fce668bd12acc069b9dc4169f735dc0675807ba888fdfff4a9ba1a32ef6f7b31159ac33494,2018-04-25 07:34:00,30,NO CONTROLS,NO CONTROLS,CLEAR,DAYLIGHT,OTHER OBJECT,DIVIDED - W/MEDIAN (NOT RAISED),STRAIGHT AND LEVEL,DRY,NO DEFECTS,INJURY AND / OR TOW DUE TO CRASH,"OVER $1,500",IMPROPER OVERTAKING/PASSING,NOT APPLICABLE,1414,W,35TH ST,1,"REPORTED, NOT EVIDENT",1.0,0.0,0.0,0.0,1.0,0.0,0.0,7,4,4
243c0603c1ee0ebc9a589755d342a1aadd42695f093175706074514ad28ed106cdcbffbb77522ef9f48bafaf3ef74a0b578f8173ee4e8c65156571b73becfadc,2016-10-22 11:45:00,35,TRAFFIC SIGNAL,FUNCTIONING PROPERLY,CLEAR,DAYLIGHT,REAR END,NOT DIVIDED,STRAIGHT AND LEVEL,DRY,NO DEFECTS,NO INJURY / DRIVE AWAY,"OVER $1,500",FOLLOWING TOO CLOSELY,FOLLOWING TOO CLOSELY,5500,N,LINCOLN AVE,2,NO INDICATION OF INJURY,0.0,0.0,0.0,0.0,0.0,2.0,0.0,11,7,10
a9e930a97ecdab41c1fa7dd91e2e666a64842722684995082b5aff900a2c034eccf6a04c086c58f581438afae6f73b2e4f91b4ec80c84ad6409cb5c2479a6ba4,2021-02-06 13:20:00,30,STOP SIGN/FLASHER,FUNCTIONING PROPERLY,CLEAR,DAYLIGHT,REAR END,ONE-WAY,STRAIGHT AND LEVEL,ICE,NO DEFECTS,NO INJURY / DRIVE AWAY,"OVER $1,500",FOLLOWING TOO CLOSELY,NOT APPLICABLE,334,W,SCHILLER ST,2,NO INDICATION OF INJURY,0.0,0.0,0.0,0.0,0.0,2.0,0.0,13,7,2
16fe53b2898bee6f3e2f15b8b77504ba3dd424bb00e068b8cb65f65d02797135958411b3a69f858d8fea04737972bed390275ed101493244dee80bde98424301,2020-07-12 07:00:00,30,TRAFFIC SIGNAL,FUNCTIONING PROPERLY,CLEAR,DAYLIGHT,FIXED OBJECT,DRIVEWAY,STRAIGHT AND LEVEL,DRY,NO DEFECTS,NO INJURY / DRIVE AWAY,$500 OR LESS,NOT APPLICABLE,NOT APPLICABLE,6600,S,JEFFERY DR,1,NO INDICATION OF INJURY,0.0,0.0,0.0,0.0,0.0,1.0,0.0,7,1,7
6fc7d00c38216680991d38b6a58ed15d6416d89d993e8163ee48d8ea45eac452e1ee50769b50aeb637b95759376feca0aabdc24e57894d9aff9af00673f8be06,2023-11-29 02:40:00,30,UNKNOWN,UNKNOWN,UNKNOWN,UNKNOWN,PARKED MOTOR VEHICLE,PARKING LOT,STRAIGHT AND LEVEL,UNKNOWN,UNKNOWN,NO INJURY / DRIVE AWAY,"$501 - $1,500",UNABLE TO DETERMINE,UNABLE TO DETERMINE,8605,S,HALSTED ST,2,NO INDICATION OF INJURY,0.0,0.0,0.0,0.0,0.0,2.0,0.0,2,4,11
7d494e6e00899f00b481f9d3c7b402b7d74a02f10081511103ad19f76e37354e9d113a3575f2ffeb68378c8807e2f4b907719949f5cd225dae4e45605c826606,2023-05-01 17:30:00,25,TRAFFIC SIGNAL,NO CONTROLS,RAIN,DAYLIGHT,REAR END,NOT DIVIDED,STRAIGHT AND LEVEL,WET,NO DEFECTS,NO INJURY / DRIVE AWAY,"OVER $1,500",FOLLOWING TOO CLOSELY,NOT APPLICABLE,400,E,100TH ST,2,NO INDICATION OF INJURY,0.0,0.0,0.0,0.0,0.0,2.0,0.0,17,2,5
693c2fdd5648663252a7299ecc24986d4d38aab16da6eaae4311620e7d35c902c3fcd99d2625e02da48bd05c98cfb75d1530eb59e970787fecdf1e36ec047388,2022-12-17 14:22:00,30,NO CONTROLS,NO CONTROLS,CLEAR,DAYLIGHT,PARKED MOTOR VEHICLE,ONE-WAY,STRAIGHT AND LEVEL,DRY,NO DEFECTS,INJURY AND / OR TOW DUE TO CRASH,"OVER $1,500",UNABLE TO DETERMINE,UNABLE TO DETERMINE,3802,W,POLK ST,2,NO INDICATION OF INJURY,0.0,0.0,0.0,0.0,0.0,1.0,0.0,14,7,12
0c293ee15631b17e8e025d1b03e3c40a744658a4ce5801e5f136775c8884f0f420e2adeeecb81cd29935354d9991e615a529cca8b9d4e645621801f715c69a92,2019-03-13 20:55:00,25,NO CONTROLS,NO CONTROLS,CLEAR,DARKNESS,PARKED MOTOR VEHICLE,NOT DIVIDED,STRAIGHT AND LEVEL,WET,NO DEFECTS,NO INJURY / DRIVE AWAY,"$501 - $1,500",UNABLE TO DETERMINE,UNABLE TO DETERMINE,145,N,CENTRAL AVE,2,NO INDICATION OF INJURY,0.0,0.0,0.0,0.0,0.0,1.0,0.0,20,4,3
eec843eaef00eb96417335b63aba48e6286676b0c1c7db37dfdb6a63fd04999331763b9fd8fdf8a8f1c5faa3d6284d7d533ad2a8de42c7010a070afb2e7a9c3f,2020-09-03 14:20:00,30,NO CONTROLS,NO CONTROLS,CLEAR,DAYLIGHT,HEAD ON,NOT DIVIDED,STRAIGHT AND LEVEL,DRY,NO DEFECTS,INJURY AND / OR TOW DUE TO CRASH,"OVER $1,500",PHYSICAL CONDITION OF DRIVER,PHYSICAL CONDITION OF DRIVER,1034,W,31ST ST,3,FATAL,1.0,1.0,0.0,0.0,0.0,2.0,0.0,14,5,9
fb50dcb417a71f51d4557c79a82244252cb0f4a1d81385f3d1ec2b9b0463ec0a138da11a7219687c8f218dc2cdcce7810528424a68067a9d0822a8371a2dfb1c,2017-08-23 12:35:00,30,NO CONTROLS,NO CONTROLS,CLEAR,DAYLIGHT,FIXED OBJECT,ALLEY,STRAIGHT AND LEVEL,DRY,NO DEFECTS,NO INJURY / DRIVE AWAY,"$501 - $1,500",UNABLE TO DETERMINE,NOT APPLICABLE,271,N,ALBANY AVE,1,NO INDICATION OF INJURY,0.0,0.0,0.0,0.0,0.0,2.0,0.0,12,4,8
8f4db4b964b827bae2d4d9bbfec5aa8f0c1da3f54fdeb1764a63613950168d8acc4154fa5a81ef16affa071fbbce3f2af8180d4ed5816c0bd02240bc95885c6b,2021-07-04 15:00:00,30,TRAFFIC SIGNAL,FUNCTIONING PROPERLY,CLEAR,DAYLIGHT,SIDESWIPE OPPOSITE DIRECTION,DIVIDED - W/MEDIAN (NOT RAISED),STRAIGHT AND LEVEL,DRY,NO DEFECTS,NO INJURY / DRIVE AWAY,"OVER $1,500",UNABLE TO DETERMINE,NOT APPLICABLE,8256,S,PULASKI RD,2,NO INDICATION OF INJURY,0.0,0.0,0.0,0.0,0.0,3.0,0.0,15,1,7
f5ed4822b62540f768b2b6e351bea21766308a135befbf1dd5f6625e6a0210595f5fb6c783d27fa2682b311f0ca5e5a8b3841be3469419db6ba3d21020473adf,2020-06-15 08:00:00,30,NO CONTROLS,NO CONTROLS,CLEAR,DAYLIGHT,PARKED MOTOR VEHICLE,DIVIDED - W/MEDIAN (NOT RAISED),STRAIGHT AND LEVEL,DRY,NO DEFECTS,NO INJURY / DRIVE AWAY,"OVER $1,500",UNABLE TO DETERMINE,UNABLE TO DETERMINE,1814,S,THROOP ST,3,NO INDICATION OF INJURY,0.0,0.0,0.0,0.0,0.0,1.0,0.0,8,2,6
1d023f94260406e978b11aebb936f433d4b2f9b3585d16e4648abf7c4bd898abcc6660f52382f52f58c7369c9d8b4a2ba236c393f49bdac351c81f568cfbd7e7,2019-10-11 05:05:00,35,TRAFFIC SIGNAL,FUNCTIONING PROPERLY,RAIN,"DARKNESS, LIGHTED ROAD",FIXED OBJECT,DIVIDED - W/MEDIAN (NOT RAISED),STRAIGHT AND LEVEL,WET,NO DEFECTS,INJURY AND / OR TOW DUE TO CRASH,"OVER $1,500",FAILING TO REDUCE SPEED TO AVOID CRASH,NOT APPLICABLE,7717,S,CICERO AVE,1,NO INDICATION OF INJURY,0.0,0.0,0.0,0.0,0.0,1.0,0.0,5,6,10
6ba395f1dd154e14bef529e2aa9d968746ea3654b649d1b2b286d2575be39d8ed5823f2e3cc4a8849a13445fae607ea360f1db0bd222e53069258e67cec8923e,2019-08-21 14:50:00,30,NO CONTROLS,NO CONTROLS,CLEAR,DAYLIGHT,ANGLE,NOT DIVIDED,STRAIGHT AND LEVEL,DRY,NO DEFECTS,NO INJURY / DRIVE AWAY,"$501 - $1,500",NOT APPLICABLE,NOT APPLICABLE,3217,W,48TH PL,2,NO INDICATION OF INJURY,0.0,0.0,0.0,0.0,0.0,2.0,0.0,14,4,8
19ea74b264cb44f09c32ad04197810a2b3580b8f069f71b24b6ba18c323ba02f2a90e58f0dd35387a8e75ddd149ed826ee9d26af3e979af40b496e350877cfc0,2020-02-03 15:00:00,30,NO CONTROLS,NO CONTROLS,CLEAR,DAYLIGHT,PARKED MOTOR VEHICLE,NOT DIVIDED,STRAIGHT AND LEVEL,DRY,NO DEFECTS,NO INJURY / DRIVE AWAY,"OVER $1,500",UNABLE TO DETERMINE,UNABLE TO DETERMINE,5523,W,HARRISON ST,2,NO INDICATION OF INJURY,0.0,0.0,0.0,0.0,0.0,1.0,0.0,15,2,2
39ba6876bfe8a6c305cb86ed878cad6bed0da0feba8e93393705cee4a8d7632c30fcb69c5847e640ce6513ebb9bcb2ce32c15a9ff64843a2f0b87ca4c2b3d8c9,2020-07-06 12:36:00,35,TRAFFIC SIGNAL,FUNCTIONING PROPERLY,CLEAR,DAYLIGHT,ANGLE,CENTER TURN LANE,STRAIGHT AND LEVEL,DRY,NO DEFECTS,INJURY AND / OR TOW DUE TO CRASH,"OVER $1,500",FAILING TO YIELD RIGHT-OF-WAY,DRIVING SKILLS/KNOWLEDGE/EXPERIENCE,4900,S,PULASKI RD,6,NONINCAPACITATING INJURY,1.0,0.0,0.0,1.0,0.0,1.0,0.0,12,2,7
f546b36869f5789f6e82a6f48bb200f35b8f17c986e91379734ec6d8d12238493f1e869ed30ab5acb4ea3ed3ed4b6cfb7276ba495e94d987b3f65290a2511791,2015-12-17 17:20:00,30,TRAFFIC SIGNAL,FUNCTIONING PROPERLY,CLEAR,"DARKNESS, LIGHTED ROAD",REAR END,NOT DIVIDED,STRAIGHT AND LEVEL,DRY,NO DEFECTS,NO INJURY / DRIVE AWAY,"$501 - $1,500",FOLLOWING TOO CLOSELY,NOT APPLICABLE,2758,W,GRAND AVE,2,NO INDICATION OF INJURY,0.0,0.0,0.0,0.0,0.0,2.0,0.0,17,5,12
c06524521e32afada46a39d96ed7625dba3bb234187d2d8183eaf6f8bf89af53e8e5032fb311c0760a2bea02767597bc7bec1295128dddb5dc5ce6aaded2d5a4,2018-01-26 21:00:00,30,NO CONTROLS,UNKNOWN,CLEAR,"DARKNESS, LIGHTED ROAD",SIDESWIPE SAME DIRECTION,DIVIDED - W/MEDIAN (NOT RAISED),STRAIGHT AND LEVEL,DRY,NO DEFECTS,NO INJURY / DRIVE AWAY,"OVER $1,500",IMPROPER LANE USAGE,UNABLE TO DETERMINE,5028,N,CLARK ST,2,NO INDICATION OF INJURY,0.0,0.0,0.0,0.0,0.0,4.0,0.0,21,6,1
c13ac08dde016d9792bfe930d3bd605a2fab81e77525d495279071c18f3518721dc986618e782e9648a8bf58167b5b7ffe9ff903a90ca39b258d2e2fa92e5ad6,2018-04-04 08:30:00,30,NO CONTROLS,NO CONTROLS,CLEAR,DAYLIGHT,REAR END,NOT DIVIDED,STRAIGHT AND LEVEL,ICE,NO DEFECTS,NO INJURY / DRIVE AWAY,"OVER $1,500",EXCEEDING SAFE SPEED FOR CONDITIONS,WEATHER,7443,N,ROGERS AVE,2,NO INDICATION OF INJURY,0.0,0.0,0.0,0.0,0.0,10.0,0.0,8,4,4
1ab47e2718b7bda8641acb271056f435cce81c713ad4f7d9efad9cf5a2fba8b8314193fc73fb7e31db7d10bff1a8f79908ad71c1aca2612b77ef30305f6c4d59,2022-04-07 21:53:00,35,NO CONTROLS,NO CONTROLS,RAIN,"DARKNESS, LIGHTED ROAD",FIXED OBJECT,NOT DIVIDED,STRAIGHT AND LEVEL,WET,NO DEFECTS,INJURY AND / OR TOW DUE TO CRASH,"OVER $1,500",UNDER THE INFLUENCE OF ALCOHOL/DRUGS (USE WHEN ARREST IS EFFECTED),DISREGARDING ROAD MARKINGS,8600,S,DAMEN AVE,1,NO INDICATION OF INJURY,0.0,0.0,0.0,0.0,0.0,1.0,0.0,21,5,4
e1b6d2be854a25f52e267752e7dffb3a978f78e2d0692adcceffd46d33f4b442b65fd0f3d55691a9458c2028eb2b47d97f58df6482e95d7e2864b72cad0dbb46,2019-01-25 14:30:00,30,NO CONTROLS,NO CONTROLS,CLEAR,DAYLIGHT,TURNING,NOT DIVIDED,STRAIGHT AND LEVEL,DRY,NO DEFECTS,NO INJURY / DRIVE AWAY,"OVER $1,500",UNABLE TO DETERMINE,UNABLE TO DETERMINE,500,W,FULTON ST,2,NO INDICATION OF INJURY,0.0,0.0,0.0,0.0,0.0,2.0,0.0,14,6,1
bc8a334a4fca18be317c6043bcb46360185e280cdca5d9b046b01607b2de0eb28cf7d7cb843d36408870865377b9d3c6eac17ae2efe4568ec65f288d865b8a4e,2023-11-07 16:36:00,30,NO CONTROLS,NO CONTROLS,CLEAR,DAYLIGHT,SIDESWIPE SAME DIRECTION,ONE-WAY,STRAIGHT AND LEVEL,DRY,NO DEFECTS,NO INJURY / DRIVE AWAY,"$501 - $1,500",IMPROPER LANE USAGE,NOT APPLICABLE,1,W,TERMINAL ST,2,NO INDICATION OF INJURY,0.0,0.0,0.0,0.0,0.0,2.0,0.0,16,3,11
e1d9921f9ff54c53035205f99960e744e83b99afce761d226e059df8acafd557cad274475cd189129b744da499b395b754305bfdbd102f52b2c16df459ace0a9,2023-04-26 20:50:00,35,NO CONTROLS,NO CONTROLS,CLEAR,DARKNESS,FIXED OBJECT,NOT DIVIDED,STRAIGHT AND LEVEL,DRY,NO DEFECTS,INJURY AND / OR TOW DUE TO CRASH,"$501 - $1,500",UNABLE TO DETERMINE,UNABLE TO DETERMINE,4020,W,MADISON ST,1,NO INDICATION OF INJURY,0.0,0.0,0.0,0.0,0.0,1.0,0.0,20,4,4
621226fb1dfd41c3ffa75b1f87cae486129532d387431fb7239b012a2cf5f7f69f4ad80582c7d3143b543bd9033897cc092eec9cdd3bd3bb0e4a38628a4df705,2023-10-05 09:30:00,30,TRAFFIC SIGNAL,FUNCTIONING PROPERLY,CLEAR,DAYLIGHT,TURNING,FOUR WAY,STRAIGHT AND LEVEL,DRY,UNKNOWN,NO INJURY / DRIVE AWAY,"OVER $1,500",IMPROPER TURNING/NO SIGNAL,IMPROPER TURNING/NO SIGNAL,1857,N,CICERO AVE,2,NO INDICATION OF INJURY,0.0,0.0,0.0,0.0,0.0,2.0,0.0,9,5,10