CRASH_RECORD_ID,CRASH_DATE,POSTED_SPEED_LIMIT,TRAFFIC_CONTROL_DEVICE,DEVICE_CONDITION,WEATHER_CONDITION,LIGHTING_CONDITION,FIRST_CRASH_TYPE,TRAFFICWAY_TYPE,ALIGNMENT,ROADWAY_SURFACE_COND,ROAD_DEFECT,CRASH_TYPE,DAMAGE,PRIM_CONTRIBUTORY_CAUSE,SEC_CONTRIBUTORY_CAUSE,STREET_NO,STREET_DIRECTION,STREET_NAME,NUM_UNITS,MOST_SEVERE_INJURY,INJURIES_TOTAL,INJURIES_FATAL,INJURIES_INCAPACITATING,INJURIES_NON_INCAPACITATING,INJURIES_REPORTED_NOT_EVIDENT,INJURIES_NO_INDICATION,INJURIES_UNKNOWN,CRASH_HOUR,CRASH_DAY_OF_WEEK,CRASH_MONTH
659e3a168ad65347762b56a397a0399c671fd37cc1460977f78af164167a2d31a6602afe0de4ec787f24e993412e100e2889b2841230b0f22545625b53841ddd,2023-02-02 18:45:00,30,TRAFFIC SIGNAL,FUNCTIONING PROPERLY,CLEAR,DARKNESS,REAR END,NOT DIVIDED,STRAIGHT AND LEVEL,DRY,NO DEFECTS,NO INJURY / DRIVE AWAY,"$501 - $1,500",DRIVING SKILLS/KNOWLEDGE/EXPERIENCE,UNABLE TO DETERMINE,2300,N,CALIFORNIA AVE,2,NO INDICATION OF INJURY,0.0,0.0,0.0,0.0,0.0,2.0,0.0,18,5,2
532d871ea6850f99d19c46bf1dbb4dcc5e006014c95d42ca1f6729ce3b05f0e07d3abb8fef22a65b9365f198b78d1662eb27531f7f7d028b7d6aff11146aace5,2020-06-23 15:58:00,25,NO CONTROLS,NO CONTROLS,CLEAR,DAYLIGHT,PARKED MOTOR VEHICLE,DIVIDED - W/MEDIAN (NOT RAISED),STRAIGHT AND LEVEL,DRY,NO DEFECTS,NO INJURY / DRIVE AWAY,"OVER $1,500",UNABLE TO DETERMINE,NOT APPLICABLE,4051,W,26TH ST,2,NO INDICATION OF INJURY,0.0,0.0,0.0,0.0,0.0,1.0,0.0,15,3,6
853bfbd9a653c5333f75cfb0602b9925f9232caf0b8f456bc3077e27049323956471039a46480acf59b6fc4b58aded735bf5bf8442a2c5c34c8051f3de507cb9,2015-09-18 06:15:00,30,STOP SIGN/FLASHER,FUNCTIONING PROPERLY,RAIN,DAYLIGHT,REAR END,NOT DIVIDED,STRAIGHT AND LEVEL,WET,NO DEFECTS,NO INJURY / DRIVE AWAY,"$501 - $1,500",UNABLE TO DETERMINE,NOT APPLICABLE,6200,W,GUNNISON ST,2,NO INDICATION OF INJURY,0.0,0.0,0.0,0.0,0.0,2.0,0.0,6,6,9
a856cf2a7907db5bc923f7a5a243c82a7570d3e6f49bb2ac6f788d4538a8d487e05a4a0ec80dd59a7b8064c9901a3f70c4d96961aac8b9c9d5a5184cbd02381f,2021-10-26 18:30:00,30,NO CONTROLS,NO CONTROLS,CLEAR,"DARKNESS, LIGHTED ROAD",PARKED MOTOR VEHICLE,ONE-WAY,STRAIGHT AND LEVEL,DRY,NO DEFECTS,NO INJURY / DRIVE AWAY,"OVER $1,500",DRIVING SKILLS/KNOWLEDGE/EXPERIENCE,NOT APPLICABLE,415,W,HURON ST,2,NO INDICATION OF INJURY,0.0,0.0,0.0,0.0,0.0,1.0,0.0,18,3,10
41744fea9034e50102a9ad57bb311b8f56e009008ed934252fe28a287e3168ed11ad39e24d3d180f3971a53717708b4bce8be64cf1581d955ec5e57234425871,2020-01-20 16:44:00,25,TRAFFIC SIGNAL,FUNCTIONING PROPERLY,CLEAR,DUSK,SIDESWIPE SAME DIRECTION,NOT DIVIDED,STRAIGHT AND LEVEL,DRY,NO DEFECTS,NO INJURY / DRIVE AWAY,"OVER $1,500",UNABLE TO DETERMINE,NOT APPLICABLE,351,N,CENTRAL AVE,2,NO INDICATION OF INJURY,0.0,0.0,0.0,0.0,0.0,2.0,0.0,16,2,1
779ee5c95c64a4394bf97d9cfa22bab28c54e53216cc4cea90744d58a676c0ceee7f2ed15ed669a0aef4094a92b8519ea16abb0b2e91e7bbed5b5de97f13002b,2022-05-10 08:30:00,35,NO CONTROLS,NO CONTROLS,CLEAR,DAYLIGHT,ANGLE,DIVIDED - W/MEDIAN BARRIER,STRAIGHT AND LEVEL,DRY,UNKNOWN,NO INJURY / DRIVE AWAY,"OVER $1,500",UNABLE TO DETERMINE,NOT APPLICABLE,8753,S,STONY ISLAND AVE,2,NO INDICATION OF INJURY,0.0,0.0,0.0,0.0,0.0,2.0,0.0,8,3,5
4fff879f2fe3a24b370a47915ddd4353ad5247476151420802eabfc542434a6e7aa804e1ef8e2006a4beddb76ad432b4d13f23bba433e06ed2410319e9021597,2023-09-18 17:00:00,30,TRAFFIC SIGNAL,UNKNOWN,CLEAR,DAYLIGHT,REAR END,NOT DIVIDED,STRAIGHT AND LEVEL,UNKNOWN,UNKNOWN,NO INJURY / DRIVE AWAY,"$501 - $1,500",UNABLE TO DETERMINE,NOT APPLICABLE,4400,W,NORTH AVE,2,NO INDICATION OF INJURY,0.0,0.0,0.0,0.0,0.0,2.0,0.0,17,2,9
55799b14d08dc5bcfeaf5fad710cdcfcabc18422767e63ee697b35958a3c101813a359fbdedec0c70a45f58602a6ac6c1c4f4e2e1a2f2df50010b31f2b397628,2022-08-16 06:06:00,30,TRAFFIC SIGNAL,FUNCTIONING PROPERLY,CLEAR,DAYLIGHT,REAR END,DIVIDED - W/MEDIAN (NOT RAISED),STRAIGHT AND LEVEL,DRY,NO DEFECTS,NO INJURY / DRIVE AWAY,"OVER $1,500",FOLLOWING TOO CLOSELY,"VISION OBSCURED (SIGNS, TREE LIMBS, BUILDINGS, ETC.)",1541,N,AUSTIN BLVD,2,NO INDICATION OF INJURY,0.0,0.0,0.0,0.0,0.0,2.0,0.0,6,3,8
9c5f0af3d2194212ed6dc7e1d3527a4b07778a9e445957e504e1eb5e0c7658d82b2d42d89e884bb4b3b7e46ed034153785d3443bf78dce25bcd9d2bef6bc5a83,2023-06-08 16:20:00,30,TRAFFIC SIGNAL,FUNCTIONING PROPERLY,CLEAR,DAYLIGHT,TURNING,FOUR WAY,STRAIGHT AND LEVEL,DRY,NO DEFECTS,NO INJURY / DRIVE AWAY,"OVER $1,500",DRIVING SKILLS/KNOWLEDGE/EXPERIENCE,NOT APPLICABLE,7100,S,EXCHANGE AVE,2,NO INDICATION OF INJURY,0.0,0.0,0.0,0.0,0.0,4.0,0.0,16,5,6
ef5158762da31d726a1bf04f7518f65b4a1161987566eeed998c97ccb7fa2ec361b6bc221f72e0ee074fe98962d30ca7b7d5f2f89913675e25055cb01470e34e,2019-08-14 17:18:00,30,NO CONTROLS,NO CONTROLS,CLEAR,DAYLIGHT,REAR END,NOT DIVIDED,STRAIGHT AND LEVEL,DRY,NO DEFECTS,NO INJURY / DRIVE AWAY,"OVER $1,500",UNABLE TO DETERMINE,NOT APPLICABLE,5301,N,HARLEM AVE,2,NO INDICATION OF INJURY,0.0,0.0,0.0,0.0,0.0,2.0,0.0,17,4,8
3c2fe0375a13537c11d502e9fde7dc4ba8e4bcb7f2fc5372794e43c6a45bf90db86d3e4c115c41e7c2a7e2d898335cc0c916fccc34cb50cb348f5bccddded253,2023-01-18 22:30:00,30,TRAFFIC SIGNAL,FUNCTIONING PROPERLY,RAIN,"DARKNESS, LIGHTED ROAD",TURNING,FOUR WAY,STRAIGHT AND LEVEL,WET,NO DEFECTS,INJURY AND / OR TOW DUE TO CRASH,"OVER $1,500",IMPROPER OVERTAKING/PASSING,UNABLE TO DETERMINE,1398,W,DEVON AVE,2,NONINCAPACITATING INJURY,1.0,0.0,0.0,1.0,0.0,1.0,0.0,22,4,1
0cb3a8f4e849c74a31f64924e06260aef6c11aa241df367f120ef8fa69331eb072d8f5bee312871ff19c28c5abc561a6dd738f8bd6f9e7aa2717b81759950a98,2024-02-14 07:42:00,3,STOP SIGN/FLASHER,FUNCTIONING PROPERLY,CLEAR,DAYLIGHT,REAR END,FOUR WAY,STRAIGHT AND LEVEL,UNKNOWN,UNKNOWN,NO INJURY / DRIVE AWAY,"OVER $1,500",UNABLE TO DETERMINE,UNABLE TO DETERMINE,1600,E,70TH ST,2,NO INDICATION OF INJURY,0.0,0.0,0.0,0.0,0.0,3.0,0.0,7,4,2
76e0db4acef7fabdfaa9648fe3872269f4b21e91be3690561e41fa44550da86979aef94d1dd57a073245fbe94af7721f4849e03483a3597a942beee534c347b2,2023-07-25 19:00:00,30,TRAFFIC SIGNAL,FUNCTIONING PROPERLY,CLEAR,DUSK,REAR END,NOT DIVIDED,STRAIGHT AND LEVEL,DRY,NO DEFECTS,INJURY AND / OR TOW DUE TO CRASH,"OVER $1,500",FOLLOWING TOO CLOSELY,FOLLOWING TOO CLOSELY,1602,W,CERMAK RD,2,"REPORTED, NOT EVIDENT",1.0,0.0,0.0,0.0,1.0,3.0,0.0,19,3,7
8487c9a0ecbcfaab7b473191946e4ae41d4cac36d15028857629e7d4ffe34a8e9ba955331bf7bea44c244c3aefa6241ab1011a55c7f8ede756304de3d4478ef6,2022-07-17 00:30:00,30,OTHER,OTHER,OTHER,DARKNESS,PARKED MOTOR VEHICLE,PARKING LOT,STRAIGHT AND LEVEL,UNKNOWN,UNKNOWN,NO INJURY / DRIVE AWAY,"OVER $1,500",DRIVING SKILLS/KNOWLEDGE/EXPERIENCE,UNABLE TO DETERMINE,405,W,EVERGREEN AVE,2,NO INDICATION OF INJURY,0.0,0.0,0.0,0.0,0.0,1.0,0.0,0,1,7
37d469e185cfc7cd75e35b3590ab60e5985952678b9b3f9f3593197cb04b489664bf9c979551e5f700cc8daca53383158b67e45066d812fb6cd450928bedf21d,2018-12-27 16:18:00,30,TRAFFIC SIGNAL,FUNCTIONING PROPERLY,RAIN,DUSK,REAR END,NOT DIVIDED,STRAIGHT AND LEVEL,WET,NO DEFECTS,NO INJURY / DRIVE AWAY,"$501 - $1,500",UNABLE TO DETERMINE,UNABLE TO DETERMINE,6202,N,RAVENSWOOD AVE,2,NO INDICATION OF INJURY,0.0,0.0,0.0,0.0,0.0,2.0,0.0,16,5,12
ddf96b8ee0d45b23dfa7361c519a9463e7b9c0997b56da21adb137fa1b98198df977d847b2939473d039dc6272387fd66e9868d811c90e9f4ad3cc98c51cb4a2,2019-11-07 18:25:00,30,NO CONTROLS,NO CONTROLS,CLEAR,"DARKNESS, LIGHTED ROAD",SIDESWIPE SAME DIRECTION,DIVIDED - W/MEDIAN (NOT RAISED),STRAIGHT AND LEVEL,DRY,NO DEFECTS,NO INJURY / DRIVE AWAY,"$501 - $1,500",UNABLE TO DETERMINE,NOT APPLICABLE,3558,W,LAKE ST,2,NO INDICATION OF INJURY,0.0,0.0,0.0,0.0,0.0,2.0,0.0,18,5,11
945b6760bffde9c863b5d01250c3438cbcc7fedf0a742ec833885caf08fdc097fa6a2a4e6169d30e6414f7de68abc746d50db7f2ab0f4c8914dbaeba04ad5a30,2022-12-02 11:00:00,30,TRAFFIC SIGNAL,FUNCTIONING PROPERLY,CLEAR,DAYLIGHT,REAR END,NOT DIVIDED,STRAIGHT AND LEVEL,DRY,NO DEFECTS,NO INJURY / DRIVE AWAY,"OVER $1,500",FOLLOWING TOO CLOSELY,UNABLE TO DETERMINE,1589,W,19TH ST,2,NO INDICATION OF INJURY,0.0,0.0,0.0,0.0,0.0,2.0,0.0,11,6,12
85347d03cc31fa75ca76fc45e7b2db683d73bdb6c446e3a0ced4fbb8f23f120eed3bccf63e2df95f99de9142139a292fc6d666a18240770b0bb5e00d5f7ced12,2021-12-17 18:30:00,30,NO CONTROLS,NO CONTROLS,CLEAR,"DARKNESS, LIGHTED ROAD",SIDESWIPE SAME DIRECTION,NOT DIVIDED,STRAIGHT AND LEVEL,DRY,NO DEFECTS,NO INJURY / DRIVE AWAY,"OVER $1,500",IMPROPER LANE USAGE,NOT APPLICABLE,5523,W,FOSTER AVE,2,NO INDICATION OF INJURY,0.0,0.0,0.0,0.0,0.0,3.0,0.0,18,6,12
248dbce7ddff3164d40e7b83755a4f0e39dec0bd4585a4e92a857e39017d7a32027e75c0a8789380733c415cfb22ceb5f933265f4cb8c5677343a0ffcb5e177a,2018-02-13 16:10:00,30,NO CONTROLS,NO CONTROLS,CLEAR,DAYLIGHT,TURNING,NOT DIVIDED,STRAIGHT AND LEVEL,DRY,UNKNOWN,NO INJURY / DRIVE AWAY,"$501 - $1,500",UNABLE TO DETERMINE,UNABLE TO DETERMINE,2715,W,HARRISON ST,2,NO INDICATION OF INJURY,0.0,0.0,0.0,0.0,0.0,3.0,0.0,16,3,2
7324505b1466fa5fb210a3ae24c2d3941a4f6fd35033dce98b8703e4c9e634dea27432059ddd945397e502d36da2431adb506681e44f689791062b39bc0f9d98,2022-07-13 13:15:00,30,NO CONTROLS,NO CONTROLS,CLEAR,DAYLIGHT,SIDESWIPE SAME DIRECTION,DIVIDED - W/MEDIAN (NOT RAISED),STRAIGHT AND LEVEL,DRY,UNKNOWN,NO INJURY / DRIVE AWAY,"$501 - $1,500",UNABLE TO DETERMINE,UNABLE TO DETERMINE,5309,N,CLARK ST,2,NO INDICATION OF INJURY,0.0,0.0,0.0,0.0,0.0,2.0,0.0,13,4,7
6836e8a3de9b56320123a7977fccbfa4a360e2489a638f574daa7dc33317cc6a639b2f33870da78be3048373239a4e126607f66eaaac50c5293de7692fa1e9f7,2019-08-20 11:00:00,25,NO CONTROLS,NO CONTROLS,RAIN,DAYLIGHT,SIDESWIPE SAME DIRECTION,ONE-WAY,STRAIGHT AND LEVEL,WET,NO DEFECTS,NO INJURY / DRIVE AWAY,"OVER $1,500",UNABLE TO DETERMINE,NOT APPLICABLE,10000,W,OHARE ST,2,NO INDICATION OF INJURY,0.0,0.0,0.0,0.0,0.0,3.0,0.0,11,3,8
08b871a3de58d737a4a076c39e54d3a1e74a65fd388f93ccf802745c3df693c45e2145da48d95694690219e7c3c32fca1358b39f142e87d3a409f8fa09ad696c,2024-03-06 09:00:00,30,NO CONTROLS,NO CONTROLS,UNKNOWN,DAYLIGHT,PARKED MOTOR VEHICLE,NOT DIVIDED,STRAIGHT AND LEVEL,UNKNOWN,UNKNOWN,NO INJURY / DRIVE AWAY,"OVER $1,500",UNABLE TO DETERMINE,UNABLE TO DETERMINE,844,N,KILDARE AVE,2,NO INDICATION OF INJURY,0.0,0.0,0.0,0.0,0.0,1.0,0.0,9,4,3
0173d23d55d5d7fa44dbbd8f93a4835e59dc4be26994a7e820f705d50dd58eb6c7c6a67e7b889218ac210b7259c54f9a44048d1aab7c147a429dc61f4102eff5,2022-04-23 17:45:00,30,TRAFFIC SIGNAL,FUNCTIONING PROPERLY,CLEAR,DAYLIGHT,SIDESWIPE SAME DIRECTION,NOT DIVIDED,STRAIGHT AND LEVEL,DRY,NO DEFECTS,NO INJURY / DRIVE AWAY,"$501 - $1,500",UNABLE TO DETERMINE,UNABLE TO DETERMINE,121,W,LA SALLE DR,2,NO INDICATION OF INJURY,0.0,0.0,0.0,0.0,0.0,2.0,0.0,17,7,4
1c1f7a78f775ceba251dee0ac6249d9100597529a187f70136d73ce619b383c247f39d927f46b4900b2ef89023d20b60e8364a0c536947fef2a0ec042a418cfd,2019-12-23 13:30:00,30,NO CONTROLS,NO CONTROLS,CLEAR,DAYLIGHT,SIDESWIPE SAME DIRECTION,NOT DIVIDED,STRAIGHT AND LEVEL,DRY,NO DEFECTS,NO INJURY / DRIVE AWAY,$500 OR LESS,UNABLE TO DETERMINE,UNABLE TO DETERMINE,8000,S,DR MARTIN LUTHER KING JR DR,2,NO INDICATION OF INJURY,0.0,0.0,0.0,0.0,0.0,2.0,0.0,13,2,12
bb7208917f022caa526b2a963a40212f5f1069c158fb22703d818a2db5d8fafc85c4246cc552a87ed11d7fc51913999f21c0d360e797e2c9ae741e2457259216,2017-11-04 00:05:00,30,NO CONTROLS,NO CONTROLS,CLEAR,"DARKNESS, LIGHTED ROAD",FIXED OBJECT,ONE-WAY,STRAIGHT AND LEVEL,DRY,NO DEFECTS,INJURY AND / OR TOW DUE TO CRASH,"OVER $1,500",UNABLE TO DETERMINE,UNABLE TO DETERMINE,333,W,GARFIELD BLVD,1,NO INDICATION OF INJURY,0.0,0.0,0.0,0.0,0.0,1.0,0.0,0,7,11
81de8acc300636f9ced66b6e4027edd7cbb245bb03d7b391746f6bb1526a617acdc8f2aba67da3fd9fed000d1aa702000df580e1bd08baa3633440b266393b05,2017-09-23 12:30:00,10,NO CONTROLS,NO CONTROLS,CLEAR,DAYLIGHT,ANGLE,PARKING LOT,STRAIGHT AND LEVEL,DRY,NO DEFECTS,NO INJURY / DRIVE AWAY,"$501 - $1,500",IMPROPER BACKING,UNABLE TO DETERMINE,1920,S,ASHLAND AVE,2,NO INDICATION OF INJURY,0.0,0.0,0.0,0.0,0.0,6.0,0.0,12,7,9
e51429da571aca57b0987677d6d107014f914ac58c41a94baa746ce17033f37370701cc654a2f3d11b42cdd6df8964a2ef7e018ecb695c5b3786b329c31153cb,2016-09-30 06:15:00,30,TRAFFIC SIGNAL,FUNCTIONING PROPERLY,CLOUDY/OVERCAST,"DARKNESS, LIGHTED ROAD",TURNING,OTHER,STRAIGHT AND LEVEL,UNKNOWN,UNKNOWN,NO INJURY / DRIVE AWAY,$500 OR LESS,UNABLE TO DETERMINE,UNABLE TO DETERMINE,1705,W,PETERSON AVE,2,NO INDICATION OF INJURY,0.0,0.0,0.0,0.0,0.0,2.0,0.0,6,6,9
69cb968896006fc5e39e316205638dce36f7ab9bcfecf3475cb5e79290f04d448d07a321dcbe676a7657c620cf2a6991f2fb826f95a2ca91ca0137e804c1947f,2019-07-29 14:00:00,30,UNKNOWN,UNKNOWN,UNKNOWN,UNKNOWN,REAR END,UNKNOWN,STRAIGHT AND LEVEL,UNKNOWN,UNKNOWN,NO INJURY / DRIVE AWAY,"OVER $1,500",UNABLE TO DETERMINE,NOT APPLICABLE,2900,N,OAK PARK AVE,2,NO INDICATION OF INJURY,0.0,0.0,0.0,0.0,0.0,6.0,0.0,14,2,7
6ceff6246b88ea8eec28015c5459c44b4bd07019c8adde970d54a30f526b0121b4cad5c5c94cb10e28f9897340ecc10fec3b08691ada68acb9e30f39a02bc1fc,2016-10-05 14:25:00,15,NO CONTROLS,NO CONTROLS,CLEAR,DAYLIGHT,PARKED MOTOR VEHICLE,PARKING LOT,STRAIGHT AND LEVEL,DRY,NO DEFECTS,NO INJURY / DRIVE AWAY,"$501 - $1,500",UNABLE TO DETERMINE,UNABLE TO DETERMINE,1224,S,WABASH AVE,2,NO INDICATION OF INJURY,0.0,0.0,0.0,0.0,0.0,1.0,0.0,14,4,10
faf168c1b63762ee7fa4e64f8eaa95d026c79762805e0eb0bd9cc56e7a6b9dd9154835be9bb6f862afc683f93eea85da878ea8ae2f7e9ffa75bd26ef27a4bcb0,2020-03-09 16:55:00,15,NO CONTROLS,NO CONTROLS,CLEAR,DAYLIGHT,PARKED MOTOR VEHICLE,PARKING LOT,STRAIGHT AND LEVEL,DRY,NO DEFECTS,NO INJURY / DRIVE AWAY,"OVER $1,500",IMPROPER BACKING,UNABLE TO DETERMINE,505,E,67TH ST,2,NO INDICATION OF INJURY,0.0,0.0,0.0,0.0,0.0,1.0,0.0,16,2,3
9f7209ce0db39244886add5037d5e568d8bcb73e2f9fd3be76df18fd8c068a78a3f23b63dac01187fe7507f3a4aaaa300ba0fe806d40693c87a29b36b435e3fd,2017-11-10 20:29:00,30,UNKNOWN,UNKNOWN,CLEAR,DARKNESS,PARKED MOTOR VEHICLE,NOT DIVIDED,STRAIGHT AND LEVEL,DRY,NO DEFECTS,NO INJURY / DRIVE AWAY,$500 OR LESS,UNABLE TO DETERMINE,UNABLE TO DETERMINE,1757,N,LARAMIE AVE,2,NO INDICATION OF INJURY,0.0,0.0,0.0,0.0,0.0,1.0,0.0,20,6,11
934d87b92220c60f3599da58ec1eaafdcb320684ffb3d129c97d47656e4951af1af339bd7f6d8f569a075800d226a4f2b121cf7232e1504dd2068a1ce0b3beac,2018-10-02 13:00:00,30,NO CONTROLS,NO CONTROLS,CLOUDY/OVERCAST,DAYLIGHT,SIDESWIPE SAME DIRECTION,NOT DIVIDED,STRAIGHT AND LEVEL,DRY,NO DEFECTS,NO INJURY / DRIVE AWAY,"OVER $1,500",DRIVING SKILLS/KNOWLEDGE/EXPERIENCE,UNABLE TO DETERMINE,7110,N,SHERIDAN RD,3,NO INDICATION OF INJURY,0.0,0.0,0.0,0.0,0.0,2.0,0.0,13,3,10
abf70c34226399528b12d105e1de2ec46cda028acd6b3f16acae9637e44af237408f1a09703045a41db81628cb24f0c21478c9d350a069260ada1e47d601e421,2015-09-30 14:30:00,20,NO CONTROLS,NO CONTROLS,CLEAR,DAYLIGHT,PARKED MOTOR VEHICLE,OTHER,STRAIGHT AND LEVEL,DRY,NO DEFECTS,NO INJURY / DRIVE AWAY,$500 OR LESS,IMPROPER TURNING/NO SIGNAL,NOT APPLICABLE,1333,N,KINGSBURY ST,2,NO INDICATION OF INJURY,0.0,0.0,0.0,0.0,0.0,1.0,0.0,14,4,9
f944cb5e48667bb1bb3ffa6ec3bfe23ba1a19599184d5ded46b43cc6c0e78ca9ac0f29bb71f10a5fb538f45182029cfa842fcbb453e6f8c9110f618f678a267b,2023-08-06 10:05:00,25,NO CONTROLS,NO CONTROLS,RAIN,DAYLIGHT,PARKED MOTOR VEHICLE,PARKING LOT,STRAIGHT AND LEVEL,WET,NO DEFECTS,INJURY AND / OR TOW DUE TO CRASH,"OVER $1,500",DRIVING SKILLS/KNOWLEDGE/EXPERIENCE,NOT APPLICABLE,1515,W,CHICAGO AVE,3,NO INDICATION OF INJURY,0.0,0.0,0.0,0.0,0.0,1.0,0.0,10,1,8
9dfdabc725d55b962e44db22728c51682fc362bf873b32498962ad5a8d4dd7565ea71f6fc1e06eba5e7e29b64f37a56f6e3f3ec133896b5068eefb402aeae819,2022-10-18 17:54:00,30,STOP SIGN/FLASHER,NO CONTROLS,CLOUDY/OVERCAST,DUSK,REAR END,NOT DIVIDED,STRAIGHT AND LEVEL,DRY,NO DEFECTS,NO INJURY / DRIVE AWAY,"OVER $1,500",DRIVING SKILLS/KNOWLEDGE/EXPERIENCE,DRIVING SKILLS/KNOWLEDGE/EXPERIENCE,9200,S,COLFAX AVE,2,NO INDICATION OF INJURY,0.0,0.0,0.0,0.0,0.0,2.0,0.0,17,3,10
ca0405675dfc403a523996b7242e75055b91625582da0131c9f43750338af6895955bf8776a88b23d2dccb560455dc23a84fc90360b56ec5b2b2555d2a2fb759,2020-10-10 03:30:00,30,NO CONTROLS,NO CONTROLS,CLEAR,"DARKNESS, LIGHTED ROAD",REAR END,DIVIDED - W/MEDIAN (NOT RAISED),STRAIGHT AND LEVEL,DRY,NO DEFECTS,INJURY AND / OR TOW DUE TO CRASH,"OVER $1,500",FAILING TO REDUCE SPEED TO AVOID CRASH,UNABLE TO DETERMINE,8541,S,STATE ST,2,NO INDICATION OF INJURY,0.0,0.0,0.0,0.0,0.0,2.0,0.0,3,7,10
25a55fae81b3c7e899e0db4d2688af95c8281fe9d05fbecc319cc042b8992ea5b2859aa52df2944a1ffc393cd4d5aa40358d041ad01c042f5ace1bb212c03bf3,2018-07-16 18:50:00,30,NO CONTROLS,NO CONTROLS,CLEAR,DAYLIGHT,TURNING,DIVIDED - W/MEDIAN BARRIER,STRAIGHT AND LEVEL,DRY,NO DEFECTS,NO INJURY / DRIVE AWAY,"$501 - $1,500","VISION OBSCURED (SIGNS, TREE LIMBS, BUILDINGS, ETC.)",UNABLE TO DETERMINE,3533,N,WESTERN AVE,2,NO INDICATION OF INJURY,0.0,0.0,0.0,0.0,0.0,2.0,0.0,18,2,7
d39d25d59cf6bd0e5cbecc6467ba031b3b95243d2e85685c554ce5cea03ff6f51ab21472a25acf9ac49f92bf78efb1438c03401c9234d97f2c5df8b8982ffcdf,2017-12-06 08:05:00,20,STOP SIGN/FLASHER,FUNCTIONING PROPERLY,CLEAR,DAYLIGHT,REAR END,ONE-WAY,STRAIGHT AND LEVEL,DRY,NO DEFECTS,NO INJURY / DRIVE AWAY,"OVER $1,500",IMPROPER BACKING,UNABLE TO DETERMINE,2415,W,80TH ST,2,NO INDICATION OF INJURY,0.0,0.0,0.0,0.0,0.0,4.0,0.0,8,4,12
cc70f0cee3556281a0d20d56df02123b9fc7b2b4b936d62e9d53b550f587ed799142b063f74cfd3347515fa4ef3044f47ff84f23e8ec032cf65aa0243bbea2fd,2023-02-27 13:05:00,30,NO CONTROLS,NO CONTROLS,FOG/SMOKE/HAZE,DAYLIGHT,TURNING,NOT DIVIDED,STRAIGHT AND LEVEL,WET,NO DEFECTS,NO INJURY / DRIVE AWAY,"OVER $1,500",IMPROPER TURNING/NO SIGNAL,NOT APPLICABLE,9308,S,SOUTH CHICAGO AVE,2,NO INDICATION OF INJURY,0.0,0.0,0.0,0.0,0.0,2.0,0.0,13,2,2
708e44caf037a70d20da7513465595a755dfdd4ded65ff3c3f18987df83dfd7d6bccdfd88ab57c048b4510aba74c1eb48cf1b97217c620bf36e3dd6abc3e0c42,2022-06-11 22:00:00,35,NO CONTROLS,NO CONTROLS,CLEAR,"DARKNESS, LIGHTED ROAD",FIXED OBJECT,DIVIDED - W/MEDIAN (NOT RAISED),STRAIGHT AND LEVEL,DRY,NO DEFECTS,NO INJURY / DRIVE AWAY,"OVER $1,500",ROAD ENGINEERING/SURFACE/MARKING DEFECTS,UNABLE TO DETERMINE,5500,S,PAULINA ST,1,NO INDICATION OF INJURY,0.0,0.0,0.0,0.0,0.0,1.0,0.0,22,7,6
3110e60d9e2f09038a344fef8458648ffd96ea3ae47c7ecc95fb1cda64a36096527d8d4ba517c3403d1f0d705b0e2472df171a3924729c55896c7db88eb7a36c,2018-08-24 07:40:00,30,NO CONTROLS,NO CONTROLS,CLEAR,DAYLIGHT,SIDESWIPE SAME DIRECTION,NOT DIVIDED,STRAIGHT AND LEVEL,DRY,NO DEFECTS,NO INJURY / DRIVE AWAY,"OVER $1,500",IMPROPER OVERTAKING/PASSING,FAILING TO REDUCE SPEED TO AVOID CRASH,1152,S,KOSTNER AVE,2,NO INDICATION OF INJURY,0.0,0.0,0.0,0.0,0.0,4.0,0.0,7,6,8
a514054e21e3f329373bc3aceb818c39273905213b750013f533fadbf270efd7f800b4749dcf591fa32ac3d71dccec43dc8fdab8ab157d8897e5e611cb758431,2023-01-20 07:40:00,30,NO CONTROLS,NO CONTROLS,CLEAR,DAYLIGHT,PARKED MOTOR VEHICLE,NOT DIVIDED,STRAIGHT AND LEVEL,DRY,NO DEFECTS,NO INJURY / DRIVE AWAY,"$501 - $1,500",UNABLE TO DETERMINE,UNABLE TO DETERMINE,4136,S,CALIFORNIA AVE,2,NO INDICATION OF INJURY,0.0,0.0,0.0,0.0,0.0,1.0,0.0,7,6,1
56456f5dcebbff87989d216b67fd75a5571abe13d12880d474631094efc7bb526cb1a6670efbfe1918b020c6f50a85c7966d8464638d87cd54913c6aa1d58981,2016-05-03 13:30:00,30,STOP SIGN/FLASHER,FUNCTIONING PROPERLY,CLEAR,DAYLIGHT,REAR END,DIVIDED - W/MEDIAN BARRIER,STRAIGHT AND LEVEL,DRY,UNKNOWN,NO INJURY / DRIVE AWAY,"$501 - $1,500",UNABLE TO DETERMINE,UNABLE TO DETERMINE,1300,W,MADISON ST,2,NO INDICATION OF INJURY,0.0,0.0,0.0,0.0,0.0,3.0,0.0,13,3,5
dda55c3ccad538e7b79a8a201493a2db060df41c078aeafdac7b29e349ab7f532ccac70d306effac8f198935735fcbb129f17886bdb38d2cad57242ce45ca860,2023-10-16 09:05:00,30,TRAFFIC SIGNAL,FUNCTIONING PROPERLY,RAIN,DAYLIGHT,REAR END,DIVIDED - W/MEDIAN (NOT RAISED),STRAIGHT AND LEVEL,WET,NO DEFECTS,NO INJURY / DRIVE AWAY,"OVER $1,500",FOLLOWING TOO CLOSELY,NOT APPLICABLE,4000,N,CUMBERLAND AVE,2,NO INDICATION OF INJURY,0.0,0.0,0.0,0.0,0.0,2.0,0.0,9,2,10