CRASH_RECORD_ID,CRASH_DATE,POSTED_SPEED_LIMIT,TRAFFIC_CONTROL_DEVICE,DEVICE_CONDITION,WEATHER_CONDITION,LIGHTING_CONDITION,FIRST_CRASH_TYPE,TRAFFICWAY_TYPE,ALIGNMENT,ROADWAY_SURFACE_COND,ROAD_DEFECT,CRASH_TYPE,DAMAGE,PRIM_CONTRIBUTORY_CAUSE,SEC_CONTRIBUTORY_CAUSE,STREET_NO,STREET_DIRECTION,STREET_NAME,NUM_UNITS,MOST_SEVERE_INJURY,INJURIES_TOTAL,INJURIES_FATAL,INJURIES_INCAPACITATING,INJURIES_NON_INCAPACITATING,INJURIES_REPORTED_NOT_EVIDENT,INJURIES_NO_INDICATION,INJURIES_UNKNOWN,CRASH_HOUR,CRASH_DAY_OF_WEEK,CRASH_MONTH
a3c50b33c123ba6aa6d7d3d2e1cf4fce3d6931d628466f14a14e04eb6fe9752f87ddc5aae35fc500113c94ae5dfd99941e718379c293cf74166f31b2f06f440d,2016-11-22 16:15:00,35,NO CONTROLS,NO CONTROLS,CLEAR,DAWN,TURNING,NOT DIVIDED,STRAIGHT AND LEVEL,DRY,NO DEFECTS,NO INJURY / DRIVE AWAY,"$501 - $1,500",NOT APPLICABLE,NOT APPLICABLE,3198,W,FOSTER AVE,2,NO INDICATION OF INJURY,0.0,0.0,0.0,0.0,0.0,2.0,0.0,16,3,11
e0a091b6dff40cd4456df1cda182b687ea8d1006e19b4d688385bec4bf489f58c4b744d07e444daaa0fdcf360211a144ca51e8ae54236214a065efed34256de1,2020-11-23 15:35:00,30,NO CONTROLS,NO CONTROLS,CLEAR,DAYLIGHT,SIDESWIPE SAME DIRECTION,NOT DIVIDED,STRAIGHT AND LEVEL,DRY,NO DEFECTS,NO INJURY / DRIVE AWAY,$500 OR LESS,IMPROPER OVERTAKING/PASSING,NOT APPLICABLE,2333,N,HARLEM AVE,2,NO INDICATION OF INJURY,0.0,0.0,0.0,0.0,0.0,2.0,0.0,15,2,11
d3a0795d938ee04e9938799ea0c9628d8b8fd3f29f28be5b83277a68087233b436a29b4771958a9028eb1fbde44648674a3c737b69a4bce0e77102f57d41ea12,2017-12-05 06:35:00,30,TRAFFIC SIGNAL,FUNCTIONING PROPERLY,CLEAR,DAYLIGHT,ANGLE,ONE-WAY,STRAIGHT AND LEVEL,DRY,NO DEFECTS,NO INJURY / DRIVE AWAY,"OVER $1,500",DISREGARDING TRAFFIC SIGNALS,NOT APPLICABLE,140,N,CANAL ST,2,NO INDICATION OF INJURY,0.0,0.0,0.0,0.0,0.0,2.0,0.0,6,3,12
05e4079cc1f384279471a6b4de7625e36fbf185317b6fc3788fa68c4f0e9d56c139a5690ed919bcd272ce0d729e5d9b1f68730abab22559d959dff774973a7a5,2023-03-16 08:03:00,30,NO CONTROLS,NO CONTROLS,CLEAR,DAYLIGHT,FIXED OBJECT,NOT DIVIDED,STRAIGHT AND LEVEL,DRY,NO DEFECTS,NO INJURY / DRIVE AWAY,"OVER $1,500",IMPROPER BACKING,NOT APPLICABLE,330,E,58TH ST,1,NO INDICATION OF INJURY,0.0,0.0,0.0,0.0,0.0,2.0,0.0,8,5,3
6b5727c775c20cc195d624b3c6e7baaf59240d1ae291f22e9657bc74fbdb0537259e43e6d9a8fe0e03704771fb1fe0e972eb6f31f1d0a17584501458557dfb39,2020-10-02 12:50:00,30,STOP SIGN/FLASHER,FUNCTIONING PROPERLY,CLEAR,DAYLIGHT,ANGLE,DIVIDED - W/MEDIAN (NOT RAISED),STRAIGHT AND LEVEL,DRY,NO DEFECTS,NO INJURY / DRIVE AWAY,"OVER $1,500",UNABLE TO DETERMINE,UNABLE TO DETERMINE,3400,W,LELAND AVE,2,NO INDICATION OF INJURY,0.0,0.0,0.0,0.0,0.0,2.0,0.0,12,6,10
b29dd1750c5bbdd21fa6959e5c524fbb6f6c6ae071c7aa65df773d56d9c40e0df533405d206184af11fec0e69719411ca5671b718a96b0fa3212773a6471027a,2021-09-19 15:50:00,35,NO CONTROLS,NO CONTROLS,CLEAR,DAYLIGHT,FIXED OBJECT,NOT DIVIDED,STRAIGHT AND LEVEL,DRY,UNKNOWN,INJURY AND / OR TOW DUE TO CRASH,"OVER $1,500",FAILING TO REDUCE SPEED TO AVOID CRASH,UNABLE TO DETERMINE,3510,W,55TH ST,1,NONINCAPACITATING INJURY,1.0,0.0,0.0,1.0,0.0,0.0,0.0,15,1,9
b57ceb8d154414f043aa51f2889a8c24c7735953ed4893d2c4ae5ef295e127464096939d5bbb57b05881039d04627503d2546f87f87a93d5651831157f455f74,2024-04-12 19:00:00,30,NO CONTROLS,NO CONTROLS,CLEAR,DARKNESS,TURNING,NOT DIVIDED,STRAIGHT AND LEVEL,DRY,NO DEFECTS,NO INJURY / DRIVE AWAY,"$501 - $1,500",IMPROPER TURNING/NO SIGNAL,NOT APPLICABLE,4800,S,KEDZIE AVE,2,NO INDICATION OF INJURY,0.0,0.0,0.0,0.0,0.0,2.0,0.0,19,6,4
86c38358de46f881d2f4311bbc0bf9970c9f089309c9dfe2ffa6c7fb7dc86cca35e23ede9ad4d715f76ca6f3b9f3a18ec12b614f4dc44011c0405cbb20cc810f,2023-04-19 07:30:00,30,STOP SIGN/FLASHER,FUNCTIONING PROPERLY,CLEAR,DAYLIGHT,REAR END,NOT DIVIDED,STRAIGHT AND LEVEL,DRY,NO DEFECTS,NO INJURY / DRIVE AWAY,"OVER $1,500",UNABLE TO DETERMINE,UNABLE TO DETERMINE,5730,S,PRAIRIE AVE,2,NO INDICATION OF INJURY,0.0,0.0,0.0,0.0,0.0,2.0,0.0,7,4,4
c5bd324dfa84db4abbd46aa359b350d6b8d251d6d2da012fdf4b4de9d1d78274289c85906c935ee717810e4d7bf8c0f3e7a3077cbfd514d20d5ab74cf38b8fa2,2016-07-08 12:15:00,30,UNKNOWN,UNKNOWN,UNKNOWN,UNKNOWN,REAR END,UNKNOWN,STRAIGHT AND LEVEL,UNKNOWN,UNKNOWN,NO INJURY / DRIVE AWAY,$500 OR LESS,UNABLE TO DETERMINE,UNABLE TO DETERMINE,1250,S,LAKE SHORE DR W,2,NO INDICATION OF INJURY,0.0,0.0,0.0,0.0,0.0,2.0,0.0,12,6,7
1a8e7e2eed1314b2661bed25947d7c84f894c8737342f5f761b7eadcc930645f3b5d4e6f02188b7f8acc165dea535e2463bfb2b0cbf42110fa82124a50c242b8,2019-04-15 21:50:00,30,TRAFFIC SIGNAL,FUNCTIONING PROPERLY,CLEAR,DARKNESS,REAR END,DIVIDED - W/MEDIAN (NOT RAISED),STRAIGHT AND LEVEL,DRY,NO DEFECTS,NO INJURY / DRIVE AWAY,"$501 - $1,500",FOLLOWING TOO CLOSELY,NOT APPLICABLE,10200,S,BEVERLY AVE,2,NO INDICATION OF INJURY,0.0,0.0,0.0,0.0,0.0,2.0,0.0,21,2,4
0e28a9f03eed8637034cf8b405bb108c03133bed7508d10f7de789bcae27575f6a95b559337e075c447e85b5ce9b621f24a342be5e26ca3398c81c5cd4be8a5a,2023-10-24 10:56:00,30,STOP SIGN/FLASHER,NO CONTROLS,CLEAR,DAYLIGHT,TURNING,FOUR WAY,STRAIGHT AND LEVEL,DRY,UNKNOWN,NO INJURY / DRIVE AWAY,"OVER $1,500",FAILING TO YIELD RIGHT-OF-WAY,UNABLE TO DETERMINE,1232,N,PULASKI RD,2,NO INDICATION OF INJURY,0.0,0.0,0.0,0.0,0.0,2.0,0.0,10,3,10
fd542b09aefbe95c37d224ea42c4ab7d01f8629d033ec3399724b82375f24ead1c22f965e3ec542eacd727545a9ecdeab2850413fc1cef4f0c5e1ce08d2388d7,2021-10-25 08:32:00,35,NO CONTROLS,NO CONTROLS,RAIN,DAYLIGHT,PARKED MOTOR VEHICLE,ONE-WAY,STRAIGHT ON GRADE,WET,NO DEFECTS,NO INJURY / DRIVE AWAY,"OVER $1,500",UNABLE TO DETERMINE,NOT APPLICABLE,8721,S,STATE ST,2,NO INDICATION OF INJURY,0.0,0.0,0.0,0.0,0.0,1.0,0.0,8,2,10
cf76b51e90812d4fb10f957c4bbcfb37d2200ec0e64f23d8cadac8a4d399468a1ad7f6cf904f662b36a2af24760601a06d9f99c9363f884c7e5f88d79fdf689b,2018-03-19 21:17:00,30,TRAFFIC SIGNAL,FUNCTIONING PROPERLY,CLEAR,"DARKNESS, LIGHTED ROAD",TURNING,NOT DIVIDED,STRAIGHT AND LEVEL,DRY,NO DEFECTS,NO INJURY / DRIVE AWAY,"$501 - $1,500",UNABLE TO DETERMINE,NOT APPLICABLE,11100,S,STATE ST,2,NO INDICATION OF INJURY,0.0,0.0,0.0,0.0,0.0,2.0,0.0,21,2,3
d1d7abd9311eea73e2a835bceab9ba827d35b0ff797d7055cb8327bdf88afd1b1296cf4082ae52e67c291fca6d92fdf7244e0c7ca774b6f4eb3c4b3033623940,2016-03-20 19:45:00,30,NO CONTROLS,NO CONTROLS,CLEAR,"DARKNESS, LIGHTED ROAD",PARKED MOTOR VEHICLE,ONE-WAY,STRAIGHT AND LEVEL,DRY,NO DEFECTS,NO INJURY / DRIVE AWAY,"OVER $1,500",UNABLE TO DETERMINE,UNABLE TO DETERMINE,4200,W,ROSCOE ST,2,NO INDICATION OF INJURY,0.0,0.0,0.0,0.0,0.0,1.0,0.0,19,1,3
5dc8f78de1d2156bba0ac748e0395a994fd991f8daefa925ac4196508c6f7acf9de9a8c100872bda9aeb6fe9636dfcaa05da0044540821c111cbe3bf158cdfe4,2022-01-26 16:30:00,15,NO CONTROLS,NO CONTROLS,CLEAR,DUSK,TURNING,NOT DIVIDED,STRAIGHT AND LEVEL,DRY,NO DEFECTS,INJURY AND / OR TOW DUE TO CRASH,"OVER $1,500",FAILING TO YIELD RIGHT-OF-WAY,NOT APPLICABLE,5620,W,55TH ST,2,NO INDICATION OF INJURY,0.0,0.0,0.0,0.0,0.0,2.0,0.0,16,4,1
d227916a04cb87321acd819e77f577db6582ae4bfba655a19485772f733754e04fa153ba90e7d8271a909ab550dcf5c4f8de8f57ef0b4fb57c26aedcf05498a3,2024-01-10 12:35:00,30,NO CONTROLS,NO CONTROLS,CLOUDY/OVERCAST,DAYLIGHT,ANGLE,ONE-WAY,STRAIGHT AND LEVEL,DRY,NO DEFECTS,INJURY AND / OR TOW DUE TO CRASH,"OVER $1,500",FAILING TO YIELD RIGHT-OF-WAY,NOT APPLICABLE,231,N,POST PL,2,NO INDICATION OF INJURY,0.0,0.0,0.0,0.0,0.0,2.0,0.0,12,4,1
29c712237382266397642e33e4c458deb8250c938fbc40e8205dc01f5bbcd947e9c1f162341f92b98eccbea91d0f118be40dcf1c3a53c557337a231c138f3fd7,2021-07-06 14:15:00,30,TRAFFIC SIGNAL,NO CONTROLS,CLEAR,DAYLIGHT,REAR END,DIVIDED - W/MEDIAN (NOT RAISED),STRAIGHT AND LEVEL,DRY,NO DEFECTS,NO INJURY / DRIVE AWAY,"$501 - $1,500",FOLLOWING TOO CLOSELY,NOT APPLICABLE,4959,S,ARCHER AVE,3,NO INDICATION OF INJURY,0.0,0.0,0.0,0.0,0.0,3.0,0.0,14,3,7
5bc1a05267932681977940a39262062c2fbe47d7a16ef0292dc2536859a3f78aac38a13c8bcca52c34ce466b70a14b130bdbd64ab334ecb0c8f9c06695543d83,2020-02-16 02:54:00,25,NO CONTROLS,NO CONTROLS,CLEAR,"DARKNESS, LIGHTED ROAD",TURNING,NOT DIVIDED,STRAIGHT AND LEVEL,DRY,NO DEFECTS,NO INJURY / DRIVE AWAY,"$501 - $1,500",UNABLE TO DETERMINE,IMPROPER LANE USAGE,2232,E,75TH ST,2,NO INDICATION OF INJURY,0.0,0.0,0.0,0.0,0.0,2.0,0.0,2,1,2
a17d1c49203917a7e295944274065a6e223b90b8d3216a2ff08148762906b32d8d2fb1d2414a07d56cb2d33a79295a51860b97315d52c5ac8a2f2ae25e708c3d,2023-05-28 18:25:00,30,NO CONTROLS,NO CONTROLS,CLEAR,DAYLIGHT,ANGLE,DIVIDED - W/MEDIAN BARRIER,STRAIGHT AND LEVEL,UNKNOWN,UNKNOWN,INJURY AND / OR TOW DUE TO CRASH,"OVER $1,500",UNABLE TO DETERMINE,NOT APPLICABLE,4600,S,CICERO AVE,2,NO INDICATION OF INJURY,0.0,0.0,0.0,0.0,0.0,3.0,0.0,18,1,5
69be58c4d02cd7310cd7d7a8da19efed4524b9271759364b3460dd29d05c8c18408e713638919d83c4ca708283bd54a1b9b0ab8e67ff93aca38b955e5615d9f6,2022-09-04 18:40:00,30,TRAFFIC SIGNAL,FUNCTIONING PROPERLY,CLEAR,DAYLIGHT,TURNING,FOUR WAY,STRAIGHT AND LEVEL,DRY,NO DEFECTS,INJURY AND / OR TOW DUE TO CRASH,"OVER $1,500",UNABLE TO DETERMINE,UNABLE TO DETERMINE,5500,S,PULASKI RD,2,NO INDICATION OF INJURY,0.0,0.0,0.0,0.0,0.0,5.0,0.0,18,1,9
c24ff13273c0a8ed309090f311fc815ffbffa3a2a37634c59b6e04ede23889ad693ee3503c2cac1b0f3869676a4b0dc9341eb6e02c6399b0f11aa5e6e99be5d9,2019-07-06 08:09:00,50,NO CONTROLS,NO CONTROLS,CLEAR,DAYLIGHT,OTHER OBJECT,DIVIDED - W/MEDIAN BARRIER,STRAIGHT AND LEVEL,DRY,NO DEFECTS,NO INJURY / DRIVE AWAY,"$501 - $1,500",FAILING TO REDUCE SPEED TO AVOID CRASH,NOT APPLICABLE,10000,W,OHARE ST,1,NO INDICATION OF INJURY,0.0,0.0,0.0,0.0,0.0,1.0,0.0,8,7,7
e7174a20a66b33bee00b128c77aa70f2835de2c9945d9f145d5579e1c77c6f4be9cad864c316fb93d559e612b6d7b532822138e238c999601f78d131da4f9beb,2022-10-07 13:45:00,35,TRAFFIC SIGNAL,FUNCTIONING PROPERLY,CLEAR,DAYLIGHT,REAR END,DIVIDED - W/MEDIAN (NOT RAISED),STRAIGHT AND LEVEL,DRY,NO DEFECTS,NO INJURY / DRIVE AWAY,"OVER $1,500",FOLLOWING TOO CLOSELY,UNABLE TO DETERMINE,10200,S,PARNELL AVE,2,NO INDICATION OF INJURY,0.0,0.0,0.0,0.0,0.0,2.0,0.0,13,6,10
f633e0478c67087bd2debf97f1760b7b184ffd44f5e6e8427bbfd4918d4a8dbb9c5812a4064a00e2576f31bab32335ecc39a1659919e1bef682fa2dcc07f7fc7,2019-02-10 13:15:00,30,NO CONTROLS,NO CONTROLS,SNOW,DAYLIGHT,SIDESWIPE SAME DIRECTION,NOT DIVIDED,STRAIGHT AND LEVEL,SNOW OR SLUSH,NO DEFECTS,NO INJURY / DRIVE AWAY,"$501 - $1,500",NOT APPLICABLE,NOT APPLICABLE,5500,S,DR MARTIN LUTHER KING JR DR,2,NO INDICATION OF INJURY,0.0,0.0,0.0,0.0,0.0,2.0,0.0,13,1,2
0b31da9bfc5283ab54043e550c672994fd6a924da78a2942b25bbfe5e9042bdf42c47967783ed653c0afbc169cf0c41044a9464aa65428956998e837fd435d30,2020-12-29 15:10:00,25,NO CONTROLS,NO CONTROLS,SNOW,"DARKNESS, LIGHTED ROAD",PARKED MOTOR VEHICLE,NOT DIVIDED,STRAIGHT AND LEVEL,WET,NO DEFECTS,NO INJURY / DRIVE AWAY,"OVER $1,500",UNABLE TO DETERMINE,WEATHER,1371,E,48TH ST,2,NO INDICATION OF INJURY,0.0,0.0,0.0,0.0,0.0,1.0,0.0,15,3,12
9e7fc452e16023200d260dc905fcbde5cdd881984bd3ab2086ed16f5ed3694765665fbf3c567ef8839bf951da2fd14c58ee313f62a151c037265e8de74e94bb3,2021-07-29 10:10:00,30,STOP SIGN/FLASHER,FUNCTIONING PROPERLY,CLEAR,DAYLIGHT,ANGLE,NOT DIVIDED,STRAIGHT AND LEVEL,DRY,NO DEFECTS,NO INJURY / DRIVE AWAY,"OVER $1,500",FAILING TO YIELD RIGHT-OF-WAY,NOT APPLICABLE,4600,W,LAKE ST,2,NO INDICATION OF INJURY,0.0,0.0,0.0,0.0,0.0,2.0,0.0,10,5,7
b64df921494b40ae6990a617567f75d062e9c3bfebbe0b7e7c5ee36cdbd00977cee6de4c17999ec16a30e16c4e581d5e1d67c127d249e67810d0372003565f71,2019-11-16 20:10:00,30,STOP SIGN/FLASHER,FUNCTIONING PROPERLY,CLEAR,"DARKNESS, LIGHTED ROAD",ANGLE,NOT DIVIDED,STRAIGHT AND LEVEL,DRY,NO DEFECTS,NO INJURY / DRIVE AWAY,"$501 - $1,500","VISION OBSCURED (SIGNS, TREE LIMBS, BUILDINGS, ETC.)",UNABLE TO DETERMINE,9500,S,ESCANABA AVE,2,NO INDICATION OF INJURY,0.0,0.0,0.0,0.0,0.0,5.0,0.0,20,7,11
b23b536f252baebd2dd1732ebb4cae5fe59b4cc9555679c829861e698c1c13f5b778a2c212ef9006381d793142bc268ac99a576ae2cc96ab3a2d1f1c3335cda1,2023-08-03 09:30:00,30,NO CONTROLS,NO CONTROLS,CLEAR,DAYLIGHT,REAR END,DIVIDED - W/MEDIAN (NOT RAISED),STRAIGHT AND LEVEL,DRY,NO DEFECTS,NO INJURY / DRIVE AWAY,"OVER $1,500",UNABLE TO DETERMINE,UNABLE TO DETERMINE,2300,S,ASHLAND AVE,2,NO INDICATION OF INJURY,0.0,0.0,0.0,0.0,0.0,2.0,0.0,9,5,8
57715cf784cb13d7086384226469051dec245294a2d0e7b4da975888844a81c2bde2e6eb6570a4a2c07b645f89ec5bc89018af7cabb2b3768f80d133685684ab,2022-01-16 00:15:00,30,NO CONTROLS,NO CONTROLS,CLEAR,"DARKNESS, LIGHTED ROAD",PARKED MOTOR VEHICLE,OTHER,STRAIGHT AND LEVEL,DRY,NO DEFECTS,NO INJURY / DRIVE AWAY,"OVER $1,500",UNABLE TO DETERMINE,UNABLE TO DETERMINE,4534,W,HARRISON ST,3,NO INDICATION OF INJURY,0.0,0.0,0.0,0.0,0.0,1.0,0.0,0,1,1
d1858ea88201beba2aff44a273e60244dda8f645f7e78513491b4730874b25fd25d16384dee8ea8d25886b8f3dcc7ff6ca1ff72736addd3ba8fc9c84eeac56a9,2022-09-03 05:45:00,30,TRAFFIC SIGNAL,FUNCTIONING PROPERLY,CLEAR,DAYLIGHT,TURNING,FOUR WAY,STRAIGHT AND LEVEL,DRY,NO DEFECTS,NO INJURY / DRIVE AWAY,"OVER $1,500",IMPROPER TURNING/NO SIGNAL,DRIVING SKILLS/KNOWLEDGE/EXPERIENCE,4100,S,PULASKI RD,2,NO INDICATION OF INJURY,0.0,0.0,0.0,0.0,0.0,2.0,0.0,5,7,9
2e47ae6b4ce1ceb7d47e1c725908460520aed66fa23268c2c412f0663e33a8a075470fcade5f8bc3d4d3cf10ff052296c5ee58a5cfb2641cbd2d371011cc4721,2015-09-11 07:35:00,30,NO CONTROLS,NO CONTROLS,RAIN,DAYLIGHT,OTHER OBJECT,NOT DIVIDED,STRAIGHT AND LEVEL,WET,DEBRIS ON ROADWAY,NO INJURY / DRIVE AWAY,"$501 - $1,500",UNABLE TO DETERMINE,UNABLE TO DETERMINE,3134,W,45TH ST,2,NO INDICATION OF INJURY,0.0,0.0,0.0,0.0,0.0,2.0,0.0,7,6,9
f88c68c6698dd85aef54af0ac699a888dd008aa45a7cbdb7db5020be93d62c84ccf5b4ea6511632d482accce3ae04bdd65b0eb555420cb6d5e15679191babbf8,2020-09-02 12:56:00,30,TRAFFIC SIGNAL,FUNCTIONING PROPERLY,CLEAR,DAYLIGHT,REAR END,NOT DIVIDED,"CURVE, LEVEL",DRY,NO DEFECTS,NO INJURY / DRIVE AWAY,$500 OR LESS,FOLLOWING TOO CLOSELY,NOT APPLICABLE,5100,W,GRAND AVE,2,NO INDICATION OF INJURY,0.0,0.0,0.0,0.0,0.0,2.0,0.0,12,4,9
8088a52837594259041d8d4808dc3245138f0e5c1874db958619980a6bab10bc9326939391fc0abf907d1bd2048bd7b8fe55364fcba0c8a6f0619e0e462fed32,2016-01-25 17:30:00,30,NO CONTROLS,NO CONTROLS,RAIN,"DARKNESS, LIGHTED ROAD",REAR END,DIVIDED - W/MEDIAN BARRIER,STRAIGHT AND LEVEL,WET,NO DEFECTS,INJURY AND / OR TOW DUE TO CRASH,"OVER $1,500",WEATHER,NOT APPLICABLE,6055,N,LINCOLN AVE,3,NO INDICATION OF INJURY,0.0,0.0,0.0,0.0,0.0,3.0,0.0,17,2,1
3797f0c2560c359947cf5a63cc74584899bcbc1dc45975e8bfa8f13ec94fdcfda28c09aea89fe525b8e1ee4117d3b26937c3f65a453da04637a2103efc97dfea,2018-12-04 03:23:00,0,TRAFFIC SIGNAL,FUNCTIONING PROPERLY,CLEAR,"DARKNESS, LIGHTED ROAD",ANGLE,NOT DIVIDED,STRAIGHT AND LEVEL,DRY,NO DEFECTS,INJURY AND / OR TOW DUE TO CRASH,$500 OR LESS,FAILING TO REDUCE SPEED TO AVOID CRASH,DISREGARDING TRAFFIC SIGNALS,7900,S,STATE ST,2,NONINCAPACITATING INJURY,1.0,0.0,0.0,1.0,0.0,1.0,0.0,3,3,12
6c18d9e4b963b774ebd851203e6cef2f4a9ebe9dc832bbe9d56f655603afb06b076d9e25de3189bcb4b7b59042b497addac298504619b962a8f2ef6a367c6adb,2018-05-19 12:57:00,30,NO CONTROLS,NO CONTROLS,CLEAR,DAYLIGHT,TURNING,NOT DIVIDED,STRAIGHT AND LEVEL,UNKNOWN,UNKNOWN,INJURY AND / OR TOW DUE TO CRASH,"OVER $1,500",UNABLE TO DETERMINE,UNABLE TO DETERMINE,3968,W,BELMONT AVE,2,"REPORTED, NOT EVIDENT",1.0,0.0,0.0,0.0,1.0,2.0,0.0,12,7,5
4af5373484df9a4859ed7b4adad891ed4f353396af191a37f57851f62b8dcc262b8132a02bbc963ee8aa1b9e3dc9890fe79faeedbe1854d2b0ed243472b79a08,2019-12-05 17:45:00,30,NO CONTROLS,NO CONTROLS,CLEAR,"DARKNESS, LIGHTED ROAD",REAR END,NOT DIVIDED,STRAIGHT AND LEVEL,DRY,NO DEFECTS,NO INJURY / DRIVE AWAY,"$501 - $1,500",UNABLE TO DETERMINE,NOT APPLICABLE,23,W,ROOSEVELT RD,2,NO INDICATION OF INJURY,0.0,0.0,0.0,0.0,0.0,2.0,0.0,17,5,12
b4906069323aacc315b279a98520fa2439d7aa256343288a4ab671868a2802192344c11b60c178510aeaf7e4deb2689d778f3ae04db8ca34212aa6c1cd766cc6,2022-10-22 06:45:00,35,STOP SIGN/FLASHER,FUNCTIONING PROPERLY,CLEAR,DARKNESS,PARKED MOTOR VEHICLE,NOT DIVIDED,STRAIGHT AND LEVEL,UNKNOWN,UNKNOWN,INJURY AND / OR TOW DUE TO CRASH,"OVER $1,500",UNABLE TO DETERMINE,UNABLE TO DETERMINE,301,W,57TH ST,2,NO INDICATION OF INJURY,0.0,0.0,0.0,0.0,0.0,2.0,0.0,6,7,10
36fd948bd935a5e9d4a320965c5e26f70996785b692dd1ea09a6380df4e6787957134e997ee395d78a47dd1048daf47f815c7d11a0581231916c602d15337788,2019-10-15 10:05:00,30,TRAFFIC SIGNAL,FUNCTIONING PROPERLY,RAIN,DAYLIGHT,TURNING,DIVIDED - W/MEDIAN (NOT RAISED),STRAIGHT AND LEVEL,WET,NO DEFECTS,INJURY AND / OR TOW DUE TO CRASH,"OVER $1,500",UNABLE TO DETERMINE,UNABLE TO DETERMINE,6700,S,PULASKI RD,2,INCAPACITATING INJURY,4.0,0.0,1.0,2.0,1.0,2.0,0.0,10,3,10
ad552cea98c25c08de1204d15feb41d2f45f78c4357e8359bd083770cf680c3c77ff76942466f206e1ff4fcd25c65f680dbc9507b6f198a21fc1ab0694b683c9,2020-09-17 12:38:00,30,TRAFFIC SIGNAL,FUNCTIONING PROPERLY,CLEAR,DAYLIGHT,FIXED OBJECT,NOT DIVIDED,STRAIGHT AND LEVEL,DRY,NO DEFECTS,NO INJURY / DRIVE AWAY,"OVER $1,500",DRIVING SKILLS/KNOWLEDGE/EXPERIENCE,UNABLE TO DETERMINE,1099,W,SHERIDAN RD,1,NO INDICATION OF INJURY,0.0,0.0,0.0,0.0,0.0,1.0,0.0,12,5,9
0c0f52e380dd5094c234b55850fdc978504434cc5be039c79b49d464e7972ecbf98dc6329147ab0521b24f693f04de2a0a531485ee9e9902d1ffe20099abe510,2017-05-25 14:55:00,35,NO CONTROLS,NO CONTROLS,CLEAR,DAYLIGHT,REAR END,NOT DIVIDED,STRAIGHT AND LEVEL,DRY,NO DEFECTS,NO INJURY / DRIVE AWAY,"OVER $1,500",FOLLOWING TOO CLOSELY,UNABLE TO DETERMINE,4038,W,BELMONT AVE,2,NO INDICATION OF INJURY,0.0,0.0,0.0,0.0,0.0,2.0,0.0,14,5,5
607686a5cef36854d1ba9673803b6ecb7a7c761becd2d1a3e58335ed62f330d114f52c33fe16dd7d8a5bdadcce2be2adabd170b08157f31d7551e4112c3187b5,2019-06-07 14:00:00,25,NO CONTROLS,NO CONTROLS,CLEAR,DAYLIGHT,TURNING,PARKING LOT,STRAIGHT AND LEVEL,DRY,NO DEFECTS,NO INJURY / DRIVE AWAY,"OVER $1,500",FAILING TO YIELD RIGHT-OF-WAY,NOT APPLICABLE,2294,N,MILWAUKEE AVE,2,NO INDICATION OF INJURY,0.0,0.0,0.0,0.0,0.0,2.0,0.0,14,6,6
b00eed61cabef8f550d62e6e136e977310872d3894521576002defff3934d7e487f66e8bb6ba956b6307357a7fef9a9c325b1c907bf42973a0b9e16210e227ad,2015-12-03 22:15:00,45,TRAFFIC SIGNAL,FUNCTIONING PROPERLY,CLEAR,"DARKNESS, LIGHTED ROAD",REAR END,DIVIDED - W/MEDIAN BARRIER,STRAIGHT AND LEVEL,DRY,NO DEFECTS,NO INJURY / DRIVE AWAY,"$501 - $1,500",DISREGARDING TRAFFIC SIGNALS,UNABLE TO DETERMINE,1463,S,LAKE SHORE DR NB,2,NO INDICATION OF INJURY,0.0,0.0,0.0,0.0,0.0,3.0,0.0,22,5,12
865ec78155e33ac0bf0bd4e93bb23f7cc7840525881b8fc0932120859fd06e378300f1f2cbcef4fd0d0bd1db503951b1761a39247dd7ff474bcc686b0d817bac,2020-12-22 19:20:00,30,NO CONTROLS,NO CONTROLS,CLEAR,"DARKNESS, LIGHTED ROAD",REAR END,OTHER,STRAIGHT AND LEVEL,DRY,NO DEFECTS,NO INJURY / DRIVE AWAY,"$501 - $1,500",FOLLOWING TOO CLOSELY,IMPROPER OVERTAKING/PASSING,798,E,115TH ST,2,NO INDICATION OF INJURY,0.0,0.0,0.0,0.0,0.0,2.0,0.0,19,3,12
24ab0f9f00659889b2d6f1ee99ff621e78d7f92e4c50c9862c628fe336f38be7ddabe420ea3ed177d1c868a9ba301d2bf4ae35b773ccf8ad68b307e00ec62941,2017-02-28 13:40:00,15,NO CONTROLS,NO CONTROLS,CLEAR,DAYLIGHT,PARKED MOTOR VEHICLE,PARKING LOT,STRAIGHT AND LEVEL,DRY,NO DEFECTS,NO INJURY / DRIVE AWAY,"$501 - $1,500",UNABLE TO DETERMINE,UNABLE TO DETERMINE,2320,E,93RD ST,2,NO INDICATION OF INJURY,0.0,0.0,0.0,0.0,0.0,1.0,0.0,13,3,2
baf274b9327c11bd61872c3faac31ea85db3270e3714a2f77ae1380c752277cd8f5d314e03644121c0d97ef4c0f7a25fe89ac7cfcad609054e3a3f1b44fdd12c,2019-08-11 05:30:00,30,NO CONTROLS,NO CONTROLS,CLEAR,"DARKNESS, LIGHTED ROAD",PARKED MOTOR VEHICLE,DIVIDED - W/MEDIAN (NOT RAISED),STRAIGHT AND LEVEL,DRY,NO DEFECTS,INJURY AND / OR TOW DUE TO CRASH,"OVER $1,500",PHYSICAL CONDITION OF DRIVER,PHYSICAL CONDITION OF DRIVER,5845,W,63RD ST,4,NO INDICATION OF INJURY,0.0,0.0,0.0,0.0,0.0,1.0,0.0,5,1,8