CRASH_RECORD_ID,CRASH_DATE,POSTED_SPEED_LIMIT,TRAFFIC_CONTROL_DEVICE,DEVICE_CONDITION,WEATHER_CONDITION,LIGHTING_CONDITION,FIRST_CRASH_TYPE,TRAFFICWAY_TYPE,ALIGNMENT,ROADWAY_SURFACE_COND,ROAD_DEFECT,CRASH_TYPE,DAMAGE,PRIM_CONTRIBUTORY_CAUSE,SEC_CONTRIBUTORY_CAUSE,STREET_NO,STREET_DIRECTION,STREET_NAME,NUM_UNITS,MOST_SEVERE_INJURY,INJURIES_TOTAL,INJURIES_FATAL,INJURIES_INCAPACITATING,INJURIES_NON_INCAPACITATING,INJURIES_REPORTED_NOT_EVIDENT,INJURIES_NO_INDICATION,INJURIES_UNKNOWN,CRASH_HOUR,CRASH_DAY_OF_WEEK,CRASH_MONTH
9082f78e510c8722a2814527095532b7c724578772cd506755931a6414a149edba42842ee53272e41229f4799c37671ee6efbe6b5bde8b46c334612c4980e2f1,2020-08-04 13:10:00,30,NO CONTROLS,NO CONTROLS,CLEAR,DAYLIGHT,PARKED MOTOR VEHICLE,NOT DIVIDED,STRAIGHT AND LEVEL,DRY,NO DEFECTS,INJURY AND / OR TOW DUE TO CRASH,"OVER $1,500",CELL PHONE USE OTHER THAN TEXTING,NOT APPLICABLE,4238,W,63RD ST,2,NONINCAPACITATING INJURY,1.0,0.0,0.0,1.0,0.0,0.0,0.0,13,3,8
ec1b89e14758d41287fba02fede2e1e27d3ee707adf3567cd7315ad1c58435a347eec57c1912ff3ddb7ca3dddb195afd58ecf2cfed1fee7f86d6810ff107731f,2019-06-28 13:00:00,30,NO CONTROLS,NO CONTROLS,CLEAR,DAYLIGHT,PARKED MOTOR VEHICLE,PARKING LOT,STRAIGHT AND LEVEL,DRY,NO DEFECTS,NO INJURY / DRIVE AWAY,"$501 - $1,500",UNABLE TO DETERMINE,NOT APPLICABLE,2656,N,ELSTON AVE,2,NO INDICATION OF INJURY,0.0,0.0,0.0,0.0,0.0,1.0,0.0,13,6,6
fde36a681d389b329f406d3d266c57676617752ba3b182119726a6e18e21e6ec5095dcaefa40fc4206cf3b1bc4b54b9c8392d9c94be6accb62e43188b029e575,2024-03-05 08:50:00,20,UNKNOWN,UNKNOWN,RAIN,DAYLIGHT,REAR END,NOT DIVIDED,STRAIGHT AND LEVEL,WET,UNKNOWN,NO INJURY / DRIVE AWAY,"OVER $1,500",UNABLE TO DETERMINE,UNABLE TO DETERMINE,9925,S,BEVERLY AVE,2,NO INDICATION OF INJURY,0.0,0.0,0.0,0.0,0.0,2.0,0.0,8,3,3
91843821dc94cea05e3268996bd006fc108cad32f0848d871fdf4af07a140a54fdec028b7c2f08055aca8dda81571d1fd8d7265210959631230f6d59d96b8b60,2021-02-24 19:30:00,30,TRAFFIC SIGNAL,FUNCTIONING PROPERLY,UNKNOWN,"DARKNESS, LIGHTED ROAD",TURNING,NOT DIVIDED,"CURVE, LEVEL",UNKNOWN,UNKNOWN,NO INJURY / DRIVE AWAY,"$501 - $1,500",UNABLE TO DETERMINE,UNABLE TO DETERMINE,1200,W,HOLLYWOOD AVE,2,NO INDICATION OF INJURY,0.0,0.0,0.0,0.0,0.0,2.0,0.0,19,4,2
996ad451a1b3d85bac8292debbf59f4be54e081f8994f115950f8ced3df480552d64b7dc94c5ab0aa3237bb9dc6f9c763a09ddc52a37e6878eded8b04c35cc0d,2021-09-17 17:15:00,30,NO CONTROLS,NO CONTROLS,CLEAR,DAYLIGHT,REAR END,NOT DIVIDED,STRAIGHT AND LEVEL,DRY,NO DEFECTS,NO INJURY / DRIVE AWAY,"OVER $1,500",FOLLOWING TOO CLOSELY,FOLLOWING TOO CLOSELY,7059,S,PULASKI RD,2,NO INDICATION OF INJURY,0.0,0.0,0.0,0.0,0.0,2.0,0.0,17,6,9
f2dec19b2c7ca62287c479ea76a00d7e528f3e04404efa6b1d98fcae389e2960c87cccbe0fabdb2fa6fec41749037524ba74f2d0d630598d16832482b850ea2e,2019-12-15 01:00:00,30,UNKNOWN,UNKNOWN,UNKNOWN,UNKNOWN,REAR TO FRONT,ONE-WAY,STRAIGHT AND LEVEL,UNKNOWN,UNKNOWN,NO INJURY / DRIVE AWAY,$500 OR LESS,UNABLE TO DETERMINE,UNABLE TO DETERMINE,636,N,WELLS ST,2,NO INDICATION OF INJURY,0.0,0.0,0.0,0.0,0.0,2.0,0.0,1,1,12
790c4dde996e001ed8332caf2052cdc56ab0b25dffedce37de97cafb1389a73faf6df4057e4165c2d3a2c7e32a8342fa3572d994bfd577ca6da59fd2dd7ebe53,2022-02-01 18:30:00,5,NO CONTROLS,NO CONTROLS,CLEAR,"DARKNESS, LIGHTED ROAD",REAR TO REAR,OTHER,STRAIGHT AND LEVEL,WET,NO DEFECTS,NO INJURY / DRIVE AWAY,"OVER $1,500",IMPROPER BACKING,NOT APPLICABLE,6700,S,ASHLAND AVE,2,NO INDICATION OF INJURY,0.0,0.0,0.0,0.0,0.0,2.0,0.0,18,3,2
429f16d1ac135956d538aaacafa32eab6e43ae3aca8f4a81d323ca9bdab8fee634969affb5dc8ef7fde1510258286165cff8f5f6ed25c55d4e32470328ac1ef1,2022-05-21 21:00:00,30,NO CONTROLS,NO CONTROLS,CLEAR,UNKNOWN,PARKED MOTOR VEHICLE,ONE-WAY,STRAIGHT AND LEVEL,UNKNOWN,UNKNOWN,NO INJURY / DRIVE AWAY,"OVER $1,500",UNABLE TO DETERMINE,UNABLE TO DETERMINE,2752,W,THOMAS ST,2,NO INDICATION OF INJURY,0.0,0.0,0.0,0.0,0.0,1.0,0.0,21,7,5
92a09c5eff459263cdccceefe67ab75e3b0dedbb27fb7d231e07257a495c7286993004370b80f0731fc466ed80e8a4f43781cd345d36c9c516963693de9cd878,2017-11-27 12:00:00,30,NO CONTROLS,NO CONTROLS,CLEAR,DAYLIGHT,PARKED MOTOR VEHICLE,DIVIDED - W/MEDIAN (NOT RAISED),STRAIGHT AND LEVEL,DRY,NO DEFECTS,NO INJURY / DRIVE AWAY,"$501 - $1,500",UNABLE TO DETERMINE,UNABLE TO DETERMINE,2555,W,TOUHY AVE,2,NO INDICATION OF INJURY,0.0,0.0,0.0,0.0,0.0,1.0,0.0,12,2,11
77195f2585fd6e4863fc437ecca882ad74672702963a14490b2e699c81127992dc6f5b814c59b391654964779bc1c91be75519d45d341a56e53e093002237fdc,2020-02-14 07:40:00,30,NO CONTROLS,NO CONTROLS,CLEAR,DAYLIGHT,TURNING,NOT DIVIDED,STRAIGHT AND LEVEL,DRY,NO DEFECTS,NO INJURY / DRIVE AWAY,"OVER $1,500",UNABLE TO DETERMINE,UNABLE TO DETERMINE,6641,S,CICERO AVE,2,NO INDICATION OF INJURY,0.0,0.0,0.0,0.0,0.0,2.0,0.0,7,6,2
c4c8e57915e98764d419a9e32260e85bc4cc3803a736250ee9be5cb2708b972c77ba59c5a2da4bb229fb47b8020793b30c8a9fa298e2ef3898fd7316b0b75bd8,2018-05-31 15:19:00,30,NO CONTROLS,NO CONTROLS,CLEAR,DAYLIGHT,SIDESWIPE SAME DIRECTION,NOT DIVIDED,STRAIGHT AND LEVEL,DRY,NO DEFECTS,NO INJURY / DRIVE AWAY,"$501 - $1,500",UNABLE TO DETERMINE,UNABLE TO DETERMINE,5300,S,LAKE SHORE DR NB,2,NO INDICATION OF INJURY,0.0,0.0,0.0,0.0,0.0,2.0,0.0,15,5,5
99a05dc312f4a608385a57a0912aa318222dabd0a792049502610875da0e69f1a9e7d21d2c3effceab612d2e7bd5d4473f5bd0e2c984dd02b93c39d965267d38,2023-07-18 04:11:00,30,NO CONTROLS,NO CONTROLS,CLEAR,"DARKNESS, LIGHTED ROAD",SIDESWIPE OPPOSITE DIRECTION,DIVIDED - W/MEDIAN (NOT RAISED),STRAIGHT AND LEVEL,DRY,NO DEFECTS,INJURY AND / OR TOW DUE TO CRASH,"OVER $1,500",UNABLE TO DETERMINE,UNABLE TO DETERMINE,6419,S,KEDZIE AVE,2,NO INDICATION OF INJURY,0.0,0.0,0.0,0.0,0.0,2.0,0.0,4,3,7
32fd5aa88af0959862ead355612c27068d94b45b3a8770d0c87149eeae171663719dd88821e39f96d500daed1e837dbbd04e2ab42b10c3f43b837f221d1f0e2d,2024-01-04 00:42:00,30,TRAFFIC SIGNAL,FUNCTIONING PROPERLY,CLEAR,"DARKNESS, LIGHTED ROAD",ANGLE,FOUR WAY,STRAIGHT AND LEVEL,DRY,NO DEFECTS,INJURY AND / OR TOW DUE TO CRASH,"OVER $1,500",FAILING TO YIELD RIGHT-OF-WAY,NOT APPLICABLE,38,W,83RD ST,2,"REPORTED, NOT EVIDENT",1.0,0.0,0.0,0.0,1.0,5.0,0.0,0,5,1
c698128081887b094f57e947ca37e7dbf75a465da752061ba9f358fb1b837cac33732e6d9a03fce7e686317a5022228bb8340f8c1ed362e0c68a220eb440ffb5,2017-12-24 18:00:00,30,NO CONTROLS,NO CONTROLS,SNOW,"DARKNESS, LIGHTED ROAD",FIXED OBJECT,DIVIDED - W/MEDIAN BARRIER,STRAIGHT AND LEVEL,SNOW OR SLUSH,UNKNOWN,INJURY AND / OR TOW DUE TO CRASH,"OVER $1,500",WEATHER,NOT APPLICABLE,12601,S,HALSTED ST,1,NO INDICATION OF INJURY,0.0,0.0,0.0,0.0,0.0,3.0,0.0,18,1,12
1182ab1c376e521c208dab32db4b2b6b8f68024be792fa824c7c204e378a9c77a6818f32557f7157457f2d05c69afa4c1a7bb8ffc9568838cb13e9068354278f,2016-05-20 14:20:00,30,NO CONTROLS,NO CONTROLS,CLEAR,DAYLIGHT,ANGLE,PARKING LOT,STRAIGHT AND LEVEL,DRY,NO DEFECTS,NO INJURY / DRIVE AWAY,$500 OR LESS,UNABLE TO DETERMINE,NOT APPLICABLE,6900,S,ASHLAND AVE,2,NO INDICATION OF INJURY,0.0,0.0,0.0,0.0,0.0,2.0,0.0,14,6,5
c4bf0a1e81efe7b869614581f571258003ebba3a97e39036d61bb3e8d25d93424736d029bad07899c21385775d129e74a02ec7b1d4d4b0ed0a02f6b0ff3c0d44,2019-03-29 03:45:00,25,NO CONTROLS,UNKNOWN,CLEAR,DARKNESS,OTHER NONCOLLISION,NOT DIVIDED,STRAIGHT AND LEVEL,DRY,"RUT, HOLES",NO INJURY / DRIVE AWAY,$500 OR LESS,ROAD CONSTRUCTION/MAINTENANCE,NOT APPLICABLE,7000,S,JEFFERY BLVD,1,NO INDICATION OF INJURY,0.0,0.0,0.0,0.0,0.0,1.0,0.0,3,6,3
e8f293716f62f9293b665aed3230dcb6c867f034a634b337d34713742d53f78e087cf81323f937279f495c17b47999007fc4595e6effd43612fecb23f35a68bd,2022-06-26 15:55:00,30,NO CONTROLS,NO CONTROLS,CLEAR,DAYLIGHT,TURNING,NOT DIVIDED,STRAIGHT AND LEVEL,OTHER,UNKNOWN,INJURY AND / OR TOW DUE TO CRASH,"OVER $1,500",FAILING TO YIELD RIGHT-OF-WAY,UNABLE TO DETERMINE,5901,S,SANGAMON ST,2,NONINCAPACITATING INJURY,1.0,0.0,0.0,1.0,0.0,1.0,0.0,15,1,6
6684bf2eb3b8f4c19ede0add2319e04526871e2e8e7ff555f32db5a6ef0d3d06b73f99cf34b8cf8cc91a0bf00b22c96b041fe6720350fc894a5b70cbca0b7b00,2017-10-23 15:50:00,25,NO CONTROLS,NO CONTROLS,RAIN,DAYLIGHT,REAR END,ALLEY,STRAIGHT AND LEVEL,WET,NO DEFECTS,NO INJURY / DRIVE AWAY,"$501 - $1,500",UNABLE TO DETERMINE,UNABLE TO DETERMINE,3731,W,63RD ST,2,NO INDICATION OF INJURY,0.0,0.0,0.0,0.0,0.0,2.0,0.0,15,2,10
4136b2bee53eec1b0e4442ac333e22b4dcc3f87e3b3aee00ea6b89659d936d685b1fb98d157526c639f14c6a643a8cacff65e83671f47caaa908e0a1babf43ae,2017-11-02 17:30:00,30,NO CONTROLS,NO CONTROLS,RAIN,DUSK,REAR END,NOT DIVIDED,STRAIGHT AND LEVEL,UNKNOWN,UNKNOWN,INJURY AND / OR TOW DUE TO CRASH,"OVER $1,500",UNABLE TO DETERMINE,UNABLE TO DETERMINE,2340,S,HALSTED ST,2,NONINCAPACITATING INJURY,1.0,0.0,0.0,1.0,0.0,2.0,0.0,17,5,11
c4f18dc536c8e227c076c5fddb502fc031e6a3efc74d49700742d4edb3a780ca7e121219e5895734b1fcc01d6bb229f1aeab265ad12437359334d96a8cab5bff,2019-10-08 14:15:00,30,NO CONTROLS,NO CONTROLS,CLEAR,DAYLIGHT,REAR END,PARKING LOT,STRAIGHT AND LEVEL,DRY,NO DEFECTS,NO INJURY / DRIVE AWAY,"$501 - $1,500",IMPROPER BACKING,FAILING TO YIELD RIGHT-OF-WAY,1357,W,103RD ST,2,NO INDICATION OF INJURY,0.0,0.0,0.0,0.0,0.0,3.0,0.0,14,3,10
3c58d5142015805a322567b77d009fa29d505a2e28ca309126b9d44658158b10251b1c11ee95c59fe7ead5f07bc31ddecfd3e29559d53be7e4830eead7833c8b,2018-06-10 03:20:00,30,TRAFFIC SIGNAL,FUNCTIONING PROPERLY,RAIN,"DARKNESS, LIGHTED ROAD",ANGLE,DIVIDED - W/MEDIAN BARRIER,STRAIGHT AND LEVEL,WET,NO DEFECTS,NO INJURY / DRIVE AWAY,"$501 - $1,500",DISREGARDING TRAFFIC SIGNALS,NOT APPLICABLE,4400,W,NORTH AVE,2,NO INDICATION OF INJURY,0.0,0.0,0.0,0.0,0.0,2.0,0.0,3,1,6
243ea0a6c3db8c216550ddfce02c7d00dca8846a170b0ebe97d37289b0ccff83724d5896c9612473cc9985381eb0e29d99415ed15bd908f5761aac9b27148c38,2023-01-30 00:36:00,25,STOP SIGN/FLASHER,NO CONTROLS,SNOW,"DARKNESS, LIGHTED ROAD",PARKED MOTOR VEHICLE,NOT DIVIDED,STRAIGHT AND LEVEL,SNOW OR SLUSH,UNKNOWN,NO INJURY / DRIVE AWAY,"$501 - $1,500",UNABLE TO DETERMINE,NOT APPLICABLE,701,W,117TH PL,4,NO INDICATION OF INJURY,0.0,0.0,0.0,0.0,0.0,1.0,0.0,0,2,1
4dd56be9c4cc9b0a73d6e2f1d6014ba7acf2b4e695cb992b76f1ccbc548677d214b3e9acd0035842f1bf752ddea95430b889dd001d9ac7986b0be22339bfcdae,2018-07-09 19:00:00,15,NO CONTROLS,NO CONTROLS,CLEAR,DAYLIGHT,ANGLE,NOT DIVIDED,STRAIGHT AND LEVEL,DRY,NO DEFECTS,NO INJURY / DRIVE AWAY,"$501 - $1,500",FAILING TO YIELD RIGHT-OF-WAY,FAILING TO REDUCE SPEED TO AVOID CRASH,3450,N,MENARD AVE,2,NO INDICATION OF INJURY,0.0,0.0,0.0,0.0,0.0,2.0,0.0,19,2,7
6f6742ca386d9363b0e490fbd00efee8f8136091b89347b8511238d67f4b1ef80ee4547f60381794d4a82a714f7cdb5782758bb49cebb3f80e0cdf90289ee843,2022-02-16 17:45:00,30,NO CONTROLS,NO CONTROLS,RAIN,DAYLIGHT,SIDESWIPE SAME DIRECTION,DIVIDED - W/MEDIAN (NOT RAISED),STRAIGHT AND LEVEL,WET,NO DEFECTS,NO INJURY / DRIVE AWAY,"OVER $1,500",IMPROPER OVERTAKING/PASSING,UNABLE TO DETERMINE,4000,N,LAKE SHORE DR NB,2,NO INDICATION OF INJURY,0.0,0.0,0.0,0.0,0.0,2.0,0.0,17,4,2
0bf9fa49f910008792c0bc666f4f4d04e52131b2bd6cebe7e01b7d3d3911be79c6d41de96720957682fc2d5c838d846ae3dc59db6df232557397c7be46c26572,2021-07-23 18:10:00,15,NO CONTROLS,NO CONTROLS,CLEAR,DAYLIGHT,FIXED OBJECT,ALLEY,STRAIGHT AND LEVEL,DRY,NO DEFECTS,NO INJURY / DRIVE AWAY,"$501 - $1,500",UNABLE TO DETERMINE,UNABLE TO DETERMINE,3710,N,CENTRAL AVE,1,NO INDICATION OF INJURY,0.0,0.0,0.0,0.0,0.0,1.0,0.0,18,6,7
5b252035b19d11f4b6192399f4c85884474fb60bb58410e35d4e7f9ad83a1034dc3a10b491e0d3ece4337d4b1ee97e08767297f78b037d7fa343a8f6e20e8f9c,2018-12-28 22:00:00,30,NO CONTROLS,UNKNOWN,UNKNOWN,"DARKNESS, LIGHTED ROAD",SIDESWIPE SAME DIRECTION,NOT DIVIDED,STRAIGHT AND LEVEL,UNKNOWN,NO DEFECTS,NO INJURY / DRIVE AWAY,"$501 - $1,500",NOT APPLICABLE,NOT APPLICABLE,3622,W,ADDISON ST,2,NO INDICATION OF INJURY,0.0,0.0,0.0,0.0,0.0,4.0,0.0,22,6,12
744403664f282c9cc8f29ef3e8a35d215fce76ca08b067999f4f26d8f80e09840425d4b15b8916698721909590500c4c9cb0a7c750bcafcb3fbd50908cbf0f17,2019-05-17 09:25:00,30,TRAFFIC SIGNAL,FUNCTIONING PROPERLY,CLOUDY/OVERCAST,DAYLIGHT,REAR END,OTHER,STRAIGHT AND LEVEL,DRY,UNKNOWN,NO INJURY / DRIVE AWAY,"OVER $1,500",DISTRACTION - FROM INSIDE VEHICLE,NOT APPLICABLE,6700,N,CLARK ST,2,NO INDICATION OF INJURY,0.0,0.0,0.0,0.0,0.0,2.0,0.0,9,6,5
25c18a98159e06b03778fa9ceb33af2e4cc126473baea7fb946bc66914811acff0940c4736302e539e9f205ffe0d427ebe57a62e5eb33bc57797a76a1dd0c665,2020-02-16 12:50:00,30,NO CONTROLS,UNKNOWN,CLEAR,DAYLIGHT,REAR END,NOT DIVIDED,STRAIGHT AND LEVEL,DRY,NO DEFECTS,NO INJURY / DRIVE AWAY,$500 OR LESS,FOLLOWING TOO CLOSELY,NOT APPLICABLE,3750,N,WESTERN AVE,2,NO INDICATION OF INJURY,0.0,0.0,0.0,0.0,0.0,2.0,0.0,12,1,2
1b95d1062fc9427e1ec026cdff6c8c7f87a579fda6d20df735a3d24affd7d808d2cf7dd8f89286e711392db22d2269b33bf9721d83158ca8842361345729464e,2018-06-10 15:55:00,30,TRAFFIC SIGNAL,FUNCTIONING PROPERLY,RAIN,DAYLIGHT,REAR END,NOT DIVIDED,STRAIGHT AND LEVEL,WET,UNKNOWN,NO INJURY / DRIVE AWAY,"OVER $1,500",UNABLE TO DETERMINE,UNABLE TO DETERMINE,1957,N,LARAMIE AVE,2,NO INDICATION OF INJURY,0.0,0.0,0.0,0.0,0.0,6.0,0.0,15,1,6
1bd58b91ebaa66f1e122739e911565fc30c7175eed8c806a6808ceb0b98f2eb37768b0c13d8c6966bfdd00895ce1d0c5c04ad2d51874ee78bf095f779473bbf4,2017-10-17 12:35:00,30,TRAFFIC SIGNAL,NO CONTROLS,CLEAR,DAYLIGHT,TURNING,NOT DIVIDED,STRAIGHT AND LEVEL,DRY,NO DEFECTS,NO INJURY / DRIVE AWAY,"OVER $1,500",IMPROPER OVERTAKING/PASSING,NOT APPLICABLE,30,E,HUBBARD ST,2,NO INDICATION OF INJURY,0.0,0.0,0.0,0.0,0.0,2.0,0.0,12,3,10
a50fa8235dbbf3747c4adaff45efdc4677b7119a8db155884b75ca92e36b6df3c49caf60a3d7d7e8beed8758570e2289f7024cdec0d38d9a6c63deb8d3d4175d,2018-06-02 00:01:00,30,NO CONTROLS,NO CONTROLS,CLEAR,"DARKNESS, LIGHTED ROAD",PARKED MOTOR VEHICLE,NOT DIVIDED,STRAIGHT AND LEVEL,DRY,NO DEFECTS,NO INJURY / DRIVE AWAY,"$501 - $1,500",UNABLE TO DETERMINE,NOT APPLICABLE,1932,W,NORWOOD ST,2,NO INDICATION OF INJURY,0.0,0.0,0.0,0.0,0.0,1.0,0.0,0,7,6
0f89cf2526f9b20ec993c46dcac20e06cb0ee5ea5a65889da97923717cdbb01a46a5587ee83da37ce0d43f72ef6bb560e48630077cf531faf916a5b04acb9273,2022-04-19 16:57:00,20,NO CONTROLS,NO CONTROLS,CLEAR,DAYLIGHT,PARKED MOTOR VEHICLE,ONE-WAY,STRAIGHT AND LEVEL,DRY,NO DEFECTS,NO INJURY / DRIVE AWAY,$500 OR LESS,UNABLE TO DETERMINE,DRIVING SKILLS/KNOWLEDGE/EXPERIENCE,922,W,CUYLER AVE,2,NO INDICATION OF INJURY,0.0,0.0,0.0,0.0,0.0,2.0,0.0,16,3,4
9c1e6e81baeaace86d0daff026a144d18cb7e7d8011e18da0344d82f5fb6d8b182a442ccf2c932b4a5e9b49d7a01347cda5b737867afadf1bc0b0356e4386cee,2023-06-26 16:05:00,30,NO CONTROLS,NO CONTROLS,CLEAR,DAYLIGHT,FIXED OBJECT,ONE-WAY,STRAIGHT AND LEVEL,DRY,NO DEFECTS,NO INJURY / DRIVE AWAY,"OVER $1,500","OPERATING VEHICLE IN ERRATIC, RECKLESS, CARELESS, NEGLIGENT OR AGGRESSIVE MANNER",NOT APPLICABLE,4335,N,SACRAMENTO AVE,1,NO INDICATION OF INJURY,0.0,0.0,0.0,0.0,0.0,1.0,0.0,16,2,6
601614089ad3cc95e763fd2f20f2824076629e9d3e2b382ab05622bb7828dec3f8027980ad678c5f83c512f01f605cd6b4eac90dff79024ddbd2d7acf1ce87eb,2021-07-29 22:30:00,30,STOP SIGN/FLASHER,FUNCTIONING PROPERLY,CLEAR,"DARKNESS, LIGHTED ROAD",ANGLE,NOT DIVIDED,STRAIGHT AND LEVEL,DRY,NO DEFECTS,NO INJURY / DRIVE AWAY,"OVER $1,500",FAILING TO YIELD RIGHT-OF-WAY,UNABLE TO DETERMINE,400,S,ABERDEEN ST,2,NO INDICATION OF INJURY,0.0,0.0,0.0,0.0,0.0,2.0,0.0,22,5,7
7852fcc1b861aab98f032b49467ad20a16718000b59e47d5697e08d1abf90b6e3631bc0e7dab62fdf035b5abd890abced09e17959fed0e1c3961697a2b2f2edb,2022-11-29 12:00:00,30,NO CONTROLS,NO CONTROLS,CLOUDY/OVERCAST,DAYLIGHT,PARKED MOTOR VEHICLE,PARKING LOT,STRAIGHT AND LEVEL,UNKNOWN,UNKNOWN,NO INJURY / DRIVE AWAY,"OVER $1,500",UNABLE TO DETERMINE,UNABLE TO DETERMINE,1001,W,45TH ST,2,NO INDICATION OF INJURY,0.0,0.0,0.0,0.0,0.0,1.0,0.0,12,3,11
c1a93f06f38821a94fcd308cd48afdd4ade42b70f0d7d055036c2b0d8197892991cf245b425048f492b6f05676211fbfc19c401ccd025a6973190797b3f7ecd9,2017-12-11 12:30:00,30,TRAFFIC SIGNAL,UNKNOWN,CLOUDY/OVERCAST,DAYLIGHT,REAR END,NOT DIVIDED,STRAIGHT AND LEVEL,UNKNOWN,UNKNOWN,NO INJURY / DRIVE AWAY,"OVER $1,500",UNABLE TO DETERMINE,UNABLE TO DETERMINE,3557,N,ELSTON AVE,2,NO INDICATION OF INJURY,0.0,0.0,0.0,0.0,0.0,2.0,0.0,12,2,12
0d6a2e64e7a2d940f1446991b5e598968351498bba5b363d0bdcf49fb0fc57dc7cd5ef1bb4145d4e8aee92ae3441a4f64f765ddae3e869c9a9efa427da1fbbef,2024-01-04 17:00:00,25,UNKNOWN,UNKNOWN,CLEAR,DARKNESS,ANGLE,NOT DIVIDED,STRAIGHT AND LEVEL,DRY,UNKNOWN,NO INJURY / DRIVE AWAY,"OVER $1,500",IMPROPER OVERTAKING/PASSING,IMPROPER OVERTAKING/PASSING,8700,S,SOUTH CHICAGO AVE,2,NO INDICATION OF INJURY,0.0,0.0,0.0,0.0,0.0,2.0,0.0,17,5,1
3e95c75a677d0c993bfef89dd62116d2217fd16b844f912b3b5371c4db79eae1e1bb4d819dc36514619f012c638435a271bb4ca24be191464bc2ec03bc26d05a,2021-09-13 21:22:00,30,STOP SIGN/FLASHER,NO CONTROLS,CLEAR,"DARKNESS, LIGHTED ROAD",REAR END,NOT DIVIDED,STRAIGHT AND LEVEL,DRY,NO DEFECTS,NO INJURY / DRIVE AWAY,"OVER $1,500",FOLLOWING TOO CLOSELY,HAD BEEN DRINKING (USE WHEN ARREST IS NOT MADE),400,W,119TH ST,2,NO INDICATION OF INJURY,0.0,0.0,0.0,0.0,0.0,2.0,0.0,21,2,9
bd7cb7df3e808bdd25e146560f65cd55dca82ff6057aa8f3042c6c555437036c8061356ad828a5774fa4df43b98dae182480ccb30e12aac20bd0dd339f487f85,2018-10-24 14:43:00,30,STOP SIGN/FLASHER,FUNCTIONING PROPERLY,CLEAR,DAYLIGHT,ANGLE,OTHER,STRAIGHT ON GRADE,DRY,NO DEFECTS,INJURY AND / OR TOW DUE TO CRASH,"OVER $1,500",DRIVING SKILLS/KNOWLEDGE/EXPERIENCE,FAILING TO YIELD RIGHT-OF-WAY,1850,W,OGDEN AVE,2,NO INDICATION OF INJURY,0.0,0.0,0.0,0.0,0.0,3.0,0.0,14,4,10
6f40c1a8d2a04e3e1387576bd53a86fe4629e7cf2f35079b6a5f5e70ec18b88d4528a545783bdacc5b63092af3b9ba617aa9f97cef98505c57b82178046bcc57,2015-09-28 18:00:00,0,STOP SIGN/FLASHER,FUNCTIONING PROPERLY,CLEAR,DAYLIGHT,PARKED MOTOR VEHICLE,DIVIDED - W/MEDIAN (NOT RAISED),STRAIGHT AND LEVEL,DRY,NO DEFECTS,NO INJURY / DRIVE AWAY,"OVER $1,500",UNABLE TO DETERMINE,UNABLE TO DETERMINE,1100,N,CLEVELAND AVE,2,NO INDICATION OF INJURY,0.0,0.0,0.0,0.0,0.0,1.0,0.0,18,2,9
c07c2516695a39131519c73b3f1e8a41c4b948c6f6890f21d55dcdc2846df3b01def3d7d8c196f33760f2285282bbb72e17069885f55902cc568a5db455efbff,2016-09-15 02:10:00,45,NO CONTROLS,NO CONTROLS,CLEAR,"DARKNESS, LIGHTED ROAD",FIXED OBJECT,DIVIDED - W/MEDIAN BARRIER,STRAIGHT AND LEVEL,DRY,NO DEFECTS,INJURY AND / OR TOW DUE TO CRASH,"OVER $1,500",UNABLE TO DETERMINE,UNABLE TO DETERMINE,3410,S,LAKE SHORE DR SB,1,NO INDICATION OF INJURY,0.0,0.0,0.0,0.0,0.0,1.0,0.0,2,5,9
124977d80549d7ccfb5b346b57bb40d0f621c45629090bcdb3d4b1265a516c4a150439c4b6cf5f0c3478ba1af0545f273c08fc4ad49258945dfae7382b19c9c4,2018-10-13 11:10:00,30,NO CONTROLS,NO CONTROLS,CLEAR,DAYLIGHT,SIDESWIPE SAME DIRECTION,NOT DIVIDED,STRAIGHT AND LEVEL,DRY,NO DEFECTS,NO INJURY / DRIVE AWAY,"$501 - $1,500",IMPROPER LANE USAGE,NOT APPLICABLE,8400,W,IRVING PARK RD,2,NO INDICATION OF INJURY,0.0,0.0,0.0,0.0,0.0,2.0,0.0,11,7,10
ac85a8058ee05621431eaa25d35acdbcaf32be23a6d597bada5f7527c66fdf34962f0293b8f9861bc45ea530072ee17695651f565c6bf516b37924640a2fe72d,2024-04-05 09:05:00,30,NO CONTROLS,NO CONTROLS,CLEAR,DAYLIGHT,SIDESWIPE SAME DIRECTION,ONE-WAY,STRAIGHT AND LEVEL,DRY,NO DEFECTS,NO INJURY / DRIVE AWAY,"OVER $1,500",UNABLE TO DETERMINE,UNABLE TO DETERMINE,1918,S,BLUE ISLAND AVE,2,NO INDICATION OF INJURY,0.0,0.0,0.0,0.0,0.0,2.0,0.0,9,6,4