CRASH_RECORD_ID,CRASH_DATE,POSTED_SPEED_LIMIT,TRAFFIC_CONTROL_DEVICE,DEVICE_CONDITION,WEATHER_CONDITION,LIGHTING_CONDITION,FIRST_CRASH_TYPE,TRAFFICWAY_TYPE,ALIGNMENT,ROADWAY_SURFACE_COND,ROAD_DEFECT,CRASH_TYPE,DAMAGE,PRIM_CONTRIBUTORY_CAUSE,SEC_CONTRIBUTORY_CAUSE,STREET_NO,STREET_DIRECTION,STREET_NAME,NUM_UNITS,MOST_SEVERE_INJURY,INJURIES_TOTAL,INJURIES_FATAL,INJURIES_INCAPACITATING,INJURIES_NON_INCAPACITATING,INJURIES_REPORTED_NOT_EVIDENT,INJURIES_NO_INDICATION,INJURIES_UNKNOWN,CRASH_HOUR,CRASH_DAY_OF_WEEK,CRASH_MONTH
56e6215a94c2abbb75560eaa851c10af27f2c9ae26974d0622e3aa8f07140ab046e4b823ffe67ddae23674f175a07e5f9f177cc860cc63120d91d82b18cf6de9,2024-03-30 10:00:00,30,TRAFFIC SIGNAL,FUNCTIONING PROPERLY,CLEAR,DAYLIGHT,TURNING,NOT DIVIDED,STRAIGHT AND LEVEL,DRY,NO DEFECTS,NO INJURY / DRIVE AWAY,"OVER $1,500",FAILING TO YIELD RIGHT-OF-WAY,NOT APPLICABLE,6400,W,BELMONT AVE,2,NO INDICATION OF INJURY,0.0,0.0,0.0,0.0,0.0,3.0,0.0,10,7,3
91639bcf93fdef30d8a72ff49216bc73818e2a2ba0df21592d03b584bd060fb60e76288bf19baf02eff1acacd9cf6b006aa00f8dbb88dc76ad31a4773ed85618,2019-11-26 07:15:00,30,NO CONTROLS,NO CONTROLS,CLEAR,DAYLIGHT,HEAD ON,DIVIDED - W/MEDIAN (NOT RAISED),STRAIGHT AND LEVEL,DRY,NO DEFECTS,NO INJURY / DRIVE AWAY,"OVER $1,500",UNABLE TO DETERMINE,NOT APPLICABLE,1334,N,PULASKI RD,2,NO INDICATION OF INJURY,0.0,0.0,0.0,0.0,0.0,2.0,0.0,7,3,11
776aa0d2d27681e56f0135e013e24def563d5fde6bbb1b872af27d012e63706fcaaa3c0b015113249017598318d518b26a16c0af5a304668ae35e31fb4c2653f,2021-02-23 07:30:00,30,NO CONTROLS,NO CONTROLS,CLEAR,DAYLIGHT,PARKED MOTOR VEHICLE,NOT DIVIDED,STRAIGHT AND LEVEL,UNKNOWN,UNKNOWN,NO INJURY / DRIVE AWAY,"$501 - $1,500",UNABLE TO DETERMINE,UNABLE TO DETERMINE,5516,N,CLARK ST,2,NO INDICATION OF INJURY,0.0,0.0,0.0,0.0,0.0,1.0,0.0,7,3,2
f8b58c46c38bd113ed0a31e26df5ea427edee231ce3f830c09597175a15b41f6bba9cf5652cfeb193879fa26b846074cb2f1b7cb1cd99a286452599fbd723740,2019-06-29 14:00:00,30,NO CONTROLS,NO CONTROLS,CLEAR,DAYLIGHT,REAR END,NOT DIVIDED,STRAIGHT AND LEVEL,DRY,NO DEFECTS,NO INJURY / DRIVE AWAY,"$501 - $1,500",FOLLOWING TOO CLOSELY,UNABLE TO DETERMINE,7800,W,BELMONT AVE,2,NO INDICATION OF INJURY,0.0,0.0,0.0,0.0,0.0,2.0,0.0,14,7,6
78f2c7b4b95ee6b15b4800a0fc0b3aba3a73c14e5f7d6d6bb55bfe5cee272ba3b06a8336fae9e0120d735b90721caa633333f2a2411c6ecffa0bf371f85e067c,2018-06-30 20:05:00,20,NO CONTROLS,NO CONTROLS,CLEAR,DAWN,PARKED MOTOR VEHICLE,PARKING LOT,STRAIGHT AND LEVEL,DRY,NO DEFECTS,NO INJURY / DRIVE AWAY,"OVER $1,500",UNABLE TO DETERMINE,UNABLE TO DETERMINE,2155,S,WENTWORTH AVE,2,NO INDICATION OF INJURY,0.0,0.0,0.0,0.0,0.0,1.0,0.0,20,7,6
7c81ddf92d1b51eb76c654644d63ec05b94d173fbf1843335e87426aaeec48c60a189ad9ab5f0d248e6dea38f1455c2315c8f6fde46158dfcff1869c2fbd43b7,2018-05-15 09:00:00,30,NO CONTROLS,NO CONTROLS,CLEAR,DAYLIGHT,FIXED OBJECT,NOT DIVIDED,STRAIGHT AND LEVEL,DRY,"RUT, HOLES",NO INJURY / DRIVE AWAY,"OVER $1,500",UNABLE TO DETERMINE,NOT APPLICABLE,1400,W,LAKE ST,1,NO INDICATION OF INJURY,0.0,0.0,0.0,0.0,0.0,1.0,0.0,9,3,5
90a9b55a780dbce405c0f6c4c8e64cd23c72054f4ffc4772aa6c4af4e6e545213da72d3a17491ac4dd5ecdc739e93da516f6439758cc3566bb757d335913a35f,2018-05-25 07:35:00,30,TRAFFIC SIGNAL,FUNCTIONING PROPERLY,CLEAR,DAYLIGHT,TURNING,NOT DIVIDED,STRAIGHT AND LEVEL,DRY,NO DEFECTS,NO INJURY / DRIVE AWAY,"OVER $1,500",IMPROPER LANE USAGE,NOT APPLICABLE,400,E,65TH ST,2,NO INDICATION OF INJURY,0.0,0.0,0.0,0.0,0.0,2.0,0.0,7,6,5
139da5c4a61082804516380ad9744053089d0570e91ea34321e83a13f85c351e763cc921188f7ec048c799bbaa27b2867f1d3edea07e49b093822804c28c5d6c,2016-04-01 20:00:00,15,NO CONTROLS,NO CONTROLS,UNKNOWN,DARKNESS,PARKED MOTOR VEHICLE,ONE-WAY,STRAIGHT AND LEVEL,UNKNOWN,UNKNOWN,NO INJURY / DRIVE AWAY,"$501 - $1,500",UNABLE TO DETERMINE,NOT APPLICABLE,7826,S,TRUMBULL AVE,2,NO INDICATION OF INJURY,0.0,0.0,0.0,0.0,0.0,1.0,0.0,20,6,4
aef3da7c0ba6a3b49a151491c77804c9c32e2b6dd4ae3beffc38e94fa0d428a654344529c823aa089357d7e112c7c0a70df3588a7e060444a42d29ddea649963,2019-12-29 14:30:00,30,NO CONTROLS,NO CONTROLS,CLEAR,DAYLIGHT,SIDESWIPE SAME DIRECTION,NOT DIVIDED,STRAIGHT AND LEVEL,DRY,NO DEFECTS,NO INJURY / DRIVE AWAY,"OVER $1,500",FOLLOWING TOO CLOSELY,NOT APPLICABLE,10649,S,WESTERN AVE,2,NO INDICATION OF INJURY,0.0,0.0,0.0,0.0,0.0,2.0,0.0,14,1,12
01a22eac9a857e7e972db2bceafd450777bab440d44814a7d45a61fb562860d2836befbe36f246fdcd7b08e96691fd382b924ab4bcbbd9837c692f39aff1bf87,2018-11-09 11:13:00,30,TRAFFIC SIGNAL,FUNCTIONING PROPERLY,RAIN,DAYLIGHT,REAR END,NOT DIVIDED,STRAIGHT AND LEVEL,WET,UNKNOWN,NO INJURY / DRIVE AWAY,"OVER $1,500",EQUIPMENT - VEHICLE CONDITION,NOT APPLICABLE,1000,E,43RD ST,2,NO INDICATION OF INJURY,0.0,0.0,0.0,0.0,0.0,4.0,0.0,11,6,11
484b784279a763fa28f18f20ff8f5726c24644157d8c348365accea5267aec98a15c1860ad1c91a9447e529e75a9e5512e31bfc0241ee6eb95be732c8a38a3ec,2020-09-29 00:00:00,30,NO CONTROLS,NO CONTROLS,CLEAR,"DARKNESS, LIGHTED ROAD",FIXED OBJECT,NOT DIVIDED,STRAIGHT AND LEVEL,DRY,NO DEFECTS,INJURY AND / OR TOW DUE TO CRASH,"OVER $1,500",UNABLE TO DETERMINE,NOT APPLICABLE,1033,E,71ST ST,1,NONINCAPACITATING INJURY,1.0,0.0,0.0,1.0,0.0,1.0,0.0,0,3,9
d977b619f5c66f7178892d059846f5874c36cf9a73d719cad2bff01cd056a83cbf00973ab32be24b3a01363c2086eb890b27e8432d4099f8fc1708d116bf18e7,2020-10-31 09:00:00,20,NO CONTROLS,NO CONTROLS,CLEAR,DAYLIGHT,PARKED MOTOR VEHICLE,ONE-WAY,STRAIGHT AND LEVEL,DRY,NO DEFECTS,NO INJURY / DRIVE AWAY,"OVER $1,500",UNABLE TO DETERMINE,NOT APPLICABLE,301,S,LAVERGNE AVE,2,NO INDICATION OF INJURY,0.0,0.0,0.0,0.0,0.0,1.0,0.0,9,7,10
6aac39924eadd02b732a480b131af6ba2f78358873864c4c48664cf42be14bf14c4bc4cf1bd95f56bb608bea7cadaa89656165b639b656b5202806ad61434e7e,2018-05-01 15:45:00,30,NO CONTROLS,NO CONTROLS,CLEAR,DAYLIGHT,PEDALCYCLIST,DIVIDED - W/MEDIAN (NOT RAISED),STRAIGHT AND LEVEL,DRY,UNKNOWN,INJURY AND / OR TOW DUE TO CRASH,"$501 - $1,500",FAILING TO YIELD RIGHT-OF-WAY,UNABLE TO DETERMINE,5831,W,NORTH AVE,2,INCAPACITATING INJURY,1.0,0.0,1.0,0.0,0.0,2.0,0.0,15,3,5
e52641fcc271bfa172a91d7c41f84ddc31ef85a19a3cb642bd6b3fa1d1b7dfddd2398c73b440d092290487f381dd2c168ca7616bd2c01f59550bb39a95069458,2017-09-20 18:01:00,30,NO CONTROLS,NO CONTROLS,CLEAR,DUSK,SIDESWIPE SAME DIRECTION,NOT DIVIDED,STRAIGHT AND LEVEL,DRY,NO DEFECTS,NO INJURY / DRIVE AWAY,"OVER $1,500",FAILING TO YIELD RIGHT-OF-WAY,NOT APPLICABLE,4600,S,COTTAGE GROVE AVE,2,NO INDICATION OF INJURY,0.0,0.0,0.0,0.0,0.0,2.0,0.0,18,4,9
87ec0bb84cfb06edd368bb2790b03f21eaaa21c08488d6543c19d39f7a55d2defeddbb221e1d3e93bfbab73c28e9345bb502094daea6257892c08515f4fcd8ee,2017-05-01 19:00:00,30,NO CONTROLS,NO CONTROLS,RAIN,DARKNESS,ANGLE,ALLEY,STRAIGHT AND LEVEL,WET,NO DEFECTS,NO INJURY / DRIVE AWAY,"$501 - $1,500",UNABLE TO DETERMINE,UNABLE TO DETERMINE,2639,N,MOODY AVE,2,NO INDICATION OF INJURY,0.0,0.0,0.0,0.0,0.0,2.0,0.0,19,2,5
dc822082913bdaeec886f592266fdcfc6ec9f9d16615de115598756a9e2e9b163bb5631b66a3b05493018e4f48dff17baff3bcf34d2caa09b7d5823d4e7d76aa,2023-04-19 19:00:00,35,NO CONTROLS,NO CONTROLS,CLEAR,DUSK,SIDESWIPE SAME DIRECTION,NOT DIVIDED,STRAIGHT AND LEVEL,DRY,NO DEFECTS,NO INJURY / DRIVE AWAY,"OVER $1,500",UNABLE TO DETERMINE,UNABLE TO DETERMINE,6400,S,CICERO AVE,2,NO INDICATION OF INJURY,0.0,0.0,0.0,0.0,0.0,2.0,0.0,19,4,4
60102b730457bc5aa174dadd713f3587e6f649596117b1c82f3100f3ec7e2508f2b9d5fd6a1e412eaa447e3b68ac0efd73385f09bd9d8527526a33c226f1c5ea,2018-01-21 11:55:00,30,STOP SIGN/FLASHER,FUNCTIONING PROPERLY,CLEAR,DAYLIGHT,ANGLE,NOT DIVIDED,STRAIGHT AND LEVEL,WET,NO DEFECTS,INJURY AND / OR TOW DUE TO CRASH,"OVER $1,500",FAILING TO YIELD RIGHT-OF-WAY,NOT APPLICABLE,800,E,99TH ST,2,NONINCAPACITATING INJURY,3.0,0.0,0.0,3.0,0.0,1.0,0.0,11,1,1
4b917e692672349af1e5198378da9a79f85673a03fa6845fb4cc7f547ef0f1994e3dce7a137665e575b19fd532480f47e9f03c8a8c9d9b64b2c9a8eb9a3b9324,2018-03-29 15:00:00,30,TRAFFIC SIGNAL,FUNCTIONING PROPERLY,CLEAR,DAYLIGHT,TURNING,ONE-WAY,STRAIGHT AND LEVEL,DRY,NO DEFECTS,NO INJURY / DRIVE AWAY,"$501 - $1,500",IMPROPER TURNING/NO SIGNAL,IMPROPER LANE USAGE,50,W,ILLINOIS ST,2,NO INDICATION OF INJURY,0.0,0.0,0.0,0.0,0.0,2.0,0.0,15,5,3
1c285c2966b7a0523a49abb9ed02e4c087c2694477a7cef16506f435b78f16f22bc98bd77da880af9894c1df12110cea315918b84001c6d3d57f72e79e03bceb,2021-07-08 03:00:00,30,NO CONTROLS,NO CONTROLS,UNKNOWN,"DARKNESS, LIGHTED ROAD",PARKED MOTOR VEHICLE,NOT DIVIDED,STRAIGHT AND LEVEL,UNKNOWN,NO DEFECTS,INJURY AND / OR TOW DUE TO CRASH,"OVER $1,500",UNABLE TO DETERMINE,UNABLE TO DETERMINE,518,W,111TH ST,2,NO INDICATION OF INJURY,0.0,0.0,0.0,0.0,0.0,1.0,0.0,3,5,7
85c567c7d1ab044029bb80eb9a5d3c6174a916eda47238652631bb182bfc3c6ca69e7bad858e528649516a624b2719fed17cb81bf2e066097c23465d260ebf53,2024-04-27 08:45:00,30,STOP SIGN/FLASHER,FUNCTIONING PROPERLY,CLEAR,DAYLIGHT,ANGLE,NOT REPORTED,STRAIGHT AND LEVEL,DRY,NO DEFECTS,INJURY AND / OR TOW DUE TO CRASH,"OVER $1,500",FAILING TO YIELD RIGHT-OF-WAY,UNABLE TO DETERMINE,5931,N,LINCOLN AVE,2,NONINCAPACITATING INJURY,1.0,0.0,0.0,1.0,0.0,1.0,0.0,8,7,4
775a176f9122aedc6aaa24e6584e268f7512e32bb48d3266536468895db0afb095930161fbfc326b49769d3cea85c42764137bd546425f739a10553fa9d81520,2020-08-18 20:35:00,30,NO CONTROLS,NO CONTROLS,CLEAR,"DARKNESS, LIGHTED ROAD",PARKED MOTOR VEHICLE,NOT DIVIDED,STRAIGHT AND LEVEL,DRY,UNKNOWN,INJURY AND / OR TOW DUE TO CRASH,"OVER $1,500",UNABLE TO DETERMINE,NOT APPLICABLE,157,S,PULASKI RD,2,NO INDICATION OF INJURY,0.0,0.0,0.0,0.0,0.0,1.0,0.0,20,3,8
2c4b16f092cd4ec866b0bb91afd9a95589c3197ff4bf94b6bd3e856259b6c0544bc35c8d6c5536c008f9464be0a7429b34f37b890ab6f1ef520e764871345701,2019-10-27 14:20:00,30,NO CONTROLS,NO CONTROLS,CLEAR,DAYLIGHT,ANGLE,PARKING LOT,STRAIGHT AND LEVEL,UNKNOWN,UNKNOWN,NO INJURY / DRIVE AWAY,"$501 - $1,500",NOT APPLICABLE,NOT APPLICABLE,1322,S,HALSTED ST,2,NO INDICATION OF INJURY,0.0,0.0,0.0,0.0,0.0,2.0,0.0,14,1,10
6c036a0876ca1de781e8a8f5220b7f49e91de1be8a74159cba9a7b84f1e256c5e526e5142ee59635d6f4d7466b012f965f75d0a50bea9ada0bf03038c71623cc,2023-09-05 06:44:00,30,NO CONTROLS,UNKNOWN,CLEAR,DAYLIGHT,SIDESWIPE SAME DIRECTION,DIVIDED - W/MEDIAN (NOT RAISED),STRAIGHT AND LEVEL,DRY,NO DEFECTS,NO INJURY / DRIVE AWAY,"OVER $1,500",IMPROPER TURNING/NO SIGNAL,IMPROPER OVERTAKING/PASSING,5675,N,ELSTON AVE,2,NO INDICATION OF INJURY,0.0,0.0,0.0,0.0,0.0,2.0,0.0,6,3,9
a2ee9c765ed1043eb4c0731a8d5387f48fd32905f1c3e94a925207b88a52bd31975927aa97d44934052654bd64fc606fa5b3f7553ab89801738721ee97de8f27,2019-09-01 02:10:00,30,NO CONTROLS,NO CONTROLS,RAIN,"DARKNESS, LIGHTED ROAD",PARKED MOTOR VEHICLE,ONE-WAY,STRAIGHT AND LEVEL,WET,NO DEFECTS,INJURY AND / OR TOW DUE TO CRASH,"OVER $1,500",EQUIPMENT - VEHICLE CONDITION,UNABLE TO DETERMINE,1318,S,INDEPENDENCE BLVD,3,NO INDICATION OF INJURY,0.0,0.0,0.0,0.0,0.0,1.0,0.0,2,1,9
6225e254b5327fcca98082b2ff2adbef3c9d5daeee6843c92e8e3af96c3080ede1240de589636075a93d00d8aa7ae053406081912831f029e663704bda0bff32,2017-05-16 16:15:00,30,TRAFFIC SIGNAL,FUNCTIONING PROPERLY,CLEAR,DAYLIGHT,REAR END,NOT DIVIDED,STRAIGHT AND LEVEL,DRY,NO DEFECTS,NO INJURY / DRIVE AWAY,"OVER $1,500",DRIVING SKILLS/KNOWLEDGE/EXPERIENCE,NOT APPLICABLE,5300,S,CICERO AVE,2,NO INDICATION OF INJURY,0.0,0.0,0.0,0.0,0.0,2.0,0.0,16,3,5
c26f9131b0d20d51b88ab23df86cd3bfd43b9f2b816b3f532e4e16f3700b5a393724b5d0d422cb69d2e50e4013a06a31e59b5adbd4a60d17b39a03f3b8578606,2016-06-08 08:30:00,30,TRAFFIC SIGNAL,FUNCTIONING PROPERLY,CLEAR,DAYLIGHT,SIDESWIPE SAME DIRECTION,NOT DIVIDED,STRAIGHT AND LEVEL,DRY,NO DEFECTS,NO INJURY / DRIVE AWAY,"OVER $1,500",UNABLE TO DETERMINE,NOT APPLICABLE,110,N,KEDZIE AVE,2,NO INDICATION OF INJURY,0.0,0.0,0.0,0.0,0.0,3.0,0.0,8,4,6
5a6c48f8f2464103ef42d17b19ff8b7d02da135125828152cf97b1594e92d4ce839888bfc85ed3cd2b93aa924095977a23a88574130e2dcfb3979f80d19768a5,2018-11-06 14:30:00,35,TRAFFIC SIGNAL,FUNCTIONING PROPERLY,CLEAR,DAYLIGHT,TURNING,NOT DIVIDED,STRAIGHT AND LEVEL,DRY,NO DEFECTS,INJURY AND / OR TOW DUE TO CRASH,"$501 - $1,500",UNABLE TO DETERMINE,UNABLE TO DETERMINE,1441,S,CALIFORNIA BLVD,2,NONINCAPACITATING INJURY,1.0,0.0,0.0,1.0,0.0,2.0,0.0,14,3,11
af43e4dd056320a3b5e7f2c3066db1bcf0691c812ae0d1ff73a7e060a066774597653aa6888cb372b3f8205b39dc6dbd9753ffc6f6bb98621e4b5fd9c0b6cd2e,2018-01-18 12:50:00,45,UNKNOWN,NO CONTROLS,CLEAR,DAYLIGHT,FIXED OBJECT,DIVIDED - W/MEDIAN (NOT RAISED),STRAIGHT AND LEVEL,WET,NO DEFECTS,INJURY AND / OR TOW DUE TO CRASH,"OVER $1,500",FAILING TO YIELD RIGHT-OF-WAY,FAILING TO REDUCE SPEED TO AVOID CRASH,1250,E,75TH ST,1,NONINCAPACITATING INJURY,2.0,0.0,0.0,2.0,0.0,0.0,0.0,12,5,1
dec6f29590db924961cbaa2e36c5975deecd311aa8b8326decec9c7a8d2f4873f3fe710ff49c8ba77bb6f46ba80e66488fa53f3093c9edbd83d625c1c59a7b8e,2020-10-12 06:15:00,30,STOP SIGN/FLASHER,FUNCTIONING PROPERLY,CLEAR,UNKNOWN,PARKED MOTOR VEHICLE,ONE-WAY,STRAIGHT AND LEVEL,DRY,NO DEFECTS,NO INJURY / DRIVE AWAY,"OVER $1,500",IMPROPER LANE USAGE,"OPERATING VEHICLE IN ERRATIC, RECKLESS, CARELESS, NEGLIGENT OR AGGRESSIVE MANNER",6422,S,EVANS AVE,2,NO INDICATION OF INJURY,0.0,0.0,0.0,0.0,0.0,1.0,0.0,6,2,10
32b78762f8dc80e6f22103d0fa76b11b7d82b4edf9ee055be1db0b35f58fa1a7a8089186f977b1417e1107dd894ba70651354099ff75d027b5d8a06c9bb7b878,2020-12-30 05:55:00,45,NO CONTROLS,NO CONTROLS,FREEZING RAIN/DRIZZLE,DARKNESS,FIXED OBJECT,DIVIDED - W/MEDIAN BARRIER,STRAIGHT AND LEVEL,SNOW OR SLUSH,NO DEFECTS,INJURY AND / OR TOW DUE TO CRASH,"OVER $1,500",WEATHER,DRIVING SKILLS/KNOWLEDGE/EXPERIENCE,5100,N,LAKE SHORE DR NB,1,NO INDICATION OF INJURY,0.0,0.0,0.0,0.0,0.0,1.0,0.0,5,4,12
bce5697dbbbfcfabee6a48358c94136dbccf95318aac75eccfc8168bc8271e9af28dfd57cbe4902c86cd808b3c77565c758238d9f8a03ebb07868671d0ee8b36,2017-04-19 21:00:00,30,NO CONTROLS,NO CONTROLS,CLEAR,"DARKNESS, LIGHTED ROAD",SIDESWIPE SAME DIRECTION,NOT DIVIDED,STRAIGHT AND LEVEL,DRY,NO DEFECTS,NO INJURY / DRIVE AWAY,"OVER $1,500",UNABLE TO DETERMINE,UNABLE TO DETERMINE,2130,N,SHEFFIELD AVE,2,NO INDICATION OF INJURY,0.0,0.0,0.0,0.0,0.0,2.0,0.0,21,4,4
f2ed38ad5c4f3efa19b329e0bdebed73bff0e0a6f0423879596e77d89c78e34befb765795881d47c4413ce15f34644d9befcdda614f2dd028d5d6a687c3178d1,2022-02-12 08:00:00,30,NO CONTROLS,NO CONTROLS,CLEAR,DAYLIGHT,REAR END,ONE-WAY,STRAIGHT AND LEVEL,DRY,NO DEFECTS,NO INJURY / DRIVE AWAY,"OVER $1,500",FOLLOWING TOO CLOSELY,NOT APPLICABLE,4051,W,CERMAK RD,2,NO INDICATION OF INJURY,0.0,0.0,0.0,0.0,0.0,2.0,0.0,8,7,2
4e99f1fc8a14119a83706de8d21e5c4b7518cd7d89f9071a7009a86524e613f2a4c3e5b84eb311ce15022d82c2392cbb10c7e7f8194c5510a0baa1a0750d65e9,2023-05-31 08:33:00,30,TRAFFIC SIGNAL,FUNCTIONING PROPERLY,CLEAR,DAYLIGHT,TURNING,FOUR WAY,STRAIGHT AND LEVEL,DRY,NO DEFECTS,NO INJURY / DRIVE AWAY,"OVER $1,500",UNABLE TO DETERMINE,NOT APPLICABLE,200,W,87TH ST,3,NONINCAPACITATING INJURY,1.0,0.0,0.0,1.0,0.0,4.0,0.0,8,4,5
320f94d7f8b16d4137fad7f115127662781a5b52695da8a1bc609ba02f3096f2405ae8afc0e777decda462acacf38d15651bcc49bc0b27c3f3ea05c341122c00,2019-11-05 16:00:00,45,NO CONTROLS,NO CONTROLS,CLEAR,"DARKNESS, LIGHTED ROAD",TURNING,DIVIDED - W/MEDIAN (NOT RAISED),STRAIGHT AND LEVEL,DRY,NO DEFECTS,NO INJURY / DRIVE AWAY,"OVER $1,500",FAILING TO REDUCE SPEED TO AVOID CRASH,NOT APPLICABLE,2239,N,WESTERN AVE,2,NO INDICATION OF INJURY,0.0,0.0,0.0,0.0,0.0,2.0,0.0,16,3,11
aaf05f065d01578af667bc940b4d6d843a0e9aaac286979b2607b60a7bbb314da46ada3cb7fa75095edada31fa859ee21795a1a57b69f94dffa25bc2f661fb34,2018-11-26 15:20:00,30,DELINEATORS,UNKNOWN,UNKNOWN,UNKNOWN,SIDESWIPE SAME DIRECTION,CENTER TURN LANE,STRAIGHT AND LEVEL,UNKNOWN,UNKNOWN,NO INJURY / DRIVE AWAY,$500 OR LESS,UNABLE TO DETERMINE,UNABLE TO DETERMINE,3221,W,111TH ST,2,NO INDICATION OF INJURY,0.0,0.0,0.0,0.0,0.0,3.0,0.0,15,2,11
5c022fd86bb997a365524acce42acb045746a1311f4d9d4d546860fcbb6c9d9093708740ac1efb08338e6c151335c806fd13c5ff673796b08f034db8673a5ec4,2020-08-21 10:30:00,30,TRAFFIC SIGNAL,FUNCTIONING PROPERLY,CLEAR,DAYLIGHT,TURNING,NOT DIVIDED,STRAIGHT AND LEVEL,DRY,NO DEFECTS,NO INJURY / DRIVE AWAY,"OVER $1,500",UNABLE TO DETERMINE,UNABLE TO DETERMINE,400,S,CENTRAL AVE,2,NO INDICATION OF INJURY,0.0,0.0,0.0,0.0,0.0,2.0,0.0,10,6,8
1109dad5d7f374dd9304b7d22e505f238f75fa6c62aed3618f976080b6d59b7cc4d729e18cf5cbb3bb3a901a81f4148d4b1a05a14c9786eb2d10dd3216802a1c,2022-08-18 12:50:00,30,NO CONTROLS,NO CONTROLS,CLEAR,"DARKNESS, LIGHTED ROAD",ANGLE,NOT DIVIDED,STRAIGHT AND LEVEL,DRY,NO DEFECTS,NO INJURY / DRIVE AWAY,"OVER $1,500",UNABLE TO DETERMINE,UNABLE TO DETERMINE,8304,S,DR MARTIN LUTHER KING JR DR,2,NO INDICATION OF INJURY,0.0,0.0,0.0,0.0,0.0,2.0,0.0,12,5,8
eb3d904cd2d2610c381c5f9f9d3011ee091a8f1a81b762362a329328eaf9c94f7d542461729a6411ba837c4f05f82299671e4ee96e370c69d2101c41cc3431a2,2022-08-05 14:20:00,30,TRAFFIC SIGNAL,UNKNOWN,CLEAR,DAYLIGHT,ANGLE,TRAFFIC ROUTE,STRAIGHT AND LEVEL,DRY,UNKNOWN,NO INJURY / DRIVE AWAY,"OVER $1,500",UNABLE TO DETERMINE,DRIVING SKILLS/KNOWLEDGE/EXPERIENCE,1099,W,VAN BUREN ST,2,NO INDICATION OF INJURY,0.0,0.0,0.0,0.0,0.0,3.0,0.0,14,6,8
fecd27e5adfa968f27ea51b92c886558b5ef27c8b441ebb549f5ca2e86a7fefd93d8f4584e8d1419af307d065e43ba174c1c4ebbe9166192fa1f04c4aca9d877,2020-03-15 00:30:00,35,TRAFFIC SIGNAL,FUNCTIONING PROPERLY,CLEAR,DARKNESS,TURNING,ONE-WAY,STRAIGHT AND LEVEL,DRY,NO DEFECTS,INJURY AND / OR TOW DUE TO CRASH,"OVER $1,500",DISREGARDING OTHER TRAFFIC SIGNS,DRIVING ON WRONG SIDE/WRONG WAY,1158,S,LAKE SHORE DR E,2,NO INDICATION OF INJURY,0.0,0.0,0.0,0.0,0.0,2.0,0.0,0,1,3
588886e21885a366a1d5c588b872ed49b71ebdd8523068a30034d2553c7e56b38bb2618ef566707de42e01e65832fe06fb9bfbcb46308f0e685d84b9873e6eaf,2022-04-13 14:15:00,30,TRAFFIC SIGNAL,FUNCTIONING PROPERLY,CLEAR,DAYLIGHT,ANGLE,NOT DIVIDED,STRAIGHT AND LEVEL,DRY,NO DEFECTS,INJURY AND / OR TOW DUE TO CRASH,"OVER $1,500",FAILING TO YIELD RIGHT-OF-WAY,NOT APPLICABLE,5899,S,KOSTNER AVE,3,NO INDICATION OF INJURY,0.0,0.0,0.0,0.0,0.0,2.0,0.0,14,4,4
3c182ba91a7816de95c9942c24f4816f6fd8769f211b7d9f345459440b80109ffa1b465eb13911b1b3d46976bddc6822859d0e0fe6fff22cd70ae3b188185746,2019-10-19 12:30:00,35,TRAFFIC SIGNAL,FUNCTIONING PROPERLY,CLEAR,DAYLIGHT,SIDESWIPE SAME DIRECTION,NOT DIVIDED,STRAIGHT AND LEVEL,DRY,NO DEFECTS,NO INJURY / DRIVE AWAY,"$501 - $1,500",IMPROPER LANE USAGE,IMPROPER LANE USAGE,4430,W,87TH ST,2,NO INDICATION OF INJURY,0.0,0.0,0.0,0.0,0.0,2.0,0.0,12,7,10
c4053502428d1bc65e4324b0b81aefc2ae1732ace8fed6836bf39a8c78f9e16d563799ef0782f762f9ff7045a6d8c4e91168ea3e23331f5c3f0160c462e5e0b9,2020-12-08 19:33:00,30,TRAFFIC SIGNAL,FUNCTIONING PROPERLY,CLEAR,"DARKNESS, LIGHTED ROAD",TURNING,"FIVE POINT, OR MORE",STRAIGHT AND LEVEL,DRY,NO DEFECTS,INJURY AND / OR TOW DUE TO CRASH,"OVER $1,500",TURNING RIGHT ON RED,FAILING TO YIELD RIGHT-OF-WAY,1598,E,79TH ST,2,"REPORTED, NOT EVIDENT",1.0,0.0,0.0,0.0,1.0,1.0,0.0,19,3,12
7071f1c848b8d383503637bf7ab891e836fb216642451a3d6c03a59cf21dc4ed4fbd5d70e39c20afe65381509be519e42fe4d70b43ddae2d667be3848c2819f4,2023-04-01 02:00:00,30,NO CONTROLS,NO CONTROLS,CLEAR,"DARKNESS, LIGHTED ROAD",TURNING,DIVIDED - W/MEDIAN (NOT RAISED),STRAIGHT AND LEVEL,DRY,NO DEFECTS,INJURY AND / OR TOW DUE TO CRASH,"OVER $1,500",IMPROPER TURNING/NO SIGNAL,IMPROPER TURNING/NO SIGNAL,6421,N,WESTERN AVE,3,NO INDICATION OF INJURY,0.0,0.0,0.0,0.0,0.0,2.0,0.0,2,7,4
8222bc238910586d575984215bd939c9fd3fdab289ee33cc5cbc9d2f26fb85a9faf6b104f84448be29a921c0a9a84f344a178a3fbcab4b40bee2deacfa8e5447,2017-11-01 22:55:00,35,TRAFFIC SIGNAL,FUNCTIONING PROPERLY,RAIN,"DARKNESS, LIGHTED ROAD",HEAD ON,DIVIDED - W/MEDIAN (NOT RAISED),STRAIGHT AND LEVEL,WET,NO DEFECTS,NO INJURY / DRIVE AWAY,"OVER $1,500",DISREGARDING TRAFFIC SIGNALS,PHYSICAL CONDITION OF DRIVER,10200,S,WESTERN AVE,2,NO INDICATION OF INJURY,0.0,0.0,0.0,0.0,0.0,2.0,0.0,22,4,11