CRASH_RECORD_ID,CRASH_DATE,POSTED_SPEED_LIMIT,TRAFFIC_CONTROL_DEVICE,DEVICE_CONDITION,WEATHER_CONDITION,LIGHTING_CONDITION,FIRST_CRASH_TYPE,TRAFFICWAY_TYPE,ALIGNMENT,ROADWAY_SURFACE_COND,ROAD_DEFECT,CRASH_TYPE,DAMAGE,PRIM_CONTRIBUTORY_CAUSE,SEC_CONTRIBUTORY_CAUSE,STREET_NO,STREET_DIRECTION,STREET_NAME,NUM_UNITS,MOST_SEVERE_INJURY,INJURIES_TOTAL,INJURIES_FATAL,INJURIES_INCAPACITATING,INJURIES_NON_INCAPACITATING,INJURIES_REPORTED_NOT_EVIDENT,INJURIES_NO_INDICATION,INJURIES_UNKNOWN,CRASH_HOUR,CRASH_DAY_OF_WEEK,CRASH_MONTH
b885b8792987d45335abb74d45272eeca73f3751bc1527ee3d64019e44e6fc9b4410978bda449cc84d6216b7542aa9c2e9b55f291b7c72bb2951dfa019092ece,2018-10-18 19:24:00,30,TRAFFIC SIGNAL,FUNCTIONING PROPERLY,CLEAR,DARKNESS,REAR END,NOT DIVIDED,STRAIGHT ON GRADE,DRY,NO DEFECTS,NO INJURY / DRIVE AWAY,"OVER $1,500",FOLLOWING TOO CLOSELY,NOT APPLICABLE,99,N,SACRAMENTO BLVD,2,NO INDICATION OF INJURY,0.0,0.0,0.0,0.0,0.0,2.0,0.0,19,5,10
d12914395ae41d235cae47ebb77bb128e6c307d885c6491ad8a0b96de67b774122375bfff51db90ecdbe2bff70b12f739da35f590c7c18e66dd5d20c9c045f1f,2021-10-23 10:30:00,35,NO CONTROLS,NO CONTROLS,CLEAR,DAYLIGHT,TURNING,DIVIDED - W/MEDIAN (NOT RAISED),STRAIGHT AND LEVEL,UNKNOWN,UNKNOWN,NO INJURY / DRIVE AWAY,"OVER $1,500",DRIVING SKILLS/KNOWLEDGE/EXPERIENCE,UNABLE TO DETERMINE,7900,S,DAMEN AVE,4,NO INDICATION OF INJURY,0.0,0.0,0.0,0.0,0.0,5.0,0.0,10,7,10
50f9b8efa63ccf7078d7898655753cf6d2a56b2c881849039f751668f5be275ded1f1d269d74c75a25ee890a1d18aa18d73dddb82f8286bb3a007bb05b48752f,2020-07-19 02:26:00,30,TRAFFIC SIGNAL,FUNCTIONING PROPERLY,CLEAR,"DARKNESS, LIGHTED ROAD",PARKED MOTOR VEHICLE,NOT DIVIDED,STRAIGHT AND LEVEL,DRY,NO DEFECTS,INJURY AND / OR TOW DUE TO CRASH,"OVER $1,500",UNABLE TO DETERMINE,NOT APPLICABLE,1149,N,HAMLIN AVE,2,NO INDICATION OF INJURY,0.0,0.0,0.0,0.0,0.0,1.0,0.0,2,1,7
04285fff54ac4893894cc0eb0571c463db34690403139645ae94245702f673d98d8f51971a008588f51d9f285ec2c9e9f1266f5e271b91cbd813a4871638848e,2019-02-25 08:15:00,30,TRAFFIC SIGNAL,UNKNOWN,CLEAR,DAYLIGHT,PEDESTRIAN,DIVIDED - W/MEDIAN (NOT RAISED),STRAIGHT AND LEVEL,DRY,UNKNOWN,INJURY AND / OR TOW DUE TO CRASH,"OVER $1,500",FAILING TO YIELD RIGHT-OF-WAY,UNABLE TO DETERMINE,600,S,STATE ST,2,NONINCAPACITATING INJURY,1.0,0.0,0.0,1.0,0.0,1.0,0.0,8,2,2
f98010bbcd2a6ebde71965db4256ec7fd94c9ec43000613375baa8bf7710d0d851a86ff1bb85966a540084eb0849feff375bc966fd484b1878e9acd9db0317ad,2021-03-31 18:45:00,20,NO CONTROLS,NO CONTROLS,CLEAR,DAYLIGHT,PARKED MOTOR VEHICLE,NOT DIVIDED,STRAIGHT AND LEVEL,DRY,UNKNOWN,INJURY AND / OR TOW DUE TO CRASH,"OVER $1,500",DISTRACTION - FROM INSIDE VEHICLE,UNABLE TO DETERMINE,2045,W,62ND ST,4,NO INDICATION OF INJURY,0.0,0.0,0.0,0.0,0.0,1.0,0.0,18,4,3
5bebcb6d152964a5ae9c380d0a9ca21c703b9f6a724fe94277a62df5c1cb38c0b66c241ed7ce962d0cc5035cdbc6f4a7b63e7b5cb109debe30326622411e0a68,2022-03-09 16:40:00,30,STOP SIGN/FLASHER,FUNCTIONING PROPERLY,CLEAR,DAYLIGHT,TURNING,NOT DIVIDED,STRAIGHT AND LEVEL,UNKNOWN,UNKNOWN,NO INJURY / DRIVE AWAY,"$501 - $1,500",FAILING TO YIELD RIGHT-OF-WAY,FAILING TO YIELD RIGHT-OF-WAY,1728,E,87TH ST,2,NO INDICATION OF INJURY,0.0,0.0,0.0,0.0,0.0,2.0,0.0,16,4,3
bf7c7b045e5baa03e08933993e103d16e74fa93adef7676b0cbea4bb4c739aebe6cd4738f426851001c68eb9abc80d51e7a87105a8e02f15225de2e5ac15d06c,2020-05-10 13:00:00,10,NO CONTROLS,NO CONTROLS,RAIN,DAYLIGHT,TURNING,DRIVEWAY,STRAIGHT ON GRADE,WET,NO DEFECTS,NO INJURY / DRIVE AWAY,"OVER $1,500",UNABLE TO DETERMINE,UNABLE TO DETERMINE,5343,N,BROADWAY,2,NO INDICATION OF INJURY,0.0,0.0,0.0,0.0,0.0,2.0,0.0,13,1,5
670907b8bb3cff2f0b28e3dfa4a1065cac40f1392282eaf16eadce890c0df91026f3b73734adbaa97431149955ab1a18c19f5038b42f0008c2c57736fc7a0f4c,2015-12-12 03:00:00,10,NO CONTROLS,NO CONTROLS,RAIN,DARKNESS,PARKED MOTOR VEHICLE,PARKING LOT,STRAIGHT AND LEVEL,WET,NO DEFECTS,NO INJURY / DRIVE AWAY,"$501 - $1,500",NOT APPLICABLE,WEATHER,6370,S,DR MARTIN LUTHER KING JR DR,2,NO INDICATION OF INJURY,0.0,0.0,0.0,0.0,0.0,1.0,0.0,3,7,12
f5ff92b4bbc2cb43380416ac6cef079f989203c4789122d52662a5d505c9f3151378389f670ba81c03cbc0722a805bd47d9ad08829f5b8d0f9d287d4890503b4,2020-05-26 14:30:00,25,TRAFFIC SIGNAL,UNKNOWN,CLEAR,DAYLIGHT,REAR END,DIVIDED - W/MEDIAN (NOT RAISED),STRAIGHT AND LEVEL,DRY,UNKNOWN,NO INJURY / DRIVE AWAY,"$501 - $1,500",UNABLE TO DETERMINE,NOT APPLICABLE,4401,W,GRAND AVE,2,NO INDICATION OF INJURY,0.0,0.0,0.0,0.0,0.0,2.0,0.0,14,3,5
46cc07f83b5f7bc7c2a25ecf88a3b73c0f292cc0853cb396fe68c8001094c2f16b477a3704cd96134f79a27ba0a818836444aa5c1a44e92740788ce44e4e400b,2021-08-13 20:00:00,30,TRAFFIC SIGNAL,FUNCTIONING PROPERLY,CLEAR,"DARKNESS, LIGHTED ROAD",TURNING,DIVIDED - W/MEDIAN (NOT RAISED),STRAIGHT AND LEVEL,DRY,NO DEFECTS,NO INJURY / DRIVE AWAY,"$501 - $1,500",FAILING TO YIELD RIGHT-OF-WAY,IMPROPER OVERTAKING/PASSING,3231,W,COLUMBUS AVE,2,NO INDICATION OF INJURY,0.0,0.0,0.0,0.0,0.0,3.0,0.0,20,6,8
ea4a1df1ed672f5538d02253210d1594724e65d01bd615bafaa9e4a24ccd89083022956393ba57dd8f4b27cb1415e3c70ab817c21797495245aebe94af04d46b,2021-09-20 07:50:00,20,STOP SIGN/FLASHER,FUNCTIONING PROPERLY,RAIN,DAYLIGHT,ANGLE,FOUR WAY,STRAIGHT AND LEVEL,WET,NO DEFECTS,INJURY AND / OR TOW DUE TO CRASH,"OVER $1,500","VISION OBSCURED (SIGNS, TREE LIMBS, BUILDINGS, ETC.)",WEATHER,5100,S,RIDGEWAY AVE,2,NONINCAPACITATING INJURY,1.0,0.0,0.0,1.0,0.0,2.0,0.0,7,2,9
2565f2a0a0078d656b468908a557f98446e6bb1e5dfee6474efe166fb283459d897f6ee1e88566e8d917fd7d240512c95c31c40d65cf54e942c4bff700cbf2c4,2020-01-25 16:57:00,30,TRAFFIC SIGNAL,FUNCTIONING PROPERLY,FREEZING RAIN/DRIZZLE,"DARKNESS, LIGHTED ROAD",ANGLE,NOT DIVIDED,STRAIGHT AND LEVEL,WET,NO DEFECTS,INJURY AND / OR TOW DUE TO CRASH,"OVER $1,500",UNABLE TO DETERMINE,NOT APPLICABLE,4500,S,COTTAGE GROVE AVE,2,NO INDICATION OF INJURY,0.0,0.0,0.0,0.0,0.0,3.0,0.0,16,7,1
24560d6428520acf6ed69a2ca77d73a64eb37500add49988d0070e19a97ad69c163a0f82e9348aa5f2add9a5c1e97644089bead8e143f8b1079cf3826e4dd321,2020-02-26 06:50:00,30,NO CONTROLS,NO CONTROLS,SNOW,DAWN,ANGLE,NOT DIVIDED,STRAIGHT AND LEVEL,SNOW OR SLUSH,NO DEFECTS,INJURY AND / OR TOW DUE TO CRASH,"OVER $1,500",UNABLE TO DETERMINE,NOT APPLICABLE,1150,W,FARWELL AVE,2,NONINCAPACITATING INJURY,1.0,0.0,0.0,1.0,0.0,2.0,0.0,6,4,2
c7024c4f0e6cb58455dec088b59518e6b1775839dad1f970719ed32f3729e934f36317cad78941a4742360c5d248fd2a45f26fbdad8c2c7e470c1d411f2d326a,2021-09-12 02:30:00,30,NO CONTROLS,NO CONTROLS,CLEAR,"DARKNESS, LIGHTED ROAD",TURNING,ONE-WAY,STRAIGHT AND LEVEL,DRY,NO DEFECTS,NO INJURY / DRIVE AWAY,"$501 - $1,500",UNABLE TO DETERMINE,UNABLE TO DETERMINE,6710,S,WABASH AVE,2,NO INDICATION OF INJURY,0.0,0.0,0.0,0.0,0.0,2.0,0.0,2,1,9
f0b98948c60df91a12d56e5ab080df122dc96c02a729613820e62126a7df595588eba9ae0ef9374eb57afe3f67ef7bf86379962c808c633dcdbf0db97ca8bbb0,2018-02-05 18:00:00,30,NO CONTROLS,NO CONTROLS,SNOW,DUSK,PARKED MOTOR VEHICLE,NOT DIVIDED,STRAIGHT AND LEVEL,SNOW OR SLUSH,UNKNOWN,NO INJURY / DRIVE AWAY,"OVER $1,500",UNABLE TO DETERMINE,UNABLE TO DETERMINE,3821,W,ROOSEVELT RD,2,NO INDICATION OF INJURY,0.0,0.0,0.0,0.0,0.0,1.0,0.0,18,2,2
b76382a5de60344c855d2d208affed85fb013a28ab03d9098c14c03c0f6a396463e099cce24d210764c114d4a42ac050f223014b0e897946b83fb98637a7206b,2018-05-22 08:38:00,30,TRAFFIC SIGNAL,FUNCTIONING PROPERLY,CLEAR,DAYLIGHT,TURNING,NOT DIVIDED,STRAIGHT AND LEVEL,DRY,NO DEFECTS,INJURY AND / OR TOW DUE TO CRASH,"OVER $1,500",EXCEEDING SAFE SPEED FOR CONDITIONS,FAILING TO REDUCE SPEED TO AVOID CRASH,6500,W,DIVERSEY AVE,2,NONINCAPACITATING INJURY,1.0,0.0,0.0,1.0,0.0,1.0,0.0,8,3,5
37894635bfcb5b9ce7bf1512614310fe6d66599ee0eed305c7b6294ef894776fa6febfba1105f4200eca55d063a66b6e173fbbc0fe077d87bed9b2db2420081e,2017-10-29 14:50:00,30,NO CONTROLS,UNKNOWN,CLEAR,DAYLIGHT,PARKED MOTOR VEHICLE,DIVIDED - W/MEDIAN (NOT RAISED),STRAIGHT AND LEVEL,DRY,NO DEFECTS,NO INJURY / DRIVE AWAY,$500 OR LESS,UNABLE TO DETERMINE,UNABLE TO DETERMINE,2251,E,71ST ST,2,NO INDICATION OF INJURY,0.0,0.0,0.0,0.0,0.0,1.0,0.0,14,1,10
dd3a8f7323d445fa79776c2d9022e0c445952429e85988008bc8b7e8e37ef49d68542cc21a73b781ff85ec321444837675dd29e34ee58506e22201e67c8309bb,2024-02-09 14:40:00,30,NO CONTROLS,NO CONTROLS,CLEAR,DAYLIGHT,SIDESWIPE SAME DIRECTION,NOT DIVIDED,STRAIGHT AND LEVEL,DRY,NO DEFECTS,NO INJURY / DRIVE AWAY,"$501 - $1,500",FAILING TO YIELD RIGHT-OF-WAY,NOT APPLICABLE,6519,N,CLARK ST,2,NO INDICATION OF INJURY,0.0,0.0,0.0,0.0,0.0,2.0,0.0,14,6,2
8c65a646bf3a4d1bec983bca951040bb0fbd0777b44db8218e617f4306ec3e78476779e6f647e6d877cd47abe132b007bda2e5f9abd01ce3754692c3bdd6903f,2016-10-05 09:14:00,30,TRAFFIC SIGNAL,FUNCTIONING PROPERLY,CLEAR,DAYLIGHT,PEDALCYCLIST,DIVIDED - W/MEDIAN (NOT RAISED),STRAIGHT AND LEVEL,DRY,NO DEFECTS,INJURY AND / OR TOW DUE TO CRASH,$500 OR LESS,FAILING TO YIELD RIGHT-OF-WAY,FAILING TO REDUCE SPEED TO AVOID CRASH,146,N,OGDEN AVE,2,INCAPACITATING INJURY,1.0,0.0,1.0,0.0,0.0,1.0,0.0,9,4,10
71aa842130587c56a9a4bc1ccd734a014d7cc45cfb8b5c78d0231cc5dbf6f0bef76604d05634fe84a28f023caa8b44e33dd6bf46141c13283ebc5f74c23e67db,2019-08-12 17:02:00,35,STOP SIGN/FLASHER,NO CONTROLS,RAIN,DAYLIGHT,REAR END,FOUR WAY,STRAIGHT AND LEVEL,WET,NO DEFECTS,NO INJURY / DRIVE AWAY,"OVER $1,500",WEATHER,NOT APPLICABLE,6059,S,RACINE AVE,2,NO INDICATION OF INJURY,0.0,0.0,0.0,0.0,0.0,2.0,0.0,17,2,8
8e14cf462b86c40a5187c6dcefa0c67aadb9742e0a5cc598d53947fc0de5abf87e5b41b670c5b7532573675cbaee0bb7e9b7a0d79180d10bda9563647f53c2e7,2020-06-29 18:00:00,25,NO CONTROLS,NO CONTROLS,CLEAR,DAYLIGHT,PARKED MOTOR VEHICLE,NOT DIVIDED,STRAIGHT AND LEVEL,DRY,NO DEFECTS,NO INJURY / DRIVE AWAY,"$501 - $1,500",UNABLE TO DETERMINE,UNABLE TO DETERMINE,2417,W,DEVON AVE,2,NO INDICATION OF INJURY,0.0,0.0,0.0,0.0,0.0,3.0,0.0,18,2,6
f9b553cf8b876040c85a5835b1c42d0c325a44fc629b8117ed31f14634d7c28449859561d40c6758ee7d967d2e3a38cdc1ce7bc5b67b019f7d717fda55cfa62b,2020-01-22 11:18:00,30,TRAFFIC SIGNAL,FUNCTIONING PROPERLY,CLEAR,DAYLIGHT,TURNING,DIVIDED - W/MEDIAN (NOT RAISED),STRAIGHT AND LEVEL,DRY,NO DEFECTS,NO INJURY / DRIVE AWAY,"OVER $1,500",IMPROPER OVERTAKING/PASSING,NOT APPLICABLE,6000,W,MONTROSE AVE,2,NO INDICATION OF INJURY,0.0,0.0,0.0,0.0,0.0,3.0,0.0,11,4,1
a8a745b208a4fb209a8b2ea8ee6ca06c2d418228337397476c957862faff79f186ffaf1752aea3e2b0df52d04212062d91595cb4f568abd98056cd68c1b65011,2020-08-02 07:33:00,30,NO CONTROLS,NO CONTROLS,CLOUDY/OVERCAST,DAYLIGHT,HEAD ON,NOT DIVIDED,STRAIGHT AND LEVEL,DRY,NO DEFECTS,INJURY AND / OR TOW DUE TO CRASH,"OVER $1,500",UNABLE TO DETERMINE,UNABLE TO DETERMINE,4301,W,DIVISION ST,2,"REPORTED, NOT EVIDENT",1.0,0.0,0.0,0.0,1.0,1.0,0.0,7,1,8
ae8110c1983a7b66a3af3f929b8eb14a0365e31387d80cc4c3fda144bc69108f534e414fa60fb4152d5323aa6d70bc5ca6b89afba9d1e8883c7063de32978dd2,2022-07-07 17:40:00,35,NO CONTROLS,NO CONTROLS,CLEAR,DAYLIGHT,FIXED OBJECT,DIVIDED - W/MEDIAN BARRIER,STRAIGHT AND LEVEL,DRY,NO DEFECTS,INJURY AND / OR TOW DUE TO CRASH,$500 OR LESS,DRIVING SKILLS/KNOWLEDGE/EXPERIENCE,NOT APPLICABLE,3455,N,WESTERN AVE,1,NO INDICATION OF INJURY,0.0,0.0,0.0,0.0,0.0,1.0,0.0,17,5,7
c79057dd75a150050da03d3e359af42b4ef2e796765582ae9c800e17d25c2f91e214d7c0b4d30f14dd72e41e853a9e69d659cc01134cf3458b06972f38ceb49e,2024-01-19 17:10:00,30,TRAFFIC SIGNAL,UNKNOWN,SNOW,DARKNESS,TURNING,FOUR WAY,STRAIGHT AND LEVEL,SNOW OR SLUSH,UNKNOWN,NO INJURY / DRIVE AWAY,"OVER $1,500",UNABLE TO DETERMINE,UNABLE TO DETERMINE,6300,S,COAST GUARD DR,2,NO INDICATION OF INJURY,0.0,0.0,0.0,0.0,0.0,7.0,0.0,17,6,1
6c97d475cdb2760474cf1a346dba8eaa935758829a94dcd79e8d2b10189b76eff30a9ee4edc374a8166fba2802b148d44d3ed898b7eb89dce823ec23beae6317,2022-12-12 05:24:00,30,TRAFFIC SIGNAL,FUNCTIONING PROPERLY,RAIN,"DARKNESS, LIGHTED ROAD",REAR END,DIVIDED - W/MEDIAN BARRIER,STRAIGHT AND LEVEL,WET,NO DEFECTS,INJURY AND / OR TOW DUE TO CRASH,"OVER $1,500",FAILING TO REDUCE SPEED TO AVOID CRASH,NOT APPLICABLE,2850,N,CALIFORNIA AVE,2,NO INDICATION OF INJURY,0.0,0.0,0.0,0.0,0.0,3.0,0.0,5,2,12
acdfadef43e42f317c0d490ae05850d2690410e807891a201a483af5cf91cd527b5da17c379cca4a8dcba022de8dbcd2d0a0f404b30ee14c006a077cf5ec3733,2017-06-01 15:45:00,30,NO CONTROLS,NO CONTROLS,CLEAR,DAYLIGHT,PARKED MOTOR VEHICLE,DIVIDED - W/MEDIAN (NOT RAISED),STRAIGHT AND LEVEL,DRY,UNKNOWN,NO INJURY / DRIVE AWAY,$500 OR LESS,UNABLE TO DETERMINE,UNABLE TO DETERMINE,9628,S,HALSTED ST,2,NO INDICATION OF INJURY,0.0,0.0,0.0,0.0,0.0,1.0,0.0,15,5,6
9004ef0f7b77f07907a9d0384f75734c741fab00ce6bade49bedd2483001cd389d276a6a70de532d91e72fb2270d2821d04a3aa634194f08fb445c8ca1e74e23,2022-12-24 09:30:00,30,NO CONTROLS,NO CONTROLS,CLEAR,DAYLIGHT,PARKED MOTOR VEHICLE,DIVIDED - W/MEDIAN (NOT RAISED),STRAIGHT AND LEVEL,SNOW OR SLUSH,NO DEFECTS,NO INJURY / DRIVE AWAY,"OVER $1,500",WEATHER,UNABLE TO DETERMINE,5400,S,LARAMIE AVE,2,NO INDICATION OF INJURY,0.0,0.0,0.0,0.0,0.0,1.0,0.0,9,7,12
c4b656d02465a8fb6bd17979d7be4013be30e4e2bce78e345a9ab47ed0aae925fa7cf652c2dc0801cb13572788c947120834ea5938db3691c8cbaa59b6bb2819,2016-01-17 15:27:00,20,TRAFFIC SIGNAL,FUNCTIONING PROPERLY,CLEAR,DAYLIGHT,SIDESWIPE SAME DIRECTION,ONE-WAY,STRAIGHT AND LEVEL,UNKNOWN,UNKNOWN,NO INJURY / DRIVE AWAY,"$501 - $1,500",IMPROPER OVERTAKING/PASSING,IMPROPER OVERTAKING/PASSING,1159,S,CANAL ST,2,NO INDICATION OF INJURY,0.0,0.0,0.0,0.0,0.0,2.0,0.0,15,1,1
9d01e4f42f0581fee0c29218f912eb0f09153aa0fcd6dfc894a5d4e3d01f6c7a2605bdaae429308970e0f55d9a6c12fcbf694f066146a318ae18bfab6b9a38d2,2016-08-01 22:45:00,30,STOP SIGN/FLASHER,FUNCTIONING PROPERLY,CLEAR,UNKNOWN,REAR END,ONE-WAY,STRAIGHT AND LEVEL,DRY,UNKNOWN,INJURY AND / OR TOW DUE TO CRASH,"OVER $1,500",FOLLOWING TOO CLOSELY,NOT APPLICABLE,3235,W,WRIGHTWOOD AVE,2,NONINCAPACITATING INJURY,1.0,0.0,0.0,1.0,0.0,3.0,0.0,22,2,8
dcec902ebe35f9ba037e581a33a4ef534ce3818f0e006f27373a9c7b48b09950fe0798cac3bad735af060ee9bd9cbfeb9cb308467d1405389116d8aa528349ac,2016-08-17 16:10:00,30,NO CONTROLS,NO CONTROLS,CLEAR,DAYLIGHT,PARKED MOTOR VEHICLE,DIVIDED - W/MEDIAN (NOT RAISED),STRAIGHT AND LEVEL,DRY,NO DEFECTS,NO INJURY / DRIVE AWAY,"$501 - $1,500",UNABLE TO DETERMINE,UNABLE TO DETERMINE,3610,N,WESTERN AVE,2,NO INDICATION OF INJURY,0.0,0.0,0.0,0.0,0.0,1.0,0.0,16,4,8
dd7eb27c85ee823a7746c058d13bb25392b8495971cffa3305ad4331dd4edbf7f60d8754e62eddb5031c3bef8aac8bb659119134da15d3810fe03173b8f6dfe9,2019-06-17 18:05:00,35,NO CONTROLS,NO CONTROLS,CLEAR,DAYLIGHT,SIDESWIPE SAME DIRECTION,NOT DIVIDED,STRAIGHT AND LEVEL,DRY,UNKNOWN,NO INJURY / DRIVE AWAY,"$501 - $1,500",FAILING TO YIELD RIGHT-OF-WAY,NOT APPLICABLE,501,E,79TH ST,2,NO INDICATION OF INJURY,0.0,0.0,0.0,0.0,0.0,3.0,0.0,18,2,6
9ea7b81d9d74e88d099719a85180d708560a15e5f064f21025b4b9405978b7e5d3b3871070f4062c2d519039fbc34fa3042ed3309fe5a693ad4e1ab8c3bbf95c,2022-10-16 06:10:00,30,TRAFFIC SIGNAL,FUNCTIONING PROPERLY,CLEAR,DAYLIGHT,REAR END,NOT DIVIDED,STRAIGHT AND LEVEL,DRY,NO DEFECTS,NO INJURY / DRIVE AWAY,"OVER $1,500",UNABLE TO DETERMINE,UNABLE TO DETERMINE,3220,N,WESTERN AVE,2,NO INDICATION OF INJURY,0.0,0.0,0.0,0.0,0.0,2.0,0.0,6,1,10
40b603524d9253a287b9e9948100b1e00cf6ada3c87b79427325598dd7ca42fd567ccd64aa6a512bbf3a0510308fc00358c1418bdd48a36b14550a8cf4090750,2019-07-14 12:40:00,10,NO CONTROLS,NO CONTROLS,CLEAR,DAYLIGHT,PARKED MOTOR VEHICLE,PARKING LOT,STRAIGHT AND LEVEL,DRY,NO DEFECTS,NO INJURY / DRIVE AWAY,"$501 - $1,500",IMPROPER BACKING,NOT APPLICABLE,10100,S,WESTERN AVE,2,NO INDICATION OF INJURY,0.0,0.0,0.0,0.0,0.0,2.0,0.0,12,1,7
1e17ae784ccde16bb1694c2cc674b41bbc36169d0cee088c1ddbcd8604383881aeb74261663c8bdabd59bfd5755de41219436c3ab9bc2f61101cc568163e606d,2023-03-14 21:30:00,30,NO CONTROLS,UNKNOWN,CLEAR,DARKNESS,PARKED MOTOR VEHICLE,NOT DIVIDED,STRAIGHT AND LEVEL,DRY,NO DEFECTS,INJURY AND / OR TOW DUE TO CRASH,"OVER $1,500",FAILING TO REDUCE SPEED TO AVOID CRASH,NOT APPLICABLE,1804,W,49TH ST,2,NO INDICATION OF INJURY,0.0,0.0,0.0,0.0,0.0,1.0,0.0,21,3,3
eb2abde4f8ee1c4756007c29cebe92aaf9c07ae996cbff883f8c149ab4c9f2fca6badc0ee346a42e1f880283af414216f562af5952973038bd2b48ca49a734fb,2017-11-03 19:51:00,25,NO CONTROLS,NO CONTROLS,OTHER,DARKNESS,FIXED OBJECT,OTHER,STRAIGHT AND LEVEL,DRY,NO DEFECTS,NO INJURY / DRIVE AWAY,"$501 - $1,500",IMPROPER BACKING,IMPROPER BACKING,5712,S,NATOMA AVE,2,NO INDICATION OF INJURY,0.0,0.0,0.0,0.0,0.0,1.0,0.0,19,6,11
75304ed4489f83b8816725546f598364b5e131088a0e03ec3fd1d969032d26875231224df2bdb0db97447521489e619d0abe5ccb8c6843880312a23e7c3ce4b2,2016-01-06 15:10:00,30,NO CONTROLS,NO CONTROLS,CLEAR,DAYLIGHT,REAR END,DIVIDED - W/MEDIAN (NOT RAISED),STRAIGHT AND LEVEL,DRY,NO DEFECTS,INJURY AND / OR TOW DUE TO CRASH,"$501 - $1,500",FAILING TO REDUCE SPEED TO AVOID CRASH,FOLLOWING TOO CLOSELY,3719,W,DIVERSEY AVE,2,NONINCAPACITATING INJURY,1.0,0.0,0.0,1.0,0.0,1.0,0.0,15,4,1
3c459921641b7eede857c70c8b1e3ba39d4e8c4e38d5fba3494853ec9acffc3a691ce0ad46911c3cdea7fb0a05df67a8916a02337136ad78b2ef17bd30578466,2020-11-25 16:00:00,30,NO CONTROLS,NO CONTROLS,RAIN,"DARKNESS, LIGHTED ROAD",ANGLE,ALLEY,STRAIGHT AND LEVEL,WET,UNKNOWN,NO INJURY / DRIVE AWAY,"OVER $1,500",FAILING TO YIELD RIGHT-OF-WAY,NOT APPLICABLE,1825,W,FOSTER AVE,2,NO INDICATION OF INJURY,0.0,0.0,0.0,0.0,0.0,4.0,0.0,16,4,11
0dbe7c1500041b18d8efb5b35165c609fcb5eef13c674ae94dc81e53552ecca14460f39dba5014742dd6d2049d8fde96f16c750d425883d2a5e841864eae1bc1,2017-12-14 07:40:00,30,UNKNOWN,UNKNOWN,UNKNOWN,DAYLIGHT,SIDESWIPE SAME DIRECTION,NOT DIVIDED,STRAIGHT AND LEVEL,UNKNOWN,UNKNOWN,NO INJURY / DRIVE AWAY,$500 OR LESS,UNABLE TO DETERMINE,UNABLE TO DETERMINE,4338,W,WABANSIA AVE,2,NO INDICATION OF INJURY,0.0,0.0,0.0,0.0,0.0,5.0,0.0,7,5,12
75be5012208a8e8dd39397b35ee3e5e807c18964865841b87c2bd9e4f7597883ab19df5b45387f5304af9896747d1dca1b1d92460068b2d3e9377145645407a2,2024-01-14 05:35:00,30,STOP SIGN/FLASHER,UNKNOWN,BLOWING SNOW,DARKNESS,TURNING,FOUR WAY,STRAIGHT AND LEVEL,ICE,UNKNOWN,NO INJURY / DRIVE AWAY,"OVER $1,500",UNABLE TO DETERMINE,UNABLE TO DETERMINE,10600,S,GREEN BAY AVE,2,NO INDICATION OF INJURY,0.0,0.0,0.0,0.0,0.0,3.0,0.0,5,1,1
1723cd0cd6ca6e15fc8a315929a07cb1ac0fb5c64072ff8bf9bc81743f200ac2a92d0fcf516015abd646ff5b406eca09bdc529f5360f4da2524ffec897be3b32,2020-01-26 12:00:00,30,UNKNOWN,UNKNOWN,UNKNOWN,UNKNOWN,ANGLE,NOT DIVIDED,STRAIGHT AND LEVEL,UNKNOWN,UNKNOWN,NO INJURY / DRIVE AWAY,"OVER $1,500",UNABLE TO DETERMINE,NOT APPLICABLE,9000,S,COMMERCIAL AVE,2,NO INDICATION OF INJURY,0.0,0.0,0.0,0.0,0.0,2.0,0.0,12,1,1
f6eb172045258943cf966a07dbd01e151dae9d0874c2c68ebba644f4c70540c8a31df55f4a1837873e5811672ba01e33af61bccecab2152dac411f2884351bcf,2017-10-20 15:00:00,35,TRAFFIC SIGNAL,FUNCTIONING PROPERLY,CLEAR,DAYLIGHT,SIDESWIPE SAME DIRECTION,NOT DIVIDED,STRAIGHT AND LEVEL,DRY,NO DEFECTS,NO INJURY / DRIVE AWAY,$500 OR LESS,IMPROPER LANE USAGE,NOT APPLICABLE,850,W,IRVING PARK RD,2,NO INDICATION OF INJURY,0.0,0.0,0.0,0.0,0.0,2.0,0.0,15,6,10
19950f443d566706d73e71877de8ddd3a030ccbb1bf16e8fe089b7dc554413b04564bb4acbf53a0ec935134ddcd40002568cfbdc7ed669d2d3b21a39f10faee1,2015-12-01 17:10:00,30,TRAFFIC SIGNAL,FUNCTIONING PROPERLY,CLEAR,"DARKNESS, LIGHTED ROAD",ANGLE,NOT DIVIDED,STRAIGHT AND LEVEL,DRY,NO DEFECTS,NO INJURY / DRIVE AWAY,"OVER $1,500","VISION OBSCURED (SIGNS, TREE LIMBS, BUILDINGS, ETC.)",NOT APPLICABLE,515,N,LA SALLE DR,2,NO INDICATION OF INJURY,0.0,0.0,0.0,0.0,0.0,2.0,0.0,17,3,12