CRASH_RECORD_ID,CRASH_DATE,POSTED_SPEED_LIMIT,TRAFFIC_CONTROL_DEVICE,DEVICE_CONDITION,WEATHER_CONDITION,LIGHTING_CONDITION,FIRST_CRASH_TYPE,TRAFFICWAY_TYPE,ALIGNMENT,ROADWAY_SURFACE_COND,ROAD_DEFECT,CRASH_TYPE,DAMAGE,PRIM_CONTRIBUTORY_CAUSE,SEC_CONTRIBUTORY_CAUSE,STREET_NO,STREET_DIRECTION,STREET_NAME,NUM_UNITS,MOST_SEVERE_INJURY,INJURIES_TOTAL,INJURIES_FATAL,INJURIES_INCAPACITATING,INJURIES_NON_INCAPACITATING,INJURIES_REPORTED_NOT_EVIDENT,INJURIES_NO_INDICATION,INJURIES_UNKNOWN,CRASH_HOUR,CRASH_DAY_OF_WEEK,CRASH_MONTH
06caf1ce4400a1d9185553557e6e5272e30b08093153267dea6c55b51face084fc94f3868fb160283306268cb776a06054b659eb353248d99135332f1b041228,2020-07-11 16:02:00,30,TRAFFIC SIGNAL,FUNCTIONING PROPERLY,CLEAR,DAYLIGHT,SIDESWIPE SAME DIRECTION,ONE-WAY,STRAIGHT AND LEVEL,DRY,NO DEFECTS,INJURY AND / OR TOW DUE TO CRASH,"OVER $1,500",UNABLE TO DETERMINE,NOT APPLICABLE,2001,S,RUBLE ST,2,"REPORTED, NOT EVIDENT",1.0,0.0,0.0,0.0,1.0,1.0,0.0,16,7,7
1d1b6d22b9f7f4a0c7e9ef65a7649856e9902d25db55ba5b490f5a45e695209ea38588c6f85f47fdfb49d0ad8a5dd71c44c4df734f6acad0cdaaf7cd653e7cb0,2017-06-17 11:35:00,30,NO CONTROLS,NO CONTROLS,CLEAR,DAYLIGHT,REAR END,NOT DIVIDED,STRAIGHT AND LEVEL,DRY,NO DEFECTS,NO INJURY / DRIVE AWAY,"OVER $1,500",FOLLOWING TOO CLOSELY,FOLLOWING TOO CLOSELY,6003,S,PULASKI RD,2,NO INDICATION OF INJURY,0.0,0.0,0.0,0.0,0.0,2.0,0.0,11,7,6
f395e2eec6016b0ebbad0291c4f7b635e1cb828c7bf2dcda71ffeffe5ddbf4746124c26f349b814287c5b0459775dd5a0a47b6237b6c8383995ad5c68630775e,2023-05-10 18:15:00,30,UNKNOWN,UNKNOWN,UNKNOWN,UNKNOWN,REAR END,ONE-WAY,STRAIGHT AND LEVEL,UNKNOWN,UNKNOWN,NO INJURY / DRIVE AWAY,"$501 - $1,500",NOT APPLICABLE,NOT APPLICABLE,2475,W,COYLE AVE,2,NO INDICATION OF INJURY,0.0,0.0,0.0,0.0,0.0,2.0,0.0,18,4,5
96552cfa1b16d82093dd77cb43ede5e27e9084c4635ac384b962ab609c62efeeced5a9e831435e29a5c92f20a376273287d36ea5c8ad340cf8169c32295d54d9,2019-11-29 12:58:00,30,NO CONTROLS,NO CONTROLS,CLOUDY/OVERCAST,DAYLIGHT,PARKED MOTOR VEHICLE,NOT DIVIDED,STRAIGHT AND LEVEL,WET,NO DEFECTS,NO INJURY / DRIVE AWAY,$500 OR LESS,UNABLE TO DETERMINE,UNABLE TO DETERMINE,7409,S,RACINE AVE,2,NO INDICATION OF INJURY,0.0,0.0,0.0,0.0,0.0,1.0,0.0,12,6,11
0a639796f0787d3b8549e55fa8e7be9ff85c9f4bd2d64539c1a8c5f5966ce807892bde4bfe8f4171f9afd202be36ac5fd78e0626994ce688d9d8222e0b928a74,2016-11-28 19:05:00,30,STOP SIGN/FLASHER,NO CONTROLS,RAIN,DARKNESS,REAR END,NOT DIVIDED,STRAIGHT AND LEVEL,WET,NO DEFECTS,NO INJURY / DRIVE AWAY,$500 OR LESS,FOLLOWING TOO CLOSELY,FOLLOWING TOO CLOSELY,7008,N,SHERIDAN RD,2,NO INDICATION OF INJURY,0.0,0.0,0.0,0.0,0.0,2.0,0.0,19,2,11
1e3284aa7a5a0375bff51396e27c6af46f2f9aad445dae01caf658ac5ba55923b2ae30a0c450b326cefb9b22d65c1a547a64bb787097a2a165e0c65ecda1b95a,2018-05-19 10:20:00,30,STOP SIGN/FLASHER,FUNCTIONING PROPERLY,CLEAR,"DARKNESS, LIGHTED ROAD",TURNING,DIVIDED - W/MEDIAN (NOT RAISED),STRAIGHT AND LEVEL,DRY,UNKNOWN,NO INJURY / DRIVE AWAY,"OVER $1,500",IMPROPER TURNING/NO SIGNAL,DRIVING SKILLS/KNOWLEDGE/EXPERIENCE,194,N,MORGAN ST,2,NO INDICATION OF INJURY,0.0,0.0,0.0,0.0,0.0,3.0,0.0,10,7,5
5fdd8c8dfd76574f731d471bfc9ae38bf828f381ec79da33106577dfa3c2a9eadcacbb9cd41d0cb553eb2ebe679091432166bfe430b34c6e483e1cc730532c6c,2020-08-05 08:00:00,30,NO CONTROLS,UNKNOWN,CLEAR,DAYLIGHT,PARKED MOTOR VEHICLE,ONE-WAY,STRAIGHT AND LEVEL,DRY,NO DEFECTS,NO INJURY / DRIVE AWAY,"OVER $1,500",NOT APPLICABLE,NOT APPLICABLE,4539,S,KOLMAR AVE,2,NO INDICATION OF INJURY,0.0,0.0,0.0,0.0,0.0,1.0,0.0,8,4,8
6759fb5d2840a6759bbf90a0b4324ef15c7665b05aa711d102918a7cee763abe12a75681cb335cc6e50d008491ac4b1fe219ea3c6b9c6e18042ffeb1576b4e0c,2023-10-20 16:32:00,30,TRAFFIC SIGNAL,FUNCTIONING PROPERLY,CLEAR,DAYLIGHT,ANGLE,DIVIDED - W/MEDIAN BARRIER,STRAIGHT AND LEVEL,DRY,UNKNOWN,NO INJURY / DRIVE AWAY,"OVER $1,500",UNABLE TO DETERMINE,UNABLE TO DETERMINE,1599,W,WRIGHTWOOD AVE,2,NO INDICATION OF INJURY,0.0,0.0,0.0,0.0,0.0,3.0,0.0,16,6,10
924cba6418a4b21a3b2d2608daf76ad8f3e32e5b6f5bcbe8a741127364c12f3a70df697600b76745d7a3527414994390fb52469351d0c413ef3f98370743c41b,2021-08-17 14:20:00,30,NO CONTROLS,NO CONTROLS,CLEAR,DAYLIGHT,ANGLE,NOT DIVIDED,STRAIGHT AND LEVEL,DRY,NO DEFECTS,INJURY AND / OR TOW DUE TO CRASH,"OVER $1,500",UNABLE TO DETERMINE,NOT APPLICABLE,810,W,76TH ST,2,NONINCAPACITATING INJURY,1.0,0.0,0.0,1.0,0.0,1.0,0.0,14,3,8
0cb7cc831afc5c12c5dfd6ccf5bc148d05092fdb50a7ac868aa7642e59b87d07ba9cb6fef0d9d27fd10c8a4c3738ca2a26523013105e3e467d092546e44a5638,2020-08-29 15:09:00,25,STOP SIGN/FLASHER,FUNCTIONING PROPERLY,CLEAR,DAYLIGHT,ANGLE,FOUR WAY,STRAIGHT AND LEVEL,DRY,NO DEFECTS,INJURY AND / OR TOW DUE TO CRASH,"OVER $1,500",DISREGARDING STOP SIGN,UNABLE TO DETERMINE,5400,W,LE MOYNE ST,2,NO INDICATION OF INJURY,0.0,0.0,0.0,0.0,0.0,3.0,0.0,15,7,8
bbb4f9cc204c9cf15b1af6d732e8181a56f5c24aa772c3df645f6d3803d9b5913f6b94dadb788f264278fc1ebb351e589ede7433c950dff9ac1ff5221604b051,2018-08-09 10:15:00,30,TRAFFIC SIGNAL,FUNCTIONING PROPERLY,CLEAR,DAYLIGHT,REAR END,NOT DIVIDED,STRAIGHT AND LEVEL,DRY,NO DEFECTS,NO INJURY / DRIVE AWAY,"$501 - $1,500",UNABLE TO DETERMINE,UNABLE TO DETERMINE,610,W,IRVING PARK RD,2,NO INDICATION OF INJURY,0.0,0.0,0.0,0.0,0.0,3.0,0.0,10,5,8
db643e1abab2d4d0525afb61fe5dfacc64268f0b884a59f7cfda9a7a6f6a56c6cbbbfd52dbadb1504b423d6033aab3e808dbd82b8ca8a38b15ac7ae19953b09f,2022-02-28 03:50:00,35,TRAFFIC SIGNAL,UNKNOWN,UNKNOWN,UNKNOWN,ANGLE,FOUR WAY,STRAIGHT AND LEVEL,UNKNOWN,UNKNOWN,NO INJURY / DRIVE AWAY,"OVER $1,500",UNABLE TO DETERMINE,UNABLE TO DETERMINE,3200,N,NARRAGANSETT AVE,2,NO INDICATION OF INJURY,0.0,0.0,0.0,0.0,0.0,2.0,0.0,3,2,2
4fc439ca55067891215b1fc6534ed26dc3d17b28805700e59183788a4644ecb87ea3b1b7de9d24f21caa3d3619f3fbc4c18d6d05408828cc95d6a3bd6895aff0,2021-03-20 03:18:00,30,NO CONTROLS,NO CONTROLS,CLEAR,"DARKNESS, LIGHTED ROAD",PARKED MOTOR VEHICLE,DIVIDED - W/MEDIAN BARRIER,STRAIGHT AND LEVEL,DRY,NO DEFECTS,INJURY AND / OR TOW DUE TO CRASH,"OVER $1,500",UNABLE TO DETERMINE,FAILING TO REDUCE SPEED TO AVOID CRASH,6735,S,ASHLAND AVE,2,NO INDICATION OF INJURY,0.0,0.0,0.0,0.0,0.0,1.0,0.0,3,7,3
470f7d513be240bce3ee2e646c86c7f4624fe9ea408f629a7487f64b9cc1ddbf67ee02d0e18e919977ceb3b5154e7debe4ce92202a0b2e1c905384c756d8c33b,2021-12-30 16:25:00,30,TRAFFIC SIGNAL,FUNCTIONING PROPERLY,CLEAR,DAYLIGHT,REAR END,NOT DIVIDED,STRAIGHT AND LEVEL,DRY,NO DEFECTS,NO INJURY / DRIVE AWAY,"OVER $1,500",FAILING TO REDUCE SPEED TO AVOID CRASH,NOT APPLICABLE,7599,W,TALCOTT AVE,2,NO INDICATION OF INJURY,0.0,0.0,0.0,0.0,0.0,2.0,0.0,16,5,12
e188914e17b07c4ee18682910e956ebac8378b0e554463d9c2c607d3c80285149156ebdd3b34725e2b465ee8b077956baba53869d5062d01806ebfcd0a08959a,2017-12-03 14:00:00,30,NO CONTROLS,NO CONTROLS,CLEAR,DAYLIGHT,PARKED MOTOR VEHICLE,NOT DIVIDED,STRAIGHT AND LEVEL,DRY,NO DEFECTS,NO INJURY / DRIVE AWAY,"$501 - $1,500",UNABLE TO DETERMINE,NOT APPLICABLE,5011,W,ARMITAGE AVE,2,NO INDICATION OF INJURY,0.0,0.0,0.0,0.0,0.0,1.0,0.0,14,1,12
c4a0b6dcb05d7e3a2dd937e2129b77b2d7efcf615f1aac9d4eb61c765bf1d1362b56b5663da5bdff690ebecd4cf529e54316658d85d2b38f8b259548e8bdce3d,2020-01-08 08:00:00,30,NO CONTROLS,NO CONTROLS,CLEAR,DAYLIGHT,PARKED MOTOR VEHICLE,DIVIDED - W/MEDIAN (NOT RAISED),STRAIGHT AND LEVEL,DRY,NO DEFECTS,NO INJURY / DRIVE AWAY,"$501 - $1,500",FOLLOWING TOO CLOSELY,NOT APPLICABLE,3100,S,WESTERN AVE,2,NO INDICATION OF INJURY,0.0,0.0,0.0,0.0,0.0,1.0,0.0,8,4,1
892b791bc1d073c61581866cdfd536bcc1e3f8bc562d2da53a4ecbbb4c0628f862a37d0405f2e843e44c39096ad764ba03fffc13b88bc6addb02e1ca18d4b1fa,2022-06-22 14:05:00,30,NO CONTROLS,NO CONTROLS,CLEAR,DAYLIGHT,SIDESWIPE SAME DIRECTION,NOT DIVIDED,STRAIGHT AND LEVEL,DRY,NO DEFECTS,INJURY AND / OR TOW DUE TO CRASH,"OVER $1,500",IMPROPER OVERTAKING/PASSING,DRIVING ON WRONG SIDE/WRONG WAY,408,W,71ST ST,2,NONINCAPACITATING INJURY,2.0,0.0,0.0,1.0,1.0,5.0,0.0,14,4,6
20a09ac4fde9ace3681928fed91552a74577b801471fafc0718b281a32dc025fc249e5a4e990b032ad3015cf2f66ed1fcfb723a6249039290b287ebd78d003cd,2018-09-20 21:37:00,25,STOP SIGN/FLASHER,FUNCTIONING PROPERLY,CLEAR,"DARKNESS, LIGHTED ROAD",PEDESTRIAN,DIVIDED - W/MEDIAN (NOT RAISED),STRAIGHT AND LEVEL,DRY,NO DEFECTS,INJURY AND / OR TOW DUE TO CRASH,$500 OR LESS,FAILING TO YIELD RIGHT-OF-WAY,DISREGARDING STOP SIGN,7435,N,ASHLAND AVE,2,NONINCAPACITATING INJURY,1.0,0.0,0.0,1.0,0.0,1.0,0.0,21,5,9
921323dfba30eae177cebff2d11fa30e1f247ac8d58110f1e4be8526de0f62b79720af7fcb2e60e5e248bcb619ada0f53f855949562c78b599b75d853975db0c,2018-04-04 12:08:00,30,STOP SIGN/FLASHER,FUNCTIONING PROPERLY,CLEAR,DAYLIGHT,ANGLE,DIVIDED - W/MEDIAN (NOT RAISED),STRAIGHT AND LEVEL,DRY,NO DEFECTS,NO INJURY / DRIVE AWAY,"OVER $1,500",FAILING TO YIELD RIGHT-OF-WAY,NOT APPLICABLE,6500,W,63RD ST,2,NO INDICATION OF INJURY,0.0,0.0,0.0,0.0,0.0,2.0,0.0,12,4,4
dd589ffa7f9ee5eab72b37a7b58af2ecf6fbcedbac1da702ab4dce01d66aec392e0cf787e2d1af3047751687071fed1ef4dfdff8c07787af6dbbf034c84cc50e,2020-02-14 07:35:00,30,NO CONTROLS,NO CONTROLS,CLEAR,DAYLIGHT,TURNING,NOT DIVIDED,STRAIGHT AND LEVEL,ICE,NO DEFECTS,INJURY AND / OR TOW DUE TO CRASH,"OVER $1,500",FAILING TO REDUCE SPEED TO AVOID CRASH,UNABLE TO DETERMINE,1714,W,107TH ST,3,NO INDICATION OF INJURY,0.0,0.0,0.0,0.0,0.0,2.0,0.0,7,6,2
7a7845eb5e5a95d42cb46097cf11601de0696c87d47c0f910a3e35308eeb663e1b9d0c05c6d7105bc924d0660593dfcb7c88f0b2a5713b22de08e58430ee665e,2018-01-11 21:50:00,35,STOP SIGN/FLASHER,FUNCTIONING PROPERLY,CLOUDY/OVERCAST,"DARKNESS, LIGHTED ROAD",TURNING,NOT DIVIDED,STRAIGHT AND LEVEL,DRY,NO DEFECTS,INJURY AND / OR TOW DUE TO CRASH,"OVER $1,500","OPERATING VEHICLE IN ERRATIC, RECKLESS, CARELESS, NEGLIGENT OR AGGRESSIVE MANNER",FAILING TO REDUCE SPEED TO AVOID CRASH,5600,S,CALIFORNIA AVE,2,NO INDICATION OF INJURY,0.0,0.0,0.0,0.0,0.0,3.0,0.0,21,5,1
6fde1ba5ba37374d01c0f0cdc91ae71ba99a7e2204d3d9fb132dcf5b5966550b3ffdf9c8f92d1955cc46763094b203b05bb3a07c1fe83f6ba27495fb1a9b055c,2018-03-02 22:34:00,30,NO CONTROLS,NO CONTROLS,CLEAR,"DARKNESS, LIGHTED ROAD",PARKED MOTOR VEHICLE,NOT DIVIDED,STRAIGHT AND LEVEL,DRY,NO DEFECTS,NO INJURY / DRIVE AWAY,"$501 - $1,500",IMPROPER BACKING,PHYSICAL CONDITION OF DRIVER,1102,W,18TH ST,2,NO INDICATION OF INJURY,0.0,0.0,0.0,0.0,0.0,1.0,0.0,22,6,3
70565b0e7288b9d406281a7276e232d68fd5701d64945caab9a50cb186ddb02a1970153b5ae246d937dfb042d6b687599aa02b7272903f9d2e6d909a26832d67,2020-04-28 08:20:00,30,TRAFFIC SIGNAL,FUNCTIONING PROPERLY,CLEAR,DAYLIGHT,ANGLE,FOUR WAY,STRAIGHT AND LEVEL,DRY,NO DEFECTS,INJURY AND / OR TOW DUE TO CRASH,"OVER $1,500",UNABLE TO DETERMINE,NOT APPLICABLE,600,S,INDEPENDENCE BLVD,2,NONINCAPACITATING INJURY,1.0,0.0,0.0,1.0,0.0,1.0,0.0,8,3,4
09683fb661fc2266f25a82902de1e585e0c5b07bf3ab548b5b574ccd1f91bb0d002e3d03e839aff26c32bba8fbd8e5342dfcc7dc71a9b2b992905ea304a12710,2021-06-28 08:40:00,30,TRAFFIC SIGNAL,FUNCTIONING PROPERLY,CLEAR,DAYLIGHT,REAR END,DIVIDED - W/MEDIAN (NOT RAISED),STRAIGHT AND LEVEL,DRY,NO DEFECTS,NO INJURY / DRIVE AWAY,"OVER $1,500",UNABLE TO DETERMINE,UNABLE TO DETERMINE,3950,W,103RD ST,2,NO INDICATION OF INJURY,0.0,0.0,0.0,0.0,0.0,3.0,0.0,8,2,6
d3027a3ce72ec8a67c7a20fb584360fb2f33c7e11a1003161aa166a3154a55d2d18b246c4359cc433e691466617686ee112e3063ec31e73403cf9df24a6c949c,2018-04-09 13:25:00,30,STOP SIGN/FLASHER,FUNCTIONING PROPERLY,CLEAR,DAYLIGHT,ANGLE,DIVIDED - W/MEDIAN (NOT RAISED),STRAIGHT AND LEVEL,DRY,UNKNOWN,NO INJURY / DRIVE AWAY,"$501 - $1,500",DISREGARDING STOP SIGN,UNABLE TO DETERMINE,8100,S,WESTERN AVE,2,NO INDICATION OF INJURY,0.0,0.0,0.0,0.0,0.0,4.0,0.0,13,2,4
da427740230237f7ec1cd2ba05632dbfa35e66dde492b7d668452957a60a6ff5e996cf8f396b037b914321bc8ed3f53b8907412d55029544b236bca33cd4121c,2024-03-22 15:00:00,30,UNKNOWN,UNKNOWN,UNKNOWN,UNKNOWN,PARKED MOTOR VEHICLE,PARKING LOT,STRAIGHT AND LEVEL,UNKNOWN,UNKNOWN,NO INJURY / DRIVE AWAY,$500 OR LESS,UNABLE TO DETERMINE,NOT APPLICABLE,7400,S,ASHLAND AVE,2,NO INDICATION OF INJURY,0.0,0.0,0.0,0.0,0.0,1.0,0.0,15,6,3
785bb79b394266e870239ec92b9a7cbca1e7ba6db3b23d714b4f296961a2a7f0a39a421fd0fe6a61cb643ce0a5c4355e15000563b00662c83c07a56e81044ca7,2019-06-10 05:50:00,40,NO CONTROLS,NO CONTROLS,CLEAR,DUSK,PEDESTRIAN,ONE-WAY,STRAIGHT AND LEVEL,DRY,NO DEFECTS,INJURY AND / OR TOW DUE TO CRASH,$500 OR LESS,DRIVING ON WRONG SIDE/WRONG WAY,FAILING TO YIELD RIGHT-OF-WAY,325,W,ONTARIO ST,2,INCAPACITATING INJURY,1.0,0.0,1.0,0.0,0.0,1.0,0.0,5,2,6
7b715ecca502f8cebdcd2e7002f5e3216443120bd00154ca5735ea053a44d963e04b9b11064a20c9541d6acfa1ce56745f6743a6fbfc48f6189358ddd4b11b40,2023-01-27 13:30:00,30,NO CONTROLS,NO CONTROLS,CLEAR,DAYLIGHT,SIDESWIPE SAME DIRECTION,NOT DIVIDED,STRAIGHT AND LEVEL,DRY,NO DEFECTS,NO INJURY / DRIVE AWAY,"$501 - $1,500",UNABLE TO DETERMINE,UNABLE TO DETERMINE,2800,W,DIVERSEY AVE,2,NO INDICATION OF INJURY,0.0,0.0,0.0,0.0,0.0,2.0,0.0,13,6,1
8994cb30be59bfdcde347076ca0aee80d828278431aadf1c5ebd49b63010a2686a6aa4ccfdca76c457781177e5942f7288fd7bca70bfda9a0db6a8f0a422dc9f,2020-09-24 15:00:00,30,NO CONTROLS,NO CONTROLS,CLEAR,DAYLIGHT,PARKED MOTOR VEHICLE,DIVIDED - W/MEDIAN (NOT RAISED),STRAIGHT AND LEVEL,DRY,NO DEFECTS,NO INJURY / DRIVE AWAY,"OVER $1,500",UNABLE TO DETERMINE,NOT APPLICABLE,2823,E,130TH ST,2,NO INDICATION OF INJURY,0.0,0.0,0.0,0.0,0.0,1.0,0.0,15,5,9
074db297f652976e1951cfab9c0402e980fdb1fac45b93e61b23f9a505b0bd1072be781109ffbc15183510a4786446132adae840b361f8258f2f061116248dea,2022-11-04 14:40:00,30,TRAFFIC SIGNAL,FUNCTIONING PROPERLY,RAIN,DAYLIGHT,SIDESWIPE SAME DIRECTION,NOT DIVIDED,STRAIGHT AND LEVEL,WET,NO DEFECTS,NO INJURY / DRIVE AWAY,"OVER $1,500",UNABLE TO DETERMINE,NOT APPLICABLE,61,S,KEDZIE AVE,2,NO INDICATION OF INJURY,0.0,0.0,0.0,0.0,0.0,2.0,0.0,14,6,11
f1f9da9ebf90b12bae43cfec26d75a836d908d92dbb937700dd20f73232c7e5ad0f434de40cdfd825e01dda002bbc616f1fbcc988433400c0be37010ddd439a3,2019-12-02 19:30:00,30,NO CONTROLS,NO CONTROLS,CLEAR,"DARKNESS, LIGHTED ROAD",PARKED MOTOR VEHICLE,NOT DIVIDED,STRAIGHT AND LEVEL,DRY,NO DEFECTS,NO INJURY / DRIVE AWAY,"$501 - $1,500",FOLLOWING TOO CLOSELY,NOT APPLICABLE,1420,W,GRANVILLE AVE,2,NO INDICATION OF INJURY,0.0,0.0,0.0,0.0,0.0,1.0,0.0,19,2,12
2b4bb310a2da4ddc9db056730821fed41f15c74b15bdf2734ba140dd7e1adab2338380d49989c69a83c5b089ad761da137dd78fa793013668ad4227efc321c3a,2018-01-26 09:30:00,20,NO CONTROLS,NO CONTROLS,CLEAR,DAYLIGHT,PARKED MOTOR VEHICLE,ONE-WAY,STRAIGHT AND LEVEL,DRY,NO DEFECTS,NO INJURY / DRIVE AWAY,"$501 - $1,500",DRIVING SKILLS/KNOWLEDGE/EXPERIENCE,NOT APPLICABLE,1618,N,FAIRFIELD AVE,2,NO INDICATION OF INJURY,0.0,0.0,0.0,0.0,0.0,2.0,0.0,9,6,1
8d1a9b776fa4c9b00707dd911fc5a0c5c4cc0f45486f943d2c57080084d4e8659b0017c2583776df9b08eb9284a14b23fc3ea6da5c785c457a7a31a7745cb338,2022-06-17 22:30:00,30,TRAFFIC SIGNAL,FUNCTIONING PROPERLY,CLEAR,"DARKNESS, LIGHTED ROAD",PEDESTRIAN,DIVIDED - W/MEDIAN (NOT RAISED),STRAIGHT AND LEVEL,DRY,NO DEFECTS,INJURY AND / OR TOW DUE TO CRASH,"OVER $1,500",UNABLE TO DETERMINE,NOT APPLICABLE,5890,S,ARCHER AVE,2,INCAPACITATING INJURY,1.0,0.0,1.0,0.0,0.0,1.0,0.0,22,6,6
0dab8a122375f2396c4f1e1233f24a677fa1b82b832d4385bbcc38b8ee7e8ccc19f7acdaa58fc35c3370f6894a78e13a129ad137cd28efa3e2920c99cbff63da,2023-11-07 15:35:00,30,NO CONTROLS,NO CONTROLS,CLEAR,DAYLIGHT,PARKED MOTOR VEHICLE,NOT DIVIDED,STRAIGHT AND LEVEL,DRY,NO DEFECTS,NO INJURY / DRIVE AWAY,$500 OR LESS,UNABLE TO DETERMINE,NOT APPLICABLE,5065,N,WESTERN AVE,2,NO INDICATION OF INJURY,0.0,0.0,0.0,0.0,0.0,1.0,0.0,15,3,11
6ce4a35f07d84904ee09cdbdb04fc547d896d7a9a6d525b9b8bb7a993301b6247afd7e358859ec131473346e019a8b9310305b61cc7816af12e28a43d97880f3,2016-08-28 13:25:00,30,TRAFFIC SIGNAL,FUNCTIONING PROPERLY,CLEAR,DAYLIGHT,TURNING,NOT DIVIDED,STRAIGHT AND LEVEL,DRY,NO DEFECTS,NO INJURY / DRIVE AWAY,"OVER $1,500",UNABLE TO DETERMINE,NOT APPLICABLE,598,S,ASHLAND AVE,2,NO INDICATION OF INJURY,0.0,0.0,0.0,0.0,0.0,5.0,0.0,13,1,8
041f794425f4b6a87b614303354fc23b8632d2409e2369a53c73e6449f559c1126636ae22e4b3cac8d8c6606f5deabcd85114f0cb2d743dbce36e5e2d55544d2,2015-12-24 07:30:00,30,TRAFFIC SIGNAL,FUNCTIONING PROPERLY,CLEAR,DAYLIGHT,REAR END,NOT DIVIDED,STRAIGHT AND LEVEL,DRY,NO DEFECTS,INJURY AND / OR TOW DUE TO CRASH,"OVER $1,500",UNABLE TO DETERMINE,UNABLE TO DETERMINE,200,E,71ST ST,2,NO INDICATION OF INJURY,0.0,0.0,0.0,0.0,0.0,2.0,0.0,7,5,12
534a77a36148c3a6b92659eacccc8f9f78e40246d6a9368186a7988305fab2afd2f270296ef1799a8845958ac80f5f49b5a3a1d6df3d5748587b0e9fc7d279c7,2021-11-27 17:20:00,20,NO CONTROLS,NO CONTROLS,CLEAR,"DARKNESS, LIGHTED ROAD",SIDESWIPE SAME DIRECTION,ONE-WAY,STRAIGHT AND LEVEL,DRY,NO DEFECTS,NO INJURY / DRIVE AWAY,"OVER $1,500",IMPROPER LANE USAGE,NOT APPLICABLE,1,W,TERMINAL ST,2,NO INDICATION OF INJURY,0.0,0.0,0.0,0.0,0.0,2.0,0.0,17,7,11
bf203551e6ec9a13b5d73069cb5b0d3e8830296013a687c88d5a6230b4308c14afcf3d45b9db993be054a95281382d02ec3f1709fc56bd103353f1289ed14915,2022-01-31 20:01:00,30,NO CONTROLS,NO CONTROLS,CLEAR,"DARKNESS, LIGHTED ROAD",REAR END,DIVIDED - W/MEDIAN (NOT RAISED),STRAIGHT AND LEVEL,DRY,NO DEFECTS,NO INJURY / DRIVE AWAY,"OVER $1,500",IMPROPER OVERTAKING/PASSING,FAILING TO REDUCE SPEED TO AVOID CRASH,1550,W,CHICAGO AVE,2,NO INDICATION OF INJURY,0.0,0.0,0.0,0.0,0.0,4.0,0.0,20,2,1
a2677ff354bdf961f9a4f85944b744291b15847dea2f43a2c150308a074df763ee2ce852c643c80b56da8cd82da6248d489b31fc57fa52891f88d6d36e9ba4bd,2019-12-12 05:00:00,30,UNKNOWN,UNKNOWN,UNKNOWN,UNKNOWN,REAR TO SIDE,UNKNOWN,STRAIGHT AND LEVEL,UNKNOWN,UNKNOWN,NO INJURY / DRIVE AWAY,"$501 - $1,500",NOT APPLICABLE,NOT APPLICABLE,2116,W,70TH PL,2,NO INDICATION OF INJURY,0.0,0.0,0.0,0.0,0.0,2.0,0.0,5,5,12
c824ecc61e2742c500f50a2c69ad926cfe50892d4a3238ede0a5c48717a2e087f373c36d6b81a1de358794f1d67f9e825c692958ba5fca587ac90d01ffa1b57c,2019-04-09 17:52:00,30,STOP SIGN/FLASHER,FUNCTIONING PROPERLY,CLEAR,DAYLIGHT,TURNING,ONE-WAY,STRAIGHT AND LEVEL,DRY,NO DEFECTS,NO INJURY / DRIVE AWAY,"OVER $1,500",UNABLE TO DETERMINE,NOT APPLICABLE,1998,W,CONGRESS PKWY,2,NO INDICATION OF INJURY,0.0,0.0,0.0,0.0,0.0,5.0,0.0,17,3,4
855dbe97b2d91beebd1aa4040cca4b0d2a520d64270a86cf608c2d5ff911bed01c45759ef9cabfd1fa865961617039fe84e5ef77f70e48cf333af3d81750bcf2,2019-05-20 14:20:00,30,NO CONTROLS,NO CONTROLS,CLEAR,DAYLIGHT,SIDESWIPE SAME DIRECTION,NOT DIVIDED,STRAIGHT AND LEVEL,DRY,NO DEFECTS,NO INJURY / DRIVE AWAY,"$501 - $1,500",UNABLE TO DETERMINE,UNABLE TO DETERMINE,426,N,ORLEANS ST,2,NO INDICATION OF INJURY,0.0,0.0,0.0,0.0,0.0,5.0,0.0,14,2,5
f3ec6f8860f993664c77f3a5ffdba97355a0d97ba065762344a846f901f71e8cafae4d1824092e9b6bfe4a37c21d20de5866b9c9640705ae6c5decfc06d9c89c,2022-11-23 15:21:00,30,NO CONTROLS,NOT FUNCTIONING,CLEAR,DUSK,ANGLE,DIVIDED - W/MEDIAN (NOT RAISED),STRAIGHT AND LEVEL,DRY,NO DEFECTS,INJURY AND / OR TOW DUE TO CRASH,"OVER $1,500",FAILING TO YIELD RIGHT-OF-WAY,FAILING TO YIELD RIGHT-OF-WAY,436,N,ASHLAND AVE,2,NO INDICATION OF INJURY,0.0,0.0,0.0,0.0,0.0,3.0,0.0,15,4,11
f5dafe2df3c18246035c400a7f913ba76be8bb980190e634c9b4c877ac3d95be7e93098cf45b377bcba5f22335c7bf29809d65020a7418f628a1db7f27c35bdc,2020-03-04 08:48:00,30,NO CONTROLS,NO CONTROLS,CLEAR,DAYLIGHT,REAR END,DIVIDED - W/MEDIAN (NOT RAISED),STRAIGHT AND LEVEL,DRY,NO DEFECTS,NO INJURY / DRIVE AWAY,"OVER $1,500",FOLLOWING TOO CLOSELY,UNABLE TO DETERMINE,2302,W,ROOSEVELT RD,2,NO INDICATION OF INJURY,0.0,0.0,0.0,0.0,0.0,2.0,0.0,8,4,3