CRASH_RECORD_ID,CRASH_DATE,POSTED_SPEED_LIMIT,TRAFFIC_CONTROL_DEVICE,DEVICE_CONDITION,WEATHER_CONDITION,LIGHTING_CONDITION,FIRST_CRASH_TYPE,TRAFFICWAY_TYPE,ALIGNMENT,ROADWAY_SURFACE_COND,ROAD_DEFECT,CRASH_TYPE,DAMAGE,PRIM_CONTRIBUTORY_CAUSE,SEC_CONTRIBUTORY_CAUSE,STREET_NO,STREET_DIRECTION,STREET_NAME,NUM_UNITS,MOST_SEVERE_INJURY,INJURIES_TOTAL,INJURIES_FATAL,INJURIES_INCAPACITATING,INJURIES_NON_INCAPACITATING,INJURIES_REPORTED_NOT_EVIDENT,INJURIES_NO_INDICATION,INJURIES_UNKNOWN,CRASH_HOUR,CRASH_DAY_OF_WEEK,CRASH_MONTH
5e3e5ea0d35bff2e6fc9b20b4b9aa526a27e3d25637bc3fd3bf9730cc63a3ee74c19a735b47b78a58ca806c9718ac71ff6169facfe7713936f196dbc91107573,2017-09-20 21:00:00,35,STOP SIGN/FLASHER,FUNCTIONING PROPERLY,CLEAR,"DARKNESS, LIGHTED ROAD",REAR END,DIVIDED - W/MEDIAN (NOT RAISED),STRAIGHT AND LEVEL,DRY,NO DEFECTS,NO INJURY / DRIVE AWAY,"$501 - $1,500",UNABLE TO DETERMINE,NOT APPLICABLE,1300,N,LA SALLE DR,2,NO INDICATION OF INJURY,0.0,0.0,0.0,0.0,0.0,2.0,0.0,21,4,9
2837a81b570a924c6d0118f85237664acfbef05d557602b4851f5f84c68f6c71292ca34273318684c94f6b926958ef6b4c110a640588ca5c725384e38abbff9e,2018-07-01 13:30:00,30,UNKNOWN,UNKNOWN,CLEAR,DAYLIGHT,TURNING,NOT DIVIDED,STRAIGHT AND LEVEL,UNKNOWN,UNKNOWN,NO INJURY / DRIVE AWAY,"$501 - $1,500",UNABLE TO DETERMINE,NOT APPLICABLE,3232,N,HARLEM AVE,2,NO INDICATION OF INJURY,0.0,0.0,0.0,0.0,0.0,4.0,0.0,13,1,7
bf42fdb629ed5a38407b9f74c68db7c1ed8d36690a4795e1c1d5d6c85973ab785020a0027e428d4a4deb854fbdeeca6576ad1d9ee20e7b0b78d1fed83ea75396,2018-08-30 13:29:00,30,TRAFFIC SIGNAL,FUNCTIONING PROPERLY,CLEAR,"DARKNESS, LIGHTED ROAD",SIDESWIPE SAME DIRECTION,DIVIDED - W/MEDIAN BARRIER,STRAIGHT AND LEVEL,DRY,NO DEFECTS,INJURY AND / OR TOW DUE TO CRASH,"OVER $1,500",FAILING TO YIELD RIGHT-OF-WAY,NOT APPLICABLE,61,W,LOWER WACKER DR,2,INCAPACITATING INJURY,1.0,0.0,1.0,0.0,0.0,2.0,0.0,13,5,8
a87ee39da93669f36404c198cecfc069d942a8d599feae0768e8a238b5389873181e201a9e45fbc1c3dab3cf5eb0563ce614e7f6a60194d8c3a60a41ac2ca199,2019-03-25 16:15:00,30,NO CONTROLS,NO CONTROLS,CLEAR,DAYLIGHT,PARKED MOTOR VEHICLE,NOT DIVIDED,STRAIGHT AND LEVEL,DRY,UNKNOWN,INJURY AND / OR TOW DUE TO CRASH,"$501 - $1,500",FAILING TO REDUCE SPEED TO AVOID CRASH,DRIVING SKILLS/KNOWLEDGE/EXPERIENCE,5024,S,LOOMIS BLVD,2,NO INDICATION OF INJURY,0.0,0.0,0.0,0.0,0.0,1.0,0.0,16,2,3
d9941c7d889dd77aef91250eee75a891e730ba171d45ee3a6f4e0ffa8037b185d3ddc1becb06770cadecb9af79c10b523dbe9deb8b19d7df102885fdc75789c8,2019-12-03 21:40:00,30,TRAFFIC SIGNAL,FUNCTIONING PROPERLY,CLEAR,DARKNESS,REAR END,NOT DIVIDED,STRAIGHT AND LEVEL,DRY,NO DEFECTS,NO INJURY / DRIVE AWAY,"OVER $1,500",UNABLE TO DETERMINE,UNABLE TO DETERMINE,4000,W,MONTROSE AVE,2,NO INDICATION OF INJURY,0.0,0.0,0.0,0.0,0.0,3.0,0.0,21,3,12
b1def53243a769e99f1e87f3f7b687c98be4ff0d013ef173b523d9ba62c25cc193908a6f008dae3e780e22250a4699bd925f80b11a066b3b904131e9dc312d23,2020-12-01 14:39:00,30,NO CONTROLS,NO CONTROLS,CLEAR,DAYLIGHT,PEDESTRIAN,NOT DIVIDED,STRAIGHT AND LEVEL,DRY,NO DEFECTS,INJURY AND / OR TOW DUE TO CRASH,$500 OR LESS,"VISION OBSCURED (SIGNS, TREE LIMBS, BUILDINGS, ETC.)",FAILING TO YIELD RIGHT-OF-WAY,3300,W,ARMITAGE AVE,2,NONINCAPACITATING INJURY,1.0,0.0,0.0,1.0,0.0,1.0,0.0,14,3,12
27e6a26c51caaa35de99ea018af43c18d1a6b4bb5a6d5a056d2dd566215f981fb50f0cdff5218208ee6ad92b8f4925d5cf881d39e53b0a45fbbea0b3ddcbd9b3,2019-05-17 10:35:00,30,TRAFFIC SIGNAL,FUNCTIONING PROPERLY,CLEAR,DAYLIGHT,REAR END,ONE-WAY,STRAIGHT AND LEVEL,DRY,NO DEFECTS,NO INJURY / DRIVE AWAY,"$501 - $1,500",FOLLOWING TOO CLOSELY,UNABLE TO DETERMINE,500,W,MADISON ST,2,NO INDICATION OF INJURY,0.0,0.0,0.0,0.0,0.0,2.0,0.0,10,6,5
05d300931a2933cb9b496e632847af0ec268d72d13486afcca0dbfc5c30806249203d153f0a3f1229cdffba7d0ddd2d2baced95204bb06157985dbdcb2694f6b,2019-09-14 11:55:00,30,POLICE/FLAGMAN,FUNCTIONING PROPERLY,CLEAR,DAYLIGHT,REAR END,NOT DIVIDED,STRAIGHT AND LEVEL,DRY,NO DEFECTS,NO INJURY / DRIVE AWAY,$500 OR LESS,IMPROPER BACKING,UNABLE TO DETERMINE,3000,W,OGDEN AVE,2,NO INDICATION OF INJURY,0.0,0.0,0.0,0.0,0.0,2.0,0.0,11,7,9
19c4f2cccb06d7504fd36a9ef1cdbcbff6682a75859ecc0cc83f34e7602afc171b58c0ac303f74f4b1c525253fc9aeba115e148152797467c08eff67702d7e92,2017-04-19 23:00:00,30,NO CONTROLS,NO CONTROLS,CLEAR,"DARKNESS, LIGHTED ROAD",PARKED MOTOR VEHICLE,ONE-WAY,STRAIGHT AND LEVEL,DRY,NO DEFECTS,NO INJURY / DRIVE AWAY,"OVER $1,500","OPERATING VEHICLE IN ERRATIC, RECKLESS, CARELESS, NEGLIGENT OR AGGRESSIVE MANNER",NOT APPLICABLE,850,W,EASTWOOD AVE,2,NO INDICATION OF INJURY,0.0,0.0,0.0,0.0,0.0,1.0,0.0,23,4,4
80624fc3635242ea5867d1656912bebefe84e6b100bbe5604d7a4e62ba2ceae1eccd6cb0c42e4d0730639a73e9672f1aa79304c5127ba9882cdb48192121715e,2022-04-01 16:15:00,15,NO CONTROLS,NO CONTROLS,CLEAR,DAYLIGHT,REAR END,PARKING LOT,STRAIGHT AND LEVEL,DRY,NO DEFECTS,NO INJURY / DRIVE AWAY,"$501 - $1,500",UNABLE TO DETERMINE,NOT APPLICABLE,5200,S,LAKE PARK AVE,2,NO INDICATION OF INJURY,0.0,0.0,0.0,0.0,0.0,2.0,0.0,16,6,4
75a5f96e247f49b7bae42ed8a5d9f4d6507a7a7b49dd6e1ac44ec4326933a6eae56eed21ccd5251937b3806e4598e03775edcdb94ee2c2668d6b998ac315494f,2017-10-12 08:00:00,30,NO CONTROLS,NO CONTROLS,CLEAR,DAYLIGHT,PARKED MOTOR VEHICLE,PARKING LOT,STRAIGHT AND LEVEL,DRY,NO DEFECTS,NO INJURY / DRIVE AWAY,"$501 - $1,500",DRIVING SKILLS/KNOWLEDGE/EXPERIENCE,NOT APPLICABLE,2401,W,OGDEN AVE,2,NO INDICATION OF INJURY,0.0,0.0,0.0,0.0,0.0,1.0,0.0,8,5,10
8222370cab9b9653abb78fbb56c1f55f6fc069bdacdc58be21157446a4313610086c0258a07925b8985360170a5651fd76f2415d619f2393840ac4ccada883e7,2023-10-08 01:47:00,30,TRAFFIC SIGNAL,FUNCTIONING PROPERLY,CLEAR,"DARKNESS, LIGHTED ROAD",TURNING,ONE-WAY,STRAIGHT AND LEVEL,DRY,NO DEFECTS,INJURY AND / OR TOW DUE TO CRASH,"OVER $1,500",FOLLOWING TOO CLOSELY,"OPERATING VEHICLE IN ERRATIC, RECKLESS, CARELESS, NEGLIGENT OR AGGRESSIVE MANNER",5500,S,MICHIGAN AVE,2,NO INDICATION OF INJURY,0.0,0.0,0.0,0.0,0.0,2.0,0.0,1,1,10
671cce84d98ff2b06a79903351337adffd507fac76b6d08c05aa9d1ee9f87ced9feaafbbdb57b8216cd66ffd95db3ebfaf1fc2010d39c285861d311cae05d491,2023-10-28 02:37:00,35,STOP SIGN/FLASHER,FUNCTIONING PROPERLY,CLEAR,DARKNESS,ANGLE,NOT DIVIDED,STRAIGHT AND LEVEL,DRY,NO DEFECTS,INJURY AND / OR TOW DUE TO CRASH,"OVER $1,500",DISREGARDING STOP SIGN,NOT APPLICABLE,2457,W,CHICAGO AVE,2,"REPORTED, NOT EVIDENT",1.0,0.0,0.0,0.0,1.0,2.0,0.0,2,7,10
d95cdbd1f7c7c0dc8d4b960a681922ff4accea4740d2c3c7cb19ec58dbd9990364a0cac6e42cef2584daa4e2a293bc0876d9d47af1aa1f9dad87df8c3f512b47,2024-03-17 18:45:00,30,NO CONTROLS,NO CONTROLS,CLOUDY/OVERCAST,"DARKNESS, LIGHTED ROAD",PARKED MOTOR VEHICLE,ONE-WAY,STRAIGHT AND LEVEL,DRY,UNKNOWN,INJURY AND / OR TOW DUE TO CRASH,"OVER $1,500",IMPROPER LANE USAGE,NOT APPLICABLE,2619,N,ALBANY AVE,2,NO INDICATION OF INJURY,0.0,0.0,0.0,0.0,0.0,1.0,0.0,18,1,3
e9b1e986139630f934959b0c1b01a30abfc9924cb3ba448191b77d691a7ef68453a4ba86785d1d22c7b59c9ed14122be0939afbb87d3cc415ceed8d494ca683e,2019-08-15 21:24:00,30,STOP SIGN/FLASHER,FUNCTIONING PROPERLY,CLEAR,DAYLIGHT,ANGLE,NOT DIVIDED,STRAIGHT AND LEVEL,DRY,UNKNOWN,NO INJURY / DRIVE AWAY,"OVER $1,500",FAILING TO YIELD RIGHT-OF-WAY,NOT APPLICABLE,857,N,LARAMIE AVE,2,NO INDICATION OF INJURY,0.0,0.0,0.0,0.0,0.0,3.0,0.0,21,5,8
1cc66e30e7b85bbb2134863392ba79f667ca2857c83d3b622410c996752a8401fef2125dec1efded2696700d76251e6381ab2eddae205114fabc44d24dd0c85c,2020-12-02 14:30:00,30,TRAFFIC SIGNAL,FUNCTIONING PROPERLY,CLEAR,DUSK,PEDESTRIAN,NOT DIVIDED,STRAIGHT AND LEVEL,DRY,NO DEFECTS,INJURY AND / OR TOW DUE TO CRASH,"$501 - $1,500",DRIVING SKILLS/KNOWLEDGE/EXPERIENCE,NOT APPLICABLE,5300,S,ASHLAND AVE,2,NONINCAPACITATING INJURY,1.0,0.0,0.0,1.0,0.0,1.0,0.0,14,4,12
7ed8ce6d5d8266aca28e8f3a67bc3ea9b202d8b41863de0ed3e6a0d401828597645916f1628e29b6512401b23ae89cd46669246ffcaf6caf16e3b8da0681fa8b,2020-08-27 14:10:00,30,UNKNOWN,UNKNOWN,CLEAR,DAYLIGHT,SIDESWIPE SAME DIRECTION,NOT DIVIDED,STRAIGHT AND LEVEL,UNKNOWN,UNKNOWN,NO INJURY / DRIVE AWAY,"OVER $1,500",UNABLE TO DETERMINE,NOT APPLICABLE,8658,S,SPRINGFIELD AVE,2,NO INDICATION OF INJURY,0.0,0.0,0.0,0.0,0.0,2.0,0.0,14,5,8
8078685ceea107b0e31513acb8e9a9bee3c12ff906c6be828a1c56ea8898e87d9fddf6fff062b8fe92ac6febb572b84ec4e0e11a45d3ed474e2edb139073d784,2023-10-27 14:15:00,45,NO CONTROLS,NO CONTROLS,CLEAR,DAYLIGHT,SIDESWIPE SAME DIRECTION,DIVIDED - W/MEDIAN BARRIER,STRAIGHT AND LEVEL,DRY,NO DEFECTS,NO INJURY / DRIVE AWAY,"OVER $1,500",FAILING TO YIELD RIGHT-OF-WAY,IMPROPER OVERTAKING/PASSING,6500,S,CHICAGO SKYWAY OB,2,NO INDICATION OF INJURY,0.0,0.0,0.0,0.0,0.0,2.0,0.0,14,6,10
1ffa12bfcb27090a683f9d0d4f01970c23e4a303e1bd7f3003284a6d2629d81734c3b62381c544bb07813f49006038f909139d3867166f0f3df66d4d495c2a25,2022-11-24 11:00:00,30,NO CONTROLS,NO CONTROLS,CLEAR,DAYLIGHT,SIDESWIPE SAME DIRECTION,NOT DIVIDED,STRAIGHT AND LEVEL,DRY,NO DEFECTS,NO INJURY / DRIVE AWAY,"OVER $1,500",IMPROPER LANE USAGE,NOT APPLICABLE,4300,S,WESTERN AVE,2,NO INDICATION OF INJURY,0.0,0.0,0.0,0.0,0.0,2.0,0.0,11,5,11
f7b03c7b1f756296164f646a0edadbe01b662ec524eeb3b3f62d42e7dd93ac2ae5eb58fa95f37d0c9601a9ee18f5f2b18bba19cbc36a8110ce4296f2d94ba08c,2020-01-27 13:40:00,15,NO CONTROLS,NO CONTROLS,CLEAR,DAYLIGHT,REAR TO FRONT,DRIVEWAY,STRAIGHT AND LEVEL,DRY,NO DEFECTS,NO INJURY / DRIVE AWAY,"OVER $1,500",DRIVING SKILLS/KNOWLEDGE/EXPERIENCE,"VISION OBSCURED (SIGNS, TREE LIMBS, BUILDINGS, ETC.)",5445,N,SHERIDAN RD,2,NO INDICATION OF INJURY,0.0,0.0,0.0,0.0,0.0,3.0,0.0,13,2,1
00f582dea3e7b8c04d2fc1a013250980bc0645669eac52dc69589f26c3a19aa0902ba2d53485c1b0aca9aad0401295cd12209a6c5cfd2c3c48aff94354cc6191,2022-04-08 07:56:00,30,NO CONTROLS,NO CONTROLS,CLEAR,DAYLIGHT,FIXED OBJECT,NOT DIVIDED,STRAIGHT AND LEVEL,DRY,NO DEFECTS,INJURY AND / OR TOW DUE TO CRASH,"OVER $1,500",FAILING TO REDUCE SPEED TO AVOID CRASH,DRIVING SKILLS/KNOWLEDGE/EXPERIENCE,1819,E,103RD ST,1,NO INDICATION OF INJURY,0.0,0.0,0.0,0.0,0.0,1.0,0.0,7,6,4
580f4ac02defce4a2eb2ca35850657521b9f34b7691de8f84aef0d7f62a2bed6f2e17d69f657778052c197e0b945ba1a73fd08aed98b938b7bc324b5bd2c3730,2018-09-27 13:45:00,30,NO CONTROLS,NO CONTROLS,CLEAR,DAYLIGHT,REAR END,OTHER,STRAIGHT AND LEVEL,DRY,NO DEFECTS,NO INJURY / DRIVE AWAY,$500 OR LESS,UNABLE TO DETERMINE,NOT APPLICABLE,2544,E,95TH ST,2,NO INDICATION OF INJURY,0.0,0.0,0.0,0.0,0.0,2.0,0.0,13,5,9
d37b35bca9be1e4ccd4fd59ffb6cd532086e8beba9d69f2cc093281e7e2fe10d9f2d32335c6e9d606fd642cea040caf59597c10a27b6a312bc50678c45529019,2019-10-14 12:50:00,15,NO CONTROLS,NO CONTROLS,CLEAR,DAYLIGHT,PARKED MOTOR VEHICLE,PARKING LOT,STRAIGHT AND LEVEL,DRY,NO DEFECTS,NO INJURY / DRIVE AWAY,"OVER $1,500",UNABLE TO DETERMINE,UNABLE TO DETERMINE,1615,S,CLARK ST,2,NO INDICATION OF INJURY,0.0,0.0,0.0,0.0,0.0,1.0,0.0,12,2,10
3dc4c6133f2a2eb114863adc389966c4402bcbe88c78202bf01448f48e1bf0a3fc8258c6adbd477efe646efc0ccc27b48f7da77505ce7b7972a151872e8e6baf,2017-10-15 02:50:00,30,TRAFFIC SIGNAL,FUNCTIONING PROPERLY,CLEAR,"DARKNESS, LIGHTED ROAD",REAR END,DIVIDED - W/MEDIAN (NOT RAISED),STRAIGHT AND LEVEL,WET,NO DEFECTS,NO INJURY / DRIVE AWAY,"$501 - $1,500",FAILING TO REDUCE SPEED TO AVOID CRASH,FOLLOWING TOO CLOSELY,3940,W,LAWRENCE AVE,2,NO INDICATION OF INJURY,0.0,0.0,0.0,0.0,0.0,6.0,0.0,2,1,10
eb0f0837d3daa2d785dadcf3e48fe70f8a57b49616c1426ca30bfa15a69bd293017882dcd1feae27996218ce26b5b5bc61fb41c9b671f378ca99b2904abe6b6b,2020-04-11 10:16:00,30,TRAFFIC SIGNAL,FUNCTIONING PROPERLY,CLEAR,DAYLIGHT,TURNING,T-INTERSECTION,STRAIGHT AND LEVEL,DRY,NO DEFECTS,NO INJURY / DRIVE AWAY,$500 OR LESS,TURNING RIGHT ON RED,NOT APPLICABLE,5700,S,CORNELL DR,2,NO INDICATION OF INJURY,0.0,0.0,0.0,0.0,0.0,3.0,0.0,10,7,4
9d94d7d9ccf07dc0a9f139b6369484a39528eacb704a4661d4f2e94c20251719c2086b0c0c776fd15edbe1a8818f128d5dc7ee4d168c2d7eb07b65134df4756d,2021-12-03 08:30:00,25,STOP SIGN/FLASHER,FUNCTIONING PROPERLY,CLOUDY/OVERCAST,DAYLIGHT,REAR TO FRONT,ONE-WAY,STRAIGHT AND LEVEL,DRY,NO DEFECTS,NO INJURY / DRIVE AWAY,"OVER $1,500",IMPROPER BACKING,NOT APPLICABLE,2613,S,HARDING AVE,2,NO INDICATION OF INJURY,0.0,0.0,0.0,0.0,0.0,2.0,0.0,8,6,12
1bc130159b2927378861d8d7ab7be615cbb794121d274ebfc7c726954c737803d5f2bb9206f3e9b913ca44b8f60f7933d685637a9cf0cf934d87d3a479a1b5bc,2018-04-02 14:30:00,30,TRAFFIC SIGNAL,FUNCTIONING PROPERLY,CLEAR,DAYLIGHT,REAR END,DIVIDED - W/MEDIAN (NOT RAISED),STRAIGHT AND LEVEL,DRY,NO DEFECTS,NO INJURY / DRIVE AWAY,"$501 - $1,500",FOLLOWING TOO CLOSELY,FOLLOWING TOO CLOSELY,375,E,CHICAGO AVE,2,NO INDICATION OF INJURY,0.0,0.0,0.0,0.0,0.0,2.0,0.0,14,2,4
2b8b45ad0c7df3ef858e17006bf1d6257d3377a88ed05adeaed75c9de62c6177c8d7ce4da135e9e7ff468f0c7933ba134bdf4f5ca6f8624468b182b4c54d6410,2024-01-12 08:03:00,30,TRAFFIC SIGNAL,UNKNOWN,UNKNOWN,DAYLIGHT,REAR END,FOUR WAY,STRAIGHT AND LEVEL,UNKNOWN,UNKNOWN,NO INJURY / DRIVE AWAY,"OVER $1,500",UNABLE TO DETERMINE,NOT APPLICABLE,3420,N,CALIFORNIA AVE,2,NO INDICATION OF INJURY,0.0,0.0,0.0,0.0,0.0,2.0,0.0,8,6,1
61d8c75520260d34c926c3b6f320d1c3c93113dbc2e1d6cb104583b69c8f2df1fae5701f23f2392921229a3df3a1e2573654461b668caa8f895d7a601d5d4906,2017-04-23 23:00:00,30,TRAFFIC SIGNAL,FUNCTIONING PROPERLY,CLEAR,"DARKNESS, LIGHTED ROAD",REAR END,NOT DIVIDED,STRAIGHT AND LEVEL,DRY,NO DEFECTS,INJURY AND / OR TOW DUE TO CRASH,"OVER $1,500",FOLLOWING TOO CLOSELY,NOT APPLICABLE,1700,S,MICHIGAN AVE,2,"REPORTED, NOT EVIDENT",1.0,0.0,0.0,0.0,1.0,1.0,0.0,23,1,4
c31f6ce9a1d2566205c3a63e9d23cd6566d20c7401ca3ad935584f4f529869caa45afde61951c14c7aead7dd8a2ecf81e78e5239ac6c678c29b68e77d05d7514,2019-09-08 05:45:00,20,NO CONTROLS,NO CONTROLS,CLEAR,"DARKNESS, LIGHTED ROAD",PARKED MOTOR VEHICLE,PARKING LOT,STRAIGHT AND LEVEL,DRY,NO DEFECTS,NO INJURY / DRIVE AWAY,"OVER $1,500",IMPROPER BACKING,NOT APPLICABLE,524,W,OHARE ST,2,NO INDICATION OF INJURY,0.0,0.0,0.0,0.0,0.0,1.0,0.0,5,1,9
9b866a8f3f3e14b3bc34a4a2fb8eff4b23466045125e79170595cc238f9c790bcd5d6916b2304ce782c14b19b8c327f3da2c01ea2715d0602fe00b21ed300cc1,2023-01-19 17:30:00,30,NO CONTROLS,NO CONTROLS,RAIN,DARKNESS,PARKED MOTOR VEHICLE,ONE-WAY,STRAIGHT AND LEVEL,WET,NO DEFECTS,NO INJURY / DRIVE AWAY,"OVER $1,500",NOT APPLICABLE,NOT APPLICABLE,4254,N,MOZART ST,2,NO INDICATION OF INJURY,0.0,0.0,0.0,0.0,0.0,1.0,0.0,17,5,1
4becd93a5cd7dfe54f10c534f085b297245429f4e892b59f40153641424765e59c836f9de4d8697179e6c6198cb7054cb050d466d0bb0e64135a651cd844f82d,2017-07-07 15:15:00,10,NO CONTROLS,NO CONTROLS,CLEAR,DAYLIGHT,REAR END,PARKING LOT,STRAIGHT AND LEVEL,DRY,NO DEFECTS,NO INJURY / DRIVE AWAY,"OVER $1,500",FAILING TO YIELD RIGHT-OF-WAY,DRIVING SKILLS/KNOWLEDGE/EXPERIENCE,36,E,95TH ST,2,NO INDICATION OF INJURY,0.0,0.0,0.0,0.0,0.0,2.0,0.0,15,6,7
34d3e76635703c421f6301a7bcc4fa6d707b126cb84f310df8866dc32bc7bd9c5a6e5216986d9c154702d5f48b59928467ed96527d835bd075c6c42c9e3f33ac,2015-12-20 11:50:00,30,STOP SIGN/FLASHER,NO CONTROLS,CLEAR,DAYLIGHT,ANGLE,NOT DIVIDED,STRAIGHT AND LEVEL,DRY,NO DEFECTS,NO INJURY / DRIVE AWAY,$500 OR LESS,FAILING TO YIELD RIGHT-OF-WAY,DISREGARDING STOP SIGN,514,W,31ST ST,2,NO INDICATION OF INJURY,0.0,0.0,0.0,0.0,0.0,2.0,0.0,11,1,12
ba5469df226134e97dacf1e1d6bf627aeb39ddb3a28397b041ad76fc110d7ac114c29ea240a797bf0c82ea75d8f0de2e3cd42aa55f981c324ad59f0037838618,2019-04-22 03:15:00,30,NO CONTROLS,NO CONTROLS,CLEAR,"DARKNESS, LIGHTED ROAD",FIXED OBJECT,ONE-WAY,STRAIGHT AND LEVEL,DRY,"RUT, HOLES",NO INJURY / DRIVE AWAY,"$501 - $1,500",UNABLE TO DETERMINE,UNABLE TO DETERMINE,779,W,99TH ST,1,NO INDICATION OF INJURY,0.0,0.0,0.0,0.0,0.0,1.0,0.0,3,2,4
73af8b96247e628fdcd40616aaaf132e6ed768efb3b2b91c8ec0098c15f88ca2f6f46bcbbf866efc2dc5a3d3e8f0d2fd22e47fbe5bd33c0475051e8c538570cc,2023-01-28 13:20:00,30,TRAFFIC SIGNAL,UNKNOWN,BLOWING SNOW,UNKNOWN,REAR END,NOT DIVIDED,STRAIGHT AND LEVEL,SNOW OR SLUSH,UNKNOWN,NO INJURY / DRIVE AWAY,"OVER $1,500",UNABLE TO DETERMINE,UNABLE TO DETERMINE,2520,W,TOUHY AVE,2,NO INDICATION OF INJURY,0.0,0.0,0.0,0.0,0.0,2.0,0.0,13,7,1
3c87567a36b0f01ca8805afb5b2101269b1732b371689c49392e894d83b87a8c5dc803818d9f4b207f6e2651a4dc150bfd4b6dbe9024833d1f145a2dc8784bb7,2017-10-17 08:22:00,30,NO CONTROLS,NO CONTROLS,CLEAR,DAYLIGHT,FIXED OBJECT,OTHER,STRAIGHT AND LEVEL,DRY,NO DEFECTS,INJURY AND / OR TOW DUE TO CRASH,"OVER $1,500",EQUIPMENT - VEHICLE CONDITION,UNABLE TO DETERMINE,3600,S,WESTERN BLVD,1,NO INDICATION OF INJURY,0.0,0.0,0.0,0.0,0.0,1.0,0.0,8,3,10
fc231d789e7477ac60a99ca7d5fe074024ac59b7d03a509c80b0edc86038276e1feeaf9296918ac54713dc64ac3b593131fab12610ca6c8ffec8647e1e400bb5,2023-07-29 14:00:00,15,NO CONTROLS,NO CONTROLS,UNKNOWN,UNKNOWN,PARKED MOTOR VEHICLE,DIVIDED - W/MEDIAN (NOT RAISED),STRAIGHT AND LEVEL,UNKNOWN,NO DEFECTS,NO INJURY / DRIVE AWAY,"OVER $1,500",UNABLE TO DETERMINE,UNABLE TO DETERMINE,2801,N,DRAKE AVE,2,NO INDICATION OF INJURY,0.0,0.0,0.0,0.0,0.0,1.0,0.0,14,7,7
8a4c25da6520658921c706bd4041ab4665dc5ccd7cc4790cec967b34dd065b1fd25f6cc0d865766d0bcd9e172bdf8ea32bc5c36383a2e8c8bb1cf50b0f9eb91e,2018-06-19 22:50:00,25,NO CONTROLS,NO CONTROLS,CLEAR,"DARKNESS, LIGHTED ROAD",PARKED MOTOR VEHICLE,ONE-WAY,STRAIGHT AND LEVEL,DRY,NO DEFECTS,INJURY AND / OR TOW DUE TO CRASH,"$501 - $1,500",EQUIPMENT - VEHICLE CONDITION,UNABLE TO DETERMINE,334,W,118TH ST,2,NO INDICATION OF INJURY,0.0,0.0,0.0,0.0,0.0,2.0,0.0,22,3,6
b739e5abafd42daf618415e3f214b6082da02dee5f7c4d451028997fb2cea357e9822d7585330591f5c4e8c2ddb5289cda4429994c675b727451cb57eb6a3e6f,2015-10-10 14:20:00,30,NO CONTROLS,NO CONTROLS,CLEAR,DAYLIGHT,SIDESWIPE SAME DIRECTION,NOT DIVIDED,STRAIGHT AND LEVEL,DRY,NO DEFECTS,NO INJURY / DRIVE AWAY,"$501 - $1,500",UNABLE TO DETERMINE,UNABLE TO DETERMINE,1942,N,ELSTON AVE,2,NO INDICATION OF INJURY,0.0,0.0,0.0,0.0,0.0,3.0,0.0,14,7,10
56208716ee7167bc3ba457a2bb68ad87ce66eac6a14f136b4e333914a3b6638ee34c32838b21de3397f569c62722e67ed209fdf9e365b1b7e4b765dd079593d3,2019-11-10 23:15:00,30,NO CONTROLS,NO CONTROLS,RAIN,"DARKNESS, LIGHTED ROAD",REAR END,ONE-WAY,STRAIGHT AND LEVEL,WET,NO DEFECTS,NO INJURY / DRIVE AWAY,$500 OR LESS,WEATHER,WEATHER,3501,S,WENTWORTH AVE,2,NO INDICATION OF INJURY,0.0,0.0,0.0,0.0,0.0,2.0,0.0,23,1,11
39fb25e217ae7b615cfa0cea4669596c50a15f9414ec42fb5c9864886317a7b22b47a92e4ef90cffce7ebb225e9bb67c8ca804083984c0b68c221d7f7276552a,2022-05-30 15:00:00,30,NO CONTROLS,NO CONTROLS,CLEAR,DAYLIGHT,PARKED MOTOR VEHICLE,ONE-WAY,STRAIGHT AND LEVEL,DRY,NO DEFECTS,NO INJURY / DRIVE AWAY,"OVER $1,500",IMPROPER OVERTAKING/PASSING,NOT APPLICABLE,8308,S,INGLESIDE AVE,2,NO INDICATION OF INJURY,0.0,0.0,0.0,0.0,0.0,1.0,0.0,15,2,5
43df1bd4c52ae48bbddd3d3d1113b8936063964d62359af2e9a21af3dff5f9c9e77a8798e13b7544c32fbf81f29cc52d06deb59f9a7b0f11c871c59834426e6d,2023-04-05 22:40:00,30,TRAFFIC SIGNAL,FUNCTIONING PROPERLY,CLEAR,"DARKNESS, LIGHTED ROAD",REAR END,DIVIDED - W/MEDIAN (NOT RAISED),STRAIGHT AND LEVEL,DRY,NO DEFECTS,NO INJURY / DRIVE AWAY,"OVER $1,500",FOLLOWING TOO CLOSELY,FAILING TO YIELD RIGHT-OF-WAY,2800,N,NARRAGANSETT AVE,2,NO INDICATION OF INJURY,0.0,0.0,0.0,0.0,0.0,2.0,0.0,22,4,4
52fb8a2fd80ad6883c3ec975a22132e1c3ad04ee1892fa67c6011f9ca073f895a423d3e6290182b0b1cce154f52f0a4be392bd8ea8068752192dda40db9e2997,2022-01-10 15:00:00,30,NO CONTROLS,NO CONTROLS,CLEAR,DARKNESS,REAR TO FRONT,NOT DIVIDED,STRAIGHT AND LEVEL,DRY,NO DEFECTS,NO INJURY / DRIVE AWAY,"OVER $1,500",IMPROPER BACKING,NOT APPLICABLE,4550,W,ADDISON ST,2,NO INDICATION OF INJURY,0.0,0.0,0.0,0.0,0.0,2.0,0.0,15,2,1