CRASH_RECORD_ID,CRASH_DATE,POSTED_SPEED_LIMIT,TRAFFIC_CONTROL_DEVICE,DEVICE_CONDITION,WEATHER_CONDITION,LIGHTING_CONDITION,FIRST_CRASH_TYPE,TRAFFICWAY_TYPE,ALIGNMENT,ROADWAY_SURFACE_COND,ROAD_DEFECT,CRASH_TYPE,DAMAGE,PRIM_CONTRIBUTORY_CAUSE,SEC_CONTRIBUTORY_CAUSE,STREET_NO,STREET_DIRECTION,STREET_NAME,NUM_UNITS,MOST_SEVERE_INJURY,INJURIES_TOTAL,INJURIES_FATAL,INJURIES_INCAPACITATING,INJURIES_NON_INCAPACITATING,INJURIES_REPORTED_NOT_EVIDENT,INJURIES_NO_INDICATION,INJURIES_UNKNOWN,CRASH_HOUR,CRASH_DAY_OF_WEEK,CRASH_MONTH
48b54b74e81c911596a38eba8284926e76461c834a947ed496728d4855f4fe63c306052a1e405fd2e5e50102fe0cbb4aaa56b8e9e3f5a8ae2dfc1eb4365d25c4,2018-12-08 10:00:00,30,NO CONTROLS,NO CONTROLS,CLEAR,UNKNOWN,PARKED MOTOR VEHICLE,OTHER,STRAIGHT AND LEVEL,DRY,NO DEFECTS,NO INJURY / DRIVE AWAY,"$501 - $1,500",UNABLE TO DETERMINE,NOT APPLICABLE,7831,S,CREGIER AVE,2,NO INDICATION OF INJURY,0.0,0.0,0.0,0.0,0.0,1.0,0.0,10,7,12
8aff083a6fd105658dfbff51da4db1a212b7c2343ccf1aeed31d0e1e762a06d3e9ad71b7c1cffd3cb7717b068180f6181e304696a74e0496a1fe9efc8c8a19fe,2016-10-20 16:45:00,30,NO CONTROLS,NO CONTROLS,CLEAR,DAYLIGHT,REAR END,NOT DIVIDED,STRAIGHT AND LEVEL,DRY,NO DEFECTS,NO INJURY / DRIVE AWAY,"OVER $1,500",UNABLE TO DETERMINE,UNABLE TO DETERMINE,1210,N,LARRABEE ST,2,NO INDICATION OF INJURY,0.0,0.0,0.0,0.0,0.0,2.0,0.0,16,5,10
9df832a324a93df2b14ca230aebbbd9b0fbb5c1d2e3ca453c1352b1b118453c07ffef500f2e877971bd85e76faff479934722ceced44b042e3c8430e53773ada,2021-12-07 10:45:00,30,NO CONTROLS,NO CONTROLS,CLEAR,DAYLIGHT,SIDESWIPE SAME DIRECTION,DIVIDED - W/MEDIAN (NOT RAISED),STRAIGHT AND LEVEL,DRY,NO DEFECTS,NO INJURY / DRIVE AWAY,"OVER $1,500",FAILING TO YIELD RIGHT-OF-WAY,IMPROPER LANE USAGE,5755,W,ADDISON ST,3,NO INDICATION OF INJURY,0.0,0.0,0.0,0.0,0.0,2.0,0.0,10,3,12
f9464f0659205250da04ed0375781070bc92cad5ec99d66f9a034cf9eb69c14583abe3b4c55a235cfcffc2538012b941fb6ea4993cc37b90c79d1fd70493e1a7,2020-11-11 16:49:00,30,NO CONTROLS,NO CONTROLS,CLEAR,DUSK,REAR TO FRONT,ONE-WAY,STRAIGHT AND LEVEL,DRY,NO DEFECTS,NO INJURY / DRIVE AWAY,$500 OR LESS,DRIVING SKILLS/KNOWLEDGE/EXPERIENCE,FOLLOWING TOO CLOSELY,6208,N,ROCKWELL ST,2,NO INDICATION OF INJURY,0.0,0.0,0.0,0.0,0.0,2.0,0.0,16,4,11
ce10e50e6364be90aae699fddd6819f9903c4bcd3de3ae5556cbff7ae05b06a941410f6f3ad3d4da4fde2b928fb5dcd2a98b5362a0a002e0a52299f4b292a8cd,2017-10-15 12:00:00,30,TRAFFIC SIGNAL,UNKNOWN,CLEAR,DAYLIGHT,REAR END,UNKNOWN,STRAIGHT AND LEVEL,UNKNOWN,UNKNOWN,INJURY AND / OR TOW DUE TO CRASH,"$501 - $1,500",UNABLE TO DETERMINE,UNABLE TO DETERMINE,3960,S,ARCHER AVE,2,"REPORTED, NOT EVIDENT",1.0,0.0,0.0,0.0,1.0,1.0,0.0,12,1,10
599132836ccd8dda0d17bd8a90332367b947aea342af100b265ba3e92ee8b71e40e2bb6a21ab61fd2e9627f0f1ac256552dc883c3215b2652aa1f8ae4118fb91,2019-06-17 17:40:00,30,TRAFFIC SIGNAL,FUNCTIONING PROPERLY,CLEAR,DAYLIGHT,TURNING,NOT DIVIDED,STRAIGHT AND LEVEL,DRY,NO DEFECTS,INJURY AND / OR TOW DUE TO CRASH,"OVER $1,500",UNABLE TO DETERMINE,UNABLE TO DETERMINE,957,W,59TH ST,2,"REPORTED, NOT EVIDENT",4.0,0.0,0.0,0.0,4.0,2.0,0.0,17,2,6
612d1dd188da7b26b76b0ba287bf5049e0d93156aded7d3ae90e7768e4475ecfe185c372a48f5dc21c00327034811b7ca19f2ab5174f6f64bd978fcc82dbeddc,2022-07-19 19:30:00,30,NO CONTROLS,NO CONTROLS,UNKNOWN,DARKNESS,PEDESTRIAN,NOT DIVIDED,STRAIGHT AND LEVEL,UNKNOWN,UNKNOWN,INJURY AND / OR TOW DUE TO CRASH,"OVER $1,500",UNABLE TO DETERMINE,UNABLE TO DETERMINE,800,W,DIVISION ST,2,NONINCAPACITATING INJURY,1.0,0.0,0.0,1.0,0.0,1.0,0.0,19,3,7
af0277f37f52739bf331865b665e173b36b213fd4499b07da9b72cd51300f12ae86fb0bd1837681d1a13e4ad293ddb7d22815e6c8b5bafa2772330f5eee26005,2021-06-07 16:00:00,10,NO CONTROLS,NO CONTROLS,CLEAR,DAYLIGHT,PARKED MOTOR VEHICLE,PARKING LOT,STRAIGHT AND LEVEL,UNKNOWN,UNKNOWN,NO INJURY / DRIVE AWAY,"$501 - $1,500",CELL PHONE USE OTHER THAN TEXTING,IMPROPER BACKING,526,S,WELLS ST,2,NO INDICATION OF INJURY,0.0,0.0,0.0,0.0,0.0,1.0,0.0,16,2,6
29becd15319733670c7bc830644272eeb84f93c16a3e84a9ab6476b19fc7a2544d36761b3f8e62e55d9bcd95b2dd08a7e25446ec26dbc2be39784ee8cd7bd9ba,2022-03-24 17:30:00,30,NO CONTROLS,NO CONTROLS,CLEAR,DAYLIGHT,PEDALCYCLIST,DIVIDED - W/MEDIAN (NOT RAISED),STRAIGHT AND LEVEL,DRY,NO DEFECTS,NO INJURY / DRIVE AWAY,"OVER $1,500",UNABLE TO DETERMINE,UNABLE TO DETERMINE,3034,N,PULASKI RD,2,NO INDICATION OF INJURY,0.0,0.0,0.0,0.0,0.0,2.0,0.0,17,5,3
236a06e50960c9eb5296d42e93dd45a2c8b83cf3b2e3c1115ac6f483f6df81b524249c67d306ac06fec8c810dc33afe27961bb17ae7bee3770c58cd14f4804e7,2023-04-06 12:18:00,30,NO CONTROLS,NO CONTROLS,CLEAR,DAYLIGHT,ANGLE,T-INTERSECTION,STRAIGHT AND LEVEL,DRY,UNKNOWN,INJURY AND / OR TOW DUE TO CRASH,"OVER $1,500",FAILING TO YIELD RIGHT-OF-WAY,FAILING TO YIELD RIGHT-OF-WAY,4200,S,WESTERN AVE,2,NO INDICATION OF INJURY,0.0,0.0,0.0,0.0,0.0,2.0,0.0,12,5,4
098467e6d4ffc7031e36d0b071f9c5ea54de86a26b06c878b3bb03ff486c09fa483d3a9a9f86ed98e1aa1e26967221223f809cdf957f371493913778b11fa89e,2021-05-31 06:40:00,30,NO CONTROLS,NO CONTROLS,CLEAR,DAWN,FIXED OBJECT,OTHER,STRAIGHT AND LEVEL,DRY,NO DEFECTS,INJURY AND / OR TOW DUE TO CRASH,"OVER $1,500",PHYSICAL CONDITION OF DRIVER,NOT APPLICABLE,9560,S,HALSTED ST,1,INCAPACITATING INJURY,1.0,0.0,1.0,0.0,0.0,0.0,0.0,6,2,5
18bc6f5f7c13d56e9c8f976165cbd0ba30936e307a30ce29b881e61a2281979c3fd541a9da4c0e734c6fb410638d8cbbb1cd09edf21f89314cd1b4e8286ab36c,2023-04-27 21:50:00,30,TRAFFIC SIGNAL,FUNCTIONING PROPERLY,CLEAR,"DARKNESS, LIGHTED ROAD",SIDESWIPE SAME DIRECTION,DIVIDED - W/MEDIAN (NOT RAISED),STRAIGHT AND LEVEL,DRY,NO DEFECTS,NO INJURY / DRIVE AWAY,"$501 - $1,500",IMPROPER OVERTAKING/PASSING,FAILING TO YIELD RIGHT-OF-WAY,2801,W,NORTH AVE,2,NO INDICATION OF INJURY,0.0,0.0,0.0,0.0,0.0,2.0,0.0,21,5,4
4952d1745ca5a98545f0b1c64ca129640292cdde5c230ed44cf08d9aae159114f39359b87395805b810d303f5fc12dae113b7bc60897e3adcaeefbcf76bc74f4,2022-08-10 02:05:00,30,NO CONTROLS,NO CONTROLS,CLEAR,"DARKNESS, LIGHTED ROAD",OTHER NONCOLLISION,DIVIDED - W/MEDIAN BARRIER,STRAIGHT AND LEVEL,DRY,NO DEFECTS,INJURY AND / OR TOW DUE TO CRASH,"OVER $1,500",UNABLE TO DETERMINE,NOT APPLICABLE,423,W,51ST ST,1,NO INDICATION OF INJURY,0.0,0.0,0.0,0.0,0.0,1.0,0.0,2,4,8
6f653c37b0e07dcd2bc1652c5080cc6fa02af76a4657a065275f0549c2b8aeaddab49afc9428d7cc52f5afd2bce316d9294d7d0f2236d5b5a7d8223287568f2f,2021-02-17 03:30:00,30,NO CONTROLS,NO CONTROLS,CLEAR,"DARKNESS, LIGHTED ROAD",PARKED MOTOR VEHICLE,ONE-WAY,STRAIGHT AND LEVEL,DRY,NO DEFECTS,NO INJURY / DRIVE AWAY,"OVER $1,500",UNABLE TO DETERMINE,UNABLE TO DETERMINE,121,S,MASON AVE,2,NO INDICATION OF INJURY,0.0,0.0,0.0,0.0,0.0,1.0,0.0,3,4,2
ebef5a7ba2b4be8ac10c140b9653c2ef6b95c1944665b0ed5a32c4a59d4638411e0d027214ec53d39dba6f3dac0ace717a1a5d2f547a5182dec3c2d95ac94ac2,2020-04-24 15:30:00,30,NO CONTROLS,NO CONTROLS,UNKNOWN,DAYLIGHT,PARKED MOTOR VEHICLE,OTHER,STRAIGHT AND LEVEL,UNKNOWN,UNKNOWN,NO INJURY / DRIVE AWAY,"OVER $1,500",UNABLE TO DETERMINE,UNABLE TO DETERMINE,5424,S,INDIANA AVE,2,NO INDICATION OF INJURY,0.0,0.0,0.0,0.0,0.0,1.0,0.0,15,6,4
06943bf817f4e6eb2503325e43c82f51a6e5e911296133d52141cd5103fd95698b05d542cf08bba9e9fe811676186b7105801b0f7b84477fe1c8fd0dc2f19f8c,2022-09-15 09:18:00,30,STOP SIGN/FLASHER,FUNCTIONING PROPERLY,CLEAR,DAYLIGHT,ANGLE,FOUR WAY,STRAIGHT AND LEVEL,DRY,NO DEFECTS,INJURY AND / OR TOW DUE TO CRASH,"OVER $1,500",FAILING TO YIELD RIGHT-OF-WAY,NOT APPLICABLE,2300,S,MICHIGAN AVE,2,"REPORTED, NOT EVIDENT",1.0,0.0,0.0,0.0,1.0,1.0,0.0,9,5,9
6420cc043c2c7dfac37f638c5410f2e40521df04318d0a22a9ed95476a467253e5aa75e1c8009771a6d299018c1691aec853f0d884578d7900b19289c9bef9f6,2024-02-29 10:40:00,30,NO CONTROLS,NO CONTROLS,CLEAR,DAYLIGHT,REAR END,NOT DIVIDED,STRAIGHT AND LEVEL,DRY,UNKNOWN,NO INJURY / DRIVE AWAY,"OVER $1,500",FAILING TO YIELD RIGHT-OF-WAY,FAILING TO YIELD RIGHT-OF-WAY,3521,S,ARCHER AVE,3,NO INDICATION OF INJURY,0.0,0.0,0.0,0.0,0.0,3.0,0.0,10,5,2
88d5c8f7cab41db866b8fbb570925358912879f5d9501af84f1e7eb363777f95c81ef0cf31d490d3de89057e05c01b51c58358a3c85222d690ba77ca047aaa12,2023-06-29 16:00:00,30,NO CONTROLS,NO CONTROLS,RAIN,DAYLIGHT,REAR END,NOT DIVIDED,STRAIGHT AND LEVEL,WET,UNKNOWN,NO INJURY / DRIVE AWAY,"$501 - $1,500",UNABLE TO DETERMINE,NOT APPLICABLE,544,W,FULLERTON PKWY,2,NO INDICATION OF INJURY,0.0,0.0,0.0,0.0,0.0,2.0,0.0,16,5,6
f107d50784ba4591c5f99d6ebb3fac58d7150d5488cacea10db3bbed59438d47830d7c3d789d9f279907814316f19bdf11c496ab7784e6fb237c432f68812c9e,2021-03-28 16:52:00,30,STOP SIGN/FLASHER,FUNCTIONING PROPERLY,CLEAR,DAYLIGHT,TURNING,ONE-WAY,STRAIGHT AND LEVEL,DRY,NO DEFECTS,NO INJURY / DRIVE AWAY,"OVER $1,500",FAILING TO YIELD RIGHT-OF-WAY,UNABLE TO DETERMINE,6600,S,WASHTENAW AVE,2,NO INDICATION OF INJURY,0.0,0.0,0.0,0.0,0.0,2.0,0.0,16,1,3
09ef38db2688b2521ec841f1a4f6d4359585c2b5944e7702ba19769f2a70cc6ae2c34c7c896375b7ccb5f3921b378021707f94db2235eeaf7adc25a7fc2822c3,2018-06-14 11:00:00,30,TRAFFIC SIGNAL,NO CONTROLS,CLEAR,DAYLIGHT,SIDESWIPE SAME DIRECTION,DIVIDED - W/MEDIAN (NOT RAISED),STRAIGHT AND LEVEL,DRY,NO DEFECTS,NO INJURY / DRIVE AWAY,"OVER $1,500",IMPROPER LANE USAGE,IMPROPER LANE USAGE,8659,S,WESTERN AVE,3,NO INDICATION OF INJURY,0.0,0.0,0.0,0.0,0.0,3.0,0.0,11,5,6
bf2858f884e38ece48e84c7b6e26abc838854cddad5f3dacf6c8fd8b23286544ce18def6b1dd0fa5d98207efdbebf38e76e87c70281d94c178b2493111b58d03,2022-03-01 02:40:00,30,NO CONTROLS,NO CONTROLS,CLEAR,DARKNESS,PARKED MOTOR VEHICLE,ONE-WAY,STRAIGHT AND LEVEL,DRY,NO DEFECTS,NO INJURY / DRIVE AWAY,"$501 - $1,500",UNABLE TO DETERMINE,UNABLE TO DETERMINE,9058,S,DAUPHIN AVE,2,NO INDICATION OF INJURY,0.0,0.0,0.0,0.0,0.0,1.0,0.0,2,3,3
15e0a02a34e1099b51b2b6bb428b7e9dae6158c0538dec4d8f9c2bbe6aeada6eba9f7adbfb3b5f492245f466551ffd4c2afd133512bbb59705fb6109e4b9b3a9,2021-06-07 08:00:00,30,NO CONTROLS,NO CONTROLS,CLEAR,DAYLIGHT,REAR END,DIVIDED - W/MEDIAN BARRIER,STRAIGHT AND LEVEL,DRY,NO DEFECTS,NO INJURY / DRIVE AWAY,"OVER $1,500",FOLLOWING TOO CLOSELY,UNABLE TO DETERMINE,2526,W,DIVERSEY AVE,2,NO INDICATION OF INJURY,0.0,0.0,0.0,0.0,0.0,2.0,0.0,8,2,6
3b662b69b6acb5a560218371694501e80b0a5cbd90455ad5d79e4491a476d659255dabe2c0497a24fb0cf6e6db6e074c5c64bdb065ef5b1280c049d6f174f03e,2024-02-29 05:57:00,5,NO CONTROLS,NO CONTROLS,CLEAR,DAYLIGHT,REAR TO FRONT,ONE-WAY,STRAIGHT AND LEVEL,DRY,NO DEFECTS,NO INJURY / DRIVE AWAY,$500 OR LESS,UNABLE TO DETERMINE,UNABLE TO DETERMINE,7623,S,MARSHFIELD AVE,3,NO INDICATION OF INJURY,0.0,0.0,0.0,0.0,0.0,2.0,0.0,5,5,2
15a742a7bacf698b0a42c671afafe1d74c044a2646941c33516ef671201dd2f1816230771917e755c67c8e616b6ef65af3ae558c2286d2230f98e529e952368d,2022-09-16 17:15:00,30,NO CONTROLS,NO CONTROLS,CLEAR,DAYLIGHT,SIDESWIPE SAME DIRECTION,NOT DIVIDED,STRAIGHT AND LEVEL,DRY,NO DEFECTS,NO INJURY / DRIVE AWAY,"OVER $1,500",IMPROPER OVERTAKING/PASSING,NOT APPLICABLE,5500,S,CICERO AVE,2,NO INDICATION OF INJURY,0.0,0.0,0.0,0.0,0.0,2.0,0.0,17,6,9
c25e06ed3d9fd23e3d6e34fe048b31c15f8a4753116014111c882df22435cfb1e80aec8d0b8537a300a095e6261a1a0480440632659cb70de3a6f4cd0b977ecd,2019-04-27 14:30:00,35,TRAFFIC SIGNAL,FUNCTIONING PROPERLY,SNOW,DAYLIGHT,REAR END,NOT DIVIDED,STRAIGHT AND LEVEL,SNOW OR SLUSH,NO DEFECTS,NO INJURY / DRIVE AWAY,"OVER $1,500",FOLLOWING TOO CLOSELY,UNABLE TO DETERMINE,7905,S,COTTAGE GROVE AVE,2,NO INDICATION OF INJURY,0.0,0.0,0.0,0.0,0.0,2.0,0.0,14,7,4
12279e7872dd824edbc34fc3aeaa8c373c057f0759db6dbbb7fb06f9b6e15970587c1ebc570cfb2fe59dbc4d6f4c1a0b4ac2b571fa809ef281d2cb26f03bad64,2017-03-23 14:00:00,30,NO CONTROLS,NO CONTROLS,CLEAR,DAYLIGHT,TURNING,DIVIDED - W/MEDIAN (NOT RAISED),STRAIGHT AND LEVEL,DRY,UNKNOWN,NO INJURY / DRIVE AWAY,"$501 - $1,500",UNABLE TO DETERMINE,UNABLE TO DETERMINE,58,W,79TH ST,2,NO INDICATION OF INJURY,0.0,0.0,0.0,0.0,0.0,2.0,0.0,14,5,3
a05c2cbfc5708d38caa674085cfe377de6f3d948cb99db86b353a568d48018520be6d12130e17ea0c7d6dc2f1f112657d6ca020db030508eca18744f832c84ae,2017-10-19 19:12:00,30,TRAFFIC SIGNAL,FUNCTIONING PROPERLY,CLEAR,"DARKNESS, LIGHTED ROAD",REAR END,NOT DIVIDED,STRAIGHT AND LEVEL,DRY,NO DEFECTS,NO INJURY / DRIVE AWAY,"$501 - $1,500",FOLLOWING TOO CLOSELY,FAILING TO REDUCE SPEED TO AVOID CRASH,3550,W,IRVING PARK RD,2,NO INDICATION OF INJURY,0.0,0.0,0.0,0.0,0.0,4.0,0.0,19,5,10
53e10105db98fc1e53d516651daa1da6ccf712bb24d1b57d6ca9ee7eb80d0ac7e298b4c2acf11e1bea2dbfcd5876bca1bb9cad1ff61c54f945bcc8fd3d116d35,2024-03-03 09:20:00,15,NO CONTROLS,NO CONTROLS,CLEAR,DAYLIGHT,PARKED MOTOR VEHICLE,PARKING LOT,STRAIGHT AND LEVEL,DRY,NO DEFECTS,NO INJURY / DRIVE AWAY,"OVER $1,500",UNABLE TO DETERMINE,UNABLE TO DETERMINE,3030,N,BROADWAY,2,NO INDICATION OF INJURY,0.0,0.0,0.0,0.0,0.0,1.0,0.0,9,1,3
c0b7d45da64d1dd016c6201aba66f07e11adf94134272e6f5f97179a3059ba272952bbea109dc2ef9e10293617af00c4b5132778507a6d4e1a977e6d80dee956,2020-10-22 21:30:00,20,NO CONTROLS,UNKNOWN,CLEAR,DARKNESS,REAR END,ONE-WAY,STRAIGHT AND LEVEL,DRY,UNKNOWN,INJURY AND / OR TOW DUE TO CRASH,"OVER $1,500",UNABLE TO DETERMINE,NOT APPLICABLE,7819,S,COLFAX AVE,2,NO INDICATION OF INJURY,0.0,0.0,0.0,0.0,0.0,2.0,0.0,21,5,10
e4048b2ccb33065edc2993f145fe8e6a4ac925e797e5d9566607d52291e721bd968e5eb1ccf607e4333cb12ba6e5fd3e9123c0631ec3db0761fa616c5130416f,2015-12-08 18:30:00,30,NO CONTROLS,NO CONTROLS,CLEAR,"DARKNESS, LIGHTED ROAD",REAR END,PARKING LOT,STRAIGHT AND LEVEL,DRY,NO DEFECTS,NO INJURY / DRIVE AWAY,"OVER $1,500",UNABLE TO DETERMINE,NOT APPLICABLE,1901,W,MADISON ST,2,NO INDICATION OF INJURY,0.0,0.0,0.0,0.0,0.0,4.0,0.0,18,3,12
c46c94480732aaca804baf20500ef283ca6e9ac56d620deef30bda54a49ceeeed4000587d1775c44bc5c086432b29f5cace886131064542e120d38e1fbbebf4a,2020-02-16 18:15:00,30,NO CONTROLS,NOT FUNCTIONING,UNKNOWN,UNKNOWN,REAR END,NOT DIVIDED,STRAIGHT AND LEVEL,UNKNOWN,NO DEFECTS,NO INJURY / DRIVE AWAY,"$501 - $1,500",FOLLOWING TOO CLOSELY,NOT APPLICABLE,501,W,ROOSEVELT RD,2,NO INDICATION OF INJURY,0.0,0.0,0.0,0.0,0.0,2.0,0.0,18,1,2
140c28e77074c47e125cce2f0f708c63f291eddf6372597fa5cc3e1f0e601a2aca1ed4f5d5197c9e1e893c887e4ea73469d566c006ec34081c798f434cfa62ce,2018-02-17 15:11:00,30,NO CONTROLS,NO CONTROLS,SNOW,DAYLIGHT,REAR END,NOT DIVIDED,STRAIGHT AND LEVEL,WET,NO DEFECTS,NO INJURY / DRIVE AWAY,"OVER $1,500",FAILING TO REDUCE SPEED TO AVOID CRASH,UNABLE TO DETERMINE,10929,S,KEDZIE AVE,4,NO INDICATION OF INJURY,0.0,0.0,0.0,0.0,0.0,4.0,0.0,15,7,2
a1e045edd5381faed10f727fbc04670a711b628cb54b5d3f959e100e65ca8aa552ecf0bd4d2d6a4c05183b2308dff9656ad5446fd2cdfe3cd33b653d182ec77b,2018-02-28 14:30:00,35,UNKNOWN,UNKNOWN,CLEAR,DAYLIGHT,SIDESWIPE SAME DIRECTION,NOT DIVIDED,STRAIGHT AND LEVEL,DRY,UNKNOWN,NO INJURY / DRIVE AWAY,"$501 - $1,500",DRIVING SKILLS/KNOWLEDGE/EXPERIENCE,NOT APPLICABLE,4308,W,MARQUETTE RD,2,NO INDICATION OF INJURY,0.0,0.0,0.0,0.0,0.0,2.0,0.0,14,4,2
f6b28de87945d66bde57eb9c21a54c569812ab6d7ef9f8b45419eaf1b3568fa1a21068e8d24c138915f4041a1dafd36ebe3f96ce56f0c7be04399d9c2a0b955b,2018-09-23 16:47:00,30,NO CONTROLS,NO CONTROLS,CLEAR,DAYLIGHT,PARKED MOTOR VEHICLE,NOT DIVIDED,STRAIGHT AND LEVEL,DRY,NO DEFECTS,NO INJURY / DRIVE AWAY,"OVER $1,500",UNABLE TO DETERMINE,UNABLE TO DETERMINE,521,S,AUSTIN BLVD,2,NO INDICATION OF INJURY,0.0,0.0,0.0,0.0,0.0,1.0,0.0,16,1,9
eb634d89c3d9de28974c396eb703059ca8d84ef868e456f6105cce82aa72a6ecce1a19f4336a73c6eb16ccb7f8980f5f4e1ec7224f06a90837d560fda39ca9b6,2017-11-03 10:45:00,15,NO CONTROLS,NO CONTROLS,CLEAR,DAYLIGHT,FIXED OBJECT,PARKING LOT,STRAIGHT AND LEVEL,DRY,NO DEFECTS,NO INJURY / DRIVE AWAY,"OVER $1,500",DRIVING SKILLS/KNOWLEDGE/EXPERIENCE,NOT APPLICABLE,8357,S,COTTAGE GROVE AVE,1,NO INDICATION OF INJURY,0.0,0.0,0.0,0.0,0.0,2.0,0.0,10,6,11
07e3e93e19259c1b8b18e8ed95254a548be5c4d8309fa04483bcae734aa2800b6689a2afc8da5cf9c64de354008b966d3d51825496eaab5394efe4fe32722cd0,2021-02-26 07:40:00,35,TRAFFIC SIGNAL,FUNCTIONING PROPERLY,CLEAR,DAYLIGHT,REAR END,DIVIDED - W/MEDIAN (NOT RAISED),STRAIGHT AND LEVEL,DRY,NO DEFECTS,NO INJURY / DRIVE AWAY,"OVER $1,500",FOLLOWING TOO CLOSELY,UNABLE TO DETERMINE,7900,S,HALSTED ST,2,NO INDICATION OF INJURY,0.0,0.0,0.0,0.0,0.0,2.0,0.0,7,6,2
acf557972db7984729066bf43f6823404ab76afee2445c7ce94029ea73690355c44e0494ef8b9942f984525b8dedff9b2bc00fc9f239211de681132191f42e0e,2019-11-23 17:25:00,30,NO CONTROLS,NO CONTROLS,CLEAR,"DARKNESS, LIGHTED ROAD",SIDESWIPE SAME DIRECTION,NOT DIVIDED,STRAIGHT AND LEVEL,DRY,UNKNOWN,NO INJURY / DRIVE AWAY,"OVER $1,500",UNABLE TO DETERMINE,UNABLE TO DETERMINE,5146,W,FOSTER AVE,2,NO INDICATION OF INJURY,0.0,0.0,0.0,0.0,0.0,2.0,0.0,17,7,11
a53231dc0e9453e9a911fa6c24be62f0fc6318312ec4a05c252e514dd8b06e0cac2e4c1f5e4d018243d80f7811f1fda3d5b65a01d919d632a00ceb3db3425953,2019-05-31 13:00:00,30,NO CONTROLS,NO CONTROLS,CLEAR,DAYLIGHT,REAR END,DIVIDED - W/MEDIAN (NOT RAISED),STRAIGHT AND LEVEL,DRY,NO DEFECTS,INJURY AND / OR TOW DUE TO CRASH,"$501 - $1,500",FOLLOWING TOO CLOSELY,NOT APPLICABLE,1500,S,DAMEN AVE,3,"REPORTED, NOT EVIDENT",1.0,0.0,0.0,0.0,1.0,2.0,0.0,13,6,5
e33354ecfbd571dcb15f0af099ddcbe97e5eeec5d2f6dd388ea79471541be63bcd3c6d8992792b42052c3dae4d525e664271c4d035eefbd9739625b26106e3cf,2019-12-19 19:30:00,30,NO CONTROLS,NO CONTROLS,CLEAR,"DARKNESS, LIGHTED ROAD",SIDESWIPE SAME DIRECTION,NOT DIVIDED,STRAIGHT AND LEVEL,DRY,NO DEFECTS,NO INJURY / DRIVE AWAY,"OVER $1,500",DRIVING ON WRONG SIDE/WRONG WAY,NOT APPLICABLE,12123,S,MICHIGAN AVE,3,NO INDICATION OF INJURY,0.0,0.0,0.0,0.0,0.0,2.0,0.0,19,5,12
b095d162d4183d539d1c3c76dd82072cc16cea50deddb159653f4daca87ad814e6355bd72b3c7622e8f12bd307462fa79a149d116a10162709016e07f2c9ebb1,2020-03-09 18:06:00,30,NO CONTROLS,NO CONTROLS,RAIN,DUSK,TURNING,NOT DIVIDED,STRAIGHT AND LEVEL,WET,NO DEFECTS,INJURY AND / OR TOW DUE TO CRASH,"OVER $1,500",FAILING TO YIELD RIGHT-OF-WAY,NOT APPLICABLE,4608,N,SHERIDAN RD,3,NONINCAPACITATING INJURY,1.0,0.0,0.0,1.0,0.0,3.0,0.0,18,2,3
38d3d3c0276b50024cce6977a8e64808051afe6a2997e50b86de985a74e3cc54f0f3436f4de948dc146d96dd77f046ef53b482a0196066380319d23707bf4ca8,2022-06-07 15:20:00,30,NO CONTROLS,FUNCTIONING PROPERLY,CLEAR,DAYLIGHT,ANGLE,ONE-WAY,STRAIGHT AND LEVEL,DRY,NO DEFECTS,INJURY AND / OR TOW DUE TO CRASH,"OVER $1,500",DRIVING ON WRONG SIDE/WRONG WAY,UNABLE TO DETERMINE,1300,S,HARDING AVE,2,NO INDICATION OF INJURY,0.0,0.0,0.0,0.0,0.0,3.0,0.0,15,3,6
de2d921a24c6d4b84ab2ad7cde5f5735c455b13f8feac92d38daf7a9467ef8aa7c695f1c4c2eff0fc2458a637f2936a1a03ab4dcad397994762481588c8fbcc6,2019-09-06 18:55:00,30,TRAFFIC SIGNAL,FUNCTIONING PROPERLY,CLEAR,"DARKNESS, LIGHTED ROAD",FIXED OBJECT,OTHER,STRAIGHT AND LEVEL,DRY,NO DEFECTS,INJURY AND / OR TOW DUE TO CRASH,"OVER $1,500",UNABLE TO DETERMINE,NOT APPLICABLE,137,W,CERMAK RD,1,NO INDICATION OF INJURY,0.0,0.0,0.0,0.0,0.0,1.0,0.0,18,6,9
f5faa06d6d2963c952c60eb849d2c2646874bce0038996941904058bf9173df336e2a267b1e99c43cfd0c29868068d399763ddc3653a293d188ee2eacb9c3e4b,2018-09-16 02:15:00,30,NO CONTROLS,NO CONTROLS,CLEAR,"DARKNESS, LIGHTED ROAD",HEAD ON,NOT DIVIDED,STRAIGHT AND LEVEL,DRY,NO DEFECTS,INJURY AND / OR TOW DUE TO CRASH,"OVER $1,500",DRIVING ON WRONG SIDE/WRONG WAY,UNABLE TO DETERMINE,1628,N,NARRAGANSETT AVE,2,NO INDICATION OF INJURY,0.0,0.0,0.0,0.0,0.0,2.0,0.0,2,1,9
fa07a835e4e66f9cde3fe1e997e98013c6e12506cfd009d3a3dd58120302e2b4a2ecd89b5c6f33b221433510ff5355306fda33729947945bdf70d07d1f93d429,2020-03-04 10:30:00,30,TRAFFIC SIGNAL,FUNCTIONING PROPERLY,CLEAR,DAYLIGHT,TURNING,FOUR WAY,STRAIGHT AND LEVEL,DRY,NO DEFECTS,NO INJURY / DRIVE AWAY,"OVER $1,500",IMPROPER TURNING/NO SIGNAL,NOT APPLICABLE,200,N,LA SALLE ST,2,NO INDICATION OF INJURY,0.0,0.0,0.0,0.0,0.0,2.0,0.0,10,4,3