CRASH_RECORD_ID,CRASH_DATE,POSTED_SPEED_LIMIT,TRAFFIC_CONTROL_DEVICE,DEVICE_CONDITION,WEATHER_CONDITION,LIGHTING_CONDITION,FIRST_CRASH_TYPE,TRAFFICWAY_TYPE,ALIGNMENT,ROADWAY_SURFACE_COND,ROAD_DEFECT,CRASH_TYPE,DAMAGE,PRIM_CONTRIBUTORY_CAUSE,SEC_CONTRIBUTORY_CAUSE,STREET_NO,STREET_DIRECTION,STREET_NAME,NUM_UNITS,MOST_SEVERE_INJURY,INJURIES_TOTAL,INJURIES_FATAL,INJURIES_INCAPACITATING,INJURIES_NON_INCAPACITATING,INJURIES_REPORTED_NOT_EVIDENT,INJURIES_NO_INDICATION,INJURIES_UNKNOWN,CRASH_HOUR,CRASH_DAY_OF_WEEK,CRASH_MONTH
e8357525fba6fce9212e8a3100934eb97c77144b0e010fdde5fe944293aff8174d5650249d923549138143ab2222fdd9b93e67fe1a8f216c7b203c1c173b047c,2020-04-23 18:30:00,30,TRAFFIC SIGNAL,UNKNOWN,CLOUDY/OVERCAST,DAYLIGHT,SIDESWIPE SAME DIRECTION,NOT DIVIDED,STRAIGHT AND LEVEL,WET,UNKNOWN,NO INJURY / DRIVE AWAY,"OVER $1,500",UNABLE TO DETERMINE,IMPROPER BACKING,958,N,HAMLIN AVE,2,NO INDICATION OF INJURY,0.0,0.0,0.0,0.0,0.0,2.0,0.0,18,5,4
0be72afc38c82bcff9756b4ff9e88728eed25af90115f72979c8b2b49e7e8701becae5979145c7b478b87e4bd2574aced5bb87a67ecaef5d9e8d18cb058ce7df,2018-02-27 16:12:00,30,NO CONTROLS,NO CONTROLS,CLEAR,DAYLIGHT,REAR END,NOT DIVIDED,STRAIGHT AND LEVEL,DRY,UNKNOWN,NO INJURY / DRIVE AWAY,"OVER $1,500",FAILING TO REDUCE SPEED TO AVOID CRASH,FOLLOWING TOO CLOSELY,1831,S,CALIFORNIA AVE,4,NO INDICATION OF INJURY,0.0,0.0,0.0,0.0,0.0,8.0,0.0,16,3,2
55b2799faf27c3245f2f7c73ab91863e5a66613bb82fbfc2f283e39e40bcb4403d29e8e3c217247f016967062543325f17465534e30468ae729ddc6e8bb41bef,2017-04-17 04:11:00,35,LANE USE MARKING,FUNCTIONING PROPERLY,CLEAR,"DARKNESS, LIGHTED ROAD",PARKED MOTOR VEHICLE,DIVIDED - W/MEDIAN (NOT RAISED),STRAIGHT AND LEVEL,DRY,NO DEFECTS,INJURY AND / OR TOW DUE TO CRASH,"$501 - $1,500",IMPROPER LANE USAGE,DRIVING SKILLS/KNOWLEDGE/EXPERIENCE,1053,W,GARFIELD BLVD,2,NO INDICATION OF INJURY,0.0,0.0,0.0,0.0,0.0,1.0,0.0,4,2,4
08ffa7e00a5138ef012fe8e1cd21da7db35007fd1d04b0b24ce457a49a3286fcf9275791c94a7a537bd7632fcf19f7d4f6a76e176d93daace14387bd16814246,2022-02-05 01:00:00,25,NO CONTROLS,NO CONTROLS,SNOW,DARKNESS,SIDESWIPE OPPOSITE DIRECTION,DIVIDED - W/MEDIAN (NOT RAISED),STRAIGHT AND LEVEL,SNOW OR SLUSH,NO DEFECTS,NO INJURY / DRIVE AWAY,"OVER $1,500",NOT APPLICABLE,NOT APPLICABLE,150,W,ERIE ST,2,NO INDICATION OF INJURY,0.0,0.0,0.0,0.0,0.0,2.0,0.0,1,7,2
2cfac90d8aaf538a9d3c2faa9e8717f0ade962208c1d6ca9ca20c5c5b02237c85888c916a175db78a867e99fd20658bd79a132ae43df0465933ba2b1cfe0481e,2024-02-12 21:10:00,45,NO CONTROLS,NO CONTROLS,CLEAR,"DARKNESS, LIGHTED ROAD",SIDESWIPE SAME DIRECTION,NOT DIVIDED,STRAIGHT AND LEVEL,DRY,NO DEFECTS,NO INJURY / DRIVE AWAY,"OVER $1,500",UNABLE TO DETERMINE,UNABLE TO DETERMINE,116,N,LAKE SHORE DR SB,2,NO INDICATION OF INJURY,0.0,0.0,0.0,0.0,0.0,3.0,0.0,21,2,2
ffc7f1eadd31a742cbcf944dfa1f84976192e2f1905f3b203b0a410efd5dd761d3827e751e6a0d9ba0335ce925905af214faff9e868a412429bb6cb1a7f19d3b,2017-09-07 21:30:00,30,NO CONTROLS,NO CONTROLS,CLEAR,"DARKNESS, LIGHTED ROAD",SIDESWIPE SAME DIRECTION,DIVIDED - W/MEDIAN BARRIER,STRAIGHT AND LEVEL,DRY,NO DEFECTS,NO INJURY / DRIVE AWAY,$500 OR LESS,UNABLE TO DETERMINE,NOT APPLICABLE,199,W,CONGRESS PKWY,2,NO INDICATION OF INJURY,0.0,0.0,0.0,0.0,0.0,2.0,0.0,21,5,9
9fe4b622cce6f4ef31e849fac7fe813c28531138576c3646d69789aadff23ffab6147e0f2c74f1fa361ea3079d9670b3aaf227bdff44015491e2eed789820c2c,2016-12-08 22:00:00,15,NO CONTROLS,NO CONTROLS,CLEAR,"DARKNESS, LIGHTED ROAD",REAR END,PARKING LOT,STRAIGHT AND LEVEL,DRY,UNKNOWN,NO INJURY / DRIVE AWAY,"OVER $1,500",IMPROPER BACKING,UNABLE TO DETERMINE,7600,S,PULASKI RD,2,NO INDICATION OF INJURY,0.0,0.0,0.0,0.0,0.0,2.0,0.0,22,5,12
cb30d0721e43e2c4b09d79fa8258540c7add0dd5ac9c2f0edbf056dcb63928efe3399472b050cf67fd9b0c48c00f881ac81761e5788a119ecd52d61828abefe0,2019-03-09 21:15:00,25,TRAFFIC SIGNAL,FUNCTIONING PROPERLY,RAIN,"DARKNESS, LIGHTED ROAD",REAR END,NOT DIVIDED,STRAIGHT AND LEVEL,WET,NO DEFECTS,NO INJURY / DRIVE AWAY,"$501 - $1,500",UNABLE TO DETERMINE,FOLLOWING TOO CLOSELY,375,E,47TH ST,2,NO INDICATION OF INJURY,0.0,0.0,0.0,0.0,0.0,2.0,0.0,21,7,3
aee03eefdf42dcde295aae6ec4e25686574348719a8fce060ad096467813b94e3b67c172b052259cd659449465536ff44df6f259b4ac064bd510d19d2d60e63b,2022-10-29 17:25:00,25,NO CONTROLS,NO CONTROLS,CLEAR,DAYLIGHT,PARKED MOTOR VEHICLE,NOT DIVIDED,STRAIGHT AND LEVEL,DRY,NO DEFECTS,INJURY AND / OR TOW DUE TO CRASH,"OVER $1,500",FAILING TO REDUCE SPEED TO AVOID CRASH,DRIVING SKILLS/KNOWLEDGE/EXPERIENCE,3340,N,MENARD AVE,2,NO INDICATION OF INJURY,0.0,0.0,0.0,0.0,0.0,1.0,0.0,17,7,10
60b53a66aaa1c178cb6f51748cada39ea4998647750a5e0b8decb4fb4eb28ad3bb7aa3c77b40752377357e9ea7c8ff9eb9398862a9b7989e70274c50a0b598d4,2023-05-22 14:00:00,30,NO CONTROLS,NO CONTROLS,CLEAR,DAYLIGHT,PARKED MOTOR VEHICLE,ONE-WAY,STRAIGHT AND LEVEL,DRY,NO DEFECTS,NO INJURY / DRIVE AWAY,"OVER $1,500",UNABLE TO DETERMINE,NOT APPLICABLE,455,N,PARK DR,2,NO INDICATION OF INJURY,0.0,0.0,0.0,0.0,0.0,2.0,0.0,14,2,5
0fe3033b61b865adb677622a1c356c012b3c1c5ea987171f1361d4de963037c38dbbfb05e911d743eb9d6fa2bdfde7acc62578f1a3de3a887121722505ef0fb1,2023-07-22 03:43:00,30,NO CONTROLS,NO CONTROLS,CLEAR,"DARKNESS, LIGHTED ROAD",FIXED OBJECT,NOT DIVIDED,STRAIGHT AND LEVEL,DRY,NO DEFECTS,NO INJURY / DRIVE AWAY,"OVER $1,500",UNDER THE INFLUENCE OF ALCOHOL/DRUGS (USE WHEN ARREST IS EFFECTED),NOT APPLICABLE,1859,S,ASHLAND AVE,1,NO INDICATION OF INJURY,0.0,0.0,0.0,0.0,0.0,1.0,0.0,3,7,7
9e5d7ef16aba3a6fb922fdc439a57ad1dbb16557cac5608b81168f423c4efd82315bb36908655db1be9df48dddbd27ed35a5be194391da4ba6db9c4e2307fac9,2020-02-28 16:32:00,30,TRAFFIC SIGNAL,FUNCTIONING PROPERLY,CLEAR,DAYLIGHT,REAR END,NOT DIVIDED,STRAIGHT AND LEVEL,DRY,NO DEFECTS,INJURY AND / OR TOW DUE TO CRASH,"$501 - $1,500",FAILING TO REDUCE SPEED TO AVOID CRASH,NOT APPLICABLE,541,W,HARRISON ST,2,NO INDICATION OF INJURY,0.0,0.0,0.0,0.0,0.0,2.0,0.0,16,6,2
e664e4ccd94db6676f84f946139fcf2a130f705296f246499231fde3ef9a4e21a080d59edd152f0190a61fc210fd8a5463fba069584d32ef2aaa00f4b3858fb1,2023-08-03 11:59:00,30,NO CONTROLS,NO CONTROLS,CLEAR,DAYLIGHT,SIDESWIPE SAME DIRECTION,ONE-WAY,STRAIGHT AND LEVEL,DRY,UNKNOWN,NO INJURY / DRIVE AWAY,"$501 - $1,500",UNABLE TO DETERMINE,NOT APPLICABLE,443,W,JACKSON BLVD,2,NO INDICATION OF INJURY,0.0,0.0,0.0,0.0,0.0,2.0,0.0,11,5,8
a2c1d2cfd7e881587fbd2bbf6404b4b682ff9b550a646d096312a72f885759181f7271c7ce5813e6d231fbf86e2cd4e82e65524cac76bdcfb4fcd44276beb7a1,2020-03-22 01:46:00,10,NO CONTROLS,NO CONTROLS,CLEAR,"DARKNESS, LIGHTED ROAD",REAR END,PARKING LOT,STRAIGHT AND LEVEL,DRY,NO DEFECTS,NO INJURY / DRIVE AWAY,$500 OR LESS,IMPROPER LANE USAGE,"VISION OBSCURED (SIGNS, TREE LIMBS, BUILDINGS, ETC.)",6001,N,WESTERN AVE,2,NO INDICATION OF INJURY,0.0,0.0,0.0,0.0,0.0,2.0,0.0,1,1,3
4dcc195dc5bb67819aafb1b20a597c0cf8a9b225ee5ebc9bac6eb7444e7f7b00549abcb85d997eb046c5e50d8a7fd77d203a3ae11a85a607143c7328a66d35a3,2020-02-10 20:04:00,30,STOP SIGN/FLASHER,NO CONTROLS,CLEAR,DARKNESS,ANGLE,DIVIDED - W/MEDIAN (NOT RAISED),STRAIGHT AND LEVEL,SNOW OR SLUSH,NO DEFECTS,NO INJURY / DRIVE AWAY,"$501 - $1,500",NOT APPLICABLE,NOT APPLICABLE,10600,S,AVENUE L,2,NO INDICATION OF INJURY,0.0,0.0,0.0,0.0,0.0,2.0,0.0,20,2,2
a8549abb2504a8eab5458c5437e271e4f378de907e46b020e5eeeac0e0ef8e2b6e244377cfd8f2c2f158cfb4ba9b6c8cd6da0d5b97c745bfab2233eec7c5d34e,2018-10-03 19:50:00,30,TRAFFIC SIGNAL,FUNCTIONING PROPERLY,CLEAR,DUSK,PEDESTRIAN,NOT DIVIDED,STRAIGHT AND LEVEL,DRY,NO DEFECTS,INJURY AND / OR TOW DUE TO CRASH,"OVER $1,500",UNABLE TO DETERMINE,UNABLE TO DETERMINE,5957,W,CHICAGO AVE,2,INCAPACITATING INJURY,1.0,0.0,1.0,0.0,0.0,2.0,0.0,19,4,10
a85d0dfda7f4f6588ec59a58003de1b27ea0e25362ec55886c289ab7b0acc0a4362f071c8115364c5a01ff5e68ef616d21847eb9f5a6cfb5db1039ad7fb6b1f9,2024-01-23 07:30:00,30,NO CONTROLS,NO CONTROLS,RAIN,DAYLIGHT,TURNING,NOT DIVIDED,STRAIGHT AND LEVEL,WET,NO DEFECTS,NO INJURY / DRIVE AWAY,"OVER $1,500",UNABLE TO DETERMINE,NOT APPLICABLE,3300,W,26TH ST,2,NO INDICATION OF INJURY,0.0,0.0,0.0,0.0,0.0,2.0,0.0,7,3,1
ad25bfc33db3527bccef08176d2a53523e747e9648779b4cf3392d74d281afa3322ec49b875fac2c94afb042f3f0496657a652bcb8a9ca8af04defe9488c1e34,2023-11-27 11:00:00,30,NO CONTROLS,NO CONTROLS,CLEAR,DAYLIGHT,REAR END,NOT DIVIDED,STRAIGHT AND LEVEL,DRY,UNKNOWN,INJURY AND / OR TOW DUE TO CRASH,"OVER $1,500",UNABLE TO DETERMINE,NOT APPLICABLE,3133,E,106TH ST,2,NO INDICATION OF INJURY,0.0,0.0,0.0,0.0,0.0,2.0,0.0,11,2,11
9b3275a979ba250469e27033f5c149fbf3a85900d9b6b035fb6698544a09f06a435a9de89a58c7121b998e8653840dbe68b931f33411947cb16552d68cff1cad,2018-07-20 10:40:00,30,TRAFFIC SIGNAL,FUNCTIONING PROPERLY,CLEAR,DAYLIGHT,REAR END,NOT DIVIDED,STRAIGHT AND LEVEL,DRY,NO DEFECTS,INJURY AND / OR TOW DUE TO CRASH,"$501 - $1,500",UNABLE TO DETERMINE,UNABLE TO DETERMINE,1599,W,NORTH AVE,2,"REPORTED, NOT EVIDENT",1.0,0.0,0.0,0.0,1.0,1.0,0.0,10,6,7
fe1a1608201db1f63d8ef63125e7fa350847c3249b694c191af3f38467a3d79bb89fa8f4cd2547574fd147ae293bb1014fd810c99f983d6e01a98fc61bcc337f,2019-07-24 07:50:00,25,OTHER,FUNCTIONING PROPERLY,CLEAR,DAYLIGHT,TURNING,NOT DIVIDED,STRAIGHT AND LEVEL,DRY,NO DEFECTS,INJURY AND / OR TOW DUE TO CRASH,"OVER $1,500",UNABLE TO DETERMINE,NOT APPLICABLE,3599,W,NORTH AVE,3,NO INDICATION OF INJURY,0.0,0.0,0.0,0.0,0.0,3.0,0.0,7,4,7
b3c8cf1878b88318bae259113177009d70cd6c79398f7fcc0b2bb5ec4b8ae039ba9419f559130d5b94dd2c6071dda7feded90122d0570e09c2d0b466d3e4e39d,2016-11-08 13:00:00,30,NO CONTROLS,NO CONTROLS,CLEAR,DAYLIGHT,PARKED MOTOR VEHICLE,NOT DIVIDED,STRAIGHT AND LEVEL,DRY,NO DEFECTS,NO INJURY / DRIVE AWAY,"OVER $1,500",UNABLE TO DETERMINE,UNABLE TO DETERMINE,4435,N,MAGNOLIA AVE,2,NO INDICATION OF INJURY,0.0,0.0,0.0,0.0,0.0,1.0,0.0,13,3,11
5158f3e1ec0ddc208a7dac5e81fd4deab8a58019ebbddfcfd989aab60f53be12b4230e1bcf4fe8d5b6d9263687af132646efbcb806c41b5465a63c79d46d1a1e,2019-08-23 10:00:00,25,NO CONTROLS,NO CONTROLS,CLEAR,DAYLIGHT,FIXED OBJECT,ONE-WAY,STRAIGHT AND LEVEL,DRY,NO DEFECTS,NO INJURY / DRIVE AWAY,"$501 - $1,500",UNABLE TO DETERMINE,UNABLE TO DETERMINE,350,S,CLARK ST,1,NO INDICATION OF INJURY,0.0,0.0,0.0,0.0,0.0,1.0,0.0,10,6,8
1d8eb844c532878557709fe79d6e4c731cc7b8d967890242d21e22621bada4e5efb270e7617967394357b57404c7ebeb78813b349193b9004a8b8a98c36a01c8,2019-09-18 12:30:00,30,NO CONTROLS,NO CONTROLS,CLEAR,DAYLIGHT,PARKED MOTOR VEHICLE,NOT DIVIDED,STRAIGHT AND LEVEL,DRY,NO DEFECTS,INJURY AND / OR TOW DUE TO CRASH,"OVER $1,500",NOT APPLICABLE,NOT APPLICABLE,1053,N,WESTERN AVE,2,NO INDICATION OF INJURY,0.0,0.0,0.0,0.0,0.0,4.0,0.0,12,4,9
e8458d9586df9edadd74aeae076e77e9495dd07249d6bafc868db60f121e6b5df28bd7a176eb9c29a9d357271ad68084797a6cf009ea40da47fc0b7b4b504663,2022-05-22 05:54:00,30,UNKNOWN,UNKNOWN,CLEAR,DAYLIGHT,ANGLE,FOUR WAY,STRAIGHT AND LEVEL,DRY,NO DEFECTS,NO INJURY / DRIVE AWAY,"$501 - $1,500",DISREGARDING TRAFFIC SIGNALS,NOT APPLICABLE,6400,S,STEWART AVE,2,NO INDICATION OF INJURY,0.0,0.0,0.0,0.0,0.0,2.0,0.0,5,1,5
a3e1f40fd0dae636978e42107bd011ff6ded279960f87397934bd13469a6d8e146926f72e7f1d4db11e2fb89fa1e8ef3149f7f6156af4da918c59279560ac6dc,2022-11-17 20:40:00,30,TRAFFIC SIGNAL,UNKNOWN,CLEAR,DARKNESS,TURNING,FOUR WAY,STRAIGHT AND LEVEL,UNKNOWN,UNKNOWN,NO INJURY / DRIVE AWAY,"OVER $1,500",UNABLE TO DETERMINE,UNABLE TO DETERMINE,6332,N,CENTRAL AVE,2,NO INDICATION OF INJURY,0.0,0.0,0.0,0.0,0.0,2.0,0.0,20,5,11
2bff53bc58d2777f5eb9e88c9ee2c0e6ca766a82fec3d6585b5d395034ce7fcd2778b3b7d77d2e8d6b304c627f6bdfb1e77a113ddb2f5b45c7baa6e9f2d40d92,2021-12-17 15:30:00,30,TRAFFIC SIGNAL,FUNCTIONING PROPERLY,CLEAR,DAYLIGHT,REAR END,UNKNOWN,STRAIGHT AND LEVEL,DRY,UNKNOWN,NO INJURY / DRIVE AWAY,"OVER $1,500",UNABLE TO DETERMINE,UNABLE TO DETERMINE,3501,S,FEDERAL ST,2,NO INDICATION OF INJURY,0.0,0.0,0.0,0.0,0.0,2.0,0.0,15,6,12
5952fe0bedfcbfee613579e7f7bb8e7f133c262587719f668590b4d9bf73dfe12fe149d1c6663d5ac44791f979db890303ad60259c9ffe26094c7e195c9b5934,2018-03-14 16:00:00,30,STOP SIGN/FLASHER,FUNCTIONING PROPERLY,CLEAR,DAYLIGHT,REAR END,NOT DIVIDED,STRAIGHT AND LEVEL,DRY,NO DEFECTS,NO INJURY / DRIVE AWAY,"OVER $1,500",NOT APPLICABLE,NOT APPLICABLE,5200,S,CENTRAL AVE,2,NO INDICATION OF INJURY,0.0,0.0,0.0,0.0,0.0,2.0,0.0,16,4,3
862e551e07824418627ab8458fd9964c556da9e407298a0958efae93de85405d122943dc2ec1a0f57356e1705f9f67abfcf2319d7684953c68adeef004dda7ec,2022-05-05 22:15:00,30,NO CONTROLS,NO CONTROLS,RAIN,DARKNESS,REAR END,DIVIDED - W/MEDIAN (NOT RAISED),STRAIGHT AND LEVEL,WET,NO DEFECTS,NO INJURY / DRIVE AWAY,"$501 - $1,500",WEATHER,UNABLE TO DETERMINE,3000,S,STATE ST,2,NO INDICATION OF INJURY,0.0,0.0,0.0,0.0,0.0,2.0,0.0,22,5,5
d0b1d5dcbc1cedd4e1ae8656390c58018ff0ab6b7eb5bba3a99adcada8c442267ea8800a1fa1c75b515d8ddb2f34b2f2e710e34839ad582c9b948c45d5efd6f8,2022-04-12 18:10:00,30,TRAFFIC SIGNAL,FUNCTIONING PROPERLY,CLEAR,DAYLIGHT,SIDESWIPE SAME DIRECTION,ONE-WAY,STRAIGHT AND LEVEL,DRY,NO DEFECTS,NO INJURY / DRIVE AWAY,"OVER $1,500",UNABLE TO DETERMINE,NOT APPLICABLE,492,N,MILWAUKEE AVE,2,NO INDICATION OF INJURY,0.0,0.0,0.0,0.0,0.0,2.0,0.0,18,3,4
f069a89a5fb55288009cf0d204c1b3ecfa0a60ec43804ed6bd4b8717c50efad5a73545a27fcd4f1888a30e44cccb76a8ff2482cebdc921a5362901c1905b8335,2023-04-09 03:24:00,10,NO CONTROLS,NO CONTROLS,CLEAR,"DARKNESS, LIGHTED ROAD",FIXED OBJECT,PARKING LOT,STRAIGHT AND LEVEL,DRY,NO DEFECTS,NO INJURY / DRIVE AWAY,"$501 - $1,500",IMPROPER BACKING,IMPROPER BACKING,645,S,CENTRAL AVE,1,NO INDICATION OF INJURY,0.0,0.0,0.0,0.0,0.0,3.0,0.0,3,1,4
e42428a2790de54343ee4dba40e08ff3b56094cc403afbf83aa83094b76424cbc41146d817b8dc1c1470507f8041ae519506f4f0cb638af3f806721f88d4400c,2018-12-05 16:15:00,30,NO CONTROLS,NO CONTROLS,CLEAR,DAYLIGHT,TURNING,DIVIDED - W/MEDIAN (NOT RAISED),STRAIGHT AND LEVEL,DRY,NO DEFECTS,NO INJURY / DRIVE AWAY,"OVER $1,500",UNABLE TO DETERMINE,NOT APPLICABLE,1044,W,HUBBARD ST,2,NO INDICATION OF INJURY,0.0,0.0,0.0,0.0,0.0,5.0,0.0,16,4,12
d97de24264b86441983365917f7172e03c114660937adfa6e079b36f5944d3d787d05af0feba96e502befe7f1242e6443e36ab22c801a6fcfc538df2e01c4d0b,2018-12-21 23:50:00,20,NO CONTROLS,NO CONTROLS,CLEAR,"DARKNESS, LIGHTED ROAD",PARKED MOTOR VEHICLE,DIVIDED - W/MEDIAN BARRIER,STRAIGHT AND LEVEL,UNKNOWN,NO DEFECTS,NO INJURY / DRIVE AWAY,"OVER $1,500",EXCEEDING SAFE SPEED FOR CONDITIONS,UNABLE TO DETERMINE,11421,S,WESTERN AVE,2,NO INDICATION OF INJURY,0.0,0.0,0.0,0.0,0.0,1.0,0.0,23,6,12
76ad15374d1e4f9a88e5f7dd7edab3ee5278a843d031127e70861ffa8c4d4bde2f7156dcea562f8573237e3b5aa691007ba1c4779cf6662e198477b84f6045fe,2022-04-21 12:39:00,20,STOP SIGN/FLASHER,FUNCTIONING PROPERLY,CLEAR,DAYLIGHT,PEDESTRIAN,FOUR WAY,STRAIGHT AND LEVEL,DRY,NO DEFECTS,INJURY AND / OR TOW DUE TO CRASH,"OVER $1,500",DISREGARDING STOP SIGN,IMPROPER OVERTAKING/PASSING,7900,S,NORMAL AVE,2,NONINCAPACITATING INJURY,1.0,0.0,0.0,1.0,0.0,1.0,0.0,12,5,4
109fd2993511932d64d9967da7cd0ad5e9a0aa47cfc07057e3d0c142aaba1d508e0cbacf3ae7d581b601999c2c4991f46806f93f3e5b6ebb2d47f247ab8ce1b2,2023-01-17 01:30:00,15,NO CONTROLS,NO CONTROLS,UNKNOWN,"DARKNESS, LIGHTED ROAD",PARKED MOTOR VEHICLE,PARKING LOT,STRAIGHT AND LEVEL,UNKNOWN,UNKNOWN,NO INJURY / DRIVE AWAY,"OVER $1,500",UNABLE TO DETERMINE,UNABLE TO DETERMINE,8942,S,STONY ISLAND AVE,2,NO INDICATION OF INJURY,0.0,0.0,0.0,0.0,0.0,1.0,0.0,1,3,1
c47da1c287d377e8e24c1a6e38c96be48136d90b012355dba9a93e93607c2b3b49862ac7ee1fb85c49acd6758388825419db59826ce129c42c147153bf74f1ab,2023-03-10 12:00:00,15,NO CONTROLS,NO CONTROLS,CLEAR,DAYLIGHT,ANGLE,PARKING LOT,STRAIGHT AND LEVEL,WET,NO DEFECTS,NO INJURY / DRIVE AWAY,"OVER $1,500",FAILING TO YIELD RIGHT-OF-WAY,UNABLE TO DETERMINE,1969,W,OGDEN AVE,2,NO INDICATION OF INJURY,0.0,0.0,0.0,0.0,0.0,1.0,0.0,12,6,3
4b5fcbed8cfbf53242d263794a1d0faaa090b53d4ea11f311947184ff95513db7d3cc9a3e3313e84de66da21507f9776f71b2db8e5778320f7920b3ec6dbe01e,2019-12-05 21:20:00,30,TRAFFIC SIGNAL,UNKNOWN,UNKNOWN,"DARKNESS, LIGHTED ROAD",REAR END,ONE-WAY,STRAIGHT AND LEVEL,UNKNOWN,UNKNOWN,NO INJURY / DRIVE AWAY,$500 OR LESS,UNABLE TO DETERMINE,NOT APPLICABLE,150,N,FRANKLIN ST,2,NO INDICATION OF INJURY,0.0,0.0,0.0,0.0,0.0,3.0,0.0,21,5,12
e1d825e07e0fdd17842979e276a8276ce23b753afd1ad56092168292999f3c7b55b1f94183149fcdc93dc039ac6d2eadff661562577e8877a1078616b3ab29e3,2021-11-29 08:22:00,30,NO CONTROLS,NO CONTROLS,CLEAR,DAYLIGHT,TURNING,NOT DIVIDED,STRAIGHT AND LEVEL,DRY,NO DEFECTS,INJURY AND / OR TOW DUE TO CRASH,"OVER $1,500",FAILING TO YIELD RIGHT-OF-WAY,FAILING TO REDUCE SPEED TO AVOID CRASH,4009,W,HIRSCH ST,2,NO INDICATION OF INJURY,0.0,0.0,0.0,0.0,0.0,2.0,0.0,8,2,11
e83903fd01ea6a3bee6b0faa94ca7bdd153c79d993f1a0b046190ac6cb8fa503d42d5c9d7c5106bab89372cf746e5eabb352b680e53e00ff70df0763286c30d5,2017-12-22 13:56:00,30,NO CONTROLS,NO CONTROLS,CLEAR,DAYLIGHT,ANGLE,PARKING LOT,STRAIGHT AND LEVEL,DRY,NO DEFECTS,NO INJURY / DRIVE AWAY,"OVER $1,500",NOT APPLICABLE,NOT APPLICABLE,4100,S,PULASKI RD,2,NO INDICATION OF INJURY,0.0,0.0,0.0,0.0,0.0,2.0,0.0,13,6,12
348e622d872cffa8ab84e2a595d23716f057cd3d0861a75a768fca9261d594c82445d0ccdd205fc9e3e106f4a3bfdcabaefb590239829dc3736d9c1d593fd2db,2021-03-15 12:35:00,35,STOP SIGN/FLASHER,FUNCTIONING PROPERLY,SNOW,DAYLIGHT,ANGLE,NOT DIVIDED,STRAIGHT AND LEVEL,SNOW OR SLUSH,NO DEFECTS,INJURY AND / OR TOW DUE TO CRASH,"OVER $1,500",FAILING TO YIELD RIGHT-OF-WAY,WEATHER,8000,S,EXCHANGE AVE,2,"REPORTED, NOT EVIDENT",1.0,0.0,0.0,0.0,1.0,3.0,0.0,12,2,3
c1daeb412a2fe51531016bfa3c8f3ce1c82daba67a8b2f7a715257fef3a341fefab48c7c8747478ee2f279ee6a2340699ec796cf1a961f7b36346d0d261eff01,2023-07-23 01:45:00,30,UNKNOWN,UNKNOWN,CLEAR,"DARKNESS, LIGHTED ROAD",PARKED MOTOR VEHICLE,OTHER,STRAIGHT AND LEVEL,DRY,NO DEFECTS,INJURY AND / OR TOW DUE TO CRASH,"OVER $1,500",NOT APPLICABLE,NOT APPLICABLE,10632,S,KEDZIE AVE,3,NO INDICATION OF INJURY,0.0,0.0,0.0,0.0,0.0,1.0,0.0,1,1,7
0c8fec37db4191c04816837bf410895249b819fd27285b7c8a47f04b52c7bde4ba22ee225121f08927e285f73abad533912ba912b561d5b02de56bbe8c018214,2021-07-06 13:00:00,30,TRAFFIC SIGNAL,UNKNOWN,CLEAR,DAYLIGHT,REAR END,NOT DIVIDED,STRAIGHT AND LEVEL,UNKNOWN,UNKNOWN,NO INJURY / DRIVE AWAY,"$501 - $1,500",UNABLE TO DETERMINE,NOT APPLICABLE,5800,N,BROADWAY,3,NO INDICATION OF INJURY,0.0,0.0,0.0,0.0,0.0,3.0,0.0,13,3,7
bcb1069feca797794c400945b8aefe415bed7785a14461fcb4d0c67e8b4cab1723bd830bfac55e076e3ad1b390ccee55ef74422bd4d96cc4411109fe550c7db8,2022-02-08 23:50:00,30,NO CONTROLS,NO CONTROLS,CLEAR,"DARKNESS, LIGHTED ROAD",PARKED MOTOR VEHICLE,ONE-WAY,STRAIGHT AND LEVEL,WET,NO DEFECTS,NO INJURY / DRIVE AWAY,"OVER $1,500",UNABLE TO DETERMINE,UNABLE TO DETERMINE,1341,N,MAPLEWOOD AVE,4,NO INDICATION OF INJURY,0.0,0.0,0.0,0.0,0.0,4.0,0.0,23,3,2
d950ff573b558d706b8b489ed2260c758a64b6596134c8d8089777c1c1c2317a3cf623fa1749dbcb420960b4b38682b82fde1d6836f4a9b3104c6454845da658,2018-07-18 17:03:00,30,STOP SIGN/FLASHER,FUNCTIONING PROPERLY,CLEAR,DAYLIGHT,PEDALCYCLIST,NOT DIVIDED,STRAIGHT AND LEVEL,DRY,NO DEFECTS,INJURY AND / OR TOW DUE TO CRASH,$500 OR LESS,DISREGARDING STOP SIGN,DRIVING SKILLS/KNOWLEDGE/EXPERIENCE,2100,N,CALIFORNIA AVE,2,NONINCAPACITATING INJURY,1.0,0.0,0.0,1.0,0.0,2.0,0.0,17,4,7