CRASH_RECORD_ID,CRASH_DATE,POSTED_SPEED_LIMIT,TRAFFIC_CONTROL_DEVICE,DEVICE_CONDITION,WEATHER_CONDITION,LIGHTING_CONDITION,FIRST_CRASH_TYPE,TRAFFICWAY_TYPE,ALIGNMENT,ROADWAY_SURFACE_COND,ROAD_DEFECT,CRASH_TYPE,DAMAGE,PRIM_CONTRIBUTORY_CAUSE,SEC_CONTRIBUTORY_CAUSE,STREET_NO,STREET_DIRECTION,STREET_NAME,NUM_UNITS,MOST_SEVERE_INJURY,INJURIES_TOTAL,INJURIES_FATAL,INJURIES_INCAPACITATING,INJURIES_NON_INCAPACITATING,INJURIES_REPORTED_NOT_EVIDENT,INJURIES_NO_INDICATION,INJURIES_UNKNOWN,CRASH_HOUR,CRASH_DAY_OF_WEEK,CRASH_MONTH
207c06748b7bcfadaa576f8108e6df6b54984373a066d7cbd2cc7af99971940c77a8086f8cfe36443dc51071efd3013568f8f4549e6a0cc227a9f0cb635b6db1,2023-07-16 18:55:00,30,UNKNOWN,UNKNOWN,UNKNOWN,UNKNOWN,SIDESWIPE SAME DIRECTION,NOT DIVIDED,STRAIGHT AND LEVEL,UNKNOWN,UNKNOWN,NO INJURY / DRIVE AWAY,"OVER $1,500",IMPROPER OVERTAKING/PASSING,IMPROPER OVERTAKING/PASSING,801,E,55TH ST,2,NO INDICATION OF INJURY,0.0,0.0,0.0,0.0,0.0,2.0,0.0,18,1,7
771522ce06d629e94965fd484f26389ea4db9760321eaf8611d954370e4d517748b9ce4518e68da325fd84204e4f0e4fac68816e6ae369a93511f89a0367634f,2021-05-29 16:30:00,30,NO CONTROLS,NO CONTROLS,CLEAR,DAYLIGHT,SIDESWIPE SAME DIRECTION,DIVIDED - W/MEDIAN (NOT RAISED),STRAIGHT AND LEVEL,DRY,NO DEFECTS,NO INJURY / DRIVE AWAY,"OVER $1,500",UNABLE TO DETERMINE,UNABLE TO DETERMINE,3811,S,KEDZIE AVE,2,NO INDICATION OF INJURY,0.0,0.0,0.0,0.0,0.0,2.0,0.0,16,7,5
fb5f2ddf208f6f6ab529704d595d2822dc4947df5f7c69473be7b8481af6c972dd8ab717ba1c5bae2d5ac6303bec476f297d57e4f5bf1c0d0095c491ec3710f4,2016-02-09 13:30:00,30,NO CONTROLS,NO CONTROLS,CLEAR,DAYLIGHT,PARKED MOTOR VEHICLE,NOT DIVIDED,STRAIGHT AND LEVEL,UNKNOWN,NO DEFECTS,NO INJURY / DRIVE AWAY,"$501 - $1,500",UNABLE TO DETERMINE,UNABLE TO DETERMINE,4126,W,26TH ST,2,NO INDICATION OF INJURY,0.0,0.0,0.0,0.0,0.0,1.0,0.0,13,3,2
4073ceec33a2d08d20cfea4c3b6c343e52913aa4bb19fe96870d86563537098b099ecfd5a6bc6fe3412be580648e0b3be47c2cae493d54212f8161131a7e47ed,2018-11-30 13:30:00,0,NO CONTROLS,NO CONTROLS,CLEAR,DAYLIGHT,ANGLE,PARKING LOT,STRAIGHT AND LEVEL,DRY,NO DEFECTS,NO INJURY / DRIVE AWAY,"OVER $1,500",UNABLE TO DETERMINE,UNABLE TO DETERMINE,2100,W,95TH ST,2,NO INDICATION OF INJURY,0.0,0.0,0.0,0.0,0.0,2.0,0.0,13,6,11
87b1b2ef7487dd0b7355e3cfc5490b5d05d21c933342edd1d09ab4496543aa63ef313f3b1c5979743224214142b14e61811b68c35cadb95a5118bb50554f59a8,2017-05-18 08:00:00,25,NO CONTROLS,NO CONTROLS,CLEAR,DAYLIGHT,SIDESWIPE SAME DIRECTION,NOT DIVIDED,STRAIGHT AND LEVEL,DRY,NO DEFECTS,NO INJURY / DRIVE AWAY,"OVER $1,500",FAILING TO REDUCE SPEED TO AVOID CRASH,NOT APPLICABLE,3120,N,PULASKI RD,2,NO INDICATION OF INJURY,0.0,0.0,0.0,0.0,0.0,2.0,0.0,8,5,5
79e3d2d06141c9dcf2685791314a151843a9723dac8b5c6820cb56c7165550643b877d666eb4eafac9f93d61c9a2103c4e72bb73532aae5957d5494c9848554c,2022-07-11 20:00:00,30,TRAFFIC SIGNAL,UNKNOWN,CLEAR,DUSK,ANGLE,FOUR WAY,STRAIGHT AND LEVEL,UNKNOWN,UNKNOWN,INJURY AND / OR TOW DUE TO CRASH,"OVER $1,500",FAILING TO REDUCE SPEED TO AVOID CRASH,UNABLE TO DETERMINE,12000,S,HALSTED ST,5,NONINCAPACITATING INJURY,3.0,0.0,0.0,3.0,0.0,5.0,0.0,20,2,7
67f765004179ccafeb0f2910691e1349ef9c80785787ca261ea6f252facdd1aa4855b3b6d2568c90270ed20beeaf64b7491652027ee2e735ebfd3e35abd30189,2017-04-25 18:30:00,30,UNKNOWN,UNKNOWN,UNKNOWN,"DARKNESS, LIGHTED ROAD",PARKED MOTOR VEHICLE,NOT DIVIDED,STRAIGHT AND LEVEL,UNKNOWN,UNKNOWN,NO INJURY / DRIVE AWAY,$500 OR LESS,IMPROPER OVERTAKING/PASSING,FOLLOWING TOO CLOSELY,4140,W,CULLOM AVE,2,NO INDICATION OF INJURY,0.0,0.0,0.0,0.0,0.0,1.0,0.0,18,3,4
ed25f06e3805aa6370afa98cfc9b28b27a1e459ee4b977cfaa7129d62b35ff40345358c5f675acd5721cad772c06fef68c531bc9d0fffb0d77499b212cde7091,2023-11-15 17:36:00,40,OTHER,OTHER,CLEAR,"DARKNESS, LIGHTED ROAD",SIDESWIPE SAME DIRECTION,DIVIDED - W/MEDIAN BARRIER,STRAIGHT AND LEVEL,DRY,NO DEFECTS,NO INJURY / DRIVE AWAY,"OVER $1,500",UNABLE TO DETERMINE,UNABLE TO DETERMINE,1400,S,LAKE SHORE DR NB,2,NO INDICATION OF INJURY,0.0,0.0,0.0,0.0,0.0,2.0,0.0,17,4,11
0ad417406391a266ba3ad8624c2d8711d0c54207f184041be29acf93038c26f4632047d56abce50d1d4cdf73ad54c25b62ff0859534d02a8eb35cdabfda64fe6,2019-01-17 05:47:00,30,NO CONTROLS,NO CONTROLS,CLEAR,"DARKNESS, LIGHTED ROAD",TURNING,NOT DIVIDED,STRAIGHT AND LEVEL,SNOW OR SLUSH,NO DEFECTS,NO INJURY / DRIVE AWAY,"OVER $1,500",IMPROPER LANE USAGE,FAILING TO REDUCE SPEED TO AVOID CRASH,7016,W,GRAND AVE,2,NO INDICATION OF INJURY,0.0,0.0,0.0,0.0,0.0,4.0,0.0,5,5,1
dbf1c0d8a060c04962e65e87696b1704167ccf61b34d0c37846609d16235810f9471840b07aabe8a18749591718163eaae3c63db65b6de9b6fb5467e14989da3,2023-07-25 17:20:00,30,UNKNOWN,UNKNOWN,CLEAR,DAYLIGHT,SIDESWIPE SAME DIRECTION,DIVIDED - W/MEDIAN BARRIER,STRAIGHT AND LEVEL,DRY,UNKNOWN,NO INJURY / DRIVE AWAY,"OVER $1,500",DRIVING SKILLS/KNOWLEDGE/EXPERIENCE,UNABLE TO DETERMINE,406,S,MICHIGAN AVE,2,NO INDICATION OF INJURY,0.0,0.0,0.0,0.0,0.0,2.0,0.0,17,3,7
f749193182bbbecfde76ef33695233a55cb828afe675c09cb81f1fda9c3b0a72667e8857d773d978b254a1351b94f76d270cb74204b06d8b32b5a10530447cbb,2017-10-27 17:30:00,30,NO CONTROLS,NO CONTROLS,CLEAR,DAYLIGHT,PARKED MOTOR VEHICLE,ONE-WAY,STRAIGHT AND LEVEL,DRY,NO DEFECTS,NO INJURY / DRIVE AWAY,"$501 - $1,500",DRIVING SKILLS/KNOWLEDGE/EXPERIENCE,UNABLE TO DETERMINE,2645,S,CHRISTIANA AVE,2,NO INDICATION OF INJURY,0.0,0.0,0.0,0.0,0.0,1.0,0.0,17,6,10
b14c21d45834834a67a469b37e64fa37d935599e8a423fedec7fcd267426e27e2d04b0940743805b23a8509a49ffc62b912fd693be0753720139d1e1ba757944,2018-04-19 14:29:00,30,TRAFFIC SIGNAL,FUNCTIONING PROPERLY,CLEAR,DAYLIGHT,TURNING,CENTER TURN LANE,STRAIGHT AND LEVEL,DRY,NO DEFECTS,INJURY AND / OR TOW DUE TO CRASH,"OVER $1,500",UNABLE TO DETERMINE,NOT APPLICABLE,298,E,LOWER RANDOLPH ST,2,NO INDICATION OF INJURY,0.0,0.0,0.0,0.0,0.0,2.0,0.0,14,5,4
495a98dd9a6b923fcc2b3ecbecff81d02da2fb0e7e0609916af36a3e9495745c31155ab2dd21c6be5cdf07813d5929e65c9339a087aef5e1be293a01229a0940,2021-01-14 20:20:00,30,NO CONTROLS,NO CONTROLS,RAIN,"DARKNESS, LIGHTED ROAD",PARKED MOTOR VEHICLE,ONE-WAY,STRAIGHT AND LEVEL,WET,NO DEFECTS,NO INJURY / DRIVE AWAY,"$501 - $1,500",UNABLE TO DETERMINE,NOT APPLICABLE,6411,S,MARSHFIELD AVE,2,NO INDICATION OF INJURY,0.0,0.0,0.0,0.0,0.0,1.0,0.0,20,5,1
33cda79c20b2f070cd6b9ff03d67766834e12fef06c8e6fb5b1df8d916d02c6a75ca04433d754e439e3459ab5af2193d0443c4dd2b2b1fa0ea9e2ecfa430f769,2018-05-10 08:00:00,30,TRAFFIC SIGNAL,FUNCTIONING PROPERLY,CLEAR,DAYLIGHT,ANGLE,DIVIDED - W/MEDIAN BARRIER,STRAIGHT AND LEVEL,DRY,NO DEFECTS,INJURY AND / OR TOW DUE TO CRASH,"OVER $1,500",DISREGARDING TRAFFIC SIGNALS,DISREGARDING TRAFFIC SIGNALS,405,E,31ST ST,2,NONINCAPACITATING INJURY,2.0,0.0,0.0,1.0,1.0,0.0,0.0,8,5,5
57cccc73d8699b3b8d325a9a212b2416cee8bcf15cb22d02b7512be26ee7f30398f2ace68444328ae03030d0f3248f75bdee7fd0db1a9792fb11fa49d491d080,2018-09-26 07:00:00,25,NO CONTROLS,NO CONTROLS,UNKNOWN,UNKNOWN,PARKED MOTOR VEHICLE,NOT DIVIDED,STRAIGHT AND LEVEL,UNKNOWN,NO DEFECTS,INJURY AND / OR TOW DUE TO CRASH,"OVER $1,500",UNABLE TO DETERMINE,UNABLE TO DETERMINE,1404,W,HOOD AVE,2,NO INDICATION OF INJURY,0.0,0.0,0.0,0.0,0.0,1.0,0.0,7,4,9
f07a9d825c5d5da38632dc3084cf39f588e70d506492b8f794ad06d7e266925ec6a284deeca5c2a1b867f667205cc6a1a3413c5eb30849f317712d5f6b4430db,2021-01-23 08:30:00,30,NO CONTROLS,NO CONTROLS,CLEAR,DAYLIGHT,ANGLE,ONE-WAY,STRAIGHT AND LEVEL,ICE,UNKNOWN,INJURY AND / OR TOW DUE TO CRASH,"$501 - $1,500",FAILING TO REDUCE SPEED TO AVOID CRASH,WEATHER,2343,N,MENARD AVE,2,NO INDICATION OF INJURY,0.0,0.0,0.0,0.0,0.0,2.0,0.0,8,7,1
41e7ad5fca301c452b824cf01db544573b11b31760134bb4d8783eb293aad4258ee6371a936635dce29f77bbba044426d7cc57ae1cf0f0a8097181219b06fcd6,2024-03-02 13:54:00,30,TRAFFIC SIGNAL,FUNCTIONING PROPERLY,CLEAR,DAYLIGHT,FIXED OBJECT,NOT DIVIDED,STRAIGHT AND LEVEL,DRY,NO DEFECTS,NO INJURY / DRIVE AWAY,"OVER $1,500",NOT APPLICABLE,NOT APPLICABLE,30,W,76TH ST,1,NO INDICATION OF INJURY,0.0,0.0,0.0,0.0,0.0,1.0,0.0,13,7,3
0f97c58d0e15887cebac3778b87c87dbd9dcbecbe4a47807152953980d04794a172dcbf184548cff1d8e458d17a395ebc648e5e2836ba01941348a1b7ece2f22,2023-07-06 05:30:00,30,STOP SIGN/FLASHER,FUNCTIONING PROPERLY,CLOUDY/OVERCAST,DAWN,PARKED MOTOR VEHICLE,ONE-WAY,STRAIGHT AND LEVEL,DRY,UNKNOWN,NO INJURY / DRIVE AWAY,"OVER $1,500",DRIVING SKILLS/KNOWLEDGE/EXPERIENCE,NOT APPLICABLE,7654,S,WABASH AVE,2,NO INDICATION OF INJURY,0.0,0.0,0.0,0.0,0.0,1.0,0.0,5,5,7
e6a09e6e9124e6051c328ffd72f1b347d12c342fe45af00c8e262ba73db1f1046a09903f8423e698267eaf71b956532e76e626434bc6b53db9cc154d4bc78967,2022-06-06 07:15:00,30,NO CONTROLS,NO CONTROLS,RAIN,DAYLIGHT,PARKED MOTOR VEHICLE,NOT DIVIDED,STRAIGHT AND LEVEL,WET,UNKNOWN,NO INJURY / DRIVE AWAY,"OVER $1,500",UNABLE TO DETERMINE,UNABLE TO DETERMINE,528,W,WRIGHTWOOD AVE,3,NO INDICATION OF INJURY,0.0,0.0,0.0,0.0,0.0,2.0,0.0,7,2,6
b6d5d1873ae757976d6aef842532fc2393deb2f1100c9572da8cdb9fcedc0fe723b9daa8f4cd54172ff964639313fee21b688148055a27483ffd25089d6d0481,2018-01-11 08:50:00,30,STOP SIGN/FLASHER,FUNCTIONING PROPERLY,RAIN,DAYLIGHT,ANGLE,DIVIDED - W/MEDIAN (NOT RAISED),STRAIGHT AND LEVEL,WET,NO DEFECTS,INJURY AND / OR TOW DUE TO CRASH,"OVER $1,500",FAILING TO YIELD RIGHT-OF-WAY,UNABLE TO DETERMINE,4300,S,PRAIRIE AVE,2,NONINCAPACITATING INJURY,2.0,0.0,0.0,2.0,0.0,0.0,0.0,8,5,1
6794bc23e58f44930a0fa266127c9b8d66585624de44dfcc5fee33b5885716eb4bddc9de1583e2e69e5d7b48ffa76204b8f990cdd7424a9ad586c1e6ccf418eb,2021-11-02 14:00:00,30,NO CONTROLS,NO CONTROLS,CLEAR,DAYLIGHT,REAR END,NOT DIVIDED,STRAIGHT AND LEVEL,DRY,NO DEFECTS,NO INJURY / DRIVE AWAY,"OVER $1,500",FOLLOWING TOO CLOSELY,FOLLOWING TOO CLOSELY,7001,S,CICERO AVE,2,NO INDICATION OF INJURY,0.0,0.0,0.0,0.0,0.0,2.0,0.0,14,3,11
eca8946507811f4db46bbcffaaf76bef0fccaa82e26d8ce84adc6df814ece740cb1c974aee280b47494dbf01d12c6118513ff2af5c73966a336814fae841fc42,2023-09-25 06:42:00,30,TRAFFIC SIGNAL,FUNCTIONING PROPERLY,CLEAR,DAYLIGHT,ANGLE,NOT REPORTED,STRAIGHT AND LEVEL,DRY,NO DEFECTS,INJURY AND / OR TOW DUE TO CRASH,"OVER $1,500",DISREGARDING TRAFFIC SIGNALS,UNABLE TO DETERMINE,201,S,DAMEN AVE,2,NO INDICATION OF INJURY,0.0,0.0,0.0,0.0,0.0,3.0,0.0,6,2,9
c4b34bd5cd5b0128f33b8a24f2fa355223aa4040203bf69b0f15fefc76c460682529913be3a8448dd20bdb30074db6ff691a9ea39fbef916d103dfb0af31353f,2019-05-28 09:30:00,30,NO CONTROLS,NO CONTROLS,CLEAR,DAYLIGHT,HEAD ON,DIVIDED - W/MEDIAN (NOT RAISED),STRAIGHT AND LEVEL,DRY,NO DEFECTS,INJURY AND / OR TOW DUE TO CRASH,"OVER $1,500",DRIVING ON WRONG SIDE/WRONG WAY,FAILING TO YIELD RIGHT-OF-WAY,3434,W,FULLERTON AVE,2,NONINCAPACITATING INJURY,1.0,0.0,0.0,1.0,0.0,1.0,0.0,9,3,5
ec5565991b47bfac21ab09bfadf0ff1ba504c1786b51cd0d83426dee5b794beff1df7f037d6bc66c8246e8c5c5f79340faa5d35a9530175fb4353aa1032ba58b,2021-02-28 11:00:00,30,NO CONTROLS,NO CONTROLS,CLEAR,DAYLIGHT,SIDESWIPE SAME DIRECTION,DIVIDED - W/MEDIAN (NOT RAISED),STRAIGHT AND LEVEL,WET,NO DEFECTS,NO INJURY / DRIVE AWAY,"OVER $1,500",IMPROPER OVERTAKING/PASSING,UNABLE TO DETERMINE,6600,S,DR MARTIN LUTHER KING JR DR,2,NO INDICATION OF INJURY,0.0,0.0,0.0,0.0,0.0,3.0,0.0,11,1,2
178cb3a1011716f71c8f44ebd9a709caa00b2d813f4a715e613781469fec254ef4eb1a7606d0df96dae8427adec5b306dda4ed6af641767abedf4ee35598a714,2018-09-09 03:41:00,30,LANE USE MARKING,FUNCTIONING PROPERLY,CLEAR,"DARKNESS, LIGHTED ROAD",PARKED MOTOR VEHICLE,NOT DIVIDED,STRAIGHT AND LEVEL,DRY,NO DEFECTS,INJURY AND / OR TOW DUE TO CRASH,"OVER $1,500",FAILING TO REDUCE SPEED TO AVOID CRASH,IMPROPER LANE USAGE,1031,W,76TH ST,3,NO INDICATION OF INJURY,0.0,0.0,0.0,0.0,0.0,1.0,0.0,3,1,9
e01aaf57cacf8d3a0479b619621d19847712f920c2a159b5afc857b694e32a9f4025c9049ce9532e215bc1f5c2ba5579247514a370ed920bcbf9345be35e890f,2021-12-06 08:05:00,35,STOP SIGN/FLASHER,NO CONTROLS,CLEAR,DAYLIGHT,REAR END,DIVIDED - W/MEDIAN (NOT RAISED),STRAIGHT AND LEVEL,DRY,NO DEFECTS,INJURY AND / OR TOW DUE TO CRASH,"OVER $1,500",UNABLE TO DETERMINE,NOT APPLICABLE,212,S,CICERO AVE,2,NO INDICATION OF INJURY,0.0,0.0,0.0,0.0,0.0,2.0,0.0,8,2,12
62e132794469f38d98deb91281fb48dca8488577f0e838b670a17a9b0890073fd30badda6aa1b727af5eed8576ec89a0da2b62f7a66a7a8b4f1b7961a19d8f53,2020-11-11 23:30:00,15,NO CONTROLS,NO CONTROLS,CLEAR,"DARKNESS, LIGHTED ROAD",FIXED OBJECT,ALLEY,STRAIGHT AND LEVEL,DRY,NO DEFECTS,INJURY AND / OR TOW DUE TO CRASH,"OVER $1,500",UNABLE TO DETERMINE,UNABLE TO DETERMINE,5198,W,GRAND AVE,1,NO INDICATION OF INJURY,0.0,0.0,0.0,0.0,0.0,1.0,0.0,23,4,11
547336e2e9d72db71b31fccd825521aac59c36cb1370a64c1b65352b0832f87225e0f7cf2d1ed71c6dd9623f08d2b0d21d59891791eefd596903b6080423c205,2023-10-08 12:00:00,25,NO CONTROLS,NO CONTROLS,UNKNOWN,DAYLIGHT,SIDESWIPE SAME DIRECTION,NOT DIVIDED,STRAIGHT AND LEVEL,UNKNOWN,UNKNOWN,NO INJURY / DRIVE AWAY,"$501 - $1,500",UNABLE TO DETERMINE,UNABLE TO DETERMINE,4545,W,DIVISION ST,2,NO INDICATION OF INJURY,0.0,0.0,0.0,0.0,0.0,2.0,0.0,12,1,10
865d881881fd5eecc6b0d8bcd8efbe01150f5740e123e4dbe117732d0949b30984cf7b7342e80d2c0ab00a1e6916743836d8ba01bc711cd677bbb420ac0dd99f,2017-08-12 00:20:00,30,NO CONTROLS,NO CONTROLS,CLEAR,"DARKNESS, LIGHTED ROAD",SIDESWIPE SAME DIRECTION,ONE-WAY,STRAIGHT AND LEVEL,DRY,UNKNOWN,NO INJURY / DRIVE AWAY,$500 OR LESS,DRIVING SKILLS/KNOWLEDGE/EXPERIENCE,NOT APPLICABLE,3133,N,KEATING AVE,2,NO INDICATION OF INJURY,0.0,0.0,0.0,0.0,0.0,2.0,0.0,0,7,8
c632a99a7994c1a06aefc2f88417ebe65a81d7a880269bf7acddbba3b5654cde7f73c377b3bcf870c1119da8a69a5706f7746998e5d164e32f92aaeadb400744,2019-11-03 19:20:00,45,NO CONTROLS,NO CONTROLS,CLEAR,"DARKNESS, LIGHTED ROAD",SIDESWIPE SAME DIRECTION,DIVIDED - W/MEDIAN BARRIER,STRAIGHT AND LEVEL,DRY,NO DEFECTS,INJURY AND / OR TOW DUE TO CRASH,"OVER $1,500",UNABLE TO DETERMINE,NOT APPLICABLE,4720,S,LAKE SHORE DR SB,3,NO INDICATION OF INJURY,0.0,0.0,0.0,0.0,0.0,4.0,0.0,19,1,11
1bcd2aebca855bc8237a137b6b2e6c028e8926ee5639e96235f410c9f0a02e40f8cfb085545bf9600fd2226f337bccc5eaf5bd5bdb1de2b4481f83c8a2e9f804,2018-12-17 15:25:00,30,NO CONTROLS,NO CONTROLS,CLEAR,DAYLIGHT,SIDESWIPE SAME DIRECTION,DIVIDED - W/MEDIAN (NOT RAISED),STRAIGHT AND LEVEL,DRY,NO DEFECTS,NO INJURY / DRIVE AWAY,"OVER $1,500",UNABLE TO DETERMINE,NOT APPLICABLE,2405,N,KIMBALL AVE,3,NO INDICATION OF INJURY,0.0,0.0,0.0,0.0,0.0,3.0,0.0,15,2,12
808b56956c33745142afa1d082af694679459365379453985cc7df028f06de18a5f677fdbbe849cf215c7d7a30ba6fe2e9a500daac71ef9300bcfda00a7df661,2024-04-30 15:28:00,30,NO CONTROLS,NO CONTROLS,CLEAR,DAYLIGHT,SIDESWIPE SAME DIRECTION,NOT DIVIDED,STRAIGHT AND LEVEL,DRY,NO DEFECTS,INJURY AND / OR TOW DUE TO CRASH,"OVER $1,500",NOT APPLICABLE,NOT APPLICABLE,1632,W,51ST ST,2,NONINCAPACITATING INJURY,1.0,0.0,0.0,1.0,0.0,2.0,0.0,15,3,4
81b90fb64a8772ca6629b4f6fecb93fd3bde91669092e4aed793ce51713b85f577ca35fe6680526d9a899c0c1754da7fc70f738b8c964920523737628df13610,2023-08-24 09:00:00,20,STOP SIGN/FLASHER,FUNCTIONING PROPERLY,CLEAR,DAYLIGHT,ANGLE,T-INTERSECTION,STRAIGHT AND LEVEL,DRY,NO DEFECTS,NO INJURY / DRIVE AWAY,"$501 - $1,500",FAILING TO YIELD RIGHT-OF-WAY,IMPROPER LANE USAGE,4100,N,BROADWAY,2,NO INDICATION OF INJURY,0.0,0.0,0.0,0.0,0.0,2.0,0.0,9,5,8
bb77353f79d8eca39f2796fdeb70e20ea7bffc109fd88f48fc9d8d9d4b5f17eea1bb0f12fb4daec1a31a224c63fddea62f9bfa300aadff9cc4b8f8cf0f89217b,2017-09-16 09:10:00,30,TRAFFIC SIGNAL,FUNCTIONING PROPERLY,CLEAR,DAYLIGHT,PEDALCYCLIST,NOT DIVIDED,STRAIGHT AND LEVEL,DRY,NO DEFECTS,INJURY AND / OR TOW DUE TO CRASH,"$501 - $1,500",FAILING TO YIELD RIGHT-OF-WAY,NOT APPLICABLE,2304,N,MILWAUKEE AVE,2,NONINCAPACITATING INJURY,1.0,0.0,0.0,1.0,0.0,1.0,0.0,9,7,9
cd5ff9bf1b4bc7200c6f8d517badb8ff3b746d206b45489ad5f937785a728395475be53028b9a7537b9c6ee53106b694b5a1496b9ed3f8c6679f4b5cacb729b1,2023-07-07 14:36:00,30,TRAFFIC SIGNAL,FUNCTIONING PROPERLY,CLEAR,DAYLIGHT,REAR END,FOUR WAY,STRAIGHT AND LEVEL,DRY,NO DEFECTS,INJURY AND / OR TOW DUE TO CRASH,"OVER $1,500",UNABLE TO DETERMINE,UNABLE TO DETERMINE,4300,S,ASHLAND AVE,3,NONINCAPACITATING INJURY,1.0,0.0,0.0,1.0,0.0,2.0,0.0,14,6,7
70e306b43f7f8f6ce839e84ca3659fc7b66e49bd8b1a6496fb4e3b94c3a50ca51729dd55c69d6393b0bad32acba6d5bfe2659ed4b9888d4fa2532d3e08ce4011,2022-11-17 19:00:00,35,NO CONTROLS,NO CONTROLS,CLEAR,"DARKNESS, LIGHTED ROAD",REAR END,NOT DIVIDED,STRAIGHT AND LEVEL,DRY,NO DEFECTS,INJURY AND / OR TOW DUE TO CRASH,"OVER $1,500",UNABLE TO DETERMINE,UNABLE TO DETERMINE,180,N,CENTRAL PARK DR,2,NONINCAPACITATING INJURY,4.0,0.0,0.0,4.0,0.0,1.0,0.0,19,5,11
c2924c003765eaf29097670c7712615615d020d08a934a6f2279a169ea9ff8e929a1e5b20d47f937638b1a84fa41ff2b8b03fe2ea6c601a5c3aaba132b2146dd,2021-09-21 19:30:00,30,NO CONTROLS,NO CONTROLS,CLEAR,"DARKNESS, LIGHTED ROAD",PARKED MOTOR VEHICLE,NOT DIVIDED,STRAIGHT AND LEVEL,DRY,NO DEFECTS,INJURY AND / OR TOW DUE TO CRASH,"OVER $1,500",UNABLE TO DETERMINE,UNABLE TO DETERMINE,2806,W,ROSCOE ST,2,NO INDICATION OF INJURY,0.0,0.0,0.0,0.0,0.0,1.0,0.0,19,3,9
ecc87c6548a6fa5dbf3f8296af54af47946bdcc65f527b3b6755790f5dabe07d4a5276bd4eb073bda411b4092e3065588191fecbbd295e09dc2cc7184f6a69e4,2022-04-09 15:50:00,30,NO CONTROLS,NO CONTROLS,CLEAR,DAYLIGHT,SIDESWIPE SAME DIRECTION,NOT DIVIDED,STRAIGHT AND LEVEL,DRY,NO DEFECTS,NO INJURY / DRIVE AWAY,"$501 - $1,500","OPERATING VEHICLE IN ERRATIC, RECKLESS, CARELESS, NEGLIGENT OR AGGRESSIVE MANNER",NOT APPLICABLE,3557,W,ROOSEVELT RD,2,NO INDICATION OF INJURY,0.0,0.0,0.0,0.0,0.0,5.0,0.0,15,7,4
679a72c0dae0192d40fd4ddc7e61b6e75ddb5a76b0e16c99457101f1eba5a37ebf3ed224387801d4c97ac102d6baae074fc51a5d89617fbe6a80bbf9e9410deb,2019-12-06 11:35:00,30,STOP SIGN/FLASHER,FUNCTIONING PROPERLY,CLOUDY/OVERCAST,DAYLIGHT,FIXED OBJECT,NOT DIVIDED,STRAIGHT AND LEVEL,DRY,NO DEFECTS,INJURY AND / OR TOW DUE TO CRASH,"OVER $1,500",DISTRACTION - FROM INSIDE VEHICLE,UNABLE TO DETERMINE,7200,S,LOWE AVE,1,FATAL,1.0,1.0,0.0,0.0,0.0,1.0,0.0,11,6,12
a1a31d486dc06244a024e958912abd8e202bfdf7c72bd3c97cb23dec1ccadc9bf1ba7d13e36f1ae013f82a3661c2a6e28dc6f405587b45bad32889a3a17c2e00,2017-11-29 18:55:00,25,STOP SIGN/FLASHER,NO CONTROLS,CLEAR,"DARKNESS, LIGHTED ROAD",SIDESWIPE OPPOSITE DIRECTION,NOT DIVIDED,STRAIGHT AND LEVEL,DRY,NO DEFECTS,NO INJURY / DRIVE AWAY,$500 OR LESS,UNABLE TO DETERMINE,NOT APPLICABLE,5300,W,CARMEN AVE,2,NO INDICATION OF INJURY,0.0,0.0,0.0,0.0,0.0,2.0,0.0,18,4,11
8b5ff51b4ee38b7e35a52e33cc7609747a8e66caa24fd32c420d42457ee12de4f0886740e25132404e0806534effcfe7341ee3f52ec4beb1ff863da4df65aaa6,2024-03-11 07:00:00,35,NO CONTROLS,NO CONTROLS,CLEAR,DAYLIGHT,FIXED OBJECT,NOT DIVIDED,STRAIGHT AND LEVEL,DRY,NO DEFECTS,NO INJURY / DRIVE AWAY,"$501 - $1,500",DRIVING SKILLS/KNOWLEDGE/EXPERIENCE,DRIVING ON WRONG SIDE/WRONG WAY,11700,S,DOTY AVE E,1,NO INDICATION OF INJURY,0.0,0.0,0.0,0.0,0.0,1.0,0.0,7,2,3
8611a45f090a1a2b6340711976a9488527cf54460f5ca75dbbd0e32f27e299144d6b75f91ad6a85ce291d69981eec77ecc8000c2e37bf9181323d860673a8153,2022-10-17 11:50:00,30,NO CONTROLS,NO CONTROLS,CLEAR,DAYLIGHT,REAR END,NOT DIVIDED,STRAIGHT AND LEVEL,DRY,NO DEFECTS,NO INJURY / DRIVE AWAY,"OVER $1,500",UNABLE TO DETERMINE,UNABLE TO DETERMINE,920,N,CICERO AVE,3,NO INDICATION OF INJURY,0.0,0.0,0.0,0.0,0.0,3.0,0.0,11,2,10
1452d48629d123e0c64d7cce97666023f72e0c7f34014e43465afc35dfdca266f183112087ec08ad5d9130743cdf7de36a4b01fb2feeaa3b929921d754d40335,2023-11-13 12:20:00,30,TRAFFIC SIGNAL,FUNCTIONING PROPERLY,CLEAR,DAYLIGHT,SIDESWIPE SAME DIRECTION,NOT DIVIDED,STRAIGHT AND LEVEL,DRY,NO DEFECTS,NO INJURY / DRIVE AWAY,"OVER $1,500",FOLLOWING TOO CLOSELY,NOT APPLICABLE,600,S,MICHIGAN AVE,2,NO INDICATION OF INJURY,0.0,0.0,0.0,0.0,0.0,2.0,0.0,12,2,11