CRASH_RECORD_ID,CRASH_DATE,POSTED_SPEED_LIMIT,TRAFFIC_CONTROL_DEVICE,DEVICE_CONDITION,WEATHER_CONDITION,LIGHTING_CONDITION,FIRST_CRASH_TYPE,TRAFFICWAY_TYPE,ALIGNMENT,ROADWAY_SURFACE_COND,ROAD_DEFECT,CRASH_TYPE,DAMAGE,PRIM_CONTRIBUTORY_CAUSE,SEC_CONTRIBUTORY_CAUSE,STREET_NO,STREET_DIRECTION,STREET_NAME,NUM_UNITS,MOST_SEVERE_INJURY,INJURIES_TOTAL,INJURIES_FATAL,INJURIES_INCAPACITATING,INJURIES_NON_INCAPACITATING,INJURIES_REPORTED_NOT_EVIDENT,INJURIES_NO_INDICATION,INJURIES_UNKNOWN,CRASH_HOUR,CRASH_DAY_OF_WEEK,CRASH_MONTH
92a9534a7bc0342445082db5dcbbd9eadf0b2714a88b4a75a722d5606a291c83ebea82904dc88ae2b915dca977098d0bf3cfb1925dca2b16c57c8c0873e36fc7,2016-05-02 12:30:00,15,NO CONTROLS,NO CONTROLS,CLEAR,DAYLIGHT,ANGLE,PARKING LOT,STRAIGHT AND LEVEL,DRY,NO DEFECTS,NO INJURY / DRIVE AWAY,"$501 - $1,500",IMPROPER BACKING,NOT APPLICABLE,1101,S,CANAL ST,2,NO INDICATION OF INJURY,0.0,0.0,0.0,0.0,0.0,2.0,0.0,12,2,5
3a05f6e695506d79e7f62c29ae69e3c80c539c378e10996ba44601fc4505db668a8c1b2122559884856bf66eb9b3ad2834a9e8ffe34724c391d03d6ef1bbba86,2022-10-14 18:16:00,25,TRAFFIC SIGNAL,FUNCTIONING PROPERLY,RAIN,"DARKNESS, LIGHTED ROAD",REAR END,NOT DIVIDED,STRAIGHT AND LEVEL,WET,NO DEFECTS,NO INJURY / DRIVE AWAY,$500 OR LESS,FOLLOWING TOO CLOSELY,FOLLOWING TOO CLOSELY,998,W,FOSTER AVE,2,NO INDICATION OF INJURY,0.0,0.0,0.0,0.0,0.0,4.0,0.0,18,6,10
a9f32bc6b20d680315e429f8ab683bf75d21a96033a7046431aa265b1aba64c9bbc2f7496e88c13a997a6953e7478d87d25ebb8f9fd95bd7b9cccc6623baf815,2020-03-19 12:45:00,30,TRAFFIC SIGNAL,FUNCTIONING PROPERLY,CLEAR,DAYLIGHT,TURNING,NOT DIVIDED,STRAIGHT AND LEVEL,DRY,NO DEFECTS,INJURY AND / OR TOW DUE TO CRASH,"OVER $1,500",IMPROPER TURNING/NO SIGNAL,NOT APPLICABLE,3599,W,WASHINGTON BLVD,2,"REPORTED, NOT EVIDENT",1.0,0.0,0.0,0.0,1.0,3.0,0.0,12,5,3
9d59c4ebbc298d1cab1e8aa71e08eee9464bc7c911bc47b57c7aebfb4db852bc7d47c405baf9d29f26cf32bac0b402478b5f483cbb7204b32f4e992e35cf7b92,2023-01-15 11:28:00,35,TRAFFIC SIGNAL,FUNCTIONING PROPERLY,CLEAR,DAYLIGHT,REAR END,NOT DIVIDED,STRAIGHT AND LEVEL,DRY,UNKNOWN,INJURY AND / OR TOW DUE TO CRASH,"$501 - $1,500",FAILING TO REDUCE SPEED TO AVOID CRASH,UNABLE TO DETERMINE,1005,W,CERMAK RD,2,"REPORTED, NOT EVIDENT",1.0,0.0,0.0,0.0,1.0,1.0,0.0,11,1,1
d53e69a6bb9fdb75607f6b8f110ffba6763a0cb153e44090f858fe1883fc400cfd3dcb60149aa548834d749fe8f55eeb6c551a5a7a03c850f52759597505c3a6,2023-03-20 15:30:00,30,STOP SIGN/FLASHER,FUNCTIONING PROPERLY,CLEAR,DAYLIGHT,TURNING,NOT DIVIDED,STRAIGHT AND LEVEL,DRY,NO DEFECTS,NO INJURY / DRIVE AWAY,"$501 - $1,500",IMPROPER TURNING/NO SIGNAL,NOT APPLICABLE,3200,W,58TH ST,2,NO INDICATION OF INJURY,0.0,0.0,0.0,0.0,0.0,3.0,0.0,15,2,3
b0fb6dcc45be361a90fd4bac3721971e4f3f44a052e3d5c75fa9be2fb7f433a5e60f886e880a122ed624849dfcec8eae1ba35e27a3592dd6c87e525daa38c2ef,2017-03-07 15:00:00,10,NO CONTROLS,NO CONTROLS,CLEAR,DAYLIGHT,PARKED MOTOR VEHICLE,PARKING LOT,STRAIGHT AND LEVEL,DRY,NO DEFECTS,NO INJURY / DRIVE AWAY,"OVER $1,500",FAILING TO YIELD RIGHT-OF-WAY,UNABLE TO DETERMINE,4549,N,HAMLIN AVE,2,NO INDICATION OF INJURY,0.0,0.0,0.0,0.0,0.0,1.0,0.0,15,3,3
48ce58479754b57c19704319fdd4242428b69b96bbf18d51fc7dbea813e707e39e749e9206b01aff30210bf485f6ac9e584982f974908f22b7879f553d30ce20,2019-02-21 12:30:00,20,STOP SIGN/FLASHER,FUNCTIONING PROPERLY,CLEAR,DAYLIGHT,TURNING,DIVIDED - W/MEDIAN (NOT RAISED),STRAIGHT AND LEVEL,DRY,NO DEFECTS,NO INJURY / DRIVE AWAY,"OVER $1,500",UNABLE TO DETERMINE,NOT APPLICABLE,3600,S,NORMAL AVE,2,NO INDICATION OF INJURY,0.0,0.0,0.0,0.0,0.0,3.0,0.0,12,5,2
1fa68e766d8cc7aa021b9b14b3e3d678ca415ee845d312cd36a4c67470046f480ebb1caf61429575a5bc1dccdd88166ede27dffedd4ffdfcc3e9631f78cf5265,2017-05-19 21:00:00,0,NO CONTROLS,NO CONTROLS,CLEAR,DARKNESS,PARKED MOTOR VEHICLE,NOT DIVIDED,STRAIGHT AND LEVEL,DRY,UNKNOWN,NO INJURY / DRIVE AWAY,"OVER $1,500",UNABLE TO DETERMINE,UNABLE TO DETERMINE,9850,S,WALDEN PKWY,2,NO INDICATION OF INJURY,0.0,0.0,0.0,0.0,0.0,1.0,0.0,21,6,5
d4385fbeeac364f128bfb1a4d6da3d5e6e1dae868612c44c4692d7a07b5d59726389a3be5f6a076ae0beb98c8d5d9833c44f63855e89f5318f73e79bc1807b71,2019-02-10 14:50:00,30,NO CONTROLS,NO CONTROLS,SNOW,DAYLIGHT,FIXED OBJECT,DIVIDED - W/MEDIAN (NOT RAISED),"CURVE, LEVEL",SNOW OR SLUSH,NO DEFECTS,NO INJURY / DRIVE AWAY,"OVER $1,500",WEATHER,EXCEEDING SAFE SPEED FOR CONDITIONS,2265,N,ELSTON AVE,1,NO INDICATION OF INJURY,0.0,0.0,0.0,0.0,0.0,1.0,0.0,14,1,2
b7e072ad71fc1288e28e032f5409984de11c8244b4bfe8b8cd513a021a85b3e759a499c5ad0f32f782797e29accb5457a9dc2fc9bb503f129c4aa0a74ed13642,2018-02-19 16:20:00,30,UNKNOWN,UNKNOWN,UNKNOWN,UNKNOWN,SIDESWIPE SAME DIRECTION,UNKNOWN,STRAIGHT AND LEVEL,UNKNOWN,UNKNOWN,NO INJURY / DRIVE AWAY,"OVER $1,500",UNABLE TO DETERMINE,NOT APPLICABLE,6900,N,CENTRAL AVE,2,NO INDICATION OF INJURY,0.0,0.0,0.0,0.0,0.0,3.0,0.0,16,2,2
f46383abe6977037f59cd6a00308085b9e0c055106f820ddbeae638f508f7fd6273cbc9d82cd52b99da4e81163e73fb44e79291b1f7e421d985a67e4596b4834,2023-03-28 13:30:00,30,NO CONTROLS,NO CONTROLS,CLEAR,DAYLIGHT,PARKED MOTOR VEHICLE,ONE-WAY,STRAIGHT AND LEVEL,DRY,NO DEFECTS,NO INJURY / DRIVE AWAY,"OVER $1,500",UNABLE TO DETERMINE,UNABLE TO DETERMINE,1204,N,WASHTENAW AVE,2,NO INDICATION OF INJURY,0.0,0.0,0.0,0.0,0.0,1.0,0.0,13,3,3
7dcc1fdfa4a8442a6363f9a08a579f1c8845d3e3694f811804d192108ef65c3fa897bb902ec344ae37ba2e405c60af86372cb7a973989e0f67d0c4a41cd45274,2017-07-04 17:30:00,30,UNKNOWN,UNKNOWN,CLEAR,DAYLIGHT,OTHER NONCOLLISION,OTHER,STRAIGHT AND LEVEL,DRY,NO DEFECTS,NO INJURY / DRIVE AWAY,"OVER $1,500",UNABLE TO DETERMINE,NOT APPLICABLE,9500,S,VINCENNES AVE,1,NO INDICATION OF INJURY,0.0,0.0,0.0,0.0,0.0,1.0,0.0,17,3,7
4d4b27840af4c59b5709109117b5e9a9ddf667eb72f8690d8b0409e799d7b84a5eb5f147f521d5c7687189ab1777c2461b6932268bf62a11d6aa03e61bcf3da3,2019-09-10 07:44:00,30,TRAFFIC SIGNAL,FUNCTIONING PROPERLY,CLEAR,DAYLIGHT,SIDESWIPE SAME DIRECTION,CENTER TURN LANE,STRAIGHT AND LEVEL,DRY,NO DEFECTS,NO INJURY / DRIVE AWAY,$500 OR LESS,IMPROPER OVERTAKING/PASSING,IMPROPER LANE USAGE,350,W,BELMONT AVE,2,NO INDICATION OF INJURY,0.0,0.0,0.0,0.0,0.0,2.0,0.0,7,3,9
fbe9910c051118a52745812bbe748fa1605b7203d598c188a7e1b15c28cd15269b26b4d1eac057281c43667acdea6fee3b27f34c9a49ea83becfe4345de02389,2022-06-26 18:00:00,30,NO CONTROLS,NO CONTROLS,CLEAR,DAYLIGHT,PARKED MOTOR VEHICLE,NOT DIVIDED,STRAIGHT AND LEVEL,DRY,NO DEFECTS,NO INJURY / DRIVE AWAY,"$501 - $1,500",UNABLE TO DETERMINE,NOT APPLICABLE,711,N,WABASH AVE,2,NO INDICATION OF INJURY,0.0,0.0,0.0,0.0,0.0,1.0,0.0,18,1,6
bda9b092c6a4e615e41f605bf769ec701c9e551aa41d577630b4af340fcefddb3060fc630f6bb7c8fde402d4cef51ab1bb451ceb6a2c141738651537a66a003a,2019-03-30 12:20:00,30,STOP SIGN/FLASHER,UNKNOWN,CLEAR,DAYLIGHT,REAR END,NOT DIVIDED,STRAIGHT AND LEVEL,DRY,NO DEFECTS,NO INJURY / DRIVE AWAY,"OVER $1,500",UNABLE TO DETERMINE,NOT APPLICABLE,8700,S,DAUPHIN AVE,2,NO INDICATION OF INJURY,0.0,0.0,0.0,0.0,0.0,2.0,0.0,12,7,3
dace0023e89ee5f5f200c5d76510e9ddf72386a68d898cc84ceab78a67d5fa5e7006d3d36b487584bac6a60e5169235662f2f7f3a72d5967118c97f282e43fee,2023-10-01 03:35:00,30,TRAFFIC SIGNAL,FUNCTIONING PROPERLY,CLEAR,"DARKNESS, LIGHTED ROAD",FIXED OBJECT,NOT DIVIDED,STRAIGHT AND LEVEL,DRY,NO DEFECTS,INJURY AND / OR TOW DUE TO CRASH,"OVER $1,500",UNABLE TO DETERMINE,UNABLE TO DETERMINE,4501,S,MICHIGAN AVE,1,NO INDICATION OF INJURY,0.0,0.0,0.0,0.0,0.0,1.0,0.0,3,1,10
7b743c93f28158b7411c13b86722443f5ff1d70e5a3c3611cd29bd6524a78a241d0928b8f0bf305cc43d0a21ccbed484a8d508838fb38ee6cd50d56251b5efbd,2021-05-14 07:50:00,30,NO CONTROLS,NO CONTROLS,CLEAR,DAYLIGHT,TURNING,DIVIDED - W/MEDIAN (NOT RAISED),STRAIGHT AND LEVEL,DRY,NO DEFECTS,INJURY AND / OR TOW DUE TO CRASH,"OVER $1,500",DRIVING SKILLS/KNOWLEDGE/EXPERIENCE,IMPROPER OVERTAKING/PASSING,1229,W,CERMAK RD,2,NO INDICATION OF INJURY,0.0,0.0,0.0,0.0,0.0,2.0,0.0,7,6,5
614c53bf6b03e37ffc4570539c136e7381ef384e2ff31d1090e30e487f137fdeffbfecee7455c4ba4257a289322f33ba8acc8d4c098e1bfa0aa8d0402e0fc443,2017-12-01 13:50:00,30,TRAFFIC SIGNAL,FUNCTIONING PROPERLY,CLEAR,DAYLIGHT,REAR END,DIVIDED - W/MEDIAN (NOT RAISED),STRAIGHT AND LEVEL,DRY,NO DEFECTS,NO INJURY / DRIVE AWAY,"OVER $1,500",NOT APPLICABLE,NOT APPLICABLE,1700,W,PETERSON AVE,2,NO INDICATION OF INJURY,0.0,0.0,0.0,0.0,0.0,2.0,0.0,13,6,12
56f01028e1fa7830bdbbe1cd067a7dca23849d56acc3b738063875dc61ab4fc0e4035fa1be2772833cee6cbe0cd8874b7ca519c658b5d787adb33c1eab9ee294,2021-06-01 19:30:00,30,NO CONTROLS,NO CONTROLS,CLEAR,"DARKNESS, LIGHTED ROAD",SIDESWIPE OPPOSITE DIRECTION,ONE-WAY,STRAIGHT AND LEVEL,DRY,NO DEFECTS,NO INJURY / DRIVE AWAY,"$501 - $1,500",UNABLE TO DETERMINE,NOT APPLICABLE,6100,W,EDDY ST,2,NO INDICATION OF INJURY,0.0,0.0,0.0,0.0,0.0,3.0,0.0,19,3,6
c4d30710ed372d4bec085f417d1c9b9a8b403028f9d1e4a808242339bf2b82cdccf2249c1b30ff6f8d28e89047420263cdba92a956c7d2c3da70c27fe029c37a,2023-04-28 15:38:00,30,NO CONTROLS,NO CONTROLS,CLEAR,DAYLIGHT,SIDESWIPE SAME DIRECTION,NOT DIVIDED,STRAIGHT AND LEVEL,DRY,NO DEFECTS,NO INJURY / DRIVE AWAY,"OVER $1,500",IMPROPER LANE USAGE,IMPROPER OVERTAKING/PASSING,3802,W,CONGRESS PKWY,2,NO INDICATION OF INJURY,0.0,0.0,0.0,0.0,0.0,2.0,0.0,15,6,4
7135648218dc457b3b051fe97899a231855de2a6dc6dbb06973355f45b9a7acd721e0f9b08a71bcf35fc16832458fbcee48e70d7f9938e030837a678149efc72,2023-01-23 01:30:00,30,NO CONTROLS,NO CONTROLS,CLEAR,"DARKNESS, LIGHTED ROAD",FIXED OBJECT,DIVIDED - W/MEDIAN (NOT RAISED),STRAIGHT AND LEVEL,WET,NO DEFECTS,INJURY AND / OR TOW DUE TO CRASH,"OVER $1,500",UNABLE TO DETERMINE,UNABLE TO DETERMINE,3100,S,ARCHER AVE,1,NO INDICATION OF INJURY,0.0,0.0,0.0,0.0,0.0,1.0,0.0,1,2,1
9df7d341ed473833252ce47106d173b65d86d67166d6b7ed951fba8f4b572e99615b660ff04a86495abf6bd80deddaec5851c8851dab65a4ea67f31eb496aa78,2022-04-25 15:31:00,30,TRAFFIC SIGNAL,FUNCTIONING PROPERLY,CLEAR,DAYLIGHT,SIDESWIPE SAME DIRECTION,NOT DIVIDED,STRAIGHT ON HILLCREST,DRY,NO DEFECTS,NO INJURY / DRIVE AWAY,"$501 - $1,500",DRIVING SKILLS/KNOWLEDGE/EXPERIENCE,NOT APPLICABLE,3100,S,DAMEN AVE,2,NO INDICATION OF INJURY,0.0,0.0,0.0,0.0,0.0,2.0,0.0,15,2,4
494797014c28f8c7dc9f97b9917ba659409e81a26aeb63752e86dd6bfd3728834f77dcbddcbeaaf597e6693ac1daa3f07b03f2e190c911d52993832d86866a05,2019-01-23 15:34:00,30,NO CONTROLS,NO CONTROLS,CLEAR,DAYLIGHT,FIXED OBJECT,NOT DIVIDED,STRAIGHT AND LEVEL,SNOW OR SLUSH,UNKNOWN,NO INJURY / DRIVE AWAY,"$501 - $1,500",UNABLE TO DETERMINE,NOT APPLICABLE,6601,S,PEORIA ST,1,NO INDICATION OF INJURY,0.0,0.0,0.0,0.0,0.0,1.0,0.0,15,4,1
329fbb80c37b677e5e451508438cea012a202be92ceb6ed65059faa89e15e75d2c73bc3b5892d46f71d9835dd56d56d668b8935269e0a8a1289acf10621100b9,2023-11-19 06:30:00,25,NO CONTROLS,NO CONTROLS,CLEAR,DAYLIGHT,PARKED MOTOR VEHICLE,ONE-WAY,STRAIGHT AND LEVEL,DRY,NO DEFECTS,NO INJURY / DRIVE AWAY,"$501 - $1,500",UNABLE TO DETERMINE,UNABLE TO DETERMINE,3303,W,GRACE ST,2,NO INDICATION OF INJURY,0.0,0.0,0.0,0.0,0.0,1.0,0.0,6,1,11
6ac23dcb0c9f3e7b4b399466912fea4e10ca9ff832fad96ed2a06c413cbc627c0bcd9f489f3162fa5bc73c02bcff8f4b66c5d5fd176aa43ef3d21f93273ac89b,2017-10-12 10:25:00,30,TRAFFIC SIGNAL,FUNCTIONING PROPERLY,CLEAR,DAYLIGHT,TURNING,DIVIDED - W/MEDIAN (NOT RAISED),STRAIGHT AND LEVEL,DRY,NO DEFECTS,NO INJURY / DRIVE AWAY,"OVER $1,500",IMPROPER TURNING/NO SIGNAL,NOT APPLICABLE,4129,S,CICERO AVE,2,NO INDICATION OF INJURY,0.0,0.0,0.0,0.0,0.0,2.0,0.0,10,5,10
2a9ce0a66afabfd4c8a440c50ff57cc08a97c9de7ed4054846636ca6b5eb86dc995ccfdcfa51bbb3abcc32af9af775ea485be7bb49eacd0064ab190346d19dd4,2021-02-22 07:30:00,15,NO CONTROLS,NO CONTROLS,SNOW,DAYLIGHT,PARKED MOTOR VEHICLE,ONE-WAY,STRAIGHT AND LEVEL,SNOW OR SLUSH,NO DEFECTS,NO INJURY / DRIVE AWAY,"OVER $1,500",UNABLE TO DETERMINE,NOT APPLICABLE,7817,S,PAULINA ST,2,NO INDICATION OF INJURY,0.0,0.0,0.0,0.0,0.0,1.0,0.0,7,2,2
1cd6d756e9a911b52888225fdb266ba7326ae465c9788927f5d674cff3eef3a382f5e8674e186311aebd7270c25d708ed194466ca1e4e720ac6a81be4ac71b90,2018-07-02 10:47:00,30,TRAFFIC SIGNAL,FUNCTIONING PROPERLY,CLEAR,DAYLIGHT,SIDESWIPE SAME DIRECTION,ONE-WAY,STRAIGHT AND LEVEL,DRY,NO DEFECTS,NO INJURY / DRIVE AWAY,"OVER $1,500",IMPROPER LANE USAGE,NOT APPLICABLE,612,N,RACINE AVE,2,NO INDICATION OF INJURY,0.0,0.0,0.0,0.0,0.0,2.0,0.0,10,2,7
95177c23db55a92bc26b4d4f477cda35b415e8c6743000475cbc1bbe5b38081cecc4b4c2fc54798527a017bf941e21533a13a83156eac0ff46cef869a6db3263,2020-01-07 13:20:00,25,NO CONTROLS,NO CONTROLS,CLEAR,DAYLIGHT,REAR END,NOT DIVIDED,STRAIGHT AND LEVEL,DRY,NO DEFECTS,INJURY AND / OR TOW DUE TO CRASH,"OVER $1,500",FAILING TO REDUCE SPEED TO AVOID CRASH,NOT APPLICABLE,8145,S,BRANDON AVE,2,NO INDICATION OF INJURY,0.0,0.0,0.0,0.0,0.0,2.0,0.0,13,3,1
45a498da282c6d0b8a6d6dfa9c8970ebfd8273f35efb5ef49bec8699151a16332528e6122403073f5c43a9af7333409c53873a34aef073416130629adffaae42,2016-08-15 21:00:00,30,TRAFFIC SIGNAL,UNKNOWN,RAIN,DARKNESS,REAR END,NOT DIVIDED,STRAIGHT AND LEVEL,WET,UNKNOWN,NO INJURY / DRIVE AWAY,"OVER $1,500",UNABLE TO DETERMINE,UNABLE TO DETERMINE,2357,W,FULLERTON AVE,2,NO INDICATION OF INJURY,0.0,0.0,0.0,0.0,0.0,2.0,0.0,21,2,8
52d42a8c9bdeb1512b90abfe4262a5ffc6feb4f0c596106b5868834fd26a68a4a11b4bd73acdcd4c8474e5603e85a32e439bedb2239fd450b5b5442a934359e9,2020-12-17 02:03:00,25,TRAFFIC SIGNAL,FUNCTIONING PROPERLY,CLEAR,"DARKNESS, LIGHTED ROAD",PARKED MOTOR VEHICLE,ONE-WAY,STRAIGHT AND LEVEL,DRY,NO DEFECTS,INJURY AND / OR TOW DUE TO CRASH,"OVER $1,500",UNABLE TO DETERMINE,UNABLE TO DETERMINE,9500,S,LAFAYETTE AVE,3,NO INDICATION OF INJURY,0.0,0.0,0.0,0.0,0.0,1.0,0.0,2,5,12
4450ca0077bf7b0335d3ea7439ce241c1896d18f91236dbff42ca8baaf2beeb33757dfa7a62821a69fc9876e651d936554dc11b2db2a96990f346228bf34204e,2022-11-13 10:15:00,15,NO CONTROLS,NO CONTROLS,CLEAR,DAYLIGHT,PARKED MOTOR VEHICLE,ALLEY,STRAIGHT AND LEVEL,DRY,NO DEFECTS,NO INJURY / DRIVE AWAY,$500 OR LESS,IMPROPER BACKING,DRIVING SKILLS/KNOWLEDGE/EXPERIENCE,9636,S,GREENWOOD AVE,2,NO INDICATION OF INJURY,0.0,0.0,0.0,0.0,0.0,3.0,0.0,10,1,11
c32c94661e4f102601fade775c588812b91fe11b83f2a42a1eec1b3094cea061a5905293aabb0fb85bc3955496c1bf15555cb08df9766b034c1044e6def401eb,2019-10-30 10:55:00,25,STOP SIGN/FLASHER,FUNCTIONING PROPERLY,RAIN,DAYLIGHT,TURNING,NOT DIVIDED,STRAIGHT AND LEVEL,WET,NO DEFECTS,INJURY AND / OR TOW DUE TO CRASH,"OVER $1,500",UNABLE TO DETERMINE,UNABLE TO DETERMINE,5500,W,HIGGINS AVE,2,NO INDICATION OF INJURY,0.0,0.0,0.0,0.0,0.0,2.0,0.0,10,4,10
234f1b611dcc9a43baabb69d8d4f4f0c2e100cfc70e78cfbfbb4d6f805079052e515e2edcb50c849992045ed5c81a3e26e59c49061f14d9e21f8d0cf3e154ebe,2023-07-09 19:00:00,30,STOP SIGN/FLASHER,UNKNOWN,CLEAR,DAYLIGHT,SIDESWIPE SAME DIRECTION,NOT DIVIDED,STRAIGHT AND LEVEL,UNKNOWN,UNKNOWN,NO INJURY / DRIVE AWAY,"OVER $1,500",UNABLE TO DETERMINE,UNABLE TO DETERMINE,10500,S,AVENUE H,2,NO INDICATION OF INJURY,0.0,0.0,0.0,0.0,0.0,2.0,0.0,19,1,7
868edc44d23f5502fbc0b028fc578a27c51d7db67163d470ee020209c9229273e7b415a9c65e7d78f64c82bb0affee45efeaf4b85474589c3848e708a1a0fc6c,2018-05-08 09:45:00,30,TRAFFIC SIGNAL,NO CONTROLS,CLEAR,DAYLIGHT,TURNING,DIVIDED - W/MEDIAN (NOT RAISED),STRAIGHT AND LEVEL,DRY,NO DEFECTS,NO INJURY / DRIVE AWAY,"$501 - $1,500",IMPROPER TURNING/NO SIGNAL,NOT APPLICABLE,2000,W,47TH ST,2,NO INDICATION OF INJURY,0.0,0.0,0.0,0.0,0.0,2.0,0.0,9,3,5
b1738dca5ba34d5b263bc04cfba53e4bcf765926ffa6098fa1af100efea76ab892bd199140d61f7c2ffbd83521bf468e53edcfccd744aff7a65afb908922af74,2022-01-20 09:00:00,30,STOP SIGN/FLASHER,FUNCTIONING PROPERLY,CLEAR,DAYLIGHT,REAR END,NOT DIVIDED,STRAIGHT AND LEVEL,DRY,NO DEFECTS,NO INJURY / DRIVE AWAY,"OVER $1,500",FOLLOWING TOO CLOSELY,UNABLE TO DETERMINE,6401,W,GRAND AVE,2,NO INDICATION OF INJURY,0.0,0.0,0.0,0.0,0.0,2.0,0.0,9,5,1
fcb2e708db202ddc87e79129325afa6229cc6673ea720fab7d5393b4d8325cb15af64ed4e77671529c4df99a0e04417b8d670df19632061076039db3020910a9,2016-06-18 21:00:00,30,STOP SIGN/FLASHER,FUNCTIONING PROPERLY,CLEAR,"DARKNESS, LIGHTED ROAD",REAR END,NOT DIVIDED,STRAIGHT AND LEVEL,DRY,NO DEFECTS,NO INJURY / DRIVE AWAY,"$501 - $1,500",FOLLOWING TOO CLOSELY,FOLLOWING TOO CLOSELY,3900,W,71ST ST,2,NO INDICATION OF INJURY,0.0,0.0,0.0,0.0,0.0,2.0,0.0,21,7,6
3cb17c053c9c4a0a0c4703a5d135676f027fb44c27c2331390c749ca352b24112d76b90eb3316ba35d35b66b3233e3fc803387f4d59fdca482755e38c6ae87dc,2023-05-11 11:00:00,0,UNKNOWN,UNKNOWN,UNKNOWN,UNKNOWN,PARKED MOTOR VEHICLE,OTHER,STRAIGHT AND LEVEL,UNKNOWN,UNKNOWN,NO INJURY / DRIVE AWAY,"OVER $1,500",NOT APPLICABLE,NOT APPLICABLE,5219,S,WENTWORTH AVE,2,NO INDICATION OF INJURY,0.0,0.0,0.0,0.0,0.0,1.0,0.0,11,5,5
6af7a441264f9a4a72f3aa6c692d209e50afa46e190f36904f346f19e5c3055e0017cb4638aaa16438812f08bc4eb4042131a1a40df95c385691b7e880dfe81a,2021-09-24 05:20:00,35,NO CONTROLS,UNKNOWN,CLEAR,DAWN,SIDESWIPE SAME DIRECTION,DIVIDED - W/MEDIAN BARRIER,STRAIGHT AND LEVEL,UNKNOWN,UNKNOWN,NO INJURY / DRIVE AWAY,"OVER $1,500",UNABLE TO DETERMINE,UNABLE TO DETERMINE,5658,N,LAKE SHORE DR NB,2,NO INDICATION OF INJURY,0.0,0.0,0.0,0.0,0.0,2.0,0.0,5,6,9
8054d5c3a4a11579d729dbe4c1b895c81abe87eec5bf97552df750108b40f804cb1989357df031ecd96a21ed642813d42f5038f10518131014b9c559008fae38,2018-07-27 15:45:00,30,NO CONTROLS,NO CONTROLS,CLEAR,DAYLIGHT,PEDALCYCLIST,NOT DIVIDED,STRAIGHT AND LEVEL,DRY,NO DEFECTS,INJURY AND / OR TOW DUE TO CRASH,"$501 - $1,500",DRIVING SKILLS/KNOWLEDGE/EXPERIENCE,DRIVING SKILLS/KNOWLEDGE/EXPERIENCE,900,E,103RD ST,2,"REPORTED, NOT EVIDENT",1.0,0.0,0.0,0.0,1.0,1.0,0.0,15,6,7
e3c14bb783faac03f44f4e5587be92434c88b91c29a7b5b07303e06b3e2705bcafb89f8ee06a97d30c0b5cc7a30e7872be906670a897246706e2beea14beedb9,2017-07-19 14:00:00,30,NO CONTROLS,NO CONTROLS,CLEAR,DAYLIGHT,TURNING,DIVIDED - W/MEDIAN (NOT RAISED),STRAIGHT AND LEVEL,DRY,OTHER,NO INJURY / DRIVE AWAY,"OVER $1,500",IMPROPER TURNING/NO SIGNAL,IMPROPER TURNING/NO SIGNAL,5900,N,NAGLE AVE,2,NO INDICATION OF INJURY,0.0,0.0,0.0,0.0,0.0,3.0,0.0,14,4,7
cebd66f82f81dace6cd64933fe59c60a0f914e082d72585c44c9824f0bfe96b361fd946ceb85c2f22106536240f743c48166385b3c31521424c80a16202a0152,2022-07-21 05:25:00,30,NO CONTROLS,NO CONTROLS,CLEAR,DAYLIGHT,PEDESTRIAN,ONE-WAY,STRAIGHT AND LEVEL,DRY,NO DEFECTS,INJURY AND / OR TOW DUE TO CRASH,$500 OR LESS,UNABLE TO DETERMINE,UNABLE TO DETERMINE,3843,W,14TH ST,2,"REPORTED, NOT EVIDENT",1.0,0.0,0.0,0.0,1.0,1.0,0.0,5,5,7
bf6295b4d557cc2758386d6c927a29d42fdfd179ad509d30d921f2693cd4ddd32ed82177b29f0bf4747fd6dabf06aaf4b0a6c4d4bf1c9a4deb0c2d32d1253159,2016-01-05 18:50:00,30,NO CONTROLS,NO CONTROLS,CLEAR,UNKNOWN,REAR END,NOT DIVIDED,STRAIGHT AND LEVEL,DRY,NO DEFECTS,NO INJURY / DRIVE AWAY,"OVER $1,500",NOT APPLICABLE,NOT APPLICABLE,2550,W,BELMONT AVE,2,NO INDICATION OF INJURY,0.0,0.0,0.0,0.0,0.0,2.0,0.0,18,3,1
a347b95127034149edad9ca35269f0d59c9ebd6614e78521b8989a20f65b438ea2b074eb467c136c8d6fe67afff286489935498fcce2ad30deb358e7ec4b1236,2018-08-21 10:50:00,15,NO CONTROLS,NO CONTROLS,CLEAR,DAYLIGHT,OTHER OBJECT,PARKING LOT,STRAIGHT AND LEVEL,DRY,NO DEFECTS,NO INJURY / DRIVE AWAY,$500 OR LESS,NOT APPLICABLE,NOT APPLICABLE,4851,W,BELMONT AVE,2,NO INDICATION OF INJURY,0.0,0.0,0.0,0.0,0.0,1.0,0.0,10,3,8
188b6ae2d2789da3bc3a412028bb2852ac49b7efa4216fd7511804971b7bda7dc7a9afb9804697c5118ab3b495c27ed5ce0510dc0815f1ca613e20053acbf8c4,2021-11-24 10:00:00,5,NO CONTROLS,NO CONTROLS,CLEAR,DAYLIGHT,PARKED MOTOR VEHICLE,PARKING LOT,STRAIGHT AND LEVEL,DRY,NO DEFECTS,NO INJURY / DRIVE AWAY,"$501 - $1,500",IMPROPER BACKING,NOT APPLICABLE,5301,W,LEXINGTON ST,2,NO INDICATION OF INJURY,0.0,0.0,0.0,0.0,0.0,1.0,0.0,10,4,11