CRASH_RECORD_ID,CRASH_DATE,POSTED_SPEED_LIMIT,TRAFFIC_CONTROL_DEVICE,DEVICE_CONDITION,WEATHER_CONDITION,LIGHTING_CONDITION,FIRST_CRASH_TYPE,TRAFFICWAY_TYPE,ALIGNMENT,ROADWAY_SURFACE_COND,ROAD_DEFECT,CRASH_TYPE,DAMAGE,PRIM_CONTRIBUTORY_CAUSE,SEC_CONTRIBUTORY_CAUSE,STREET_NO,STREET_DIRECTION,STREET_NAME,NUM_UNITS,MOST_SEVERE_INJURY,INJURIES_TOTAL,INJURIES_FATAL,INJURIES_INCAPACITATING,INJURIES_NON_INCAPACITATING,INJURIES_REPORTED_NOT_EVIDENT,INJURIES_NO_INDICATION,INJURIES_UNKNOWN,CRASH_HOUR,CRASH_DAY_OF_WEEK,CRASH_MONTH
2748b1baadad53b47ea6545f579716744177e12affbd1409743071b58231543cfb2cc8d8709790405e6cca339ba66b9b4a38b806297b0464d572c1cf197e714d,2016-06-02 07:23:00,30,STOP SIGN/FLASHER,FUNCTIONING PROPERLY,RAIN,DAYLIGHT,PEDESTRIAN,NOT DIVIDED,STRAIGHT AND LEVEL,WET,NO DEFECTS,INJURY AND / OR TOW DUE TO CRASH,"OVER $1,500",UNABLE TO DETERMINE,UNABLE TO DETERMINE,1738,E,55TH ST,2,NONINCAPACITATING INJURY,1.0,0.0,0.0,1.0,0.0,1.0,0.0,7,5,6
194771aceca294ba86b5c5d2efda371a427ad9454939257c13f97e934a9b2e0154b578a9ae3cd3f81a7a92376c866ec12824bc92588ee4af8756e32f16405f87,2023-02-18 15:00:00,25,UNKNOWN,UNKNOWN,CLEAR,DAYLIGHT,TURNING,OTHER,STRAIGHT AND LEVEL,UNKNOWN,UNKNOWN,NO INJURY / DRIVE AWAY,"OVER $1,500",UNABLE TO DETERMINE,UNABLE TO DETERMINE,1400,W,79TH ST,2,NO INDICATION OF INJURY,0.0,0.0,0.0,0.0,0.0,2.0,0.0,15,7,2
b479d12ad0678324ae7063d9506384aa207122e3df547b74b78b099704751b0816afa013f6b67fb333c7bb98e43e5e65d00ecd78e722989981de4f9061a89c4e,2018-11-26 14:00:00,30,LANE USE MARKING,FUNCTIONING PROPERLY,CLOUDY/OVERCAST,DAYLIGHT,FIXED OBJECT,DIVIDED - W/MEDIAN (NOT RAISED),STRAIGHT AND LEVEL,ICE,NO DEFECTS,INJURY AND / OR TOW DUE TO CRASH,"OVER $1,500",WEATHER,NOT APPLICABLE,8126,W,FOSTER AVE,1,NO INDICATION OF INJURY,0.0,0.0,0.0,0.0,0.0,1.0,0.0,14,2,11
c879ce15715a3494b93e6c0825690ca875ac21739e5749341365a30b3438de038cef8260a6d909d11bdbb1c3fcb990c12b04b5ceb5f0c0711b9b81c515b53e4a,2020-04-27 08:23:00,30,OTHER WARNING SIGN,FUNCTIONING PROPERLY,CLEAR,DAYLIGHT,FIXED OBJECT,NOT DIVIDED,STRAIGHT AND LEVEL,DRY,UNKNOWN,NO INJURY / DRIVE AWAY,"OVER $1,500",DISREGARDING ROAD MARKINGS,NOT APPLICABLE,134,W,57TH ST,1,NO INDICATION OF INJURY,0.0,0.0,0.0,0.0,0.0,2.0,0.0,8,2,4
e16d1f64f0288d2dff57fb8d563f9bdc2a30194f8066fdbaa3e2f05d58f1e8701f6810173dae4dfc1b38db8627ee8a5b1241adf7672e0e9adf82700fb4894cca,2022-05-14 10:50:00,30,UNKNOWN,UNKNOWN,CLEAR,DAYLIGHT,SIDESWIPE SAME DIRECTION,NOT DIVIDED,STRAIGHT AND LEVEL,UNKNOWN,NO DEFECTS,NO INJURY / DRIVE AWAY,"$501 - $1,500",DRIVING SKILLS/KNOWLEDGE/EXPERIENCE,UNABLE TO DETERMINE,2112,W,PETERSON AVE,2,NO INDICATION OF INJURY,0.0,0.0,0.0,0.0,0.0,2.0,0.0,10,7,5
4aa423dffa304361f85627be5036a05af10e7512bcde84317e1c475330ac4de02ad07e4c70da57134f239b36528b4665376cda7393ade473d92d7c7a7882fd0a,2018-04-20 08:15:00,25,NO CONTROLS,NO CONTROLS,CLEAR,DAYLIGHT,TURNING,NOT DIVIDED,STRAIGHT AND LEVEL,DRY,NO DEFECTS,NO INJURY / DRIVE AWAY,"$501 - $1,500","VISION OBSCURED (SIGNS, TREE LIMBS, BUILDINGS, ETC.)",DRIVING SKILLS/KNOWLEDGE/EXPERIENCE,2439,W,GRANVILLE AVE,2,NO INDICATION OF INJURY,0.0,0.0,0.0,0.0,0.0,2.0,0.0,8,6,4
e20af210cfb9d778594648435b9892e124a47e34b59323c6adfcc89613a6d494e359d22b11142c439b22b0058686bdeda72d56940dc37692d335e07c97ae1dfd,2020-07-06 22:32:00,30,UNKNOWN,UNKNOWN,CLEAR,"DARKNESS, LIGHTED ROAD",OTHER OBJECT,DIVIDED - W/MEDIAN (NOT RAISED),STRAIGHT AND LEVEL,DRY,NO DEFECTS,INJURY AND / OR TOW DUE TO CRASH,"OVER $1,500",NOT APPLICABLE,NOT APPLICABLE,9018,S,HALSTED ST,1,NO INDICATION OF INJURY,0.0,0.0,0.0,0.0,0.0,1.0,0.0,22,2,7
9d5f9d151545099742cc87b3e9df6f6a1b91a1ad055f4b829b4ca9287eec97de115d8d998e1ea6723f1a70304580ce3fb6b6f77eea4721f7da8bc77a190ed1b2,2019-09-04 15:15:00,25,NO CONTROLS,NO CONTROLS,CLEAR,DAYLIGHT,SIDESWIPE SAME DIRECTION,"FIVE POINT, OR MORE",STRAIGHT AND LEVEL,DRY,NO DEFECTS,NO INJURY / DRIVE AWAY,"$501 - $1,500",UNABLE TO DETERMINE,NOT APPLICABLE,7100,S,SOUTH SHORE DR,2,NO INDICATION OF INJURY,0.0,0.0,0.0,0.0,0.0,3.0,0.0,15,4,9
ad23bd8b7bb0cd67ed17f96f9a5bcc2303f1c3c67a281868688f3a03c1e05bbadd02f7d98ee90d3083e181cdc5f4f46d780a7d7a28a23df20ac87e4968b904ef,2019-06-06 07:00:00,45,NO CONTROLS,NO CONTROLS,CLEAR,DAYLIGHT,SIDESWIPE SAME DIRECTION,DIVIDED - W/MEDIAN BARRIER,STRAIGHT AND LEVEL,DRY,NO DEFECTS,INJURY AND / OR TOW DUE TO CRASH,"OVER $1,500",IMPROPER LANE USAGE,NOT APPLICABLE,3001,S,LAKE SHORE DR NB,4,NONINCAPACITATING INJURY,1.0,0.0,0.0,1.0,0.0,3.0,0.0,7,5,6
c42bdcaf2f308fcdbb7fe8c90f29d49829c095d54b8f5f35812669c732b2c9bb362da587b4c0b7e413e490f10754b74731cdfd3191fdacc043c9169d4f19a40a,2017-10-05 20:39:00,30,NO CONTROLS,NO CONTROLS,CLEAR,"DARKNESS, LIGHTED ROAD",ANGLE,NOT DIVIDED,STRAIGHT AND LEVEL,WET,UNKNOWN,NO INJURY / DRIVE AWAY,"$501 - $1,500",FAILING TO YIELD RIGHT-OF-WAY,UNABLE TO DETERMINE,2840,W,NORTH AVE,2,NO INDICATION OF INJURY,0.0,0.0,0.0,0.0,0.0,3.0,0.0,20,5,10
f0ad02eaa505bab71b8552bc1414a52f57936d6cbd864e518aa9547f003ffea4ac1d69b93e9a8cdfe02d240e46df3806ad36d083001759ff493085b62d7d4e2f,2023-11-24 22:38:00,30,TRAFFIC SIGNAL,FUNCTIONING PROPERLY,CLEAR,"DARKNESS, LIGHTED ROAD",SIDESWIPE OPPOSITE DIRECTION,NOT DIVIDED,STRAIGHT AND LEVEL,DRY,NO DEFECTS,INJURY AND / OR TOW DUE TO CRASH,"OVER $1,500","OPERATING VEHICLE IN ERRATIC, RECKLESS, CARELESS, NEGLIGENT OR AGGRESSIVE MANNER",NOT APPLICABLE,1205,S,HALSTED ST,2,NO INDICATION OF INJURY,0.0,0.0,0.0,0.0,0.0,4.0,0.0,22,6,11
447b4a9d8e27ffd73e132e3c231352c84c9ebb92165629048096d167b19df7dcd0344a027b5cbbd46bc12adc8103a9e8b24e6e4352438f4c1c3eebe46e773934,2023-09-06 15:50:00,30,TRAFFIC SIGNAL,FUNCTIONING PROPERLY,CLEAR,DAYLIGHT,TURNING,FOUR WAY,STRAIGHT AND LEVEL,DRY,NO DEFECTS,INJURY AND / OR TOW DUE TO CRASH,"OVER $1,500",FAILING TO YIELD RIGHT-OF-WAY,FAILING TO YIELD RIGHT-OF-WAY,3000,W,FULLERTON AVE,2,"REPORTED, NOT EVIDENT",1.0,0.0,0.0,0.0,1.0,1.0,0.0,15,4,9
54784efaa751a81ef41572e1e39a9805455dcd5a977ac086484bcf5e6ab482cacf1b9bba8e8641e00a9ea329cfaf0ccb88450e9c41809ff3232123886fe158d2,2023-02-02 08:45:00,25,TRAFFIC SIGNAL,FUNCTIONING PROPERLY,CLEAR,DAYLIGHT,HEAD ON,FOUR WAY,STRAIGHT AND LEVEL,DRY,NO DEFECTS,NO INJURY / DRIVE AWAY,"OVER $1,500",UNABLE TO DETERMINE,NOT APPLICABLE,801,E,MARQUETTE RD,2,NO INDICATION OF INJURY,0.0,0.0,0.0,0.0,0.0,2.0,0.0,8,5,2
f095bb35b29e9c971141a9e7e997a2b41c30cfd29043716f506701c368d31fee4e09fa7a1eba53678373701fde56a8d0c95fb1d62407f752e30770f5f6f35494,2020-04-13 08:05:00,15,NO CONTROLS,NO CONTROLS,CLEAR,DAYLIGHT,SIDESWIPE SAME DIRECTION,ONE-WAY,STRAIGHT AND LEVEL,DRY,NO DEFECTS,NO INJURY / DRIVE AWAY,"$501 - $1,500",FAILING TO YIELD RIGHT-OF-WAY,NOT APPLICABLE,5618,S,LAFLIN ST,2,NO INDICATION OF INJURY,0.0,0.0,0.0,0.0,0.0,3.0,0.0,8,2,4
36e4b6b2e71eee4e0600546101fce11954c4494a818eb4cd96f5fbeae33c572153ee062437fd59d82301feba70e7dc281732d266c3173ccc4e3ff5a603e10e23,2021-02-19 08:30:00,30,TRAFFIC SIGNAL,FUNCTIONING PROPERLY,CLEAR,DAYLIGHT,TURNING,FOUR WAY,STRAIGHT AND LEVEL,DRY,NO DEFECTS,NO INJURY / DRIVE AWAY,"OVER $1,500",IMPROPER TURNING/NO SIGNAL,UNABLE TO DETERMINE,4700,S,ASHLAND AVE,2,NO INDICATION OF INJURY,0.0,0.0,0.0,0.0,0.0,2.0,0.0,8,6,2
b2643628cdae738b22847b36477240cb5b887cd5f095e3b5c115add3950d4868480cc246729a6a100cb427b3c2f6c29f5ed8f4bd2614c9dc508a914874760d6b,2020-01-09 08:55:00,30,TRAFFIC SIGNAL,FUNCTIONING PROPERLY,CLEAR,DAYLIGHT,REAR END,DIVIDED - W/MEDIAN (NOT RAISED),STRAIGHT AND LEVEL,DRY,NO DEFECTS,NO INJURY / DRIVE AWAY,"OVER $1,500",UNABLE TO DETERMINE,NOT APPLICABLE,901,W,69TH ST,2,NO INDICATION OF INJURY,0.0,0.0,0.0,0.0,0.0,3.0,0.0,8,5,1
f0ac998a7f6ca48371065e3a3dc95ef0d912d5ab1cf1a86640cb28e73c62d884a2baa2ce500a6134db252832aba8d5ded55bfa1a1bbc0a5e7269732b47f6fd2f,2018-03-30 21:00:00,30,NO CONTROLS,NO CONTROLS,CLEAR,"DARKNESS, LIGHTED ROAD",PARKED MOTOR VEHICLE,NOT DIVIDED,STRAIGHT AND LEVEL,DRY,NO DEFECTS,NO INJURY / DRIVE AWAY,"$501 - $1,500",NOT APPLICABLE,NOT APPLICABLE,1644,N,HAMLIN AVE,2,NO INDICATION OF INJURY,0.0,0.0,0.0,0.0,0.0,1.0,0.0,21,6,3
3b14a1bdd2e3978e3013a766e76793791ddf9328cec087971659810ce7ae2897cb0b9ef9706db8be403f3f14d1fe5b2d7ef9f79b3a60c67de13eeb3fb5d7620d,2017-10-27 08:20:00,30,STOP SIGN/FLASHER,FUNCTIONING PROPERLY,CLEAR,DAYLIGHT,ANGLE,NOT DIVIDED,CURVE ON HILLCREST,DRY,NO DEFECTS,INJURY AND / OR TOW DUE TO CRASH,"OVER $1,500",IMPROPER TURNING/NO SIGNAL,NOT APPLICABLE,6132,W,HIGGINS AVE,2,NO INDICATION OF INJURY,0.0,0.0,0.0,0.0,0.0,2.0,0.0,8,6,10
b7470c4f671996e495e664e9c4e1d0e17fe721daefbb5999ad915855d4e90ec51e798584c6d5c0453a0600821ac06a23593fe2e8a4e64279f3f8863d89122b60,2020-08-04 08:00:00,20,NO CONTROLS,NO CONTROLS,CLEAR,DAYLIGHT,PARKED MOTOR VEHICLE,PARKING LOT,STRAIGHT AND LEVEL,DRY,NO DEFECTS,NO INJURY / DRIVE AWAY,"$501 - $1,500",IMPROPER BACKING,IMPROPER BACKING,6700,S,JEFFERY BLVD,2,NO INDICATION OF INJURY,0.0,0.0,0.0,0.0,0.0,2.0,0.0,8,3,8
d3a43f7b101e5fc76c8987e68f06fcb60645cbb65833609f1885e1e47767ac4b0ff977afd2559e6274c3f782df6849910d20f783f27428878790d80723205fb7,2020-03-07 13:15:00,10,NO CONTROLS,NO CONTROLS,CLEAR,DAYLIGHT,REAR TO SIDE,PARKING LOT,STRAIGHT AND LEVEL,DRY,UNKNOWN,NO INJURY / DRIVE AWAY,"OVER $1,500",IMPROPER BACKING,NOT APPLICABLE,5600,W,FULLERTON AVE,2,NO INDICATION OF INJURY,0.0,0.0,0.0,0.0,0.0,4.0,0.0,13,7,3
fe42954c2685edd7210cebc868ab674014a9836c1f017405724829099c9047230babaebf756523eb5bba4e8a8cea53514e6f41fc07f350bdf93c1f91f0743e27,2022-03-14 16:45:00,20,NO CONTROLS,NO CONTROLS,CLEAR,DAYLIGHT,ANGLE,PARKING LOT,STRAIGHT AND LEVEL,UNKNOWN,UNKNOWN,NO INJURY / DRIVE AWAY,"OVER $1,500",UNABLE TO DETERMINE,UNABLE TO DETERMINE,7342,W,FOSTER AVE,2,NO INDICATION OF INJURY,0.0,0.0,0.0,0.0,0.0,2.0,0.0,16,2,3
bb4ef558ba69b811593d7b19982d8e71b5e15680415bfce0b36da4e35222b181569ba8aa5d53416e369223fc8a27a555120b52ad923f2e17e4efbe636104b649,2019-01-17 08:46:00,0,NO CONTROLS,NO CONTROLS,CLOUDY/OVERCAST,DAYLIGHT,ANGLE,PARKING LOT,STRAIGHT AND LEVEL,DRY,NO DEFECTS,NO INJURY / DRIVE AWAY,"OVER $1,500",IMPROPER BACKING,DRIVING SKILLS/KNOWLEDGE/EXPERIENCE,2505,S,MICHIGAN AVE,2,NO INDICATION OF INJURY,0.0,0.0,0.0,0.0,0.0,2.0,0.0,8,5,1
7cc3d1248d84d3bb10e8cb4175c050a2aaac3e00d1cfb5e8a598100eb0f1b96a86ed4d904622afc32ca9b50da04075a482267b313dd13a9ddb611d76861e05bf,2018-05-07 09:05:00,20,TRAFFIC SIGNAL,FUNCTIONING PROPERLY,CLEAR,DAYLIGHT,TURNING,DIVIDED - W/MEDIAN BARRIER,STRAIGHT AND LEVEL,DRY,OTHER,NO INJURY / DRIVE AWAY,"$501 - $1,500",ROAD CONSTRUCTION/MAINTENANCE,ROAD CONSTRUCTION/MAINTENANCE,358,E,71ST ST,2,NO INDICATION OF INJURY,0.0,0.0,0.0,0.0,0.0,2.0,0.0,9,2,5
5b0e88e0467980927125be84f0d467e0408b4dcf374905c48c5c44331fe39a97f36af478cb9f89626f5c25a45851a88eb238f8087b64a4c8f7e6ca0a594be9df,2016-10-27 06:45:00,35,NO CONTROLS,NO CONTROLS,CLEAR,DAYLIGHT,REAR END,DIVIDED - W/MEDIAN (NOT RAISED),STRAIGHT AND LEVEL,DRY,NO DEFECTS,NO INJURY / DRIVE AWAY,"OVER $1,500",FOLLOWING TOO CLOSELY,FOLLOWING TOO CLOSELY,7901,S,CICERO AVE,2,NO INDICATION OF INJURY,0.0,0.0,0.0,0.0,0.0,2.0,0.0,6,5,10
b0e4c620cdc884381b55cfa788b7a7025c382ff110bdb228e9f77a27ec115015970e776ebfb12b907b43d2a80d330a9f3f3de0b4671a94a550d35f5d3b368044,2017-11-18 08:15:00,15,NO CONTROLS,NO CONTROLS,RAIN,DAYLIGHT,REAR END,PARKING LOT,STRAIGHT AND LEVEL,WET,NO DEFECTS,NO INJURY / DRIVE AWAY,"$501 - $1,500",IMPROPER BACKING,UNABLE TO DETERMINE,1711,W,CERMAK RD,2,NO INDICATION OF INJURY,0.0,0.0,0.0,0.0,0.0,2.0,0.0,8,7,11
1da646eedce994fd9aabe4df2c02e553816fc08b7d34b7dfb801ad81bf93e473bb3d85336f21848a0e082ce92e1c8e6a46cfb895b3cdb2baf745d6a0d2e8863a,2021-06-01 08:10:00,45,TRAFFIC SIGNAL,FUNCTIONING PROPERLY,CLEAR,DAYLIGHT,SIDESWIPE SAME DIRECTION,DIVIDED - W/MEDIAN BARRIER,STRAIGHT AND LEVEL,DRY,NO DEFECTS,INJURY AND / OR TOW DUE TO CRASH,"OVER $1,500",IMPROPER OVERTAKING/PASSING,NOT APPLICABLE,1400,S,LAKE SHORE DR E,2,NONINCAPACITATING INJURY,3.0,0.0,0.0,3.0,0.0,1.0,0.0,8,3,6
fc5e7024cc27b6158fade3c737aa61e832f88505af4006eb6b9d341a9ed2cb332ac48f4f8b9c038121c7c3ecd81f314f9e2ebb185e17d357271f2066af72e8cf,2018-04-13 06:00:00,30,NO CONTROLS,NO CONTROLS,CLEAR,DAYLIGHT,REAR END,NOT DIVIDED,STRAIGHT AND LEVEL,DRY,NO DEFECTS,NO INJURY / DRIVE AWAY,"OVER $1,500",FOLLOWING TOO CLOSELY,FAILING TO REDUCE SPEED TO AVOID CRASH,9511,S,STONY ISLAND AVE,3,NO INDICATION OF INJURY,0.0,0.0,0.0,0.0,0.0,4.0,0.0,6,6,4
6a7697a1b7c5850e15655b3962efc41f99723ecd96a4ffc9528561b25c7033cef11078634dd5d2a763c66a8c7d95e82be5b093982b10499921ba6c99c00fea9c,2023-05-15 17:00:00,30,NO CONTROLS,NO CONTROLS,UNKNOWN,UNKNOWN,PARKED MOTOR VEHICLE,ONE-WAY,STRAIGHT AND LEVEL,UNKNOWN,UNKNOWN,NO INJURY / DRIVE AWAY,"$501 - $1,500",UNABLE TO DETERMINE,NOT APPLICABLE,1398,S,LAWNDALE AVE,2,NO INDICATION OF INJURY,0.0,0.0,0.0,0.0,0.0,1.0,0.0,17,2,5
00eb5af0ab8fa05558e48fd688629a326aefa30a940e92f5b88656aa413fb9ff6ef110fe79d921a3edc6be1da36049b129491739efa1c4c02abd6fd8ed9f2318,2024-04-25 19:41:00,30,NO CONTROLS,NO CONTROLS,CLEAR,DUSK,TURNING,DRIVEWAY,STRAIGHT AND LEVEL,UNKNOWN,UNKNOWN,INJURY AND / OR TOW DUE TO CRASH,"OVER $1,500",FAILING TO YIELD RIGHT-OF-WAY,NOT APPLICABLE,753,N,CICERO AVE,2,NONINCAPACITATING INJURY,1.0,0.0,0.0,1.0,0.0,1.0,0.0,19,5,4
8ff39d3931c521c78574f1361560a1d8b7593de78a425f88dd59800fbf1ed02ee6455a079ba884e4942a1bb6b2dcf1f7b5c64809dca8604db4557607bb1f837a,2021-10-28 13:35:00,30,TRAFFIC SIGNAL,FUNCTIONING PROPERLY,UNKNOWN,DAYLIGHT,ANGLE,T-INTERSECTION,STRAIGHT AND LEVEL,UNKNOWN,UNKNOWN,NO INJURY / DRIVE AWAY,"OVER $1,500",UNABLE TO DETERMINE,UNABLE TO DETERMINE,8201,S,STONY ISLAND AVE,2,NO INDICATION OF INJURY,0.0,0.0,0.0,0.0,0.0,2.0,0.0,13,5,10
0962f56acb07001ff44822d64f77ef5b056a30a841e2f5892e8e7674ac6d15ca9bb40044efb68982b04c9357c3c14f62aab906c66c0240025816bc650b1e970e,2024-02-04 14:41:00,25,NO CONTROLS,NO CONTROLS,CLEAR,DAYLIGHT,SIDESWIPE SAME DIRECTION,NOT DIVIDED,STRAIGHT AND LEVEL,DRY,NO DEFECTS,NO INJURY / DRIVE AWAY,"OVER $1,500",NOT APPLICABLE,NOT APPLICABLE,617,S,OAKLEY BLVD,2,NO INDICATION OF INJURY,0.0,0.0,0.0,0.0,0.0,3.0,0.0,14,1,2
0d7ddad506e16cd246fed16040fbe7a0ad4dd0e95d96d1553cdd01c25921292befe929eb601fa40938d7a718e4b400d83d1b1cd626a79bf6d2d1f621e58bef09,2023-05-12 04:23:00,30,NO CONTROLS,NO CONTROLS,CLEAR,"DARKNESS, LIGHTED ROAD",PARKED MOTOR VEHICLE,ONE-WAY,STRAIGHT AND LEVEL,DRY,NO DEFECTS,INJURY AND / OR TOW DUE TO CRASH,"OVER $1,500",UNABLE TO DETERMINE,UNABLE TO DETERMINE,11837,S,HARVARD AVE,3,NONINCAPACITATING INJURY,1.0,0.0,0.0,1.0,0.0,0.0,0.0,4,6,5
35b7566481fd94398895562cac5bb69e858185142afd189f1fd98e9e40e28fda1daa0705b18c671b3190fbf962d1865bbcfee891b53467cd857dc8a145f3bb78,2020-12-29 17:37:00,30,TRAFFIC SIGNAL,FUNCTIONING PROPERLY,SNOW,"DARKNESS, LIGHTED ROAD",SIDESWIPE OPPOSITE DIRECTION,FOUR WAY,STRAIGHT AND LEVEL,SNOW OR SLUSH,NO DEFECTS,NO INJURY / DRIVE AWAY,"OVER $1,500",FAILING TO REDUCE SPEED TO AVOID CRASH,NOT APPLICABLE,798,W,ROOT ST,2,NO INDICATION OF INJURY,0.0,0.0,0.0,0.0,0.0,2.0,0.0,17,3,12
8d3cbbfcaa1cb94b964f2242531e4982cdbdac79efd926d212c14bf6812ea30319ae44b72c0fa809b5c94a3892d47ed892e0c80cc89ee70568efd1e4ece34ff6,2018-05-07 21:50:00,30,NO CONTROLS,NO CONTROLS,CLEAR,DARKNESS,PARKED MOTOR VEHICLE,NOT DIVIDED,STRAIGHT AND LEVEL,DRY,NO DEFECTS,INJURY AND / OR TOW DUE TO CRASH,"OVER $1,500",UNABLE TO DETERMINE,UNABLE TO DETERMINE,5040,W,ROOSEVELT RD,5,NONINCAPACITATING INJURY,1.0,0.0,0.0,1.0,0.0,0.0,0.0,21,2,5
2742c0b7bfd0795355650ac295fb125547df0d9dfd46795e6ce7c384f9baf959f5cbd0255ffdabbb33e69ae0aaf599a02892d714b37a4822f833adf140899aec,2021-06-30 18:00:00,30,NO CONTROLS,NO CONTROLS,CLEAR,DAYLIGHT,PARKED MOTOR VEHICLE,DIVIDED - W/MEDIAN (NOT RAISED),STRAIGHT AND LEVEL,DRY,NO DEFECTS,NO INJURY / DRIVE AWAY,$500 OR LESS,UNABLE TO DETERMINE,NOT APPLICABLE,1714,W,47TH ST,2,NO INDICATION OF INJURY,0.0,0.0,0.0,0.0,0.0,1.0,0.0,18,4,6
1d8668dbc1e89b594c3fa294d7883bcae9da623abfdf6651e0557c0bfe50c41a6c386d278eec870d2b9a098ebd62222127c516267126df118caebfde2946bab7,2023-10-13 16:15:00,35,NO CONTROLS,NO CONTROLS,RAIN,DUSK,REAR END,NOT DIVIDED,STRAIGHT AND LEVEL,WET,NO DEFECTS,NO INJURY / DRIVE AWAY,"$501 - $1,500",FAILING TO REDUCE SPEED TO AVOID CRASH,NOT APPLICABLE,6449,N,SHERIDAN RD,2,NO INDICATION OF INJURY,0.0,0.0,0.0,0.0,0.0,2.0,0.0,16,6,10
cce630541b1aa1da41758b618195784b2b389421b0f555af5a471cbea2ed30ff6413080f6bdfae333af20db33c172f2f3d41146d8f08de702337da3515c8f0ce,2019-07-23 18:30:00,15,NO CONTROLS,NO CONTROLS,CLEAR,DAYLIGHT,REAR TO REAR,OTHER,STRAIGHT AND LEVEL,DRY,NO DEFECTS,NO INJURY / DRIVE AWAY,"$501 - $1,500",IMPROPER BACKING,NOT APPLICABLE,4821,W,NORTH AVE,2,NO INDICATION OF INJURY,0.0,0.0,0.0,0.0,0.0,2.0,0.0,18,3,7
4717b77c68182a49fb366698624505d4e1c36afe99cd6f04adbf1b27d9884e93953e90fdaebb23e6769ea5e27a1392e8c878f65c96a6c739eff4d207268fb87d,2019-09-23 11:12:00,30,TRAFFIC SIGNAL,FUNCTIONING PROPERLY,CLEAR,DAYLIGHT,TURNING,FOUR WAY,STRAIGHT AND LEVEL,DRY,UNKNOWN,INJURY AND / OR TOW DUE TO CRASH,"OVER $1,500",DISREGARDING TRAFFIC SIGNALS,FAILING TO YIELD RIGHT-OF-WAY,4901,W,NORTH AVE,2,NO INDICATION OF INJURY,0.0,0.0,0.0,0.0,0.0,3.0,0.0,11,2,9
00f7b1516bc4a9159a44ed2366d5ff53da9b88ac86f5cacf550ca9b5d39d8c86a1d6b3d11909f266dd5040543a2e50930031cb0744aacd7c42b30b4ff1c554d1,2021-03-15 19:00:00,10,NO CONTROLS,NO CONTROLS,CLEAR,"DARKNESS, LIGHTED ROAD",PARKED MOTOR VEHICLE,PARKING LOT,STRAIGHT AND LEVEL,WET,NO DEFECTS,NO INJURY / DRIVE AWAY,"$501 - $1,500",IMPROPER LANE USAGE,NOT APPLICABLE,7410,S,WESTERN AVE,2,NO INDICATION OF INJURY,0.0,0.0,0.0,0.0,0.0,1.0,0.0,19,2,3
d77ec7e8ffedc1b198206242ff596282362ff9eb0cc1f653f9f5848c2709ba8f3709d1f738274212d3e11a1ac5a4dc79539e09ba197ffdeb1ab2b9c6b27acf8d,2020-09-08 09:57:00,20,NO CONTROLS,NO CONTROLS,RAIN,DAYLIGHT,PARKED MOTOR VEHICLE,ALLEY,STRAIGHT AND LEVEL,WET,NO DEFECTS,NO INJURY / DRIVE AWAY,"$501 - $1,500",IMPROPER BACKING,WEATHER,817,W,33RD PL,2,NO INDICATION OF INJURY,0.0,0.0,0.0,0.0,0.0,1.0,0.0,9,3,9
4e27ef4875778e80cb9139fcdc9b76f1661ef559f37fdd7a4391f1f4d31ee0e2681d5f1b2c3d1548cbe3bf681808d6b61584f473b8f42fdd5fbc4a7e3bdabf12,2016-12-06 17:19:00,30,STOP SIGN/FLASHER,FUNCTIONING PROPERLY,CLEAR,DUSK,ANGLE,ONE-WAY,STRAIGHT AND LEVEL,DRY,NO DEFECTS,NO INJURY / DRIVE AWAY,"OVER $1,500",UNABLE TO DETERMINE,UNABLE TO DETERMINE,8400,S,INDIANA AVE,2,NO INDICATION OF INJURY,0.0,0.0,0.0,0.0,0.0,4.0,0.0,17,3,12
aa00c789c81f3d50edacee571e9b661672949184b18699602d4b26b39939e67e0d99ecf9bac26b1e87a0203693e938a82e085c2fecbfb94a4fa5d0599248c58b,2020-01-23 09:00:00,30,TRAFFIC SIGNAL,FUNCTIONING PROPERLY,SNOW,DAYLIGHT,REAR END,NOT DIVIDED,STRAIGHT AND LEVEL,WET,NO DEFECTS,INJURY AND / OR TOW DUE TO CRASH,"OVER $1,500",FOLLOWING TOO CLOSELY,UNABLE TO DETERMINE,6259,S,ASHLAND AVE,2,NO INDICATION OF INJURY,0.0,0.0,0.0,0.0,0.0,2.0,0.0,9,5,1
de3bf7aeb5b271548ec17c04487a11df8dfcdaea37769585751780e74bd168f41953b6ed13f309d2b2c68cb0304945343314ff945d6e5fd3d5caf2642470daa7,2017-10-24 07:15:00,30,NO CONTROLS,NO CONTROLS,RAIN,DAYLIGHT,SIDESWIPE OPPOSITE DIRECTION,DIVIDED - W/MEDIAN (NOT RAISED),STRAIGHT AND LEVEL,WET,UNKNOWN,NO INJURY / DRIVE AWAY,"OVER $1,500",EXCEEDING SAFE SPEED FOR CONDITIONS,WEATHER,3117,W,ADDISON ST,2,NO INDICATION OF INJURY,0.0,0.0,0.0,0.0,0.0,2.0,0.0,7,3,10