CRASH_RECORD_ID,CRASH_DATE,POSTED_SPEED_LIMIT,TRAFFIC_CONTROL_DEVICE,DEVICE_CONDITION,WEATHER_CONDITION,LIGHTING_CONDITION,FIRST_CRASH_TYPE,TRAFFICWAY_TYPE,ALIGNMENT,ROADWAY_SURFACE_COND,ROAD_DEFECT,CRASH_TYPE,DAMAGE,PRIM_CONTRIBUTORY_CAUSE,SEC_CONTRIBUTORY_CAUSE,STREET_NO,STREET_DIRECTION,STREET_NAME,NUM_UNITS,MOST_SEVERE_INJURY,INJURIES_TOTAL,INJURIES_FATAL,INJURIES_INCAPACITATING,INJURIES_NON_INCAPACITATING,INJURIES_REPORTED_NOT_EVIDENT,INJURIES_NO_INDICATION,INJURIES_UNKNOWN,CRASH_HOUR,CRASH_DAY_OF_WEEK,CRASH_MONTH
08df70ff8c3d5f9ca87166e894195c61605cd42be4d586d8d0e3bf1c8ed9918487f5558ee194a04d9481133ec6187188bb482a41c65949777dbe7347e1e406cc,2021-06-19 19:45:00,20,STOP SIGN/FLASHER,NO CONTROLS,CLEAR,DAYLIGHT,ANGLE,FOUR WAY,STRAIGHT AND LEVEL,DRY,NO DEFECTS,INJURY AND / OR TOW DUE TO CRASH,"OVER $1,500",DISREGARDING STOP SIGN,FAILING TO YIELD RIGHT-OF-WAY,4700,W,PALMER ST,2,NO INDICATION OF INJURY,0.0,0.0,0.0,0.0,0.0,2.0,0.0,19,7,6
d68bce65d18aa546d3ec3add55d2ff3df126484a960d67f9f1b3f41e59076abdc502c9f21fad16c70e4f5146d7148a261947870c942ce6102ee3220db448efde,2019-10-07 14:50:00,30,NO CONTROLS,NO CONTROLS,CLEAR,DAYLIGHT,PARKED MOTOR VEHICLE,NOT DIVIDED,STRAIGHT AND LEVEL,DRY,NO DEFECTS,NO INJURY / DRIVE AWAY,"$501 - $1,500",NOT APPLICABLE,NOT APPLICABLE,917,W,88TH ST,2,NO INDICATION OF INJURY,0.0,0.0,0.0,0.0,0.0,1.0,0.0,14,2,10
de8a4a3f34463866a60954e6f53fd9fb36270219639ac07be860681b87cc29f1b2356e370345fc64068b7047a75fc803569fa6942323fc7f3896696a75fc3cf2,2021-07-13 20:42:00,30,STOP SIGN/FLASHER,FUNCTIONING PROPERLY,CLEAR,DUSK,TURNING,NOT DIVIDED,STRAIGHT AND LEVEL,DRY,NO DEFECTS,INJURY AND / OR TOW DUE TO CRASH,"OVER $1,500",FAILING TO YIELD RIGHT-OF-WAY,UNABLE TO DETERMINE,2061,W,NORTH AVE,2,NONINCAPACITATING INJURY,1.0,0.0,0.0,1.0,0.0,2.0,0.0,20,3,7
3e93ecd059cb15133dc8b7da881cd92b62d815f1c67b0eb474a8e354573e07edc63cef30edf5a81f83f6931956e09a9cb0479e5b4ca59f11a8cd0aefbfd2e13b,2016-09-28 11:40:00,30,NO CONTROLS,NO CONTROLS,RAIN,DAYLIGHT,HEAD ON,DIVIDED - W/MEDIAN (NOT RAISED),STRAIGHT AND LEVEL,WET,NO DEFECTS,NO INJURY / DRIVE AWAY,"OVER $1,500","OPERATING VEHICLE IN ERRATIC, RECKLESS, CARELESS, NEGLIGENT OR AGGRESSIVE MANNER",FAILING TO REDUCE SPEED TO AVOID CRASH,1250,W,KINZIE ST,2,NO INDICATION OF INJURY,0.0,0.0,0.0,0.0,0.0,2.0,0.0,11,4,9
ce9c74609423e4f6d56f4bd99a63f41df8ea755626d408abc6f71450c2c8f55570495a70546abd8b010ed5f2e452e62e7c6b5b185bb82c5689214074fb24d296,2017-08-02 12:30:00,30,NO CONTROLS,NO CONTROLS,CLEAR,DAYLIGHT,ANGLE,NOT DIVIDED,STRAIGHT AND LEVEL,DRY,NO DEFECTS,INJURY AND / OR TOW DUE TO CRASH,"OVER $1,500","OPERATING VEHICLE IN ERRATIC, RECKLESS, CARELESS, NEGLIGENT OR AGGRESSIVE MANNER","OPERATING VEHICLE IN ERRATIC, RECKLESS, CARELESS, NEGLIGENT OR AGGRESSIVE MANNER",3726,W,POLK ST,2,NO INDICATION OF INJURY,0.0,0.0,0.0,0.0,0.0,5.0,0.0,12,4,8
06d1f549923ac4e9cc8ce3a84bd81a39c334f8ff9ec0a13e3b77b1cec120c9c5ec7f972e32f1fcc57d6e818c1214e2bcc94ef1f9c417d0b96950fc3bead9e37d,2022-08-09 12:00:00,30,NO CONTROLS,NO CONTROLS,CLEAR,DAYLIGHT,SIDESWIPE SAME DIRECTION,ONE-WAY,STRAIGHT AND LEVEL,DRY,NO DEFECTS,NO INJURY / DRIVE AWAY,"OVER $1,500",IMPROPER OVERTAKING/PASSING,FOLLOWING TOO CLOSELY,2200,S,MICHIGAN AVE,2,NO INDICATION OF INJURY,0.0,0.0,0.0,0.0,0.0,2.0,0.0,12,3,8
1bb72f345914a3a01402337eee6b3867fad45a0c4e6b2884bde910396335d3a2d2b8c63270e4b6de75e0de1aa41b6208ea8b216d497077cdea932f3678a9c202,2019-04-18 13:40:00,35,TRAFFIC SIGNAL,FUNCTIONING PROPERLY,RAIN,DAYLIGHT,SIDESWIPE SAME DIRECTION,DIVIDED - W/MEDIAN (NOT RAISED),STRAIGHT AND LEVEL,WET,NO DEFECTS,NO INJURY / DRIVE AWAY,"OVER $1,500",FAILING TO YIELD RIGHT-OF-WAY,UNABLE TO DETERMINE,3400,W,MONTROSE AVE,2,NO INDICATION OF INJURY,0.0,0.0,0.0,0.0,0.0,3.0,0.0,13,5,4
d68e5a84643c47ee35a1fae154659c042051264aa85dab5431629467f4af0ed8c00672875ac899d8cde0158b99cb9fe5f3120d16ff80b5dabd05491ca137948c,2018-08-09 13:07:00,25,NO CONTROLS,NO CONTROLS,CLEAR,DAYLIGHT,PARKED MOTOR VEHICLE,NOT DIVIDED,STRAIGHT AND LEVEL,DRY,NO DEFECTS,NO INJURY / DRIVE AWAY,"OVER $1,500","VISION OBSCURED (SIGNS, TREE LIMBS, BUILDINGS, ETC.)","VISION OBSCURED (SIGNS, TREE LIMBS, BUILDINGS, ETC.)",3021,W,36TH ST,2,NO INDICATION OF INJURY,0.0,0.0,0.0,0.0,0.0,1.0,0.0,13,5,8
09b774231bd7ce977c18777eaa76199f576e94d2678573e3f2146ac795c23723d41fb5f0bb224468d14634cd4ef2238d9064da0007e05b8c996f257047f74906,2020-01-30 15:45:00,30,NO CONTROLS,FUNCTIONING PROPERLY,CLEAR,DAYLIGHT,REAR END,NOT DIVIDED,STRAIGHT AND LEVEL,DRY,NO DEFECTS,NO INJURY / DRIVE AWAY,$500 OR LESS,FOLLOWING TOO CLOSELY,DISTRACTION - FROM INSIDE VEHICLE,10800,S,KEDZIE AVE,2,NO INDICATION OF INJURY,0.0,0.0,0.0,0.0,0.0,2.0,0.0,15,5,1
bac4901f14cce2e7e77b266fd8ede4d73bf81d39d94b13654ad470322c59ecce8ec614a48a51e8e4afc6e74b4cb044a14e1fe17741ee0bfe880084d45137f2fc,2020-06-12 17:20:00,35,UNKNOWN,UNKNOWN,CLEAR,DAYLIGHT,REAR END,DIVIDED - W/MEDIAN BARRIER,STRAIGHT AND LEVEL,DRY,NO DEFECTS,NO INJURY / DRIVE AWAY,"OVER $1,500",NOT APPLICABLE,NOT APPLICABLE,4900,S,WESTERN AVE,2,NO INDICATION OF INJURY,0.0,0.0,0.0,0.0,0.0,2.0,0.0,17,6,6
196e935c4b3563bf4f784f780623b7bf5fef74337889cf6843394fe567da0842ca5e5350319956d7250417c7218c5eedcce53c041f108e661ed521443d85aca2,2021-02-26 17:50:00,30,NO CONTROLS,NO CONTROLS,CLEAR,DUSK,SIDESWIPE SAME DIRECTION,DIVIDED - W/MEDIAN (NOT RAISED),STRAIGHT AND LEVEL,DRY,NO DEFECTS,NO INJURY / DRIVE AWAY,"OVER $1,500",UNABLE TO DETERMINE,UNABLE TO DETERMINE,1731,N,LARAMIE AVE,2,NO INDICATION OF INJURY,0.0,0.0,0.0,0.0,0.0,2.0,0.0,17,6,2
946ec047f01b4c25c648b9a4cb15a1001e3106ab044e730c3f32501a66ed0d5fbf697fa55882a47ed804699320c708c2358f7209dca5a0c2b2ee6db9960f9702,2020-08-22 14:15:00,20,STOP SIGN/FLASHER,OTHER,CLEAR,DAYLIGHT,PEDALCYCLIST,FOUR WAY,STRAIGHT AND LEVEL,DRY,NO DEFECTS,INJURY AND / OR TOW DUE TO CRASH,$500 OR LESS,UNABLE TO DETERMINE,NOT APPLICABLE,3000,N,SAWYER AVE,2,"REPORTED, NOT EVIDENT",1.0,0.0,0.0,0.0,1.0,1.0,0.0,14,7,8
02196cc16ec2b377aa75f50368f86c866d291627d52e8f0f3489e29ca179ef42664e18b19bd75f47dffbfbb4ab54c87560e869efde58e729a8b4f066ca5c7966,2019-07-31 11:40:00,15,NO CONTROLS,NO CONTROLS,CLEAR,DAYLIGHT,FIXED OBJECT,PARKING LOT,STRAIGHT AND LEVEL,DRY,NO DEFECTS,NO INJURY / DRIVE AWAY,"$501 - $1,500",DRIVING SKILLS/KNOWLEDGE/EXPERIENCE,NOT APPLICABLE,1153,W,BELMONT AVE,1,NO INDICATION OF INJURY,0.0,0.0,0.0,0.0,0.0,1.0,0.0,11,4,7
0ba74eac04e5625f54dde3421eadde6eba0e1a7336130d626d0ee2e528546ccb1005363c62db9ce04da6d0a788a383a64152d643d4082ea698bbbb4b261a3293,2016-05-30 17:30:00,30,NO CONTROLS,NO CONTROLS,CLEAR,DAYLIGHT,REAR END,NOT DIVIDED,STRAIGHT AND LEVEL,DRY,NO DEFECTS,NO INJURY / DRIVE AWAY,"OVER $1,500",FOLLOWING TOO CLOSELY,NOT APPLICABLE,2729,W,FOSTER AVE,2,NO INDICATION OF INJURY,0.0,0.0,0.0,0.0,0.0,2.0,0.0,17,2,5
4842b4d5c64a884cd6238813dcd9bb44f418d6c58e0f0748763e5040bf71088abf92341bd685aef78235e2de48059dfdbd5c2d47a83073b09e1fdd6917ecf25c,2021-05-01 21:26:00,30,TRAFFIC SIGNAL,FUNCTIONING PROPERLY,CLEAR,DUSK,REAR END,NOT DIVIDED,STRAIGHT AND LEVEL,DRY,NO DEFECTS,NO INJURY / DRIVE AWAY,"OVER $1,500",UNABLE TO DETERMINE,NOT APPLICABLE,10,W,51ST ST,3,NO INDICATION OF INJURY,0.0,0.0,0.0,0.0,0.0,3.0,0.0,21,7,5
dfc3a561ec7144c3bbded079a07328f58c2d438e969806f59b29d440fce2f5ee92464865032efcd58521cd33991a7a44db3fb0dd71b957c69d00e5421537c2d1,2019-05-05 15:00:00,30,NO CONTROLS,NO CONTROLS,CLEAR,DAYLIGHT,PARKED MOTOR VEHICLE,NOT DIVIDED,STRAIGHT AND LEVEL,DRY,NO DEFECTS,NO INJURY / DRIVE AWAY,"$501 - $1,500",UNABLE TO DETERMINE,UNABLE TO DETERMINE,45,W,111TH ST,2,NO INDICATION OF INJURY,0.0,0.0,0.0,0.0,0.0,1.0,0.0,15,1,5
f6b9075c02610f39754648acf926e8050206d76f359873ae65925e189da2961c1b32a81cf8ab6ddf01760277031d926ae1f96fe4907e53fa77040a22add163d5,2019-10-20 08:20:00,30,NO CONTROLS,NO CONTROLS,CLEAR,DAYLIGHT,PEDESTRIAN,NOT DIVIDED,STRAIGHT AND LEVEL,DRY,NO DEFECTS,INJURY AND / OR TOW DUE TO CRASH,"$501 - $1,500",UNABLE TO DETERMINE,UNABLE TO DETERMINE,1208,W,FOSTER AVE,2,INCAPACITATING INJURY,1.0,0.0,1.0,0.0,0.0,1.0,0.0,8,1,10
f4097fa693833f02e3ec9f7d1592ed5053d996cf8373ec7d8b3cc3c174f961bc43de90553c193fe74ac879f8a1300448976dc1cab6ebe1fa8ebc68b7bbdfe2e3,2020-08-25 11:30:00,30,NO CONTROLS,NO CONTROLS,CLEAR,DAYLIGHT,PARKED MOTOR VEHICLE,ONE-WAY,STRAIGHT AND LEVEL,UNKNOWN,UNKNOWN,NO INJURY / DRIVE AWAY,"$501 - $1,500",UNABLE TO DETERMINE,UNABLE TO DETERMINE,936,W,OAKDALE AVE,2,NO INDICATION OF INJURY,0.0,0.0,0.0,0.0,0.0,1.0,0.0,11,3,8
93b7143d650f325204fde4b978169943eeb29d3925c21854c2add55928b65f7e2735ac073ad2e5420832c2397802f304eb03af86bed52f124b931d8e286ab2f3,2016-09-02 07:55:00,30,NO CONTROLS,NO CONTROLS,CLEAR,DAYLIGHT,SIDESWIPE SAME DIRECTION,DIVIDED - W/MEDIAN BARRIER,STRAIGHT AND LEVEL,DRY,NO DEFECTS,NO INJURY / DRIVE AWAY,"$501 - $1,500",IMPROPER LANE USAGE,NOT APPLICABLE,111,S,MICHIGAN AVE,2,NO INDICATION OF INJURY,0.0,0.0,0.0,0.0,0.0,2.0,0.0,7,6,9
6d014e2b37545231f576b61cd2f9f466b4a8e3256e82896963e2ff824066e0a01e6e243b95f16d187d3e81aa19de7a8fdbd9831a5bd0b3399bd57d0fffa665ae,2018-01-25 15:30:00,30,NO CONTROLS,NO CONTROLS,CLEAR,DAYLIGHT,PARKED MOTOR VEHICLE,DIVIDED - W/MEDIAN (NOT RAISED),STRAIGHT AND LEVEL,DRY,NO DEFECTS,NO INJURY / DRIVE AWAY,"OVER $1,500",IMPROPER OVERTAKING/PASSING,NOT APPLICABLE,1816,W,GARFIELD BLVD,2,NO INDICATION OF INJURY,0.0,0.0,0.0,0.0,0.0,9.0,0.0,15,5,1
8647fe7ec428e6801ae10c08dbbe45e95c6072e925a6c518bff807970ea03fb1f4d8ae4f42ecc9ecbe870d31dd8a39100d8057302d5745f747238b02a56be3f8,2018-10-24 22:45:00,25,NO CONTROLS,NO CONTROLS,CLEAR,"DARKNESS, LIGHTED ROAD",PARKED MOTOR VEHICLE,NOT DIVIDED,STRAIGHT AND LEVEL,DRY,NO DEFECTS,NO INJURY / DRIVE AWAY,"OVER $1,500",UNABLE TO DETERMINE,NOT APPLICABLE,1255,W,93RD ST,2,NO INDICATION OF INJURY,0.0,0.0,0.0,0.0,0.0,1.0,0.0,22,4,10
109ceb071e60e47496d22ddc723bf4f3ef95903fbaf44f5585855f7ae24f0c27ce54e5a5a890e8e3f38374f5c2b656194fd371c167adce155d173b613c8a0836,2024-02-17 19:30:00,30,NO CONTROLS,NO CONTROLS,CLEAR,"DARKNESS, LIGHTED ROAD",PARKED MOTOR VEHICLE,NOT DIVIDED,STRAIGHT AND LEVEL,DRY,NO DEFECTS,NO INJURY / DRIVE AWAY,"OVER $1,500",UNABLE TO DETERMINE,UNABLE TO DETERMINE,2653,W,CERMAK RD,2,NO INDICATION OF INJURY,0.0,0.0,0.0,0.0,0.0,1.0,0.0,19,7,2
ce4bb2f16d36e7344f2b75e904995307a30967101df2fb2e5aa710e431f3dbd352cadfaccb5b001fe814e59a32c5502a9bdd0fed2e06e5098e07a10cbc80005e,2019-06-14 18:00:00,30,NO CONTROLS,NO CONTROLS,CLOUDY/OVERCAST,DAYLIGHT,PARKED MOTOR VEHICLE,PARKING LOT,STRAIGHT AND LEVEL,DRY,NO DEFECTS,NO INJURY / DRIVE AWAY,"OVER $1,500",IMPROPER OVERTAKING/PASSING,UNABLE TO DETERMINE,3608,S,KEDZIE AVE,2,NO INDICATION OF INJURY,0.0,0.0,0.0,0.0,0.0,1.0,0.0,18,6,6
2ff70530ccac831ce93b3710b75858ff0c3e0eeab7100f4cf27d2b44aeffbba54038fee2afae667dddf049013e11c60f39791525f262c060a856dfdc9559712a,2018-07-13 14:00:00,55,NO CONTROLS,NO CONTROLS,CLEAR,DAYLIGHT,SIDESWIPE SAME DIRECTION,DIVIDED - W/MEDIAN BARRIER,STRAIGHT AND LEVEL,DRY,NO DEFECTS,NO INJURY / DRIVE AWAY,"OVER $1,500",IMPROPER OVERTAKING/PASSING,FAILING TO YIELD RIGHT-OF-WAY,8800,S,SOUTH CHICAGO AVE,2,NO INDICATION OF INJURY,0.0,0.0,0.0,0.0,0.0,2.0,0.0,14,6,7
74d1e626afc735c665f861602970292ed59f6c2782df2f86e136319307bcdbba5cc9904a8327c8696411faf26207d91f5b8a1065230cce6e8008618756c36855,2019-09-10 16:00:00,15,NO CONTROLS,NO CONTROLS,CLEAR,DAYLIGHT,REAR TO FRONT,PARKING LOT,STRAIGHT AND LEVEL,DRY,NO DEFECTS,NO INJURY / DRIVE AWAY,"$501 - $1,500",IMPROPER BACKING,FAILING TO REDUCE SPEED TO AVOID CRASH,4650,W,NORTH AVE,2,NO INDICATION OF INJURY,0.0,0.0,0.0,0.0,0.0,4.0,0.0,16,3,9
e84e6982f08963d485cd5e6d09e8fef434ad1a10acf758c087f3424b41adc17dca959e43e1a2672c9c62af58c01715dc2a814be7bbda2109518384ce4730d978,2019-07-13 17:10:00,30,TRAFFIC SIGNAL,FUNCTIONING PROPERLY,CLEAR,DAYLIGHT,REAR END,NOT DIVIDED,STRAIGHT AND LEVEL,DRY,UNKNOWN,NO INJURY / DRIVE AWAY,$500 OR LESS,UNABLE TO DETERMINE,PHYSICAL CONDITION OF DRIVER,1701,W,MONTEREY AVE,2,NO INDICATION OF INJURY,0.0,0.0,0.0,0.0,0.0,3.0,0.0,17,7,7
ae30a9d1e5fb5d99c13ec9f3a01f34a1a86c6f7a5c7588cf3507a1fb7a4d8153e8f8f94934c1526bef3f2d769c9b77a1e1e881c1f9242c440b4d3b8aa92e15db,2020-09-23 11:20:00,30,STOP SIGN/FLASHER,FUNCTIONING PROPERLY,CLEAR,DAYLIGHT,FIXED OBJECT,DIVIDED - W/MEDIAN BARRIER,STRAIGHT AND LEVEL,DRY,UNKNOWN,INJURY AND / OR TOW DUE TO CRASH,"OVER $1,500",UNABLE TO DETERMINE,UNABLE TO DETERMINE,132,S,PULASKI RD,1,NONINCAPACITATING INJURY,1.0,0.0,0.0,1.0,0.0,0.0,0.0,11,4,9
bc706978631fea6dd4264743f6d5ab55adc0cc6aaedc892d4bbc135a2f77467446df51af932028fb2c2957282bcf106a98c14edaddb4f884c43845b9c7e75fa8,2018-01-27 09:05:00,30,TRAFFIC SIGNAL,UNKNOWN,CLEAR,DAYLIGHT,REAR END,NOT DIVIDED,STRAIGHT AND LEVEL,DRY,"RUT, HOLES",NO INJURY / DRIVE AWAY,"OVER $1,500",FAILING TO REDUCE SPEED TO AVOID CRASH,UNABLE TO DETERMINE,7600,S,LOOMIS BLVD,2,NO INDICATION OF INJURY,0.0,0.0,0.0,0.0,0.0,2.0,0.0,9,7,1
24924d5f4774ba7f6290538b54d488cf84bc62f656b22f7e9c53b72d3ee606884e3cb6b897b4700e9700014923236fcdb569e4edadfe8f9f41c6ac97cc050db4,2022-10-03 15:30:00,30,TRAFFIC SIGNAL,FUNCTIONING PROPERLY,CLEAR,DAYLIGHT,REAR END,FOUR WAY,STRAIGHT AND LEVEL,DRY,NO DEFECTS,NO INJURY / DRIVE AWAY,"OVER $1,500",FOLLOWING TOO CLOSELY,NOT APPLICABLE,9500,S,AVENUE L,2,NO INDICATION OF INJURY,0.0,0.0,0.0,0.0,0.0,4.0,0.0,15,2,10
56f77fdac487f234d504469f22eb82c0051e1f7163925dcff0318549bb6e5610c618556b78b444d80b299df52939f2886a1751a4a67c5140d6efa97cfba34d8c,2022-03-21 01:00:00,30,TRAFFIC SIGNAL,FUNCTIONING PROPERLY,CLEAR,"DARKNESS, LIGHTED ROAD",REAR END,FOUR WAY,STRAIGHT AND LEVEL,DRY,NO DEFECTS,NO INJURY / DRIVE AWAY,"$501 - $1,500",NOT APPLICABLE,NOT APPLICABLE,301,S,CICERO AVE,2,NO INDICATION OF INJURY,0.0,0.0,0.0,0.0,0.0,2.0,0.0,1,2,3
98e4cd3d4e6db1e82340f48194f61cd205a5122ad2d421d87f3e08f67fec8ba6c51c7c6ad0f54ea378fd30228cc0c588cd120800d180bd0a79fe38696fbf9b0d,2020-12-05 18:59:00,30,STOP SIGN/FLASHER,FUNCTIONING PROPERLY,CLEAR,"DARKNESS, LIGHTED ROAD",REAR END,DIVIDED - W/MEDIAN (NOT RAISED),STRAIGHT AND LEVEL,DRY,NO DEFECTS,NO INJURY / DRIVE AWAY,"$501 - $1,500",FOLLOWING TOO CLOSELY,NOT APPLICABLE,4400,S,PRAIRIE AVE,2,NO INDICATION OF INJURY,0.0,0.0,0.0,0.0,0.0,2.0,0.0,18,7,12
9df53f0cc223b112b7af4e04bf09f3313dc41c0119cbc1a8fe62d6bd62d014f009523599202526685332bde4fd9a17600d99d8f3dca52e09e6a7077425dd6470,2021-10-10 14:48:00,30,TRAFFIC SIGNAL,FUNCTIONING PROPERLY,CLEAR,DAYLIGHT,TURNING,NOT DIVIDED,STRAIGHT AND LEVEL,DRY,NO DEFECTS,INJURY AND / OR TOW DUE TO CRASH,"OVER $1,500",FAILING TO REDUCE SPEED TO AVOID CRASH,NOT APPLICABLE,4500,W,MADISON ST,2,NO INDICATION OF INJURY,0.0,0.0,0.0,0.0,0.0,2.0,0.0,14,1,10
f20453c5723af4ecc9c739665b2565af1529b4e705f63dd1cbc959e9a4c56886f46ce01f06c48280e5c8a9bd2d325b2f0f7daaf61e3192047444e71e282b81e0,2023-05-17 10:20:00,30,NO CONTROLS,NO CONTROLS,CLEAR,DAYLIGHT,PARKED MOTOR VEHICLE,NOT DIVIDED,STRAIGHT AND LEVEL,DRY,NO DEFECTS,NO INJURY / DRIVE AWAY,"OVER $1,500",IMPROPER BACKING,NOT APPLICABLE,1711,W,90TH ST,2,NO INDICATION OF INJURY,0.0,0.0,0.0,0.0,0.0,1.0,0.0,10,4,5
e32806b410866bd6ff90370bd8f3a7c6f0a716c521c4358266610646d4de7eb011a4bc1886d20be423b4f98a3f1f266de79c18cffda9a0d0bcd50d2e24f2f6e0,2018-06-29 21:30:00,0,NO CONTROLS,NO CONTROLS,CLEAR,"DARKNESS, LIGHTED ROAD",PARKED MOTOR VEHICLE,PARKING LOT,STRAIGHT AND LEVEL,DRY,NO DEFECTS,NO INJURY / DRIVE AWAY,"OVER $1,500",NOT APPLICABLE,NOT APPLICABLE,2656,N,ELSTON AVE,2,NO INDICATION OF INJURY,0.0,0.0,0.0,0.0,0.0,1.0,0.0,21,6,6
7551c22d0eaa50b64404c9ba95cc038bdb33dcdc39fd8ef5a2c839a9eb743fdfd78a32412bdfc309a179311552b8716c89331b7e8e997dd5e11db959564b6f17,2021-06-24 12:46:00,30,TRAFFIC SIGNAL,FUNCTIONING PROPERLY,RAIN,DAYLIGHT,REAR END,DIVIDED - W/MEDIAN BARRIER,STRAIGHT AND LEVEL,WET,NO DEFECTS,NO INJURY / DRIVE AWAY,"OVER $1,500",UNABLE TO DETERMINE,NOT APPLICABLE,7300,S,STONY ISLAND AVE,2,NO INDICATION OF INJURY,0.0,0.0,0.0,0.0,0.0,2.0,0.0,12,5,6
484e25f920da9477a3b9c078f1429e0b0dc7942a4e8bc6263fdb2ed35afc06988fcfa50d2094417962896e1062330f1f9cce159435626f294e4ff91458e3386a,2024-01-23 23:08:00,30,NO CONTROLS,NO CONTROLS,CLEAR,"DARKNESS, LIGHTED ROAD",PEDESTRIAN,NOT DIVIDED,STRAIGHT AND LEVEL,DRY,NO DEFECTS,INJURY AND / OR TOW DUE TO CRASH,$500 OR LESS,UNABLE TO DETERMINE,UNABLE TO DETERMINE,1117,S,RACINE AVE,2,"REPORTED, NOT EVIDENT",1.0,0.0,0.0,0.0,1.0,1.0,0.0,23,3,1
81683a6277c4a7a6b68a22ee345bd12454f3f210bab0f9d58d80e1be76806ebb2e381704c7be0c3fde54f62215be4dddd0d7b062aca670fc0eb0d71dd75db5bd,2019-12-05 16:40:00,30,NO CONTROLS,NO CONTROLS,CLEAR,DAYLIGHT,REAR END,ONE-WAY,STRAIGHT AND LEVEL,DRY,NO DEFECTS,NO INJURY / DRIVE AWAY,$500 OR LESS,DISTRACTION - FROM OUTSIDE VEHICLE,NOT APPLICABLE,150,E,BALBO DR,2,NO INDICATION OF INJURY,0.0,0.0,0.0,0.0,0.0,2.0,0.0,16,5,12
d4db1ce8143a6eaf0492e4b380ad29dd7e24e0ce15b25c248d583a313784225d423eaa6933c98c8cf640ef1dfe6144e050f69d2a3f695221934509a6674a4856,2023-11-30 17:15:00,25,NO CONTROLS,FUNCTIONING PROPERLY,CLEAR,DARKNESS,SIDESWIPE SAME DIRECTION,DIVIDED - W/MEDIAN (NOT RAISED),STRAIGHT AND LEVEL,DRY,NO DEFECTS,NO INJURY / DRIVE AWAY,"OVER $1,500",IMPROPER OVERTAKING/PASSING,FAILING TO YIELD RIGHT-OF-WAY,9500,S,LA SALLE ST,2,NO INDICATION OF INJURY,0.0,0.0,0.0,0.0,0.0,2.0,0.0,17,5,11
68f0fa38dfc4b2dffefd759c782e7c25dfb5ed9529f18f2d94216f74fe91f5ad1ff87ec3400be6542bcb0d4b617630a6d64b0deeb830a0fc7d08b152d5682d1d,2020-07-09 18:05:00,30,NO CONTROLS,NO CONTROLS,CLEAR,DAYLIGHT,REAR END,DIVIDED - W/MEDIAN (NOT RAISED),STRAIGHT AND LEVEL,DRY,NO DEFECTS,NO INJURY / DRIVE AWAY,"$501 - $1,500",FOLLOWING TOO CLOSELY,UNABLE TO DETERMINE,7059,S,ASHLAND AVE,2,NO INDICATION OF INJURY,0.0,0.0,0.0,0.0,0.0,2.0,0.0,18,5,7
bc7254ac0c33d8079644af9f273299ad4245ac04b6c071121b45439b5d82a7ec124a7a8d290f29775ecf17c7973e1dfa052080d9607a0cfdc5bcfa4bd6321a52,2018-01-10 10:39:00,30,STOP SIGN/FLASHER,NO CONTROLS,CLEAR,DAYLIGHT,ANGLE,DIVIDED - W/MEDIAN (NOT RAISED),STRAIGHT AND LEVEL,WET,NO DEFECTS,INJURY AND / OR TOW DUE TO CRASH,"$501 - $1,500",UNABLE TO DETERMINE,WEATHER,7300,S,RHODES AVE,2,"REPORTED, NOT EVIDENT",2.0,0.0,0.0,0.0,2.0,0.0,0.0,10,4,1
89b7b59ace86df18b730f4dddfde329f7da67c179931b17d27f0ea1f86f1ed549e724df6f092daa147c5c29e467b5f19aa0982bb95a1d9de70c5873dad14eddc,2020-07-24 00:45:00,30,NO CONTROLS,FUNCTIONING PROPERLY,CLEAR,DARKNESS,SIDESWIPE SAME DIRECTION,PARKING LOT,STRAIGHT AND LEVEL,DRY,NO DEFECTS,NO INJURY / DRIVE AWAY,"OVER $1,500",IMPROPER BACKING,IMPROPER BACKING,9915,S,HALSTED ST,2,NO INDICATION OF INJURY,0.0,0.0,0.0,0.0,0.0,2.0,0.0,0,6,7
f7992548f7ffec310d9441275061e480d24794b750e222b38e4fc8424c317e4efb8f38bcc29f6bdd8d45ce1743ebc073c5b7dfbe2d658cd44c46ac143f9f89c3,2022-08-31 15:18:00,30,TRAFFIC SIGNAL,FUNCTIONING PROPERLY,CLEAR,DAYLIGHT,ANGLE,NOT DIVIDED,STRAIGHT AND LEVEL,DRY,NO DEFECTS,INJURY AND / OR TOW DUE TO CRASH,"OVER $1,500",DISREGARDING TRAFFIC SIGNALS,NOT APPLICABLE,2800,W,26TH ST,2,NO INDICATION OF INJURY,0.0,0.0,0.0,0.0,0.0,2.0,0.0,15,4,8
53a458368ee34fad616328186211f6ab0e07fda81b726de0601ebaa619a1d0b5a715df54fe500bc9890c2401915a1bf79088e858a79939f1a84d94c59c822dfe,2019-04-25 15:00:00,30,NO CONTROLS,NO CONTROLS,CLEAR,DAYLIGHT,PARKED MOTOR VEHICLE,ONE-WAY,STRAIGHT AND LEVEL,DRY,UNKNOWN,NO INJURY / DRIVE AWAY,"OVER $1,500",UNABLE TO DETERMINE,UNABLE TO DETERMINE,6210,N,MAPLEWOOD AVE,2,NO INDICATION OF INJURY,0.0,0.0,0.0,0.0,0.0,1.0,0.0,15,5,4