CRASH_RECORD_ID,CRASH_DATE,POSTED_SPEED_LIMIT,TRAFFIC_CONTROL_DEVICE,DEVICE_CONDITION,WEATHER_CONDITION,LIGHTING_CONDITION,FIRST_CRASH_TYPE,TRAFFICWAY_TYPE,ALIGNMENT,ROADWAY_SURFACE_COND,ROAD_DEFECT,CRASH_TYPE,DAMAGE,PRIM_CONTRIBUTORY_CAUSE,SEC_CONTRIBUTORY_CAUSE,STREET_NO,STREET_DIRECTION,STREET_NAME,NUM_UNITS,MOST_SEVERE_INJURY,INJURIES_TOTAL,INJURIES_FATAL,INJURIES_INCAPACITATING,INJURIES_NON_INCAPACITATING,INJURIES_REPORTED_NOT_EVIDENT,INJURIES_NO_INDICATION,INJURIES_UNKNOWN,CRASH_HOUR,CRASH_DAY_OF_WEEK,CRASH_MONTH
a211e052259900cc98dd7d721ed76821fb7edc4f4ab1b1f6d0ef7b17e5cb0ac87891cb449f20f4da991fe29c40a230db71c666bf045317ab8bb51d2b9bdd8049,2020-02-20 23:00:00,25,NO CONTROLS,NO CONTROLS,CLEAR,"DARKNESS, LIGHTED ROAD",PARKED MOTOR VEHICLE,PARKING LOT,STRAIGHT AND LEVEL,DRY,NO DEFECTS,NO INJURY / DRIVE AWAY,"OVER $1,500",UNABLE TO DETERMINE,UNABLE TO DETERMINE,3901,N,KIMBALL AVE,2,NO INDICATION OF INJURY,0.0,0.0,0.0,0.0,0.0,1.0,0.0,23,5,2
c91345dd2e9b9f81657f33d298994d28321721acec1a347f2531bbd956a23858f89bc1af94c9578aba4896175b54941b65feab4da2b4178593573122771d86cc,2018-09-14 01:20:00,25,NO CONTROLS,NO CONTROLS,CLEAR,DARKNESS,PARKED MOTOR VEHICLE,NOT DIVIDED,STRAIGHT AND LEVEL,DRY,NO DEFECTS,NO INJURY / DRIVE AWAY,"OVER $1,500","EVASIVE ACTION DUE TO ANIMAL, OBJECT, NONMOTORIST","EVASIVE ACTION DUE TO ANIMAL, OBJECT, NONMOTORIST",4800,W,WARNER AVE,2,NO INDICATION OF INJURY,0.0,0.0,0.0,0.0,0.0,1.0,0.0,1,6,9
134bfa9303725d999bf6133c37ad8d9d65aec6aa0e507315448c2bfb234ad0c070dfeca07439bde5b707fc02f7599b71356d499f9b7b86bacf9f0447685009a2,2019-08-05 12:00:00,35,NO CONTROLS,NO CONTROLS,CLEAR,DAYLIGHT,SIDESWIPE SAME DIRECTION,NOT DIVIDED,STRAIGHT AND LEVEL,DRY,NO DEFECTS,NO INJURY / DRIVE AWAY,$500 OR LESS,UNABLE TO DETERMINE,NOT APPLICABLE,600,W,DIVISION ST,2,NO INDICATION OF INJURY,0.0,0.0,0.0,0.0,0.0,2.0,0.0,12,2,8
3ca9d7e4327443af52f78f6a2bf0d3ac0c83728e9bb54b627550734fb038d98a6e9cff7ec13fe4de2e55c2fa341bdc947ebe05efd5c2cf1ccdcdafe591d34e54,2022-10-30 20:45:00,30,TRAFFIC SIGNAL,FUNCTIONING PROPERLY,RAIN,"DARKNESS, LIGHTED ROAD",REAR END,ONE-WAY,STRAIGHT AND LEVEL,WET,NO DEFECTS,NO INJURY / DRIVE AWAY,"OVER $1,500",FAILING TO REDUCE SPEED TO AVOID CRASH,FOLLOWING TOO CLOSELY,6700,S,STATE ST,2,NO INDICATION OF INJURY,0.0,0.0,0.0,0.0,0.0,2.0,0.0,20,1,10
3b3217acc80c5552f5f5d2096ae077d45de61d0089091a6ca63514b8cd422699f6253308e2d9481afc6aac862c47c07b7edfa1eb4ff3b3cf65ccc289400254e3,2016-02-23 13:48:00,30,TRAFFIC SIGNAL,FUNCTIONING PROPERLY,CLEAR,DAYLIGHT,SIDESWIPE SAME DIRECTION,DIVIDED - W/MEDIAN BARRIER,STRAIGHT AND LEVEL,DRY,NO DEFECTS,NO INJURY / DRIVE AWAY,"OVER $1,500",UNABLE TO DETERMINE,NOT APPLICABLE,998,N,MICHIGAN AVE,2,NO INDICATION OF INJURY,0.0,0.0,0.0,0.0,0.0,3.0,0.0,13,3,2
740dde6f381e43bc983183d5a3ca350470d66b213079ba7a980eae9b17cbda94f7cc14dad5c7975dc7d5e3a329184bff3150e3cbb674252ae4a4e1deb7997501,2023-12-22 16:28:00,25,NO CONTROLS,NO CONTROLS,RAIN,DARKNESS,REAR END,NOT DIVIDED,STRAIGHT AND LEVEL,WET,UNKNOWN,NO INJURY / DRIVE AWAY,"$501 - $1,500",NOT APPLICABLE,NOT APPLICABLE,919,S,CALIFORNIA AVE,2,NO INDICATION OF INJURY,0.0,0.0,0.0,0.0,0.0,2.0,0.0,16,6,12
92f5aa8cef35d865da3731f28df80f1d0659617b54cc89f6150abeccf8c70d1e7098113448018ff5e6259456122a5c9ddc0213a841847d53974af2a2aa54d8d6,2020-02-23 10:00:00,20,NO CONTROLS,NO CONTROLS,CLEAR,DAYLIGHT,PARKED MOTOR VEHICLE,ONE-WAY,STRAIGHT AND LEVEL,DRY,NO DEFECTS,NO INJURY / DRIVE AWAY,"$501 - $1,500",IMPROPER OVERTAKING/PASSING,NOT APPLICABLE,218,W,ALEXANDER ST,2,NO INDICATION OF INJURY,0.0,0.0,0.0,0.0,0.0,1.0,0.0,10,1,2
ec70d77aa3e334bf7694711422b0369e253f205779d0947c8b288387ec5189d28b3480089a2dc53ae77e96679e4392a92cd553e31b3883837d4e737bba2b442c,2021-07-03 02:30:00,20,NO CONTROLS,NO CONTROLS,CLEAR,"DARKNESS, LIGHTED ROAD",PARKED MOTOR VEHICLE,ONE-WAY,STRAIGHT AND LEVEL,UNKNOWN,NO DEFECTS,NO INJURY / DRIVE AWAY,"OVER $1,500",UNABLE TO DETERMINE,UNABLE TO DETERMINE,2501,W,HOLLYWOOD AVE,2,NO INDICATION OF INJURY,0.0,0.0,0.0,0.0,0.0,1.0,0.0,2,7,7
1c2c429302f5d18adb25a2d2847e1941e7128c0b3cd8e1f6feeb94979d6bf21bd0fe6d0a6bdcb4a5a1f855c71a6d1e5f12439a93cf028b2d678b9f1928bedc6b,2022-05-19 11:15:00,30,STOP SIGN/FLASHER,FUNCTIONING PROPERLY,CLEAR,DAYLIGHT,ANGLE,NOT DIVIDED,STRAIGHT AND LEVEL,DRY,NO DEFECTS,NO INJURY / DRIVE AWAY,"OVER $1,500",UNABLE TO DETERMINE,UNABLE TO DETERMINE,5600,S,WABASH AVE,2,NO INDICATION OF INJURY,0.0,0.0,0.0,0.0,0.0,2.0,0.0,11,5,5
0d6e3ece500c8d45d6c88133f22004e5bcf4dc100ad55699cc782251b1fc83e13ced6edfee224b9629411e905a8565cf731ff7efe916cabeca5b51ba19ac4fcb,2020-08-18 14:00:00,30,STOP SIGN/FLASHER,FUNCTIONING PROPERLY,CLEAR,DAYLIGHT,PARKED MOTOR VEHICLE,ONE-WAY,STRAIGHT AND LEVEL,DRY,NO DEFECTS,INJURY AND / OR TOW DUE TO CRASH,"OVER $1,500",UNABLE TO DETERMINE,NOT APPLICABLE,3532,W,60TH PL,2,NO INDICATION OF INJURY,0.0,0.0,0.0,0.0,0.0,1.0,0.0,14,3,8
8cadaeed7d8eb550cd32129796c52e98ff7cfa12ff316954ec47fb6fa3a479de9fc4388406e4f1f4caaf644004ec871f2f9e75192faef5a289fba49cba7b9f87,2024-03-31 02:02:00,30,NO CONTROLS,NO CONTROLS,CLEAR,"DARKNESS, LIGHTED ROAD",TURNING,T-INTERSECTION,STRAIGHT AND LEVEL,DRY,NO DEFECTS,INJURY AND / OR TOW DUE TO CRASH,$500 OR LESS,"DISTRACTION - OTHER ELECTRONIC DEVICE (NAVIGATION DEVICE, DVD PLAYER, ETC.)",IMPROPER TURNING/NO SIGNAL,3396,N,MILWAUKEE AVE,2,NONINCAPACITATING INJURY,1.0,0.0,0.0,1.0,0.0,1.0,0.0,2,1,3
5732a2f9b94ebe1fe316b7828d25e1b171d2e3a4646ce868ee297c1e14a71b68d8bb5356ecf87b4f544f97d457bc0c26348c9d524133db97dd3db950854c5eeb,2021-05-10 02:45:00,30,NO CONTROLS,NO CONTROLS,CLEAR,DARKNESS,PARKED MOTOR VEHICLE,ONE-WAY,STRAIGHT AND LEVEL,DRY,NO DEFECTS,INJURY AND / OR TOW DUE TO CRASH,"OVER $1,500",DISTRACTION - FROM INSIDE VEHICLE,NOT APPLICABLE,6412,N,LEAVITT ST,4,NO INDICATION OF INJURY,0.0,0.0,0.0,0.0,0.0,1.0,0.0,2,2,5
c9a8ea142e15b9a9eb50b7e58c21951bc0a62412fa38084f1d523bcb7ae7044812c1d4bd6ee7bac416194d7cf5bd17683883530e6caab74e082dcf15a3ad583c,2021-09-24 12:00:00,30,UNKNOWN,UNKNOWN,UNKNOWN,UNKNOWN,PARKED MOTOR VEHICLE,ONE-WAY,STRAIGHT AND LEVEL,UNKNOWN,UNKNOWN,NO INJURY / DRIVE AWAY,"$501 - $1,500",UNABLE TO DETERMINE,NOT APPLICABLE,835,W,BELDEN AVE,2,NO INDICATION OF INJURY,0.0,0.0,0.0,0.0,0.0,1.0,0.0,12,6,9
5420b1134124aa747ecc9e1409ab4f07fa789fc3d3067323c06a83055aa955fc67473371f23c25eb7ab27c675d3e22ced59cf4dd43bd459fd36f21549903d055,2018-01-27 13:23:00,30,STOP SIGN/FLASHER,FUNCTIONING PROPERLY,CLEAR,DAYLIGHT,TURNING,NOT DIVIDED,STRAIGHT AND LEVEL,DRY,NO DEFECTS,NO INJURY / DRIVE AWAY,"$501 - $1,500",UNABLE TO DETERMINE,UNABLE TO DETERMINE,4058,N,KIMBALL AVE,2,NO INDICATION OF INJURY,0.0,0.0,0.0,0.0,0.0,2.0,0.0,13,7,1
a80b66843298105616b01ca09a05d3cf00416002d2bc1a1642501a27c167dd67d042d917cea1b0abd2b73325670380f787d33f5f366a2b44c53f3d38d3afaf6a,2022-07-11 15:20:00,30,NO CONTROLS,NO CONTROLS,CLEAR,DAYLIGHT,REAR END,NOT DIVIDED,STRAIGHT AND LEVEL,DRY,NO DEFECTS,NO INJURY / DRIVE AWAY,"$501 - $1,500",NOT APPLICABLE,NOT APPLICABLE,5646,W,63RD ST,2,NO INDICATION OF INJURY,0.0,0.0,0.0,0.0,0.0,2.0,0.0,15,2,7
805bbd96fe07f4295e292a4f60be1be1080e25cf60086f50e9eb298590c08a9196805e1b88ae688cb3b770810d4b966f5a412335a5d376d075084109eb058c98,2021-03-10 00:01:00,30,NO CONTROLS,NO CONTROLS,CLEAR,UNKNOWN,PARKED MOTOR VEHICLE,ONE-WAY,STRAIGHT AND LEVEL,DRY,NO DEFECTS,NO INJURY / DRIVE AWAY,"$501 - $1,500",UNABLE TO DETERMINE,NOT APPLICABLE,8345,S,MARQUETTE AVE,2,NO INDICATION OF INJURY,0.0,0.0,0.0,0.0,0.0,1.0,0.0,0,4,3
d80f886b38c64e049d7114a3daed83adca809f3184e6140d86b87e4816871b8474f33da13b7424ddd4a5a12f2e36bda4eb193a407a921fbee9527c3800ae587a,2020-03-18 18:00:00,35,NO CONTROLS,NO CONTROLS,CLEAR,DAYLIGHT,SIDESWIPE SAME DIRECTION,DIVIDED - W/MEDIAN (NOT RAISED),STRAIGHT AND LEVEL,WET,NO DEFECTS,INJURY AND / OR TOW DUE TO CRASH,"OVER $1,500",IMPROPER OVERTAKING/PASSING,UNABLE TO DETERMINE,4331,N,CICERO AVE,2,NO INDICATION OF INJURY,0.0,0.0,0.0,0.0,0.0,3.0,0.0,18,4,3
1bc25b5d3b8262313a20f652a966be0eb164f4b6095062df8395a9a21cb3f6e3596af712a6eaacc5b1320445a97505b6195f7476c266dd7f8af1f883a9a6a81e,2022-12-26 16:06:00,30,TRAFFIC SIGNAL,NO CONTROLS,CLEAR,"DARKNESS, LIGHTED ROAD",SIDESWIPE SAME DIRECTION,NOT DIVIDED,STRAIGHT AND LEVEL,WET,NO DEFECTS,NO INJURY / DRIVE AWAY,"OVER $1,500",UNABLE TO DETERMINE,UNABLE TO DETERMINE,1199,W,HOLLYWOOD AVE,2,NO INDICATION OF INJURY,0.0,0.0,0.0,0.0,0.0,5.0,0.0,16,2,12
792726726f05e5118cc54dbb0e01086277f4e022872b4c785db9bcbd66d4a7e4b7a22c85ea35a08dcf718048acd4515e5e23e8481edbc6345d45ebdf49c6a402,2017-12-23 14:27:00,30,NO CONTROLS,NO CONTROLS,CLEAR,DAYLIGHT,REAR END,NOT DIVIDED,STRAIGHT AND LEVEL,DRY,UNKNOWN,NO INJURY / DRIVE AWAY,"$501 - $1,500",UNABLE TO DETERMINE,NOT APPLICABLE,3401,S,KEDZIE AVE,2,NO INDICATION OF INJURY,0.0,0.0,0.0,0.0,0.0,3.0,0.0,14,7,12
8b6597e71251583223cbfad729b253bc0f83be14980c0b97f58ba15d13b94dddc7685c7f490ba6f824a0f8af784d0a170512672f508835903a112ada38fdd92c,2023-07-05 03:00:00,25,NO CONTROLS,NO CONTROLS,CLEAR,"DARKNESS, LIGHTED ROAD",FIXED OBJECT,NOT DIVIDED,STRAIGHT AND LEVEL,DRY,NO DEFECTS,INJURY AND / OR TOW DUE TO CRASH,"OVER $1,500",UNABLE TO DETERMINE,UNABLE TO DETERMINE,6545,S,WENTWORTH AVE,2,NO INDICATION OF INJURY,0.0,0.0,0.0,0.0,0.0,1.0,0.0,3,4,7
1a1ea5824ff54202a643ebe400f66a5b7ecb152cb5882465f540088206e8df58cb3eb4581c70907b709f46ae2012a8ecb32b11d6b909453170d563482dcd03fe,2023-07-30 00:30:00,30,UNKNOWN,UNKNOWN,CLEAR,"DARKNESS, LIGHTED ROAD",SIDESWIPE SAME DIRECTION,NOT DIVIDED,STRAIGHT AND LEVEL,DRY,UNKNOWN,NO INJURY / DRIVE AWAY,"OVER $1,500",UNABLE TO DETERMINE,UNABLE TO DETERMINE,4635,W,63RD ST,2,NO INDICATION OF INJURY,0.0,0.0,0.0,0.0,0.0,2.0,0.0,0,1,7
34dd97b74d3e753165d9d2368c57b91ee8e617d4619fea24dba8baaf5d46157d8e254c6e02ab2555e70b5dbe672799fd25ee2f5f008efaa2a5f4a7e1dd325552,2017-02-18 04:15:00,30,TRAFFIC SIGNAL,FUNCTIONING PROPERLY,CLEAR,DARKNESS,SIDESWIPE SAME DIRECTION,NOT DIVIDED,STRAIGHT AND LEVEL,DRY,NO DEFECTS,NO INJURY / DRIVE AWAY,"OVER $1,500",IMPROPER LANE USAGE,IMPROPER OVERTAKING/PASSING,200,W,87TH ST,2,NO INDICATION OF INJURY,0.0,0.0,0.0,0.0,0.0,2.0,0.0,4,7,2
fbd94f449631a6a98cc015a3f578c34abd54f5d132e60f393c3d3ecd0fd4a1885124ec1825201f1e1b614a3f8ec196e26f06f965624e76bf83d7eadcb32e8f35,2023-09-14 06:00:00,15,NO CONTROLS,NO CONTROLS,CLEAR,UNKNOWN,PARKED MOTOR VEHICLE,NOT DIVIDED,STRAIGHT AND LEVEL,UNKNOWN,UNKNOWN,NO INJURY / DRIVE AWAY,"OVER $1,500",UNABLE TO DETERMINE,NOT APPLICABLE,622,W,WAVELAND AVE,2,NO INDICATION OF INJURY,0.0,0.0,0.0,0.0,0.0,1.0,0.0,6,5,9
47fc45793a0d5fa116678164ee528999ce62c619406c266d91d5fe11e6e0ace492749c5880c55c9d2ff88e7bcb1045e6998757a70bf173a7c5fe87d36359c91c,2023-10-23 08:30:00,30,NO CONTROLS,NO CONTROLS,CLEAR,DAYLIGHT,PARKED MOTOR VEHICLE,NOT DIVIDED,STRAIGHT AND LEVEL,DRY,NO DEFECTS,INJURY AND / OR TOW DUE TO CRASH,"OVER $1,500",UNABLE TO DETERMINE,UNABLE TO DETERMINE,5330,W,SUNNYSIDE AVE,2,NONINCAPACITATING INJURY,1.0,0.0,0.0,1.0,0.0,0.0,0.0,8,2,10
318bd23d373450b8acb2070c90fde508ca952761fcd77de1bf2bee3b7fc2bc1d9096705b7cf7a0235e36ec2ceb26221aff16eea2a74b46d314e9aab3c6e71e57,2017-09-12 11:15:00,30,NO CONTROLS,NO CONTROLS,CLEAR,DAYLIGHT,PARKED MOTOR VEHICLE,NOT DIVIDED,STRAIGHT AND LEVEL,UNKNOWN,UNKNOWN,NO INJURY / DRIVE AWAY,"$501 - $1,500",IMPROPER BACKING,IMPROPER BACKING,1808,W,ADDISON ST,2,NO INDICATION OF INJURY,0.0,0.0,0.0,0.0,0.0,2.0,0.0,11,3,9
d71df958233067e418a0c5d7764ae164b957f87926ef328195640a185226e7446e40cb1f9078d20aab0b0670895adc5db2d61f14c9b2081b306e6962ee8d13f1,2020-02-05 18:05:00,30,NO CONTROLS,NO CONTROLS,SNOW,"DARKNESS, LIGHTED ROAD",PARKED MOTOR VEHICLE,ONE-WAY,STRAIGHT AND LEVEL,ICE,NO DEFECTS,NO INJURY / DRIVE AWAY,"OVER $1,500",WEATHER,NOT APPLICABLE,9400,S,LAFAYETTE AVE,2,NO INDICATION OF INJURY,0.0,0.0,0.0,0.0,0.0,1.0,0.0,18,4,2
ec1a133f4c90a894ab36d4a4061b72458578f32e5a732d65bb2b6188c920910b8dbb48230d8b38be471944e246faecf850b7f5eefa0b7c4e8ec7d94c546a1418,2024-01-24 08:55:00,30,STOP SIGN/FLASHER,FUNCTIONING PROPERLY,RAIN,DAYLIGHT,ANGLE,FOUR WAY,STRAIGHT AND LEVEL,WET,UNKNOWN,NO INJURY / DRIVE AWAY,"OVER $1,500",UNABLE TO DETERMINE,NOT APPLICABLE,4299,N,LINCOLN AVE,2,NO INDICATION OF INJURY,0.0,0.0,0.0,0.0,0.0,2.0,0.0,8,4,1
04b3b2a786a933268dea785056e375f2cbbdfb1e9862ee504c8bd5cbd3dd4189ea38d4d20aa271e0943cdbcab1a240c2816d402150528af732a23139b20355d8,2021-01-18 17:00:00,30,TRAFFIC SIGNAL,FUNCTIONING PROPERLY,UNKNOWN,UNKNOWN,SIDESWIPE SAME DIRECTION,DIVIDED - W/MEDIAN (NOT RAISED),STRAIGHT AND LEVEL,UNKNOWN,UNKNOWN,INJURY AND / OR TOW DUE TO CRASH,"$501 - $1,500",IMPROPER LANE USAGE,NOT APPLICABLE,2001,E,75TH ST,2,NONINCAPACITATING INJURY,1.0,0.0,0.0,1.0,0.0,2.0,0.0,17,2,1
06d4a9496a25ca7b2accd07db2574726383a64f8e53a93efddfa6ed21ec02b06757fd219c355780aca30b80492a0c97b2b87929de8a7f1a4c45b33309093a70a,2024-02-22 08:14:00,30,TRAFFIC SIGNAL,FUNCTIONING PROPERLY,CLEAR,DAYLIGHT,SIDESWIPE SAME DIRECTION,NOT DIVIDED,STRAIGHT AND LEVEL,DRY,NO DEFECTS,NO INJURY / DRIVE AWAY,"OVER $1,500",IMPROPER OVERTAKING/PASSING,NOT APPLICABLE,2278,S,ARCHER AVE,2,NO INDICATION OF INJURY,0.0,0.0,0.0,0.0,0.0,6.0,0.0,8,5,2
0d966f190c9345422740eb774d2c009364de02aa3f28e1ebc68ae666667e0056f57fba93ea6b0b16e6cbeed3c49662b0d04aeb65a45ad49736b91987b7c342a9,2016-05-31 09:00:00,30,TRAFFIC SIGNAL,FUNCTIONING PROPERLY,CLEAR,DAYLIGHT,ANGLE,NOT DIVIDED,STRAIGHT AND LEVEL,DRY,NO DEFECTS,NO INJURY / DRIVE AWAY,"OVER $1,500",UNABLE TO DETERMINE,NOT APPLICABLE,11100,S,PULASKI RD,3,NO INDICATION OF INJURY,0.0,0.0,0.0,0.0,0.0,3.0,0.0,9,3,5
39dd2cd717bff82a5c7acf84f5c3da48dcb128c34eaf5a025e5249e2e200357fe31581982b17df9b617557d66943d3d109379774e6d627f609dbefb74a4eb02a,2021-08-10 19:30:00,30,TRAFFIC SIGNAL,FUNCTIONING PROPERLY,RAIN,"DARKNESS, LIGHTED ROAD",REAR END,NOT DIVIDED,STRAIGHT AND LEVEL,WET,NO DEFECTS,NO INJURY / DRIVE AWAY,"OVER $1,500",UNABLE TO DETERMINE,NOT APPLICABLE,198,E,71ST ST,2,NO INDICATION OF INJURY,0.0,0.0,0.0,0.0,0.0,8.0,0.0,19,3,8
2fc880c09d9c258318b6133ebf9076bb8fb9ca3e259293a86ddf9b251c45c1fa1a8914dac2092346a74adad9c4e7f9a69e2612b4a123dd4916d881f061f34848,2021-06-19 10:55:00,30,NO CONTROLS,NO CONTROLS,CLEAR,DAYLIGHT,PARKED MOTOR VEHICLE,DIVIDED - W/MEDIAN BARRIER,STRAIGHT AND LEVEL,DRY,NO DEFECTS,INJURY AND / OR TOW DUE TO CRASH,"OVER $1,500",UNABLE TO DETERMINE,NOT APPLICABLE,4837,S,ASHLAND AVE,2,NO INDICATION OF INJURY,0.0,0.0,0.0,0.0,0.0,1.0,0.0,10,7,6
c14a6d097165bb931d636f7ab7950c59e676a8a75fcb4c5c3b8d31d7098cb7d639a3ae70b3a46caabcd5194be9d9231697c3ce6f39196b6c28107d448b3dab3f,2022-12-02 16:10:00,30,TRAFFIC SIGNAL,NO CONTROLS,CLEAR,DAYLIGHT,SIDESWIPE SAME DIRECTION,NOT DIVIDED,STRAIGHT AND LEVEL,DRY,NO DEFECTS,NO INJURY / DRIVE AWAY,"OVER $1,500",FAILING TO YIELD RIGHT-OF-WAY,UNABLE TO DETERMINE,1800,N,AUSTIN AVE,2,NO INDICATION OF INJURY,0.0,0.0,0.0,0.0,0.0,2.0,0.0,16,6,12
4434d477db50c27c71fd8b0e812a5872b4cf3ff42811b2cfba697be5cdc942b9ae033969005acaf46ecaa412ad6d29c80fa9b01bee1c7a1a1ff35b0438d383be,2016-11-08 07:50:00,15,TRAFFIC SIGNAL,FUNCTIONING PROPERLY,CLEAR,DAYLIGHT,REAR END,ONE-WAY,STRAIGHT AND LEVEL,WET,NO DEFECTS,NO INJURY / DRIVE AWAY,"OVER $1,500",FOLLOWING TOO CLOSELY,WEATHER,1550,E,71ST ST,2,NO INDICATION OF INJURY,0.0,0.0,0.0,0.0,0.0,2.0,0.0,7,3,11
f9993f68172ab8573e6ae9b5bee2b9325696f5755056331e86360fc8fcf71d8775ddc18c790f2deafe4bac00cb56f8c19318468a6033e6c3b52ca75957d8aaef,2022-09-12 16:20:00,35,OTHER,FUNCTIONING PROPERLY,CLEAR,DAYLIGHT,PEDESTRIAN,NOT DIVIDED,STRAIGHT AND LEVEL,DRY,NO DEFECTS,NO INJURY / DRIVE AWAY,$500 OR LESS,FAILING TO YIELD RIGHT-OF-WAY,UNABLE TO DETERMINE,700,S,STATE ST,2,NO INDICATION OF INJURY,0.0,0.0,0.0,0.0,0.0,2.0,0.0,16,2,9
cc4a14eaee12cabaa9acb8980c2ffafe433fe9adde8fa4667840b88b18443efae9afb0e6f8a0a67fe6bde68fc3eb656758c0e42c28b1ecc2184d1cccfa5a7614,2023-02-21 16:00:00,10,NO CONTROLS,NO CONTROLS,CLEAR,DAYLIGHT,OTHER OBJECT,ALLEY,STRAIGHT AND LEVEL,DRY,NO DEFECTS,NO INJURY / DRIVE AWAY,$500 OR LESS,DRIVING SKILLS/KNOWLEDGE/EXPERIENCE,"VISION OBSCURED (SIGNS, TREE LIMBS, BUILDINGS, ETC.)",6114,S,JUSTINE ST,1,NO INDICATION OF INJURY,0.0,0.0,0.0,0.0,0.0,1.0,0.0,16,3,2
51331bbc3b34b20bdd4b2de472b37bbf8b3269347f8420d5bf2c02d4a70f16cba0bafcf0733dd52cd671c29d08651b8082cd3808d2c9765b0f4c0d6001aba236,2021-11-21 01:00:00,15,NO CONTROLS,NO CONTROLS,UNKNOWN,UNKNOWN,PARKED MOTOR VEHICLE,ONE-WAY,STRAIGHT AND LEVEL,UNKNOWN,NO DEFECTS,NO INJURY / DRIVE AWAY,"OVER $1,500",UNABLE TO DETERMINE,UNABLE TO DETERMINE,4401,N,DRAKE AVE,2,NO INDICATION OF INJURY,0.0,0.0,0.0,0.0,0.0,1.0,0.0,1,1,11
6828d1bf03543a2946077bd7f685045667686c513fed3d7430f223957c7d848896bfeeb6b9193b00cf2f5e93328e7c94b64d012b766fc1af2a572d0a7d596827,2023-07-03 21:15:00,30,TRAFFIC SIGNAL,NO CONTROLS,UNKNOWN,UNKNOWN,TURNING,FOUR WAY,STRAIGHT AND LEVEL,UNKNOWN,UNKNOWN,NO INJURY / DRIVE AWAY,"OVER $1,500",FAILING TO YIELD RIGHT-OF-WAY,NOT APPLICABLE,10258,S,COTTAGE GROVE AVE,2,NO INDICATION OF INJURY,0.0,0.0,0.0,0.0,0.0,2.0,0.0,21,2,7
7b1df68f7dd7677eafd5ec7dc0a995c259431d1a0c530f52bed4d09d6a14b9c0ea26405b83c74cbdc833c59912282d45aee3c38624f9eb24d3eb79dbbfa803e1,2019-12-31 17:02:00,15,OTHER,NO CONTROLS,CLEAR,DUSK,FIXED OBJECT,ALLEY,STRAIGHT AND LEVEL,SNOW OR SLUSH,NO DEFECTS,INJURY AND / OR TOW DUE TO CRASH,"OVER $1,500",UNABLE TO DETERMINE,IMPROPER LANE USAGE,2737,W,EVERGREEN AVE,1,NO INDICATION OF INJURY,0.0,0.0,0.0,0.0,0.0,1.0,0.0,17,3,12
4bd18b09aa90cd79bf46b3e3000d5b8ce2c80b80079c400efd2fbe25d81518834a4146797d6fdd8fa665a5e34ed428cbe88ce138a319730ba455f3fb011eced2,2021-06-12 11:37:00,30,TRAFFIC SIGNAL,FUNCTIONING PROPERLY,CLEAR,DAYLIGHT,REAR END,NOT DIVIDED,STRAIGHT AND LEVEL,DRY,NO DEFECTS,NO INJURY / DRIVE AWAY,$500 OR LESS,UNABLE TO DETERMINE,NOT APPLICABLE,6299,S,LAKE SHORE DR,2,NO INDICATION OF INJURY,0.0,0.0,0.0,0.0,0.0,2.0,0.0,11,7,6
e3ecc0b6de74c71e25121c565a432b35d372fb0f2f1c27f2cf85059ecb3f3a55bb2789977b22926ee93f87b9b5f0c04f9d6f2955d4c44fc63436718fd0547dcb,2022-09-09 07:37:00,30,TRAFFIC SIGNAL,FUNCTIONING PROPERLY,CLEAR,DAYLIGHT,TURNING,NOT DIVIDED,STRAIGHT AND LEVEL,DRY,NO DEFECTS,INJURY AND / OR TOW DUE TO CRASH,"OVER $1,500",UNABLE TO DETERMINE,UNABLE TO DETERMINE,10700,S,MICHIGAN AVE,2,NO INDICATION OF INJURY,0.0,0.0,0.0,0.0,0.0,2.0,0.0,7,6,9
bd4c5d4f45da8c81aec7ef83c8ac2aadac8429ea322a2f1533d6130692de289913857dda4c4b16be0239a41b04ddfd4a43b810bfc836b77958459a4f543bce64,2016-01-19 18:20:00,30,NO CONTROLS,NO CONTROLS,CLEAR,DARKNESS,SIDESWIPE SAME DIRECTION,NOT DIVIDED,STRAIGHT AND LEVEL,DRY,NO DEFECTS,NO INJURY / DRIVE AWAY,$500 OR LESS,FAILING TO YIELD RIGHT-OF-WAY,FAILING TO YIELD RIGHT-OF-WAY,7408,N,ROGERS AVE,2,NO INDICATION OF INJURY,0.0,0.0,0.0,0.0,0.0,2.0,0.0,18,3,1
db5765942e0aad3f3063f6dbcd355005e745bc5aa9556798026b29164267292d3d0f81b7e57e45a9fb3246cc0dbaedd936b11ead40fcc26bb3464f58a3b4565b,2024-03-03 01:45:00,30,NO CONTROLS,NO CONTROLS,CLEAR,DARKNESS,REAR END,NOT DIVIDED,STRAIGHT AND LEVEL,DRY,NO DEFECTS,NO INJURY / DRIVE AWAY,"OVER $1,500",UNABLE TO DETERMINE,UNABLE TO DETERMINE,5600,N,WESTERN AVE,2,NO INDICATION OF INJURY,0.0,0.0,0.0,0.0,0.0,2.0,0.0,1,1,3
05a55e208db07ab9e7ac095055b3872d46d236a90df1d970fbe4e407d2bc16d224239b0bbe500e0ffad3c7a9dee344b06148680c4fcaa800b236b1ca42d48e06,2017-07-02 16:30:00,30,STOP SIGN/FLASHER,NO CONTROLS,CLEAR,DAYLIGHT,PARKED MOTOR VEHICLE,PARKING LOT,STRAIGHT AND LEVEL,DRY,UNKNOWN,NO INJURY / DRIVE AWAY,"$501 - $1,500",UNABLE TO DETERMINE,NOT APPLICABLE,3644,S,ARCHER AVE,2,NO INDICATION OF INJURY,0.0,0.0,0.0,0.0,0.0,1.0,0.0,16,1,7