CRASH_RECORD_ID,CRASH_DATE,POSTED_SPEED_LIMIT,TRAFFIC_CONTROL_DEVICE,DEVICE_CONDITION,WEATHER_CONDITION,LIGHTING_CONDITION,FIRST_CRASH_TYPE,TRAFFICWAY_TYPE,ALIGNMENT,ROADWAY_SURFACE_COND,ROAD_DEFECT,CRASH_TYPE,DAMAGE,PRIM_CONTRIBUTORY_CAUSE,SEC_CONTRIBUTORY_CAUSE,STREET_NO,STREET_DIRECTION,STREET_NAME,NUM_UNITS,MOST_SEVERE_INJURY,INJURIES_TOTAL,INJURIES_FATAL,INJURIES_INCAPACITATING,INJURIES_NON_INCAPACITATING,INJURIES_REPORTED_NOT_EVIDENT,INJURIES_NO_INDICATION,INJURIES_UNKNOWN,CRASH_HOUR,CRASH_DAY_OF_WEEK,CRASH_MONTH
67219fcbfc14efc9d92b9efbf4f5ea0b306a9adda1c5e5b3bf2c53037828daed1295b4edd89f3fc670a04befb11447e32af03f71a0aa526134e31fc640ec888f,2021-08-14 00:01:00,30,NO CONTROLS,NO CONTROLS,CLEAR,"DARKNESS, LIGHTED ROAD",TURNING,DIVIDED - W/MEDIAN (NOT RAISED),STRAIGHT AND LEVEL,DRY,NO DEFECTS,NO INJURY / DRIVE AWAY,"OVER $1,500",IMPROPER LANE USAGE,IMPROPER LANE USAGE,650,W,ROOSEVELT RD,2,NO INDICATION OF INJURY,0.0,0.0,0.0,0.0,0.0,2.0,0.0,0,7,8
183b18710f566f578c8b9a23485be57ddfad860e0c4c1bd90bfa8e47a5b823e855276fe9e89d2be3274e99614067f46829ce5a8d73974c13b5c6418e0a78ad5a,2023-10-01 15:00:00,30,TRAFFIC SIGNAL,FUNCTIONING PROPERLY,CLEAR,DAYLIGHT,TURNING,T-INTERSECTION,STRAIGHT AND LEVEL,DRY,NO DEFECTS,NO INJURY / DRIVE AWAY,$500 OR LESS,IMPROPER OVERTAKING/PASSING,UNABLE TO DETERMINE,800,W,DIVISION ST,2,NO INDICATION OF INJURY,0.0,0.0,0.0,0.0,0.0,2.0,0.0,15,1,10
539009235ebcb43ec3b6442a81930312352438e89ba155514d194e07086ab9ea2064d887ef94153f35ccd7c697f22fc5542cf225cc6ecbd4acfee68a69ca26a2,2017-05-05 13:10:00,30,NO CONTROLS,NO CONTROLS,CLEAR,DAYLIGHT,OTHER NONCOLLISION,ONE-WAY,STRAIGHT AND LEVEL,DRY,"RUT, HOLES",INJURY AND / OR TOW DUE TO CRASH,$500 OR LESS,ROAD CONSTRUCTION/MAINTENANCE,NOT APPLICABLE,216,S,JEFFERSON ST,1,NO INDICATION OF INJURY,0.0,0.0,0.0,0.0,0.0,1.0,0.0,13,6,5
3e1f26ede137c8022a05b31c1f363d1000f2f92128e01f3d15ae1837acced41b2213b156ca10d17e51986a64e45ecff5b8a74515a45801ee44bf89b5dcdade97,2023-03-03 11:50:00,30,NO CONTROLS,NO CONTROLS,CLEAR,DAYLIGHT,SIDESWIPE SAME DIRECTION,NOT DIVIDED,STRAIGHT AND LEVEL,DRY,NO DEFECTS,NO INJURY / DRIVE AWAY,"OVER $1,500",IMPROPER LANE USAGE,IMPROPER LANE USAGE,7331,S,WESTERN AVE,2,NO INDICATION OF INJURY,0.0,0.0,0.0,0.0,0.0,3.0,0.0,11,6,3
a7a37d5351a7bd4115a83e77a69b4f8ca733f91e6d31d497d37ac8aa14d61acd569b6e75b0faf7834091419ff960ba6ff9f53504b7a714552988cec0792c5fd9,2022-06-18 13:40:00,15,NO CONTROLS,NO CONTROLS,CLEAR,DAYLIGHT,REAR TO REAR,PARKING LOT,STRAIGHT AND LEVEL,DRY,NO DEFECTS,NO INJURY / DRIVE AWAY,"OVER $1,500",NOT APPLICABLE,NOT APPLICABLE,5600,W,FULLERTON AVE,2,NO INDICATION OF INJURY,0.0,0.0,0.0,0.0,0.0,3.0,0.0,13,7,6
3dbbf9c5bf3b57becf7ff6ad9078d4512380fdda96ab6331c33e4888d87dc33c4281b39a47a71e1757248713f7022632750a12f419f00d1a467af2aaaada23f6,2019-02-14 09:45:00,30,NO CONTROLS,NO CONTROLS,CLEAR,DAYLIGHT,ANGLE,DIVIDED - W/MEDIAN (NOT RAISED),STRAIGHT AND LEVEL,UNKNOWN,NO DEFECTS,INJURY AND / OR TOW DUE TO CRASH,"OVER $1,500",FAILING TO YIELD RIGHT-OF-WAY,IMPROPER LANE USAGE,8700,S,ASHLAND AVE,2,NONINCAPACITATING INJURY,1.0,0.0,0.0,1.0,0.0,1.0,0.0,9,5,2
e9d0a67e1e0a095b499fa4cde63ce6803976218e7d1846056cf2912aab18b68aaa1b6a50856ab82f8beca498fb6bb8181f44929986cccd2ee5086db6ee19da3d,2018-04-26 13:30:00,30,TRAFFIC SIGNAL,UNKNOWN,CLEAR,DAYLIGHT,PEDESTRIAN,ONE-WAY,STRAIGHT AND LEVEL,DRY,UNKNOWN,NO INJURY / DRIVE AWAY,$500 OR LESS,FAILING TO YIELD RIGHT-OF-WAY,FAILING TO YIELD RIGHT-OF-WAY,50,E,RANDOLPH ST,2,NO INDICATION OF INJURY,0.0,0.0,0.0,0.0,0.0,2.0,0.0,13,5,4
c470d42a64baac032429745908528b8a2695b9e0628de462827966aad5e50d7e889fb8b832a62ce7acf564eefcaaf9be8e30e5c5ab247d527e4b4372a3aa3e28,2024-01-31 20:00:00,30,NO CONTROLS,NO CONTROLS,CLEAR,"DARKNESS, LIGHTED ROAD",OTHER OBJECT,OTHER,STRAIGHT AND LEVEL,DRY,"RUT, HOLES",NO INJURY / DRIVE AWAY,"OVER $1,500",ROAD ENGINEERING/SURFACE/MARKING DEFECTS,NOT APPLICABLE,1600,N,LAKE SHORE DR,1,NO INDICATION OF INJURY,0.0,0.0,0.0,0.0,0.0,2.0,0.0,20,4,1
a87fbd0780cf7cbe9a9597243a3824feed8fac67ae099679c3cf9120106c0113d6a849c4748bcfd0119e5aff45731bac4fdc2d5aa977076ce29650e46304065c,2021-10-03 07:43:00,30,NO CONTROLS,NO CONTROLS,CLOUDY/OVERCAST,UNKNOWN,FIXED OBJECT,NOT DIVIDED,STRAIGHT AND LEVEL,WET,NO DEFECTS,INJURY AND / OR TOW DUE TO CRASH,"OVER $1,500",UNABLE TO DETERMINE,NOT APPLICABLE,1615,S,CLARK ST,1,NONINCAPACITATING INJURY,1.0,0.0,0.0,1.0,0.0,0.0,0.0,7,1,10
6f00cbfe436959b19859777051c7694695ab698ec83cf5cb9ecad0203ebb3b56968e78ba7a615f942e10ff040f8d0c09d6bde5a51c5da63309a810eb70c58253,2017-01-02 10:00:00,25,NO CONTROLS,NO CONTROLS,CLEAR,DAYLIGHT,SIDESWIPE SAME DIRECTION,NOT DIVIDED,STRAIGHT AND LEVEL,DRY,NO DEFECTS,NO INJURY / DRIVE AWAY,"OVER $1,500","OPERATING VEHICLE IN ERRATIC, RECKLESS, CARELESS, NEGLIGENT OR AGGRESSIVE MANNER",UNABLE TO DETERMINE,151,N,BEAUBIEN CT,2,NO INDICATION OF INJURY,0.0,0.0,0.0,0.0,0.0,2.0,0.0,10,2,1
a277be2444b2c4589ae8594ed8a4b0006b8b667c15edd8051d3269721b6f33b64f393cc2fced1e1362d97c43186edefe2c0a870277a1ff42b8f81fc2d20bab2c,2019-04-28 04:35:00,30,NO CONTROLS,NO CONTROLS,CLEAR,"DARKNESS, LIGHTED ROAD",FIXED OBJECT,DIVIDED - W/MEDIAN (NOT RAISED),STRAIGHT AND LEVEL,WET,NO DEFECTS,INJURY AND / OR TOW DUE TO CRASH,"OVER $1,500",PHYSICAL CONDITION OF DRIVER,UNABLE TO DETERMINE,3441,N,CICERO AVE,1,NO INDICATION OF INJURY,0.0,0.0,0.0,0.0,0.0,1.0,0.0,4,1,4
c3d5b2188d962952289c03da0589aa8bafc004be76f94980460739c0f475935308c67bcd0665675b3fd78e4251a692e0e9817571119ad9364549d1ecd771bf78,2022-11-10 12:35:00,30,TRAFFIC SIGNAL,FUNCTIONING PROPERLY,CLEAR,DAYLIGHT,ANGLE,FOUR WAY,STRAIGHT AND LEVEL,DRY,NO DEFECTS,INJURY AND / OR TOW DUE TO CRASH,"OVER $1,500",DISREGARDING TRAFFIC SIGNALS,FAILING TO YIELD RIGHT-OF-WAY,1998,W,33RD ST,2,NO INDICATION OF INJURY,0.0,0.0,0.0,0.0,0.0,2.0,0.0,12,5,11
6ad1aad4817f9e6e95bd2a5701f9f0adedd3d7723d4038e1fd1a9210afa77414ccbdb89b6f66b583fc2ea38a34ac0d36f7c3bffc9c58bdec4ec01737746b9023,2019-03-01 20:30:00,35,TRAFFIC SIGNAL,FUNCTIONING PROPERLY,CLEAR,"DARKNESS, LIGHTED ROAD",SIDESWIPE SAME DIRECTION,DIVIDED - W/MEDIAN (NOT RAISED),STRAIGHT AND LEVEL,DRY,NO DEFECTS,NO INJURY / DRIVE AWAY,"$501 - $1,500",IMPROPER LANE USAGE,NOT APPLICABLE,2958,N,MILWAUKEE AVE,2,NO INDICATION OF INJURY,0.0,0.0,0.0,0.0,0.0,5.0,0.0,20,6,3
0c9ac6f65fd755ba00cc7be8c9813ceee6476a7ebcfc28432e6e352efb169b39c058ffca6ae6126d99faa2b2146405d3782644b3984dd9bf4b6a24611672b35a,2024-01-01 02:00:00,30,NO CONTROLS,NO CONTROLS,CLEAR,"DARKNESS, LIGHTED ROAD",ANGLE,DIVIDED - W/MEDIAN (NOT RAISED),STRAIGHT AND LEVEL,DRY,NO DEFECTS,INJURY AND / OR TOW DUE TO CRASH,"OVER $1,500",FAILING TO YIELD RIGHT-OF-WAY,FAILING TO YIELD RIGHT-OF-WAY,2700,N,OAK PARK AVE,2,NO INDICATION OF INJURY,0.0,0.0,0.0,0.0,0.0,5.0,0.0,2,2,1
1357fbd10eba51e1ae3ed8021a29a0c52a52d4d5858fa4733e912c5cd1f4240899197241a2a9d0a475ca8add3ab1294fdb373fc97e10bcb723de7a85f3b1d6ae,2024-04-08 22:20:00,25,NO CONTROLS,NO CONTROLS,CLEAR,"DARKNESS, LIGHTED ROAD",PARKED MOTOR VEHICLE,NOT DIVIDED,STRAIGHT AND LEVEL,DRY,NO DEFECTS,NO INJURY / DRIVE AWAY,$500 OR LESS,UNABLE TO DETERMINE,UNABLE TO DETERMINE,5636,N,KEYSTONE AVE,2,NO INDICATION OF INJURY,0.0,0.0,0.0,0.0,0.0,1.0,0.0,22,2,4
080c24d2330b13a8cd0c4c4a0b68ffeeaf178a2fd2b85f7787dd28e447ffcc2a01e85387e2ce5b0e0f2732cdf10fe8cc37e77ab1d5048a49e790b595952afd62,2018-08-23 14:30:00,30,NO CONTROLS,NO CONTROLS,CLEAR,DAYLIGHT,REAR END,DIVIDED - W/MEDIAN (NOT RAISED),STRAIGHT AND LEVEL,DRY,NO DEFECTS,NO INJURY / DRIVE AWAY,"$501 - $1,500",UNABLE TO DETERMINE,UNABLE TO DETERMINE,750,N,LARAMIE AVE,2,NO INDICATION OF INJURY,0.0,0.0,0.0,0.0,0.0,2.0,0.0,14,5,8
9bcc53321c2740f0d9a417669db57e0752352ce95d99bceb68bcec7a9710cede2578d2710e21c0dc69296d0b0cec7cdd64c693f857819e930fe053cbe0a8694b,2021-03-11 15:51:00,30,STOP SIGN/FLASHER,FUNCTIONING PROPERLY,CLEAR,DAYLIGHT,ANGLE,FOUR WAY,STRAIGHT AND LEVEL,DRY,NO DEFECTS,INJURY AND / OR TOW DUE TO CRASH,"OVER $1,500",FAILING TO YIELD RIGHT-OF-WAY,FAILING TO REDUCE SPEED TO AVOID CRASH,900,W,MADISON ST,2,NONINCAPACITATING INJURY,2.0,0.0,0.0,2.0,0.0,1.0,0.0,15,5,3
67f26ad3a84880db9423b5270431ddbbb433382e1a925e60d87c7c96c20c80d4304834c3fbf89757f4efd74194676b0a4e70799d469862a8ebf3d917f508d6e6,2021-03-17 11:23:00,35,TRAFFIC SIGNAL,FUNCTIONING PROPERLY,CLOUDY/OVERCAST,DAYLIGHT,FIXED OBJECT,NOT DIVIDED,STRAIGHT AND LEVEL,DRY,NO DEFECTS,INJURY AND / OR TOW DUE TO CRASH,"OVER $1,500",EQUIPMENT - VEHICLE CONDITION,NOT APPLICABLE,6300,S,LOOMIS BLVD,1,NONINCAPACITATING INJURY,2.0,0.0,0.0,1.0,1.0,1.0,0.0,11,4,3
dcc70a98a74bcd3110ae3cb73341a14fd4e139398f46b407cb4e352a7ee46bb83c2c98aa87136861dbb2c0a7977ac0a880467ed3d4f4cbee36be68df1fbbe28c,2021-11-04 18:50:00,15,NO CONTROLS,NO CONTROLS,CLEAR,"DARKNESS, LIGHTED ROAD",PARKED MOTOR VEHICLE,PARKING LOT,STRAIGHT AND LEVEL,DRY,NO DEFECTS,NO INJURY / DRIVE AWAY,"OVER $1,500",IMPROPER OVERTAKING/PASSING,NOT APPLICABLE,1111,N,CHERRY AVE,2,NO INDICATION OF INJURY,0.0,0.0,0.0,0.0,0.0,1.0,0.0,18,5,11
aeddc2725230b28e219829bbcbe866dcf604794385ea776e0cbb4f4250d9a7ca02502781dbedb823127bbed0173ce0f4c46e7059c6257250ba6b5404e27d7206,2020-05-13 18:42:00,30,TRAFFIC SIGNAL,FUNCTIONING PROPERLY,CLEAR,DAYLIGHT,TURNING,NOT DIVIDED,STRAIGHT AND LEVEL,DRY,"RUT, HOLES",INJURY AND / OR TOW DUE TO CRASH,"OVER $1,500",FAILING TO REDUCE SPEED TO AVOID CRASH,FOLLOWING TOO CLOSELY,2400,W,111TH ST,2,NO INDICATION OF INJURY,0.0,0.0,0.0,0.0,0.0,2.0,0.0,18,4,5
db518414d4d835f6f48d4f430db35b5d7b2f7c15f93ff7714660522aed2eb2dcb6b9a62a9ff8afcbf875d210ef5112e1d60d83e100b00e2c2dc2c4739196ecf3,2018-09-24 09:50:00,30,STOP SIGN/FLASHER,FUNCTIONING PROPERLY,CLEAR,DAYLIGHT,PARKED MOTOR VEHICLE,NOT DIVIDED,STRAIGHT AND LEVEL,DRY,NO DEFECTS,INJURY AND / OR TOW DUE TO CRASH,"OVER $1,500",FAILING TO YIELD RIGHT-OF-WAY,UNABLE TO DETERMINE,833,W,WEBSTER AVE,2,NO INDICATION OF INJURY,0.0,0.0,0.0,0.0,0.0,4.0,0.0,9,2,9
66a297d398f07416f70d900549588ca8765cc4f6b465893e87efb8e91654a200058e7801d26f730dd1aca1f58a8ea08005e6e6de2d68a42a571986f8051b7ad2,2017-01-23 05:30:00,30,NO CONTROLS,NO CONTROLS,CLEAR,DAWN,PARKED MOTOR VEHICLE,DIVIDED - W/MEDIAN (NOT RAISED),STRAIGHT AND LEVEL,UNKNOWN,UNKNOWN,NO INJURY / DRIVE AWAY,$500 OR LESS,UNABLE TO DETERMINE,UNABLE TO DETERMINE,1800,W,ERIE ST,3,NO INDICATION OF INJURY,0.0,0.0,0.0,0.0,0.0,1.0,0.0,5,2,1
026f8fdf6cfdda927ab7beaca2fbabc14aea80616126864d22f12d48ff2ffbaa855f6a2f7a328964bef3f9adc352ad9a471904a47304f21640117b5237ec3de5,2017-02-10 15:00:00,30,NO CONTROLS,NO CONTROLS,CLEAR,DAYLIGHT,SIDESWIPE SAME DIRECTION,ONE-WAY,STRAIGHT AND LEVEL,DRY,NO DEFECTS,NO INJURY / DRIVE AWAY,"$501 - $1,500",FAILING TO YIELD RIGHT-OF-WAY,NOT APPLICABLE,1750,W,WALLEN AVE,2,NO INDICATION OF INJURY,0.0,0.0,0.0,0.0,0.0,2.0,0.0,15,6,2
d3ee6eee483410778ac22a60e9756482ee96bc0de4e6446a1db82844842381f25ad5e8df05ee1764a00ee453492f8cefb1c9265bc4eeeda600924d7a24a131fc,2021-01-21 15:50:00,30,TRAFFIC SIGNAL,FUNCTIONING PROPERLY,CLEAR,DAYLIGHT,SIDESWIPE SAME DIRECTION,CENTER TURN LANE,STRAIGHT AND LEVEL,DRY,NO DEFECTS,NO INJURY / DRIVE AWAY,"$501 - $1,500",IMPROPER LANE USAGE,UNABLE TO DETERMINE,5500,S,WESTERN AVE,2,NO INDICATION OF INJURY,0.0,0.0,0.0,0.0,0.0,2.0,0.0,15,5,1
6d1d8cff60f63bd5356841cf3f66ec501d0f622ab51b5ef5196f2636444d1e4d0df211be09bbb48772ecb5c76aed6816ab7b84baf6088ef11b46de357071ca12,2018-12-19 11:30:00,30,NO CONTROLS,NO CONTROLS,CLEAR,DAYLIGHT,SIDESWIPE SAME DIRECTION,DIVIDED - W/MEDIAN (NOT RAISED),STRAIGHT AND LEVEL,DRY,NO DEFECTS,NO INJURY / DRIVE AWAY,"OVER $1,500",UNABLE TO DETERMINE,UNABLE TO DETERMINE,3300,S,WESTERN AVE,2,NO INDICATION OF INJURY,0.0,0.0,0.0,0.0,0.0,2.0,0.0,11,4,12
10adbf48cf8275dfb8d0b1cbd9528687cbaeebf8a139faa1992382d9b2d63cff673131a00d0fcc2b5ee4a6f68d5c97eacf9037f41b14fa461ae0989a021d1ca1,2023-05-16 18:36:00,30,UNKNOWN,UNKNOWN,CLEAR,DAYLIGHT,ANGLE,NOT DIVIDED,STRAIGHT AND LEVEL,DRY,UNKNOWN,NO INJURY / DRIVE AWAY,"OVER $1,500",FAILING TO YIELD RIGHT-OF-WAY,FAILING TO YIELD RIGHT-OF-WAY,7628,S,COTTAGE GROVE AVE,2,NO INDICATION OF INJURY,0.0,0.0,0.0,0.0,0.0,2.0,0.0,18,3,5
fd93808211fe0c6e10705f5bf68a6d057d5b686a55ee7636451311e445f088908c091f30e25e79166184913927877c98339c1f3ed8c8deaa1917748103b163a2,2023-05-31 18:30:00,30,TRAFFIC SIGNAL,FUNCTIONING PROPERLY,CLEAR,DAYLIGHT,SIDESWIPE SAME DIRECTION,FOUR WAY,STRAIGHT AND LEVEL,DRY,NO DEFECTS,NO INJURY / DRIVE AWAY,"OVER $1,500",UNABLE TO DETERMINE,UNABLE TO DETERMINE,3956,W,DIVISION ST,3,NO INDICATION OF INJURY,0.0,0.0,0.0,0.0,0.0,3.0,0.0,18,4,5
5bfe84e04e6275a30462361e99ff51704623f27912103169e4310498224e836cffde1628c3bf8ff21ba662b72ffae56eaf09f18f65ca595f45c178fb0fa64495,2018-06-23 23:15:00,30,NO CONTROLS,NO CONTROLS,CLEAR,"DARKNESS, LIGHTED ROAD",PARKED MOTOR VEHICLE,NOT DIVIDED,STRAIGHT AND LEVEL,DRY,NO DEFECTS,NO INJURY / DRIVE AWAY,$500 OR LESS,UNABLE TO DETERMINE,NOT APPLICABLE,704,N,CENTRAL PARK AVE,2,NO INDICATION OF INJURY,0.0,0.0,0.0,0.0,0.0,1.0,0.0,23,7,6
cd71e02745bbfe61ea38e724bb7fa80f27564fa73a23e0568053cda500fe2e2694f1f4de5f2d718279c94a3bc763b6358aedebdc69660670ba43e4e3ace5107d,2021-08-07 22:10:00,30,TRAFFIC SIGNAL,FUNCTIONING PROPERLY,CLEAR,"DARKNESS, LIGHTED ROAD",REAR END,DIVIDED - W/MEDIAN (NOT RAISED),STRAIGHT AND LEVEL,DRY,NO DEFECTS,NO INJURY / DRIVE AWAY,"$501 - $1,500",FAILING TO YIELD RIGHT-OF-WAY,UNABLE TO DETERMINE,2200,S,MICHIGAN AVE,2,NO INDICATION OF INJURY,0.0,0.0,0.0,0.0,0.0,4.0,0.0,22,7,8
e7680b9786de9e11c3fb11c8d7b39ee1f2c30005a82ef7794ebd979238fd2b10fcad2b40e5925dba88b21386c0388cb2649dc3bbb33c84cf7af3300d860300a5,2018-07-30 02:00:00,30,OTHER,UNKNOWN,CLEAR,DARKNESS,PARKED MOTOR VEHICLE,ONE-WAY,STRAIGHT AND LEVEL,DRY,UNKNOWN,NO INJURY / DRIVE AWAY,"OVER $1,500",UNABLE TO DETERMINE,UNABLE TO DETERMINE,7800,S,SOUTH SHORE DR,2,NO INDICATION OF INJURY,0.0,0.0,0.0,0.0,0.0,1.0,0.0,2,2,7
88a1fdd2ee0b36ba0496d27b00992f921eaa7311c190db9680d6027f5f6768947226289362f45c0cc82eb23c606bda613fddebf601b1e7988e30e6b4cfbd1d63,2023-12-28 15:30:00,30,TRAFFIC SIGNAL,FUNCTIONING PROPERLY,RAIN,DAYLIGHT,FIXED OBJECT,NOT DIVIDED,STRAIGHT AND LEVEL,UNKNOWN,UNKNOWN,NO INJURY / DRIVE AWAY,"$501 - $1,500",UNABLE TO DETERMINE,UNABLE TO DETERMINE,600,S,CLINTON ST,1,NO INDICATION OF INJURY,0.0,0.0,0.0,0.0,0.0,1.0,0.0,15,5,12
9f61d8790472cbce830e4c296056a878f4152a03582ddd105a5eaa30a6a5ea788892809fecfcfbe52a486a1adc5557106dedb821db3b687a5e67271ddb972edb,2018-09-21 18:05:00,30,NO CONTROLS,NO CONTROLS,CLEAR,DAYLIGHT,REAR END,NOT DIVIDED,STRAIGHT AND LEVEL,DRY,NO DEFECTS,NO INJURY / DRIVE AWAY,"OVER $1,500",FOLLOWING TOO CLOSELY,UNABLE TO DETERMINE,5231,W,LELAND AVE,2,NO INDICATION OF INJURY,0.0,0.0,0.0,0.0,0.0,2.0,0.0,18,6,9
2aa5d43a3d3e9fb613291acce25756f9c8e3690e7f1cb06a7c2c044e3ffee611959e3188624ccb1b8482c6db36da6e0e76bfaca10c86db24e4c1cbe45c5d876b,2022-02-26 19:10:00,30,STOP SIGN/FLASHER,UNKNOWN,UNKNOWN,UNKNOWN,REAR END,NOT DIVIDED,STRAIGHT AND LEVEL,UNKNOWN,UNKNOWN,NO INJURY / DRIVE AWAY,"OVER $1,500",FOLLOWING TOO CLOSELY,FAILING TO REDUCE SPEED TO AVOID CRASH,1500,N,LARAMIE AVE,2,NO INDICATION OF INJURY,0.0,0.0,0.0,0.0,0.0,2.0,0.0,19,7,2
6caf949148007138a263f4c24c87b292baba340430c2aedb91e7ea0e0b54840a3c3e71001198d178381c8e59a56cb60c73a0cdd349640e543358b03de8477964,2018-11-06 12:30:00,30,UNKNOWN,FUNCTIONING PROPERLY,CLEAR,DAYLIGHT,REAR END,ONE-WAY,STRAIGHT AND LEVEL,DRY,NO DEFECTS,NO INJURY / DRIVE AWAY,$500 OR LESS,IMPROPER BACKING,UNABLE TO DETERMINE,1365,N,ASTOR ST,2,NO INDICATION OF INJURY,0.0,0.0,0.0,0.0,0.0,2.0,0.0,12,3,11
090eff8027f86a6c46a0c47b1901cefdf88fe93c1a819461d9e82a587a4194149ebb5dbb0af4d643f3d5c3d322271d37a73359f11d33e6dcf37b131160fb5a8a,2024-02-28 23:27:00,30,NO CONTROLS,NO CONTROLS,CLEAR,"DARKNESS, LIGHTED ROAD",TURNING,NOT DIVIDED,STRAIGHT AND LEVEL,DRY,UNKNOWN,NO INJURY / DRIVE AWAY,"OVER $1,500",NOT APPLICABLE,NOT APPLICABLE,5908,W,WASHINGTON BLVD,2,NO INDICATION OF INJURY,0.0,0.0,0.0,0.0,0.0,4.0,0.0,23,4,2
74871a04e9db65e7a8bc0893bd759d48ad14279594351431a17156fb4d712914bf61a0e2ee2e7a56bd79aa4c21c20689d1a6ada8ed24e7a7679d09dc68ff86b0,2019-06-24 06:00:00,25,NO CONTROLS,NO CONTROLS,UNKNOWN,UNKNOWN,PARKED MOTOR VEHICLE,ONE-WAY,STRAIGHT AND LEVEL,UNKNOWN,NO DEFECTS,NO INJURY / DRIVE AWAY,$500 OR LESS,UNABLE TO DETERMINE,NOT APPLICABLE,7500,S,RHODES AVE,2,NO INDICATION OF INJURY,0.0,0.0,0.0,0.0,0.0,1.0,0.0,6,2,6
49c02718a66061f0ff6d005814dd6c7ff706c0d9ed9ce9f4f64b5f53f51e3e6cc243fc2d1fa0a195ae59597c8e06e37135f99bc1da7af7d8d5af3b6fc7c25e37,2024-04-06 18:33:00,30,STOP SIGN/FLASHER,FUNCTIONING PROPERLY,CLEAR,DAYLIGHT,TURNING,NOT DIVIDED,STRAIGHT AND LEVEL,DRY,UNKNOWN,INJURY AND / OR TOW DUE TO CRASH,"OVER $1,500",DISREGARDING STOP SIGN,NOT APPLICABLE,4158,W,CHICAGO AVE,2,NONINCAPACITATING INJURY,3.0,0.0,0.0,3.0,0.0,1.0,0.0,18,7,4
316a7f1a3514913492f081bac6234deb5edae60f2b2711e2f1306d2b086e0be70df2b5649cf8de972d7d2e4ba2607d405265fd2170baadc2260392f6a9e05e6d,2020-07-06 21:10:00,30,TRAFFIC SIGNAL,FUNCTIONING PROPERLY,CLEAR,"DARKNESS, LIGHTED ROAD",REAR TO FRONT,NOT DIVIDED,STRAIGHT AND LEVEL,DRY,NO DEFECTS,NO INJURY / DRIVE AWAY,"$501 - $1,500",IMPROPER BACKING,FAILING TO REDUCE SPEED TO AVOID CRASH,3200,E,95TH ST,2,NO INDICATION OF INJURY,0.0,0.0,0.0,0.0,0.0,2.0,0.0,21,2,7
b27063e98c5c3790eb849a575fe9b39d23ae9cf28d97a5e22c645b5f4ea02d8ad13ad6017b7453ec8a9a9fd5cc15b707c8f569941c1914924e776d98316ca733,2017-08-29 09:05:00,30,NO CONTROLS,NO CONTROLS,CLEAR,DAYLIGHT,TURNING,NOT DIVIDED,STRAIGHT AND LEVEL,DRY,NO DEFECTS,INJURY AND / OR TOW DUE TO CRASH,"OVER $1,500",FAILING TO YIELD RIGHT-OF-WAY,NOT APPLICABLE,6300,S,SEELEY AVE,2,NO INDICATION OF INJURY,0.0,0.0,0.0,0.0,0.0,2.0,0.0,9,3,8
9d73c63424d9926302ccac92b0f643af4f6c861294091ceb9b4fb5e91dc0f9162cdcef0d43430f4ce94969aaacdcbaf85edbdc88dc118faee9e39561ebfdef64,2024-01-31 18:45:00,30,NO CONTROLS,NO CONTROLS,CLEAR,"DARKNESS, LIGHTED ROAD",SIDESWIPE SAME DIRECTION,DIVIDED - W/MEDIAN (NOT RAISED),STRAIGHT AND LEVEL,DRY,NO DEFECTS,INJURY AND / OR TOW DUE TO CRASH,"$501 - $1,500",UNABLE TO DETERMINE,UNABLE TO DETERMINE,4738,N,WESTERN AVE,2,"REPORTED, NOT EVIDENT",1.0,0.0,0.0,0.0,1.0,2.0,0.0,18,4,1
8e1d3f078143ff4ab0705f3e397c79df7a0c89bc94acd1710c53500f401a0a0de20dfe3bca962043ae5fab5e8c1483c6e5139b6221e7e3c3587c8e86bc286605,2022-08-30 13:02:00,30,TRAFFIC SIGNAL,FUNCTIONING PROPERLY,CLEAR,DAYLIGHT,SIDESWIPE SAME DIRECTION,NOT DIVIDED,STRAIGHT AND LEVEL,DRY,NO DEFECTS,INJURY AND / OR TOW DUE TO CRASH,"OVER $1,500",IMPROPER TURNING/NO SIGNAL,UNABLE TO DETERMINE,3535,N,ASHLAND AVE,2,NO INDICATION OF INJURY,0.0,0.0,0.0,0.0,0.0,2.0,0.0,13,3,8
6b239c304241d0521cc96687bf90f4aca4434f1e23708f6ffdaacdef118a3036b9dd9ab015da56ece0d38fdbdd01dd34db420ae420819f7c5947aaa615d75300,2017-03-15 13:47:00,30,NO CONTROLS,NO CONTROLS,CLEAR,DAYLIGHT,PARKED MOTOR VEHICLE,NOT DIVIDED,STRAIGHT AND LEVEL,DRY,NO DEFECTS,NO INJURY / DRIVE AWAY,$500 OR LESS,UNABLE TO DETERMINE,UNABLE TO DETERMINE,66,W,OAK ST,2,NO INDICATION OF INJURY,0.0,0.0,0.0,0.0,0.0,2.0,0.0,13,4,3
e9249c29134c2c2dd5254e61dadef740a57d46deecb57968ed6414ddc32e33ae6f6119de9c9f37b00b5340407b1b0da1ea32ff06145a912c85fde03f8506c100,2019-03-08 22:37:00,35,STOP SIGN/FLASHER,NO CONTROLS,UNKNOWN,UNKNOWN,ANGLE,DIVIDED - W/MEDIAN (NOT RAISED),STRAIGHT AND LEVEL,UNKNOWN,UNKNOWN,INJURY AND / OR TOW DUE TO CRASH,"OVER $1,500",NOT APPLICABLE,NOT APPLICABLE,4898,W,DIVISION ST,2,NO INDICATION OF INJURY,0.0,0.0,0.0,0.0,0.0,2.0,0.0,22,6,3