CRASH_RECORD_ID,CRASH_DATE,POSTED_SPEED_LIMIT,TRAFFIC_CONTROL_DEVICE,DEVICE_CONDITION,WEATHER_CONDITION,LIGHTING_CONDITION,FIRST_CRASH_TYPE,TRAFFICWAY_TYPE,ALIGNMENT,ROADWAY_SURFACE_COND,ROAD_DEFECT,CRASH_TYPE,DAMAGE,PRIM_CONTRIBUTORY_CAUSE,SEC_CONTRIBUTORY_CAUSE,STREET_NO,STREET_DIRECTION,STREET_NAME,NUM_UNITS,MOST_SEVERE_INJURY,INJURIES_TOTAL,INJURIES_FATAL,INJURIES_INCAPACITATING,INJURIES_NON_INCAPACITATING,INJURIES_REPORTED_NOT_EVIDENT,INJURIES_NO_INDICATION,INJURIES_UNKNOWN,CRASH_HOUR,CRASH_DAY_OF_WEEK,CRASH_MONTH
53cce7d7c3f0fd7ffdf247561f796a38e3bb11562a11ab3b5d1462fbacd42b0aa26d48c3338ced23f7bf49963f2ba45b057c1c743adf72b8793915bb491d9648,2024-03-20 10:06:00,30,NO CONTROLS,NO CONTROLS,CLEAR,DAYLIGHT,TURNING,DIVIDED - W/MEDIAN (NOT RAISED),STRAIGHT AND LEVEL,DRY,NO DEFECTS,NO INJURY / DRIVE AWAY,"OVER $1,500",NOT APPLICABLE,UNABLE TO DETERMINE,4446,N,PULASKI RD,2,NO INDICATION OF INJURY,0.0,0.0,0.0,0.0,0.0,2.0,0.0,10,4,3
1e35c040ec2e5cd523b4bb392471bb6edbb305b8d15e0d9f2bbeda3e17738dfabf5a9c81497704a70e145e74523394aafc8ba6bfc88962a6180baa593d199725,2017-08-14 16:30:00,25,TRAFFIC SIGNAL,FUNCTIONING IMPROPERLY,CLEAR,DAYLIGHT,REAR END,DIVIDED - W/MEDIAN (NOT RAISED),STRAIGHT AND LEVEL,DRY,NO DEFECTS,NO INJURY / DRIVE AWAY,"$501 - $1,500",UNABLE TO DETERMINE,UNABLE TO DETERMINE,4030,W,47TH ST,2,NO INDICATION OF INJURY,0.0,0.0,0.0,0.0,0.0,5.0,0.0,16,2,8
956dec12ae4b9ed3d9defe56173bf7844d8a9749d28516cf406ad3e5ab593108e01ce2e9b7575e18b8297fc47ac4b8df12e399fbed8f57b8384bd1c13737ce51,2017-04-29 06:30:00,30,NO CONTROLS,NO CONTROLS,UNKNOWN,UNKNOWN,PARKED MOTOR VEHICLE,NOT DIVIDED,STRAIGHT AND LEVEL,UNKNOWN,NO DEFECTS,NO INJURY / DRIVE AWAY,"$501 - $1,500",UNABLE TO DETERMINE,NOT APPLICABLE,3049,N,MONTICELLO AVE,2,NO INDICATION OF INJURY,0.0,0.0,0.0,0.0,0.0,1.0,0.0,6,7,4
e3cda6f124347231f1827f061906f5f647cb3e657b835b05600202857e0c2653b2293182bc722e31c57f750fa9f7db91256d6c8c823f2fb86d00954014b8cee4,2019-01-10 13:45:00,15,NO CONTROLS,NO CONTROLS,CLOUDY/OVERCAST,DAYLIGHT,ANGLE,PARKING LOT,STRAIGHT AND LEVEL,DRY,NO DEFECTS,NO INJURY / DRIVE AWAY,"$501 - $1,500",FAILING TO YIELD RIGHT-OF-WAY,NOT APPLICABLE,5555,S,ELLIS AVE,2,NO INDICATION OF INJURY,0.0,0.0,0.0,0.0,0.0,2.0,0.0,13,5,1
1e561fb7f2b898913d44130234a88d2dc00170efdebc8e4ebc4bb0edaf8c7beab24bac8f06499a9c424f91257fa12a388882dc0e4af9d51426cca87f2b04efb7,2022-07-22 15:45:00,30,NO CONTROLS,NO CONTROLS,CLEAR,DAYLIGHT,REAR END,NOT DIVIDED,STRAIGHT AND LEVEL,DRY,NO DEFECTS,NO INJURY / DRIVE AWAY,"OVER $1,500",FOLLOWING TOO CLOSELY,NOT APPLICABLE,805,S,KEDZIE AVE,2,NO INDICATION OF INJURY,0.0,0.0,0.0,0.0,0.0,2.0,0.0,15,6,7
7d2357e0943454dddfb1b14093032722c06cdb62cb2da18314eb272a6bfb8b5758d38e685c20feb53ded6b416cd6f0125ddf79d8577303634d818048e3f49bd4,2017-12-18 12:52:00,30,STOP SIGN/FLASHER,FUNCTIONING PROPERLY,CLEAR,DAYLIGHT,TURNING,NOT DIVIDED,STRAIGHT AND LEVEL,DRY,NO DEFECTS,NO INJURY / DRIVE AWAY,$500 OR LESS,UNABLE TO DETERMINE,NOT APPLICABLE,1050,E,111TH ST,2,NO INDICATION OF INJURY,0.0,0.0,0.0,0.0,0.0,3.0,0.0,12,2,12
7b0b074a70217989ba400b9eb289af82e749bc78d1b19faeb5fa186d63539baee4e4e42cdecca663f4565da11b172b8b1dec38dd032a315c050324ab0a58d351,2020-02-09 03:45:00,5,NO CONTROLS,NO CONTROLS,CLEAR,"DARKNESS, LIGHTED ROAD",REAR END,OTHER,STRAIGHT AND LEVEL,DRY,NO DEFECTS,NO INJURY / DRIVE AWAY,"$501 - $1,500",UNABLE TO DETERMINE,UNABLE TO DETERMINE,801,N,CICERO AVE,2,NO INDICATION OF INJURY,0.0,0.0,0.0,0.0,0.0,2.0,0.0,3,1,2
134008d8f68754d009b64c4292659b6428e284416ecd6214be5a91e2758c868c35d6191a69cce540fefd6370061ad06141fc4c022fa153f9df89c3b483beba39,2023-08-19 23:00:00,10,UNKNOWN,UNKNOWN,CLEAR,DARKNESS,PARKED MOTOR VEHICLE,PARKING LOT,STRAIGHT AND LEVEL,UNKNOWN,UNKNOWN,NO INJURY / DRIVE AWAY,$500 OR LESS,UNABLE TO DETERMINE,UNABLE TO DETERMINE,2245,S,MICHIGAN AVE,2,NO INDICATION OF INJURY,0.0,0.0,0.0,0.0,0.0,1.0,0.0,23,7,8
f1a7b560e87273cb19beeee66d74c58c4ff44c9159520b54599c99be091dff4458fa145437ea9856aad9f238f9e40a67e624f4df7ddb575e9a4d4ba2af38208a,2023-01-21 12:40:00,30,NO CONTROLS,NO CONTROLS,CLEAR,DAYLIGHT,ANGLE,DIVIDED - W/MEDIAN (NOT RAISED),STRAIGHT AND LEVEL,DRY,NO DEFECTS,NO INJURY / DRIVE AWAY,"OVER $1,500",FAILING TO YIELD RIGHT-OF-WAY,UNABLE TO DETERMINE,2349,N,MILWAUKEE AVE,2,NO INDICATION OF INJURY,0.0,0.0,0.0,0.0,0.0,2.0,0.0,12,7,1
4b5daca928ba73ce99a665f2394e1a4d52c41722923ecfcaeb19b99acd07331c63ffc998815a30e8b10b672bd88ce3e9c9fa73086d798c171e82e5ff4e65206e,2019-12-21 17:31:00,30,TRAFFIC SIGNAL,FUNCTIONING PROPERLY,CLEAR,"DARKNESS, LIGHTED ROAD",HEAD ON,DIVIDED - W/MEDIAN BARRIER,STRAIGHT AND LEVEL,DRY,NO DEFECTS,NO INJURY / DRIVE AWAY,"$501 - $1,500",FAILING TO REDUCE SPEED TO AVOID CRASH,"OPERATING VEHICLE IN ERRATIC, RECKLESS, CARELESS, NEGLIGENT OR AGGRESSIVE MANNER",7300,S,STONY ISLAND AVE,2,NO INDICATION OF INJURY,0.0,0.0,0.0,0.0,0.0,3.0,0.0,17,7,12
6e846bfb9d382c2b391b138ae3a72a90bca7d326ea7af0cfc164532c204bd7b3a753138e22bdd7d2a7214d968c7a3ae13ed512b5a26971f24ce22a8fdb570aea,2023-02-26 17:38:00,20,NO CONTROLS,NO CONTROLS,CLEAR,DUSK,FIXED OBJECT,DIVIDED - W/MEDIAN (NOT RAISED),STRAIGHT AND LEVEL,DRY,NO DEFECTS,NO INJURY / DRIVE AWAY,"OVER $1,500",PHYSICAL CONDITION OF DRIVER,UNABLE TO DETERMINE,3730,E,FOREMAN DR,1,NO INDICATION OF INJURY,0.0,0.0,0.0,0.0,0.0,1.0,0.0,17,1,2
00d4838fb1a32a917c33c1cd41f31e6fbd762c51d99dc91f5739b5ee963e9f623907fefde29fed41efb82df4f1e51dbb8b85aee352ac1bf346ca73e55738b9e3,2016-03-11 14:50:00,30,NO CONTROLS,NO CONTROLS,CLEAR,DAYLIGHT,TURNING,DIVIDED - W/MEDIAN (NOT RAISED),STRAIGHT AND LEVEL,DRY,NO DEFECTS,NO INJURY / DRIVE AWAY,"OVER $1,500",UNABLE TO DETERMINE,NOT APPLICABLE,712,S,CENTRAL PARK AVE,2,NO INDICATION OF INJURY,0.0,0.0,0.0,0.0,0.0,3.0,0.0,14,6,3
7fc01c0b243090b52e95063b38fc03c0dd8d69c270d1c27c1a32c2a8b05987b275eee1ca98d69c751b8acb164785f1c5e83149a733cf1c803d57f0a470072704,2018-09-01 20:05:00,30,STOP SIGN/FLASHER,FUNCTIONING PROPERLY,RAIN,"DARKNESS, LIGHTED ROAD",SIDESWIPE OPPOSITE DIRECTION,NOT DIVIDED,STRAIGHT AND LEVEL,WET,NO DEFECTS,INJURY AND / OR TOW DUE TO CRASH,"OVER $1,500",FAILING TO REDUCE SPEED TO AVOID CRASH,IMPROPER LANE USAGE,5002,N,CENTRAL AVE,2,INCAPACITATING INJURY,1.0,0.0,1.0,0.0,0.0,1.0,0.0,20,7,9
11fc179979a495eab48b976bc4731ac6a78c4961d1620886340c516678e19bc158dd35d34c1514ecef1ab1490475c7b7f980225c444d0edb1274be1b9306b9a3,2017-08-16 15:30:00,30,STOP SIGN/FLASHER,FUNCTIONING PROPERLY,CLEAR,DAYLIGHT,TURNING,DIVIDED - W/MEDIAN (NOT RAISED),STRAIGHT AND LEVEL,DRY,UNKNOWN,NO INJURY / DRIVE AWAY,"$501 - $1,500",IMPROPER TURNING/NO SIGNAL,UNABLE TO DETERMINE,7900,S,PRAIRIE AVE,2,NO INDICATION OF INJURY,0.0,0.0,0.0,0.0,0.0,2.0,0.0,15,4,8
40beef5ca97210e041ca34499f7e7359a53d404251e50403f504616793a4e1b10e9fb42c61ef5170c6352c1679b87df04bc005822dcb52892591377ab5e14209,2022-05-01 03:25:00,30,NO CONTROLS,NO CONTROLS,CLEAR,"DARKNESS, LIGHTED ROAD",PARKED MOTOR VEHICLE,ONE-WAY,STRAIGHT AND LEVEL,WET,UNKNOWN,NO INJURY / DRIVE AWAY,"OVER $1,500",UNABLE TO DETERMINE,IMPROPER LANE USAGE,5409,S,KILDARE AVE,3,NO INDICATION OF INJURY,0.0,0.0,0.0,0.0,0.0,1.0,0.0,3,1,5
9b099f867705ea8cc4707c7582cc6b5e9501d7b14a9f7bf2e628b917698407fa0867ec4e2bdf35ef393236592bde6e404eb4b43bb92f959063e3b9d901ce9a18,2016-07-15 17:45:00,30,NO CONTROLS,NO CONTROLS,CLEAR,DAYLIGHT,REAR END,NOT DIVIDED,STRAIGHT AND LEVEL,DRY,NO DEFECTS,NO INJURY / DRIVE AWAY,"OVER $1,500",DRIVING SKILLS/KNOWLEDGE/EXPERIENCE,UNABLE TO DETERMINE,8100,S,VINCENNES AVE,2,NO INDICATION OF INJURY,0.0,0.0,0.0,0.0,0.0,2.0,0.0,17,6,7
90c93e7796fcc06d3ce1e5034556e39d075c93178dfa9d54d435a7dba2d40954da04f5e643977ee7585790255add891ddd87f52eab2bac3ba6a6430da225bc5a,2019-10-05 07:55:00,30,TRAFFIC SIGNAL,FUNCTIONING PROPERLY,CLEAR,DAYLIGHT,SIDESWIPE SAME DIRECTION,NOT DIVIDED,STRAIGHT AND LEVEL,DRY,UNKNOWN,NO INJURY / DRIVE AWAY,"OVER $1,500",DRIVING SKILLS/KNOWLEDGE/EXPERIENCE,UNABLE TO DETERMINE,540,W,WASHINGTON BLVD,2,NO INDICATION OF INJURY,0.0,0.0,0.0,0.0,0.0,2.0,0.0,7,7,10
abe095d0e393716fef623b27019d0f160f066d82f130007d7e2bc38052860f13284794e9ee94ce8a9d3ce47bd0655d400d19521af8a9f64a4d7db3904634d443,2024-01-24 07:45:00,30,NO CONTROLS,NO CONTROLS,RAIN,DAYLIGHT,PARKED MOTOR VEHICLE,NOT DIVIDED,STRAIGHT AND LEVEL,ICE,NO DEFECTS,NO INJURY / DRIVE AWAY,"OVER $1,500",WEATHER,NOT APPLICABLE,1214,E,46TH ST,2,NO INDICATION OF INJURY,0.0,0.0,0.0,0.0,0.0,1.0,0.0,7,4,1
e04f5c2ba7e82e9bbb72fb00872c9b8485b278715bc3299d87bcc0c2012f8e3190359e6285560b1494b892e9c87c6aa8a9b04b4c2cd09284042a8596132a6970,2021-07-19 13:05:00,30,NO CONTROLS,NO CONTROLS,CLEAR,DAYLIGHT,PARKED MOTOR VEHICLE,NOT DIVIDED,STRAIGHT AND LEVEL,DRY,NO DEFECTS,NO INJURY / DRIVE AWAY,$500 OR LESS,UNABLE TO DETERMINE,NOT APPLICABLE,5742,S,WESTERN AVE,2,NO INDICATION OF INJURY,0.0,0.0,0.0,0.0,0.0,1.0,0.0,13,2,7
b6ddd8755f68e8482b412b917af86296b45859e564eba3463a85c9141b92606b887b90998d30f848a8f1d347c48c340fe44aebc679d846f3bdfea37ae2a101d4,2021-08-12 17:40:00,30,TRAFFIC SIGNAL,FUNCTIONING PROPERLY,CLEAR,DAYLIGHT,REAR END,DIVIDED - W/MEDIAN (NOT RAISED),STRAIGHT AND LEVEL,DRY,NO DEFECTS,NO INJURY / DRIVE AWAY,"OVER $1,500",FOLLOWING TOO CLOSELY,NOT APPLICABLE,4323,N,MILWAUKEE AVE,2,NO INDICATION OF INJURY,0.0,0.0,0.0,0.0,0.0,2.0,0.0,17,5,8
7b606e5b7404fd7703e36e0cf3887fd9874c6dfdadf4be3c0024ed7b853d8d208474be75204cf22dd6aedfb28816c70f869441423523593f63df3f54d4803b34,2023-02-18 12:30:00,25,TRAFFIC SIGNAL,FUNCTIONING PROPERLY,CLEAR,DAYLIGHT,SIDESWIPE SAME DIRECTION,NOT DIVIDED,STRAIGHT AND LEVEL,DRY,NO DEFECTS,NO INJURY / DRIVE AWAY,"OVER $1,500",NOT APPLICABLE,UNABLE TO DETERMINE,1400,E,47TH DR,2,NO INDICATION OF INJURY,0.0,0.0,0.0,0.0,0.0,2.0,0.0,12,7,2
213a8bd93dbd2778b7eb397b84e791ceaf70f765bf1130f83b18680860fec24428b41af402d5ed541611f7768aedc5419ef1b819c690240a94338a241dcb6c8c,2020-03-27 11:00:00,30,NO CONTROLS,NO CONTROLS,CLEAR,DAYLIGHT,PARKED MOTOR VEHICLE,ONE-WAY,STRAIGHT AND LEVEL,DRY,NO DEFECTS,NO INJURY / DRIVE AWAY,"OVER $1,500",UNABLE TO DETERMINE,UNABLE TO DETERMINE,6722,S,LAFAYETTE AVE,2,NO INDICATION OF INJURY,0.0,0.0,0.0,0.0,0.0,1.0,0.0,11,6,3
a7a82c19bdc35dfb5871b9a85b45f706d6805a88565d5b6f6c3ae3d0a6e3885058e2ab4199b0d30d73afb18d69ef5a4cb805d60ad942c9d70d51af1c21baaf5f,2023-09-25 07:45:00,30,STOP SIGN/FLASHER,FUNCTIONING PROPERLY,RAIN,DAYLIGHT,TURNING,FOUR WAY,STRAIGHT AND LEVEL,WET,NO DEFECTS,INJURY AND / OR TOW DUE TO CRASH,"OVER $1,500",DISREGARDING STOP SIGN,NOT APPLICABLE,4100,W,83RD ST,2,NO INDICATION OF INJURY,0.0,0.0,0.0,0.0,0.0,2.0,0.0,7,2,9
96280b93ed6cc44d606af0b0d96fc7ed09852cbc9b9b7adda97ef38ee97aa1245cbbb7845ea0a580080dd50cb5e8bb84df11864a8dd7f490b57eb9fcf442909f,2018-05-22 05:01:00,35,TRAFFIC SIGNAL,FUNCTIONING PROPERLY,CLEAR,DAWN,ANGLE,OTHER,STRAIGHT AND LEVEL,DRY,NO DEFECTS,INJURY AND / OR TOW DUE TO CRASH,"OVER $1,500",DISREGARDING TRAFFIC SIGNALS,NOT APPLICABLE,201,W,GARFIELD BLVD,2,NO INDICATION OF INJURY,0.0,0.0,0.0,0.0,0.0,2.0,0.0,5,3,5
3b7ef0b34e2f6fe281dbc200caaf2f77b811c12bf3df6fa819f8c26e66e4f238a87b268d202eb173d31215e32d202e8cad785810e00043833f30a8c2257bfaad,2019-10-25 07:00:00,30,STOP SIGN/FLASHER,FUNCTIONING PROPERLY,CLEAR,DAWN,SIDESWIPE SAME DIRECTION,DIVIDED - W/MEDIAN (NOT RAISED),STRAIGHT AND LEVEL,DRY,NO DEFECTS,NO INJURY / DRIVE AWAY,$500 OR LESS,RELATED TO BUS STOP,NOT APPLICABLE,800,W,79TH ST,2,NO INDICATION OF INJURY,0.0,0.0,0.0,0.0,0.0,3.0,0.0,7,6,10
8eda87447f422c5173d308cd861edec5b4545725518d38988d3cc9e6f5c2996a16a4bca3a99f9bff7be05a923b423d97d9fca5591f803f463067c02171d69c04,2018-06-29 18:19:00,30,NO CONTROLS,NO CONTROLS,CLEAR,DAYLIGHT,REAR END,NOT DIVIDED,STRAIGHT AND LEVEL,DRY,NO DEFECTS,INJURY AND / OR TOW DUE TO CRASH,$500 OR LESS,FAILING TO REDUCE SPEED TO AVOID CRASH,NOT APPLICABLE,5532,W,WASHINGTON BLVD,2,"REPORTED, NOT EVIDENT",1.0,0.0,0.0,0.0,1.0,1.0,0.0,18,6,6
29de4b372370e48a8ee341a3666d19aea8963e436347f64dc1bd1c9986e21e7520a44089920af1f310eec7558c26e6d6e0fcf445508f02a18b72a8f4b23629ef,2017-10-21 23:34:00,30,NO CONTROLS,NO CONTROLS,CLEAR,"DARKNESS, LIGHTED ROAD",REAR END,PARKING LOT,STRAIGHT AND LEVEL,DRY,NO DEFECTS,NO INJURY / DRIVE AWAY,$500 OR LESS,UNDER THE INFLUENCE OF ALCOHOL/DRUGS (USE WHEN ARREST IS EFFECTED),FAILING TO REDUCE SPEED TO AVOID CRASH,3212,W,ADDISON ST,2,NO INDICATION OF INJURY,0.0,0.0,0.0,0.0,0.0,2.0,0.0,23,7,10
f864fee20bb9647e7da8a2f9306f55359eff8f4a383fc804fd1053f33e0a7f1af116391c6aa842889a632a1607a65a8b4bedc4a7dd9189f62eb95458f0e16ca0,2022-03-25 12:00:00,30,NO CONTROLS,NO CONTROLS,CLEAR,DAYLIGHT,SIDESWIPE SAME DIRECTION,NOT DIVIDED,STRAIGHT AND LEVEL,DRY,UNKNOWN,INJURY AND / OR TOW DUE TO CRASH,"OVER $1,500",DRIVING SKILLS/KNOWLEDGE/EXPERIENCE,NOT APPLICABLE,3146,W,WILSON AVE,2,NO INDICATION OF INJURY,0.0,0.0,0.0,0.0,0.0,2.0,0.0,12,6,3
60b491ddb28017093bc88fb8672ef61a93325a3b43e1538c8e85bdec1941d9c4e2f171b26c9f495deed735eb96f53137ba06b9f1a1879913e7730912152d13e8,2017-07-09 01:54:00,35,NO CONTROLS,NO CONTROLS,CLEAR,"DARKNESS, LIGHTED ROAD",FIXED OBJECT,NOT DIVIDED,STRAIGHT AND LEVEL,DRY,NO DEFECTS,INJURY AND / OR TOW DUE TO CRASH,"OVER $1,500",UNABLE TO DETERMINE,NOT APPLICABLE,5002,W,HARRISON ST,1,FATAL,6.0,1.0,5.0,0.0,0.0,0.0,0.0,1,1,7
5dbacc97e2c5603bfef9a9f22fa32aff74c9e1ebd4839605296d9fd9a6be63253f709083b57c5c9f00f4d6684864ebd677c11d9f7d172c17032b778eaff370e2,2019-01-28 07:00:00,30,TRAFFIC SIGNAL,FUNCTIONING PROPERLY,SNOW,DAWN,TURNING,NOT DIVIDED,STRAIGHT AND LEVEL,SNOW OR SLUSH,UNKNOWN,NO INJURY / DRIVE AWAY,"$501 - $1,500",DRIVING SKILLS/KNOWLEDGE/EXPERIENCE,NOT APPLICABLE,281,W,FULLERTON DR,3,NO INDICATION OF INJURY,0.0,0.0,0.0,0.0,0.0,3.0,0.0,7,2,1
5b4c7be5b836b104b4fc5bb1f4623101c57f8b40fd686e767ee7aa0f3489f17478932c64180535003d813d66ae7f4be13bea64fe54c4809c8058d7e26812aee9,2018-12-27 03:40:00,30,NO CONTROLS,NO CONTROLS,CLEAR,DARKNESS,PARKED MOTOR VEHICLE,NOT DIVIDED,STRAIGHT AND LEVEL,DRY,NO DEFECTS,NO INJURY / DRIVE AWAY,$500 OR LESS,FAILING TO REDUCE SPEED TO AVOID CRASH,NOT APPLICABLE,3717,W,OHIO ST,2,NO INDICATION OF INJURY,0.0,0.0,0.0,0.0,0.0,2.0,0.0,3,5,12
0c4974567cd824f680548533252a13c2f74319af2cc2f0bc93205bb73b9a65a752aa1c862bd3781b76a648dcbbdcf8236ecc43f135b977323a252c8499440cf3,2022-12-09 14:20:00,30,TRAFFIC SIGNAL,FUNCTIONING PROPERLY,RAIN,DAYLIGHT,REAR END,NOT DIVIDED,STRAIGHT AND LEVEL,WET,NO DEFECTS,NO INJURY / DRIVE AWAY,"$501 - $1,500",FOLLOWING TOO CLOSELY,NOT APPLICABLE,1998,W,PRATT BLVD,2,NO INDICATION OF INJURY,0.0,0.0,0.0,0.0,0.0,2.0,0.0,14,6,12
b6e39bce5a5d040d0a6c30a641bc7be944e379be01fe38133f98fb2d1b5f565cc26e7e6e4b3e6718ccfafca24f3e7cab4d985f76092437c28c09862395a6a33a,2023-11-01 14:30:00,30,UNKNOWN,UNKNOWN,UNKNOWN,DAYLIGHT,TURNING,FOUR WAY,STRAIGHT AND LEVEL,UNKNOWN,UNKNOWN,NO INJURY / DRIVE AWAY,"OVER $1,500",UNABLE TO DETERMINE,UNABLE TO DETERMINE,631,N,CLARK ST,2,NO INDICATION OF INJURY,0.0,0.0,0.0,0.0,0.0,2.0,0.0,14,4,11
6fda921077a6f40b50e3040ddabbca12315e0675a9661e7eb6fab4a9aec3e192c4a1f60f3abc2ea15bc3e6e592a8f75a875a3f353b72c44245a1eab272c84ca2,2020-03-06 16:10:00,15,NO CONTROLS,NO CONTROLS,CLEAR,DAYLIGHT,ANGLE,ALLEY,STRAIGHT AND LEVEL,DRY,NO DEFECTS,NO INJURY / DRIVE AWAY,$500 OR LESS,UNABLE TO DETERMINE,NOT APPLICABLE,5914,W,GRAND AVE,2,NO INDICATION OF INJURY,0.0,0.0,0.0,0.0,0.0,2.0,0.0,16,6,3
8a9daf95030fda364ce098898126b2b76a0f458eacc59739e2d1eaca912276762b563c3faac6a1264385efe644c752fe5cf6c8d10dcf4e158898c273e10a9546,2020-07-09 13:54:00,15,NO CONTROLS,NO CONTROLS,CLEAR,DAYLIGHT,PARKED MOTOR VEHICLE,ALLEY,STRAIGHT AND LEVEL,DRY,NO DEFECTS,INJURY AND / OR TOW DUE TO CRASH,"OVER $1,500",IMPROPER OVERTAKING/PASSING,FAILING TO REDUCE SPEED TO AVOID CRASH,3836,N,HAMLIN AVE,2,NO INDICATION OF INJURY,0.0,0.0,0.0,0.0,0.0,2.0,0.0,13,5,7
9fdafd7151113839ecc7a3b28f91a0dcf564c48d9832ecb3b3b46b68b4fecfeb94af32942d0d81375c4f6352508d552a99bd7a94a307e4c94c09dce4787f6e7a,2019-03-30 22:37:00,35,NO CONTROLS,NO CONTROLS,CLEAR,"DARKNESS, LIGHTED ROAD",SIDESWIPE SAME DIRECTION,NOT DIVIDED,STRAIGHT AND LEVEL,DRY,NO DEFECTS,NO INJURY / DRIVE AWAY,"$501 - $1,500",IMPROPER LANE USAGE,IMPROPER LANE USAGE,5820,N,RIDGE AVE,2,NO INDICATION OF INJURY,0.0,0.0,0.0,0.0,0.0,4.0,0.0,22,7,3
b3e7f8bbccab9540d7e6a0e4358f131ba91233fd840632b3f6970e403b311b7c88e9801bb6d93bf23c47d1508b79b17c5cd5cd0a10dde62458f9b9004e3be473,2017-06-30 18:00:00,35,NO CONTROLS,NO CONTROLS,CLEAR,DAYLIGHT,REAR END,DIVIDED - W/MEDIAN (NOT RAISED),STRAIGHT AND LEVEL,DRY,NO DEFECTS,INJURY AND / OR TOW DUE TO CRASH,"OVER $1,500",FOLLOWING TOO CLOSELY,UNABLE TO DETERMINE,2932,W,FOSTER AVE,2,NO INDICATION OF INJURY,0.0,0.0,0.0,0.0,0.0,2.0,0.0,18,6,6
89131b4ae4eb120edb76f3715f13570c3502f7f10a6b4535c01f17da9ef9f4982a98ab8202c8073ee79586eb21afad88b1ee9d451fc1fec81a9d6f27f3cc0ec1,2019-05-24 12:05:00,30,UNKNOWN,UNKNOWN,CLEAR,DAYLIGHT,PEDALCYCLIST,NOT DIVIDED,STRAIGHT AND LEVEL,DRY,NO DEFECTS,INJURY AND / OR TOW DUE TO CRASH,$500 OR LESS,UNABLE TO DETERMINE,NOT APPLICABLE,3833,W,LAWRENCE AVE,2,NONINCAPACITATING INJURY,1.0,0.0,0.0,1.0,0.0,1.0,0.0,12,6,5
a921f93cc7e1527e74dce249b3ac01a8e6595d41b3e41aad68bfbce2f38dffd3e6b1db48b5e755bf154eeff8c510ac0585f6904e26ad57c8a659c7c66e1f70d6,2019-02-10 17:40:00,30,TRAFFIC SIGNAL,FUNCTIONING PROPERLY,RAIN,"DARKNESS, LIGHTED ROAD",REAR END,DIVIDED - W/MEDIAN (NOT RAISED),STRAIGHT AND LEVEL,WET,NO DEFECTS,NO INJURY / DRIVE AWAY,"OVER $1,500",FOLLOWING TOO CLOSELY,DRIVING SKILLS/KNOWLEDGE/EXPERIENCE,4010,N,PULASKI RD,3,NO INDICATION OF INJURY,0.0,0.0,0.0,0.0,0.0,3.0,0.0,17,1,2
ccfda67f5bddcec2eb27a3e237f481ef03435ff71a043c29f7cdd3466f22a78df4f5f53f371ff490ca7e53f3de516fc1920925020d12a394bf6dab184020a1fa,2022-04-08 15:00:00,30,TRAFFIC SIGNAL,FUNCTIONING PROPERLY,RAIN,DAYLIGHT,TURNING,UNKNOWN INTERSECTION TYPE,STRAIGHT AND LEVEL,WET,NO DEFECTS,NO INJURY / DRIVE AWAY,"$501 - $1,500",IMPROPER TURNING/NO SIGNAL,FAILING TO REDUCE SPEED TO AVOID CRASH,1600,E,95TH ST,2,NO INDICATION OF INJURY,0.0,0.0,0.0,0.0,0.0,3.0,0.0,15,6,4
268114bb9ad7796faed7909e0b16e28d39349c5fda36310e9cd5980d639153ae210908c1ee9553289a0242ccaa404192b007a2291fdeeeaf4980a80fa0aab688,2016-05-01 14:45:00,30,NO CONTROLS,NO CONTROLS,CLEAR,DAYLIGHT,SIDESWIPE SAME DIRECTION,ONE-WAY,STRAIGHT AND LEVEL,DRY,NO DEFECTS,NO INJURY / DRIVE AWAY,"OVER $1,500",UNABLE TO DETERMINE,NOT APPLICABLE,637,S,DEARBORN ST,2,NO INDICATION OF INJURY,0.0,0.0,0.0,0.0,0.0,2.0,0.0,14,1,5
0a445a37b420fbef137bbe580dc952641c1ec9a5c53d0812258a03622234d48f9aeb91c31702b032647dfe6c2f735db3a6b1439bffb4bb1e386703987b8504f1,2023-03-09 19:52:00,30,NO CONTROLS,NO CONTROLS,RAIN,DARKNESS,SIDESWIPE OPPOSITE DIRECTION,NOT DIVIDED,STRAIGHT AND LEVEL,WET,UNKNOWN,INJURY AND / OR TOW DUE TO CRASH,"OVER $1,500",UNABLE TO DETERMINE,UNABLE TO DETERMINE,3909,S,WESTERN BLVD,2,NO INDICATION OF INJURY,0.0,0.0,0.0,0.0,0.0,2.0,0.0,19,5,3
220f5726d7b791b8e39a8070d51d4f5c775400dbcbbc11032a086fc3359697aa1af6c06feb7e10e213385eb0fa786728586f86895e467e3bdec94b0c50588ad9,2018-09-04 17:51:00,25,NO CONTROLS,NO CONTROLS,CLEAR,DAYLIGHT,PARKED MOTOR VEHICLE,ONE-WAY,STRAIGHT AND LEVEL,DRY,NO DEFECTS,NO INJURY / DRIVE AWAY,"$501 - $1,500",NOT APPLICABLE,NOT APPLICABLE,2708,W,FLOURNOY ST,2,NO INDICATION OF INJURY,0.0,0.0,0.0,0.0,0.0,1.0,0.0,17,3,9