CRASH_RECORD_ID,CRASH_DATE,POSTED_SPEED_LIMIT,TRAFFIC_CONTROL_DEVICE,DEVICE_CONDITION,WEATHER_CONDITION,LIGHTING_CONDITION,FIRST_CRASH_TYPE,TRAFFICWAY_TYPE,ALIGNMENT,ROADWAY_SURFACE_COND,ROAD_DEFECT,CRASH_TYPE,DAMAGE,PRIM_CONTRIBUTORY_CAUSE,SEC_CONTRIBUTORY_CAUSE,STREET_NO,STREET_DIRECTION,STREET_NAME,NUM_UNITS,MOST_SEVERE_INJURY,INJURIES_TOTAL,INJURIES_FATAL,INJURIES_INCAPACITATING,INJURIES_NON_INCAPACITATING,INJURIES_REPORTED_NOT_EVIDENT,INJURIES_NO_INDICATION,INJURIES_UNKNOWN,CRASH_HOUR,CRASH_DAY_OF_WEEK,CRASH_MONTH
8aeaeb7bbbdfcd3b22b138b1ffce720d28ae636bd6eecf61e43550aa7ad5a9ac34e99532ba052fe89b02eed66a77f6c5c0772e159d0855c47778ce3665f644bb,2021-11-11 16:41:00,30,NO CONTROLS,NO CONTROLS,CLEAR,DARKNESS,SIDESWIPE OPPOSITE DIRECTION,DIVIDED - W/MEDIAN (NOT RAISED),STRAIGHT AND LEVEL,DRY,NO DEFECTS,NO INJURY / DRIVE AWAY,"$501 - $1,500",IMPROPER LANE USAGE,IMPROPER OVERTAKING/PASSING,301,E,75TH ST,2,NO INDICATION OF INJURY,0.0,0.0,0.0,0.0,0.0,2.0,0.0,16,5,11
c97307e565c5eb98fc71dac1a00dda56692471dbd458623bde8a749db0e013c180372023982cca48d0d93b6d538fc38710f4a334c095bd10bc74bf3b1aa65820,2015-12-11 14:35:00,30,TRAFFIC SIGNAL,FUNCTIONING PROPERLY,CLEAR,DAYLIGHT,TURNING,DIVIDED - W/MEDIAN (NOT RAISED),STRAIGHT AND LEVEL,DRY,NO DEFECTS,NO INJURY / DRIVE AWAY,"OVER $1,500",FAILING TO YIELD RIGHT-OF-WAY,FAILING TO YIELD RIGHT-OF-WAY,1,S,KOSTNER AVE,2,NO INDICATION OF INJURY,0.0,0.0,0.0,0.0,0.0,2.0,0.0,14,6,12
4c59b6ac4d261ba26ec827172e18d98b6f8b37bc324c98943da1626d000ca94ae4468399ef68f7459f5b81f76f71b97679fe5f9cdf5e8609bca580ed53c003be,2020-03-26 17:15:00,30,TRAFFIC SIGNAL,FUNCTIONING PROPERLY,CLEAR,DAYLIGHT,REAR END,NOT DIVIDED,STRAIGHT AND LEVEL,DRY,NO DEFECTS,NO INJURY / DRIVE AWAY,"OVER $1,500",FOLLOWING TOO CLOSELY,FOLLOWING TOO CLOSELY,1600,W,MARQUETTE RD,2,NO INDICATION OF INJURY,0.0,0.0,0.0,0.0,0.0,2.0,0.0,17,5,3
85e385af6f0a7ae7e7dcbefb312ad4fa3c9074819ba7d5af409c2be7b905487e2c3d4b1e4714f6dfdddba913d470f7ba81c88a78e31797c3e0f8ea2093fb451a,2018-09-02 15:00:00,30,NO CONTROLS,NO CONTROLS,CLEAR,DAYLIGHT,SIDESWIPE SAME DIRECTION,DIVIDED - W/MEDIAN (NOT RAISED),STRAIGHT AND LEVEL,DRY,NO DEFECTS,NO INJURY / DRIVE AWAY,"OVER $1,500",UNABLE TO DETERMINE,UNABLE TO DETERMINE,643,W,WILSON DR,2,NO INDICATION OF INJURY,0.0,0.0,0.0,0.0,0.0,2.0,0.0,15,1,9
14caff378e110ce8bec2521f62eb2cab65f325d46a33afae25c49d6583c05900d1cf2a4f2f600e59ce4bd3f7a0882287e47524f72315e9f1ab3e171e54c61427,2016-11-28 15:25:00,30,NO CONTROLS,NO CONTROLS,RAIN,DAYLIGHT,REAR END,NOT DIVIDED,STRAIGHT AND LEVEL,DRY,NO DEFECTS,NO INJURY / DRIVE AWAY,"OVER $1,500",NOT APPLICABLE,NOT APPLICABLE,3200,S,KOLIN AVE,2,NO INDICATION OF INJURY,0.0,0.0,0.0,0.0,0.0,2.0,0.0,15,2,11
27852cc13efe0d3355ff0a7bb649092ce278a412c18e998bd62c2034cc28c50dff0de394d492de07d753f55a0da1d9f6e00f2d60fc8414dcdc918f178995a127,2016-04-19 16:00:00,30,TRAFFIC SIGNAL,FUNCTIONING PROPERLY,CLEAR,DAYLIGHT,SIDESWIPE SAME DIRECTION,DIVIDED - W/MEDIAN (NOT RAISED),STRAIGHT AND LEVEL,DRY,NO DEFECTS,NO INJURY / DRIVE AWAY,"$501 - $1,500",FAILING TO YIELD RIGHT-OF-WAY,NOT APPLICABLE,1649,E,55TH ST,2,NO INDICATION OF INJURY,0.0,0.0,0.0,0.0,0.0,2.0,0.0,16,3,4
c4debb695a4132e57e90a0a4685b282faceefe1db60a61ab2ba17ab7f92620b236d29f5c74f76a54a46397588e9a04304ae8f248b577094f41347dcbdfda9baa,2023-03-31 20:40:00,30,TRAFFIC SIGNAL,FUNCTIONING PROPERLY,RAIN,DARKNESS,ANGLE,NOT DIVIDED,STRAIGHT AND LEVEL,WET,NO DEFECTS,NO INJURY / DRIVE AWAY,"OVER $1,500",UNABLE TO DETERMINE,NOT APPLICABLE,3134,N,SHERIDAN RD,2,NO INDICATION OF INJURY,0.0,0.0,0.0,0.0,0.0,2.0,0.0,20,6,3
004a5dbe034f2817980c1b1f92796aad17b1c40079348a96ee0de80e417ce9145feb33b59a99e68cf04f6e8b7bfeddbb1cf066da4fedfdb963126254782e8b28,2022-09-20 20:02:00,30,NO CONTROLS,NO CONTROLS,CLEAR,"DARKNESS, LIGHTED ROAD",TURNING,NOT DIVIDED,STRAIGHT AND LEVEL,DRY,NO DEFECTS,INJURY AND / OR TOW DUE TO CRASH,"OVER $1,500",IMPROPER TURNING/NO SIGNAL,NOT APPLICABLE,11500,S,PRAIRIE AVE,2,NO INDICATION OF INJURY,0.0,0.0,0.0,0.0,0.0,2.0,0.0,20,3,9
8fa4afe23195d38f472234ed0917cc9e2a2a7b6cd5e45e2bd7a611c36f91f95d977fa9bcede93d29acb1e5f51854e4a0c8c884e454c102b546ea8885fe6bc843,2024-04-05 14:22:00,30,STOP SIGN/FLASHER,FUNCTIONING PROPERLY,CLEAR,DAYLIGHT,REAR END,NOT DIVIDED,STRAIGHT AND LEVEL,DRY,NO DEFECTS,INJURY AND / OR TOW DUE TO CRASH,"OVER $1,500",UNABLE TO DETERMINE,NOT APPLICABLE,6500,S,COTTAGE GROVE AVE,2,NO INDICATION OF INJURY,0.0,0.0,0.0,0.0,0.0,3.0,0.0,14,6,4
190890cc6fd6d5fb78af82708c96bd7f0aed4497528a87e0fd8d0ddc1c0a29ab45755f7a0a7cb5040b71133f8e56475dbacb3f4ebed7ddfe3c87ed3956ee1dec,2021-05-16 18:41:00,30,TRAFFIC SIGNAL,FUNCTIONING PROPERLY,CLEAR,DAYLIGHT,ANIMAL,NOT DIVIDED,STRAIGHT AND LEVEL,DRY,NO DEFECTS,NO INJURY / DRIVE AWAY,"OVER $1,500",ANIMAL,NOT APPLICABLE,3599,W,FIFTH AVE,1,NO INDICATION OF INJURY,0.0,0.0,0.0,0.0,0.0,1.0,0.0,18,1,5
4cb025e86a88162edc7a78e447fcc4ca13de115638df9575c7a0842cee6c1b622cbceb908b79961da08a35eb06b1fda978c9c8262f1c3441eff70861cd66f8ab,2021-10-03 14:30:00,30,NO CONTROLS,NO CONTROLS,CLEAR,DAYLIGHT,SIDESWIPE SAME DIRECTION,NOT DIVIDED,STRAIGHT AND LEVEL,DRY,NO DEFECTS,NO INJURY / DRIVE AWAY,"$501 - $1,500",UNABLE TO DETERMINE,NOT APPLICABLE,116,W,CERMAK RD,2,NO INDICATION OF INJURY,0.0,0.0,0.0,0.0,0.0,2.0,0.0,14,1,10
070fc678109ce8104fbf2b35a4ceace62fa7dc3fb96e19ea4940c75951e82458e6cac5fd0c65a1b969ddd2f85efbf6b66abe9b037df865cb3b94e7d2d7800e7d,2018-03-09 18:20:00,30,TRAFFIC SIGNAL,FUNCTIONING PROPERLY,CLEAR,DARKNESS,PEDALCYCLIST,DIVIDED - W/MEDIAN (NOT RAISED),STRAIGHT AND LEVEL,DRY,NO DEFECTS,INJURY AND / OR TOW DUE TO CRASH,"$501 - $1,500",FAILING TO YIELD RIGHT-OF-WAY,UNABLE TO DETERMINE,1701,N,DAMEN AVE,2,INCAPACITATING INJURY,1.0,0.0,1.0,0.0,0.0,1.0,0.0,18,6,3
6d178c190d5142068d4e66915c98c18fdabc91d533faad245cf1b46285df2e45db5b5b54e8f85546508a2f472a1d3d5fea5268b555438ea323f8d582600db270,2019-07-25 13:45:00,30,STOP SIGN/FLASHER,FUNCTIONING IMPROPERLY,CLEAR,DAYLIGHT,PEDESTRIAN,FOUR WAY,STRAIGHT AND LEVEL,DRY,NO DEFECTS,INJURY AND / OR TOW DUE TO CRASH,$500 OR LESS,NOT APPLICABLE,NOT APPLICABLE,2900,W,LAKE ST,2,NONINCAPACITATING INJURY,1.0,0.0,0.0,1.0,0.0,2.0,0.0,13,5,7
7d452dd1f3f2878bdca490a4e6ce2d9feded738ca002df623707cad10ced33b087ea932998a9b6a05365bf115b71516f71648cbf67a6b47e5b361a361aebefcf,2017-06-17 15:30:00,20,NO CONTROLS,NO CONTROLS,CLEAR,DAYLIGHT,TURNING,DIVIDED - W/MEDIAN (NOT RAISED),STRAIGHT AND LEVEL,DRY,NO DEFECTS,NO INJURY / DRIVE AWAY,$500 OR LESS,IMPROPER TURNING/NO SIGNAL,UNABLE TO DETERMINE,7465,S,SOUTH SHORE DR,2,NO INDICATION OF INJURY,0.0,0.0,0.0,0.0,0.0,2.0,0.0,15,7,6
d9a12842915b8f7496254eaf2130a8938cb3181d5d08011c7449403879dd9bfcd68110a073cb2eb185d8c565ef946054855e1c13cf0241cbc38faad166315a33,2022-05-23 15:00:00,30,UNKNOWN,UNKNOWN,UNKNOWN,DAYLIGHT,SIDESWIPE SAME DIRECTION,NOT DIVIDED,STRAIGHT AND LEVEL,UNKNOWN,UNKNOWN,NO INJURY / DRIVE AWAY,"OVER $1,500",UNABLE TO DETERMINE,NOT APPLICABLE,360,W,BELMONT AVE,2,NO INDICATION OF INJURY,0.0,0.0,0.0,0.0,0.0,2.0,0.0,15,2,5
23f27ac4e9b051c79ce5fbbad8bf15be1e9973460ec4e82ccec9b912c4bdb8b38cd209f79ebf1b34230944aa83522617486331848d08203d31a1b64425f64dfd,2023-09-04 10:49:00,30,NO CONTROLS,NO CONTROLS,CLEAR,DAYLIGHT,REAR TO SIDE,DIVIDED - W/MEDIAN (NOT RAISED),STRAIGHT AND LEVEL,DRY,NO DEFECTS,NO INJURY / DRIVE AWAY,"OVER $1,500",UNABLE TO DETERMINE,UNABLE TO DETERMINE,1830,N,KOSTNER AVE,2,NO INDICATION OF INJURY,0.0,0.0,0.0,0.0,0.0,2.0,0.0,10,2,9
534cfc5f2c6a8d0d90652b49643e1119b28c7da2c1faf0d3bb9ad0a1d7f974ca40381d117b4a431559f4077ac0aad5c95abb7abb6878ea5f40de455348acd1f3,2017-04-29 01:30:00,30,UNKNOWN,UNKNOWN,CLEAR,UNKNOWN,PARKED MOTOR VEHICLE,ONE-WAY,STRAIGHT AND LEVEL,DRY,UNKNOWN,NO INJURY / DRIVE AWAY,"$501 - $1,500",UNABLE TO DETERMINE,NOT APPLICABLE,2549,W,62ND ST,2,NO INDICATION OF INJURY,0.0,0.0,0.0,0.0,0.0,1.0,0.0,1,7,4
a35d463d2a9f05cddcd3fefe82633f66873ca3f2f514a9fe88382cd64ac2fd0ace45f937c7d26a03df3bd9a9f6c901ea58e16ad3135cab81f83b0208b057620d,2023-09-12 16:15:00,30,TRAFFIC SIGNAL,FUNCTIONING PROPERLY,CLEAR,DAYLIGHT,SIDESWIPE SAME DIRECTION,DIVIDED - W/MEDIAN BARRIER,STRAIGHT AND LEVEL,DRY,UNKNOWN,NO INJURY / DRIVE AWAY,"OVER $1,500",NOT APPLICABLE,IMPROPER LANE USAGE,4758,W,LAKE ST,2,NO INDICATION OF INJURY,0.0,0.0,0.0,0.0,0.0,2.0,0.0,16,3,9
efaa807a23fa58f08e9d66306ecc01d69a862a48127747c14be6b87eb98d0df211466f7c90c6c049f3d184efc562b8a59e65d8e26570fb23b19ce67e6ef682bf,2017-05-12 18:15:00,30,UNKNOWN,UNKNOWN,UNKNOWN,UNKNOWN,PARKED MOTOR VEHICLE,ONE-WAY,STRAIGHT AND LEVEL,UNKNOWN,UNKNOWN,NO INJURY / DRIVE AWAY,"OVER $1,500",IMPROPER OVERTAKING/PASSING,NOT APPLICABLE,4819,W,NELSON ST,2,NO INDICATION OF INJURY,0.0,0.0,0.0,0.0,0.0,1.0,0.0,18,6,5
85d7b07eb424f0f9748cd4425deb44010ca3a640476efa4435387b14b704a4f838ae1c01c2840eede339514c8a1df7f600c731b2f7bb8691595c5e7cc064bff6,2021-03-16 16:40:00,30,STOP SIGN/FLASHER,FUNCTIONING PROPERLY,CLEAR,DAYLIGHT,SIDESWIPE SAME DIRECTION,FOUR WAY,STRAIGHT AND LEVEL,DRY,NO DEFECTS,NO INJURY / DRIVE AWAY,"OVER $1,500","OPERATING VEHICLE IN ERRATIC, RECKLESS, CARELESS, NEGLIGENT OR AGGRESSIVE MANNER",DRIVING ON WRONG SIDE/WRONG WAY,6401,W,54TH ST,2,NO INDICATION OF INJURY,0.0,0.0,0.0,0.0,0.0,2.0,0.0,16,3,3
e5647064173043f07832f269fc10c2377badfe59cc640a000074d32323367de962a7c954274d2dfb90f835f3ff3d7b9ee2bd556e4c0a5e9f46e1adfc5f499199,2020-07-16 09:04:00,30,TRAFFIC SIGNAL,FUNCTIONING PROPERLY,CLEAR,DAYLIGHT,SIDESWIPE SAME DIRECTION,FOUR WAY,STRAIGHT AND LEVEL,DRY,NO DEFECTS,NO INJURY / DRIVE AWAY,"OVER $1,500",IMPROPER OVERTAKING/PASSING,IMPROPER LANE USAGE,1601,W,ROOSEVELT RD,2,NO INDICATION OF INJURY,0.0,0.0,0.0,0.0,0.0,2.0,0.0,9,5,7
17c6eddf7ad1cb81d2163428f46cb26a3b976dd816f419a974b37d04e82980be22374bbcc9337d3e7221d87cac349f74f9c7b46714e4eb62415f5826e7816fff,2019-07-05 16:50:00,30,TRAFFIC SIGNAL,FUNCTIONING PROPERLY,CLEAR,DAYLIGHT,ANGLE,NOT DIVIDED,STRAIGHT AND LEVEL,DRY,UNKNOWN,NO INJURY / DRIVE AWAY,"OVER $1,500",IMPROPER LANE USAGE,NOT APPLICABLE,2200,W,CERMAK RD,2,NO INDICATION OF INJURY,0.0,0.0,0.0,0.0,0.0,2.0,0.0,16,6,7
f788f1dbf0f0f5473e1bc495f32798c503c106d0ff795ffae3c43a4da26ef7e8b65c052e8b31a2bc89ca6f6b8ca736160ca06546ae2d2779c7b6d86a52406487,2023-08-01 18:15:00,30,NO CONTROLS,NO CONTROLS,CLEAR,DAYLIGHT,PARKED MOTOR VEHICLE,NOT DIVIDED,STRAIGHT AND LEVEL,DRY,UNKNOWN,NO INJURY / DRIVE AWAY,"OVER $1,500",UNABLE TO DETERMINE,UNABLE TO DETERMINE,2147,W,95TH ST,2,NO INDICATION OF INJURY,0.0,0.0,0.0,0.0,0.0,1.0,0.0,18,3,8
79d0da1118f6afe291540c3e4623aee39bf66f6ba9580d2717feb6a02c561d70f3fea842934849744fdbad2e0de0b561896ac574b481257e65fc29a3fc3582bd,2017-04-20 21:30:00,30,NO CONTROLS,NO CONTROLS,CLEAR,"DARKNESS, LIGHTED ROAD",FIXED OBJECT,DIVIDED - W/MEDIAN (NOT RAISED),STRAIGHT AND LEVEL,DRY,NO DEFECTS,NO INJURY / DRIVE AWAY,"OVER $1,500",NOT APPLICABLE,NOT APPLICABLE,958,N,LOREL AVE,2,NO INDICATION OF INJURY,0.0,0.0,0.0,0.0,0.0,1.0,0.0,21,5,4
385f3d02ea86ca9e0cf19b27be6ddc4490d8c968e3062a6c09eb6299663ac5e2fccc471f77e3d93db7e87642ffffd1638bd45982eae61242715350843b6cf7ed,2022-12-08 02:30:00,25,NO CONTROLS,NO CONTROLS,CLEAR,"DARKNESS, LIGHTED ROAD",PARKED MOTOR VEHICLE,ONE-WAY,STRAIGHT AND LEVEL,DRY,NO DEFECTS,INJURY AND / OR TOW DUE TO CRASH,"OVER $1,500",UNABLE TO DETERMINE,NOT APPLICABLE,5211,W,RACE AVE,2,"REPORTED, NOT EVIDENT",2.0,0.0,0.0,0.0,2.0,1.0,0.0,2,5,12
93894d64c5c8f7b7884755f133a746262ee6835d913426048284ccd87e8695dfb907f673427a3d63b89329a8029e00e45c377ebdbb966ae5d75738eb37210108,2024-02-28 18:13:00,30,TRAFFIC SIGNAL,FUNCTIONING PROPERLY,CLEAR,"DARKNESS, LIGHTED ROAD",TURNING,FOUR WAY,STRAIGHT AND LEVEL,DRY,UNKNOWN,NO INJURY / DRIVE AWAY,"OVER $1,500",DISREGARDING TRAFFIC SIGNALS,NOT APPLICABLE,5600,N,CENTRAL AVE,2,NO INDICATION OF INJURY,0.0,0.0,0.0,0.0,0.0,3.0,0.0,18,4,2
0b035a160c560f34c884e88aa4ba6c604386d90e6899a4056a6b41edcdbb2087eedb9a1497c92b5ed6b41b4a0a20f535aecc9736eb3cd477ec54fc4548a162f4,2017-05-17 22:40:00,30,TRAFFIC SIGNAL,FUNCTIONING PROPERLY,CLEAR,"DARKNESS, LIGHTED ROAD",TURNING,DIVIDED - W/MEDIAN BARRIER,STRAIGHT AND LEVEL,DRY,NO DEFECTS,NO INJURY / DRIVE AWAY,"OVER $1,500",DISREGARDING TRAFFIC SIGNALS,DRIVING SKILLS/KNOWLEDGE/EXPERIENCE,11100,S,HALSTED ST,2,NO INDICATION OF INJURY,0.0,0.0,0.0,0.0,0.0,2.0,0.0,22,4,5
659811d52da5ef77d4fd605ff1d266572192a68a3dd643ae0dd53ebb73d1bfd476199447f086bf8c710719cee422b71cad18752944c18f651548640e487fdd81,2021-08-28 14:45:00,30,NO CONTROLS,NO CONTROLS,CLEAR,DAYLIGHT,FIXED OBJECT,NOT DIVIDED,STRAIGHT AND LEVEL,DRY,UNKNOWN,NO INJURY / DRIVE AWAY,"OVER $1,500",UNABLE TO DETERMINE,UNABLE TO DETERMINE,1133,W,LAWRENCE AVE,1,NO INDICATION OF INJURY,0.0,0.0,0.0,0.0,0.0,1.0,0.0,14,7,8
e4b452a78aa7caee49dfe6670d06d988d3bb11c2f662ec33063d4a9f64314c7d18c222cde3a40ef51aa41980755bb1e72236c42c1491eb8d797f07e4c517973c,2017-10-24 11:00:00,30,NO CONTROLS,NO CONTROLS,RAIN,DAYLIGHT,ANGLE,DIVIDED - W/MEDIAN (NOT RAISED),STRAIGHT AND LEVEL,WET,NO DEFECTS,NO INJURY / DRIVE AWAY,"OVER $1,500",FAILING TO YIELD RIGHT-OF-WAY,IMPROPER OVERTAKING/PASSING,6800,S,WOOD ST,2,NO INDICATION OF INJURY,0.0,0.0,0.0,0.0,0.0,2.0,0.0,11,3,10
17e10d1763879e7b51458f4bd4ff9b00c9171a0f3fa2cee7d16d5b310c29e80dd047bd0bf6699941fea93a57f1977699743cf8daf69aa611dd6dde1d7a842d30,2022-03-15 15:45:00,30,NO CONTROLS,NO CONTROLS,CLEAR,DAYLIGHT,PARKED MOTOR VEHICLE,NOT DIVIDED,STRAIGHT AND LEVEL,DRY,NO DEFECTS,NO INJURY / DRIVE AWAY,"OVER $1,500",DRIVING SKILLS/KNOWLEDGE/EXPERIENCE,NOT APPLICABLE,3519,W,26TH ST,2,NO INDICATION OF INJURY,0.0,0.0,0.0,0.0,0.0,1.0,0.0,15,3,3
37002cd27f5b04f7f1f0b28e3dca9ce2fcf1237f8f07f1b9cb2bd7a82427b64387903eba6d29e532c36e2c0f63042751ad773d89ed2ac2211043ad540538c622,2022-03-27 16:55:00,30,NO CONTROLS,NO CONTROLS,CLEAR,DAYLIGHT,PARKED MOTOR VEHICLE,PARKING LOT,STRAIGHT AND LEVEL,DRY,NO DEFECTS,NO INJURY / DRIVE AWAY,"OVER $1,500","OPERATING VEHICLE IN ERRATIC, RECKLESS, CARELESS, NEGLIGENT OR AGGRESSIVE MANNER",NOT APPLICABLE,7445,S,STONY ISLAND AVE,2,NO INDICATION OF INJURY,0.0,0.0,0.0,0.0,0.0,1.0,0.0,16,1,3
5273ab54ee20f8d17ec90c858ca9a64d08ec2cb727fd86fe7890fb80c69701cc89be404941531713113d7e7cb91775269dc86019081168b9210433a4ddb5e876,2019-04-21 13:43:00,30,STOP SIGN/FLASHER,FUNCTIONING PROPERLY,CLEAR,DAYLIGHT,SIDESWIPE OPPOSITE DIRECTION,ONE-WAY,STRAIGHT AND LEVEL,DRY,NO DEFECTS,NO INJURY / DRIVE AWAY,"OVER $1,500",NOT APPLICABLE,NOT APPLICABLE,2402,W,CORTLAND ST,2,NO INDICATION OF INJURY,0.0,0.0,0.0,0.0,0.0,2.0,0.0,13,1,4
2511f52fd60376dcf250e3125039759fc393d8b5d525775ccbf3dfce167417a925db154fe8be9c23c825ef3accbefc719b7b96b93c9ccd0ba9919707689d50ab,2023-01-01 02:56:00,30,NO CONTROLS,NO CONTROLS,RAIN,"DARKNESS, LIGHTED ROAD",PARKED MOTOR VEHICLE,NOT DIVIDED,STRAIGHT AND LEVEL,WET,NO DEFECTS,INJURY AND / OR TOW DUE TO CRASH,"OVER $1,500",PHYSICAL CONDITION OF DRIVER,NOT APPLICABLE,4200,W,49TH ST,6,NONINCAPACITATING INJURY,1.0,0.0,0.0,1.0,0.0,0.0,0.0,2,1,1
bda7eb7fef21d5cfc165e10c38b5ad3abdf07fce98af143f34cfee665c87ba369c788d8e6025bad9f54ebc88dc1ef84286f2a61bc3ed8443982196c4f6b4b5da,2020-07-06 07:45:00,30,NO CONTROLS,NO CONTROLS,CLEAR,DAWN,PARKED MOTOR VEHICLE,ONE-WAY,STRAIGHT AND LEVEL,DRY,NO DEFECTS,NO INJURY / DRIVE AWAY,"OVER $1,500",UNABLE TO DETERMINE,NOT APPLICABLE,7939,S,DOBSON AVE,2,NO INDICATION OF INJURY,0.0,0.0,0.0,0.0,0.0,1.0,0.0,7,2,7
054d49fd14e2b79193d0e7d08230482600204bdce5dcd11b4613472d0cdae80e31e3b6ec90b6704d90070d947959249e95d48c17894857a9587db98319ecd294,2019-05-31 09:00:00,30,NO CONTROLS,NO CONTROLS,CLEAR,DAYLIGHT,PARKED MOTOR VEHICLE,ONE-WAY,STRAIGHT AND LEVEL,DRY,NO DEFECTS,NO INJURY / DRIVE AWAY,"OVER $1,500",UNABLE TO DETERMINE,NOT APPLICABLE,3020,S,UNION AVE,2,NO INDICATION OF INJURY,0.0,0.0,0.0,0.0,0.0,1.0,0.0,9,6,5
ed5aaffade4ce3e20bc77b53ee38717121ada02766aef85ad4f5c154f3dd3273bd1c27fdcf4e288fb38833ecbe42d698092763c8c33840c7e37c813f82d8c2d3,2018-01-14 03:00:00,30,TRAFFIC SIGNAL,FUNCTIONING PROPERLY,CLEAR,"DARKNESS, LIGHTED ROAD",SIDESWIPE SAME DIRECTION,NOT DIVIDED,STRAIGHT AND LEVEL,DRY,NO DEFECTS,NO INJURY / DRIVE AWAY,"OVER $1,500",DISREGARDING TRAFFIC SIGNALS,"OPERATING VEHICLE IN ERRATIC, RECKLESS, CARELESS, NEGLIGENT OR AGGRESSIVE MANNER",1600,N,CLYBOURN AVE,2,NO INDICATION OF INJURY,0.0,0.0,0.0,0.0,0.0,5.0,0.0,3,1,1
818d36e0a54185273698e3b0d262e208e31c310f780869f0d30e945988d6e249b4afde1f96525a8fbeadd7d00759fb92996762989782ab5173a73791366c2f03,2017-03-31 13:00:00,30,TRAFFIC SIGNAL,FUNCTIONING PROPERLY,CLEAR,DAYLIGHT,REAR END,NOT DIVIDED,STRAIGHT AND LEVEL,DRY,NO DEFECTS,NO INJURY / DRIVE AWAY,"$501 - $1,500",UNABLE TO DETERMINE,UNABLE TO DETERMINE,7131,S,JEFFERY BLVD,2,NO INDICATION OF INJURY,0.0,0.0,0.0,0.0,0.0,3.0,0.0,13,6,3
e0c0a1a0051baee939aa2d429561f8238f2f04969d2ca2a3c44415752bab69a336665a2e595d32a9d32a1d29212a548daeb0afe8796ca2a01f9bcdf1a35b4a63,2020-08-03 07:06:00,30,STOP SIGN/FLASHER,FUNCTIONING PROPERLY,CLEAR,DAYLIGHT,TURNING,FOUR WAY,STRAIGHT AND LEVEL,DRY,NO DEFECTS,NO INJURY / DRIVE AWAY,$500 OR LESS,IMPROPER TURNING/NO SIGNAL,NOT APPLICABLE,3099,S,ARCHER AVE,2,NO INDICATION OF INJURY,0.0,0.0,0.0,0.0,0.0,2.0,0.0,7,2,8
a47a0b67fa86ac933fde58cb1af627265f2aa438e76479bbc6b1cc5ee088be6d2af62a8c3b1908edaf483cb3a35ed62a2014dcdf8bb5ee9e1c2a80b60a0f6e5c,2023-05-12 13:15:00,30,TRAFFIC SIGNAL,FUNCTIONING PROPERLY,RAIN,DAYLIGHT,PEDALCYCLIST,FOUR WAY,STRAIGHT AND LEVEL,WET,NO DEFECTS,NO INJURY / DRIVE AWAY,$500 OR LESS,FAILING TO YIELD RIGHT-OF-WAY,UNABLE TO DETERMINE,200,N,ASHLAND AVE,2,NO INDICATION OF INJURY,0.0,0.0,0.0,0.0,0.0,3.0,0.0,13,6,5
e97cd3f231a0cbea1f84c41a9a42f304d95e2aad96bffa8d578c42f79803873a1e043adc64e55576a49001f961543731f207cca19b5861561f6762a57390faa3,2021-01-20 16:40:00,35,TRAFFIC SIGNAL,FUNCTIONING PROPERLY,CLEAR,DAYLIGHT,REAR END,DIVIDED - W/MEDIAN (NOT RAISED),STRAIGHT AND LEVEL,DRY,NO DEFECTS,NO INJURY / DRIVE AWAY,"$501 - $1,500",FOLLOWING TOO CLOSELY,UNABLE TO DETERMINE,7900,S,SOUTH CHICAGO AVE,2,NO INDICATION OF INJURY,0.0,0.0,0.0,0.0,0.0,2.0,0.0,16,4,1
d8bb64de66e7b651362103bac2b62a3cefa66a9933a7c93509da500b1d755968dcbf65e88f5c08f4ce2c3acfdb17d40b28db2d631c6c185c6c7e80c0fdb77282,2022-10-11 17:45:00,30,STOP SIGN/FLASHER,FUNCTIONING PROPERLY,RAIN,DAYLIGHT,TURNING,NOT DIVIDED,STRAIGHT AND LEVEL,WET,NO DEFECTS,INJURY AND / OR TOW DUE TO CRASH,"OVER $1,500",FAILING TO YIELD RIGHT-OF-WAY,IMPROPER TURNING/NO SIGNAL,7132,W,IRVING PARK RD,3,NO INDICATION OF INJURY,0.0,0.0,0.0,0.0,0.0,3.0,0.0,17,3,10
d18fdaef5bf4859809c58e9804e79d624b3481044ae49246a9754b2a1b00313232283118a655ddf3e02e83b6b78d0238377254d0b698a97b2e10bb9822f5c635,2018-02-23 09:20:00,30,TRAFFIC SIGNAL,FUNCTIONING PROPERLY,CLOUDY/OVERCAST,DAYLIGHT,REAR END,NOT DIVIDED,STRAIGHT AND LEVEL,WET,NO DEFECTS,NO INJURY / DRIVE AWAY,"OVER $1,500",FOLLOWING TOO CLOSELY,UNABLE TO DETERMINE,1302,W,16TH ST,2,NO INDICATION OF INJURY,0.0,0.0,0.0,0.0,0.0,2.0,0.0,9,6,2
446d248c0e72da7f82bed884638a10a74bdf552e1cc41b81dc5c6bcef5120fe29f728572beecc5fd069fbe3c2d0122ce2e4e02bf30e1940d958ddf352b0ab62f,2018-07-09 15:30:00,30,NO CONTROLS,UNKNOWN,CLEAR,DAYLIGHT,REAR END,PARKING LOT,STRAIGHT AND LEVEL,DRY,NO DEFECTS,NO INJURY / DRIVE AWAY,$500 OR LESS,FOLLOWING TOO CLOSELY,EXCEEDING AUTHORIZED SPEED LIMIT,1250,W,119TH ST,2,NO INDICATION OF INJURY,0.0,0.0,0.0,0.0,0.0,2.0,0.0,15,2,7