CRASH_RECORD_ID,CRASH_DATE,POSTED_SPEED_LIMIT,TRAFFIC_CONTROL_DEVICE,DEVICE_CONDITION,WEATHER_CONDITION,LIGHTING_CONDITION,FIRST_CRASH_TYPE,TRAFFICWAY_TYPE,ALIGNMENT,ROADWAY_SURFACE_COND,ROAD_DEFECT,CRASH_TYPE,DAMAGE,PRIM_CONTRIBUTORY_CAUSE,SEC_CONTRIBUTORY_CAUSE,STREET_NO,STREET_DIRECTION,STREET_NAME,NUM_UNITS,MOST_SEVERE_INJURY,INJURIES_TOTAL,INJURIES_FATAL,INJURIES_INCAPACITATING,INJURIES_NON_INCAPACITATING,INJURIES_REPORTED_NOT_EVIDENT,INJURIES_NO_INDICATION,INJURIES_UNKNOWN,CRASH_HOUR,CRASH_DAY_OF_WEEK,CRASH_MONTH
39a4371dfe1080a83a28676e2e0c46a2bf061aba22623a2a9805c45eff812f0825e371e9125392f046012d7124d3aa0405eb0cf64741a70d4b4a3ff47d4ea3fc,2017-09-02 17:17:00,25,NO CONTROLS,NO CONTROLS,CLEAR,DAYLIGHT,PARKED MOTOR VEHICLE,ONE-WAY,STRAIGHT AND LEVEL,DRY,NO DEFECTS,NO INJURY / DRIVE AWAY,"OVER $1,500",FAILING TO REDUCE SPEED TO AVOID CRASH,NOT APPLICABLE,3749,W,DIVERSEY AVE,2,NO INDICATION OF INJURY,0.0,0.0,0.0,0.0,0.0,1.0,0.0,17,7,9
6d10b5b5fa2c79f9b338aac07c818f4fce2cd1ef52c6f21b695aa67aace8c56fbe45119c60c7b940e6fef98cbebed286ab450ce79e2e63409494e92f647dfc1c,2022-05-31 08:50:00,30,NO CONTROLS,NO CONTROLS,UNKNOWN,UNKNOWN,PARKED MOTOR VEHICLE,NOT DIVIDED,STRAIGHT AND LEVEL,UNKNOWN,NO DEFECTS,NO INJURY / DRIVE AWAY,"OVER $1,500",UNABLE TO DETERMINE,UNABLE TO DETERMINE,305,W,107TH PL,2,NO INDICATION OF INJURY,0.0,0.0,0.0,0.0,0.0,1.0,0.0,8,3,5
314ca7dd9500b1ac497515f886508c3433ce0a801ebc571d2d5fefdda1f6686aba05e58a773ddfb4386d63b063f45ef3a68e68188703ceb470f09181332a9159,2019-09-02 07:00:00,30,TRAFFIC SIGNAL,FUNCTIONING PROPERLY,RAIN,DAYLIGHT,REAR END,NOT DIVIDED,STRAIGHT AND LEVEL,WET,UNKNOWN,NO INJURY / DRIVE AWAY,"OVER $1,500",WEATHER,UNABLE TO DETERMINE,3158,W,DEVON AVE,2,NO INDICATION OF INJURY,0.0,0.0,0.0,0.0,0.0,2.0,0.0,7,2,9
1207367eee645c57241c4a72ae842d994f4ae6f9f1a87ca7839b293d0a2815fc95881a9b89281968e385c5ada595f1e7e6fc93337fbe918366311f8bd8ba19cd,2017-11-06 17:45:00,30,TRAFFIC SIGNAL,FUNCTIONING PROPERLY,CLEAR,"DARKNESS, LIGHTED ROAD",TURNING,DIVIDED - W/MEDIAN (NOT RAISED),STRAIGHT AND LEVEL,DRY,NO DEFECTS,NO INJURY / DRIVE AWAY,"OVER $1,500",UNABLE TO DETERMINE,UNABLE TO DETERMINE,3130,S,ARCHER AVE,2,NO INDICATION OF INJURY,0.0,0.0,0.0,0.0,0.0,2.0,0.0,17,2,11
4bf1cd1a49a8b53213eda49f79e65565b56197aa4dc4db73de385cd493cf766d9e3ef315feb323b86103acb229f27118bdcc2a5e41c925e84b0d29ee5ccef46e,2019-04-06 14:15:00,30,NO CONTROLS,NO CONTROLS,CLEAR,DAYLIGHT,PARKED MOTOR VEHICLE,PARKING LOT,STRAIGHT AND LEVEL,DRY,NO DEFECTS,NO INJURY / DRIVE AWAY,"$501 - $1,500",UNABLE TO DETERMINE,UNABLE TO DETERMINE,520,N,RIDGEWAY AVE,2,NO INDICATION OF INJURY,0.0,0.0,0.0,0.0,0.0,1.0,0.0,14,7,4
9ac1a649a32dd0ad7ccde7787ed429b2d058c3a5d825070f69b08be2ba6972bad55e2684965ca38f77aedc2c2f91bedf156fd13ed3f0f553c88e5a32791d13e6,2024-04-18 17:33:00,15,NO CONTROLS,NO CONTROLS,CLOUDY/OVERCAST,DAYLIGHT,ANGLE,ALLEY,STRAIGHT AND LEVEL,DRY,NO DEFECTS,NO INJURY / DRIVE AWAY,"OVER $1,500",UNABLE TO DETERMINE,NOT APPLICABLE,5701,W,MADISON ST,2,NO INDICATION OF INJURY,0.0,0.0,0.0,0.0,0.0,2.0,0.0,17,5,4
e9ce6577fd392aa96ed0f48c9fa36d1ac00efb79c61fe80e33ea05b860384ba219c94e7990ff55d7a12d0d3bf9a042259bbb982a4a76d86a2785175a5f6d9d4b,2019-09-01 09:17:00,30,TRAFFIC SIGNAL,FUNCTIONING PROPERLY,CLEAR,DAYLIGHT,PEDESTRIAN,"FIVE POINT, OR MORE",STRAIGHT AND LEVEL,DRY,NO DEFECTS,INJURY AND / OR TOW DUE TO CRASH,$500 OR LESS,DISREGARDING TRAFFIC SIGNALS,OBSTRUCTED CROSSWALKS,4006,N,DAMEN AVE,2,NONINCAPACITATING INJURY,1.0,0.0,0.0,1.0,0.0,1.0,0.0,9,1,9
a179eac2e1519629718522ac4aa86cc62bc3142c98d8a0ad5ad7c5b3dff92134d8424100ab279919aa14f543b81c1fd4404da2eeb829681cfe32ff2076819837,2021-12-13 12:20:00,35,NO CONTROLS,NO CONTROLS,CLEAR,DAYLIGHT,REAR END,NOT DIVIDED,STRAIGHT AND LEVEL,DRY,NO DEFECTS,NO INJURY / DRIVE AWAY,"OVER $1,500",FOLLOWING TOO CLOSELY,NOT APPLICABLE,1432,W,95TH ST,2,NO INDICATION OF INJURY,0.0,0.0,0.0,0.0,0.0,2.0,0.0,12,2,12
f3c1371d5c000906673d4d5159b9f577c33aff4f893a2faf7343d38361d90dd735e35eb0bcd5efc8d4a63e85d64577c82c704338919b905816ff8f8911ca01d0,2021-03-05 17:57:00,30,TRAFFIC SIGNAL,FUNCTIONING PROPERLY,CLEAR,DUSK,REAR END,FOUR WAY,STRAIGHT AND LEVEL,UNKNOWN,NO DEFECTS,NO INJURY / DRIVE AWAY,"OVER $1,500",FOLLOWING TOO CLOSELY,FOLLOWING TOO CLOSELY,5600,N,BROADWAY,2,NO INDICATION OF INJURY,0.0,0.0,0.0,0.0,0.0,2.0,0.0,17,6,3
dc2f06409c1d44aa44cc088580b4aa6bdee709df2ffaa9e7a6546115d48e7849926e1a224ba50944d7e709636ec33918890ace0750b878d64a08082b781b2504,2024-02-11 23:38:00,25,NO CONTROLS,NO CONTROLS,CLEAR,"DARKNESS, LIGHTED ROAD",FIXED OBJECT,NOT DIVIDED,STRAIGHT AND LEVEL,DRY,NO DEFECTS,INJURY AND / OR TOW DUE TO CRASH,"OVER $1,500",IMPROPER OVERTAKING/PASSING,NOT APPLICABLE,10005,S,CALUMET AVE,1,NO INDICATION OF INJURY,0.0,0.0,0.0,0.0,0.0,1.0,0.0,23,1,2
41b768d94aa2c87d4d277b105bd0f4df8b1617b0cda36a59a4e2a6c6735d128aa23af60d9c3864eb94af4c14aef1eff28eeaa041bd0620f822569f1124240312,2021-12-25 05:25:00,20,NO CONTROLS,NO CONTROLS,RAIN,"DARKNESS, LIGHTED ROAD",FIXED OBJECT,ONE-WAY,STRAIGHT AND LEVEL,WET,NO DEFECTS,NO INJURY / DRIVE AWAY,"OVER $1,500",ROAD ENGINEERING/SURFACE/MARKING DEFECTS,WEATHER,1000,N,LAKE SHORE DR,1,NO INDICATION OF INJURY,0.0,0.0,0.0,0.0,0.0,1.0,0.0,5,7,12
7873e489b9bbb5d91f872cd6b9aa0bf6b09422c0b561a4949f6b1ecde00367502929477dda34933c84860177a7425f70db0f3a658adb0b040acf53baa8c26d32,2022-05-07 08:55:00,35,TRAFFIC SIGNAL,FUNCTIONING PROPERLY,CLEAR,DAYLIGHT,SIDESWIPE SAME DIRECTION,NOT DIVIDED,STRAIGHT AND LEVEL,DRY,UNKNOWN,NO INJURY / DRIVE AWAY,"OVER $1,500",NOT APPLICABLE,NOT APPLICABLE,100,N,LARAMIE AVE,2,NO INDICATION OF INJURY,0.0,0.0,0.0,0.0,0.0,3.0,0.0,8,7,5
0a28dde7af0606644a5d6a9b8decc795b076a265d6f64105601664e31b399ac2d0d86c8eb9f043d328c229c383d3f7fbc9f32b82a29ee30aee752c0ed5c08165,2020-08-19 13:06:00,30,NO CONTROLS,NO CONTROLS,CLEAR,DAYLIGHT,PARKED MOTOR VEHICLE,NOT DIVIDED,STRAIGHT AND LEVEL,DRY,NO DEFECTS,NO INJURY / DRIVE AWAY,"OVER $1,500",IMPROPER BACKING,NOT APPLICABLE,3723,W,GRAND AVE,2,NO INDICATION OF INJURY,0.0,0.0,0.0,0.0,0.0,1.0,0.0,13,4,8
6d9800bdac40cf463105b65f70139eb8c279199a85b790c31c74429fc807525bc4c2ef6867a2f75be32444595c7ac034c7f5938f8191d606f631f483f500f1c7,2018-03-24 13:40:00,30,NO CONTROLS,NO CONTROLS,CLEAR,DAYLIGHT,SIDESWIPE SAME DIRECTION,NOT DIVIDED,STRAIGHT AND LEVEL,DRY,UNKNOWN,NO INJURY / DRIVE AWAY,"OVER $1,500",DRIVING SKILLS/KNOWLEDGE/EXPERIENCE,NOT APPLICABLE,6330,S,ARCHER AVE,2,NO INDICATION OF INJURY,0.0,0.0,0.0,0.0,0.0,2.0,0.0,13,7,3
06f31b7ada83c5f93200fda7d27829f12b959458a2efc21603e4659f37f0cac36074b954b1e0cfeb129befddf2fd26cf00fc90fa8f8c19bdb5439082a6e156d6,2021-01-04 10:30:00,30,STOP SIGN/FLASHER,FUNCTIONING PROPERLY,CLEAR,DAYLIGHT,TURNING,DIVIDED - W/MEDIAN BARRIER,STRAIGHT AND LEVEL,WET,NO DEFECTS,NO INJURY / DRIVE AWAY,"$501 - $1,500",IMPROPER TURNING/NO SIGNAL,NOT APPLICABLE,401,N,MICHIGAN AVE,2,NO INDICATION OF INJURY,0.0,0.0,0.0,0.0,0.0,2.0,0.0,10,2,1
3089f001b5da189fbb179bae856f265688ee3b7158fbb693b950fb99b0092e4863a2feb89b8b528182b51d9f0a86af694bbc34514fddb831e3a569e0199e3603,2017-03-22 17:30:00,25,NO CONTROLS,NO CONTROLS,CLEAR,DAYLIGHT,SIDESWIPE SAME DIRECTION,NOT DIVIDED,STRAIGHT AND LEVEL,DRY,NO DEFECTS,NO INJURY / DRIVE AWAY,"OVER $1,500",UNABLE TO DETERMINE,UNABLE TO DETERMINE,629,W,107TH ST,2,NO INDICATION OF INJURY,0.0,0.0,0.0,0.0,0.0,2.0,0.0,17,4,3
d8c79ad46909145b8f79ee03c6b9cf77a4c60425d7e9e9fbe246744dadb21e83ba79d14ce4c180fad57ff6d6d4bbccd1857bf491119b0e0a4ef402015f810c85,2018-03-17 13:49:00,30,YIELD,FUNCTIONING PROPERLY,CLEAR,DAYLIGHT,SIDESWIPE SAME DIRECTION,CENTER TURN LANE,STRAIGHT AND LEVEL,DRY,NO DEFECTS,NO INJURY / DRIVE AWAY,"OVER $1,500",DRIVING SKILLS/KNOWLEDGE/EXPERIENCE,NOT APPLICABLE,201,W,87TH ST,2,NO INDICATION OF INJURY,0.0,0.0,0.0,0.0,0.0,2.0,0.0,13,7,3
6aa18285466ad8223efe11e97ab74de5c9bf2543e7fe4b856d90b9f1ce7897db45d052a1ee1e925d7cf77f1bc737fe41df6e87a5d8253a8dd9136ae6cf134c87,2020-02-26 08:30:00,30,TRAFFIC SIGNAL,FUNCTIONING PROPERLY,SNOW,DAYLIGHT,REAR END,NOT DIVIDED,STRAIGHT AND LEVEL,SNOW OR SLUSH,NO DEFECTS,NO INJURY / DRIVE AWAY,"OVER $1,500",TEXTING,FAILING TO REDUCE SPEED TO AVOID CRASH,3001,W,ROOSEVELT RD,2,NO INDICATION OF INJURY,0.0,0.0,0.0,0.0,0.0,2.0,0.0,8,4,2
3bc4ef69b70f7e8c390b0e6945ce005455036ca970258de174113d216e5c22a94eeae5058002827df2e5b586af764d13d2f90ce8320110d749e124e9fbee8259,2021-05-04 13:15:00,30,NO CONTROLS,NO CONTROLS,CLEAR,DAYLIGHT,TURNING,FOUR WAY,STRAIGHT AND LEVEL,DRY,NO DEFECTS,INJURY AND / OR TOW DUE TO CRASH,"OVER $1,500",FAILING TO YIELD RIGHT-OF-WAY,NOT APPLICABLE,5901,N,CICERO AVE,2,"REPORTED, NOT EVIDENT",1.0,0.0,0.0,0.0,1.0,1.0,0.0,13,3,5
09fd390e0cafeb5964f45d09753936ca5446eab0767e9f2a28a366bb8429228f0d8dc7bdaadc70350b8c4038613ab2248922a897b52c494f173fa6e1af4925e1,2017-10-03 11:15:00,30,NO CONTROLS,NO CONTROLS,CLEAR,DAYLIGHT,ANGLE,NOT DIVIDED,STRAIGHT AND LEVEL,DRY,NO DEFECTS,NO INJURY / DRIVE AWAY,"$501 - $1,500",FAILING TO YIELD RIGHT-OF-WAY,UNABLE TO DETERMINE,1050,W,BRYN MAWR AVE,2,NO INDICATION OF INJURY,0.0,0.0,0.0,0.0,0.0,2.0,0.0,11,3,10
9bf8c82694f33af23a6d9d074fc365a01c49e02b0bf7535e577652dde1ade9bce893e23e5b6d361e7560e861c8ead1a05d31162c8c1ccb26d721be6b033370bb,2024-01-18 21:00:00,30,NO CONTROLS,NO CONTROLS,SNOW,DARKNESS,PARKED MOTOR VEHICLE,NOT DIVIDED,STRAIGHT AND LEVEL,WET,NO DEFECTS,NO INJURY / DRIVE AWAY,"OVER $1,500",UNABLE TO DETERMINE,UNABLE TO DETERMINE,6037,S,LOOMIS BLVD,2,NO INDICATION OF INJURY,0.0,0.0,0.0,0.0,0.0,1.0,0.0,21,5,1
159096fcc55298a895720cd96dddc52d3b652702c9cfde92dd2ca9df364e112682b16c2fe6da3579890a08f6480b2a3a78d19875292b8e119e5af4aa52c09ad3,2019-10-05 01:00:00,25,NO CONTROLS,NO CONTROLS,UNKNOWN,UNKNOWN,PARKED MOTOR VEHICLE,ONE-WAY,STRAIGHT AND LEVEL,UNKNOWN,UNKNOWN,NO INJURY / DRIVE AWAY,"OVER $1,500",UNABLE TO DETERMINE,UNABLE TO DETERMINE,2759,S,KOLIN AVE,3,NO INDICATION OF INJURY,0.0,0.0,0.0,0.0,0.0,1.0,0.0,1,7,10
3821a0720a5e26687a6923ca8217e8f0f483178de7154a4fc007ef5326986646d7eebe963583f2131c092495410c94573bc0a59c54bd9c9ad9b62a971090b1fe,2017-12-25 08:40:00,30,NO CONTROLS,NO CONTROLS,CLEAR,DAWN,PARKED MOTOR VEHICLE,ONE-WAY,STRAIGHT AND LEVEL,SNOW OR SLUSH,NO DEFECTS,NO INJURY / DRIVE AWAY,"OVER $1,500",NOT APPLICABLE,UNABLE TO DETERMINE,3035,S,TROY ST,2,NO INDICATION OF INJURY,0.0,0.0,0.0,0.0,0.0,1.0,0.0,8,2,12
581dbab10637375d6bfefd372836d58b53824d1f3d35f89979868b8d21aec3387e81b402f4854901658c5aa42bb641a0eca95428e3a1086e0e87b7548b0f82b5,2023-09-03 00:00:00,30,NO CONTROLS,NO CONTROLS,CLEAR,"DARKNESS, LIGHTED ROAD",PARKED MOTOR VEHICLE,NOT DIVIDED,STRAIGHT AND LEVEL,DRY,NO DEFECTS,NO INJURY / DRIVE AWAY,"$501 - $1,500",IMPROPER BACKING,NOT APPLICABLE,3233,W,CARMEN AVE,2,NO INDICATION OF INJURY,0.0,0.0,0.0,0.0,0.0,1.0,0.0,0,1,9
78397f31c362b05f41fd58c3dcb28ecc308744af47be518562c8327788d48544359e946e6f997c9a853780f9e1aaa72e487bbbfe23e07ac038afdeff6dc1dd9a,2022-05-11 10:55:00,30,NO CONTROLS,NO CONTROLS,CLEAR,DAYLIGHT,SIDESWIPE SAME DIRECTION,NOT DIVIDED,STRAIGHT AND LEVEL,DRY,NO DEFECTS,NO INJURY / DRIVE AWAY,"OVER $1,500",DISTRACTION - FROM INSIDE VEHICLE,DISTRACTION - FROM INSIDE VEHICLE,2320,E,93RD ST,2,NO INDICATION OF INJURY,0.0,0.0,0.0,0.0,0.0,2.0,0.0,10,4,5
f45906e45b02a4315acb2db02b5ff302bfae996e0ff854e63c8a38c0c1f95a8cb08ab31bcdc9e704cfd6b6857fed0a65f98fa777a931f8cf97e8e15b9150d2ef,2021-04-09 19:45:00,30,NO CONTROLS,NO CONTROLS,CLEAR,DAYLIGHT,REAR END,NOT DIVIDED,STRAIGHT AND LEVEL,UNKNOWN,UNKNOWN,NO INJURY / DRIVE AWAY,"$501 - $1,500",FOLLOWING TOO CLOSELY,UNABLE TO DETERMINE,1019,W,DIVERSEY PKWY,3,NO INDICATION OF INJURY,0.0,0.0,0.0,0.0,0.0,5.0,0.0,19,6,4
743fc377fc3876fdfc370d908176ba6487a2ea303f2761d18b0ae37b071e7d454ae0d5c0751cee92cdb194972227aace64726babcb7426914b7f7cfb32487a94,2019-09-05 16:40:00,30,UNKNOWN,UNKNOWN,CLEAR,DAYLIGHT,REAR TO FRONT,DIVIDED - W/MEDIAN BARRIER,STRAIGHT AND LEVEL,DRY,UNKNOWN,NO INJURY / DRIVE AWAY,"OVER $1,500",IMPROPER BACKING,DRIVING SKILLS/KNOWLEDGE/EXPERIENCE,166,W,NORTH AVE,2,NO INDICATION OF INJURY,0.0,0.0,0.0,0.0,0.0,2.0,0.0,16,5,9
502b828ce06f8ac495e6e14a8701c64e8576e399c5ba847e0e2ca2881fd863c053366e0bab746c06fa7384aa239be35f45b56a17b7dd3a5dd35421bf5ab3b4e1,2023-04-05 13:30:00,10,NO CONTROLS,NO CONTROLS,CLEAR,DAYLIGHT,PARKED MOTOR VEHICLE,PARKING LOT,STRAIGHT AND LEVEL,DRY,NO DEFECTS,NO INJURY / DRIVE AWAY,"$501 - $1,500",UNABLE TO DETERMINE,NOT APPLICABLE,3130,S,ST LOUIS AVE,2,NO INDICATION OF INJURY,0.0,0.0,0.0,0.0,0.0,1.0,0.0,13,4,4
4e7034f535652b3b1099ba9cca209a6ba6af807e11fd4efe10ea8312b44e946da40310f87d98dc34625093ae40408bd0ca223d6679ef977c3c3f5efd0fc6ced1,2017-12-05 21:05:00,30,NO CONTROLS,NO CONTROLS,UNKNOWN,"DARKNESS, LIGHTED ROAD",PARKED MOTOR VEHICLE,DIVIDED - W/MEDIAN (NOT RAISED),STRAIGHT AND LEVEL,DRY,UNKNOWN,NO INJURY / DRIVE AWAY,"OVER $1,500",NOT APPLICABLE,FAILING TO REDUCE SPEED TO AVOID CRASH,11849,S,STATE ST,2,NO INDICATION OF INJURY,0.0,0.0,0.0,0.0,0.0,1.0,0.0,21,3,12
cec266d5d7c8541ff314e0ae8a8fbfa288894878ce7e3b988290dc677bd28eb1ab811803dfc9f08f44cbe7cf93ef010ee72388ace5e4e27a94b0ac1bc7e3c864,2020-01-06 11:30:00,30,NO CONTROLS,NO CONTROLS,CLEAR,DAYLIGHT,FIXED OBJECT,ALLEY,STRAIGHT AND LEVEL,DRY,UNKNOWN,NO INJURY / DRIVE AWAY,"OVER $1,500",UNABLE TO DETERMINE,UNABLE TO DETERMINE,3115,W,ADDISON ST,1,NO INDICATION OF INJURY,0.0,0.0,0.0,0.0,0.0,1.0,0.0,11,2,1
819a8dfd105b58a444b69715f2b2396eaffea89152189675e0d9f067aae9a33597eb3c03e342eb82a64963e4a15d8e86e95f58fb771c6e25c796cb4a01a41d66,2024-01-03 22:09:00,25,NO CONTROLS,NO CONTROLS,CLEAR,"DARKNESS, LIGHTED ROAD",PARKED MOTOR VEHICLE,ONE-WAY,STRAIGHT AND LEVEL,DRY,UNKNOWN,NO INJURY / DRIVE AWAY,"OVER $1,500",UNABLE TO DETERMINE,UNABLE TO DETERMINE,3053,S,ST LOUIS AVE,2,NO INDICATION OF INJURY,0.0,0.0,0.0,0.0,0.0,1.0,0.0,22,4,1
aa71e23bdf9210fb11ea8cea7cf66861d49002af3bb2b74a09a8d8d665de161b631d5d6734bbe4441840977f9a3b53b347c666c58fa54a413d1f65293be1a12d,2018-11-08 09:45:00,30,NO CONTROLS,NO CONTROLS,CLEAR,DAYLIGHT,SIDESWIPE SAME DIRECTION,NOT DIVIDED,STRAIGHT AND LEVEL,DRY,NO DEFECTS,NO INJURY / DRIVE AWAY,$500 OR LESS,DRIVING SKILLS/KNOWLEDGE/EXPERIENCE,UNABLE TO DETERMINE,735,N,HAMLIN AVE,2,NO INDICATION OF INJURY,0.0,0.0,0.0,0.0,0.0,3.0,0.0,9,5,11
31c3b6fad1dd879504bd3d635303ae05416c20d5380d00b0ddc551b48ef2e6f8661222f9a8606127d09fceb80f4ebd93380b84db7dfe0c148159000ce75639a4,2023-10-27 21:57:00,30,TRAFFIC SIGNAL,FUNCTIONING PROPERLY,CLEAR,"DARKNESS, LIGHTED ROAD",TURNING,FOUR WAY,STRAIGHT AND LEVEL,WET,UNKNOWN,INJURY AND / OR TOW DUE TO CRASH,"$501 - $1,500","OPERATING VEHICLE IN ERRATIC, RECKLESS, CARELESS, NEGLIGENT OR AGGRESSIVE MANNER",FAILING TO YIELD RIGHT-OF-WAY,5397,S,WESTERN AVE,2,FATAL,3.0,1.0,0.0,2.0,0.0,1.0,0.0,21,6,10
a92452044d2d5bddbc1139d6e5e6ba2ec84b0b468776ca60afbffbf579dd63bcd5bd5fa563d32a1d8fafc0a8fb07f863faa47db82ae8d54bc435bd0be71d1ade,2021-03-14 12:30:00,15,NO CONTROLS,NO CONTROLS,CLEAR,DAYLIGHT,REAR TO FRONT,NOT DIVIDED,STRAIGHT AND LEVEL,DRY,NO DEFECTS,NO INJURY / DRIVE AWAY,"OVER $1,500",IMPROPER BACKING,NOT APPLICABLE,441,E,79TH ST,2,NO INDICATION OF INJURY,0.0,0.0,0.0,0.0,0.0,2.0,0.0,12,1,3
ddff8b1be068629f39c8b5a1f4524c9d6f8ee85adb60065a28fc7db51a3854ccaaab18b3f59d2fbc0ed438a77a831324c9f9dbb1fcf8d227a40321a550c2d1b6,2022-05-30 06:00:00,40,UNKNOWN,UNKNOWN,CLEAR,UNKNOWN,FIXED OBJECT,DIVIDED - W/MEDIAN BARRIER,STRAIGHT AND LEVEL,DRY,UNKNOWN,INJURY AND / OR TOW DUE TO CRASH,"OVER $1,500",NOT APPLICABLE,NOT APPLICABLE,1700,N,LAKE SHORE DR SB,1,NO INDICATION OF INJURY,0.0,0.0,0.0,0.0,0.0,1.0,0.0,6,2,5
a955ddc4e2033383cff7fea18a3fa12435f9806eb3d047313f0098fb3af4cd8a0b6551abc6b397c25c505086e1a8555100b603fb14e1bcc060b454f2bc05afdd,2024-01-05 10:51:00,10,NO CONTROLS,NO CONTROLS,CLEAR,DAYLIGHT,REAR TO FRONT,OTHER,STRAIGHT AND LEVEL,WET,NO DEFECTS,NO INJURY / DRIVE AWAY,"OVER $1,500",IMPROPER BACKING,NOT APPLICABLE,4607,W,FULLERTON AVE,2,NO INDICATION OF INJURY,0.0,0.0,0.0,0.0,0.0,2.0,0.0,10,6,1
d89861bca96b031d5268165110085da2b157ef72af7cc817434c87ca4b225f26c5d08e26ee012c691bf1bef257facea72fd2fe71d75685fa3b15d343cbeaa726,2019-10-08 13:10:00,10,NO CONTROLS,NO CONTROLS,CLEAR,DAYLIGHT,PARKED MOTOR VEHICLE,PARKING LOT,STRAIGHT AND LEVEL,DRY,NO DEFECTS,NO INJURY / DRIVE AWAY,$500 OR LESS,UNABLE TO DETERMINE,UNABLE TO DETERMINE,3019,E,91ST ST,2,NO INDICATION OF INJURY,0.0,0.0,0.0,0.0,0.0,1.0,0.0,13,3,10
d096d1bfc25ee71003105ff006de07c79fe3fc8aa159d913f563fe489b179f02d9110c76ddc3369ae7c08295fd0d50f77a26a1037bed94d916abd9210673bb4f,2019-02-03 17:40:00,30,NO CONTROLS,NO CONTROLS,RAIN,DAWN,PARKED MOTOR VEHICLE,ONE-WAY,STRAIGHT AND LEVEL,WET,NO DEFECTS,INJURY AND / OR TOW DUE TO CRASH,"OVER $1,500",NOT APPLICABLE,NOT APPLICABLE,2551,W,ARTHUR AVE,4,NO INDICATION OF INJURY,0.0,0.0,0.0,0.0,0.0,1.0,0.0,17,1,2
db585289a05acb42599e480f1e34c12553d74b5a5bad0d7dbc1de5fa216a34ec6d889b10186970ac14f5b5a3f081d1171aa24c9be8b706e18b460c1a402b6f70,2020-02-20 19:20:00,30,TRAFFIC SIGNAL,FUNCTIONING PROPERLY,CLEAR,"DARKNESS, LIGHTED ROAD",ANGLE,NOT DIVIDED,STRAIGHT AND LEVEL,DRY,NO DEFECTS,NO INJURY / DRIVE AWAY,"OVER $1,500",UNABLE TO DETERMINE,UNABLE TO DETERMINE,2400,W,107TH ST,2,NO INDICATION OF INJURY,0.0,0.0,0.0,0.0,0.0,5.0,0.0,19,5,2
313f7bcea7a2c6049336920472df5a33636ca33fc3edee2c3568b09bb0fcf1e3842e0f6b0c6a2193b76e30bfff872e1109dead5733f24e14af575a821f0e376b,2021-09-01 08:00:00,30,TRAFFIC SIGNAL,FUNCTIONING PROPERLY,CLEAR,DAYLIGHT,SIDESWIPE OPPOSITE DIRECTION,FOUR WAY,STRAIGHT AND LEVEL,DRY,NO DEFECTS,INJURY AND / OR TOW DUE TO CRASH,"OVER $1,500",UNABLE TO DETERMINE,NOT APPLICABLE,3198,W,WASHINGTON BLVD,2,NONINCAPACITATING INJURY,3.0,0.0,0.0,3.0,0.0,1.0,0.0,8,4,9
073394a20321664fc608a1b3e5f97502294ae4b99bd8d4eef8f9ed9fde94be227ce98f420bc4f1e00928da1bd590bc00789ef6a831765897d032c9e8b5fadc1f,2024-01-22 08:00:00,30,NO CONTROLS,NO CONTROLS,CLEAR,DAYLIGHT,TURNING,NOT DIVIDED,STRAIGHT AND LEVEL,UNKNOWN,UNKNOWN,NO INJURY / DRIVE AWAY,"OVER $1,500",UNABLE TO DETERMINE,NOT APPLICABLE,6106,W,NORTH AVE,2,NO INDICATION OF INJURY,0.0,0.0,0.0,0.0,0.0,3.0,0.0,8,2,1
7dd3dd8ec56b4af6eff23176af5cce1c4b53a5ea586dd16d7fee8286dcc40f2b1753fde813a8cbec18b952632f75e68f0c32ec248694d9b268278e25b9ae51a4,2018-07-04 21:39:00,35,TRAFFIC SIGNAL,FUNCTIONING PROPERLY,RAIN,"DARKNESS, LIGHTED ROAD",TURNING,DIVIDED - W/MEDIAN BARRIER,STRAIGHT AND LEVEL,WET,NO DEFECTS,INJURY AND / OR TOW DUE TO CRASH,"OVER $1,500",UNABLE TO DETERMINE,UNABLE TO DETERMINE,4401,W,79TH ST,2,NO INDICATION OF INJURY,0.0,0.0,0.0,0.0,0.0,3.0,0.0,21,4,7
99a303ffa3a2f281db6f416d18c5742ca121ad3d66c49caf6ab6278d3dfefd982f48e9ecad3ab6012de89bfa1bc8eac901c2f4bda753c1068b8e456f2d088777,2023-10-16 22:45:00,30,TRAFFIC SIGNAL,FUNCTIONING PROPERLY,CLEAR,"DARKNESS, LIGHTED ROAD",REAR END,DIVIDED - W/MEDIAN (NOT RAISED),STRAIGHT AND LEVEL,DRY,NO DEFECTS,NO INJURY / DRIVE AWAY,$500 OR LESS,UNABLE TO DETERMINE,UNABLE TO DETERMINE,171,N,BESSIE COLEMAN DR,2,NO INDICATION OF INJURY,0.0,0.0,0.0,0.0,0.0,3.0,0.0,22,2,10
a10bc43324f269d920a1021fc5bd6f37b6a36f20b0bb407864eb06ffa55be34bb4e76297fda58fd40bba2f4c5386d4fb2c1cde161d344d7577f5c7f7d30283d0,2020-02-06 20:05:00,5,NO CONTROLS,NO CONTROLS,SNOW,DARKNESS,PARKED MOTOR VEHICLE,PARKING LOT,STRAIGHT AND LEVEL,SNOW OR SLUSH,NO DEFECTS,NO INJURY / DRIVE AWAY,"$501 - $1,500",IMPROPER BACKING,UNABLE TO DETERMINE,834,W,OHARE ST,2,NO INDICATION OF INJURY,0.0,0.0,0.0,0.0,0.0,1.0,0.0,20,5,2