CRASH_RECORD_ID,CRASH_DATE,POSTED_SPEED_LIMIT,TRAFFIC_CONTROL_DEVICE,DEVICE_CONDITION,WEATHER_CONDITION,LIGHTING_CONDITION,FIRST_CRASH_TYPE,TRAFFICWAY_TYPE,ALIGNMENT,ROADWAY_SURFACE_COND,ROAD_DEFECT,CRASH_TYPE,DAMAGE,PRIM_CONTRIBUTORY_CAUSE,SEC_CONTRIBUTORY_CAUSE,STREET_NO,STREET_DIRECTION,STREET_NAME,NUM_UNITS,MOST_SEVERE_INJURY,INJURIES_TOTAL,INJURIES_FATAL,INJURIES_INCAPACITATING,INJURIES_NON_INCAPACITATING,INJURIES_REPORTED_NOT_EVIDENT,INJURIES_NO_INDICATION,INJURIES_UNKNOWN,CRASH_HOUR,CRASH_DAY_OF_WEEK,CRASH_MONTH
2a1007f6e039b925f09d5072f3cdc04d44293da3b803ae4b06a003331c17f9c1e7196ee0d70028b0a7bfeb01fd1fb58e66e78622baa53eab1f534bea2bcc81c5,2019-10-09 07:40:00,30,NO CONTROLS,NO CONTROLS,CLEAR,DAYLIGHT,PARKED MOTOR VEHICLE,NOT DIVIDED,STRAIGHT AND LEVEL,DRY,NO DEFECTS,NO INJURY / DRIVE AWAY,"$501 - $1,500",UNABLE TO DETERMINE,NOT APPLICABLE,155,S,LAFLIN ST,2,NO INDICATION OF INJURY,0.0,0.0,0.0,0.0,0.0,3.0,0.0,7,4,10
a69bc5cdb7f253cde3dda451c9a0591772b2f6e9388906d01eafe27352ad5bb4fe55b3f7628e4638913fa640fe7a17e83af745acd2554c3f8c295fe5a9831e4e,2020-09-04 14:00:00,30,NO CONTROLS,NO CONTROLS,CLEAR,DAYLIGHT,SIDESWIPE SAME DIRECTION,DIVIDED - W/MEDIAN (NOT RAISED),STRAIGHT AND LEVEL,DRY,NO DEFECTS,INJURY AND / OR TOW DUE TO CRASH,"OVER $1,500",IMPROPER OVERTAKING/PASSING,"OPERATING VEHICLE IN ERRATIC, RECKLESS, CARELESS, NEGLIGENT OR AGGRESSIVE MANNER",1155,W,87TH ST,2,"REPORTED, NOT EVIDENT",1.0,0.0,0.0,0.0,1.0,1.0,0.0,14,6,9
53916c72bc7f94cee91e76ffd1c1c50581ce8ce4243325934907c895c8b6cd892322726054280e40a30f26506aca8947409d77f69741e435fa87e1a6b2b5f974,2022-08-14 02:40:00,30,NO CONTROLS,NO CONTROLS,CLEAR,"DARKNESS, LIGHTED ROAD",TURNING,DIVIDED - W/MEDIAN BARRIER,STRAIGHT AND LEVEL,DRY,NO DEFECTS,INJURY AND / OR TOW DUE TO CRASH,"OVER $1,500",FAILING TO YIELD RIGHT-OF-WAY,FAILING TO YIELD RIGHT-OF-WAY,333,N,ASHLAND AVE,2,NO INDICATION OF INJURY,0.0,0.0,0.0,0.0,0.0,3.0,0.0,2,1,8
795bb9f7b7339a79d3b2f5b80fae80fdb7f010a4ec47eaabd01611bb784e8ad5d58502b25a258fe36ea16dda6d1c14f9663691e259aee8dab36a7eb48c213c93,2020-07-30 16:45:00,30,NO CONTROLS,NO CONTROLS,CLEAR,DAYLIGHT,REAR END,NOT DIVIDED,STRAIGHT AND LEVEL,DRY,NO DEFECTS,NO INJURY / DRIVE AWAY,"$501 - $1,500",FAILING TO REDUCE SPEED TO AVOID CRASH,UNABLE TO DETERMINE,331,W,47TH ST,2,NO INDICATION OF INJURY,0.0,0.0,0.0,0.0,0.0,2.0,0.0,16,5,7
9890d869a3cac9015ac71ad9aa95d4b80d395ee5bda824927d0967b9fcf661bf1c9d96909dfd423d2cb9a5be1e973dd0e9c944c146c9fea5b32f2b08cbf28622,2021-10-15 07:05:00,30,NO CONTROLS,NO CONTROLS,CLEAR,DAWN,FIXED OBJECT,ONE-WAY,STRAIGHT AND LEVEL,DRY,NO DEFECTS,INJURY AND / OR TOW DUE TO CRASH,"$501 - $1,500",PHYSICAL CONDITION OF DRIVER,NOT APPLICABLE,5712,W,64TH ST,1,INCAPACITATING INJURY,1.0,0.0,1.0,0.0,0.0,0.0,0.0,7,6,10
575491bdb8a975d1370fa01740de32c1486102ac56a734818b1e6dde67bf36ca6625a87353547155dbfc52d9b9205004709caed4c54a448b6bd89d12d7c31b99,2023-03-27 12:05:00,30,TRAFFIC SIGNAL,FUNCTIONING PROPERLY,CLEAR,DAYLIGHT,TURNING,NOT DIVIDED,STRAIGHT AND LEVEL,DRY,NO DEFECTS,NO INJURY / DRIVE AWAY,"OVER $1,500",IMPROPER TURNING/NO SIGNAL,NOT APPLICABLE,148,N,MICHIGAN AVE,2,NO INDICATION OF INJURY,0.0,0.0,0.0,0.0,0.0,2.0,0.0,12,2,3
7ed8723d4da408bebce03c7dc3c9240adab60297964086bf29c1042ab4a5dcf053e0e016971b0f90fe4fa7da9e49d641bd3296b2e40c403aca1eceb53c6f672e,2017-07-26 23:30:00,30,NO CONTROLS,NO CONTROLS,CLEAR,UNKNOWN,FIXED OBJECT,ONE-WAY,STRAIGHT AND LEVEL,DRY,NO DEFECTS,NO INJURY / DRIVE AWAY,"$501 - $1,500",UNABLE TO DETERMINE,UNABLE TO DETERMINE,6100,S,ST LAWRENCE AVE,1,NO INDICATION OF INJURY,0.0,0.0,0.0,0.0,0.0,1.0,0.0,23,4,7
6b4b3bc73e0a35d2559d3abec582c5f535b17d9219598db5d4c6c0aa7c012a0600f86ef34fce065e5736fc5b70082ae4cd92a911fb839e25822ee5159cf4fd4f,2022-08-25 15:25:00,30,NO CONTROLS,NO CONTROLS,CLEAR,DAYLIGHT,SIDESWIPE SAME DIRECTION,NOT DIVIDED,STRAIGHT AND LEVEL,DRY,NO DEFECTS,NO INJURY / DRIVE AWAY,"OVER $1,500",UNABLE TO DETERMINE,UNABLE TO DETERMINE,235,N,PULASKI RD,2,NO INDICATION OF INJURY,0.0,0.0,0.0,0.0,0.0,2.0,0.0,15,5,8
85461378dad0069c3d9a8e0fe8ead6facbcf3361e502ab03e9808ee14c806b9444669454bbbaa18019dd286a462a2c4cbb79848dfa48f9180e0886f31b2de716,2018-07-11 12:00:00,30,TRAFFIC SIGNAL,FUNCTIONING PROPERLY,CLEAR,DAYLIGHT,PEDALCYCLIST,NOT DIVIDED,STRAIGHT AND LEVEL,DRY,NO DEFECTS,NO INJURY / DRIVE AWAY,$500 OR LESS,DISREGARDING TRAFFIC SIGNALS,NOT APPLICABLE,235,N,ASHLAND AVE,2,NO INDICATION OF INJURY,0.0,0.0,0.0,0.0,0.0,2.0,0.0,12,4,7
6fe69b25bed1d56283d56ca414297c58e062af185a3c9a05de87841936e9a08ff71f2a9d670c4ca1cd7e4d873c8803d1b9c35eed6142ff79a3c936b49e4e9390,2021-09-18 18:30:00,15,NO CONTROLS,NO CONTROLS,UNKNOWN,UNKNOWN,PARKED MOTOR VEHICLE,NOT DIVIDED,STRAIGHT AND LEVEL,DRY,NO DEFECTS,NO INJURY / DRIVE AWAY,"$501 - $1,500",UNABLE TO DETERMINE,NOT APPLICABLE,3560,N,PINE GROVE AVE,2,NO INDICATION OF INJURY,0.0,0.0,0.0,0.0,0.0,1.0,0.0,18,7,9
7de833021a33609dc9f4bc236455ab530dd20d8cf9439fbf639795aee1a8f7249bd055c25edb2b605d4ece600eebbecbc2bae3c044a461109c147272fb2badad,2015-12-29 18:00:00,30,TRAFFIC SIGNAL,FUNCTIONING PROPERLY,SNOW,"DARKNESS, LIGHTED ROAD",REAR END,NOT DIVIDED,STRAIGHT AND LEVEL,SNOW OR SLUSH,NO DEFECTS,NO INJURY / DRIVE AWAY,$500 OR LESS,FOLLOWING TOO CLOSELY,WEATHER,690,N,FAIRBANKS CT,2,NO INDICATION OF INJURY,0.0,0.0,0.0,0.0,0.0,2.0,0.0,18,3,12
dbde94ab5b2ea997f53d493da3826ffbdc6219cf3af19d384875b93e97555c8ed2e5f29a2743c0662c60b58ea421b59b0dd6b2b34edff60c4d67486f55f15e72,2022-05-26 19:44:00,30,TRAFFIC SIGNAL,FUNCTIONING PROPERLY,CLEAR,DAYLIGHT,ANGLE,FOUR WAY,STRAIGHT AND LEVEL,DRY,NO DEFECTS,INJURY AND / OR TOW DUE TO CRASH,"OVER $1,500",DISREGARDING TRAFFIC SIGNALS,DISREGARDING TRAFFIC SIGNALS,6300,S,COTTAGE GROVE AVE,2,"REPORTED, NOT EVIDENT",1.0,0.0,0.0,0.0,1.0,2.0,0.0,19,5,5
fb2ce18abc9b2858cf373dd8d1b49eb04995401c19235cfa606a9cc6801b22f7d8665c2d6e79c6147969da9646fb0c52f3d37edf2ae4e037e1aa91d2dc5e20e1,2023-08-07 16:00:00,30,TRAFFIC SIGNAL,UNKNOWN,CLEAR,DAYLIGHT,REAR END,DIVIDED - W/MEDIAN (NOT RAISED),STRAIGHT AND LEVEL,DRY,NO DEFECTS,INJURY AND / OR TOW DUE TO CRASH,"OVER $1,500",UNABLE TO DETERMINE,NOT APPLICABLE,251,N,KOSTNER AVE,2,"REPORTED, NOT EVIDENT",3.0,0.0,0.0,0.0,3.0,1.0,0.0,16,2,8
1228171882fa9d15e047154199e78e11bb2c350529da9ae4c36cf33963c78f8cc9f036d8fe99d9e73a4e8b2f10efa3867ab908c3db71bef04eee3e99a3bf6f25,2019-02-26 15:45:00,30,STOP SIGN/FLASHER,FUNCTIONING PROPERLY,CLEAR,DAYLIGHT,ANGLE,NOT DIVIDED,STRAIGHT AND LEVEL,DRY,NO DEFECTS,NO INJURY / DRIVE AWAY,"$501 - $1,500",FAILING TO YIELD RIGHT-OF-WAY,FAILING TO REDUCE SPEED TO AVOID CRASH,231,N,LEAVITT ST,2,NO INDICATION OF INJURY,0.0,0.0,0.0,0.0,0.0,2.0,0.0,15,3,2
4bb4df86f18881fc7834d619d04063be45b8167d7224f4788dabe88d65efe43447f53e93222d3a16e20ac97479555061af3982dd9339e74dc54f0829be1dac25,2017-06-09 16:00:00,30,NO CONTROLS,NO CONTROLS,CLEAR,DAYLIGHT,PARKED MOTOR VEHICLE,NOT DIVIDED,STRAIGHT AND LEVEL,DRY,NO DEFECTS,NO INJURY / DRIVE AWAY,"OVER $1,500",UNABLE TO DETERMINE,NOT APPLICABLE,6349,S,DR MARTIN LUTHER KING JR DR,2,NO INDICATION OF INJURY,0.0,0.0,0.0,0.0,0.0,1.0,0.0,16,6,6
0797c951b52f498d9f3baa6c7d7aa8a1f0127270a79c0d028179e228adf05ece6364a7ed41a38c36d734f802a7155e1d5e73b29a12d0bcff3832a42b0a7ef8f2,2021-10-01 17:29:00,30,NO CONTROLS,FUNCTIONING PROPERLY,CLEAR,DAYLIGHT,ANGLE,NOT DIVIDED,STRAIGHT AND LEVEL,DRY,NO DEFECTS,INJURY AND / OR TOW DUE TO CRASH,"OVER $1,500",UNABLE TO DETERMINE,NOT APPLICABLE,7229,W,ADDISON ST,2,NONINCAPACITATING INJURY,1.0,0.0,0.0,1.0,0.0,1.0,0.0,17,6,10
8fd31447ccdc88bf31b545da6d52c2514b8e65bf506db0710573f3d097c3f9daf129da22afc821465474a9719092c4851d187b6bbcd56e51d4f346a093f8e85e,2019-06-03 22:21:00,25,NO CONTROLS,NO CONTROLS,CLEAR,"DARKNESS, LIGHTED ROAD",PARKED MOTOR VEHICLE,DIVIDED - W/MEDIAN (NOT RAISED),STRAIGHT AND LEVEL,DRY,NO DEFECTS,NO INJURY / DRIVE AWAY,"$501 - $1,500",UNABLE TO DETERMINE,UNABLE TO DETERMINE,1725,W,GRANVILLE AVE,3,NO INDICATION OF INJURY,0.0,0.0,0.0,0.0,0.0,1.0,0.0,22,2,6
6378fea07cb13c727a79095604fbc323f8fee5cdab604405045462ff0e966a02d58f46c29479f515c68d9c73af026fd90b544a64d849f76b7bfd026580fd68b6,2022-12-16 16:30:00,30,TRAFFIC SIGNAL,FUNCTIONING PROPERLY,SNOW,DARKNESS,SIDESWIPE SAME DIRECTION,T-INTERSECTION,STRAIGHT AND LEVEL,SNOW OR SLUSH,NO DEFECTS,NO INJURY / DRIVE AWAY,"$501 - $1,500",UNABLE TO DETERMINE,UNABLE TO DETERMINE,12600,S,TORRENCE AVE,2,NO INDICATION OF INJURY,0.0,0.0,0.0,0.0,0.0,2.0,0.0,16,6,12
8861d6c8dec6f5628947707ec3133bc74301b1a652d0521a5386d0098cfa0d5ecf83cf3f5f6dc95f8c16737619f484f677e98a0e739838aef81c242d4256a742,2018-09-06 07:58:00,30,NO CONTROLS,NO CONTROLS,RAIN,DAYLIGHT,TURNING,NOT DIVIDED,STRAIGHT AND LEVEL,WET,NO DEFECTS,NO INJURY / DRIVE AWAY,"$501 - $1,500",UNABLE TO DETERMINE,UNABLE TO DETERMINE,2449,W,NORTH AVE,2,NO INDICATION OF INJURY,0.0,0.0,0.0,0.0,0.0,2.0,0.0,7,5,9
1df5a02e4c793108c0224e87ebc4c5fe2d55f3557f19cf726bbdf4100dad95766192a0474c70ddd561afa0785cfb6a3075d1661b5b7b67ff87e461696a691353,2023-01-28 02:00:00,35,NO CONTROLS,NO CONTROLS,CLEAR,DARKNESS,REAR END,NOT DIVIDED,STRAIGHT AND LEVEL,SNOW OR SLUSH,NO DEFECTS,NO INJURY / DRIVE AWAY,"OVER $1,500",UNABLE TO DETERMINE,UNABLE TO DETERMINE,2400,N,MILWAUKEE AVE,2,NO INDICATION OF INJURY,0.0,0.0,0.0,0.0,0.0,2.0,0.0,2,7,1
74726fed6a414f15098a8995bc9c7e0cde42a17447acf670f75e6d8959000039baf8582117feb8bbbe9672a3a6fdba51a40a5bb56b3a3538a8f058e9e0304bbb,2022-07-16 01:13:00,30,TRAFFIC SIGNAL,FUNCTIONING PROPERLY,CLEAR,"DARKNESS, LIGHTED ROAD",REAR END,DIVIDED - W/MEDIAN (NOT RAISED),STRAIGHT AND LEVEL,DRY,NO DEFECTS,INJURY AND / OR TOW DUE TO CRASH,"OVER $1,500",UNABLE TO DETERMINE,UNABLE TO DETERMINE,3001,N,CICERO AVE,5,NONINCAPACITATING INJURY,1.0,0.0,0.0,1.0,0.0,5.0,0.0,1,7,7
61fc0a23b7e68f1d4b49eb41ffc492165d54c21df7d2488f7ead122df5d6b3226f1d1445e8e39c2cbb7c942907a9391df648ec2b6a281ee3e46122e8d162d98a,2023-08-19 05:25:00,30,NO CONTROLS,NO CONTROLS,CLEAR,"DARKNESS, LIGHTED ROAD",PARKED MOTOR VEHICLE,NOT DIVIDED,STRAIGHT AND LEVEL,DRY,NO DEFECTS,NO INJURY / DRIVE AWAY,"OVER $1,500",NOT APPLICABLE,NOT APPLICABLE,3449,N,ELAINE PL,3,NO INDICATION OF INJURY,0.0,0.0,0.0,0.0,0.0,1.0,0.0,5,7,8
44301807bc22094f3b766874030ef4fc18e9a686cdf27634e5ad4b0f30decf902f4bf1802841b93ff26e9da637b56389d9bd23b1def1b886d160ff2c8778f2b3,2020-09-04 13:50:00,30,NO CONTROLS,NO CONTROLS,CLEAR,DAYLIGHT,TURNING,FOUR WAY,STRAIGHT ON GRADE,DRY,NO DEFECTS,INJURY AND / OR TOW DUE TO CRASH,"OVER $1,500",FAILING TO YIELD RIGHT-OF-WAY,IMPROPER TURNING/NO SIGNAL,2859,S,KEDZIE AVE,2,NO INDICATION OF INJURY,0.0,0.0,0.0,0.0,0.0,2.0,0.0,13,6,9
c62d0f18f6a359dd23e9cab417e491967d55ff64e62e5b3b8cc705f494f7430fe22f601c0702a3aedd9b4547921bb62081c8b5163979510ca5dad79d0356a1cb,2022-08-09 18:10:00,30,NO CONTROLS,NO CONTROLS,CLEAR,DAYLIGHT,SIDESWIPE SAME DIRECTION,DIVIDED - W/MEDIAN (NOT RAISED),STRAIGHT AND LEVEL,DRY,UNKNOWN,NO INJURY / DRIVE AWAY,"OVER $1,500",UNABLE TO DETERMINE,UNABLE TO DETERMINE,5211,N,HARLEM AVE,2,NO INDICATION OF INJURY,0.0,0.0,0.0,0.0,0.0,2.0,0.0,18,3,8
8bc89ec257a6958e5ad8095a817d5944b8838643b9eef0e5c0f2dedf17bbed40cc5d2643ce7772d792275eb24e79420f510f32e83227011bb36cd88918513b6b,2017-08-16 20:43:00,20,STOP SIGN/FLASHER,FUNCTIONING PROPERLY,RAIN,"DARKNESS, LIGHTED ROAD",PARKED MOTOR VEHICLE,NOT DIVIDED,STRAIGHT AND LEVEL,WET,UNKNOWN,INJURY AND / OR TOW DUE TO CRASH,"OVER $1,500",UNABLE TO DETERMINE,NOT APPLICABLE,3553,W,78TH PL,3,NONINCAPACITATING INJURY,1.0,0.0,0.0,1.0,0.0,0.0,0.0,20,4,8
2ff65113f9b7cec63f87b26aed38def0470ced39b52ef0054579517e73a5cb167d2c133a4c46a1dc4ce6deec2188047578b19c7f39f1944a945d8eab878e0b30,2023-09-07 23:00:00,30,NO CONTROLS,NO CONTROLS,CLEAR,"DARKNESS, LIGHTED ROAD",PARKED MOTOR VEHICLE,NOT DIVIDED,STRAIGHT AND LEVEL,DRY,NO DEFECTS,NO INJURY / DRIVE AWAY,"OVER $1,500",UNABLE TO DETERMINE,NOT APPLICABLE,2532,E,76TH ST,2,NO INDICATION OF INJURY,0.0,0.0,0.0,0.0,0.0,1.0,0.0,23,5,9
d05c130eff396d30fc1f6fd506c5ccb9a01ddb61ebb58acb510977355c4d9352271477c6844b95901bf9c12e0fb3b2f63b0d2440483495193f18dea06690639e,2019-12-20 10:15:00,30,TRAFFIC SIGNAL,FUNCTIONING PROPERLY,CLEAR,DAYLIGHT,TURNING,FOUR WAY,STRAIGHT AND LEVEL,DRY,NO DEFECTS,NO INJURY / DRIVE AWAY,"OVER $1,500",UNABLE TO DETERMINE,UNABLE TO DETERMINE,400,W,BELMONT AVE,2,NO INDICATION OF INJURY,0.0,0.0,0.0,0.0,0.0,2.0,0.0,10,6,12
4c80e76e6eeef2ec8dd1aec5949e306b4fe250927f65d946832911fbb879d293dc976e9bf5e792cd8e7f543f9a377c008d73f03981d83e4f251a2bf0b4929149,2020-06-07 17:50:00,20,NO CONTROLS,NO CONTROLS,CLEAR,DAYLIGHT,REAR END,ONE-WAY,STRAIGHT AND LEVEL,DRY,NO DEFECTS,NO INJURY / DRIVE AWAY,"OVER $1,500",IMPROPER BACKING,NOT APPLICABLE,2111,N,MENARD AVE,2,NO INDICATION OF INJURY,0.0,0.0,0.0,0.0,0.0,2.0,0.0,17,1,6
afdc260ce2cbbb3e8aba0be10f521d6cd266170a913571dadd6a8d8847cfe87d3548b77d780192586741cfc67a4bae2e38fda86c268d8623a16ac539ab5da07a,2024-04-18 14:25:00,30,NO CONTROLS,NO CONTROLS,CLEAR,DAYLIGHT,SIDESWIPE SAME DIRECTION,NOT DIVIDED,STRAIGHT AND LEVEL,DRY,NO DEFECTS,NO INJURY / DRIVE AWAY,"$501 - $1,500",IMPROPER LANE USAGE,IMPROPER LANE USAGE,723,N,CENTRAL AVE,2,NO INDICATION OF INJURY,0.0,0.0,0.0,0.0,0.0,2.0,0.0,14,5,4
cb04928efbb7629a2e97761295cc736003b695c032c82b65ef3c61a04aaae702ff6140696dce719e0a661f67d24a1c0253359e644e71c90799690e176059b998,2023-06-15 12:00:00,10,NO CONTROLS,NO CONTROLS,CLEAR,DAYLIGHT,PARKED MOTOR VEHICLE,PARKING LOT,STRAIGHT AND LEVEL,DRY,NO DEFECTS,NO INJURY / DRIVE AWAY,$500 OR LESS,UNABLE TO DETERMINE,UNABLE TO DETERMINE,4556,S,ASHLAND AVE,2,NO INDICATION OF INJURY,0.0,0.0,0.0,0.0,0.0,1.0,0.0,12,5,6
412bb32f4d28a28cd97e30c5e566cf14de998a996412bba2b00607d48ce009ddca1ed283886bf0816305dec1c333a542edd2b1111c615ada16bda3c552cd6934,2023-12-19 16:08:00,30,NO CONTROLS,NO CONTROLS,CLEAR,DUSK,TURNING,T-INTERSECTION,STRAIGHT AND LEVEL,DRY,NO DEFECTS,INJURY AND / OR TOW DUE TO CRASH,"OVER $1,500",FAILING TO YIELD RIGHT-OF-WAY,IMPROPER TURNING/NO SIGNAL,5255,N,ELSTON AVE,2,NO INDICATION OF INJURY,0.0,0.0,0.0,0.0,0.0,2.0,0.0,16,3,12
c9d6899add3c8339ae22ca001eac6d28eb24b5185b4f91d4ce8c6f8e24658ec130d3814273ab76a466ce43674a110ffd91833db60a7b71493e85cb77c05a15dd,2018-01-17 14:30:00,30,NO CONTROLS,NO CONTROLS,CLEAR,DAYLIGHT,REAR END,NOT DIVIDED,STRAIGHT AND LEVEL,DRY,NO DEFECTS,NO INJURY / DRIVE AWAY,"$501 - $1,500",IMPROPER BACKING,NOT APPLICABLE,7200,W,BRYN MAWR AVE,2,NO INDICATION OF INJURY,0.0,0.0,0.0,0.0,0.0,2.0,0.0,14,4,1
ce31555985817ff5bfef85663dec19b3b9d050ab83767424b53506b00a51dc47ec95c4e527af6e17e42a78e4908bef90b26f8c8b48a8af40543d38420b4176f4,2020-09-05 18:45:00,25,NO CONTROLS,NO CONTROLS,CLEAR,DAYLIGHT,PARKED MOTOR VEHICLE,ONE-WAY,STRAIGHT AND LEVEL,DRY,NO DEFECTS,NO INJURY / DRIVE AWAY,$500 OR LESS,UNABLE TO DETERMINE,NOT APPLICABLE,5320,W,CORNELIA AVE,2,NO INDICATION OF INJURY,0.0,0.0,0.0,0.0,0.0,1.0,0.0,18,7,9
586ade3a3ae5cc2f65b7d67c28fde486b86f319764efed4ca24cc5d685dea3b7266ca671d9bea548380eb591758f43c49b847be78140ac2e3333f5f5e20f32b4,2020-03-09 01:49:00,45,NO CONTROLS,NO CONTROLS,CLEAR,DARKNESS,REAR END,ONE-WAY,STRAIGHT AND LEVEL,DRY,NO DEFECTS,INJURY AND / OR TOW DUE TO CRASH,"OVER $1,500",UNABLE TO DETERMINE,UNABLE TO DETERMINE,4230,S,LAKE SHORE DR SB,2,"REPORTED, NOT EVIDENT",2.0,0.0,0.0,0.0,2.0,1.0,0.0,1,2,3
be5a4ef3675061bb60a0412781a71519482c08b0a7c0bb3647f9598e666a35a058335b6827d4208b1214a4a14fb618e76776dea9c70eac3d6e14e35316b01dcd,2016-05-13 17:30:00,30,TRAFFIC SIGNAL,FUNCTIONING PROPERLY,CLOUDY/OVERCAST,DAYLIGHT,SIDESWIPE SAME DIRECTION,DIVIDED - W/MEDIAN (NOT RAISED),STRAIGHT AND LEVEL,DRY,NO DEFECTS,INJURY AND / OR TOW DUE TO CRASH,$500 OR LESS,UNABLE TO DETERMINE,NOT APPLICABLE,1320,N,CICERO AVE,2,"REPORTED, NOT EVIDENT",1.0,0.0,0.0,0.0,1.0,1.0,0.0,17,6,5
f5e31af917047a4a92a337836dd08db067d0a84f13e902c2ec9c0633a89803b91d6a818cbef98113d8c1c2cefeed252e96f5c0b0f8353809c0e2cc3b05ba6401,2021-07-29 05:10:00,30,STOP SIGN/FLASHER,NO CONTROLS,CLEAR,DAYLIGHT,ANGLE,UNKNOWN INTERSECTION TYPE,STRAIGHT AND LEVEL,DRY,NO DEFECTS,INJURY AND / OR TOW DUE TO CRASH,"OVER $1,500",DISREGARDING TRAFFIC SIGNALS,UNABLE TO DETERMINE,201,W,31ST ST,2,NO INDICATION OF INJURY,0.0,0.0,0.0,0.0,0.0,2.0,0.0,5,5,7
d952ea806ff394e821830f46c8370f84ea96680273bd29d170d28870d8f5663ef85e1a946b2b5faa7a2c368c44fa0ca905712f66fb806c8599570c0dcc0ee708,2019-04-27 20:17:00,30,TRAFFIC SIGNAL,FUNCTIONING PROPERLY,SNOW,"DARKNESS, LIGHTED ROAD",REAR END,NOT DIVIDED,STRAIGHT AND LEVEL,SNOW OR SLUSH,NO DEFECTS,INJURY AND / OR TOW DUE TO CRASH,"OVER $1,500",FOLLOWING TOO CLOSELY,NOT APPLICABLE,4699,W,MADISON ST,2,"REPORTED, NOT EVIDENT",1.0,0.0,0.0,0.0,1.0,2.0,0.0,20,7,4
ec70ea523e3fe44d4836e5111cc3a8cfdbb6cd5ff9ec7c415b6e5e1f998799ba8e17a1c79bbcf8d98123c92a8793054bf6e9b39a80f1ac5802ce8b4668eabab0,2021-04-27 16:00:00,30,NO CONTROLS,NO CONTROLS,CLEAR,DAYLIGHT,PARKED MOTOR VEHICLE,ONE-WAY,STRAIGHT AND LEVEL,DRY,NO DEFECTS,NO INJURY / DRIVE AWAY,$500 OR LESS,UNABLE TO DETERMINE,NOT APPLICABLE,1540,S,DRAKE AVE,2,NO INDICATION OF INJURY,0.0,0.0,0.0,0.0,0.0,1.0,0.0,16,3,4
f8615281363523b346e5b12f6ff6c1975155de23ea8bb245a5237c4d5b4ca677bb43b3fc65e3f2a43a95bbaa1d9cbe4e5ec82874a836c7d1df7df5737f03be09,2021-01-01 04:18:00,30,TRAFFIC SIGNAL,FUNCTIONING PROPERLY,CLEAR,"DARKNESS, LIGHTED ROAD",REAR END,NOT DIVIDED,STRAIGHT AND LEVEL,DRY,NO DEFECTS,INJURY AND / OR TOW DUE TO CRASH,"OVER $1,500",UNABLE TO DETERMINE,UNABLE TO DETERMINE,9500,S,STONY ISLAND AVE,2,"REPORTED, NOT EVIDENT",1.0,0.0,0.0,0.0,1.0,5.0,0.0,4,6,1
029e6fdb482ad6c3ae3bf6fc33b7aff88b4a757cb6fee0f2dac22dbf345e1ee1a2413ce013011bfaf4776038390a707cb63689e3166df988e4cb7a14fbf6bcf9,2017-11-20 18:03:00,15,NO CONTROLS,NO CONTROLS,CLEAR,"DARKNESS, LIGHTED ROAD",FIXED OBJECT,ALLEY,STRAIGHT AND LEVEL,DRY,UNKNOWN,NO INJURY / DRIVE AWAY,"OVER $1,500",UNABLE TO DETERMINE,UNABLE TO DETERMINE,4850,N,SACRAMENTO AVE,1,NO INDICATION OF INJURY,0.0,0.0,0.0,0.0,0.0,1.0,0.0,18,2,11
32bc6e45356cb3797a186946a6bd5bf54294dc3c1b1951369ef178968e2b2963a7cb046da90d77794d297bc0cd5f4456980d036e6dc4a643e336db0dbdd56f11,2021-08-24 16:20:00,15,NO CONTROLS,NO CONTROLS,CLEAR,DAYLIGHT,REAR TO FRONT,PARKING LOT,STRAIGHT AND LEVEL,DRY,UNKNOWN,NO INJURY / DRIVE AWAY,"OVER $1,500",IMPROPER BACKING,FAILING TO REDUCE SPEED TO AVOID CRASH,4800,S,KEDZIE AVE,2,NO INDICATION OF INJURY,0.0,0.0,0.0,0.0,0.0,3.0,0.0,16,3,8
c91c6fb439753dc639a6b230efc66ece7e447f1b3930e958537a578e9cc9625819f3eada47d148d074ad71573692ad443260075855a8229ac51180dc99bee73c,2023-05-04 20:50:00,35,NO CONTROLS,NO CONTROLS,CLEAR,DARKNESS,FIXED OBJECT,DIVIDED - W/MEDIAN BARRIER,STRAIGHT AND LEVEL,DRY,NO DEFECTS,INJURY AND / OR TOW DUE TO CRASH,"OVER $1,500",IMPROPER OVERTAKING/PASSING,IMPROPER TURNING/NO SIGNAL,1615,E,71ST ST,1,NO INDICATION OF INJURY,0.0,0.0,0.0,0.0,0.0,1.0,0.0,20,5,5
720db02b7ec1a0818e190be269b182b04533fa60333d7b038e5fb4539cb07e21e470177084a3372a5ee336eb8fc43d63a6aa085e024f4fe41cfb5b3cdb5cf829,2020-07-12 01:10:00,20,NO CONTROLS,NO CONTROLS,CLEAR,"DARKNESS, LIGHTED ROAD",REAR END,ONE-WAY,STRAIGHT AND LEVEL,DRY,NO DEFECTS,INJURY AND / OR TOW DUE TO CRASH,"OVER $1,500",DISTRACTION - FROM OUTSIDE VEHICLE,FAILING TO REDUCE SPEED TO AVOID CRASH,4331,W,MONROE ST,6,"REPORTED, NOT EVIDENT",1.0,0.0,0.0,0.0,1.0,2.0,0.0,1,1,7