CRASH_RECORD_ID,CRASH_DATE,POSTED_SPEED_LIMIT,TRAFFIC_CONTROL_DEVICE,DEVICE_CONDITION,WEATHER_CONDITION,LIGHTING_CONDITION,FIRST_CRASH_TYPE,TRAFFICWAY_TYPE,ALIGNMENT,ROADWAY_SURFACE_COND,ROAD_DEFECT,CRASH_TYPE,DAMAGE,PRIM_CONTRIBUTORY_CAUSE,SEC_CONTRIBUTORY_CAUSE,STREET_NO,STREET_DIRECTION,STREET_NAME,NUM_UNITS,MOST_SEVERE_INJURY,INJURIES_TOTAL,INJURIES_FATAL,INJURIES_INCAPACITATING,INJURIES_NON_INCAPACITATING,INJURIES_REPORTED_NOT_EVIDENT,INJURIES_NO_INDICATION,INJURIES_UNKNOWN,CRASH_HOUR,CRASH_DAY_OF_WEEK,CRASH_MONTH
d3fae95ab7a06b5ef43eb9bf1e90b01bcaf92065e35180a2743b5fcd8d5417bc536d21652428047d55e9390215d161a9895b424484a6eca25dc9d3324dc5aca4,2020-09-16 15:55:00,30,NO CONTROLS,NO CONTROLS,CLEAR,DAYLIGHT,TURNING,ALLEY,STRAIGHT AND LEVEL,DRY,NO DEFECTS,NO INJURY / DRIVE AWAY,"OVER $1,500",UNABLE TO DETERMINE,UNABLE TO DETERMINE,3350,W,16TH ST,2,NO INDICATION OF INJURY,0.0,0.0,0.0,0.0,0.0,2.0,0.0,15,4,9
e1f84741a2dffc23c8e19ec3ef093653a39d921ff25fd4df56c4421acbce56c30236c2606b0798679f5aa75943d79b608b9945f50e29ecd97e1fa5e3e1eefb40,2023-05-05 09:05:00,30,TRAFFIC SIGNAL,FUNCTIONING PROPERLY,CLEAR,DAYLIGHT,SIDESWIPE SAME DIRECTION,NOT DIVIDED,STRAIGHT AND LEVEL,DRY,NO DEFECTS,NO INJURY / DRIVE AWAY,"OVER $1,500",IMPROPER OVERTAKING/PASSING,IMPROPER OVERTAKING/PASSING,1013,E,63RD ST,2,NO INDICATION OF INJURY,0.0,0.0,0.0,0.0,0.0,3.0,0.0,9,6,5
9ddc62ba863e1d1b354517f45661cca8590f1eaf63fee69cb5ad0e1419bbe4d5e964b599e79f9eb7bdfec2c0223da2c9088fd9b3daabe671744b8fafd805614b,2019-02-03 17:10:00,30,NO CONTROLS,NO CONTROLS,CLEAR,DUSK,SIDESWIPE SAME DIRECTION,NOT DIVIDED,STRAIGHT AND LEVEL,DRY,NO DEFECTS,NO INJURY / DRIVE AWAY,"OVER $1,500",IMPROPER OVERTAKING/PASSING,NOT APPLICABLE,4942,N,SHERIDAN RD,2,NO INDICATION OF INJURY,0.0,0.0,0.0,0.0,0.0,2.0,0.0,17,1,2
dc278c4a73c0b51ac9cea597cc8fe824ffee8e14a557980a16a5b606a32e39fd88376a7de92b2d5199b089d6896646dd143a004f36b459fb0c49f53b014a45ca,2022-10-06 14:00:00,30,NO CONTROLS,NO CONTROLS,CLEAR,DAYLIGHT,TURNING,NOT DIVIDED,STRAIGHT AND LEVEL,DRY,NO DEFECTS,NO INJURY / DRIVE AWAY,"$501 - $1,500",IMPROPER TURNING/NO SIGNAL,NOT APPLICABLE,7836,S,KEDZIE AVE,2,NO INDICATION OF INJURY,0.0,0.0,0.0,0.0,0.0,2.0,0.0,14,5,10
249def21231c795778744b90cb0464328dba30a2132607be7b167a050b8346107395cdbb55cd54faf0b4c73d43846e33ade3c75c1f048b2d336f0bac0b186632,2023-05-17 04:37:00,30,TRAFFIC SIGNAL,FUNCTIONING PROPERLY,CLEAR,UNKNOWN,TURNING,T-INTERSECTION,STRAIGHT AND LEVEL,DRY,NO DEFECTS,INJURY AND / OR TOW DUE TO CRASH,"OVER $1,500",UNABLE TO DETERMINE,NOT APPLICABLE,601,N,LA SALLE DR,2,"REPORTED, NOT EVIDENT",3.0,0.0,0.0,0.0,3.0,1.0,0.0,4,4,5
5839c48259d32e4821e9bd549af91bb87023d50979804f239e9c0631b431f4300ee83392b461e74d309be3a415b0e3838069175c57197ffc6e575347a2947cde,2021-08-12 12:30:00,30,NO CONTROLS,NO CONTROLS,CLEAR,DAYLIGHT,PARKED MOTOR VEHICLE,ONE-WAY,STRAIGHT AND LEVEL,DRY,NO DEFECTS,INJURY AND / OR TOW DUE TO CRASH,"$501 - $1,500",UNABLE TO DETERMINE,NOT APPLICABLE,7548,S,DOBSON AVE,2,NO INDICATION OF INJURY,0.0,0.0,0.0,0.0,0.0,1.0,0.0,12,5,8
99377065b4baebe3d5c188480388b92d5a83553e2ba5fa6d6c46324dd1409c27366ac3f868804ccc917739df3e8360e40233fe94414cc9deb4754e8296d0c09f,2020-09-25 07:45:00,30,NO CONTROLS,NO CONTROLS,CLEAR,DAYLIGHT,REAR END,NOT DIVIDED,STRAIGHT AND LEVEL,DRY,NO DEFECTS,NO INJURY / DRIVE AWAY,"$501 - $1,500",UNABLE TO DETERMINE,UNABLE TO DETERMINE,9510,S,WENTWORTH AVE,2,NO INDICATION OF INJURY,0.0,0.0,0.0,0.0,0.0,2.0,0.0,7,6,9
c8cf9f53dc98e81f536cef8e3e0fffdc1c015d8d64a1c44bdad033b5fa0f165b1f78d862970ac1147868b75bedadb601673313f404d8a34183708ae0b3e7e46d,2020-08-11 07:30:00,25,NO CONTROLS,UNKNOWN,CLEAR,UNKNOWN,PARKED MOTOR VEHICLE,ONE-WAY,STRAIGHT AND LEVEL,DRY,NO DEFECTS,NO INJURY / DRIVE AWAY,"$501 - $1,500",NOT APPLICABLE,NOT APPLICABLE,1959,W,GREENLEAF AVE,2,NO INDICATION OF INJURY,0.0,0.0,0.0,0.0,0.0,1.0,0.0,7,3,8
058879f564e303e73808dd6a78e3b8500e53f8c47e8ef7ed48c39f8625793fc4f3bc1ec6d7645c0a90bfacb661a46c9b0e66a3fa97c4bfe753dfd25df5804ce8,2018-05-14 16:10:00,30,STOP SIGN/FLASHER,FUNCTIONING PROPERLY,CLEAR,DAYLIGHT,REAR END,ONE-WAY,STRAIGHT AND LEVEL,DRY,NO DEFECTS,NO INJURY / DRIVE AWAY,$500 OR LESS,"OPERATING VEHICLE IN ERRATIC, RECKLESS, CARELESS, NEGLIGENT OR AGGRESSIVE MANNER",FAILING TO REDUCE SPEED TO AVOID CRASH,2401,W,66TH ST,2,NO INDICATION OF INJURY,0.0,0.0,0.0,0.0,0.0,7.0,0.0,16,2,5
ce9df5c72ade4ec138a7063c6c0c6af5a5cba504d5d157eb79f05d82485aafb994c8627500297175a930d8cdba316c48717320dbbb53abb9ed1938305dcbecd2,2017-06-18 22:00:00,30,TRAFFIC SIGNAL,FUNCTIONING PROPERLY,CLEAR,"DARKNESS, LIGHTED ROAD",ANGLE,NOT DIVIDED,STRAIGHT AND LEVEL,DRY,NO DEFECTS,INJURY AND / OR TOW DUE TO CRASH,"OVER $1,500",DISREGARDING TRAFFIC SIGNALS,DISREGARDING TRAFFIC SIGNALS,237,W,47TH ST,2,NONINCAPACITATING INJURY,1.0,0.0,0.0,1.0,0.0,2.0,0.0,22,1,6
1e08de8787a146b4fab9b8f62d13e07a32c3ac7c157314227a987dfea635bd470ddf9f8deb4a4afd99d4f329f488a1d092f7a725f5aee297b5500c3fca9c2f46,2021-02-11 11:30:00,30,NO CONTROLS,NO CONTROLS,SNOW,DAYLIGHT,REAR TO SIDE,DIVIDED - W/MEDIAN (NOT RAISED),STRAIGHT AND LEVEL,SNOW OR SLUSH,UNKNOWN,NO INJURY / DRIVE AWAY,"$501 - $1,500",DRIVING SKILLS/KNOWLEDGE/EXPERIENCE,DRIVING SKILLS/KNOWLEDGE/EXPERIENCE,3525,N,HARLEM AVE,2,NO INDICATION OF INJURY,0.0,0.0,0.0,0.0,0.0,2.0,0.0,11,5,2
1441eed8529ec1a83c6f4c6447af4a8c23f995c79c88c69526e83968558f971e7a3b1a7e9403d20b60ec23065013e13cc696937594f11c1e00191cfdc8a501a2,2017-12-27 14:10:00,30,TRAFFIC SIGNAL,FUNCTIONING PROPERLY,CLEAR,DAYLIGHT,ANGLE,OTHER,STRAIGHT AND LEVEL,DRY,NO DEFECTS,NO INJURY / DRIVE AWAY,"OVER $1,500",DISREGARDING TRAFFIC SIGNALS,FAILING TO REDUCE SPEED TO AVOID CRASH,600,N,ORLEANS ST,2,NO INDICATION OF INJURY,0.0,0.0,0.0,0.0,0.0,2.0,0.0,14,4,12
9bb62a15f7f932e1c76e0aa299294c2a23b2dc5f4f3794d531ad5d68d0e7d5f96da04db03653c7353a3e6c05c1305af546ec8ad9949d3d06199a85d23568c472,2023-11-17 12:30:00,30,TRAFFIC SIGNAL,FUNCTIONING PROPERLY,CLEAR,DAYLIGHT,PARKED MOTOR VEHICLE,T-INTERSECTION,STRAIGHT AND LEVEL,DRY,NO DEFECTS,INJURY AND / OR TOW DUE TO CRASH,"OVER $1,500",IMPROPER TURNING/NO SIGNAL,NOT APPLICABLE,3655,W,31ST ST,2,NO INDICATION OF INJURY,0.0,0.0,0.0,0.0,0.0,1.0,0.0,12,6,11
f853665cee4b3826b042906b4119a7135478ca643c84010b91ec64431bdb39fc7b14c82e6a1ea05d78d62484152592dabdd42b0ac79042cb8507d716bdeb38b9,2022-10-30 19:30:00,20,NO CONTROLS,NO CONTROLS,RAIN,"DARKNESS, LIGHTED ROAD",SIDESWIPE SAME DIRECTION,FOUR WAY,STRAIGHT AND LEVEL,WET,NO DEFECTS,INJURY AND / OR TOW DUE TO CRASH,"OVER $1,500",IMPROPER OVERTAKING/PASSING,FOLLOWING TOO CLOSELY,8302,S,RACINE AVE,3,NO INDICATION OF INJURY,0.0,0.0,0.0,0.0,0.0,6.0,0.0,19,1,10
1440920aa88d3e5d40a268da0465b8586446a9cc227bc5db85edc6033c27219ded911dbc38765a58e49bb19a633e4aecb2f988da447d9f82bd1778244b44c8e3,2023-02-28 09:40:00,30,UNKNOWN,UNKNOWN,CLEAR,DAYLIGHT,TURNING,NOT DIVIDED,STRAIGHT AND LEVEL,DRY,UNKNOWN,NO INJURY / DRIVE AWAY,"OVER $1,500",IMPROPER TURNING/NO SIGNAL,NOT APPLICABLE,8101,S,RACINE AVE,2,NO INDICATION OF INJURY,0.0,0.0,0.0,0.0,0.0,2.0,0.0,9,3,2
f4b5e46ec8f6ed8d21109903073fb160a07c1d4d8f353fbb92309369f3716b5a278db74f1200d0b41a9e33ed73feb9032a1cd86bb993fd7fe7cf1daab2706567,2023-04-25 11:20:00,35,TRAFFIC SIGNAL,FUNCTIONING PROPERLY,CLEAR,DAYLIGHT,REAR END,FOUR WAY,STRAIGHT ON GRADE,DRY,NO DEFECTS,INJURY AND / OR TOW DUE TO CRASH,"OVER $1,500",EQUIPMENT - VEHICLE CONDITION,EQUIPMENT - VEHICLE CONDITION,4801,W,PETERSON AVE,2,INCAPACITATING INJURY,1.0,0.0,1.0,0.0,0.0,1.0,0.0,11,3,4
81f8f741a4331488cd41922ed5d6eb045fa424be19b3e499175f48741014f79a4514879e16875422dccfd3f28ffbd01f382b7ba6efa7d75165b22dee5a88fbac,2019-10-02 09:45:00,30,STOP SIGN/FLASHER,FUNCTIONING PROPERLY,RAIN,DAYLIGHT,REAR END,DIVIDED - W/MEDIAN (NOT RAISED),STRAIGHT AND LEVEL,WET,UNKNOWN,NO INJURY / DRIVE AWAY,"$501 - $1,500",FOLLOWING TOO CLOSELY,WEATHER,5248,N,CENTRAL AVE,2,NO INDICATION OF INJURY,0.0,0.0,0.0,0.0,0.0,2.0,0.0,9,4,10
dfc802734dbd5773809ba38b27703d01d417f0c563e477603a9ae7823ac4858359b6aa269f8294ef1bbd93916a488942add865b974fd09d156d1cffd43007859,2021-04-14 21:14:00,25,NO CONTROLS,NO CONTROLS,CLEAR,DARKNESS,PARKED MOTOR VEHICLE,NOT DIVIDED,STRAIGHT AND LEVEL,DRY,NO DEFECTS,NO INJURY / DRIVE AWAY,"OVER $1,500",UNABLE TO DETERMINE,UNABLE TO DETERMINE,5751,W,CHICAGO AVE,2,NO INDICATION OF INJURY,0.0,0.0,0.0,0.0,0.0,1.0,0.0,21,4,4
9e8bf75e9dd886b85606d64e1c0bf1d9f2d5ba55b542d589204973f180396f178f54e9c4e97d487422e80e47c0140d8c3da8c979753906204e8ea2219bb058ef,2020-11-13 08:00:00,30,STOP SIGN/FLASHER,OTHER,CLEAR,DAYLIGHT,REAR END,NOT DIVIDED,STRAIGHT AND LEVEL,DRY,NO DEFECTS,NO INJURY / DRIVE AWAY,"OVER $1,500",FOLLOWING TOO CLOSELY,UNABLE TO DETERMINE,1359,N,WELLS ST,2,NO INDICATION OF INJURY,0.0,0.0,0.0,0.0,0.0,2.0,0.0,8,6,11
800821a8d19ed0b8712fa840085bc0ee8942d38226a8b6892342a9c765c1ad2fa5b7fb35659423003487663092d36e64c1aa33cefb26f50a6b1b1cd4d9985033,2016-12-25 01:05:00,45,TRAFFIC SIGNAL,FUNCTIONING PROPERLY,CLEAR,"DARKNESS, LIGHTED ROAD",REAR END,DIVIDED - W/MEDIAN BARRIER,STRAIGHT AND LEVEL,DRY,NO DEFECTS,INJURY AND / OR TOW DUE TO CRASH,"OVER $1,500",PHYSICAL CONDITION OF DRIVER,PHYSICAL CONDITION OF DRIVER,1400,S,LAKE SHORE DR E,3,NONINCAPACITATING INJURY,1.0,0.0,0.0,1.0,0.0,2.0,0.0,1,1,12
a0ef29606985507f559030ea8e0cfcdf82ea8ea19165bd1de12e0e6f8956ecf6a5f699951ac693418925cc5fd5089b5fccdbebe057888bab6193b01ed4ccbdca,2018-12-22 11:05:00,30,NO CONTROLS,NO CONTROLS,CLEAR,DAYLIGHT,SIDESWIPE SAME DIRECTION,DIVIDED - W/MEDIAN (NOT RAISED),STRAIGHT AND LEVEL,DRY,NO DEFECTS,NO INJURY / DRIVE AWAY,"OVER $1,500",IMPROPER TURNING/NO SIGNAL,NOT APPLICABLE,1624,W,DIVISION ST,2,NO INDICATION OF INJURY,0.0,0.0,0.0,0.0,0.0,2.0,0.0,11,7,12
246da5ab3e846e1746ef872a54cbd216935578703c8ee3805b8007862d8ee2150d2dd45972353172445c43da5d4048b79b6dc225f4e322b4b1ab6be43a7c52c4,2020-01-31 13:05:00,30,TRAFFIC SIGNAL,FUNCTIONING PROPERLY,SNOW,DAYLIGHT,ANGLE,T-INTERSECTION,STRAIGHT AND LEVEL,WET,NO DEFECTS,INJURY AND / OR TOW DUE TO CRASH,"OVER $1,500",FAILING TO REDUCE SPEED TO AVOID CRASH,FAILING TO YIELD RIGHT-OF-WAY,340,E,LOWER WACKER DR,4,NONINCAPACITATING INJURY,1.0,0.0,0.0,1.0,0.0,1.0,0.0,13,6,1
1116fae6aef0d6e474d2297267c94863212becbb2ba9b70b2d8064e0641e5df1e7759993787f115a447db7c99cedaea9d22ada87b18cc7d695f40679a7b3d9bf,2023-05-08 11:00:00,0,NO CONTROLS,NO CONTROLS,RAIN,DAYLIGHT,TURNING,PARKING LOT,STRAIGHT AND LEVEL,WET,NO DEFECTS,NO INJURY / DRIVE AWAY,"OVER $1,500",DRIVING SKILLS/KNOWLEDGE/EXPERIENCE,UNABLE TO DETERMINE,4343,N,KEDZIE AVE,2,NO INDICATION OF INJURY,0.0,0.0,0.0,0.0,0.0,4.0,0.0,11,2,5
96e027cf2fe8b45d3f4aa0cd303fd2651b7271e18e469d747057022ebbaed41883f00e2b5c62c0064a321ed7b67c985ac86e8dc6ace267ca53222e326a5c9ae0,2018-10-29 20:46:00,30,NO CONTROLS,NO CONTROLS,CLEAR,DARKNESS,PARKED MOTOR VEHICLE,PARKING LOT,STRAIGHT AND LEVEL,UNKNOWN,UNKNOWN,INJURY AND / OR TOW DUE TO CRASH,"OVER $1,500",IMPROPER BACKING,UNABLE TO DETERMINE,4335,N,CALIFORNIA AVE,3,NO INDICATION OF INJURY,0.0,0.0,0.0,0.0,0.0,2.0,0.0,20,2,10
644ba59c54269c23be3f1b53be610ed796198c420d3b95b69bbceadd914ff7c056463b34cdcc269179075dd08862ae60ec1b6a2b050f51ec53e3a4eeec0a51fe,2018-12-22 15:00:00,30,TRAFFIC SIGNAL,FUNCTIONING PROPERLY,CLEAR,DAYLIGHT,REAR END,DIVIDED - W/MEDIAN (NOT RAISED),STRAIGHT AND LEVEL,DRY,NO DEFECTS,NO INJURY / DRIVE AWAY,"$501 - $1,500",FOLLOWING TOO CLOSELY,UNABLE TO DETERMINE,2400,W,79TH ST,2,NO INDICATION OF INJURY,0.0,0.0,0.0,0.0,0.0,2.0,0.0,15,7,12
a85ac48a38e402a239ae1034b676e3a95d0feb17f5b8c397535731c5e8db2dd55b7e75e5880baa0a6b790ba93e239efebc18cd58aa2a12dc972c86f087631716,2019-08-01 22:30:00,35,NO CONTROLS,NO CONTROLS,CLEAR,"DARKNESS, LIGHTED ROAD",TURNING,DIVIDED - W/MEDIAN (NOT RAISED),STRAIGHT AND LEVEL,DRY,NO DEFECTS,NO INJURY / DRIVE AWAY,"OVER $1,500",UNABLE TO DETERMINE,UNABLE TO DETERMINE,1036,E,79TH ST,2,NO INDICATION OF INJURY,0.0,0.0,0.0,0.0,0.0,2.0,0.0,22,5,8
7149d7a0489fc8aa7f275db75d84a1cc246cb70b77648fef32fc775f856d3b044f1bf059f907652f2b287b21390d8e695d3629c2d0b5b1235fccc9886ff9ec04,2021-04-17 05:21:00,30,NO CONTROLS,UNKNOWN,UNKNOWN,"DARKNESS, LIGHTED ROAD",PARKED MOTOR VEHICLE,DIVIDED - W/MEDIAN BARRIER,"CURVE, LEVEL",UNKNOWN,UNKNOWN,INJURY AND / OR TOW DUE TO CRASH,"OVER $1,500",NOT APPLICABLE,NOT APPLICABLE,352,S,HAMLIN BLVD,2,NO INDICATION OF INJURY,0.0,0.0,0.0,0.0,0.0,1.0,0.0,5,7,4
8a0be6ee43299e5223e601bc1aa7b9928003e2791ee5b041ab642f5dd82cb0d455df3af6bf34f86e05c148216712106806a3fafec7815c5a6ff46ceae1a88f0e,2023-11-26 09:00:00,30,TRAFFIC SIGNAL,FUNCTIONING PROPERLY,SNOW,DAYLIGHT,REAR END,NOT DIVIDED,STRAIGHT AND LEVEL,WET,NO DEFECTS,NO INJURY / DRIVE AWAY,"OVER $1,500",UNABLE TO DETERMINE,UNABLE TO DETERMINE,3330,N,KIMBALL AVE,3,NO INDICATION OF INJURY,0.0,0.0,0.0,0.0,0.0,3.0,0.0,9,1,11
548c3df676e7e7652f342d20a9a4b51056f320002bca4074e7da1cc3020ead4040327d617bc4bdde0babf6aa06ab6629c3799856af032506506fff06f3fb12ab,2023-06-03 18:21:00,30,UNKNOWN,UNKNOWN,UNKNOWN,UNKNOWN,SIDESWIPE SAME DIRECTION,NOT DIVIDED,STRAIGHT AND LEVEL,UNKNOWN,UNKNOWN,NO INJURY / DRIVE AWAY,"OVER $1,500",UNABLE TO DETERMINE,UNABLE TO DETERMINE,1300,N,SEDGWICK ST,2,NO INDICATION OF INJURY,0.0,0.0,0.0,0.0,0.0,2.0,0.0,18,7,6
4a48a32b082c6191e23b838441e3665203df1466e2e4656493b5895375bb0c4f329aace92872a481b3a55e40652bdb3e08a081ad2541efabe46e734c933a1c42,2017-09-19 16:15:00,30,TRAFFIC SIGNAL,FUNCTIONING PROPERLY,CLEAR,DAYLIGHT,REAR END,NOT DIVIDED,STRAIGHT AND LEVEL,DRY,NO DEFECTS,NO INJURY / DRIVE AWAY,$500 OR LESS,FOLLOWING TOO CLOSELY,UNABLE TO DETERMINE,8600,S,SOUTH CHICAGO AVE,2,NO INDICATION OF INJURY,0.0,0.0,0.0,0.0,0.0,5.0,0.0,16,3,9
9d58bc45384e2bf75c3a28be5f1268ddd8e686221fe885a8b3004b2947c5f1efdc0173857f15b8db423d2425cfee90e485ccae228c9ef760119526a3248b5a44,2024-02-24 00:05:00,25,STOP SIGN/FLASHER,FUNCTIONING PROPERLY,SNOW,"DARKNESS, LIGHTED ROAD",REAR END,NOT DIVIDED,STRAIGHT AND LEVEL,SNOW OR SLUSH,NO DEFECTS,NO INJURY / DRIVE AWAY,"$501 - $1,500",WEATHER,FAILING TO REDUCE SPEED TO AVOID CRASH,1414,W,JONQUIL TER,2,NO INDICATION OF INJURY,0.0,0.0,0.0,0.0,0.0,4.0,0.0,0,7,2
e3e0e2b14d997aba39363e0770c1ad79d245af74b310fa7640f0869a2369d6265d781cc8e07ae68e2fb94cad9c09381e3e65bc7f843a2051ba3f8b8e5ef68d62,2018-11-11 23:45:00,30,NO CONTROLS,NO CONTROLS,CLEAR,UNKNOWN,PARKED MOTOR VEHICLE,NOT DIVIDED,STRAIGHT AND LEVEL,DRY,NO DEFECTS,NO INJURY / DRIVE AWAY,"OVER $1,500",UNABLE TO DETERMINE,UNABLE TO DETERMINE,9063,S,EMERALD AVE,2,NO INDICATION OF INJURY,0.0,0.0,0.0,0.0,0.0,1.0,0.0,23,1,11
8d44f2fada061de0f5c0c09f9438d9f4efcb0e2d456464bc88162583985939ea59249b97e3467283a1de05aabab3ab65540d1f522de2dd7a518533a33aadfd1c,2021-09-13 00:04:00,30,NO CONTROLS,NO CONTROLS,CLEAR,"DARKNESS, LIGHTED ROAD",FIXED OBJECT,NOT DIVIDED,STRAIGHT AND LEVEL,DRY,NO DEFECTS,INJURY AND / OR TOW DUE TO CRASH,"OVER $1,500",UNABLE TO DETERMINE,UNABLE TO DETERMINE,5060,W,LAKE ST,1,NONINCAPACITATING INJURY,1.0,0.0,0.0,1.0,0.0,3.0,0.0,0,2,9
83c971000ec5771ed0602ae2b9418f06c0482402a2d66dab60abbce40bb9e9f33affa6fef399ae8c2d53eab7e5e9a5f2c18a666e12c7e672ec2c0b11c537a501,2020-10-30 10:45:00,30,TRAFFIC SIGNAL,FUNCTIONING PROPERLY,CLEAR,DAYLIGHT,REAR END,NOT DIVIDED,STRAIGHT AND LEVEL,DRY,NO DEFECTS,NO INJURY / DRIVE AWAY,"$501 - $1,500",FOLLOWING TOO CLOSELY,FAILING TO REDUCE SPEED TO AVOID CRASH,200,N,LARAMIE AVE,2,NO INDICATION OF INJURY,0.0,0.0,0.0,0.0,0.0,2.0,0.0,10,6,10
7f454e643f07e18cfe0eb4923bab8f5cead9b99010b04f0eb6e933d36379c9a1041b76f4c7e812fc2741dafc20ffbb7a5d8b30d3182aedc116b3b6fe333836ed,2018-09-14 11:00:00,30,TRAFFIC SIGNAL,FUNCTIONING PROPERLY,CLEAR,DAYLIGHT,SIDESWIPE SAME DIRECTION,NOT DIVIDED,STRAIGHT AND LEVEL,DRY,NO DEFECTS,NO INJURY / DRIVE AWAY,"OVER $1,500",IMPROPER LANE USAGE,IMPROPER LANE USAGE,721,S,CLARK ST,2,NO INDICATION OF INJURY,0.0,0.0,0.0,0.0,0.0,2.0,0.0,11,6,9
8b25d6afac4aceb48041a095f62d82057482e0191eea015afe6e0a8f4a29b342f2f9a071d303cb8e92cda364cced566eb92df4a0997e07cd3e2c6bd3b24ac607,2019-05-24 16:50:00,30,TRAFFIC SIGNAL,FUNCTIONING PROPERLY,RAIN,"DARKNESS, LIGHTED ROAD",SIDESWIPE SAME DIRECTION,NOT DIVIDED,STRAIGHT AND LEVEL,DRY,UNKNOWN,NO INJURY / DRIVE AWAY,"OVER $1,500",UNABLE TO DETERMINE,UNABLE TO DETERMINE,3225,W,FOSTER AVE,2,NO INDICATION OF INJURY,0.0,0.0,0.0,0.0,0.0,2.0,0.0,16,6,5
f58988da052d5b399af894768683025dfd60cb4e4e665eff5df8e53eecbd3facbd07ad6d895c4b82ecb7265ff9d0f70149adb55ad21d94fd44a14b9a1c14570f,2023-08-09 16:00:00,30,TRAFFIC SIGNAL,FUNCTIONING PROPERLY,CLEAR,DAYLIGHT,REAR END,DIVIDED - W/MEDIAN BARRIER,STRAIGHT AND LEVEL,DRY,NO DEFECTS,NO INJURY / DRIVE AWAY,"$501 - $1,500",FOLLOWING TOO CLOSELY,NOT APPLICABLE,810,N,LA SALLE DR,2,NO INDICATION OF INJURY,0.0,0.0,0.0,0.0,0.0,2.0,0.0,16,4,8
d3b468aa8a5ae371e35bd3eaf5fc6a936a1c8c4f512c675588c3c0e7e29600e27d5a638acdbf392db072ad6002b835509f029adde82290d88c4777ae8534ad77,2017-01-19 18:30:00,15,TRAFFIC SIGNAL,FUNCTIONING PROPERLY,CLEAR,DAYLIGHT,REAR END,DIVIDED - W/MEDIAN BARRIER,STRAIGHT AND LEVEL,DRY,NO DEFECTS,NO INJURY / DRIVE AWAY,"OVER $1,500",FOLLOWING TOO CLOSELY,UNABLE TO DETERMINE,1600,E,71ST ST,2,NO INDICATION OF INJURY,0.0,0.0,0.0,0.0,0.0,2.0,0.0,18,5,1
c3ef4be4711cca80a711b3865fe022634106856b7a9e24558f1a28a3b49bca3cae6cdb36604c415c6c6dea6682cb326b07be483c60ce49c0ab059e3b3d32d070,2018-05-05 18:40:00,30,NO CONTROLS,NO CONTROLS,CLEAR,DAYLIGHT,PARKED MOTOR VEHICLE,NOT DIVIDED,STRAIGHT AND LEVEL,DRY,NO DEFECTS,NO INJURY / DRIVE AWAY,"$501 - $1,500",UNABLE TO DETERMINE,UNABLE TO DETERMINE,1600,N,SHEFFIELD AVE,2,NO INDICATION OF INJURY,0.0,0.0,0.0,0.0,0.0,5.0,0.0,18,7,5
26bab2aeed7f5c2a29efaba03af52ba6799db560d994ef7975918412c793a0139d547204e539c39a7c70af6c6b3896c6429294c194902a9cc8794edae1290f98,2022-03-25 22:05:00,25,NO CONTROLS,NO CONTROLS,CLEAR,DARKNESS,PARKED MOTOR VEHICLE,OTHER,STRAIGHT AND LEVEL,DRY,NO DEFECTS,NO INJURY / DRIVE AWAY,"OVER $1,500",IMPROPER OVERTAKING/PASSING,NOT APPLICABLE,5420,W,ADAMS ST,2,NO INDICATION OF INJURY,0.0,0.0,0.0,0.0,0.0,1.0,0.0,22,6,3
f1d5db7e82ef4d2847883914b5a16d4a200ec48ad86650bee619341ab56be85cb5522e5f33f43d5186f3a52ab66aec4a6559a43175480db37051fcf94e80598f,2016-12-20 22:35:00,30,STOP SIGN/FLASHER,FUNCTIONING PROPERLY,SNOW,DARKNESS,FIXED OBJECT,ONE-WAY,STRAIGHT AND LEVEL,SNOW OR SLUSH,UNKNOWN,NO INJURY / DRIVE AWAY,"OVER $1,500",DRIVING SKILLS/KNOWLEDGE/EXPERIENCE,WEATHER,1250,S,WASHTENAW AVE,1,NO INDICATION OF INJURY,0.0,0.0,0.0,0.0,0.0,1.0,0.0,22,3,12
83559d85da03deb18053863dca231e90306a7422c611236613f15f484907a8c9b08c0efd5da90e59b3cd98070fb61f2fca964c18d516880a7229a3892a667516,2020-12-12 14:00:00,10,NO CONTROLS,NO CONTROLS,CLEAR,DAYLIGHT,PARKED MOTOR VEHICLE,NOT DIVIDED,STRAIGHT AND LEVEL,DRY,NO DEFECTS,NO INJURY / DRIVE AWAY,"OVER $1,500",UNABLE TO DETERMINE,UNABLE TO DETERMINE,5800,S,KOSTNER AVE,2,NO INDICATION OF INJURY,0.0,0.0,0.0,0.0,0.0,1.0,0.0,14,7,12
d901f66cd7345e59e12a05b498ab178e0d9cddf66f132d933d120c12f06850109b4314f06e338d5bfa007a620eee658e0db537f3cec1ba736724df5054166287,2021-02-13 14:50:00,35,NO CONTROLS,NO CONTROLS,SNOW,DAYLIGHT,REAR END,NOT DIVIDED,STRAIGHT AND LEVEL,SNOW OR SLUSH,NO DEFECTS,NO INJURY / DRIVE AWAY,"OVER $1,500",NOT APPLICABLE,NOT APPLICABLE,4201,W,47TH ST,2,NO INDICATION OF INJURY,0.0,0.0,0.0,0.0,0.0,2.0,0.0,14,7,2