CRASH_RECORD_ID,CRASH_DATE,POSTED_SPEED_LIMIT,TRAFFIC_CONTROL_DEVICE,DEVICE_CONDITION,WEATHER_CONDITION,LIGHTING_CONDITION,FIRST_CRASH_TYPE,TRAFFICWAY_TYPE,ALIGNMENT,ROADWAY_SURFACE_COND,ROAD_DEFECT,CRASH_TYPE,DAMAGE,PRIM_CONTRIBUTORY_CAUSE,SEC_CONTRIBUTORY_CAUSE,STREET_NO,STREET_DIRECTION,STREET_NAME,NUM_UNITS,MOST_SEVERE_INJURY,INJURIES_TOTAL,INJURIES_FATAL,INJURIES_INCAPACITATING,INJURIES_NON_INCAPACITATING,INJURIES_REPORTED_NOT_EVIDENT,INJURIES_NO_INDICATION,INJURIES_UNKNOWN,CRASH_HOUR,CRASH_DAY_OF_WEEK,CRASH_MONTH
e384c185cc3a621d853449e987560039de57c45a42cc3c5096db9ebaffce9e782cdf774b5bc92e943674fd7db06d7c92698a1f8f0529e8d5759f555e2a02f223,2016-01-23 14:15:00,30,NO CONTROLS,NO CONTROLS,CLEAR,DAYLIGHT,REAR END,DIVIDED - W/MEDIAN (NOT RAISED),STRAIGHT AND LEVEL,DRY,UNKNOWN,NO INJURY / DRIVE AWAY,"$501 - $1,500",FOLLOWING TOO CLOSELY,DRIVING SKILLS/KNOWLEDGE/EXPERIENCE,340,E,103RD ST,2,NO INDICATION OF INJURY,0.0,0.0,0.0,0.0,0.0,2.0,0.0,14,7,1
69377dbf4dff572a87d619b8db9b4b859ad618e3b259802c8f22536f995e2ad772100a45a31f9af4b22a75dad9eede463447a47e6638f95b0e5734034de8a357,2018-04-07 19:30:00,0,NO CONTROLS,OTHER,CLEAR,DUSK,PEDESTRIAN,ONE-WAY,STRAIGHT AND LEVEL,UNKNOWN,UNKNOWN,INJURY AND / OR TOW DUE TO CRASH,$500 OR LESS,NOT APPLICABLE,NOT APPLICABLE,215,E,GRAND AVE,2,INCAPACITATING INJURY,1.0,0.0,1.0,0.0,0.0,1.0,0.0,19,7,4
804db2c2a206d8b31c5d3aa9e49ed4ed2a127b816c9a42ca6744d8de75c93c8e239334570b9c1da677b7712da624727e94dab8e632f0556e51b5eaa926f8c885,2019-10-02 17:30:00,30,TRAFFIC SIGNAL,FUNCTIONING PROPERLY,RAIN,"DARKNESS, LIGHTED ROAD",SIDESWIPE SAME DIRECTION,NOT DIVIDED,STRAIGHT AND LEVEL,WET,NO DEFECTS,NO INJURY / DRIVE AWAY,"OVER $1,500",IMPROPER LANE USAGE,UNABLE TO DETERMINE,6438,N,MILWAUKEE AVE,2,NO INDICATION OF INJURY,0.0,0.0,0.0,0.0,0.0,2.0,0.0,17,4,10
b2a09edbd73805875c0fed9a9a69347f5f03502bbd469cf8f432c5c8d9c5210596716501b5d3242c90a70db366a0d61d55587a8715d9a4e2b34b490efb0a25f6,2019-05-10 06:00:00,30,NO CONTROLS,NO CONTROLS,CLEAR,UNKNOWN,PARKED MOTOR VEHICLE,NOT DIVIDED,STRAIGHT AND LEVEL,DRY,NO DEFECTS,NO INJURY / DRIVE AWAY,"OVER $1,500",UNABLE TO DETERMINE,NOT APPLICABLE,7018,N,PAULINA ST,2,NO INDICATION OF INJURY,0.0,0.0,0.0,0.0,0.0,1.0,0.0,6,6,5
129d293f9eef0967f4572bb7766c283aba7bb922086b9b3ac07229ece8dd52103ca3ebb7b38878d11f954a73e7494482094e87294ea47ac97959a142b4ca95ab,2021-03-03 16:54:00,30,TRAFFIC SIGNAL,FUNCTIONING PROPERLY,CLEAR,DAYLIGHT,TURNING,FOUR WAY,STRAIGHT ON GRADE,DRY,NO DEFECTS,INJURY AND / OR TOW DUE TO CRASH,"OVER $1,500",IMPROPER OVERTAKING/PASSING,UNABLE TO DETERMINE,8700,S,RACINE AVE,2,NO INDICATION OF INJURY,0.0,0.0,0.0,0.0,0.0,5.0,0.0,16,4,3
180ec44c2c7fc97c502bfeea8a4d0f4e67b10e94bd925e86838119fbbfee1a568bf33273c74b1550bea0d5527fbb475c3b6408e5d7e4904b81e7844b248ab68c,2020-08-06 16:36:00,30,TRAFFIC SIGNAL,FUNCTIONING PROPERLY,CLEAR,DAYLIGHT,PEDALCYCLIST,FOUR WAY,STRAIGHT AND LEVEL,DRY,NO DEFECTS,NO INJURY / DRIVE AWAY,$500 OR LESS,FAILING TO YIELD RIGHT-OF-WAY,NOT APPLICABLE,7059,S,SOUTH SHORE DR,2,NO INDICATION OF INJURY,0.0,0.0,0.0,0.0,0.0,2.0,0.0,16,5,8
5d5462b33b41c17fe46d82993be337b6fc3d477c55c4774afdb848177b63f778217d952722d07c89fcbc20d6c0caefa5f7a4a7c188ba06850d802a2f90570a0c,2023-09-14 10:50:00,25,NO CONTROLS,NO CONTROLS,CLEAR,DAYLIGHT,PARKED MOTOR VEHICLE,PARKING LOT,STRAIGHT AND LEVEL,DRY,UNKNOWN,NO INJURY / DRIVE AWAY,"$501 - $1,500",UNABLE TO DETERMINE,UNABLE TO DETERMINE,9321,S,WESTERN AVE,2,NO INDICATION OF INJURY,0.0,0.0,0.0,0.0,0.0,1.0,0.0,10,5,9
e293e84ab4b5c389a4254dd61d8e28c903eb0b2f0c64fed5a54c8ef295cd6c3a2dc35f2c57efeff92749e623a80a6c143dd80a97bb2dabe6450d9fd58d366aad,2020-07-20 08:40:00,25,STOP SIGN/FLASHER,FUNCTIONING PROPERLY,CLEAR,DAYLIGHT,PEDESTRIAN,FOUR WAY,STRAIGHT AND LEVEL,DRY,NO DEFECTS,INJURY AND / OR TOW DUE TO CRASH,$500 OR LESS,FAILING TO YIELD RIGHT-OF-WAY,NOT APPLICABLE,2100,E,69TH ST,2,INCAPACITATING INJURY,1.0,0.0,1.0,0.0,0.0,1.0,0.0,8,2,7
934b0acb0308ac07e03f8bbb30ef213e11c12e18071198928383da56122d7d497eeda737cfa09d77c061a650677b8eeaacd295c992ad3037db6731ab34f0bf0d,2019-07-19 05:27:00,30,TRAFFIC SIGNAL,FUNCTIONING PROPERLY,CLEAR,DAWN,REAR END,NOT DIVIDED,STRAIGHT AND LEVEL,DRY,NO DEFECTS,NO INJURY / DRIVE AWAY,"OVER $1,500",FAILING TO REDUCE SPEED TO AVOID CRASH,DRIVING SKILLS/KNOWLEDGE/EXPERIENCE,815,S,AUSTIN BLVD,2,NO INDICATION OF INJURY,0.0,0.0,0.0,0.0,0.0,2.0,0.0,5,6,7
f8b77aa652bfe8bc22d19c994e4beebf978b5043b35ed9e5f9c812357bb39455ce4e955c6ed139dc709e4f1a72ec5201f6ee4756f663ed78a3266053fc9887a7,2023-03-10 08:30:00,30,NO CONTROLS,NO CONTROLS,SLEET/HAIL,DAYLIGHT,REAR END,NOT DIVIDED,STRAIGHT AND LEVEL,WET,UNKNOWN,INJURY AND / OR TOW DUE TO CRASH,"OVER $1,500",UNABLE TO DETERMINE,UNABLE TO DETERMINE,2243,W,BELMONT AVE,2,NO INDICATION OF INJURY,0.0,0.0,0.0,0.0,0.0,4.0,0.0,8,6,3
e084eba404cb88ead054200f9b968390a6b9a28310eb45716d1a06aac6f0ecbcd2d7203dbf5f83401acb10bb6639bd4210aef3d09c9f997146506b8bd9d26a71,2023-04-23 09:15:00,30,NO CONTROLS,NO CONTROLS,UNKNOWN,UNKNOWN,PARKED MOTOR VEHICLE,NOT DIVIDED,STRAIGHT AND LEVEL,DRY,NO DEFECTS,INJURY AND / OR TOW DUE TO CRASH,"OVER $1,500",UNABLE TO DETERMINE,UNABLE TO DETERMINE,4343,N,KOSTNER AVE,2,NO INDICATION OF INJURY,0.0,0.0,0.0,0.0,0.0,1.0,0.0,9,1,4
f8b3dcb4cca70063afb08eb347c59fdce40e65fc3c6fdce49acb4b09bba0a95f1281614d3006f73adb86aa731ef290c7429b28566293c01d91c34541ad262132,2022-11-21 13:00:00,30,STOP SIGN/FLASHER,FUNCTIONING PROPERLY,CLEAR,DAYLIGHT,REAR END,NOT DIVIDED,STRAIGHT AND LEVEL,DRY,NO DEFECTS,INJURY AND / OR TOW DUE TO CRASH,"OVER $1,500",FOLLOWING TOO CLOSELY,FAILING TO REDUCE SPEED TO AVOID CRASH,1112,N,CALIFORNIA AVE,2,NONINCAPACITATING INJURY,1.0,0.0,0.0,1.0,0.0,1.0,0.0,13,2,11
cce0a91b312c3f75217208333bf36fb7180f4fd199a544731b7e11966e04d419918988c453700f7aecb422add9c6b33b3c56b01f8c1d00761b260717f67fbf13,2017-03-06 08:01:00,30,STOP SIGN/FLASHER,FUNCTIONING PROPERLY,CLOUDY/OVERCAST,DAYLIGHT,ANGLE,DIVIDED - W/MEDIAN (NOT RAISED),STRAIGHT AND LEVEL,WET,NO DEFECTS,INJURY AND / OR TOW DUE TO CRASH,"OVER $1,500",FAILING TO YIELD RIGHT-OF-WAY,FAILING TO REDUCE SPEED TO AVOID CRASH,436,N,HALSTED ST,2,INCAPACITATING INJURY,2.0,0.0,2.0,0.0,0.0,1.0,0.0,8,2,3
9a8bbfa354165576f131cf4f16126b4a531abb6b2e09f4d7ef1547a6fb0ebe7001021188050c187296340442312047463d0bdc85a5798db3daadcef7a6e8b4a9,2017-11-20 11:09:00,30,TRAFFIC SIGNAL,FUNCTIONING PROPERLY,CLEAR,DAYLIGHT,REAR END,NOT DIVIDED,STRAIGHT AND LEVEL,DRY,NO DEFECTS,NO INJURY / DRIVE AWAY,"OVER $1,500",FOLLOWING TOO CLOSELY,FAILING TO REDUCE SPEED TO AVOID CRASH,5200,W,FOSTER AVE,2,NO INDICATION OF INJURY,0.0,0.0,0.0,0.0,0.0,2.0,0.0,11,2,11
262862ef3cf26bab798c123c7ad7c4fba0c6bec07bbbc610eacf74b2086bc78494a630a6fe795c32a1978becb8a18757a403d6d6b63288f230ca1c832e993141,2019-10-11 12:20:00,30,NO CONTROLS,NO CONTROLS,CLEAR,DAYLIGHT,REAR END,NOT DIVIDED,STRAIGHT AND LEVEL,DRY,NO DEFECTS,NO INJURY / DRIVE AWAY,"$501 - $1,500",IMPROPER OVERTAKING/PASSING,NOT APPLICABLE,110,N,DAMEN AVE,3,NO INDICATION OF INJURY,0.0,0.0,0.0,0.0,0.0,2.0,0.0,12,6,10
3586d39045c45e0788aa0d1ff6de1a19b38a275a419c6bcc6e5197570d762065471d2c882ebc28bbf8a208ce0f7ee3e775da29af6bfefbf84e55f32345afa2be,2019-12-23 15:56:00,30,NO CONTROLS,NO CONTROLS,CLEAR,DAYLIGHT,SIDESWIPE OPPOSITE DIRECTION,DIVIDED - W/MEDIAN (NOT RAISED),STRAIGHT AND LEVEL,DRY,NO DEFECTS,NO INJURY / DRIVE AWAY,"OVER $1,500",UNDER THE INFLUENCE OF ALCOHOL/DRUGS (USE WHEN ARREST IS EFFECTED),NOT APPLICABLE,4400,W,CHICAGO AVE,2,NO INDICATION OF INJURY,0.0,0.0,0.0,0.0,0.0,2.0,0.0,15,2,12
ddcb73cfe958cc07f2e6d9088d2a71d4ba773765d4015749fbc96e5eb3a3cc9ec4058aa467d620423ee1e829789b182cbe2b822c37e760f244600e003fc3f75a,2022-01-31 07:15:00,30,NO CONTROLS,NO CONTROLS,CLEAR,DAYLIGHT,PARKED MOTOR VEHICLE,NOT DIVIDED,STRAIGHT AND LEVEL,SNOW OR SLUSH,NO DEFECTS,NO INJURY / DRIVE AWAY,$500 OR LESS,IMPROPER OVERTAKING/PASSING,PHYSICAL CONDITION OF DRIVER,2520,S,WESTERN AVE,2,NO INDICATION OF INJURY,0.0,0.0,0.0,0.0,0.0,2.0,0.0,7,2,1
19c0ed5421bcb27b962648555692aa89d403e4690f13c530569622853ef20298ec981187aac1c432b82cdba7a6686bcf89e8ef953e014c9b982f3f0f6f3e4b38,2023-07-14 19:26:00,30,NO CONTROLS,NO CONTROLS,CLEAR,DAYLIGHT,PARKED MOTOR VEHICLE,ONE-WAY,STRAIGHT AND LEVEL,DRY,NO DEFECTS,NO INJURY / DRIVE AWAY,"$501 - $1,500",FOLLOWING TOO CLOSELY,FOLLOWING TOO CLOSELY,7125,S,UNION AVE,2,NO INDICATION OF INJURY,0.0,0.0,0.0,0.0,0.0,1.0,0.0,19,6,7
a8666f91894eaadbf9b6027ac485e641b5124aab8f7b594aa22459bb13ed37ae72a960dbee03c3d550455f9bf0bd38690bc0ded0f297c33b1122e4b61ebb0aff,2018-12-25 07:40:00,30,NO CONTROLS,NO CONTROLS,CLEAR,DAYLIGHT,FIXED OBJECT,DIVIDED - W/MEDIAN BARRIER,STRAIGHT AND LEVEL,ICE,"RUT, HOLES",INJURY AND / OR TOW DUE TO CRASH,"OVER $1,500",WEATHER,UNABLE TO DETERMINE,2209,W,51ST ST,1,NONINCAPACITATING INJURY,1.0,0.0,0.0,1.0,0.0,0.0,0.0,7,3,12
202045d420ecfdf9c56e41c5d0f4df16dc9332a901fba34295449d03003dab7a815abe05aa0e550dba04febbc2b21f79bf532291ff3597e68591b7e31351201b,2017-01-09 13:10:00,30,TRAFFIC SIGNAL,FUNCTIONING PROPERLY,CLOUDY/OVERCAST,DAYLIGHT,ANGLE,NOT DIVIDED,STRAIGHT AND LEVEL,DRY,NO DEFECTS,NO INJURY / DRIVE AWAY,"OVER $1,500","VISION OBSCURED (SIGNS, TREE LIMBS, BUILDINGS, ETC.)",UNABLE TO DETERMINE,210,W,87TH ST,2,NO INDICATION OF INJURY,0.0,0.0,0.0,0.0,0.0,2.0,0.0,13,2,1
c3529cbf223e1a36375dea5290b02148a8ea3fcf0166233bd475c871f5758a6938cc5a956975536bbf5e4d7a6bb6370732927845cb6f144b2d075026a4c52c57,2015-11-11 06:00:00,15,NO CONTROLS,NO CONTROLS,UNKNOWN,UNKNOWN,FIXED OBJECT,ALLEY,STRAIGHT AND LEVEL,UNKNOWN,UNKNOWN,NO INJURY / DRIVE AWAY,"OVER $1,500",UNABLE TO DETERMINE,UNABLE TO DETERMINE,6149,S,MASON AVE,1,NO INDICATION OF INJURY,0.0,0.0,0.0,0.0,0.0,1.0,0.0,6,4,11
e0400738f41f74d3ef35230cc614ad8777edbf34b251d10632fea70b356e46da4f3fa83cacd2c9489e716e4710170888b43ae78010a16b9ad24c8048bafae01b,2020-06-06 13:45:00,30,NO CONTROLS,NO CONTROLS,CLEAR,DAYLIGHT,REAR END,NOT DIVIDED,STRAIGHT AND LEVEL,DRY,NO DEFECTS,NO INJURY / DRIVE AWAY,"OVER $1,500",UNABLE TO DETERMINE,UNABLE TO DETERMINE,5132,S,PULASKI RD,2,NO INDICATION OF INJURY,0.0,0.0,0.0,0.0,0.0,2.0,0.0,13,7,6
f8a988a95381d345d69075254eedc8dfee114e3f351b4cde105aee2f6173e1bbb2c315047f7e2e0865c5a7c37c0410643b41d26e9961851b094baa67f1192904,2023-10-29 05:30:00,30,NO CONTROLS,NO CONTROLS,CLEAR,"DARKNESS, LIGHTED ROAD",PARKED MOTOR VEHICLE,DIVIDED - W/MEDIAN (NOT RAISED),STRAIGHT AND LEVEL,DRY,UNKNOWN,INJURY AND / OR TOW DUE TO CRASH,"OVER $1,500",DISTRACTION - FROM INSIDE VEHICLE,NOT APPLICABLE,3624,N,RACINE AVE,4,NO INDICATION OF INJURY,0.0,0.0,0.0,0.0,0.0,2.0,0.0,5,1,10
77f1960b273b2da6dd3a4f25c5aca0c03e0a4c2fad3650ad692c756f0aabf5c19337f66b09ebf1dbac7f50b3b59b8867dcfb6399799182fe01832f16770e1d91,2019-07-03 12:50:00,30,UNKNOWN,UNKNOWN,OTHER,UNKNOWN,FIXED OBJECT,OTHER,STRAIGHT AND LEVEL,UNKNOWN,UNKNOWN,INJURY AND / OR TOW DUE TO CRASH,"OVER $1,500",NOT APPLICABLE,NOT APPLICABLE,2199,W,THOMAS ST,1,NO INDICATION OF INJURY,0.0,0.0,0.0,0.0,0.0,1.0,0.0,12,4,7
0379a8ea61d966ba47ea168e04ef44028cb82f70233b17e916bc6fb7f3760ecfab08946536808b4735534b5711d9ae44e63f0387df152108f757320eeb6923df,2017-07-03 19:55:00,30,STOP SIGN/FLASHER,FUNCTIONING PROPERLY,RAIN,DAYLIGHT,SIDESWIPE SAME DIRECTION,NOT DIVIDED,STRAIGHT AND LEVEL,WET,NO DEFECTS,NO INJURY / DRIVE AWAY,"$501 - $1,500",FAILING TO YIELD RIGHT-OF-WAY,UNABLE TO DETERMINE,6262,N,HARLEM AVE,2,NO INDICATION OF INJURY,0.0,0.0,0.0,0.0,0.0,2.0,0.0,19,2,7
4226c81da63f0755cda3105f1565015c0c9337a21cde6999824fed5dafac9433d5f0d842350dda78bcc0cb5f11675286798d8992b07c413b21435235d9558613,2020-02-06 13:07:00,30,NO CONTROLS,NO CONTROLS,CLOUDY/OVERCAST,DAYLIGHT,PARKED MOTOR VEHICLE,ONE-WAY,STRAIGHT ON GRADE,WET,NO DEFECTS,NO INJURY / DRIVE AWAY,"$501 - $1,500",FAILING TO REDUCE SPEED TO AVOID CRASH,NOT APPLICABLE,17,E,ILLINOIS ST,2,NO INDICATION OF INJURY,0.0,0.0,0.0,0.0,0.0,2.0,0.0,13,5,2
b92f07f78df76ec1acb982094eb2a2fc05d87a265d0d42e876331bcdb5e28576eb3c97e37f29c76cd1464a7f25f3457059d055de91f37e163e6a3f22e553f48c,2022-10-11 20:10:00,30,NO CONTROLS,NO CONTROLS,RAIN,"DARKNESS, LIGHTED ROAD",REAR END,DIVIDED - W/MEDIAN (NOT RAISED),STRAIGHT AND LEVEL,WET,NO DEFECTS,NO INJURY / DRIVE AWAY,"$501 - $1,500",WEATHER,NOT APPLICABLE,6222,S,KEDZIE AVE,2,NO INDICATION OF INJURY,0.0,0.0,0.0,0.0,0.0,2.0,0.0,20,3,10
e1710e3995fcf4a00e8942403c7981ae5e665483ace210b423bb24f56cb1de2905084e69052ef948be3a4d8009bc1be5a44190e9eb199b09f1c4bc41b295445b,2021-05-29 06:57:00,30,TRAFFIC SIGNAL,FUNCTIONING PROPERLY,CLEAR,DAYLIGHT,REAR END,DIVIDED - W/MEDIAN (NOT RAISED),STRAIGHT AND LEVEL,DRY,NO DEFECTS,INJURY AND / OR TOW DUE TO CRASH,"OVER $1,500",FAILING TO REDUCE SPEED TO AVOID CRASH,DRIVING SKILLS/KNOWLEDGE/EXPERIENCE,3500,S,WESTERN BLVD,2,INCAPACITATING INJURY,2.0,0.0,1.0,0.0,1.0,0.0,0.0,6,7,5
29423e6ee1ea8803e6e04864e02c1a5fc13909594f53b3910f7c8333853755132ea028571e7fc474c37bccbcaea6577d84436dfc0f936057064e0716d4940695,2022-07-14 12:00:00,25,UNKNOWN,UNKNOWN,CLEAR,DAYLIGHT,PARKED MOTOR VEHICLE,NOT DIVIDED,STRAIGHT AND LEVEL,DRY,NO DEFECTS,NO INJURY / DRIVE AWAY,$500 OR LESS,UNABLE TO DETERMINE,UNABLE TO DETERMINE,2717,N,MAPLEWOOD AVE,2,NO INDICATION OF INJURY,0.0,0.0,0.0,0.0,0.0,1.0,0.0,12,5,7
e3212362cf9b8e07ea95258d5bb562fdfb15a81de6e7d489244e01383dc5ce4d9f5e04f9286e4dca2f728986a6f019702d8914c0013ee914c75506244fe27499,2019-10-12 16:30:00,30,NO CONTROLS,NO CONTROLS,CLEAR,DAYLIGHT,TURNING,NOT DIVIDED,STRAIGHT AND LEVEL,DRY,NO DEFECTS,NO INJURY / DRIVE AWAY,"$501 - $1,500",IMPROPER TURNING/NO SIGNAL,FAILING TO REDUCE SPEED TO AVOID CRASH,5010,W,FULLERTON AVE,2,NO INDICATION OF INJURY,0.0,0.0,0.0,0.0,0.0,2.0,0.0,16,7,10
ad0bffb6455bd48c1077a80db75eec07b1c101604d290f19f42114aae82475974a85a664efb73bb3aa5cd3cf5f45d6e3d3e8d423a84b2c27d3ffefb02d6aee04,2021-03-14 01:00:00,30,TRAFFIC SIGNAL,FUNCTIONING PROPERLY,CLEAR,"DARKNESS, LIGHTED ROAD",TURNING,NOT DIVIDED,STRAIGHT AND LEVEL,DRY,NO DEFECTS,NO INJURY / DRIVE AWAY,"OVER $1,500",UNABLE TO DETERMINE,NOT APPLICABLE,2120,W,FULLERTON AVE,2,NO INDICATION OF INJURY,0.0,0.0,0.0,0.0,0.0,2.0,0.0,1,1,3
7b2b3227efee418c3ecf75a251521ac496a79d2d440dbbb203bac292b373388c1f2b7d286eaa29277f7025986a9ecd9ece2fed76027a62dfb5a0962c838efa05,2021-03-02 12:00:00,30,NO CONTROLS,NO CONTROLS,CLEAR,DAYLIGHT,SIDESWIPE SAME DIRECTION,NOT DIVIDED,STRAIGHT AND LEVEL,DRY,NO DEFECTS,NO INJURY / DRIVE AWAY,"OVER $1,500",NOT APPLICABLE,NOT APPLICABLE,3450,S,CALIFORNIA AVE,2,NO INDICATION OF INJURY,0.0,0.0,0.0,0.0,0.0,2.0,0.0,12,3,3
1f81510328bb961c5d0111f4cfd85d351af82062fc7002933b2ec4bd62f2521e165fc873348f1766d27d2de83acb3c10c71fc9d608d68b32aff52917066cefd2,2021-01-12 17:40:00,30,TRAFFIC SIGNAL,FUNCTIONING PROPERLY,CLEAR,DUSK,SIDESWIPE SAME DIRECTION,NOT DIVIDED,STRAIGHT AND LEVEL,DRY,NO DEFECTS,NO INJURY / DRIVE AWAY,"$501 - $1,500",IMPROPER LANE USAGE,NOT APPLICABLE,7900,S,WESTERN AVE,2,NO INDICATION OF INJURY,0.0,0.0,0.0,0.0,0.0,2.0,0.0,17,3,1
d2a011d600ea14d68b9ce291ac9dbf962961a6c6fe15c34cb9411785e4d7d42844b3713e6e771dafa1a9541b71d812790d176d59856daa540fb6372a449551de,2022-10-17 16:49:00,30,TRAFFIC SIGNAL,FUNCTIONING PROPERLY,CLEAR,DAYLIGHT,TURNING,NOT DIVIDED,STRAIGHT ON GRADE,DRY,NO DEFECTS,NO INJURY / DRIVE AWAY,"$501 - $1,500",UNABLE TO DETERMINE,UNABLE TO DETERMINE,4000,W,MARQUETTE RD,2,NO INDICATION OF INJURY,0.0,0.0,0.0,0.0,0.0,3.0,0.0,16,2,10
36511ecbe3027f9c5a09b9329f95924cdf7fa81397094408ec282c5666b315a8fdf99566f23fe60e92935875503aec439978302f03f15252a07f8d4154cbc766,2017-10-14 12:30:00,30,TRAFFIC SIGNAL,FUNCTIONING PROPERLY,RAIN,DAYLIGHT,REAR END,NOT DIVIDED,STRAIGHT AND LEVEL,WET,NO DEFECTS,NO INJURY / DRIVE AWAY,"$501 - $1,500",FOLLOWING TOO CLOSELY,WEATHER,2358,N,OAK PARK AVE,2,NO INDICATION OF INJURY,0.0,0.0,0.0,0.0,0.0,3.0,0.0,12,7,10
5ace264d7fdc515ad0ddb732dfebd2f2bdfebfcce6604d10bcbcf988b55283f5cf6acb5fc5bb47f6692caa768151c48981c058fa2bc049764f67d31d82ceb21d,2021-04-24 16:43:00,35,TRAFFIC SIGNAL,FUNCTIONING PROPERLY,CLEAR,DAYLIGHT,TURNING,NOT DIVIDED,STRAIGHT AND LEVEL,DRY,NO DEFECTS,NO INJURY / DRIVE AWAY,"OVER $1,500",DISREGARDING TRAFFIC SIGNALS,NOT APPLICABLE,7200,W,BELMONT AVE,2,NO INDICATION OF INJURY,0.0,0.0,0.0,0.0,0.0,2.0,0.0,16,7,4
cb1e37fa360e2987b92acf807f6d94c93ddd520c03d53622508668d141c0896e389dcc5348aa33f941f521ad68dff2f2a640cb05507ed355f619278baf46e227,2018-04-09 12:00:00,30,STOP SIGN/FLASHER,NO CONTROLS,SNOW,DAYLIGHT,PARKED MOTOR VEHICLE,ONE-WAY,STRAIGHT AND LEVEL,WET,NO DEFECTS,NO INJURY / DRIVE AWAY,"OVER $1,500",UNABLE TO DETERMINE,UNABLE TO DETERMINE,4740,S,PRINCETON AVE,2,NO INDICATION OF INJURY,0.0,0.0,0.0,0.0,0.0,1.0,0.0,12,2,4
580fa435bc0c7d95326593c5b49ecc22e02cd42f81a5e2570a8bd6fa0d1c28fddb74f616520ff22ad7b3fa41d0a6d9ff3da01caf59b789288f9fad7534ff2850,2022-03-08 07:57:00,20,STOP SIGN/FLASHER,FUNCTIONING PROPERLY,CLEAR,DAYLIGHT,ANGLE,FOUR WAY,STRAIGHT AND LEVEL,DRY,NO DEFECTS,NO INJURY / DRIVE AWAY,"OVER $1,500",UNABLE TO DETERMINE,UNABLE TO DETERMINE,4200,W,49TH ST,2,NO INDICATION OF INJURY,0.0,0.0,0.0,0.0,0.0,4.0,0.0,7,3,3
e08a754658272e51be7c7ecf42a173693f7e5529601bae5cdaf9fc72fc7b891722b001fd810b6f400e028f4cdd6e630e898ccf8f2afe652e17fbbe2f6ce94cc0,2017-10-21 19:12:00,30,TRAFFIC SIGNAL,FUNCTIONING PROPERLY,CLEAR,DARKNESS,SIDESWIPE SAME DIRECTION,OTHER,STRAIGHT AND LEVEL,DRY,NO DEFECTS,NO INJURY / DRIVE AWAY,"OVER $1,500",UNABLE TO DETERMINE,UNABLE TO DETERMINE,8059,S,CICERO AVE,2,NO INDICATION OF INJURY,0.0,0.0,0.0,0.0,0.0,3.0,0.0,19,7,10
2fe0a6198de5201b766cd007560c452a841851bd8d5946e55ebed2f15afb4814a0fce5c6c2cc6d120f6489efd5efeb1bd45e728e403afd85a5a68ca43bb12260,2019-12-02 10:00:00,30,NO CONTROLS,NO CONTROLS,CLEAR,DAYLIGHT,SIDESWIPE SAME DIRECTION,DIVIDED - W/MEDIAN BARRIER,STRAIGHT AND LEVEL,DRY,NO DEFECTS,NO INJURY / DRIVE AWAY,"OVER $1,500",FAILING TO REDUCE SPEED TO AVOID CRASH,NOT APPLICABLE,2301,S,DR MARTIN LUTHER KING JR DR,2,NO INDICATION OF INJURY,0.0,0.0,0.0,0.0,0.0,2.0,0.0,10,2,12
23a40084c29ef747a49cb4b48f08856b07d3a206842e1afd8dcecc07561a434c74a0b02275f6794769809403937a2588b21d16281a9425e75a7833799531e687,2022-04-12 14:13:00,30,NO CONTROLS,NO CONTROLS,CLEAR,DAYLIGHT,SIDESWIPE SAME DIRECTION,CENTER TURN LANE,STRAIGHT AND LEVEL,DRY,NO DEFECTS,INJURY AND / OR TOW DUE TO CRASH,"OVER $1,500",UNABLE TO DETERMINE,UNABLE TO DETERMINE,9155,S,COTTAGE GROVE AVE,3,NO INDICATION OF INJURY,0.0,0.0,0.0,0.0,0.0,5.0,0.0,14,3,4
fe2168960f3024b6d41cabad45727fb723d6960dd54cfaecf75fedbd6796671999ac6e40f2970ed5e04920533d453cc9065690daa94b0d127a64756b28efd17d,2018-10-29 07:00:00,30,NO CONTROLS,NO CONTROLS,UNKNOWN,UNKNOWN,PARKED MOTOR VEHICLE,NOT DIVIDED,STRAIGHT AND LEVEL,UNKNOWN,NO DEFECTS,NO INJURY / DRIVE AWAY,"$501 - $1,500",UNABLE TO DETERMINE,NOT APPLICABLE,5011,W,CRYSTAL ST,2,NO INDICATION OF INJURY,0.0,0.0,0.0,0.0,0.0,1.0,0.0,7,2,10
3130fb00e3895bb2dc7d21a02c10fa4b39bc4a24e5b2342c8cef59937e2e41415bbc105aa60ecfbf9fd432e399d1e89c00cb5bb4fdb31875ccfb000e91514380,2023-07-22 10:15:00,30,TRAFFIC SIGNAL,NO CONTROLS,CLEAR,DAYLIGHT,REAR END,NOT DIVIDED,STRAIGHT AND LEVEL,DRY,NO DEFECTS,INJURY AND / OR TOW DUE TO CRASH,"$501 - $1,500",FOLLOWING TOO CLOSELY,DRIVING SKILLS/KNOWLEDGE/EXPERIENCE,5323,S,CENTRAL AVE,2,NONINCAPACITATING INJURY,1.0,0.0,0.0,1.0,0.0,2.0,0.0,10,7,7
1811982c70efce027451a3a7455176af134e6e0567a39ff1eb26f7d2367e7ea6cc61ea83db222a06d49b5af1adfad8697a1c4dbe9354d16a3e3530167422a5ca,2020-06-09 14:30:00,30,NO CONTROLS,NO CONTROLS,CLEAR,DAYLIGHT,TURNING,NOT DIVIDED,STRAIGHT AND LEVEL,DRY,NO DEFECTS,NO INJURY / DRIVE AWAY,"OVER $1,500",UNABLE TO DETERMINE,NOT APPLICABLE,9233,S,WESTERN AVE,2,NO INDICATION OF INJURY,0.0,0.0,0.0,0.0,0.0,3.0,0.0,14,3,6