CRASH_RECORD_ID,CRASH_DATE,POSTED_SPEED_LIMIT,TRAFFIC_CONTROL_DEVICE,DEVICE_CONDITION,WEATHER_CONDITION,LIGHTING_CONDITION,FIRST_CRASH_TYPE,TRAFFICWAY_TYPE,ALIGNMENT,ROADWAY_SURFACE_COND,ROAD_DEFECT,CRASH_TYPE,DAMAGE,PRIM_CONTRIBUTORY_CAUSE,SEC_CONTRIBUTORY_CAUSE,STREET_NO,STREET_DIRECTION,STREET_NAME,NUM_UNITS,MOST_SEVERE_INJURY,INJURIES_TOTAL,INJURIES_FATAL,INJURIES_INCAPACITATING,INJURIES_NON_INCAPACITATING,INJURIES_REPORTED_NOT_EVIDENT,INJURIES_NO_INDICATION,INJURIES_UNKNOWN,CRASH_HOUR,CRASH_DAY_OF_WEEK,CRASH_MONTH
b8f81e68f1ad098155b16c99a6a6a9073520f042d77dea550da6897ccd20e7f93b65f67d35a09da96eea76fe5753ba9a9db5f3861698fd9b217626a67ee9027f,2022-11-10 15:20:00,30,NO CONTROLS,NO CONTROLS,UNKNOWN,DAYLIGHT,REAR END,NOT DIVIDED,STRAIGHT ON GRADE,UNKNOWN,NO DEFECTS,NO INJURY / DRIVE AWAY,"$501 - $1,500",FAILING TO REDUCE SPEED TO AVOID CRASH,NOT APPLICABLE,1508,W,99TH ST,2,NO INDICATION OF INJURY,0.0,0.0,0.0,0.0,0.0,2.0,0.0,15,5,11
071dadf358028cccf386bf141ba16addce1400eee737d2ee28838a355f8a2f4490b7d306e7cb5017b788c8e13f8aab0753c2cc5a405c517a386b27352f520322,2024-01-22 21:37:00,30,TRAFFIC SIGNAL,FUNCTIONING PROPERLY,SLEET/HAIL,"DARKNESS, LIGHTED ROAD",PEDESTRIAN,FOUR WAY,STRAIGHT AND LEVEL,SNOW OR SLUSH,UNKNOWN,INJURY AND / OR TOW DUE TO CRASH,$500 OR LESS,UNABLE TO DETERMINE,NOT APPLICABLE,5600,W,IRVING PARK RD,2,NONINCAPACITATING INJURY,1.0,0.0,0.0,1.0,0.0,1.0,0.0,21,2,1
967da5227b5584a45a39c4311b6b848b06fbb9993939aafc2b8c82f6f70412e1a12e9e336db59f211083b5c47648e656aa35c165dc2d23a255f79825789f651c,2016-11-06 15:00:00,20,NO CONTROLS,NO CONTROLS,CLEAR,DAYLIGHT,PARKED MOTOR VEHICLE,ONE-WAY,STRAIGHT AND LEVEL,UNKNOWN,UNKNOWN,NO INJURY / DRIVE AWAY,"OVER $1,500",UNABLE TO DETERMINE,UNABLE TO DETERMINE,1828,N,SAYRE AVE,2,NO INDICATION OF INJURY,0.0,0.0,0.0,0.0,0.0,1.0,0.0,15,1,11
6fdc79ed2df6b15f703be2813d12a71bc2cac0c39062d36ea953efc6568de85695485de8dffbbe0f81579ebd2345733544878e443ae29165cb7a89734b817d92,2018-01-24 12:45:00,25,NO CONTROLS,NO CONTROLS,CLEAR,DAYLIGHT,PARKED MOTOR VEHICLE,NOT DIVIDED,STRAIGHT AND LEVEL,WET,NO DEFECTS,NO INJURY / DRIVE AWAY,"OVER $1,500",DRIVING SKILLS/KNOWLEDGE/EXPERIENCE,NOT APPLICABLE,3115,W,TOUHY AVE,2,NO INDICATION OF INJURY,0.0,0.0,0.0,0.0,0.0,3.0,0.0,12,4,1
2807671ec32c745d50f588d65e1bc07cc227a1b47fd9ae9eca4896e0db082020968b9a9e40e64fecd3ce7d2b0b792d394db60dcd2b59ca37d185458e6348eab8,2018-11-29 07:45:00,25,NO CONTROLS,NO CONTROLS,SNOW,DAYLIGHT,ANGLE,ALLEY,STRAIGHT AND LEVEL,SNOW OR SLUSH,NO DEFECTS,NO INJURY / DRIVE AWAY,"OVER $1,500",FAILING TO YIELD RIGHT-OF-WAY,NOT APPLICABLE,6019,S,ELIZABETH ST,2,NO INDICATION OF INJURY,0.0,0.0,0.0,0.0,0.0,2.0,0.0,7,5,11
78958854f76ee354e695e0fd8545d5f263d37c81c3bcddda66d55ad059013308529fe5157030844589647f68db48fbabcbc6acdf17d4235feb21963f95ce7839,2016-11-07 13:30:00,30,NO CONTROLS,NO CONTROLS,CLEAR,DAYLIGHT,ANGLE,PARKING LOT,STRAIGHT AND LEVEL,DRY,NO DEFECTS,NO INJURY / DRIVE AWAY,"OVER $1,500",IMPROPER BACKING,NOT APPLICABLE,4753,W,BELLE PLAINE AVE,2,NO INDICATION OF INJURY,0.0,0.0,0.0,0.0,0.0,3.0,0.0,13,2,11
2c998684ae3985d57e294f6a66c05701a657723d368f8cf6710e6c5ee08f498fe8ce9726a3a0de753f937e2f5f51edbb8abeaf409f01875684a05b22d7b66389,2021-03-05 02:00:00,30,NO CONTROLS,NO CONTROLS,CLEAR,"DARKNESS, LIGHTED ROAD",PARKED MOTOR VEHICLE,DIVIDED - W/MEDIAN (NOT RAISED),STRAIGHT AND LEVEL,DRY,NO DEFECTS,NO INJURY / DRIVE AWAY,"OVER $1,500",UNABLE TO DETERMINE,UNABLE TO DETERMINE,933,W,VAN BUREN ST,2,NO INDICATION OF INJURY,0.0,0.0,0.0,0.0,0.0,1.0,0.0,2,6,3
7a135e05b12f246e043ad5f0f5b210d74a6b639e3940496fd64a3ddd9a320474471a729d29c51b5a8573fbec97fb1ba93fd88fb14e644576045923d03159367d,2022-07-18 08:29:00,30,TRAFFIC SIGNAL,FUNCTIONING PROPERLY,CLEAR,DAYLIGHT,TURNING,DIVIDED - W/MEDIAN (NOT RAISED),STRAIGHT AND LEVEL,DRY,NO DEFECTS,INJURY AND / OR TOW DUE TO CRASH,"OVER $1,500",UNABLE TO DETERMINE,UNABLE TO DETERMINE,4400,N,CICERO AVE,2,NO INDICATION OF INJURY,0.0,0.0,0.0,0.0,0.0,2.0,0.0,8,2,7
4cbf98923524efb60841fdd7b07f52d5a2b5def6424402189738c1a04b264b07bdb8134c5db0f448c06991987947ec4cfbcfb052c20add86f646c77376a070f0,2022-05-19 19:45:00,30,NO CONTROLS,NO CONTROLS,CLEAR,DAYLIGHT,OTHER OBJECT,NOT DIVIDED,STRAIGHT AND LEVEL,DRY,NO DEFECTS,NO INJURY / DRIVE AWAY,"$501 - $1,500",UNABLE TO DETERMINE,UNABLE TO DETERMINE,4301,W,LAKE ST,1,NO INDICATION OF INJURY,0.0,0.0,0.0,0.0,0.0,1.0,0.0,19,5,5
d432da4f332eb444efe903b8cffffb8704e7c39e2d44b8cb7991a7ad29c9849c927981f1de6acff384b9c24c70dd71029cd59d708e515cb6a88a886b077d110f,2022-04-04 14:00:00,30,TRAFFIC SIGNAL,FUNCTIONING PROPERLY,CLEAR,DAYLIGHT,TURNING,NOT DIVIDED,STRAIGHT AND LEVEL,DRY,UNKNOWN,NO INJURY / DRIVE AWAY,"OVER $1,500",UNABLE TO DETERMINE,NOT APPLICABLE,5736,S,STONY ISLAND AVE,2,NO INDICATION OF INJURY,0.0,0.0,0.0,0.0,0.0,2.0,0.0,14,2,4
b4e4269665d2ff70f7ac330da2e0150dfa9d14232c81d5b87aa5a529131f35003510269e56d5db296487de0c16fddcaa21e899b75385d5dbea5456ccc8cb2fff,2019-06-02 07:19:00,30,NO CONTROLS,NO CONTROLS,CLEAR,DAYLIGHT,HEAD ON,NOT DIVIDED,STRAIGHT AND LEVEL,DRY,NO DEFECTS,INJURY AND / OR TOW DUE TO CRASH,"OVER $1,500",DRIVING SKILLS/KNOWLEDGE/EXPERIENCE,FAILING TO REDUCE SPEED TO AVOID CRASH,2018,W,NORTH AVE,2,NONINCAPACITATING INJURY,3.0,0.0,0.0,1.0,2.0,1.0,0.0,7,1,6
69ec32aa0d67dfba14256bd41dcc34214bdde15a1e1cc2431810add337c3c53917bd845fc21b851c1beaab03b115594ae5461871e847d7e2d7fed214f8227046,2016-09-16 16:15:00,30,TRAFFIC SIGNAL,FUNCTIONING PROPERLY,CLEAR,DAYLIGHT,REAR END,NOT DIVIDED,STRAIGHT AND LEVEL,DRY,NO DEFECTS,NO INJURY / DRIVE AWAY,"OVER $1,500",NOT APPLICABLE,NOT APPLICABLE,5420,S,KOSTNER AVE,2,NO INDICATION OF INJURY,0.0,0.0,0.0,0.0,0.0,4.0,0.0,16,6,9
0189ae2699573bc717fbdce470e73daa67dcaff235a3a1f7682162c4ea8a9b888b1a8124da29a5010ec216df11fa3ceedd1ad7362fdb0547c63767b74a13c121,2019-02-07 18:05:00,30,NO CONTROLS,NO CONTROLS,SLEET/HAIL,"DARKNESS, LIGHTED ROAD",ANGLE,NOT DIVIDED,STRAIGHT AND LEVEL,WET,NO DEFECTS,INJURY AND / OR TOW DUE TO CRASH,"OVER $1,500",IMPROPER LANE USAGE,UNABLE TO DETERMINE,7413,N,WESTERN AVE,2,NO INDICATION OF INJURY,0.0,0.0,0.0,0.0,0.0,2.0,0.0,18,5,2
e1e02b98b35752606293247fe44c7ff36a85a633b814cfafdc3ea6bddda13d3ccf2ea129567baeb36cb1001eb3574dd89f04ff454a9963ec338936f5819bf8c4,2023-10-04 12:20:00,20,NO CONTROLS,NO CONTROLS,CLEAR,DAYLIGHT,PEDALCYCLIST,NOT DIVIDED,STRAIGHT AND LEVEL,DRY,NO DEFECTS,INJURY AND / OR TOW DUE TO CRASH,"OVER $1,500",UNABLE TO DETERMINE,UNABLE TO DETERMINE,3151,W,HARRISON ST,2,NONINCAPACITATING INJURY,1.0,0.0,0.0,1.0,0.0,1.0,0.0,12,4,10
fa286c0273eb4d5d8a3ff9b47031164c0edd5518c062435718f5b55dbd2245118d22e534409732a7173b25af5f18c470971c2c6341f057652fa47ffe8d8b8e91,2020-07-09 21:30:00,30,STOP SIGN/FLASHER,UNKNOWN,CLEAR,DARKNESS,REAR END,NOT DIVIDED,STRAIGHT AND LEVEL,DRY,NO DEFECTS,NO INJURY / DRIVE AWAY,"OVER $1,500",UNABLE TO DETERMINE,UNABLE TO DETERMINE,128,S,KILBOURN AVE,2,NO INDICATION OF INJURY,0.0,0.0,0.0,0.0,0.0,2.0,0.0,21,5,7
422d68bd88826f1cb0999d06d180d7c14348aa6491a6b9d21d1fbbb9b6444eb062272c57b21b5d5d009852e8e0f950517e18bca94c7649d4640c4fcf8a0685ac,2018-07-09 23:03:00,30,TRAFFIC SIGNAL,FUNCTIONING PROPERLY,CLEAR,"DARKNESS, LIGHTED ROAD",REAR END,NOT DIVIDED,STRAIGHT AND LEVEL,DRY,NO DEFECTS,NO INJURY / DRIVE AWAY,"OVER $1,500",FAILING TO REDUCE SPEED TO AVOID CRASH,EXCEEDING AUTHORIZED SPEED LIMIT,3748,W,MONTROSE AVE,2,NO INDICATION OF INJURY,0.0,0.0,0.0,0.0,0.0,5.0,0.0,23,2,7
da84d9c5d8c875c012a244bbe5d1b47fe533a34b994fe97c1554a8e8e57c7be3f5f87faf6effb2021a3fccfb9d4937145b3237c147c1ebd1edcb128bcbb12a62,2021-11-15 20:47:00,35,NO CONTROLS,NO CONTROLS,CLEAR,"DARKNESS, LIGHTED ROAD",PARKED MOTOR VEHICLE,ONE-WAY,STRAIGHT AND LEVEL,DRY,NO DEFECTS,NO INJURY / DRIVE AWAY,"OVER $1,500",DRIVING SKILLS/KNOWLEDGE/EXPERIENCE,NOT APPLICABLE,4630,S,DREXEL BLVD,2,NO INDICATION OF INJURY,0.0,0.0,0.0,0.0,0.0,1.0,0.0,20,2,11
3e70d6fd101cb9412eba7e4aa4e23e61ce96e62ae556b6bd7cb8bb9b1588350833a2ef93f3d0ffaae86db48196a79f8dea7500cc3f686dbe21afd71806249aa0,2019-05-22 19:15:00,30,NO CONTROLS,NO CONTROLS,CLEAR,DAWN,TURNING,DIVIDED - W/MEDIAN (NOT RAISED),STRAIGHT AND LEVEL,DRY,NO DEFECTS,NO INJURY / DRIVE AWAY,"$501 - $1,500",FAILING TO YIELD RIGHT-OF-WAY,FAILING TO YIELD RIGHT-OF-WAY,2756,W,55TH ST,2,NO INDICATION OF INJURY,0.0,0.0,0.0,0.0,0.0,2.0,0.0,19,4,5
6eca9e57418ee8a8cb97080c60d99d1dea242b9be8bd1823b2f0036283bde4499cb5b7f5ba01d005abfafe0d398256022f8baa9fa468815f6e19e47e4fcbb894,2018-02-26 16:45:00,25,TRAFFIC SIGNAL,FUNCTIONING PROPERLY,CLEAR,DAYLIGHT,REAR END,RAMP,STRAIGHT AND LEVEL,DRY,NO DEFECTS,NO INJURY / DRIVE AWAY,"$501 - $1,500",FAILING TO REDUCE SPEED TO AVOID CRASH,NOT APPLICABLE,1600,N,LAKE SHORE DR,2,NO INDICATION OF INJURY,0.0,0.0,0.0,0.0,0.0,4.0,0.0,16,2,2
c950e770287d9dfabf094d21df2cda21a316c068ae7d074d6e0e3dc753101a2bfad9500c03e594b1d557bd437a080c34e2fee6dbb058d674ac94924344be9dc0,2021-12-08 14:41:00,30,TRAFFIC SIGNAL,FUNCTIONING PROPERLY,CLEAR,DAYLIGHT,PARKED MOTOR VEHICLE,DIVIDED - W/MEDIAN (NOT RAISED),STRAIGHT AND LEVEL,DRY,NO DEFECTS,NO INJURY / DRIVE AWAY,"$501 - $1,500",IMPROPER LANE USAGE,UNABLE TO DETERMINE,3346,W,CHICAGO AVE,2,NO INDICATION OF INJURY,0.0,0.0,0.0,0.0,0.0,4.0,0.0,14,4,12
5f7357e1ed09374ce0ab3bc4b1702fa34a45df5aeba505afb5275dc1b97e9a0226cd806a05ab72caefd0e39ccbc6639255b5a47e4daa7c48e08844148fddb7a3,2019-02-15 14:00:00,30,NO CONTROLS,NO CONTROLS,CLEAR,DAYLIGHT,REAR END,DIVIDED - W/MEDIAN (NOT RAISED),STRAIGHT AND LEVEL,DRY,NO DEFECTS,NO INJURY / DRIVE AWAY,$500 OR LESS,UNABLE TO DETERMINE,NOT APPLICABLE,5550,W,ROOSEVELT RD,2,NO INDICATION OF INJURY,0.0,0.0,0.0,0.0,0.0,2.0,0.0,14,6,2
45a701fa40d53e4c2e03d0c0a8b792854fb474bf58bd0f09a69d73dfb6ec382d64702b4ef1f4973a76c8c9da803a0ae4ab5df54866fe467a4e3a0b617ccf53a2,2023-12-29 14:35:00,30,NO CONTROLS,NO CONTROLS,CLEAR,DAYLIGHT,PARKED MOTOR VEHICLE,NOT DIVIDED,STRAIGHT AND LEVEL,DRY,NO DEFECTS,INJURY AND / OR TOW DUE TO CRASH,"OVER $1,500",DISTRACTION - FROM INSIDE VEHICLE,UNABLE TO DETERMINE,6642,N,GLENWOOD AVE,2,NO INDICATION OF INJURY,0.0,0.0,0.0,0.0,0.0,3.0,0.0,14,6,12
a7d6c6fdedef19b24350097a0c7912a320f8a3713bc1c52973aff1197bec595ec6374236f269d97b81ee520d5ed79cf26c1dd72e2fe279bad64342b9f7fb2ac3,2019-11-22 16:26:00,30,TRAFFIC SIGNAL,FUNCTIONING PROPERLY,CLEAR,DAWN,PEDESTRIAN,DIVIDED - W/MEDIAN BARRIER,STRAIGHT AND LEVEL,DRY,NO DEFECTS,NO INJURY / DRIVE AWAY,"$501 - $1,500",FAILING TO YIELD RIGHT-OF-WAY,NOT APPLICABLE,1601,E,87TH ST,2,NO INDICATION OF INJURY,0.0,0.0,0.0,0.0,0.0,2.0,0.0,16,6,11
a64fee8b1f2846367a4ec45b57f21f6fd1ad3c5e65d54fe305615bd6e151c1305ee4662e54071e0c2c73ff951856260202626151f5700fd713324ad87d3d8604,2021-08-19 22:30:00,30,NO CONTROLS,NO CONTROLS,CLEAR,DARKNESS,ANGLE,NOT DIVIDED,STRAIGHT AND LEVEL,DRY,NO DEFECTS,NO INJURY / DRIVE AWAY,"OVER $1,500",FAILING TO YIELD RIGHT-OF-WAY,FAILING TO YIELD RIGHT-OF-WAY,6300,S,DAMEN AVE,2,NO INDICATION OF INJURY,0.0,0.0,0.0,0.0,0.0,4.0,0.0,22,5,8
15ecfbee5c7be9de5974795705e5b42d5eead7a9a361c861c1c74c8051258d6396f9ddcc9cdd7f7593926a3f5cfbd58b552c94569d6f634b6a4bc6f25f9e1fa8,2018-11-17 11:30:00,30,NO CONTROLS,NO CONTROLS,SNOW,DAYLIGHT,PEDALCYCLIST,DIVIDED - W/MEDIAN (NOT RAISED),STRAIGHT AND LEVEL,WET,NO DEFECTS,INJURY AND / OR TOW DUE TO CRASH,$500 OR LESS,UNABLE TO DETERMINE,UNABLE TO DETERMINE,1247,N,MILWAUKEE AVE,2,NONINCAPACITATING INJURY,1.0,0.0,0.0,1.0,0.0,1.0,0.0,11,7,11
e40614f845d5eb9d0f3b4e8060d1f2e4112274ed79f75b5dccb99c2c396b41dbf01db860768db1282688262ef0e9aa1df0094fea987028d3ac0af89ec34282dd,2019-06-18 09:30:00,25,NO CONTROLS,NO CONTROLS,CLEAR,DAYLIGHT,PARKED MOTOR VEHICLE,ONE-WAY,STRAIGHT AND LEVEL,DRY,NO DEFECTS,NO INJURY / DRIVE AWAY,"$501 - $1,500",UNABLE TO DETERMINE,UNABLE TO DETERMINE,2170,W,BOWLER ST,2,NO INDICATION OF INJURY,0.0,0.0,0.0,0.0,0.0,1.0,0.0,9,3,6
3f7ca2e89e999e514ac231a91f07e3ac4cb8c1576e7b7050adc17ef2747aca92ed6dcb60f6745a86fa6c89446b5b8e5e2e7a805c1b16093eaed0b27b3eb7ec28,2017-05-26 10:08:00,30,TRAFFIC SIGNAL,FUNCTIONING PROPERLY,CLEAR,DAYLIGHT,TURNING,DIVIDED - W/MEDIAN (NOT RAISED),STRAIGHT AND LEVEL,DRY,NO DEFECTS,NO INJURY / DRIVE AWAY,$500 OR LESS,DRIVING SKILLS/KNOWLEDGE/EXPERIENCE,DRIVING SKILLS/KNOWLEDGE/EXPERIENCE,4800,W,FLOURNOY ST,2,NO INDICATION OF INJURY,0.0,0.0,0.0,0.0,0.0,2.0,0.0,10,6,5
7bd905086ff2ac39a6e9dd75fa5011d62b17ef02c588544c1ff221dd79003f4ed5ea5c96426744d2cc4b2ea8d7f920aa4758dec14cdb4c679a2e103d2178c3e6,2018-02-17 15:38:00,30,TRAFFIC SIGNAL,FUNCTIONING PROPERLY,SNOW,DAYLIGHT,TURNING,NOT DIVIDED,STRAIGHT AND LEVEL,WET,NO DEFECTS,NO INJURY / DRIVE AWAY,$500 OR LESS,IMPROPER LANE USAGE,FAILING TO YIELD RIGHT-OF-WAY,1154,S,CLARK ST,2,NO INDICATION OF INJURY,0.0,0.0,0.0,0.0,0.0,2.0,0.0,15,7,2
60dc8136ef4f5a9bf4aa9e85b11e30038c3927b919527408e541ed6312faa377483ca585c8479eab3e897aaec2800d5ea67484a4d36866c61117034b6d09989a,2018-11-12 14:56:00,30,NO CONTROLS,NO CONTROLS,CLEAR,DAYLIGHT,PARKED MOTOR VEHICLE,NOT DIVIDED,STRAIGHT AND LEVEL,DRY,NO DEFECTS,INJURY AND / OR TOW DUE TO CRASH,"OVER $1,500",EXCEEDING AUTHORIZED SPEED LIMIT,DRIVING SKILLS/KNOWLEDGE/EXPERIENCE,6541,S,MORGAN ST,2,NO INDICATION OF INJURY,0.0,0.0,0.0,0.0,0.0,1.0,0.0,14,2,11
41a81cf38687be9db847d0970ef859ba2c3299372b703409b179b1887afc2dfca8814114d86ea4d6159f39b55b7e391c8e7e5ae9101a6ee819e1829625706da8,2019-08-26 12:36:00,30,TRAFFIC SIGNAL,FUNCTIONING PROPERLY,RAIN,DAYLIGHT,SIDESWIPE SAME DIRECTION,NOT DIVIDED,STRAIGHT AND LEVEL,WET,NO DEFECTS,NO INJURY / DRIVE AWAY,"$501 - $1,500",FOLLOWING TOO CLOSELY,UNABLE TO DETERMINE,5400,W,FULLERTON AVE,2,NO INDICATION OF INJURY,0.0,0.0,0.0,0.0,0.0,2.0,0.0,12,2,8
161bc0323a6cb2dfdc25080a2e83a34cce7802c7a5fa14b6af4ed17b8eba1e8db0d20095bf83bdc6430d71fb575e367268c8d636d16a35cc833d29b70f120f9a,2021-05-18 18:32:00,30,NO CONTROLS,NO CONTROLS,RAIN,DAWN,ANGLE,NOT DIVIDED,STRAIGHT AND LEVEL,WET,NO DEFECTS,NO INJURY / DRIVE AWAY,$500 OR LESS,UNABLE TO DETERMINE,NOT APPLICABLE,6998,S,SOUTH SHORE DR,3,NO INDICATION OF INJURY,0.0,0.0,0.0,0.0,0.0,3.0,0.0,18,3,5
d7246a2c1586acdc9f1f78f57e2c0e4ba730b095a6afb55a5c55299ef54a1d50bd20248693e680577d378678734a675ecab29339eb0170d06c6921370a3c1bb9,2020-08-15 22:25:00,15,NO CONTROLS,NO CONTROLS,CLEAR,"DARKNESS, LIGHTED ROAD",PARKED MOTOR VEHICLE,NOT DIVIDED,STRAIGHT AND LEVEL,DRY,NO DEFECTS,NO INJURY / DRIVE AWAY,"$501 - $1,500",DRIVING SKILLS/KNOWLEDGE/EXPERIENCE,NOT APPLICABLE,1337,W,13TH ST,2,NO INDICATION OF INJURY,0.0,0.0,0.0,0.0,0.0,1.0,0.0,22,7,8
b12416e7e5897ba661790734ce1fd500b27f5ff541c3d1579c39d6761bf1e803561da7ff8c3fff0bb634a5e620669338ccfe35bb219145e36885caf1c5e13322,2018-08-01 20:30:00,40,NO CONTROLS,NO CONTROLS,CLEAR,DAYLIGHT,REAR END,DIVIDED - W/MEDIAN BARRIER,STRAIGHT AND LEVEL,DRY,NO DEFECTS,INJURY AND / OR TOW DUE TO CRASH,"OVER $1,500",FOLLOWING TOO CLOSELY,UNABLE TO DETERMINE,601,N,LAKE SHORE DR NB,2,"REPORTED, NOT EVIDENT",3.0,0.0,0.0,0.0,3.0,4.0,0.0,20,4,8
1f4c7bc5a2f8f5076b77a4dd1ee03fc600ba9f1eb570ac5a9be525e6b56a003b77e35636cd3f6af4920f0fd34f506e085d750ea3b58708b886ab47c654e8727d,2023-07-10 23:15:00,30,NO CONTROLS,NO CONTROLS,CLEAR,"DARKNESS, LIGHTED ROAD",PARKED MOTOR VEHICLE,DIVIDED - W/MEDIAN (NOT RAISED),STRAIGHT AND LEVEL,DRY,UNKNOWN,INJURY AND / OR TOW DUE TO CRASH,"OVER $1,500",UNABLE TO DETERMINE,NOT APPLICABLE,1026,W,VAN BUREN ST,3,NO INDICATION OF INJURY,0.0,0.0,0.0,0.0,0.0,1.0,0.0,23,2,7
e27bb950f230294283419fed0f500b54293ba7ded3ede0cf93e408aebcbafe11f39dc30976985a27b3090097b5f00d2216ed19f216cca36c86c5ef7a9fbfa8cd,2021-06-05 18:00:00,20,STOP SIGN/FLASHER,FUNCTIONING PROPERLY,CLEAR,DAYLIGHT,REAR END,ONE-WAY,STRAIGHT AND LEVEL,DRY,NO DEFECTS,NO INJURY / DRIVE AWAY,"$501 - $1,500",FOLLOWING TOO CLOSELY,IMPROPER BACKING,6202,W,GEORGE ST,2,NO INDICATION OF INJURY,0.0,0.0,0.0,0.0,0.0,3.0,0.0,18,7,6
f1930b0dd04718040325f0a4d3e6791e3ca04c6e78e3413c108284763f8941f6840f9bb98ebdef219bc43b436cf8ea7cd6114281db475edbb6a3ea88b2ab72ed,2018-12-27 17:30:00,30,TRAFFIC SIGNAL,UNKNOWN,UNKNOWN,UNKNOWN,TURNING,NOT DIVIDED,STRAIGHT AND LEVEL,UNKNOWN,UNKNOWN,NO INJURY / DRIVE AWAY,"$501 - $1,500",IMPROPER TURNING/NO SIGNAL,UNABLE TO DETERMINE,1200,W,DEVON AVE,2,NO INDICATION OF INJURY,0.0,0.0,0.0,0.0,0.0,5.0,0.0,17,5,12
c90ef7e3946eadc704f6f5cba1725ed1419937741bb1e2aa15399a7b84bf498c4ee5c9197f3a0f89457e4dcb0d8661685a24119dc89dc06d5ad43a5adcad55d1,2023-02-26 02:16:00,30,NO CONTROLS,NO CONTROLS,UNKNOWN,"DARKNESS, LIGHTED ROAD",REAR END,DIVIDED - W/MEDIAN (NOT RAISED),STRAIGHT AND LEVEL,UNKNOWN,UNKNOWN,NO INJURY / DRIVE AWAY,"OVER $1,500",UNABLE TO DETERMINE,NOT APPLICABLE,4445,W,31ST ST,2,NO INDICATION OF INJURY,0.0,0.0,0.0,0.0,0.0,2.0,0.0,2,1,2
dedd8ef0410698fe01cef31ba10db542e29eb69cd7b81a1806b6126d03e4f1abda39e9a18885334ce623725f0e0b7acf09382e121b3a23c2553385834c0affbf,2017-12-11 05:59:00,30,TRAFFIC SIGNAL,FUNCTIONING PROPERLY,CLEAR,"DARKNESS, LIGHTED ROAD",REAR END,DIVIDED - W/MEDIAN (NOT RAISED),STRAIGHT AND LEVEL,DRY,NO DEFECTS,NO INJURY / DRIVE AWAY,"OVER $1,500",FOLLOWING TOO CLOSELY,UNABLE TO DETERMINE,4355,N,CENTRAL AVE,2,NO INDICATION OF INJURY,0.0,0.0,0.0,0.0,0.0,2.0,0.0,5,2,12
fed298ac0fd2841a9771622d45916a0167d92e89e6c2470b49bf06a38f9000b1f6e901e565e0708eb07708c62839a20148c0be22b38b746116d83b1c02aa8e1b,2019-11-27 18:20:00,30,TRAFFIC SIGNAL,FUNCTIONING IMPROPERLY,CLEAR,"DARKNESS, LIGHTED ROAD",SIDESWIPE SAME DIRECTION,FOUR WAY,STRAIGHT AND LEVEL,DRY,NO DEFECTS,NO INJURY / DRIVE AWAY,"OVER $1,500",IMPROPER TURNING/NO SIGNAL,IMPROPER OVERTAKING/PASSING,11900,S,HALSTED ST,2,NO INDICATION OF INJURY,0.0,0.0,0.0,0.0,0.0,2.0,0.0,18,4,11
9f4d4f2788f46d6d17685d0dd839bbaaca38cf33e0cd2ae162878fff265f47852f431851ca99ccf9b1ab65825da85f98f4adbfa6c0d1d9ed91a30b65c103a223,2018-05-15 17:00:00,30,TRAFFIC SIGNAL,FUNCTIONING PROPERLY,CLEAR,DAYLIGHT,SIDESWIPE OPPOSITE DIRECTION,NOT DIVIDED,STRAIGHT AND LEVEL,DRY,NO DEFECTS,INJURY AND / OR TOW DUE TO CRASH,"OVER $1,500",UNABLE TO DETERMINE,UNABLE TO DETERMINE,5600,W,63RD ST,2,NO INDICATION OF INJURY,0.0,0.0,0.0,0.0,0.0,2.0,0.0,17,3,5
2a38e7cc93cce7133bbcb808f1006e57de01053c7328e513dbb86c87813a58bd81637c5083da83f4f3088810bb0ed231b754a23a5a04f12b6c659ab4de6e2ab1,2023-05-17 09:40:00,25,NO CONTROLS,NO CONTROLS,CLEAR,DAYLIGHT,REAR TO FRONT,FOUR WAY,STRAIGHT AND LEVEL,DRY,NO DEFECTS,NO INJURY / DRIVE AWAY,"OVER $1,500",IMPROPER BACKING,FAILING TO REDUCE SPEED TO AVOID CRASH,9300,S,PARNELL AVE,2,NO INDICATION OF INJURY,0.0,0.0,0.0,0.0,0.0,2.0,0.0,9,4,5
7fde004740b709ee93e6dc798648a8b90598c06968175446f10556484be18b6142a7050ae5ae8ef3ebb1c96a72404445ee41601d63f180c863022618e0f1f940,2022-11-26 21:15:00,30,NO CONTROLS,NO CONTROLS,CLEAR,"DARKNESS, LIGHTED ROAD",SIDESWIPE SAME DIRECTION,NOT DIVIDED,STRAIGHT AND LEVEL,DRY,NO DEFECTS,NO INJURY / DRIVE AWAY,"OVER $1,500",UNABLE TO DETERMINE,UNABLE TO DETERMINE,6032,W,NORTH AVE,2,NO INDICATION OF INJURY,0.0,0.0,0.0,0.0,0.0,3.0,0.0,21,7,11
b5e2868e7582c05c29aeb7ce2e10d46d9f0e995d2ea0b55ce4cf8ab1bcddc37574a8f5b2510135c7dc6e5dffbb3fc5f1462a935e80ae48ff0a39812239d702d5,2016-05-24 11:06:00,30,STOP SIGN/FLASHER,FUNCTIONING PROPERLY,CLEAR,DAYLIGHT,REAR END,DIVIDED - W/MEDIAN (NOT RAISED),STRAIGHT AND LEVEL,DRY,NO DEFECTS,NO INJURY / DRIVE AWAY,"OVER $1,500",IMPROPER OVERTAKING/PASSING,FAILING TO REDUCE SPEED TO AVOID CRASH,1922,S,LOOMIS ST,2,NO INDICATION OF INJURY,0.0,0.0,0.0,0.0,0.0,6.0,0.0,11,3,5