CRASH_RECORD_ID,CRASH_DATE,POSTED_SPEED_LIMIT,TRAFFIC_CONTROL_DEVICE,DEVICE_CONDITION,WEATHER_CONDITION,LIGHTING_CONDITION,FIRST_CRASH_TYPE,TRAFFICWAY_TYPE,ALIGNMENT,ROADWAY_SURFACE_COND,ROAD_DEFECT,CRASH_TYPE,DAMAGE,PRIM_CONTRIBUTORY_CAUSE,SEC_CONTRIBUTORY_CAUSE,STREET_NO,STREET_DIRECTION,STREET_NAME,NUM_UNITS,MOST_SEVERE_INJURY,INJURIES_TOTAL,INJURIES_FATAL,INJURIES_INCAPACITATING,INJURIES_NON_INCAPACITATING,INJURIES_REPORTED_NOT_EVIDENT,INJURIES_NO_INDICATION,INJURIES_UNKNOWN,CRASH_HOUR,CRASH_DAY_OF_WEEK,CRASH_MONTH
b579ec70c6f645e23a5f69e0823b0462f28085dc43a3a011abd73f7140fae99551876ef65f0321dcd2b41df5fac5e7c2925648d3a6b1cf4a3da72da0a8405914,2017-08-26 09:00:00,45,NO CONTROLS,NO CONTROLS,CLEAR,DAYLIGHT,SIDESWIPE SAME DIRECTION,NOT DIVIDED,STRAIGHT AND LEVEL,DRY,NO DEFECTS,NO INJURY / DRIVE AWAY,"$501 - $1,500",UNABLE TO DETERMINE,UNABLE TO DETERMINE,5600,N,LAKE SHORE DR SB,2,NO INDICATION OF INJURY,0.0,0.0,0.0,0.0,0.0,2.0,0.0,9,7,8
fca9e7b00f7d3cbea5bb75be7c761d2729f6ff008bf410da21f0c9ff5c52301485ea230480073c2d858b0e2da2e54134945a56bec1540d3e91ee9ba4dda8dd64,2018-12-17 14:50:00,30,SCHOOL ZONE,NO CONTROLS,CLEAR,DAYLIGHT,PEDESTRIAN,DIVIDED - W/MEDIAN (NOT RAISED),STRAIGHT AND LEVEL,DRY,NO DEFECTS,INJURY AND / OR TOW DUE TO CRASH,"$501 - $1,500","OPERATING VEHICLE IN ERRATIC, RECKLESS, CARELESS, NEGLIGENT OR AGGRESSIVE MANNER",NOT APPLICABLE,11100,S,VINCENNES AVE,2,NONINCAPACITATING INJURY,1.0,0.0,0.0,1.0,0.0,1.0,0.0,14,2,12
c987bdd4565758b8e5ece0a28d8156622bd133b500831a640490ce1c28ca1c67891f120851b2b5ee88674f627a26ca27cbcfeefecb8b2ad5e2aa191116ad9368,2018-11-11 23:00:00,30,NO CONTROLS,NO CONTROLS,CLEAR,"DARKNESS, LIGHTED ROAD",PARKED MOTOR VEHICLE,ONE-WAY,STRAIGHT AND LEVEL,DRY,NO DEFECTS,INJURY AND / OR TOW DUE TO CRASH,"$501 - $1,500",IMPROPER OVERTAKING/PASSING,IMPROPER OVERTAKING/PASSING,11823,S,STEWART AVE,2,NO INDICATION OF INJURY,0.0,0.0,0.0,0.0,0.0,4.0,0.0,23,1,11
f7a876252eb7707a730df988a1e412612b61f0756e948e1187a5742d02e10098b9cd955d7b9cd8c04e4ad85d89b5f87c411c1bb6aefa859f5cd558300fcbdd17,2023-05-22 16:42:00,30,UNKNOWN,UNKNOWN,UNKNOWN,DAYLIGHT,SIDESWIPE SAME DIRECTION,DIVIDED - W/MEDIAN BARRIER,STRAIGHT AND LEVEL,UNKNOWN,UNKNOWN,NO INJURY / DRIVE AWAY,"$501 - $1,500",UNABLE TO DETERMINE,NOT APPLICABLE,1800,W,PETERSON AVE,2,NO INDICATION OF INJURY,0.0,0.0,0.0,0.0,0.0,3.0,0.0,16,2,5
4561267904397c014836fc3a2784d56fc5c200337f3f880182fd76b393db8a3530e8cb36950e3fafd291ef243f85bb16f8f677964f3139105330ad85bce6813b,2021-02-08 05:45:00,30,TRAFFIC SIGNAL,FUNCTIONING PROPERLY,CLEAR,DAWN,SIDESWIPE SAME DIRECTION,NOT DIVIDED,STRAIGHT AND LEVEL,DRY,NO DEFECTS,NO INJURY / DRIVE AWAY,"$501 - $1,500",UNABLE TO DETERMINE,UNABLE TO DETERMINE,5501,S,WESTERN AVE,2,NO INDICATION OF INJURY,0.0,0.0,0.0,0.0,0.0,2.0,0.0,5,2,2
a9fe6ccfb54a0c2508a0f01f4a571d21c92d67bc864dd1cfb7df607692baab6aa379b9e056b83a32d7b16d09c59a2765bd5bab757ea1753d17182cadd2c01f61,2021-02-06 21:05:00,30,NO CONTROLS,NO CONTROLS,CLEAR,DARKNESS,SIDESWIPE SAME DIRECTION,NOT DIVIDED,STRAIGHT AND LEVEL,WET,NO DEFECTS,NO INJURY / DRIVE AWAY,"$501 - $1,500","OPERATING VEHICLE IN ERRATIC, RECKLESS, CARELESS, NEGLIGENT OR AGGRESSIVE MANNER",UNABLE TO DETERMINE,5800,S,CALIFORNIA AVE,2,NO INDICATION OF INJURY,0.0,0.0,0.0,0.0,0.0,2.0,0.0,21,7,2
e71123d417aa7d5dc4817dd1c4469d0fdccae230a954c508543428787e49c1e4aa3688e4308eab207efe4513c18fd24f152eb6409f189c5871998f46c07ab0fd,2022-06-19 06:45:00,20,TRAFFIC SIGNAL,NO CONTROLS,CLEAR,DAYLIGHT,ANGLE,DIVIDED - W/MEDIAN BARRIER,STRAIGHT AND LEVEL,DRY,NO DEFECTS,NO INJURY / DRIVE AWAY,"OVER $1,500",FAILING TO YIELD RIGHT-OF-WAY,UNABLE TO DETERMINE,2401,W,79TH ST,2,NO INDICATION OF INJURY,0.0,0.0,0.0,0.0,0.0,2.0,0.0,6,1,6
ee69e71264dc8ac306b17aa8d4291c045887d0881835a422af00fdc30ce1125146a410c87448dae63dc104a4a651f4d8e319bb49f9bfe9c91d7e33135fae6326,2017-02-21 07:55:00,30,NO CONTROLS,NO CONTROLS,RAIN,DAYLIGHT,REAR END,DIVIDED - W/MEDIAN (NOT RAISED),STRAIGHT AND LEVEL,WET,NO DEFECTS,NO INJURY / DRIVE AWAY,"OVER $1,500",FOLLOWING TOO CLOSELY,UNABLE TO DETERMINE,2226,N,CALIFORNIA AVE,3,NO INDICATION OF INJURY,0.0,0.0,0.0,0.0,0.0,3.0,0.0,7,3,2
a69683a588be2bc5348ea703bce79169419b00014a57681c2a9be72ba4d1e18c7dc7e92cd10aed2a8cf480708e11235a6eca831a368d11ea016d64478c1a38ee,2015-11-21 14:32:00,30,NO CONTROLS,NO CONTROLS,SNOW,DAYLIGHT,FIXED OBJECT,DIVIDED - W/MEDIAN (NOT RAISED),STRAIGHT AND LEVEL,SNOW OR SLUSH,"RUT, HOLES",NO INJURY / DRIVE AWAY,"$501 - $1,500",ROAD CONSTRUCTION/MAINTENANCE,WEATHER,1700,W,119TH ST,2,NO INDICATION OF INJURY,0.0,0.0,0.0,0.0,0.0,1.0,0.0,14,7,11
c7c51bafa8ca8418523903f3d7624ab8586e8b2e093f0b1005feffbddc1fe0107e666c7a25bd7c5236f553d9c1b8e38b784e86895bef7aa94ca708b9ca960da1,2023-05-21 04:54:00,15,NO CONTROLS,UNKNOWN,CLEAR,"DARKNESS, LIGHTED ROAD",PARKED MOTOR VEHICLE,NOT DIVIDED,STRAIGHT AND LEVEL,DRY,NO DEFECTS,INJURY AND / OR TOW DUE TO CRASH,"OVER $1,500",UNABLE TO DETERMINE,NOT APPLICABLE,207,N,JUSTINE ST,2,NO INDICATION OF INJURY,0.0,0.0,0.0,0.0,0.0,1.0,0.0,4,1,5
646c7390cce87ac5610c02b4262d65befd4dc6b7f68e95b6583b138f21f4361d2f498e3691ccf1dc1d75ef36ae0b1e1d6d8c31cab53ab0f45636f8682938d5de,2023-01-09 09:50:00,30,NO CONTROLS,NO CONTROLS,CLEAR,DAYLIGHT,REAR END,DIVIDED - W/MEDIAN (NOT RAISED),STRAIGHT AND LEVEL,DRY,NO DEFECTS,INJURY AND / OR TOW DUE TO CRASH,"OVER $1,500",FOLLOWING TOO CLOSELY,UNABLE TO DETERMINE,4348,W,63RD ST,2,NO INDICATION OF INJURY,0.0,0.0,0.0,0.0,0.0,2.0,0.0,9,2,1
afe54e1c786d9d904099262c3c102c8591f980ac507fd4c2d4566838f6490568b4c3ce9d9d63a9506aadb63207ad589bf56c6ba797361d7296c1d9eb4623b0c3,2018-05-03 09:20:00,30,TRAFFIC SIGNAL,FUNCTIONING PROPERLY,CLEAR,DAYLIGHT,REAR END,NOT DIVIDED,STRAIGHT AND LEVEL,DRY,NO DEFECTS,NO INJURY / DRIVE AWAY,"$501 - $1,500",FOLLOWING TOO CLOSELY,UNABLE TO DETERMINE,1619,W,FOSTER AVE,2,NO INDICATION OF INJURY,0.0,0.0,0.0,0.0,0.0,3.0,0.0,9,5,5
026461f8ca779eaaa5fa23ed7e06552a92bbc5edbc0f3a89fb6027f2d3cad70a0c33313cdce58af931e4cbab909397ff95f43dc24cd10cdedd4dec707171ad09,2019-12-06 18:30:00,30,NO CONTROLS,NO CONTROLS,CLEAR,DAYLIGHT,SIDESWIPE OPPOSITE DIRECTION,NOT DIVIDED,STRAIGHT AND LEVEL,DRY,NO DEFECTS,NO INJURY / DRIVE AWAY,"OVER $1,500",DISREGARDING ROAD MARKINGS,NOT APPLICABLE,5833,W,IRVING PARK RD,3,NO INDICATION OF INJURY,0.0,0.0,0.0,0.0,0.0,3.0,0.0,18,6,12
372621817e6da81c275b41838dc9211536408e999681e0d2e8a4da54c14018b8d1f90a38cb4ac924f1b901d6e84e1efa4f4140d4c4be4c26ba4de897c47907b7,2018-09-06 04:50:00,0,NO CONTROLS,NO CONTROLS,RAIN,"DARKNESS, LIGHTED ROAD",SIDESWIPE SAME DIRECTION,NOT DIVIDED,STRAIGHT AND LEVEL,WET,NO DEFECTS,NO INJURY / DRIVE AWAY,$500 OR LESS,UNABLE TO DETERMINE,UNABLE TO DETERMINE,1720,N,KEDZIE AVE,2,NO INDICATION OF INJURY,0.0,0.0,0.0,0.0,0.0,2.0,0.0,4,5,9
6739e37b43a87bc81ea666de9beb886c15b05e6ee373770b3554bb46852a9403115ddc0cdafceb0876caa48150686ff905f23d41c82669a23c5f1f39e943af2b,2018-03-03 15:20:00,30,NO CONTROLS,NO CONTROLS,CLEAR,DAYLIGHT,SIDESWIPE SAME DIRECTION,DIVIDED - W/MEDIAN (NOT RAISED),STRAIGHT AND LEVEL,DRY,NO DEFECTS,NO INJURY / DRIVE AWAY,"$501 - $1,500",IMPROPER LANE USAGE,NOT APPLICABLE,222,N,MAYFIELD AVE,2,NO INDICATION OF INJURY,0.0,0.0,0.0,0.0,0.0,3.0,0.0,15,7,3
aba5982cea3e1c3ebb1333ae242f96dd56e8eb3199f4f641e63a9d6c60d727444180f8a365b01521f3ea331e7836ae2d4283af3e08e75d738f22e996742d6b85,2018-06-21 14:30:00,30,UNKNOWN,UNKNOWN,UNKNOWN,DAYLIGHT,ANGLE,DIVIDED - W/MEDIAN (NOT RAISED),STRAIGHT AND LEVEL,WET,UNKNOWN,NO INJURY / DRIVE AWAY,"OVER $1,500",UNABLE TO DETERMINE,UNABLE TO DETERMINE,110,E,95TH ST,2,NO INDICATION OF INJURY,0.0,0.0,0.0,0.0,0.0,2.0,0.0,14,5,6
bbb2e607d75e9484c644692b68c1049737d42844ead1448bd69680920d5d05dbdc4bd82c45c4d55e06f24a044c641a0d5c338ab8b19275e356068dfad5ccab56,2017-06-23 14:00:00,30,NO CONTROLS,NO CONTROLS,CLEAR,DAYLIGHT,PARKED MOTOR VEHICLE,NOT DIVIDED,STRAIGHT AND LEVEL,DRY,NO DEFECTS,NO INJURY / DRIVE AWAY,"OVER $1,500",UNABLE TO DETERMINE,NOT APPLICABLE,8001,S,EXCHANGE AVE,2,NO INDICATION OF INJURY,0.0,0.0,0.0,0.0,0.0,1.0,0.0,14,6,6
1cbf3f92fda0eee452eb08b902a3a355b4f55fbdae1b02d0e55305e6a5fdcf52ecf0f87ab3705043bbe89aa0340326f515f58a94b8c40b93f1487dfa570946b7,2022-03-23 17:03:00,25,STOP SIGN/FLASHER,FUNCTIONING PROPERLY,FREEZING RAIN/DRIZZLE,DAYLIGHT,TURNING,NOT DIVIDED,STRAIGHT AND LEVEL,WET,NO DEFECTS,NO INJURY / DRIVE AWAY,"$501 - $1,500",NOT APPLICABLE,NOT APPLICABLE,2802,N,CHRISTIANA AVE,2,NO INDICATION OF INJURY,0.0,0.0,0.0,0.0,0.0,2.0,0.0,17,4,3
763412575667b495a3383cc3507e97d11760f2743f0cf93e98dbe0a0897d5746dbfb170e3bbad8b56e2fa550b675183734cf7cc09b7f8e7f2c3f921eaa56bdcf,2019-05-16 19:30:00,30,NO CONTROLS,NO CONTROLS,CLEAR,DAYLIGHT,SIDESWIPE SAME DIRECTION,NOT DIVIDED,STRAIGHT AND LEVEL,DRY,NO DEFECTS,NO INJURY / DRIVE AWAY,"OVER $1,500",FAILING TO YIELD RIGHT-OF-WAY,DRIVING SKILLS/KNOWLEDGE/EXPERIENCE,7600,S,DAMEN AVE,2,NO INDICATION OF INJURY,0.0,0.0,0.0,0.0,0.0,2.0,0.0,19,5,5
ca5b2faceebf126584904ea761e6f361fd9f2b81cffcabece7d45496252f6da6b84cc0c18deab1b8cdae2d2c46a581b3025bc0d9a1d716e25dbbf9bfe1a8d907,2022-08-08 13:45:00,30,NO CONTROLS,NO CONTROLS,CLEAR,DAYLIGHT,TURNING,NOT DIVIDED,STRAIGHT AND LEVEL,DRY,NO DEFECTS,INJURY AND / OR TOW DUE TO CRASH,"OVER $1,500",UNABLE TO DETERMINE,DRIVING SKILLS/KNOWLEDGE/EXPERIENCE,5299,S,PULASKI RD,2,NO INDICATION OF INJURY,0.0,0.0,0.0,0.0,0.0,2.0,0.0,13,2,8
1077f5d0474df9d27cb51109c79a0a443282093f3f77391713ca45f75dd1587dcd2d3efe32fac2044f089572d21825f946d1204d6b3d49cfcb4c7f9e038d6af2,2020-11-22 10:45:00,20,NO CONTROLS,NO CONTROLS,CLEAR,DAYLIGHT,REAR END,NOT DIVIDED,STRAIGHT AND LEVEL,DRY,NO DEFECTS,NO INJURY / DRIVE AWAY,"$501 - $1,500",UNABLE TO DETERMINE,FOLLOWING TOO CLOSELY,4602,N,WESTERN AVE,2,NO INDICATION OF INJURY,0.0,0.0,0.0,0.0,0.0,2.0,0.0,10,1,11
8da7b7df44c953a3c5c43efdbc839a4c3cee824abadaa52251c21528ba6fb53c1122f63a8003171121ad9209e2201c4b337bd08af30caafef69b484a2ad283ed,2022-06-11 16:25:00,30,TRAFFIC SIGNAL,FUNCTIONING PROPERLY,CLEAR,DAYLIGHT,REAR END,DIVIDED - W/MEDIAN BARRIER,STRAIGHT AND LEVEL,DRY,NO DEFECTS,NO INJURY / DRIVE AWAY,"OVER $1,500",FOLLOWING TOO CLOSELY,FOLLOWING TOO CLOSELY,57,E,CERMAK RD,2,NO INDICATION OF INJURY,0.0,0.0,0.0,0.0,0.0,2.0,0.0,16,7,6
2dbe191d9007a9ee756b1435833d0f45fd1a10e641279ef1ec070d003403be67ee4069ee330337337b170ad50d71c28e506b0dd6a6052534341c65eb2e1a5b2e,2017-07-20 15:10:00,25,TRAFFIC SIGNAL,FUNCTIONING PROPERLY,CLEAR,DAYLIGHT,REAR END,DIVIDED - W/MEDIAN (NOT RAISED),STRAIGHT AND LEVEL,DRY,NO DEFECTS,NO INJURY / DRIVE AWAY,"$501 - $1,500",UNABLE TO DETERMINE,UNABLE TO DETERMINE,6200,S,WESTERN AVE,2,NO INDICATION OF INJURY,0.0,0.0,0.0,0.0,0.0,2.0,0.0,15,5,7
4c46daa7ceae1211eb9ebb8fab80d483ab65022d09bdf5c24e822355a963920da9fb0f53cc881b6f8a787112cb2aa3774274003a5c4295d8dff386f4836ac066,2018-08-28 15:45:00,30,NO CONTROLS,NO CONTROLS,CLEAR,DAYLIGHT,PARKED MOTOR VEHICLE,NOT DIVIDED,STRAIGHT AND LEVEL,DRY,NO DEFECTS,NO INJURY / DRIVE AWAY,"$501 - $1,500",UNABLE TO DETERMINE,UNABLE TO DETERMINE,1200,E,62ND ST,2,NO INDICATION OF INJURY,0.0,0.0,0.0,0.0,0.0,1.0,0.0,15,3,8
4abcc9939cf2efca75fe0d72130fd344fd02c4cc3ea2f450fa781fbde11c011b1d9ed078736ad2148ef90a0ad41b224dc6069e6e2da05548d05b40bc6810db9e,2023-04-07 21:03:00,35,UNKNOWN,NO CONTROLS,CLEAR,DUSK,ANGLE,CENTER TURN LANE,STRAIGHT AND LEVEL,DRY,UNKNOWN,NO INJURY / DRIVE AWAY,"OVER $1,500",UNABLE TO DETERMINE,NOT APPLICABLE,727,W,MADISON ST,2,NO INDICATION OF INJURY,0.0,0.0,0.0,0.0,0.0,3.0,0.0,21,6,4
b9eb03b39d33f75fd4b7882af6f4771116bf9d8474290354441467b1a6a77d02d59f587af5379bf16088c98a79a78942362aa034949efe6e9fbca1b4e6c156f1,2018-10-08 12:00:00,30,NO CONTROLS,NO CONTROLS,CLEAR,DAYLIGHT,SIDESWIPE SAME DIRECTION,NOT DIVIDED,STRAIGHT ON GRADE,DRY,NO DEFECTS,NO INJURY / DRIVE AWAY,"OVER $1,500",UNABLE TO DETERMINE,UNABLE TO DETERMINE,580,E,ILLINOIS ST,2,NO INDICATION OF INJURY,0.0,0.0,0.0,0.0,0.0,2.0,0.0,12,2,10
530818189b5f4871cce763ceefe61c4f09c88cc01512e58cd1e4f4435117508f88d49af9fd21ea816aea8fbc20036bfae225ede46da10d5129740720cc6a9f50,2018-05-22 21:15:00,30,TRAFFIC SIGNAL,FUNCTIONING PROPERLY,CLEAR,"DARKNESS, LIGHTED ROAD",TURNING,NOT DIVIDED,STRAIGHT AND LEVEL,DRY,NO DEFECTS,INJURY AND / OR TOW DUE TO CRASH,"OVER $1,500",FAILING TO YIELD RIGHT-OF-WAY,UNABLE TO DETERMINE,4351,N,KEDZIE AVE,2,NO INDICATION OF INJURY,0.0,0.0,0.0,0.0,0.0,2.0,0.0,21,3,5
d1d9028dccee0cea5343e5b839a942f14e8c35a1b93aab28eb6aa311833ea2a8a1f71fdb3468496682f2607938694d00d7816333d39b64d69e1783ae92e09527,2016-02-18 14:30:00,30,NO CONTROLS,NO CONTROLS,CLEAR,DAYLIGHT,TURNING,DIVIDED - W/MEDIAN (NOT RAISED),STRAIGHT AND LEVEL,DRY,NO DEFECTS,NO INJURY / DRIVE AWAY,"$501 - $1,500",IMPROPER TURNING/NO SIGNAL,UNABLE TO DETERMINE,4700,S,WESTERN AVE,2,NO INDICATION OF INJURY,0.0,0.0,0.0,0.0,0.0,2.0,0.0,14,5,2
20457ed8e16591aff16c76329bb19a765423aa799d146520cc2e6a22c01420fb2f8742d843b493031085fa144d41cbc7a865ff4098832d206b7ad78a4c82f362,2020-11-16 12:45:00,30,STOP SIGN/FLASHER,FUNCTIONING PROPERLY,CLEAR,DAYLIGHT,REAR END,Y-INTERSECTION,STRAIGHT AND LEVEL,DRY,NO DEFECTS,NO INJURY / DRIVE AWAY,"OVER $1,500",FOLLOWING TOO CLOSELY,UNABLE TO DETERMINE,7300,S,SOUTH CHICAGO AVE,2,NO INDICATION OF INJURY,0.0,0.0,0.0,0.0,0.0,2.0,0.0,12,2,11
73822c302c23fb89b33d6bb98605d24aee98517f3fe4da3c24a29a8638bed171680364ccfb3c0359ab3df1df4aee1ff258d7f6f28f79bd40e12058e4364f5e09,2018-08-03 14:30:00,20,NO CONTROLS,NO CONTROLS,CLEAR,DAYLIGHT,PARKED MOTOR VEHICLE,NOT DIVIDED,STRAIGHT AND LEVEL,DRY,NO DEFECTS,INJURY AND / OR TOW DUE TO CRASH,"OVER $1,500",EXCEEDING AUTHORIZED SPEED LIMIT,UNABLE TO DETERMINE,3133,W,54TH PL,2,NO INDICATION OF INJURY,0.0,0.0,0.0,0.0,0.0,1.0,0.0,14,6,8
4fb80ddcb2bc5144071ea9ed272945ce5c7079a5aa134f01ece06ec5567e71864f6d0119c57e9c0df447e1b4a169590caafd5aa67b6994c58ed2dae5f573fa4f,2017-04-15 13:40:00,30,NO CONTROLS,NO CONTROLS,CLEAR,DAYLIGHT,PARKED MOTOR VEHICLE,NOT DIVIDED,STRAIGHT AND LEVEL,DRY,NO DEFECTS,NO INJURY / DRIVE AWAY,"OVER $1,500",FAILING TO YIELD RIGHT-OF-WAY,UNABLE TO DETERMINE,4101,N,WOLCOTT AVE,2,NO INDICATION OF INJURY,0.0,0.0,0.0,0.0,0.0,1.0,0.0,13,7,4
6981c70a62e481312e0592ad77574332d7d302b0b2ea8ac2921236bea49b189fae1224fb5012a91690b2dcccc2cae6110e824b91d206e1ccbb24001f8866a963,2023-11-13 19:00:00,30,STOP SIGN/FLASHER,FUNCTIONING PROPERLY,CLEAR,"DARKNESS, LIGHTED ROAD",ANGLE,FOUR WAY,STRAIGHT AND LEVEL,DRY,NO DEFECTS,NO INJURY / DRIVE AWAY,"OVER $1,500",NOT APPLICABLE,NOT APPLICABLE,2927,W,55TH ST,2,NO INDICATION OF INJURY,0.0,0.0,0.0,0.0,0.0,2.0,0.0,19,2,11
414140c340f788ac59b21a9b1017147ba75876d12e99e2280ead43da3ebe37022107dde79113df65e484ff3c4eb331128826e1162b42302c7ff546abaa0b69ca,2019-01-17 19:50:00,30,TRAFFIC SIGNAL,FUNCTIONING PROPERLY,CLEAR,"DARKNESS, LIGHTED ROAD",TURNING,NOT DIVIDED,STRAIGHT AND LEVEL,DRY,NO DEFECTS,NO INJURY / DRIVE AWAY,"OVER $1,500",IMPROPER TURNING/NO SIGNAL,IMPROPER TURNING/NO SIGNAL,4812,W,LAWRENCE AVE,2,NO INDICATION OF INJURY,0.0,0.0,0.0,0.0,0.0,2.0,0.0,19,5,1
61846523864bcbfd7393046a8b5b312c1cb9ac2f29202c88b6e502889bbac4d15d8aca6e833cc31bdfab5cb7c238a8ebaefc54ce2332fcad58d12552c6b7731e,2023-05-07 02:00:00,20,NO CONTROLS,NO CONTROLS,CLEAR,UNKNOWN,PARKED MOTOR VEHICLE,ONE-WAY,STRAIGHT AND LEVEL,DRY,NO DEFECTS,NO INJURY / DRIVE AWAY,"OVER $1,500",UNABLE TO DETERMINE,UNABLE TO DETERMINE,4545,N,HARDING AVE,2,NO INDICATION OF INJURY,0.0,0.0,0.0,0.0,0.0,1.0,0.0,2,1,5
a13f9df8cee4d9bae56f17083c37636ada68a11b9852c9a27867a985d1a89ac7aa660f3b53be0671f4810e0c9a389e5f3440063a47b0b37b294abad88ee26991,2023-10-11 12:00:00,30,NO CONTROLS,NO CONTROLS,CLEAR,DAYLIGHT,SIDESWIPE OPPOSITE DIRECTION,DIVIDED - W/MEDIAN (NOT RAISED),STRAIGHT AND LEVEL,DRY,UNKNOWN,NO INJURY / DRIVE AWAY,$500 OR LESS,FAILING TO YIELD RIGHT-OF-WAY,FAILING TO YIELD RIGHT-OF-WAY,105,S,CAMPBELL AVE,2,NO INDICATION OF INJURY,0.0,0.0,0.0,0.0,0.0,2.0,0.0,12,4,10
b24ba4b773f693c9f76bcbd7c45e997a4f9e67c21a26885050412bc49048ce7f4189ed8d928be1c423f969d3fa50204f6c48492cd3cd74e397125e362a7272b7,2023-10-16 21:45:00,30,STOP SIGN/FLASHER,FUNCTIONING PROPERLY,CLEAR,DARKNESS,ANGLE,FOUR WAY,STRAIGHT AND LEVEL,DRY,NO DEFECTS,NO INJURY / DRIVE AWAY,"OVER $1,500",FAILING TO YIELD RIGHT-OF-WAY,FAILING TO YIELD RIGHT-OF-WAY,9300,S,DR MARTIN LUTHER KING JR DR,2,NO INDICATION OF INJURY,0.0,0.0,0.0,0.0,0.0,2.0,0.0,21,2,10
61bb4bfafbfeecb62fa9f387ed1516c3bd8f4b5e57726ecf7cc91c0b973af2d01171438b9aff279e0f5cd7f0d645bc5bedc1f99645f0d9d50b43f7bb3f804fed,2018-04-13 16:50:00,30,UNKNOWN,UNKNOWN,CLEAR,DAYLIGHT,REAR END,ONE-WAY,STRAIGHT AND LEVEL,DRY,NO DEFECTS,NO INJURY / DRIVE AWAY,$500 OR LESS,FOLLOWING TOO CLOSELY,NOT APPLICABLE,3036,N,NARRAGANSETT AVE,2,NO INDICATION OF INJURY,0.0,0.0,0.0,0.0,0.0,2.0,0.0,16,6,4
5ce7cabd7ad82cc135517e4fe6a8ad91538571ff03d8a216e5d9c08ff68816db61577bedaace4a1dcc91966b9d8141a7292bd10540968c75b16a20431c32c2f1,2020-03-31 11:48:00,30,NO CONTROLS,NO CONTROLS,CLOUDY/OVERCAST,DAYLIGHT,TURNING,DIVIDED - W/MEDIAN (NOT RAISED),STRAIGHT AND LEVEL,WET,NO DEFECTS,NO INJURY / DRIVE AWAY,"OVER $1,500",IMPROPER TURNING/NO SIGNAL,NOT APPLICABLE,200,S,CICERO AVE,2,NO INDICATION OF INJURY,0.0,0.0,0.0,0.0,0.0,2.0,0.0,11,3,3
e1ff0dd480665651b4a6434bd9190c240d08229fdd57866307dca41bedc7fbd275526c8c01963ce039b0618564163127b1c7d332dab2ea96c658055f2c2d4c45,2018-10-24 19:10:00,30,TRAFFIC SIGNAL,FUNCTIONING PROPERLY,CLEAR,"DARKNESS, LIGHTED ROAD",REAR END,NOT DIVIDED,STRAIGHT AND LEVEL,DRY,NO DEFECTS,NO INJURY / DRIVE AWAY,$500 OR LESS,DRIVING SKILLS/KNOWLEDGE/EXPERIENCE,UNABLE TO DETERMINE,958,W,51ST ST,2,NO INDICATION OF INJURY,0.0,0.0,0.0,0.0,0.0,2.0,0.0,19,4,10
427dd23132a6d47c82f1a872db5247a974a718594f058615fc1450e72e3c2bb506953d2e793aaeb18bb4b4989e9f9c2f4c82c645086130aaeab08984634710e4,2017-06-09 06:30:00,30,NO CONTROLS,NO CONTROLS,CLEAR,DAYLIGHT,REAR END,DIVIDED - W/MEDIAN (NOT RAISED),STRAIGHT AND LEVEL,DRY,NO DEFECTS,NO INJURY / DRIVE AWAY,$500 OR LESS,UNABLE TO DETERMINE,UNABLE TO DETERMINE,5199,W,FOSTER AVE,2,NO INDICATION OF INJURY,0.0,0.0,0.0,0.0,0.0,2.0,0.0,6,6,6
26b8dddebcfd1b108b644dd5ec341ea25cb3c35d3263b71a7cb0668aa0ea4cbf5488a6a687767edf34e728945b19053bc857c1d2bedb4bd33c1892074f3621d7,2020-09-26 02:16:00,30,NO CONTROLS,UNKNOWN,CLEAR,"DARKNESS, LIGHTED ROAD",SIDESWIPE OPPOSITE DIRECTION,NOT DIVIDED,STRAIGHT AND LEVEL,DRY,NO DEFECTS,NO INJURY / DRIVE AWAY,"OVER $1,500",UNABLE TO DETERMINE,UNABLE TO DETERMINE,2630,E,100TH ST,2,NO INDICATION OF INJURY,0.0,0.0,0.0,0.0,0.0,2.0,0.0,2,7,9
82d4db42af18e221b76fd820b06f51d9024e23ac1ab8fe3191c3394e01ba6acc514b94b44f38a635a5628661b6c0fe69b4456cadb20895e0134c66daa626f1f5,2022-03-30 08:30:00,30,TRAFFIC SIGNAL,FUNCTIONING PROPERLY,RAIN,DAYLIGHT,TURNING,NOT DIVIDED,STRAIGHT AND LEVEL,UNKNOWN,UNKNOWN,NO INJURY / DRIVE AWAY,"OVER $1,500",UNABLE TO DETERMINE,UNABLE TO DETERMINE,750,N,KEDZIE AVE,2,NO INDICATION OF INJURY,0.0,0.0,0.0,0.0,0.0,3.0,0.0,8,4,3
ca49830375f1b3eb086d287121ec4d1dc2231996944b1f021eb28a6c351c29f88b8a0efb0d3067493e62fbe421c754d79e4a659ab328d2fa9f2516f83c29f141,2016-12-20 15:45:00,30,NO CONTROLS,NO CONTROLS,CLEAR,DAYLIGHT,TURNING,NOT DIVIDED,STRAIGHT AND LEVEL,ICE,NO DEFECTS,NO INJURY / DRIVE AWAY,"OVER $1,500",FAILING TO REDUCE SPEED TO AVOID CRASH,UNABLE TO DETERMINE,10337,S,KEDZIE AVE,2,NO INDICATION OF INJURY,0.0,0.0,0.0,0.0,0.0,4.0,0.0,15,3,12