CRASH_RECORD_ID,CRASH_DATE,POSTED_SPEED_LIMIT,TRAFFIC_CONTROL_DEVICE,DEVICE_CONDITION,WEATHER_CONDITION,LIGHTING_CONDITION,FIRST_CRASH_TYPE,TRAFFICWAY_TYPE,ALIGNMENT,ROADWAY_SURFACE_COND,ROAD_DEFECT,CRASH_TYPE,DAMAGE,PRIM_CONTRIBUTORY_CAUSE,SEC_CONTRIBUTORY_CAUSE,STREET_NO,STREET_DIRECTION,STREET_NAME,NUM_UNITS,MOST_SEVERE_INJURY,INJURIES_TOTAL,INJURIES_FATAL,INJURIES_INCAPACITATING,INJURIES_NON_INCAPACITATING,INJURIES_REPORTED_NOT_EVIDENT,INJURIES_NO_INDICATION,INJURIES_UNKNOWN,CRASH_HOUR,CRASH_DAY_OF_WEEK,CRASH_MONTH
21117561a348e5c61e05fcdf7ec4efeb6737ccf48fbb6f5afa1d0654a48440f5688ac884cb9d31b0790db62d6f6ecaf146478d3bccba39221e322eccb8d4c266,2020-07-04 18:00:00,30,NO CONTROLS,NO CONTROLS,CLEAR,DAYLIGHT,SIDESWIPE SAME DIRECTION,NOT DIVIDED,STRAIGHT AND LEVEL,DRY,UNKNOWN,NO INJURY / DRIVE AWAY,$500 OR LESS,FAILING TO YIELD RIGHT-OF-WAY,NOT APPLICABLE,4900,W,HARRISON ST,2,NO INDICATION OF INJURY,0.0,0.0,0.0,0.0,0.0,2.0,0.0,18,7,7
41ba30a2890b327f3d39036e2791df17478c3e621bc6164db8cb35c83ce0bab4cbbb573188bb2c167c0d4ea6b42c3ac03d3e51bfbf84d3b4415e28f382ce8800,2018-04-19 16:30:00,30,TRAFFIC SIGNAL,FUNCTIONING PROPERLY,CLEAR,DAYLIGHT,REAR END,ONE-WAY,STRAIGHT AND LEVEL,DRY,NO DEFECTS,NO INJURY / DRIVE AWAY,"OVER $1,500",FOLLOWING TOO CLOSELY,PHYSICAL CONDITION OF DRIVER,3440,W,CONGRESS PKWY,2,NO INDICATION OF INJURY,0.0,0.0,0.0,0.0,0.0,2.0,0.0,16,5,4
b6b849dc9989e7321a1764fb02b5cf44a298be48cb636fef5c2f0992986cf6f7264577cc1cd82048515717acc45b388e31859c4cac882f40e9af6ec54f5e2ef9,2020-06-24 11:50:00,30,NO CONTROLS,NO CONTROLS,CLEAR,DAYLIGHT,REAR END,NOT DIVIDED,STRAIGHT AND LEVEL,DRY,NO DEFECTS,NO INJURY / DRIVE AWAY,$500 OR LESS,FAILING TO REDUCE SPEED TO AVOID CRASH,UNABLE TO DETERMINE,1427,E,79TH ST,2,NO INDICATION OF INJURY,0.0,0.0,0.0,0.0,0.0,2.0,0.0,11,4,6
6218cac001b519ccaec626db3f771553a781df3165a54dcf849bebcfda8d3d5e317d65885c63aaf819ace551fe09efc4137da15fa86185df45021a5b800738db,2017-01-12 07:30:00,30,NO CONTROLS,NO CONTROLS,SLEET/HAIL,DAYLIGHT,REAR END,NOT DIVIDED,STRAIGHT AND LEVEL,ICE,NO DEFECTS,INJURY AND / OR TOW DUE TO CRASH,"OVER $1,500",UNABLE TO DETERMINE,UNABLE TO DETERMINE,6100,S,CENTRAL AVE,2,NONINCAPACITATING INJURY,1.0,0.0,0.0,1.0,0.0,1.0,0.0,7,5,1
babec9c0de7eef3c4760a73c3543e79e4b28a537fc9d46354ad068811daea637ac84b5fe2ff6d72af61da677211c92be7d19eafb728a0b8ea6eb0a50e4c7e554,2024-01-25 20:01:00,30,NO CONTROLS,NO CONTROLS,UNKNOWN,UNKNOWN,PARKED MOTOR VEHICLE,NOT DIVIDED,STRAIGHT AND LEVEL,WET,UNKNOWN,NO INJURY / DRIVE AWAY,"$501 - $1,500",UNABLE TO DETERMINE,NOT APPLICABLE,40,W,109TH PL,2,NO INDICATION OF INJURY,0.0,0.0,0.0,0.0,0.0,1.0,0.0,20,5,1
28d48d0ffd1a24fe9530c73b23a0c73fe9b0b4f9323dcf0bf5f643cdfe8f1cce5659b2a4482336e99e55a5e95087eb197185ce62a4311bf94349ab73642d3dac,2024-01-08 14:50:00,30,STOP SIGN/FLASHER,FUNCTIONING PROPERLY,CLEAR,DAYLIGHT,TURNING,NOT DIVIDED,STRAIGHT AND LEVEL,DRY,NO DEFECTS,NO INJURY / DRIVE AWAY,"OVER $1,500",DRIVING SKILLS/KNOWLEDGE/EXPERIENCE,DRIVING SKILLS/KNOWLEDGE/EXPERIENCE,1040,N,PAULINA ST,2,NO INDICATION OF INJURY,0.0,0.0,0.0,0.0,0.0,2.0,0.0,14,2,1
50c18273ba03f7a1f69023224d555d6252d9e332059d1b5dfceb106c08414c3ef50b2cfc169aed930c2b71f7b120f5e153e200a8e7428eea6b56e8b9154962c8,2019-11-14 07:51:00,30,NO CONTROLS,NO CONTROLS,CLEAR,DAYLIGHT,REAR END,NOT DIVIDED,STRAIGHT AND LEVEL,DRY,NO DEFECTS,NO INJURY / DRIVE AWAY,"OVER $1,500",FOLLOWING TOO CLOSELY,NOT APPLICABLE,4200,W,IRVING PARK RD,2,NO INDICATION OF INJURY,0.0,0.0,0.0,0.0,0.0,6.0,0.0,7,5,11
eaf93b513dd4064cc83b382f382413dbb6f364503821c99f067b57abbaec8cde12eff426a081690c11899be68b95fe23c7ca91cf4f0135a5ff1566b334c79cf5,2019-05-17 00:42:00,45,NO CONTROLS,NO CONTROLS,CLEAR,"DARKNESS, LIGHTED ROAD",REAR END,DIVIDED - W/MEDIAN BARRIER,STRAIGHT AND LEVEL,DRY,NO DEFECTS,INJURY AND / OR TOW DUE TO CRASH,"OVER $1,500",FAILING TO REDUCE SPEED TO AVOID CRASH,IMPROPER LANE USAGE,3800,S,LAKE SHORE DR SB,2,NO INDICATION OF INJURY,0.0,0.0,0.0,0.0,0.0,2.0,0.0,0,6,5
aa7d18a11492fbec28841cc026a3bffc7961daa6b4e0fad23854969b57e9af618bdf13f464b7b395bbcaa311f4504b234f63b19ba757a87814b56465c79eeab6,2019-01-13 13:28:00,30,TRAFFIC SIGNAL,FUNCTIONING PROPERLY,CLEAR,DAYLIGHT,REAR END,NOT DIVIDED,STRAIGHT AND LEVEL,WET,NO DEFECTS,NO INJURY / DRIVE AWAY,"OVER $1,500",FAILING TO REDUCE SPEED TO AVOID CRASH,UNABLE TO DETERMINE,601,S,PULASKI RD,2,NO INDICATION OF INJURY,0.0,0.0,0.0,0.0,0.0,2.0,0.0,13,1,1
41651dc008f114e8f2fb4046cf3c68d49c50008cf455f1bf539ddafca70c56811173bdeeb32a8896c1ffb75761db7cac51bfab6a7c31bd6bfbf9cb8a7820725d,2021-09-10 14:00:00,30,NO CONTROLS,FUNCTIONING PROPERLY,CLEAR,DAYLIGHT,SIDESWIPE SAME DIRECTION,NOT DIVIDED,STRAIGHT AND LEVEL,DRY,NO DEFECTS,NO INJURY / DRIVE AWAY,"$501 - $1,500",FAILING TO YIELD RIGHT-OF-WAY,IMPROPER OVERTAKING/PASSING,5700,S,WENTWORTH AVE,2,NO INDICATION OF INJURY,0.0,0.0,0.0,0.0,0.0,2.0,0.0,14,6,9
fc903c09da83b8f9f06385e4d787d396812531babfff922ccded023da722705451ef3f6754bd65c83abc9c3ebe0429b57e27785a0ff45d2b2d9f2236fc4d61fb,2019-05-30 09:27:00,30,TRAFFIC SIGNAL,FUNCTIONING PROPERLY,CLEAR,DAYLIGHT,REAR END,NOT DIVIDED,STRAIGHT AND LEVEL,DRY,NO DEFECTS,NO INJURY / DRIVE AWAY,$500 OR LESS,FOLLOWING TOO CLOSELY,FAILING TO REDUCE SPEED TO AVOID CRASH,3356,W,PETERSON AVE,2,NO INDICATION OF INJURY,0.0,0.0,0.0,0.0,0.0,2.0,0.0,9,5,5
ffc68a119f2a1fdda70f6176e278043cfc6082bb2d5334cd2fdf39c23d93168fad21ba2ebd5483124d0768e15c9aa1eedfbf610e81f5e98c5854213d2cf09732,2023-01-06 12:47:00,30,NO CONTROLS,NO CONTROLS,CLEAR,DAYLIGHT,TURNING,FOUR WAY,STRAIGHT AND LEVEL,DRY,NO DEFECTS,INJURY AND / OR TOW DUE TO CRASH,"OVER $1,500",FAILING TO YIELD RIGHT-OF-WAY,NOT APPLICABLE,10158,S,HALSTED ST,2,NO INDICATION OF INJURY,0.0,0.0,0.0,0.0,0.0,2.0,0.0,12,6,1
6433099fda1e4542b5ca32fd58b0680d1d0ced59bf3976c92278cdadb3a47a7ae4c1564cf905f9c6f891df209ccd63a2d5f9a8fcf45c5fa5d32ee794e2db4ace,2023-01-20 18:30:00,30,STOP SIGN/FLASHER,FUNCTIONING PROPERLY,CLEAR,"DARKNESS, LIGHTED ROAD",SIDESWIPE SAME DIRECTION,NOT DIVIDED,STRAIGHT AND LEVEL,DRY,NO DEFECTS,NO INJURY / DRIVE AWAY,"$501 - $1,500",IMPROPER OVERTAKING/PASSING,UNABLE TO DETERMINE,1000,W,79TH ST,2,NO INDICATION OF INJURY,0.0,0.0,0.0,0.0,0.0,2.0,0.0,18,6,1
b3a5e3561c4baaf47002e7f9466d8a8b920fb34112a904bf0d5aaa2478ff86e2b61384b554a1437895dc1771fb3ef053cd698ab2ea6378b9645ea4db37c8326f,2024-03-15 06:50:00,30,NO CONTROLS,NO CONTROLS,CLEAR,DAWN,TURNING,DIVIDED - W/MEDIAN (NOT RAISED),STRAIGHT AND LEVEL,DRY,NO DEFECTS,NO INJURY / DRIVE AWAY,"OVER $1,500",FAILING TO YIELD RIGHT-OF-WAY,NOT APPLICABLE,6915,S,PULASKI RD,2,NO INDICATION OF INJURY,0.0,0.0,0.0,0.0,0.0,3.0,0.0,6,6,3
7bf131d0eab20d100acbc76b51953d16a17db8ae42f03ab02e59ce2caa8cb23085bb7a270d0c8d40813908c38117730ae4fc86213664f39d30f77b3edf6467f2,2018-07-20 04:00:00,30,NO CONTROLS,NO CONTROLS,CLEAR,"DARKNESS, LIGHTED ROAD",PARKED MOTOR VEHICLE,NOT DIVIDED,STRAIGHT AND LEVEL,DRY,NO DEFECTS,INJURY AND / OR TOW DUE TO CRASH,"OVER $1,500",FAILING TO REDUCE SPEED TO AVOID CRASH,EQUIPMENT - VEHICLE CONDITION,2309,N,LINCOLN PARK WEST,2,NO INDICATION OF INJURY,0.0,0.0,0.0,0.0,0.0,2.0,0.0,4,6,7
7b6adc4220e5721bff7b66103b9196b885949f038a794c1c9aac4833b04ec0a4e98f022826c162606ff2fb9215fabcc04425b66323b56b83abad3416e79a5f94,2022-07-15 00:50:00,25,NO CONTROLS,NO CONTROLS,CLEAR,DARKNESS,TURNING,ALLEY,STRAIGHT AND LEVEL,DRY,NO DEFECTS,NO INJURY / DRIVE AWAY,"OVER $1,500",FAILING TO YIELD RIGHT-OF-WAY,FAILING TO REDUCE SPEED TO AVOID CRASH,5960,W,ADAMS BLVD,2,NO INDICATION OF INJURY,0.0,0.0,0.0,0.0,0.0,2.0,0.0,0,6,7
598d97e5da915112177a034ffe5a531b1e6486110f51c7715ae52404cc92713da6f240e27b16d6c9355e7f7e036760fe699c724f1a42ff5d5cf496c35eeac9da,2023-04-14 21:16:00,35,TRAFFIC SIGNAL,FUNCTIONING PROPERLY,CLEAR,"DARKNESS, LIGHTED ROAD",TURNING,DIVIDED - W/MEDIAN (NOT RAISED),STRAIGHT AND LEVEL,DRY,NO DEFECTS,INJURY AND / OR TOW DUE TO CRASH,"OVER $1,500",DISREGARDING TRAFFIC SIGNALS,DISREGARDING TRAFFIC SIGNALS,1604,E,69TH ST,2,NONINCAPACITATING INJURY,1.0,0.0,0.0,1.0,0.0,1.0,0.0,21,6,4
72b5d2a10eadd0439e2cd44051ad29055612ca1462db003d9896b82cd3574441478764f7b2df01787897f37d5176ca891b08b825a5c35d00c5a8da1cd0561c46,2020-05-28 16:00:00,30,NO CONTROLS,NO CONTROLS,CLEAR,DAYLIGHT,REAR END,NOT DIVIDED,STRAIGHT AND LEVEL,DRY,NO DEFECTS,NO INJURY / DRIVE AWAY,"OVER $1,500",UNABLE TO DETERMINE,NOT APPLICABLE,4700,S,PULASKI RD,2,NO INDICATION OF INJURY,0.0,0.0,0.0,0.0,0.0,2.0,0.0,16,5,5
6d00079141a2a3580292b05009b6a89509a4263214a0364e51b67128ff31b36609a31a2f3d121ba32107e265d437a99d343c4e9cf3c077a421208410bd829203,2023-12-23 03:56:00,30,TRAFFIC SIGNAL,FUNCTIONING PROPERLY,RAIN,"DARKNESS, LIGHTED ROAD",PARKED MOTOR VEHICLE,NOT DIVIDED,STRAIGHT AND LEVEL,WET,NO DEFECTS,INJURY AND / OR TOW DUE TO CRASH,"OVER $1,500","OPERATING VEHICLE IN ERRATIC, RECKLESS, CARELESS, NEGLIGENT OR AGGRESSIVE MANNER",UNABLE TO DETERMINE,1158,W,MORSE AVE,2,NO INDICATION OF INJURY,0.0,0.0,0.0,0.0,0.0,4.0,0.0,3,7,12
e52b5a2d71fb38ee94f39047da45ab713f88f6bc56d244a93e3476d9d62dbd41fdb4522e45cc44f84d7bf409dc26f61b86c00e3b1c3dbe0458aca83c7b16d60e,2023-05-20 05:52:00,30,TRAFFIC SIGNAL,FUNCTIONING PROPERLY,CLEAR,DAYLIGHT,TURNING,NOT DIVIDED,STRAIGHT AND LEVEL,DRY,NO DEFECTS,INJURY AND / OR TOW DUE TO CRASH,"OVER $1,500",IMPROPER TURNING/NO SIGNAL,NOT APPLICABLE,1600,N,HUMBOLDT BLVD,2,NO INDICATION OF INJURY,0.0,0.0,0.0,0.0,0.0,2.0,0.0,5,7,5
96ffb70659d072e6c7fd42db2a19371f7c26804ffb0abb1d3225690b63de8d5c0fbc2787f1df2ecd04f2381415a25a6fdd527e16867abc4d9dae6322922c73ca,2019-11-04 15:10:00,35,STOP SIGN/FLASHER,NO CONTROLS,CLEAR,DAYLIGHT,ANGLE,T-INTERSECTION,STRAIGHT AND LEVEL,DRY,NO DEFECTS,NO INJURY / DRIVE AWAY,"OVER $1,500",UNABLE TO DETERMINE,UNABLE TO DETERMINE,8800,S,STONY ISLAND AVE,2,NO INDICATION OF INJURY,0.0,0.0,0.0,0.0,0.0,2.0,0.0,15,2,11
b51bd8f8a271547786b898507e9b2f66484dda7a8f25ac9eaaf6c684a7abbbb50d3c687a36949a08cc372199119eab39cb0f0d96c06471e8718cba188445d34f,2018-05-05 12:00:00,20,NO CONTROLS,UNKNOWN,UNKNOWN,UNKNOWN,SIDESWIPE SAME DIRECTION,NOT DIVIDED,STRAIGHT AND LEVEL,UNKNOWN,UNKNOWN,NO INJURY / DRIVE AWAY,"OVER $1,500",UNABLE TO DETERMINE,UNABLE TO DETERMINE,6717,S,EAST END AVE,2,NO INDICATION OF INJURY,0.0,0.0,0.0,0.0,0.0,2.0,0.0,12,7,5
85ac9054136a8376d1f0eea1a62075b4920df5c39bb3f39d9d39ef507651f6805c9cff4fadd86b69a8b185f26b897206cdeb8d4181d9136b871f9b7d87484aec,2017-07-19 01:54:00,35,NO CONTROLS,NO CONTROLS,CLEAR,"DARKNESS, LIGHTED ROAD",FIXED OBJECT,DIVIDED - W/MEDIAN BARRIER,STRAIGHT AND LEVEL,DRY,NO DEFECTS,INJURY AND / OR TOW DUE TO CRASH,"OVER $1,500",UNDER THE INFLUENCE OF ALCOHOL/DRUGS (USE WHEN ARREST IS EFFECTED),DRIVING SKILLS/KNOWLEDGE/EXPERIENCE,945,W,ROOSEVELT RD,1,NO INDICATION OF INJURY,0.0,0.0,0.0,0.0,0.0,1.0,0.0,1,4,7
ccf50b975547bef786a91a02deb69bbdc1cfd36bdcc569c31a86262809ecf910cd3c5e84dfe51f11f2d22542faf23b1c40c70b3ad889e29e225c86f3e0cbf2d3,2023-05-22 18:47:00,30,TRAFFIC SIGNAL,FUNCTIONING PROPERLY,CLEAR,DAYLIGHT,TURNING,FOUR WAY,STRAIGHT AND LEVEL,DRY,NO DEFECTS,INJURY AND / OR TOW DUE TO CRASH,"OVER $1,500",UNABLE TO DETERMINE,NOT APPLICABLE,1201,W,87TH ST,2,NO INDICATION OF INJURY,0.0,0.0,0.0,0.0,0.0,2.0,0.0,18,2,5
1bc5c080d9b6a74e1f07f59ed9c1446da67ed3e782979cea5a5800a3a2be6eb26cd197be407cabb1dc750c41bfcf79ebd460e0ea138a7fd6926665e1f802081a,2016-02-22 14:10:00,30,STOP SIGN/FLASHER,NO CONTROLS,CLEAR,DAYLIGHT,TURNING,NOT DIVIDED,STRAIGHT AND LEVEL,DRY,NO DEFECTS,NO INJURY / DRIVE AWAY,"OVER $1,500",DISREGARDING STOP SIGN,UNABLE TO DETERMINE,1100,E,83RD ST,2,NO INDICATION OF INJURY,0.0,0.0,0.0,0.0,0.0,2.0,0.0,14,2,2
220d071b4ec4a266ee1c352326f3e28f020e1cb341b267bf7da5fdca60e00ef73e661f0b5c4789016e808fe29bb5dd4684089764ab4b3975f8a4ce73b383ff75,2021-06-11 19:15:00,30,NO CONTROLS,NO CONTROLS,CLEAR,DAWN,PEDALCYCLIST,NOT DIVIDED,STRAIGHT AND LEVEL,DRY,NO DEFECTS,NO INJURY / DRIVE AWAY,$500 OR LESS,NOT APPLICABLE,NOT APPLICABLE,6453,S,KOMENSKY AVE,2,NO INDICATION OF INJURY,0.0,0.0,0.0,0.0,0.0,5.0,0.0,19,6,6
69da1a97555c88eba8734dc75b7849763cfe1ed2e792762bf45f4883117d2f0ea3a796e43667385f756f637a6e7e60b04ff057c4c32e00cf70c5c3025591bd9b,2022-03-28 16:18:00,30,TRAFFIC SIGNAL,FUNCTIONING PROPERLY,CLEAR,DAYLIGHT,REAR END,FOUR WAY,STRAIGHT AND LEVEL,DRY,NO DEFECTS,NO INJURY / DRIVE AWAY,"OVER $1,500",IMPROPER OVERTAKING/PASSING,FOLLOWING TOO CLOSELY,2314,N,CLYBOURN AVE,2,NO INDICATION OF INJURY,0.0,0.0,0.0,0.0,0.0,2.0,0.0,16,2,3
c47c1ab44792ce91b99db7541a6d6de876e39f6842ce2e55577566cf4deefa4bac59742041a6bafff2abdd2ca14cb2edec59ae53cc3297dbd41d6e9bc3dfe10e,2018-03-06 13:25:00,30,TRAFFIC SIGNAL,FUNCTIONING PROPERLY,CLEAR,DAYLIGHT,FIXED OBJECT,NOT DIVIDED,STRAIGHT AND LEVEL,WET,UNKNOWN,NO INJURY / DRIVE AWAY,"OVER $1,500",NOT APPLICABLE,NOT APPLICABLE,3400,S,PULASKI RD,1,NO INDICATION OF INJURY,0.0,0.0,0.0,0.0,0.0,1.0,0.0,13,3,3
0ec9ea35ba99a914769b5c2bd7c845971d5e0f7684d238ff9d441a67221742f89c39052d54ecb596ff9ca89fc7856cc11949e5144484eff363aaa183ce90245f,2020-05-05 05:00:00,30,UNKNOWN,UNKNOWN,RAIN,DAYLIGHT,FIXED OBJECT,FOUR WAY,STRAIGHT AND LEVEL,WET,NO DEFECTS,NO INJURY / DRIVE AWAY,"OVER $1,500",FAILING TO REDUCE SPEED TO AVOID CRASH,UNABLE TO DETERMINE,9800,S,ABERDEEN ST,1,NO INDICATION OF INJURY,0.0,0.0,0.0,0.0,0.0,1.0,0.0,5,3,5
fc324f55bd67f32cc6f3d585f0d28708c3bef9f15e68aacbe4cd907fbfb27706aae50359e93724f3f9c4fa194f4ba2cc0b98a6abf110644fec0f5e8152812894,2022-11-05 18:15:00,30,STOP SIGN/FLASHER,FUNCTIONING PROPERLY,CLEAR,DAYLIGHT,SIDESWIPE SAME DIRECTION,NOT DIVIDED,STRAIGHT AND LEVEL,DRY,NO DEFECTS,NO INJURY / DRIVE AWAY,"OVER $1,500",FAILING TO YIELD RIGHT-OF-WAY,NOT APPLICABLE,2408,E,77TH ST,2,NO INDICATION OF INJURY,0.0,0.0,0.0,0.0,0.0,2.0,0.0,18,7,11
816eff420447f282aa0318346a46176db8bbb7458cb0a217b3414d7e7443eae722a0dc9f1099166e452ab108528faf3b517a5d24425a3d56bdf562fbffd2f865,2017-08-28 16:05:00,30,NO CONTROLS,NO CONTROLS,RAIN,DAYLIGHT,REAR END,NOT DIVIDED,STRAIGHT AND LEVEL,WET,NO DEFECTS,NO INJURY / DRIVE AWAY,"$501 - $1,500",UNABLE TO DETERMINE,UNABLE TO DETERMINE,3658,W,OGDEN AVE,2,NO INDICATION OF INJURY,0.0,0.0,0.0,0.0,0.0,2.0,0.0,16,2,8
0aeb687b553997f8dd1bdf6a0fd938f13107803061ae93dbc6c647978db8f6ed530fe0bebdf1c63d13c6cdc7cf63b56cea8f2764de0884b3c3a7f78f18be64cb,2019-05-03 17:05:00,30,NO CONTROLS,NO CONTROLS,CLEAR,DAYLIGHT,REAR END,PARKING LOT,STRAIGHT AND LEVEL,DRY,NO DEFECTS,NO INJURY / DRIVE AWAY,"$501 - $1,500",DISTRACTION - FROM INSIDE VEHICLE,UNABLE TO DETERMINE,2525,S,DR MARTIN LUTHER KING JR DR,2,NO INDICATION OF INJURY,0.0,0.0,0.0,0.0,0.0,2.0,0.0,17,6,5
d3a2ed83df04dd67af1a7ffc113b3331dd036ec7af36d8b3801525679b5851e6c2f27a79bcfec3600559a9174db4d9d9584ff2a643c1b3889b9a779f33c3850c,2024-01-18 14:40:00,30,NO CONTROLS,NO CONTROLS,UNKNOWN,UNKNOWN,PARKED MOTOR VEHICLE,NOT DIVIDED,STRAIGHT AND LEVEL,UNKNOWN,UNKNOWN,NO INJURY / DRIVE AWAY,"OVER $1,500",UNABLE TO DETERMINE,UNABLE TO DETERMINE,9101,S,EUCLID AVE,2,NO INDICATION OF INJURY,0.0,0.0,0.0,0.0,0.0,4.0,0.0,14,5,1
76e25cdca53acde4df23eaa436831f6f00bf96339ffb47a3f4266180597430269fab39be3972c904d9e4c84083f80723091f367d306e6929e22b78f4a2fdd7a0,2016-08-08 18:30:00,30,STOP SIGN/FLASHER,FUNCTIONING PROPERLY,CLEAR,DUSK,REAR END,NOT DIVIDED,STRAIGHT AND LEVEL,DRY,NO DEFECTS,NO INJURY / DRIVE AWAY,"OVER $1,500",FOLLOWING TOO CLOSELY,IMPROPER LANE USAGE,6100,W,DIVERSEY AVE,2,NO INDICATION OF INJURY,0.0,0.0,0.0,0.0,0.0,2.0,0.0,18,2,8
4aace63d439d3de0c03718c33b36cd36a235098fdfe83176de2fee5a6f5520b36784604ce68ee4f157ea5355dcedabeaefb8c7ad58e2992cd4b0edc9a2c50235,2018-11-24 14:40:00,5,NO CONTROLS,NO CONTROLS,CLEAR,DAYLIGHT,SIDESWIPE OPPOSITE DIRECTION,PARKING LOT,STRAIGHT ON GRADE,DRY,NO DEFECTS,NO INJURY / DRIVE AWAY,"$501 - $1,500",IMPROPER BACKING,DRIVING SKILLS/KNOWLEDGE/EXPERIENCE,11730,S,MARSHFIELD AVE,2,NO INDICATION OF INJURY,0.0,0.0,0.0,0.0,0.0,3.0,0.0,14,7,11
24e202b2d94b48cde2cb3a3280842d083e0730f7cde289cf8930ea9901d634c5c9e1e55c41494f6aa09499f8434d91ba02e777c72b848e12314ed50cf5198a54,2019-06-17 10:00:00,30,NO CONTROLS,NO CONTROLS,CLEAR,DAYLIGHT,SIDESWIPE SAME DIRECTION,DIVIDED - W/MEDIAN (NOT RAISED),STRAIGHT AND LEVEL,DRY,NO DEFECTS,NO INJURY / DRIVE AWAY,$500 OR LESS,UNABLE TO DETERMINE,NOT APPLICABLE,211,W,23RD ST,2,NO INDICATION OF INJURY,0.0,0.0,0.0,0.0,0.0,5.0,0.0,10,2,6
a7e92523c9f63cf276ea5af48cf4b367902a355efa723ff9bef8f12f9aa5f2c05a57d11d6928a785e87383fbe21eace4002954aae665cefb1ff2c17fcf05a1a1,2019-09-24 15:26:00,30,TRAFFIC SIGNAL,FUNCTIONING PROPERLY,CLEAR,DAYLIGHT,PEDESTRIAN,NOT DIVIDED,STRAIGHT AND LEVEL,DRY,NO DEFECTS,INJURY AND / OR TOW DUE TO CRASH,$500 OR LESS,FAILING TO YIELD RIGHT-OF-WAY,NOT APPLICABLE,200,N,HOMAN AVE,2,NONINCAPACITATING INJURY,1.0,0.0,0.0,1.0,0.0,1.0,0.0,15,3,9
88833d61eeff2b6c26501bbf7e93ca19648704c084e93290eafc695fd5ec1cee1b8afb0ecebade7e1533b90721affd4cec1c617f5872ae29db6461efd079f935,2016-04-10 10:55:00,5,NO CONTROLS,NO CONTROLS,RAIN,DAYLIGHT,ANGLE,PARKING LOT,STRAIGHT AND LEVEL,WET,NO DEFECTS,NO INJURY / DRIVE AWAY,"OVER $1,500",UNABLE TO DETERMINE,UNABLE TO DETERMINE,3048,W,26TH ST,2,NO INDICATION OF INJURY,0.0,0.0,0.0,0.0,0.0,2.0,0.0,10,1,4
ea6f59ce738910c32c4d051829090576358fcc4b531ef6dd5a048948a1c3f72d0104c2af73d5cdea7bbef84a4fe951010e81fdb9fc1f355b76e25f5e864ceb40,2021-12-21 16:15:00,30,NO CONTROLS,NO CONTROLS,CLEAR,DAYLIGHT,REAR END,NOT DIVIDED,STRAIGHT AND LEVEL,DRY,NO DEFECTS,NO INJURY / DRIVE AWAY,"OVER $1,500",FOLLOWING TOO CLOSELY,DRIVING SKILLS/KNOWLEDGE/EXPERIENCE,5954,N,JERSEY AVE,2,NO INDICATION OF INJURY,0.0,0.0,0.0,0.0,0.0,2.0,0.0,16,3,12
cec087bdce6cd39d9addf8571fa5be70b3422a4545b95225733865ad98d4433e75c312266ca4ae4c1b39744212cc3e54b6e57016bfb1bef6b29ce16a4f4c6e07,2022-12-31 21:00:00,30,NO CONTROLS,NO CONTROLS,FOG/SMOKE/HAZE,"DARKNESS, LIGHTED ROAD",PARKED MOTOR VEHICLE,ONE-WAY,STRAIGHT AND LEVEL,WET,NO DEFECTS,NO INJURY / DRIVE AWAY,"OVER $1,500",UNABLE TO DETERMINE,UNABLE TO DETERMINE,8454,S,BURNHAM AVE,2,NO INDICATION OF INJURY,0.0,0.0,0.0,0.0,0.0,1.0,0.0,21,7,12
6bdb42fd3841b2cc9706ee511e851614e7aad4923de3582dcc69d464781ac6de24013ab96b6978635bd63785bd170365c0c61c16887b175bba126daadd60501f,2021-02-08 08:05:00,30,NO CONTROLS,NO CONTROLS,CLOUDY/OVERCAST,DAYLIGHT,OTHER OBJECT,NOT DIVIDED,STRAIGHT AND LEVEL,DRY,NO DEFECTS,NO INJURY / DRIVE AWAY,"$501 - $1,500",DRIVING SKILLS/KNOWLEDGE/EXPERIENCE,NOT APPLICABLE,1312,S,SACRAMENTO DR,1,NO INDICATION OF INJURY,0.0,0.0,0.0,0.0,0.0,1.0,0.0,8,2,2
6c88e2fd4f8da22612c1ebd05ac4b396f703724e6b45839d5d67e243d59a3dffabdc7b3c42d58902ba50680410c7612f3b8febf9144516a3a58e80c7a9030d0a,2022-05-11 07:35:00,30,TRAFFIC SIGNAL,FUNCTIONING PROPERLY,CLEAR,DAYLIGHT,REAR END,FOUR WAY,STRAIGHT AND LEVEL,DRY,NO DEFECTS,NO INJURY / DRIVE AWAY,"$501 - $1,500",UNABLE TO DETERMINE,UNABLE TO DETERMINE,4631,N,AUSTIN AVE,2,NO INDICATION OF INJURY,0.0,0.0,0.0,0.0,0.0,2.0,0.0,7,4,5
7824c1250fafefb351ef175059e5482201ff02d87e9d42ce6dcf71cf9ab4ff1eddec9fd8db8b6886ad3c21e1e9bf183725f64b0222f15ec1fea3c917297e8e7b,2021-08-04 21:30:00,0,NO CONTROLS,NO CONTROLS,CLEAR,DARKNESS,PARKED MOTOR VEHICLE,PARKING LOT,STRAIGHT AND LEVEL,DRY,NO DEFECTS,NO INJURY / DRIVE AWAY,"OVER $1,500",UNABLE TO DETERMINE,NOT APPLICABLE,4720,S,COTTAGE GROVE AVE,2,NO INDICATION OF INJURY,0.0,0.0,0.0,0.0,0.0,1.0,0.0,21,4,8