CRASH_RECORD_ID,CRASH_DATE,POSTED_SPEED_LIMIT,TRAFFIC_CONTROL_DEVICE,DEVICE_CONDITION,WEATHER_CONDITION,LIGHTING_CONDITION,FIRST_CRASH_TYPE,TRAFFICWAY_TYPE,ALIGNMENT,ROADWAY_SURFACE_COND,ROAD_DEFECT,CRASH_TYPE,DAMAGE,PRIM_CONTRIBUTORY_CAUSE,SEC_CONTRIBUTORY_CAUSE,STREET_NO,STREET_DIRECTION,STREET_NAME,NUM_UNITS,MOST_SEVERE_INJURY,INJURIES_TOTAL,INJURIES_FATAL,INJURIES_INCAPACITATING,INJURIES_NON_INCAPACITATING,INJURIES_REPORTED_NOT_EVIDENT,INJURIES_NO_INDICATION,INJURIES_UNKNOWN,CRASH_HOUR,CRASH_DAY_OF_WEEK,CRASH_MONTH
7baa99ce64f57ca66cd4ffad108580a57ca7638e19c97ce498181b28b68acdb2fc784aaf7aaab04f10fc09a466390de496f5174de19202bb3c23481639b3766d,2017-10-31 22:00:00,30,NO CONTROLS,NO CONTROLS,CLEAR,"DARKNESS, LIGHTED ROAD",PARKED MOTOR VEHICLE,NOT DIVIDED,STRAIGHT AND LEVEL,DRY,NO DEFECTS,NO INJURY / DRIVE AWAY,"OVER $1,500",UNABLE TO DETERMINE,NOT APPLICABLE,6351,W,DICKENS AVE,2,NO INDICATION OF INJURY,0.0,0.0,0.0,0.0,0.0,1.0,0.0,22,3,10
a7a51d170a63bacd7d77b3bfe0ea6bd2f44e6a0d7f9c5cefeedd648b80a61bffa0bffa502756daf9d36eb1ace92fa3ad4710dab312e557ba940a8e1538851128,2015-11-24 15:00:00,35,TRAFFIC SIGNAL,FUNCTIONING PROPERLY,CLEAR,DAYLIGHT,REAR END,NOT DIVIDED,STRAIGHT AND LEVEL,DRY,NO DEFECTS,NO INJURY / DRIVE AWAY,"$501 - $1,500",FOLLOWING TOO CLOSELY,UNABLE TO DETERMINE,2903,W,TOUHY AVE,2,NO INDICATION OF INJURY,0.0,0.0,0.0,0.0,0.0,2.0,0.0,15,3,11
1279d4bca854d2e0412a92db52c092349f42f14023c9f352d96f48a47ac90fdfa436cef8f9c09c410f3a2245df422564c35b87c03b9a81b8224fc1540314f8cc,2022-05-09 17:44:00,30,NO CONTROLS,NO CONTROLS,CLEAR,DAYLIGHT,PEDESTRIAN,NOT DIVIDED,STRAIGHT AND LEVEL,DRY,NO DEFECTS,NO INJURY / DRIVE AWAY,$500 OR LESS,UNABLE TO DETERMINE,UNABLE TO DETERMINE,1930,W,47TH ST,3,NO INDICATION OF INJURY,0.0,0.0,0.0,0.0,0.0,4.0,0.0,17,2,5
b2533e3e1848905e52d426bd73a962d9072cc483f7bb686a8304a77485f88f68fae5e23fe0aa2d28c66db3fd675c9a40d58f75b43716fe38f718b7a6b843bc6d,2023-11-20 19:30:00,30,NO CONTROLS,NO CONTROLS,RAIN,"DARKNESS, LIGHTED ROAD",REAR END,DIVIDED - W/MEDIAN (NOT RAISED),STRAIGHT AND LEVEL,WET,UNKNOWN,NO INJURY / DRIVE AWAY,"OVER $1,500",DRIVING SKILLS/KNOWLEDGE/EXPERIENCE,DRIVING SKILLS/KNOWLEDGE/EXPERIENCE,5101,W,FLOURNOY ST,2,NO INDICATION OF INJURY,0.0,0.0,0.0,0.0,0.0,2.0,0.0,19,2,11
a891d7a844868a6c7940a95ec4878cbb6b1c4b0a30c709510065ddd2efc3624be0bb22bc32d161af379b3b44a66ca3b0a1ccb8db337512396c55e073f7f59678,2018-05-20 03:45:00,30,STOP SIGN/FLASHER,FUNCTIONING PROPERLY,CLOUDY/OVERCAST,DAYLIGHT,REAR END,NOT DIVIDED,STRAIGHT AND LEVEL,UNKNOWN,UNKNOWN,NO INJURY / DRIVE AWAY,$500 OR LESS,IMPROPER BACKING,NOT APPLICABLE,9300,S,HALSTED ST,2,NO INDICATION OF INJURY,0.0,0.0,0.0,0.0,0.0,2.0,0.0,3,1,5
74d6fa449cfa3c19fff906b7aaebef1efac5ec65556752c7d95d39b0dd3b98d48c522acd09478b0141ae0bb52caf5e2b4ff20cbefc095aa6293aff81e3ea178e,2020-10-15 17:52:00,30,TRAFFIC SIGNAL,FUNCTIONING PROPERLY,CLEAR,"DARKNESS, LIGHTED ROAD",TURNING,NOT DIVIDED,STRAIGHT AND LEVEL,DRY,NO DEFECTS,NO INJURY / DRIVE AWAY,"OVER $1,500",FAILING TO YIELD RIGHT-OF-WAY,NOT APPLICABLE,6800,W,ADDISON ST,2,NO INDICATION OF INJURY,0.0,0.0,0.0,0.0,0.0,3.0,0.0,17,5,10
ee2d1610674ae02ba35f7c876727ca43a848985ae9f6067753eac18eb32ebd9ce3cf30975f595695d39c1b2d07d983b5d97ed65d885b8d1a05f7d6b321440528,2017-09-09 13:00:00,0,NO CONTROLS,NO CONTROLS,CLEAR,DAYLIGHT,PARKED MOTOR VEHICLE,PARKING LOT,STRAIGHT AND LEVEL,DRY,NO DEFECTS,NO INJURY / DRIVE AWAY,$500 OR LESS,IMPROPER BACKING,UNABLE TO DETERMINE,4925,N,BROADWAY,2,NO INDICATION OF INJURY,0.0,0.0,0.0,0.0,0.0,1.0,0.0,13,7,9
490e42ec0e8abe1e486715979405e0eb161274df45003065e2641f5c54596e506f13d6bc630e22f777345828913e663433440834e8b10b8f25576d71014bb275,2018-08-26 12:00:00,30,NO CONTROLS,NO CONTROLS,CLEAR,DAYLIGHT,PARKED MOTOR VEHICLE,NOT DIVIDED,STRAIGHT AND LEVEL,DRY,NO DEFECTS,NO INJURY / DRIVE AWAY,$500 OR LESS,IMPROPER LANE USAGE,NOT APPLICABLE,4131,W,48TH ST,2,NO INDICATION OF INJURY,0.0,0.0,0.0,0.0,0.0,1.0,0.0,12,1,8
9db0c10664b30e42f355b806eb73a39f0e2d35efb7af4c680fbd70dfa861dba6d7cbbc763140eafa404df3aeecf91ca8429d20609d0421f869736b4cf48ce570,2023-11-02 20:12:00,30,NO CONTROLS,NO CONTROLS,CLEAR,DARKNESS,PARKED MOTOR VEHICLE,NOT DIVIDED,STRAIGHT AND LEVEL,DRY,NO DEFECTS,INJURY AND / OR TOW DUE TO CRASH,"OVER $1,500",DISTRACTION - FROM INSIDE VEHICLE,FAILING TO REDUCE SPEED TO AVOID CRASH,1146,N,HOWE ST,4,NO INDICATION OF INJURY,0.0,0.0,0.0,0.0,0.0,1.0,0.0,20,5,11
6b7b504d7fee176c06b9f1d8cb043be3556eba052eb482d5baa9f693781acee3f9a563529330dc3b3777a03bca32d89328628dd9db8f37a042b08959330b236e,2019-10-23 08:05:00,30,TRAFFIC SIGNAL,FUNCTIONING PROPERLY,CLEAR,DAYLIGHT,REAR END,FOUR WAY,STRAIGHT AND LEVEL,UNKNOWN,UNKNOWN,NO INJURY / DRIVE AWAY,"OVER $1,500",FOLLOWING TOO CLOSELY,UNABLE TO DETERMINE,6300,S,STONY ISLAND AVE,2,NO INDICATION OF INJURY,0.0,0.0,0.0,0.0,0.0,3.0,0.0,8,4,10
e3f319f09cb2e06eaa9321ebf23c53be5e1f0c647e7a5b8ddb54e8ff05aa3793e688b669346e36c9e8fef18f49922f9020c86aaf68dee1b5ba648db0f6d794ec,2020-08-30 04:49:00,30,TRAFFIC SIGNAL,FUNCTIONING PROPERLY,CLEAR,"DARKNESS, LIGHTED ROAD",REAR END,NOT DIVIDED,STRAIGHT AND LEVEL,DRY,NO DEFECTS,INJURY AND / OR TOW DUE TO CRASH,"OVER $1,500",FAILING TO REDUCE SPEED TO AVOID CRASH,UNABLE TO DETERMINE,6201,S,WESTERN AVE,4,NO INDICATION OF INJURY,0.0,0.0,0.0,0.0,0.0,10.0,0.0,4,1,8
686e3d717b5936136ddb01de09dd9098676fa1b25ff3b670ae63b2e4a362174aa3ffe4133caa19e037908b0ab34e09af1790276ff68830fce32fc5f2a3842a6f,2018-10-19 16:02:00,30,NO CONTROLS,NO CONTROLS,CLEAR,DAYLIGHT,REAR END,DIVIDED - W/MEDIAN BARRIER,STRAIGHT AND LEVEL,DRY,NO DEFECTS,INJURY AND / OR TOW DUE TO CRASH,"OVER $1,500",FAILING TO REDUCE SPEED TO AVOID CRASH,NOT APPLICABLE,401,N,MICHIGAN AVE,3,INCAPACITATING INJURY,4.0,0.0,1.0,3.0,0.0,0.0,0.0,16,6,10
b3f4940c16d430e8c44066fc02f58036b1b649ba153547c419048220984f13a0caf67f66ac7fc899c872d2244fa293b59ba8308db2ae44f0a2acd9079fd5bdd9,2020-09-25 23:20:00,40,TRAFFIC SIGNAL,FUNCTIONING PROPERLY,CLEAR,"DARKNESS, LIGHTED ROAD",TURNING,T-INTERSECTION,STRAIGHT AND LEVEL,DRY,UNKNOWN,NO INJURY / DRIVE AWAY,"OVER $1,500",DISREGARDING TRAFFIC SIGNALS,NOT APPLICABLE,2,W,CITY TOWER ST,2,NO INDICATION OF INJURY,0.0,0.0,0.0,0.0,0.0,2.0,0.0,23,6,9
17c19ce99511422da62f2371333c56e9dd593bc46f5818209cae2d66476e4c1f29a7f96d6954268b079bd345cbfcc04acc1e61c4124875dee716b45883ead2b6,2022-01-07 11:45:00,30,UNKNOWN,UNKNOWN,UNKNOWN,UNKNOWN,PARKED MOTOR VEHICLE,UNKNOWN,STRAIGHT AND LEVEL,UNKNOWN,UNKNOWN,NO INJURY / DRIVE AWAY,"$501 - $1,500",UNABLE TO DETERMINE,NOT APPLICABLE,3034,W,64TH ST,2,NO INDICATION OF INJURY,0.0,0.0,0.0,0.0,0.0,1.0,0.0,11,6,1
da5d9a88d154fea8c79125334907baedaab2895f4c5b3e06ecc0ea740c7afa70a33fd92944129cecfc72c9d7d0115e05d41f889c5a5a4bd12e619300478531a0,2017-08-24 11:30:00,10,NO CONTROLS,NO CONTROLS,CLEAR,DAYLIGHT,PARKED MOTOR VEHICLE,PARKING LOT,STRAIGHT AND LEVEL,UNKNOWN,UNKNOWN,NO INJURY / DRIVE AWAY,"OVER $1,500",IMPROPER OVERTAKING/PASSING,IMPROPER OVERTAKING/PASSING,10000,W,OHARE ST,2,NO INDICATION OF INJURY,0.0,0.0,0.0,0.0,0.0,1.0,0.0,11,5,8
56fcff2e175982439ac4ed8e1894cfa5f8ea3e9f46b859d92f50192ee7c446e932f8297238149aba71244cdab1ef35065b590326afff37ef3676201689b1016d,2018-04-04 11:10:00,25,NO CONTROLS,NO CONTROLS,CLEAR,DAYLIGHT,TURNING,NOT DIVIDED,STRAIGHT AND LEVEL,DRY,NO DEFECTS,NO INJURY / DRIVE AWAY,$500 OR LESS,UNABLE TO DETERMINE,HAD BEEN DRINKING (USE WHEN ARREST IS NOT MADE),10258,S,WENTWORTH AVE,2,NO INDICATION OF INJURY,0.0,0.0,0.0,0.0,0.0,2.0,0.0,11,4,4
617060c401595ab4daa40ec011e4693169218dcea8b3500961f4deff762bf2b65e932a21694c5c90e68c757bb713899f675f6dfd839458bfb74ed5a8e3b93cdd,2015-09-01 18:25:00,30,NO CONTROLS,NO CONTROLS,CLEAR,DAYLIGHT,SIDESWIPE SAME DIRECTION,ONE-WAY,STRAIGHT AND LEVEL,DRY,NO DEFECTS,NO INJURY / DRIVE AWAY,$500 OR LESS,FAILING TO YIELD RIGHT-OF-WAY,NOT APPLICABLE,672,N,DEARBORN ST,2,NO INDICATION OF INJURY,0.0,0.0,0.0,0.0,0.0,3.0,0.0,18,3,9
f37e820f55698d79b580c28eb68d6cee4622d11bf7d324a75a9bc19d6a364d2d8134bcec68853ec6adf30c97ce5e0987c909c07fa30d98b0a267be836cbc9c99,2022-02-02 19:55:00,30,TRAFFIC SIGNAL,FUNCTIONING PROPERLY,SNOW,"DARKNESS, LIGHTED ROAD",ANGLE,NOT DIVIDED,STRAIGHT AND LEVEL,SNOW OR SLUSH,NO DEFECTS,NO INJURY / DRIVE AWAY,"OVER $1,500",DISREGARDING TRAFFIC SIGNALS,NOT APPLICABLE,530,N,FRANKLIN ST,2,NO INDICATION OF INJURY,0.0,0.0,0.0,0.0,0.0,2.0,0.0,19,4,2
6a05008bc5ba7683cd1d60848ff58af5c5f528b1d32cc63a320c10c000a138101b3727c8fe0a3634f17ff445e62ddbdb21fd10eab6e3c8c3903c729e9d642728,2020-08-08 00:50:00,30,TRAFFIC SIGNAL,FUNCTIONING PROPERLY,CLEAR,"DARKNESS, LIGHTED ROAD",ANGLE,DIVIDED - W/MEDIAN (NOT RAISED),STRAIGHT AND LEVEL,DRY,NO DEFECTS,INJURY AND / OR TOW DUE TO CRASH,"OVER $1,500",DISREGARDING TRAFFIC SIGNALS,NOT APPLICABLE,3001,W,ROOSEVELT RD,2,NO INDICATION OF INJURY,0.0,0.0,0.0,0.0,0.0,3.0,0.0,0,7,8
8488aa8a7c124fc06919d2d221a159f9014eca73aa6b027a7c7cfd2773353a3565181605fa6e9fc9bb94d6e4374961f3a46828da6a274f975a4238d3296289d3,2017-04-29 12:50:00,30,NO CONTROLS,NO CONTROLS,RAIN,DAYLIGHT,ANGLE,NOT DIVIDED,STRAIGHT AND LEVEL,WET,UNKNOWN,NO INJURY / DRIVE AWAY,"OVER $1,500",IMPROPER OVERTAKING/PASSING,FAILING TO YIELD RIGHT-OF-WAY,4300,S,KEDZIE AVE,2,NO INDICATION OF INJURY,0.0,0.0,0.0,0.0,0.0,2.0,0.0,12,7,4
4c784c151bdc00009badb920313ef5001e3aba92f89a02e442a58b0770c55a7dd0493ae10c0e854e75bcf43cae85f46473e8e0f5d6bd2cdaff41533fe8325898,2022-01-14 07:45:00,30,OTHER REG. SIGN,FUNCTIONING PROPERLY,CLEAR,DAYLIGHT,TURNING,T-INTERSECTION,STRAIGHT AND LEVEL,WET,NO DEFECTS,NO INJURY / DRIVE AWAY,$500 OR LESS,IMPROPER OVERTAKING/PASSING,"OPERATING VEHICLE IN ERRATIC, RECKLESS, CARELESS, NEGLIGENT OR AGGRESSIVE MANNER",4159,S,HALSTED ST,2,NO INDICATION OF INJURY,0.0,0.0,0.0,0.0,0.0,2.0,0.0,7,6,1
4c2abfcf47e80f8043f17a7ad6d413b0bec441bc083315a72b54af5fdd617c69f6681e12191537b36efbdf8c0bf9ce5437d16aeb7bf40d76563ac469a5631bf5,2018-12-06 12:38:00,30,NO CONTROLS,NO CONTROLS,CLEAR,DAYLIGHT,REAR END,NOT DIVIDED,STRAIGHT AND LEVEL,DRY,NO DEFECTS,NO INJURY / DRIVE AWAY,$500 OR LESS,UNABLE TO DETERMINE,NOT APPLICABLE,3548,W,MARQUETTE RD,3,NO INDICATION OF INJURY,0.0,0.0,0.0,0.0,0.0,6.0,0.0,12,5,12
23db0d5fcbb2d09a0cd1a3204bb1f959192039b32e2560ce2ec12496f8559aadd9eec667241f2c7ebf507b3f33cf42afb4d4a801a55153b749f8b9760bf34c2e,2021-02-10 08:33:00,35,TRAFFIC SIGNAL,FUNCTIONING PROPERLY,CLEAR,DAYLIGHT,ANGLE,FOUR WAY,STRAIGHT AND LEVEL,DRY,NO DEFECTS,NO INJURY / DRIVE AWAY,"OVER $1,500",FAILING TO YIELD RIGHT-OF-WAY,DISREGARDING TRAFFIC SIGNALS,100,E,GARFIELD BLVD,2,NO INDICATION OF INJURY,0.0,0.0,0.0,0.0,0.0,2.0,0.0,8,4,2
a0adaa9063e0d4ac270da5ed34c7973a19054a3495cf5be794e4ac63004525a80a3ce23ca1540e36c28bb544f217d95ae29ae7b370ec90b954937b0e2812a600,2022-12-21 07:12:00,30,TRAFFIC SIGNAL,FUNCTIONING PROPERLY,CLEAR,DAYLIGHT,REAR END,NOT DIVIDED,STRAIGHT AND LEVEL,DRY,NO DEFECTS,INJURY AND / OR TOW DUE TO CRASH,"OVER $1,500",FAILING TO REDUCE SPEED TO AVOID CRASH,DRIVING SKILLS/KNOWLEDGE/EXPERIENCE,4015,W,PETERSON AVE,2,NO INDICATION OF INJURY,0.0,0.0,0.0,0.0,0.0,3.0,0.0,7,4,12
6b29061d6bb55e5bf48ea19ee0ba1cac0d7da5e2fb26baf0b10bf9e13a7b8b1d54a5c028a91b77a82ceb67c82a1a7c4b7315cf5da4bcedebbc3092887024932f,2019-06-19 12:00:00,30,NO CONTROLS,NO CONTROLS,CLEAR,DAYLIGHT,SIDESWIPE SAME DIRECTION,NOT DIVIDED,STRAIGHT AND LEVEL,DRY,NO DEFECTS,NO INJURY / DRIVE AWAY,"$501 - $1,500",FOLLOWING TOO CLOSELY,UNABLE TO DETERMINE,735,W,ROOSEVELT RD,2,NO INDICATION OF INJURY,0.0,0.0,0.0,0.0,0.0,2.0,0.0,12,4,6
9631187b47bee1aa5d3f8fa9ffdbdcf45718212cd0eb64a91e0efec3a205e09070f73a9f57ed2946abac1a59c36a824417cc311708258e96d6ca8659506159b5,2019-02-18 20:56:00,30,TRAFFIC SIGNAL,FUNCTIONING PROPERLY,CLEAR,"DARKNESS, LIGHTED ROAD",TURNING,CENTER TURN LANE,STRAIGHT AND LEVEL,DRY,NO DEFECTS,NO INJURY / DRIVE AWAY,$500 OR LESS,FAILING TO YIELD RIGHT-OF-WAY,UNABLE TO DETERMINE,4800,N,WESTERN AVE,2,NO INDICATION OF INJURY,0.0,0.0,0.0,0.0,0.0,7.0,0.0,20,2,2
6c73652c5196071a00a0f1fa2a1a85cb4bf4722bf64282a22cef58b93c00e2da1730d7c937f2f954be1e971f8e2991db2e61153d342eb9fe6a6f8aad54c99dc2,2023-01-31 13:00:00,30,TRAFFIC SIGNAL,FUNCTIONING PROPERLY,CLEAR,DAYLIGHT,TURNING,NOT DIVIDED,STRAIGHT AND LEVEL,DRY,NO DEFECTS,INJURY AND / OR TOW DUE TO CRASH,"OVER $1,500",IMPROPER TURNING/NO SIGNAL,NOT APPLICABLE,4700,N,MILWAUKEE AVE,2,NO INDICATION OF INJURY,0.0,0.0,0.0,0.0,0.0,2.0,0.0,13,3,1
d59ba28ebc898595861ba1d076c5b37a5358bc064571b07d9763f660c8d2ceed662a0492bb7f029711285e5b150faa9fbeae6a7475b4508ae4a297f6dec65081,2019-09-02 15:15:00,30,NO CONTROLS,NO CONTROLS,RAIN,DAYLIGHT,SIDESWIPE SAME DIRECTION,DIVIDED - W/MEDIAN (NOT RAISED),STRAIGHT AND LEVEL,DRY,NO DEFECTS,NO INJURY / DRIVE AWAY,"$501 - $1,500",UNABLE TO DETERMINE,NOT APPLICABLE,49,E,CHICAGO AVE,2,NO INDICATION OF INJURY,0.0,0.0,0.0,0.0,0.0,2.0,0.0,15,2,9
7171985bfb4351bec1b71b8c39c1f2a1bf062b4d5f2d89df429fee323e1a9b3018527f9bd73c7e6b502b00371aa2c10ffb2a7f15cdae10f8d91afbd45849913c,2022-11-03 12:30:00,20,NO CONTROLS,NO CONTROLS,CLEAR,DAYLIGHT,SIDESWIPE SAME DIRECTION,OTHER,STRAIGHT AND LEVEL,DRY,NO DEFECTS,NO INJURY / DRIVE AWAY,"OVER $1,500",FOLLOWING TOO CLOSELY,DRIVING SKILLS/KNOWLEDGE/EXPERIENCE,517,W,OHARE ST,2,NO INDICATION OF INJURY,0.0,0.0,0.0,0.0,0.0,2.0,0.0,12,5,11
ac3fa5c1c75a012385a9e5804429775d331708d751ae5b4a46f5f5b26359578c6b6eca0093a2892d0afaf231523fc4cd848cc6a68a87267ffa634cb90b59762b,2022-01-25 21:45:00,30,TRAFFIC SIGNAL,FUNCTIONING PROPERLY,CLEAR,DARKNESS,SIDESWIPE SAME DIRECTION,NOT DIVIDED,STRAIGHT AND LEVEL,SNOW OR SLUSH,NO DEFECTS,NO INJURY / DRIVE AWAY,"$501 - $1,500",IMPROPER OVERTAKING/PASSING,UNABLE TO DETERMINE,7058,S,JEFFERY BLVD,2,NO INDICATION OF INJURY,0.0,0.0,0.0,0.0,0.0,2.0,0.0,21,3,1
000c0961f58749f3526209cfef4a3119599573337afe4380aa0653e3b9e060f163fcb5bbfce585d7fe013c1bfc16cfc8291324c49614506158cee50c830f2fad,2024-01-15 17:15:00,30,TRAFFIC SIGNAL,FUNCTIONING PROPERLY,CLEAR,"DARKNESS, LIGHTED ROAD",TURNING,FOUR WAY,STRAIGHT AND LEVEL,SNOW OR SLUSH,NO DEFECTS,INJURY AND / OR TOW DUE TO CRASH,"OVER $1,500",DRIVING SKILLS/KNOWLEDGE/EXPERIENCE,IMPROPER TURNING/NO SIGNAL,11100,S,KEDZIE AVE,2,"REPORTED, NOT EVIDENT",1.0,0.0,0.0,0.0,1.0,1.0,0.0,17,2,1
3143223d7190f097519a92ba661c3f6abea88048c3195ee07dce4e3e835f92a4fe42690d5ed494a216567af789d06440be484eb87661334d4cd730d08422bea7,2017-09-30 11:30:00,20,NO CONTROLS,NO CONTROLS,CLEAR,DARKNESS,PARKED MOTOR VEHICLE,NOT DIVIDED,STRAIGHT AND LEVEL,DRY,NO DEFECTS,INJURY AND / OR TOW DUE TO CRASH,"OVER $1,500",UNABLE TO DETERMINE,UNABLE TO DETERMINE,4349,N,LONG AVE,2,NO INDICATION OF INJURY,0.0,0.0,0.0,0.0,0.0,1.0,0.0,11,7,9
60343362f83b337ba3843d391979d7728dab1d645265208c6619a6df9c1b9e1810893d092067aef294c12a686701e4748da370a5ff22091d667f385716c26c8e,2022-03-12 01:59:00,30,TRAFFIC SIGNAL,FUNCTIONING PROPERLY,CLEAR,"DARKNESS, LIGHTED ROAD",TURNING,FOUR WAY,STRAIGHT AND LEVEL,DRY,NO DEFECTS,INJURY AND / OR TOW DUE TO CRASH,"OVER $1,500",FAILING TO YIELD RIGHT-OF-WAY,NOT APPLICABLE,150,W,WACKER DR,2,NO INDICATION OF INJURY,0.0,0.0,0.0,0.0,0.0,2.0,0.0,1,7,3
c5e2c67f32a81a5745a7fb2ce67386761c13f7d10631b81dac755274db68bbed900054bfa8d42c2c429c113724e3da972166b2e0d9d4e4af2207d2c9378531f0,2023-09-03 15:28:00,30,TRAFFIC SIGNAL,FUNCTIONING PROPERLY,CLEAR,DAYLIGHT,REAR END,ONE-WAY,STRAIGHT AND LEVEL,UNKNOWN,UNKNOWN,INJURY AND / OR TOW DUE TO CRASH,"OVER $1,500",FAILING TO REDUCE SPEED TO AVOID CRASH,NOT APPLICABLE,641,N,CLARK ST,4,NONINCAPACITATING INJURY,1.0,0.0,0.0,1.0,0.0,6.0,0.0,15,1,9
f2ae2343ebb45ea89d627a2c1ae9a6f0d801a619a1f15cc115a82f61b826866032390e99aea110f988d90207123c6f0eadf070b560733daf45c316729c2a1a7b,2023-05-21 00:50:00,30,TRAFFIC SIGNAL,FUNCTIONING PROPERLY,CLEAR,"DARKNESS, LIGHTED ROAD",TURNING,NOT DIVIDED,STRAIGHT AND LEVEL,DRY,NO DEFECTS,NO INJURY / DRIVE AWAY,"OVER $1,500",IMPROPER TURNING/NO SIGNAL,IMPROPER OVERTAKING/PASSING,1201,W,59TH ST,2,NO INDICATION OF INJURY,0.0,0.0,0.0,0.0,0.0,2.0,0.0,0,1,5
97c6dedbc1339974d57d0b04aee0012e42d677548fdcb8425c16a12e4d20e68a6c33f0fa01084291a05faab02d4e528f459051043450abbdde1f69757903c407,2023-05-13 15:45:00,30,NO CONTROLS,NO CONTROLS,CLEAR,DAYLIGHT,SIDESWIPE SAME DIRECTION,DIVIDED - W/MEDIAN BARRIER,STRAIGHT AND LEVEL,DRY,NO DEFECTS,NO INJURY / DRIVE AWAY,$500 OR LESS,FAILING TO YIELD RIGHT-OF-WAY,UNABLE TO DETERMINE,346,W,47TH ST,2,NO INDICATION OF INJURY,0.0,0.0,0.0,0.0,0.0,2.0,0.0,15,7,5
f91e6919318da974013cd78fbb65d002da4a3003803f70f46424220f70d0f061875186faf494e8e37526a78713a56c740a2deb14566eb3420dba262be19ce363,2018-02-26 17:17:00,35,NO CONTROLS,UNKNOWN,CLEAR,DAYLIGHT,SIDESWIPE SAME DIRECTION,NOT DIVIDED,STRAIGHT AND LEVEL,DRY,UNKNOWN,NO INJURY / DRIVE AWAY,"OVER $1,500",UNABLE TO DETERMINE,UNABLE TO DETERMINE,2405,N,HARLEM AVE,2,NO INDICATION OF INJURY,0.0,0.0,0.0,0.0,0.0,3.0,0.0,17,2,2
0c7be7c4c81648d1e5df36197625b404944e868c52be534159d736ded614e7f8754aa284979384a5b26ab0a72fd26bc97cf436a54fe8a2d8064a0736acc11b80,2016-10-18 14:14:00,35,NO CONTROLS,NO CONTROLS,CLEAR,DAYLIGHT,SIDESWIPE SAME DIRECTION,DIVIDED - W/MEDIAN (NOT RAISED),STRAIGHT AND LEVEL,DRY,NO DEFECTS,NO INJURY / DRIVE AWAY,"OVER $1,500",UNABLE TO DETERMINE,UNABLE TO DETERMINE,4520,W,NORTH AVE,2,NO INDICATION OF INJURY,0.0,0.0,0.0,0.0,0.0,2.0,0.0,14,3,10
c39d057e614c0d4fe8f88d777bcf7cdc72c01e6261ef78c712a70a2b1ece20ba209ae2084b0a1e61f07ae23b35dcbc20c3aaad840a67c4b8e47a619a482ed6ad,2020-11-19 11:20:00,30,NO CONTROLS,NO CONTROLS,CLEAR,DAYLIGHT,PARKED MOTOR VEHICLE,DIVIDED - W/MEDIAN BARRIER,STRAIGHT AND LEVEL,DRY,NO DEFECTS,INJURY AND / OR TOW DUE TO CRASH,"OVER $1,500",UNABLE TO DETERMINE,NOT APPLICABLE,2412,W,NORTH AVE,3,NO INDICATION OF INJURY,0.0,0.0,0.0,0.0,0.0,1.0,0.0,11,5,11
b7736d553f2e89fb38781cce1f5e26d786584c551e4cb0e4f0c99942a41d62792d2c35ac8ed941150a7f71238dc31dc64d2367e0bd4fb44915a46fa57a03e5d5,2019-12-25 17:15:00,30,STOP SIGN/FLASHER,FUNCTIONING PROPERLY,CLEAR,DAYLIGHT,ANGLE,FOUR WAY,STRAIGHT AND LEVEL,DRY,NO DEFECTS,NO INJURY / DRIVE AWAY,"OVER $1,500",DISREGARDING STOP SIGN,FAILING TO YIELD RIGHT-OF-WAY,7000,S,WOOD ST,2,NO INDICATION OF INJURY,0.0,0.0,0.0,0.0,0.0,2.0,0.0,17,4,12
13ed948392ac6693fc59c2285bc0e9518ce56546a0729f75f51bd5232582ce44e98efd88ecc967a4c416a8109f83859567e95ceffed5844aed4ed7f658ec11d2,2021-07-29 15:00:00,30,NO CONTROLS,NO CONTROLS,CLEAR,DAYLIGHT,PARKED MOTOR VEHICLE,NOT DIVIDED,STRAIGHT AND LEVEL,DRY,NO DEFECTS,NO INJURY / DRIVE AWAY,"OVER $1,500",UNABLE TO DETERMINE,NOT APPLICABLE,307,E,76TH ST,2,NO INDICATION OF INJURY,0.0,0.0,0.0,0.0,0.0,1.0,0.0,15,5,7
3e77c3761ece37c0b7fb2cec4eb820cb5259d7adb27d938b78567d730eb2ca8d23652034ec47003681752ae9617351eec0baedee3e2ccc1ecc70055f07846068,2017-04-10 09:40:00,20,NO CONTROLS,NO CONTROLS,CLEAR,DAYLIGHT,PARKED MOTOR VEHICLE,PARKING LOT,STRAIGHT AND LEVEL,WET,UNKNOWN,NO INJURY / DRIVE AWAY,"OVER $1,500",UNABLE TO DETERMINE,NOT APPLICABLE,3939,W,OGDEN AVE,2,NO INDICATION OF INJURY,0.0,0.0,0.0,0.0,0.0,1.0,0.0,9,2,4
268b1a18281bdd762921d37b1bd027c5a18917dc9d08d3fa009d9030c7eee9bb908e2c8b22d38f4872f74db6eb891b86120c0f22ec014f62161e5bfe410bd728,2022-09-29 16:00:00,20,STOP SIGN/FLASHER,FUNCTIONING PROPERLY,CLEAR,DAYLIGHT,ANGLE,FOUR WAY,STRAIGHT AND LEVEL,DRY,NO DEFECTS,INJURY AND / OR TOW DUE TO CRASH,"$501 - $1,500",FAILING TO YIELD RIGHT-OF-WAY,NOT APPLICABLE,5700,S,CLAREMONT AVE,2,NONINCAPACITATING INJURY,1.0,0.0,0.0,1.0,0.0,1.0,0.0,16,5,9