CRASH_RECORD_ID,CRASH_DATE,POSTED_SPEED_LIMIT,TRAFFIC_CONTROL_DEVICE,DEVICE_CONDITION,WEATHER_CONDITION,LIGHTING_CONDITION,FIRST_CRASH_TYPE,TRAFFICWAY_TYPE,ALIGNMENT,ROADWAY_SURFACE_COND,ROAD_DEFECT,CRASH_TYPE,DAMAGE,PRIM_CONTRIBUTORY_CAUSE,SEC_CONTRIBUTORY_CAUSE,STREET_NO,STREET_DIRECTION,STREET_NAME,NUM_UNITS,MOST_SEVERE_INJURY,INJURIES_TOTAL,INJURIES_FATAL,INJURIES_INCAPACITATING,INJURIES_NON_INCAPACITATING,INJURIES_REPORTED_NOT_EVIDENT,INJURIES_NO_INDICATION,INJURIES_UNKNOWN,CRASH_HOUR,CRASH_DAY_OF_WEEK,CRASH_MONTH
d92dbf37bdc1d923d33e18e6c3865523268bc35112e483ed8ab9b25ead68848099ac22b6990400daddf96e1d368b47a270f2412f5d25a39b25ef83dd21d88925,2023-03-21 12:30:00,30,TRAFFIC SIGNAL,FUNCTIONING PROPERLY,CLEAR,DAYLIGHT,REAR END,NOT DIVIDED,STRAIGHT AND LEVEL,DRY,NO DEFECTS,NO INJURY / DRIVE AWAY,"OVER $1,500",DRIVING SKILLS/KNOWLEDGE/EXPERIENCE,FOLLOWING TOO CLOSELY,800,W,FULLERTON AVE,2,NO INDICATION OF INJURY,0.0,0.0,0.0,0.0,0.0,3.0,0.0,12,3,3
5eee3ead172b059d4dc12b54ca464c6f34b71083a1feef80f886818fff18836a182ef4a1fd6dadbbab6e70aeb6fc9888fc55a4b1d06b4a3e616aa42feac8a34e,2018-06-12 21:00:00,45,TRAFFIC SIGNAL,FUNCTIONING PROPERLY,CLEAR,"DARKNESS, LIGHTED ROAD",SIDESWIPE SAME DIRECTION,DIVIDED - W/MEDIAN BARRIER,STRAIGHT AND LEVEL,DRY,NO DEFECTS,NO INJURY / DRIVE AWAY,"$501 - $1,500",FAILING TO YIELD RIGHT-OF-WAY,UNABLE TO DETERMINE,6299,S,LAKE SHORE DR,2,NO INDICATION OF INJURY,0.0,0.0,0.0,0.0,0.0,2.0,0.0,21,3,6
85503d29c8c334ab571d8599fd7c6c3be04d2bef10c2673769c0615ad241568ac89d42da7a08cb49f2e7dc33b0bc862b22b3d1a74b5434ea9459525343048bdd,2020-04-30 11:42:00,40,NO CONTROLS,NO CONTROLS,CLEAR,DAYLIGHT,SIDESWIPE SAME DIRECTION,DIVIDED - W/MEDIAN BARRIER,STRAIGHT AND LEVEL,DRY,NO DEFECTS,NO INJURY / DRIVE AWAY,"OVER $1,500",FAILING TO REDUCE SPEED TO AVOID CRASH,IMPROPER LANE USAGE,1540,N,LAKE SHORE DR,2,NO INDICATION OF INJURY,0.0,0.0,0.0,0.0,0.0,2.0,0.0,11,5,4
b11ae37fc45108beb95b1975ee6f7bb99ab75c53fdd827d6229bca8b30758a6573e2f425afa25d086a3c8a3acf1e3795706b296c85eb0622f0623778e55781de,2022-04-11 15:00:00,35,UNKNOWN,UNKNOWN,UNKNOWN,DAYLIGHT,PARKED MOTOR VEHICLE,UNKNOWN,STRAIGHT AND LEVEL,UNKNOWN,UNKNOWN,NO INJURY / DRIVE AWAY,"OVER $1,500",UNABLE TO DETERMINE,NOT APPLICABLE,548,W,WEBSTER AVE,2,NO INDICATION OF INJURY,0.0,0.0,0.0,0.0,0.0,1.0,0.0,15,2,4
eb206bc7087976137c9c0a7ec4c5d9821d0df752f6296eb0ef20af386f1851241bf6a7bfd877b3a04ad11426e69ed4a44127bb48576fbbac598af0d9579363a2,2017-12-05 07:10:00,25,NO CONTROLS,NO CONTROLS,CLEAR,DAYLIGHT,REAR END,ONE-WAY,STRAIGHT AND LEVEL,DRY,NO DEFECTS,NO INJURY / DRIVE AWAY,"OVER $1,500",UNABLE TO DETERMINE,NOT APPLICABLE,5522,W,MONROE ST,2,NO INDICATION OF INJURY,0.0,0.0,0.0,0.0,0.0,5.0,0.0,7,3,12
6f1825932f35e2128aba0510636d686b65a9ef249c9692e95555f17f365755b3a8733e3c92fae2ef2984f1d52de86f6cac5cb0644b08339b3e3962318f94ec55,2017-09-24 06:03:00,30,NO CONTROLS,NO CONTROLS,CLEAR,DAWN,PARKED MOTOR VEHICLE,NOT DIVIDED,STRAIGHT AND LEVEL,DRY,NO DEFECTS,INJURY AND / OR TOW DUE TO CRASH,"OVER $1,500",UNDER THE INFLUENCE OF ALCOHOL/DRUGS (USE WHEN ARREST IS EFFECTED),NOT APPLICABLE,1021,W,ARMITAGE AVE,2,NO INDICATION OF INJURY,0.0,0.0,0.0,0.0,0.0,1.0,0.0,6,1,9
c35c36ea5c30c77ecaa7b6a503fadc4d3781438659cd6d019c7044c6f0155f0f9e16a565607f0113f8306b7c80b5247ff7369058b2f7e06552be9090be8930da,2021-08-30 17:26:00,25,NO CONTROLS,NO CONTROLS,CLEAR,DAYLIGHT,ANGLE,NOT DIVIDED,STRAIGHT AND LEVEL,DRY,UNKNOWN,INJURY AND / OR TOW DUE TO CRASH,"OVER $1,500",DRIVING SKILLS/KNOWLEDGE/EXPERIENCE,UNABLE TO DETERMINE,6416,N,GLENWOOD AVE,2,NONINCAPACITATING INJURY,1.0,0.0,0.0,1.0,0.0,1.0,0.0,17,2,8
37a021befe3d425166d3266634fd4b05c99632e72afbbcce07f14e58e40167ae4d186b5780c6c0f2e098c3af3f817835747bdbd52e07e2c6b2fbb80cef3ad97b,2022-11-04 14:00:00,30,TRAFFIC SIGNAL,FUNCTIONING PROPERLY,RAIN,DAYLIGHT,REAR END,DIVIDED - W/MEDIAN (NOT RAISED),STRAIGHT AND LEVEL,WET,NO DEFECTS,NO INJURY / DRIVE AWAY,"OVER $1,500",FOLLOWING TOO CLOSELY,UNABLE TO DETERMINE,2758,W,FULLERTON AVE,2,NO INDICATION OF INJURY,0.0,0.0,0.0,0.0,0.0,2.0,0.0,14,6,11
f25b6648fabbd4aee2dd029a0d814a3f589ae32142f201a75d632aefdd2c1885612b038b882863da9150436ce11340f735df7e82841956c99702e240276d9198,2021-10-31 10:50:00,30,NO CONTROLS,NO CONTROLS,CLEAR,DAYLIGHT,SIDESWIPE OPPOSITE DIRECTION,NOT DIVIDED,STRAIGHT AND LEVEL,DRY,NO DEFECTS,NO INJURY / DRIVE AWAY,"OVER $1,500",UNABLE TO DETERMINE,UNABLE TO DETERMINE,558,S,KILPATRICK AVE,2,NO INDICATION OF INJURY,0.0,0.0,0.0,0.0,0.0,2.0,0.0,10,1,10
62f800cf67f42d0cbb00bbc14422a7d3ae0d7a1b6f773b3f359da61628730fb32db11609afbe338cb65d85e6228d546b9db9eadf7913cdf33ee2a2646591fc01,2016-01-12 17:50:00,35,NO CONTROLS,NO CONTROLS,CLEAR,"DARKNESS, LIGHTED ROAD",REAR END,ONE-WAY,STRAIGHT AND LEVEL,DRY,NO DEFECTS,NO INJURY / DRIVE AWAY,"OVER $1,500",NOT APPLICABLE,NOT APPLICABLE,1400,S,UNION AVE,2,NO INDICATION OF INJURY,0.0,0.0,0.0,0.0,0.0,2.0,0.0,17,3,1
b2af3e394da3adcfc4deb2077d59ef6596f1a76acce51e378847c3eec635622119cff99f0b6a25a4b90885f792236716268778d66da74048faaa197e6d701b7c,2024-04-08 17:22:00,45,NO CONTROLS,NO CONTROLS,CLEAR,DAYLIGHT,SIDESWIPE SAME DIRECTION,FOUR WAY,STRAIGHT AND LEVEL,DRY,NO DEFECTS,INJURY AND / OR TOW DUE TO CRASH,"OVER $1,500",UNABLE TO DETERMINE,NOT APPLICABLE,3450,N,LAKE SHORE DR,2,NONINCAPACITATING INJURY,1.0,0.0,0.0,1.0,0.0,1.0,0.0,17,2,4
aaa1a7427f5ad367fb9035898e7020b515908afdc624b86f064153368f98842b93fa2d6c2111ac6b88948cc16da05f60d880e0a792eb5187bd29245a9ac276fd,2019-09-04 17:30:00,25,TRAFFIC SIGNAL,FUNCTIONING PROPERLY,CLEAR,DAYLIGHT,TURNING,NOT DIVIDED,STRAIGHT AND LEVEL,DRY,NO DEFECTS,INJURY AND / OR TOW DUE TO CRASH,"OVER $1,500",IMPROPER TURNING/NO SIGNAL,UNABLE TO DETERMINE,6916,S,CALIFORNIA AVE,2,NO INDICATION OF INJURY,0.0,0.0,0.0,0.0,0.0,3.0,0.0,17,4,9
3872d05298ffbb4902bf387726e8750c95b37bf51a92607c22231783cede59eee05ab2b758cde7306d9cd84e4490734d0135ac9737078a2e45e131d7daf583fa,2023-12-05 15:27:00,35,NO CONTROLS,NO CONTROLS,CLEAR,DAYLIGHT,TURNING,DIVIDED - W/MEDIAN (NOT RAISED),STRAIGHT AND LEVEL,WET,NO DEFECTS,INJURY AND / OR TOW DUE TO CRASH,"OVER $1,500",FAILING TO YIELD RIGHT-OF-WAY,NOT APPLICABLE,5923,N,CALIFORNIA AVE,2,"REPORTED, NOT EVIDENT",1.0,0.0,0.0,0.0,1.0,1.0,0.0,15,3,12
7d968ab183de559fee18234b7d8a58fef9819f4878d38c23416f5d8516950e2e51463a720e945b07f5ddd5c9f259eee448e51acd6d6e747fce7788274802d6bc,2019-08-03 19:20:00,30,NO CONTROLS,NO CONTROLS,CLEAR,"DARKNESS, LIGHTED ROAD",SIDESWIPE SAME DIRECTION,ONE-WAY,STRAIGHT AND LEVEL,DRY,NO DEFECTS,NO INJURY / DRIVE AWAY,"OVER $1,500",IMPROPER LANE USAGE,NOT APPLICABLE,220,W,WASHINGTON ST,2,NO INDICATION OF INJURY,0.0,0.0,0.0,0.0,0.0,3.0,0.0,19,7,8
b7a20be6a379b9ffa73075dead1b043293b31330f5daef8d66eb6feac21dac531242d2c0fe75a8e811286c9a5064fc32594f202ed16ed6420f4406dc02c75218,2017-02-20 07:50:00,30,TRAFFIC SIGNAL,FUNCTIONING PROPERLY,CLEAR,DAYLIGHT,TURNING,NOT DIVIDED,STRAIGHT AND LEVEL,DRY,NO DEFECTS,NO INJURY / DRIVE AWAY,"$501 - $1,500",DISREGARDING TRAFFIC SIGNALS,NOT APPLICABLE,2800,S,KEDZIE AVE,2,NO INDICATION OF INJURY,0.0,0.0,0.0,0.0,0.0,2.0,0.0,7,2,2
472acdb796bb3d0de1788702a2fe9f37e9ca6bc3cd60fe74cd7339ebdc8d5f4fe66796f679afcc20b8ae5c9c80991c8346731c891b74d003075186fefec9ba41,2021-09-16 13:55:00,30,TRAFFIC SIGNAL,FUNCTIONING PROPERLY,CLEAR,DAYLIGHT,TURNING,NOT DIVIDED,STRAIGHT AND LEVEL,DRY,NO DEFECTS,NO INJURY / DRIVE AWAY,"$501 - $1,500",IMPROPER LANE USAGE,NOT APPLICABLE,1002,N,STATE ST,2,NO INDICATION OF INJURY,0.0,0.0,0.0,0.0,0.0,2.0,0.0,13,5,9
ee7b9a578184eafa78dce317a18186187b8727eeccc2e312675de7e5bd8dac1b1587a0e1f8963fddd2441783bec2ec165258f89a4cee3988bb6cc4feb508b3c0,2020-07-30 18:50:00,30,NO CONTROLS,NO CONTROLS,CLEAR,DUSK,ANGLE,NOT DIVIDED,STRAIGHT AND LEVEL,DRY,NO DEFECTS,INJURY AND / OR TOW DUE TO CRASH,"OVER $1,500",FAILING TO YIELD RIGHT-OF-WAY,NOT APPLICABLE,7400,S,SOUTH CHICAGO AVE,2,"REPORTED, NOT EVIDENT",1.0,0.0,0.0,0.0,1.0,1.0,0.0,18,5,7
636e27c4378d195664c9b929bf46d67b564e8cec3e48a9657744c6bbcd2333df93828a621074adac920947f7bf5f4604c23d65324fc5bcd72a817c5500a8014f,2023-07-16 21:00:00,30,TRAFFIC SIGNAL,FUNCTIONING PROPERLY,CLEAR,"DARKNESS, LIGHTED ROAD",ANGLE,DIVIDED - W/MEDIAN (NOT RAISED),STRAIGHT AND LEVEL,DRY,NO DEFECTS,INJURY AND / OR TOW DUE TO CRASH,"OVER $1,500",FAILING TO REDUCE SPEED TO AVOID CRASH,FAILING TO YIELD RIGHT-OF-WAY,8642,S,ASHLAND AVE,2,NO INDICATION OF INJURY,0.0,0.0,0.0,0.0,0.0,5.0,0.0,21,1,7
1962c14d88bb25cb64b351fbff37d1c0397a44baf5366287fb1f1d04f8d63374ac1d88b04e111202ad60e15e97fc6fa0ab427df5e9898338ddf215e5d213e856,2023-11-22 15:00:00,30,NO CONTROLS,NO CONTROLS,CLEAR,DAYLIGHT,SIDESWIPE SAME DIRECTION,DIVIDED - W/MEDIAN (NOT RAISED),STRAIGHT AND LEVEL,DRY,NO DEFECTS,NO INJURY / DRIVE AWAY,"$501 - $1,500",FAILING TO YIELD RIGHT-OF-WAY,NOT APPLICABLE,5024,N,LINCOLN AVE,2,NO INDICATION OF INJURY,0.0,0.0,0.0,0.0,0.0,2.0,0.0,15,4,11
f7de07e90584d5bd684b088a35d98e4735d9609f847218fd669582437ebb5383d986e5553a39a5b8f98c570a8f1b137c71e610bb33e99fb90a53cf6d7a190a09,2022-05-11 08:30:00,30,NO CONTROLS,NO CONTROLS,CLEAR,DAYLIGHT,REAR END,NOT DIVIDED,STRAIGHT AND LEVEL,DRY,UNKNOWN,NO INJURY / DRIVE AWAY,"OVER $1,500",UNABLE TO DETERMINE,UNABLE TO DETERMINE,3029,N,KEDZIE AVE,2,NO INDICATION OF INJURY,0.0,0.0,0.0,0.0,0.0,2.0,0.0,8,4,5
05e60f82c75905b4b1c455c20b6d0ed2f333c3024434b30e32fe3f36c8cab36388557dbf94dc018e947d9b0b909f5cc55a402db4be8b3ec92851e111c2a1ef4e,2017-06-16 22:55:00,30,NO CONTROLS,FUNCTIONING PROPERLY,CLEAR,"DARKNESS, LIGHTED ROAD",SIDESWIPE SAME DIRECTION,DIVIDED - W/MEDIAN (NOT RAISED),STRAIGHT AND LEVEL,DRY,NO DEFECTS,NO INJURY / DRIVE AWAY,"$501 - $1,500",IMPROPER OVERTAKING/PASSING,NOT APPLICABLE,2398,W,CHICAGO AVE,2,NO INDICATION OF INJURY,0.0,0.0,0.0,0.0,0.0,3.0,0.0,22,6,6
f28e18ea7457d66b56c5882f8c38962533d2e89f58f5428f88d1ee45244fa22db115922c6a9b67c6d7f5a318f2191872bd82386c0a7563a8e6e56da89b9f7ec3,2023-07-16 21:30:00,30,TRAFFIC SIGNAL,UNKNOWN,UNKNOWN,UNKNOWN,REAR END,UNKNOWN,STRAIGHT AND LEVEL,UNKNOWN,UNKNOWN,NO INJURY / DRIVE AWAY,"$501 - $1,500",UNABLE TO DETERMINE,NOT APPLICABLE,5500,S,LAFAYETTE AVE,3,NO INDICATION OF INJURY,0.0,0.0,0.0,0.0,0.0,3.0,0.0,21,1,7
b069aacd733fe2b5f4b8da21f447a1003563060d718ddd895319dc69efa9be6095d4bd204776068313f1251770d5e55a9a730e2c8f98ee7011c32b9044eb8a6b,2022-04-08 20:40:00,30,TRAFFIC SIGNAL,FUNCTIONING PROPERLY,RAIN,"DARKNESS, LIGHTED ROAD",REAR END,NOT DIVIDED,STRAIGHT AND LEVEL,WET,NO DEFECTS,NO INJURY / DRIVE AWAY,"$501 - $1,500",FOLLOWING TOO CLOSELY,WEATHER,638,W,ROOSEVELT RD,2,NO INDICATION OF INJURY,0.0,0.0,0.0,0.0,0.0,4.0,0.0,20,6,4
c959b56ad3a0cfa3a1c21b7823205bd98452698888ca11a6821f5f72b0afd9b1ce7aaedbbb1995252a93d2a91a8d3d69088f4e241b8ceddd5a639df07653c754,2022-12-11 19:00:00,30,STOP SIGN/FLASHER,FUNCTIONING PROPERLY,CLEAR,"DARKNESS, LIGHTED ROAD",TURNING,DIVIDED - W/MEDIAN (NOT RAISED),STRAIGHT AND LEVEL,DRY,NO DEFECTS,NO INJURY / DRIVE AWAY,"OVER $1,500",IMPROPER TURNING/NO SIGNAL,UNABLE TO DETERMINE,3200,W,WRIGHTWOOD AVE,2,NO INDICATION OF INJURY,0.0,0.0,0.0,0.0,0.0,3.0,0.0,19,1,12
d5f69bdb513c6e5ddba6f6edbf7d11a38fdc819e629222d5e341fd6b6d2a93ee5c4ab0495792f892933cc597642b2cc7f1fc787a75f0d97b8cb412b5ec3da601,2023-05-05 21:00:00,30,NO CONTROLS,NO CONTROLS,CLEAR,"DARKNESS, LIGHTED ROAD",SIDESWIPE SAME DIRECTION,NOT DIVIDED,STRAIGHT AND LEVEL,DRY,NO DEFECTS,NO INJURY / DRIVE AWAY,"$501 - $1,500",IMPROPER OVERTAKING/PASSING,NOT APPLICABLE,4800,W,ARMITAGE AVE,2,NO INDICATION OF INJURY,0.0,0.0,0.0,0.0,0.0,2.0,0.0,21,6,5
f0f97f47389b6bf77a4d542d43e3c90a7946dc4b2ca2b555f9589bd5f972aa882045837f3a5f3db6beb5b2821f224eab74e2fd6504474e5cebb6fbb084154456,2015-10-09 21:50:00,30,TRAFFIC SIGNAL,UNKNOWN,CLEAR,"DARKNESS, LIGHTED ROAD",TURNING,NOT DIVIDED,STRAIGHT AND LEVEL,UNKNOWN,UNKNOWN,NO INJURY / DRIVE AWAY,"$501 - $1,500",UNABLE TO DETERMINE,NOT APPLICABLE,2400,N,STOCKTON DR,2,NO INDICATION OF INJURY,0.0,0.0,0.0,0.0,0.0,4.0,0.0,21,6,10
db6735a7769c26c083d0553cb251d324bea052e9845cb53cbc5fc1e9e01f476bec674ef4abeba2ae9c33dcc170f20d78f38c1bc750891c577f4c8a95f14c32b2,2016-05-11 08:20:00,30,STOP SIGN/FLASHER,NO CONTROLS,FOG/SMOKE/HAZE,DAYLIGHT,TURNING,DIVIDED - W/MEDIAN (NOT RAISED),STRAIGHT AND LEVEL,DRY,NO DEFECTS,NO INJURY / DRIVE AWAY,"OVER $1,500",UNABLE TO DETERMINE,IMPROPER TURNING/NO SIGNAL,5500,S,CORNELL AVE,2,NO INDICATION OF INJURY,0.0,0.0,0.0,0.0,0.0,2.0,0.0,8,4,5
ae1035452bf4bac4aef77a1a03816ef262a8d9670080cd12b8c2b43ed83406b595e59e7d1c62b7b4916060d10407dd749120d3687466bb3e4bc5770513aa8ad5,2022-09-10 04:58:00,30,NO CONTROLS,NO CONTROLS,CLEAR,"DARKNESS, LIGHTED ROAD",FIXED OBJECT,NOT DIVIDED,STRAIGHT ON GRADE,DRY,NO DEFECTS,INJURY AND / OR TOW DUE TO CRASH,"OVER $1,500",NOT APPLICABLE,NOT APPLICABLE,3315,W,AUGUSTA BLVD,1,NONINCAPACITATING INJURY,1.0,0.0,0.0,1.0,0.0,0.0,0.0,4,7,9
a32aa0cd65e5308744553725e1c0a0748ae5c26f8e3102aefec6702940a7881650ac536616b994713bcd32181f4c47e4ac39b8b06910fd13b8d10623a3f592c0,2020-12-19 17:58:00,30,STOP SIGN/FLASHER,FUNCTIONING PROPERLY,CLEAR,"DARKNESS, LIGHTED ROAD",ANGLE,NOT DIVIDED,STRAIGHT ON GRADE,DRY,UNKNOWN,INJURY AND / OR TOW DUE TO CRASH,"OVER $1,500",UNABLE TO DETERMINE,DRIVING SKILLS/KNOWLEDGE/EXPERIENCE,4400,S,MICHIGAN AVE,2,NO INDICATION OF INJURY,0.0,0.0,0.0,0.0,0.0,2.0,0.0,17,7,12
88848b371392fb6863bfbfb5d40f0bb68a8524b3d29ca8eaeddd8bb469817b51f010ac0b5680a88c7908ed43644259e51a63193ca05b9e8ae433121f2b4f82c6,2018-03-13 16:50:00,30,NO CONTROLS,NO CONTROLS,CLEAR,DAYLIGHT,REAR END,NOT DIVIDED,STRAIGHT AND LEVEL,ICE,NO DEFECTS,NO INJURY / DRIVE AWAY,"OVER $1,500",FOLLOWING TOO CLOSELY,IMPROPER LANE USAGE,5431,W,FOSTER AVE,2,NO INDICATION OF INJURY,0.0,0.0,0.0,0.0,0.0,2.0,0.0,16,3,3
8ba4fa2d07016b72c46acd1ac0e863c1908283c9317b9339d28119664fcb934eb9099698f646e32d21a7fce3d46baa52acc74eda5ff3f432943c355eba613fef,2019-08-05 17:25:00,35,STOP SIGN/FLASHER,WORN REFLECTIVE MATERIAL,CLEAR,DAYLIGHT,ANGLE,NOT DIVIDED,STRAIGHT AND LEVEL,DRY,UNKNOWN,NO INJURY / DRIVE AWAY,"$501 - $1,500",FAILING TO YIELD RIGHT-OF-WAY,NOT APPLICABLE,3598,W,LE MOYNE ST,2,NO INDICATION OF INJURY,0.0,0.0,0.0,0.0,0.0,2.0,0.0,17,2,8
b1a0e0e027a39d8a380187eb4cfc65fa958971693aba978858d9c82bc2a303d8be5c67cd3a4a9e770db10906a4f4085c04140596402e9a8aaacf8bedcf0786f2,2022-07-14 10:15:00,30,NO CONTROLS,NO CONTROLS,CLEAR,DAYLIGHT,PEDESTRIAN,ALLEY,STRAIGHT AND LEVEL,DRY,UNKNOWN,INJURY AND / OR TOW DUE TO CRASH,$500 OR LESS,FAILING TO YIELD RIGHT-OF-WAY,FAILING TO YIELD RIGHT-OF-WAY,1616,N,SAWYER AVE,2,NONINCAPACITATING INJURY,1.0,0.0,0.0,1.0,0.0,1.0,0.0,10,5,7
01a042be55833d0b9fd64ed0841226679a3d0ba7f5cd9ac7d63fb6ccf81317245e865272ad0a2fb43f5123d8c00236a081ff89ecf5a435b9b2dd26d5ecc8b5c3,2022-03-24 05:55:00,30,STOP SIGN/FLASHER,NO CONTROLS,CLEAR,DAYLIGHT,TURNING,NOT DIVIDED,STRAIGHT AND LEVEL,DRY,NO DEFECTS,NO INJURY / DRIVE AWAY,"OVER $1,500",IMPROPER TURNING/NO SIGNAL,FAILING TO YIELD RIGHT-OF-WAY,4801,W,LE MOYNE ST,2,NO INDICATION OF INJURY,0.0,0.0,0.0,0.0,0.0,2.0,0.0,5,5,3
95fcc731724353eeedfd6353282c8ee42b65d275af2fa6bfa948677c2e219917340b26bb12c07c26ac225b6cc9a5a0a5650f65db6a632cd9a34665a590819abf,2021-04-22 14:00:00,30,NO CONTROLS,NO CONTROLS,CLEAR,DAYLIGHT,REAR END,DIVIDED - W/MEDIAN (NOT RAISED),STRAIGHT AND LEVEL,DRY,NO DEFECTS,NO INJURY / DRIVE AWAY,"$501 - $1,500",UNABLE TO DETERMINE,NOT APPLICABLE,3952,W,CERMAK RD,2,NO INDICATION OF INJURY,0.0,0.0,0.0,0.0,0.0,3.0,0.0,14,5,4
29dcd265a4fbea01d891875f490a3a0e35e51707131f4f2558ef808f4c38297a16da0c83cca5a3c08e143ea11749e7f78e22e9678bca34abb05a6f5c59738df3,2018-06-24 05:34:00,30,TRAFFIC SIGNAL,FUNCTIONING PROPERLY,CLEAR,DAYLIGHT,TURNING,NOT DIVIDED,STRAIGHT AND LEVEL,DRY,NO DEFECTS,INJURY AND / OR TOW DUE TO CRASH,"OVER $1,500",FAILING TO YIELD RIGHT-OF-WAY,FAILING TO YIELD RIGHT-OF-WAY,800,S,CLARK ST,2,NO INDICATION OF INJURY,0.0,0.0,0.0,0.0,0.0,2.0,0.0,5,1,6
ab38bb601046d241a60df8ec9cca48a631c752dffd3ea4dc739ec1f0d65f8bc5b7bf5d33ea5a2c3845871f1e0766c86f6d73b1ba38c9b69a664dc43d697b0fe5,2018-02-21 02:50:00,30,TRAFFIC SIGNAL,FUNCTIONING PROPERLY,RAIN,"DARKNESS, LIGHTED ROAD",ANGLE,DIVIDED - W/MEDIAN (NOT RAISED),STRAIGHT AND LEVEL,WET,NO DEFECTS,INJURY AND / OR TOW DUE TO CRASH,"OVER $1,500",DISREGARDING TRAFFIC SIGNALS,DRIVING SKILLS/KNOWLEDGE/EXPERIENCE,1600,W,76TH ST,2,NO INDICATION OF INJURY,0.0,0.0,0.0,0.0,0.0,4.0,0.0,2,4,2
48c2278ae8f120616c53e2be9b0860545149374f246acab98b9b80e2957565b5b12acee947cb7cd6b5bc563f1078caaed5da77906dbc19675235241adbc0a61d,2021-09-24 21:15:00,30,TRAFFIC SIGNAL,FUNCTIONING PROPERLY,CLEAR,DARKNESS,REAR END,DIVIDED - W/MEDIAN BARRIER,STRAIGHT AND LEVEL,DRY,NO DEFECTS,NO INJURY / DRIVE AWAY,"OVER $1,500",FAILING TO REDUCE SPEED TO AVOID CRASH,FAILING TO REDUCE SPEED TO AVOID CRASH,153,E,GARFIELD BLVD,2,NO INDICATION OF INJURY,0.0,0.0,0.0,0.0,0.0,3.0,0.0,21,6,9
c30f660466ce4054bbb0acc5788a611dfdab5a9e9e8bc5275c54f5988ef2cb590b8f40d3f323422ba2d719e68038bc1d0541b5efc0e2ba637c060e740763fac8,2022-06-07 13:50:00,30,NO CONTROLS,NO CONTROLS,CLEAR,DAYLIGHT,SIDESWIPE SAME DIRECTION,NOT DIVIDED,STRAIGHT AND LEVEL,DRY,UNKNOWN,NO INJURY / DRIVE AWAY,$500 OR LESS,UNABLE TO DETERMINE,UNABLE TO DETERMINE,2516,W,47TH ST,2,NO INDICATION OF INJURY,0.0,0.0,0.0,0.0,0.0,2.0,0.0,13,3,6
11951ef2504ad736b245a7a4aeb58030a7ba90746f1f49c2e48c7c1bf00f73ca518f8c0c5ecc7d1e88026afebde17e838f6631830bbdc9812306d881b8854e3b,2023-05-19 16:00:00,40,NO CONTROLS,NO CONTROLS,CLEAR,DAYLIGHT,REAR END,DIVIDED - W/MEDIAN (NOT RAISED),STRAIGHT AND LEVEL,DRY,NO DEFECTS,NO INJURY / DRIVE AWAY,"$501 - $1,500",FOLLOWING TOO CLOSELY,NOT APPLICABLE,500,S,LAKE SHORE DR NB,2,NO INDICATION OF INJURY,0.0,0.0,0.0,0.0,0.0,2.0,0.0,16,6,5
d0f10e8ad27ba43620a79bbf8e60158af09cfc7a982faa370baff0913e08fa462d48f413586da501c1ce0b550841d250ba50d2b53203093ae3c3878769f29aed,2020-12-05 19:10:00,35,TRAFFIC SIGNAL,FUNCTIONING PROPERLY,CLEAR,DARKNESS,TURNING,NOT DIVIDED,STRAIGHT AND LEVEL,DRY,NO DEFECTS,NO INJURY / DRIVE AWAY,"$501 - $1,500",FAILING TO YIELD RIGHT-OF-WAY,UNABLE TO DETERMINE,8700,S,STONY ISLAND AVE,2,NO INDICATION OF INJURY,0.0,0.0,0.0,0.0,0.0,4.0,0.0,19,7,12
002b25fc644cb12cf64b6e39d789766cfe5b99de6e5ce0fcb96339b133ddfadea50651dc0c20bd3eaf66d8981a5be7c9cdd6cd7dd2800dfbb4609b45b34aeaa2,2021-01-12 12:31:00,30,NO CONTROLS,NO CONTROLS,CLEAR,DAYLIGHT,PARKED MOTOR VEHICLE,PARKING LOT,STRAIGHT AND LEVEL,DRY,NO DEFECTS,INJURY AND / OR TOW DUE TO CRASH,"OVER $1,500",UNABLE TO DETERMINE,UNABLE TO DETERMINE,7918,S,WESTERN AVE,2,NO INDICATION OF INJURY,0.0,0.0,0.0,0.0,0.0,1.0,0.0,12,3,1
68ec313d068dcbc3ffd93c6df3f5c5309eca7a408985ebe5d28a8072eab4fe3013cbb258d84d86cfa0824c33a2923e3b8c8b1a2d1cc613b86527cede1a68223f,2019-10-27 03:35:00,25,NO CONTROLS,NO CONTROLS,RAIN,"DARKNESS, LIGHTED ROAD",PARKED MOTOR VEHICLE,NOT DIVIDED,STRAIGHT AND LEVEL,WET,UNKNOWN,INJURY AND / OR TOW DUE TO CRASH,"$501 - $1,500",NOT APPLICABLE,NOT APPLICABLE,5812,W,WABANSIA AVE,3,NO INDICATION OF INJURY,0.0,0.0,0.0,0.0,0.0,1.0,0.0,3,1,10
d8ca44726d41808e3967c49a11ba3fd27bcb9d9e8e28dc0bc11003f37f4f1180277852a8db30e52d0d4e93f4c640375272aab6787573322034665c829d141b4c,2016-08-16 17:00:00,20,NO CONTROLS,NO CONTROLS,CLEAR,DAYLIGHT,PARKED MOTOR VEHICLE,ONE-WAY,STRAIGHT AND LEVEL,DRY,UNKNOWN,NO INJURY / DRIVE AWAY,"$501 - $1,500",UNABLE TO DETERMINE,UNABLE TO DETERMINE,1104,W,AINSLIE ST,2,NO INDICATION OF INJURY,0.0,0.0,0.0,0.0,0.0,1.0,0.0,17,3,8