CRASH_RECORD_ID,CRASH_DATE,POSTED_SPEED_LIMIT,TRAFFIC_CONTROL_DEVICE,DEVICE_CONDITION,WEATHER_CONDITION,LIGHTING_CONDITION,FIRST_CRASH_TYPE,TRAFFICWAY_TYPE,ALIGNMENT,ROADWAY_SURFACE_COND,ROAD_DEFECT,CRASH_TYPE,DAMAGE,PRIM_CONTRIBUTORY_CAUSE,SEC_CONTRIBUTORY_CAUSE,STREET_NO,STREET_DIRECTION,STREET_NAME,NUM_UNITS,MOST_SEVERE_INJURY,INJURIES_TOTAL,INJURIES_FATAL,INJURIES_INCAPACITATING,INJURIES_NON_INCAPACITATING,INJURIES_REPORTED_NOT_EVIDENT,INJURIES_NO_INDICATION,INJURIES_UNKNOWN,CRASH_HOUR,CRASH_DAY_OF_WEEK,CRASH_MONTH
a4f66f7e32c01ce64299fba69f00f4b63618998c8ac1f6505c268bc0e5c9bcd7e2dbbaf6073f59284c7f1c85da4854dec1ad65837a1557944c6f0db20b134a43,2023-04-28 17:50:00,30,TRAFFIC SIGNAL,FUNCTIONING PROPERLY,CLEAR,DAYLIGHT,REAR END,FOUR WAY,STRAIGHT AND LEVEL,DRY,NO DEFECTS,NO INJURY / DRIVE AWAY,"OVER $1,500",UNABLE TO DETERMINE,NOT APPLICABLE,100,N,PULASKI RD,2,NO INDICATION OF INJURY,0.0,0.0,0.0,0.0,0.0,2.0,0.0,17,6,4
83fddadfe7998a81cbd9062ca520acffb4597035d9a9247ef8a1cb5f28ad2d1835ff21124e464a36218d35fa4b84386c668449f8838f4b71a42b566d79fb5f38,2016-12-06 04:05:00,5,NO CONTROLS,NO CONTROLS,CLEAR,"DARKNESS, LIGHTED ROAD",FIXED OBJECT,PARKING LOT,STRAIGHT AND LEVEL,UNKNOWN,UNKNOWN,NO INJURY / DRIVE AWAY,$500 OR LESS,IMPROPER BACKING,NOT APPLICABLE,5740,S,KILPATRICK AVE,1,NO INDICATION OF INJURY,0.0,0.0,0.0,0.0,0.0,1.0,0.0,4,3,12
f2bf8a8114842654f08c1f2952ebdcda7895e19e7c2e91f9962be7dff7bf458f07863dadaa88fe2658977c84c9c58e872113513133707c709c5aefa0d737cd2e,2017-06-23 19:40:00,30,NO CONTROLS,NO CONTROLS,CLEAR,DAYLIGHT,PARKED MOTOR VEHICLE,NOT DIVIDED,STRAIGHT AND LEVEL,DRY,NO DEFECTS,NO INJURY / DRIVE AWAY,"OVER $1,500",UNABLE TO DETERMINE,EQUIPMENT - VEHICLE CONDITION,4511,W,HARRISON ST,3,NO INDICATION OF INJURY,0.0,0.0,0.0,0.0,0.0,1.0,0.0,19,6,6
01c7295c3ac0a80a8233fb295613dedf5fb07e673a99037ecbf926a877cbf3d9d0fe9b218e81ce80a120f897cef563039c30a0050754d69e2a6ae0d207608d97,2019-05-25 18:45:00,30,TRAFFIC SIGNAL,FUNCTIONING PROPERLY,CLEAR,DAYLIGHT,TURNING,DIVIDED - W/MEDIAN BARRIER,STRAIGHT AND LEVEL,DRY,NO DEFECTS,NO INJURY / DRIVE AWAY,"OVER $1,500",UNABLE TO DETERMINE,UNABLE TO DETERMINE,8700,S,STONY ISLAND AVE,2,NO INDICATION OF INJURY,0.0,0.0,0.0,0.0,0.0,2.0,0.0,18,7,5
4a07c255979f61a1c4c53fe36d3cd6960bcc31f6621a2f37744d0f22caa3c68b5206d7aded7354410e9b6c02712d6e1aaf34ed29067540a937430eed46a4abdd,2020-11-23 21:30:00,30,NO CONTROLS,NO CONTROLS,CLEAR,"DARKNESS, LIGHTED ROAD",PARKED MOTOR VEHICLE,DIVIDED - W/MEDIAN (NOT RAISED),STRAIGHT AND LEVEL,DRY,NO DEFECTS,INJURY AND / OR TOW DUE TO CRASH,"OVER $1,500",UNABLE TO DETERMINE,UNABLE TO DETERMINE,8136,S,KEDZIE AVE,3,NO INDICATION OF INJURY,0.0,0.0,0.0,0.0,0.0,1.0,0.0,21,2,11
baa0262597296b6af3e9959b6dcb9f5dc16b042f502490eec334c28e3d39eced8e564c738786b9de9767714da141191136e73d36f126bf2de6e064fb3cebabe5,2019-03-24 17:15:00,25,STOP SIGN/FLASHER,FUNCTIONING PROPERLY,CLEAR,DAYLIGHT,PEDESTRIAN,ONE-WAY,STRAIGHT AND LEVEL,DRY,NO DEFECTS,INJURY AND / OR TOW DUE TO CRASH,$500 OR LESS,FAILING TO YIELD RIGHT-OF-WAY,UNABLE TO DETERMINE,1350,W,LUNT AVE,2,NONINCAPACITATING INJURY,1.0,0.0,0.0,1.0,0.0,1.0,0.0,17,1,3
b41f0afa78a4564e562fb4a0f909b6c96ee585a5c5afb150d93847d8bd3774f3f20203acae7d268d8f271c56beffdf5b24c9576d88d9c1ad2f31fc9fd767d44a,2022-08-10 15:10:00,30,NO CONTROLS,NO CONTROLS,CLEAR,DAYLIGHT,ANGLE,NOT DIVIDED,STRAIGHT AND LEVEL,DRY,NO DEFECTS,NO INJURY / DRIVE AWAY,"OVER $1,500",UNABLE TO DETERMINE,UNABLE TO DETERMINE,6052,W,GIDDINGS ST,2,NO INDICATION OF INJURY,0.0,0.0,0.0,0.0,0.0,2.0,0.0,15,4,8
bea2dabd9c71c1892ec570b8dbe4190fdaee645e7e355aed35c9e60e7405068a081d804cd80f3d92ad27c4df8760cc0e357bd204f5d8dcd3e6ec2c2dae67239f,2019-12-12 14:55:00,30,NO CONTROLS,NO CONTROLS,CLEAR,DAYLIGHT,SIDESWIPE SAME DIRECTION,DIVIDED - W/MEDIAN BARRIER,STRAIGHT AND LEVEL,DRY,NO DEFECTS,NO INJURY / DRIVE AWAY,"OVER $1,500",IMPROPER OVERTAKING/PASSING,IMPROPER LANE USAGE,1415,W,RANDOLPH ST,2,NO INDICATION OF INJURY,0.0,0.0,0.0,0.0,0.0,2.0,0.0,14,5,12
f5df644ab98f6d65890a449eea3144c637233d228ecf2305f4aaac0a6b0cd52f7ccac397839bd15a455d35216065ea55f187affcaff741509e5b95fe8441d9bf,2023-05-27 19:10:00,30,TRAFFIC SIGNAL,FUNCTIONING PROPERLY,CLEAR,DAYLIGHT,ANGLE,ONE-WAY,STRAIGHT AND LEVEL,DRY,NO DEFECTS,INJURY AND / OR TOW DUE TO CRASH,"OVER $1,500",DRIVING ON WRONG SIDE/WRONG WAY,NOT APPLICABLE,233,W,GARFIELD BLVD,2,NO INDICATION OF INJURY,0.0,0.0,0.0,0.0,0.0,3.0,0.0,19,7,5
977e478db1b91265b673de520285bab6929384192efee740709dd3572ce98a6a27eb6ee6f5a180cd42a52d56860483c7f2663ffaf36564535508e886e42dec88,2023-06-21 15:50:00,30,NO CONTROLS,NO CONTROLS,CLEAR,DAYLIGHT,REAR END,NOT DIVIDED,STRAIGHT AND LEVEL,DRY,"RUT, HOLES",INJURY AND / OR TOW DUE TO CRASH,"OVER $1,500",IMPROPER OVERTAKING/PASSING,"OPERATING VEHICLE IN ERRATIC, RECKLESS, CARELESS, NEGLIGENT OR AGGRESSIVE MANNER",1119,W,47TH ST,3,"REPORTED, NOT EVIDENT",2.0,0.0,0.0,0.0,2.0,1.0,0.0,15,4,6
241c78c28b88a58b4d2d38a85a4a7b3e30284409c36ed20eebe6c7e9d17943d284896bbd7fcf6e0cc64fbe7f64ef144b6983ac92c60ecbb59d25d098fb6dfcc0,2021-08-26 02:00:00,30,UNKNOWN,UNKNOWN,UNKNOWN,"DARKNESS, LIGHTED ROAD",REAR END,UNKNOWN,STRAIGHT AND LEVEL,UNKNOWN,UNKNOWN,INJURY AND / OR TOW DUE TO CRASH,"$501 - $1,500",UNABLE TO DETERMINE,NOT APPLICABLE,13000,S,DOTY AVE E,2,NO INDICATION OF INJURY,0.0,0.0,0.0,0.0,0.0,2.0,0.0,2,5,8
f391e862af7139f2bca338af4d7aa110fe869c6ad48920486deb1f69a0df76491577c35f0969550ee4e544e1e7de37730cd9f25e095559362f0fabd7fe1fb65e,2018-03-20 21:38:00,30,TRAFFIC SIGNAL,FUNCTIONING PROPERLY,CLEAR,"DARKNESS, LIGHTED ROAD",ANGLE,NOT DIVIDED,STRAIGHT AND LEVEL,DRY,NO DEFECTS,INJURY AND / OR TOW DUE TO CRASH,"OVER $1,500",FAILING TO YIELD RIGHT-OF-WAY,UNABLE TO DETERMINE,3500,W,55TH ST,2,INCAPACITATING INJURY,2.0,0.0,1.0,1.0,0.0,4.0,0.0,21,3,3
5e2f02a6d6b19dabe8f3ef02529cfcd65cfc9d84f7241b9911fcc66a66bb13eceaf525120f034abf1eb33361699539f647e781db0a34f50bac8ee350c8b3a24f,2017-09-01 22:00:00,30,NO CONTROLS,NO CONTROLS,CLEAR,DARKNESS,SIDESWIPE SAME DIRECTION,DIVIDED - W/MEDIAN (NOT RAISED),STRAIGHT AND LEVEL,DRY,NO DEFECTS,NO INJURY / DRIVE AWAY,"$501 - $1,500",IMPROPER BACKING,FAILING TO YIELD RIGHT-OF-WAY,7400,S,WENTWORTH AVE,2,NO INDICATION OF INJURY,0.0,0.0,0.0,0.0,0.0,2.0,0.0,22,6,9
1c2b1fce29ba0283118fb31a038283a670c084fa134df1c39c9ba13bb2c2e1ef5468b84f363c18b69cf0775fd85191caf4ffacf953f5911347a9c34688991e89,2020-01-16 19:22:00,10,NO CONTROLS,NO CONTROLS,CLEAR,"DARKNESS, LIGHTED ROAD",FIXED OBJECT,PARKING LOT,STRAIGHT AND LEVEL,DRY,NO DEFECTS,INJURY AND / OR TOW DUE TO CRASH,"$501 - $1,500",UNABLE TO DETERMINE,NOT APPLICABLE,1111,S,LAFLIN ST,1,NO INDICATION OF INJURY,0.0,0.0,0.0,0.0,0.0,1.0,0.0,19,5,1
8d7d3951db3c486f1a4de9c506128f4ac82faeacf3af50f7e010ffbe0f3383622239f7ba664f09fa5050f2e7a0f82220a46e99c34b422b528f19934a5d415b49,2018-01-30 11:00:00,40,NO CONTROLS,NO CONTROLS,CLEAR,DAYLIGHT,REAR END,DIVIDED - W/MEDIAN BARRIER,STRAIGHT AND LEVEL,DRY,NO DEFECTS,NO INJURY / DRIVE AWAY,"$501 - $1,500",UNABLE TO DETERMINE,DRIVING SKILLS/KNOWLEDGE/EXPERIENCE,4600,N,LAKE SHORE DR NB,2,NO INDICATION OF INJURY,0.0,0.0,0.0,0.0,0.0,3.0,0.0,11,3,1
74cbfae1a478148ee0dcea95bf7d1499b4baffb4733c18d5db2795f98c218ca3cd2f9bea38997f3695c37170bd8b35e69acf7fc0276d780da579747991b1f4d6,2019-11-04 04:40:00,30,NO CONTROLS,NO CONTROLS,CLEAR,"DARKNESS, LIGHTED ROAD",SIDESWIPE SAME DIRECTION,NOT DIVIDED,STRAIGHT AND LEVEL,UNKNOWN,UNKNOWN,NO INJURY / DRIVE AWAY,$500 OR LESS,FAILING TO REDUCE SPEED TO AVOID CRASH,NOT APPLICABLE,5500,S,CICERO AVE,2,NO INDICATION OF INJURY,0.0,0.0,0.0,0.0,0.0,2.0,0.0,4,2,11
1705ae6c3b6b8f416b23344682753c7039c5ad66824a6cd1a41015accfa34da4219c50fdbff613ce11bdb49c848db27bfc26dd4164a10dcb611d5cfc96426353,2022-11-25 15:36:00,30,NO CONTROLS,NO CONTROLS,CLEAR,DAYLIGHT,PARKED MOTOR VEHICLE,DIVIDED - W/MEDIAN (NOT RAISED),STRAIGHT AND LEVEL,DRY,NO DEFECTS,NO INJURY / DRIVE AWAY,"OVER $1,500",IMPROPER OVERTAKING/PASSING,NOT APPLICABLE,3523,W,BELMONT AVE,2,NO INDICATION OF INJURY,0.0,0.0,0.0,0.0,0.0,1.0,0.0,15,6,11
192e82f7d664cc7af7f742a4feda5c01bfea0f27e3e06eee7ca6dff5190bcef36be9499f6446df58ebf95f1291e18db17535e3968597ce9147f520756bbeb891,2022-06-27 16:01:00,30,NO CONTROLS,NO CONTROLS,CLEAR,DAYLIGHT,REAR END,NOT DIVIDED,STRAIGHT AND LEVEL,DRY,UNKNOWN,INJURY AND / OR TOW DUE TO CRASH,"OVER $1,500","OPERATING VEHICLE IN ERRATIC, RECKLESS, CARELESS, NEGLIGENT OR AGGRESSIVE MANNER",UNABLE TO DETERMINE,3159,W,MADISON ST,2,"REPORTED, NOT EVIDENT",1.0,0.0,0.0,0.0,1.0,4.0,0.0,16,2,6
40084689d93d4294d95272f7dcf72251103482acc26fc5214a191fd9710ae834f632a990e4b7aca29fa6025d5411dc572e9335cecba39aec13eaa5c87474474b,2020-11-28 19:30:00,30,NO CONTROLS,NO CONTROLS,CLEAR,"DARKNESS, LIGHTED ROAD",PARKED MOTOR VEHICLE,DIVIDED - W/MEDIAN (NOT RAISED),STRAIGHT AND LEVEL,DRY,NO DEFECTS,NO INJURY / DRIVE AWAY,"$501 - $1,500",UNABLE TO DETERMINE,UNABLE TO DETERMINE,7165,S,EXCHANGE AVE,2,NO INDICATION OF INJURY,0.0,0.0,0.0,0.0,0.0,1.0,0.0,19,7,11
8b8d94eaed54c05bd0faa903b9caa7d578c9af82ecb01fab6ebba0424080a9d1c88031b36fdeee3d83cdeffc44967d950392a66e89a2a0d1cff2e3e9b13b4b23,2024-03-03 14:50:00,10,NO CONTROLS,NO CONTROLS,CLEAR,DAYLIGHT,PARKED MOTOR VEHICLE,PARKING LOT,STRAIGHT AND LEVEL,DRY,NO DEFECTS,NO INJURY / DRIVE AWAY,"$501 - $1,500",IMPROPER BACKING,NOT APPLICABLE,5601,S,HARLEM AVE,2,NO INDICATION OF INJURY,0.0,0.0,0.0,0.0,0.0,4.0,0.0,14,1,3
001339be9d4bad5f87eccd13f23f09cd1ae7dfee652af03b5bd468f1c386dd4b3264402439b92fbce05fdf8d4a433fd8ed9eb38bd520dfe236b5dfdfa0b53a93,2019-08-17 03:25:00,30,TRAFFIC SIGNAL,FUNCTIONING PROPERLY,CLEAR,"DARKNESS, LIGHTED ROAD",REAR END,NOT DIVIDED,STRAIGHT AND LEVEL,DRY,NO DEFECTS,INJURY AND / OR TOW DUE TO CRASH,"OVER $1,500",FAILING TO REDUCE SPEED TO AVOID CRASH,UNABLE TO DETERMINE,7101,S,WESTERN AVE,2,NO INDICATION OF INJURY,0.0,0.0,0.0,0.0,0.0,3.0,0.0,3,7,8
24520728fdfb8855d7bd2eceb4425ea748212c390d147dbe557530f97eae0061c7ba2d6591c21aa14733bbfcb02a1fb5ae7cecf3da9c02b6c7c24159a3a521ae,2021-01-16 16:45:00,30,TRAFFIC SIGNAL,FUNCTIONING PROPERLY,SLEET/HAIL,DAWN,FIXED OBJECT,DIVIDED - W/MEDIAN BARRIER,STRAIGHT ON GRADE,SNOW OR SLUSH,NO DEFECTS,NO INJURY / DRIVE AWAY,"$501 - $1,500",UNABLE TO DETERMINE,UNABLE TO DETERMINE,150,N,LAKE SHORE DR SB,1,NO INDICATION OF INJURY,0.0,0.0,0.0,0.0,0.0,1.0,0.0,16,7,1
1eb43db69b719274cf81b699075f94f35326260b2f7370bcb5c5325ce7943062f51df8329d8caf97deaeb2e76b3a7ae4d718d89cb4a65b8f6cffb7b40bfebd7f,2019-07-06 11:00:00,35,TRAFFIC SIGNAL,FUNCTIONING PROPERLY,CLEAR,DAYLIGHT,ANGLE,FOUR WAY,STRAIGHT AND LEVEL,UNKNOWN,UNKNOWN,INJURY AND / OR TOW DUE TO CRASH,"OVER $1,500",DISREGARDING TRAFFIC SIGNALS,DISREGARDING TRAFFIC SIGNALS,7600,S,STONY ISLAND AVE,3,NONINCAPACITATING INJURY,2.0,0.0,0.0,2.0,0.0,2.0,0.0,11,7,7
800c3ad78664b4339679a753fa28a276311e79e373073318a38cb3c6c641d36563a226c57c35b84be269f93b087fef6b77873ccf34f076a425dde8d64827844b,2020-10-31 09:00:00,20,NO CONTROLS,NO CONTROLS,UNKNOWN,UNKNOWN,PARKED MOTOR VEHICLE,ONE-WAY,STRAIGHT AND LEVEL,UNKNOWN,NO DEFECTS,NO INJURY / DRIVE AWAY,"OVER $1,500",UNABLE TO DETERMINE,NOT APPLICABLE,6502,S,HOMAN AVE,2,NO INDICATION OF INJURY,0.0,0.0,0.0,0.0,0.0,1.0,0.0,9,7,10
859821fd4a5c11b6a0758f65cb3d6d6fcd333190fb047edf09853c98191b2424c5f7971ead63460384ae98d86379cc9ece276cf44e09bd921cdac924eba639e5,2024-02-17 12:38:00,25,TRAFFIC SIGNAL,FUNCTIONING PROPERLY,CLEAR,DAYLIGHT,REAR TO FRONT,FOUR WAY,STRAIGHT AND LEVEL,DRY,NO DEFECTS,NO INJURY / DRIVE AWAY,"OVER $1,500",IMPROPER BACKING,NOT APPLICABLE,200,E,CHICAGO AVE,2,NO INDICATION OF INJURY,0.0,0.0,0.0,0.0,0.0,2.0,0.0,12,7,2
34e7d3a8e11e03a0388c6b56844a58a075152e9219fc9628b176bc6bd806ad44ea0d4001c90a869f966b17c6a3412e016730f431e30f2848b95ed1ad998c6c1a,2019-10-09 14:40:00,15,NO CONTROLS,NO CONTROLS,CLEAR,DAYLIGHT,SIDESWIPE SAME DIRECTION,DIVIDED - W/MEDIAN (NOT RAISED),STRAIGHT AND LEVEL,DRY,NO DEFECTS,NO INJURY / DRIVE AWAY,"$501 - $1,500",UNABLE TO DETERMINE,UNABLE TO DETERMINE,3541,N,HOYNE AVE,2,NO INDICATION OF INJURY,0.0,0.0,0.0,0.0,0.0,2.0,0.0,14,4,10
a41b25660fcbe1e6a6cfe8134cc054eaec2aa0d037739229b42e8430060ce1a7d251b2ffb046fdd1f137345374f369fa6453f54066f907beb89e0b6b3aa65e4c,2024-02-04 15:04:00,25,UNKNOWN,UNKNOWN,UNKNOWN,UNKNOWN,REAR END,ONE-WAY,STRAIGHT AND LEVEL,UNKNOWN,UNKNOWN,NO INJURY / DRIVE AWAY,$500 OR LESS,DRIVING SKILLS/KNOWLEDGE/EXPERIENCE,FOLLOWING TOO CLOSELY,26,N,WABASH AVE,2,NO INDICATION OF INJURY,0.0,0.0,0.0,0.0,0.0,2.0,0.0,15,1,2
1dae9a6635ffc99f2b342dcc162941b9c2b6402eeb1af0668e42c48f29a31e6560f2d93f710ead0635e57b4f9b0a14c10c7781124fb6ec236a181cd48b7e64c9,2020-09-15 15:00:00,30,NO CONTROLS,NO CONTROLS,UNKNOWN,UNKNOWN,PARKED MOTOR VEHICLE,NOT DIVIDED,STRAIGHT AND LEVEL,UNKNOWN,NO DEFECTS,NO INJURY / DRIVE AWAY,"$501 - $1,500",UNABLE TO DETERMINE,NOT APPLICABLE,1607,W,WRIGHTWOOD AVE,2,NO INDICATION OF INJURY,0.0,0.0,0.0,0.0,0.0,1.0,0.0,15,3,9
9092cc08049c512279ad2c5c6d836f2ff0f8bcd31d523b26183f45fa1045715ab9c9b58c5c88017ad79da3d8a25e370fb0c38478f430058a3abe982c42db9a8f,2023-02-12 23:30:00,30,NO CONTROLS,NO CONTROLS,CLEAR,DARKNESS,OTHER OBJECT,ONE-WAY,STRAIGHT AND LEVEL,DRY,UNKNOWN,NO INJURY / DRIVE AWAY,$500 OR LESS,UNABLE TO DETERMINE,NOT APPLICABLE,3000,N,SPAULDING AVE,1,NO INDICATION OF INJURY,0.0,0.0,0.0,0.0,0.0,1.0,0.0,23,1,2
3babebd0e254ec8cda96238dd8d3e1d9d13b953cf6bc935748863710f055b5e1baaa294f790b00afd20b96e885bd04b4c6451fb761c0472a8f27c1cc75f59a4f,2020-07-07 23:20:00,30,NO CONTROLS,NO CONTROLS,RAIN,"DARKNESS, LIGHTED ROAD",PARKED MOTOR VEHICLE,DIVIDED - W/MEDIAN (NOT RAISED),STRAIGHT AND LEVEL,WET,NO DEFECTS,NO INJURY / DRIVE AWAY,"$501 - $1,500",IMPROPER BACKING,UNABLE TO DETERMINE,2145,S,PULASKI RD,2,NO INDICATION OF INJURY,0.0,0.0,0.0,0.0,0.0,3.0,0.0,23,3,7
fbece5409709fede0627bf0609b8d727be426acd3821f605cbf39c3d5a2622cdbf32c98a8e9ee1bcbf6546dbc6d1aa8f4f07c269d9d7ea6a6379ff7cf35ab029,2018-04-16 13:00:00,30,NO CONTROLS,NO CONTROLS,SNOW,DAYLIGHT,PARKED MOTOR VEHICLE,NOT DIVIDED,STRAIGHT AND LEVEL,WET,NO DEFECTS,NO INJURY / DRIVE AWAY,"$501 - $1,500",NOT APPLICABLE,NOT APPLICABLE,5917,N,BROADWAY,2,NO INDICATION OF INJURY,0.0,0.0,0.0,0.0,0.0,1.0,0.0,13,2,4
7fcc6e3fb076fbf9acc21229abde11dc8e398b4807853414efba7241a4b8f14f15f4c3889933abf8b28f94beefa2c99e1a4db621cf669e7abd32b72339ecee3c,2016-12-19 08:00:00,30,NO CONTROLS,NO CONTROLS,CLEAR,DAYLIGHT,PARKED MOTOR VEHICLE,NOT DIVIDED,STRAIGHT AND LEVEL,ICE,NO DEFECTS,NO INJURY / DRIVE AWAY,"$501 - $1,500",FAILING TO YIELD RIGHT-OF-WAY,IMPROPER OVERTAKING/PASSING,3413,N,KEELER AVE,2,NO INDICATION OF INJURY,0.0,0.0,0.0,0.0,0.0,1.0,0.0,8,2,12
880be853a4a22beae8186f224c3870baac81daeba15f4302f9b47f7e1d193a239ca3f4d0d2de872da83ba0b4539e494b50401fac5f49960ed19d184b5d27a0d6,2022-12-05 15:00:00,30,NO CONTROLS,NO CONTROLS,CLOUDY/OVERCAST,DAYLIGHT,REAR END,NOT DIVIDED,STRAIGHT AND LEVEL,DRY,NO DEFECTS,NO INJURY / DRIVE AWAY,"OVER $1,500",UNABLE TO DETERMINE,UNABLE TO DETERMINE,839,W,95TH ST,2,NO INDICATION OF INJURY,0.0,0.0,0.0,0.0,0.0,2.0,0.0,15,2,12
6510665b5356b40495a4fe554376579ef8f967cda665746e67db1fcecbb028d8430df4703ea8679fa55adfcc6fe5dea0d1056a03c6a7dcb033c7e19660a0fe3f,2023-05-20 10:15:00,30,NO CONTROLS,NO CONTROLS,CLEAR,DAYLIGHT,ANGLE,NOT DIVIDED,STRAIGHT AND LEVEL,DRY,NO DEFECTS,NO INJURY / DRIVE AWAY,"OVER $1,500",UNABLE TO DETERMINE,NOT APPLICABLE,5267,W,NORTH AVE,2,NO INDICATION OF INJURY,0.0,0.0,0.0,0.0,0.0,2.0,0.0,10,7,5
0ed47cee958f602d2ebb3ccee01997c312f3cbcaf76a920f8e3b176c79a15e201772f72b14a615aa1cff0bab134b8fcab56cc3e0b1e33ca807b6f900576aee4a,2022-03-16 15:45:00,25,STOP SIGN/FLASHER,FUNCTIONING PROPERLY,CLEAR,DAYLIGHT,PARKED MOTOR VEHICLE,NOT DIVIDED,STRAIGHT AND LEVEL,DRY,NO DEFECTS,NO INJURY / DRIVE AWAY,"OVER $1,500",UNABLE TO DETERMINE,NOT APPLICABLE,4759,S,ELLIS AVE,3,NO INDICATION OF INJURY,0.0,0.0,0.0,0.0,0.0,1.0,0.0,15,4,3
683d7107d6f21c3864a324d8fb08898a37ec28ae846c5cce7316db8304fda25b14f4d1ea619dc0838fe9d6d1f571692fa6b2fa240dc88f10f1d7ca219b57fc76,2022-11-13 16:20:00,30,NO CONTROLS,NO CONTROLS,CLEAR,DUSK,PARKED MOTOR VEHICLE,NOT DIVIDED,STRAIGHT AND LEVEL,DRY,NO DEFECTS,NO INJURY / DRIVE AWAY,"$501 - $1,500",FOLLOWING TOO CLOSELY,IMPROPER LANE USAGE,206,W,VAN BUREN ST,2,NO INDICATION OF INJURY,0.0,0.0,0.0,0.0,0.0,2.0,0.0,16,1,11
6aec9890267ac57cd427551b8304d5a94d20fcad203033a3f9de1ffe6aa1932878ca919656a8ff74ee85615e4944dba76b63af8be9a713200edde94cbc90210e,2016-08-06 14:00:00,30,NO CONTROLS,NO CONTROLS,CLEAR,DAYLIGHT,PARKED MOTOR VEHICLE,ONE-WAY,STRAIGHT AND LEVEL,DRY,NO DEFECTS,NO INJURY / DRIVE AWAY,"$501 - $1,500",UNABLE TO DETERMINE,UNABLE TO DETERMINE,2704,N,ORCHARD ST,2,NO INDICATION OF INJURY,0.0,0.0,0.0,0.0,0.0,1.0,0.0,14,7,8
fd092b735b11b081ee783a4fe39267f63c5b805cfd1b5283ffd7caaa253f5156f614d29329a758f5bd4731ba2109eeaee5b33c5bc5ca43bbf7955650f2e55554,2020-07-14 09:08:00,30,TRAFFIC SIGNAL,FUNCTIONING PROPERLY,CLEAR,DAYLIGHT,SIDESWIPE SAME DIRECTION,FOUR WAY,STRAIGHT AND LEVEL,DRY,NO DEFECTS,NO INJURY / DRIVE AWAY,$500 OR LESS,IMPROPER OVERTAKING/PASSING,NOT APPLICABLE,800,E,87TH ST,2,NO INDICATION OF INJURY,0.0,0.0,0.0,0.0,0.0,2.0,0.0,9,3,7
97b59ed31c97e8f10fb85def32a4f0106427ca9aa77307894c00e27d0814531b7129529659711fcbe69d5a41141de7f0028466f66c9b2468ef6c436093908cdd,2021-11-12 14:30:00,30,TRAFFIC SIGNAL,UNKNOWN,UNKNOWN,UNKNOWN,SIDESWIPE SAME DIRECTION,UNKNOWN INTERSECTION TYPE,STRAIGHT AND LEVEL,UNKNOWN,UNKNOWN,NO INJURY / DRIVE AWAY,"$501 - $1,500",UNABLE TO DETERMINE,UNABLE TO DETERMINE,2367,W,LOGAN BLVD,2,NO INDICATION OF INJURY,0.0,0.0,0.0,0.0,0.0,2.0,0.0,14,6,11
41267d8fc645801810a7adbb81afc1558dd650b41ec6574ef4d699ddba83a1ab4c867c588da5682657e24fa1dc75e1763d9af7372c57c1daba82f4bcfc029195,2023-05-29 19:30:00,10,OTHER,FUNCTIONING PROPERLY,CLEAR,DAYLIGHT,PARKED MOTOR VEHICLE,PARKING LOT,STRAIGHT AND LEVEL,DRY,NO DEFECTS,INJURY AND / OR TOW DUE TO CRASH,"OVER $1,500",FAILING TO REDUCE SPEED TO AVOID CRASH,PHYSICAL CONDITION OF DRIVER,1,W,PARKING LOT G ST,7,NONINCAPACITATING INJURY,3.0,0.0,0.0,3.0,0.0,1.0,0.0,19,2,5
e59556473482b74afa924de8a8217c331f7e8acb861c7690cfaf42362c710c6513d2ce08f8bf1478ac675c40f100a98e5a506a3f5849a3352c1bd8311a096d5e,2017-09-29 18:25:00,25,STOP SIGN/FLASHER,FUNCTIONING PROPERLY,CLEAR,DAYLIGHT,TURNING,ONE-WAY,STRAIGHT AND LEVEL,DRY,NO DEFECTS,NO INJURY / DRIVE AWAY,"$501 - $1,500",UNABLE TO DETERMINE,UNABLE TO DETERMINE,4199,W,58TH PL,2,NO INDICATION OF INJURY,0.0,0.0,0.0,0.0,0.0,2.0,0.0,18,6,9
cad4c9866bb6668f08e587f6ab209c3ea11026f513d7a2701925e91238e8514383bee58bb986db60ac888c7401e829bcf898fcf43e7afc17927f6822d225a024,2015-09-18 06:00:00,30,UNKNOWN,UNKNOWN,CLEAR,UNKNOWN,TURNING,DIVIDED - W/MEDIAN (NOT RAISED),STRAIGHT AND LEVEL,WET,NO DEFECTS,NO INJURY / DRIVE AWAY,"$501 - $1,500",FAILING TO YIELD RIGHT-OF-WAY,NOT APPLICABLE,7400,W,BELMONT AVE,2,NO INDICATION OF INJURY,0.0,0.0,0.0,0.0,0.0,2.0,0.0,6,6,9
88189a70e5c7fd20add83857477babf242bce8ba346136734884818a42766ebbef79d97599f7ba6532c035eafb3f4af84fbae33a5bba686346d68ede897e03e3,2019-06-15 17:45:00,30,TRAFFIC SIGNAL,FUNCTIONING PROPERLY,RAIN,DAYLIGHT,REAR END,NOT DIVIDED,STRAIGHT AND LEVEL,WET,NO DEFECTS,INJURY AND / OR TOW DUE TO CRASH,"OVER $1,500",FOLLOWING TOO CLOSELY,NOT APPLICABLE,4346,W,NORTH AVE,3,INCAPACITATING INJURY,1.0,0.0,1.0,0.0,0.0,2.0,0.0,17,7,6