CRASH_RECORD_ID,CRASH_DATE,POSTED_SPEED_LIMIT,TRAFFIC_CONTROL_DEVICE,DEVICE_CONDITION,WEATHER_CONDITION,LIGHTING_CONDITION,FIRST_CRASH_TYPE,TRAFFICWAY_TYPE,ALIGNMENT,ROADWAY_SURFACE_COND,ROAD_DEFECT,CRASH_TYPE,DAMAGE,PRIM_CONTRIBUTORY_CAUSE,SEC_CONTRIBUTORY_CAUSE,STREET_NO,STREET_DIRECTION,STREET_NAME,NUM_UNITS,MOST_SEVERE_INJURY,INJURIES_TOTAL,INJURIES_FATAL,INJURIES_INCAPACITATING,INJURIES_NON_INCAPACITATING,INJURIES_REPORTED_NOT_EVIDENT,INJURIES_NO_INDICATION,INJURIES_UNKNOWN,CRASH_HOUR,CRASH_DAY_OF_WEEK,CRASH_MONTH
1b98fde169c462948684b3f1f88098e5b3bcbd05feb9a59877ea6c20b7dc68d1073d366181d8f426472b6f08d4b1a93807dcea727abe7a7917ff4c813579d98f,2017-05-17 07:15:00,30,NO CONTROLS,NO CONTROLS,CLEAR,DAYLIGHT,REAR END,PARKING LOT,STRAIGHT AND LEVEL,DRY,NO DEFECTS,NO INJURY / DRIVE AWAY,"$501 - $1,500",FAILING TO YIELD RIGHT-OF-WAY,NOT APPLICABLE,6075,N,LINCOLN AVE,2,NO INDICATION OF INJURY,0.0,0.0,0.0,0.0,0.0,2.0,0.0,7,4,5
88f492ed71cdd8b67b32d5f04fbb57ae962349aba87375484ea7cf808c99d51a6601bf44acc880ba6dc1e4620cbe5f90b3f50ec2874143761b6422488098e89d,2019-07-05 20:00:00,30,STOP SIGN/FLASHER,FUNCTIONING PROPERLY,CLEAR,DUSK,PARKED MOTOR VEHICLE,NOT DIVIDED,STRAIGHT AND LEVEL,DRY,NO DEFECTS,NO INJURY / DRIVE AWAY,"OVER $1,500",UNABLE TO DETERMINE,NOT APPLICABLE,398,W,WEBSTER AVE,2,NO INDICATION OF INJURY,0.0,0.0,0.0,0.0,0.0,1.0,0.0,20,6,7
9fbe51092f40aaccd754f1e2d19dcbc8d15a94acf34de5aeb007c7335e00ea5001b3f0bfa4cd9b1b045a529a710bd2d71ee33388f254d58bad5eec6d72cf8d39,2019-09-12 20:00:00,30,UNKNOWN,UNKNOWN,CLEAR,DUSK,PARKED MOTOR VEHICLE,NOT DIVIDED,STRAIGHT AND LEVEL,DRY,NO DEFECTS,NO INJURY / DRIVE AWAY,"OVER $1,500",UNABLE TO DETERMINE,NOT APPLICABLE,5722,N,ROGERS AVE,2,NO INDICATION OF INJURY,0.0,0.0,0.0,0.0,0.0,1.0,0.0,20,5,9
315e0346b78115b709909cd89b66cdc11070508f713caeb94001ce9ea4a11bbc7c28910852a8af95e36e323b83ab83952a803f53b518b9fe303c2303d9b11d10,2023-03-29 05:14:00,30,NO CONTROLS,NO CONTROLS,CLEAR,"DARKNESS, LIGHTED ROAD",SIDESWIPE SAME DIRECTION,NOT DIVIDED,STRAIGHT AND LEVEL,DRY,NO DEFECTS,INJURY AND / OR TOW DUE TO CRASH,"OVER $1,500",UNABLE TO DETERMINE,NOT APPLICABLE,2900,W,59TH ST,3,NO INDICATION OF INJURY,0.0,0.0,0.0,0.0,0.0,2.0,0.0,5,4,3
62f4f89e9bdaff021a0d772543974a5009a11739e593ef60ada4b0d6452b86fcc62c4c165c4835158ecef1f49143c0324ed376d232fcfa1e1592b1cff790a0ff,2022-11-12 17:35:00,30,STOP SIGN/FLASHER,NO CONTROLS,CLEAR,DARKNESS,REAR END,ONE-WAY,STRAIGHT AND LEVEL,DRY,NO DEFECTS,NO INJURY / DRIVE AWAY,$500 OR LESS,FOLLOWING TOO CLOSELY,FAILING TO REDUCE SPEED TO AVOID CRASH,3164,W,POPE JOHN PAUL II DR,2,NO INDICATION OF INJURY,0.0,0.0,0.0,0.0,0.0,2.0,0.0,17,7,11
7069e1b6db305f9184195bf62bb28e0fae3444b803bb0316f5a5742ee3246a616e4e048a92200a51f0bdc4582ecdbceab332a48e6c7f5e3178fa2d5d64f38876,2019-08-18 07:11:00,30,TRAFFIC SIGNAL,FUNCTIONING IMPROPERLY,RAIN,DAWN,ANGLE,CENTER TURN LANE,STRAIGHT AND LEVEL,WET,NO DEFECTS,INJURY AND / OR TOW DUE TO CRASH,"$501 - $1,500",DISREGARDING TRAFFIC SIGNALS,NOT APPLICABLE,2399,W,VAN BUREN ST,2,NO INDICATION OF INJURY,0.0,0.0,0.0,0.0,0.0,2.0,0.0,7,1,8
e07b3e21b9f971080ddf8a11eb918fc9df56d3472b270df748d3545f6d4919a62f65a28c5b116e6f8c8bdb817b44e8640cf5f76745b4ff96846fb2dca50c5675,2021-03-15 13:00:00,30,TRAFFIC SIGNAL,FUNCTIONING PROPERLY,SNOW,DAYLIGHT,TURNING,DIVIDED - W/MEDIAN BARRIER,STRAIGHT ON GRADE,SNOW OR SLUSH,NO DEFECTS,INJURY AND / OR TOW DUE TO CRASH,"OVER $1,500",WEATHER,NOT APPLICABLE,3101,S,DAMEN AVE,2,NO INDICATION OF INJURY,0.0,0.0,0.0,0.0,0.0,2.0,0.0,13,2,3
094f94db3746d5326cfa6458ddb2387d422302ceb5f6776ec3917c01767ebeba2a30c814d2c9a7967c1dff74e1cf8617b3ca9275844d8c56bcaad9acbf58a305,2023-08-20 21:50:00,35,TRAFFIC SIGNAL,FUNCTIONING PROPERLY,CLEAR,"DARKNESS, LIGHTED ROAD",REAR END,DIVIDED - W/MEDIAN (NOT RAISED),STRAIGHT AND LEVEL,DRY,NO DEFECTS,INJURY AND / OR TOW DUE TO CRASH,"$501 - $1,500",FOLLOWING TOO CLOSELY,FAILING TO REDUCE SPEED TO AVOID CRASH,5211,S,CICERO AVE,2,INCAPACITATING INJURY,1.0,0.0,1.0,0.0,0.0,1.0,0.0,21,1,8
928c83e5f4b486ac54cb6cdd13c0f125c88d39d4fd04e45bed63794f0f2f9201eac62ad2ca7936458b281cece1db44294bbe64e24fb49ef96669818187bf5b43,2020-02-28 15:54:00,40,NO CONTROLS,NO CONTROLS,CLEAR,DAYLIGHT,PARKED MOTOR VEHICLE,PARKING LOT,STRAIGHT AND LEVEL,DRY,NO DEFECTS,NO INJURY / DRIVE AWAY,$500 OR LESS,IMPROPER BACKING,NOT APPLICABLE,8205,S,PULASKI RD,2,NO INDICATION OF INJURY,0.0,0.0,0.0,0.0,0.0,1.0,0.0,15,6,2
a4c0d9ca3fcab0731e94c70c4892f5b9ab45371ca80b185639fe735398b062d65098ece3cdd6fbaec33a5110bb882e1fb6fb4d415749bdf75c35594d74cf1c52,2020-12-29 12:57:00,25,STOP SIGN/FLASHER,FUNCTIONING PROPERLY,CLEAR,DAYLIGHT,PARKED MOTOR VEHICLE,NOT DIVIDED,STRAIGHT AND LEVEL,DRY,NO DEFECTS,NO INJURY / DRIVE AWAY,"OVER $1,500",UNABLE TO DETERMINE,UNABLE TO DETERMINE,2802,S,HILLOCK AVE,2,NO INDICATION OF INJURY,0.0,0.0,0.0,0.0,0.0,1.0,0.0,12,3,12
42e280eb0dfd7bd9c88ff71e7f0fd0d54a4cad66fc432f36001d3e83360af0f18e372fae8c99e6b6061680222e7989593a61db9f8a35e62fe8a2f2421b45ba81,2021-02-03 06:00:00,20,NO CONTROLS,NO CONTROLS,SNOW,"DARKNESS, LIGHTED ROAD",PARKED MOTOR VEHICLE,NOT DIVIDED,STRAIGHT AND LEVEL,SNOW OR SLUSH,NO DEFECTS,NO INJURY / DRIVE AWAY,"OVER $1,500",UNABLE TO DETERMINE,UNABLE TO DETERMINE,5420,S,KENNETH AVE,2,NO INDICATION OF INJURY,0.0,0.0,0.0,0.0,0.0,1.0,0.0,6,4,2
632bd9266eea2c01d5fb4d9849e0b1c61904f7a345cc215186fe2afb19fb18dd0bf8e41df84e998e55a9c9611e779d3072b6bd03a7e8f779ddc6dcf3129df63f,2019-07-12 20:30:00,20,NO CONTROLS,NO CONTROLS,CLEAR,DAYLIGHT,PARKED MOTOR VEHICLE,ONE-WAY,STRAIGHT AND LEVEL,UNKNOWN,UNKNOWN,NO INJURY / DRIVE AWAY,"$501 - $1,500",UNABLE TO DETERMINE,NOT APPLICABLE,1510,S,MILLARD AVE,2,NO INDICATION OF INJURY,0.0,0.0,0.0,0.0,0.0,1.0,0.0,20,6,7
315242846fde238b096cbf57fc159825187b9b2fedd3e6c50c67cdca69e34f5f4003ca3aa5b12420ef4e77aef9b26fb9e30e7e161d9ce3ab4f6f38d238a6fd73,2024-03-07 09:00:00,35,NO CONTROLS,NO CONTROLS,CLEAR,DAYLIGHT,SIDESWIPE SAME DIRECTION,DIVIDED - W/MEDIAN BARRIER,STRAIGHT AND LEVEL,DRY,NO DEFECTS,NO INJURY / DRIVE AWAY,"OVER $1,500",IMPROPER LANE USAGE,DRIVING SKILLS/KNOWLEDGE/EXPERIENCE,2315,W,GARFIELD BLVD,2,NO INDICATION OF INJURY,0.0,0.0,0.0,0.0,0.0,2.0,0.0,9,5,3
5420b3a1cd0dd4b007fe3ed5b6ffd1600569bc14da4f55145f989c677dc57051db8e803279f4b4240d17e1ed05eaf477019744665b705827bc431a60e8bd4c2d,2018-02-18 00:35:00,30,NO CONTROLS,NO CONTROLS,SNOW,"DARKNESS, LIGHTED ROAD",FIXED OBJECT,NOT DIVIDED,STRAIGHT AND LEVEL,ICE,NO DEFECTS,INJURY AND / OR TOW DUE TO CRASH,"OVER $1,500",WEATHER,UNABLE TO DETERMINE,11300,S,PULASKI RD,1,NONINCAPACITATING INJURY,1.0,0.0,0.0,1.0,0.0,0.0,0.0,0,1,2
ec2e9e78d489253d79f3471056831c5c857fbba5199896aaffb3fbb8a558878c4b9ac5d6dd813eaa6841cd181c3874dfb50b83b67c2866ed16881aa91f3e8f68,2020-08-13 07:45:00,30,TRAFFIC SIGNAL,FUNCTIONING PROPERLY,CLEAR,DAYLIGHT,PEDALCYCLIST,NOT DIVIDED,STRAIGHT AND LEVEL,DRY,NO DEFECTS,INJURY AND / OR TOW DUE TO CRASH,"OVER $1,500",FAILING TO YIELD RIGHT-OF-WAY,FAILING TO YIELD RIGHT-OF-WAY,4801,N,PULASKI RD,2,NONINCAPACITATING INJURY,1.0,0.0,0.0,1.0,0.0,1.0,0.0,7,5,8
c417d6d58fa1f4aea160ca20e96cd7524887d99dacbc462d5a4b397134d4a908435bd9c842f43dde60c2d827d59da3e34f901a24b02e3ccc8ebb781781719052,2018-11-01 07:45:00,35,NO CONTROLS,NO CONTROLS,CLEAR,DAYLIGHT,SIDESWIPE SAME DIRECTION,NOT DIVIDED,STRAIGHT AND LEVEL,DRY,NO DEFECTS,NO INJURY / DRIVE AWAY,"$501 - $1,500",UNABLE TO DETERMINE,UNABLE TO DETERMINE,4659,S,PULASKI RD,2,NO INDICATION OF INJURY,0.0,0.0,0.0,0.0,0.0,2.0,0.0,7,5,11
7b76e0df2c3b202c082f140fb877db1a08cb12e593339a060e14940f0ac18a142454fbdffd654201a0ed3f10484e2a596286b3ee69fd4d4938aadcf8fbc312c4,2020-07-16 12:15:00,20,NO CONTROLS,NO CONTROLS,CLEAR,DAYLIGHT,REAR TO SIDE,PARKING LOT,STRAIGHT AND LEVEL,DRY,NO DEFECTS,NO INJURY / DRIVE AWAY,"$501 - $1,500",DISTRACTION - FROM INSIDE VEHICLE,NOT APPLICABLE,1999,E,71ST ST,2,NO INDICATION OF INJURY,0.0,0.0,0.0,0.0,0.0,2.0,0.0,12,5,7
42aa84d797d62e6bbd494b0c5f46e54fb2193efa3b9686a0d807b912b62b23cf1d797f223f2cd7a56fc385dc5a4f992a86e34864849a36b9d8dd5da5084eb833,2023-07-04 08:36:00,30,TRAFFIC SIGNAL,FUNCTIONING PROPERLY,CLEAR,DAYLIGHT,ANGLE,FOUR WAY,STRAIGHT AND LEVEL,DRY,NO DEFECTS,INJURY AND / OR TOW DUE TO CRASH,"OVER $1,500",DISREGARDING TRAFFIC SIGNALS,DISTRACTION - FROM INSIDE VEHICLE,636,W,MADISON ST,2,NO INDICATION OF INJURY,0.0,0.0,0.0,0.0,0.0,3.0,0.0,8,3,7
de37159ee08d27d19de511530c67c41a54497d0f733203a995a7bca95e04347bd5f34452adbfd423e761d0dafdbf6054773f9afa55b997c51ff14fc400a8f78c,2021-09-18 15:00:00,30,NO CONTROLS,NO CONTROLS,CLEAR,DAYLIGHT,REAR TO FRONT,ONE-WAY,STRAIGHT AND LEVEL,DRY,NO DEFECTS,NO INJURY / DRIVE AWAY,$500 OR LESS,IMPROPER BACKING,NOT APPLICABLE,6700,S,SANGAMON ST,2,NO INDICATION OF INJURY,0.0,0.0,0.0,0.0,0.0,2.0,0.0,15,7,9
b74124948f63daf7d3be4fe4bac726b4fae2d49b930f702c2db2f91a1d1a44d514c8afdd1e1ada72f0a0911102cebe8a236a2da9a991398c16e619d6f6b36169,2022-01-26 12:30:00,30,NO CONTROLS,NO CONTROLS,CLEAR,DAYLIGHT,TURNING,NOT DIVIDED,STRAIGHT AND LEVEL,DRY,NO DEFECTS,NO INJURY / DRIVE AWAY,"OVER $1,500",IMPROPER TURNING/NO SIGNAL,NOT APPLICABLE,6600,S,MARQUETTE RD,2,NO INDICATION OF INJURY,0.0,0.0,0.0,0.0,0.0,2.0,0.0,12,4,1
f1a1a37458564244e4b0ab85bc94ad87dbb2b53e0c4e9bd4d41e26999f7366af713ae68e2ac1dc190b95b288c514093b50fd3db27598f12fcae408721d5908b2,2021-01-08 11:24:00,30,TRAFFIC SIGNAL,FUNCTIONING PROPERLY,CLEAR,DAYLIGHT,TURNING,NOT DIVIDED,STRAIGHT AND LEVEL,DRY,NO DEFECTS,INJURY AND / OR TOW DUE TO CRASH,"OVER $1,500",FAILING TO REDUCE SPEED TO AVOID CRASH,DRIVING SKILLS/KNOWLEDGE/EXPERIENCE,2800,N,SHEFFIELD AVE,2,NO INDICATION OF INJURY,0.0,0.0,0.0,0.0,0.0,2.0,0.0,11,6,1
2ce557768f06a1998437818b6f2f8143ec238991f1c10879b086818e9252819aacad03a5146284a0a71b6115edece86b9e6f95c3232439bce186e817895af565,2018-02-20 12:30:00,30,NO CONTROLS,NO CONTROLS,CLEAR,DAYLIGHT,REAR END,ONE-WAY,STRAIGHT AND LEVEL,DRY,NO DEFECTS,NO INJURY / DRIVE AWAY,$500 OR LESS,FOLLOWING TOO CLOSELY,NOT APPLICABLE,505,E,ILLINOIS ST,2,NO INDICATION OF INJURY,0.0,0.0,0.0,0.0,0.0,2.0,0.0,12,3,2
e9bcae762914d1c08fbc86e6ea07ccbeef47d649766f5706eada6ef558923a23bb9f3de38d608bb26063a2d5cb15714cb2c4df224515dd7e17fedb6dff105a62,2017-09-12 23:55:00,35,NO CONTROLS,NO CONTROLS,CLEAR,"DARKNESS, LIGHTED ROAD",PARKED MOTOR VEHICLE,NOT DIVIDED,STRAIGHT AND LEVEL,DRY,NO DEFECTS,INJURY AND / OR TOW DUE TO CRASH,"OVER $1,500",DRIVING ON WRONG SIDE/WRONG WAY,UNABLE TO DETERMINE,4703,W,JACKSON BLVD,5,INCAPACITATING INJURY,1.0,0.0,1.0,0.0,0.0,0.0,0.0,23,3,9
8463463fcdd9c3f754c9f8143d8893ee1fdf8508ed90eca4f4e2f64d399ef284387e277519595cccac129b8b5ad206876020a1bafc056fe03adbcaa2c202dacd,2023-09-16 08:50:00,30,TRAFFIC SIGNAL,FUNCTIONING PROPERLY,CLOUDY/OVERCAST,DAYLIGHT,REAR END,DIVIDED - W/MEDIAN (NOT RAISED),STRAIGHT AND LEVEL,DRY,NO DEFECTS,NO INJURY / DRIVE AWAY,"OVER $1,500",FOLLOWING TOO CLOSELY,FOLLOWING TOO CLOSELY,2400,W,59TH ST,2,NO INDICATION OF INJURY,0.0,0.0,0.0,0.0,0.0,2.0,0.0,8,7,9
86915f160368e5e57caa984534ee2635105d8809b6ab2eb9afb9530dfd07f3284c8473a5344ab0fb6802cba9130467432397e9c72ee5011ea170786d60b7d177,2017-11-04 22:58:00,30,NO CONTROLS,NO CONTROLS,FOG/SMOKE/HAZE,"DARKNESS, LIGHTED ROAD",TURNING,NOT DIVIDED,STRAIGHT AND LEVEL,WET,UNKNOWN,INJURY AND / OR TOW DUE TO CRASH,"OVER $1,500",EXCEEDING SAFE SPEED FOR CONDITIONS,FAILING TO REDUCE SPEED TO AVOID CRASH,4805,N,LIPPS AVE,2,NO INDICATION OF INJURY,0.0,0.0,0.0,0.0,0.0,2.0,0.0,22,7,11
039cf2266e4459ee982df1ee42337ef08e94da14964e2d458046d34ffec26a2e74882974a4a35910006d7cf432c01395a93aafdb2d67704605c11b0482167de5,2023-02-06 17:45:00,30,TRAFFIC SIGNAL,FUNCTIONING PROPERLY,CLEAR,DARKNESS,REAR END,DIVIDED - W/MEDIAN (NOT RAISED),STRAIGHT AND LEVEL,DRY,NO DEFECTS,NO INJURY / DRIVE AWAY,"$501 - $1,500",UNABLE TO DETERMINE,NOT APPLICABLE,7201,W,BELMONT AVE,2,NO INDICATION OF INJURY,0.0,0.0,0.0,0.0,0.0,2.0,0.0,17,2,2
c14d1a45cf06b28c57406b7c2ebc632ff03b2657048bde1ec5da9c4c6023d3bcd0ed2f0db6eece6371c2366ab35e1527c10593d4b9d195ee744dcead249ee689,2021-10-08 06:35:00,30,TRAFFIC SIGNAL,FUNCTIONING PROPERLY,CLEAR,DAWN,TURNING,FOUR WAY,STRAIGHT AND LEVEL,WET,WORN SURFACE,INJURY AND / OR TOW DUE TO CRASH,"OVER $1,500",UNABLE TO DETERMINE,UNABLE TO DETERMINE,5100,S,HALSTED ST,2,NONINCAPACITATING INJURY,2.0,0.0,0.0,2.0,0.0,3.0,0.0,6,6,10
238733785643b58d8c5b7327eea8d2f8b22f9a0fb38b074b39c775199638b0cf70ab2549d7de4e294e9fc49677b2aaee208c9c0be916923c1d0ea4eaf16d470f,2020-12-31 09:00:00,30,TRAFFIC SIGNAL,FUNCTIONING PROPERLY,CLEAR,DAYLIGHT,SIDESWIPE SAME DIRECTION,NOT DIVIDED,STRAIGHT AND LEVEL,DRY,NO DEFECTS,NO INJURY / DRIVE AWAY,"$501 - $1,500",IMPROPER LANE USAGE,NOT APPLICABLE,7058,S,WESTERN AVE,2,NO INDICATION OF INJURY,0.0,0.0,0.0,0.0,0.0,2.0,0.0,9,5,12
31ecca450eb9bf0596604eac34a933a9ab503cb64ef590cc686441eb87b921c60d4ad6c32a568a3d44da6ce5a500b17112438dc1dd69120322a64e886a497935,2017-07-21 13:15:00,30,STOP SIGN/FLASHER,FUNCTIONING PROPERLY,CLEAR,DAYLIGHT,ANGLE,ONE-WAY,STRAIGHT AND LEVEL,DRY,NO DEFECTS,NO INJURY / DRIVE AWAY,$500 OR LESS,FAILING TO YIELD RIGHT-OF-WAY,DISREGARDING STOP SIGN,837,W,GRAND AVE,2,NO INDICATION OF INJURY,0.0,0.0,0.0,0.0,0.0,2.0,0.0,13,6,7
dc1cf6cb74f98c5a5e98b6dfc89419259aa5008dae6777cdfc2a3b09216a65cb24235dd1dda2c306aebd67904577049537cb67c97d7aaa408c82bfe06d473c3a,2024-01-15 12:10:00,30,NO CONTROLS,NO CONTROLS,CLEAR,DAYLIGHT,REAR END,DIVIDED - W/MEDIAN (NOT RAISED),STRAIGHT AND LEVEL,DRY,NO DEFECTS,NO INJURY / DRIVE AWAY,"$501 - $1,500",FOLLOWING TOO CLOSELY,UNABLE TO DETERMINE,501,N,HOMAN AVE,2,NO INDICATION OF INJURY,0.0,0.0,0.0,0.0,0.0,3.0,0.0,12,2,1
610fb811a8fbc61162a33ca43dd841a3325893bdfffd3c9756f900b02caf61ba6b80d8a23476fe604a9b413058876190792ff87c1bf6796d8330f344db9990af,2021-10-24 05:02:00,30,NO CONTROLS,NO CONTROLS,CLEAR,"DARKNESS, LIGHTED ROAD",PARKED MOTOR VEHICLE,NOT DIVIDED,STRAIGHT AND LEVEL,DRY,NO DEFECTS,INJURY AND / OR TOW DUE TO CRASH,"OVER $1,500",FAILING TO REDUCE SPEED TO AVOID CRASH,UNABLE TO DETERMINE,3742,W,AUGUSTA BLVD,3,NO INDICATION OF INJURY,0.0,0.0,0.0,0.0,0.0,1.0,0.0,5,1,10
86f0f38326e2e6741b10af20c0bcf46b2b8692412ae6562bbddd46de217a3c321568ef59a257fdf2978e08d55063d9a3300d3e915c2eaeb3dd014ad74c2103a2,2022-10-21 08:25:00,30,STOP SIGN/FLASHER,FUNCTIONING PROPERLY,CLEAR,DAYLIGHT,ANGLE,FOUR WAY,STRAIGHT AND LEVEL,DRY,NO DEFECTS,INJURY AND / OR TOW DUE TO CRASH,"OVER $1,500",DISREGARDING STOP SIGN,UNABLE TO DETERMINE,8200,S,CARPENTER ST,2,NO INDICATION OF INJURY,0.0,0.0,0.0,0.0,0.0,3.0,0.0,8,6,10
dec78a0433113dd89dc056826e09737978f950fde306a1d1e27b650a55230a835f78216d4ab3c91b5f885cc4f90f1893113bcfa7a9090eae12e7066fae1e5451,2019-03-24 11:30:00,30,NO CONTROLS,NO CONTROLS,CLEAR,DAYLIGHT,REAR END,NOT DIVIDED,STRAIGHT AND LEVEL,DRY,NO DEFECTS,NO INJURY / DRIVE AWAY,$500 OR LESS,FOLLOWING TOO CLOSELY,NOT APPLICABLE,4735,N,PULASKI RD,2,NO INDICATION OF INJURY,0.0,0.0,0.0,0.0,0.0,3.0,0.0,11,1,3
2618db06adfa0d3e75f60e9f71f18dd041225d8337abc9d9af2abe07ceb6634e0d6ad89eb09eb27d8a99537e0c32d37de267a165d62fb56af37fc77654ddafc1,2020-07-24 10:52:00,40,NO CONTROLS,NO CONTROLS,CLEAR,DAYLIGHT,REAR END,DIVIDED - W/MEDIAN BARRIER,STRAIGHT AND LEVEL,DRY,UNKNOWN,INJURY AND / OR TOW DUE TO CRASH,"OVER $1,500",UNABLE TO DETERMINE,UNABLE TO DETERMINE,659,N,LAKE SHORE DR NB,3,NO INDICATION OF INJURY,0.0,0.0,0.0,0.0,0.0,5.0,0.0,10,6,7
43c4eecd0bc49bc96592d23304c4cef86d5cddd03aa5fa1132a4e01bfe9a0fbfb8988e48c867e9db337336bbb10e261a598ce54b3cf9678aa59f3af82eeebb31,2020-11-07 18:09:00,30,NO CONTROLS,NO CONTROLS,CLEAR,DARKNESS,FIXED OBJECT,ONE-WAY,STRAIGHT AND LEVEL,DRY,NO DEFECTS,INJURY AND / OR TOW DUE TO CRASH,"OVER $1,500",NOT APPLICABLE,UNABLE TO DETERMINE,10631,S,PERRY AVE,1,NO INDICATION OF INJURY,0.0,0.0,0.0,0.0,0.0,1.0,0.0,18,7,11
a9f96abc862cacaa9804b8f451b6a47ad1e570d2762ade3387e0d81573d6554d89c5079e0dc55b82b71384dd3c979fec93cb6e31b9adf506bfc883d54f38a1ee,2017-12-09 14:18:00,30,TRAFFIC SIGNAL,FUNCTIONING PROPERLY,SNOW,DAYLIGHT,SIDESWIPE SAME DIRECTION,NOT DIVIDED,STRAIGHT AND LEVEL,SNOW OR SLUSH,NO DEFECTS,NO INJURY / DRIVE AWAY,"$501 - $1,500",FAILING TO YIELD RIGHT-OF-WAY,IMPROPER OVERTAKING/PASSING,2758,N,NARRAGANSETT AVE,2,NO INDICATION OF INJURY,0.0,0.0,0.0,0.0,0.0,2.0,0.0,14,7,12
f8762dbb5ef3ca96efc6471ea5a59b80bc862de79366155fbc09b231875bc81a3fb3c33a1fe98864f1384521f59c746df863f88b32472d9d9e9299df7a5bbb9e,2020-12-06 14:57:00,35,NO CONTROLS,NO CONTROLS,RAIN,DAYLIGHT,PARKED MOTOR VEHICLE,DIVIDED - W/MEDIAN (NOT RAISED),STRAIGHT AND LEVEL,WET,NO DEFECTS,INJURY AND / OR TOW DUE TO CRASH,"OVER $1,500",DRIVING ON WRONG SIDE/WRONG WAY,UNABLE TO DETERMINE,2701,W,63RD ST,2,NO INDICATION OF INJURY,0.0,0.0,0.0,0.0,0.0,1.0,0.0,14,1,12
4ee3e57c2788cc69f18edc4ff59b305f12d4d8cba4d99ffdb45635a425f7fe35bf3682b58658cd780729ec032d802016c17c01badd4e9493b5e20973cb6fdd42,2022-02-05 10:38:00,15,NO CONTROLS,NO CONTROLS,UNKNOWN,DAYLIGHT,PARKED MOTOR VEHICLE,PARKING LOT,STRAIGHT AND LEVEL,UNKNOWN,UNKNOWN,NO INJURY / DRIVE AWAY,"OVER $1,500",UNABLE TO DETERMINE,UNABLE TO DETERMINE,401,N,CICERO AVE,2,NO INDICATION OF INJURY,0.0,0.0,0.0,0.0,0.0,1.0,0.0,10,7,2
afe1ee9c050dff33189a5be7453c7852ba9d80bafd47ac35577da1cdfdbdb14b2f47fb64609183424d3783c335bda226f16f297033babd1f60ea97685ef8dfca,2015-12-15 11:15:00,30,NO CONTROLS,NO CONTROLS,CLEAR,DAYLIGHT,REAR END,DIVIDED - W/MEDIAN (NOT RAISED),STRAIGHT AND LEVEL,DRY,NO DEFECTS,NO INJURY / DRIVE AWAY,"OVER $1,500",UNABLE TO DETERMINE,NOT APPLICABLE,329,N,CICERO AVE,2,NO INDICATION OF INJURY,0.0,0.0,0.0,0.0,0.0,2.0,0.0,11,3,12
046ca5b093615c913d6e10b933fc09cf54fcd796db7b35ccf4771bdb36e9977e2d285ce9f856adedb2156ef463478e6933439cf7ea296ab897129427f7a01b87,2017-07-06 22:51:00,40,TRAFFIC SIGNAL,FUNCTIONING PROPERLY,CLEAR,"DARKNESS, LIGHTED ROAD",REAR END,DIVIDED - W/MEDIAN BARRIER,STRAIGHT AND LEVEL,DRY,UNKNOWN,NO INJURY / DRIVE AWAY,"OVER $1,500",DISTRACTION - FROM INSIDE VEHICLE,NOT APPLICABLE,700,S,LAKE SHORE DR W,3,NO INDICATION OF INJURY,0.0,0.0,0.0,0.0,0.0,4.0,0.0,22,5,7
c8385cc42888d55e70d58aebe5e450db6713a49a2f151f5d176d020191cb243ae266dfe27492044f297bbafd419601a3dfbee3f5a0d2a001d84f6f0cc8ce861e,2018-07-01 12:15:00,35,NO CONTROLS,NO CONTROLS,CLEAR,DAYLIGHT,ANGLE,PARKING LOT,STRAIGHT AND LEVEL,DRY,UNKNOWN,NO INJURY / DRIVE AWAY,$500 OR LESS,IMPROPER BACKING,NOT APPLICABLE,8331,S,STEWART AVE,2,NO INDICATION OF INJURY,0.0,0.0,0.0,0.0,0.0,2.0,0.0,12,1,7
352743e5d8686c676c6c238cdf961b5ceb4d8fd0f14e1bcedcb5c64d8854f17ebcb76ed896cac9a043f2d84e6da657682dd600e47e163395d2e5551ed4a28755,2023-10-06 06:55:00,35,UNKNOWN,UNKNOWN,UNKNOWN,UNKNOWN,ANGLE,FOUR WAY,STRAIGHT AND LEVEL,UNKNOWN,UNKNOWN,INJURY AND / OR TOW DUE TO CRASH,"OVER $1,500",UNABLE TO DETERMINE,UNABLE TO DETERMINE,11800,S,WENTWORTH AVE,2,NO INDICATION OF INJURY,0.0,0.0,0.0,0.0,0.0,2.0,0.0,6,6,10
9969ddc234904b3c56af6de5e936ee15e952854fd03afe37570e908a916f289781682d1f6854e3ff1dbd9637bb21fe497b739fb22fc6d165f0b469b67f0a47f6,2019-03-31 17:00:00,30,UNKNOWN,UNKNOWN,CLEAR,DAYLIGHT,SIDESWIPE SAME DIRECTION,DIVIDED - W/MEDIAN (NOT RAISED),STRAIGHT AND LEVEL,DRY,NO DEFECTS,NO INJURY / DRIVE AWAY,"OVER $1,500",UNABLE TO DETERMINE,NOT APPLICABLE,1000,S,WESTERN AVE,3,NO INDICATION OF INJURY,0.0,0.0,0.0,0.0,0.0,3.0,0.0,17,1,3