CRASH_RECORD_ID,CRASH_DATE,POSTED_SPEED_LIMIT,TRAFFIC_CONTROL_DEVICE,DEVICE_CONDITION,WEATHER_CONDITION,LIGHTING_CONDITION,FIRST_CRASH_TYPE,TRAFFICWAY_TYPE,ALIGNMENT,ROADWAY_SURFACE_COND,ROAD_DEFECT,CRASH_TYPE,DAMAGE,PRIM_CONTRIBUTORY_CAUSE,SEC_CONTRIBUTORY_CAUSE,STREET_NO,STREET_DIRECTION,STREET_NAME,NUM_UNITS,MOST_SEVERE_INJURY,INJURIES_TOTAL,INJURIES_FATAL,INJURIES_INCAPACITATING,INJURIES_NON_INCAPACITATING,INJURIES_REPORTED_NOT_EVIDENT,INJURIES_NO_INDICATION,INJURIES_UNKNOWN,CRASH_HOUR,CRASH_DAY_OF_WEEK,CRASH_MONTH
f08eadfe2fadb52450a950089b76d23e27f5b112b0f5bc69a4521d39057efa7def069982606d8d4b5350c56597f1b06b2a0a991d73192f97d255fe5f31510276,2020-02-11 22:40:00,35,TRAFFIC SIGNAL,FUNCTIONING PROPERLY,CLEAR,"DARKNESS, LIGHTED ROAD",TURNING,NOT DIVIDED,STRAIGHT AND LEVEL,DRY,NO DEFECTS,INJURY AND / OR TOW DUE TO CRASH,"OVER $1,500",FAILING TO YIELD RIGHT-OF-WAY,IMPROPER TURNING/NO SIGNAL,7038,N,SHERIDAN RD,2,NO INDICATION OF INJURY,0.0,0.0,0.0,0.0,0.0,2.0,0.0,22,3,2
632de5d8f44f65ccdc9923aba65b9e4576e37a5f38c2b20251d054665709e6682fad64b8ef35e368ad835acf5bbbe9326075c7a0109ca38e9f4bfbc2348c6fb9,2023-08-05 11:30:00,30,STOP SIGN/FLASHER,NO CONTROLS,RAIN,DAYLIGHT,PEDESTRIAN,NOT DIVIDED,STRAIGHT AND LEVEL,WET,NO DEFECTS,NO INJURY / DRIVE AWAY,$500 OR LESS,UNABLE TO DETERMINE,UNABLE TO DETERMINE,6900,S,BELL AVE,2,NO INDICATION OF INJURY,0.0,0.0,0.0,0.0,0.0,2.0,0.0,11,7,8
9568893ef6acdc6164b91d9e64cbca5eb6f5d35d6c66f663d573bb85b40a3ea9272ca3938d6fc1c4d922c2200a39502f0a8a91b520992c128f30a399b1859236,2020-10-22 16:34:00,30,NO CONTROLS,NO CONTROLS,CLEAR,DAYLIGHT,PEDESTRIAN,NOT DIVIDED,STRAIGHT AND LEVEL,DRY,NO DEFECTS,INJURY AND / OR TOW DUE TO CRASH,$500 OR LESS,FAILING TO YIELD RIGHT-OF-WAY,UNABLE TO DETERMINE,4346,N,CENTRAL AVE,2,INCAPACITATING INJURY,1.0,0.0,1.0,0.0,0.0,1.0,0.0,16,5,10
a6f76a977d113e4fbb3ab27bd3e4b7eaf835c50671f2def76ff0f1e330aa8653ab740c1b4f914ec008091cc25e9693f8026fbdb50833313f3797363d6d418567,2017-09-11 07:03:00,30,NO CONTROLS,NO CONTROLS,CLEAR,DAYLIGHT,REAR END,DIVIDED - W/MEDIAN (NOT RAISED),STRAIGHT AND LEVEL,DRY,NO DEFECTS,NO INJURY / DRIVE AWAY,"$501 - $1,500",FOLLOWING TOO CLOSELY,FOLLOWING TOO CLOSELY,6510,S,HALSTED ST,2,NO INDICATION OF INJURY,0.0,0.0,0.0,0.0,0.0,3.0,0.0,7,2,9
e8530cbaf2c2a484d235b772e0bc78fd986ea34eede649b58d5a29cb197feb38976e07e424cbb6b726b3ed193f0fdd579eb41ec1e08dd8d5c75e1b06ab1c6728,2023-10-12 03:02:00,30,TRAFFIC SIGNAL,FUNCTIONING PROPERLY,RAIN,"DARKNESS, LIGHTED ROAD",ANGLE,UNKNOWN INTERSECTION TYPE,STRAIGHT AND LEVEL,WET,NO DEFECTS,INJURY AND / OR TOW DUE TO CRASH,"OVER $1,500",DISREGARDING TRAFFIC SIGNALS,DRIVING SKILLS/KNOWLEDGE/EXPERIENCE,6200,S,STATE ST,2,NONINCAPACITATING INJURY,1.0,0.0,0.0,1.0,0.0,2.0,0.0,3,5,10
eae1fd3d8a07980ef786ea825186288db067820bb1fd69cc7e8bcc59e8f3bc4ad849f664a20dc0b804dda28d08c0789f2cab1c7ccf976df72e63b4e44f3fceba,2020-06-25 12:30:00,30,TRAFFIC SIGNAL,FUNCTIONING PROPERLY,CLEAR,DAYLIGHT,SIDESWIPE SAME DIRECTION,NOT DIVIDED,STRAIGHT AND LEVEL,DRY,NO DEFECTS,NO INJURY / DRIVE AWAY,$500 OR LESS,NOT APPLICABLE,NOT APPLICABLE,1600,W,79TH ST,2,NO INDICATION OF INJURY,0.0,0.0,0.0,0.0,0.0,2.0,0.0,12,5,6
3287d86d9b98342afb6d8c4a403ffa8735a9eb7f5271728ba46c07488700458d4c19f9d7fdf7864be38ee2280bd8132cb804da78300e47aab09ac5b37818bfff,2017-06-06 20:30:00,30,NO CONTROLS,NO CONTROLS,CLEAR,"DARKNESS, LIGHTED ROAD",SIDESWIPE SAME DIRECTION,NOT DIVIDED,STRAIGHT AND LEVEL,DRY,UNKNOWN,INJURY AND / OR TOW DUE TO CRASH,"$501 - $1,500",FAILING TO YIELD RIGHT-OF-WAY,NOT APPLICABLE,1360,N,MILWAUKEE AVE,2,"REPORTED, NOT EVIDENT",1.0,0.0,0.0,0.0,1.0,1.0,0.0,20,3,6
5742a545deea88f7dbee09fdebe89f12cec86b37d69a2cb74345a2ebc0f04f43a7cc98b1703a36ad91059a6306e7741c4d1451ce782c41c9285c12cd7250a08c,2019-08-02 08:40:00,30,NO CONTROLS,NO CONTROLS,CLEAR,DAYLIGHT,REAR TO FRONT,ALLEY,STRAIGHT AND LEVEL,DRY,NO DEFECTS,INJURY AND / OR TOW DUE TO CRASH,"OVER $1,500",FAILING TO YIELD RIGHT-OF-WAY,UNABLE TO DETERMINE,9514,S,LA SALLE ST,2,"REPORTED, NOT EVIDENT",2.0,0.0,0.0,0.0,2.0,2.0,0.0,8,6,8
9da796f279144f752ae38333a67a923b5e7f314dfd43fcedfe129b3086caef73688d038a70304c7fe4078ed312d554118fc96942d20b67c485241e54637dac84,2018-10-06 01:30:00,25,NO CONTROLS,NO CONTROLS,RAIN,"DARKNESS, LIGHTED ROAD",ANGLE,ONE-WAY,STRAIGHT AND LEVEL,WET,UNKNOWN,NO INJURY / DRIVE AWAY,"OVER $1,500",UNDER THE INFLUENCE OF ALCOHOL/DRUGS (USE WHEN ARREST IS EFFECTED),UNABLE TO DETERMINE,2309,N,LOWELL AVE,2,NO INDICATION OF INJURY,0.0,0.0,0.0,0.0,0.0,4.0,0.0,1,7,10
4045ae9b71c2fb067f5190d73a4b016ad2cd292e7aba4d50e30c5304140949b551a81359ea7a9b9e0664ad62e5b8255bf61ce7f92b4521096083a326a551a346,2019-12-04 12:15:00,10,NO CONTROLS,NO CONTROLS,CLEAR,DAYLIGHT,PARKED MOTOR VEHICLE,PARKING LOT,STRAIGHT AND LEVEL,DRY,UNKNOWN,NO INJURY / DRIVE AWAY,$500 OR LESS,UNABLE TO DETERMINE,UNABLE TO DETERMINE,6700,S,COTTAGE GROVE AVE,2,NO INDICATION OF INJURY,0.0,0.0,0.0,0.0,0.0,2.0,0.0,12,4,12
95e9ea490a04998d912d64b429984bd203a0748c761b512a7fdf86a759bdcff11c5f68b124a2a9fb31bfc505172399940a5b2e35b657b2ef52d82dbc47504800,2023-02-16 18:51:00,30,TRAFFIC SIGNAL,FUNCTIONING PROPERLY,SLEET/HAIL,"DARKNESS, LIGHTED ROAD",SIDESWIPE SAME DIRECTION,FOUR WAY,STRAIGHT AND LEVEL,SNOW OR SLUSH,NO DEFECTS,NO INJURY / DRIVE AWAY,$500 OR LESS,FAILING TO YIELD RIGHT-OF-WAY,NOT APPLICABLE,4401,W,DIVERSEY AVE,2,NO INDICATION OF INJURY,0.0,0.0,0.0,0.0,0.0,2.0,0.0,18,5,2
0893985b77705b984a3dbc7d3981a3660912cb164c5f0e29609c1fd037462305fe4ff91585bbb33c10da8c0113209700dc73d3cbd9d158496075d06a73571dd0,2022-09-11 13:28:00,30,TRAFFIC SIGNAL,FUNCTIONING PROPERLY,RAIN,DAYLIGHT,REAR END,NOT DIVIDED,STRAIGHT AND LEVEL,WET,NO DEFECTS,NO INJURY / DRIVE AWAY,$500 OR LESS,FOLLOWING TOO CLOSELY,FOLLOWING TOO CLOSELY,3000,W,NORTH AVE,2,NO INDICATION OF INJURY,0.0,0.0,0.0,0.0,0.0,4.0,0.0,13,1,9
3825db6a96c0c84096b13d3e6222895c7d6158d9180ed683cb4e66de3e66da9d353f480c1cfc46cf004e0de0061477c275477b3960f8375d41ff3c279c539b30,2018-06-20 13:20:00,30,NO CONTROLS,NO CONTROLS,CLEAR,DAYLIGHT,SIDESWIPE SAME DIRECTION,ONE-WAY,STRAIGHT AND LEVEL,DRY,NO DEFECTS,INJURY AND / OR TOW DUE TO CRASH,"OVER $1,500",IMPROPER LANE USAGE,UNABLE TO DETERMINE,65,N,DEARBORN ST,2,NO INDICATION OF INJURY,0.0,0.0,0.0,0.0,0.0,2.0,0.0,13,4,6
a39a8e2a98bb5a063979420c4552b38a48e153c2c7b3db8b407cfa7a1c8e12f97f9d30d7b69e4ce904b185789f6fe7a18daa7404d1a36a7de89eabc22ce8181d,2023-11-07 08:30:00,35,NO CONTROLS,NO CONTROLS,CLEAR,DAYLIGHT,PARKED MOTOR VEHICLE,ONE-WAY,STRAIGHT AND LEVEL,DRY,NO DEFECTS,INJURY AND / OR TOW DUE TO CRASH,"OVER $1,500",UNABLE TO DETERMINE,UNABLE TO DETERMINE,745,N,SPAULDING AVE,3,NO INDICATION OF INJURY,0.0,0.0,0.0,0.0,0.0,1.0,0.0,8,3,11
31d9d59086dc29f06249433fdfa33b7b35cbdb03c0931059c9e6c461c327036aee6bc6d76ddf1310608aaeae74b97c06970788bb266febdf24ed9777083c2791,2023-12-06 11:05:00,20,NO CONTROLS,NO CONTROLS,CLEAR,DAYLIGHT,PARKED MOTOR VEHICLE,PARKING LOT,STRAIGHT AND LEVEL,DRY,NO DEFECTS,NO INJURY / DRIVE AWAY,"OVER $1,500",UNABLE TO DETERMINE,UNABLE TO DETERMINE,3145,S,ASHLAND AVE,2,NO INDICATION OF INJURY,0.0,0.0,0.0,0.0,0.0,1.0,0.0,11,4,12
38e142005571eb7180c51a4be25d068bed17fdd32ca18bdf9f31c0723633cc1a2c36f49f08e87f963d99f502171a091b3526b33d4de4e99fbe56a68ebe2e87e1,2020-12-10 17:47:00,30,NO CONTROLS,NO CONTROLS,CLEAR,"DARKNESS, LIGHTED ROAD",TURNING,NOT DIVIDED,STRAIGHT AND LEVEL,DRY,NO DEFECTS,NO INJURY / DRIVE AWAY,"$501 - $1,500",FAILING TO YIELD RIGHT-OF-WAY,FAILING TO REDUCE SPEED TO AVOID CRASH,3900,W,BELMONT AVE,2,NO INDICATION OF INJURY,0.0,0.0,0.0,0.0,0.0,3.0,0.0,17,5,12
25abe89e690fe2367a19924f54685f7cc3f292a3e36ca86be34228fc1b2a133c7d0e74a32c8676ca3705afefd06db868a8ed29bb4138bbad7574167aa35fa83a,2015-11-04 10:15:00,30,NO CONTROLS,NO CONTROLS,CLEAR,DAYLIGHT,SIDESWIPE SAME DIRECTION,NOT DIVIDED,STRAIGHT AND LEVEL,DRY,NO DEFECTS,NO INJURY / DRIVE AWAY,"OVER $1,500",UNABLE TO DETERMINE,UNABLE TO DETERMINE,1800,N,WESTERN AVE,2,NO INDICATION OF INJURY,0.0,0.0,0.0,0.0,0.0,2.0,0.0,10,4,11
514f3160967719fb57172f77987d6e26631461c0560feb901b6710704372cd48767cbc2386254ba3648490b0a31ddb115d77da3466d5744f4378857d06bfd6b0,2023-01-08 19:07:00,30,NO CONTROLS,NO CONTROLS,CLEAR,"DARKNESS, LIGHTED ROAD",SIDESWIPE SAME DIRECTION,NOT DIVIDED,STRAIGHT AND LEVEL,DRY,NO DEFECTS,INJURY AND / OR TOW DUE TO CRASH,"OVER $1,500",FAILING TO YIELD RIGHT-OF-WAY,NOT APPLICABLE,3715,N,WESTERN AVE,2,NO INDICATION OF INJURY,0.0,0.0,0.0,0.0,0.0,2.0,0.0,19,1,1
c2fbc914518934db80d6253189eb70eaf9f24bd3e035cb46c2382017db0136fe88169ca7f1967b6f0d610a42e63a593136d7f78aac431b006dd6cebd397f31d8,2022-08-29 15:40:00,30,STOP SIGN/FLASHER,FUNCTIONING PROPERLY,CLEAR,DAYLIGHT,ANGLE,NOT DIVIDED,STRAIGHT AND LEVEL,DRY,NO DEFECTS,NO INJURY / DRIVE AWAY,"OVER $1,500",UNABLE TO DETERMINE,NOT APPLICABLE,2500,W,CHICAGO AVE,2,NO INDICATION OF INJURY,0.0,0.0,0.0,0.0,0.0,2.0,0.0,15,2,8
2604820be5232fd4563b449ef884244624b4c8d682dbdef8a1a963221a18235bd07846cd8fd4d23a87706bbcad1d9e0735f3455d8f5ba1099de3c742fbac44d0,2020-10-25 08:30:00,30,NO CONTROLS,NO CONTROLS,CLEAR,DAYLIGHT,PARKED MOTOR VEHICLE,ONE-WAY,STRAIGHT AND LEVEL,DRY,NO DEFECTS,NO INJURY / DRIVE AWAY,"$501 - $1,500",IMPROPER BACKING,NOT APPLICABLE,333,E,ONTARIO ST,2,NO INDICATION OF INJURY,0.0,0.0,0.0,0.0,0.0,1.0,0.0,8,1,10
ff380748e099c2cb59f6391defd4f27284fda1136423a593923834d4fdcff3873ef42df996dee0b2bf82513d9ae982b90e24c255496198385847564677c9f8a3,2018-07-21 13:15:00,30,STOP SIGN/FLASHER,FUNCTIONING PROPERLY,CLEAR,DAYLIGHT,REAR END,NOT DIVIDED,STRAIGHT AND LEVEL,DRY,UNKNOWN,NO INJURY / DRIVE AWAY,"$501 - $1,500",FAILING TO REDUCE SPEED TO AVOID CRASH,UNABLE TO DETERMINE,5500,S,CENTRAL AVE,2,NO INDICATION OF INJURY,0.0,0.0,0.0,0.0,0.0,3.0,0.0,13,7,7
3d431f55c6f493d181393682966688b742a337ccf46faee4257fa5292db2eac61185ea3af96237e69a64efbefe6ddacb5c9f2f14524a41ec1d4f22abcabb1e3b,2020-04-25 17:50:00,30,STOP SIGN/FLASHER,FUNCTIONING PROPERLY,RAIN,DAYLIGHT,TURNING,T-INTERSECTION,STRAIGHT AND LEVEL,WET,NO DEFECTS,NO INJURY / DRIVE AWAY,"OVER $1,500",FAILING TO YIELD RIGHT-OF-WAY,NOT APPLICABLE,1499,W,SUPERIOR ST,2,NO INDICATION OF INJURY,0.0,0.0,0.0,0.0,0.0,3.0,0.0,17,7,4
4e70ca659a9f9454409f77e096945d1bfcba11817ada33342a8807dc7bddc40bdaa9c3bc2269940530dfe85d48c6f25ab70bcb2fb6ce0b379df3a6d399cf766e,2017-11-06 13:40:00,30,NO CONTROLS,UNKNOWN,CLEAR,DAYLIGHT,SIDESWIPE SAME DIRECTION,NOT DIVIDED,STRAIGHT AND LEVEL,DRY,NO DEFECTS,NO INJURY / DRIVE AWAY,"$501 - $1,500",UNABLE TO DETERMINE,NOT APPLICABLE,2341,W,PRATT BLVD,2,NO INDICATION OF INJURY,0.0,0.0,0.0,0.0,0.0,2.0,0.0,13,2,11
1e0b470a61e5e5d9c3503bebf600c608c84b81dd01fac6ba710ebd567c6bfcdc9e397b676b2b1fc09299f35aea1e763664d1b6be3a6db8ddca13a6a31dc4561e,2023-12-05 17:25:00,30,NO CONTROLS,UNKNOWN,UNKNOWN,UNKNOWN,REAR END,NOT DIVIDED,STRAIGHT AND LEVEL,UNKNOWN,UNKNOWN,NO INJURY / DRIVE AWAY,"$501 - $1,500",UNABLE TO DETERMINE,UNABLE TO DETERMINE,2051,W,HOWARD ST,2,NO INDICATION OF INJURY,0.0,0.0,0.0,0.0,0.0,3.0,0.0,17,3,12
a5ab5cd6f78c09122df317e7a6112bc478a0fdd4f3201b6e5eaf6ad1dfe65d84449014897cd05b34b446067fbde1c0529993d55eb5972a70478b4c37ced4ac77,2016-03-21 15:28:00,30,NO CONTROLS,NO CONTROLS,CLEAR,DAYLIGHT,PARKED MOTOR VEHICLE,NOT DIVIDED,STRAIGHT AND LEVEL,DRY,NO DEFECTS,INJURY AND / OR TOW DUE TO CRASH,"OVER $1,500",EXCEEDING SAFE SPEED FOR CONDITIONS,EXCEEDING SAFE SPEED FOR CONDITIONS,2223,S,KENNETH AVE,2,NO INDICATION OF INJURY,0.0,0.0,0.0,0.0,0.0,4.0,0.0,15,2,3
db65248122f39d3254d14a781010cd103281999cbe593d3c01ec96b0f1984ef9b259698e729eb48a41676e62f2ace7165de806eab61de35e13eddd830a6ff818,2016-08-06 15:45:00,30,NO CONTROLS,NO CONTROLS,CLEAR,DAYLIGHT,SIDESWIPE SAME DIRECTION,NOT DIVIDED,STRAIGHT AND LEVEL,DRY,NO DEFECTS,NO INJURY / DRIVE AWAY,"$501 - $1,500",FAILING TO YIELD RIGHT-OF-WAY,NOT APPLICABLE,2608,W,DEVON AVE,2,NO INDICATION OF INJURY,0.0,0.0,0.0,0.0,0.0,2.0,0.0,15,7,8
ed85a1d753608c7cf859971c092591ab417a66a7b3d47b29776f9d2328c31450f4901a542002f9cab361889b34af4b251c722a99d4f3d85dd604fdb4beee99f6,2017-07-22 04:30:00,30,NO CONTROLS,NO CONTROLS,RAIN,DAWN,REAR END,NOT DIVIDED,STRAIGHT AND LEVEL,WET,NO DEFECTS,INJURY AND / OR TOW DUE TO CRASH,"OVER $1,500",FOLLOWING TOO CLOSELY,NOT APPLICABLE,298,S,RACINE AVE,2,NO INDICATION OF INJURY,0.0,0.0,0.0,0.0,0.0,3.0,0.0,4,7,7
750ac51a0d20e6ec3d66efa09b25cd412e3721e595e2975fd05e803e8410afde67a9e94941c98eb24e9943c8c9276188e699da7f2e9566ca91805ce231d4f2c8,2017-09-19 09:10:00,30,NO CONTROLS,NO CONTROLS,RAIN,DAYLIGHT,TURNING,DIVIDED - W/MEDIAN (NOT RAISED),STRAIGHT AND LEVEL,WET,NO DEFECTS,NO INJURY / DRIVE AWAY,"OVER $1,500",UNABLE TO DETERMINE,NOT APPLICABLE,3932,W,NORTH AVE,2,NO INDICATION OF INJURY,0.0,0.0,0.0,0.0,0.0,2.0,0.0,9,3,9
aa73159280e40a548e8e1fe5ec848cc00f3a4104a7ee4af42e68fa515093e15810b272ccc8724f9aa1a32697baa5549e1bba2a8667c66ac39603b6ef99081a8a,2017-10-10 22:26:00,30,TRAFFIC SIGNAL,FUNCTIONING PROPERLY,RAIN,"DARKNESS, LIGHTED ROAD",ANGLE,ONE-WAY,STRAIGHT AND LEVEL,WET,NO DEFECTS,INJURY AND / OR TOW DUE TO CRASH,"OVER $1,500",FAILING TO YIELD RIGHT-OF-WAY,NOT APPLICABLE,622,N,WELLS ST,2,NO INDICATION OF INJURY,0.0,0.0,0.0,0.0,0.0,2.0,0.0,22,3,10
8fe74e96bca714a9d0b0b576fefa7901fdb8803f83f79fe3fc928519969b9e8dce24dcf166fc3e6a8d33685de7918225f497ab79555faff5e0bc15afff160dff,2019-10-15 05:20:00,30,NO CONTROLS,NO CONTROLS,CLEAR,DAWN,PARKED MOTOR VEHICLE,ONE-WAY,STRAIGHT AND LEVEL,DRY,NO DEFECTS,NO INJURY / DRIVE AWAY,"OVER $1,500",UNABLE TO DETERMINE,UNABLE TO DETERMINE,7500,N,EASTLAKE TER,2,NO INDICATION OF INJURY,0.0,0.0,0.0,0.0,0.0,1.0,0.0,5,3,10
5d4f7f11334f9c044978919211c27aabce578d89fd50e655e59dc2bd3d6e09f63dd24d28324e6379ea334dd3ee70e8b44b98cabfddd0b0f8674424d3e94691d1,2020-08-25 17:23:00,20,TRAFFIC SIGNAL,FUNCTIONING PROPERLY,CLEAR,DAYLIGHT,HEAD ON,FOUR WAY,STRAIGHT AND LEVEL,DRY,NO DEFECTS,NO INJURY / DRIVE AWAY,"OVER $1,500",DRIVING ON WRONG SIDE/WRONG WAY,UNABLE TO DETERMINE,590,W,HARRISON ST,2,NO INDICATION OF INJURY,0.0,0.0,0.0,0.0,0.0,2.0,0.0,17,3,8
0ffb19a3d1a90af521bd313efbd7356e308fcc16fdf112e54d7a50e253f64559bd27a397c6ce343aaab513f66d745de73fb5f62a47d77f27b2f6d696d1d250c4,2022-07-24 05:00:00,25,TRAFFIC SIGNAL,FUNCTIONING PROPERLY,RAIN,"DARKNESS, LIGHTED ROAD",TURNING,FOUR WAY,STRAIGHT AND LEVEL,WET,NO DEFECTS,INJURY AND / OR TOW DUE TO CRASH,"OVER $1,500",DISREGARDING TRAFFIC SIGNALS,UNABLE TO DETERMINE,2332,E,103RD ST,2,NONINCAPACITATING INJURY,1.0,0.0,0.0,1.0,0.0,2.0,0.0,5,1,7
3fcfe9b9bbb794661dd9a24d7927ee5d2e199e8f714b9edd4b8881fb36b5f4a342ebd0a82da49b3f062199569038baf0d005e45fb596faae75e33dabdde0fec1,2024-04-22 22:20:00,35,UNKNOWN,UNKNOWN,CLEAR,"DARKNESS, LIGHTED ROAD",HEAD ON,UNKNOWN,STRAIGHT AND LEVEL,DRY,NO DEFECTS,INJURY AND / OR TOW DUE TO CRASH,"OVER $1,500",UNABLE TO DETERMINE,UNABLE TO DETERMINE,6400,S,YALE AVE,2,NO INDICATION OF INJURY,0.0,0.0,0.0,0.0,0.0,2.0,0.0,22,2,4
259bad3a0c88bc73101d57a12179d3cd63a8c946950e5c72e0124fa619a765f1cf276c302250f6d058b75ca5b13e98dce800824837905c490994b7715114b3fd,2018-06-12 17:05:00,30,UNKNOWN,UNKNOWN,CLEAR,DAYLIGHT,ANGLE,DIVIDED - W/MEDIAN BARRIER,STRAIGHT AND LEVEL,DRY,NO DEFECTS,NO INJURY / DRIVE AWAY,"OVER $1,500",UNABLE TO DETERMINE,UNABLE TO DETERMINE,3832,W,PETERSON AVE,2,NO INDICATION OF INJURY,0.0,0.0,0.0,0.0,0.0,2.0,0.0,17,3,6
aa3457484d3e6afcf2bc2da9f345113bffc1872cd6a7a40ba115ea00b2600eb35e3bc6019ebdb5003f22ba534cbaa38635a45e3a88b3cc107b8e87de012060db,2023-11-13 11:11:00,30,NO CONTROLS,NO CONTROLS,CLEAR,DAYLIGHT,PARKED MOTOR VEHICLE,NOT DIVIDED,STRAIGHT AND LEVEL,DRY,NO DEFECTS,INJURY AND / OR TOW DUE TO CRASH,"OVER $1,500",NOT APPLICABLE,UNABLE TO DETERMINE,1242,W,BYRON ST,5,NONINCAPACITATING INJURY,1.0,0.0,0.0,1.0,0.0,0.0,0.0,11,2,11
7268bbf7adbed54e6afa016a754891b64faa8973be573b2788f8da1d44f4e3a804d14a8419950ebb1e36e768fca55cc8167b1ce46fb7376462a6ab1de17ddc91,2023-08-22 13:30:00,30,NO CONTROLS,NO CONTROLS,CLEAR,DAYLIGHT,SIDESWIPE SAME DIRECTION,DIVIDED - W/MEDIAN (NOT RAISED),STRAIGHT AND LEVEL,DRY,NO DEFECTS,NO INJURY / DRIVE AWAY,"OVER $1,500",UNABLE TO DETERMINE,UNABLE TO DETERMINE,2000,N,ASHLAND AVE,2,NO INDICATION OF INJURY,0.0,0.0,0.0,0.0,0.0,2.0,0.0,13,3,8
f62163ce1e9fef01548f2f02339d3780cb593bb0cf57481e4a362e7373b60ee634481a30cba1edec8853413137ed839d92d85920abe245193a83bb5635adb340,2022-10-12 11:40:00,35,TRAFFIC SIGNAL,FUNCTIONING PROPERLY,CLEAR,DAYLIGHT,REAR TO FRONT,NOT DIVIDED,STRAIGHT AND LEVEL,WET,NO DEFECTS,NO INJURY / DRIVE AWAY,$500 OR LESS,NOT APPLICABLE,NOT APPLICABLE,7201,N,WESTERN AVE,2,NO INDICATION OF INJURY,0.0,0.0,0.0,0.0,0.0,2.0,0.0,11,4,10
fe558456fecb6f11c262c4f4c7feee6bbe016e21f0dbb8247265c28a2c05f56d84102881ac4ed79ba9ef3d5f2374df2e79c153830f0b55e0caaf0e640101c4db,2020-01-02 16:50:00,45,NO CONTROLS,NO CONTROLS,CLEAR,"DARKNESS, LIGHTED ROAD",REAR END,OTHER,STRAIGHT AND LEVEL,DRY,UNKNOWN,NO INJURY / DRIVE AWAY,"OVER $1,500",UNABLE TO DETERMINE,UNABLE TO DETERMINE,5500,S,LAKE SHORE DR SB,2,NO INDICATION OF INJURY,0.0,0.0,0.0,0.0,0.0,2.0,0.0,16,5,1
7709d603938aaf205ec5c9ad95cd3e338d03264f7a018b53920660e946c9b84f1ef1268e73ef111dc166b4ca344ccfef581d741e37ffb7383a89e13021cb0977,2020-07-25 20:00:00,30,UNKNOWN,UNKNOWN,UNKNOWN,UNKNOWN,FIXED OBJECT,DIVIDED - W/MEDIAN (NOT RAISED),STRAIGHT AND LEVEL,UNKNOWN,UNKNOWN,NO INJURY / DRIVE AWAY,"OVER $1,500",UNABLE TO DETERMINE,UNABLE TO DETERMINE,1656,W,PERSHING RD,1,NO INDICATION OF INJURY,0.0,0.0,0.0,0.0,0.0,1.0,0.0,20,7,7
8283846b35a8df7cd51214a77e2c8440c5779a12b9dcce6c9d145b358bcbe08bfa891196ad686c414716266bebb9cea261517a5046d22c3391eb7d69b8ea4b96,2017-09-29 22:13:00,30,NO CONTROLS,NO CONTROLS,CLEAR,DARKNESS,FIXED OBJECT,DIVIDED - W/MEDIAN (NOT RAISED),STRAIGHT AND LEVEL,DRY,NO DEFECTS,INJURY AND / OR TOW DUE TO CRASH,$500 OR LESS,UNABLE TO DETERMINE,UNABLE TO DETERMINE,228,W,75TH ST,1,NONINCAPACITATING INJURY,1.0,0.0,0.0,1.0,0.0,0.0,0.0,22,6,9
fdb6272eb2508885096575f66bd5a096f4f3e434702bf15ee156b80905f8fdc4a911e4a3075fa01f9de4143cf2736204217a1750df89e2c976684f8a0509a52c,2016-10-06 12:30:00,35,NO CONTROLS,NO CONTROLS,CLEAR,DAYLIGHT,REAR END,NOT DIVIDED,STRAIGHT AND LEVEL,DRY,UNKNOWN,INJURY AND / OR TOW DUE TO CRASH,"$501 - $1,500",FOLLOWING TOO CLOSELY,UNABLE TO DETERMINE,4554,W,NORTH AVE,3,"REPORTED, NOT EVIDENT",1.0,0.0,0.0,0.0,1.0,3.0,0.0,12,5,10
873502533ab44e962a56fd0e33debea420a9d14dd9ae5869bca1e68b62b775bc67c6186660a2216a051b887a59ae01a40e057a4c5264f8527acec83716017f54,2018-08-07 17:00:00,30,NO CONTROLS,NO CONTROLS,CLEAR,DAYLIGHT,SIDESWIPE SAME DIRECTION,NOT DIVIDED,STRAIGHT AND LEVEL,DRY,NO DEFECTS,NO INJURY / DRIVE AWAY,"$501 - $1,500",DRIVING SKILLS/KNOWLEDGE/EXPERIENCE,UNABLE TO DETERMINE,3324,N,SACRAMENTO AVE,2,NO INDICATION OF INJURY,0.0,0.0,0.0,0.0,0.0,3.0,0.0,17,3,8
7a838fcd30afed30f3bbbd2e3a694d89704bb31a3f22fb4da00c9b8d2a382987db6fecae70a95e8be4e4589338430e9122644e66199aa55f6d10e9b411bbfd26,2020-01-31 21:04:00,30,STOP SIGN/FLASHER,FUNCTIONING PROPERLY,CLEAR,DARKNESS,TURNING,NOT DIVIDED,STRAIGHT AND LEVEL,DRY,NO DEFECTS,INJURY AND / OR TOW DUE TO CRASH,"OVER $1,500",UNABLE TO DETERMINE,UNABLE TO DETERMINE,4336,W,26TH ST,2,NO INDICATION OF INJURY,0.0,0.0,0.0,0.0,0.0,7.0,0.0,21,6,1