CRASH_RECORD_ID,CRASH_DATE,POSTED_SPEED_LIMIT,TRAFFIC_CONTROL_DEVICE,DEVICE_CONDITION,WEATHER_CONDITION,LIGHTING_CONDITION,FIRST_CRASH_TYPE,TRAFFICWAY_TYPE,ALIGNMENT,ROADWAY_SURFACE_COND,ROAD_DEFECT,CRASH_TYPE,DAMAGE,PRIM_CONTRIBUTORY_CAUSE,SEC_CONTRIBUTORY_CAUSE,STREET_NO,STREET_DIRECTION,STREET_NAME,NUM_UNITS,MOST_SEVERE_INJURY,INJURIES_TOTAL,INJURIES_FATAL,INJURIES_INCAPACITATING,INJURIES_NON_INCAPACITATING,INJURIES_REPORTED_NOT_EVIDENT,INJURIES_NO_INDICATION,INJURIES_UNKNOWN,CRASH_HOUR,CRASH_DAY_OF_WEEK,CRASH_MONTH
b9b266532c36fecb37579785fe40294d9446a7ffa03485d1449fc4a529e1145e20e41989967660603cc3bd7db32e4bb2c388b456627db764e96f1c369cdbe7c1,2022-12-31 04:31:00,30,NO CONTROLS,NO CONTROLS,CLEAR,"DARKNESS, LIGHTED ROAD",PARKED MOTOR VEHICLE,NOT DIVIDED,STRAIGHT AND LEVEL,DRY,NO DEFECTS,INJURY AND / OR TOW DUE TO CRASH,"OVER $1,500",IMPROPER OVERTAKING/PASSING,IMPROPER LANE USAGE,2224,W,111TH ST,2,NO INDICATION OF INJURY,0.0,0.0,0.0,0.0,0.0,1.0,0.0,4,7,12
feedd7a9dec55fd53d4b8061e6432acc81703d3396b81886931cc9157a65cfd9016fa86ef8700367920aa6d11c6f15c5cac5611076a6edfba39477f5bf3a540b,2023-09-17 01:16:00,30,NO CONTROLS,NO CONTROLS,UNKNOWN,"DARKNESS, LIGHTED ROAD",PEDESTRIAN,ONE-WAY,STRAIGHT AND LEVEL,DRY,NO DEFECTS,INJURY AND / OR TOW DUE TO CRASH,"OVER $1,500",FAILING TO YIELD RIGHT-OF-WAY,NOT APPLICABLE,5242,S,KILPATRICK AVE,2,NONINCAPACITATING INJURY,1.0,0.0,0.0,1.0,0.0,2.0,0.0,1,1,9
df85ec0e69aa651033dcb3ed0f3da5ad15d87166b51075c77fe8cacc5ba27543ea1a06739f3c224e6bc524ca049e199ab360cde80b42c345f0a59d7b3589db33,2020-07-17 13:01:00,30,TRAFFIC SIGNAL,FUNCTIONING PROPERLY,CLEAR,DAYLIGHT,TURNING,NOT DIVIDED,STRAIGHT AND LEVEL,DRY,NO DEFECTS,NO INJURY / DRIVE AWAY,"OVER $1,500",UNABLE TO DETERMINE,NOT APPLICABLE,4300,S,WESTERN BLVD,2,NO INDICATION OF INJURY,0.0,0.0,0.0,0.0,0.0,3.0,0.0,13,6,7
ee0496ff59af6f9a334cd3d810f5e53f09a43147ad4fa65e00b6854bb55b0c24a8922a0a6b95116d7824af84431e7096435a977979b22316f08f509059d94998,2018-08-01 08:30:00,30,TRAFFIC SIGNAL,FUNCTIONING PROPERLY,CLEAR,DAYLIGHT,ANGLE,DIVIDED - W/MEDIAN (NOT RAISED),STRAIGHT AND LEVEL,DRY,NO DEFECTS,INJURY AND / OR TOW DUE TO CRASH,"OVER $1,500",DISREGARDING TRAFFIC SIGNALS,FAILING TO YIELD RIGHT-OF-WAY,500,N,LOWER MICHIGAN AVE,2,NONINCAPACITATING INJURY,2.0,0.0,0.0,1.0,1.0,1.0,0.0,8,4,8
1fd36246841eae968922359128daaef06d4fb899034bbcf0f5bdd9f4e745276680b93ad080571af13ebf204938b72a807442839e624aeb0b797f560fa6905f5a,2020-01-19 17:49:00,30,NO CONTROLS,NO CONTROLS,CLEAR,DARKNESS,PARKED MOTOR VEHICLE,NOT DIVIDED,STRAIGHT AND LEVEL,WET,NO DEFECTS,NO INJURY / DRIVE AWAY,"OVER $1,500",FAILING TO REDUCE SPEED TO AVOID CRASH,DISTRACTION - FROM INSIDE VEHICLE,3233,W,FULLERTON AVE,2,NO INDICATION OF INJURY,0.0,0.0,0.0,0.0,0.0,1.0,0.0,17,1,1
afa657e9c8d30078a630409d1a247ee9cc65484d784952e3e83b75972be792e6ae9be57e6780e36ca4934556335d11ba325db173a2c75029110852bc551c05cd,2021-07-21 09:08:00,25,NO CONTROLS,NO CONTROLS,CLEAR,DAYLIGHT,ANGLE,ONE-WAY,STRAIGHT AND LEVEL,DRY,NO DEFECTS,INJURY AND / OR TOW DUE TO CRASH,"OVER $1,500","VISION OBSCURED (SIGNS, TREE LIMBS, BUILDINGS, ETC.)",FAILING TO YIELD RIGHT-OF-WAY,5944,N,ROCKWELL ST,3,NO INDICATION OF INJURY,0.0,0.0,0.0,0.0,0.0,4.0,0.0,9,4,7
342741d4648072a036dff6338e17c099660593536258a99785ecdf4c174b4dc9314f896fd01976f0d3a47bf3617e61f7ac74648af56d60e95b1ffdf0b005d2b2,2024-02-02 07:03:00,15,NO CONTROLS,NO CONTROLS,CLEAR,DAYLIGHT,ANGLE,ALLEY,STRAIGHT AND LEVEL,DRY,NO DEFECTS,INJURY AND / OR TOW DUE TO CRASH,"OVER $1,500",UNABLE TO DETERMINE,UNABLE TO DETERMINE,7021,S,THROOP ST,2,"REPORTED, NOT EVIDENT",1.0,0.0,0.0,0.0,1.0,3.0,0.0,7,6,2
d1404b809ce578e0f148380779c70ccd441917b55076079e57c059f98e10a481e5d1cfcd56399ab5a9985ca965e1086aab3f250edbcbe1e489d51d210e58172d,2022-07-22 13:40:00,30,TRAFFIC SIGNAL,FUNCTIONING PROPERLY,CLEAR,DAYLIGHT,SIDESWIPE SAME DIRECTION,NOT DIVIDED,STRAIGHT AND LEVEL,DRY,NO DEFECTS,INJURY AND / OR TOW DUE TO CRASH,"$501 - $1,500",IMPROPER TURNING/NO SIGNAL,NOT APPLICABLE,1800,W,63RD ST,2,"REPORTED, NOT EVIDENT",1.0,0.0,0.0,0.0,1.0,1.0,0.0,13,6,7
9040b319739c27ea618d537f00a038f7d4c2f5cddde93c48c470bcd186c88864b59819a74c77635c41e8d1d20008c00c236ec2ec0a58f37711313c9a8722d393,2021-11-23 14:11:00,30,NO CONTROLS,NO CONTROLS,CLEAR,DAYLIGHT,FIXED OBJECT,RAMP,"CURVE, LEVEL",DRY,NO DEFECTS,INJURY AND / OR TOW DUE TO CRASH,"OVER $1,500",EQUIPMENT - VEHICLE CONDITION,DRIVING SKILLS/KNOWLEDGE/EXPERIENCE,2300,S,LAKE SHORE DR E,1,NONINCAPACITATING INJURY,2.0,0.0,0.0,2.0,0.0,2.0,0.0,14,3,11
eb109a9b15bdb727e9511bbb0730aa1476c843ed7aa6b0fed8894b62683ff955b59867c260ed19ca74cfdfc262d75e3188ab7d83108dbe5283b024a5fad00bdf,2020-12-25 03:17:00,30,NO CONTROLS,NO CONTROLS,SNOW,"DARKNESS, LIGHTED ROAD",OTHER OBJECT,OTHER,STRAIGHT AND LEVEL,ICE,NO DEFECTS,INJURY AND / OR TOW DUE TO CRASH,"OVER $1,500",UNABLE TO DETERMINE,NOT APPLICABLE,437,E,PERSHING RD,1,NO INDICATION OF INJURY,0.0,0.0,0.0,0.0,0.0,1.0,0.0,3,6,12
395804f4bc2e9beeb0a19612c52e8decdc9c91ecee143c1092cae7e0331592af5ff89e2b84f53f1f544c729a1c0de865cdc1d97ebc0e8caf48f81d403c45d208,2016-08-18 13:00:00,15,NO CONTROLS,NO CONTROLS,CLEAR,DAYLIGHT,PARKED MOTOR VEHICLE,ONE-WAY,STRAIGHT AND LEVEL,DRY,NO DEFECTS,NO INJURY / DRIVE AWAY,"OVER $1,500",UNABLE TO DETERMINE,UNABLE TO DETERMINE,8315,S,VERNON AVE,2,NO INDICATION OF INJURY,0.0,0.0,0.0,0.0,0.0,1.0,0.0,13,5,8
e13922ed9246663d723e5acfea58fd639f4b8c17dd9156e2ae400bfadbba6c12533caf897811292a4e6e4a61e98c9a91b4bd43ad442525096a12e0346f99b87c,2022-11-26 13:40:00,25,NO CONTROLS,NO CONTROLS,CLEAR,DAYLIGHT,PEDALCYCLIST,NOT DIVIDED,STRAIGHT AND LEVEL,DRY,NO DEFECTS,NO INJURY / DRIVE AWAY,"OVER $1,500",DRIVING SKILLS/KNOWLEDGE/EXPERIENCE,IMPROPER LANE USAGE,5199,S,BLACKSTONE AVE,2,NO INDICATION OF INJURY,0.0,0.0,0.0,0.0,0.0,2.0,0.0,13,7,11
ad3edce96d52bcbf7da9251956f193a1ca74d6decc61ba932c6d20c545eff3a49f8a4ffee4ccd7e8647b1e3b3f90656881dbd2b06e836515b3cb1cf0d9e0b134,2021-05-18 14:56:00,30,TRAFFIC SIGNAL,FUNCTIONING PROPERLY,CLEAR,DAYLIGHT,SIDESWIPE SAME DIRECTION,NOT DIVIDED,STRAIGHT AND LEVEL,DRY,NO DEFECTS,NO INJURY / DRIVE AWAY,"OVER $1,500",UNABLE TO DETERMINE,NOT APPLICABLE,7900,S,HALSTED ST,2,NO INDICATION OF INJURY,0.0,0.0,0.0,0.0,0.0,2.0,0.0,14,3,5
117a2bbbdf7d5161d3f977834a4d11654712885b55e999f96735971b170a2727d611dd7577f01e09dc19834ff50993aeb1c7c1796de4f91fda546d6744e1b855,2023-09-13 07:20:00,30,TRAFFIC SIGNAL,FUNCTIONING PROPERLY,CLEAR,DAYLIGHT,REAR END,DIVIDED - W/MEDIAN BARRIER,STRAIGHT AND LEVEL,DRY,NO DEFECTS,NO INJURY / DRIVE AWAY,"OVER $1,500",IMPROPER OVERTAKING/PASSING,NOT APPLICABLE,699,N,MICHIGAN AVE,2,NO INDICATION OF INJURY,0.0,0.0,0.0,0.0,0.0,2.0,0.0,7,4,9
9b78e8a224e1875a029a2bdc59750e993b770b41bb4a7af1b7eec4d7ca43e4a11e631494a335046dd1c9230dfd25b8b94c94fc88158a7218d87bf79394d5a588,2024-04-26 17:45:00,30,STOP SIGN/FLASHER,FUNCTIONING PROPERLY,CLEAR,DAYLIGHT,ANGLE,T-INTERSECTION,STRAIGHT AND LEVEL,DRY,NO DEFECTS,INJURY AND / OR TOW DUE TO CRASH,"OVER $1,500",FAILING TO YIELD RIGHT-OF-WAY,FAILING TO YIELD RIGHT-OF-WAY,540,E,51ST ST,2,NO INDICATION OF INJURY,0.0,0.0,0.0,0.0,0.0,3.0,0.0,17,6,4
6d814e267ec1407ab8ca504fbd1abe5f084bb0d799514a799ba079e2c4988456674e6ab0a329e7d21a0d930f6234d9778c2013da1ffed090da6046daeef45ca2,2017-01-21 13:50:00,30,NO CONTROLS,NO CONTROLS,CLEAR,DAYLIGHT,TURNING,DIVIDED - W/MEDIAN (NOT RAISED),STRAIGHT AND LEVEL,DRY,NO DEFECTS,NO INJURY / DRIVE AWAY,"OVER $1,500",FAILING TO YIELD RIGHT-OF-WAY,NOT APPLICABLE,1556,N,SHEFFIELD AVE,2,NO INDICATION OF INJURY,0.0,0.0,0.0,0.0,0.0,3.0,0.0,13,7,1
d0b7cf3d32271a1e76dbc6561517806e9ff8bbbe0a40a51bd566f764ddc7a74165de6048d9cb8e6fa22be7143a2c5721d8678758f1aee88ad4d9d66ac11128e0,2020-08-11 15:30:00,30,TRAFFIC SIGNAL,FUNCTIONING PROPERLY,CLEAR,DAYLIGHT,REAR END,NOT DIVIDED,STRAIGHT AND LEVEL,DRY,UNKNOWN,NO INJURY / DRIVE AWAY,"OVER $1,500",UNABLE TO DETERMINE,UNABLE TO DETERMINE,2340,N,CLYBOURN AVE,2,NO INDICATION OF INJURY,0.0,0.0,0.0,0.0,0.0,2.0,0.0,15,3,8
67ec0c197399130e4596bf5c48ed618cc334232f6907f3ece8680df307772fcd6e03340243f1992eb1a877d02f83c00ad4ee1ef2994448c1c6eb7ec51b4bd3d2,2018-01-27 17:30:00,30,NO CONTROLS,NO CONTROLS,CLEAR,DAYLIGHT,SIDESWIPE SAME DIRECTION,NOT DIVIDED,STRAIGHT AND LEVEL,DRY,NO DEFECTS,NO INJURY / DRIVE AWAY,"OVER $1,500",UNABLE TO DETERMINE,UNABLE TO DETERMINE,3800,W,LAKE ST,2,NO INDICATION OF INJURY,0.0,0.0,0.0,0.0,0.0,3.0,0.0,17,7,1
f2a4dc86a71c850686c5b99e8739216db66277cacfccecd478c403f360838068e4e06ec4825c1d2e32745d0c6f791313f5733d029b5460833ce818f604415a3f,2017-04-21 16:39:00,35,TRAFFIC SIGNAL,FUNCTIONING PROPERLY,CLEAR,DAYLIGHT,TURNING,NOT DIVIDED,STRAIGHT AND LEVEL,DRY,NO DEFECTS,NO INJURY / DRIVE AWAY,"OVER $1,500",UNABLE TO DETERMINE,UNABLE TO DETERMINE,11458,S,PULASKI RD,2,NO INDICATION OF INJURY,0.0,0.0,0.0,0.0,0.0,2.0,0.0,16,6,4
228e5960edee584220d794e3cc8f8312daa8836f6f7565d211840d58ec8f148a179f55da2ae08c5c5267e89aeb78f767b2caad380def6eaa720fb3f24f4bbea8,2023-11-13 00:00:00,35,NO CONTROLS,NO CONTROLS,CLEAR,"DARKNESS, LIGHTED ROAD",ANGLE,OTHER,STRAIGHT AND LEVEL,DRY,NO DEFECTS,NO INJURY / DRIVE AWAY,"$501 - $1,500",UNABLE TO DETERMINE,NOT APPLICABLE,299,N,SACRAMENTO BLVD,2,NO INDICATION OF INJURY,0.0,0.0,0.0,0.0,0.0,2.0,0.0,0,2,11
155712d23e40555228cf7424c335edb71f5aa625d66648e8713926575abbcb54beb71914173c912d4fc062f9f5ca4f556356b306bdceda4b48eadda5e9134b9d,2020-07-02 10:37:00,30,STOP SIGN/FLASHER,FUNCTIONING PROPERLY,CLEAR,DAYLIGHT,ANGLE,FOUR WAY,STRAIGHT AND LEVEL,DRY,NO DEFECTS,NO INJURY / DRIVE AWAY,"OVER $1,500",DISREGARDING STOP SIGN,FAILING TO REDUCE SPEED TO AVOID CRASH,5800,S,SANGAMON ST,2,NO INDICATION OF INJURY,0.0,0.0,0.0,0.0,0.0,2.0,0.0,10,5,7
d3e25452b26d463bbf19d588e1a22f615c9918e6b83c4c300b0a2ef8fdf967e3ead24b1afb0094d1704156e21c5e33ce92b621859bbdef6f3c81f785e817976c,2018-08-19 13:21:00,15,NO CONTROLS,NO CONTROLS,CLEAR,DAYLIGHT,ANGLE,NOT DIVIDED,STRAIGHT AND LEVEL,DRY,NO DEFECTS,INJURY AND / OR TOW DUE TO CRASH,"OVER $1,500",IMPROPER BACKING,UNABLE TO DETERMINE,65,E,WACKER PL,2,NO INDICATION OF INJURY,0.0,0.0,0.0,0.0,0.0,2.0,0.0,13,1,8
14e454e712bf844393b0475e09eaceeb3225582e07d3cc27888c589abd72f9617b38874844b4d640a4cd18521501580718e3ff10664b0461c8497bb887793f0e,2019-10-18 22:55:00,30,NO CONTROLS,NO CONTROLS,CLEAR,"DARKNESS, LIGHTED ROAD",OVERTURNED,DIVIDED - W/MEDIAN (NOT RAISED),STRAIGHT AND LEVEL,DRY,NO DEFECTS,INJURY AND / OR TOW DUE TO CRASH,"OVER $1,500",UNABLE TO DETERMINE,NOT APPLICABLE,6231,N,BROADWAY,2,NONINCAPACITATING INJURY,1.0,0.0,0.0,1.0,0.0,1.0,0.0,22,6,10
30761d2f4bb56f31d33d312747f15bfcb4855dad4dc2b51c50ba6af38252b428494e892272f81f99a058b0438fecddf072f311679822d6ad4750da41c482bb4c,2023-01-16 18:00:00,30,NO CONTROLS,NO CONTROLS,CLEAR,UNKNOWN,PARKED MOTOR VEHICLE,ONE-WAY,STRAIGHT AND LEVEL,UNKNOWN,UNKNOWN,NO INJURY / DRIVE AWAY,"OVER $1,500",UNABLE TO DETERMINE,NOT APPLICABLE,12148,S,PERRY AVE,2,NO INDICATION OF INJURY,0.0,0.0,0.0,0.0,0.0,1.0,0.0,18,2,1
d62fe473158da30fd231a94217bbd8806503d6c3e38905c4e1d156811cb9be61cc0cf8fcdfb5b92c43b4fa572ee4a1408824641c3e6ebeb2aa7d275e6e767013,2023-01-21 05:00:00,20,NO CONTROLS,NO CONTROLS,CLEAR,"DARKNESS, LIGHTED ROAD",PARKED MOTOR VEHICLE,ONE-WAY,STRAIGHT AND LEVEL,DRY,NO DEFECTS,NO INJURY / DRIVE AWAY,"$501 - $1,500",UNABLE TO DETERMINE,NOT APPLICABLE,4730,W,WELLINGTON AVE,2,NO INDICATION OF INJURY,0.0,0.0,0.0,0.0,0.0,1.0,0.0,5,7,1
d13cd5f261f3d2450d4ab394ce7fa293a49622397f6155e7cfd73dce3f1964b2c554445c5793065769b2fc20baa448224deb42b99ff1645059fdcb9be69a37d0,2020-09-04 18:30:00,30,TRAFFIC SIGNAL,FUNCTIONING PROPERLY,CLEAR,DAYLIGHT,REAR END,NOT DIVIDED,STRAIGHT AND LEVEL,DRY,NO DEFECTS,NO INJURY / DRIVE AWAY,"OVER $1,500",UNABLE TO DETERMINE,NOT APPLICABLE,520,N,HALSTED ST,2,NO INDICATION OF INJURY,0.0,0.0,0.0,0.0,0.0,2.0,0.0,18,6,9
63c4b20fac6b00ec077ef813a3b4a7ed598dddcf71d8b7520ec9f78bca0ee5661e15fa6ef11b1a1bc32e59eb5cc13cc1fa8e6fc46759abaf5628dd76a2ae97a3,2018-02-06 10:00:00,30,TRAFFIC SIGNAL,FUNCTIONING PROPERLY,CLEAR,DAYLIGHT,ANGLE,NOT DIVIDED,STRAIGHT AND LEVEL,WET,NO DEFECTS,NO INJURY / DRIVE AWAY,"OVER $1,500",DISREGARDING TRAFFIC SIGNALS,NOT APPLICABLE,1200,N,CENTRAL PARK AVE,2,NO INDICATION OF INJURY,0.0,0.0,0.0,0.0,0.0,2.0,0.0,10,3,2
6b64dda26a66384cab060b6b672fff672377d7094baae5a47b41b01bfae3f9360fdf384954f0df70ef28cc925fa62f458b2eb2a2e6c60040b3116cd3dda3a615,2023-04-05 21:00:00,0,NO CONTROLS,NO CONTROLS,UNKNOWN,UNKNOWN,PARKED MOTOR VEHICLE,PARKING LOT,STRAIGHT AND LEVEL,DRY,NO DEFECTS,NO INJURY / DRIVE AWAY,"$501 - $1,500",UNABLE TO DETERMINE,UNABLE TO DETERMINE,3833,W,WASHINGTON BLVD,2,NO INDICATION OF INJURY,0.0,0.0,0.0,0.0,0.0,1.0,0.0,21,4,4
cff18822ff8fef55a9ff9d834f1287b213fff7ad1fef7ecbac3d1b367ca86449e13ad794775cc3ec5ef37a08525ffd0b7409c0cd508d47b2ef932f0d1c1eeba2,2019-09-17 17:10:00,10,NO CONTROLS,NO CONTROLS,CLEAR,DAYLIGHT,SIDESWIPE OPPOSITE DIRECTION,PARKING LOT,STRAIGHT AND LEVEL,DRY,NO DEFECTS,NO INJURY / DRIVE AWAY,"OVER $1,500",UNABLE TO DETERMINE,NOT APPLICABLE,5125,S,PULASKI RD,2,NO INDICATION OF INJURY,0.0,0.0,0.0,0.0,0.0,2.0,0.0,17,3,9
693356348899ee711349318af1970f6c84a00b4e998b1b02e6cb97efe1cc807bd2935f804fe2706773114d287569729ac0a089c65c4914d3b50252aae363e7a7,2019-09-09 15:00:00,30,UNKNOWN,UNKNOWN,CLEAR,DAYLIGHT,REAR END,NOT DIVIDED,STRAIGHT AND LEVEL,DRY,NO DEFECTS,NO INJURY / DRIVE AWAY,$500 OR LESS,FOLLOWING TOO CLOSELY,FOLLOWING TOO CLOSELY,5202,N,PULASKI RD,2,NO INDICATION OF INJURY,0.0,0.0,0.0,0.0,0.0,2.0,0.0,15,2,9
4db67d145d891306404f59d1c2426714a19780762f5535c107a6f7811ad643d26765c86f843a2dab83c22026a20ba0bf9bd8f59c482787583746d500d1e663f8,2023-06-22 10:20:00,30,UNKNOWN,UNKNOWN,CLEAR,DAYLIGHT,ANGLE,NOT DIVIDED,STRAIGHT AND LEVEL,DRY,UNKNOWN,NO INJURY / DRIVE AWAY,"OVER $1,500",UNABLE TO DETERMINE,UNABLE TO DETERMINE,2934,W,PALMER ST,2,NO INDICATION OF INJURY,0.0,0.0,0.0,0.0,0.0,2.0,0.0,10,5,6
84ebdfb6026001567e6012864f24ce8514ed3edf23c2ec61224bf08f5962893116d3c6b5342c60f8e9e5edec72c827f7afde8b45f36d5fdc66ac76521318fe74,2020-10-03 11:40:00,35,TRAFFIC SIGNAL,FUNCTIONING PROPERLY,CLEAR,DAYLIGHT,REAR END,FOUR WAY,STRAIGHT AND LEVEL,DRY,NO DEFECTS,INJURY AND / OR TOW DUE TO CRASH,"OVER $1,500",FOLLOWING TOO CLOSELY,UNABLE TO DETERMINE,7600,S,VINCENNES AVE,2,NONINCAPACITATING INJURY,2.0,0.0,0.0,2.0,0.0,1.0,0.0,11,7,10
fcd8120d2421a14a98cf8c6a314e94cfd3f5e14500d6f4959b54e1f4a8ee71218d5669c0737b9974ed8ecd0bfcf34fe9e298beb982fbf9d41170a0a1274de0c5,2020-02-13 18:05:00,30,NO CONTROLS,NO CONTROLS,CLEAR,DAYLIGHT,REAR END,NOT DIVIDED,STRAIGHT AND LEVEL,WET,NO DEFECTS,NO INJURY / DRIVE AWAY,"$501 - $1,500",FAILING TO REDUCE SPEED TO AVOID CRASH,NOT APPLICABLE,6248,N,CALDWELL AVE,2,NO INDICATION OF INJURY,0.0,0.0,0.0,0.0,0.0,2.0,0.0,18,5,2
e858c8a7159fdc112859a5d7c33549ac7966c041f1dc929d4baf038320f2307fa3971733d5b7868eee9034441942569c95ce957168a8e14247a3eb8ebb5a4b69,2021-08-18 19:30:00,30,TRAFFIC SIGNAL,FUNCTIONING IMPROPERLY,CLEAR,"DARKNESS, LIGHTED ROAD",SIDESWIPE SAME DIRECTION,DIVIDED - W/MEDIAN (NOT RAISED),STRAIGHT AND LEVEL,DRY,UNKNOWN,INJURY AND / OR TOW DUE TO CRASH,"OVER $1,500",UNABLE TO DETERMINE,UNABLE TO DETERMINE,5500,S,WENTWORTH AVE,2,NONINCAPACITATING INJURY,1.0,0.0,0.0,1.0,0.0,1.0,0.0,19,4,8
f12a294e8f7bcd5504e9063fcce469871a3d05c4903bbd5340f3b10c8803ddcb771624ffce449429f1985933f8153ac622b154ac5b1ab79c460389ebaf029960,2020-07-01 08:40:00,30,TRAFFIC SIGNAL,FUNCTIONING PROPERLY,CLEAR,DAYLIGHT,TURNING,FOUR WAY,STRAIGHT AND LEVEL,DRY,NO DEFECTS,NO INJURY / DRIVE AWAY,"OVER $1,500",UNABLE TO DETERMINE,UNABLE TO DETERMINE,232,W,GARFIELD BLVD,2,NO INDICATION OF INJURY,0.0,0.0,0.0,0.0,0.0,5.0,0.0,8,4,7
e84e40a44ce590c537ab90a37283c5d566afbd91337362bb4a51bcfafe6e0a3094268af89e384274d8cd0fc9193deadfc49538e4c2ca852c0c4b23b126c923ba,2024-04-02 19:40:00,30,NO CONTROLS,NO CONTROLS,RAIN,DAWN,PARKED MOTOR VEHICLE,NOT DIVIDED,STRAIGHT AND LEVEL,WET,NO DEFECTS,NO INJURY / DRIVE AWAY,"OVER $1,500",UNABLE TO DETERMINE,NOT APPLICABLE,3139,S,LAWNDALE AVE,3,NO INDICATION OF INJURY,0.0,0.0,0.0,0.0,0.0,1.0,0.0,19,3,4
d295dbe100a070b0233870f6a6808315eb6c1d8bf9f8510ba73767dc403e7d0a3b5dcffeb0474ac35660b86f80e34b766045d07ed49f29434b0d77bc1879d43f,2019-05-08 15:30:00,45,NO CONTROLS,NO CONTROLS,CLEAR,DAYLIGHT,OTHER OBJECT,DIVIDED - W/MEDIAN BARRIER,STRAIGHT AND LEVEL,DRY,"RUT, HOLES",NO INJURY / DRIVE AWAY,$500 OR LESS,NOT APPLICABLE,NOT APPLICABLE,5000,N,LAKE SHORE DR SB,1,NO INDICATION OF INJURY,0.0,0.0,0.0,0.0,0.0,1.0,0.0,15,4,5
4c3a232bf18e2c597f9245590b0d1f8bb357b158d1d0b0f51c5a130844e4209feea5c20996be76ffedc8d66c11dac59926d5dde99b4a2580138900f037dbdcce,2019-11-09 22:34:00,30,TRAFFIC SIGNAL,FUNCTIONING PROPERLY,CLEAR,"DARKNESS, LIGHTED ROAD",TURNING,ONE-WAY,STRAIGHT AND LEVEL,DRY,NO DEFECTS,INJURY AND / OR TOW DUE TO CRASH,"OVER $1,500",UNABLE TO DETERMINE,NOT APPLICABLE,499,E,GRAND AVE,2,INCAPACITATING INJURY,1.0,0.0,1.0,0.0,0.0,1.0,0.0,22,7,11
dc73625936d5281cab528f096c8125d6e2fd54c6758d19ae0338755272c8f8dc28cf3fc84d844a5d8b268ca3822e6191c182996382ab486674be1f80e687c500,2018-06-04 01:11:00,30,TRAFFIC SIGNAL,FUNCTIONING PROPERLY,CLEAR,"DARKNESS, LIGHTED ROAD",HEAD ON,CENTER TURN LANE,STRAIGHT AND LEVEL,DRY,NO DEFECTS,INJURY AND / OR TOW DUE TO CRASH,"OVER $1,500",IMPROPER LANE USAGE,UNABLE TO DETERMINE,259,S,SACRAMENTO BLVD,2,NONINCAPACITATING INJURY,3.0,0.0,0.0,3.0,0.0,1.0,0.0,1,2,6
b78337b68fc43468824596f00b351a2ebcab8e5e57313d83f981fae2ac0cd9d6bc654db472230db3fc1a250906c41920bb6e0b95f9f9f4219b5e8dacca35eb39,2023-01-14 14:00:00,30,NO CONTROLS,NO CONTROLS,CLEAR,DAYLIGHT,REAR END,NOT DIVIDED,STRAIGHT AND LEVEL,DRY,NO DEFECTS,INJURY AND / OR TOW DUE TO CRASH,"OVER $1,500",UNABLE TO DETERMINE,NOT APPLICABLE,300,N,LARAMIE AVE,2,"REPORTED, NOT EVIDENT",2.0,0.0,0.0,0.0,2.0,1.0,0.0,14,7,1
f3b86733a4d6e65d91036ed0ee7079bc2a5d8bd84e9d38fa733fac260b2d820c22b3bdd60cec5cfc69ea47f83d494caab22fe43d19a2d0a3c1b517e7b43629cb,2020-02-12 11:00:00,30,TRAFFIC SIGNAL,FUNCTIONING PROPERLY,CLEAR,DAYLIGHT,PARKED MOTOR VEHICLE,NOT DIVIDED,STRAIGHT AND LEVEL,DRY,NO DEFECTS,INJURY AND / OR TOW DUE TO CRASH,"OVER $1,500",UNABLE TO DETERMINE,NOT APPLICABLE,7909,S,COTTAGE GROVE AVE,2,NO INDICATION OF INJURY,0.0,0.0,0.0,0.0,0.0,1.0,0.0,11,4,2
5f7c3afe0a1afbf40aa8a61e2a34135af9db6dcba931c9151bfcbf6a568f177766b3bb3dcce364e15e364ff5aa99270f9b9c1bd87d69d2ec80bd6d2297e89166,2018-08-22 20:30:00,30,TRAFFIC SIGNAL,FUNCTIONING PROPERLY,CLEAR,DUSK,TURNING,OTHER,STRAIGHT AND LEVEL,DRY,NO DEFECTS,NO INJURY / DRIVE AWAY,"OVER $1,500",IMPROPER TURNING/NO SIGNAL,IMPROPER OVERTAKING/PASSING,590,N,MICHIGAN AVE,2,NO INDICATION OF INJURY,0.0,0.0,0.0,0.0,0.0,2.0,0.0,20,4,8
eae6c47be86285c8901593e048ecefcbd07508edc9843764e521739144e85b0063275856fbd7e2ffd6cd1cdc8109306b74fe70ffb0449a1c751cb78c424f3425,2023-09-09 23:00:00,30,TRAFFIC SIGNAL,UNKNOWN,UNKNOWN,UNKNOWN,TURNING,NOT DIVIDED,STRAIGHT AND LEVEL,OTHER,UNKNOWN,NO INJURY / DRIVE AWAY,"OVER $1,500",NOT APPLICABLE,NOT APPLICABLE,7900,S,SOUTH SHORE DR,2,NO INDICATION OF INJURY,0.0,0.0,0.0,0.0,0.0,2.0,0.0,23,7,9
ea12ed1880c4ffb58ef8d0a2d141d624c79aa679bfbda548a3d1c99f889aef00a928ee1a4cd25a60cb6cc994c4d2ba02152e05c557ca15be8ea3b2ef63a03e38,2021-12-31 21:30:00,30,STOP SIGN/FLASHER,UNKNOWN,UNKNOWN,DARKNESS,HEAD ON,FOUR WAY,STRAIGHT AND LEVEL,UNKNOWN,UNKNOWN,INJURY AND / OR TOW DUE TO CRASH,"OVER $1,500",UNABLE TO DETERMINE,NOT APPLICABLE,6700,S,JUSTINE ST,2,NO INDICATION OF INJURY,0.0,0.0,0.0,0.0,0.0,2.0,0.0,21,6,12