CRASH_RECORD_ID,CRASH_DATE,POSTED_SPEED_LIMIT,TRAFFIC_CONTROL_DEVICE,DEVICE_CONDITION,WEATHER_CONDITION,LIGHTING_CONDITION,FIRST_CRASH_TYPE,TRAFFICWAY_TYPE,ALIGNMENT,ROADWAY_SURFACE_COND,ROAD_DEFECT,CRASH_TYPE,DAMAGE,PRIM_CONTRIBUTORY_CAUSE,SEC_CONTRIBUTORY_CAUSE,STREET_NO,STREET_DIRECTION,STREET_NAME,NUM_UNITS,MOST_SEVERE_INJURY,INJURIES_TOTAL,INJURIES_FATAL,INJURIES_INCAPACITATING,INJURIES_NON_INCAPACITATING,INJURIES_REPORTED_NOT_EVIDENT,INJURIES_NO_INDICATION,INJURIES_UNKNOWN,CRASH_HOUR,CRASH_DAY_OF_WEEK,CRASH_MONTH
bb11561c84075185b0a821de09daa911cd78cb0348ccf0c5bb967be861541a68ec540175739ec4b58d20b46c1c4e5b93848b287226f26a50856bc21c71217e43,2016-03-29 19:45:00,30,TRAFFIC SIGNAL,FUNCTIONING PROPERLY,CLEAR,"DARKNESS, LIGHTED ROAD",REAR END,NOT DIVIDED,STRAIGHT AND LEVEL,DRY,NO DEFECTS,INJURY AND / OR TOW DUE TO CRASH,"OVER $1,500",FOLLOWING TOO CLOSELY,FAILING TO REDUCE SPEED TO AVOID CRASH,6352,N,CALDWELL AVE,2,NO INDICATION OF INJURY,0.0,0.0,0.0,0.0,0.0,2.0,0.0,19,3,3
05975100f2464d03b1ce4cb8d703912a5882dd9b15f20b803183f0b33cc111daf08c381c860fdd4066f6813270727387a546dc5005b805d13e7632354ab2a85a,2020-07-03 19:03:00,30,NO CONTROLS,NO CONTROLS,CLEAR,DAYLIGHT,TURNING,DIVIDED - W/MEDIAN (NOT RAISED),STRAIGHT AND LEVEL,DRY,NO DEFECTS,INJURY AND / OR TOW DUE TO CRASH,"OVER $1,500",UNABLE TO DETERMINE,NOT APPLICABLE,5630,W,FULLERTON AVE,2,NO INDICATION OF INJURY,0.0,0.0,0.0,0.0,0.0,2.0,0.0,19,6,7
aed2da1aed14b156f77a61371e12a3e585837f6563272e57986d0da48e54cc37cdec6b37c7bed2b5da7f32ef7064fe48c9fd8e3973fb666ef426a04a18b265aa,2020-05-30 11:55:00,30,NO CONTROLS,NO CONTROLS,CLEAR,DAYLIGHT,PARKED MOTOR VEHICLE,OTHER,STRAIGHT AND LEVEL,DRY,NO DEFECTS,NO INJURY / DRIVE AWAY,"$501 - $1,500",FOLLOWING TOO CLOSELY,IMPROPER OVERTAKING/PASSING,2554,S,SPRINGFIELD AVE,2,NO INDICATION OF INJURY,0.0,0.0,0.0,0.0,0.0,1.0,0.0,11,7,5
3b30f5ef7fe8d1b4314d80368f3be80e6237cb83004b20cb4edd8d6d6f5d53023e5025066194b0d649d8de7682f62219cdc4b3363a29b67ea583de882d7c04ff,2023-07-03 04:00:00,30,TRAFFIC SIGNAL,FUNCTIONING PROPERLY,CLEAR,DAYLIGHT,REAR TO FRONT,FOUR WAY,STRAIGHT AND LEVEL,DRY,NO DEFECTS,NO INJURY / DRIVE AWAY,"OVER $1,500",IMPROPER BACKING,NOT APPLICABLE,420,N,CLARK ST,2,NO INDICATION OF INJURY,0.0,0.0,0.0,0.0,0.0,2.0,0.0,4,2,7
a9ead461855528b3719295047de7e12193ee645e4e34815ac83b9bce7033d11ec5373d5b53d75cb1137abe0b077d9ef007e0127befe1dd5076132e864e310be2,2021-08-22 05:30:00,30,NO CONTROLS,NO CONTROLS,UNKNOWN,"DARKNESS, LIGHTED ROAD",PARKED MOTOR VEHICLE,ONE-WAY,STRAIGHT AND LEVEL,UNKNOWN,UNKNOWN,NO INJURY / DRIVE AWAY,"$501 - $1,500",NOT APPLICABLE,NOT APPLICABLE,51,E,72ND ST,2,NO INDICATION OF INJURY,0.0,0.0,0.0,0.0,0.0,1.0,0.0,5,1,8
2fdd3f3d9ecb37d4c075d344f75d629d2d93b2a6ba6a1bd2845403139de5ab049388c6700e4c4141dd6c8facdd7428283ea7346510ae22fd876ca69c0620d16e,2021-06-11 16:13:00,30,TRAFFIC SIGNAL,FUNCTIONING PROPERLY,CLEAR,DAYLIGHT,REAR END,NOT DIVIDED,STRAIGHT AND LEVEL,DRY,NO DEFECTS,INJURY AND / OR TOW DUE TO CRASH,"OVER $1,500",FOLLOWING TOO CLOSELY,FAILING TO YIELD RIGHT-OF-WAY,4455,S,WESTERN AVE,3,NO INDICATION OF INJURY,0.0,0.0,0.0,0.0,0.0,4.0,0.0,16,6,6
47cf2224c1c5292711fb027d0c062804d93c80d390eebc534983b0dc9bb7a011116576e18222119473932a1a3dbe7f57009550a4ccfb751d85f01f0fd2de99c4,2018-06-14 23:00:00,20,NO CONTROLS,NO CONTROLS,CLEAR,"DARKNESS, LIGHTED ROAD",PARKED MOTOR VEHICLE,NOT DIVIDED,STRAIGHT AND LEVEL,DRY,NO DEFECTS,NO INJURY / DRIVE AWAY,"OVER $1,500",IMPROPER LANE USAGE,DRIVING SKILLS/KNOWLEDGE/EXPERIENCE,4016,N,KENMORE AVE,3,NO INDICATION OF INJURY,0.0,0.0,0.0,0.0,0.0,2.0,0.0,23,5,6
961c2fbcb2a022064f7bad1933253263c0247e89694570dc21afcda275aeb32b471676c71e37a6d35027edae9bbc08fbc5f836a0c70f6fbcdb384888e724bd3a,2017-06-14 14:45:00,30,NO CONTROLS,NO CONTROLS,CLEAR,DAYLIGHT,SIDESWIPE SAME DIRECTION,DIVIDED - W/MEDIAN (NOT RAISED),STRAIGHT AND LEVEL,DRY,NO DEFECTS,NO INJURY / DRIVE AWAY,"OVER $1,500",UNABLE TO DETERMINE,UNABLE TO DETERMINE,4650,W,NORTH AVE,2,NO INDICATION OF INJURY,0.0,0.0,0.0,0.0,0.0,2.0,0.0,14,4,6
77a138c1c2177fdf8c6b846cd716dc0616074323752c7fa11ae3b47ff0ff1d9a1d4e8c93f9fdd690b9a295c3bd972851fa313c37cdeb9c1f2930b6dca66a720a,2022-10-10 16:23:00,30,TRAFFIC SIGNAL,FUNCTIONING PROPERLY,CLEAR,DAYLIGHT,REAR END,DIVIDED - W/MEDIAN BARRIER,STRAIGHT AND LEVEL,DRY,NO DEFECTS,NO INJURY / DRIVE AWAY,"$501 - $1,500",UNABLE TO DETERMINE,NOT APPLICABLE,1201,S,HALSTED ST,2,NO INDICATION OF INJURY,0.0,0.0,0.0,0.0,0.0,3.0,0.0,16,2,10
23c6dc847eff9ac9c42820d3fb1d69b8acdc616c4b71b40ab03e4d16756f5e1de3cb72bc4cb3b8a56fc3af8804c2edb0974d0ea6aba2046606152d933e99ff1f,2016-08-05 17:40:00,30,TRAFFIC SIGNAL,FUNCTIONING PROPERLY,CLEAR,DAYLIGHT,REAR END,NOT DIVIDED,STRAIGHT AND LEVEL,DRY,NO DEFECTS,INJURY AND / OR TOW DUE TO CRASH,"$501 - $1,500",FOLLOWING TOO CLOSELY,UNABLE TO DETERMINE,1200,E,53RD ST,2,"REPORTED, NOT EVIDENT",1.0,0.0,0.0,0.0,1.0,1.0,0.0,17,6,8
943d533e96882d585b604b5a532e38d152f31f30125e0b26338a7fe0add7ef69fb24450f0bb5512a7cc8802097602016b3808f9c94534355ccdccdc5fe2a49c7,2023-06-27 20:25:00,30,TRAFFIC SIGNAL,FUNCTIONING PROPERLY,CLEAR,"DARKNESS, LIGHTED ROAD",TURNING,NOT DIVIDED,STRAIGHT AND LEVEL,DRY,NO DEFECTS,NO INJURY / DRIVE AWAY,"$501 - $1,500",FAILING TO YIELD RIGHT-OF-WAY,NOT APPLICABLE,5956,N,PULASKI RD,2,NO INDICATION OF INJURY,0.0,0.0,0.0,0.0,0.0,2.0,0.0,20,3,6
3bac13fc3a0b5faeab36b4b46eea42e898201674c90ef5c63ef0c97cc23cd89775cc04bbda2675cfa923a86c9856722f5803074a20b4ca8a77868dbb5bf0e778,2016-11-10 13:04:00,30,NO CONTROLS,NO CONTROLS,CLEAR,DAYLIGHT,REAR END,DIVIDED - W/MEDIAN (NOT RAISED),STRAIGHT AND LEVEL,DRY,NO DEFECTS,NO INJURY / DRIVE AWAY,$500 OR LESS,FOLLOWING TOO CLOSELY,UNABLE TO DETERMINE,5010,W,LAWRENCE AVE,2,NO INDICATION OF INJURY,0.0,0.0,0.0,0.0,0.0,2.0,0.0,13,5,11
7ff91f0266a61a2d594f8ef5e1c4e1585e43fbe355f341a4ad852bcea4206eea8ccda3b6719c67612634413437d43727273e38c4adbb7b88fc28b668475963e1,2020-08-20 19:06:00,30,STOP SIGN/FLASHER,FUNCTIONING PROPERLY,CLEAR,DAYLIGHT,SIDESWIPE SAME DIRECTION,ONE-WAY,STRAIGHT AND LEVEL,DRY,NO DEFECTS,INJURY AND / OR TOW DUE TO CRASH,"OVER $1,500",IMPROPER BACKING,NOT APPLICABLE,7500,S,PRAIRIE AVE,4,NO INDICATION OF INJURY,0.0,0.0,0.0,0.0,0.0,2.0,0.0,19,5,8
416f09449d98d5c986f71d72e5f6648ffa22bb59cbec6e488a99b8a94c97c1e0c26e86a9ca2373dcf2570cac12e8fb081270d5b9ee0648b453cd497be37c35f7,2019-01-29 13:30:00,30,TRAFFIC SIGNAL,FUNCTIONING PROPERLY,CLEAR,DAYLIGHT,TURNING,NOT DIVIDED,STRAIGHT AND LEVEL,UNKNOWN,UNKNOWN,NO INJURY / DRIVE AWAY,"$501 - $1,500",UNABLE TO DETERMINE,UNABLE TO DETERMINE,10300,S,STONY ISLAND EXT AVE,2,NO INDICATION OF INJURY,0.0,0.0,0.0,0.0,0.0,2.0,0.0,13,3,1
bd984f7b6c02e19fc7b547a3c0651ef56f3f8df0c8fc99b43abf3ff7e93108fb40216a31f8240290d9fe512a8fc47f21770e1dfb353f488c81d1218367642576,2023-04-17 16:37:00,30,STOP SIGN/FLASHER,NO CONTROLS,CLEAR,DAYLIGHT,REAR END,NOT DIVIDED,STRAIGHT AND LEVEL,DRY,NO DEFECTS,NO INJURY / DRIVE AWAY,"OVER $1,500",FOLLOWING TOO CLOSELY,FOLLOWING TOO CLOSELY,13300,S,BRAINARD AVE,2,NO INDICATION OF INJURY,0.0,0.0,0.0,0.0,0.0,4.0,0.0,16,2,4
c3ec8891216ffc0811e84d552c081c0a5437ab861e3698069cd3b59d91fbf96e3e785e70e70041b95e7c8b62367c91ea10a88afeb28ba3cbf1c63e1b6903db9d,2022-12-13 18:20:00,30,NO CONTROLS,NO CONTROLS,CLEAR,DARKNESS,SIDESWIPE SAME DIRECTION,NOT DIVIDED,STRAIGHT AND LEVEL,DRY,NO DEFECTS,NO INJURY / DRIVE AWAY,"$501 - $1,500",UNABLE TO DETERMINE,UNABLE TO DETERMINE,600,N,WELLS ST,2,NO INDICATION OF INJURY,0.0,0.0,0.0,0.0,0.0,2.0,0.0,18,3,12
c94db9e9a7209ae4eff2f90f2774830be9b191b200b14d9b411b5e74e3e0735bf9af6b8ef3e1060e5ce3bd71f820576551296f2c306de8be888fb0439a9e0e3c,2022-01-12 13:00:00,10,NO CONTROLS,NO CONTROLS,CLEAR,DAYLIGHT,PEDESTRIAN,ONE-WAY,STRAIGHT AND LEVEL,DRY,NO DEFECTS,INJURY AND / OR TOW DUE TO CRASH,$500 OR LESS,UNABLE TO DETERMINE,UNABLE TO DETERMINE,5601,S,HARLEM AVE,2,NONINCAPACITATING INJURY,1.0,0.0,0.0,1.0,0.0,1.0,0.0,13,4,1
281044782cece545f36c557cdd027ab472790f0e7004e366a27208b89aca34408e7852d868198c3e49cfa431772a68a6d60d04badf78b4bac7fa715663c0b678,2023-06-26 20:23:00,30,TRAFFIC SIGNAL,FUNCTIONING PROPERLY,CLEAR,DUSK,REAR END,T-INTERSECTION,STRAIGHT AND LEVEL,DRY,NO DEFECTS,NO INJURY / DRIVE AWAY,"$501 - $1,500",FOLLOWING TOO CLOSELY,UNABLE TO DETERMINE,5354,W,NORTH AVE,2,NO INDICATION OF INJURY,0.0,0.0,0.0,0.0,0.0,5.0,0.0,20,2,6
f04fa593f50238fe3c0afffa2bc1c6cda71bcfa916e293981a17cf674d21bafc204a0d0486773889be2ed0be828d83e6128b1cca722d888d7f47782f3e292003,2020-04-29 12:10:00,20,TRAFFIC SIGNAL,FUNCTIONING PROPERLY,RAIN,DAYLIGHT,TURNING,FOUR WAY,STRAIGHT AND LEVEL,WET,NO DEFECTS,NO INJURY / DRIVE AWAY,"$501 - $1,500",UNABLE TO DETERMINE,UNABLE TO DETERMINE,600,S,CENTRAL AVE,2,NO INDICATION OF INJURY,0.0,0.0,0.0,0.0,0.0,2.0,0.0,12,4,4
0959bd3d14965ce9a42e5bd3dd100e623d3ce49abb5b157d90a93ae30b831914d4ef57c1b586b22df347bf78df37e79783598435530103c08cee37ffc7cb4b88,2021-03-10 16:25:00,30,NO CONTROLS,NO CONTROLS,CLEAR,DAYLIGHT,REAR END,NOT DIVIDED,STRAIGHT AND LEVEL,DRY,NO DEFECTS,INJURY AND / OR TOW DUE TO CRASH,"OVER $1,500",UNABLE TO DETERMINE,NOT APPLICABLE,3441,W,GRAND AVE,2,NONINCAPACITATING INJURY,4.0,0.0,0.0,2.0,2.0,0.0,0.0,16,4,3
345ee1a831222d76ab09d3c938383c90ae777023a2f5283a6f6a0a16a51c22849e17538fcc8c005ef627888a96948a81c2fa79ca0fc079927fc784105c8bbc41,2020-06-21 02:48:00,30,NO CONTROLS,UNKNOWN,CLEAR,"DARKNESS, LIGHTED ROAD",SIDESWIPE SAME DIRECTION,NOT DIVIDED,STRAIGHT AND LEVEL,WET,NO DEFECTS,INJURY AND / OR TOW DUE TO CRASH,"OVER $1,500",UNABLE TO DETERMINE,UNABLE TO DETERMINE,2615,E,74TH ST,5,NO INDICATION OF INJURY,0.0,0.0,0.0,0.0,0.0,2.0,0.0,2,1,6
ebef20f5f28c96dee3c5f1e321d711d40b114aa39d8fc7ed4e8632e724b0bed7daa11e03e0982fa748686b16dedea29d05f2d0e5b418c264eb6be2e9a49b12a2,2019-09-25 09:30:00,35,STOP SIGN/FLASHER,FUNCTIONING PROPERLY,CLOUDY/OVERCAST,DAYLIGHT,REAR END,ONE-WAY,STRAIGHT AND LEVEL,WET,NO DEFECTS,NO INJURY / DRIVE AWAY,"OVER $1,500",FAILING TO REDUCE SPEED TO AVOID CRASH,NOT APPLICABLE,1553,W,110TH ST,2,NO INDICATION OF INJURY,0.0,0.0,0.0,0.0,0.0,2.0,0.0,9,4,9
4751233c3d8557d3cc273a489b14e632550886f2c24638c95e721c0fffc67ce1918435df86f9267167aec3cdd21f39bf9dbaa580dbfe086f72e2e2fd3230b86e,2023-01-17 00:44:00,30,STOP SIGN/FLASHER,FUNCTIONING PROPERLY,CLEAR,"DARKNESS, LIGHTED ROAD",FIXED OBJECT,ONE-WAY,STRAIGHT AND LEVEL,WET,NO DEFECTS,INJURY AND / OR TOW DUE TO CRASH,"OVER $1,500",UNABLE TO DETERMINE,UNABLE TO DETERMINE,5658,S,WOLCOTT AVE,1,NO INDICATION OF INJURY,0.0,0.0,0.0,0.0,0.0,2.0,0.0,0,3,1
fd3648efda0ccba4cf121c7483ca20dd918be1c21a51e8469bb9cf14416ad1d037250611049bb5c42e86a2e80a712af42b11a06d960fcc7f7ac45e0cb985bfdf,2021-07-02 14:30:00,15,NO CONTROLS,NO CONTROLS,CLEAR,DAYLIGHT,PARKED MOTOR VEHICLE,OTHER,STRAIGHT AND LEVEL,DRY,NO DEFECTS,NO INJURY / DRIVE AWAY,"OVER $1,500",UNABLE TO DETERMINE,NOT APPLICABLE,600,W,KINZIE ST,2,NO INDICATION OF INJURY,0.0,0.0,0.0,0.0,0.0,1.0,0.0,14,6,7
be06b9fc189c1f9f3abe9edbd73b163bea073c113e2d3e47337be4b2b309a7c7d0880cf19db60c05afdbf4bb7a7f4b612e3870fec1489c193611e2bb687c2ccf,2022-03-31 11:07:00,30,NO CONTROLS,NO CONTROLS,SNOW,"DARKNESS, LIGHTED ROAD",HEAD ON,NOT DIVIDED,STRAIGHT AND LEVEL,WET,NO DEFECTS,NO INJURY / DRIVE AWAY,"OVER $1,500",DISREGARDING ROAD MARKINGS,IMPROPER LANE USAGE,1700,W,51ST ST,2,NO INDICATION OF INJURY,0.0,0.0,0.0,0.0,0.0,2.0,0.0,11,5,3
1dbd60c3465765e3e72710dd0757813596f9c4f00399a4114b257b9ebdf2d98852f355b2975d94a0cebee4564ec04550e76552103ec030c36e475fa4b937e264,2024-04-11 12:50:00,30,NO CONTROLS,NO CONTROLS,CLEAR,DAYLIGHT,ANGLE,DIVIDED - W/MEDIAN (NOT RAISED),STRAIGHT AND LEVEL,DRY,NO DEFECTS,NO INJURY / DRIVE AWAY,"OVER $1,500",FAILING TO YIELD RIGHT-OF-WAY,UNABLE TO DETERMINE,4134,W,ARMITAGE AVE,2,NO INDICATION OF INJURY,0.0,0.0,0.0,0.0,0.0,3.0,0.0,12,5,4
add65d51da01565483f6f15001469cbc349a3ecaf35ead835244424bbdcc527774a4dec2265e8a18853231d88588a49e175c18ba1d87a82ae5065295d1e59092,2021-04-19 04:45:00,25,STOP SIGN/FLASHER,FUNCTIONING PROPERLY,CLEAR,"DARKNESS, LIGHTED ROAD",FIXED OBJECT,FOUR WAY,STRAIGHT AND LEVEL,DRY,NO DEFECTS,NO INJURY / DRIVE AWAY,"OVER $1,500","EVASIVE ACTION DUE TO ANIMAL, OBJECT, NONMOTORIST",NOT APPLICABLE,11700,S,UNION AVE,1,NO INDICATION OF INJURY,0.0,0.0,0.0,0.0,0.0,1.0,0.0,4,2,4
601bb2ea5e381eb8faa332a3c9658f6ce894d802fa42f54d6644e37ba3f523af61e6077affb128fb3b20433077357e9c855bcd443a4d4a5bc447b11316944324,2021-09-01 14:10:00,30,TRAFFIC SIGNAL,FUNCTIONING PROPERLY,CLEAR,DAYLIGHT,REAR END,NOT DIVIDED,STRAIGHT AND LEVEL,DRY,NO DEFECTS,NO INJURY / DRIVE AWAY,"$501 - $1,500",NOT APPLICABLE,NOT APPLICABLE,158,E,115TH ST,2,NO INDICATION OF INJURY,0.0,0.0,0.0,0.0,0.0,2.0,0.0,14,4,9
7f5236bb9267a604b8b261fad807ba1774fefaa3c413ffcd0aec4221244967672dc7a26f32205329d4f520489fc94c30b8c0e9b09487a3359c816921f27877a6,2021-12-14 21:30:00,30,NO CONTROLS,NO CONTROLS,RAIN,DARKNESS,PEDESTRIAN,DIVIDED - W/MEDIAN (NOT RAISED),STRAIGHT AND LEVEL,WET,NO DEFECTS,INJURY AND / OR TOW DUE TO CRASH,"OVER $1,500",UNABLE TO DETERMINE,NOT APPLICABLE,4700,S,TRIPP AVE,2,NONINCAPACITATING INJURY,1.0,0.0,0.0,1.0,0.0,1.0,0.0,21,3,12
6fd5af51d124603fa5cdf18cb372db64077ae8a1a986bad6c3cdf23ea201199c342354c500b39b61b5c5c39fc7bae6558bb738205b327312fed927bc4739caf6,2022-11-28 10:55:00,30,STOP SIGN/FLASHER,NO CONTROLS,CLEAR,DAWN,ANGLE,NOT DIVIDED,STRAIGHT AND LEVEL,DRY,NO DEFECTS,INJURY AND / OR TOW DUE TO CRASH,"OVER $1,500",UNABLE TO DETERMINE,NOT APPLICABLE,900,N,ORLEANS ST,2,"REPORTED, NOT EVIDENT",1.0,0.0,0.0,0.0,1.0,1.0,0.0,10,2,11
cb016751d3f7b07b09fcb32b57a7cfb0966a785772ea7b25b5fb35fec24fe58a4379f910d177b46a55257919d62aebcbe6b4e07ef4b95b2f3fe12278f2ae8461,2021-02-16 09:30:00,35,TRAFFIC SIGNAL,FUNCTIONING PROPERLY,SNOW,DAYLIGHT,TURNING,CENTER TURN LANE,STRAIGHT AND LEVEL,SNOW OR SLUSH,NO DEFECTS,INJURY AND / OR TOW DUE TO CRASH,"OVER $1,500",IMPROPER TURNING/NO SIGNAL,NOT APPLICABLE,7301,S,STONY ISLAND AVE,2,NO INDICATION OF INJURY,0.0,0.0,0.0,0.0,0.0,2.0,0.0,9,3,2
96d2db41d59abdb006f3e4c938fdf1cdf4ee4b8e44f9074d87ba8df75bf30a46b7ea224417ee541ea7e28a2ba6d86129a293f5d16d3871caa442c455b9372d49,2021-02-27 11:15:00,30,NO CONTROLS,NO CONTROLS,CLEAR,DAYLIGHT,SIDESWIPE SAME DIRECTION,NOT DIVIDED,STRAIGHT AND LEVEL,DRY,NO DEFECTS,NO INJURY / DRIVE AWAY,"OVER $1,500",FOLLOWING TOO CLOSELY,UNABLE TO DETERMINE,4702,S,KEDZIE AVE,2,NO INDICATION OF INJURY,0.0,0.0,0.0,0.0,0.0,2.0,0.0,11,7,2
e573fe7c2005a8f9852c2c92daf88703f081c60fb870274379614790d66e7cf31d19c27a2b406de014559ad45e5583e5eaa358f510fa89dcdbb12a467bf24637,2024-02-27 06:40:00,30,STOP SIGN/FLASHER,NO CONTROLS,CLEAR,DAYLIGHT,FIXED OBJECT,FOUR WAY,STRAIGHT AND LEVEL,WET,NO DEFECTS,INJURY AND / OR TOW DUE TO CRASH,"OVER $1,500",FAILING TO YIELD RIGHT-OF-WAY,NOT APPLICABLE,2059,W,63RD ST,1,NONINCAPACITATING INJURY,5.0,0.0,0.0,5.0,0.0,0.0,0.0,6,3,2
7c28db54cfee169ac1b4fef3f68c0270011c004a87e80e5717e6677c5cc505d88df5d3082b8c29f5afa77a3780f86d64e3d8daa10e116f986112d18c8a6a9545,2017-05-12 10:35:00,30,TRAFFIC SIGNAL,FUNCTIONING PROPERLY,RAIN,DAYLIGHT,REAR END,NOT DIVIDED,STRAIGHT AND LEVEL,WET,NO DEFECTS,NO INJURY / DRIVE AWAY,"$501 - $1,500",FOLLOWING TOO CLOSELY,DRIVING SKILLS/KNOWLEDGE/EXPERIENCE,1200,W,69TH ST,2,NO INDICATION OF INJURY,0.0,0.0,0.0,0.0,0.0,3.0,0.0,10,6,5
2e47fa12fec4e9791517703ea822f7e748b17cc4e040d6c47d99bbe8fb2ab31d4d3902cbc3779e88d9b3fa2e380de7f405315c9800754c76e7c73e44e39d8959,2021-01-21 09:02:00,25,NO CONTROLS,NO CONTROLS,CLEAR,DAYLIGHT,ANGLE,ONE-WAY,STRAIGHT AND LEVEL,DRY,NO DEFECTS,NO INJURY / DRIVE AWAY,"OVER $1,500","VISION OBSCURED (SIGNS, TREE LIMBS, BUILDINGS, ETC.)",UNABLE TO DETERMINE,7315,N,OAKLEY AVE,2,NO INDICATION OF INJURY,0.0,0.0,0.0,0.0,0.0,2.0,0.0,9,5,1
02665e44889ed85b549bfe3e680cb42d6621a520aa8ed49de7bffc1414dee5b4f95352608098a6d61b9b60490ae4d812317162ac310200e67740c29f52837d60,2019-11-09 16:37:00,10,NO CONTROLS,NO CONTROLS,CLEAR,DAYLIGHT,PARKED MOTOR VEHICLE,UNKNOWN,STRAIGHT AND LEVEL,DRY,NO DEFECTS,NO INJURY / DRIVE AWAY,"OVER $1,500",NOT APPLICABLE,NOT APPLICABLE,100,S,LARAMIE AVE,2,NO INDICATION OF INJURY,0.0,0.0,0.0,0.0,0.0,1.0,0.0,16,7,11
3f309621da996ca7d40962e428e0cf9df89fbcadd96bd02e28462828467a8fada4cfcf38785864fffe52949ca8a800160a860a887088db67d6963ecc2fcd66b9,2022-04-16 12:25:00,20,STOP SIGN/FLASHER,FUNCTIONING PROPERLY,CLEAR,DAYLIGHT,TURNING,FOUR WAY,STRAIGHT AND LEVEL,DRY,NO DEFECTS,NO INJURY / DRIVE AWAY,"OVER $1,500",UNABLE TO DETERMINE,UNABLE TO DETERMINE,10000,W,OHARE ST,2,NO INDICATION OF INJURY,0.0,0.0,0.0,0.0,0.0,2.0,0.0,12,7,4
e7fb1add51736ac1c4c7cc522ec45c52ee6a21591df29ade5df4b8a67a4d9fcfc5747bf476049fd58d0554761df79ea1d4e3272b6e15cc537542274db1524abf,2023-12-08 23:55:00,30,NO CONTROLS,NO CONTROLS,CLEAR,"DARKNESS, LIGHTED ROAD",PARKED MOTOR VEHICLE,OTHER,STRAIGHT AND LEVEL,DRY,NO DEFECTS,NO INJURY / DRIVE AWAY,"$501 - $1,500",NOT APPLICABLE,NOT APPLICABLE,4000,W,ADDISON ST,2,NO INDICATION OF INJURY,0.0,0.0,0.0,0.0,0.0,1.0,0.0,23,6,12
3e9b68c2cb047aae5233fc6521b55321dc3520ed04f7669a538cc0c32007c73266bf18a253316e5d4d14428344a0f2061a42a23e121f234cecc30e5b533e1931,2023-04-18 08:42:00,30,UNKNOWN,UNKNOWN,UNKNOWN,DAYLIGHT,ANGLE,NOT DIVIDED,STRAIGHT AND LEVEL,UNKNOWN,UNKNOWN,INJURY AND / OR TOW DUE TO CRASH,"OVER $1,500",FAILING TO YIELD RIGHT-OF-WAY,FAILING TO YIELD RIGHT-OF-WAY,6294,S,ARCHER AVE,2,NO INDICATION OF INJURY,0.0,0.0,0.0,0.0,0.0,2.0,0.0,8,3,4
2240e84213d13165edec0b14a42ba6d666f7339a266931675a8e59b32db9e90320f6140bb05a88ac4e1fe9eaa70ebace2aa8ca7c48f00cbb1994d457ad4d39d8,2021-07-16 18:58:00,20,NO CONTROLS,NO CONTROLS,CLEAR,DAYLIGHT,PARKED MOTOR VEHICLE,NOT DIVIDED,STRAIGHT AND LEVEL,WET,NO DEFECTS,NO INJURY / DRIVE AWAY,"$501 - $1,500",FAILING TO REDUCE SPEED TO AVOID CRASH,NOT APPLICABLE,5329,W,BERTEAU AVE,3,NO INDICATION OF INJURY,0.0,0.0,0.0,0.0,0.0,1.0,0.0,18,6,7
4ba6c8cc94530fa3385082e1ad7b9b843b14fbdb80a6ae2d01317ca4661e762f9d3fbbcc234ca3c0242d836d83e178455f225031f18cfaec4bdbe05263f441ea,2018-04-04 18:50:00,0,NO CONTROLS,NO CONTROLS,CLEAR,DUSK,PARKED MOTOR VEHICLE,PARKING LOT,STRAIGHT AND LEVEL,DRY,NO DEFECTS,NO INJURY / DRIVE AWAY,"OVER $1,500",IMPROPER BACKING,NOT APPLICABLE,816,W,72ND ST,2,NO INDICATION OF INJURY,0.0,0.0,0.0,0.0,0.0,1.0,0.0,18,4,4
d99f0c2eb3e79bab5f3016e895c2c8d13c442f02ffeb2816e906ccee6e31407b8079c5c2d3bd860b2929e05b857de6fd7e1891768176257f246ed46962e5d1bd,2019-01-23 08:33:00,0,NO CONTROLS,NO CONTROLS,SNOW,DAYLIGHT,REAR END,ONE-WAY,STRAIGHT AND LEVEL,ICE,NO DEFECTS,NO INJURY / DRIVE AWAY,"OVER $1,500",FOLLOWING TOO CLOSELY,EXCEEDING SAFE SPEED FOR CONDITIONS,130,W,JACKSON BLVD,2,NO INDICATION OF INJURY,0.0,0.0,0.0,0.0,0.0,2.0,0.0,8,4,1
1a59ac73761df9b6d169ae47a2874e5da6ec35a004fb3e2057e6901cb5dc44def70a41a4536800ba61f5493af4b93abc8a9270fefdfdfc30f2f868b45a0c6cfc,2021-01-29 13:30:00,30,TRAFFIC SIGNAL,FUNCTIONING PROPERLY,CLEAR,DAYLIGHT,PEDESTRIAN,FOUR WAY,STRAIGHT ON GRADE,DRY,NO DEFECTS,INJURY AND / OR TOW DUE TO CRASH,"$501 - $1,500",IMPROPER TURNING/NO SIGNAL,NOT APPLICABLE,7902,S,COTTAGE GROVE AVE,2,NONINCAPACITATING INJURY,1.0,0.0,0.0,1.0,0.0,2.0,0.0,13,6,1
9a55d1a1d22945f92da6d3b037c243a86bff02eb09160d632ef5d30e132fdcfae6f04b04f0b3d9e102076648b644b8c9ade5d80b274c1570467e174b6dd9a79a,2021-04-23 20:35:00,30,TRAFFIC SIGNAL,FUNCTIONING PROPERLY,CLEAR,DAYLIGHT,TURNING,NOT DIVIDED,STRAIGHT AND LEVEL,DRY,NO DEFECTS,INJURY AND / OR TOW DUE TO CRASH,"OVER $1,500",IMPROPER TURNING/NO SIGNAL,UNABLE TO DETERMINE,3601,N,CUMBERLAND AVE,2,INCAPACITATING INJURY,2.0,0.0,1.0,1.0,0.0,0.0,0.0,20,6,4