CRASH_RECORD_ID,CRASH_DATE,POSTED_SPEED_LIMIT,TRAFFIC_CONTROL_DEVICE,DEVICE_CONDITION,WEATHER_CONDITION,LIGHTING_CONDITION,FIRST_CRASH_TYPE,TRAFFICWAY_TYPE,ALIGNMENT,ROADWAY_SURFACE_COND,ROAD_DEFECT,CRASH_TYPE,DAMAGE,PRIM_CONTRIBUTORY_CAUSE,SEC_CONTRIBUTORY_CAUSE,STREET_NO,STREET_DIRECTION,STREET_NAME,NUM_UNITS,MOST_SEVERE_INJURY,INJURIES_TOTAL,INJURIES_FATAL,INJURIES_INCAPACITATING,INJURIES_NON_INCAPACITATING,INJURIES_REPORTED_NOT_EVIDENT,INJURIES_NO_INDICATION,INJURIES_UNKNOWN,CRASH_HOUR,CRASH_DAY_OF_WEEK,CRASH_MONTH
0b949e07ba157cd1052681573e540fc0005e6fb98fd68d8a9e16cccb4aadf24d10c29ecd0c03fdb8dce26e0b4b257f783fa68bc9e83a76ba624808163dc8545d,2021-12-11 19:49:00,30,NO CONTROLS,NO CONTROLS,CLEAR,"DARKNESS, LIGHTED ROAD",TURNING,ONE-WAY,STRAIGHT AND LEVEL,DRY,NO DEFECTS,INJURY AND / OR TOW DUE TO CRASH,"OVER $1,500",FAILING TO YIELD RIGHT-OF-WAY,NOT APPLICABLE,8700,S,JUSTINE ST,2,"REPORTED, NOT EVIDENT",1.0,0.0,0.0,0.0,1.0,2.0,0.0,19,7,12
17989cc0e77ba04f4cd7e303df9c7431a2aec394d72d7baba807be1e0e8954c8b2ea3bdcfe60905c6f41a84625c03c8ab3fa8e1563ce4719aeee814c036c1eca,2018-02-02 15:30:00,30,TRAFFIC SIGNAL,FUNCTIONING PROPERLY,CLEAR,DAYLIGHT,TURNING,DIVIDED - W/MEDIAN (NOT RAISED),STRAIGHT AND LEVEL,DRY,NO DEFECTS,NO INJURY / DRIVE AWAY,"$501 - $1,500",FOLLOWING TOO CLOSELY,NOT APPLICABLE,4299,S,KEDZIE AVE,2,NO INDICATION OF INJURY,0.0,0.0,0.0,0.0,0.0,2.0,0.0,15,6,2
406d59d24bbeab162a108d7b50154a6dae9613ec58d077cecafc78312777bd3bc7d89af902a35c77ec94c8fad7b9a53a7bd368211d3cffeab011de11cf5514b6,2021-08-28 10:45:00,30,NO CONTROLS,NO CONTROLS,CLEAR,DAYLIGHT,SIDESWIPE SAME DIRECTION,NOT DIVIDED,STRAIGHT AND LEVEL,DRY,NO DEFECTS,NO INJURY / DRIVE AWAY,"OVER $1,500",UNABLE TO DETERMINE,NOT APPLICABLE,2728,N,CLARK ST,2,NO INDICATION OF INJURY,0.0,0.0,0.0,0.0,0.0,2.0,0.0,10,7,8
394ce0b3ff322b651ec0a1285406a04c81c35e51347fbbab859bc97e94d798ee95ba0d9deb0c61beb41f75b7a5229e9631c0f3f5887bf1c01dbff50e57a30365,2019-06-19 13:20:00,35,UNKNOWN,UNKNOWN,CLEAR,DAYLIGHT,SIDESWIPE SAME DIRECTION,NOT DIVIDED,STRAIGHT AND LEVEL,DRY,NO DEFECTS,NO INJURY / DRIVE AWAY,"$501 - $1,500",UNABLE TO DETERMINE,NOT APPLICABLE,6400,W,IRVING PARK RD,2,NO INDICATION OF INJURY,0.0,0.0,0.0,0.0,0.0,2.0,0.0,13,4,6
263b5f822618e3c33d947bd765cb74fafed2e29c4cdad9358374b9f4766f379e4e80a9d40b51bd6fd58fed2f6417d9634c43658f2204f66bcbce9ff48234f975,2019-11-03 03:45:00,30,NO CONTROLS,NO CONTROLS,CLEAR,DARKNESS,FIXED OBJECT,NOT DIVIDED,STRAIGHT AND LEVEL,DRY,"RUT, HOLES",INJURY AND / OR TOW DUE TO CRASH,"OVER $1,500",NOT APPLICABLE,NOT APPLICABLE,1529,W,47TH ST,1,NO INDICATION OF INJURY,0.0,0.0,0.0,0.0,0.0,1.0,0.0,3,1,11
a13bac56e8467fb3c1b1d18e01b0e41fd6f6630b9fa93e0df693fdefe4840245ae268ebde4c0bf663ba4b59c9e572cea09634bbbaeebc21fbd4f4bf20541106d,2016-11-16 17:45:00,30,NO CONTROLS,NO CONTROLS,CLEAR,DAWN,REAR END,OTHER,STRAIGHT ON GRADE,DRY,NO DEFECTS,NO INJURY / DRIVE AWAY,"OVER $1,500",NOT APPLICABLE,NOT APPLICABLE,6901,S,CICERO AVE,3,NO INDICATION OF INJURY,0.0,0.0,0.0,0.0,0.0,4.0,0.0,17,4,11
f4cd23fcf356e8af97a2ac2626fb7e608676a0f631fa497463591f982f5d6817cf9f8245019782dcd7ec5201a5cbe1ad07d7c79c9562e091f6c21d8ddac794a9,2023-05-20 17:17:00,30,NO CONTROLS,NO CONTROLS,CLEAR,DAYLIGHT,PARKED MOTOR VEHICLE,NOT DIVIDED,STRAIGHT AND LEVEL,DRY,NO DEFECTS,NO INJURY / DRIVE AWAY,"$501 - $1,500",UNABLE TO DETERMINE,NOT APPLICABLE,2124,S,ARCHER AVE,2,NO INDICATION OF INJURY,0.0,0.0,0.0,0.0,0.0,2.0,0.0,17,7,5
c66e7d8ec786a1d96b3dd3c1501e5079fdf8dd5dc6d3b716743d529935be4040a6b3b93d0ed4682d08ce6598d646a0e6d2a9b1faec38a0117df2ae9a35e33aea,2019-04-04 12:30:00,35,TRAFFIC SIGNAL,FUNCTIONING PROPERLY,RAIN,DAYLIGHT,REAR END,DIVIDED - W/MEDIAN (NOT RAISED),STRAIGHT AND LEVEL,WET,NO DEFECTS,INJURY AND / OR TOW DUE TO CRASH,"OVER $1,500",FAILING TO REDUCE SPEED TO AVOID CRASH,WEATHER,5200,S,CICERO AVE,2,NO INDICATION OF INJURY,0.0,0.0,0.0,0.0,0.0,2.0,0.0,12,5,4
9f71989ceb1f84f9657db78f1ac434def6203113b56cfa4e58792368781f36e7c0a6ab69afbbab581b5d73baee4a519bdcc903f9222cedc4bb650f077103071b,2021-12-02 17:30:00,35,NO CONTROLS,NO CONTROLS,CLEAR,DARKNESS,SIDESWIPE SAME DIRECTION,DIVIDED - W/MEDIAN (NOT RAISED),STRAIGHT AND LEVEL,DRY,NO DEFECTS,NO INJURY / DRIVE AWAY,"OVER $1,500",IMPROPER LANE USAGE,FAILING TO REDUCE SPEED TO AVOID CRASH,5013,W,IRVING PARK RD,2,NO INDICATION OF INJURY,0.0,0.0,0.0,0.0,0.0,2.0,0.0,17,5,12
3d34a60183ee8e9967d85aa8010dae24efd8ae2794b25981e90460cd4f057cf3b535d1bb1bef285a2dea4286f85da3c9877741558ed4453e8fd7ba7bb3bb31b1,2018-02-15 16:15:00,20,NO CONTROLS,NO CONTROLS,CLEAR,DAYLIGHT,PARKED MOTOR VEHICLE,NOT DIVIDED,STRAIGHT AND LEVEL,WET,NO DEFECTS,NO INJURY / DRIVE AWAY,$500 OR LESS,FAILING TO YIELD RIGHT-OF-WAY,UNABLE TO DETERMINE,4414,S,EVANS AVE,2,NO INDICATION OF INJURY,0.0,0.0,0.0,0.0,0.0,1.0,0.0,16,5,2
d8b3e17e1be88b53adf86861a45f530114e8d8dec9e8f7942750aeac1a195d5bbd343c5f70289cd54fd399a8a289f2fe56f0aace8588aea2c0a669efe24ccb2b,2018-10-16 07:10:00,30,STOP SIGN/FLASHER,FUNCTIONING PROPERLY,CLEAR,DAYLIGHT,ANGLE,DIVIDED - W/MEDIAN (NOT RAISED),STRAIGHT AND LEVEL,DRY,NO DEFECTS,INJURY AND / OR TOW DUE TO CRASH,"OVER $1,500",FAILING TO YIELD RIGHT-OF-WAY,FAILING TO REDUCE SPEED TO AVOID CRASH,1301,W,RANDOLPH ST,2,INCAPACITATING INJURY,1.0,0.0,1.0,0.0,0.0,1.0,0.0,7,3,10
ecd580dd8ed3f351e6271967e5210a7829f34cf84563d2c7e4e31a895085ab486e679290d701d6e7d378ce8069bf16a08b363e79e8649a5641cc0eedccdcd80c,2018-02-13 12:00:00,30,NO CONTROLS,NO CONTROLS,CLEAR,UNKNOWN,PARKED MOTOR VEHICLE,NOT DIVIDED,STRAIGHT AND LEVEL,SNOW OR SLUSH,NO DEFECTS,NO INJURY / DRIVE AWAY,"$501 - $1,500",IMPROPER BACKING,NOT APPLICABLE,9605,S,JEFFERY AVE,2,NO INDICATION OF INJURY,0.0,0.0,0.0,0.0,0.0,1.0,0.0,12,3,2
1ca2adfe738bf54d2977a55d9b8803fcb5dbd2e2ab9e344fdefb64a4066d19a8ecc18f20b1ab79ec1d149b7444698874f2e7d1e5e6eb24652cacd1986acbb8ee,2023-02-23 11:50:00,30,NO CONTROLS,NO CONTROLS,CLEAR,DAYLIGHT,TURNING,DIVIDED - W/MEDIAN (NOT RAISED),STRAIGHT AND LEVEL,DRY,NO DEFECTS,NO INJURY / DRIVE AWAY,"OVER $1,500",UNABLE TO DETERMINE,UNABLE TO DETERMINE,4420,W,GRAND AVE,2,NO INDICATION OF INJURY,0.0,0.0,0.0,0.0,0.0,2.0,0.0,11,5,2
b8879659f870ee8b4065064ab5464c21d5cd4dea12702c819a1e49bb1c659265e5909bfdb57fe2e4918898d08cbd68ac5c4b3b34713e588708e5cc1b896dcf51,2020-08-24 12:30:00,30,NO CONTROLS,NO CONTROLS,CLEAR,DAYLIGHT,ANGLE,DIVIDED - W/MEDIAN (NOT RAISED),STRAIGHT AND LEVEL,DRY,NO DEFECTS,NO INJURY / DRIVE AWAY,"$501 - $1,500",FAILING TO YIELD RIGHT-OF-WAY,NOT APPLICABLE,10421,S,WESTERN AVE,2,NO INDICATION OF INJURY,0.0,0.0,0.0,0.0,0.0,2.0,0.0,12,2,8
b6633ccd3c041a1e4ee028b8f2638714ae29e18662fd48c6c64e8ab9d1ff490c98ae3386d0273f692ecaccce378145c9ed7ce5a96b7f6f61a432dc34866bd70e,2017-10-19 14:26:00,30,NO CONTROLS,NO CONTROLS,CLEAR,DAYLIGHT,PARKED MOTOR VEHICLE,NOT DIVIDED,STRAIGHT AND LEVEL,DRY,NO DEFECTS,NO INJURY / DRIVE AWAY,"$501 - $1,500",IMPROPER BACKING,NOT APPLICABLE,9301,S,STATE ST,2,NO INDICATION OF INJURY,0.0,0.0,0.0,0.0,0.0,8.0,0.0,14,5,10
6c4eaa2b5ce6bfc128047948a314c34c87057a60dd716ae340ab30a9d2cc16ee58b845c587c001f2c6ec645f28a9b6d9d80c5453d8470760deeb91fe97112554,2020-02-13 10:01:00,30,NO CONTROLS,NO CONTROLS,SNOW,DAYLIGHT,SIDESWIPE SAME DIRECTION,DIVIDED - W/MEDIAN (NOT RAISED),STRAIGHT AND LEVEL,SNOW OR SLUSH,NO DEFECTS,INJURY AND / OR TOW DUE TO CRASH,"OVER $1,500",FAILING TO YIELD RIGHT-OF-WAY,UNABLE TO DETERMINE,2226,N,MILWAUKEE AVE,2,NONINCAPACITATING INJURY,1.0,0.0,0.0,1.0,0.0,1.0,0.0,10,5,2
3ccf77f543d822023ab8dcb4aacfa0e03c98d50369b55255debabf677b20bb1d333fb8b413f6eaaff34a861588d743745a41ea232f1836129002b25bd87edd18,2023-08-03 12:15:00,30,UNKNOWN,UNKNOWN,UNKNOWN,UNKNOWN,SIDESWIPE SAME DIRECTION,FOUR WAY,STRAIGHT AND LEVEL,UNKNOWN,UNKNOWN,NO INJURY / DRIVE AWAY,"OVER $1,500",UNABLE TO DETERMINE,UNABLE TO DETERMINE,200,W,JACKSON BLVD,2,NO INDICATION OF INJURY,0.0,0.0,0.0,0.0,0.0,2.0,0.0,12,5,8
edfd9b87d43cc787694808adc482a67ed7fa05dd3c00988fa206ff052c06e351ad4bfa9039cee8f11d56bc473b65a1bf663d2ba79a13e9616040c44aa9697bb0,2022-08-27 07:43:00,30,NO CONTROLS,NO CONTROLS,CLEAR,DAYLIGHT,PARKED MOTOR VEHICLE,DIVIDED - W/MEDIAN BARRIER,STRAIGHT AND LEVEL,DRY,NO DEFECTS,NO INJURY / DRIVE AWAY,$500 OR LESS,UNABLE TO DETERMINE,NOT APPLICABLE,4024,N,ASHLAND AVE,2,NO INDICATION OF INJURY,0.0,0.0,0.0,0.0,0.0,2.0,0.0,7,7,8
59ec17213ee8986c2266affc37466c7806068fb4b3bd282cedb48e6f71edfc3ef7aef5adeefd4baf31ff581cbaf4160106e4a88a377e1f0a31c4a95b909bf6a3,2024-02-05 18:37:00,35,TRAFFIC SIGNAL,FUNCTIONING PROPERLY,CLEAR,"DARKNESS, LIGHTED ROAD",REAR END,NOT DIVIDED,STRAIGHT AND LEVEL,DRY,NO DEFECTS,NO INJURY / DRIVE AWAY,"OVER $1,500",FOLLOWING TOO CLOSELY,NOT APPLICABLE,1798,N,HALSTED ST,2,NO INDICATION OF INJURY,0.0,0.0,0.0,0.0,0.0,3.0,0.0,18,2,2
59811e1fecfb25c8c8a71f38408696adbbf7cbcb0ccc37cccac32ee027185778ec8dc40faabf433a5bc9ea6213891ea2df91f57c8d805805981111913fdd4d98,2020-05-26 14:00:00,25,NO CONTROLS,NO CONTROLS,CLEAR,DAYLIGHT,PARKED MOTOR VEHICLE,NOT DIVIDED,STRAIGHT AND LEVEL,DRY,NO DEFECTS,NO INJURY / DRIVE AWAY,"OVER $1,500",UNABLE TO DETERMINE,UNABLE TO DETERMINE,120,E,43RD ST,2,NO INDICATION OF INJURY,0.0,0.0,0.0,0.0,0.0,1.0,0.0,14,3,5
b9ba79aada4c58c013a47829ea5181dd2d0765d25467c2d3a24452ffcf00c48440fca4ca2d73e8c03f5ea746dde1aca1a0b580e9ff1d3de38ff1bd32f7915992,2022-04-07 03:23:00,30,UNKNOWN,OTHER,UNKNOWN,"DARKNESS, LIGHTED ROAD",SIDESWIPE SAME DIRECTION,UNKNOWN,STRAIGHT AND LEVEL,OTHER,UNKNOWN,NO INJURY / DRIVE AWAY,"$501 - $1,500",NOT APPLICABLE,NOT APPLICABLE,3434,W,IRVING PARK RD,2,NO INDICATION OF INJURY,0.0,0.0,0.0,0.0,0.0,2.0,0.0,3,5,4
f835dfa1a6aa4161271111e00652cbe4751fe985da623e5dd1cc64465015517982107403f16f334e21bc601a62d3bfbf153f82ffe512f60c7ae0c708a2b029c3,2022-08-11 23:30:00,30,TRAFFIC SIGNAL,FUNCTIONING PROPERLY,CLEAR,"DARKNESS, LIGHTED ROAD",REAR END,FOUR WAY,STRAIGHT AND LEVEL,UNKNOWN,UNKNOWN,NO INJURY / DRIVE AWAY,"OVER $1,500",FOLLOWING TOO CLOSELY,UNABLE TO DETERMINE,298,S,CENTRAL AVE,2,NO INDICATION OF INJURY,0.0,0.0,0.0,0.0,0.0,3.0,0.0,23,5,8
1280ff6c634e65c1957a9f0fa3dcb10f9b4d20d67e2db93c5906c6f051c2fc41d8b2b347a296c649ccd7b92ee3afdf86cd7cca9c7e84ddfa691a3328c4e38a7a,2016-08-14 04:30:00,30,NO CONTROLS,NO CONTROLS,UNKNOWN,UNKNOWN,PARKED MOTOR VEHICLE,PARKING LOT,STRAIGHT AND LEVEL,UNKNOWN,UNKNOWN,NO INJURY / DRIVE AWAY,"OVER $1,500",UNABLE TO DETERMINE,UNABLE TO DETERMINE,3901,S,MICHIGAN AVE,2,NO INDICATION OF INJURY,0.0,0.0,0.0,0.0,0.0,1.0,0.0,4,1,8
f36e1c2a1bb9986201c6f5cb53f8597932f51769e5cab535d35548ad4b205b1dbaf53ec124668ab531ffb7ee2ee833c3ffabc996b69bde157a472e8bb6e9ef25,2022-03-29 12:30:00,15,NO CONTROLS,NO CONTROLS,CLEAR,DAYLIGHT,PARKED MOTOR VEHICLE,PARKING LOT,STRAIGHT AND LEVEL,DRY,NO DEFECTS,NO INJURY / DRIVE AWAY,"$501 - $1,500",DRIVING SKILLS/KNOWLEDGE/EXPERIENCE,DRIVING SKILLS/KNOWLEDGE/EXPERIENCE,10808,S,DOTY AVE W,2,NO INDICATION OF INJURY,0.0,0.0,0.0,0.0,0.0,1.0,0.0,12,3,3
89f5ca069281510c1ea4685698ee421e68ab3bacc0d009455c43a8f9a2ce47b50f03c94b1f2267aef236a272efb6c6e4d1b7495951bd8cea33d981e8af54fa7c,2019-03-17 12:26:00,30,TRAFFIC SIGNAL,FUNCTIONING PROPERLY,CLEAR,DAYLIGHT,TURNING,NOT DIVIDED,STRAIGHT AND LEVEL,DRY,NO DEFECTS,INJURY AND / OR TOW DUE TO CRASH,"OVER $1,500",DISREGARDING YIELD SIGN,UNABLE TO DETERMINE,400,W,VAN BUREN ST,2,INCAPACITATING INJURY,1.0,0.0,1.0,0.0,0.0,1.0,0.0,12,1,3
69712e37375e18987642da71aa0288e1737233b54a7a9f42f7c46e34d96ccf4d49701ed0fa6429c10a8fca38c2408a81281540ae9f13fa8432296d39ad994799,2017-03-31 15:15:00,30,NO CONTROLS,NO CONTROLS,CLEAR,DAYLIGHT,PARKED MOTOR VEHICLE,NOT DIVIDED,STRAIGHT AND LEVEL,DRY,NO DEFECTS,NO INJURY / DRIVE AWAY,"$501 - $1,500",FAILING TO YIELD RIGHT-OF-WAY,UNABLE TO DETERMINE,3472,N,MEADE AVE,2,NO INDICATION OF INJURY,0.0,0.0,0.0,0.0,0.0,1.0,0.0,15,6,3
f9fc7f4e71dd10ed49a5d6ebfc8a623954e149366d9b98d9e91787b5ba51f45b985ffd54efd24343ff1c50c081f3fa401ebaca5993c8f605b9567fe0b9ac6707,2020-05-08 00:30:00,30,NO CONTROLS,NO CONTROLS,CLEAR,"DARKNESS, LIGHTED ROAD",PARKED MOTOR VEHICLE,ONE-WAY,STRAIGHT AND LEVEL,DRY,NO DEFECTS,NO INJURY / DRIVE AWAY,"OVER $1,500",UNABLE TO DETERMINE,NOT APPLICABLE,7506,S,ABERDEEN ST,2,NO INDICATION OF INJURY,0.0,0.0,0.0,0.0,0.0,1.0,0.0,0,6,5
e535fea6a6da4497b8cf9362e74907b794741281c0f8a2cc033ebaad91e7f6f9ef3516089ea0a7f3e51269157424f06a238fd0f3ef37603fc74e515d42ce6cb7,2018-05-02 12:30:00,30,TRAFFIC SIGNAL,FUNCTIONING PROPERLY,CLEAR,DAYLIGHT,REAR END,DIVIDED - W/MEDIAN (NOT RAISED),STRAIGHT AND LEVEL,DRY,NO DEFECTS,INJURY AND / OR TOW DUE TO CRASH,"OVER $1,500",FOLLOWING TOO CLOSELY,NOT APPLICABLE,4301,S,PULASKI RD,2,"REPORTED, NOT EVIDENT",1.0,0.0,0.0,0.0,1.0,1.0,0.0,12,4,5
6ff48379b2d5970adad22aedf8d55877928d984650a2e5d1bfcbaf924bcafbc7f8d1b49c389b1c3fe17b4f7325985b6bc2be1c538b2392ae8acb6131111041c0,2016-11-22 21:00:00,30,NO CONTROLS,NO CONTROLS,CLEAR,"DARKNESS, LIGHTED ROAD",PARKED MOTOR VEHICLE,DIVIDED - W/MEDIAN BARRIER,STRAIGHT AND LEVEL,DRY,NO DEFECTS,NO INJURY / DRIVE AWAY,"OVER $1,500",UNABLE TO DETERMINE,NOT APPLICABLE,146,S,HAMLIN BLVD,2,NO INDICATION OF INJURY,0.0,0.0,0.0,0.0,0.0,1.0,0.0,21,3,11
fdc7bde34990b0ba3b058d260d459317b359d5ede5d8abb300eb1f8e9bd4709428198fe1bd3fb4cff8f6346465177828852d6546b407f6533fedcb1ad7d495b6,2022-06-12 10:25:00,25,STOP SIGN/FLASHER,FUNCTIONING PROPERLY,CLEAR,DAYLIGHT,TURNING,T-INTERSECTION,STRAIGHT AND LEVEL,DRY,NO DEFECTS,INJURY AND / OR TOW DUE TO CRASH,"OVER $1,500",FAILING TO REDUCE SPEED TO AVOID CRASH,NOT APPLICABLE,99,E,113TH PL,3,NO INDICATION OF INJURY,0.0,0.0,0.0,0.0,0.0,2.0,0.0,10,1,6
9244e1de4268d3d71c3e08ef29742ee707692d8379200c8aad000e685474ef760cf75bbb588f188a7146e6b2a10007aa1142c591633a9899e3776e46ff33f5a9,2020-11-08 21:40:00,30,TRAFFIC SIGNAL,FUNCTIONING PROPERLY,CLEAR,"DARKNESS, LIGHTED ROAD",REAR END,DIVIDED - W/MEDIAN (NOT RAISED),STRAIGHT AND LEVEL,DRY,UNKNOWN,NO INJURY / DRIVE AWAY,"OVER $1,500",NOT APPLICABLE,NOT APPLICABLE,5200,S,PULASKI RD,2,NO INDICATION OF INJURY,0.0,0.0,0.0,0.0,0.0,4.0,0.0,21,1,11
56d8728a492af0b24da19fec2760c884e8a6d6a35c65e1313bbc01d334747d92809c39cf799e358d87f2181fe29e983780cb3921e2be44f7157ad5d6d371bd1b,2016-12-19 09:38:00,30,TRAFFIC SIGNAL,FUNCTIONING PROPERLY,CLEAR,DAYLIGHT,ANGLE,DIVIDED - W/MEDIAN (NOT RAISED),STRAIGHT AND LEVEL,ICE,NO DEFECTS,NO INJURY / DRIVE AWAY,"OVER $1,500",FAILING TO YIELD RIGHT-OF-WAY,UNABLE TO DETERMINE,6110,S,WESTERN AVE,2,NO INDICATION OF INJURY,0.0,0.0,0.0,0.0,0.0,2.0,0.0,9,2,12
4d9f9002bcd25e0abd3ca443b234f078efbace318f244a36b3622c9d81aad2d8fb3efc41acd248c262832652881e7eb61bfa5d10b33a2b84b84ce93c25bb84c9,2022-02-25 09:00:00,30,TRAFFIC SIGNAL,FUNCTIONING PROPERLY,SNOW,DAYLIGHT,REAR END,FOUR WAY,STRAIGHT AND LEVEL,WET,UNKNOWN,INJURY AND / OR TOW DUE TO CRASH,"OVER $1,500",UNABLE TO DETERMINE,UNABLE TO DETERMINE,1,S,LARAMIE AVE,2,"REPORTED, NOT EVIDENT",3.0,0.0,0.0,0.0,3.0,1.0,0.0,9,6,2
3f5f87ad42e68da2538e3f9d44bef7e572cc2c846bb166d374dedd1bb12889d8ddb4e74b4885ccb75b0f6c5e556aff72f431a276c7407028d7712ed52fb19676,2020-04-25 17:00:00,20,NO CONTROLS,NO CONTROLS,RAIN,DAWN,PARKED MOTOR VEHICLE,ONE-WAY,STRAIGHT AND LEVEL,WET,UNKNOWN,NO INJURY / DRIVE AWAY,"$501 - $1,500",UNABLE TO DETERMINE,UNABLE TO DETERMINE,8532,S,EXCHANGE AVE,2,NO INDICATION OF INJURY,0.0,0.0,0.0,0.0,0.0,1.0,0.0,17,7,4
f033a9936c619d110bda622eee44a0dd8854ea72159714f55484e7915418d5163a79731bbc313fd97531f2ae5fd80c137d640d3ca87c21dfc2851b12181208e9,2018-02-02 22:30:00,20,NO CONTROLS,NO CONTROLS,CLEAR,UNKNOWN,PARKED MOTOR VEHICLE,ONE-WAY,STRAIGHT AND LEVEL,DRY,NO DEFECTS,NO INJURY / DRIVE AWAY,"OVER $1,500",UNABLE TO DETERMINE,UNABLE TO DETERMINE,2836,N,KILPATRICK AVE,2,NO INDICATION OF INJURY,0.0,0.0,0.0,0.0,0.0,1.0,0.0,22,6,2
c7256ea1856f5dafbdb44d675c385f8c066c0e12097f8a9f865e103314f25e2f536118f89a961034b1b754a0fda984a6fee36907db9163e7119a62bebdce3c56,2020-01-07 14:00:00,30,NO CONTROLS,NO CONTROLS,CLEAR,DAYLIGHT,REAR END,NOT DIVIDED,STRAIGHT AND LEVEL,DRY,NO DEFECTS,NO INJURY / DRIVE AWAY,"$501 - $1,500",FOLLOWING TOO CLOSELY,NOT APPLICABLE,1553,N,HUMBOLDT DR,2,NO INDICATION OF INJURY,0.0,0.0,0.0,0.0,0.0,3.0,0.0,14,3,1
ec23dce23b3aa47a940f7d691f1374fbb0f30ea828b12d8561bbe24963f110f52bf113223b81808896d9fad45d29eb316b0adace6e274ead264e740a0138a2d8,2017-03-27 07:00:00,0,TRAFFIC SIGNAL,FUNCTIONING PROPERLY,CLEAR,DAYLIGHT,REAR END,DIVIDED - W/MEDIAN (NOT RAISED),STRAIGHT AND LEVEL,DRY,NO DEFECTS,NO INJURY / DRIVE AWAY,"OVER $1,500",UNABLE TO DETERMINE,NOT APPLICABLE,7301,S,JEFFERY BLVD,2,NO INDICATION OF INJURY,0.0,0.0,0.0,0.0,0.0,3.0,0.0,7,2,3
058368bce5ed8fd273a8240106d4149611d6e1be61ae7d92708b239b1e77f2b8258c9c7e1dba664c7c93bb0b957eda64573c3d5e4881d7c7b3681a4c6ffeaea4,2021-05-13 15:28:00,30,NO CONTROLS,NO CONTROLS,CLEAR,DAYLIGHT,REAR TO FRONT,NOT DIVIDED,STRAIGHT AND LEVEL,DRY,NO DEFECTS,NO INJURY / DRIVE AWAY,$500 OR LESS,IMPROPER BACKING,DRIVING SKILLS/KNOWLEDGE/EXPERIENCE,12900,S,INDIANA AVE,2,NO INDICATION OF INJURY,0.0,0.0,0.0,0.0,0.0,4.0,0.0,15,5,5
af211951b2b0bc2ebf2c28e2d69a202f285f02d6951eefd8c773f1027d4c727dd78e1a530c37dc656c6917348206565f5796ba5a5ffb89be887373cbf026c056,2020-07-31 11:30:00,30,TRAFFIC SIGNAL,FUNCTIONING PROPERLY,CLEAR,DAYLIGHT,TURNING,DIVIDED - W/MEDIAN BARRIER,STRAIGHT AND LEVEL,DRY,NO DEFECTS,NO INJURY / DRIVE AWAY,"OVER $1,500",FAILING TO YIELD RIGHT-OF-WAY,NOT APPLICABLE,5200,W,LAKE ST,2,NO INDICATION OF INJURY,0.0,0.0,0.0,0.0,0.0,2.0,0.0,11,6,7
3dd6ca924fde3be1c6dcdb65575adb5c92d44d2ab263c9eec3731843757b9669a0cb7d2078b1c9288488ae23ae71212b7da87c6ae30fb323dd0d0a5bfecd37e4,2017-10-28 17:26:00,35,STOP SIGN/FLASHER,FUNCTIONING PROPERLY,CLEAR,DAYLIGHT,TURNING,DIVIDED - W/MEDIAN (NOT RAISED),STRAIGHT AND LEVEL,DRY,NO DEFECTS,NO INJURY / DRIVE AWAY,"$501 - $1,500",FAILING TO YIELD RIGHT-OF-WAY,NOT APPLICABLE,5097,N,ELSTON AVE,2,NO INDICATION OF INJURY,0.0,0.0,0.0,0.0,0.0,2.0,0.0,17,7,10
ba506de6c29d657f4ec92c88783ba55dcff398dc4fccf6c1870d2c23f7b4284ce55fd229ae53bad0549e03b10e08ceec305d17115447f2147e7d6b943bb94f30,2023-04-10 16:00:00,30,NO CONTROLS,NO CONTROLS,CLEAR,DAYLIGHT,SIDESWIPE SAME DIRECTION,NOT DIVIDED,STRAIGHT AND LEVEL,UNKNOWN,UNKNOWN,NO INJURY / DRIVE AWAY,"$501 - $1,500",NOT APPLICABLE,NOT APPLICABLE,5600,W,BELMONT AVE,2,NO INDICATION OF INJURY,0.0,0.0,0.0,0.0,0.0,2.0,0.0,16,2,4
63219974fd526145a6de846f96da2375e42f39e32d3e0fa54ba1ecae30bec688602a4f26de4af2f36ccea20ccf949d956dfd122ca09676af81c66550770671a5,2019-11-29 13:13:00,30,STOP SIGN/FLASHER,FUNCTIONING PROPERLY,CLEAR,DAYLIGHT,TURNING,FOUR WAY,STRAIGHT AND LEVEL,DRY,NO DEFECTS,INJURY AND / OR TOW DUE TO CRASH,"OVER $1,500",DISREGARDING STOP SIGN,FAILING TO REDUCE SPEED TO AVOID CRASH,11600,S,VINCENNES AVE,2,NO INDICATION OF INJURY,0.0,0.0,0.0,0.0,0.0,2.0,0.0,13,6,11
b0aaa89e831850c8804b00c66230bc64c84ad317cd65cf584da516fe0ff14b27d000d8426ef4ea4f17294d3a2ab0b80765898c6f64a2c525ee55f5c298df7565,2022-10-22 21:15:00,35,NO CONTROLS,NO CONTROLS,CLEAR,DARKNESS,TURNING,DIVIDED - W/MEDIAN (NOT RAISED),STRAIGHT AND LEVEL,DRY,NO DEFECTS,NO INJURY / DRIVE AWAY,"OVER $1,500",IMPROPER TURNING/NO SIGNAL,FAILING TO YIELD RIGHT-OF-WAY,3615,W,ROOSEVELT RD,2,NO INDICATION OF INJURY,0.0,0.0,0.0,0.0,0.0,5.0,0.0,21,7,10