CRASH_RECORD_ID,CRASH_DATE,POSTED_SPEED_LIMIT,TRAFFIC_CONTROL_DEVICE,DEVICE_CONDITION,WEATHER_CONDITION,LIGHTING_CONDITION,FIRST_CRASH_TYPE,TRAFFICWAY_TYPE,ALIGNMENT,ROADWAY_SURFACE_COND,ROAD_DEFECT,CRASH_TYPE,DAMAGE,PRIM_CONTRIBUTORY_CAUSE,SEC_CONTRIBUTORY_CAUSE,STREET_NO,STREET_DIRECTION,STREET_NAME,NUM_UNITS,MOST_SEVERE_INJURY,INJURIES_TOTAL,INJURIES_FATAL,INJURIES_INCAPACITATING,INJURIES_NON_INCAPACITATING,INJURIES_REPORTED_NOT_EVIDENT,INJURIES_NO_INDICATION,INJURIES_UNKNOWN,CRASH_HOUR,CRASH_DAY_OF_WEEK,CRASH_MONTH
106c5847d779ac88926b8786ee485ca9f4fce7f7bdeef49597464f7a59232f18cdb5cbe818526b3b6592180d5cb462bb9ff7b3bd292e64a6ae07be34a1d8b454,2022-04-11 14:25:00,15,NO CONTROLS,NO CONTROLS,CLEAR,DAYLIGHT,ANGLE,ALLEY,STRAIGHT AND LEVEL,DRY,NO DEFECTS,NO INJURY / DRIVE AWAY,"OVER $1,500",FAILING TO YIELD RIGHT-OF-WAY,UNABLE TO DETERMINE,1700,N,DAMEN AVE,2,NO INDICATION OF INJURY,0.0,0.0,0.0,0.0,0.0,2.0,0.0,14,2,4
0c359092dd6e7f52dc12d5a6b55c85f3cc4af2a0e7f116154591206911416a584b82af163e59c6742da9f075b3b694057f090d061dda6434abc41abb672dbf16,2019-05-13 22:00:00,30,NO CONTROLS,NO CONTROLS,CLEAR,"DARKNESS, LIGHTED ROAD",PARKED MOTOR VEHICLE,NOT DIVIDED,STRAIGHT AND LEVEL,DRY,NO DEFECTS,NO INJURY / DRIVE AWAY,"OVER $1,500",UNABLE TO DETERMINE,NOT APPLICABLE,5230,N,ROCKWELL ST,2,NO INDICATION OF INJURY,0.0,0.0,0.0,0.0,0.0,1.0,0.0,22,2,5
18cd086a7a2b7d6c41980dfa62aa15649319381c7cb3477717954c6a8f59faa1f5c2d2a951c0714b9d278d09a7eacc543c21cbc32c486cf06aeccec89980a6b8,2023-11-06 11:45:00,30,TRAFFIC SIGNAL,FUNCTIONING PROPERLY,CLEAR,DAYLIGHT,TURNING,NOT DIVIDED,STRAIGHT AND LEVEL,DRY,NO DEFECTS,NO INJURY / DRIVE AWAY,"OVER $1,500",IMPROPER OVERTAKING/PASSING,UNABLE TO DETERMINE,6400,W,DEVON AVE,2,NO INDICATION OF INJURY,0.0,0.0,0.0,0.0,0.0,2.0,0.0,11,2,11
66ed9cdf2cdcde330f2691bedddecb0035ae96d3cf89c7a73674d01f9b4735f1ad6b4688d6897e82bc61dda5eb54e770088b10871bacc6b4fffb2b8e1d69748e,2021-05-22 15:14:00,15,NO CONTROLS,NO CONTROLS,CLEAR,DAYLIGHT,PARKED MOTOR VEHICLE,PARKING LOT,STRAIGHT AND LEVEL,DRY,NO DEFECTS,NO INJURY / DRIVE AWAY,"OVER $1,500",IMPROPER LANE USAGE,NOT APPLICABLE,11700,S,MARSHFIELD AVE,2,NO INDICATION OF INJURY,0.0,0.0,0.0,0.0,0.0,2.0,0.0,15,7,5
c6d55527a0494d0dbb06d34d5d697ebb791d453be940d16ffb1bb5da23dd6e120434cc6e70287cc33682e01c50e9e418db88d05392ee2b7062fbb8a0ec02831d,2018-09-24 16:40:00,30,TRAFFIC SIGNAL,FUNCTIONING IMPROPERLY,CLOUDY/OVERCAST,DAYLIGHT,TURNING,NOT DIVIDED,STRAIGHT AND LEVEL,WET,NO DEFECTS,NO INJURY / DRIVE AWAY,$500 OR LESS,DRIVING SKILLS/KNOWLEDGE/EXPERIENCE,IMPROPER TURNING/NO SIGNAL,2231,S,CANAL ST,2,NO INDICATION OF INJURY,0.0,0.0,0.0,0.0,0.0,2.0,0.0,16,2,9
370b8a9e1247eec0dfbab645bef36bfb07fe507c5e553fb404de94dd392c5c334fa82e793c8e8f598b0c96abfba54caf4aa916c55b18a7dc612b0bc160be798d,2021-07-11 06:36:00,15,STOP SIGN/FLASHER,FUNCTIONING PROPERLY,RAIN,DAYLIGHT,REAR END,NOT DIVIDED,STRAIGHT AND LEVEL,WET,NO DEFECTS,NO INJURY / DRIVE AWAY,"OVER $1,500",UNABLE TO DETERMINE,UNABLE TO DETERMINE,5631,S,KILPATRICK AVE,2,NO INDICATION OF INJURY,0.0,0.0,0.0,0.0,0.0,2.0,0.0,6,1,7
7ae9e78d64eecd5bf3495338071d50f901bd6abd9dd27d52e0f3db47a718968dfe8184e93b2aa7e501a15dd35f58995ea285b4e1d4505ff0c1c07870ae265341,2018-10-18 17:00:00,30,TRAFFIC SIGNAL,FUNCTIONING PROPERLY,CLEAR,"DARKNESS, LIGHTED ROAD",REAR END,NOT DIVIDED,STRAIGHT AND LEVEL,DRY,NO DEFECTS,NO INJURY / DRIVE AWAY,"OVER $1,500",FOLLOWING TOO CLOSELY,NOT APPLICABLE,2200,S,CALIFORNIA AVE,2,NO INDICATION OF INJURY,0.0,0.0,0.0,0.0,0.0,2.0,0.0,17,5,10
e6d5eca0f94d0f3f1ad739586464803f631101d1b577086a2e62d7a1431905893fba1800ee1da0f366e5c567367a23afb361503b213eced3de9b3d718a7dcc88,2019-10-10 10:17:00,35,TRAFFIC SIGNAL,FUNCTIONING PROPERLY,CLEAR,DAYLIGHT,REAR END,NOT DIVIDED,STRAIGHT AND LEVEL,UNKNOWN,NO DEFECTS,INJURY AND / OR TOW DUE TO CRASH,"OVER $1,500",EQUIPMENT - VEHICLE CONDITION,FOLLOWING TOO CLOSELY,8800,S,SOUTH CHICAGO AVE,2,NONINCAPACITATING INJURY,1.0,0.0,0.0,1.0,0.0,1.0,0.0,10,5,10
3e8cb476e3863122790efdd1cc7211c9d06e841a44a8762bb98162ff7009b1f0b56481516b3c50a485398b7c9ede6cb7bfca9102839520fe2de5ceac77edc588,2016-11-28 17:30:00,30,NO CONTROLS,NO CONTROLS,RAIN,DARKNESS,FIXED OBJECT,NOT DIVIDED,STRAIGHT AND LEVEL,WET,SHOULDER DEFECT,NO INJURY / DRIVE AWAY,"OVER $1,500",ROAD ENGINEERING/SURFACE/MARKING DEFECTS,UNABLE TO DETERMINE,6200,S,STEWART AVE,1,NO INDICATION OF INJURY,0.0,0.0,0.0,0.0,0.0,1.0,0.0,17,2,11
cd9962d936248eafe49090b03b17ec5122941bc856bf8488132d7c1b6e686aeb7bd5c7237654c579ffe9bc2d232ad341f77fa89056b45ee2f5bd75278279c5a0,2023-09-08 17:40:00,45,NO CONTROLS,NO CONTROLS,CLEAR,DAYLIGHT,REAR END,DIVIDED - W/MEDIAN BARRIER,STRAIGHT AND LEVEL,DRY,NO DEFECTS,NO INJURY / DRIVE AWAY,"OVER $1,500",UNABLE TO DETERMINE,UNABLE TO DETERMINE,3149,N,LAKE SHORE DR,2,NO INDICATION OF INJURY,0.0,0.0,0.0,0.0,0.0,2.0,0.0,17,6,9
ca45973da45d336b7384b6f8c4b432a90e89fe7b0ac380c7c651651b495238a747ef658edc15717ef6fae616bdf0317d9e1ad087ada31e991b85d3310c130eaf,2018-04-19 19:00:00,30,TRAFFIC SIGNAL,FUNCTIONING PROPERLY,CLEAR,DAYLIGHT,ANGLE,NOT DIVIDED,STRAIGHT AND LEVEL,DRY,NO DEFECTS,NO INJURY / DRIVE AWAY,"OVER $1,500",FAILING TO YIELD RIGHT-OF-WAY,NOT APPLICABLE,4730,W,WILSON AVE,2,NO INDICATION OF INJURY,0.0,0.0,0.0,0.0,0.0,2.0,0.0,19,5,4
7cbee172b8d461a61429c28955b41423a5de20c9843f53f5f59fedfb70d316162d9ab3782c804d882e3affff8666836361fc53757e263fff6521c3b698d566f4,2018-05-26 20:30:00,30,NO CONTROLS,NO CONTROLS,CLEAR,DARKNESS,SIDESWIPE OPPOSITE DIRECTION,NOT DIVIDED,STRAIGHT AND LEVEL,DRY,NO DEFECTS,NO INJURY / DRIVE AWAY,"$501 - $1,500",FAILING TO YIELD RIGHT-OF-WAY,UNABLE TO DETERMINE,5100,S,HARPER AVE,2,NO INDICATION OF INJURY,0.0,0.0,0.0,0.0,0.0,2.0,0.0,20,7,5
5dabc8ec1ab90b55f9f89111f0e30fcbc01372dfca43f5583d820e5f432af8dc8338c0d24b905c793eda309d10ba983b7e67727945d4fa8642fffbdc651b4b0b,2023-12-02 03:10:00,30,NO CONTROLS,NO CONTROLS,RAIN,"DARKNESS, LIGHTED ROAD",REAR END,NOT DIVIDED,STRAIGHT AND LEVEL,WET,NO DEFECTS,INJURY AND / OR TOW DUE TO CRASH,"OVER $1,500",FAILING TO REDUCE SPEED TO AVOID CRASH,WEATHER,1042,N,CENTRAL AVE,2,NO INDICATION OF INJURY,0.0,0.0,0.0,0.0,0.0,2.0,0.0,3,7,12
46b09a4fe8615910ee06072e77f9282ae6be3f8dd04d213946dc477da34aca8d972412ce3e4779af9660502c06d5a4aa8f23a03917868520b0213c196ced5449,2018-03-09 15:40:00,40,TRAFFIC SIGNAL,FUNCTIONING PROPERLY,CLEAR,DAYLIGHT,REAR END,DIVIDED - W/MEDIAN BARRIER,STRAIGHT AND LEVEL,DRY,NO DEFECTS,INJURY AND / OR TOW DUE TO CRASH,"$501 - $1,500",FOLLOWING TOO CLOSELY,DRIVING SKILLS/KNOWLEDGE/EXPERIENCE,1600,S,LAKE SHORE DR E,3,"REPORTED, NOT EVIDENT",1.0,0.0,0.0,0.0,1.0,4.0,0.0,15,6,3
2a58b81e5efb6b586c01b193a6f983e21ffdd49c911ca70fea4c9c54e81e81be8d4bf8aa2630bfd00132b30b4be0b0252101153cbfcb59382ec8ea11e51b97a1,2017-12-17 09:39:00,25,NO CONTROLS,NO CONTROLS,CLEAR,DAYLIGHT,PARKED MOTOR VEHICLE,ONE-WAY,STRAIGHT AND LEVEL,DRY,NO DEFECTS,NO INJURY / DRIVE AWAY,"OVER $1,500",DRIVING SKILLS/KNOWLEDGE/EXPERIENCE,NOT APPLICABLE,3635,W,LE MOYNE ST,3,NO INDICATION OF INJURY,0.0,0.0,0.0,0.0,0.0,1.0,0.0,9,1,12
c21762e9c31aa1abcc427e572483f52fae5c282bab859d465160a9bb4c6acf4751fca8de749b122d57d610e0d567b7175b90d0d587c2c050046b15fbb23c0ee6,2019-11-24 14:45:00,30,TRAFFIC SIGNAL,FUNCTIONING PROPERLY,CLEAR,DAYLIGHT,REAR END,DIVIDED - W/MEDIAN (NOT RAISED),STRAIGHT AND LEVEL,DRY,NO DEFECTS,NO INJURY / DRIVE AWAY,"OVER $1,500",EQUIPMENT - VEHICLE CONDITION,EQUIPMENT - VEHICLE CONDITION,1534,W,DIVISION ST,2,NO INDICATION OF INJURY,0.0,0.0,0.0,0.0,0.0,2.0,0.0,14,1,11
fb69e3d1b068cd448ea6e379891cdc2bfe1f3aabceba8d6b4476b18d97031ccea1487394b262e9af59abed4fb7e88cb12191909b6cc6e6558024b84e17a6810c,2018-09-13 07:45:00,30,NO CONTROLS,NO CONTROLS,CLEAR,DAYLIGHT,PARKED MOTOR VEHICLE,DIVIDED - W/MEDIAN (NOT RAISED),STRAIGHT AND LEVEL,DRY,NO DEFECTS,NO INJURY / DRIVE AWAY,$500 OR LESS,UNABLE TO DETERMINE,UNABLE TO DETERMINE,4500,S,KEDZIE AVE,2,NO INDICATION OF INJURY,0.0,0.0,0.0,0.0,0.0,3.0,0.0,7,5,9
2a4f4aea7e3603c851e1c7ae286428c4fc9a155ebe48683b961d079acb2bea5a470667bcde680474802e64cfd07de02f1c378378f4ca52878682d5d275d606c1,2022-12-01 23:06:00,40,NO CONTROLS,NO CONTROLS,CLEAR,"DARKNESS, LIGHTED ROAD",PARKED MOTOR VEHICLE,DIVIDED - W/MEDIAN (NOT RAISED),STRAIGHT AND LEVEL,DRY,NO DEFECTS,INJURY AND / OR TOW DUE TO CRASH,"OVER $1,500",IMPROPER LANE USAGE,FAILING TO YIELD RIGHT-OF-WAY,8705,S,STONY ISLAND AVE,2,NO INDICATION OF INJURY,0.0,0.0,0.0,0.0,0.0,1.0,0.0,23,5,12
31b3c42f3751852d04fa22c6222a8147b326c551ef3f70c2d9507a81cba0fa154b9f2ca43510f91990151d4cf406d1d7085e10057a714f00cba0b4a80f904124,2019-07-11 10:00:00,30,UNKNOWN,UNKNOWN,CLEAR,DAYLIGHT,REAR END,DIVIDED - W/MEDIAN BARRIER,STRAIGHT AND LEVEL,UNKNOWN,UNKNOWN,NO INJURY / DRIVE AWAY,$500 OR LESS,FOLLOWING TOO CLOSELY,NOT APPLICABLE,1800,S,LAKE SHORE DR E,2,NO INDICATION OF INJURY,0.0,0.0,0.0,0.0,0.0,2.0,0.0,10,5,7
a03d45ef84234ff07c082b02ccf0f75fcde401adbbb192996fd143f1e03273b5c24c2d47e224c68fcad8f70e8ec8e374fff4cf88a77e401eba9f205703adedef,2017-12-20 12:54:00,30,TRAFFIC SIGNAL,FUNCTIONING PROPERLY,CLEAR,DAYLIGHT,PEDESTRIAN,DIVIDED - W/MEDIAN (NOT RAISED),STRAIGHT AND LEVEL,DRY,UNKNOWN,INJURY AND / OR TOW DUE TO CRASH,$500 OR LESS,FAILING TO YIELD RIGHT-OF-WAY,NOT APPLICABLE,7100,S,CALIFORNIA AVE,2,NONINCAPACITATING INJURY,1.0,0.0,0.0,1.0,0.0,1.0,0.0,12,4,12
0a09a467a8afade724fa5554403c9db0024ef5ce732501348e2b960a384a672986c845be626f1c58236821e33a817946e5ac655ad45e916125eab632a4b6164f,2023-09-23 01:45:00,20,NO CONTROLS,NO CONTROLS,CLEAR,"DARKNESS, LIGHTED ROAD",SIDESWIPE SAME DIRECTION,ONE-WAY,STRAIGHT AND LEVEL,DRY,NO DEFECTS,INJURY AND / OR TOW DUE TO CRASH,"OVER $1,500",UNABLE TO DETERMINE,UNABLE TO DETERMINE,1620,S,WASHTENAW AVE,4,NONINCAPACITATING INJURY,1.0,0.0,0.0,1.0,0.0,1.0,0.0,1,7,9
1ce080ebe89cd9d9c19dad33eceaeeba02c74890edde2ffb214823dd56d19766fbf6c8834dbe24c819737fa8126dc25f699e188a9dafe96ca62718187cde06f3,2018-03-24 14:00:00,30,NO CONTROLS,NO CONTROLS,CLEAR,DAYLIGHT,SIDESWIPE OPPOSITE DIRECTION,ONE-WAY,STRAIGHT AND LEVEL,DRY,NO DEFECTS,NO INJURY / DRIVE AWAY,"OVER $1,500",IMPROPER BACKING,NOT APPLICABLE,5534,N,ARTESIAN AVE,2,NO INDICATION OF INJURY,0.0,0.0,0.0,0.0,0.0,2.0,0.0,14,7,3
5ba36e3d64478128e0d12f05eed5f43b28babd4211b35535acb4b25931d15168050120ca2ed194ab1fac60dd160409f36a4381233ce0a2ddaceab3c033d318cc,2017-10-06 12:15:00,30,NO CONTROLS,NO CONTROLS,CLEAR,DAYLIGHT,PARKED MOTOR VEHICLE,PARKING LOT,STRAIGHT AND LEVEL,DRY,NO DEFECTS,NO INJURY / DRIVE AWAY,"$501 - $1,500",UNABLE TO DETERMINE,UNABLE TO DETERMINE,3200,W,CHICAGO AVE,2,NO INDICATION OF INJURY,0.0,0.0,0.0,0.0,0.0,2.0,0.0,12,6,10
f0bc7d2ebf1afa249508b340e0b5ae0099b83e678360e0ba62202bbb791b87db99b3ccf1216b0c1004f293fe2a3358a7777464dd9c7c95b83dfc9f85eabe9172,2016-09-10 08:00:00,30,NO CONTROLS,NO CONTROLS,CLOUDY/OVERCAST,DAYLIGHT,REAR END,DIVIDED - W/MEDIAN (NOT RAISED),STRAIGHT AND LEVEL,DRY,OTHER,NO INJURY / DRIVE AWAY,"OVER $1,500",FOLLOWING TOO CLOSELY,UNABLE TO DETERMINE,2700,N,CICERO AVE,2,NO INDICATION OF INJURY,0.0,0.0,0.0,0.0,0.0,2.0,0.0,8,7,9
c58ace4956f42074861f40701256e744ffd2eb06c6becc8fa08842c6518cf6601445ea878b7dbdbab739f465e6ec128565eb407710c527aafaec79a9532a1e79,2017-10-03 13:30:00,30,NO CONTROLS,NO CONTROLS,RAIN,DAYLIGHT,TURNING,NOT DIVIDED,STRAIGHT AND LEVEL,WET,NO DEFECTS,INJURY AND / OR TOW DUE TO CRASH,"OVER $1,500",UNABLE TO DETERMINE,UNABLE TO DETERMINE,2158,S,PULASKI RD,2,NONINCAPACITATING INJURY,1.0,0.0,0.0,1.0,0.0,1.0,0.0,13,3,10
ab8113f9e1a789f89d42d73163238fd0da70b193836fcc6a56e8939b464ef0e04f15c32ae11c44bd1765fdecdd26b050fabd3ee0dccbfc591afc1362fbed0db2,2019-06-08 21:20:00,30,NO CONTROLS,NO CONTROLS,CLEAR,"DARKNESS, LIGHTED ROAD",PEDESTRIAN,NOT DIVIDED,STRAIGHT AND LEVEL,DRY,NO DEFECTS,INJURY AND / OR TOW DUE TO CRASH,"OVER $1,500",FAILING TO REDUCE SPEED TO AVOID CRASH,NOT APPLICABLE,6358,S,ASHLAND AVE,2,FATAL,1.0,1.0,0.0,0.0,0.0,1.0,0.0,21,7,6
2bb7ae440390e0651d4032219d8c949ec5e21a9b703709b4bca034d965914f09eee36cbfa4e51d9a2107e7e9f447aec21e82d6bc62b256b0c0e018494c899584,2019-06-17 12:28:00,15,NO CONTROLS,NO CONTROLS,CLEAR,DAYLIGHT,PARKED MOTOR VEHICLE,ALLEY,STRAIGHT AND LEVEL,DRY,NO DEFECTS,NO INJURY / DRIVE AWAY,$500 OR LESS,DRIVING SKILLS/KNOWLEDGE/EXPERIENCE,UNABLE TO DETERMINE,1132,S,WABASH AVE,2,NO INDICATION OF INJURY,0.0,0.0,0.0,0.0,0.0,1.0,0.0,12,2,6
31d03db31da66b1371c3d01b400291220c0cdeb0cf215fe1d9a09e9f09562966b3ab172911aa9f6919970accc03be335726fa17f7f20c58936892d0421cb1b1a,2023-05-17 01:19:00,30,NO CONTROLS,NO CONTROLS,CLEAR,"DARKNESS, LIGHTED ROAD",PARKED MOTOR VEHICLE,NOT DIVIDED,STRAIGHT AND LEVEL,DRY,NO DEFECTS,INJURY AND / OR TOW DUE TO CRASH,"OVER $1,500",FAILING TO REDUCE SPEED TO AVOID CRASH,NOT APPLICABLE,3307,W,CHICAGO AVE,2,NO INDICATION OF INJURY,0.0,0.0,0.0,0.0,0.0,1.0,0.0,1,4,5
9664588a1156e2841c2079595a71ef016bc3f15106bd135ca398e29bece41f21fd093be85c29046a446fc1998527c288a7a38f8a78ed0acbed7a83b324beb23e,2023-01-02 02:00:00,10,NO CONTROLS,NO CONTROLS,UNKNOWN,UNKNOWN,TURNING,PARKING LOT,STRAIGHT AND LEVEL,UNKNOWN,UNKNOWN,NO INJURY / DRIVE AWAY,"OVER $1,500",FAILING TO YIELD RIGHT-OF-WAY,NOT APPLICABLE,437,N,ORLEANS ST,2,NO INDICATION OF INJURY,0.0,0.0,0.0,0.0,0.0,2.0,0.0,2,2,1
2bbb9a4f9777a737c7d0a780f4a53b0fbbb93459744d313b5f207e639ceaa8b76c2f072be85f9df7cdfe7203fe51dc8e65b8a999b71b266e88beb67f3cd5a432,2016-12-22 11:29:00,35,TRAFFIC SIGNAL,FUNCTIONING PROPERLY,CLEAR,DAYLIGHT,TURNING,OTHER,STRAIGHT AND LEVEL,WET,NO DEFECTS,NO INJURY / DRIVE AWAY,"OVER $1,500",UNABLE TO DETERMINE,UNABLE TO DETERMINE,2400,W,47TH ST,2,NO INDICATION OF INJURY,0.0,0.0,0.0,0.0,0.0,2.0,0.0,11,5,12
5cfcb964e3fe93cdee4abced6a77bc42f7db6c22cfad49e312ff6e10ded41e4ca3ae82aefff01b576251f1573598d69cc3bc8b9d11f8e7185e97b50b75ca663a,2020-01-14 19:46:00,30,TRAFFIC SIGNAL,FUNCTIONING PROPERLY,CLEAR,"DARKNESS, LIGHTED ROAD",REAR END,DIVIDED - W/MEDIAN (NOT RAISED),STRAIGHT AND LEVEL,DRY,NO DEFECTS,INJURY AND / OR TOW DUE TO CRASH,"OVER $1,500",FOLLOWING TOO CLOSELY,UNABLE TO DETERMINE,9501,S,WESTERN AVE,2,NO INDICATION OF INJURY,0.0,0.0,0.0,0.0,0.0,2.0,0.0,19,3,1
0cfb7e1f02b8e6cd97e75d739d89b4356d10dd587ac3a56a24a11b122a35736c4c41c90151f5bcac99619ca535a7883eec172f6ed3774181905d20fbc9aee15d,2017-11-19 15:25:00,30,NO CONTROLS,NO CONTROLS,CLEAR,DAYLIGHT,PARKED MOTOR VEHICLE,PARKING LOT,STRAIGHT ON GRADE,DRY,UNKNOWN,NO INJURY / DRIVE AWAY,"OVER $1,500",IMPROPER BACKING,NOT APPLICABLE,4242,W,ROOSEVELT RD,2,NO INDICATION OF INJURY,0.0,0.0,0.0,0.0,0.0,1.0,0.0,15,1,11
b1cf39fbcf7f9effc0aee262c92fc64995cdcbd45deb2aad0dd9f15bb8e4a75afbce446dc002c1d4347dd1b7a792c112b66b7da42e30c912a5ee9a826063217d,2019-08-25 10:45:00,30,NO CONTROLS,NO CONTROLS,CLEAR,DAYLIGHT,PARKED MOTOR VEHICLE,NOT DIVIDED,STRAIGHT AND LEVEL,DRY,NO DEFECTS,NO INJURY / DRIVE AWAY,"$501 - $1,500",IMPROPER OVERTAKING/PASSING,NOT APPLICABLE,3070,S,LOCK ST,2,NO INDICATION OF INJURY,0.0,0.0,0.0,0.0,0.0,1.0,0.0,10,1,8
8ab98e85b6d5abc1884ee857b5d00fa6c793aaffacda48f567c3dfbb74d5cdc511f7547af73ee32377cdc81130ea8907a4caa0901125e0ad7d24e3a42f1e4c44,2017-12-07 19:38:00,30,TRAFFIC SIGNAL,FUNCTIONING PROPERLY,CLEAR,"DARKNESS, LIGHTED ROAD",ANGLE,NOT DIVIDED,STRAIGHT AND LEVEL,DRY,NO DEFECTS,NO INJURY / DRIVE AWAY,"OVER $1,500",FAILING TO YIELD RIGHT-OF-WAY,NOT APPLICABLE,700,W,TAYLOR ST,2,NO INDICATION OF INJURY,0.0,0.0,0.0,0.0,0.0,2.0,0.0,19,5,12
eb77bf479ebbff82acfd12c7348e041e65f7304b3beba534b231cb45300917a7e9f03e386766c62c23ba580e0b0bebc46cfc5c35e1b34ceb1d9b8794889ea821,2017-06-16 17:45:00,30,TRAFFIC SIGNAL,FUNCTIONING PROPERLY,CLEAR,DAYLIGHT,REAR END,DIVIDED - W/MEDIAN BARRIER,STRAIGHT AND LEVEL,DRY,NO DEFECTS,NO INJURY / DRIVE AWAY,"OVER $1,500","OPERATING VEHICLE IN ERRATIC, RECKLESS, CARELESS, NEGLIGENT OR AGGRESSIVE MANNER",UNABLE TO DETERMINE,298,S,MICHIGAN AVE,2,NO INDICATION OF INJURY,0.0,0.0,0.0,0.0,0.0,2.0,0.0,17,6,6
77ad92a3dc9e52e877315675b98b927f57d0cdb674e98db33aac59af0d6233a4449913586978f8da57bfa221d73dc66ede0a11cec952b5e9d7107bf03120d980,2019-10-26 10:55:00,30,TRAFFIC SIGNAL,FUNCTIONING PROPERLY,CLEAR,DAYLIGHT,TURNING,DIVIDED - W/MEDIAN (NOT RAISED),STRAIGHT AND LEVEL,DRY,NO DEFECTS,INJURY AND / OR TOW DUE TO CRASH,"OVER $1,500","OPERATING VEHICLE IN ERRATIC, RECKLESS, CARELESS, NEGLIGENT OR AGGRESSIVE MANNER",UNABLE TO DETERMINE,100,N,HOMAN BLVD,3,NO INDICATION OF INJURY,0.0,0.0,0.0,0.0,0.0,4.0,0.0,10,7,10
27119e1568010191412bffcd10e68e4d1799de1a67273ee63effdf899fca58b2a539771fbc476eca2efcc0bdff6e9fc67143fed3aa8f9f249402f9a38f4055fc,2021-02-18 03:15:00,35,TRAFFIC SIGNAL,FUNCTIONING PROPERLY,SNOW,"DARKNESS, LIGHTED ROAD",REAR END,NOT DIVIDED,STRAIGHT AND LEVEL,SNOW OR SLUSH,NO DEFECTS,NO INJURY / DRIVE AWAY,"OVER $1,500",UNABLE TO DETERMINE,UNABLE TO DETERMINE,8301,S,JEFFERY BLVD,2,NO INDICATION OF INJURY,0.0,0.0,0.0,0.0,0.0,2.0,0.0,3,5,2
6e4a6900f5fc8912af4ba593d18e21bb925c5d00044c6f5ea7cafd41338cb3dac455fed08d04dcf9ab654882b1df663a6afb9206cd2e96494276c6a4ae858700,2017-05-20 07:15:00,0,STOP SIGN/FLASHER,FUNCTIONING PROPERLY,RAIN,DAYLIGHT,SIDESWIPE OPPOSITE DIRECTION,NOT DIVIDED,STRAIGHT AND LEVEL,WET,NO DEFECTS,NO INJURY / DRIVE AWAY,"OVER $1,500",DISREGARDING STOP SIGN,EXCEEDING SAFE SPEED FOR CONDITIONS,3200,S,INDIANA AVE,2,NO INDICATION OF INJURY,0.0,0.0,0.0,0.0,0.0,2.0,0.0,7,7,5
28ba0d58f1f1542bb0b59560d54c69a9538d63167e59255bc7427b8a9a2b891eb4e39586253d1a489e98bad80846b84b561a9e8e6562218cc2665c5fb9c232f3,2019-11-15 12:15:00,30,NO CONTROLS,NO CONTROLS,CLEAR,DAYLIGHT,SIDESWIPE SAME DIRECTION,NOT DIVIDED,STRAIGHT AND LEVEL,DRY,NO DEFECTS,INJURY AND / OR TOW DUE TO CRASH,"OVER $1,500",UNABLE TO DETERMINE,UNABLE TO DETERMINE,2950,W,CHICAGO AVE,4,NONINCAPACITATING INJURY,2.0,0.0,0.0,1.0,1.0,1.0,0.0,12,6,11
2fd2e8c565548ca50ba437a4377d0e012c08db012764ead70875bacf614c45d2f4ac3792e40f56334f728b53fdd0b2dc9b60b7577a5af17e00acfc2e9e16bdbb,2019-09-08 01:10:00,30,NO CONTROLS,NO CONTROLS,CLEAR,"DARKNESS, LIGHTED ROAD",PEDESTRIAN,DIVIDED - W/MEDIAN (NOT RAISED),STRAIGHT AND LEVEL,DRY,NO DEFECTS,INJURY AND / OR TOW DUE TO CRASH,"OVER $1,500","OPERATING VEHICLE IN ERRATIC, RECKLESS, CARELESS, NEGLIGENT OR AGGRESSIVE MANNER",IMPROPER OVERTAKING/PASSING,705,W,BELMONT AVE,2,NONINCAPACITATING INJURY,1.0,0.0,0.0,1.0,0.0,1.0,0.0,1,1,9
3d8324e9eadc3ff0f0eb4db848a4a9b2a5d22ea288ff119caaf2ba76a84d02015bdfdd82d42a39f7b9e306c8311bedf04b0543b5b3fd60c75c2f4001cd0b7cd2,2023-02-22 16:15:00,30,NO CONTROLS,NO CONTROLS,RAIN,DAYLIGHT,SIDESWIPE SAME DIRECTION,NOT DIVIDED,STRAIGHT AND LEVEL,WET,NO DEFECTS,NO INJURY / DRIVE AWAY,"OVER $1,500",DRIVING SKILLS/KNOWLEDGE/EXPERIENCE,NOT APPLICABLE,630,N,MICHIGAN AVE,2,NO INDICATION OF INJURY,0.0,0.0,0.0,0.0,0.0,2.0,0.0,16,4,2
b39c6d992ceefcd0e3bd5956717578131551bf3a690312e29690859a360a4b3b1a6aca5e8ba466de99b424feb76a12f7c5beaea712a13e5ccda724a6e1a4971d,2023-10-21 10:25:00,30,STOP SIGN/FLASHER,FUNCTIONING PROPERLY,CLEAR,DAYLIGHT,ANGLE,UNKNOWN INTERSECTION TYPE,STRAIGHT AND LEVEL,DRY,UNKNOWN,INJURY AND / OR TOW DUE TO CRASH,"OVER $1,500",FAILING TO YIELD RIGHT-OF-WAY,FAILING TO YIELD RIGHT-OF-WAY,1101,W,GARFIELD BLVD,2,"REPORTED, NOT EVIDENT",2.0,0.0,0.0,0.0,2.0,0.0,0.0,10,7,10