CRASH_RECORD_ID,CRASH_DATE,POSTED_SPEED_LIMIT,TRAFFIC_CONTROL_DEVICE,DEVICE_CONDITION,WEATHER_CONDITION,LIGHTING_CONDITION,FIRST_CRASH_TYPE,TRAFFICWAY_TYPE,ALIGNMENT,ROADWAY_SURFACE_COND,ROAD_DEFECT,CRASH_TYPE,DAMAGE,PRIM_CONTRIBUTORY_CAUSE,SEC_CONTRIBUTORY_CAUSE,STREET_NO,STREET_DIRECTION,STREET_NAME,NUM_UNITS,MOST_SEVERE_INJURY,INJURIES_TOTAL,INJURIES_FATAL,INJURIES_INCAPACITATING,INJURIES_NON_INCAPACITATING,INJURIES_REPORTED_NOT_EVIDENT,INJURIES_NO_INDICATION,INJURIES_UNKNOWN,CRASH_HOUR,CRASH_DAY_OF_WEEK,CRASH_MONTH
5d9f1a28c975203a5d469ff2b5b5c2dd3cb026e3f89047f3e728cb0af5cc5dba1d3ab51555094e69df891755b6544779c3932c454e7bc415eea05cbe80750fbd,2020-09-09 15:20:00,30,NO CONTROLS,NO CONTROLS,CLEAR,DAYLIGHT,SIDESWIPE SAME DIRECTION,NOT DIVIDED,STRAIGHT AND LEVEL,DRY,NO DEFECTS,NO INJURY / DRIVE AWAY,"$501 - $1,500",UNABLE TO DETERMINE,UNABLE TO DETERMINE,9500,S,STONY ISLAND AVE,2,NO INDICATION OF INJURY,0.0,0.0,0.0,0.0,0.0,2.0,0.0,15,4,9
4cd5796277dbc3125b71c030269d5e6098f76304bb7b11e87232cb00f9ee10fbfe574f9a5868385cd00a126a2e013a058f0bcb5a5f784f06682756c6b53883f9,2021-10-17 22:45:00,30,TRAFFIC SIGNAL,FUNCTIONING PROPERLY,CLEAR,"DARKNESS, LIGHTED ROAD",REAR TO FRONT,NOT DIVIDED,STRAIGHT AND LEVEL,DRY,UNKNOWN,NO INJURY / DRIVE AWAY,"OVER $1,500",FAILING TO REDUCE SPEED TO AVOID CRASH,NOT APPLICABLE,701,E,111TH ST,2,NO INDICATION OF INJURY,0.0,0.0,0.0,0.0,0.0,2.0,0.0,22,1,10
3e23f12a5f2084a504ca835fcd0296d47b917b1867b830cd41718b04cb62d0dd20fd874a79cacab6b8224e32eaf93e7faa745b880f93053a6fecf8fdfc5fe59e,2019-12-05 14:05:00,30,TRAFFIC SIGNAL,FUNCTIONING PROPERLY,CLEAR,DAYLIGHT,REAR END,DIVIDED - W/MEDIAN BARRIER,STRAIGHT AND LEVEL,DRY,DEBRIS ON ROADWAY,NO INJURY / DRIVE AWAY,$500 OR LESS,FOLLOWING TOO CLOSELY,ROAD CONSTRUCTION/MAINTENANCE,3637,W,IRVING PARK RD,2,NO INDICATION OF INJURY,0.0,0.0,0.0,0.0,0.0,2.0,0.0,14,5,12
46cfb3979754b2f40a411e92afab90f5b1ba456407ba2068d3a55d424cb00d20db23b46a5c2dc0cbfd823b7f2216602560de50fa5b482f62479abad5e233fef4,2021-09-16 14:17:00,30,STOP SIGN/FLASHER,FUNCTIONING PROPERLY,CLEAR,DAYLIGHT,TURNING,FOUR WAY,STRAIGHT AND LEVEL,DRY,NO DEFECTS,NO INJURY / DRIVE AWAY,"OVER $1,500",FOLLOWING TOO CLOSELY,NOT APPLICABLE,4400,W,LEXINGTON ST,2,NO INDICATION OF INJURY,0.0,0.0,0.0,0.0,0.0,2.0,0.0,14,5,9
f14118c8dc3e7e72d554ea130b5d8d602dab4c59737fa5d07b3dc29b81d7308620cf15dec941183cd2b6ad71b696966f04e5302b85d778586110ca4362d061d1,2019-04-27 11:35:00,30,TRAFFIC SIGNAL,FUNCTIONING PROPERLY,RAIN,DAYLIGHT,REAR END,NOT DIVIDED,STRAIGHT AND LEVEL,SNOW OR SLUSH,NO DEFECTS,NO INJURY / DRIVE AWAY,"OVER $1,500",FOLLOWING TOO CLOSELY,WEATHER,2,N,HAMLIN BLVD,2,NO INDICATION OF INJURY,0.0,0.0,0.0,0.0,0.0,2.0,0.0,11,7,4
fd99968575e4417a26449f615bed69a024b9ca0b380cbc8462ed2d271cda0838bf1701e528604932a8cf27bb805783e58a5533ee5c916c00b9372b6e7b80be5d,2019-12-11 18:14:00,10,NO CONTROLS,NO CONTROLS,CLEAR,DARKNESS,PARKED MOTOR VEHICLE,PARKING LOT,STRAIGHT AND LEVEL,DRY,NO DEFECTS,NO INJURY / DRIVE AWAY,"$501 - $1,500",UNABLE TO DETERMINE,UNABLE TO DETERMINE,4002,W,CHICAGO AVE,2,NO INDICATION OF INJURY,0.0,0.0,0.0,0.0,0.0,2.0,0.0,18,4,12
e7ba5704b1000e4f34eb153bbb2924c6fa52eef6990d826b01a0a80b23f5f25b6b13eed283f9ea900ca21ca9940e7cbea5a12939ca40a783f1ff356c816a6163,2019-11-18 15:00:00,30,TRAFFIC SIGNAL,FUNCTIONING PROPERLY,CLEAR,DAYLIGHT,PEDESTRIAN,FOUR WAY,STRAIGHT AND LEVEL,DRY,NO DEFECTS,INJURY AND / OR TOW DUE TO CRASH,$500 OR LESS,FAILING TO YIELD RIGHT-OF-WAY,UNABLE TO DETERMINE,1727,S,ASHLAND AVE,2,"REPORTED, NOT EVIDENT",1.0,0.0,0.0,0.0,1.0,3.0,0.0,15,2,11
9226098ca688effc156334197249bc1341b5f3bf248342f081982e213a45061cacd2894e14cbd7605073b6bf773fd44ef001ac79f406a17cf9674a1114c8dd0f,2017-06-21 14:45:00,35,NO CONTROLS,NO CONTROLS,UNKNOWN,UNKNOWN,SIDESWIPE SAME DIRECTION,DIVIDED - W/MEDIAN (NOT RAISED),STRAIGHT AND LEVEL,UNKNOWN,UNKNOWN,NO INJURY / DRIVE AWAY,"OVER $1,500",UNABLE TO DETERMINE,UNABLE TO DETERMINE,11335,S,WESTERN AVE,2,NO INDICATION OF INJURY,0.0,0.0,0.0,0.0,0.0,2.0,0.0,14,4,6
2e4e4227ed96b1af911a541afa28084639a930d6dc3b3a73e40ce9d1d61a8e4a6cdf98f920292d1735093a3b0e7a429d0152d3709b082d2fac37108dd8d805af,2024-04-08 12:21:00,30,NO CONTROLS,NO CONTROLS,CLEAR,DAYLIGHT,PEDALCYCLIST,NOT DIVIDED,STRAIGHT AND LEVEL,DRY,NO DEFECTS,INJURY AND / OR TOW DUE TO CRASH,"OVER $1,500","VISION OBSCURED (SIGNS, TREE LIMBS, BUILDINGS, ETC.)",NOT APPLICABLE,1516,W,BELMONT AVE,2,NONINCAPACITATING INJURY,1.0,0.0,0.0,1.0,0.0,1.0,0.0,12,2,4
6c20a877c9ac1c1ab19431f32ac0d883958af54ff373232bbb0102173db75a8a1ad015bf216e7f6cd376458927c38c13bea0defad68ee48cf192d8f506eab1d9,2020-02-19 11:30:00,30,NO CONTROLS,NO CONTROLS,CLEAR,DAYLIGHT,ANGLE,DIVIDED - W/MEDIAN (NOT RAISED),STRAIGHT AND LEVEL,DRY,UNKNOWN,NO INJURY / DRIVE AWAY,"OVER $1,500",FAILING TO YIELD RIGHT-OF-WAY,UNABLE TO DETERMINE,4234,N,KEDZIE AVE,2,NO INDICATION OF INJURY,0.0,0.0,0.0,0.0,0.0,2.0,0.0,11,4,2
e9a67a93cc2368bcdf0d3b3dd1333ff434b43c35beae1712a714326ddbaaefb97363db7a219c3236c984f8a4aa061e7c5ce9f0dd0e4114bf5e012767e7ac5612,2019-04-10 12:58:00,30,STOP SIGN/FLASHER,OTHER,RAIN,DAYLIGHT,TURNING,NOT DIVIDED,STRAIGHT AND LEVEL,WET,NO DEFECTS,NO INJURY / DRIVE AWAY,"OVER $1,500",UNABLE TO DETERMINE,UNABLE TO DETERMINE,4200,W,CHICAGO AVE,2,NO INDICATION OF INJURY,0.0,0.0,0.0,0.0,0.0,5.0,0.0,12,4,4
287ba3074bd4b1bcf247ab5fbfe1d8b07dfeba4c041bd6ea786d69106c91997ded50a7fbe6d4b3216f3f0ca98673de99a8237befcc8f5964c3d2dfac8aa4f05f,2015-08-23 11:30:00,30,NO CONTROLS,NO CONTROLS,CLEAR,DAYLIGHT,PARKED MOTOR VEHICLE,ONE-WAY,STRAIGHT AND LEVEL,DRY,NO DEFECTS,NO INJURY / DRIVE AWAY,"OVER $1,500",UNABLE TO DETERMINE,UNABLE TO DETERMINE,160,E,DELAWARE PL,2,NO INDICATION OF INJURY,0.0,0.0,0.0,0.0,0.0,1.0,0.0,11,1,8
afcd6ed823e8d5d0a3e3083ac6448fc0702c8fd38da52b7c86ff53bc422cfa42f0b0c591fcfa39c1f7666271fb496049bcdc891da610ba2b6cf823c6b182ea1d,2021-10-18 16:00:00,30,TRAFFIC SIGNAL,FUNCTIONING PROPERLY,CLEAR,DAYLIGHT,SIDESWIPE SAME DIRECTION,ONE-WAY,STRAIGHT AND LEVEL,DRY,NO DEFECTS,NO INJURY / DRIVE AWAY,"$501 - $1,500",IMPROPER LANE USAGE,IMPROPER LANE USAGE,400,S,FRANKLIN ST,2,NO INDICATION OF INJURY,0.0,0.0,0.0,0.0,0.0,2.0,0.0,16,2,10
b5d09532f96844d7566499771d0330a421d396a497df05689cc0da6f0e581f91a9eeb1a1e0d32035cd08e58f03d4bf11682d46f0cf927adee37a2ef6363fcbe4,2021-10-17 16:15:00,30,NO CONTROLS,NO CONTROLS,CLEAR,DAYLIGHT,REAR END,DIVIDED - W/MEDIAN BARRIER,STRAIGHT ON GRADE,DRY,NO DEFECTS,INJURY AND / OR TOW DUE TO CRASH,"OVER $1,500",FOLLOWING TOO CLOSELY,UNABLE TO DETERMINE,1806,W,95TH ST,2,INCAPACITATING INJURY,1.0,0.0,1.0,0.0,0.0,1.0,0.0,16,1,10
7424411f643ddff08fa90d5010df22002f0dd3e0d5403ecf69df1aa83643230959da72820f617d7c0cf6c62c8f95bdd4a0d535c92341e6c0901fe3b59fb735c6,2022-04-23 23:00:00,30,TRAFFIC SIGNAL,UNKNOWN,UNKNOWN,UNKNOWN,PEDESTRIAN,ONE-WAY,STRAIGHT AND LEVEL,UNKNOWN,UNKNOWN,INJURY AND / OR TOW DUE TO CRASH,"OVER $1,500",UNABLE TO DETERMINE,NOT APPLICABLE,200,E,OHIO ST,2,INCAPACITATING INJURY,1.0,0.0,1.0,0.0,0.0,1.0,0.0,23,7,4
fb3f4eb45aa0e70b891ca91279d58d62fb7bfdbd2a6b7042e91d66af25127c6ca950f35ed532cb5a83b70d739552724165ce54ca3defa745c969a6a54dcd7e52,2016-07-07 19:45:00,15,NO CONTROLS,NO CONTROLS,CLEAR,"DARKNESS, LIGHTED ROAD",SIDESWIPE OPPOSITE DIRECTION,PARKING LOT,STRAIGHT AND LEVEL,DRY,NO DEFECTS,NO INJURY / DRIVE AWAY,"OVER $1,500",UNABLE TO DETERMINE,UNABLE TO DETERMINE,6500,W,DIVERSEY AVE,2,NO INDICATION OF INJURY,0.0,0.0,0.0,0.0,0.0,3.0,0.0,19,5,7
8b329c84245d43fc21ed3613ef3cf67af0c9fa774d5979da6603246e4d2915cc4f3e583c53a7cb3974cafb81fb6d496ca20388c4d844cd1a235c8400e33835da,2022-04-20 11:50:00,30,NO CONTROLS,NO CONTROLS,CLEAR,DAYLIGHT,SIDESWIPE SAME DIRECTION,NOT DIVIDED,STRAIGHT AND LEVEL,DRY,NO DEFECTS,NO INJURY / DRIVE AWAY,$500 OR LESS,UNABLE TO DETERMINE,NOT APPLICABLE,4527,S,WESTERN BLVD,2,NO INDICATION OF INJURY,0.0,0.0,0.0,0.0,0.0,2.0,0.0,11,4,4
328e7c89dc7b1540c7e559acf9dea9f52d0504afc377a2dd188accf2623c163bd2cb31383cbbdbc29ec2b6044294864107457dcf93e67a75ee7373eae0ebc92d,2022-08-06 12:01:00,15,NO CONTROLS,NO CONTROLS,CLEAR,DAYLIGHT,ANGLE,ALLEY,STRAIGHT AND LEVEL,DRY,NO DEFECTS,NO INJURY / DRIVE AWAY,"$501 - $1,500",IMPROPER BACKING,NOT APPLICABLE,3121,N,MONITOR AVE,2,NO INDICATION OF INJURY,0.0,0.0,0.0,0.0,0.0,2.0,0.0,12,7,8
647b7f367011709b2bc7e962e58f6573f17113d065d187ec994a3668c1c077031262ae9aa8131e38c152b406ce041378107f934d7ecbd5d5abfe5c6c7b11a8d7,2018-12-19 14:15:00,30,OTHER,FUNCTIONING PROPERLY,CLEAR,DAYLIGHT,PEDESTRIAN,ONE-WAY,STRAIGHT AND LEVEL,DRY,NO DEFECTS,NO INJURY / DRIVE AWAY,"OVER $1,500",DISTRACTION - FROM INSIDE VEHICLE,FAILING TO REDUCE SPEED TO AVOID CRASH,121,N,LA SALLE ST,2,NO INDICATION OF INJURY,0.0,0.0,0.0,0.0,0.0,2.0,0.0,14,4,12
35988669184afe47848e84ba4dcf631787f00c50ff8880f5950485368deaa7e344bdcb73d9c5766444fb923fed5cf2feafe2a0c75280f7671a417c91c3f7a703,2020-02-12 15:20:00,30,STOP SIGN/FLASHER,FUNCTIONING PROPERLY,SNOW,DAYLIGHT,ANGLE,NOT DIVIDED,STRAIGHT AND LEVEL,SNOW OR SLUSH,UNKNOWN,INJURY AND / OR TOW DUE TO CRASH,"OVER $1,500",FAILING TO YIELD RIGHT-OF-WAY,FAILING TO REDUCE SPEED TO AVOID CRASH,2732,N,LARAMIE AVE,3,NONINCAPACITATING INJURY,1.0,0.0,0.0,1.0,0.0,1.0,0.0,15,4,2
55a32de32a66fb83acbdaaee02013d6dce13aa2d0a9faccd9820342b6c7c84e63c27b7c5e52ae81d05251b12c99096bd82dfdf0721df62c5ca7b810262129eae,2017-03-05 13:25:00,30,NO CONTROLS,NO CONTROLS,CLEAR,DAYLIGHT,REAR END,DIVIDED - W/MEDIAN BARRIER,STRAIGHT AND LEVEL,DRY,UNKNOWN,NO INJURY / DRIVE AWAY,"$501 - $1,500",UNABLE TO DETERMINE,UNABLE TO DETERMINE,3300,W,IRVING PARK RD,2,NO INDICATION OF INJURY,0.0,0.0,0.0,0.0,0.0,2.0,0.0,13,1,3
9dd667486c4380114e7f7f5a7fb6598c4318217a85f09957f250fcffc36876f3a7a1753d9cc4368a941e5453168e6f698d41a52f008282c30f1a152de8be8f95,2018-04-11 08:35:00,30,TRAFFIC SIGNAL,FUNCTIONING PROPERLY,CLEAR,DAYLIGHT,PARKED MOTOR VEHICLE,ONE-WAY,STRAIGHT AND LEVEL,DRY,NO DEFECTS,INJURY AND / OR TOW DUE TO CRASH,"OVER $1,500",IMPROPER OVERTAKING/PASSING,NOT APPLICABLE,210,S,CANAL ST,2,NONINCAPACITATING INJURY,1.0,0.0,0.0,1.0,0.0,1.0,0.0,8,4,4
da364ee3a1d944018e95ac4cb6a5ab4617d1bdf6381b75317cc60c9d2696f68dc503b17fd14f2d2c4ee66b75402722a36cc7db25f22d9836209e8b0798ae87e2,2020-11-13 18:04:00,40,NO CONTROLS,NO CONTROLS,CLEAR,"DARKNESS, LIGHTED ROAD",REAR END,NOT DIVIDED,STRAIGHT AND LEVEL,DRY,NO DEFECTS,INJURY AND / OR TOW DUE TO CRASH,"OVER $1,500",UNABLE TO DETERMINE,NOT APPLICABLE,3000,S,LAKE SHORE DR SB,2,NO INDICATION OF INJURY,0.0,0.0,0.0,0.0,0.0,1.0,0.0,18,6,11
1871808b982d9b9a1876f4de417b18d73638ba30ab947278e11335e3d1f0e2af9c08110683fc66f950c9fbe8f70eef179f5dd1de2568a18dcd38dea02a31c915,2019-05-20 12:01:00,30,NO CONTROLS,NO CONTROLS,CLEAR,DAYLIGHT,TURNING,NOT DIVIDED,STRAIGHT AND LEVEL,DRY,NO DEFECTS,INJURY AND / OR TOW DUE TO CRASH,"OVER $1,500","VISION OBSCURED (SIGNS, TREE LIMBS, BUILDINGS, ETC.)","VISION OBSCURED (SIGNS, TREE LIMBS, BUILDINGS, ETC.)",5125,N,HARLEM AVE,2,NO INDICATION OF INJURY,0.0,0.0,0.0,0.0,0.0,2.0,0.0,12,2,5
391dcd0040954c5cbd313c2aeb5396749c80e5b90df3adb5bebb656621d02a7ac8dd196c46657996e4d62fe327e4c94d4d66efd7703ba9ebef49b83b6f7ac560,2018-10-27 07:13:00,30,TRAFFIC SIGNAL,FUNCTIONING PROPERLY,CLEAR,DAYLIGHT,REAR END,NOT DIVIDED,STRAIGHT AND LEVEL,DRY,NO DEFECTS,INJURY AND / OR TOW DUE TO CRASH,"OVER $1,500",UNABLE TO DETERMINE,UNABLE TO DETERMINE,10700,S,DR MARTIN LUTHER KING JR DR,2,"REPORTED, NOT EVIDENT",1.0,0.0,0.0,0.0,1.0,1.0,0.0,7,7,10
41626536b93245c88fb0fa96e9b129d323d6d7edae1b7f46875a2e3263bb0373d32be424d0d593025495bf786b54c76eab63d3153cc0315c97e8dabc2ddb4e8b,2020-12-22 17:10:00,40,TRAFFIC SIGNAL,FUNCTIONING PROPERLY,CLEAR,"DARKNESS, LIGHTED ROAD",SIDESWIPE SAME DIRECTION,T-INTERSECTION,STRAIGHT AND LEVEL,DRY,NO DEFECTS,NO INJURY / DRIVE AWAY,"$501 - $1,500",IMPROPER OVERTAKING/PASSING,UNABLE TO DETERMINE,710,S,LAKE SHORE DR E,2,NO INDICATION OF INJURY,0.0,0.0,0.0,0.0,0.0,2.0,0.0,17,3,12
d4a7d267512886c721f7d44b295b5e54adac317346d02a7536e26b5d43904e5c69dde766b21b7f46c6dee02054ebbac3ca7fd5e02fe4dd6d599473a395b4f00f,2021-06-06 19:15:00,30,NO CONTROLS,NO CONTROLS,CLEAR,DUSK,PARKED MOTOR VEHICLE,ONE-WAY,STRAIGHT AND LEVEL,DRY,UNKNOWN,NO INJURY / DRIVE AWAY,"$501 - $1,500",IMPROPER TURNING/NO SIGNAL,IMPROPER TURNING/NO SIGNAL,3820,W,VAN BUREN ST,2,NO INDICATION OF INJURY,0.0,0.0,0.0,0.0,0.0,1.0,0.0,19,1,6
9b65d713e3aa0838641ad45409b1296d372549c8ebd044cb1cfc34594bcec42c858995fb0997125ccbe0ee5fff8f4b62ec34f53fe7f469d4f1fb11dc7c45e3f6,2022-06-25 22:30:00,30,TRAFFIC SIGNAL,FUNCTIONING PROPERLY,CLEAR,"DARKNESS, LIGHTED ROAD",ANGLE,FOUR WAY,STRAIGHT AND LEVEL,DRY,NO DEFECTS,NO INJURY / DRIVE AWAY,"OVER $1,500",UNABLE TO DETERMINE,UNABLE TO DETERMINE,6700,S,STONY ISLAND AVE,2,NO INDICATION OF INJURY,0.0,0.0,0.0,0.0,0.0,3.0,0.0,22,7,6
6becd4e362ee64d65a17a7060f91e1466d361cc5dd0060d235488f67a9fb84b951910723f095de55a7a0373013ce73de0a8f72e40f05cacc77d1159361d522d5,2016-12-13 23:30:00,20,NO CONTROLS,NO CONTROLS,CLEAR,"DARKNESS, LIGHTED ROAD",SIDESWIPE SAME DIRECTION,NOT DIVIDED,STRAIGHT AND LEVEL,ICE,NO DEFECTS,NO INJURY / DRIVE AWAY,"$501 - $1,500",IMPROPER LANE USAGE,NOT APPLICABLE,1611,N,MOBILE AVE,2,NO INDICATION OF INJURY,0.0,0.0,0.0,0.0,0.0,3.0,0.0,23,3,12
bf746887ec990abd741f51ca0a37e7f80f70175bfb329e7fa3241bcd88f7e1dd9a168e6b08d418c18ec29c1fa5dba7b7cef6e717927ea8d443d1992a843de531,2019-08-20 14:20:00,30,TRAFFIC SIGNAL,FUNCTIONING PROPERLY,RAIN,DAYLIGHT,SIDESWIPE OPPOSITE DIRECTION,NOT DIVIDED,STRAIGHT AND LEVEL,WET,NO DEFECTS,NO INJURY / DRIVE AWAY,"OVER $1,500",IMPROPER OVERTAKING/PASSING,NOT APPLICABLE,4300,W,DIVISION ST,2,NO INDICATION OF INJURY,0.0,0.0,0.0,0.0,0.0,2.0,0.0,14,3,8
bba85dc7066bb8c3c6417eb934e49086f920a9a7081af1eb10bc72508cc6b82467f0366d95182345d88ab3050c64f711e94fbc8483428e0e2decef9d4b0c73c8,2016-02-10 15:20:00,35,NO CONTROLS,NO CONTROLS,CLEAR,DAYLIGHT,SIDESWIPE SAME DIRECTION,NOT DIVIDED,STRAIGHT AND LEVEL,DRY,NO DEFECTS,NO INJURY / DRIVE AWAY,"$501 - $1,500",DRIVING SKILLS/KNOWLEDGE/EXPERIENCE,NOT APPLICABLE,6500,S,KEDZIE AVE,2,NO INDICATION OF INJURY,0.0,0.0,0.0,0.0,0.0,2.0,0.0,15,4,2
3be092e647b34880d6148096a3b145cc237ac1297160a8b7831fe9448b0d03ab5c408ea4795b23d50d57d251b02b6d2982b435ade7b17fac14803e14bfe22e3b,2018-10-01 18:30:00,30,NO CONTROLS,NO CONTROLS,CLEAR,DARKNESS,FIXED OBJECT,NOT DIVIDED,STRAIGHT AND LEVEL,DRY,NO DEFECTS,NO INJURY / DRIVE AWAY,"OVER $1,500",ROAD ENGINEERING/SURFACE/MARKING DEFECTS,NOT APPLICABLE,3301,W,MARQUETTE RD,1,NO INDICATION OF INJURY,0.0,0.0,0.0,0.0,0.0,1.0,0.0,18,2,10
e0073d2f560d43d57bc96a146b8173f012aa87c8fe17dd1aa1e0aa4586d1dd545131ac19bf0a8ae6dbff74445383c45df83d75ef6e90165afd5aaa932e18e546,2022-08-13 12:00:00,30,NO CONTROLS,NO CONTROLS,CLEAR,DAYLIGHT,PARKED MOTOR VEHICLE,NOT DIVIDED,STRAIGHT AND LEVEL,UNKNOWN,UNKNOWN,NO INJURY / DRIVE AWAY,"$501 - $1,500",IMPROPER OVERTAKING/PASSING,IMPROPER OVERTAKING/PASSING,1721,W,HUBBARD ST,2,NO INDICATION OF INJURY,0.0,0.0,0.0,0.0,0.0,1.0,0.0,12,7,8
19fa5b0b4e9af422d06ce729a5a422abb56c5841c1c04682ab283f54dc6eb437b2c5046cd19db1603d892640f4371465c63304e55f5dd4490e2a33d09480d7c4,2016-06-04 11:30:00,15,OTHER,NO CONTROLS,CLEAR,DAYLIGHT,ANGLE,PARKING LOT,STRAIGHT AND LEVEL,DRY,NO DEFECTS,NO INJURY / DRIVE AWAY,"$501 - $1,500",IMPROPER BACKING,FAILING TO YIELD RIGHT-OF-WAY,3939,W,OGDEN AVE,2,NO INDICATION OF INJURY,0.0,0.0,0.0,0.0,0.0,4.0,0.0,11,7,6
b11bdaa996017db3dd819f6f074c6d907bc9c5ef4c590a1b98636b8ea6a42c80dde2bba0363dc0451e32cf7807ee679e0f145dba119262a281f5dba00a7408c7,2018-03-23 13:30:00,30,NO CONTROLS,NO CONTROLS,CLEAR,DAYLIGHT,TURNING,DIVIDED - W/MEDIAN BARRIER,STRAIGHT AND LEVEL,DRY,NO DEFECTS,NO INJURY / DRIVE AWAY,"$501 - $1,500",UNABLE TO DETERMINE,UNABLE TO DETERMINE,7001,S,JEFFERY BLVD,2,NO INDICATION OF INJURY,0.0,0.0,0.0,0.0,0.0,2.0,0.0,13,6,3
3f6c7c01c61ff01a06c9bebcac6e954e275d01859dba36657c89b4b0797a3219a3929fcf2c74876ebd40cfa95d97c7a2b1d1f8c366cd1645fe6fac7e41a04eed,2018-11-22 03:35:00,30,TRAFFIC SIGNAL,FUNCTIONING PROPERLY,CLEAR,DAYLIGHT,SIDESWIPE SAME DIRECTION,DIVIDED - W/MEDIAN (NOT RAISED),STRAIGHT AND LEVEL,DRY,NO DEFECTS,NO INJURY / DRIVE AWAY,"$501 - $1,500",IMPROPER LANE USAGE,DRIVING SKILLS/KNOWLEDGE/EXPERIENCE,5700,N,RIDGE AVE,2,NO INDICATION OF INJURY,0.0,0.0,0.0,0.0,0.0,2.0,0.0,3,5,11
ed5b25258b6d8a6534a23343c3cf127640695c43437e4eeaa60174becd0ea8bc1363fafb21b9630f769d7d51b932fbf9c5e692eee77cabcff48f20bd973d3d45,2018-02-16 15:30:00,30,TRAFFIC SIGNAL,FUNCTIONING PROPERLY,CLEAR,DAYLIGHT,TURNING,OTHER,STRAIGHT AND LEVEL,DRY,UNKNOWN,NO INJURY / DRIVE AWAY,"OVER $1,500",UNABLE TO DETERMINE,UNABLE TO DETERMINE,150,N,LAKE SHORE DR NB,2,NO INDICATION OF INJURY,0.0,0.0,0.0,0.0,0.0,3.0,0.0,15,6,2
7783a1397e6fa9c6797e4e15eec0048b4708ff87a80c36f5757c09baba27ba53d2fee0e4565494ba4fcd02c86cbc0bce8de3253855e5ea75c2784475f03484c2,2018-10-21 04:06:00,30,NO CONTROLS,UNKNOWN,CLEAR,"DARKNESS, LIGHTED ROAD",REAR END,NOT DIVIDED,STRAIGHT AND LEVEL,DRY,NO DEFECTS,NO INJURY / DRIVE AWAY,$500 OR LESS,IMPROPER BACKING,IMPROPER BACKING,2515,N,MILWAUKEE AVE,2,NO INDICATION OF INJURY,0.0,0.0,0.0,0.0,0.0,2.0,0.0,4,1,10
131a9a9358ec155eec6c84661c58b59f50f873f3c9fbc7bb40c165e7ab228649b14d19bb0aec86668a6d858f4716e285a385142922571d7efaf4b3b7c8474af0,2016-01-08 12:30:00,30,STOP SIGN/FLASHER,FUNCTIONING PROPERLY,RAIN,DAYLIGHT,ANGLE,NOT DIVIDED,STRAIGHT AND LEVEL,WET,UNKNOWN,INJURY AND / OR TOW DUE TO CRASH,"OVER $1,500",UNABLE TO DETERMINE,UNABLE TO DETERMINE,5000,S,WESTERN AVE,2,"REPORTED, NOT EVIDENT",2.0,0.0,0.0,0.0,2.0,2.0,0.0,12,6,1
722a366864807df1b0b3ec205a1908a3de8a096bd8fcb219953a36d79a8c53ff8cf5b9cf64c54dffbfdd8a4cca7741c37e2b28c94a7c2de9c0888c4f891084f6,2016-02-09 14:15:00,35,TRAFFIC SIGNAL,FUNCTIONING PROPERLY,CLEAR,DAYLIGHT,ANGLE,NOT DIVIDED,STRAIGHT AND LEVEL,DRY,NO DEFECTS,NO INJURY / DRIVE AWAY,"$501 - $1,500",UNABLE TO DETERMINE,UNABLE TO DETERMINE,12700,S,HALSTED ST,2,NO INDICATION OF INJURY,0.0,0.0,0.0,0.0,0.0,3.0,0.0,14,3,2
16daebdbe77af0c994caf38d6a137a09ad617d9736d654ce7051cb2a5d18bff4c6c0ba413c7044afa8135d92e3826e915a390407524689f79d1fe61b8d720850,2017-12-01 12:50:00,30,TRAFFIC SIGNAL,UNKNOWN,CLEAR,DAYLIGHT,REAR END,UNKNOWN,STRAIGHT AND LEVEL,DRY,NO DEFECTS,INJURY AND / OR TOW DUE TO CRASH,"OVER $1,500",FOLLOWING TOO CLOSELY,FOLLOWING TOO CLOSELY,4334,S,KEDZIE AVE,2,"REPORTED, NOT EVIDENT",1.0,0.0,0.0,0.0,1.0,2.0,0.0,12,6,12
0de9a0a120077afb479e2ed8d1d6673e52d8cb5a51fdecea3b5036e1a9c3c7faac4bca8c895052ab552da4b4ffd96640cbefe2fe91c7d6fc4bc9d6924c3407ec,2020-10-10 17:45:00,30,TRAFFIC SIGNAL,FUNCTIONING PROPERLY,CLEAR,DAYLIGHT,REAR END,NOT DIVIDED,STRAIGHT AND LEVEL,DRY,NO DEFECTS,NO INJURY / DRIVE AWAY,"OVER $1,500",FOLLOWING TOO CLOSELY,NOT APPLICABLE,527,N,RUSH ST,2,NO INDICATION OF INJURY,0.0,0.0,0.0,0.0,0.0,2.0,0.0,17,7,10
64087019e11df886e169a387eb75ce039d5e393678195c6772ad92f49aa54fc344c3d0bc0cb5649aea44a78078362c293db31251ddea11bcff55b66c69de525e,2020-10-18 22:07:00,30,TRAFFIC SIGNAL,FUNCTIONING PROPERLY,CLEAR,"DARKNESS, LIGHTED ROAD",REAR END,NOT DIVIDED,STRAIGHT AND LEVEL,DRY,NO DEFECTS,NO INJURY / DRIVE AWAY,"OVER $1,500",FOLLOWING TOO CLOSELY,UNABLE TO DETERMINE,4282,S,ARCHER AVE,2,NO INDICATION OF INJURY,0.0,0.0,0.0,0.0,0.0,2.0,0.0,22,1,10