CRASH_RECORD_ID,CRASH_DATE,POSTED_SPEED_LIMIT,TRAFFIC_CONTROL_DEVICE,DEVICE_CONDITION,WEATHER_CONDITION,LIGHTING_CONDITION,FIRST_CRASH_TYPE,TRAFFICWAY_TYPE,ALIGNMENT,ROADWAY_SURFACE_COND,ROAD_DEFECT,CRASH_TYPE,DAMAGE,PRIM_CONTRIBUTORY_CAUSE,SEC_CONTRIBUTORY_CAUSE,STREET_NO,STREET_DIRECTION,STREET_NAME,NUM_UNITS,MOST_SEVERE_INJURY,INJURIES_TOTAL,INJURIES_FATAL,INJURIES_INCAPACITATING,INJURIES_NON_INCAPACITATING,INJURIES_REPORTED_NOT_EVIDENT,INJURIES_NO_INDICATION,INJURIES_UNKNOWN,CRASH_HOUR,CRASH_DAY_OF_WEEK,CRASH_MONTH
58a3fa2834d23f1c0125147fc75ac21a45b0836265ecbf08d141f03d064f69996feb0d55db34f5e8a93d32ccb24d57741105b105d8f411e54469c5de22156132,2018-10-16 16:30:00,30,NO CONTROLS,NO CONTROLS,UNKNOWN,UNKNOWN,PARKED MOTOR VEHICLE,OTHER,STRAIGHT AND LEVEL,UNKNOWN,UNKNOWN,NO INJURY / DRIVE AWAY,"$501 - $1,500",UNABLE TO DETERMINE,NOT APPLICABLE,5116,N,BERNARD ST,2,NO INDICATION OF INJURY,0.0,0.0,0.0,0.0,0.0,1.0,0.0,16,3,10
cc0373fc5f2556b3e0c9a9df47aa34ebe23c96d9317b88f458e03db83d41ed13e175fc9745fe8aa8463660b1d0bbba574b27c7621e84e9e835ca6f7795fab41e,2019-07-13 12:30:00,30,NO CONTROLS,NO CONTROLS,CLEAR,DAYLIGHT,PARKED MOTOR VEHICLE,NOT DIVIDED,STRAIGHT AND LEVEL,DRY,UNKNOWN,NO INJURY / DRIVE AWAY,"$501 - $1,500",UNABLE TO DETERMINE,NOT APPLICABLE,1204,N,STATE PKWY,2,NO INDICATION OF INJURY,0.0,0.0,0.0,0.0,0.0,1.0,0.0,12,7,7
83afb918b263ec3fdad643ee278e286968938635760e60877aa800e68c2e7c6cf45736ebac6877e36001bc743818563f6807c1524f8da9a4dd52bc2f5d70f67b,2023-05-23 10:51:00,30,TRAFFIC SIGNAL,FUNCTIONING PROPERLY,CLEAR,DAYLIGHT,SIDESWIPE SAME DIRECTION,DIVIDED - W/MEDIAN (NOT RAISED),STRAIGHT AND LEVEL,DRY,NO DEFECTS,NO INJURY / DRIVE AWAY,"OVER $1,500",UNABLE TO DETERMINE,UNABLE TO DETERMINE,823,N,WESTERN AVE,2,NO INDICATION OF INJURY,0.0,0.0,0.0,0.0,0.0,2.0,0.0,10,3,5
b13d89885e1043210990d40a6660136b1d1b5fa3b34813193f89810e8f45196ad46dae18fa4190bf817cd0f46a5821d9a016f83cf1116944b40d223002913013,2020-10-03 17:52:00,20,NO CONTROLS,NO CONTROLS,CLEAR,DUSK,REAR TO FRONT,NOT DIVIDED,STRAIGHT AND LEVEL,UNKNOWN,UNKNOWN,NO INJURY / DRIVE AWAY,"OVER $1,500",UNABLE TO DETERMINE,UNABLE TO DETERMINE,5805,S,HERMITAGE AVE,2,NO INDICATION OF INJURY,0.0,0.0,0.0,0.0,0.0,2.0,0.0,17,7,10
48e98f531ea29a68a45547d17461512cbf1cd3435c633264e007b24092153c7e211be44517fc46a9dfa27184b705250b382b71f35808a93d1458509449838aaf,2021-06-16 15:22:00,30,STOP SIGN/FLASHER,FUNCTIONING PROPERLY,CLEAR,DAYLIGHT,ANGLE,DIVIDED - W/MEDIAN (NOT RAISED),STRAIGHT AND LEVEL,DRY,NO DEFECTS,NO INJURY / DRIVE AWAY,"OVER $1,500",UNABLE TO DETERMINE,NOT APPLICABLE,4700,W,JACKSON BLVD,2,NO INDICATION OF INJURY,0.0,0.0,0.0,0.0,0.0,2.0,0.0,15,4,6
97ef387561aba7bf677e5ef731df593a3425cae646104dc6ab57315aaf0cdb00c86ea32fb46749d89520e705d033f7d90889919d7cba40f14768b4e300ae626c,2021-11-05 06:30:00,30,TRAFFIC SIGNAL,FUNCTIONING PROPERLY,CLEAR,DAWN,SIDESWIPE SAME DIRECTION,FOUR WAY,STRAIGHT AND LEVEL,DRY,UNKNOWN,NO INJURY / DRIVE AWAY,"OVER $1,500",UNABLE TO DETERMINE,UNABLE TO DETERMINE,1083,W,GRAND AVE,2,NO INDICATION OF INJURY,0.0,0.0,0.0,0.0,0.0,2.0,0.0,6,6,11
af21ac8916f49f6a7a9db02247574e4cbef5bbe91e6da24913722d05d0e7f65f536287f2d2f3ad5ea859260babb4fba9c15dcc9ae5baac19170c917da8cca18f,2018-12-11 11:26:00,30,STOP SIGN/FLASHER,FUNCTIONING PROPERLY,CLEAR,DAYLIGHT,ANGLE,DIVIDED - W/MEDIAN (NOT RAISED),STRAIGHT AND LEVEL,DRY,NO DEFECTS,NO INJURY / DRIVE AWAY,"$501 - $1,500",UNABLE TO DETERMINE,NOT APPLICABLE,1749,W,WASHINGTON BLVD,2,NO INDICATION OF INJURY,0.0,0.0,0.0,0.0,0.0,2.0,0.0,11,3,12
0d5017112de488b767402393576fa05887da1c778465f448629b53d07e5da2619bde7cb035d6210bee6d3720661d0b5a612c8150b4db91641e102b7b5dc22fd9,2022-01-24 10:30:00,25,NO CONTROLS,NO CONTROLS,SNOW,DAYLIGHT,ANGLE,NOT DIVIDED,STRAIGHT AND LEVEL,SNOW OR SLUSH,NO DEFECTS,NO INJURY / DRIVE AWAY,"OVER $1,500",FAILING TO YIELD RIGHT-OF-WAY,WEATHER,3000,W,CORTLAND ST,2,NO INDICATION OF INJURY,0.0,0.0,0.0,0.0,0.0,2.0,0.0,10,2,1
0108ce70459ea25296ab75f4a64478a558dfc79559045ce98bf4db83ac47fcac2d70923e61a728cbc37ebc011d0d89bb8c98c07fe2a62b04d19aa8a687244b2b,2021-11-25 11:30:00,30,STOP SIGN/FLASHER,NO CONTROLS,CLEAR,DAYLIGHT,ANGLE,FOUR WAY,STRAIGHT AND LEVEL,DRY,NO DEFECTS,NO INJURY / DRIVE AWAY,"OVER $1,500",FAILING TO YIELD RIGHT-OF-WAY,FAILING TO YIELD RIGHT-OF-WAY,6400,S,ST LAWRENCE AVE,2,NO INDICATION OF INJURY,0.0,0.0,0.0,0.0,0.0,2.0,0.0,11,5,11
c7060146f6557c99922974b2499a3b28986abd2e6e79dfea112740270ef35edd2dbd075847176b00ebd0365ac622d881c86e20774a1c317c39a24d3cd835d625,2020-12-28 14:00:00,35,NO CONTROLS,NO CONTROLS,UNKNOWN,UNKNOWN,PARKED MOTOR VEHICLE,DIVIDED - W/MEDIAN (NOT RAISED),STRAIGHT AND LEVEL,UNKNOWN,UNKNOWN,NO INJURY / DRIVE AWAY,"OVER $1,500",IMPROPER BACKING,IMPROPER BACKING,4117,W,47TH ST,2,NO INDICATION OF INJURY,0.0,0.0,0.0,0.0,0.0,2.0,0.0,14,2,12
6c248a527930396c18e1a86f6e2cc9d6f851f76327880d613c84b69db7e9773a124b7068d01e91cf1d29bc70220530a3631e1b404d9cb4ac21b0125fa8a773a8,2016-08-12 15:40:00,35,TRAFFIC SIGNAL,FUNCTIONING PROPERLY,RAIN,DAYLIGHT,TURNING,DIVIDED - W/MEDIAN (NOT RAISED),STRAIGHT AND LEVEL,WET,NO DEFECTS,NO INJURY / DRIVE AWAY,"OVER $1,500",IMPROPER LANE USAGE,NOT APPLICABLE,10058,S,WESTERN AVE,2,NO INDICATION OF INJURY,0.0,0.0,0.0,0.0,0.0,3.0,0.0,15,6,8
0cd77e3059bc2ed094357149d3dc81dd79aa408d0f46de00633664e9b2076167873ab074c22c8bead04dfcbc5d543cfd08e3e314f04ebd6483cb8fc2832b45d4,2024-02-03 00:30:00,30,NO CONTROLS,NO CONTROLS,UNKNOWN,UNKNOWN,PEDALCYCLIST,NOT DIVIDED,STRAIGHT AND LEVEL,UNKNOWN,UNKNOWN,NO INJURY / DRIVE AWAY,"OVER $1,500",UNABLE TO DETERMINE,UNABLE TO DETERMINE,1901,W,MADISON ST,2,NO INDICATION OF INJURY,0.0,0.0,0.0,0.0,0.0,2.0,0.0,0,7,2
bfefc6191932d3c648c44e08bd3d3e1048d998046110bc0b847641356beae6c4851bd4dae4d847b94f09c83d9522f169572ac1106729fafd48accdb36aadf196,2023-03-20 18:50:00,30,NO CONTROLS,NO CONTROLS,CLEAR,DAYLIGHT,TURNING,DIVIDED - W/MEDIAN (NOT RAISED),STRAIGHT AND LEVEL,UNKNOWN,NO DEFECTS,NO INJURY / DRIVE AWAY,"$501 - $1,500",UNABLE TO DETERMINE,NOT APPLICABLE,1910,E,95TH ST,2,NO INDICATION OF INJURY,0.0,0.0,0.0,0.0,0.0,2.0,0.0,18,2,3
e6c2b89ed26a66a3cc4158d9338d5f6474257e86444aea54ab780f83e26645bc7e36d4a7ffe25cfe1e8883b6d59c97f9a6e16d8a1fe3b5c1a244a0aba6cf497d,2021-12-26 17:40:00,30,NO CONTROLS,NO CONTROLS,UNKNOWN,"DARKNESS, LIGHTED ROAD",PARKED MOTOR VEHICLE,PARKING LOT,STRAIGHT AND LEVEL,UNKNOWN,UNKNOWN,NO INJURY / DRIVE AWAY,"OVER $1,500",IMPROPER OVERTAKING/PASSING,NOT APPLICABLE,7617,S,RACINE AVE,2,NO INDICATION OF INJURY,0.0,0.0,0.0,0.0,0.0,2.0,0.0,17,1,12
dd00259ffd42b04bf26ed918fbc273c329210263cd787e45f1c71ecd2bf51aec7810d3ecca9705691f662ced44c36b9f5c3b04e6555e3910d664b4cc09ebe5c5,2020-07-26 18:01:00,30,TRAFFIC SIGNAL,FUNCTIONING PROPERLY,CLEAR,DAYLIGHT,PARKED MOTOR VEHICLE,NOT DIVIDED,STRAIGHT AND LEVEL,DRY,NO DEFECTS,INJURY AND / OR TOW DUE TO CRASH,"OVER $1,500",NOT APPLICABLE,NOT APPLICABLE,445,N,HAMLIN AVE,2,NO INDICATION OF INJURY,0.0,0.0,0.0,0.0,0.0,2.0,0.0,18,1,7
fc45d589623ad109e9c76ac982422fdbc0206c4ffb798f9fbd23b2e0a626f6794cc3ce5e675e62bcdcbc1f98658f3740d302227764e6faa5d2cf9ec07a12decf,2017-03-16 16:20:00,30,NO CONTROLS,NO CONTROLS,CLEAR,DAYLIGHT,REAR END,NOT DIVIDED,STRAIGHT AND LEVEL,DRY,NO DEFECTS,NO INJURY / DRIVE AWAY,"OVER $1,500",FOLLOWING TOO CLOSELY,DRIVING SKILLS/KNOWLEDGE/EXPERIENCE,6259,S,MERRIMAC AVE,3,NO INDICATION OF INJURY,0.0,0.0,0.0,0.0,0.0,3.0,0.0,16,5,3
eb2cab554bbe4e529ed08b680e41ebcdcd6bae683f688a9b73cea639bdcab0fe38fc12f5cc2d9edfff40961fb11c7b30e6e1581ddbfb61ce361b7fdeab03e7ed,2015-09-02 17:10:00,25,TRAFFIC SIGNAL,FUNCTIONING PROPERLY,CLEAR,DAYLIGHT,REAR END,DIVIDED - W/MEDIAN (NOT RAISED),STRAIGHT AND LEVEL,DRY,NO DEFECTS,NO INJURY / DRIVE AWAY,"$501 - $1,500",FOLLOWING TOO CLOSELY,NOT APPLICABLE,719,S,STATE ST,2,NO INDICATION OF INJURY,0.0,0.0,0.0,0.0,0.0,2.0,0.0,17,4,9
e33adcbce67950569a3c8b5e1059095bb72c1137df0eceb0615e0f6e8b013c540b8ac87cfa0106fb6b30a3d58b92262e79f4156bafa70ebfbeb3ba30d3712c6b,2023-11-23 04:04:00,30,TRAFFIC SIGNAL,FUNCTIONING PROPERLY,CLEAR,"DARKNESS, LIGHTED ROAD",SIDESWIPE SAME DIRECTION,ONE-WAY,STRAIGHT AND LEVEL,DRY,NO DEFECTS,INJURY AND / OR TOW DUE TO CRASH,"OVER $1,500",IMPROPER OVERTAKING/PASSING,UNABLE TO DETERMINE,99,N,LA SALLE ST,2,"REPORTED, NOT EVIDENT",1.0,0.0,0.0,0.0,1.0,2.0,0.0,4,5,11
8e769b8535ca0fe93f6772ba7f59f818a259f5be04689ca4eaf609e57e0ebd9261c340083e0c3fb25cddd620e7c169376b74db72dbca85d70008faa662079c3e,2021-10-11 11:53:00,30,NO CONTROLS,NO CONTROLS,CLEAR,DAYLIGHT,SIDESWIPE SAME DIRECTION,ONE-WAY,STRAIGHT AND LEVEL,DRY,NO DEFECTS,NO INJURY / DRIVE AWAY,"OVER $1,500",IMPROPER OVERTAKING/PASSING,NOT APPLICABLE,2,N,DESPLAINES ST,2,NO INDICATION OF INJURY,0.0,0.0,0.0,0.0,0.0,2.0,0.0,11,2,10
cd1378197151442c92a303d010d753fda570cd96b8d9ecd88791ed6c52ccbac934179a834cdc375bf703e87d434495777fd3ac2c0aea99bf5c61187c6e452078,2022-06-15 10:00:00,30,NO CONTROLS,UNKNOWN,UNKNOWN,UNKNOWN,PARKED MOTOR VEHICLE,NOT DIVIDED,STRAIGHT AND LEVEL,UNKNOWN,UNKNOWN,NO INJURY / DRIVE AWAY,"OVER $1,500",UNABLE TO DETERMINE,UNABLE TO DETERMINE,4149,S,CAMPBELL AVE,2,NO INDICATION OF INJURY,0.0,0.0,0.0,0.0,0.0,1.0,0.0,10,4,6
65b957f712c26d446fe9c6d34b912ea9ca1ccf7b336c277859477b9b200268945e4c0e2392e892cbe290948fb4986be1062166e42fec4de2147ad56dc6aef4b9,2022-02-27 02:35:00,35,NO CONTROLS,NO CONTROLS,CLEAR,"DARKNESS, LIGHTED ROAD",FIXED OBJECT,NOT DIVIDED,STRAIGHT AND LEVEL,DRY,NO DEFECTS,INJURY AND / OR TOW DUE TO CRASH,"OVER $1,500",UNABLE TO DETERMINE,NOT APPLICABLE,4038,W,47TH ST,1,NO INDICATION OF INJURY,0.0,0.0,0.0,0.0,0.0,2.0,0.0,2,1,2
3d82bc56d24dc7f1f6259ea9b335946050e34e3375868c63f23526160b0953e604d38734ee406a41606605c90d1e4dbaa7d15c8982132a1fda7d50eec63bb79a,2020-07-01 19:19:00,35,NO CONTROLS,NO CONTROLS,CLEAR,DAYLIGHT,PARKED MOTOR VEHICLE,NOT DIVIDED,STRAIGHT AND LEVEL,DRY,NO DEFECTS,INJURY AND / OR TOW DUE TO CRASH,"OVER $1,500",PHYSICAL CONDITION OF DRIVER,NOT APPLICABLE,7453,N,SHERIDAN RD,3,NONINCAPACITATING INJURY,2.0,0.0,0.0,2.0,0.0,0.0,0.0,19,4,7
01a10380e71d9d589401b66f61cdcb67473e34ea67168edb64e2b64a9436f0091459e60c596508adaeabac58b3ab8ec1dff1651be34711adbde229ef3c603426,2019-11-05 15:00:00,30,TRAFFIC SIGNAL,FUNCTIONING PROPERLY,CLEAR,DAYLIGHT,REAR END,FOUR WAY,STRAIGHT AND LEVEL,DRY,NO DEFECTS,NO INJURY / DRIVE AWAY,"OVER $1,500",UNABLE TO DETERMINE,NOT APPLICABLE,33,W,83RD ST,2,NO INDICATION OF INJURY,0.0,0.0,0.0,0.0,0.0,2.0,0.0,15,3,11
41ae5ae6c34d65cf00bd2e0212a3fbdcfa9ef558ba5cec7918d0d68c8be6b3d5d3e4840d7fd52cfdb1420ff4a256b0bb8b20d6971ddf2f0337f83daab48d7925,2023-10-01 14:15:00,45,NO CONTROLS,NO CONTROLS,CLEAR,DAYLIGHT,SIDESWIPE SAME DIRECTION,DIVIDED - W/MEDIAN BARRIER,STRAIGHT AND LEVEL,DRY,NO DEFECTS,NO INJURY / DRIVE AWAY,"$501 - $1,500",IMPROPER OVERTAKING/PASSING,IMPROPER OVERTAKING/PASSING,1801,S,LAKE SHORE DR NB,2,NO INDICATION OF INJURY,0.0,0.0,0.0,0.0,0.0,2.0,0.0,14,1,10
a6f3e1ca1867f093933ec5f0da300f0dadf77ddd3d7a741d7991d3281ba2bd8d125cb4f95846ca55fb0b4f47139dedd738d55a3f1c540381651057344b04ec2e,2019-01-18 17:00:00,30,TRAFFIC SIGNAL,FUNCTIONING PROPERLY,CLEAR,"DARKNESS, LIGHTED ROAD",TURNING,DIVIDED - W/MEDIAN (NOT RAISED),STRAIGHT AND LEVEL,DRY,NO DEFECTS,NO INJURY / DRIVE AWAY,$500 OR LESS,UNABLE TO DETERMINE,NOT APPLICABLE,1607,W,GRAND AVE,2,NO INDICATION OF INJURY,0.0,0.0,0.0,0.0,0.0,2.0,0.0,17,6,1
71d254d78c91a9ccdff880c7e8617efd3617a592c308c0039f609bba6f6841cf4b9495c53d9acd654df2031c53509918eff04a720595585d2e9ed036843ebae9,2018-07-09 19:00:00,30,NO CONTROLS,NO CONTROLS,CLEAR,DARKNESS,PARKED MOTOR VEHICLE,NOT DIVIDED,STRAIGHT AND LEVEL,DRY,NO DEFECTS,NO INJURY / DRIVE AWAY,"$501 - $1,500",UNABLE TO DETERMINE,UNABLE TO DETERMINE,1113,W,110TH ST,2,NO INDICATION OF INJURY,0.0,0.0,0.0,0.0,0.0,1.0,0.0,19,2,7
05d48326713593e962691d68673ea8cc7ea9695b211b033ad10e29008c486d2403f1d9c71c1798e803d86c84a17518902018a040056759489206b28b59dfa1b2,2018-09-13 08:50:00,30,NO CONTROLS,NO CONTROLS,CLEAR,DAYLIGHT,SIDESWIPE SAME DIRECTION,NOT DIVIDED,STRAIGHT AND LEVEL,DRY,NO DEFECTS,NO INJURY / DRIVE AWAY,"OVER $1,500",UNABLE TO DETERMINE,UNABLE TO DETERMINE,1726,W,DIVERSEY PKWY,2,NO INDICATION OF INJURY,0.0,0.0,0.0,0.0,0.0,2.0,0.0,8,5,9
496c19af311f3d1215eeac04a57be9eeeadc17cc6eae6465974ddd2116ab5197017bce22a6ad670cb7fd570b3c5f9f87fd0cfcad2ea2ebea30f8454da453a8ee,2024-01-21 00:20:00,30,NO CONTROLS,NO CONTROLS,SNOW,"DARKNESS, LIGHTED ROAD",FIXED OBJECT,ALLEY,STRAIGHT AND LEVEL,SNOW OR SLUSH,NO DEFECTS,INJURY AND / OR TOW DUE TO CRASH,"OVER $1,500",UNABLE TO DETERMINE,NOT APPLICABLE,2814,N,MAJOR AVE,1,NO INDICATION OF INJURY,0.0,0.0,0.0,0.0,0.0,1.0,0.0,0,1,1
2f74bd1de45ac2ec9ab9cb4fdd52778e7a4dfa84240ed3c1c7742fd1425bd85d7c9604effe340a9d7d43360f56dc0db3daef604db8beb306b0af3a0d22983d61,2018-04-22 05:05:00,30,TRAFFIC SIGNAL,FUNCTIONING PROPERLY,UNKNOWN,"DARKNESS, LIGHTED ROAD",REAR END,DIVIDED - W/MEDIAN (NOT RAISED),STRAIGHT AND LEVEL,DRY,NO DEFECTS,INJURY AND / OR TOW DUE TO CRASH,"OVER $1,500",FOLLOWING TOO CLOSELY,NOT APPLICABLE,2112,W,PETERSON AVE,2,NONINCAPACITATING INJURY,1.0,0.0,0.0,1.0,0.0,2.0,0.0,5,1,4
17b430966bb6b7b8541bc58635ff019081092e9b8e3e9ec61dc883334815473ddbb74b9f8150661300c8377e1431877ee8918860f1e9128e0cdb15aeb779e63b,2021-09-16 14:45:00,30,NO CONTROLS,NO CONTROLS,CLEAR,DAYLIGHT,REAR END,NOT DIVIDED,STRAIGHT AND LEVEL,DRY,NO DEFECTS,NO INJURY / DRIVE AWAY,"OVER $1,500",FOLLOWING TOO CLOSELY,UNABLE TO DETERMINE,1554,S,DAMEN AVE,2,NO INDICATION OF INJURY,0.0,0.0,0.0,0.0,0.0,2.0,0.0,14,5,9
7e66e6ada5dfff20a0720c76a76765e2acafd7ea2ca960dd4c9f239204537a2c93da9265f13236057139abd2be1eff639694a43cbefd9a9b91d4d7d581ee2f4f,2018-06-07 01:00:00,30,NO CONTROLS,NO CONTROLS,UNKNOWN,UNKNOWN,PARKED MOTOR VEHICLE,ONE-WAY,STRAIGHT AND LEVEL,UNKNOWN,NO DEFECTS,INJURY AND / OR TOW DUE TO CRASH,"OVER $1,500",UNABLE TO DETERMINE,UNABLE TO DETERMINE,5326,W,VAN BUREN ST,2,NO INDICATION OF INJURY,0.0,0.0,0.0,0.0,0.0,1.0,0.0,1,5,6
dff229c5b517e32743217ae848c21adec0b3bd8e20bf60a8b443928619cd2265fdc18e44e4c5f34b5393a7d41043de522391926a84222a651451654affe90a4b,2023-11-04 03:09:00,30,STOP SIGN/FLASHER,FUNCTIONING PROPERLY,CLEAR,"DARKNESS, LIGHTED ROAD",ANGLE,FOUR WAY,STRAIGHT AND LEVEL,DRY,NO DEFECTS,NO INJURY / DRIVE AWAY,"OVER $1,500",DISREGARDING STOP SIGN,FAILING TO YIELD RIGHT-OF-WAY,1000,N,WALLER AVE,2,NO INDICATION OF INJURY,0.0,0.0,0.0,0.0,0.0,3.0,0.0,3,7,11
2be53946747b72cca2fcaa05d1fb4a59198b5f68c620b3481d9b21e49a867f4af3331dbb31db9a8258a3de7052e6ba2d1e22c4e770a7f55a775a561c8e81aa77,2024-01-04 17:31:00,30,TRAFFIC SIGNAL,FUNCTIONING PROPERLY,CLEAR,"DARKNESS, LIGHTED ROAD",TURNING,FOUR WAY,STRAIGHT AND LEVEL,DRY,UNKNOWN,INJURY AND / OR TOW DUE TO CRASH,"OVER $1,500",FAILING TO YIELD RIGHT-OF-WAY,UNABLE TO DETERMINE,5600,W,MADISON ST,2,"REPORTED, NOT EVIDENT",1.0,0.0,0.0,0.0,1.0,3.0,0.0,17,5,1
006994aa91774820d0d1e73e07d6b19bcb1922b2108ae0abe17306d24d17f4fe7cad6bc7f87248f2fe61d74fcd2cffb66cbc50614c118c30e6756ff212468f20,2020-11-26 10:30:00,25,NO CONTROLS,NO CONTROLS,CLEAR,DAYLIGHT,REAR END,NOT DIVIDED,STRAIGHT AND LEVEL,DRY,NO DEFECTS,NO INJURY / DRIVE AWAY,"OVER $1,500",FOLLOWING TOO CLOSELY,FAILING TO REDUCE SPEED TO AVOID CRASH,6312,S,CALIFORNIA AVE,2,NO INDICATION OF INJURY,0.0,0.0,0.0,0.0,0.0,2.0,0.0,10,5,11
9b93628d9bc6ad2ac76c43362862e90218b5ab1c0621bae7cf3627739d5bee893ac816ac14634aea16cfbea7933a8ad52a303220b88e0ec2b37e86efd1abb29d,2019-06-02 06:15:00,30,NO CONTROLS,NO CONTROLS,CLEAR,DAYLIGHT,PARKED MOTOR VEHICLE,ONE-WAY,STRAIGHT AND LEVEL,DRY,NO DEFECTS,INJURY AND / OR TOW DUE TO CRASH,"OVER $1,500",FAILING TO REDUCE SPEED TO AVOID CRASH,DRIVING SKILLS/KNOWLEDGE/EXPERIENCE,5125,S,SACRAMENTO AVE,3,NO INDICATION OF INJURY,0.0,0.0,0.0,0.0,0.0,1.0,0.0,6,1,6
7079a21336ce9e0617799c8147fa89b98cc32602d1b9d1efb86fd9918fd30fb7df3cff89d48bde2191f0d47d806975d45ef9bac62d63bd98591c985ecefe64a7,2018-06-19 15:00:00,30,NO CONTROLS,NO CONTROLS,CLEAR,DAYLIGHT,PARKED MOTOR VEHICLE,NOT DIVIDED,STRAIGHT AND LEVEL,DRY,NO DEFECTS,NO INJURY / DRIVE AWAY,"OVER $1,500",UNABLE TO DETERMINE,UNABLE TO DETERMINE,5429,S,ST LOUIS AVE,2,NO INDICATION OF INJURY,0.0,0.0,0.0,0.0,0.0,1.0,0.0,15,3,6
a56a5a928545a850dd364d321fce5a125992a255158dfbd1012b8e3e345d7a604fb7dbef2e1e7d1a094d837233d7ea2ab7222739b7d3416442e057a72915de6f,2018-03-16 16:09:00,30,NO CONTROLS,NO CONTROLS,CLEAR,DAYLIGHT,TURNING,NOT DIVIDED,STRAIGHT AND LEVEL,DRY,NO DEFECTS,INJURY AND / OR TOW DUE TO CRASH,"OVER $1,500",NOT APPLICABLE,NOT APPLICABLE,1382,N,ELSTON AVE,2,NO INDICATION OF INJURY,0.0,0.0,0.0,0.0,0.0,2.0,0.0,16,6,3
4b942eba6ed22b7fdf012992403f9c5db3ac0e49427a1c88793cae241ecec31234fb266f57bfd26b60a684b2d9a34ab68f44b39f75af449cc5ad6c88f1a31ab6,2017-10-26 20:55:00,30,TRAFFIC SIGNAL,FUNCTIONING PROPERLY,CLEAR,"DARKNESS, LIGHTED ROAD",REAR END,DIVIDED - W/MEDIAN BARRIER,STRAIGHT AND LEVEL,DRY,NO DEFECTS,NO INJURY / DRIVE AWAY,"$501 - $1,500",FAILING TO YIELD RIGHT-OF-WAY,UNABLE TO DETERMINE,3956,W,87TH ST,2,NO INDICATION OF INJURY,0.0,0.0,0.0,0.0,0.0,2.0,0.0,20,5,10
35838a8f8bc3301e8cd7aa346d3b5d9ff6de5e38952ee952b9903a8c3ff8486d3c867da1fb80e29de9b35b3e38e9a4bd9f45c14bb3119500ed29f4e1796aca2e,2022-08-25 18:05:00,30,UNKNOWN,UNKNOWN,UNKNOWN,UNKNOWN,REAR TO REAR,NOT DIVIDED,STRAIGHT AND LEVEL,UNKNOWN,UNKNOWN,NO INJURY / DRIVE AWAY,"OVER $1,500",UNABLE TO DETERMINE,UNABLE TO DETERMINE,417,W,BELMONT AVE,2,NO INDICATION OF INJURY,0.0,0.0,0.0,0.0,0.0,2.0,0.0,18,5,8
162902282c9ada0dd5b48f778e4b259528dbbac87600d11756a501ef682f84a17cbb91d64ef21f77aba9ab7e9a65accaef04898b2d789d526510efde34545c0b,2023-12-24 10:54:00,45,TRAFFIC SIGNAL,FUNCTIONING PROPERLY,FOG/SMOKE/HAZE,DAYLIGHT,REAR END,DIVIDED - W/MEDIAN (NOT RAISED),STRAIGHT AND LEVEL,WET,NO DEFECTS,NO INJURY / DRIVE AWAY,"OVER $1,500",UNABLE TO DETERMINE,UNABLE TO DETERMINE,510,S,LAKE SHORE DR SB,2,NO INDICATION OF INJURY,0.0,0.0,0.0,0.0,0.0,2.0,0.0,10,1,12
3a8080337b4af1424020b08fccc9b6ca3d33c7f4268c974d4a388505d1c0851fc090c2cbbee695e8ffd76ff607a29b393ad71a754806b168af0325aacc013093,2022-12-05 16:00:00,30,NO CONTROLS,NO CONTROLS,CLEAR,DAYLIGHT,PARKED MOTOR VEHICLE,ONE-WAY,STRAIGHT AND LEVEL,DRY,NO DEFECTS,NO INJURY / DRIVE AWAY,"OVER $1,500",UNABLE TO DETERMINE,UNABLE TO DETERMINE,2155,N,SAYRE AVE,2,NO INDICATION OF INJURY,0.0,0.0,0.0,0.0,0.0,1.0,0.0,16,2,12
9a19261f03742e7484406edd42e836a2861434c2530bf085df1f4c7392c4ad73742c6f0d1798ecff8a324cd51b0ad5934dbae48a8e00c19c844fd1bb9bf5d4bf,2019-11-15 14:45:00,20,NO CONTROLS,NO CONTROLS,UNKNOWN,DAYLIGHT,PARKED MOTOR VEHICLE,ONE-WAY,STRAIGHT AND LEVEL,DRY,NO DEFECTS,NO INJURY / DRIVE AWAY,"OVER $1,500",FAILING TO REDUCE SPEED TO AVOID CRASH,"OPERATING VEHICLE IN ERRATIC, RECKLESS, CARELESS, NEGLIGENT OR AGGRESSIVE MANNER",6056,S,KARLOV AVE,3,NO INDICATION OF INJURY,0.0,0.0,0.0,0.0,0.0,1.0,0.0,14,6,11
9c6483e79fffd77c081833d1b6e05486dc68235b3e933198829fcdc9ebe8b183049b2568493c9990c153ff669cdcbae1875061221bab400bf892aebdb089ad9a,2019-06-22 17:04:00,30,TRAFFIC SIGNAL,FUNCTIONING PROPERLY,CLEAR,DAYLIGHT,REAR END,ONE-WAY,STRAIGHT AND LEVEL,DRY,NO DEFECTS,NO INJURY / DRIVE AWAY,"$501 - $1,500",DISTRACTION - FROM INSIDE VEHICLE,DISTRACTION - FROM INSIDE VEHICLE,8700,S,STATE ST,3,NO INDICATION OF INJURY,0.0,0.0,0.0,0.0,0.0,3.0,0.0,17,7,6
27613ed8f696ec6c602e75e575c314291c08d08764d237a9b7f5cd044a3631188d7c4ca1002c966d918cf021c9e139152630d4842c4c68fcfeb04464637f8f14,2020-06-26 13:00:00,30,NO CONTROLS,NO CONTROLS,CLEAR,DAYLIGHT,REAR END,NOT DIVIDED,STRAIGHT AND LEVEL,UNKNOWN,UNKNOWN,NO INJURY / DRIVE AWAY,"$501 - $1,500",UNABLE TO DETERMINE,UNABLE TO DETERMINE,4400,W,PETERSON AVE,2,NO INDICATION OF INJURY,0.0,0.0,0.0,0.0,0.0,2.0,0.0,13,6,6