CRASH_RECORD_ID,CRASH_DATE,POSTED_SPEED_LIMIT,TRAFFIC_CONTROL_DEVICE,DEVICE_CONDITION,WEATHER_CONDITION,LIGHTING_CONDITION,FIRST_CRASH_TYPE,TRAFFICWAY_TYPE,ALIGNMENT,ROADWAY_SURFACE_COND,ROAD_DEFECT,CRASH_TYPE,DAMAGE,PRIM_CONTRIBUTORY_CAUSE,SEC_CONTRIBUTORY_CAUSE,STREET_NO,STREET_DIRECTION,STREET_NAME,NUM_UNITS,MOST_SEVERE_INJURY,INJURIES_TOTAL,INJURIES_FATAL,INJURIES_INCAPACITATING,INJURIES_NON_INCAPACITATING,INJURIES_REPORTED_NOT_EVIDENT,INJURIES_NO_INDICATION,INJURIES_UNKNOWN,CRASH_HOUR,CRASH_DAY_OF_WEEK,CRASH_MONTH
261428e9c797c7d9a7d8f579515055e476790d80c0b672928faf384794c6cf0b528bc36a39834d73fd35ae4eecb5f3d8c5531fde2f4e66ec0a3fb4291fb1287e,2022-11-07 17:30:00,30,TRAFFIC SIGNAL,FUNCTIONING PROPERLY,CLEAR,"DARKNESS, LIGHTED ROAD",SIDESWIPE SAME DIRECTION,DIVIDED - W/MEDIAN (NOT RAISED),STRAIGHT AND LEVEL,DRY,NO DEFECTS,NO INJURY / DRIVE AWAY,"OVER $1,500",UNABLE TO DETERMINE,UNABLE TO DETERMINE,3403,W,LAWRENCE AVE,2,NO INDICATION OF INJURY,0.0,0.0,0.0,0.0,0.0,2.0,0.0,17,2,11
f4b2a163cedc1a8fd0e17d3fd9db76fedfb0b1784aa49ebf355dae31d952a1b7dedea099a07b34671cbf9a816046ccef35bceaf4a28bd1ca3f35ad46daf70d27,2016-01-19 14:00:00,30,TRAFFIC SIGNAL,FUNCTIONING PROPERLY,CLEAR,DAYLIGHT,REAR END,DIVIDED - W/MEDIAN BARRIER,"CURVE, LEVEL",DRY,NO DEFECTS,INJURY AND / OR TOW DUE TO CRASH,"OVER $1,500",UNABLE TO DETERMINE,UNABLE TO DETERMINE,300,W,LOWER WACKER DR,2,"REPORTED, NOT EVIDENT",1.0,0.0,0.0,0.0,1.0,1.0,0.0,14,3,1
bc617a710515cd1fe85d1763c4581c816b9bc45c5e3da9da17222efec35288e1ccf87360d0d7324ea0b75fa8246f7b7fe1f89aaacfbeef32b381b0d2f8c8b227,2018-09-25 14:45:00,30,NO CONTROLS,NO CONTROLS,CLEAR,DAYLIGHT,PEDESTRIAN,CENTER TURN LANE,STRAIGHT AND LEVEL,DRY,NO DEFECTS,INJURY AND / OR TOW DUE TO CRASH,$500 OR LESS,DISTRACTION - FROM OUTSIDE VEHICLE,NOT APPLICABLE,6430,S,DR MARTIN LUTHER KING JR DR,2,NONINCAPACITATING INJURY,1.0,0.0,0.0,1.0,0.0,1.0,0.0,14,3,9
69a54e343720630c066df1e73e99472eb9ebc83f1330bbf06723e848b2e3c9f54085a748abd481df5c07afa0edb70bd832c6273310ba3f2c80f3fa48ee245abf,2022-03-24 17:56:00,25,NO CONTROLS,NO CONTROLS,RAIN,DAYLIGHT,SIDESWIPE SAME DIRECTION,NOT DIVIDED,STRAIGHT AND LEVEL,WET,NO DEFECTS,NO INJURY / DRIVE AWAY,"$501 - $1,500",UNABLE TO DETERMINE,UNABLE TO DETERMINE,2431,N,LARAMIE AVE,2,NO INDICATION OF INJURY,0.0,0.0,0.0,0.0,0.0,2.0,0.0,17,5,3
20608d85bac6cc2b6459b263c7707046799ce1694c6b48d1be6d104ed9b72d4be6efce2f3ea295a8df8bcc26aab49c362775d751b2503440d122d6a26fb27716,2016-01-31 11:50:00,30,STOP SIGN/FLASHER,FUNCTIONING PROPERLY,RAIN,DAYLIGHT,ANGLE,OTHER,STRAIGHT AND LEVEL,WET,NO DEFECTS,NO INJURY / DRIVE AWAY,"OVER $1,500",DISREGARDING STOP SIGN,FAILING TO YIELD RIGHT-OF-WAY,4100,W,16TH ST,2,NO INDICATION OF INJURY,0.0,0.0,0.0,0.0,0.0,3.0,0.0,11,1,1
c9b739483656c35fdc31395157a1fab4967309399c19216101cb212ad1748f68b181fa644af6dd58bf16042412f22b96f3534a1e8c1c55506f5885e570863033,2019-07-18 13:19:00,30,NO CONTROLS,NO CONTROLS,CLEAR,DAYLIGHT,SIDESWIPE SAME DIRECTION,NOT DIVIDED,STRAIGHT AND LEVEL,DRY,NO DEFECTS,NO INJURY / DRIVE AWAY,"$501 - $1,500",FAILING TO YIELD RIGHT-OF-WAY,NOT APPLICABLE,2449,W,47TH ST,2,NO INDICATION OF INJURY,0.0,0.0,0.0,0.0,0.0,3.0,0.0,13,5,7
343b176f6989a66b210665967ce42b2771d0884c8e27e8845a65ef7c14d7f4180cf4ff1e2e02bfeb8cdcefb70997cb4942350bdc3f20808a89805ade32bf1526,2017-02-18 09:35:00,30,TRAFFIC SIGNAL,FUNCTIONING PROPERLY,CLEAR,DAYLIGHT,SIDESWIPE SAME DIRECTION,NOT DIVIDED,STRAIGHT AND LEVEL,DRY,NO DEFECTS,NO INJURY / DRIVE AWAY,"OVER $1,500",IMPROPER OVERTAKING/PASSING,NOT APPLICABLE,1559,E,MARQUETTE RD,2,NO INDICATION OF INJURY,0.0,0.0,0.0,0.0,0.0,3.0,0.0,9,7,2
46ca8bc50571b58ce5b762f1e68faac2531758e5d5295014c1ccf1d6edfdf306802e66206511de8b9b77d3060caafffe6eeb264f9854b2b81a38fd7fba3c9913,2022-02-20 13:30:00,25,TRAFFIC SIGNAL,FUNCTIONING PROPERLY,CLEAR,DAYLIGHT,REAR END,NOT DIVIDED,STRAIGHT AND LEVEL,DRY,NO DEFECTS,NO INJURY / DRIVE AWAY,"OVER $1,500",FOLLOWING TOO CLOSELY,NOT APPLICABLE,24,E,87TH ST,2,NO INDICATION OF INJURY,0.0,0.0,0.0,0.0,0.0,2.0,0.0,13,1,2
cba0c1b71398bcd5ac7833d464ee1e15c579c9d8b0665deef633d86e331ef1c7f7abd30436125fd8cb7d654cbc80cb199c48232cb1ec985f8da38132d3884e92,2019-03-01 12:00:00,15,NO CONTROLS,NO CONTROLS,CLEAR,DAYLIGHT,PARKED MOTOR VEHICLE,PARKING LOT,STRAIGHT AND LEVEL,DRY,NO DEFECTS,NO INJURY / DRIVE AWAY,"OVER $1,500",IMPROPER OVERTAKING/PASSING,UNABLE TO DETERMINE,2030,S,STATE ST,2,NO INDICATION OF INJURY,0.0,0.0,0.0,0.0,0.0,1.0,0.0,12,6,3
f29135033885e22d6dc961d1975dd40b8c26a70348677064f4f821441cf95471f90940297ae238458b947b6d1035b5b1b4b0a85a65913b6d71ed06a55f3baf22,2023-01-31 16:18:00,35,TRAFFIC SIGNAL,FUNCTIONING PROPERLY,CLEAR,DAYLIGHT,REAR END,FOUR WAY,STRAIGHT AND LEVEL,OTHER,UNKNOWN,INJURY AND / OR TOW DUE TO CRASH,"OVER $1,500",UNABLE TO DETERMINE,UNABLE TO DETERMINE,8700,S,DR MARTIN LUTHER KING JR DR,2,NONINCAPACITATING INJURY,1.0,0.0,0.0,1.0,0.0,1.0,0.0,16,3,1
22069cf28e7cbc9efa3fe89c0976198168854d573b13667a10f9e8d3df9cd6b21977ab7561dc92bbc1df44d6f10baa4c6a57bab8c0761670088941392ffb7594,2018-09-28 07:00:00,25,UNKNOWN,NO CONTROLS,CLOUDY/OVERCAST,DAYLIGHT,PARKED MOTOR VEHICLE,ONE-WAY,STRAIGHT AND LEVEL,DRY,NO DEFECTS,NO INJURY / DRIVE AWAY,"OVER $1,500",UNABLE TO DETERMINE,UNABLE TO DETERMINE,8950,S,THROOP ST,2,NO INDICATION OF INJURY,0.0,0.0,0.0,0.0,0.0,1.0,0.0,7,6,9
e9f69c0e6332524adcc1becaed1c66a77ec47eb14986c389d6f40aec146337bc00387be826b0af5b1720e93dfa2d47c3fd8edca92932e5c1d9e0f1a1b65a9d58,2017-02-26 16:19:00,30,NO CONTROLS,NO CONTROLS,CLEAR,DAYLIGHT,PARKED MOTOR VEHICLE,DIVIDED - W/MEDIAN (NOT RAISED),STRAIGHT AND LEVEL,DRY,NO DEFECTS,INJURY AND / OR TOW DUE TO CRASH,"$501 - $1,500",UNABLE TO DETERMINE,NOT APPLICABLE,7143,S,HALSTED ST,2,NO INDICATION OF INJURY,0.0,0.0,0.0,0.0,0.0,1.0,0.0,16,1,2
a2a935b2e4b4082519d16e79b193c742c40e524e99b2edc6c3a4039e099b9fcdf3f3ec18ec11f0704c928a59f178e8198d85716bf8dfdbdea249a8cf4809faa6,2023-09-21 20:00:00,15,NO CONTROLS,NO CONTROLS,UNKNOWN,UNKNOWN,SIDESWIPE SAME DIRECTION,ONE-WAY,STRAIGHT AND LEVEL,UNKNOWN,UNKNOWN,NO INJURY / DRIVE AWAY,"OVER $1,500",UNABLE TO DETERMINE,NOT APPLICABLE,5100,S,HARPER AVE,2,NO INDICATION OF INJURY,0.0,0.0,0.0,0.0,0.0,2.0,0.0,20,5,9
47077893a8d999c683e2432440f67d5454efe2ff26c6058c360448ba43a656fc5cb66161792944987d77d0d84db7778241b03a70f1624b511baa79cdb3172be5,2024-04-23 18:26:00,30,TRAFFIC SIGNAL,FUNCTIONING PROPERLY,CLOUDY/OVERCAST,DUSK,TURNING,DIVIDED - W/MEDIAN (NOT RAISED),STRAIGHT AND LEVEL,WET,NO DEFECTS,INJURY AND / OR TOW DUE TO CRASH,"OVER $1,500",IMPROPER TURNING/NO SIGNAL,NOT APPLICABLE,1834,N,ASHLAND AVE,2,"REPORTED, NOT EVIDENT",1.0,0.0,0.0,0.0,1.0,2.0,0.0,18,3,4
28f871826fb28f5e7171258aac5819816c22f017d917287b50f58efd12f58ad78a3997086ea0278a879d5ef3663c92eaed3a7caaf7dba9a217d584d059795bed,2019-06-06 00:15:00,30,NO CONTROLS,NO CONTROLS,FOG/SMOKE/HAZE,"DARKNESS, LIGHTED ROAD",PARKED MOTOR VEHICLE,ONE-WAY,STRAIGHT AND LEVEL,DRY,NO DEFECTS,INJURY AND / OR TOW DUE TO CRASH,"OVER $1,500",UNABLE TO DETERMINE,UNABLE TO DETERMINE,2810,E,78TH ST,2,NO INDICATION OF INJURY,0.0,0.0,0.0,0.0,0.0,1.0,0.0,0,5,6
d0803feea6ae07a5c06bb3931d70db6a9c8e2739c0bd03d90620ba8b09a526ad17bd84a079c00b4a2d917faee3270a9ce2e311ca0431e8a35261533d033a3e0d,2023-11-13 09:17:00,30,NO CONTROLS,NO CONTROLS,CLEAR,DAYLIGHT,REAR END,NOT DIVIDED,STRAIGHT AND LEVEL,DRY,NO DEFECTS,NO INJURY / DRIVE AWAY,"OVER $1,500",IMPROPER BACKING,IMPROPER BACKING,42,E,9TH ST,2,NO INDICATION OF INJURY,0.0,0.0,0.0,0.0,0.0,2.0,0.0,9,2,11
77485f54bbfc0744ff74903543be65d626bdbf8574707e7401f8001d98f7d7d358558c12d8f6f84452e7c755fa383994c63b3e2fd702d177eb533ed1317f91ee,2023-08-24 18:00:00,30,NO CONTROLS,NO CONTROLS,CLEAR,DAYLIGHT,PARKED MOTOR VEHICLE,ONE-WAY,STRAIGHT AND LEVEL,DRY,NO DEFECTS,NO INJURY / DRIVE AWAY,"OVER $1,500",UNABLE TO DETERMINE,UNABLE TO DETERMINE,4224,W,ADAMS ST,3,NO INDICATION OF INJURY,0.0,0.0,0.0,0.0,0.0,1.0,0.0,18,5,8
9d6908ddc6b0efdd0d3438b939048c026939a109d99b33e1a9bda3e771a131286854360bedd532f81ae1c93ac0c6f1e53355cb75add6ba4ef5d42f81b85391b3,2021-12-08 09:55:00,30,NO CONTROLS,NO CONTROLS,CLEAR,DAYLIGHT,ANGLE,NOT DIVIDED,STRAIGHT AND LEVEL,DRY,NO DEFECTS,NO INJURY / DRIVE AWAY,"OVER $1,500",FAILING TO YIELD RIGHT-OF-WAY,FAILING TO YIELD RIGHT-OF-WAY,8000,S,HALSTED ST,2,NO INDICATION OF INJURY,0.0,0.0,0.0,0.0,0.0,2.0,0.0,9,4,12
c12d20e78b93d5ad8c08cad30377f5fbca5a1d1ad4eaee940b4b750976a7c15cb6ea54ad0de57123665bced2dd7c29e8269ea6abedc436a2341df6e9c7b4bce8,2022-01-19 16:00:00,30,NO CONTROLS,NO CONTROLS,CLOUDY/OVERCAST,DAYLIGHT,PARKED MOTOR VEHICLE,ONE-WAY,STRAIGHT AND LEVEL,DRY,NO DEFECTS,INJURY AND / OR TOW DUE TO CRASH,"OVER $1,500",UNABLE TO DETERMINE,UNABLE TO DETERMINE,756,N,LECLAIRE AVE,2,NO INDICATION OF INJURY,0.0,0.0,0.0,0.0,0.0,1.0,0.0,16,4,1
76be0bcc3afc56c78d8eb118a92adc7537d5a5c7db0904ea772d267e6b20f6451678d8a7a9c0f63a26d47cb39f22fffbb41408c4d876c332e9ef45540ac0b9b4,2023-03-02 03:51:00,30,NO CONTROLS,NO CONTROLS,CLEAR,UNKNOWN,PARKED MOTOR VEHICLE,NOT DIVIDED,STRAIGHT AND LEVEL,DRY,NO DEFECTS,INJURY AND / OR TOW DUE TO CRASH,"OVER $1,500","OPERATING VEHICLE IN ERRATIC, RECKLESS, CARELESS, NEGLIGENT OR AGGRESSIVE MANNER",NOT APPLICABLE,868,N,HUDSON AVE,2,NO INDICATION OF INJURY,0.0,0.0,0.0,0.0,0.0,1.0,0.0,3,5,3
5267c31acdc55de63edd151a727213967af5a5ac5dabe1daa4a8eb735b3f78e8721ce990444219f9db66b70af52658a43ed2eb3d7dd0eb929f2dd966f67af7f2,2023-10-12 11:15:00,30,NO CONTROLS,NO CONTROLS,CLEAR,DAYLIGHT,FIXED OBJECT,NOT DIVIDED,STRAIGHT AND LEVEL,WET,NO DEFECTS,INJURY AND / OR TOW DUE TO CRASH,"$501 - $1,500",IMPROPER LANE USAGE,UNABLE TO DETERMINE,6051,S,ARCHER AVE,1,NO INDICATION OF INJURY,0.0,0.0,0.0,0.0,0.0,1.0,0.0,11,5,10
aa47d162c13df553a516e2abed6e2cecd0de79366f1eb44920ef945451b6a78ba7b53bb6b80e370069dc6d3123dd4710c3e875840e284865e94e885730799be9,2018-09-25 16:04:00,30,UNKNOWN,UNKNOWN,CLEAR,DAYLIGHT,ANGLE,DIVIDED - W/MEDIAN (NOT RAISED),STRAIGHT AND LEVEL,UNKNOWN,UNKNOWN,NO INJURY / DRIVE AWAY,"OVER $1,500",UNABLE TO DETERMINE,UNABLE TO DETERMINE,2419,W,OGDEN AVE,2,NO INDICATION OF INJURY,0.0,0.0,0.0,0.0,0.0,2.0,0.0,16,3,9
a56da03a4e054074354376138a42d7a1b712e60c06752830e703b6b71a23f9e33767e02cd8f06522833de9aa6ea83516f226d06a332ae65e1068a3ca2f190418,2022-04-14 15:50:00,30,TRAFFIC SIGNAL,FUNCTIONING PROPERLY,CLEAR,DAYLIGHT,REAR END,DIVIDED - W/MEDIAN (NOT RAISED),STRAIGHT AND LEVEL,DRY,NO DEFECTS,NO INJURY / DRIVE AWAY,"OVER $1,500",FOLLOWING TOO CLOSELY,UNABLE TO DETERMINE,8254,S,WESTERN AVE,2,NO INDICATION OF INJURY,0.0,0.0,0.0,0.0,0.0,3.0,0.0,15,5,4
08b9925b3015aeaf00a67997d257ea2d4bfecdf0c4eae271f4dfcbbf499091cf1ad2e9eaa827d67e948d5c2199eb5f00337e47eead3e9a47477d0c308c164aef,2023-02-04 10:00:00,30,NO CONTROLS,NO CONTROLS,CLEAR,DAYLIGHT,TURNING,NOT DIVIDED,STRAIGHT AND LEVEL,DRY,UNKNOWN,NO INJURY / DRIVE AWAY,"$501 - $1,500",FAILING TO YIELD RIGHT-OF-WAY,FAILING TO YIELD RIGHT-OF-WAY,1638,W,47TH ST,2,NO INDICATION OF INJURY,0.0,0.0,0.0,0.0,0.0,2.0,0.0,10,7,2
aee0f1b82e764c4c806a5058bb6245a6e73a8ec6b4b4d7185fc0dde2228bd8ec5a31d6cde4c8b91ead3ab6801d93eb28c95d45ff8cc5d14828864dda84cdf605,2019-03-27 14:55:00,35,NO CONTROLS,NO CONTROLS,CLEAR,DAYLIGHT,SIDESWIPE SAME DIRECTION,DIVIDED - W/MEDIAN (NOT RAISED),STRAIGHT AND LEVEL,DRY,NO DEFECTS,INJURY AND / OR TOW DUE TO CRASH,"OVER $1,500",FAILING TO YIELD RIGHT-OF-WAY,NOT APPLICABLE,3371,W,DEVON AVE,2,NO INDICATION OF INJURY,0.0,0.0,0.0,0.0,0.0,3.0,0.0,14,4,3
f7b4cbed00555e2a28171a1230c4bd692dcc763e1ed14e953fb90a8615f5f27ef8686f9b4116adcb08a1b0de453ff6503e8cbef654804cf674a13f8a6bb9a934,2018-04-24 12:40:00,25,STOP SIGN/FLASHER,FUNCTIONING PROPERLY,CLEAR,DAYLIGHT,ANGLE,NOT DIVIDED,STRAIGHT AND LEVEL,DRY,NO DEFECTS,INJURY AND / OR TOW DUE TO CRASH,"OVER $1,500",EXCEEDING SAFE SPEED FOR CONDITIONS,DISREGARDING TRAFFIC SIGNALS,3700,W,55TH PL,2,NO INDICATION OF INJURY,0.0,0.0,0.0,0.0,0.0,3.0,0.0,12,3,4
17cd8fd398c449f13766bd9daa62d4c0938c86cee741779f56cad531254e6c04d869555df3c02766f22c4e1f74c3e88f661edb6696ec4a22b0176798b64c5397,2016-10-23 17:10:00,0,NO CONTROLS,NO CONTROLS,CLEAR,DAYLIGHT,ANGLE,PARKING LOT,STRAIGHT AND LEVEL,DRY,NO DEFECTS,NO INJURY / DRIVE AWAY,"OVER $1,500",IMPROPER BACKING,DRIVING SKILLS/KNOWLEDGE/EXPERIENCE,5354,S,ARCHER AVE,2,NO INDICATION OF INJURY,0.0,0.0,0.0,0.0,0.0,2.0,0.0,17,1,10
aa6122eebcb00bdc98483b6b668c4098486837956b7e5b49c4eb15ff3ad610a9118c96dc1df0654c794e9b20f4480325e246652ffe290cf7d1c4a94c01d4b62d,2021-02-21 14:10:00,10,NO CONTROLS,NO CONTROLS,CLEAR,DAYLIGHT,PARKED MOTOR VEHICLE,PARKING LOT,STRAIGHT AND LEVEL,DRY,UNKNOWN,NO INJURY / DRIVE AWAY,"OVER $1,500",UNABLE TO DETERMINE,UNABLE TO DETERMINE,1554,W,MARQUETTE RD,2,NO INDICATION OF INJURY,0.0,0.0,0.0,0.0,0.0,1.0,0.0,14,1,2
632f323b27e82b067af7d03d4a50c999619cd4283bd03193a7c76c23937d4b1ec68c94d472f0d69837d8efbdbbec129a630b6f958686a92dd053be6686b9b661,2019-06-23 03:00:00,30,TRAFFIC SIGNAL,UNKNOWN,CLEAR,UNKNOWN,REAR TO FRONT,NOT DIVIDED,STRAIGHT AND LEVEL,UNKNOWN,UNKNOWN,NO INJURY / DRIVE AWAY,"OVER $1,500",UNABLE TO DETERMINE,NOT APPLICABLE,3901,W,MADISON ST,2,NO INDICATION OF INJURY,0.0,0.0,0.0,0.0,0.0,2.0,0.0,3,1,6
00ebda8f3323f13e236577dbea34574a1d51da3069de262dd0d16d95ab9830133eaa762147e52b81a5f9224e8da346b27c1b904a6bf24613f163782fe4fc994d,2020-11-29 09:30:00,25,NO CONTROLS,NO CONTROLS,CLEAR,DAYLIGHT,PARKED MOTOR VEHICLE,NOT DIVIDED,STRAIGHT AND LEVEL,DRY,NO DEFECTS,NO INJURY / DRIVE AWAY,"OVER $1,500",UNABLE TO DETERMINE,UNABLE TO DETERMINE,3146,W,HARRISON ST,2,NO INDICATION OF INJURY,0.0,0.0,0.0,0.0,0.0,1.0,0.0,9,1,11
ebd2263a10a5db4e5ab2112acea166dd113d0537759ce6c477262166dbebf8aaea48a82cf9fb1339ffa1aee109a8aeee55be6deb70ad98635640f5892dc6fadb,2021-11-24 08:20:00,30,NO CONTROLS,NO CONTROLS,CLEAR,DAYLIGHT,SIDESWIPE SAME DIRECTION,DIVIDED - W/MEDIAN (NOT RAISED),STRAIGHT AND LEVEL,DRY,NO DEFECTS,NO INJURY / DRIVE AWAY,"$501 - $1,500",UNABLE TO DETERMINE,UNABLE TO DETERMINE,430,N,OGDEN AVE,2,NO INDICATION OF INJURY,0.0,0.0,0.0,0.0,0.0,2.0,0.0,8,4,11
9f2ab6a62bc212d1256fe0b68e2a2290d024990da48a46da14d4a1e4976f0b128352bddc0c700c3aa2917b90adb11a776707ed38c5330c91f260984887806d6c,2021-09-01 14:15:00,30,NO CONTROLS,NO CONTROLS,CLEAR,DAYLIGHT,SIDESWIPE OPPOSITE DIRECTION,NOT DIVIDED,STRAIGHT AND LEVEL,DRY,NO DEFECTS,INJURY AND / OR TOW DUE TO CRASH,"OVER $1,500",UNABLE TO DETERMINE,UNABLE TO DETERMINE,3232,W,CHICAGO AVE,2,"REPORTED, NOT EVIDENT",1.0,0.0,0.0,0.0,1.0,1.0,0.0,14,4,9
e862e4a79115bbcff7eadd68916eb4402dbc2ad1985f6c6357eb7739717722b921d6fda8612fcc63b762abbd066cf39923349df3da945fbcb9c4e2eba4bbc16d,2018-04-14 16:03:00,30,TRAFFIC SIGNAL,UNKNOWN,CLOUDY/OVERCAST,DAYLIGHT,REAR END,NOT DIVIDED,STRAIGHT AND LEVEL,WET,UNKNOWN,NO INJURY / DRIVE AWAY,"$501 - $1,500",UNABLE TO DETERMINE,NOT APPLICABLE,7044,S,WENTWORTH AVE,2,NO INDICATION OF INJURY,0.0,0.0,0.0,0.0,0.0,6.0,0.0,16,7,4
293812c021e534072cff53063daec6138e77f4251147709f88830814239eda22f7446ff5dd279d949d9008fc69110d78544298fdb1b1deee5d3723173264d080,2017-12-14 07:30:00,25,TRAFFIC SIGNAL,FUNCTIONING PROPERLY,CLEAR,DAYLIGHT,TURNING,NOT DIVIDED,STRAIGHT AND LEVEL,DRY,NO DEFECTS,NO INJURY / DRIVE AWAY,"OVER $1,500",IMPROPER BACKING,UNABLE TO DETERMINE,7559,N,CLARK ST,2,NO INDICATION OF INJURY,0.0,0.0,0.0,0.0,0.0,2.0,0.0,7,5,12
b1272aed4a3014bbe9825b920669af6f0603b41ac717e9f6be02aa635ee21c09df3705f68d3ea29d45b4ec48985f3ca3ea1efd6719c4a117d4bce3694f80277d,2023-02-12 14:00:00,30,NO CONTROLS,NO CONTROLS,CLEAR,DAYLIGHT,ANGLE,PARKING LOT,STRAIGHT AND LEVEL,DRY,UNKNOWN,INJURY AND / OR TOW DUE TO CRASH,"OVER $1,500",UNABLE TO DETERMINE,NOT APPLICABLE,8035,S,HALSTED ST,2,NONINCAPACITATING INJURY,1.0,0.0,0.0,1.0,0.0,1.0,0.0,14,1,2
9d132e8dd42c184d3cb7486f160518938499bad2d2bfd405127e26accc2c37523bc07c5ae85a9a836645a173739335c42f69ebd8a4338cd9ace1e03df66844c3,2017-09-10 12:30:00,30,NO CONTROLS,NO CONTROLS,CLEAR,DAYLIGHT,PARKED MOTOR VEHICLE,PARKING LOT,STRAIGHT AND LEVEL,DRY,NO DEFECTS,NO INJURY / DRIVE AWAY,"$501 - $1,500",IMPROPER BACKING,UNABLE TO DETERMINE,7181,W,GRAND AVE,2,NO INDICATION OF INJURY,0.0,0.0,0.0,0.0,0.0,1.0,0.0,12,1,9
0aeb6b9fb50de4dd4861af7fdc43afebd9e539e040e4908745e758493b7ca6b061b8bb2471b4089e4501a0c8914f6727536aa551cf47d9c526776f6e41aee004,2022-06-15 08:00:00,25,NO CONTROLS,NO CONTROLS,CLEAR,DAYLIGHT,REAR END,NOT DIVIDED,STRAIGHT AND LEVEL,DRY,NO DEFECTS,NO INJURY / DRIVE AWAY,"OVER $1,500",FOLLOWING TOO CLOSELY,UNABLE TO DETERMINE,1157,S,WOOD ST,3,NO INDICATION OF INJURY,0.0,0.0,0.0,0.0,0.0,3.0,0.0,8,4,6
c102a156d7b97f83e6bc8189d0b6fe80967992a599edbb7ab7e83ed900b979f4ed2a27063a7b82c04c5d8f0899839d555c2f8244b621f8799b96d703bcb6714c,2022-11-22 07:37:00,30,TRAFFIC SIGNAL,FUNCTIONING PROPERLY,CLEAR,DAYLIGHT,SIDESWIPE SAME DIRECTION,NOT DIVIDED,STRAIGHT AND LEVEL,DRY,NO DEFECTS,NO INJURY / DRIVE AWAY,"OVER $1,500",IMPROPER LANE USAGE,FAILING TO REDUCE SPEED TO AVOID CRASH,3601,N,CUMBERLAND AVE,2,NO INDICATION OF INJURY,0.0,0.0,0.0,0.0,0.0,2.0,0.0,7,3,11
cf2a3d58fc7297c9053859f7ce63b81e2b54a604434993ead82b2152b45dff3bb4f58c8d9e9fa065c3059208b147ed1b681fde3a1e2e4310b316148ccf8620c3,2023-07-13 21:20:00,30,NO CONTROLS,NO CONTROLS,UNKNOWN,UNKNOWN,SIDESWIPE SAME DIRECTION,NOT DIVIDED,STRAIGHT AND LEVEL,UNKNOWN,UNKNOWN,NO INJURY / DRIVE AWAY,"OVER $1,500",IMPROPER OVERTAKING/PASSING,UNABLE TO DETERMINE,1805,W,51ST ST,2,NO INDICATION OF INJURY,0.0,0.0,0.0,0.0,0.0,2.0,0.0,21,5,7
9f9286666159df944255834060e556b1a2afbe984472517f45d5b1fc7ff87e77e53b9d3991642f92657a831e817e5930393784dcbb17379610bd569f8909edbd,2020-02-11 14:12:00,30,TRAFFIC SIGNAL,FUNCTIONING PROPERLY,CLEAR,DAYLIGHT,TURNING,DIVIDED - W/MEDIAN (NOT RAISED),STRAIGHT AND LEVEL,DRY,NO DEFECTS,INJURY AND / OR TOW DUE TO CRASH,"$501 - $1,500",FAILING TO YIELD RIGHT-OF-WAY,IMPROPER OVERTAKING/PASSING,4300,S,WESTERN AVE,3,"REPORTED, NOT EVIDENT",1.0,0.0,0.0,0.0,1.0,3.0,0.0,14,3,2
9fef35b55071bf3fb61d633e6d75834aae5366499ad5ca4c0c4afeed77d20cb5688da491c9c60996cc8af82bde0ad036b1ccb2c1250d15b236ee4acce5ba7e9d,2016-11-15 19:50:00,30,TRAFFIC SIGNAL,FUNCTIONING PROPERLY,CLEAR,DAYLIGHT,TURNING,DIVIDED - W/MEDIAN (NOT RAISED),STRAIGHT AND LEVEL,DRY,NO DEFECTS,NO INJURY / DRIVE AWAY,"OVER $1,500",UNABLE TO DETERMINE,UNABLE TO DETERMINE,5673,N,RIDGE AVE,2,NO INDICATION OF INJURY,0.0,0.0,0.0,0.0,0.0,2.0,0.0,19,3,11
5e31403dd7b5a586c24ff723b0aadaeff5ccb59da8bdd21f66fa5b043dfb02e049405b22d0607102a664b82f67eb8664510b73edd1571c929800c777c018200a,2024-01-12 07:10:00,30,TRAFFIC SIGNAL,FUNCTIONING PROPERLY,SNOW,DAYLIGHT,REAR END,DIVIDED - W/MEDIAN (NOT RAISED),STRAIGHT AND LEVEL,SNOW OR SLUSH,NO DEFECTS,INJURY AND / OR TOW DUE TO CRASH,"OVER $1,500",FOLLOWING TOO CLOSELY,WEATHER,6700,W,NORTH AVE,2,INCAPACITATING INJURY,1.0,0.0,1.0,0.0,0.0,2.0,0.0,7,6,1
c6c48674677981a0351ecaf0a31d720a3caeaafc189e4282fe38984692c5967e213208ec2a8be848917a481019a490e2e69733f236bcf036b751428ce270aac0,2020-10-24 11:30:00,30,TRAFFIC SIGNAL,FUNCTIONING PROPERLY,CLEAR,DAYLIGHT,SIDESWIPE SAME DIRECTION,NOT DIVIDED,STRAIGHT AND LEVEL,DRY,NO DEFECTS,NO INJURY / DRIVE AWAY,"OVER $1,500",IMPROPER OVERTAKING/PASSING,UNABLE TO DETERMINE,74,N,HOMAN BLVD,2,NO INDICATION OF INJURY,0.0,0.0,0.0,0.0,0.0,2.0,0.0,11,7,10