CRASH_RECORD_ID,CRASH_DATE,POSTED_SPEED_LIMIT,TRAFFIC_CONTROL_DEVICE,DEVICE_CONDITION,WEATHER_CONDITION,LIGHTING_CONDITION,FIRST_CRASH_TYPE,TRAFFICWAY_TYPE,ALIGNMENT,ROADWAY_SURFACE_COND,ROAD_DEFECT,CRASH_TYPE,DAMAGE,PRIM_CONTRIBUTORY_CAUSE,SEC_CONTRIBUTORY_CAUSE,STREET_NO,STREET_DIRECTION,STREET_NAME,NUM_UNITS,MOST_SEVERE_INJURY,INJURIES_TOTAL,INJURIES_FATAL,INJURIES_INCAPACITATING,INJURIES_NON_INCAPACITATING,INJURIES_REPORTED_NOT_EVIDENT,INJURIES_NO_INDICATION,INJURIES_UNKNOWN,CRASH_HOUR,CRASH_DAY_OF_WEEK,CRASH_MONTH
8097866236a6d4d29454441676123b65010c5b54a36b120be089fb60e9f98d77d286ad320662674dbdb1872dd323363ac42a38e2533d662edabafc0b78c41865,2018-11-24 23:00:00,30,UNKNOWN,UNKNOWN,UNKNOWN,UNKNOWN,PARKED MOTOR VEHICLE,ONE-WAY,STRAIGHT AND LEVEL,UNKNOWN,NO DEFECTS,NO INJURY / DRIVE AWAY,"OVER $1,500",NOT APPLICABLE,NOT APPLICABLE,2754,W,SUMMERDALE AVE,2,NO INDICATION OF INJURY,0.0,0.0,0.0,0.0,0.0,1.0,0.0,23,7,11
5c2c4d1dd6915adcd4f57ab51d5d76e0aacdb56aec1f5725ed47d7b8be23377d8dbffc1daf5587d9a458cf30f85083d6055bac69fe369c2fe3dc82bf89ce87ca,2017-12-04 15:30:00,30,NO CONTROLS,NO CONTROLS,CLEAR,DAYLIGHT,PARKED MOTOR VEHICLE,PARKING LOT,STRAIGHT AND LEVEL,DRY,NO DEFECTS,NO INJURY / DRIVE AWAY,"$501 - $1,500",IMPROPER BACKING,NOT APPLICABLE,1711,W,CERMAK RD,2,NO INDICATION OF INJURY,0.0,0.0,0.0,0.0,0.0,1.0,0.0,15,2,12
736ca35a07aa6299cfacc3a9757d671bec209267266d58be9c25b7cfafca01145d5cd7fb4350ca44ca500f5d7844369e4c82b65f9f4cfe04479801b9285492a8,2017-10-26 16:12:00,30,TRAFFIC SIGNAL,FUNCTIONING PROPERLY,RAIN,DAYLIGHT,TURNING,NOT DIVIDED,STRAIGHT AND LEVEL,DRY,NO DEFECTS,INJURY AND / OR TOW DUE TO CRASH,"OVER $1,500",FAILING TO YIELD RIGHT-OF-WAY,FAILING TO REDUCE SPEED TO AVOID CRASH,3800,S,CALIFORNIA AVE,2,NO INDICATION OF INJURY,0.0,0.0,0.0,0.0,0.0,7.0,0.0,16,5,10
4be65d7d5ed59832d5349ab83f2236ec874cb7007b52e070a594a0f80dcee1e353a9614518b3f6ff62d2525696a1a9e713d089f0d4344d002909a2df50aaff7c,2023-12-05 04:04:00,25,NO CONTROLS,NO CONTROLS,FREEZING RAIN/DRIZZLE,"DARKNESS, LIGHTED ROAD",FIXED OBJECT,NOT DIVIDED,STRAIGHT AND LEVEL,WET,NO DEFECTS,NO INJURY / DRIVE AWAY,"$501 - $1,500",WEATHER,EQUIPMENT - VEHICLE CONDITION,10000,W,OHARE ST,1,NO INDICATION OF INJURY,0.0,0.0,0.0,0.0,0.0,1.0,0.0,4,3,12
dac6071bf8519957159f7dadbb19fea1f692233d2db73243ee43d0e7d65316f2c418044a8e4f3506f6e68cad7caf41ef3ee54e636ef41ba482864b49aaed370c,2023-07-21 17:50:00,30,STOP SIGN/FLASHER,FUNCTIONING PROPERLY,CLEAR,DAYLIGHT,REAR END,FOUR WAY,STRAIGHT AND LEVEL,DRY,UNKNOWN,NO INJURY / DRIVE AWAY,"OVER $1,500",UNABLE TO DETERMINE,UNABLE TO DETERMINE,2219,N,SOUTHPORT AVE,4,NO INDICATION OF INJURY,0.0,0.0,0.0,0.0,0.0,4.0,0.0,17,6,7
d9c3a080496da2797f2cc375a956c7fbc0e670b02e51fbc0a9f7b4b622f6d394bb065cec70d0f67cc673ca4b2bd2d6dd7e113f569c188512b8569722bd84e451,2018-09-18 11:15:00,30,TRAFFIC SIGNAL,FUNCTIONING PROPERLY,CLEAR,DAYLIGHT,PARKED MOTOR VEHICLE,DIVIDED - W/MEDIAN (NOT RAISED),STRAIGHT AND LEVEL,DRY,NO DEFECTS,NO INJURY / DRIVE AWAY,"OVER $1,500",FOLLOWING TOO CLOSELY,NOT APPLICABLE,211,E,16TH ST,2,NO INDICATION OF INJURY,0.0,0.0,0.0,0.0,0.0,1.0,0.0,11,3,9
624f49d456dbc1cdfb7e60cf72ac723d768fee50c547506626ba654236f233aa49a9bb1740942b0d325588080ed144babf3c53238f631ae206936fe4483e1cab,2021-11-04 19:10:00,15,NO CONTROLS,NO CONTROLS,CLEAR,"DARKNESS, LIGHTED ROAD",PARKED MOTOR VEHICLE,NOT DIVIDED,STRAIGHT AND LEVEL,DRY,NO DEFECTS,NO INJURY / DRIVE AWAY,"$501 - $1,500",UNABLE TO DETERMINE,NOT APPLICABLE,2817,N,LEAVITT ST,2,NO INDICATION OF INJURY,0.0,0.0,0.0,0.0,0.0,2.0,0.0,19,5,11
cdcb89f3747f2d9134f88e05d895dd4010d253ec702376247dab975b76170cd3e07ec5c8e9cdf61920635b0f7d4405baa7dfa438192527b951061e213018fb08,2020-07-07 18:03:00,30,TRAFFIC SIGNAL,FUNCTIONING PROPERLY,CLEAR,DAYLIGHT,TURNING,NOT DIVIDED,STRAIGHT AND LEVEL,DRY,NO DEFECTS,NO INJURY / DRIVE AWAY,"$501 - $1,500",UNABLE TO DETERMINE,UNABLE TO DETERMINE,4759,W,PETERSON AVE,2,NO INDICATION OF INJURY,0.0,0.0,0.0,0.0,0.0,2.0,0.0,18,3,7
8a08d29a3478749b06774cba4d8c9bc3e22285eb6cfa3d8c62e3821823d2b1358f64058fc6c3281015fb968f2fb464548fdd36d4025a8ffa973578408c874cd8,2018-02-17 18:04:00,30,NO CONTROLS,NO CONTROLS,SNOW,DUSK,SIDESWIPE SAME DIRECTION,NOT DIVIDED,STRAIGHT AND LEVEL,WET,NO DEFECTS,NO INJURY / DRIVE AWAY,"OVER $1,500",NOT APPLICABLE,NOT APPLICABLE,5674,S,ARCHER AVE,2,NO INDICATION OF INJURY,0.0,0.0,0.0,0.0,0.0,3.0,0.0,18,7,2
00eb66f9e6418e7d9c041060a6e40b342c710fa23dd7b7b88e4e6146f9f034d955645b3473879cd15161768bd5e8f2dd31b251dca6d2ace142df1bc622c6dd52,2018-04-16 19:30:00,30,TRAFFIC SIGNAL,FUNCTIONING PROPERLY,CLEAR,"DARKNESS, LIGHTED ROAD",REAR END,DIVIDED - W/MEDIAN BARRIER,STRAIGHT AND LEVEL,DRY,NO DEFECTS,NO INJURY / DRIVE AWAY,"OVER $1,500",UNABLE TO DETERMINE,UNABLE TO DETERMINE,900,N,MICHIGAN AVE,2,NO INDICATION OF INJURY,0.0,0.0,0.0,0.0,0.0,2.0,0.0,19,2,4
01237745c9641c3a3b1e7e8c826dcb61513ec237fd9a8811eb77663ed1f49e3ede3859d29be3e16d2995c558674e4bd1fd0721d9afca3f394c2408c7a44c32af,2020-07-15 06:50:00,30,NO CONTROLS,NO CONTROLS,CLEAR,DAYLIGHT,PARKED MOTOR VEHICLE,DIVIDED - W/MEDIAN (NOT RAISED),STRAIGHT AND LEVEL,DRY,NO DEFECTS,INJURY AND / OR TOW DUE TO CRASH,"OVER $1,500",IMPROPER LANE USAGE,UNABLE TO DETERMINE,45,E,43RD ST,2,NO INDICATION OF INJURY,0.0,0.0,0.0,0.0,0.0,1.0,0.0,6,4,7
0b9928790bd66fb0e82e40951e453baca760903834a8b2711ea16b4d6f00f9a3ab0358182164bf63a55178c8e4d5ebe912477d8ad77889287eb037548680ef7a,2023-08-10 14:48:00,15,NO CONTROLS,NO CONTROLS,CLEAR,DAYLIGHT,TURNING,ALLEY,STRAIGHT AND LEVEL,DRY,NO DEFECTS,NO INJURY / DRIVE AWAY,"OVER $1,500",FAILING TO YIELD RIGHT-OF-WAY,NOT APPLICABLE,2945,W,HARRISON ST,2,NO INDICATION OF INJURY,0.0,0.0,0.0,0.0,0.0,2.0,0.0,14,5,8
668299e70dd1841853529b8976f1664186e84866d922d34aba5bf173f8cf8592317e8bc154dfa5347eb36be7fbe6e4534d7d15c2077edfca27ad78ba625b706e,2019-06-18 17:51:00,25,TRAFFIC SIGNAL,FUNCTIONING PROPERLY,CLEAR,DAYLIGHT,ANGLE,FOUR WAY,STRAIGHT AND LEVEL,DRY,NO DEFECTS,INJURY AND / OR TOW DUE TO CRASH,"OVER $1,500",FAILING TO YIELD RIGHT-OF-WAY,DRIVING SKILLS/KNOWLEDGE/EXPERIENCE,8300,S,RACINE AVE,2,"REPORTED, NOT EVIDENT",2.0,0.0,0.0,0.0,2.0,0.0,0.0,17,3,6
669dad2919ed110300a5c1e85b8547a9fabd17917a7331173136d5da552277e18f3af6613b9c678c6ba1f5183f64f8c5aca87d0253bfe50be1da307110f9ea56,2021-10-18 17:20:00,30,NO CONTROLS,NO CONTROLS,CLEAR,DAYLIGHT,REAR TO FRONT,DIVIDED - W/MEDIAN (NOT RAISED),STRAIGHT AND LEVEL,DRY,NO DEFECTS,NO INJURY / DRIVE AWAY,"OVER $1,500",NOT APPLICABLE,NOT APPLICABLE,832,W,CHICAGO AVE,2,NO INDICATION OF INJURY,0.0,0.0,0.0,0.0,0.0,2.0,0.0,17,2,10
b087a280ce1fc79322d9a87b245b0e2daf9c47ff244c19e056bf3648440232e3558ab1f4cc261c840be553eee11492e444470d0d8d771ff4113bcaf81aedb2cc,2018-02-24 18:10:00,30,NO CONTROLS,NO CONTROLS,CLEAR,"DARKNESS, LIGHTED ROAD",TURNING,DIVIDED - W/MEDIAN (NOT RAISED),STRAIGHT AND LEVEL,DRY,NO DEFECTS,NO INJURY / DRIVE AWAY,"OVER $1,500",FAILING TO YIELD RIGHT-OF-WAY,IMPROPER TURNING/NO SIGNAL,1000,W,PERSHING RD,2,NO INDICATION OF INJURY,0.0,0.0,0.0,0.0,0.0,3.0,0.0,18,7,2
5f5681fe86b4070de19ef35e5f30fec9e6773352c108fb727c1eb48810b4f9c1cd414f87bb27a5841b379b8e457b5a34f6ae3fd15d6dd01b06c32bff88b10ebb,2019-04-11 15:00:00,30,NO CONTROLS,NO CONTROLS,CLEAR,DAYLIGHT,PARKED MOTOR VEHICLE,DIVIDED - W/MEDIAN (NOT RAISED),STRAIGHT AND LEVEL,DRY,UNKNOWN,NO INJURY / DRIVE AWAY,"$501 - $1,500",IMPROPER OVERTAKING/PASSING,DRIVING SKILLS/KNOWLEDGE/EXPERIENCE,10539,S,MORGAN ST,2,NO INDICATION OF INJURY,0.0,0.0,0.0,0.0,0.0,6.0,0.0,15,5,4
7a65ac9f94f6c6c42ef431515f3d58fb1b3dc139e3ecb6861e04cdd9161d66c63ae2623f7c73fa588c5da1ddf9e165035e95ca26727141a1adc35205802abd7b,2017-12-04 12:00:00,0,NO CONTROLS,NO CONTROLS,CLEAR,DAYLIGHT,PARKED MOTOR VEHICLE,NOT DIVIDED,STRAIGHT AND LEVEL,DRY,NO DEFECTS,INJURY AND / OR TOW DUE TO CRASH,"OVER $1,500",UNABLE TO DETERMINE,NOT APPLICABLE,49,E,13TH ST,3,NO INDICATION OF INJURY,0.0,0.0,0.0,0.0,0.0,1.0,0.0,12,2,12
bc5d63dc1db2cd7456ca55d316d88a3cd368e3d02607ca300661a04d82da5e75521fe93a93d2ddf43af1251a1282628275ea29be95a8ba685734cb988791ac3f,2019-04-15 04:28:00,30,TRAFFIC SIGNAL,FUNCTIONING PROPERLY,CLEAR,"DARKNESS, LIGHTED ROAD",SIDESWIPE SAME DIRECTION,DIVIDED - W/MEDIAN (NOT RAISED),STRAIGHT AND LEVEL,WET,NO DEFECTS,NO INJURY / DRIVE AWAY,"$501 - $1,500",UNABLE TO DETERMINE,UNABLE TO DETERMINE,120,E,87TH ST,2,NO INDICATION OF INJURY,0.0,0.0,0.0,0.0,0.0,3.0,0.0,4,2,4
2c84897eacb924b66f7153b356d597667d02579d756735997508b2babaad47b417c94689d98e7004ec47d368df432da678f3ddd6feaf39e1eea528c950515745,2021-04-12 13:20:00,25,TRAFFIC SIGNAL,FUNCTIONING PROPERLY,CLEAR,DAYLIGHT,TURNING,DIVIDED - W/MEDIAN BARRIER,"CURVE, LEVEL",DRY,NO DEFECTS,INJURY AND / OR TOW DUE TO CRASH,"OVER $1,500",UNABLE TO DETERMINE,DRIVING SKILLS/KNOWLEDGE/EXPERIENCE,331,W,CERMAK RD,2,NO INDICATION OF INJURY,0.0,0.0,0.0,0.0,0.0,2.0,0.0,13,2,4
9c33f387837a1a2890bd1e9204be3137466fc6e39abbd496b9f33055fc474aa254d99ac201f436f879c93508595bb6fb7e09df4680f95a2dad68cf094ed28ff4,2017-12-27 09:45:00,30,NO CONTROLS,NO CONTROLS,UNKNOWN,DAYLIGHT,PARKED MOTOR VEHICLE,NOT DIVIDED,STRAIGHT AND LEVEL,UNKNOWN,NO DEFECTS,NO INJURY / DRIVE AWAY,$500 OR LESS,NOT APPLICABLE,NOT APPLICABLE,2640,W,BRADLEY PL,2,NO INDICATION OF INJURY,0.0,0.0,0.0,0.0,0.0,1.0,0.0,9,4,12
0516cf3f225a4bed664470ca2566b6abcdc3092c154d92595439c2b39b60ee1e92e94540a52e730ded1d46e05899fad9a20001d16849305ada826f5fe17b6d4f,2022-04-28 15:00:00,30,NO CONTROLS,NO CONTROLS,CLEAR,UNKNOWN,PARKED MOTOR VEHICLE,NOT DIVIDED,STRAIGHT AND LEVEL,UNKNOWN,NO DEFECTS,NO INJURY / DRIVE AWAY,$500 OR LESS,NOT APPLICABLE,NOT APPLICABLE,303,E,49TH ST,2,NO INDICATION OF INJURY,0.0,0.0,0.0,0.0,0.0,1.0,0.0,15,5,4
3747325249d661d474f97cad732b71e5b6bb6c45e3fd29f98fe6757a77040626baa04e0b372d72af7313234567bad8f0c58f9a36bb4dd43e3cd76302428e7ace,2022-01-03 15:20:00,30,NO CONTROLS,NO CONTROLS,CLEAR,DAYLIGHT,PEDESTRIAN,DIVIDED - W/MEDIAN (NOT RAISED),STRAIGHT AND LEVEL,UNKNOWN,NO DEFECTS,INJURY AND / OR TOW DUE TO CRASH,$500 OR LESS,FAILING TO YIELD RIGHT-OF-WAY,NOT APPLICABLE,3019,W,PETERSON AVE,2,NONINCAPACITATING INJURY,1.0,0.0,0.0,1.0,0.0,1.0,0.0,15,2,1
68495bd25899d601c86dc83877304131b21b487c6ff9c691b2fbd841803e9a116dcba6247b45145dd8f8f17c76be71e373d16808fc46c1c28fd47806ece2b809,2017-06-23 16:15:00,30,TRAFFIC SIGNAL,NO CONTROLS,CLEAR,DAYLIGHT,REAR END,NOT DIVIDED,STRAIGHT AND LEVEL,DRY,NO DEFECTS,NO INJURY / DRIVE AWAY,"OVER $1,500",FOLLOWING TOO CLOSELY,FOLLOWING TOO CLOSELY,624,S,KOSTNER AVE,2,NO INDICATION OF INJURY,0.0,0.0,0.0,0.0,0.0,2.0,0.0,16,6,6
a091165ebec6e66250121e6b26e50921b500b561cbbd8032cd3e469113be1e932b556675db6ac99d8746c5a75109944bd521070afb65c14a797b747d9a0c44fd,2023-06-17 16:15:00,30,STOP SIGN/FLASHER,FUNCTIONING PROPERLY,CLEAR,DAYLIGHT,REAR END,NOT DIVIDED,STRAIGHT AND LEVEL,DRY,NO DEFECTS,NO INJURY / DRIVE AWAY,"$501 - $1,500",FOLLOWING TOO CLOSELY,NOT APPLICABLE,4729,W,59TH ST,2,NO INDICATION OF INJURY,0.0,0.0,0.0,0.0,0.0,3.0,0.0,16,7,6
8c9c9ef61d99e28387279201f926eeeca9c632e9380e3975893568a78ad91b837680252f3690c5fa16543b59f04dd0f213394c07f498ba0e61506f6fe98bda00,2022-04-23 14:18:00,30,NO CONTROLS,NO CONTROLS,CLEAR,DAYLIGHT,ANGLE,NOT DIVIDED,STRAIGHT AND LEVEL,DRY,UNKNOWN,INJURY AND / OR TOW DUE TO CRASH,"OVER $1,500",FAILING TO YIELD RIGHT-OF-WAY,FAILING TO YIELD RIGHT-OF-WAY,5459,S,DAMEN AVE,2,NONINCAPACITATING INJURY,2.0,0.0,0.0,2.0,0.0,1.0,0.0,14,7,4
c2a2194cec75fb83be9040371535f3ac00f80ffe8efd75dbea17e81c25cd22200368e146f26da9bc910b5f335c86dfbfd39df2caa497ede04ff5b92fd2c98fae,2018-07-29 21:00:00,30,NO CONTROLS,NO CONTROLS,CLEAR,"DARKNESS, LIGHTED ROAD",PARKED MOTOR VEHICLE,ONE-WAY,STRAIGHT AND LEVEL,DRY,NO DEFECTS,NO INJURY / DRIVE AWAY,"OVER $1,500",UNABLE TO DETERMINE,NOT APPLICABLE,4835,W,ST PAUL AVE,2,NO INDICATION OF INJURY,0.0,0.0,0.0,0.0,0.0,1.0,0.0,21,1,7
7ccd7c3bd0d63a8ddccb6c38c56b2707a4cc54125649e0de617b97c40a70a63f6e9d946958ed9adc4a0c78a48d8c17789adf1738962b4899cc6d7e3931f313b1,2017-12-31 17:40:00,30,NO CONTROLS,FUNCTIONING IMPROPERLY,CLEAR,"DARKNESS, LIGHTED ROAD",TURNING,DIVIDED - W/MEDIAN (NOT RAISED),STRAIGHT AND LEVEL,DRY,NO DEFECTS,NO INJURY / DRIVE AWAY,"OVER $1,500",FAILING TO YIELD RIGHT-OF-WAY,NOT APPLICABLE,6525,W,DIVERSEY AVE,2,NO INDICATION OF INJURY,0.0,0.0,0.0,0.0,0.0,2.0,0.0,17,1,12
3506b14eafa72766b7bff2020c66d4739aeee9c38648e046da911b83b87f603f09891f4fbdbd2eb8b8e534908bc0129733d28002dae20f532df173a22d97c757,2022-02-13 02:25:00,30,STOP SIGN/FLASHER,FUNCTIONING PROPERLY,CLEAR,"DARKNESS, LIGHTED ROAD",PARKED MOTOR VEHICLE,NOT DIVIDED,STRAIGHT AND LEVEL,DRY,NO DEFECTS,INJURY AND / OR TOW DUE TO CRASH,"OVER $1,500","OPERATING VEHICLE IN ERRATIC, RECKLESS, CARELESS, NEGLIGENT OR AGGRESSIVE MANNER",IMPROPER LANE USAGE,216,N,MAY ST,2,NO INDICATION OF INJURY,0.0,0.0,0.0,0.0,0.0,5.0,0.0,2,1,2
15a2e6a8ba3b36e778b6d349fea2a206c2dea00d9d60e2f091a992cdf6d0600b5f2b71b4b3066a2ec3da83766fad2f167dd382fb3470364919979fed27afd54e,2022-05-19 20:00:00,30,NO CONTROLS,NO CONTROLS,CLEAR,DAYLIGHT,SIDESWIPE SAME DIRECTION,NOT DIVIDED,STRAIGHT AND LEVEL,DRY,NO DEFECTS,NO INJURY / DRIVE AWAY,"$501 - $1,500",IMPROPER OVERTAKING/PASSING,IMPROPER OVERTAKING/PASSING,351,E,103RD ST,2,NO INDICATION OF INJURY,0.0,0.0,0.0,0.0,0.0,2.0,0.0,20,5,5
951d569c5fb993cb64a0869acafb3a0bf6395deea323a0388c5c1adbb4c5cfd91407c6a3c39129d0475bbd128b8a18ff4e41d84268936297cb4a23002768d107,2019-05-31 12:40:00,30,NO CONTROLS,NO CONTROLS,CLEAR,DAYLIGHT,SIDESWIPE SAME DIRECTION,ONE-WAY,STRAIGHT AND LEVEL,DRY,NO DEFECTS,NO INJURY / DRIVE AWAY,$500 OR LESS,UNABLE TO DETERMINE,UNABLE TO DETERMINE,230,S,DEARBORN ST,2,NO INDICATION OF INJURY,0.0,0.0,0.0,0.0,0.0,2.0,0.0,12,6,5
4062fa38ed31d8b3f409b384f0042d6f90a003c0708b2d90a6786d53f32f30aa19e7995ede3e4a7c52a888cb855240d96c9958e53f5577faf19129ed1718a745,2018-04-18 12:12:00,30,STOP SIGN/FLASHER,FUNCTIONING PROPERLY,CLEAR,DAYLIGHT,ANGLE,NOT DIVIDED,STRAIGHT AND LEVEL,DRY,NO DEFECTS,NO INJURY / DRIVE AWAY,"OVER $1,500",UNABLE TO DETERMINE,UNABLE TO DETERMINE,2453,S,ARCHER AVE,2,NO INDICATION OF INJURY,0.0,0.0,0.0,0.0,0.0,5.0,0.0,12,4,4
8983fdde888ae6f3ed48425f664acbc8f83c6cd4628b95ba1eaa6556fde64d292087f9ad33f0176c1daff1450465f0d01cd4883d635bae6b0884710df1b12c89,2022-09-08 15:29:00,35,TRAFFIC SIGNAL,FUNCTIONING PROPERLY,CLEAR,DAYLIGHT,REAR END,DIVIDED - W/MEDIAN BARRIER,STRAIGHT AND LEVEL,DRY,NO DEFECTS,INJURY AND / OR TOW DUE TO CRASH,"OVER $1,500",FAILING TO REDUCE SPEED TO AVOID CRASH,FOLLOWING TOO CLOSELY,500,N,MICHIGAN AVE,3,NO INDICATION OF INJURY,0.0,0.0,0.0,0.0,0.0,3.0,0.0,15,5,9
7ea5c6240e0e5cb1655379c0d421f2d4ed60e48aee45b0d8eb3bdb0982f6afd31d4f58b1780b432acc5eaf9ce7f2ab8c56dbb6136c3e886764d054221aa347c0,2017-11-19 02:30:00,30,TRAFFIC SIGNAL,FUNCTIONING PROPERLY,CLEAR,DARKNESS,TURNING,ONE-WAY,STRAIGHT AND LEVEL,DRY,NO DEFECTS,INJURY AND / OR TOW DUE TO CRASH,"OVER $1,500",UNABLE TO DETERMINE,NOT APPLICABLE,135,W,ONTARIO ST,2,"REPORTED, NOT EVIDENT",1.0,0.0,0.0,0.0,1.0,5.0,0.0,2,1,11
587168fcef29d748542022be2f827e4d4551d7102300d787ee5ac32f478250a2bc6cc2859532ffa57e1f8714ec9a26563d7b033661f96ccbb3435edd1de39c53,2018-03-09 09:55:00,35,TRAFFIC SIGNAL,FUNCTIONING PROPERLY,CLEAR,DAWN,REAR END,NOT DIVIDED,STRAIGHT AND LEVEL,DRY,NO DEFECTS,INJURY AND / OR TOW DUE TO CRASH,"OVER $1,500",IMPROPER OVERTAKING/PASSING,NOT APPLICABLE,2400,W,103RD ST,3,"REPORTED, NOT EVIDENT",1.0,0.0,0.0,0.0,1.0,2.0,0.0,9,6,3
8a374fe36f3dedb3f6df81310b18d32fbdf1576730287c38f6249a59e4e686d6ae344bd397684443b66564e3bcfa66ef8c9e5a28dc7cd5cf626bf42232fbc974,2021-04-19 09:30:00,30,NO CONTROLS,NO CONTROLS,CLEAR,DAYLIGHT,FIXED OBJECT,PARKING LOT,STRAIGHT AND LEVEL,DRY,NO DEFECTS,NO INJURY / DRIVE AWAY,"OVER $1,500",UNABLE TO DETERMINE,UNABLE TO DETERMINE,3301,W,FULLERTON AVE,1,NO INDICATION OF INJURY,0.0,0.0,0.0,0.0,0.0,1.0,0.0,9,2,4
42e7df3fbf4ae183763edfd1bfb48975152e8b807f5578d15b4ef20740b621ca4747ae191aae38af88c07a794d0087880a76e766b9866e1f45e019b3480b9c62,2017-05-06 19:09:00,30,NO CONTROLS,NO CONTROLS,CLEAR,DARKNESS,TURNING,DIVIDED - W/MEDIAN (NOT RAISED),STRAIGHT AND LEVEL,DRY,NO DEFECTS,NO INJURY / DRIVE AWAY,"$501 - $1,500",IMPROPER OVERTAKING/PASSING,NOT APPLICABLE,616,W,SCHUBERT AVE,2,NO INDICATION OF INJURY,0.0,0.0,0.0,0.0,0.0,2.0,0.0,19,7,5
a0397ef4c68814e3a16bd91c0f016cf5358b92b2aa0e136fea099505cd8f7a47108f5377b577c5f5c87246a8dc0e6e6796027440164d0101e516c2d3865d24da,2019-11-12 14:45:00,20,NO CONTROLS,NO CONTROLS,CLEAR,DAYLIGHT,PARKED MOTOR VEHICLE,ONE-WAY,STRAIGHT AND LEVEL,DRY,NO DEFECTS,NO INJURY / DRIVE AWAY,$500 OR LESS,UNABLE TO DETERMINE,NOT APPLICABLE,1833,N,SPRINGFIELD AVE,2,NO INDICATION OF INJURY,0.0,0.0,0.0,0.0,0.0,1.0,0.0,14,3,11
a04d48b829fa03c6df36f17a5916de4c203a1874007224c9c9f049a76c00b65438dd0e69eca97390696b085d918280ff1fa6f0c590177ef0809504e1be489e17,2019-07-02 08:30:00,30,TRAFFIC SIGNAL,FUNCTIONING PROPERLY,CLEAR,DAYLIGHT,REAR END,NOT DIVIDED,STRAIGHT AND LEVEL,DRY,NO DEFECTS,NO INJURY / DRIVE AWAY,"$501 - $1,500",FOLLOWING TOO CLOSELY,NOT APPLICABLE,200,E,79TH ST,2,NO INDICATION OF INJURY,0.0,0.0,0.0,0.0,0.0,2.0,0.0,8,3,7
0374cb59488397fa4a8aacacd6ff86eb5eeeb1c27294f6e90ae0d90ce85cb6494e4ae805688523ea961e8ebd53fbd134a2329fe7debff18cef9292e587e656f3,2023-10-05 23:00:00,45,TRAFFIC SIGNAL,FUNCTIONING PROPERLY,CLEAR,"DARKNESS, LIGHTED ROAD",TURNING,DIVIDED - W/MEDIAN BARRIER,STRAIGHT AND LEVEL,DRY,NO DEFECTS,NO INJURY / DRIVE AWAY,"OVER $1,500",IMPROPER TURNING/NO SIGNAL,NOT APPLICABLE,5800,S,LAKE SHORE DR,2,NO INDICATION OF INJURY,0.0,0.0,0.0,0.0,0.0,2.0,0.0,23,5,10
7c40c4566f3bec27e22773a8613ee99350f54820891027ec493a3a791bd774f5f0ca9d9fdcc7df877bc4efb4c5eefcce00469bd58d4fd89767bb2d4b7f20ee54,2016-06-28 10:50:00,0,TRAFFIC SIGNAL,FUNCTIONING PROPERLY,CLOUDY/OVERCAST,DAYLIGHT,REAR END,NOT DIVIDED,STRAIGHT AND LEVEL,DRY,NO DEFECTS,NO INJURY / DRIVE AWAY,"OVER $1,500",FOLLOWING TOO CLOSELY,UNABLE TO DETERMINE,11458,S,WESTERN AVE,2,NO INDICATION OF INJURY,0.0,0.0,0.0,0.0,0.0,2.0,0.0,10,3,6
001d8f8094b7ece5799309c8ce6846b1ce914c0810cf0dad86e76daa91651618bb06fce2cba06d06cce677885a3f4b8810e3bfeb001eb2e166013091e7529dfd,2021-01-29 15:25:00,30,NO CONTROLS,NO CONTROLS,CLEAR,DAYLIGHT,SIDESWIPE OPPOSITE DIRECTION,NOT DIVIDED,STRAIGHT AND LEVEL,SNOW OR SLUSH,UNKNOWN,NO INJURY / DRIVE AWAY,"OVER $1,500",UNABLE TO DETERMINE,NOT APPLICABLE,7450,S,DR MARTIN LUTHER KING JR DR,2,NO INDICATION OF INJURY,0.0,0.0,0.0,0.0,0.0,2.0,0.0,15,6,1
b58f1a90902d140d70d45108e0cc09574fc6addbcca7a91124789c3a4cc0c05cce313a6b48f57f281dd157c1d76b680e48665fe366de26886a6d122525996186,2021-07-25 21:00:00,30,TRAFFIC SIGNAL,FUNCTIONING PROPERLY,CLEAR,DUSK,SIDESWIPE SAME DIRECTION,NOT DIVIDED,STRAIGHT AND LEVEL,DRY,NO DEFECTS,NO INJURY / DRIVE AWAY,$500 OR LESS,IMPROPER LANE USAGE,DRIVING SKILLS/KNOWLEDGE/EXPERIENCE,4355,N,SHERIDAN RD,2,NO INDICATION OF INJURY,0.0,0.0,0.0,0.0,0.0,2.0,0.0,21,1,7
4be3f8639365e58240ac42f5666f3f237abf5ada3a4e404ab56dca7a278a6e0dcb04aabc1a3b2c3469160f8c0f855f3d42258e8c2536b23e70b22bd5e1ef99c3,2023-07-21 19:30:00,30,NO CONTROLS,NO CONTROLS,CLEAR,DAYLIGHT,REAR END,DIVIDED - W/MEDIAN (NOT RAISED),STRAIGHT AND LEVEL,DRY,NO DEFECTS,NO INJURY / DRIVE AWAY,"$501 - $1,500",UNABLE TO DETERMINE,UNABLE TO DETERMINE,530,S,CENTRAL AVE,4,NO INDICATION OF INJURY,0.0,0.0,0.0,0.0,0.0,4.0,0.0,19,6,7