CRASH_RECORD_ID,CRASH_DATE,POSTED_SPEED_LIMIT,TRAFFIC_CONTROL_DEVICE,DEVICE_CONDITION,WEATHER_CONDITION,LIGHTING_CONDITION,FIRST_CRASH_TYPE,TRAFFICWAY_TYPE,ALIGNMENT,ROADWAY_SURFACE_COND,ROAD_DEFECT,CRASH_TYPE,DAMAGE,PRIM_CONTRIBUTORY_CAUSE,SEC_CONTRIBUTORY_CAUSE,STREET_NO,STREET_DIRECTION,STREET_NAME,NUM_UNITS,MOST_SEVERE_INJURY,INJURIES_TOTAL,INJURIES_FATAL,INJURIES_INCAPACITATING,INJURIES_NON_INCAPACITATING,INJURIES_REPORTED_NOT_EVIDENT,INJURIES_NO_INDICATION,INJURIES_UNKNOWN,CRASH_HOUR,CRASH_DAY_OF_WEEK,CRASH_MONTH
0a6fabf8ccaa80a43b5ae5cd2ed3d3cf7c50ce9462c8027cf0fa261f84fef289286d47fd88422d824f2e719397d5c915c38d250878cd55c88bc6caa30f7e5f4d,2018-07-31 16:20:00,30,NO CONTROLS,NO CONTROLS,CLEAR,DAYLIGHT,PEDALCYCLIST,NOT DIVIDED,STRAIGHT AND LEVEL,DRY,NO DEFECTS,NO INJURY / DRIVE AWAY,"OVER $1,500",UNABLE TO DETERMINE,UNABLE TO DETERMINE,1142,E,55TH ST,2,NO INDICATION OF INJURY,0.0,0.0,0.0,0.0,0.0,2.0,0.0,16,3,7
1880320e5382c5ffe40cd0952e21f7ef8bc758be3aae60fddfb58f993dd422cd745d37a7c6041a7461c479821e2bb08b18472ee805ef5417f33139862806b7a4,2021-04-16 19:41:00,30,NO CONTROLS,NO CONTROLS,CLEAR,DUSK,TURNING,DIVIDED - W/MEDIAN (NOT RAISED),STRAIGHT AND LEVEL,DRY,NO DEFECTS,NO INJURY / DRIVE AWAY,"OVER $1,500",UNABLE TO DETERMINE,NOT APPLICABLE,3923,W,JACKSON BLVD,2,NO INDICATION OF INJURY,0.0,0.0,0.0,0.0,0.0,2.0,0.0,19,6,4
2888af558e19cfc53c1efe038e3766b08b56bb99a1d49b056440cc41033d29251ed579d3030bed4629b7efbba16582f22824c0da76645225c2ba1f56f0620735,2020-06-30 15:22:00,30,NO CONTROLS,NO CONTROLS,CLEAR,DAYLIGHT,REAR END,DIVIDED - W/MEDIAN (NOT RAISED),STRAIGHT AND LEVEL,DRY,NO DEFECTS,NO INJURY / DRIVE AWAY,"$501 - $1,500",FOLLOWING TOO CLOSELY,FAILING TO REDUCE SPEED TO AVOID CRASH,1598,W,35TH ST,2,NO INDICATION OF INJURY,0.0,0.0,0.0,0.0,0.0,3.0,0.0,15,3,6
047d89cd347189fa0c33fc3db1b8c8cdfa5d45e937447b69529701ba4523f2f212e9c973f9986c0c94f1d48937699772f76928394f72b7f3cb87a0befc84ab41,2018-07-11 08:00:00,30,NO CONTROLS,NO CONTROLS,UNKNOWN,UNKNOWN,PARKED MOTOR VEHICLE,ONE-WAY,STRAIGHT AND LEVEL,UNKNOWN,UNKNOWN,NO INJURY / DRIVE AWAY,$500 OR LESS,UNABLE TO DETERMINE,NOT APPLICABLE,9312,S,PRAIRIE AVE,2,NO INDICATION OF INJURY,0.0,0.0,0.0,0.0,0.0,1.0,0.0,8,4,7
a6b67806a00c286ca0fa984162c3d348dae6b9516c2fab926651590f0e752bee8cdff171e3c635c786e3cd7d924aa226b135c9c2ba1ecafabead188e2a5163e7,2019-11-12 03:00:00,30,NO CONTROLS,NO CONTROLS,UNKNOWN,UNKNOWN,PARKED MOTOR VEHICLE,ONE-WAY,STRAIGHT AND LEVEL,ICE,NO DEFECTS,NO INJURY / DRIVE AWAY,"OVER $1,500",UNABLE TO DETERMINE,NOT APPLICABLE,8951,S,BEVERLY AVE,2,NO INDICATION OF INJURY,0.0,0.0,0.0,0.0,0.0,1.0,0.0,3,3,11
5a9e275d61a53353acbf594c5f58e7281aad2fcc91479ba58433634bc2a06692951b27ead189d4bf8b8eecb4c4524f5df3855ce880e73814ad47160199a7a2cc,2016-01-04 07:40:00,30,NO CONTROLS,NO CONTROLS,CLEAR,DAYLIGHT,REAR END,NOT DIVIDED,STRAIGHT AND LEVEL,DRY,NO DEFECTS,NO INJURY / DRIVE AWAY,"$501 - $1,500",UNABLE TO DETERMINE,UNABLE TO DETERMINE,7547,S,COTTAGE GROVE AVE,3,NO INDICATION OF INJURY,0.0,0.0,0.0,0.0,0.0,6.0,0.0,7,2,1
5174c56c2ba8255311e0d5817238a09643126a339048193a8249f2797cd2ae7ada4e52ecf17ff7a530967eab650692bf7b1b10974fbdd2942eb911b355006934,2023-06-09 21:00:00,30,TRAFFIC SIGNAL,FUNCTIONING PROPERLY,CLEAR,DARKNESS,SIDESWIPE SAME DIRECTION,NOT DIVIDED,STRAIGHT AND LEVEL,DRY,NO DEFECTS,NO INJURY / DRIVE AWAY,"OVER $1,500",IMPROPER OVERTAKING/PASSING,IMPROPER OVERTAKING/PASSING,33,W,OHIO ST,2,NO INDICATION OF INJURY,0.0,0.0,0.0,0.0,0.0,2.0,0.0,21,6,6
8d55e5857d620a4b120335445cdbacb5cead8a4b8771206a169b48e132ee1306ec23766cd89d6edf71d9a716c72730ec84dcb8cd3345cd3afc4d5889699ac96d,2023-07-14 18:45:00,30,TRAFFIC SIGNAL,FUNCTIONING PROPERLY,CLEAR,"DARKNESS, LIGHTED ROAD",SIDESWIPE SAME DIRECTION,NOT DIVIDED,STRAIGHT AND LEVEL,DRY,NO DEFECTS,NO INJURY / DRIVE AWAY,"$501 - $1,500",IMPROPER OVERTAKING/PASSING,UNABLE TO DETERMINE,1899,N,HUMBOLDT BLVD,2,NO INDICATION OF INJURY,0.0,0.0,0.0,0.0,0.0,5.0,0.0,18,6,7
a27c185d602e78beeab65f4e17dc2f042e7c6d063b226c26bea4e51867b172da2e4ff5743145825be161deee3a8c14d7460ec4897b70bca129e4218e35dd019c,2022-09-09 12:50:00,10,NO CONTROLS,NO CONTROLS,CLEAR,DAYLIGHT,HEAD ON,PARKING LOT,STRAIGHT AND LEVEL,DRY,NO DEFECTS,NO INJURY / DRIVE AWAY,"OVER $1,500",IMPROPER TURNING/NO SIGNAL,NOT APPLICABLE,5500,S,SHORE DR,2,NO INDICATION OF INJURY,0.0,0.0,0.0,0.0,0.0,2.0,0.0,12,6,9
aab6acc84e5535534f0c0ab19b40f4f20bb24c2d27ba5e8e1179175d6b970e2a92a2e48d45a9eb8bf25ac40156df6ea09bbd9270902fac052f5789b3b32cc878,2016-10-27 17:50:00,30,TRAFFIC SIGNAL,FUNCTIONING PROPERLY,CLEAR,DAYLIGHT,REAR END,NOT DIVIDED,STRAIGHT AND LEVEL,DRY,UNKNOWN,NO INJURY / DRIVE AWAY,"OVER $1,500",UNABLE TO DETERMINE,UNABLE TO DETERMINE,3910,S,WESTERN AVE,2,NO INDICATION OF INJURY,0.0,0.0,0.0,0.0,0.0,2.0,0.0,17,5,10
4c4126a78d330a3a484f4242400cad4695ebd33a9e40bc28a530e8a4e75ecadc6252c0d9c40b75f8e2b1fc22cb441888eaae95bb5e8c36f1d0751168e5fb50ca,2016-06-03 23:00:00,30,NO CONTROLS,NO CONTROLS,CLEAR,"DARKNESS, LIGHTED ROAD",PARKED MOTOR VEHICLE,DRIVEWAY,STRAIGHT AND LEVEL,DRY,NO DEFECTS,NO INJURY / DRIVE AWAY,"OVER $1,500",FOLLOWING TOO CLOSELY,FOLLOWING TOO CLOSELY,644,N,LAKE SHORE DR,2,NO INDICATION OF INJURY,0.0,0.0,0.0,0.0,0.0,1.0,0.0,23,6,6
9cb4331054502764352e6d09fdf52d2095f55d428c0d2382358fc1c1bcb9907d34de258bfda747df3b7ba2578665ad22b458842e085e6c1a350fd1d961cbf8e3,2023-10-11 07:18:00,30,NO CONTROLS,NO CONTROLS,CLEAR,DAYLIGHT,REAR END,DIVIDED - W/MEDIAN (NOT RAISED),STRAIGHT AND LEVEL,DRY,NO DEFECTS,NO INJURY / DRIVE AWAY,"OVER $1,500",FOLLOWING TOO CLOSELY,DRIVING SKILLS/KNOWLEDGE/EXPERIENCE,3813,S,WESTERN BLVD,3,NO INDICATION OF INJURY,0.0,0.0,0.0,0.0,0.0,4.0,0.0,7,4,10
9e46a8ff6c54d568b06eea1d6e83c1228963a771ebc8b6316bc016c227e6fb600ff1b9edfad2e4835efa431658f516314c055f6cbcc70747546422bddbc841b9,2019-06-30 03:33:00,35,NO CONTROLS,NO CONTROLS,CLEAR,"DARKNESS, LIGHTED ROAD",PARKED MOTOR VEHICLE,ONE-WAY,STRAIGHT AND LEVEL,DRY,NO DEFECTS,NO INJURY / DRIVE AWAY,"OVER $1,500",UNABLE TO DETERMINE,NOT APPLICABLE,7204,S,MAPLEWOOD AVE,4,NO INDICATION OF INJURY,0.0,0.0,0.0,0.0,0.0,1.0,0.0,3,1,6
c9fa48934c489d245a97b8836ad0abed31f97cb232933bba655801a97cd9086e02c6911e58ded68d61150449cd4d436a59041fa29ec24e213e2c81c023e6e0df,2019-07-26 15:00:00,30,NO CONTROLS,NO CONTROLS,CLEAR,DAWN,PARKED MOTOR VEHICLE,ONE-WAY,STRAIGHT AND LEVEL,DRY,NO DEFECTS,INJURY AND / OR TOW DUE TO CRASH,"OVER $1,500",UNABLE TO DETERMINE,NOT APPLICABLE,5053,W,IOWA ST,3,INCAPACITATING INJURY,1.0,0.0,1.0,0.0,0.0,0.0,0.0,15,6,7
e5c13b514a57ba21f746521064f25f5176901549acb31abc66b05aefb509da86e843a314bdc99b2d246ed046f173d5cc7c07294609ee7e9cd4b16a6105dfe39c,2022-03-14 00:01:00,30,UNKNOWN,UNKNOWN,UNKNOWN,UNKNOWN,PARKED MOTOR VEHICLE,ONE-WAY,STRAIGHT AND LEVEL,UNKNOWN,UNKNOWN,NO INJURY / DRIVE AWAY,"OVER $1,500",UNABLE TO DETERMINE,UNABLE TO DETERMINE,2929,W,WALTON ST,2,NO INDICATION OF INJURY,0.0,0.0,0.0,0.0,0.0,1.0,0.0,0,2,3
7fff8b53eb3d80ed1d2b1bed0438852bc28a8d4882e0d1b25c14e27db4233de1357e1ee4aa49de1a6a79e1e75eb26de9b0a7d842fb5f652164f03d5d22224199,2017-12-16 21:35:00,25,NO CONTROLS,NO CONTROLS,CLEAR,DARKNESS,PARKED MOTOR VEHICLE,ONE-WAY,STRAIGHT AND LEVEL,DRY,NO DEFECTS,INJURY AND / OR TOW DUE TO CRASH,"OVER $1,500",PHYSICAL CONDITION OF DRIVER,UNABLE TO DETERMINE,5910,S,RICHMOND ST,2,FATAL,1.0,1.0,0.0,0.0,0.0,0.0,0.0,21,7,12
d152bbbaa5a80511c4c4a696f6fe37400e11be5ef06cbc8331226cc0f2ee1afa0e673b541f2410e650d0524b3a65b13b7ba96a955a737cef050feb8789e89654,2019-07-12 15:15:00,30,NO CONTROLS,NO CONTROLS,CLEAR,DAYLIGHT,PARKED MOTOR VEHICLE,PARKING LOT,STRAIGHT AND LEVEL,DRY,NO DEFECTS,NO INJURY / DRIVE AWAY,"OVER $1,500",UNABLE TO DETERMINE,NOT APPLICABLE,6701,S,WESTERN AVE,2,NO INDICATION OF INJURY,0.0,0.0,0.0,0.0,0.0,1.0,0.0,15,6,7
676cfc2d9791757a2efe8966aa539676cab514bd1adbfaaae38552e78d11a0afab4082951361a17cb34d359e974658bb534a05a4c41b560a0fc2da1f389112dc,2019-08-04 22:30:00,15,NO CONTROLS,NO CONTROLS,CLEAR,"DARKNESS, LIGHTED ROAD",REAR TO FRONT,OTHER,STRAIGHT AND LEVEL,DRY,NO DEFECTS,NO INJURY / DRIVE AWAY,"$501 - $1,500",IMPROPER BACKING,IMPROPER BACKING,540,N,MICHIGAN AVE,2,NO INDICATION OF INJURY,0.0,0.0,0.0,0.0,0.0,2.0,0.0,22,1,8
c01be4749b90ea14d53a4e29080fd04d54a1e36af37901d32672bd63c022195d237bc795ad100622a349b0f2d1b757f6b15d54b538cf3960a1fd72b3966f6c3d,2021-05-10 18:23:00,30,TRAFFIC SIGNAL,FUNCTIONING PROPERLY,CLEAR,DAYLIGHT,ANGLE,FOUR WAY,STRAIGHT AND LEVEL,DRY,NO DEFECTS,INJURY AND / OR TOW DUE TO CRASH,"OVER $1,500",FAILING TO YIELD RIGHT-OF-WAY,FAILING TO YIELD RIGHT-OF-WAY,4400,W,16TH ST,2,NONINCAPACITATING INJURY,4.0,0.0,0.0,3.0,1.0,2.0,0.0,18,2,5
28828b907d729df3a69e8f476b47ee3dd51c819541bb2133a67c1858b55f5d9a75486d358218b7e595671cfbdd3c0d8e5d7f69916d0c99616eba01bfe93b3cdf,2022-09-20 21:00:00,30,NO CONTROLS,NO CONTROLS,RAIN,"DARKNESS, LIGHTED ROAD",SIDESWIPE SAME DIRECTION,NOT DIVIDED,STRAIGHT AND LEVEL,WET,NO DEFECTS,NO INJURY / DRIVE AWAY,"OVER $1,500",UNABLE TO DETERMINE,NOT APPLICABLE,6100,S,KILBOURN AVE,2,NO INDICATION OF INJURY,0.0,0.0,0.0,0.0,0.0,2.0,0.0,21,3,9
1b8c1cd33f2444ecfb36a1690190cbfe47ea5917d9bb1b30f1435931cf24d18580e26ce3a65dc60e96f45a72e443a6ebb07632a834872a7a0cec00a983e4f6d2,2021-04-01 06:00:00,15,NO CONTROLS,NO CONTROLS,CLEAR,DAYLIGHT,FIXED OBJECT,ALLEY,STRAIGHT AND LEVEL,DRY,NO DEFECTS,INJURY AND / OR TOW DUE TO CRASH,"OVER $1,500",UNABLE TO DETERMINE,UNABLE TO DETERMINE,6101,S,ARTESIAN AVE,1,NO INDICATION OF INJURY,0.0,0.0,0.0,0.0,0.0,1.0,0.0,6,5,4
06394fc25cc38273aa080a22339d9fb43e8e16359eb10f272d16550f4704d05d90be64087a88f96e008ed1aa3205629d0598049250283beb349b49c414f42417,2017-12-10 19:15:00,30,NO CONTROLS,NO CONTROLS,UNKNOWN,DARKNESS,REAR END,DIVIDED - W/MEDIAN (NOT RAISED),STRAIGHT AND LEVEL,WET,UNKNOWN,NO INJURY / DRIVE AWAY,"$501 - $1,500",FOLLOWING TOO CLOSELY,NOT APPLICABLE,1200,W,HARRISON ST,2,NO INDICATION OF INJURY,0.0,0.0,0.0,0.0,0.0,2.0,0.0,19,1,12
dfe1cdc9d1b00da291e4edfb68a2aaceaf350463b5e8340ac444cda740f52753637b556e83fbd11b30b2e54e65d546bcb814dcbe8098ce3e481b4bd508565d54,2021-12-08 05:59:00,30,TRAFFIC SIGNAL,FUNCTIONING PROPERLY,CLOUDY/OVERCAST,DAWN,ANGLE,FOUR WAY,STRAIGHT AND LEVEL,DRY,NO DEFECTS,INJURY AND / OR TOW DUE TO CRASH,"OVER $1,500",FAILING TO YIELD RIGHT-OF-WAY,NOT APPLICABLE,99,N,CANAL ST,2,NONINCAPACITATING INJURY,1.0,0.0,0.0,1.0,0.0,1.0,0.0,5,4,12
76c8f332691ec1396abcca63b91aae9071b6ee2fcd875d6370d97a8e76992f41b5dd6bbbcf7bb59fbb376a4e4f181a7ffb4c030f3ae832ad127b8b2260546afe,2024-03-19 13:50:00,15,NO CONTROLS,NO CONTROLS,CLEAR,DAYLIGHT,PARKED MOTOR VEHICLE,PARKING LOT,STRAIGHT AND LEVEL,DRY,UNKNOWN,NO INJURY / DRIVE AWAY,"$501 - $1,500",NOT APPLICABLE,NOT APPLICABLE,1851,N,CICERO AVE,2,NO INDICATION OF INJURY,0.0,0.0,0.0,0.0,0.0,1.0,0.0,13,3,3
cd952955afe5ac41bfa5c0b455a38bc30781e75744e3d9fae5de0a8c90a727537832f8ddd45e44e0106102e2e3949fe1199ad8a44b19c53d3f2a75e1e3ae3a96,2020-02-29 13:15:00,40,NO CONTROLS,NO CONTROLS,CLEAR,DAYLIGHT,REAR END,ONE-WAY,STRAIGHT AND LEVEL,DRY,NO DEFECTS,INJURY AND / OR TOW DUE TO CRASH,"OVER $1,500",FAILING TO REDUCE SPEED TO AVOID CRASH,DISTRACTION - FROM OUTSIDE VEHICLE,2300,S,LAKE SHORE DR E,2,NO INDICATION OF INJURY,0.0,0.0,0.0,0.0,0.0,2.0,0.0,13,7,2
b1ba96773aae692d11d4371efd0d7e7a88d6fa5d1b39b8961280f02191b737ee2211858d6dcaaa22b0c63fbf99d8a695f8075a740c9047895046bfa0fe076182,2023-03-02 14:40:00,40,NO CONTROLS,UNKNOWN,CLEAR,DAYLIGHT,REAR END,DIVIDED - W/MEDIAN BARRIER,STRAIGHT AND LEVEL,DRY,NO DEFECTS,NO INJURY / DRIVE AWAY,"OVER $1,500",UNABLE TO DETERMINE,UNABLE TO DETERMINE,800,N,LAKE SHORE DR,2,NO INDICATION OF INJURY,0.0,0.0,0.0,0.0,0.0,2.0,0.0,14,5,3
674f949dd25f15f9e75aedfec21965568f1a1a0afdbf12143453a9f815000df8cd1b33346e4384bf9da6dd862c34e242535b7943a8e8f02a0c9bbfb917ee9c1d,2023-03-13 17:45:00,20,STOP SIGN/FLASHER,FUNCTIONING PROPERLY,CLEAR,DAYLIGHT,TURNING,FOUR WAY,STRAIGHT AND LEVEL,DRY,NO DEFECTS,INJURY AND / OR TOW DUE TO CRASH,"OVER $1,500",IMPROPER OVERTAKING/PASSING,IMPROPER OVERTAKING/PASSING,799,E,131ST ST,4,"REPORTED, NOT EVIDENT",2.0,0.0,0.0,0.0,2.0,1.0,0.0,17,2,3
19bf9b865c8d88e320986c8d8f06491c234362a7f727d3fa8865238e6600e1064a13f7b2edf7c22fb91588d2d559742f15997e2229384c0f03e03d5ebd5bc30a,2016-12-24 18:15:00,30,NO CONTROLS,NO CONTROLS,CLEAR,DARKNESS,REAR END,PARKING LOT,STRAIGHT AND LEVEL,DRY,NO DEFECTS,NO INJURY / DRIVE AWAY,"OVER $1,500",IMPROPER BACKING,NOT APPLICABLE,5316,N,MILWAUKEE AVE,2,NO INDICATION OF INJURY,0.0,0.0,0.0,0.0,0.0,2.0,0.0,18,7,12
a0b7ab82cfff4b69620a35d821ee48df8c9152689a5ef2854312e910da334130b7fc57d1e8e508e43c86d39f1b007e447fce423e1ef15cb572e486a55072096a,2023-08-12 11:36:00,30,TRAFFIC SIGNAL,FUNCTIONING PROPERLY,CLEAR,DAYLIGHT,ANGLE,FOUR WAY,STRAIGHT AND LEVEL,DRY,UNKNOWN,INJURY AND / OR TOW DUE TO CRASH,"$501 - $1,500",IMPROPER OVERTAKING/PASSING,IMPROPER OVERTAKING/PASSING,7600,W,TALCOTT AVE,2,NO INDICATION OF INJURY,0.0,0.0,0.0,0.0,0.0,2.0,0.0,11,7,8
33b3f073dfbe08b2352928269175a4f7257219cbe1e651acc584a74157715f7c8d6296f9412e112b3624be27c6beeee73beb01aa326f198516e395fbaac5f488,2022-01-21 02:00:00,30,TRAFFIC SIGNAL,FUNCTIONING PROPERLY,CLEAR,"DARKNESS, LIGHTED ROAD",ANGLE,FOUR WAY,STRAIGHT AND LEVEL,DRY,NO DEFECTS,INJURY AND / OR TOW DUE TO CRASH,"OVER $1,500",FAILING TO YIELD RIGHT-OF-WAY,FAILING TO YIELD RIGHT-OF-WAY,3699,W,55TH ST,2,NONINCAPACITATING INJURY,4.0,0.0,0.0,4.0,0.0,0.0,0.0,2,6,1
e05adde137a682d2497a7bf6c61b8eb5f87b6a407952ad127945cfed63abc036d7da1c6f60fdf9bf5355f4c08c60abe93d1036e40ead2311f1675ca52c9ace13,2024-03-29 06:50:00,30,NO CONTROLS,NO CONTROLS,CLEAR,DAYLIGHT,TURNING,NOT DIVIDED,STRAIGHT AND LEVEL,DRY,UNKNOWN,NO INJURY / DRIVE AWAY,"OVER $1,500",UNABLE TO DETERMINE,UNABLE TO DETERMINE,1501,W,PERSHING RD,2,NO INDICATION OF INJURY,0.0,0.0,0.0,0.0,0.0,2.0,0.0,6,6,3
de8416836fe1eb85dea615a7de2adc6225082ff067aa3f8b8ce9973db4f91bc329fcd418871750dc84572f0eb4c1ce0eb8ac129b8fe8e0d3b9c84fe7a150d0f1,2021-03-19 16:15:00,30,TRAFFIC SIGNAL,FUNCTIONING PROPERLY,CLEAR,DAYLIGHT,REAR END,DIVIDED - W/MEDIAN BARRIER,STRAIGHT AND LEVEL,DRY,NO DEFECTS,INJURY AND / OR TOW DUE TO CRASH,$500 OR LESS,FOLLOWING TOO CLOSELY,UNABLE TO DETERMINE,8400,S,VINCENNES AVE,2,NONINCAPACITATING INJURY,1.0,0.0,0.0,1.0,0.0,1.0,0.0,16,6,3
9c8f06b85578e428167ae4bcc3fb3ec8cb5565c9ab00253c2d34f8f88ae41d72f4da90b8effa1115a0f2afc2b258a78572fa46eb14a33a77326b9ff66c241fe0,2020-10-15 08:00:00,30,NO CONTROLS,NO CONTROLS,CLEAR,UNKNOWN,PARKED MOTOR VEHICLE,ONE-WAY,STRAIGHT AND LEVEL,UNKNOWN,UNKNOWN,NO INJURY / DRIVE AWAY,"$501 - $1,500",NOT APPLICABLE,NOT APPLICABLE,4820,W,FERDINAND ST,2,NO INDICATION OF INJURY,0.0,0.0,0.0,0.0,0.0,1.0,0.0,8,5,10
b4ab34ecc20ceba20b1bdf95b5f0a01e6a999170691795f7489c01c1dd49bfe9f084e79ce95d57485dff6e2f64aa48900dada7c0a04b5b9351982fcb7dfc8869,2018-10-21 04:40:00,30,TRAFFIC SIGNAL,FUNCTIONING PROPERLY,CLEAR,"DARKNESS, LIGHTED ROAD",REAR END,NOT DIVIDED,STRAIGHT AND LEVEL,DRY,NO DEFECTS,INJURY AND / OR TOW DUE TO CRASH,"OVER $1,500",UNABLE TO DETERMINE,NOT APPLICABLE,4836,S,KEDZIE AVE,2,NONINCAPACITATING INJURY,1.0,0.0,0.0,1.0,0.0,1.0,0.0,4,1,10
6ad2d0859df555204d8bf178a17c50ad85f49ea45070c42c3d7891c4dcd999dbbdc2ca7f50e1bf98b5b4600a8c7dbd4aceba5df1b0e1c0a43acade17fca188d2,2017-06-19 12:00:00,30,TRAFFIC SIGNAL,FUNCTIONING PROPERLY,CLEAR,DAYLIGHT,REAR END,DIVIDED - W/MEDIAN (NOT RAISED),STRAIGHT AND LEVEL,DRY,NO DEFECTS,NO INJURY / DRIVE AWAY,"OVER $1,500",FOLLOWING TOO CLOSELY,NOT APPLICABLE,1357,W,18TH ST,2,NO INDICATION OF INJURY,0.0,0.0,0.0,0.0,0.0,2.0,0.0,12,2,6
ea540f95a2081cdb4cdb93878340de5a6347094b430d4ad4020e97edf7f06dad120c7aa1155928e5eb8c47169cf0133a73e6a151da76bed8ea6f2d811425a009,2016-10-21 12:00:00,30,NO CONTROLS,NO CONTROLS,CLEAR,DAYLIGHT,PARKED MOTOR VEHICLE,DIVIDED - W/MEDIAN BARRIER,STRAIGHT AND LEVEL,DRY,UNKNOWN,NO INJURY / DRIVE AWAY,"OVER $1,500",UNABLE TO DETERMINE,UNABLE TO DETERMINE,2525,S,DR MARTIN LUTHER KING JR DR,2,NO INDICATION OF INJURY,0.0,0.0,0.0,0.0,0.0,1.0,0.0,12,6,10
6de914ef2019899fdeaa5f6bf99ac95002206233aa239f561207cbb97744cd7ee3dabf804a0bc34fbb93aab444091e1c5517a5b2f545b7b6da01bcc1a243ac33,2024-03-28 10:30:00,30,NO CONTROLS,NO CONTROLS,CLEAR,DAYLIGHT,SIDESWIPE SAME DIRECTION,NOT DIVIDED,STRAIGHT AND LEVEL,DRY,NO DEFECTS,NO INJURY / DRIVE AWAY,"OVER $1,500","OPERATING VEHICLE IN ERRATIC, RECKLESS, CARELESS, NEGLIGENT OR AGGRESSIVE MANNER",NOT APPLICABLE,5017,S,PULASKI RD,2,NO INDICATION OF INJURY,0.0,0.0,0.0,0.0,0.0,5.0,0.0,10,5,3
1891246ed1c751d06b0ebba4c00e327fec2686b0ae2a46f73b13d7bc0ce4805105c140cf7bf98fc20648492672059efefbadbe2e4011a76c7a91271e73ed4d40,2018-02-04 22:00:00,30,TRAFFIC SIGNAL,FUNCTIONING PROPERLY,CLEAR,"DARKNESS, LIGHTED ROAD",REAR END,NOT DIVIDED,STRAIGHT AND LEVEL,SNOW OR SLUSH,UNKNOWN,NO INJURY / DRIVE AWAY,"$501 - $1,500",UNABLE TO DETERMINE,NOT APPLICABLE,2759,N,CICERO AVE,2,NO INDICATION OF INJURY,0.0,0.0,0.0,0.0,0.0,2.0,0.0,22,1,2
62e40162691b7e65524a50cba267909c7af4d12788976ba2e713f0e9b3cc3c39dbcba9ca89e3a627427d92642392e269e0ecc53d68145a413b95f8b11f7cbb12,2019-08-21 15:00:00,10,NO CONTROLS,NO CONTROLS,CLEAR,DAYLIGHT,PARKED MOTOR VEHICLE,PARKING LOT,STRAIGHT AND LEVEL,DRY,NO DEFECTS,NO INJURY / DRIVE AWAY,"OVER $1,500",UNABLE TO DETERMINE,UNABLE TO DETERMINE,1132,S,HOMAN AVE,3,NO INDICATION OF INJURY,0.0,0.0,0.0,0.0,0.0,1.0,0.0,15,4,8
7f5adcc8422af6d3d2cdfdf5b259e00326c13175ebce97c51abcba1e546e84dcb1aa822cba147c2ccae837198b3bfde75ae522a813012c77fd84d9f6b17182ed,2020-01-07 12:30:00,30,NO CONTROLS,NO CONTROLS,CLEAR,DAYLIGHT,PARKED MOTOR VEHICLE,NOT DIVIDED,STRAIGHT AND LEVEL,DRY,UNKNOWN,NO INJURY / DRIVE AWAY,"OVER $1,500",NOT APPLICABLE,NOT APPLICABLE,4658,W,50TH ST,2,NO INDICATION OF INJURY,0.0,0.0,0.0,0.0,0.0,1.0,0.0,12,3,1
6af62d90c8c87ea370b411ed12d8a68b79657182cad85c003f68712cd301b4826fbcfa42cd8c80398b9448f39e4a38a2e69644afb95ef39b0eb910d2e1cb4e1c,2017-10-05 11:45:00,30,NO CONTROLS,NO CONTROLS,CLEAR,DAYLIGHT,ANGLE,DIVIDED - W/MEDIAN (NOT RAISED),STRAIGHT AND LEVEL,DRY,NO DEFECTS,NO INJURY / DRIVE AWAY,"$501 - $1,500",FAILING TO YIELD RIGHT-OF-WAY,FAILING TO YIELD RIGHT-OF-WAY,1225,S,ASHLAND AVE,2,NO INDICATION OF INJURY,0.0,0.0,0.0,0.0,0.0,2.0,0.0,11,5,10
e9f61c70ca440b2263bd0f20e01b21f57fc821b826e5f33d9d765385e7b7c46208b81d56d035d4f6333cf0502adde4697033cf85279934f60dd85dad6cd41a3f,2021-09-15 19:11:00,25,STOP SIGN/FLASHER,UNKNOWN,CLEAR,DUSK,SIDESWIPE SAME DIRECTION,ONE-WAY,STRAIGHT AND LEVEL,DRY,UNKNOWN,NO INJURY / DRIVE AWAY,"OVER $1,500",IMPROPER OVERTAKING/PASSING,NOT APPLICABLE,1300,N,LEAVITT ST,2,NO INDICATION OF INJURY,0.0,0.0,0.0,0.0,0.0,2.0,0.0,19,4,9
e25c4eea32c92a5c997c1c714db12388f6974b6d0e556fb3f6cb59566bf60581e01efeafde1ef0a3818680d9874caa2eacc2d3094f75a3d69cbd39661036c414,2019-12-04 16:26:00,30,TRAFFIC SIGNAL,NO CONTROLS,CLEAR,"DARKNESS, LIGHTED ROAD",REAR END,NOT DIVIDED,STRAIGHT AND LEVEL,DRY,NO DEFECTS,NO INJURY / DRIVE AWAY,"$501 - $1,500",UNABLE TO DETERMINE,UNABLE TO DETERMINE,10300,S,HALSTED ST,2,NO INDICATION OF INJURY,0.0,0.0,0.0,0.0,0.0,4.0,0.0,16,4,12
64fec3bbf2c8f97e678be26d5fe37b3e573c3c2261036ccda2a5790b6fe1059c5b4c8898afdda32507240b972d9806cc20be64426190f1830092ac4376466f4f,2019-03-10 18:20:00,30,STOP SIGN/FLASHER,FUNCTIONING PROPERLY,CLEAR,DAYLIGHT,TURNING,DIVIDED - W/MEDIAN (NOT RAISED),STRAIGHT AND LEVEL,DRY,NO DEFECTS,NO INJURY / DRIVE AWAY,"$501 - $1,500",UNABLE TO DETERMINE,NOT APPLICABLE,300,N,LARAMIE AVE,2,NO INDICATION OF INJURY,0.0,0.0,0.0,0.0,0.0,4.0,0.0,18,1,3