CRASH_RECORD_ID,CRASH_DATE,POSTED_SPEED_LIMIT,TRAFFIC_CONTROL_DEVICE,DEVICE_CONDITION,WEATHER_CONDITION,LIGHTING_CONDITION,FIRST_CRASH_TYPE,TRAFFICWAY_TYPE,ALIGNMENT,ROADWAY_SURFACE_COND,ROAD_DEFECT,CRASH_TYPE,DAMAGE,PRIM_CONTRIBUTORY_CAUSE,SEC_CONTRIBUTORY_CAUSE,STREET_NO,STREET_DIRECTION,STREET_NAME,NUM_UNITS,MOST_SEVERE_INJURY,INJURIES_TOTAL,INJURIES_FATAL,INJURIES_INCAPACITATING,INJURIES_NON_INCAPACITATING,INJURIES_REPORTED_NOT_EVIDENT,INJURIES_NO_INDICATION,INJURIES_UNKNOWN,CRASH_HOUR,CRASH_DAY_OF_WEEK,CRASH_MONTH
2caf381dfcdb524d843e569fa95575777059ddfaa2564c4d9cda39830cece410be4d71c4349a09921d4e60d3afe00830794594d41dc87eb628e9568f90fa20c0,2023-02-06 05:46:00,30,STOP SIGN/FLASHER,FUNCTIONING PROPERLY,CLEAR,"DARKNESS, LIGHTED ROAD",TURNING,NOT DIVIDED,STRAIGHT AND LEVEL,DRY,NO DEFECTS,INJURY AND / OR TOW DUE TO CRASH,"OVER $1,500",FAILING TO YIELD RIGHT-OF-WAY,NOT APPLICABLE,700,W,LAKE ST,2,NO INDICATION OF INJURY,0.0,0.0,0.0,0.0,0.0,2.0,0.0,5,2,2
67343a006a34dd710b22dff428a65b218d58b67c590bbf11ab89ce156da9d58ca3123766ee59ce2b792a56bc37f61f1b07f955e8b1c037dd40abfa313ac968f7,2020-05-22 00:01:00,10,NO CONTROLS,NO CONTROLS,CLEAR,"DARKNESS, LIGHTED ROAD",ANGLE,PARKING LOT,STRAIGHT AND LEVEL,DRY,NO DEFECTS,NO INJURY / DRIVE AWAY,"$501 - $1,500",UNABLE TO DETERMINE,UNABLE TO DETERMINE,6800,N,CLARK ST,2,NO INDICATION OF INJURY,0.0,0.0,0.0,0.0,0.0,2.0,0.0,0,6,5
0cd66972ba493dcc5acf0413156ca0f68ff7663ca9967e852d7c87185bd08bc71998b5e6659611806fe3af522c3a23608a62c072da267c6c6d38f30ad11ba9fb,2019-01-15 17:36:00,30,NO CONTROLS,NO CONTROLS,CLEAR,DUSK,SIDESWIPE SAME DIRECTION,NOT DIVIDED,STRAIGHT AND LEVEL,DRY,NO DEFECTS,NO INJURY / DRIVE AWAY,"$501 - $1,500",FAILING TO YIELD RIGHT-OF-WAY,DISTRACTION - FROM OUTSIDE VEHICLE,3248,W,FOSTER AVE,2,NO INDICATION OF INJURY,0.0,0.0,0.0,0.0,0.0,2.0,0.0,17,3,1
0f58b88be03053e95685b38d3805853b92236f35d4fbcfaba000fd362e00b547b5daf44edf6da6f30a0fa6e64fda9f59190e0ab014257a510e2adc2175fc4687,2021-10-21 08:02:00,30,NO CONTROLS,NO CONTROLS,CLEAR,DAYLIGHT,TURNING,NOT DIVIDED,STRAIGHT AND LEVEL,DRY,NO DEFECTS,NO INJURY / DRIVE AWAY,"$501 - $1,500",UNABLE TO DETERMINE,UNABLE TO DETERMINE,3435,W,FILLMORE ST,2,NO INDICATION OF INJURY,0.0,0.0,0.0,0.0,0.0,3.0,0.0,8,5,10
dfc46ede5912a665f73614d00f14949a5bf17ecde318fc47ebc52321b2610c5ce2fc10a632b003c54739f4b212982365656198ddef6f10c431d96b742c7da2f6,2019-07-29 15:06:00,15,NO CONTROLS,NO CONTROLS,CLOUDY/OVERCAST,DAYLIGHT,REAR TO SIDE,PARKING LOT,STRAIGHT AND LEVEL,WET,UNKNOWN,NO INJURY / DRIVE AWAY,"$501 - $1,500",IMPROPER BACKING,NOT APPLICABLE,59,W,79TH ST,2,NO INDICATION OF INJURY,0.0,0.0,0.0,0.0,0.0,2.0,0.0,15,2,7
d4c883c23ce7a123ef9748519813337065c8198043e5341de01f15f17633e9d9a8a554d79cfb1b2411f6b03877b5d843b04a0e846a3925b8c33c767654963065,2018-07-09 01:50:00,30,TRAFFIC SIGNAL,FUNCTIONING PROPERLY,CLEAR,"DARKNESS, LIGHTED ROAD",TURNING,DIVIDED - W/MEDIAN BARRIER,STRAIGHT AND LEVEL,DRY,NO DEFECTS,NO INJURY / DRIVE AWAY,"$501 - $1,500",UNABLE TO DETERMINE,UNABLE TO DETERMINE,6300,S,PULASKI RD,2,NO INDICATION OF INJURY,0.0,0.0,0.0,0.0,0.0,3.0,0.0,1,2,7
3b5e0164c387ecae282df2708c5bbdd49deb190264695abf55d11da1fa32757b92c0d0595e2b8a983fb55ed78e6312aef740c92ff0eae6b5bb5d2aa2a7d7422f,2017-05-18 17:30:00,25,NO CONTROLS,NO CONTROLS,CLEAR,DAYLIGHT,SIDESWIPE SAME DIRECTION,NOT DIVIDED,STRAIGHT AND LEVEL,DRY,NO DEFECTS,NO INJURY / DRIVE AWAY,"$501 - $1,500",NOT APPLICABLE,NOT APPLICABLE,3500,W,LAKE ST,2,NO INDICATION OF INJURY,0.0,0.0,0.0,0.0,0.0,2.0,0.0,17,5,5
6840f934ab466539d0be9190c3ea73345b49c0d174f496a26de3a20edd694828e1770255f921a6d7dcdb49e4973b9ada7bdcce11f1d0c75a73fbabcb7813ff46,2024-01-26 16:30:00,10,NO CONTROLS,NO CONTROLS,UNKNOWN,DUSK,REAR TO SIDE,PARKING LOT,STRAIGHT AND LEVEL,UNKNOWN,UNKNOWN,NO INJURY / DRIVE AWAY,"$501 - $1,500",NOT APPLICABLE,NOT APPLICABLE,2270,N,CLYBOURN AVE,2,NO INDICATION OF INJURY,0.0,0.0,0.0,0.0,0.0,2.0,0.0,16,6,1
75d8ee70b0fbf52894e4510efdd7da9008dc9cfb0179d22e6d7c1a17a1b058e320d5bf2ae65b3bc84388a2d49fd24d043622431a038541f54d173526c2517e83,2021-06-16 07:10:00,30,STOP SIGN/FLASHER,UNKNOWN,CLEAR,DAYLIGHT,PEDESTRIAN,FOUR WAY,STRAIGHT AND LEVEL,DRY,NO DEFECTS,INJURY AND / OR TOW DUE TO CRASH,$500 OR LESS,UNABLE TO DETERMINE,UNABLE TO DETERMINE,4600,S,EMERALD AVE,2,NONINCAPACITATING INJURY,1.0,0.0,0.0,1.0,0.0,1.0,0.0,7,4,6
7ab2ffe2c97ca8d1fd01119be154c7a9b123a1ac16be63667448036aec086f4989fcab7a69e56dbbd4c6b2ad58467c174d98da04c8cc8824e47087f6f0df17fb,2022-03-03 08:31:00,30,NO CONTROLS,NO CONTROLS,CLEAR,DAYLIGHT,SIDESWIPE SAME DIRECTION,NOT DIVIDED,STRAIGHT AND LEVEL,DRY,NO DEFECTS,INJURY AND / OR TOW DUE TO CRASH,"OVER $1,500","OPERATING VEHICLE IN ERRATIC, RECKLESS, CARELESS, NEGLIGENT OR AGGRESSIVE MANNER",IMPROPER OVERTAKING/PASSING,6628,S,WESTERN AVE,2,INCAPACITATING INJURY,1.0,0.0,1.0,0.0,0.0,1.0,0.0,8,5,3
2af19c37c717e9f06ccfe3457c3a9551e1537648851902923bcaf7a3721dc6bea90e585746e13295353e6e96541dbea92ae53e79fda1bbd01f3053d9ee948e71,2021-04-01 18:57:00,30,TRAFFIC SIGNAL,UNKNOWN,CLEAR,"DARKNESS, LIGHTED ROAD",ANGLE,FOUR WAY,STRAIGHT AND LEVEL,DRY,NO DEFECTS,INJURY AND / OR TOW DUE TO CRASH,"OVER $1,500",DRIVING SKILLS/KNOWLEDGE/EXPERIENCE,UNABLE TO DETERMINE,490,N,LAKE SHORE DR,2,NO INDICATION OF INJURY,0.0,0.0,0.0,0.0,0.0,2.0,0.0,18,5,4
a06f289512a152ac9ff160dc99a0c731cec5ea5b4f5a9e4aae4c12665844d994c733cf4a3db796d773472d54574360cd591bf2e1558d1c6cb2c6d30ec3c829eb,2022-05-08 14:15:00,55,NO CONTROLS,NO CONTROLS,CLEAR,DAYLIGHT,SIDESWIPE SAME DIRECTION,DIVIDED - W/MEDIAN BARRIER,STRAIGHT AND LEVEL,DRY,NO DEFECTS,INJURY AND / OR TOW DUE TO CRASH,"OVER $1,500",UNABLE TO DETERMINE,NOT APPLICABLE,7150,S,STONY ISLAND AVE,2,NO INDICATION OF INJURY,0.0,0.0,0.0,0.0,0.0,2.0,0.0,14,1,5
6ca965769da83fdd8bd77fdd7a69a65fb05ed29de3fa91c5b38dd00b08c577daa3b7132cf43eda610aa6959ab1af240a6449cf0c904f6cb10afcc3935b079c10,2019-02-07 21:30:00,30,NO CONTROLS,NO CONTROLS,CLEAR,"DARKNESS, LIGHTED ROAD",SIDESWIPE SAME DIRECTION,NOT DIVIDED,STRAIGHT AND LEVEL,WET,NO DEFECTS,NO INJURY / DRIVE AWAY,"OVER $1,500",IMPROPER LANE USAGE,NOT APPLICABLE,130,W,FULLERTON DR,2,NO INDICATION OF INJURY,0.0,0.0,0.0,0.0,0.0,2.0,0.0,21,5,2
ce664b11e6351c3533fdecde896afa507f65e062ed2ba2474ff2e3955430a520049231be8413cab86152559a0a434392b749b713a1864ee08d99b28b79c2dca4,2019-08-06 13:28:00,30,TRAFFIC SIGNAL,FUNCTIONING PROPERLY,CLOUDY/OVERCAST,DAYLIGHT,TURNING,NOT DIVIDED,STRAIGHT AND LEVEL,DRY,NO DEFECTS,NO INJURY / DRIVE AWAY,"OVER $1,500",FOLLOWING TOO CLOSELY,NOT APPLICABLE,300,E,LOWER RANDOLPH ST,2,NO INDICATION OF INJURY,0.0,0.0,0.0,0.0,0.0,3.0,0.0,13,3,8
2d5a40d361f1c3e832bfcfe9b4a89e9762a37f17475f273fb9cb879b3fff8672ab970c389f28c4eaa9d1bcfd32eeaf473250ccd31e3b09b6f2d6b66f2acfb37f,2022-05-13 09:00:00,30,TRAFFIC SIGNAL,FUNCTIONING PROPERLY,CLEAR,DAYLIGHT,SIDESWIPE SAME DIRECTION,NOT DIVIDED,STRAIGHT AND LEVEL,DRY,NO DEFECTS,NO INJURY / DRIVE AWAY,"OVER $1,500",DRIVING SKILLS/KNOWLEDGE/EXPERIENCE,NOT APPLICABLE,850,N,LAKE SHORE DR NB,2,NO INDICATION OF INJURY,0.0,0.0,0.0,0.0,0.0,2.0,0.0,9,6,5
689d352fce6a2260fa994b2ba7f59fb2592bb05b10eb1660665b4699270c18f4b97c826b7ddbcb5e7d69a5fe4fb81ea2e10d73acd1f61d91ba8cc994af9a0ad4,2021-11-12 10:37:00,30,STOP SIGN/FLASHER,FUNCTIONING PROPERLY,CLEAR,DAYLIGHT,ANGLE,FOUR WAY,STRAIGHT AND LEVEL,WET,NO DEFECTS,INJURY AND / OR TOW DUE TO CRASH,"OVER $1,500",FAILING TO YIELD RIGHT-OF-WAY,FAILING TO YIELD RIGHT-OF-WAY,2100,S,WABASH AVE,2,NO INDICATION OF INJURY,0.0,0.0,0.0,0.0,0.0,3.0,0.0,10,6,11
7aabb292c30b06b84b7a5f4cba75cd1d040d61e83b43df3f3f4fcca0a9c333495693937cccb3ded886b1facceb86aa4f7dde2a92bc22a39fdfde7d262180d49c,2018-06-28 13:40:00,35,TRAFFIC SIGNAL,FUNCTIONING PROPERLY,CLEAR,DAYLIGHT,HEAD ON,NOT DIVIDED,STRAIGHT AND LEVEL,DRY,NO DEFECTS,INJURY AND / OR TOW DUE TO CRASH,"OVER $1,500",UNABLE TO DETERMINE,UNABLE TO DETERMINE,11430,S,PULASKI RD,3,NO INDICATION OF INJURY,0.0,0.0,0.0,0.0,0.0,3.0,0.0,13,5,6
96fd70b003b59ecfcafb968cc203a15621ef8bfd38b726e80da48a6ed7eaf1610aa8cc1c8ba391bbc2f45849ddf28673b2fcedd96d59e11460abd1490d7f668c,2016-11-26 15:00:00,30,UNKNOWN,UNKNOWN,CLEAR,DAYLIGHT,ANGLE,NOT DIVIDED,STRAIGHT AND LEVEL,UNKNOWN,UNKNOWN,NO INJURY / DRIVE AWAY,"$501 - $1,500",NOT APPLICABLE,NOT APPLICABLE,3098,W,LEXINGTON ST,2,NO INDICATION OF INJURY,0.0,0.0,0.0,0.0,0.0,2.0,0.0,15,7,11
a6c587cf6521350be6f50ef06d9ce156a13d00af63bdadc7518313c3211f1fd9aaf27bf0399a828a12335919f5c41288657bdaeac7303b096002e2274363f538,2018-02-16 13:30:00,30,NO CONTROLS,NO CONTROLS,CLEAR,DAYLIGHT,ANGLE,PARKING LOT,STRAIGHT AND LEVEL,DRY,NO DEFECTS,NO INJURY / DRIVE AWAY,"$501 - $1,500",IMPROPER BACKING,FAILING TO REDUCE SPEED TO AVOID CRASH,4645,W,DIVERSEY AVE,2,NO INDICATION OF INJURY,0.0,0.0,0.0,0.0,0.0,4.0,0.0,13,6,2
d436e47ee61bb13c889936f2d1695e5ab4addcbd42229a8930dce9aa454b4e85585fbdc43534b17032c053b722508454a0a15dc7f9c2def65dc5abbb4f368cf4,2022-07-19 14:20:00,45,NO CONTROLS,NO CONTROLS,CLEAR,DAYLIGHT,OTHER OBJECT,DIVIDED - W/MEDIAN BARRIER,STRAIGHT AND LEVEL,DRY,UNKNOWN,NO INJURY / DRIVE AWAY,"OVER $1,500",UNABLE TO DETERMINE,NOT APPLICABLE,4800,N,LAKE SHORE DR NB,3,NO INDICATION OF INJURY,0.0,0.0,0.0,0.0,0.0,3.0,0.0,14,3,7
0d288996652d0fe7bd1c2dadab0c6c7d7487829c909cd767d36b1b70a4eba23f293e038592b903be18257a42b7547ec90eec3de1efbfacd4121336f638d80a4c,2023-08-01 13:30:00,30,TRAFFIC SIGNAL,FUNCTIONING PROPERLY,CLEAR,DAYLIGHT,REAR END,FOUR WAY,STRAIGHT AND LEVEL,DRY,NO DEFECTS,NO INJURY / DRIVE AWAY,"OVER $1,500",UNABLE TO DETERMINE,UNABLE TO DETERMINE,1847,N,AUSTIN AVE,2,NO INDICATION OF INJURY,0.0,0.0,0.0,0.0,0.0,2.0,0.0,13,3,8
4afb0fd4c6c83422f46da17a16579afaa0007269098bc3bfdf9038b27553c3e8a2fc62fa33691f09a6593005d82201007f7c92427e544a31f69b6e9d73af8b1f,2022-03-15 15:25:00,30,NO CONTROLS,NO CONTROLS,CLEAR,DAYLIGHT,SIDESWIPE SAME DIRECTION,NOT DIVIDED,STRAIGHT AND LEVEL,DRY,NO DEFECTS,NO INJURY / DRIVE AWAY,"$501 - $1,500",FAILING TO YIELD RIGHT-OF-WAY,NOT APPLICABLE,3630,N,HARLEM AVE,2,NO INDICATION OF INJURY,0.0,0.0,0.0,0.0,0.0,2.0,0.0,15,3,3
e8a1cd53298c18abde035b49c7a875d7d3567506eb93c59d6c67b8a6c9bc98b2e5115fcb6dedd4f229ca96b0ee36803fbe8a1e48a0b3a984ddb5f341b357cb79,2023-01-12 16:05:00,30,NO CONTROLS,NO CONTROLS,CLEAR,DAYLIGHT,PARKED MOTOR VEHICLE,NOT DIVIDED,STRAIGHT AND LEVEL,DRY,UNKNOWN,INJURY AND / OR TOW DUE TO CRASH,"OVER $1,500",UNABLE TO DETERMINE,NOT APPLICABLE,6435,N,SHERIDAN RD,2,NO INDICATION OF INJURY,0.0,0.0,0.0,0.0,0.0,1.0,0.0,16,5,1
30631123abc9314f9606853441729de8b41c16b4f5d90069b879df3c8219de1c0faaeb52df91e6d2fc1a796c762b6617589b1bb7b4df8f13fe857c2b254eca67,2018-12-12 13:46:00,30,NO CONTROLS,NO CONTROLS,CLEAR,DAYLIGHT,PARKED MOTOR VEHICLE,PARKING LOT,STRAIGHT AND LEVEL,DRY,NO DEFECTS,NO INJURY / DRIVE AWAY,"OVER $1,500",UNABLE TO DETERMINE,UNABLE TO DETERMINE,3857,S,DR MARTIN LUTHER KING JR DR,2,NO INDICATION OF INJURY,0.0,0.0,0.0,0.0,0.0,1.0,0.0,13,4,12
6cc8002c958f3e97cf5e5a31a7683efb568dbb07c8f3c6bdf75819c2ed3c0529d1f094f4c3261d9227fcb71492c5c8954cef708f169a1639c855c6afc90501aa,2018-02-05 13:21:00,30,NO CONTROLS,NO CONTROLS,CLEAR,DAYLIGHT,PARKED MOTOR VEHICLE,NOT DIVIDED,STRAIGHT AND LEVEL,SNOW OR SLUSH,NO DEFECTS,NO INJURY / DRIVE AWAY,"OVER $1,500",UNABLE TO DETERMINE,NOT APPLICABLE,1520,W,72ND ST,2,NO INDICATION OF INJURY,0.0,0.0,0.0,0.0,0.0,1.0,0.0,13,2,2
c85c18a68d6d32c2bdfeba18f70a652b23054501dae7efd85c74c8d751b08c37f218aea33af52fb71875613c15fa47b891d27509a6819429711193db646184d3,2020-04-19 19:30:00,30,UNKNOWN,UNKNOWN,CLEAR,DARKNESS,PARKED MOTOR VEHICLE,ONE-WAY,STRAIGHT AND LEVEL,UNKNOWN,UNKNOWN,NO INJURY / DRIVE AWAY,"OVER $1,500","OPERATING VEHICLE IN ERRATIC, RECKLESS, CARELESS, NEGLIGENT OR AGGRESSIVE MANNER",NOT APPLICABLE,6750,S,EAST END AVE,2,NO INDICATION OF INJURY,0.0,0.0,0.0,0.0,0.0,1.0,0.0,19,1,4
8b1c8e16ea3183c07de75292deffc20aa739b257581a98be0b2901b968616e40b87c35ced26652880130718ea8a3d3497705b5721c268fae31efff5ee9eb1800,2018-02-18 13:00:00,35,TRAFFIC SIGNAL,FUNCTIONING PROPERLY,CLEAR,DAYLIGHT,REAR END,NOT DIVIDED,STRAIGHT AND LEVEL,DRY,NO DEFECTS,NO INJURY / DRIVE AWAY,$500 OR LESS,FOLLOWING TOO CLOSELY,UNABLE TO DETERMINE,6300,W,NORTH AVE,2,NO INDICATION OF INJURY,0.0,0.0,0.0,0.0,0.0,2.0,0.0,13,1,2
a317794760604be7fddcab6b0cf4b5b4a87628520527c94c08d65907815aedaa8205b5c0cd646f12c75caad7db1344dc85b61d6da5d01d4d5a1607c71a7fc3ce,2023-10-14 13:00:00,35,TRAFFIC SIGNAL,FUNCTIONING PROPERLY,CLEAR,DAYLIGHT,ANGLE,DIVIDED - W/MEDIAN (NOT RAISED),STRAIGHT AND LEVEL,DRY,NO DEFECTS,INJURY AND / OR TOW DUE TO CRASH,"OVER $1,500",FAILING TO YIELD RIGHT-OF-WAY,UNABLE TO DETERMINE,7600,S,ASHLAND AVE,2,INCAPACITATING INJURY,1.0,0.0,1.0,0.0,0.0,1.0,0.0,13,7,10
e808361ce6b671e8d6bd3468d6e1f895ab1040e67416d60974024dcac28be3b21c0b162dac35790d2dd84e617506653800997265c0620a9d8c3cb6ca3fa83bf7,2019-07-15 16:05:00,30,TRAFFIC SIGNAL,FUNCTIONING PROPERLY,CLEAR,DAYLIGHT,REAR END,DIVIDED - W/MEDIAN BARRIER,STRAIGHT AND LEVEL,DRY,NO DEFECTS,NO INJURY / DRIVE AWAY,$500 OR LESS,UNABLE TO DETERMINE,UNABLE TO DETERMINE,128,N,OGDEN AVE,2,NO INDICATION OF INJURY,0.0,0.0,0.0,0.0,0.0,2.0,0.0,16,2,7
694ced1e8cf472e4be7cb89c387dedfc802c23c496d44bb6a4e2e0d3550e28963ea5e3276fe6953efbc4bcfa298a07470bcf710e7b6203cfda21ddcdbd31669d,2023-08-19 23:00:00,30,TRAFFIC SIGNAL,FUNCTIONING PROPERLY,CLEAR,"DARKNESS, LIGHTED ROAD",SIDESWIPE SAME DIRECTION,NOT DIVIDED,STRAIGHT AND LEVEL,DRY,NO DEFECTS,NO INJURY / DRIVE AWAY,"$501 - $1,500",UNABLE TO DETERMINE,NOT APPLICABLE,177,N,STATE ST,2,NO INDICATION OF INJURY,0.0,0.0,0.0,0.0,0.0,2.0,0.0,23,7,8
bce2724fc49866b5be6739254daa58ed013569ab2285a4776987ff2b1ef0b0f2e672e39b41ba5c9e204e10e90ac11cd8f59c94a4561de8e0cd66c62fb6d3564a,2022-12-26 10:50:00,30,NO CONTROLS,NO CONTROLS,CLOUDY/OVERCAST,DAYLIGHT,SIDESWIPE SAME DIRECTION,NOT DIVIDED,STRAIGHT AND LEVEL,UNKNOWN,UNKNOWN,INJURY AND / OR TOW DUE TO CRASH,"OVER $1,500",UNABLE TO DETERMINE,NOT APPLICABLE,1034,W,103RD ST,2,NO INDICATION OF INJURY,0.0,0.0,0.0,0.0,0.0,2.0,0.0,10,2,12
973582efb81111527cca2262d05e399206d067a4c575443f9bcdf6162abc862d2f100f24ac4e2ef6119d897450be6c4e560b3a85b390308b08ff1ba89118a54c,2020-04-13 14:10:00,20,NO CONTROLS,NO CONTROLS,CLEAR,DAYLIGHT,PARKED MOTOR VEHICLE,NOT DIVIDED,STRAIGHT AND LEVEL,DRY,UNKNOWN,INJURY AND / OR TOW DUE TO CRASH,"OVER $1,500",UNABLE TO DETERMINE,UNABLE TO DETERMINE,1719,E,91ST ST,2,NO INDICATION OF INJURY,0.0,0.0,0.0,0.0,0.0,1.0,0.0,14,2,4
dc9b746b7c260ccd9d4a91f8678a67dcc5ddb6e520d746bacca83c1e10d27e991911e167a9c7f6aa656407580e5001da0b44745fedc68180a6f5d1fac52b1a70,2020-05-31 16:30:00,30,NO CONTROLS,NO CONTROLS,CLEAR,DAYLIGHT,FIXED OBJECT,OTHER,STRAIGHT AND LEVEL,DRY,UNKNOWN,NO INJURY / DRIVE AWAY,$500 OR LESS,UNABLE TO DETERMINE,NOT APPLICABLE,2432,S,STATE ST,1,NO INDICATION OF INJURY,0.0,0.0,0.0,0.0,0.0,1.0,0.0,16,1,5
ef2c599ca860489d99affe354329fb787a06d3dbfaa2e87ebc86dfa5ede5ee41e3de608084a6fde76dfd4a08986fb16e8524f4dea44828cf9006477c38bec55c,2021-03-27 15:05:00,30,STOP SIGN/FLASHER,FUNCTIONING PROPERLY,CLEAR,DAYLIGHT,ANGLE,ONE-WAY,STRAIGHT AND LEVEL,DRY,NO DEFECTS,INJURY AND / OR TOW DUE TO CRASH,"OVER $1,500",UNABLE TO DETERMINE,UNABLE TO DETERMINE,7100,S,WINCHESTER AVE,2,NONINCAPACITATING INJURY,1.0,0.0,0.0,1.0,0.0,2.0,0.0,15,7,3
6bfc57b35c6bcdc9f130d4925a72737beb61336b9597d750f3cbb691e0618f114567caa6de0882622203d869f0193b0911033c39cfa2757120aefe1e62056d92,2018-03-10 01:35:00,20,NO CONTROLS,NO CONTROLS,CLEAR,"DARKNESS, LIGHTED ROAD",PARKED MOTOR VEHICLE,ONE-WAY,STRAIGHT AND LEVEL,DRY,NO DEFECTS,NO INJURY / DRIVE AWAY,$500 OR LESS,UNABLE TO DETERMINE,UNABLE TO DETERMINE,717,W,BITTERSWEET PL,2,NO INDICATION OF INJURY,0.0,0.0,0.0,0.0,0.0,1.0,0.0,1,7,3
4f6babd89fbb3e1c9554404426ffdc3f8f590be9a73fc207c68db20f158479bbc4e81ad442844774db8d08f83a39ec168f750994c172e39e4e8dab234ab4283d,2021-09-27 14:35:00,30,NO CONTROLS,NO CONTROLS,CLEAR,DAYLIGHT,PARKED MOTOR VEHICLE,DIVIDED - W/MEDIAN (NOT RAISED),STRAIGHT AND LEVEL,DRY,NO DEFECTS,INJURY AND / OR TOW DUE TO CRASH,"OVER $1,500",UNABLE TO DETERMINE,NOT APPLICABLE,4305,W,ARMITAGE AVE,2,NO INDICATION OF INJURY,0.0,0.0,0.0,0.0,0.0,2.0,0.0,14,2,9
da09d37d4ddf20948fbd599834c6dded02ce30a72b99f16ee402ac0f7715fa4efc1e36fc67382d73ecd63ca309fc48d1ebcd6c85b2685b854f7b59375208f714,2024-03-22 17:07:00,30,STOP SIGN/FLASHER,NO CONTROLS,SNOW,DAYLIGHT,ANGLE,FOUR WAY,STRAIGHT AND LEVEL,WET,UNKNOWN,INJURY AND / OR TOW DUE TO CRASH,"OVER $1,500",UNABLE TO DETERMINE,UNABLE TO DETERMINE,2800,E,131ST ST,2,NO INDICATION OF INJURY,0.0,0.0,0.0,0.0,0.0,3.0,0.0,17,6,3
1f5f1b3f4ad893fcf8c559637583742958d7fbc21e70944d68db7870592c3ab0639da980a2e75618b5f9b15dada7adf00fac69822ec8611512cba605618978d3,2020-06-13 12:45:00,30,NO CONTROLS,NO CONTROLS,CLEAR,DAYLIGHT,REAR END,DIVIDED - W/MEDIAN (NOT RAISED),STRAIGHT AND LEVEL,DRY,NO DEFECTS,NO INJURY / DRIVE AWAY,"OVER $1,500",FOLLOWING TOO CLOSELY,NOT APPLICABLE,8030,S,DAMEN AVE,2,NO INDICATION OF INJURY,0.0,0.0,0.0,0.0,0.0,2.0,0.0,12,7,6
2f9193cd8b46d50f68f8f22ed6c49755f3864131d3e6556f1a40700d80d8097f21fddf7ac30980c00b7da64a5448c7b9e99424683b30e80d1b3cd9272e046427,2019-08-23 14:30:00,25,TRAFFIC SIGNAL,FUNCTIONING PROPERLY,CLEAR,DAYLIGHT,SIDESWIPE SAME DIRECTION,NOT DIVIDED,STRAIGHT AND LEVEL,DRY,NO DEFECTS,NO INJURY / DRIVE AWAY,"OVER $1,500",IMPROPER OVERTAKING/PASSING,NOT APPLICABLE,1326,S,COLUMBUS DR,2,NO INDICATION OF INJURY,0.0,0.0,0.0,0.0,0.0,6.0,0.0,14,6,8
011276ef1bf83fa427834ed1438bf87904061663dc91bce0aad2add0fdc963eb421a4fe75623ec0a3c4fbe29f5b9203f93f112eb2dac76fc536e67e2e64a9d05,2018-04-04 07:30:00,30,UNKNOWN,UNKNOWN,CLEAR,DAYLIGHT,ANGLE,ONE-WAY,STRAIGHT AND LEVEL,UNKNOWN,UNKNOWN,NO INJURY / DRIVE AWAY,"$501 - $1,500",UNABLE TO DETERMINE,NOT APPLICABLE,3600,W,WOLFRAM ST,2,NO INDICATION OF INJURY,0.0,0.0,0.0,0.0,0.0,2.0,0.0,7,4,4
879e23c0a6a67bb75ec5301bd24039b92d7162150f7dee7fa44f688017e508a20efc7c7c573b83a5e1a7a6ceb51fd426e09c283f955fa1d2285fa5ac3d028381,2022-11-11 01:22:00,30,OTHER,OTHER,CLEAR,"DARKNESS, LIGHTED ROAD",PARKED MOTOR VEHICLE,ONE-WAY,STRAIGHT AND LEVEL,DRY,NO DEFECTS,INJURY AND / OR TOW DUE TO CRASH,"OVER $1,500",UNABLE TO DETERMINE,NOT APPLICABLE,4430,S,CAMPBELL AVE,2,NO INDICATION OF INJURY,0.0,0.0,0.0,0.0,0.0,1.0,0.0,1,6,11
86403d72127692459777723bfd154b6878ec050c2c553989f3058238f7a0b8655fa02b9a336f4b19a7f298e5451988d56fab26a52271606cc2f0b34e75154dd6,2024-04-20 13:56:00,30,UNKNOWN,NO CONTROLS,CLEAR,DAYLIGHT,TURNING,NOT DIVIDED,STRAIGHT AND LEVEL,DRY,UNKNOWN,NO INJURY / DRIVE AWAY,"OVER $1,500",IMPROPER TURNING/NO SIGNAL,IMPROPER TURNING/NO SIGNAL,6600,S,HALSTED ST,2,NO INDICATION OF INJURY,0.0,0.0,0.0,0.0,0.0,3.0,0.0,13,7,4
a536bb8f35501ece5d4268923205108be4a6e0e7f1a73c368b97cb48b20690c01bb601d1a37059ec27d9aa184890c1ce4112b4d8b88d1403f954eaa4f0a8debb,2024-02-13 14:39:00,30,TRAFFIC SIGNAL,FUNCTIONING PROPERLY,CLEAR,DAYLIGHT,SIDESWIPE OPPOSITE DIRECTION,DIVIDED - W/MEDIAN (NOT RAISED),STRAIGHT AND LEVEL,UNKNOWN,UNKNOWN,NO INJURY / DRIVE AWAY,"OVER $1,500",FAILING TO REDUCE SPEED TO AVOID CRASH,NOT APPLICABLE,2401,W,HOWARD ST,2,NO INDICATION OF INJURY,0.0,0.0,0.0,0.0,0.0,2.0,0.0,14,3,2