CRASH_RECORD_ID,CRASH_DATE,POSTED_SPEED_LIMIT,TRAFFIC_CONTROL_DEVICE,DEVICE_CONDITION,WEATHER_CONDITION,LIGHTING_CONDITION,FIRST_CRASH_TYPE,TRAFFICWAY_TYPE,ALIGNMENT,ROADWAY_SURFACE_COND,ROAD_DEFECT,CRASH_TYPE,DAMAGE,PRIM_CONTRIBUTORY_CAUSE,SEC_CONTRIBUTORY_CAUSE,STREET_NO,STREET_DIRECTION,STREET_NAME,NUM_UNITS,MOST_SEVERE_INJURY,INJURIES_TOTAL,INJURIES_FATAL,INJURIES_INCAPACITATING,INJURIES_NON_INCAPACITATING,INJURIES_REPORTED_NOT_EVIDENT,INJURIES_NO_INDICATION,INJURIES_UNKNOWN,CRASH_HOUR,CRASH_DAY_OF_WEEK,CRASH_MONTH
03cde933516dd919091e2262ef4910f74ff2bf105ea03e60c6d7a5a2db79e87769dcf00939466cde1a95b216b2f3a54c4cf736fb9bfca08876584f471533be9d,2022-11-08 15:45:00,30,STOP SIGN/FLASHER,FUNCTIONING PROPERLY,CLEAR,DAYLIGHT,PARKED MOTOR VEHICLE,FOUR WAY,STRAIGHT AND LEVEL,DRY,NO DEFECTS,NO INJURY / DRIVE AWAY,"OVER $1,500",UNABLE TO DETERMINE,NOT APPLICABLE,1300,W,111TH ST,2,NO INDICATION OF INJURY,0.0,0.0,0.0,0.0,0.0,1.0,0.0,15,3,11
ef1816e8dde54366eedab5f2b06edf2849247c46074e21fff0ff7bff7daa68d50329c3e22eb66c19b31bd206719da8de6c81c081e8cbc1dd262b7402edef8b8c,2018-12-01 20:30:00,20,UNKNOWN,UNKNOWN,RAIN,DARKNESS,PARKED MOTOR VEHICLE,ONE-WAY,STRAIGHT AND LEVEL,WET,UNKNOWN,NO INJURY / DRIVE AWAY,"OVER $1,500",UNABLE TO DETERMINE,UNABLE TO DETERMINE,4641,N,MONTICELLO AVE,2,NO INDICATION OF INJURY,0.0,0.0,0.0,0.0,0.0,1.0,0.0,20,7,12
eb0f096196352cdd3e6ebbe3d660a13762d8d408591c5764f3d1c3228030c09b0e4d6a8d4d1f5de01912817ed72119b1826760f9f9f241b0c819c4711727eef2,2018-01-21 02:03:00,30,NO CONTROLS,NO CONTROLS,CLEAR,"DARKNESS, LIGHTED ROAD",FIXED OBJECT,DIVIDED - W/MEDIAN BARRIER,STRAIGHT AND LEVEL,DRY,NO DEFECTS,INJURY AND / OR TOW DUE TO CRASH,"OVER $1,500",UNDER THE INFLUENCE OF ALCOHOL/DRUGS (USE WHEN ARREST IS EFFECTED),FAILING TO REDUCE SPEED TO AVOID CRASH,8200,S,STONY ISLAND AVE,1,NONINCAPACITATING INJURY,1.0,0.0,0.0,1.0,0.0,0.0,0.0,2,1,1
ec98cf27bc00e4a7abaf6acb2f1a6da9fbb52fd5af255e152c87b73fffff397e514caebfa661dad2321fa505292efa586a4ebdf25ec39c100664b10110930293,2018-09-04 08:52:00,30,NO CONTROLS,NO CONTROLS,CLEAR,DAYLIGHT,ANGLE,NOT DIVIDED,STRAIGHT AND LEVEL,DRY,NO DEFECTS,NO INJURY / DRIVE AWAY,"OVER $1,500",FAILING TO YIELD RIGHT-OF-WAY,UNABLE TO DETERMINE,8351,S,COTTAGE GROVE AVE,2,NO INDICATION OF INJURY,0.0,0.0,0.0,0.0,0.0,2.0,0.0,8,3,9
edc1499a580c8d206390a1bd8a7bf8d5ce9c00737c5b6dda69ac6533c526fe4038cceed09cc6d0da39b58e09ba8ba7a96c494a4be589f0bd4f9b442b87fe10c2,2017-11-29 16:10:00,30,STOP SIGN/FLASHER,FUNCTIONING PROPERLY,CLEAR,DAYLIGHT,PEDESTRIAN,ONE-WAY,STRAIGHT AND LEVEL,DRY,NO DEFECTS,INJURY AND / OR TOW DUE TO CRASH,$500 OR LESS,FAILING TO YIELD RIGHT-OF-WAY,UNABLE TO DETERMINE,6300,W,BARRY AVE,2,"REPORTED, NOT EVIDENT",1.0,0.0,0.0,0.0,1.0,1.0,0.0,16,4,11
b2a8eb735d8577eb8317dc83bd5cfd234ec8abf920ba503e2c7c74a54402df2d0a553df7d93902c8ca3d20c8afbb995670a0815046edbfadfb7f0545c219c464,2019-03-10 15:00:00,30,TRAFFIC SIGNAL,FUNCTIONING PROPERLY,CLEAR,DAYLIGHT,ANGLE,NOT DIVIDED,STRAIGHT AND LEVEL,DRY,NO DEFECTS,NO INJURY / DRIVE AWAY,"$501 - $1,500",DRIVING SKILLS/KNOWLEDGE/EXPERIENCE,DRIVING SKILLS/KNOWLEDGE/EXPERIENCE,9500,S,COTTAGE GROVE AVE,2,NO INDICATION OF INJURY,0.0,0.0,0.0,0.0,0.0,2.0,0.0,15,1,3
2e620b3044c4d50e84ecf642181982d4d2bdecd365a4ff738d0b5d1f27ce11cdc7521d45ced58840db3e1266e757eac5d5169b7b413e4e056459f3fc3d09d557,2018-09-24 19:20:00,30,NO CONTROLS,NO CONTROLS,CLEAR,DARKNESS,PARKED MOTOR VEHICLE,NOT DIVIDED,STRAIGHT AND LEVEL,DRY,NO DEFECTS,NO INJURY / DRIVE AWAY,"$501 - $1,500",IMPROPER TURNING/NO SIGNAL,IMPROPER TURNING/NO SIGNAL,226,W,WISCONSIN ST,2,NO INDICATION OF INJURY,0.0,0.0,0.0,0.0,0.0,1.0,0.0,19,2,9
9368f9393a9afa1bb461643841ae148f582ef18febd4508ac0af6694881eb461a47ebadfff1d0cd2265f7c5fe2e5a7c84c1b0c64de4b277773095fba5d74f532,2017-12-23 16:58:00,30,NO CONTROLS,NOT FUNCTIONING,CLEAR,DAYLIGHT,ANGLE,PARKING LOT,STRAIGHT AND LEVEL,DRY,NO DEFECTS,NO INJURY / DRIVE AWAY,"$501 - $1,500",FAILING TO YIELD RIGHT-OF-WAY,DRIVING SKILLS/KNOWLEDGE/EXPERIENCE,5303,N,MILWAUKEE AVE,2,NO INDICATION OF INJURY,0.0,0.0,0.0,0.0,0.0,2.0,0.0,16,7,12
1427cd0702d2529d261cfe3cdd8b3c44fd19d4b3b768344470890dee906251fbd20ff350799174ecfe993f887afc61b10d03d44c307cf33f48e4e8ee1aa7ae13,2023-08-16 07:00:00,25,TRAFFIC SIGNAL,FUNCTIONING PROPERLY,CLEAR,DAYLIGHT,TURNING,NOT DIVIDED,STRAIGHT AND LEVEL,DRY,NO DEFECTS,NO INJURY / DRIVE AWAY,"OVER $1,500",UNABLE TO DETERMINE,UNABLE TO DETERMINE,501,N,ASHLAND AVE,3,NO INDICATION OF INJURY,0.0,0.0,0.0,0.0,0.0,3.0,0.0,7,4,8
d9fbf31befd8c1b0060fda5a86e238545cbfe4b24d1c4a79d0fbd00ff4bba95ccf65e1a1f7092c0026e9963d305508a622280f866a8f220f802bc445e6665e76,2022-04-02 18:05:00,30,TRAFFIC SIGNAL,FUNCTIONING PROPERLY,RAIN,DAYLIGHT,REAR TO FRONT,NOT DIVIDED,STRAIGHT AND LEVEL,WET,NO DEFECTS,NO INJURY / DRIVE AWAY,"$501 - $1,500",IMPROPER BACKING,WEATHER,50,E,14TH ST,2,NO INDICATION OF INJURY,0.0,0.0,0.0,0.0,0.0,3.0,0.0,18,7,4
7d8886b16193463d74119ff0560a8161c53b0b5b8adccf6b49ed994b0801d53305338bd119e4388be9737a7d4c6e0e5a3677ec4e8e7aa664e379c3570f849496,2019-09-06 08:55:00,30,NO CONTROLS,NO CONTROLS,CLEAR,DAYLIGHT,PARKED MOTOR VEHICLE,NOT DIVIDED,STRAIGHT AND LEVEL,DRY,NO DEFECTS,NO INJURY / DRIVE AWAY,"OVER $1,500",UNABLE TO DETERMINE,NOT APPLICABLE,462,N,UNION AVE,2,NO INDICATION OF INJURY,0.0,0.0,0.0,0.0,0.0,1.0,0.0,8,6,9
5ef7f33fe972cff8ba381b1ccc4fedf97a177c54c276a2cf83acd9c14ae6337f587b7710303266b76d37d9056e8bf3085e2b6da188c70a45f12de9d5e5eccef1,2016-10-08 08:30:00,30,NO CONTROLS,NO CONTROLS,CLEAR,UNKNOWN,PARKED MOTOR VEHICLE,ONE-WAY,STRAIGHT AND LEVEL,DRY,NO DEFECTS,NO INJURY / DRIVE AWAY,"OVER $1,500",UNABLE TO DETERMINE,NOT APPLICABLE,5130,W,BERENICE AVE,2,NO INDICATION OF INJURY,0.0,0.0,0.0,0.0,0.0,1.0,0.0,8,7,10
00a09317ae678f84abc5286124fe278877bd5709f8e8da64fe61e040eb9399e6b00e9ae6f20cf6c69a6c7fd6be9046297c339c903d32dbd07675db97d8b46d42,2018-10-09 13:40:00,30,TRAFFIC SIGNAL,FUNCTIONING PROPERLY,CLEAR,DAYLIGHT,REAR END,NOT DIVIDED,STRAIGHT AND LEVEL,DRY,NO DEFECTS,NO INJURY / DRIVE AWAY,"OVER $1,500",UNABLE TO DETERMINE,UNABLE TO DETERMINE,1751,N,HARLEM AVE,2,NO INDICATION OF INJURY,0.0,0.0,0.0,0.0,0.0,2.0,0.0,13,3,10
4e647ff90029ec142812a1202098767b753910e022063221879acf0f6fd279ae540410381eeacfb6edc856ad55d8f99e4aa7c8ebe88c010e3b5ebbf0db4981d8,2016-05-27 18:30:00,30,NO CONTROLS,NO CONTROLS,UNKNOWN,DAYLIGHT,PARKED MOTOR VEHICLE,NOT DIVIDED,STRAIGHT AND LEVEL,WET,NO DEFECTS,NO INJURY / DRIVE AWAY,"OVER $1,500",UNABLE TO DETERMINE,NOT APPLICABLE,1600,S,STATE ST,2,NO INDICATION OF INJURY,0.0,0.0,0.0,0.0,0.0,1.0,0.0,18,6,5
ed3679f9cd210b6d1ca8f2b42701dc4829f72836beb2e8d76ce1815f7374c4f885fa010d86c0a621973aebfb0125f6e53362ec7a79ae5af61478e4f2f2a2d25a,2021-01-21 16:30:00,30,TRAFFIC SIGNAL,FUNCTIONING PROPERLY,CLEAR,DUSK,TURNING,NOT DIVIDED,STRAIGHT AND LEVEL,DRY,NO DEFECTS,NO INJURY / DRIVE AWAY,"OVER $1,500",IMPROPER TURNING/NO SIGNAL,NOT APPLICABLE,2468,W,FOSTER AVE,2,NO INDICATION OF INJURY,0.0,0.0,0.0,0.0,0.0,2.0,0.0,16,5,1
629c0bf9164052da2f21b9f97d72e7218f724d25f49d3cef2d7767e8653220b03f8d51fe960dc6c3d2003e724fdab27eace2d53c683b650a66039f4bc07ba741,2019-02-05 22:00:00,25,NO CONTROLS,NO CONTROLS,RAIN,"DARKNESS, LIGHTED ROAD",PARKED MOTOR VEHICLE,ONE-WAY,STRAIGHT AND LEVEL,WET,NO DEFECTS,NO INJURY / DRIVE AWAY,"$501 - $1,500",UNABLE TO DETERMINE,UNABLE TO DETERMINE,1912,S,FAIRFIELD AVE,2,NO INDICATION OF INJURY,0.0,0.0,0.0,0.0,0.0,1.0,0.0,22,3,2
483ddde819876714168f30282f54da542cd1eac5b53b233bea472721d58dd768c987955bb8dd02a1b6867028239f58449ca0001aeed4deaf9a20a49e5c52cf8e,2019-07-10 16:00:00,30,STOP SIGN/FLASHER,NO CONTROLS,CLEAR,DAYLIGHT,TURNING,ONE-WAY,STRAIGHT AND LEVEL,DRY,NO DEFECTS,NO INJURY / DRIVE AWAY,"OVER $1,500",IMPROPER TURNING/NO SIGNAL,IMPROPER TURNING/NO SIGNAL,7600,S,WABASH AVE,2,NO INDICATION OF INJURY,0.0,0.0,0.0,0.0,0.0,2.0,0.0,16,4,7
c8406b43f8cde30ad01c2b24f6ee2ebe41c2d83cee89d73135176a5be793fe61350e60ab8ad1e825f5aeb3afa102513e27cf38401a4c6878fa43441eec0bbe5d,2016-03-06 19:35:00,30,TRAFFIC SIGNAL,FUNCTIONING PROPERLY,CLEAR,DUSK,REAR END,ONE-WAY,STRAIGHT AND LEVEL,DRY,UNKNOWN,NO INJURY / DRIVE AWAY,"OVER $1,500",FOLLOWING TOO CLOSELY,NOT APPLICABLE,900,S,DESPLAINES ST,2,NO INDICATION OF INJURY,0.0,0.0,0.0,0.0,0.0,2.0,0.0,19,1,3
4872e71a5153438dc5160a8a34fb3ac8497f6957792fe3aca0132f667a82d5bf84e7918f996fecd724ecbb70b88970d5309603ac8189c98192d9e65f7192b93e,2021-07-06 15:50:00,5,NO CONTROLS,NO CONTROLS,CLEAR,DAYLIGHT,PEDESTRIAN,NOT DIVIDED,STRAIGHT AND LEVEL,DRY,NO DEFECTS,INJURY AND / OR TOW DUE TO CRASH,"OVER $1,500",NOT APPLICABLE,NOT APPLICABLE,8230,W,IRVING PARK RD,2,INCAPACITATING INJURY,1.0,0.0,1.0,0.0,0.0,1.0,0.0,15,3,7
dc0764e58b6e7c7742ea11f77b1cca9ad89cf93d2fe8ccc5123cad14732d221e2b3ba053c42cff01a7b7c2ae90a83df86adbfb62e9d47c674c3f93cfcb1dea80,2018-12-16 16:30:00,25,NO CONTROLS,NO CONTROLS,CLEAR,DAYLIGHT,SIDESWIPE SAME DIRECTION,NOT DIVIDED,STRAIGHT AND LEVEL,DRY,NO DEFECTS,NO INJURY / DRIVE AWAY,"OVER $1,500",IMPROPER OVERTAKING/PASSING,NOT APPLICABLE,1153,S,CLARK ST,2,NO INDICATION OF INJURY,0.0,0.0,0.0,0.0,0.0,6.0,0.0,16,1,12
472dc439d6586e77f56737b6dd7c523f8ac658cd77d22cae1682e8bc661842497a21e5b78baa0b944206d3422717ca1c8d463b2c2a1c17a444d39f7457aea6a1,2018-08-13 15:30:00,10,NO CONTROLS,NO CONTROLS,CLEAR,DAYLIGHT,PARKED MOTOR VEHICLE,PARKING LOT,STRAIGHT AND LEVEL,DRY,NO DEFECTS,NO INJURY / DRIVE AWAY,"OVER $1,500",UNABLE TO DETERMINE,NOT APPLICABLE,1232,W,NORTH AVE,2,NO INDICATION OF INJURY,0.0,0.0,0.0,0.0,0.0,1.0,0.0,15,2,8
bd40dc2d4eacf6f372e94bca74a2a32ad57d1646877546bcaeb96331cbe7b3734c6171952d22a97c1338733940c3d37a7a48bf544d1b76d9b23b0a134854ad26,2019-06-07 01:50:00,30,TRAFFIC SIGNAL,FUNCTIONING PROPERLY,CLEAR,"DARKNESS, LIGHTED ROAD",PEDESTRIAN,FOUR WAY,STRAIGHT AND LEVEL,DRY,NO DEFECTS,INJURY AND / OR TOW DUE TO CRASH,$500 OR LESS,HAD BEEN DRINKING (USE WHEN ARREST IS NOT MADE),NOT APPLICABLE,33,W,95TH ST,2,NONINCAPACITATING INJURY,1.0,0.0,0.0,1.0,0.0,1.0,0.0,1,6,6
812dc84c1f50be37dda8825a6c2a702efec7f21e19e74b38adaf12d81bdb6ff2c69135fc00fbc23d5cc759a9aae402a3b7c59a787df8d9a207289e01ec9dccd7,2023-12-05 08:35:00,30,NO CONTROLS,NO CONTROLS,CLEAR,DAYLIGHT,PARKED MOTOR VEHICLE,PARKING LOT,STRAIGHT AND LEVEL,DRY,NO DEFECTS,NO INJURY / DRIVE AWAY,"OVER $1,500",NOT APPLICABLE,NOT APPLICABLE,6432,S,DR MARTIN LUTHER KING JR DR,2,NO INDICATION OF INJURY,0.0,0.0,0.0,0.0,0.0,1.0,0.0,8,3,12
5674af4809bb9c1df07964124e450e63b396bce83eb6576c7a0092e6b109039a20ad1df1f26a97b14f00218fcdfad97a1b6943e57a4fb2d5667a6db38f646e58,2022-01-19 23:00:00,30,TRAFFIC SIGNAL,FUNCTIONING PROPERLY,CLEAR,"DARKNESS, LIGHTED ROAD",REAR END,DIVIDED - W/MEDIAN (NOT RAISED),STRAIGHT AND LEVEL,DRY,NO DEFECTS,NO INJURY / DRIVE AWAY,"OVER $1,500",FOLLOWING TOO CLOSELY,NOT APPLICABLE,1299,N,WESTERN AVE,2,NO INDICATION OF INJURY,0.0,0.0,0.0,0.0,0.0,2.0,0.0,23,4,1
8f199ead09e8608fd463a33570fa16531e79aa3a985c2d1cc499edd4fe240ffae4def9dd318dae5d222ad25539daae0ddaa7e689ca050b7a23b3bca4bfbb0cee,2017-12-22 19:45:00,30,NO CONTROLS,NO CONTROLS,CLEAR,"DARKNESS, LIGHTED ROAD",REAR END,NOT DIVIDED,STRAIGHT AND LEVEL,DRY,NO DEFECTS,NO INJURY / DRIVE AWAY,"$501 - $1,500",FOLLOWING TOO CLOSELY,NOT APPLICABLE,3110,W,111TH ST,2,NO INDICATION OF INJURY,0.0,0.0,0.0,0.0,0.0,2.0,0.0,19,6,12
e0c0cf511cc5a912f5171050a4fde778a9b1b42aa095a965ad037094e07efd3330bfa94233aeaa9b9ce3c86f419996ecec6f1b8d2028b1857714108ecdfecb8d,2022-09-18 12:00:00,30,UNKNOWN,UNKNOWN,UNKNOWN,UNKNOWN,PARKED MOTOR VEHICLE,ALLEY,STRAIGHT AND LEVEL,UNKNOWN,UNKNOWN,NO INJURY / DRIVE AWAY,"OVER $1,500",UNABLE TO DETERMINE,UNABLE TO DETERMINE,2236,N,LINCOLN PARK WEST,2,NO INDICATION OF INJURY,0.0,0.0,0.0,0.0,0.0,1.0,0.0,12,1,9
ef03e5a19f8cdac50bf44c61b0102621264c39ef3979873bbd10b31515c5eb96d39b05c1300571d9071ee40aec52babef845b1f1e417e209f2caa5297ad705b9,2016-07-07 11:20:00,5,NO CONTROLS,NO CONTROLS,CLEAR,DAYLIGHT,PEDESTRIAN,OTHER,STRAIGHT AND LEVEL,"SAND, MUD, DIRT",UNKNOWN,INJURY AND / OR TOW DUE TO CRASH,"$501 - $1,500","OPERATING VEHICLE IN ERRATIC, RECKLESS, CARELESS, NEGLIGENT OR AGGRESSIVE MANNER","OPERATING VEHICLE IN ERRATIC, RECKLESS, CARELESS, NEGLIGENT OR AGGRESSIVE MANNER",7443,S,EUCLID AVE,2,INCAPACITATING INJURY,1.0,0.0,1.0,0.0,0.0,1.0,0.0,11,5,7
db5e439eb4d679b1def5c53f24b69c6060706d15fba390a145d8d163819de7f6d0d5533bfeb6cab53012861ca390f821ebcafefc1efff97d076e52c109a49197,2022-09-25 11:15:00,10,NO CONTROLS,NO CONTROLS,CLEAR,DAYLIGHT,REAR TO REAR,PARKING LOT,STRAIGHT AND LEVEL,DRY,NO DEFECTS,NO INJURY / DRIVE AWAY,"OVER $1,500",UNABLE TO DETERMINE,UNABLE TO DETERMINE,4401,W,ARMITAGE AVE,2,NO INDICATION OF INJURY,0.0,0.0,0.0,0.0,0.0,2.0,0.0,11,1,9
ed04d07bb87cc5325bd8851b20827b4be0d3be5b62312cb6125d82409cac84bb8e08c50f41a7bdc2a4eff5710b314c13787b3326fabca526ac9a157a6f7ed410,2017-04-10 17:30:00,30,TRAFFIC SIGNAL,FUNCTIONING IMPROPERLY,RAIN,DAYLIGHT,REAR END,NOT DIVIDED,STRAIGHT AND LEVEL,WET,NO DEFECTS,NO INJURY / DRIVE AWAY,"OVER $1,500",FOLLOWING TOO CLOSELY,FOLLOWING TOO CLOSELY,3100,S,DR MARTIN LUTHER KING JR DR,2,NO INDICATION OF INJURY,0.0,0.0,0.0,0.0,0.0,2.0,0.0,17,2,4
4fa26c3a30050f0d619ae22278aad10b922b12b7f4d2524b9d2014affac2baf4c81a8be363872cac5e6bdb68c38b57c196ffeee73b4af586b34bcefbae2e579b,2018-05-19 13:50:00,30,NO CONTROLS,NO CONTROLS,CLEAR,DAYLIGHT,SIDESWIPE SAME DIRECTION,NOT DIVIDED,STRAIGHT AND LEVEL,DRY,NO DEFECTS,INJURY AND / OR TOW DUE TO CRASH,"$501 - $1,500",IMPROPER TURNING/NO SIGNAL,UNABLE TO DETERMINE,8506,S,SEELEY AVE,3,NO INDICATION OF INJURY,0.0,0.0,0.0,0.0,0.0,2.0,0.0,13,7,5
ac9d278d71b92c9648ccb2ab58b203b6d1141bfd952e56f3911b79c1ffe2805177130768bcda210c20d65841e57e1bc22e8795ffd5f5bd67c649b87c52bb7df2,2021-09-01 16:10:00,30,TRAFFIC SIGNAL,FUNCTIONING PROPERLY,CLEAR,DAYLIGHT,SIDESWIPE SAME DIRECTION,FOUR WAY,STRAIGHT AND LEVEL,DRY,NO DEFECTS,INJURY AND / OR TOW DUE TO CRASH,"OVER $1,500",DISREGARDING TRAFFIC SIGNALS,UNABLE TO DETERMINE,5504,S,MICHIGAN AVE,3,NO INDICATION OF INJURY,0.0,0.0,0.0,0.0,0.0,4.0,0.0,16,4,9
929ee0abfa5da405f7f06db2e571835f4e85f353fc2d5f6e6140bc6479769a7d78f2c27ce0da6de33852d6a8f40dee2e0463f91cb5c3342d98f1b34d16c8e741,2021-01-26 08:00:00,30,NO CONTROLS,NO CONTROLS,CLEAR,UNKNOWN,PARKED MOTOR VEHICLE,NOT DIVIDED,STRAIGHT AND LEVEL,DRY,NO DEFECTS,NO INJURY / DRIVE AWAY,"$501 - $1,500",UNABLE TO DETERMINE,NOT APPLICABLE,6800,W,ARMITAGE AVE,2,NO INDICATION OF INJURY,0.0,0.0,0.0,0.0,0.0,1.0,0.0,8,3,1
13f69174e299f2182a223f640d17ddeab023cde49a37e892cd58506de04db4b094800ee33d473b8f89b5fde624833b068eb7fdd38b917f4e40a2f288b8747da6,2019-03-23 15:15:00,30,NO CONTROLS,NO CONTROLS,CLEAR,DAYLIGHT,SIDESWIPE SAME DIRECTION,DIVIDED - W/MEDIAN (NOT RAISED),STRAIGHT AND LEVEL,DRY,NO DEFECTS,NO INJURY / DRIVE AWAY,$500 OR LESS,UNABLE TO DETERMINE,UNABLE TO DETERMINE,141,W,DIVISION ST,2,NO INDICATION OF INJURY,0.0,0.0,0.0,0.0,0.0,5.0,0.0,15,7,3
967f6ffdfe8cbce9c205c5fc5140c3acc5a24c06f0730f780540c3c2a1bfeb05041fc8ef5ed23935c2efda17fafdfd0cf6ea9c60903db714fc3e5086f75f5bca,2022-01-26 13:25:00,30,TRAFFIC SIGNAL,FUNCTIONING PROPERLY,CLEAR,DAYLIGHT,HEAD ON,NOT DIVIDED,STRAIGHT AND LEVEL,SNOW OR SLUSH,UNKNOWN,INJURY AND / OR TOW DUE TO CRASH,"OVER $1,500",UNABLE TO DETERMINE,UNABLE TO DETERMINE,2600,N,CLYBOURN AVE,2,NO INDICATION OF INJURY,0.0,0.0,0.0,0.0,0.0,2.0,0.0,13,4,1
fde4e467b52280aca36397d52a7a08d2a64a7baca15d44ba6cf5ff9b565c19c049ec04be874d0c6d4f76390739f356caa297307e6c7e1abd2545fb2177d7c8ba,2023-03-03 19:00:00,30,NO CONTROLS,NO CONTROLS,CLEAR,"DARKNESS, LIGHTED ROAD",PARKED MOTOR VEHICLE,ONE-WAY,STRAIGHT AND LEVEL,SNOW OR SLUSH,NO DEFECTS,NO INJURY / DRIVE AWAY,"OVER $1,500",FAILING TO YIELD RIGHT-OF-WAY,UNABLE TO DETERMINE,4500,S,DR MARTIN LUTHER KING JR SD,2,NO INDICATION OF INJURY,0.0,0.0,0.0,0.0,0.0,1.0,0.0,19,6,3
00a13e45da7a267e91c95377a8367b3bfefb6b21cfc1b15549755c42b29d1b248f0de0c2f816f1dc99213475133732388bcf53d329a4446ce7a81ca10331c8fc,2024-02-02 07:15:00,30,NO CONTROLS,NO CONTROLS,CLEAR,DAYLIGHT,REAR END,NOT DIVIDED,STRAIGHT AND LEVEL,DRY,NO DEFECTS,INJURY AND / OR TOW DUE TO CRASH,"OVER $1,500",FOLLOWING TOO CLOSELY,FOLLOWING TOO CLOSELY,4700,N,AUSTIN AVE,2,NO INDICATION OF INJURY,0.0,0.0,0.0,0.0,0.0,2.0,0.0,7,6,2
8ef70deedff49e0ab2f7db53d6441e5612bcec141f38dfe6caff9c15674685e73a62f730dd251e60fc67d5d4ac4d1ea51d473f3c1fd5fb51f2852484ef0a3298,2021-05-03 07:53:00,5,NO CONTROLS,NO CONTROLS,RAIN,DAYLIGHT,FIXED OBJECT,OTHER,STRAIGHT AND LEVEL,WET,NO DEFECTS,NO INJURY / DRIVE AWAY,$500 OR LESS,DRIVING SKILLS/KNOWLEDGE/EXPERIENCE,NOT APPLICABLE,7601,S,JEFFERY BLVD,2,NO INDICATION OF INJURY,0.0,0.0,0.0,0.0,0.0,2.0,0.0,7,2,5
e7eee333f7189c7233c5f6f923a6542725051f211bcc4d39ef6c8c2220b6eabdbe16ae29d9ebade5f58a28ad5258c4a4d20e83a87520658238afa77a8f26c576,2019-02-08 15:25:00,30,UNKNOWN,UNKNOWN,UNKNOWN,UNKNOWN,ANGLE,UNKNOWN,STRAIGHT AND LEVEL,UNKNOWN,UNKNOWN,NO INJURY / DRIVE AWAY,"OVER $1,500",UNABLE TO DETERMINE,NOT APPLICABLE,4135,N,MILWAUKEE AVE,2,NO INDICATION OF INJURY,0.0,0.0,0.0,0.0,0.0,2.0,0.0,15,6,2
c03ba4d36fb6d093a67bdd72dde2fe488a9e023ca79745a10f4fac8df3cc7821d30879af0b5f4a9e1844756b8307acd7dc37c4e42b74ef77fd7c7e52eb4a5637,2021-05-10 12:35:00,30,TRAFFIC SIGNAL,FUNCTIONING PROPERLY,CLEAR,DAYLIGHT,SIDESWIPE SAME DIRECTION,FOUR WAY,STRAIGHT AND LEVEL,DRY,NO DEFECTS,NO INJURY / DRIVE AWAY,$500 OR LESS,UNABLE TO DETERMINE,UNABLE TO DETERMINE,402,N,CICERO AVE,2,NO INDICATION OF INJURY,0.0,0.0,0.0,0.0,0.0,3.0,0.0,12,2,5
3fc6c5801e27a9ab9880bdeec1a0167e9eff6097972dad0cc37f4c4ebb680b85974d0733d164f166b2802d13805fd6ca8470032b640881035ebbd930339b9270,2018-05-10 08:20:00,30,NO CONTROLS,NO CONTROLS,CLEAR,DAYLIGHT,REAR END,ONE-WAY,STRAIGHT AND LEVEL,DRY,NO DEFECTS,NO INJURY / DRIVE AWAY,"OVER $1,500",IMPROPER BACKING,NOT APPLICABLE,2109,N,MANGO AVE,2,NO INDICATION OF INJURY,0.0,0.0,0.0,0.0,0.0,2.0,0.0,8,5,5
54e0d89d533c03e80930ef9f12d453f6130e5769c9df7857505c92731fb22d929295f87a888b353dfb7b3dfafefe06dd389d7caa398cc5a39dad6c4261dee593,2016-06-09 07:16:00,30,TRAFFIC SIGNAL,FUNCTIONING PROPERLY,RAIN,DAYLIGHT,TURNING,DIVIDED - W/MEDIAN (NOT RAISED),STRAIGHT AND LEVEL,WET,NO DEFECTS,NO INJURY / DRIVE AWAY,"$501 - $1,500",UNABLE TO DETERMINE,UNABLE TO DETERMINE,9500,S,VANDERPOEL AVE,2,NO INDICATION OF INJURY,0.0,0.0,0.0,0.0,0.0,2.0,0.0,7,5,6
0586f6dd3cf23f0af3ce092ee4047dda66184db9fadcc796ccae7c6d832583e76eb89110432283b6aa707f14b33f37d48dde4fcb5abd1032c0e0032c0e9205b9,2023-10-17 08:00:00,30,NO CONTROLS,NO CONTROLS,UNKNOWN,UNKNOWN,PARKED MOTOR VEHICLE,ONE-WAY,STRAIGHT AND LEVEL,UNKNOWN,NO DEFECTS,NO INJURY / DRIVE AWAY,"OVER $1,500",UNABLE TO DETERMINE,UNABLE TO DETERMINE,7219,S,LANGLEY AVE,2,NO INDICATION OF INJURY,0.0,0.0,0.0,0.0,0.0,1.0,0.0,8,3,10
e4f49f38dfa0c940f5c1d170da0c936cb0ccece04b10117e4ad6926c02f3d00ce14e895e2ec1106d22bf5a22ab09a40cd9aefeb925870a23d497fced4420831e,2023-11-18 14:40:00,45,NO CONTROLS,NO CONTROLS,CLEAR,DAYLIGHT,TURNING,ONE-WAY,STRAIGHT AND LEVEL,DRY,NO DEFECTS,INJURY AND / OR TOW DUE TO CRASH,"OVER $1,500",IMPROPER LANE USAGE,FAILING TO REDUCE SPEED TO AVOID CRASH,4700,S,LAKE SHORE DR SB,2,NONINCAPACITATING INJURY,2.0,0.0,0.0,2.0,0.0,0.0,0.0,14,7,11
782f5ff7421b17d09e0ba46c09ee9c241ac64f159e5497f045b40994553826d8f7fde27edfe79b65b01793acf562069dba4decdc8c4533e678bae59221da27a6,2016-11-24 01:10:00,30,STOP SIGN/FLASHER,NO CONTROLS,CLEAR,"DARKNESS, LIGHTED ROAD",TURNING,ONE-WAY,STRAIGHT AND LEVEL,DRY,NO DEFECTS,NO INJURY / DRIVE AWAY,"OVER $1,500",UNABLE TO DETERMINE,NOT APPLICABLE,2100,W,RICE ST,2,NO INDICATION OF INJURY,0.0,0.0,0.0,0.0,0.0,3.0,0.0,1,5,11