CRASH_RECORD_ID,CRASH_DATE,POSTED_SPEED_LIMIT,TRAFFIC_CONTROL_DEVICE,DEVICE_CONDITION,WEATHER_CONDITION,LIGHTING_CONDITION,FIRST_CRASH_TYPE,TRAFFICWAY_TYPE,ALIGNMENT,ROADWAY_SURFACE_COND,ROAD_DEFECT,CRASH_TYPE,DAMAGE,PRIM_CONTRIBUTORY_CAUSE,SEC_CONTRIBUTORY_CAUSE,STREET_NO,STREET_DIRECTION,STREET_NAME,NUM_UNITS,MOST_SEVERE_INJURY,INJURIES_TOTAL,INJURIES_FATAL,INJURIES_INCAPACITATING,INJURIES_NON_INCAPACITATING,INJURIES_REPORTED_NOT_EVIDENT,INJURIES_NO_INDICATION,INJURIES_UNKNOWN,CRASH_HOUR,CRASH_DAY_OF_WEEK,CRASH_MONTH
77938053a5aac447c1c4d6f8b0fa100b9589811a610eff78288a47ed0e9efa7b04182996d05dce8c3495bde69b9874aa5faac782f2fbd31a14296b6480dcf2f8,2021-04-02 17:10:00,30,STOP SIGN/FLASHER,FUNCTIONING PROPERLY,CLEAR,DAYLIGHT,REAR END,OTHER,STRAIGHT AND LEVEL,DRY,NO DEFECTS,NO INJURY / DRIVE AWAY,"$501 - $1,500",UNABLE TO DETERMINE,NOT APPLICABLE,8300,S,SCOTTSDALE AVE,2,NO INDICATION OF INJURY,0.0,0.0,0.0,0.0,0.0,2.0,0.0,17,6,4
b1bdeb574dbfa64532da0d3f7474fe7c9a1ee8508a3abd90da9112d43dc6570a66bac997a450a7b5ea62e4b195169cb86e3058c3d65e1e259378b927155aaac6,2023-09-07 15:00:00,30,NO CONTROLS,NO CONTROLS,CLEAR,DAYLIGHT,PARKED MOTOR VEHICLE,OTHER,STRAIGHT AND LEVEL,DRY,NO DEFECTS,NO INJURY / DRIVE AWAY,"OVER $1,500",UNABLE TO DETERMINE,UNABLE TO DETERMINE,5219,W,EDDY ST,2,NO INDICATION OF INJURY,0.0,0.0,0.0,0.0,0.0,1.0,0.0,15,5,9
3f9bbebf0624c0047c96dfabd85226688490bfe180973c2613322308b36c8730397bdfe2862a97e38e896cbb4d71a53133434713cc6740d27cd896972c2b0115,2023-01-20 14:55:00,25,NO CONTROLS,NO CONTROLS,CLEAR,DAYLIGHT,REAR END,DIVIDED - W/MEDIAN BARRIER,STRAIGHT AND LEVEL,WET,UNKNOWN,NO INJURY / DRIVE AWAY,"OVER $1,500",FAILING TO REDUCE SPEED TO AVOID CRASH,FOLLOWING TOO CLOSELY,1016,N,LAKE SHORE DR SB,2,NO INDICATION OF INJURY,0.0,0.0,0.0,0.0,0.0,3.0,0.0,14,6,1
40437368f8823ca2f8413d03b995e15c8498c8abd3e37fc916243482c0aad487956a31fd88a2167fdd1e26b2d46e8f0164ee52ec995080801ad809ca00c773a1,2019-07-23 09:30:00,30,NO CONTROLS,NO CONTROLS,CLEAR,DAYLIGHT,ANGLE,UNKNOWN,STRAIGHT AND LEVEL,DRY,UNKNOWN,NO INJURY / DRIVE AWAY,"$501 - $1,500",UNABLE TO DETERMINE,UNABLE TO DETERMINE,720,S,MICHIGAN AVE,2,NO INDICATION OF INJURY,0.0,0.0,0.0,0.0,0.0,2.0,0.0,9,3,7
73dfd0c93312f2d62705045866d088ea9008bcada17f200a3f4f8730947e37bee6de6209c11cb2aff677cee52a2c27cfa16a66dd9f60d5c7b7cb1e7b66d75836,2019-11-05 22:20:00,30,STOP SIGN/FLASHER,UNKNOWN,CLEAR,"DARKNESS, LIGHTED ROAD",ANGLE,UNKNOWN INTERSECTION TYPE,STRAIGHT AND LEVEL,DRY,UNKNOWN,NO INJURY / DRIVE AWAY,"$501 - $1,500",DISREGARDING STOP SIGN,UNABLE TO DETERMINE,2500,N,KIMBALL AVE,2,NO INDICATION OF INJURY,0.0,0.0,0.0,0.0,0.0,2.0,0.0,22,3,11
f6096b875cee893f24b70cb29164d3b4c7786710e05365b65005e6eb61e07f97067426d7219f2afdb82f243523f2265a72c15ba5db7e3e7b0fd2974343e54097,2016-11-15 18:35:00,30,NO CONTROLS,NO CONTROLS,CLEAR,DUSK,REAR END,DIVIDED - W/MEDIAN (NOT RAISED),STRAIGHT AND LEVEL,DRY,NO DEFECTS,NO INJURY / DRIVE AWAY,"OVER $1,500",FOLLOWING TOO CLOSELY,DISTRACTION - FROM OUTSIDE VEHICLE,5542,W,63RD ST,2,NO INDICATION OF INJURY,0.0,0.0,0.0,0.0,0.0,2.0,0.0,18,3,11
f02dddd23095f31360fb5d560a9115ae350382015e6ddcb717f15ba48a77c96cb200960e03dbe1f606e91f8ed976861ce152754ae91a444773187d9afe174e48,2019-01-17 19:42:00,30,NO CONTROLS,NO CONTROLS,CLEAR,"DARKNESS, LIGHTED ROAD",SIDESWIPE SAME DIRECTION,ONE-WAY,STRAIGHT AND LEVEL,DRY,UNKNOWN,NO INJURY / DRIVE AWAY,"$501 - $1,500",NOT APPLICABLE,NOT APPLICABLE,7736,S,ABERDEEN ST,2,NO INDICATION OF INJURY,0.0,0.0,0.0,0.0,0.0,4.0,0.0,19,5,1
e520498558d73d57d3b621215fad10fc09c516a7e68623167b1ff3eea93037c4b9652a6001966f27a2e42df8251c22b85b9ea2afd1f118dbdc594fd15c72dbbe,2021-04-02 02:00:00,30,NO CONTROLS,NO CONTROLS,CLEAR,"DARKNESS, LIGHTED ROAD",OTHER OBJECT,NOT DIVIDED,STRAIGHT AND LEVEL,DRY,NO DEFECTS,INJURY AND / OR TOW DUE TO CRASH,"OVER $1,500",UNABLE TO DETERMINE,NOT APPLICABLE,314,E,63RD ST,1,NO INDICATION OF INJURY,0.0,0.0,0.0,0.0,0.0,2.0,0.0,2,6,4
a0cc8c3a0d2ece3fd29c53f2d131ef7a8edc3a46a15b55d394b7a25b40a30f6d51cc3d436b8a2dc8799d6e6dc82e6948257f8bc47b03b2f8e1861503b35b8966,2017-07-03 01:15:00,30,STOP SIGN/FLASHER,FUNCTIONING PROPERLY,CLEAR,"DARKNESS, LIGHTED ROAD",TURNING,NOT DIVIDED,STRAIGHT AND LEVEL,DRY,NO DEFECTS,INJURY AND / OR TOW DUE TO CRASH,"OVER $1,500",IMPROPER TURNING/NO SIGNAL,UNABLE TO DETERMINE,6700,S,CAMPBELL AVE,2,NO INDICATION OF INJURY,0.0,0.0,0.0,0.0,0.0,2.0,0.0,1,2,7
d9ff557304ef07f20665a91ae3a2e200995d02befb1cb6720dc7029a871110ae1311adccc0fea3406ce52459825c73ba012080b96462e4c4ac598afef25dc2e5,2016-10-28 11:30:00,30,NO CONTROLS,NO CONTROLS,CLEAR,DAWN,REAR END,OTHER,STRAIGHT AND LEVEL,DRY,UNKNOWN,NO INJURY / DRIVE AWAY,"OVER $1,500",IMPROPER BACKING,IMPROPER BACKING,11100,S,STATE ST,2,NO INDICATION OF INJURY,0.0,0.0,0.0,0.0,0.0,2.0,0.0,11,6,10
8822f6626858a1b09e9a91d704ff3cd1ad282ff1720923ef07152602aa081ddbee2b3a8430b0367c89460db676d38ca3a3f104b53b2976385694fadd65e9b563,2020-01-01 14:00:00,30,STOP SIGN/FLASHER,FUNCTIONING PROPERLY,CLEAR,DAYLIGHT,REAR END,NOT DIVIDED,STRAIGHT AND LEVEL,DRY,NO DEFECTS,NO INJURY / DRIVE AWAY,"$501 - $1,500",FOLLOWING TOO CLOSELY,PHYSICAL CONDITION OF DRIVER,10000,S,DR MARTIN LUTHER KING JR DR,2,NO INDICATION OF INJURY,0.0,0.0,0.0,0.0,0.0,2.0,0.0,14,4,1
149bfd539bb7e3adf2b71126353fc2b6eb6927cc985aa82c18bda338d2b0697f2d64b10a6a738d2614b0fb8e7bfd287391c5c4d6ed8f3d48e74c6bd48bfcfc6a,2017-10-28 13:20:00,30,TRAFFIC SIGNAL,FUNCTIONING PROPERLY,RAIN,DAYLIGHT,TURNING,NOT DIVIDED,STRAIGHT AND LEVEL,WET,NO DEFECTS,INJURY AND / OR TOW DUE TO CRASH,"$501 - $1,500",DISTRACTION - FROM INSIDE VEHICLE,IMPROPER TURNING/NO SIGNAL,1776,W,PETERSON AVE,2,NO INDICATION OF INJURY,0.0,0.0,0.0,0.0,0.0,2.0,0.0,13,7,10
a6be101842b958ea53e97aa9c542b6ef5479c4bc6ff0fe1d2b9e3cef0ea5ff2603fafe42b19795ad7b8624b4dad78bc1e49c53737e1fded1fc9ea99dfe068a97,2023-11-16 17:00:00,30,TRAFFIC SIGNAL,UNKNOWN,CLEAR,DARKNESS,REAR END,NOT DIVIDED,STRAIGHT AND LEVEL,UNKNOWN,UNKNOWN,NO INJURY / DRIVE AWAY,"OVER $1,500",UNABLE TO DETERMINE,NOT APPLICABLE,4900,W,FULLERTON AVE,3,NO INDICATION OF INJURY,0.0,0.0,0.0,0.0,0.0,3.0,0.0,17,5,11
bb91d549b6c2805db0899a14e5416f9b275c61c62f5cc0aa9d9f44c0454c426821ee9ae91f424cc6ab6f23667fe51c5e545322eaea09b2665b0033e1449cf601,2019-07-17 17:57:00,30,NO CONTROLS,NO CONTROLS,CLEAR,DUSK,REAR END,NOT DIVIDED,STRAIGHT AND LEVEL,DRY,NO DEFECTS,NO INJURY / DRIVE AWAY,"$501 - $1,500",FOLLOWING TOO CLOSELY,FAILING TO YIELD RIGHT-OF-WAY,340,S,COLUMBUS DR,2,NO INDICATION OF INJURY,0.0,0.0,0.0,0.0,0.0,3.0,0.0,17,4,7
dd114df00634a7eee371d8146694f0a4ba6d56fa6686ad27f60cfe3c13e32c22b1293702d93f04b4e9f351947132f24194aaa16fb48cba367ee238abae59f375,2017-09-16 23:55:00,30,TRAFFIC SIGNAL,UNKNOWN,CLEAR,"DARKNESS, LIGHTED ROAD",REAR END,DIVIDED - W/MEDIAN BARRIER,STRAIGHT AND LEVEL,DRY,NO DEFECTS,NO INJURY / DRIVE AWAY,"$501 - $1,500",FOLLOWING TOO CLOSELY,UNABLE TO DETERMINE,2449,W,LAWRENCE AVE,2,NO INDICATION OF INJURY,0.0,0.0,0.0,0.0,0.0,2.0,0.0,23,7,9
c7ecdbf04d454a4f096bec18428e4a46961fa49d9d401c4186c2796d44e144fe3cfaf214a4b6221a536491744f6ab8bbb33ced2add422c120e74ab89a0300aad,2019-07-19 08:19:00,40,NO CONTROLS,NO CONTROLS,CLEAR,DAYLIGHT,REAR END,DIVIDED - W/MEDIAN BARRIER,STRAIGHT AND LEVEL,DRY,NO DEFECTS,NO INJURY / DRIVE AWAY,$500 OR LESS,FOLLOWING TOO CLOSELY,FAILING TO REDUCE SPEED TO AVOID CRASH,1600,S,LAKE SHORE DR E,2,NO INDICATION OF INJURY,0.0,0.0,0.0,0.0,0.0,2.0,0.0,8,6,7
937ce6422f92708a595f3415b1bc39d0a1b00bb655e08442b3663c352b495759185c40d94dbb3f1956da0f08322580b94009ec6b12c8de6e9f20443c6a1fb5f8,2018-07-27 19:05:00,30,TRAFFIC SIGNAL,FUNCTIONING PROPERLY,CLEAR,DAYLIGHT,REAR END,NOT DIVIDED,STRAIGHT AND LEVEL,DRY,NO DEFECTS,NO INJURY / DRIVE AWAY,"OVER $1,500",FOLLOWING TOO CLOSELY,NOT APPLICABLE,6500,S,WESTERN AVE,2,NO INDICATION OF INJURY,0.0,0.0,0.0,0.0,0.0,2.0,0.0,19,6,7
364d958a12ef700c537ad9391cdcdbbc6af5c2c1271f64fec7841452a671458e0514c533e4d1b04201fc48e799a894d807cbfe9cd7b763b1de0d9b024379db25,2020-10-02 09:01:00,30,UNKNOWN,UNKNOWN,CLEAR,DAYLIGHT,PARKED MOTOR VEHICLE,NOT DIVIDED,STRAIGHT AND LEVEL,DRY,NO DEFECTS,NO INJURY / DRIVE AWAY,$500 OR LESS,UNABLE TO DETERMINE,UNABLE TO DETERMINE,1015,W,LAWRENCE AVE,2,NO INDICATION OF INJURY,0.0,0.0,0.0,0.0,0.0,1.0,0.0,9,6,10
e73d84c30f1225eb57be353326e495c6104db1474c08c3eff62272ebe3bd9e68f8001127013b72e46427843e71ad569c05fe260f80c1a418fd8929ebd21716e6,2018-08-11 14:30:00,15,NO CONTROLS,NO CONTROLS,CLEAR,DAYLIGHT,PARKED MOTOR VEHICLE,ONE-WAY,STRAIGHT AND LEVEL,DRY,NO DEFECTS,NO INJURY / DRIVE AWAY,"OVER $1,500",UNABLE TO DETERMINE,UNABLE TO DETERMINE,3437,W,SCHOOL ST,2,NO INDICATION OF INJURY,0.0,0.0,0.0,0.0,0.0,1.0,0.0,14,7,8
8bf192f2d79ba3e93fec269cf03e60eb079611d2683891e09b5ded53dbb2c89b8cd0c100510c7bd7ae605c470bb4946c391948435ee0f8a778fa2961cee997e3,2024-04-10 12:55:00,30,STOP SIGN/FLASHER,FUNCTIONING PROPERLY,CLEAR,DAYLIGHT,TURNING,NOT DIVIDED,STRAIGHT AND LEVEL,DRY,NO DEFECTS,NO INJURY / DRIVE AWAY,"$501 - $1,500",UNABLE TO DETERMINE,UNABLE TO DETERMINE,2330,W,70TH ST,2,NO INDICATION OF INJURY,0.0,0.0,0.0,0.0,0.0,2.0,0.0,12,4,4
351a96868e7f730fa61dd4374ba5fb6a34ff03a98f4265bafd39aca87635f8e9119641d0a14a0e4d2d2780122181db264071cdcaf5689bfc81edef75e6a6bc9a,2019-11-13 04:25:00,30,TRAFFIC SIGNAL,FUNCTIONING PROPERLY,CLEAR,"DARKNESS, LIGHTED ROAD",FIXED OBJECT,DIVIDED - W/MEDIAN BARRIER,STRAIGHT AND LEVEL,ICE,NO DEFECTS,INJURY AND / OR TOW DUE TO CRASH,"OVER $1,500",DISTRACTION - FROM INSIDE VEHICLE,FAILING TO REDUCE SPEED TO AVOID CRASH,600,S,ASHLAND AVE,1,NO INDICATION OF INJURY,0.0,0.0,0.0,0.0,0.0,2.0,0.0,4,4,11
e050336a2ab58cd1e8ef02a47cf042e3d63f2e193aa02698eae45faf22f7eb6866d4464db644a3387c6492e3a8d1f4b32a8b4e118d8630e46b80729f3a58a0e3,2020-07-30 21:25:00,30,NO CONTROLS,NO CONTROLS,CLEAR,DAYLIGHT,FIXED OBJECT,DIVIDED - W/MEDIAN BARRIER,STRAIGHT AND LEVEL,DRY,NO DEFECTS,NO INJURY / DRIVE AWAY,"$501 - $1,500",UNABLE TO DETERMINE,NOT APPLICABLE,750,N,ASHLAND AVE,1,NO INDICATION OF INJURY,0.0,0.0,0.0,0.0,0.0,1.0,0.0,21,5,7
8849f948bef11caeb03753de4dd40c3c01f0f833feb28a31de40461b77f0ffcaa610c5f70cb4eddf776ab007d2ef80d28e6a9b089953e3e0c41fc0ef7e9bb106,2017-09-01 18:10:00,30,TRAFFIC SIGNAL,NO CONTROLS,CLEAR,DAYLIGHT,REAR END,NOT DIVIDED,STRAIGHT AND LEVEL,DRY,NO DEFECTS,NO INJURY / DRIVE AWAY,"OVER $1,500",IMPROPER BACKING,NOT APPLICABLE,600,N,HALSTED ST,2,NO INDICATION OF INJURY,0.0,0.0,0.0,0.0,0.0,2.0,0.0,18,6,9
a954afb658eb471957dd53ee1415c4c75c943b9e4e7800e35e7cab4f770168866db15b760efe3ed36392de93286f291462898a8a06738edbdd1d407fbbb02210,2022-01-23 01:00:00,30,STOP SIGN/FLASHER,FUNCTIONING PROPERLY,SNOW,"DARKNESS, LIGHTED ROAD",ANGLE,FOUR WAY,STRAIGHT AND LEVEL,SNOW OR SLUSH,NO DEFECTS,INJURY AND / OR TOW DUE TO CRASH,"OVER $1,500",FAILING TO YIELD RIGHT-OF-WAY,UNABLE TO DETERMINE,3031,W,JACKSON BLVD,2,"REPORTED, NOT EVIDENT",2.0,0.0,0.0,0.0,2.0,2.0,0.0,1,1,1
86c5938a1b3637288e400310081fa54027191a8d4d60ac02a555f3cfec534475730761bac0c418e9b8287642cc3956a3d30a55d3321638b473376b714a014173,2017-08-07 16:26:00,25,STOP SIGN/FLASHER,FUNCTIONING PROPERLY,CLEAR,DAYLIGHT,PEDALCYCLIST,NOT DIVIDED,STRAIGHT AND LEVEL,DRY,NO DEFECTS,INJURY AND / OR TOW DUE TO CRASH,$500 OR LESS,FAILING TO YIELD RIGHT-OF-WAY,NOT APPLICABLE,4200,N,CALIFORNIA AVE,2,"REPORTED, NOT EVIDENT",1.0,0.0,0.0,0.0,1.0,2.0,0.0,16,2,8
08b9989a56b0748aa2aabadd407fcdd9e1f10e805918ef97453892c8643d56ada5b5a68f6216f6551290c4feb86268966eda2a39500c695496baa726c49360cc,2022-12-05 11:00:00,25,NO CONTROLS,NO CONTROLS,UNKNOWN,UNKNOWN,PARKED MOTOR VEHICLE,ONE-WAY,STRAIGHT AND LEVEL,UNKNOWN,UNKNOWN,NO INJURY / DRIVE AWAY,"OVER $1,500",UNABLE TO DETERMINE,UNABLE TO DETERMINE,325,W,WELLINGTON AVE,2,NO INDICATION OF INJURY,0.0,0.0,0.0,0.0,0.0,1.0,0.0,11,2,12
c964b556bf4dfda145840318241253f3dbe617e325cb9250454d1682e710b77c405340dc133e0e77363e7249f767fa4a5c2fb64ab705972a8e6360dc2cd47499,2018-10-09 07:12:00,30,STOP SIGN/FLASHER,FUNCTIONING PROPERLY,CLEAR,DAYLIGHT,ANGLE,DIVIDED - W/MEDIAN (NOT RAISED),STRAIGHT AND LEVEL,DRY,NO DEFECTS,INJURY AND / OR TOW DUE TO CRASH,"OVER $1,500",NOT APPLICABLE,NOT APPLICABLE,8200,S,STONY ISLAND AVE,2,NONINCAPACITATING INJURY,1.0,0.0,0.0,1.0,0.0,1.0,0.0,7,3,10
bb7d34985760fc159e13956f66f5749c48c4aa6ea6715c060eeb6b9e8e51290010fc3a66880a10bb58ea3d641d3628783a36655c12c0720ff9a87a13879c61fa,2023-07-22 20:00:00,30,TRAFFIC SIGNAL,FUNCTIONING PROPERLY,CLEAR,"DARKNESS, LIGHTED ROAD",TURNING,NOT DIVIDED,STRAIGHT AND LEVEL,DRY,NO DEFECTS,NO INJURY / DRIVE AWAY,"OVER $1,500",FOLLOWING TOO CLOSELY,FOLLOWING TOO CLOSELY,605,N,MICHIGAN AVE,2,NO INDICATION OF INJURY,0.0,0.0,0.0,0.0,0.0,2.0,0.0,20,7,7
06e35be262b739d885e629e8016c47e19357b461fc3aefc578850b73043c3989884def60a8b58d40052fce65d0064897835b0c7532b971a2d5456c15511d1df5,2023-05-10 01:44:00,0,NO CONTROLS,NO CONTROLS,CLEAR,DARKNESS,FIXED OBJECT,OTHER,"CURVE, LEVEL",DRY,OTHER,NO INJURY / DRIVE AWAY,"OVER $1,500",UNABLE TO DETERMINE,NOT APPLICABLE,1040,W,111TH ST,1,NO INDICATION OF INJURY,0.0,0.0,0.0,0.0,0.0,2.0,0.0,1,4,5
2a7d1e3851db0d863c1f34edb24bd9d53ae360813f79f82e87354405238e1aab3fcc305a5a1881c38b3935fa35c4067a34f031e6ed9992913071925165f64eb3,2021-05-29 16:30:00,30,NO CONTROLS,NO CONTROLS,CLEAR,DAYLIGHT,TURNING,DIVIDED - W/MEDIAN BARRIER,STRAIGHT AND LEVEL,DRY,NO DEFECTS,NO INJURY / DRIVE AWAY,"OVER $1,500",IMPROPER TURNING/NO SIGNAL,UNABLE TO DETERMINE,8000,S,STONY ISLAND AVE,2,NO INDICATION OF INJURY,0.0,0.0,0.0,0.0,0.0,4.0,0.0,16,7,5
2413c7918c147ca4340dc11167f85c6d2078f33bd82289398574b68e5ea558b1bd4f0da43ea1eef117941d66b925e8752ea74edbfea17ad80c49d29848acd14b,2021-10-30 12:25:00,30,NO CONTROLS,NO CONTROLS,CLOUDY/OVERCAST,DAYLIGHT,PARKED MOTOR VEHICLE,ONE-WAY,STRAIGHT AND LEVEL,DRY,NO DEFECTS,NO INJURY / DRIVE AWAY,$500 OR LESS,DRIVING SKILLS/KNOWLEDGE/EXPERIENCE,NOT APPLICABLE,5248,S,SPAULDING AVE,2,NO INDICATION OF INJURY,0.0,0.0,0.0,0.0,0.0,1.0,0.0,12,7,10
63058ad6e5bcc0f9d54068ece3d6f6540a12ad723c4f6380eb54be6078e7e8acb42a949cd72c76a49765bcc774c4fe2679ae3175d83e225e18b78e1470a56bb8,2019-07-23 15:15:00,15,TRAFFIC SIGNAL,FUNCTIONING IMPROPERLY,CLEAR,DAYLIGHT,SIDESWIPE SAME DIRECTION,DIVIDED - W/MEDIAN BARRIER,STRAIGHT AND LEVEL,DRY,NO DEFECTS,NO INJURY / DRIVE AWAY,"$501 - $1,500","OPERATING VEHICLE IN ERRATIC, RECKLESS, CARELESS, NEGLIGENT OR AGGRESSIVE MANNER",UNABLE TO DETERMINE,11458,S,HALSTED ST,2,NO INDICATION OF INJURY,0.0,0.0,0.0,0.0,0.0,2.0,0.0,15,3,7
940880718ba18c2e99ff8f2cfbeaa2eba3a715dc5a2f0e28cc2c54bc9edbb2c40273e830af47f74c1408b77218a24a7aeb9a77df147af7bcb0fb6d5cf9177d62,2023-11-13 07:00:00,30,NO CONTROLS,NO CONTROLS,UNKNOWN,UNKNOWN,PARKED MOTOR VEHICLE,ONE-WAY,STRAIGHT AND LEVEL,DRY,UNKNOWN,NO INJURY / DRIVE AWAY,$500 OR LESS,UNABLE TO DETERMINE,NOT APPLICABLE,2921,N,BROADWAY,2,NO INDICATION OF INJURY,0.0,0.0,0.0,0.0,0.0,1.0,0.0,7,2,11
0eb9fb246d842631e514b5e967e9f2c2bf41082aa96e19a5a6523aa0efbb437ad527d99df038f3300fca1594668b57c0d5ba2ae1df5ce1bdcdcfa6c7e504f914,2021-06-26 12:20:00,30,STOP SIGN/FLASHER,FUNCTIONING PROPERLY,RAIN,DAYLIGHT,TURNING,NOT DIVIDED,STRAIGHT AND LEVEL,WET,NO DEFECTS,NO INJURY / DRIVE AWAY,"OVER $1,500",IMPROPER TURNING/NO SIGNAL,NOT APPLICABLE,5500,S,PARKSIDE AVE,2,NO INDICATION OF INJURY,0.0,0.0,0.0,0.0,0.0,3.0,0.0,12,7,6
8ddbcd13bf802c36e538952e3055c02959f933095375a844f7e23bd67b7eae60ed81ccacd824588375eecca4c3be5ec3fb261bc4cf1ad9ffe77dcb2466616223,2016-08-30 06:45:00,30,NO CONTROLS,NO CONTROLS,FOG/SMOKE/HAZE,DAYLIGHT,PARKED MOTOR VEHICLE,NOT DIVIDED,STRAIGHT AND LEVEL,DRY,NO DEFECTS,NO INJURY / DRIVE AWAY,$500 OR LESS,UNABLE TO DETERMINE,UNABLE TO DETERMINE,4300,S,WENTWORTH AVE,2,NO INDICATION OF INJURY,0.0,0.0,0.0,0.0,0.0,1.0,0.0,6,3,8
62fa954a0b78c9b718f4746c5fc179866deebc41f86abaff9ca0c2b5cf24937f51ca3e1e4c23d2d240aa2a647de888b3363bf46cf391653ab75adfa85502b5e1,2020-04-18 15:00:00,15,NO CONTROLS,NO CONTROLS,CLEAR,DAYLIGHT,PARKED MOTOR VEHICLE,ONE-WAY,STRAIGHT AND LEVEL,DRY,NO DEFECTS,INJURY AND / OR TOW DUE TO CRASH,"OVER $1,500",UNABLE TO DETERMINE,UNABLE TO DETERMINE,12817,S,WALLACE ST,2,NO INDICATION OF INJURY,0.0,0.0,0.0,0.0,0.0,1.0,0.0,15,7,4
23db5141a1b00dd0343e5bed488b7c4d278674d3e5ffb338f18532a5544bcbb71d2fac22b4450238655fd3d77863f921a3664c70e97114746a50a796f71ed0e8,2020-08-30 00:10:00,30,TRAFFIC SIGNAL,FUNCTIONING PROPERLY,CLEAR,"DARKNESS, LIGHTED ROAD",REAR END,ONE-WAY,STRAIGHT AND LEVEL,DRY,NO DEFECTS,INJURY AND / OR TOW DUE TO CRASH,"OVER $1,500",FOLLOWING TOO CLOSELY,UNABLE TO DETERMINE,727,S,JEFFERSON ST,2,"REPORTED, NOT EVIDENT",1.0,0.0,0.0,0.0,1.0,2.0,0.0,0,1,8
0619425b053efad4b98c7487920ee103594648dc623b8f17f27c0560b6041c7d6ee3919d40640c7af85fb330eb7a16ff71eb2d03bde7422537d72fa65c4c9ca0,2023-02-08 08:30:00,30,TRAFFIC SIGNAL,FUNCTIONING PROPERLY,CLEAR,DAYLIGHT,HEAD ON,FOUR WAY,STRAIGHT AND LEVEL,WET,NO DEFECTS,INJURY AND / OR TOW DUE TO CRASH,"OVER $1,500",FAILING TO REDUCE SPEED TO AVOID CRASH,NOT APPLICABLE,5001,W,FULLERTON AVE,2,NONINCAPACITATING INJURY,1.0,0.0,0.0,1.0,0.0,1.0,0.0,8,4,2
73937a81ec1e5be7e70cfc18721397904e59fff83db84ec230bee70c13b26053cfd49372e773a2e257ec9c43d8d4b556dac1be0bd3a647594a4cc191865011f7,2019-02-10 06:54:00,30,NO CONTROLS,NO CONTROLS,CLEAR,DAWN,SIDESWIPE SAME DIRECTION,ONE-WAY,STRAIGHT AND LEVEL,DRY,NO DEFECTS,NO INJURY / DRIVE AWAY,"OVER $1,500",IMPROPER BACKING,UNABLE TO DETERMINE,4345,W,LEXINGTON ST,2,NO INDICATION OF INJURY,0.0,0.0,0.0,0.0,0.0,2.0,0.0,6,1,2
8fda46c54048e8a54cb39651b264fa205493232eb473b48e09643aa3323aa7078474e4ac7749034f392a4e2a9a7b2e89f46e441ca7cadd224f094352deb177e8,2023-02-26 12:42:00,30,TRAFFIC SIGNAL,FUNCTIONING PROPERLY,CLEAR,DAYLIGHT,REAR END,FOUR WAY,STRAIGHT AND LEVEL,DRY,NO DEFECTS,NO INJURY / DRIVE AWAY,"OVER $1,500",FOLLOWING TOO CLOSELY,DRIVING SKILLS/KNOWLEDGE/EXPERIENCE,2354,S,BLUE ISLAND AVE,2,NO INDICATION OF INJURY,0.0,0.0,0.0,0.0,0.0,2.0,0.0,12,1,2
892b5cfaa5e8b0890cc49eeaac067bf3fe18226f3f641fcbdd3f3898a3395c9740a04c89252ab044efe458cdad82bc3fde97d9f84facb5bb7c33400cf6cf23ef,2019-09-11 11:15:00,30,NO CONTROLS,NO CONTROLS,CLEAR,DAYLIGHT,PARKED MOTOR VEHICLE,NOT DIVIDED,STRAIGHT AND LEVEL,UNKNOWN,UNKNOWN,NO INJURY / DRIVE AWAY,"OVER $1,500",IMPROPER BACKING,NOT APPLICABLE,3557,S,WALLACE ST,2,NO INDICATION OF INJURY,0.0,0.0,0.0,0.0,0.0,2.0,0.0,11,4,9
4b2f3aec61a4969bf8be504c88cef672421e54bae9b9a31d65091277af1b0f20f22e5b9edb7be8cce13226abd77d8d038e3817e9d0b3a1ec20e48b1ba6e78492,2023-07-15 15:20:00,30,NO CONTROLS,NO CONTROLS,CLEAR,DAYLIGHT,REAR END,NOT DIVIDED,STRAIGHT AND LEVEL,DRY,NO DEFECTS,NO INJURY / DRIVE AWAY,"OVER $1,500",FOLLOWING TOO CLOSELY,NOT APPLICABLE,4445,N,PULASKI RD,2,NO INDICATION OF INJURY,0.0,0.0,0.0,0.0,0.0,3.0,0.0,15,7,7
b18d7fc2f42cf6203944a970a9e372fe8203db7a31ccc2aa5fd6faf78225132722a2e992944d783ee187afdd41380176607dbd9af6ef87cd130baaaf950d249f,2023-08-31 09:20:00,30,NO CONTROLS,NO CONTROLS,CLEAR,DAYLIGHT,TURNING,NOT DIVIDED,STRAIGHT AND LEVEL,DRY,NO DEFECTS,NO INJURY / DRIVE AWAY,"OVER $1,500",FAILING TO YIELD RIGHT-OF-WAY,FAILING TO YIELD RIGHT-OF-WAY,645,E,87TH ST,2,NO INDICATION OF INJURY,0.0,0.0,0.0,0.0,0.0,2.0,0.0,9,5,8