CRASH_RECORD_ID,CRASH_DATE,POSTED_SPEED_LIMIT,TRAFFIC_CONTROL_DEVICE,DEVICE_CONDITION,WEATHER_CONDITION,LIGHTING_CONDITION,FIRST_CRASH_TYPE,TRAFFICWAY_TYPE,ALIGNMENT,ROADWAY_SURFACE_COND,ROAD_DEFECT,CRASH_TYPE,DAMAGE,PRIM_CONTRIBUTORY_CAUSE,SEC_CONTRIBUTORY_CAUSE,STREET_NO,STREET_DIRECTION,STREET_NAME,NUM_UNITS,MOST_SEVERE_INJURY,INJURIES_TOTAL,INJURIES_FATAL,INJURIES_INCAPACITATING,INJURIES_NON_INCAPACITATING,INJURIES_REPORTED_NOT_EVIDENT,INJURIES_NO_INDICATION,INJURIES_UNKNOWN,CRASH_HOUR,CRASH_DAY_OF_WEEK,CRASH_MONTH
58b50162f4fdd08982f4b994093a180005af2e8e1c0a92a3adc6229733aaa33e930a27903747b96d4757ea070d2be04935d7e712b14d3d720499396fa5e83fb0,2020-07-10 16:24:00,35,NO CONTROLS,NOT FUNCTIONING,CLEAR,DAYLIGHT,TURNING,OTHER,STRAIGHT AND LEVEL,DRY,NO DEFECTS,NO INJURY / DRIVE AWAY,"OVER $1,500",UNABLE TO DETERMINE,NOT APPLICABLE,5463,S,PRINCETON AVE,2,NO INDICATION OF INJURY,0.0,0.0,0.0,0.0,0.0,4.0,0.0,16,6,7
daf1971ab56653bea661605a17d3948bbc1b0494b4c38c389c965a9a1d02bdc1950fe266a0fd95634e80a753bd9e91873023d9be66d5b14053a583abc3a7b3a9,2018-03-09 13:50:00,15,TRAFFIC SIGNAL,FUNCTIONING PROPERLY,CLEAR,DAYLIGHT,TURNING,NOT DIVIDED,STRAIGHT AND LEVEL,DRY,NO DEFECTS,NO INJURY / DRIVE AWAY,"OVER $1,500",FAILING TO YIELD RIGHT-OF-WAY,UNABLE TO DETERMINE,7900,S,STONY ISLAND AVE,2,NO INDICATION OF INJURY,0.0,0.0,0.0,0.0,0.0,3.0,0.0,13,6,3
a63bda4a12bbac1e4d8b9156f819d8dcc6b9c7e983c911861e9d89275bc018faf3b9d3ac0ae55275a2843c90b05d93b353c0b7b2d5ff92b45a846c99193c5e4d,2023-06-14 13:46:00,30,TRAFFIC SIGNAL,FUNCTIONING PROPERLY,CLEAR,DAYLIGHT,TURNING,DIVIDED - W/MEDIAN (NOT RAISED),STRAIGHT AND LEVEL,DRY,NO DEFECTS,INJURY AND / OR TOW DUE TO CRASH,"OVER $1,500",FAILING TO REDUCE SPEED TO AVOID CRASH,FAILING TO REDUCE SPEED TO AVOID CRASH,4000,N,CICERO AVE,2,INCAPACITATING INJURY,1.0,0.0,1.0,0.0,0.0,1.0,0.0,13,4,6
370a1eab5a8cc49b4a70c3691a862c0a524b50c4a6d8cf27c5e8175a4871803c4d47eb0761d06a5b1c702502112ad46fa6e0bdbfefc59164145958b5673c6626,2021-11-12 13:27:00,30,NO CONTROLS,NO CONTROLS,RAIN,UNKNOWN,PARKED MOTOR VEHICLE,NOT DIVIDED,STRAIGHT AND LEVEL,WET,NO DEFECTS,NO INJURY / DRIVE AWAY,"OVER $1,500",UNABLE TO DETERMINE,UNABLE TO DETERMINE,1898,W,69TH ST,4,NO INDICATION OF INJURY,0.0,0.0,0.0,0.0,0.0,3.0,0.0,13,6,11
0943634de92a792214a3854e659e85e17d057fc082a79ec45bb66795d1ecb25cd8b5dfbfeaea4ab45a114821edf4b209db574c9be2c713d539d4853a665bf43e,2023-07-11 14:25:00,30,TRAFFIC SIGNAL,FUNCTIONING PROPERLY,RAIN,DAYLIGHT,REAR END,FOUR WAY,STRAIGHT AND LEVEL,WET,UNKNOWN,NO INJURY / DRIVE AWAY,"OVER $1,500",UNABLE TO DETERMINE,NOT APPLICABLE,3944,W,16TH ST,2,NO INDICATION OF INJURY,0.0,0.0,0.0,0.0,0.0,2.0,0.0,14,3,7
302790a7b91ec54540400fede7123ab6c7ba25566cf699418acf7a09e677c376ae33f02c8ade52e3123ac23785d76daba3e0fba4cee45c74dea4848001da7c2b,2020-08-23 11:03:00,30,NO CONTROLS,NO CONTROLS,CLEAR,DAYLIGHT,TURNING,NOT DIVIDED,STRAIGHT AND LEVEL,DRY,NO DEFECTS,NO INJURY / DRIVE AWAY,"OVER $1,500",UNABLE TO DETERMINE,UNABLE TO DETERMINE,2042,S,HALSTED ST,2,NO INDICATION OF INJURY,0.0,0.0,0.0,0.0,0.0,2.0,0.0,11,1,8
099c6522b49071338ef90e1e62ceae9cf6352100253181db7e6719aabd915a5fad14d4110c89491b6034f404ee34f08dda41d6b2b71e6f862a8b1c127cde52ba,2019-04-14 15:00:00,20,NO CONTROLS,NO CONTROLS,SNOW,DAYLIGHT,PARKED MOTOR VEHICLE,ONE-WAY,STRAIGHT AND LEVEL,SNOW OR SLUSH,NO DEFECTS,INJURY AND / OR TOW DUE TO CRASH,"$501 - $1,500",UNABLE TO DETERMINE,UNABLE TO DETERMINE,3825,N,SPAULDING AVE,2,NO INDICATION OF INJURY,0.0,0.0,0.0,0.0,0.0,1.0,0.0,15,1,4
6b5ce5dc97c16230b4a26c200122987e39004af8e495c400f2a3bcc8ab4bfadbcad98dcde7ddd1834a2a7d13a0abdf576d8d134726856c708f36004244decc76,2017-06-05 02:10:00,30,TRAFFIC SIGNAL,FUNCTIONING PROPERLY,CLEAR,"DARKNESS, LIGHTED ROAD",REAR END,DIVIDED - W/MEDIAN (NOT RAISED),STRAIGHT AND LEVEL,DRY,NO DEFECTS,NO INJURY / DRIVE AWAY,"OVER $1,500",PHYSICAL CONDITION OF DRIVER,FOLLOWING TOO CLOSELY,7240,W,DEVON AVE,2,NO INDICATION OF INJURY,0.0,0.0,0.0,0.0,0.0,2.0,0.0,2,2,6
ae59c1a29f24500587fe55a7fffd1130461bc602f7af2d4babebf24c6d39ffa8fa3cff640f1e659304f1364b12e6c036e6ee286728c8a444587b5578616ae83c,2019-07-09 23:02:00,25,NO CONTROLS,NO CONTROLS,CLEAR,"DARKNESS, LIGHTED ROAD",PARKED MOTOR VEHICLE,NOT DIVIDED,STRAIGHT AND LEVEL,DRY,UNKNOWN,INJURY AND / OR TOW DUE TO CRASH,"OVER $1,500","OPERATING VEHICLE IN ERRATIC, RECKLESS, CARELESS, NEGLIGENT OR AGGRESSIVE MANNER",UNABLE TO DETERMINE,5124,W,AUGUSTA BLVD,2,NO INDICATION OF INJURY,0.0,0.0,0.0,0.0,0.0,1.0,0.0,23,3,7
1ced66590d2366f200cd3283fc2cb770dd162a60675d90f7df257a18434424e9924de939b603fd8648a14cab8846efaae7827d0115fa63b39fce0a11e81b9364,2022-06-17 09:30:00,30,STOP SIGN/FLASHER,OTHER,CLEAR,DAYLIGHT,ANIMAL,DIVIDED - W/MEDIAN BARRIER,STRAIGHT ON GRADE,DRY,NO DEFECTS,NO INJURY / DRIVE AWAY,"$501 - $1,500",ANIMAL,NOT APPLICABLE,3530,S,LITUANICA AVE,1,NO INDICATION OF INJURY,0.0,0.0,0.0,0.0,0.0,1.0,0.0,9,6,6
b7eab50f98e498e778d0ff6fd4bafc57a381c75bfbd908b7907aef1ce10b84039eac9a59b7c0151514542952a020b1a57bfd75441e1c849ffdb3e3961170546d,2021-06-17 21:00:00,30,TRAFFIC SIGNAL,FUNCTIONING PROPERLY,CLEAR,"DARKNESS, LIGHTED ROAD",REAR END,NOT DIVIDED,STRAIGHT ON GRADE,DRY,UNKNOWN,INJURY AND / OR TOW DUE TO CRASH,"OVER $1,500",FOLLOWING TOO CLOSELY,UNABLE TO DETERMINE,2312,N,ASHLAND AVE,3,NO INDICATION OF INJURY,0.0,0.0,0.0,0.0,0.0,5.0,0.0,21,5,6
666f5dafc39d1cf7b77aa1115fcca43dbf959296006aebc6c7b4cebe5eaf9923ed4bf7a70bd845f19f1372f9aaf697e9772d004a6d6d3f892d2b3f74a5afd0b9,2022-04-11 20:40:00,30,NO CONTROLS,NO CONTROLS,CLEAR,"DARKNESS, LIGHTED ROAD",TURNING,FOUR WAY,STRAIGHT AND LEVEL,DRY,UNKNOWN,NO INJURY / DRIVE AWAY,"OVER $1,500",UNABLE TO DETERMINE,UNABLE TO DETERMINE,6336,S,ASHLAND AVE,2,NO INDICATION OF INJURY,0.0,0.0,0.0,0.0,0.0,2.0,0.0,20,2,4
59b8a7113fdccbeaa675e7f42e3f338450152480c3f310923ec27897658927c695b35c8b4ccf7b04007342015a2ec873dcba27906c149bdfc8d6ce681b423921,2022-07-20 19:15:00,30,NO CONTROLS,NO CONTROLS,CLEAR,DAYLIGHT,PARKED MOTOR VEHICLE,ONE-WAY,STRAIGHT AND LEVEL,DRY,NO DEFECTS,NO INJURY / DRIVE AWAY,"$501 - $1,500",IMPROPER BACKING,NOT APPLICABLE,2830,N,MARMORA AVE,2,NO INDICATION OF INJURY,0.0,0.0,0.0,0.0,0.0,1.0,0.0,19,4,7
7db09f379067fd941cacfb26ad3205c7bd424ba075440efa2788fd03ed1af4ac8ce7ff0cdff0aec0f9a445c6556a8d06ef2c124d2945de1b4cdabacc2b9e3d29,2019-05-20 20:00:00,30,NO CONTROLS,NO CONTROLS,CLEAR,DUSK,OTHER OBJECT,PARKING LOT,STRAIGHT AND LEVEL,DRY,UNKNOWN,NO INJURY / DRIVE AWAY,"$501 - $1,500",NOT APPLICABLE,NOT APPLICABLE,6528,S,DR MARTIN LUTHER KING JR DR,1,NO INDICATION OF INJURY,0.0,0.0,0.0,0.0,0.0,1.0,0.0,20,2,5
c0f1ccb3720646ea3eaaa2a4be783166e8d7382367688513aecc5f2fc3a539b911ca3d20a4defb70eac8ab3a83b19509426e332ae1cd48b3ca5937dc97022229,2022-07-03 19:00:00,20,NO CONTROLS,NO CONTROLS,CLEAR,DAYLIGHT,ANGLE,NOT DIVIDED,STRAIGHT AND LEVEL,DRY,NO DEFECTS,NO INJURY / DRIVE AWAY,"OVER $1,500",UNABLE TO DETERMINE,NOT APPLICABLE,2731,W,45TH ST,2,NO INDICATION OF INJURY,0.0,0.0,0.0,0.0,0.0,4.0,0.0,19,1,7
7a1516a8fd14eb84ed8d1b917d16022e51476ba9d94d65eccdb81f57a031a63d8f538b9e8c628b3248f541047fd22ff1c3a5f9470941770f56b70f397c55c870,2023-03-22 11:30:00,30,NO CONTROLS,NO CONTROLS,CLEAR,DAYLIGHT,PARKED MOTOR VEHICLE,NOT DIVIDED,STRAIGHT AND LEVEL,DRY,NO DEFECTS,NO INJURY / DRIVE AWAY,"$501 - $1,500",IMPROPER BACKING,NOT APPLICABLE,3446,W,26TH ST,2,NO INDICATION OF INJURY,0.0,0.0,0.0,0.0,0.0,1.0,0.0,11,4,3
f16890b9e58945334156517ec24a392c3d8e36aed0a4ac7925300f43ea8323963140709053b5ffdb00cdf7a724e6c289b7794ad0ee2b84ba266a231e90aacf4a,2021-10-18 15:30:00,35,UNKNOWN,UNKNOWN,CLEAR,DAWN,PEDESTRIAN,FOUR WAY,STRAIGHT AND LEVEL,DRY,UNKNOWN,INJURY AND / OR TOW DUE TO CRASH,"OVER $1,500",FOLLOWING TOO CLOSELY,NOT APPLICABLE,247,S,STATE ST,2,NONINCAPACITATING INJURY,1.0,0.0,0.0,1.0,0.0,1.0,0.0,15,2,10
a3134e7acecfc0a8c5c9c150b4df403604a8cee40b6a9572eeb847e18c50b3fec1d3ed2b0bb1b75159389e4ec19026363784d3ad2d85b5cd6c180d303c569f01,2022-08-07 01:31:00,30,STOP SIGN/FLASHER,FUNCTIONING PROPERLY,CLEAR,"DARKNESS, LIGHTED ROAD",ANGLE,NOT DIVIDED,STRAIGHT AND LEVEL,DRY,NO DEFECTS,INJURY AND / OR TOW DUE TO CRASH,"OVER $1,500",FAILING TO YIELD RIGHT-OF-WAY,DRIVING SKILLS/KNOWLEDGE/EXPERIENCE,5200,W,FULTON ST,2,NONINCAPACITATING INJURY,3.0,0.0,0.0,3.0,0.0,0.0,0.0,1,1,8
92b0f66da1f1b6ba42a3bdefeaefdfb3d225aee9df1aa4655390675d2cb5a7b3af39f15e13f3fbf8d81cc899ed69637de57408e790cc4cac6f54ce2cb72b5048,2021-04-13 15:19:00,30,STOP SIGN/FLASHER,FUNCTIONING PROPERLY,CLEAR,DAYLIGHT,ANGLE,FOUR WAY,STRAIGHT AND LEVEL,DRY,NO DEFECTS,INJURY AND / OR TOW DUE TO CRASH,"OVER $1,500",DISREGARDING STOP SIGN,UNABLE TO DETERMINE,10200,S,LOWE AVE,2,NO INDICATION OF INJURY,0.0,0.0,0.0,0.0,0.0,2.0,0.0,15,3,4
9b6fa21a8b4ad5cd3a9651b8b79060b9016ca84ca92c9c5031c3d94680035cc1d7b01599c0de7807eddcb737722a1d4e882906133ad8f169a1e1a7c1d863fddc,2019-12-07 15:05:00,30,NO CONTROLS,NO CONTROLS,CLEAR,DAYLIGHT,TURNING,NOT DIVIDED,STRAIGHT AND LEVEL,DRY,NO DEFECTS,NO INJURY / DRIVE AWAY,"OVER $1,500",IMPROPER TURNING/NO SIGNAL,IMPROPER LANE USAGE,1550,N,LA SALLE DR,2,NO INDICATION OF INJURY,0.0,0.0,0.0,0.0,0.0,2.0,0.0,15,7,12
15602f5713e6752715c9704a1f2c7dab896093a799a7effd15f3d0f070908c2a33658049cbeb9585c1f9913bd89e33ff18cb7e73a015296ce5d2d3486bb9272a,2017-05-20 15:45:00,30,TRAFFIC SIGNAL,NO CONTROLS,CLOUDY/OVERCAST,DAYLIGHT,SIDESWIPE SAME DIRECTION,NOT DIVIDED,STRAIGHT AND LEVEL,DRY,NO DEFECTS,NO INJURY / DRIVE AWAY,"$501 - $1,500",FAILING TO YIELD RIGHT-OF-WAY,UNABLE TO DETERMINE,43,W,CONGRESS PKWY,2,NO INDICATION OF INJURY,0.0,0.0,0.0,0.0,0.0,3.0,0.0,15,7,5
b736922fab2ed8fe632985f9e7f219d00452ad30027aa23d9fa112362276fdabcb896c66370d6622f641da98f6066d8063c7decc3c40cc5da0c0f4153119e884,2018-11-29 20:09:00,20,NO CONTROLS,FUNCTIONING PROPERLY,CLEAR,DARKNESS,PARKED MOTOR VEHICLE,ONE-WAY,STRAIGHT AND LEVEL,WET,NO DEFECTS,NO INJURY / DRIVE AWAY,"OVER $1,500",DRIVING SKILLS/KNOWLEDGE/EXPERIENCE,DRIVING SKILLS/KNOWLEDGE/EXPERIENCE,620,W,ROSCOE ST,2,NO INDICATION OF INJURY,0.0,0.0,0.0,0.0,0.0,2.0,0.0,20,5,11
c8911ed9b412074c82d0781a56fb71785b94e2d3b0e5aac10eb02ddde79579d12af7872e9b6e06940c473cc8280ae0af421107e43bcf265381783491f34404b7,2021-10-20 17:35:00,30,NO CONTROLS,NO CONTROLS,CLEAR,DAYLIGHT,ANGLE,ONE-WAY,STRAIGHT AND LEVEL,DRY,NO DEFECTS,INJURY AND / OR TOW DUE TO CRASH,"OVER $1,500",UNABLE TO DETERMINE,UNABLE TO DETERMINE,6810,N,OAKLEY AVE,2,NO INDICATION OF INJURY,0.0,0.0,0.0,0.0,0.0,2.0,0.0,17,4,10
b52ef7d6f848e1aeefeef09ceb80dd5db375a4b8a806a02f045c1894677daa30efc65a79c2287aa85f9736168018869b98829271d341a221387f17340617daa3,2021-08-14 00:50:00,30,NO CONTROLS,NO CONTROLS,CLEAR,"DARKNESS, LIGHTED ROAD",PARKED MOTOR VEHICLE,ONE-WAY,STRAIGHT AND LEVEL,DRY,NO DEFECTS,NO INJURY / DRIVE AWAY,"OVER $1,500",FAILING TO REDUCE SPEED TO AVOID CRASH,UNABLE TO DETERMINE,5200,W,HURON ST,3,NO INDICATION OF INJURY,0.0,0.0,0.0,0.0,0.0,1.0,0.0,0,7,8
e6638b14b1aad130f8e771e158bd544c2a18f9927064edd948f4735f5fa5ee18acca08da9ba3b7299304b75372828d87bb187631f7d5fa33103305d8196ae9a8,2019-12-06 14:55:00,10,NO CONTROLS,NO CONTROLS,CLEAR,DAYLIGHT,PEDESTRIAN,PARKING LOT,STRAIGHT AND LEVEL,DRY,UNKNOWN,INJURY AND / OR TOW DUE TO CRASH,$500 OR LESS,IMPROPER TURNING/NO SIGNAL,DRIVING SKILLS/KNOWLEDGE/EXPERIENCE,4626,W,DIVERSEY AVE,2,INCAPACITATING INJURY,1.0,0.0,1.0,0.0,0.0,1.0,0.0,14,6,12
5bc46b5d69d2d3269f2346c0eb765e7bdfb54b751e001f0f036807765f232f498f78a60afa7ae39c70c17d57a2ce0620eed9148aaf5c55dca100d0b52535a232,2021-08-14 05:00:00,35,NO CONTROLS,NO CONTROLS,CLEAR,UNKNOWN,PARKED MOTOR VEHICLE,NOT DIVIDED,STRAIGHT AND LEVEL,DRY,NO DEFECTS,INJURY AND / OR TOW DUE TO CRASH,"OVER $1,500","OPERATING VEHICLE IN ERRATIC, RECKLESS, CARELESS, NEGLIGENT OR AGGRESSIVE MANNER",NOT APPLICABLE,1231,W,76TH ST,3,NO INDICATION OF INJURY,0.0,0.0,0.0,0.0,0.0,1.0,0.0,5,7,8
b40b755dd5569c0fc24e98fef1918831f0f9610d266f5cd03594444f01f3b526847088c407a7da0a9ab3aedd16141df15fead2a45adaecbb38ff95380f08f242,2018-02-03 14:58:00,30,TRAFFIC SIGNAL,FUNCTIONING PROPERLY,CLOUDY/OVERCAST,DAYLIGHT,PARKED MOTOR VEHICLE,DIVIDED - W/MEDIAN BARRIER,STRAIGHT ON GRADE,DRY,NO DEFECTS,NO INJURY / DRIVE AWAY,"OVER $1,500",UNABLE TO DETERMINE,UNABLE TO DETERMINE,4805,S,ASHLAND AVE,2,NO INDICATION OF INJURY,0.0,0.0,0.0,0.0,0.0,1.0,0.0,14,7,2
71fe7d111a30ea437da0bcb3b884b1fa6a5ed8f9843fbca833392d3ce4a0c6baad51870db3914e23c863bc0cc44e57788c4c4af7c00f21e3d77b6ee14ddaedea,2018-03-02 07:20:00,30,OTHER REG. SIGN,FUNCTIONING PROPERLY,CLEAR,DAYLIGHT,REAR END,NOT DIVIDED,STRAIGHT AND LEVEL,DRY,NO DEFECTS,INJURY AND / OR TOW DUE TO CRASH,"OVER $1,500",FAILING TO REDUCE SPEED TO AVOID CRASH,NOT APPLICABLE,7221,W,HIGGINS AVE,2,"REPORTED, NOT EVIDENT",1.0,0.0,0.0,0.0,1.0,2.0,0.0,7,6,3
70d567c32c77dd8828fc798a18524f99ad77ee356c0dbc52b67d03be4a4e385f261070aa65f6fafe6c3682835212eea4cff594b6d25dc02e98ef2909e1bfede0,2021-09-09 11:00:00,35,NO CONTROLS,NO CONTROLS,CLEAR,DAYLIGHT,REAR END,NOT DIVIDED,STRAIGHT AND LEVEL,DRY,NO DEFECTS,NO INJURY / DRIVE AWAY,"OVER $1,500",UNABLE TO DETERMINE,UNABLE TO DETERMINE,1000,N,PULASKI RD,2,NO INDICATION OF INJURY,0.0,0.0,0.0,0.0,0.0,2.0,0.0,11,5,9
c2d4adfeaa29067f8709349c6efaa7a3121f604ae5e064b86fb2fb02d3568c775520326ada7015f500da29a57452769c368a47abc33dc0248b2f73b7e4f5999b,2022-11-15 23:18:00,20,STOP SIGN/FLASHER,FUNCTIONING PROPERLY,FREEZING RAIN/DRIZZLE,"DARKNESS, LIGHTED ROAD",ANGLE,T-INTERSECTION,STRAIGHT AND LEVEL,WET,NO DEFECTS,INJURY AND / OR TOW DUE TO CRASH,"OVER $1,500",FAILING TO YIELD RIGHT-OF-WAY,UNABLE TO DETERMINE,2961,N,KOSTNER AVE,2,NO INDICATION OF INJURY,0.0,0.0,0.0,0.0,0.0,2.0,0.0,23,3,11
79265f01754cc40edf1a5f49c7cc3bada4998ef9474f3f418d1b0a6f47091a972957d6a60e73d30bc52a9c5727eb00404df3d9366917f6759ee0f52bbfa647f4,2023-08-15 18:02:00,30,NO CONTROLS,NO CONTROLS,CLEAR,DUSK,SIDESWIPE SAME DIRECTION,NOT DIVIDED,STRAIGHT AND LEVEL,DRY,NO DEFECTS,NO INJURY / DRIVE AWAY,$500 OR LESS,FAILING TO REDUCE SPEED TO AVOID CRASH,FAILING TO YIELD RIGHT-OF-WAY,3013,E,89TH ST,2,NO INDICATION OF INJURY,0.0,0.0,0.0,0.0,0.0,2.0,0.0,18,3,8
d86e51a8e18b1061d52487d6f63cf9e3b96ccb8708568d1f0549897225ddfdaf24f4569b64e99212becd709d11f5feec8a8cb03c8d416ec8982ad41606e9a81e,2020-10-25 20:00:00,20,NO CONTROLS,NO CONTROLS,CLEAR,"DARKNESS, LIGHTED ROAD",PARKED MOTOR VEHICLE,ONE-WAY,STRAIGHT AND LEVEL,DRY,NO DEFECTS,NO INJURY / DRIVE AWAY,"OVER $1,500",FAILING TO YIELD RIGHT-OF-WAY,NOT APPLICABLE,6923,S,SANGAMON ST,2,NO INDICATION OF INJURY,0.0,0.0,0.0,0.0,0.0,1.0,0.0,20,1,10
e69f6f0cf0555d78e743986bb605d17dadf9e45cc50435e3509a4ba17c7ae5465314b0f3e6e1730d823f851abc816280c61f90d3975ee241111fafe698cf394d,2015-10-06 09:36:00,30,NO CONTROLS,NO CONTROLS,RAIN,DAYLIGHT,PARKED MOTOR VEHICLE,ONE-WAY,STRAIGHT AND LEVEL,WET,NO DEFECTS,NO INJURY / DRIVE AWAY,"OVER $1,500",UNABLE TO DETERMINE,UNABLE TO DETERMINE,27,E,MONROE ST,2,NO INDICATION OF INJURY,0.0,0.0,0.0,0.0,0.0,1.0,0.0,9,3,10
d9056d375db23248dda9d17ea34adc20cdda5b6a784c6e9ae7b5823f7ee4780e961b6bd2172c58456f01087d8b8128537f4d623c0c2530a1e90c5b9968648897,2019-12-10 21:10:00,20,NO CONTROLS,NO CONTROLS,CLEAR,"DARKNESS, LIGHTED ROAD",PARKED MOTOR VEHICLE,NOT DIVIDED,STRAIGHT AND LEVEL,DRY,NO DEFECTS,INJURY AND / OR TOW DUE TO CRASH,"OVER $1,500",UNABLE TO DETERMINE,UNABLE TO DETERMINE,719,E,104TH ST,2,NO INDICATION OF INJURY,0.0,0.0,0.0,0.0,0.0,1.0,0.0,21,3,12
fc093df285aefba922db4df3e372c4a6d46b843d2fd1a2a8dfac3f52482f4ad97f4725ffcf324c237c6fdc9283ce70dfb0c8ded309499f56bfed6187ea2702ea,2018-07-16 19:00:00,30,NO CONTROLS,NO CONTROLS,CLEAR,DAYLIGHT,SIDESWIPE SAME DIRECTION,ONE-WAY,STRAIGHT AND LEVEL,DRY,NO DEFECTS,NO INJURY / DRIVE AWAY,"$501 - $1,500",IMPROPER LANE USAGE,UNABLE TO DETERMINE,222,W,ADAMS ST,2,NO INDICATION OF INJURY,0.0,0.0,0.0,0.0,0.0,2.0,0.0,19,2,7
1ef1cbe136168b8b6721527025ebd5c3e68c8bc65c40fe3aecd588cc67c6054e3d78671e9a680e96723fe2a123007cd7f15f96617f89643b92678836aef4ae8f,2018-06-08 22:30:00,15,STOP SIGN/FLASHER,FUNCTIONING PROPERLY,CLEAR,"DARKNESS, LIGHTED ROAD",TURNING,NOT DIVIDED,STRAIGHT AND LEVEL,DRY,NO DEFECTS,INJURY AND / OR TOW DUE TO CRASH,"OVER $1,500",UNABLE TO DETERMINE,DISREGARDING OTHER TRAFFIC SIGNS,1700,S,PAULINA ST,2,NO INDICATION OF INJURY,0.0,0.0,0.0,0.0,0.0,2.0,0.0,22,6,6
37f1094b232ed03649760f3d70558c56dc068bd3a2efa6a5b929a2a3f70ebda844b9d7519da105bebe4b0fc16538a97003e9aa8b833d64b9c0b4fd1f456bf8f0,2023-06-05 14:09:00,30,NO CONTROLS,NO CONTROLS,CLEAR,DAYLIGHT,REAR END,DIVIDED - W/MEDIAN BARRIER,STRAIGHT AND LEVEL,DRY,NO DEFECTS,INJURY AND / OR TOW DUE TO CRASH,$500 OR LESS,UNABLE TO DETERMINE,NOT APPLICABLE,5500,S,HARPER AVE,2,NONINCAPACITATING INJURY,1.0,0.0,0.0,1.0,0.0,2.0,0.0,14,2,6
0194a2a41cd7e37305f4cdfbc296a9fcc804e156440aac4c6842851e1e80d20a9a297e14575aaae41cdb6c791209feb421bc95f3880f31566c2917fd4ced072f,2020-09-06 20:45:00,30,NO CONTROLS,NO CONTROLS,CLEAR,"DARKNESS, LIGHTED ROAD",ANGLE,DIVIDED - W/MEDIAN (NOT RAISED),STRAIGHT AND LEVEL,DRY,NO DEFECTS,NO INJURY / DRIVE AWAY,"$501 - $1,500",IMPROPER BACKING,FAILING TO YIELD RIGHT-OF-WAY,2030,N,CENTRAL PARK AVE,2,NO INDICATION OF INJURY,0.0,0.0,0.0,0.0,0.0,2.0,0.0,20,1,9
1c0ca970032bd795ec51a77f7cbe4e04b229042d3ac8d041ea8024454d902df413d6cc66fd2e1979997d1becf461cb8182add4162de386e24450775a3f546881,2019-02-09 15:25:00,30,TRAFFIC SIGNAL,FUNCTIONING PROPERLY,CLEAR,DAYLIGHT,TURNING,NOT DIVIDED,STRAIGHT AND LEVEL,DRY,NO DEFECTS,NO INJURY / DRIVE AWAY,$500 OR LESS,UNABLE TO DETERMINE,NOT APPLICABLE,1700,S,LAKE SHORE DR E,2,NO INDICATION OF INJURY,0.0,0.0,0.0,0.0,0.0,3.0,0.0,15,7,2
51ba9238205f6135b40b7ec767246cdf17885e771b9e04f206bede67d7444433201232abca14236922976e835be25bff8d2e6307ed5ede48f9bfa690bd513d69,2018-12-14 17:00:00,30,NO CONTROLS,NO CONTROLS,CLEAR,"DARKNESS, LIGHTED ROAD",HEAD ON,ONE-WAY,STRAIGHT AND LEVEL,WET,NO DEFECTS,NO INJURY / DRIVE AWAY,"OVER $1,500",IMPROPER BACKING,IMPROPER BACKING,1400,N,KEELER AVE,2,NO INDICATION OF INJURY,0.0,0.0,0.0,0.0,0.0,2.0,0.0,17,6,12
e2b17aac1d03eb19f4f897a24613bcaf5935b46c0cd8bcd44367e1f86089fcb2c0ef9bceee83fe1f1dcb28e0c69a06d43390169b9338aa6dae3c8b3366488a2c,2019-05-28 08:55:00,30,TRAFFIC SIGNAL,FUNCTIONING PROPERLY,CLEAR,DAYLIGHT,PEDESTRIAN,ONE-WAY,STRAIGHT AND LEVEL,DRY,NO DEFECTS,INJURY AND / OR TOW DUE TO CRASH,"$501 - $1,500",FAILING TO YIELD RIGHT-OF-WAY,DISTRACTION - FROM INSIDE VEHICLE,540,W,WASHINGTON BLVD,2,NONINCAPACITATING INJURY,1.0,0.0,0.0,1.0,0.0,1.0,0.0,8,3,5
f01c56879ed6c4d443e24d06db6e61b10b880ddd22d57df6c279cb352bccb67726c51def4db0f9f5e06f1baaeabac67af339f157646001b8a9540da308cb78f9,2018-04-19 11:55:00,30,STOP SIGN/FLASHER,FUNCTIONING PROPERLY,CLEAR,DAYLIGHT,ANGLE,ONE-WAY,STRAIGHT AND LEVEL,DRY,NO DEFECTS,INJURY AND / OR TOW DUE TO CRASH,"OVER $1,500",FAILING TO YIELD RIGHT-OF-WAY,NOT APPLICABLE,1800,N,MERRIMAC AVE,2,INCAPACITATING INJURY,4.0,0.0,1.0,3.0,0.0,1.0,0.0,11,5,4
70cfe568db2098c41ff18c3cd949b5285db960d1d92f602e91973064d9926469ab89ed2556d50fb6c2d999fa59719176417fe7cbf02aac788dbf5e7266a903cb,2021-09-09 14:45:00,30,NO CONTROLS,NO CONTROLS,CLEAR,DAYLIGHT,PARKED MOTOR VEHICLE,PARKING LOT,STRAIGHT AND LEVEL,DRY,NO DEFECTS,NO INJURY / DRIVE AWAY,"$501 - $1,500",UNABLE TO DETERMINE,NOT APPLICABLE,8722,S,BURLEY AVE,2,NO INDICATION OF INJURY,0.0,0.0,0.0,0.0,0.0,1.0,0.0,14,5,9