CRASH_RECORD_ID,CRASH_DATE,POSTED_SPEED_LIMIT,TRAFFIC_CONTROL_DEVICE,DEVICE_CONDITION,WEATHER_CONDITION,LIGHTING_CONDITION,FIRST_CRASH_TYPE,TRAFFICWAY_TYPE,ALIGNMENT,ROADWAY_SURFACE_COND,ROAD_DEFECT,CRASH_TYPE,DAMAGE,PRIM_CONTRIBUTORY_CAUSE,SEC_CONTRIBUTORY_CAUSE,STREET_NO,STREET_DIRECTION,STREET_NAME,NUM_UNITS,MOST_SEVERE_INJURY,INJURIES_TOTAL,INJURIES_FATAL,INJURIES_INCAPACITATING,INJURIES_NON_INCAPACITATING,INJURIES_REPORTED_NOT_EVIDENT,INJURIES_NO_INDICATION,INJURIES_UNKNOWN,CRASH_HOUR,CRASH_DAY_OF_WEEK,CRASH_MONTH
fd7545b769efac5bb2bea5913ad8f3627a5533861c77a10ce2df868d4272aff9b1cc169e8dda7cb591ba3b3298c8d889037396f4695be2567b55dea79a8895f0,2023-06-22 11:30:00,30,TRAFFIC SIGNAL,FUNCTIONING PROPERLY,CLEAR,DAYLIGHT,REAR END,FOUR WAY,STRAIGHT AND LEVEL,DRY,NO DEFECTS,NO INJURY / DRIVE AWAY,"OVER $1,500",NOT APPLICABLE,NOT APPLICABLE,5900,S,STATE ST,2,NO INDICATION OF INJURY,0.0,0.0,0.0,0.0,0.0,2.0,0.0,11,5,6
bbf2e9c31a66a82087103383e09638a0c1064901c18b126515ab22e08784a6614be1e215ba0ebccb2ea20f9911bd3ec509c8665f03efbea2705d3d3540f5800f,2018-05-22 14:41:00,40,NO CONTROLS,NO CONTROLS,CLEAR,DAYLIGHT,FIXED OBJECT,NOT DIVIDED,STRAIGHT AND LEVEL,DRY,NO DEFECTS,NO INJURY / DRIVE AWAY,"OVER $1,500",UNABLE TO DETERMINE,UNABLE TO DETERMINE,2550,N,CICERO AVE,1,NO INDICATION OF INJURY,0.0,0.0,0.0,0.0,0.0,1.0,0.0,14,3,5
95a34b9bba847e00caf25eb025eeb3bb86d91401f2fc346d8e90b98426677708676ba8a15d1a53e26c8ffcaa53bde1853b501ebdcddf3d8bf7f16471fd509106,2022-10-27 18:24:00,30,NO CONTROLS,NO CONTROLS,CLEAR,"DARKNESS, LIGHTED ROAD",SIDESWIPE SAME DIRECTION,NOT DIVIDED,STRAIGHT AND LEVEL,DRY,NO DEFECTS,NO INJURY / DRIVE AWAY,"OVER $1,500",UNABLE TO DETERMINE,UNABLE TO DETERMINE,5036,N,MARINE DR,2,NO INDICATION OF INJURY,0.0,0.0,0.0,0.0,0.0,2.0,0.0,18,5,10
67a1e6717b2c245012c72ac4598e613a955a070dc93a54d9119df4800a34f0372e5ab367ed891e521c088945ae075365378a7f453bfad07114899c02e25f9d3d,2022-04-30 11:42:00,45,TRAFFIC SIGNAL,FUNCTIONING PROPERLY,RAIN,DAYLIGHT,REAR END,DIVIDED - W/MEDIAN BARRIER,STRAIGHT AND LEVEL,WET,UNKNOWN,NO INJURY / DRIVE AWAY,"$501 - $1,500",FOLLOWING TOO CLOSELY,NOT APPLICABLE,804,N,LAKE SHORE DR SB,2,NO INDICATION OF INJURY,0.0,0.0,0.0,0.0,0.0,2.0,0.0,11,7,4
4ad95ba6085a19e9cde93a9e9cec90c3465518b8471778b6d4bf7e5b665ca25b84191677542a17dd00e0663a5206bd00a0eafb7c7bc8f8a921011312bee48d8b,2022-01-31 08:38:00,30,UNKNOWN,UNKNOWN,SNOW,DAYLIGHT,SIDESWIPE SAME DIRECTION,ONE-WAY,STRAIGHT AND LEVEL,SNOW OR SLUSH,UNKNOWN,NO INJURY / DRIVE AWAY,"OVER $1,500",IMPROPER OVERTAKING/PASSING,NOT APPLICABLE,7847,S,EXCHANGE AVE,2,NO INDICATION OF INJURY,0.0,0.0,0.0,0.0,0.0,2.0,0.0,8,2,1
b25e1249146334a720b248385906b5f1bdfb5ea77f79c43d240463931738e0e56b399263b579b2d03ab6d5689574cc3e21895abd993d129f6c6ec1689145fc15,2022-06-09 19:00:00,30,UNKNOWN,UNKNOWN,UNKNOWN,UNKNOWN,FIXED OBJECT,NOT DIVIDED,STRAIGHT AND LEVEL,UNKNOWN,NO DEFECTS,NO INJURY / DRIVE AWAY,"OVER $1,500",UNABLE TO DETERMINE,NOT APPLICABLE,8521,S,COTTAGE GROVE AVE,1,NO INDICATION OF INJURY,0.0,0.0,0.0,0.0,0.0,1.0,0.0,19,5,6
d6569395647cd0b863ba6a76ceed6e2e44b54799b832f5082eb64b0ca1181d2800309c92959092d8f5c883ef9536afc21e1e43c98732840728b63e1774cf1e1d,2020-03-10 06:00:00,30,TRAFFIC SIGNAL,FUNCTIONING PROPERLY,CLEAR,DAWN,REAR END,NOT DIVIDED,STRAIGHT AND LEVEL,DRY,NO DEFECTS,NO INJURY / DRIVE AWAY,"OVER $1,500",FAILING TO REDUCE SPEED TO AVOID CRASH,FAILING TO YIELD RIGHT-OF-WAY,3400,N,AUSTIN AVE,2,NO INDICATION OF INJURY,0.0,0.0,0.0,0.0,0.0,2.0,0.0,6,3,3
48d5608ebd7013b582262782c9366be85fb1b91c80625983ab6747ae917416e52fbe1c94796622ee8270378f2bff483ad84d189a4b1f25e76a00874e03888ada,2019-10-29 06:30:00,30,TRAFFIC SIGNAL,FUNCTIONING PROPERLY,RAIN,DAYLIGHT,ANGLE,NOT DIVIDED,STRAIGHT AND LEVEL,WET,NO DEFECTS,INJURY AND / OR TOW DUE TO CRASH,"OVER $1,500",DISREGARDING TRAFFIC SIGNALS,NOT APPLICABLE,548,W,DIVISION ST,2,NO INDICATION OF INJURY,0.0,0.0,0.0,0.0,0.0,2.0,0.0,6,3,10
7f43d005cd836ea5c3486f3c9bd955d4bd5e950b4bedf6208b8b11f7710c56c01e013c90ad0e3ab087b4a4c8df9e28efdff196261dac3420b9f79167609b845a,2023-07-10 02:00:00,30,UNKNOWN,UNKNOWN,CLEAR,"DARKNESS, LIGHTED ROAD",TURNING,ONE-WAY,STRAIGHT AND LEVEL,UNKNOWN,UNKNOWN,NO INJURY / DRIVE AWAY,"OVER $1,500",IMPROPER TURNING/NO SIGNAL,UNABLE TO DETERMINE,500,S,CLARK ST,2,NO INDICATION OF INJURY,0.0,0.0,0.0,0.0,0.0,2.0,0.0,2,2,7
d42fb4b2f506ec7214642a13f07d9ca644c56fbba4e82be39b4106f3ac80ec15798092582df9a4f800b59719628266f7e413b2bbe958b55210a804255ed70d46,2017-03-23 19:30:00,30,STOP SIGN/FLASHER,FUNCTIONING PROPERLY,OTHER,DARKNESS,SIDESWIPE SAME DIRECTION,ONE-WAY,STRAIGHT AND LEVEL,DRY,NO DEFECTS,NO INJURY / DRIVE AWAY,"OVER $1,500",NOT APPLICABLE,NOT APPLICABLE,6900,S,KOMENSKY AVE,2,NO INDICATION OF INJURY,0.0,0.0,0.0,0.0,0.0,4.0,0.0,19,5,3
9a3df18b2a3e7474db48d9e71f1d0b6459efa613fad764ad7de9f4feefb37cbeacb6c6b9ed0e279b1519aabedfef020c8885877ba33b5c7fd4831e75433bf6f8,2023-04-08 18:20:00,30,STOP SIGN/FLASHER,FUNCTIONING PROPERLY,CLEAR,DAYLIGHT,REAR END,DIVIDED - W/MEDIAN (NOT RAISED),STRAIGHT AND LEVEL,DRY,NO DEFECTS,NO INJURY / DRIVE AWAY,"$501 - $1,500",FOLLOWING TOO CLOSELY,NOT APPLICABLE,801,W,59TH ST,3,NO INDICATION OF INJURY,0.0,0.0,0.0,0.0,0.0,3.0,0.0,18,7,4
d938032eeba8cb5142b528a7b571717e9107a0ab736916b479ea1978d57464b4f461e4abe46d173515de751676ca7b9c409b40578e356b6e6a02e7db2fb59b89,2023-10-12 18:40:00,30,TRAFFIC SIGNAL,UNKNOWN,CLOUDY/OVERCAST,DUSK,REAR END,NOT DIVIDED,STRAIGHT AND LEVEL,UNKNOWN,UNKNOWN,NO INJURY / DRIVE AWAY,"$501 - $1,500",UNABLE TO DETERMINE,NOT APPLICABLE,4400,W,NORTH AVE,2,NO INDICATION OF INJURY,0.0,0.0,0.0,0.0,0.0,2.0,0.0,18,5,10
31d385a70a11d3401c4ec34bf771db9f6e5ad3b82c1e918e22722edb3d5c5a1f97f25f85701f12b12c6180c8f2919f26e73901964dca49f815dd02f70a3c6c5e,2022-03-10 13:00:00,30,NO CONTROLS,NO CONTROLS,CLEAR,DAYLIGHT,TURNING,DIVIDED - W/MEDIAN (NOT RAISED),STRAIGHT AND LEVEL,DRY,NO DEFECTS,NO INJURY / DRIVE AWAY,$500 OR LESS,UNABLE TO DETERMINE,NOT APPLICABLE,2400,W,24TH ST,2,NO INDICATION OF INJURY,0.0,0.0,0.0,0.0,0.0,4.0,0.0,13,5,3
8abd8c6b96721b85e2855d96a3fb707e3d0c80252d6b7abcc553f9faa5d378ad8b597095c71a2520dfee4e9a1cab07fa2ae663f6004b989f0f5a30a423b05069,2021-02-07 01:00:00,30,NO CONTROLS,NO CONTROLS,SNOW,"DARKNESS, LIGHTED ROAD",FIXED OBJECT,NOT DIVIDED,STRAIGHT AND LEVEL,WET,UNKNOWN,INJURY AND / OR TOW DUE TO CRASH,"OVER $1,500",NOT APPLICABLE,NOT APPLICABLE,3055,W,JACKSON BLVD,1,NO INDICATION OF INJURY,0.0,0.0,0.0,0.0,0.0,2.0,0.0,1,1,2
a7c3e7a46b31610bf535269ff3ca34e2073230a8f18e01c13b62fb639e5022760f61192219504a5575c2eaa435e288849111d97c76755612d8fa73abce9b26c7,2021-10-09 02:00:00,30,TRAFFIC SIGNAL,FUNCTIONING PROPERLY,CLEAR,DARKNESS,SIDESWIPE SAME DIRECTION,NOT DIVIDED,STRAIGHT AND LEVEL,DRY,UNKNOWN,NO INJURY / DRIVE AWAY,"OVER $1,500",UNABLE TO DETERMINE,UNABLE TO DETERMINE,5300,S,KEDZIE AVE,2,NO INDICATION OF INJURY,0.0,0.0,0.0,0.0,0.0,2.0,0.0,2,7,10
2d7a89e6843ba6537448b779dd2a464be9d79ab46813d552d38f06173ce8306fe93fc6da2922a1e95acc8b3dc8d9adf676584761d2e92edb8343b9aacc6263e4,2023-01-09 08:45:00,30,TRAFFIC SIGNAL,FUNCTIONING PROPERLY,CLEAR,DAYLIGHT,PEDESTRIAN,FOUR WAY,STRAIGHT AND LEVEL,DRY,NO DEFECTS,INJURY AND / OR TOW DUE TO CRASH,"OVER $1,500",FAILING TO YIELD RIGHT-OF-WAY,DISREGARDING STOP SIGN,4700,S,ELLIS AVE,2,NONINCAPACITATING INJURY,1.0,0.0,0.0,1.0,0.0,3.0,0.0,8,2,1
cbe741668122d4b27203f82c7bb153b25ee5b6d61512c82b3bf91b0de812d15ecae397600f70ae9f5d3be3185c5c760a24f8b752208a596899bf278565a21f32,2020-01-10 17:45:00,30,NO CONTROLS,NO CONTROLS,RAIN,"DARKNESS, LIGHTED ROAD",SIDESWIPE OPPOSITE DIRECTION,NOT DIVIDED,STRAIGHT AND LEVEL,WET,NO DEFECTS,NO INJURY / DRIVE AWAY,"$501 - $1,500",UNABLE TO DETERMINE,NOT APPLICABLE,3320,W,85TH ST,2,NO INDICATION OF INJURY,0.0,0.0,0.0,0.0,0.0,2.0,0.0,17,6,1
ba91aadcde878c428e069704b37222e809e24546fc231f980e9641b8ab00ec1f4358761038854848dc1c2953cae545c5518048e9f62aea2dbcd2a9c25a6e11a3,2017-05-15 19:05:00,35,NO CONTROLS,NO CONTROLS,CLEAR,DARKNESS,TURNING,NOT DIVIDED,STRAIGHT AND LEVEL,DRY,NO DEFECTS,NO INJURY / DRIVE AWAY,"$501 - $1,500",IMPROPER TURNING/NO SIGNAL,FAILING TO YIELD RIGHT-OF-WAY,1301,E,47TH ST,2,NO INDICATION OF INJURY,0.0,0.0,0.0,0.0,0.0,2.0,0.0,19,2,5
97a06a04b9bd5a7a4f16837e643aba2ddb3455ae3511b09887c70ed1b9f1a7c925c334ce22021a61129f5df0c466100e3a538bd9d3a9833851f612acafcabef3,2024-04-12 21:30:00,30,NO CONTROLS,NO CONTROLS,CLEAR,"DARKNESS, LIGHTED ROAD",REAR END,DIVIDED - W/MEDIAN (NOT RAISED),STRAIGHT AND LEVEL,DRY,UNKNOWN,NO INJURY / DRIVE AWAY,"OVER $1,500",FOLLOWING TOO CLOSELY,UNABLE TO DETERMINE,3500,S,PULASKI RD,2,NO INDICATION OF INJURY,0.0,0.0,0.0,0.0,0.0,2.0,0.0,21,6,4
31f3181b680c98934e4fe91ad0bf72d5f6d5f204b7184e673cf515df3345c0e88ebdb554001e1f110d32ff3116cf867c97c2a5a6167079ce76ab37f14e12b015,2019-04-03 21:07:00,35,TRAFFIC SIGNAL,FUNCTIONING PROPERLY,CLEAR,"DARKNESS, LIGHTED ROAD",REAR END,DIVIDED - W/MEDIAN (NOT RAISED),STRAIGHT ON GRADE,DRY,NO DEFECTS,NO INJURY / DRIVE AWAY,"$501 - $1,500",EXCEEDING SAFE SPEED FOR CONDITIONS,DRIVING SKILLS/KNOWLEDGE/EXPERIENCE,6701,S,CICERO AVE,2,NO INDICATION OF INJURY,0.0,0.0,0.0,0.0,0.0,3.0,0.0,21,4,4
06e780bcfbb07b0804ecc51e217bec3c235d89b2b6dfc3b5847dda5c42d5a83083aacb6ea42af57c6a7b7401783b4eb33e948edb876154f724c498a2d7370d2e,2023-06-17 12:38:00,30,NO CONTROLS,NO CONTROLS,CLEAR,DAYLIGHT,TURNING,DIVIDED - W/MEDIAN (NOT RAISED),STRAIGHT AND LEVEL,DRY,NO DEFECTS,NO INJURY / DRIVE AWAY,"OVER $1,500",IMPROPER TURNING/NO SIGNAL,NOT APPLICABLE,9360,S,COTTAGE GROVE AVE,2,NO INDICATION OF INJURY,0.0,0.0,0.0,0.0,0.0,2.0,0.0,12,7,6
a1db6ff14a8b91919404c406432bae7c45248ec4b937ec447134f8b1091546e27afce1b61587d6d14f84cb38edf6e273bda7c2d12bcddccddfde645145568b0a,2016-05-21 17:45:00,30,TRAFFIC SIGNAL,FUNCTIONING PROPERLY,CLEAR,DAYLIGHT,REAR END,NOT DIVIDED,STRAIGHT AND LEVEL,DRY,NO DEFECTS,NO INJURY / DRIVE AWAY,"OVER $1,500",FOLLOWING TOO CLOSELY,UNABLE TO DETERMINE,600,S,CLARK ST,2,NO INDICATION OF INJURY,0.0,0.0,0.0,0.0,0.0,2.0,0.0,17,7,5
efb9bbb5e7b5efc989881a6cce56aeb6bd6de113cdcf3acae3fa76a5e592e1a1411cdb9300dfb946b27c9ee41c278827447c58e5f18748839f29c1fa3d6b916c,2018-06-27 14:30:00,30,NO CONTROLS,NO CONTROLS,CLEAR,DAYLIGHT,REAR END,NOT DIVIDED,STRAIGHT AND LEVEL,DRY,NO DEFECTS,NO INJURY / DRIVE AWAY,"$501 - $1,500",NOT APPLICABLE,NOT APPLICABLE,8300,S,KEDZIE AVE,2,NO INDICATION OF INJURY,0.0,0.0,0.0,0.0,0.0,3.0,0.0,14,4,6
0d57b6566d8e95bbf37e3238d89ab18669d47f03b643354867d7c1110a109ef36d81bc5d53bebbbab46c9954355ad113d4c07971b88a41701e662edee4fe7dfe,2018-12-10 13:34:00,30,NO CONTROLS,NO CONTROLS,CLEAR,DAYLIGHT,ANGLE,NOT DIVIDED,STRAIGHT AND LEVEL,DRY,NO DEFECTS,NO INJURY / DRIVE AWAY,$500 OR LESS,NOT APPLICABLE,NOT APPLICABLE,1653,W,43RD ST,2,NO INDICATION OF INJURY,0.0,0.0,0.0,0.0,0.0,2.0,0.0,13,2,12
a7cefa9b8e6f013249ac08e154ccf4e4437124e7edb0d9f7f0be2d108f854149c61d186af74f48173d4925df30c7888e90c4e12306691d77ab4db23e71aec562,2016-02-03 05:00:00,30,TRAFFIC SIGNAL,FUNCTIONING PROPERLY,CLEAR,"DARKNESS, LIGHTED ROAD",PEDESTRIAN,DIVIDED - W/MEDIAN (NOT RAISED),STRAIGHT AND LEVEL,DRY,NO DEFECTS,INJURY AND / OR TOW DUE TO CRASH,$500 OR LESS,FAILING TO YIELD RIGHT-OF-WAY,IMPROPER TURNING/NO SIGNAL,3201,W,LEXINGTON ST,2,NONINCAPACITATING INJURY,1.0,0.0,0.0,1.0,0.0,1.0,0.0,5,4,2
16d0232dd79ea0a92ebf6c20b82cd67343d04f64c6f5a2f88bcc6be00033399d4bce8741b7be0010deb15bb2c2a734e1513845f286601bfcdf97d87ce5562dc9,2023-04-07 16:39:00,30,NO CONTROLS,NO CONTROLS,CLEAR,DAYLIGHT,PARKED MOTOR VEHICLE,ONE-WAY,STRAIGHT AND LEVEL,DRY,NO DEFECTS,NO INJURY / DRIVE AWAY,$500 OR LESS,UNABLE TO DETERMINE,NOT APPLICABLE,3729,N,SPRINGFIELD AVE,2,NO INDICATION OF INJURY,0.0,0.0,0.0,0.0,0.0,1.0,0.0,16,6,4
23719b07a3ed55dcf1e8747e94681e8e323ec8516401d90bf2fdfec0d6f0aeb6aec7724a851e38d1c42761b15672ca61bd1e18e43a0756897c7d9971e469c354,2018-01-06 15:40:00,30,NO CONTROLS,NO CONTROLS,CLEAR,DAYLIGHT,TURNING,NOT DIVIDED,STRAIGHT AND LEVEL,DRY,NO DEFECTS,NO INJURY / DRIVE AWAY,$500 OR LESS,UNABLE TO DETERMINE,UNABLE TO DETERMINE,3200,N,KIMBALL AVE,2,NO INDICATION OF INJURY,0.0,0.0,0.0,0.0,0.0,5.0,0.0,15,7,1
beaef88453a8528764f91b227fad63ce50745fdb6bf7e8e497b55adc9292f7ecdaa9d1e63c70c84693eac727d42171663671654cc6d369a4e312351fdd760151,2021-11-03 08:00:00,30,NO CONTROLS,NO CONTROLS,CLEAR,DAYLIGHT,SIDESWIPE SAME DIRECTION,NOT DIVIDED,STRAIGHT AND LEVEL,DRY,NO DEFECTS,NO INJURY / DRIVE AWAY,"OVER $1,500",UNABLE TO DETERMINE,NOT APPLICABLE,5698,N,ELSTON AVE,2,NO INDICATION OF INJURY,0.0,0.0,0.0,0.0,0.0,2.0,0.0,8,4,11
52435466103a3598c23a4e831bcd73dcfc04295d120adc8eb23e25b84259ebd7c6375a752ab955bb11be03463336fcf11c6468f600418a43293bdefbdfada324,2016-02-23 09:40:00,30,NO CONTROLS,NO CONTROLS,CLEAR,DAYLIGHT,PARKED MOTOR VEHICLE,NOT DIVIDED,STRAIGHT AND LEVEL,DRY,NO DEFECTS,NO INJURY / DRIVE AWAY,"OVER $1,500",UNABLE TO DETERMINE,UNABLE TO DETERMINE,300,N,RACINE AVE,2,NO INDICATION OF INJURY,0.0,0.0,0.0,0.0,0.0,1.0,0.0,9,3,2
1b1fb7e5f20728728de6ab329f61d5e6c67305d2e858794a91a4671794024148b0b6df6feb669df7d1656033d08733d23af354ccfa777f7c96bfc6dfbb972d56,2022-07-22 12:15:00,30,TRAFFIC SIGNAL,FUNCTIONING PROPERLY,CLEAR,DAYLIGHT,REAR END,ONE-WAY,STRAIGHT AND LEVEL,DRY,NO DEFECTS,NO INJURY / DRIVE AWAY,$500 OR LESS,FOLLOWING TOO CLOSELY,FOLLOWING TOO CLOSELY,11730,S,MARSHFIELD AVE,2,NO INDICATION OF INJURY,0.0,0.0,0.0,0.0,0.0,2.0,0.0,12,6,7
2e42a38e376f1f1cf47bbe4cfb17b5047703157e2c0f0cd1664b8231ea9c4faa3b0ca7f9105f0f5fe610394b9ead9ed89d1191e268a06b4d5e58b4a5e49077de,2021-05-25 12:30:00,0,NO CONTROLS,NO CONTROLS,CLEAR,DAYLIGHT,ANGLE,PARKING LOT,STRAIGHT AND LEVEL,DRY,NO DEFECTS,NO INJURY / DRIVE AWAY,"OVER $1,500",IMPROPER BACKING,UNABLE TO DETERMINE,6351,W,MONTROSE AVE,2,NO INDICATION OF INJURY,0.0,0.0,0.0,0.0,0.0,3.0,0.0,12,3,5
3b93cac7eb5ead9723344b117261496398a965143db806613614e591877bea3b3c2692f3db356ad074d80a7aa01a8ec4f2ba1aad25dc72a73cafa678bb96a078,2021-06-02 12:00:00,15,NO CONTROLS,NO CONTROLS,CLEAR,DAYLIGHT,PARKED MOTOR VEHICLE,NOT DIVIDED,STRAIGHT AND LEVEL,DRY,UNKNOWN,NO INJURY / DRIVE AWAY,"$501 - $1,500",UNABLE TO DETERMINE,NOT APPLICABLE,2556,S,WASHTENAW AVE,2,NO INDICATION OF INJURY,0.0,0.0,0.0,0.0,0.0,1.0,0.0,12,4,6
56eb22e88ecb9feffca3ff76180d779da78423105a08b14b4284505d08a332670997e15153de1995633a6c3a9c0a4b085189ebd4dc36ee15447e91d8953443e6,2021-10-13 21:00:00,30,NO CONTROLS,FUNCTIONING PROPERLY,UNKNOWN,"DARKNESS, LIGHTED ROAD",PARKED MOTOR VEHICLE,ONE-WAY,STRAIGHT AND LEVEL,DRY,NO DEFECTS,NO INJURY / DRIVE AWAY,"OVER $1,500",UNABLE TO DETERMINE,NOT APPLICABLE,7407,S,PAXTON AVE,3,NO INDICATION OF INJURY,0.0,0.0,0.0,0.0,0.0,2.0,0.0,21,4,10
cbba93a6567e14d14653ec2d0b0d681e23efdfe7533e84a58cc2be16f6e7f3c9b594831a1170146d65574c30fb3f72581e899857c6f3ba0ce28eb6fdf52589b9,2022-09-23 15:50:00,10,NO CONTROLS,NO CONTROLS,CLEAR,DAYLIGHT,PARKED MOTOR VEHICLE,PARKING LOT,STRAIGHT AND LEVEL,DRY,NO DEFECTS,NO INJURY / DRIVE AWAY,"$501 - $1,500",UNABLE TO DETERMINE,NOT APPLICABLE,420,S,PULASKI RD,2,NO INDICATION OF INJURY,0.0,0.0,0.0,0.0,0.0,1.0,0.0,15,6,9
acfb8ffb3c8f6db8d06dff783d7bba860422cc2c32b2b14b4e098df346d4dbed6613923c2df54d8063e5365ca12e1e98f1ad84eb57f757d3cb223be13f581ee1,2024-04-26 15:45:00,30,NO CONTROLS,NO CONTROLS,RAIN,DAYLIGHT,REAR END,NOT DIVIDED,STRAIGHT AND LEVEL,WET,UNKNOWN,NO INJURY / DRIVE AWAY,"OVER $1,500",FOLLOWING TOO CLOSELY,FOLLOWING TOO CLOSELY,111,S,STATE ST,2,NO INDICATION OF INJURY,0.0,0.0,0.0,0.0,0.0,2.0,0.0,15,6,4
e54597e23687f72aacec3d98aa2a71e0eac3b4121908871e3e47c11847f39e77b7ba2dc0cabd2a130e599ea0f25a2c7201bef03b9df7ebec08d7a8ce8b9eb7ed,2023-09-09 17:56:00,35,TRAFFIC SIGNAL,UNKNOWN,CLEAR,DAYLIGHT,SIDESWIPE SAME DIRECTION,NOT DIVIDED,STRAIGHT AND LEVEL,UNKNOWN,UNKNOWN,NO INJURY / DRIVE AWAY,"$501 - $1,500",IMPROPER LANE USAGE,NOT APPLICABLE,3920,W,79TH ST,2,NO INDICATION OF INJURY,0.0,0.0,0.0,0.0,0.0,2.0,0.0,17,7,9
1db27d960beeeeecfc305a9386b31bfe70156148244407225dcad31b50dde018ec12727180b0286e3a8a4ee3fc052021a23e14a202276d1eb266b4bb4639c439,2021-09-16 07:00:00,30,NO CONTROLS,NO CONTROLS,CLEAR,DAYLIGHT,PARKED MOTOR VEHICLE,NOT DIVIDED,STRAIGHT AND LEVEL,DRY,NO DEFECTS,NO INJURY / DRIVE AWAY,"OVER $1,500",IMPROPER BACKING,UNABLE TO DETERMINE,1202,W,WASHBURNE AVE,2,NO INDICATION OF INJURY,0.0,0.0,0.0,0.0,0.0,1.0,0.0,7,5,9
cde6b0556f8d13e439806faf321149196b4a86a573f5a62cbb61f6c8c971f69b8f1205048970b078047dc702d75b3016749ca7a18ad996f265797e6a7545d0ce,2022-10-16 01:00:00,30,TRAFFIC SIGNAL,UNKNOWN,CLEAR,"DARKNESS, LIGHTED ROAD",PEDESTRIAN,DIVIDED - W/MEDIAN (NOT RAISED),STRAIGHT AND LEVEL,DRY,UNKNOWN,INJURY AND / OR TOW DUE TO CRASH,"OVER $1,500",UNABLE TO DETERMINE,UNABLE TO DETERMINE,11905,S,ASHLAND AVE,2,NONINCAPACITATING INJURY,1.0,0.0,0.0,1.0,0.0,1.0,0.0,1,1,10
ef384acf9ec32715846b0883f6281ec9a0ef608e41cdc26de02b861195935bc5dec42e56cc8ebd0750cb6a76e8103f00b415c9b91ab767fc4209a11c5cf5071c,2022-06-10 15:15:00,35,NO CONTROLS,NO CONTROLS,CLEAR,DAYLIGHT,TURNING,NOT DIVIDED,STRAIGHT AND LEVEL,DRY,NO DEFECTS,NO INJURY / DRIVE AWAY,"OVER $1,500",UNABLE TO DETERMINE,NOT APPLICABLE,6401,W,56TH ST,2,NO INDICATION OF INJURY,0.0,0.0,0.0,0.0,0.0,3.0,0.0,15,6,6
dde74ba04143581404d223477272e96abf97b40cc9502e0e405383577a2a8297b3890d7418caa198e726bf184b56b9ab1742271ab5ff7e2267fa6944f7ad513c,2019-09-30 06:05:00,30,NO CONTROLS,NO CONTROLS,CLEAR,DAYLIGHT,TURNING,NOT DIVIDED,STRAIGHT AND LEVEL,DRY,NO DEFECTS,NO INJURY / DRIVE AWAY,"$501 - $1,500",UNABLE TO DETERMINE,NOT APPLICABLE,7904,W,FOSTER AVE,2,NO INDICATION OF INJURY,0.0,0.0,0.0,0.0,0.0,2.0,0.0,6,2,9
4abca1d55481eb172d007526497c981f31a27242651a8e8ef6d2f9db7b9009b44292952e688ad7732c248639dfc4219aa931f8c1e861e79030c45b30099cfaad,2020-03-28 09:02:00,30,NO CONTROLS,NO CONTROLS,UNKNOWN,DAYLIGHT,SIDESWIPE SAME DIRECTION,NOT DIVIDED,STRAIGHT AND LEVEL,WET,NO DEFECTS,NO INJURY / DRIVE AWAY,"$501 - $1,500",FAILING TO YIELD RIGHT-OF-WAY,NOT APPLICABLE,404,E,76TH ST,2,NO INDICATION OF INJURY,0.0,0.0,0.0,0.0,0.0,5.0,0.0,9,7,3
0416f52ae72f20e785a16c39ac0dfdc323d94496303c744c62363d38867a7a1085878344871974b2d24621722bf62d22a9a0538f4d161c8c1a92d8a5c666384a,2019-08-26 12:30:00,30,NO CONTROLS,NO CONTROLS,RAIN,DAYLIGHT,FIXED OBJECT,NOT DIVIDED,STRAIGHT AND LEVEL,WET,NO DEFECTS,NO INJURY / DRIVE AWAY,"OVER $1,500",UNABLE TO DETERMINE,UNABLE TO DETERMINE,4799,W,51ST ST,1,NO INDICATION OF INJURY,0.0,0.0,0.0,0.0,0.0,1.0,0.0,12,2,8
db55ba767667b2402286da1298caff3639e3c501b47708ecea3f75f22378be16831b01204b978ab904a846a740db1857d373cda7b83c14ef8108c4d21c06a1db,2017-05-01 14:15:00,30,TRAFFIC SIGNAL,FUNCTIONING PROPERLY,CLEAR,DAYLIGHT,TURNING,NOT DIVIDED,STRAIGHT AND LEVEL,DRY,NO DEFECTS,NO INJURY / DRIVE AWAY,"$501 - $1,500",FAILING TO REDUCE SPEED TO AVOID CRASH,"OPERATING VEHICLE IN ERRATIC, RECKLESS, CARELESS, NEGLIGENT OR AGGRESSIVE MANNER",7800,S,SOUTH SHORE DR,2,NO INDICATION OF INJURY,0.0,0.0,0.0,0.0,0.0,2.0,0.0,14,2,5
cf1eb82cfdb00ceeb4d7a8e9c939b8ee190b65d79bcfdee72b3366634de33fc72b62b00b128f598914372b8f89e9fc385e28c0e2bdde6ad8b811bca757434a71,2016-03-14 08:25:00,30,TRAFFIC SIGNAL,FUNCTIONING PROPERLY,RAIN,DAYLIGHT,TURNING,PARKING LOT,STRAIGHT AND LEVEL,WET,NO DEFECTS,NO INJURY / DRIVE AWAY,"$501 - $1,500",UNABLE TO DETERMINE,NOT APPLICABLE,1600,N,KOSTNER AVE,2,NO INDICATION OF INJURY,0.0,0.0,0.0,0.0,0.0,3.0,0.0,8,2,3