CRASH_RECORD_ID,CRASH_DATE,POSTED_SPEED_LIMIT,TRAFFIC_CONTROL_DEVICE,DEVICE_CONDITION,WEATHER_CONDITION,LIGHTING_CONDITION,FIRST_CRASH_TYPE,TRAFFICWAY_TYPE,ALIGNMENT,ROADWAY_SURFACE_COND,ROAD_DEFECT,CRASH_TYPE,DAMAGE,PRIM_CONTRIBUTORY_CAUSE,SEC_CONTRIBUTORY_CAUSE,STREET_NO,STREET_DIRECTION,STREET_NAME,NUM_UNITS,MOST_SEVERE_INJURY,INJURIES_TOTAL,INJURIES_FATAL,INJURIES_INCAPACITATING,INJURIES_NON_INCAPACITATING,INJURIES_REPORTED_NOT_EVIDENT,INJURIES_NO_INDICATION,INJURIES_UNKNOWN,CRASH_HOUR,CRASH_DAY_OF_WEEK,CRASH_MONTH
966bd8dcf3c35db285f5b22620fad30e115482a014f30e0b17fa11f652717bbd1481418fd465cb9792ea1307f472aef5a1bf86a7b15e311e1c89a4961792d3f5,2021-04-25 07:30:00,25,STOP SIGN/FLASHER,FUNCTIONING PROPERLY,CLOUDY/OVERCAST,DAYLIGHT,TURNING,ONE-WAY,STRAIGHT AND LEVEL,DRY,NO DEFECTS,NO INJURY / DRIVE AWAY,"OVER $1,500",IMPROPER BACKING,NOT APPLICABLE,3525,W,IOWA ST,2,NO INDICATION OF INJURY,0.0,0.0,0.0,0.0,0.0,2.0,0.0,7,1,4
1b78bcd60fab09ad0176e9bdd56f3b1addbfd68378304130ddeb5a4797c03ef4a35dfd3d1839a94e1b593e49791d2eeed760de9bc4c9f7f09765c1e606204da6,2020-06-20 14:14:00,30,TRAFFIC SIGNAL,UNKNOWN,CLEAR,DAYLIGHT,PARKED MOTOR VEHICLE,T-INTERSECTION,STRAIGHT AND LEVEL,DRY,NO DEFECTS,NO INJURY / DRIVE AWAY,"$501 - $1,500",UNABLE TO DETERMINE,UNABLE TO DETERMINE,19,W,119TH ST,2,NO INDICATION OF INJURY,0.0,0.0,0.0,0.0,0.0,2.0,0.0,14,7,6
2718282f5949df2bfb531ba31bad73ea1eb87e42f4423023e93894fb5197a05d4f4d140374cafcdda3feb4da30c8b849833c0976d79695c6320a6c81832eca37,2018-09-21 13:30:00,10,NO CONTROLS,NO CONTROLS,CLEAR,DAYLIGHT,PARKED MOTOR VEHICLE,PARKING LOT,STRAIGHT AND LEVEL,DRY,UNKNOWN,NO INJURY / DRIVE AWAY,"$501 - $1,500",UNABLE TO DETERMINE,UNABLE TO DETERMINE,1157,E,95TH ST,2,NO INDICATION OF INJURY,0.0,0.0,0.0,0.0,0.0,1.0,0.0,13,6,9
95d949796d1a1ba4782be2dda0286cb8ba0965cf9a840b77e07240e93e87397275bde0dd62efe317c3fb9338dab54639eada1728248e780757720457c99e344a,2023-07-11 14:40:00,30,UNKNOWN,UNKNOWN,UNKNOWN,DAYLIGHT,TURNING,NOT DIVIDED,STRAIGHT AND LEVEL,UNKNOWN,UNKNOWN,NO INJURY / DRIVE AWAY,"OVER $1,500",UNABLE TO DETERMINE,UNABLE TO DETERMINE,7036,N,RIDGE BLVD,2,NO INDICATION OF INJURY,0.0,0.0,0.0,0.0,0.0,3.0,0.0,14,3,7
7db4a5324cab2c34515b3085078d12d3cecaca5ab162c20100aee616e08ff186766ee8c9584ca25d5ffb5408837dc171e8fa2ce3beaf45fc5c4ce12cfdba6706,2018-09-12 17:45:00,30,NO CONTROLS,NO CONTROLS,CLEAR,DAYLIGHT,PEDALCYCLIST,NOT DIVIDED,STRAIGHT AND LEVEL,DRY,NO DEFECTS,INJURY AND / OR TOW DUE TO CRASH,"$501 - $1,500",IMPROPER OVERTAKING/PASSING,NOT APPLICABLE,1400,N,HUMBOLDT DR,2,NONINCAPACITATING INJURY,1.0,0.0,0.0,1.0,0.0,1.0,0.0,17,4,9
5b900c87887c3758da1bdc31e737312fe39d2fa252ec519510f7733ebe7d90d498eb76218d007bcf95e0ca99447b6aa7f3aa0521578ae7fc0389dc6e119b7890,2022-11-04 02:55:00,30,NO CONTROLS,FUNCTIONING PROPERLY,CLEAR,"DARKNESS, LIGHTED ROAD",REAR END,NOT DIVIDED,STRAIGHT AND LEVEL,DRY,NO DEFECTS,NO INJURY / DRIVE AWAY,"$501 - $1,500",FAILING TO REDUCE SPEED TO AVOID CRASH,UNABLE TO DETERMINE,17,E,MONROE ST,2,NO INDICATION OF INJURY,0.0,0.0,0.0,0.0,0.0,3.0,0.0,2,6,11
826c55e5640bbe529bd5e48cf684037442f3f6a73488c616af0737b1e4813fa5da20d31267131f5e78c98a697886e1613e869819c51d9e26a6619211a43caa50,2023-01-25 17:30:00,30,NO CONTROLS,NO CONTROLS,CLEAR,"DARKNESS, LIGHTED ROAD",OTHER OBJECT,DIVIDED - W/MEDIAN BARRIER,STRAIGHT AND LEVEL,SNOW OR SLUSH,"RUT, HOLES",NO INJURY / DRIVE AWAY,"OVER $1,500",ROAD ENGINEERING/SURFACE/MARKING DEFECTS,WEATHER,10998,S,HALSTED ST,1,NO INDICATION OF INJURY,0.0,0.0,0.0,0.0,0.0,2.0,0.0,17,4,1
f1838066558a3be6827e16c16b34f5b055d7564be715bc4e13bc7ee7873a6fec40f4ecd7e12c948ef7093d9d287d44e330db1bfbe7600f1dd1b0e5d8cffd97ad,2020-06-13 00:40:00,30,NO CONTROLS,NO CONTROLS,CLOUDY/OVERCAST,"DARKNESS, LIGHTED ROAD",PARKED MOTOR VEHICLE,NOT DIVIDED,STRAIGHT AND LEVEL,WET,NO DEFECTS,INJURY AND / OR TOW DUE TO CRASH,"OVER $1,500",FAILING TO REDUCE SPEED TO AVOID CRASH,UNABLE TO DETERMINE,3833,W,JACKSON BLVD,4,NO INDICATION OF INJURY,0.0,0.0,0.0,0.0,0.0,2.0,0.0,0,7,6
f949218489532a6db02872b976ab99b7785170465d8ef9343bc2533f25b92a778034b37766b8d1cdb51252eba68e175b48bac5970b4c4d97db1d4000fdd037a3,2019-01-03 10:58:00,30,NO CONTROLS,NO CONTROLS,CLEAR,DAYLIGHT,SIDESWIPE SAME DIRECTION,NOT DIVIDED,STRAIGHT ON GRADE,WET,NO DEFECTS,NO INJURY / DRIVE AWAY,"OVER $1,500",FAILING TO YIELD RIGHT-OF-WAY,NOT APPLICABLE,3301,E,100TH ST,2,NO INDICATION OF INJURY,0.0,0.0,0.0,0.0,0.0,2.0,0.0,10,5,1
81beb05f45086589aeab6aac5c992f827cb29926b87c17d1b94c0143ce6c5c59bec629b890de5a2cdd0fa389ae4c1e92ea49d7879e9fc7ba5f93a97b63e75cf1,2018-01-15 13:45:00,25,NO CONTROLS,NO CONTROLS,SNOW,DAYLIGHT,REAR END,NOT DIVIDED,STRAIGHT AND LEVEL,SNOW OR SLUSH,UNKNOWN,NO INJURY / DRIVE AWAY,"$501 - $1,500",UNABLE TO DETERMINE,UNABLE TO DETERMINE,3632,S,CALIFORNIA AVE,2,NO INDICATION OF INJURY,0.0,0.0,0.0,0.0,0.0,2.0,0.0,13,2,1
d94c5e736d2e4d1e4e7f4f47e2b63824f8c5ee9956f4c951f11a64a4611a6737bf121d7fae4f71ae91b9af3cc17ebc508d3d2b72b6dbf24c627f47fb6f87e31f,2021-03-12 15:00:00,30,NO CONTROLS,NO CONTROLS,CLEAR,DAYLIGHT,SIDESWIPE SAME DIRECTION,OTHER,STRAIGHT AND LEVEL,DRY,NO DEFECTS,NO INJURY / DRIVE AWAY,"OVER $1,500",FAILING TO YIELD RIGHT-OF-WAY,NOT APPLICABLE,5535,N,NORTHWEST HWY,2,NO INDICATION OF INJURY,0.0,0.0,0.0,0.0,0.0,2.0,0.0,15,6,3
d9e9ed8fef16cc3dbe6563e027b33c1f0368f2c212dc32bdbf06161e38176da33353940f125adb7088a390be1fbc5d24648fc60a95095567ae2fc23b5a914868,2019-08-19 12:30:00,30,NO CONTROLS,NO CONTROLS,CLEAR,DAYLIGHT,PEDALCYCLIST,NOT DIVIDED,STRAIGHT AND LEVEL,DRY,NO DEFECTS,INJURY AND / OR TOW DUE TO CRASH,$500 OR LESS,UNABLE TO DETERMINE,NOT APPLICABLE,212,N,GREEN ST,2,NONINCAPACITATING INJURY,1.0,0.0,0.0,1.0,0.0,1.0,0.0,12,2,8
f7d5ab62aafcd1b8a07f04fd3d7a8f1e9e65a1fccdd6057d3fef877143c5bf04dea91924de390424f92a7d5bc49bf9bbc4a6e7550d92b8973578c8f326fe1012,2019-05-10 11:30:00,30,TRAFFIC SIGNAL,FUNCTIONING PROPERLY,CLEAR,DAYLIGHT,TURNING,ONE-WAY,STRAIGHT AND LEVEL,DRY,NO DEFECTS,NO INJURY / DRIVE AWAY,"OVER $1,500",UNABLE TO DETERMINE,NOT APPLICABLE,100,E,OHIO ST,2,NO INDICATION OF INJURY,0.0,0.0,0.0,0.0,0.0,2.0,0.0,11,6,5
587462c7a44aae9b196e7d789017c70794e8c3c2f9b46bb9547b67a16bd0619982f81736f863fc8601306f48903896da653b71695f451dbce63f9e653c17faa1,2018-05-08 17:00:00,30,TRAFFIC SIGNAL,FUNCTIONING PROPERLY,CLEAR,DAYLIGHT,REAR END,DIVIDED - W/MEDIAN (NOT RAISED),STRAIGHT AND LEVEL,DRY,NO DEFECTS,INJURY AND / OR TOW DUE TO CRASH,"$501 - $1,500",PHYSICAL CONDITION OF DRIVER,UNABLE TO DETERMINE,11100,S,TALMAN AVE,2,"REPORTED, NOT EVIDENT",1.0,0.0,0.0,0.0,1.0,2.0,0.0,17,3,5
4d9d4ea38ef903fd57128d2919fc3e90af426e634921d72f1f4053f2a2b2f1a7d963a30162f60075093486338731f85582bf92d845b189d78fa894e98dbfbc9d,2019-06-12 18:00:00,35,NO CONTROLS,NO CONTROLS,CLOUDY/OVERCAST,DAYLIGHT,REAR END,NOT DIVIDED,STRAIGHT AND LEVEL,WET,NO DEFECTS,INJURY AND / OR TOW DUE TO CRASH,"OVER $1,500",UNABLE TO DETERMINE,UNABLE TO DETERMINE,2932,W,ARMITAGE AVE,2,NONINCAPACITATING INJURY,1.0,0.0,0.0,1.0,0.0,1.0,0.0,18,4,6
008a92c8cb742fac01da5f5a4800770b676f43183a2821393973f27830041119e574c7ebdf5208563ae3b1b43be27dcd22c481ef18394d0a3c955530a1cadec3,2019-10-31 12:00:00,35,NO CONTROLS,NO CONTROLS,CLEAR,DAYLIGHT,REAR END,DIVIDED - W/MEDIAN (NOT RAISED),STRAIGHT AND LEVEL,DRY,NO DEFECTS,INJURY AND / OR TOW DUE TO CRASH,"OVER $1,500",FOLLOWING TOO CLOSELY,FAILING TO REDUCE SPEED TO AVOID CRASH,11435,S,PULASKI RD,2,NO INDICATION OF INJURY,0.0,0.0,0.0,0.0,0.0,2.0,0.0,12,5,10
5c4608caf1320a6ee708caf233cff5b5afc245d386a828b8dab7e2ab0be17a6552031a55246d338550bcbf3d7f0a9bd6555e111ec0ca118e369e8b5222bf4ce3,2021-08-22 23:18:00,30,NO CONTROLS,NO CONTROLS,CLEAR,"DARKNESS, LIGHTED ROAD",TURNING,NOT DIVIDED,STRAIGHT AND LEVEL,DRY,NO DEFECTS,NO INJURY / DRIVE AWAY,"$501 - $1,500",IMPROPER OVERTAKING/PASSING,FAILING TO REDUCE SPEED TO AVOID CRASH,5400,W,DIVERSEY AVE,2,NO INDICATION OF INJURY,0.0,0.0,0.0,0.0,0.0,2.0,0.0,23,1,8
b9bcf9655eeb016ac66f2524c38feb2427b9314d2a5dcf1a3209ce2b179df5ba1554b1a62190d94463fd28d203d8cdda7e06db3a1cbdc264902b64355e756db9,2023-02-26 20:15:00,30,NO CONTROLS,NO CONTROLS,CLEAR,"DARKNESS, LIGHTED ROAD",SIDESWIPE SAME DIRECTION,DIVIDED - W/MEDIAN (NOT RAISED),STRAIGHT AND LEVEL,DRY,NO DEFECTS,NO INJURY / DRIVE AWAY,"$501 - $1,500",FAILING TO YIELD RIGHT-OF-WAY,NOT APPLICABLE,7129,W,BELMONT AVE,2,NO INDICATION OF INJURY,0.0,0.0,0.0,0.0,0.0,3.0,0.0,20,1,2
f9e82479d93e4be9b4b1578cb9b7ca43854e8192dbf41c7f121b17b41f8d1f648b83a26861d1a550a8d987669074acb750b95bc81a7ba5487b02c0d8c84859d8,2024-01-21 22:37:00,40,NO CONTROLS,NO CONTROLS,CLEAR,"DARKNESS, LIGHTED ROAD",REAR END,DIVIDED - W/MEDIAN BARRIER,STRAIGHT AND LEVEL,DRY,NO DEFECTS,INJURY AND / OR TOW DUE TO CRASH,"OVER $1,500",FAILING TO REDUCE SPEED TO AVOID CRASH,FAILING TO REDUCE SPEED TO AVOID CRASH,2200,N,LAKE SHORE DR SB,2,NONINCAPACITATING INJURY,1.0,0.0,0.0,1.0,0.0,2.0,0.0,22,1,1
c0ed8a05d7632af10a2d201f18858975bdf33819d86d9f1f53d08b1ee0162ebc85115bddc282bb75a2c2447eaf2f3d2a800f1059f82a01b37e6bc316031b82a6,2019-09-19 16:15:00,30,TRAFFIC SIGNAL,FUNCTIONING PROPERLY,CLEAR,DAYLIGHT,REAR END,NOT DIVIDED,STRAIGHT AND LEVEL,DRY,NO DEFECTS,NO INJURY / DRIVE AWAY,"OVER $1,500",FAILING TO REDUCE SPEED TO AVOID CRASH,FOLLOWING TOO CLOSELY,5344,W,ADDISON ST,2,NO INDICATION OF INJURY,0.0,0.0,0.0,0.0,0.0,6.0,0.0,16,5,9
f4c678786b8cf3973cc105ca1fe957b954d63ed966623239d62067a92c84b40f3c9c7402ebccd8ec077852f337c21d7eb2ef05a8c9afd29d520f1d28bfaf4911,2017-11-03 18:22:00,30,NO CONTROLS,NO CONTROLS,CLEAR,DUSK,REAR END,NOT DIVIDED,STRAIGHT AND LEVEL,DRY,NO DEFECTS,NO INJURY / DRIVE AWAY,"OVER $1,500",NOT APPLICABLE,NOT APPLICABLE,6500,S,WESTERN AVE,2,NO INDICATION OF INJURY,0.0,0.0,0.0,0.0,0.0,6.0,0.0,18,6,11
9760d12489390eb78cff92115eb4f29d49bef9d5e340920c46b1b0f3fc58a3e23315c236b6131514a836fdf7bb4e060a2886d2ef3676307afc94376f314fae61,2023-08-17 13:30:00,30,UNKNOWN,UNKNOWN,CLEAR,DAYLIGHT,ANGLE,UNKNOWN,STRAIGHT AND LEVEL,DRY,UNKNOWN,NO INJURY / DRIVE AWAY,"OVER $1,500",UNABLE TO DETERMINE,UNABLE TO DETERMINE,4800,S,WABASH AVE,2,NO INDICATION OF INJURY,0.0,0.0,0.0,0.0,0.0,2.0,0.0,13,5,8
80812467c83b0bbafef4fc2cb2aae98a48ad55a5948c39ed52fbfde1ed955701a67a417c0288874fed4ce7b79c584af434712a17e507550e180f11f5a296b31b,2018-04-15 05:40:00,25,NO CONTROLS,NO CONTROLS,RAIN,"DARKNESS, LIGHTED ROAD",PARKED MOTOR VEHICLE,ONE-WAY,STRAIGHT AND LEVEL,WET,NO DEFECTS,INJURY AND / OR TOW DUE TO CRASH,"OVER $1,500",UNABLE TO DETERMINE,UNABLE TO DETERMINE,4924,W,ROSCOE ST,4,NO INDICATION OF INJURY,0.0,0.0,0.0,0.0,0.0,1.0,0.0,5,1,4
418caf8402dd5fcaa72f42d4281471bd18473121671bc7abce436d997979fe2b446364c7c4e8b0538e0a3f41f87545eb67b639485f43d05d1abd637f8a59b819,2019-04-14 14:40:00,30,NO CONTROLS,NO CONTROLS,SNOW,DAYLIGHT,SIDESWIPE SAME DIRECTION,NOT DIVIDED,STRAIGHT ON HILLCREST,SNOW OR SLUSH,NO DEFECTS,NO INJURY / DRIVE AWAY,"OVER $1,500",FAILING TO YIELD RIGHT-OF-WAY,WEATHER,5947,S,NARRAGANSETT AVE,2,NO INDICATION OF INJURY,0.0,0.0,0.0,0.0,0.0,3.0,0.0,14,1,4
b97779fc562f8cc67e016d6ed2dde573066b47ecaedf8605a37ba1f400a1fa561f518c297f7a2aca847b0fc62a77ec425231cfc5dd60aa885f47f2a447c6d0c1,2020-07-16 17:25:00,35,TRAFFIC SIGNAL,FUNCTIONING PROPERLY,CLEAR,DAYLIGHT,REAR END,NOT DIVIDED,STRAIGHT AND LEVEL,DRY,NO DEFECTS,NO INJURY / DRIVE AWAY,"$501 - $1,500","OPERATING VEHICLE IN ERRATIC, RECKLESS, CARELESS, NEGLIGENT OR AGGRESSIVE MANNER",DRIVING SKILLS/KNOWLEDGE/EXPERIENCE,13000,S,ELLIS AVE,2,NO INDICATION OF INJURY,0.0,0.0,0.0,0.0,0.0,2.0,0.0,17,5,7
59d2622f6924ff55b38c0c425fd9176928352048db5e0504062bc57e5207492d0e4bece1a3917144391d7abea89d4b82352432681ce294034d858fe12b376867,2021-01-13 06:15:00,30,NO CONTROLS,NO CONTROLS,CLEAR,"DARKNESS, LIGHTED ROAD",TURNING,DIVIDED - W/MEDIAN (NOT RAISED),STRAIGHT AND LEVEL,DRY,NO DEFECTS,NO INJURY / DRIVE AWAY,"$501 - $1,500",FAILING TO YIELD RIGHT-OF-WAY,NOT APPLICABLE,1300,N,KEDZIE AVE,2,NO INDICATION OF INJURY,0.0,0.0,0.0,0.0,0.0,2.0,0.0,6,4,1
e2d9a7754d7c7299d3248281466af85960af0093be78b98f0ffcd22c05c4e2c7bc9b656821b4c2d96fd7e4a540f4a47bc6eae98434bb5c823cc4e0cc63644a9d,2019-01-19 21:00:00,30,TRAFFIC SIGNAL,FUNCTIONING PROPERLY,CLEAR,"DARKNESS, LIGHTED ROAD",REAR END,NOT DIVIDED,STRAIGHT AND LEVEL,SNOW OR SLUSH,NO DEFECTS,NO INJURY / DRIVE AWAY,"OVER $1,500",FOLLOWING TOO CLOSELY,UNABLE TO DETERMINE,7912,W,FOREST PRESERVE AVE,2,NO INDICATION OF INJURY,0.0,0.0,0.0,0.0,0.0,3.0,0.0,21,7,1
d3f28efd008a59e8d8ee67f81498228933261dc12a482747480f7d9bf19ebaafb54fc317a416c92ed26ccc8d6754fc27802016219a8e6da6c89f3a02b24c554c,2019-09-21 20:20:00,30,NO CONTROLS,UNKNOWN,RAIN,DUSK,REAR END,NOT DIVIDED,STRAIGHT AND LEVEL,WET,UNKNOWN,NO INJURY / DRIVE AWAY,"OVER $1,500",UNABLE TO DETERMINE,UNABLE TO DETERMINE,4100,W,BELMONT AVE,2,NO INDICATION OF INJURY,0.0,0.0,0.0,0.0,0.0,3.0,0.0,20,7,9
cc1b38bc2240c70b07201cfc30412627f94746bd7687c254636e5dc151070057f9256bbbc6838961e8d326bb7721700eb9686d4513ea51f2b4ec0076db9b4fef,2022-09-19 14:30:00,30,NO CONTROLS,NO CONTROLS,CLEAR,DAYLIGHT,REAR END,RAMP,STRAIGHT AND LEVEL,DRY,UNKNOWN,NO INJURY / DRIVE AWAY,"$501 - $1,500",UNABLE TO DETERMINE,NOT APPLICABLE,9500,S,WENTWORTH AVE,2,NO INDICATION OF INJURY,0.0,0.0,0.0,0.0,0.0,2.0,0.0,14,2,9
096d47edeb290186888f3a83776d351f9d537e45443087dea1dd9500c648beee364f69a4e8f69ad19899629a9b247d3a628a1e5e165a31b8053394596ce5c8bc,2021-10-28 10:45:00,30,NO CONTROLS,NO CONTROLS,CLOUDY/OVERCAST,DAYLIGHT,REAR END,NOT DIVIDED,STRAIGHT AND LEVEL,DRY,NO DEFECTS,NO INJURY / DRIVE AWAY,"OVER $1,500",UNABLE TO DETERMINE,NOT APPLICABLE,724,W,95TH ST,2,NO INDICATION OF INJURY,0.0,0.0,0.0,0.0,0.0,2.0,0.0,10,5,10
a107760669201412aeb4a5abb23136fb11df408674f78971710823e0ceacddad24e96ef06aaf76b9fc8a4693d73d4380e22c4b796b73a5fd5ad48b2814a58112,2016-10-24 05:00:00,30,NO CONTROLS,NO CONTROLS,CLEAR,DAWN,PARKED MOTOR VEHICLE,ONE-WAY,STRAIGHT AND LEVEL,DRY,NO DEFECTS,NO INJURY / DRIVE AWAY,"$501 - $1,500","OPERATING VEHICLE IN ERRATIC, RECKLESS, CARELESS, NEGLIGENT OR AGGRESSIVE MANNER",IMPROPER OVERTAKING/PASSING,8604,S,CALUMET AVE,2,NO INDICATION OF INJURY,0.0,0.0,0.0,0.0,0.0,1.0,0.0,5,2,10
508d54e8f18dc82c6f2e235c16824f27286d20404e04c69a6739b684b56b801da9116ca04bc53cbae28456872c08c3ad2e2fdc20167376bbb780c1d23a87fdf8,2021-06-12 20:17:00,30,STOP SIGN/FLASHER,FUNCTIONING PROPERLY,CLEAR,"DARKNESS, LIGHTED ROAD",REAR END,FOUR WAY,STRAIGHT AND LEVEL,DRY,NO DEFECTS,NO INJURY / DRIVE AWAY,"OVER $1,500",FOLLOWING TOO CLOSELY,NOT APPLICABLE,1400,N,CENTRAL PARK AVE,2,NO INDICATION OF INJURY,0.0,0.0,0.0,0.0,0.0,2.0,0.0,20,7,6
31c3f56c327ac1c7c5aef465db63d700a64ef7ee3a3bcf7342dbdb6ecdece620fbf3d1173bb92b58a8bbeaceb75e99530c5bc855e177d6ea6e0383dc73894eb2,2019-07-10 11:35:00,30,TRAFFIC SIGNAL,FUNCTIONING PROPERLY,CLEAR,DAYLIGHT,TURNING,DIVIDED - W/MEDIAN (NOT RAISED),STRAIGHT AND LEVEL,DRY,NO DEFECTS,NO INJURY / DRIVE AWAY,"OVER $1,500",UNABLE TO DETERMINE,NOT APPLICABLE,352,S,CALIFORNIA AVE,2,NO INDICATION OF INJURY,0.0,0.0,0.0,0.0,0.0,2.0,0.0,11,4,7
737d2386dcff7ec8d64b2a30fc2fa8e2bde4c7aa46b0fcf9b0cbe6062f8f96fd699aedd63c36b562d160efb6bd6057bd12e63d768e9e20d77a5f4f91f0dcc6dd,2020-10-21 03:00:00,30,STOP SIGN/FLASHER,FUNCTIONING PROPERLY,UNKNOWN,"DARKNESS, LIGHTED ROAD",ANGLE,NOT DIVIDED,STRAIGHT AND LEVEL,WET,UNKNOWN,NO INJURY / DRIVE AWAY,"OVER $1,500",FAILING TO YIELD RIGHT-OF-WAY,UNABLE TO DETERMINE,4025,N,BROADWAY,2,NO INDICATION OF INJURY,0.0,0.0,0.0,0.0,0.0,2.0,0.0,3,4,10
fce5500110d28959098e21e19c208c791cae810bb9c210715a47d6786266bc8c5466efae3f75c20d51a5d1752a1ede6b52f59fe9b4db8e596f0ca71e51f88d8c,2022-05-09 15:50:00,35,TRAFFIC SIGNAL,FUNCTIONING PROPERLY,CLEAR,DAYLIGHT,REAR END,NOT DIVIDED,STRAIGHT AND LEVEL,DRY,NO DEFECTS,NO INJURY / DRIVE AWAY,"OVER $1,500",UNABLE TO DETERMINE,UNABLE TO DETERMINE,7446,S,SOUTH SHORE DR,3,NO INDICATION OF INJURY,0.0,0.0,0.0,0.0,0.0,3.0,0.0,15,2,5
7057bb1ef322253e48825a0f2974ca6cddd85f2765d0a0434350a1c26f58b618ffb7a8534040d3b23a04ce663f734d85189ccb0ba7e6249da7b5ccb7f3985677,2019-02-01 17:30:00,30,STOP SIGN/FLASHER,FUNCTIONING PROPERLY,CLEAR,DUSK,ANGLE,ONE-WAY,STRAIGHT AND LEVEL,WET,NO DEFECTS,NO INJURY / DRIVE AWAY,"$501 - $1,500",FAILING TO YIELD RIGHT-OF-WAY,NOT APPLICABLE,1850,W,CONGRESS PKWY,2,NO INDICATION OF INJURY,0.0,0.0,0.0,0.0,0.0,3.0,0.0,17,6,2
9db63df32fdf22482b902d58c3132a7d42ff18b8902638326b12aeac522837d17f64d1a5ee0f1a34632f06a36206a31625907e0c2d3aeb23552ce6bf6ca81cf1,2023-03-16 18:00:00,15,UNKNOWN,UNKNOWN,CLEAR,DAYLIGHT,REAR TO SIDE,UNKNOWN,STRAIGHT AND LEVEL,DRY,UNKNOWN,NO INJURY / DRIVE AWAY,"$501 - $1,500",NOT APPLICABLE,NOT APPLICABLE,4559,N,BROADWAY,2,NO INDICATION OF INJURY,0.0,0.0,0.0,0.0,0.0,2.0,0.0,18,5,3
a76798a7f992364189bd4d6c1bbee3fa1fd4d54c76b9b00d04c194af76587d71a3ca818cd8042b56f13475066156eec95db7259faa33a0481e670c3df2b0d977,2020-09-01 19:18:00,25,TRAFFIC SIGNAL,FUNCTIONING PROPERLY,CLEAR,"DARKNESS, LIGHTED ROAD",ANGLE,FOUR WAY,STRAIGHT AND LEVEL,WET,NO DEFECTS,NO INJURY / DRIVE AWAY,"$501 - $1,500",UNABLE TO DETERMINE,NOT APPLICABLE,2500,S,PULASKI RD,2,NO INDICATION OF INJURY,0.0,0.0,0.0,0.0,0.0,2.0,0.0,19,3,9
58a9d529986b5e0c534bfba1f9bb58ca386ff5f058d2a4bd706b88ff0f9ba3ee87f51896bd83d1fc811c7b8d7a49c2d0538fc579b90d05cf59d01a91518aa654,2018-03-09 23:35:00,45,NO CONTROLS,NO CONTROLS,CLEAR,"DARKNESS, LIGHTED ROAD",SIDESWIPE SAME DIRECTION,ONE-WAY,STRAIGHT AND LEVEL,DRY,NO DEFECTS,NO INJURY / DRIVE AWAY,"$501 - $1,500",UNABLE TO DETERMINE,UNABLE TO DETERMINE,1699,N,LAKE SHORE DR,2,NO INDICATION OF INJURY,0.0,0.0,0.0,0.0,0.0,3.0,0.0,23,6,3
db4c5211d193e83a4aab6028476229d354bc38b0ace860d075f85992c7cf70826a6620092dbf4f9d9f48aff565dd3b992be99a704680b64b9c880c40276e2e2e,2022-08-05 11:23:00,30,NO CONTROLS,NO CONTROLS,CLEAR,DAYLIGHT,PARKED MOTOR VEHICLE,ONE-WAY,STRAIGHT AND LEVEL,DRY,UNKNOWN,NO INJURY / DRIVE AWAY,"OVER $1,500",NOT APPLICABLE,NOT APPLICABLE,4022,W,WAVELAND AVE,2,NO INDICATION OF INJURY,0.0,0.0,0.0,0.0,0.0,1.0,0.0,11,6,8
f1a7a60505409b1d6e1d3f11b9b8451fe51bc871614e8ef62af0fcc1be70443d61320784a4a0638f9a9134f04e33a3ed03bfbf8eb2761fb9a93608edb9a8dd27,2022-06-03 08:20:00,30,UNKNOWN,UNKNOWN,CLEAR,DAYLIGHT,PARKED MOTOR VEHICLE,NOT DIVIDED,STRAIGHT AND LEVEL,WET,UNKNOWN,NO INJURY / DRIVE AWAY,"OVER $1,500",NOT APPLICABLE,NOT APPLICABLE,1604,W,BERTEAU AVE,2,NO INDICATION OF INJURY,0.0,0.0,0.0,0.0,0.0,1.0,0.0,8,6,6
1ef05f85af9f6f44576f6e2614c3d570c6a8c3d0fd5f8526304c7e1d4b0e22362ac8608af7b4833d936fd4ac2c82da95afb4e278e4c13cc56ce4a52b063272ba,2020-09-21 17:30:00,35,TRAFFIC SIGNAL,FUNCTIONING PROPERLY,CLEAR,DAYLIGHT,SIDESWIPE SAME DIRECTION,DIVIDED - W/MEDIAN (NOT RAISED),STRAIGHT AND LEVEL,DRY,NO DEFECTS,NO INJURY / DRIVE AWAY,"OVER $1,500",IMPROPER OVERTAKING/PASSING,UNABLE TO DETERMINE,9400,S,LAFAYETTE AVE,2,NO INDICATION OF INJURY,0.0,0.0,0.0,0.0,0.0,2.0,0.0,17,2,9
b3e72ead95792447e72d2b6c6f1cf74ca0d2e464d154d27da722df7767986d9300077e6d7ad0a4c99a38b31e936dd9f723c80ccae8531a3fb936a0c593e6ce42,2018-06-09 00:00:00,30,NO CONTROLS,NO CONTROLS,UNKNOWN,DARKNESS,PARKED MOTOR VEHICLE,ONE-WAY,STRAIGHT AND LEVEL,UNKNOWN,UNKNOWN,NO INJURY / DRIVE AWAY,"$501 - $1,500",IMPROPER BACKING,NOT APPLICABLE,5920,S,MOZART ST,2,NO INDICATION OF INJURY,0.0,0.0,0.0,0.0,0.0,1.0,0.0,0,7,6