CRASH_RECORD_ID,CRASH_DATE,POSTED_SPEED_LIMIT,TRAFFIC_CONTROL_DEVICE,DEVICE_CONDITION,WEATHER_CONDITION,LIGHTING_CONDITION,FIRST_CRASH_TYPE,TRAFFICWAY_TYPE,ALIGNMENT,ROADWAY_SURFACE_COND,ROAD_DEFECT,CRASH_TYPE,DAMAGE,PRIM_CONTRIBUTORY_CAUSE,SEC_CONTRIBUTORY_CAUSE,STREET_NO,STREET_DIRECTION,STREET_NAME,NUM_UNITS,MOST_SEVERE_INJURY,INJURIES_TOTAL,INJURIES_FATAL,INJURIES_INCAPACITATING,INJURIES_NON_INCAPACITATING,INJURIES_REPORTED_NOT_EVIDENT,INJURIES_NO_INDICATION,INJURIES_UNKNOWN,CRASH_HOUR,CRASH_DAY_OF_WEEK,CRASH_MONTH
539a714514403425a740c0ad7e3f1d673f9762bba5d6adaf7f0c13b0e7106816db9d752b8f653ccee2d6ea543aecfae5d55948a64ef34dd399c2582ba4e3c34d,2021-01-22 19:30:00,30,NO CONTROLS,NO CONTROLS,CLEAR,"DARKNESS, LIGHTED ROAD",SIDESWIPE OPPOSITE DIRECTION,NOT DIVIDED,STRAIGHT AND LEVEL,DRY,NO DEFECTS,NO INJURY / DRIVE AWAY,"OVER $1,500",UNABLE TO DETERMINE,DRIVING ON WRONG SIDE/WRONG WAY,423,E,109TH ST,2,NO INDICATION OF INJURY,0.0,0.0,0.0,0.0,0.0,3.0,0.0,19,6,1
d664fd25087e9d239ca83db3aa83429bb7e58e75f92b1eb70dfb24390cdf82b21ac0f1f033a2d04590588a19d1d34054e9c82f6a26b636f6fc1f4a5394af3105,2020-12-13 23:30:00,30,NO CONTROLS,NO CONTROLS,CLEAR,"DARKNESS, LIGHTED ROAD",TURNING,NOT DIVIDED,STRAIGHT AND LEVEL,DRY,NO DEFECTS,NO INJURY / DRIVE AWAY,"OVER $1,500",UNABLE TO DETERMINE,UNABLE TO DETERMINE,7500,S,PULASKI RD,2,NO INDICATION OF INJURY,0.0,0.0,0.0,0.0,0.0,2.0,0.0,23,1,12
498180681d95aaa0d90177241b273e2c959a6537392c5d2f1223bd5b4c754efefb95a2a3a8a2488d4bff86d2afcb70dea835c893e2652232aecdcc28b8b46031,2018-04-04 01:00:00,30,STOP SIGN/FLASHER,FUNCTIONING PROPERLY,RAIN,DAYLIGHT,ANGLE,NOT DIVIDED,STRAIGHT AND LEVEL,WET,NO DEFECTS,NO INJURY / DRIVE AWAY,"OVER $1,500",DISREGARDING STOP SIGN,DISREGARDING STOP SIGN,500,W,61ST PL,2,NO INDICATION OF INJURY,0.0,0.0,0.0,0.0,0.0,3.0,0.0,1,4,4
5a36bf4aa43bde336e5710ddfe4248722c89ae4e979b8ed2e2c06d76798b3aaf207d6160c9a481c38bc8d669a267de8be3776a047ab9c5c291e8cfafaf51b2fd,2022-04-26 11:58:00,30,NO CONTROLS,NO CONTROLS,CLEAR,DAYLIGHT,REAR END,FOUR WAY,STRAIGHT AND LEVEL,DRY,NO DEFECTS,NO INJURY / DRIVE AWAY,"$501 - $1,500",UNABLE TO DETERMINE,NOT APPLICABLE,198,W,125TH ST,2,NO INDICATION OF INJURY,0.0,0.0,0.0,0.0,0.0,2.0,0.0,11,3,4
ce2781246242cd393307701ca36a6b35c1bd186a7f825d5000fd568fd12be574a5288773796f5ac885b8f30885fa1392ccb2f41540d3f51e68809af08035a84d,2017-01-31 08:00:00,30,NO CONTROLS,NO CONTROLS,CLEAR,DAYLIGHT,FIXED OBJECT,NOT DIVIDED,STRAIGHT AND LEVEL,DRY,UNKNOWN,NO INJURY / DRIVE AWAY,$500 OR LESS,UNABLE TO DETERMINE,UNABLE TO DETERMINE,9751,S,LONGWOOD DR,1,NO INDICATION OF INJURY,0.0,0.0,0.0,0.0,0.0,1.0,0.0,8,3,1
d9956d6dfebf3fa18906c715aa549b6d7e2079a9efded24a647ba958f8e88242b4fa2a5e4afee3688684d6a43a8b87fe6ed5ed4bb9af15b0627d1d12a0760121,2018-01-02 19:42:00,30,NO CONTROLS,NO CONTROLS,CLEAR,DARKNESS,ANGLE,DIVIDED - W/MEDIAN (NOT RAISED),STRAIGHT AND LEVEL,SNOW OR SLUSH,NO DEFECTS,NO INJURY / DRIVE AWAY,"OVER $1,500",UNABLE TO DETERMINE,UNABLE TO DETERMINE,5551,W,DIVERSEY AVE,2,NO INDICATION OF INJURY,0.0,0.0,0.0,0.0,0.0,3.0,0.0,19,3,1
d6b36af12d37a0c58c2415953e7ad212bff140c70d129a83980c31809285fa39bdc3923a33cf2d1cd49cf462beebb27e536fb5ee5e961e52da3517c14a4cebe8,2024-02-28 16:08:00,30,TRAFFIC SIGNAL,FUNCTIONING PROPERLY,CLEAR,DAYLIGHT,SIDESWIPE SAME DIRECTION,NOT DIVIDED,STRAIGHT AND LEVEL,DRY,NO DEFECTS,INJURY AND / OR TOW DUE TO CRASH,"OVER $1,500",UNABLE TO DETERMINE,NOT APPLICABLE,4001,W,35TH PL,2,NO INDICATION OF INJURY,0.0,0.0,0.0,0.0,0.0,2.0,0.0,16,4,2
925ea498664c693ad355caa3dfe22d84f7a3fce1a4c4893fb41d1dd1e7141754b9cd169838adece85bbb1334b15c80a6b1009fc2621bad126facb57edc61e50b,2022-08-05 15:50:00,35,TRAFFIC SIGNAL,FUNCTIONING PROPERLY,CLEAR,DAYLIGHT,TURNING,FOUR WAY,STRAIGHT AND LEVEL,DRY,NO DEFECTS,NO INJURY / DRIVE AWAY,$500 OR LESS,UNABLE TO DETERMINE,UNABLE TO DETERMINE,2199,S,WABASH AVE,2,NO INDICATION OF INJURY,0.0,0.0,0.0,0.0,0.0,5.0,0.0,15,6,8
14e867368b1e6f02418b02f5254419f22c9d745dec8f90b5c4026a391f1c57d19ad5f99c6428e222cab079c18f522483eb1ce938dfe5b603de68785c179900b2,2021-12-22 18:34:00,30,NO CONTROLS,NO CONTROLS,CLEAR,DARKNESS,SIDESWIPE SAME DIRECTION,NOT DIVIDED,STRAIGHT AND LEVEL,DRY,UNKNOWN,NO INJURY / DRIVE AWAY,"OVER $1,500",IMPROPER LANE USAGE,UNABLE TO DETERMINE,5599,N,WESTERN AVE,2,NO INDICATION OF INJURY,0.0,0.0,0.0,0.0,0.0,4.0,0.0,18,4,12
b71e84eb2e1622b7609d773982f852245db97adb0a5b7ccff9d9ebc1f7081afb3131f702528017d4771d5bcd86d3320faf308c29da4758d057be86a6e614e150,2019-11-30 13:11:00,30,NO CONTROLS,NO CONTROLS,RAIN,DAYLIGHT,REAR END,NOT DIVIDED,STRAIGHT AND LEVEL,WET,NO DEFECTS,INJURY AND / OR TOW DUE TO CRASH,"OVER $1,500",UNABLE TO DETERMINE,NOT APPLICABLE,5649,W,FULLERTON AVE,3,NONINCAPACITATING INJURY,2.0,0.0,0.0,2.0,0.0,3.0,0.0,13,7,11
c1c5a567086e090de426813cd372f7eac528c9b47278ce0d6c16748e5cabd56d7cc60ae779d7b02165b587a070473ee4c0e26f80fa74ee75b63a1f90d20d49c5,2015-12-11 12:55:00,25,NO CONTROLS,NO CONTROLS,CLEAR,DAYLIGHT,REAR END,NOT DIVIDED,STRAIGHT AND LEVEL,DRY,NO DEFECTS,NO INJURY / DRIVE AWAY,"OVER $1,500",IMPROPER BACKING,NOT APPLICABLE,4009,W,24TH PL,2,NO INDICATION OF INJURY,0.0,0.0,0.0,0.0,0.0,2.0,0.0,12,6,12
c299f115a6afcf1732824db09b88402c1dc9c2d407f2eb9d59b332aeba2aac0a4530e84b4344ee9c0547e959e2d006720c0a3d5446d765ea0f7e0ffb1be1f921,2018-07-13 15:30:00,30,YIELD,NO CONTROLS,CLEAR,DAYLIGHT,REAR END,NOT DIVIDED,STRAIGHT AND LEVEL,DRY,NO DEFECTS,NO INJURY / DRIVE AWAY,"$501 - $1,500",FOLLOWING TOO CLOSELY,NOT APPLICABLE,814,N,SACRAMENTO BLVD,2,NO INDICATION OF INJURY,0.0,0.0,0.0,0.0,0.0,5.0,0.0,15,6,7
175785de61d692a6d3216dc5db73db02c0cdbfb8fb198fea5b426780d62139d1e47f7e04c8e99097bdc3259c4fd7ecf291efc18f1564df410aab4e5bf5087d96,2019-07-17 07:00:00,30,TRAFFIC SIGNAL,FUNCTIONING PROPERLY,CLEAR,DAYLIGHT,TURNING,FOUR WAY,STRAIGHT AND LEVEL,DRY,NO DEFECTS,NO INJURY / DRIVE AWAY,"OVER $1,500",DRIVING SKILLS/KNOWLEDGE/EXPERIENCE,NOT APPLICABLE,7901,S,ASHLAND AVE,2,NO INDICATION OF INJURY,0.0,0.0,0.0,0.0,0.0,2.0,0.0,7,4,7
9a9f9d307af04d2039df7f7e63f4ae71875b9c2186e4ac34285fffd9be258020c4c62b5d01281989ce0dd077cbfd25e50a129c64f0fa5034cb7cd29840846d18,2019-10-15 09:15:00,30,NO CONTROLS,NO CONTROLS,CLEAR,DAYLIGHT,PARKED MOTOR VEHICLE,NOT DIVIDED,STRAIGHT AND LEVEL,DRY,NO DEFECTS,NO INJURY / DRIVE AWAY,"OVER $1,500",UNABLE TO DETERMINE,UNABLE TO DETERMINE,4350,W,JACKSON BLVD,2,NO INDICATION OF INJURY,0.0,0.0,0.0,0.0,0.0,2.0,0.0,9,3,10
b8f469ebe9f4b5fd5b7446079a18fc1fbfe1d2d82698dc6aeac66dbc167a603ad54e8b820c58d5e1d0a598b6b199ead74eec1715f730d087eda3862db836ecba,2021-04-13 07:40:00,10,NO CONTROLS,NO CONTROLS,CLEAR,DAYLIGHT,SIDESWIPE SAME DIRECTION,PARKING LOT,STRAIGHT AND LEVEL,DRY,NO DEFECTS,NO INJURY / DRIVE AWAY,"OVER $1,500",UNABLE TO DETERMINE,NOT APPLICABLE,6408,W,IRVING PARK RD,2,NO INDICATION OF INJURY,0.0,0.0,0.0,0.0,0.0,3.0,0.0,7,3,4
c27b9b676ff2110dd0501e1609ea76a084d7597941741500fcdf7bf59e73681d53a7ecb4fd70e4eb18a14065cc4caf1d90b2f0c415579e964f9ff62225373c5b,2019-12-30 18:35:00,30,NO CONTROLS,NO CONTROLS,SNOW,DARKNESS,TURNING,FOUR WAY,STRAIGHT AND LEVEL,WET,NO DEFECTS,NO INJURY / DRIVE AWAY,"$501 - $1,500",DRIVING SKILLS/KNOWLEDGE/EXPERIENCE,NOT APPLICABLE,8300,S,ESSEX AVE,2,NO INDICATION OF INJURY,0.0,0.0,0.0,0.0,0.0,2.0,0.0,18,2,12
a828e7084f8ee777b31f3903ea26d40c429976b3b24010d518067867124675760313636b3304138e034c8309fd0eb0d9d4daf510e80b079bde6cbd43d27908eb,2021-04-19 06:34:00,30,NO CONTROLS,NO CONTROLS,CLEAR,DAYLIGHT,PARKED MOTOR VEHICLE,NOT DIVIDED,STRAIGHT AND LEVEL,DRY,NO DEFECTS,NO INJURY / DRIVE AWAY,$500 OR LESS,IMPROPER TURNING/NO SIGNAL,UNABLE TO DETERMINE,10351,S,TORRENCE AVE,2,NO INDICATION OF INJURY,0.0,0.0,0.0,0.0,0.0,1.0,0.0,6,2,4
a773614ad2986a18e250c9c7ce27618a8340649a1df18a2eeac1f7255ec2dd50d9ec7bb04041dc96d79b4ef7dd1b2af7140a7f85439cb62ce7e7fe36b907a230,2019-05-29 07:20:00,30,NO CONTROLS,NO CONTROLS,RAIN,DAYLIGHT,OTHER NONCOLLISION,NOT DIVIDED,STRAIGHT AND LEVEL,WET,"RUT, HOLES",NO INJURY / DRIVE AWAY,"$501 - $1,500",ROAD CONSTRUCTION/MAINTENANCE,ROAD CONSTRUCTION/MAINTENANCE,8300,S,COTTAGE GROVE AVE,1,NO INDICATION OF INJURY,0.0,0.0,0.0,0.0,0.0,1.0,0.0,7,4,5
04878d4d85b1297f2c8b92c177d90170873d8ed8219f17844fbf29179433969ea9fcc5df43d77200129195281cf5a5ef20a78f78d6635c6b34ade05a412d6d84,2024-01-07 17:11:00,20,NO CONTROLS,NO CONTROLS,CLEAR,DAYLIGHT,PARKED MOTOR VEHICLE,PARKING LOT,STRAIGHT AND LEVEL,DRY,NO DEFECTS,NO INJURY / DRIVE AWAY,"OVER $1,500",FOLLOWING TOO CLOSELY,DRIVING SKILLS/KNOWLEDGE/EXPERIENCE,538,W,OHARE ST,2,NO INDICATION OF INJURY,0.0,0.0,0.0,0.0,0.0,1.0,0.0,17,1,1
2836082a7fdd97edbe82c933beccc31d2df94d7ba159f4ff8657c0b224e8df034922cc607ddceb8d5c3fcf6792cff6d4ad1eba601ecc73b4ef567812f461d73a,2021-12-20 09:35:00,30,NO CONTROLS,NO CONTROLS,CLEAR,DAYLIGHT,REAR END,PARKING LOT,STRAIGHT AND LEVEL,DRY,NO DEFECTS,NO INJURY / DRIVE AWAY,"$501 - $1,500",FAILING TO REDUCE SPEED TO AVOID CRASH,UNABLE TO DETERMINE,5133,W,NORTH AVE,2,NO INDICATION OF INJURY,0.0,0.0,0.0,0.0,0.0,2.0,0.0,9,2,12
8cdfccc3d9cb4b4d70f109b6ef74b8e927d5c92cd7a7c377711430000a2e18ad568eee0f5a4eac5cffb828c1b57c2e5ee0fea55f4872574155e90076f7b496c6,2021-09-17 17:45:00,30,NO CONTROLS,NO CONTROLS,CLEAR,DAYLIGHT,REAR END,NOT DIVIDED,STRAIGHT AND LEVEL,DRY,NO DEFECTS,NO INJURY / DRIVE AWAY,"OVER $1,500",UNABLE TO DETERMINE,NOT APPLICABLE,6807,W,RAVEN ST,2,NO INDICATION OF INJURY,0.0,0.0,0.0,0.0,0.0,2.0,0.0,17,6,9
96106fdd2d0a9779156f26b01048515bd759262c053d27e5caf2f072e8a2ac87bcb7aa7ff0d3df4f2ed1ee7981d1637a27080f7af9043bc342b4c5e3968fcd6a,2018-12-29 19:00:00,35,UNKNOWN,UNKNOWN,UNKNOWN,UNKNOWN,PARKED MOTOR VEHICLE,DIVIDED - W/MEDIAN (NOT RAISED),STRAIGHT AND LEVEL,UNKNOWN,NO DEFECTS,INJURY AND / OR TOW DUE TO CRASH,"$501 - $1,500",UNABLE TO DETERMINE,NOT APPLICABLE,5220,S,DREXEL AVE,2,NO INDICATION OF INJURY,0.0,0.0,0.0,0.0,0.0,1.0,0.0,19,7,12
653bc68240466b843e1859192dd07266e7795c5fa97119a4c084523a972d7560e1d7d0a7ac79e0fc7f1366b331bc9b9e4377bdd4cdeb6e811d4cd23212bdda77,2018-10-10 06:40:00,30,TRAFFIC SIGNAL,FUNCTIONING PROPERLY,CLEAR,DAYLIGHT,TURNING,ONE-WAY,STRAIGHT AND LEVEL,DRY,NO DEFECTS,NO INJURY / DRIVE AWAY,"OVER $1,500",FAILING TO YIELD RIGHT-OF-WAY,FAILING TO YIELD RIGHT-OF-WAY,130,S,CANAL ST,2,NO INDICATION OF INJURY,0.0,0.0,0.0,0.0,0.0,2.0,0.0,6,4,10
4858ec0f20c952a7edd068f9d2c14cfcfbe2dd77a4b2f49ab1bfc1f6dced74a6d0be899d683f532fcb533c30301d2e4b576b6b4ba17534385d5ae9bb84ac6762,2022-10-04 05:00:00,30,NO CONTROLS,NO CONTROLS,UNKNOWN,UNKNOWN,PARKED MOTOR VEHICLE,ONE-WAY,STRAIGHT AND LEVEL,UNKNOWN,UNKNOWN,NO INJURY / DRIVE AWAY,"OVER $1,500",UNABLE TO DETERMINE,NOT APPLICABLE,1714,W,JUNEWAY TER,2,NO INDICATION OF INJURY,0.0,0.0,0.0,0.0,0.0,1.0,0.0,5,3,10
d0cea89e47deb7c8bf8d7ad73464c000511e062f277fc0553c8669b849a818820d604ecc58ccab0e6ab1a43b0f85d08b3090348cd0d7a735348d58f0afac05ba,2022-06-16 13:00:00,30,TRAFFIC SIGNAL,FUNCTIONING PROPERLY,CLEAR,DAYLIGHT,TURNING,NOT DIVIDED,STRAIGHT AND LEVEL,DRY,NO DEFECTS,NO INJURY / DRIVE AWAY,"OVER $1,500",FAILING TO YIELD RIGHT-OF-WAY,UNABLE TO DETERMINE,600,S,PAULINA ST,2,NO INDICATION OF INJURY,0.0,0.0,0.0,0.0,0.0,2.0,0.0,13,5,6
5d4dc8c0307ad236afe89b663e59f7959566bc240ba6d48e377268140146c2d220df8895646e67967b9d91d856c68332c6462f4349974991ccef0523505ae4a0,2018-02-21 20:03:00,25,NO CONTROLS,UNKNOWN,CLEAR,"DARKNESS, LIGHTED ROAD",REAR END,NOT DIVIDED,STRAIGHT AND LEVEL,UNKNOWN,NO DEFECTS,NO INJURY / DRIVE AWAY,"OVER $1,500",FOLLOWING TOO CLOSELY,NOT APPLICABLE,525,E,130TH ST,2,NO INDICATION OF INJURY,0.0,0.0,0.0,0.0,0.0,2.0,0.0,20,4,2
32e2c76be3640d50511ea0ec8af81654d1c813b55680544bad718abe5335ff04f24e7189ffb0403d29d738446ee7e6590e07cb4ef330796ba0b470dcce3a4292,2018-10-04 16:30:00,30,NO CONTROLS,NO CONTROLS,CLOUDY/OVERCAST,DAYLIGHT,REAR END,NOT DIVIDED,STRAIGHT AND LEVEL,UNKNOWN,UNKNOWN,NO INJURY / DRIVE AWAY,"OVER $1,500",FOLLOWING TOO CLOSELY,NOT APPLICABLE,4951,S,DAMEN AVE,2,NO INDICATION OF INJURY,0.0,0.0,0.0,0.0,0.0,3.0,0.0,16,5,10
f69dfd4ddbfdc19197b1199473fb49a585efee974e06113419f69b41faf9675353efacd43e8364ae338ebe9efdad000cc105b7622eb2845f179129a633720136,2020-06-19 14:22:00,30,YIELD,FUNCTIONING PROPERLY,CLEAR,DAYLIGHT,REAR END,DIVIDED - W/MEDIAN (NOT RAISED),STRAIGHT AND LEVEL,DRY,NO DEFECTS,INJURY AND / OR TOW DUE TO CRASH,"$501 - $1,500",DISREGARDING YIELD SIGN,NOT APPLICABLE,745,E,79TH ST,3,NO INDICATION OF INJURY,0.0,0.0,0.0,0.0,0.0,3.0,0.0,14,6,6
04e6d68a46929a9c01ce4b521e995606df08778bd51d0e4b4e4c991de5727641b792548bbe90305a8f6bf06b1ccd50b44bea5688b724241006e9737646466955,2017-02-16 12:00:00,30,TRAFFIC SIGNAL,FUNCTIONING PROPERLY,CLEAR,DAYLIGHT,TURNING,OTHER,STRAIGHT AND LEVEL,DRY,NO DEFECTS,NO INJURY / DRIVE AWAY,"OVER $1,500",UNABLE TO DETERMINE,UNABLE TO DETERMINE,100,N,LONG AVE,3,NO INDICATION OF INJURY,0.0,0.0,0.0,0.0,0.0,3.0,0.0,12,5,2
1403295012384a3697dee4080151834c5f2b590f6bb7b9086d1dcd276745ca9dc24664713a6be9557e6e686647f3a9e0388370be7141f2c57791d569523f8d50,2023-12-30 10:00:00,15,NO CONTROLS,UNKNOWN,CLEAR,DAYLIGHT,FIXED OBJECT,ALLEY,STRAIGHT AND LEVEL,DRY,NO DEFECTS,NO INJURY / DRIVE AWAY,"OVER $1,500",UNABLE TO DETERMINE,NOT APPLICABLE,5318,N,KENMORE AVE,2,NO INDICATION OF INJURY,0.0,0.0,0.0,0.0,0.0,1.0,0.0,10,7,12
e0b82b5499c803cc3c747714106f1516f870da00d31c3a0059ee408cd6e7eab10650e5ae649a67c212cff54aec61620bc792a2127bd225bb3cfad8ada7144d24,2017-05-06 02:00:00,35,TRAFFIC SIGNAL,FUNCTIONING PROPERLY,CLEAR,"DARKNESS, LIGHTED ROAD",REAR END,ONE-WAY,STRAIGHT AND LEVEL,DRY,NO DEFECTS,NO INJURY / DRIVE AWAY,"$501 - $1,500",DISREGARDING TRAFFIC SIGNALS,NOT APPLICABLE,132,W,GARFIELD BLVD,2,NO INDICATION OF INJURY,0.0,0.0,0.0,0.0,0.0,5.0,0.0,2,7,5
6f6e201c8ae684b94093a68be6791a6ad60f3f9ac32b88491a5e76c0e73f9c446d3ac4660dc3c9b2678cc301f061f0e1d5bee453867b39f4028d13239ab09eb0,2023-05-02 17:00:00,35,TRAFFIC SIGNAL,FUNCTIONING PROPERLY,CLEAR,DAYLIGHT,ANGLE,FOUR WAY,STRAIGHT AND LEVEL,DRY,NO DEFECTS,NO INJURY / DRIVE AWAY,"OVER $1,500",UNABLE TO DETERMINE,UNABLE TO DETERMINE,8700,S,HALSTED ST,2,NO INDICATION OF INJURY,0.0,0.0,0.0,0.0,0.0,3.0,0.0,17,3,5
2db4aa12faea7692984d0474be1ebaaafc86c9c7d6f97db374735f85beafeaf12a4b27cd5ac0ba864eb59852200c8f8d7c27bdeb16a5ce3491c471b1d79f8fa7,2023-07-09 12:25:00,30,TRAFFIC SIGNAL,FUNCTIONING PROPERLY,CLEAR,DAYLIGHT,TURNING,NOT DIVIDED,STRAIGHT AND LEVEL,UNKNOWN,UNKNOWN,INJURY AND / OR TOW DUE TO CRASH,"OVER $1,500","VISION OBSCURED (SIGNS, TREE LIMBS, BUILDINGS, ETC.)",UNABLE TO DETERMINE,7430,N,SHERIDAN RD,2,NO INDICATION OF INJURY,0.0,0.0,0.0,0.0,0.0,4.0,0.0,12,1,7
7057eada569b918aa6914bd77e99487aa670294bd5f83640d4e7236d6f2f5340b8652a13eee4df6869c63e285730c0597170e604532f7ef7c6daf4faaeda601e,2018-05-29 15:00:00,30,NO CONTROLS,NO CONTROLS,CLEAR,DAYLIGHT,PARKED MOTOR VEHICLE,NOT DIVIDED,STRAIGHT AND LEVEL,DRY,NO DEFECTS,NO INJURY / DRIVE AWAY,"$501 - $1,500",UNABLE TO DETERMINE,NOT APPLICABLE,1712,W,GLENLAKE AVE,2,NO INDICATION OF INJURY,0.0,0.0,0.0,0.0,0.0,1.0,0.0,15,3,5
768667ba16fc2cbe88d5485a7ad54b9771f241ed62095f9ed17fd480ff0d86cda4a143a61534dcd3d5659f34e001100cf23ada16aca99faf42d01065e89fd498,2018-12-11 07:20:00,30,STOP SIGN/FLASHER,FUNCTIONING PROPERLY,CLEAR,DAYLIGHT,REAR END,NOT DIVIDED,STRAIGHT AND LEVEL,DRY,NO DEFECTS,NO INJURY / DRIVE AWAY,"OVER $1,500",UNABLE TO DETERMINE,UNABLE TO DETERMINE,4603,N,ELSTON AVE,2,NO INDICATION OF INJURY,0.0,0.0,0.0,0.0,0.0,2.0,0.0,7,3,12
7af3635fb20d271702ff4c3207ab492a0261dd84f126fb0287b5906f5ea762f8f2b1c85d15f9423ab078dc6cfa18991498c038d062f3eea52e10028b0a968058,2022-09-05 03:00:00,30,NO CONTROLS,NO CONTROLS,CLEAR,DARKNESS,PARKED MOTOR VEHICLE,DIVIDED - W/MEDIAN (NOT RAISED),STRAIGHT AND LEVEL,DRY,NO DEFECTS,NO INJURY / DRIVE AWAY,"$501 - $1,500",UNABLE TO DETERMINE,NOT APPLICABLE,12400,S,LOWE AVE,2,NO INDICATION OF INJURY,0.0,0.0,0.0,0.0,0.0,1.0,0.0,3,2,9
78382c6a7ca5d260c600528ee499e0b7706e6290806d5ba9126154b6292cee38eeb64867d5f1de56db6fd44409c7790a91e88605f4b71c92d67bf22e583f88e8,2018-11-06 18:30:00,30,TRAFFIC SIGNAL,FUNCTIONING PROPERLY,CLEAR,DARKNESS,SIDESWIPE SAME DIRECTION,NOT DIVIDED,STRAIGHT AND LEVEL,UNKNOWN,UNKNOWN,NO INJURY / DRIVE AWAY,"$501 - $1,500",IMPROPER OVERTAKING/PASSING,IMPROPER OVERTAKING/PASSING,4750,N,WESTERN AVE,2,NO INDICATION OF INJURY,0.0,0.0,0.0,0.0,0.0,2.0,0.0,18,3,11
a75b632e6310c29f836ee1511822b872b56756a16380e0c7f084e370b424f5a16b81cb92992d5111cce212f899a6251b8c68f675a2b007356bcad4b9e56271a5,2020-09-10 02:56:00,15,NO CONTROLS,NO CONTROLS,CLEAR,"DARKNESS, LIGHTED ROAD",PARKED MOTOR VEHICLE,PARKING LOT,STRAIGHT AND LEVEL,UNKNOWN,UNKNOWN,NO INJURY / DRIVE AWAY,"$501 - $1,500",FAILING TO REDUCE SPEED TO AVOID CRASH,UNABLE TO DETERMINE,6226,N,CALIFORNIA AVE,2,NO INDICATION OF INJURY,0.0,0.0,0.0,0.0,0.0,1.0,0.0,2,5,9
ebf2e306e01e7744d63ccf12f23bb9f9c449c2cf195dd4576923d82bf6718b10c826fa6758da212ac3385fb3059dde824f7559692eccad0ad28eaf4ce53e1e5c,2019-08-25 05:30:00,20,NO CONTROLS,NO CONTROLS,CLEAR,DAYLIGHT,PARKED MOTOR VEHICLE,NOT DIVIDED,STRAIGHT AND LEVEL,DRY,NO DEFECTS,NO INJURY / DRIVE AWAY,"OVER $1,500","DISTRACTION - OTHER ELECTRONIC DEVICE (NAVIGATION DEVICE, DVD PLAYER, ETC.)",UNABLE TO DETERMINE,10340,S,OAKLEY AVE,2,NO INDICATION OF INJURY,0.0,0.0,0.0,0.0,0.0,2.0,0.0,5,1,8
e639c49b64a901760a5957965053178d92c74e33352433d45ce05aeb9bf3620c2914d68cb6bd2ee119528af8c9f059670b7e7a7847c42879aa5a8a23c8d0f5c0,2018-03-22 19:15:00,30,NO CONTROLS,NO CONTROLS,CLEAR,"DARKNESS, LIGHTED ROAD",SIDESWIPE SAME DIRECTION,NOT DIVIDED,"CURVE, LEVEL",DRY,UNKNOWN,NO INJURY / DRIVE AWAY,"OVER $1,500",FAILING TO YIELD RIGHT-OF-WAY,FAILING TO YIELD RIGHT-OF-WAY,100,N,CENTRAL PARK DR,2,NO INDICATION OF INJURY,0.0,0.0,0.0,0.0,0.0,3.0,0.0,19,5,3
16dbd69bb12858c9b8b085344322d0a0b59147f2c2a2134e530e9fe000989f075019ff54372eaf7ecde48af47f8cb91168db5a9ad9aaeeb9818e2eff84bfbfbc,2019-07-04 20:35:00,30,NO CONTROLS,NO CONTROLS,CLEAR,DUSK,PARKED MOTOR VEHICLE,DIVIDED - W/MEDIAN (NOT RAISED),STRAIGHT AND LEVEL,DRY,NO DEFECTS,NO INJURY / DRIVE AWAY,$500 OR LESS,UNABLE TO DETERMINE,NOT APPLICABLE,4200,W,NORTH AVE,2,NO INDICATION OF INJURY,0.0,0.0,0.0,0.0,0.0,1.0,0.0,20,5,7
39b0b36929897adc45dc0aa476b9fe55c2c75fe0fba534c200394e50f712cd7059a0962406c1df0fe5a57c3aa3d9ea434c3433ae33fb74c56170dcb2667b2264,2020-10-25 17:37:00,5,NO CONTROLS,NO CONTROLS,CLOUDY/OVERCAST,DAYLIGHT,FIXED OBJECT,OTHER,STRAIGHT ON GRADE,DRY,NO DEFECTS,NO INJURY / DRIVE AWAY,"OVER $1,500","OPERATING VEHICLE IN ERRATIC, RECKLESS, CARELESS, NEGLIGENT OR AGGRESSIVE MANNER",NOT APPLICABLE,2701,S,WESTERN AVE,1,NO INDICATION OF INJURY,0.0,0.0,0.0,0.0,0.0,1.0,0.0,17,1,10
5f8de1d4207c3a0efb30347d4929c45eb0fa8006294415c53a90f3173bd1f197fbbe6f4a78507c125b44a9e32755a9f67ae1470c2f419f8887a13ec785f85149,2020-07-03 07:30:00,30,NO CONTROLS,NO CONTROLS,CLEAR,DAYLIGHT,SIDESWIPE SAME DIRECTION,ONE-WAY,STRAIGHT AND LEVEL,DRY,NO DEFECTS,NO INJURY / DRIVE AWAY,$500 OR LESS,FAILING TO YIELD RIGHT-OF-WAY,IMPROPER BACKING,3735,W,23RD ST,2,NO INDICATION OF INJURY,0.0,0.0,0.0,0.0,0.0,2.0,0.0,7,6,7
d0ea4b76e420852e1ac99736b90fc321dd8a4d66a2194eea5cef33b549d1a8666fed000dd036bf5480c895d2cb91ba1e3f2ca0ab508e65e33f3cdf2e249dd92e,2023-11-06 02:26:00,30,NO CONTROLS,NO CONTROLS,CLEAR,"DARKNESS, LIGHTED ROAD",FIXED OBJECT,DIVIDED - W/MEDIAN BARRIER,STRAIGHT AND LEVEL,DRY,NO DEFECTS,INJURY AND / OR TOW DUE TO CRASH,"OVER $1,500",UNDER THE INFLUENCE OF ALCOHOL/DRUGS (USE WHEN ARREST IS EFFECTED),DRIVING ON WRONG SIDE/WRONG WAY,1498,W,GARFIELD BLVD,1,NO INDICATION OF INJURY,0.0,0.0,0.0,0.0,0.0,1.0,0.0,2,2,11