CRASH_RECORD_ID,CRASH_DATE,POSTED_SPEED_LIMIT,TRAFFIC_CONTROL_DEVICE,DEVICE_CONDITION,WEATHER_CONDITION,LIGHTING_CONDITION,FIRST_CRASH_TYPE,TRAFFICWAY_TYPE,ALIGNMENT,ROADWAY_SURFACE_COND,ROAD_DEFECT,CRASH_TYPE,DAMAGE,PRIM_CONTRIBUTORY_CAUSE,SEC_CONTRIBUTORY_CAUSE,STREET_NO,STREET_DIRECTION,STREET_NAME,NUM_UNITS,MOST_SEVERE_INJURY,INJURIES_TOTAL,INJURIES_FATAL,INJURIES_INCAPACITATING,INJURIES_NON_INCAPACITATING,INJURIES_REPORTED_NOT_EVIDENT,INJURIES_NO_INDICATION,INJURIES_UNKNOWN,CRASH_HOUR,CRASH_DAY_OF_WEEK,CRASH_MONTH
71a4f521e2920f943b89ee7694e7e17d0ace434beee99e0f998ee65cb628323ee9538dfdf8219fe53fdfdf8236d17909a582cc9735a4b6b8357dd03418f05d57,2018-05-23 19:47:00,0,NO CONTROLS,NO CONTROLS,CLEAR,DUSK,PARKED MOTOR VEHICLE,PARKING LOT,STRAIGHT AND LEVEL,DRY,NO DEFECTS,NO INJURY / DRIVE AWAY,"OVER $1,500",IMPROPER BACKING,DRIVING SKILLS/KNOWLEDGE/EXPERIENCE,7150,W,ARCHER AVE,2,NO INDICATION OF INJURY,0.0,0.0,0.0,0.0,0.0,1.0,0.0,19,4,5
3b35610e02363925a863d8875ee919a756c3548975b939c86eecbf1d223d8c13de72267b9a750b4e31e8694ccb742d9c021b5762037f249aa21a83b0a7309d0a,2018-06-02 12:10:00,25,NO CONTROLS,NO CONTROLS,CLEAR,DAYLIGHT,SIDESWIPE SAME DIRECTION,DIVIDED - W/MEDIAN (NOT RAISED),STRAIGHT AND LEVEL,DRY,NO DEFECTS,NO INJURY / DRIVE AWAY,"$501 - $1,500",UNABLE TO DETERMINE,UNABLE TO DETERMINE,3406,W,79TH ST,2,NO INDICATION OF INJURY,0.0,0.0,0.0,0.0,0.0,2.0,0.0,12,7,6
5d6b740f449e494b86b3a3feb1d7a73fa61b693975074f0e5f4792f40a56812763c1565193ed77de519b572d97cac0359c5e36bf3a32f5861143cb0562e20af7,2019-12-29 12:50:00,30,NO CONTROLS,NO CONTROLS,CLEAR,DAYLIGHT,REAR END,NOT DIVIDED,STRAIGHT AND LEVEL,DRY,NO DEFECTS,NO INJURY / DRIVE AWAY,"OVER $1,500",FOLLOWING TOO CLOSELY,UNABLE TO DETERMINE,3925,W,CHICAGO AVE,2,NO INDICATION OF INJURY,0.0,0.0,0.0,0.0,0.0,3.0,0.0,12,1,12
f1ec015ce073515f3bdff06022c09607bee74fc85f01ca6ad4e6bf3c712413916211f681bcfdf71e825ff505e20206ee294496f26bb9c8908cb2418a586e9ce0,2022-07-07 11:00:00,30,NO CONTROLS,NO CONTROLS,CLEAR,DAYLIGHT,REAR END,NOT DIVIDED,STRAIGHT AND LEVEL,DRY,NO DEFECTS,NO INJURY / DRIVE AWAY,"OVER $1,500",FOLLOWING TOO CLOSELY,NOT APPLICABLE,5100,N,ASHLAND AVE,3,NO INDICATION OF INJURY,0.0,0.0,0.0,0.0,0.0,3.0,0.0,11,5,7
110cd4c7da91673e708517f64e2c51cbe045a1ed2f3fb0b81d443902b057a743c3848353f64fcb61d82259087d488a64805a689491fd29c798a3c77757e988fd,2023-08-20 20:10:00,30,TRAFFIC SIGNAL,FUNCTIONING PROPERLY,CLEAR,"DARKNESS, LIGHTED ROAD",REAR END,NOT DIVIDED,STRAIGHT AND LEVEL,DRY,NO DEFECTS,NO INJURY / DRIVE AWAY,"$501 - $1,500",IMPROPER LANE USAGE,NOT APPLICABLE,6404,W,FULLERTON AVE,2,NO INDICATION OF INJURY,0.0,0.0,0.0,0.0,0.0,2.0,0.0,20,1,8
cd44746802835888f3ff8b0a7d171e4d253b457ef236a92abe0cd096e5576bafa9427010bd7544b5065cda19251f4b03ad83764f0abeb4a44020ac5aade55241,2021-09-09 15:50:00,35,TRAFFIC SIGNAL,FUNCTIONING PROPERLY,CLEAR,DAYLIGHT,REAR END,DIVIDED - W/MEDIAN (NOT RAISED),STRAIGHT ON GRADE,DRY,NO DEFECTS,NO INJURY / DRIVE AWAY,"OVER $1,500",FAILING TO REDUCE SPEED TO AVOID CRASH,FAILING TO REDUCE SPEED TO AVOID CRASH,7442,S,WESTERN AVE,2,NO INDICATION OF INJURY,0.0,0.0,0.0,0.0,0.0,2.0,0.0,15,5,9
7db0f453e237ddb3a516e5cf1334af14379c896bf98e0875cd7f68193b67fcf9b4de31adb7c32197e5a9f0c44b54602a60100f336410af2545d6dbca299292f9,2016-10-20 08:15:00,30,TRAFFIC SIGNAL,FUNCTIONING PROPERLY,CLEAR,DAYLIGHT,REAR END,NOT DIVIDED,STRAIGHT AND LEVEL,DRY,NO DEFECTS,INJURY AND / OR TOW DUE TO CRASH,"OVER $1,500",UNABLE TO DETERMINE,UNABLE TO DETERMINE,300,S,CENTRAL PARK BLVD,2,"REPORTED, NOT EVIDENT",1.0,0.0,0.0,0.0,1.0,1.0,0.0,8,5,10
380ec44e49a1e3e98796fa67140ac0f8e27b7d2d3542a6733fef374e5652efbb5764e32210acdd8da9f9460defb4cb2d9e90a67a9f3c1010b049a14db0ba9443,2020-10-27 12:44:00,30,NO CONTROLS,NO CONTROLS,FREEZING RAIN/DRIZZLE,DAYLIGHT,SIDESWIPE SAME DIRECTION,NOT DIVIDED,STRAIGHT AND LEVEL,WET,NO DEFECTS,INJURY AND / OR TOW DUE TO CRASH,"OVER $1,500",DRIVING SKILLS/KNOWLEDGE/EXPERIENCE,NOT APPLICABLE,730,N,PULASKI RD,2,NO INDICATION OF INJURY,0.0,0.0,0.0,0.0,0.0,4.0,0.0,12,3,10
9a1c585c50ba35da188227dd80f899c4213454ae334c0674ffdbfc7edde44edab04f9f87039ddf79700ae5254c3def82c41fac5d04e867566cf4e63e87e42d44,2019-04-26 11:30:00,30,NO CONTROLS,NO CONTROLS,CLEAR,DAYLIGHT,PARKED MOTOR VEHICLE,ONE-WAY,STRAIGHT AND LEVEL,DRY,NO DEFECTS,NO INJURY / DRIVE AWAY,"OVER $1,500",DISTRACTION - FROM INSIDE VEHICLE,NOT APPLICABLE,1021,N,FRANCISCO AVE,2,NO INDICATION OF INJURY,0.0,0.0,0.0,0.0,0.0,1.0,0.0,11,6,4
6bbb90cbb664247e876911f61ab33fbe1993df17b7df027e777910f0c79c663e0de88d48ad352b9edf976e1ce040d34542e4917449f97e462fcccc24ca3b93db,2022-11-23 12:30:00,25,STOP SIGN/FLASHER,FUNCTIONING PROPERLY,CLEAR,DAYLIGHT,TURNING,T-INTERSECTION,STRAIGHT AND LEVEL,DRY,NO DEFECTS,NO INJURY / DRIVE AWAY,"OVER $1,500",FAILING TO YIELD RIGHT-OF-WAY,FAILING TO YIELD RIGHT-OF-WAY,552,E,115TH ST,2,NO INDICATION OF INJURY,0.0,0.0,0.0,0.0,0.0,3.0,0.0,12,4,11
b9c5e5d7d4d4e6c9c0f7b83b54280af4381395ec50475633f4cc4e7a4fe33a40ed6d4a1b54d0903f188da89975664a91e7f00f4d8051d02e28f7ebc33a49c358,2015-11-28 23:00:00,35,NO CONTROLS,NO CONTROLS,UNKNOWN,DARKNESS,PARKED MOTOR VEHICLE,NOT DIVIDED,STRAIGHT AND LEVEL,UNKNOWN,NO DEFECTS,NO INJURY / DRIVE AWAY,"$501 - $1,500",DRIVING SKILLS/KNOWLEDGE/EXPERIENCE,DRIVING SKILLS/KNOWLEDGE/EXPERIENCE,1400,S,MICHIGAN AVE,2,NO INDICATION OF INJURY,0.0,0.0,0.0,0.0,0.0,1.0,0.0,23,7,11
0604f42f523076e206f368db286ad224eec7f83bd6bfa8d03138558a19f976c073b1603b631c6a24afad3eda2788c8f5262ddb719bf3ae6d7036ba5ce2dafb9b,2021-09-10 08:10:00,30,NO CONTROLS,NO CONTROLS,CLEAR,DAYLIGHT,SIDESWIPE SAME DIRECTION,DIVIDED - W/MEDIAN (NOT RAISED),STRAIGHT AND LEVEL,DRY,NO DEFECTS,NO INJURY / DRIVE AWAY,"OVER $1,500",UNABLE TO DETERMINE,UNABLE TO DETERMINE,2537,N,KOSTNER AVE,2,NO INDICATION OF INJURY,0.0,0.0,0.0,0.0,0.0,2.0,0.0,8,6,9
173e8798b50c0d4d7334abcd48af029a23d19fb20b2b3c35e29774cfa5e1433477e9e2b7eb3eb9deb05122d6b7bd5e0d0f3e7177b8637d72a6d40374c4c6fc39,2016-04-25 15:15:00,15,NO CONTROLS,NO CONTROLS,CLEAR,DAYLIGHT,REAR END,NOT DIVIDED,STRAIGHT AND LEVEL,DRY,UNKNOWN,NO INJURY / DRIVE AWAY,"OVER $1,500",DRIVING SKILLS/KNOWLEDGE/EXPERIENCE,NOT APPLICABLE,5400,S,ST LOUIS AVE,2,NO INDICATION OF INJURY,0.0,0.0,0.0,0.0,0.0,2.0,0.0,15,2,4
7a32e14327add0067bd9d9e2c9c068076bf35d4604838c4344af297c4c985eb8f83a1a98d9865a16f0214f44aca5ade8bb1130970fa50a629d3b52366f224719,2023-04-17 14:58:00,30,STOP SIGN/FLASHER,NO CONTROLS,CLOUDY/OVERCAST,DAYLIGHT,ANGLE,NOT DIVIDED,STRAIGHT AND LEVEL,WET,OTHER,INJURY AND / OR TOW DUE TO CRASH,"OVER $1,500",NOT APPLICABLE,NOT APPLICABLE,8500,S,JEFFERY BLVD,2,NO INDICATION OF INJURY,0.0,0.0,0.0,0.0,0.0,2.0,0.0,14,2,4
b9d73172913e804a81759ca83780eca17e9bc1c3ad68bf61d54aaae4f3f800efed59f59fe6176ba5d056c472c814265789251dbb666a2d1cf79bac5cb3af3653,2021-11-24 11:49:00,30,STOP SIGN/FLASHER,FUNCTIONING PROPERLY,CLOUDY/OVERCAST,DAYLIGHT,REAR TO SIDE,NOT DIVIDED,STRAIGHT AND LEVEL,DRY,NO DEFECTS,NO INJURY / DRIVE AWAY,"OVER $1,500",DRIVING SKILLS/KNOWLEDGE/EXPERIENCE,UNABLE TO DETERMINE,8100,S,WALLACE ST,2,NO INDICATION OF INJURY,0.0,0.0,0.0,0.0,0.0,2.0,0.0,11,4,11
aa863abe9ee5d5d9ad22b1120392a00f06db7e3007cddd37cb0f67f3434cf294a797d885c8835cf0ef8b0ac8fa15486541ba70e2962ec6b55446d28c20fb39c8,2024-04-16 14:47:00,25,UNKNOWN,UNKNOWN,UNKNOWN,UNKNOWN,REAR TO REAR,PARKING LOT,STRAIGHT AND LEVEL,UNKNOWN,UNKNOWN,NO INJURY / DRIVE AWAY,"OVER $1,500",UNABLE TO DETERMINE,NOT APPLICABLE,1930,W,103RD ST,2,NO INDICATION OF INJURY,0.0,0.0,0.0,0.0,0.0,2.0,0.0,14,3,4
03825cfbddf890cdcc204350bace478c6de97aaaf902ecc5a120d8251fb7b4f8e92f0da56f5e76738dfd003e2fe67b3602c75722e402a72ee049d28eae5118af,2021-02-08 18:07:00,30,TRAFFIC SIGNAL,FUNCTIONING PROPERLY,SNOW,"DARKNESS, LIGHTED ROAD",TURNING,NOT DIVIDED,STRAIGHT AND LEVEL,SNOW OR SLUSH,UNKNOWN,INJURY AND / OR TOW DUE TO CRASH,"OVER $1,500",FAILING TO YIELD RIGHT-OF-WAY,NOT APPLICABLE,5950,N,AUSTIN AVE,2,NO INDICATION OF INJURY,0.0,0.0,0.0,0.0,0.0,2.0,0.0,18,2,2
8b77e7fd6c877c44bf33f4fe8e3d27c580541ce33aa81115fa6f4285e0654bde2e98f31c04afca45abac8f67b7744f27e0598963cecb3ab2ff72d0d2e0585494,2018-09-14 17:15:00,30,TRAFFIC SIGNAL,FUNCTIONING PROPERLY,CLEAR,DAYLIGHT,SIDESWIPE SAME DIRECTION,ONE-WAY,STRAIGHT AND LEVEL,UNKNOWN,UNKNOWN,NO INJURY / DRIVE AWAY,$500 OR LESS,IMPROPER OVERTAKING/PASSING,NOT APPLICABLE,7900,S,LAFAYETTE AVE,2,NO INDICATION OF INJURY,0.0,0.0,0.0,0.0,0.0,3.0,0.0,17,6,9
14ef6baa55c9714e6b15f654d2aafbad9edcb1bdfeb3ec87f36e63c996acb8fc4a128f9d7282b0b396088916b689b836447ac435b4e86bbf8082dbc0840536bd,2015-12-09 18:15:00,0,NO CONTROLS,NO CONTROLS,CLEAR,"DARKNESS, LIGHTED ROAD",ANGLE,PARKING LOT,STRAIGHT AND LEVEL,DRY,NO DEFECTS,NO INJURY / DRIVE AWAY,"$501 - $1,500",IMPROPER BACKING,UNABLE TO DETERMINE,1763,W,HOWARD ST,2,NO INDICATION OF INJURY,0.0,0.0,0.0,0.0,0.0,2.0,0.0,18,4,12
13e8509062054a534a6b3d168223971aa39b95c38fe028d6093dc2b1168a2787cf46fc10839625c1b67713b1af7db61dca328e0df491feefb0676efd36869700,2018-12-16 21:00:00,10,NO CONTROLS,NO CONTROLS,CLEAR,"DARKNESS, LIGHTED ROAD",PARKED MOTOR VEHICLE,PARKING LOT,STRAIGHT AND LEVEL,WET,NO DEFECTS,NO INJURY / DRIVE AWAY,"OVER $1,500",UNABLE TO DETERMINE,UNABLE TO DETERMINE,5308,N,LINCOLN AVE,2,NO INDICATION OF INJURY,0.0,0.0,0.0,0.0,0.0,1.0,0.0,21,1,12
0eeaf9e7cc2ab0b43930e783019b87bed2e86eb104da8ff10fe507505693caa91fdf0a87368c950a7ade0cb3518720c998cc3b2d0e1663568820e329c7769108,2021-02-19 10:30:00,30,TRAFFIC SIGNAL,FUNCTIONING PROPERLY,SNOW,DAYLIGHT,TURNING,FOUR WAY,STRAIGHT AND LEVEL,SNOW OR SLUSH,NO DEFECTS,INJURY AND / OR TOW DUE TO CRASH,"OVER $1,500",UNABLE TO DETERMINE,UNABLE TO DETERMINE,1600,S,KOSTNER AVE,2,NO INDICATION OF INJURY,0.0,0.0,0.0,0.0,0.0,2.0,0.0,10,6,2
cd3afa79eabf25525db83e6f7b4e80490b1ba41bad58fe2d9d92bd5e76d9d113e0326dbbb92f7329f838ff282cf384d28b8539d856436ad7f6020f5a9de5858a,2023-01-25 14:30:00,25,NO CONTROLS,NO CONTROLS,CLEAR,DAYLIGHT,PARKED MOTOR VEHICLE,ONE-WAY,STRAIGHT AND LEVEL,DRY,UNKNOWN,NO INJURY / DRIVE AWAY,"OVER $1,500",UNABLE TO DETERMINE,UNABLE TO DETERMINE,3822,W,GRENSHAW ST,2,NO INDICATION OF INJURY,0.0,0.0,0.0,0.0,0.0,1.0,0.0,14,4,1
9947c2710f45c0b738b556b9c58b9d51f6802e284e67dfca7cd27e46484bd35b025cdb15810514aca09dfa0f03062def3e42d5340bcba2673a95a5d72a35041d,2019-01-04 06:30:00,30,NO CONTROLS,NO CONTROLS,CLEAR,DARKNESS,SIDESWIPE SAME DIRECTION,NOT DIVIDED,STRAIGHT AND LEVEL,DRY,NO DEFECTS,NO INJURY / DRIVE AWAY,$500 OR LESS,IMPROPER LANE USAGE,UNABLE TO DETERMINE,1041,W,95TH ST,2,NO INDICATION OF INJURY,0.0,0.0,0.0,0.0,0.0,2.0,0.0,6,6,1
f855120fe7a101583ade3a225884b4521bde50b03d424aefa1e306878fa05e1a781818d3ec59dbb98f68ead86ab13204d4185c5a45fdc6ecbe3224af740c7987,2019-07-14 16:30:00,10,NO CONTROLS,NO CONTROLS,CLEAR,DAYLIGHT,REAR TO FRONT,PARKING LOT,STRAIGHT AND LEVEL,DRY,NO DEFECTS,NO INJURY / DRIVE AWAY,"OVER $1,500",UNABLE TO DETERMINE,NOT APPLICABLE,7953,S,CICERO AVE,2,NO INDICATION OF INJURY,0.0,0.0,0.0,0.0,0.0,3.0,0.0,16,1,7
712b617c8f840b548061736dc063cf215c6d07ec87b73725eede9c324022f137eeec456c5b629236d0112995728cfcfb4fd29d967b2c11462e6cee5b3176a737,2018-03-08 12:45:00,30,TRAFFIC SIGNAL,FUNCTIONING PROPERLY,CLEAR,DAYLIGHT,ANGLE,DIVIDED - W/MEDIAN (NOT RAISED),STRAIGHT AND LEVEL,DRY,NO DEFECTS,NO INJURY / DRIVE AWAY,"$501 - $1,500","VISION OBSCURED (SIGNS, TREE LIMBS, BUILDINGS, ETC.)",UNABLE TO DETERMINE,6700,S,PULASKI RD,2,NO INDICATION OF INJURY,0.0,0.0,0.0,0.0,0.0,3.0,0.0,12,5,3
9bb3d8aeaa5f4add721ebe872c2353cb4e6b5bf149576c1f575b00f3a97cef1ec128c86d8a502e91261dcb98707aa85cd62e14ff460447d761af890f697fd7b7,2018-12-14 03:00:00,30,NO CONTROLS,NO CONTROLS,CLEAR,"DARKNESS, LIGHTED ROAD",PARKED MOTOR VEHICLE,ONE-WAY,STRAIGHT AND LEVEL,DRY,NO DEFECTS,NO INJURY / DRIVE AWAY,"OVER $1,500",UNABLE TO DETERMINE,UNABLE TO DETERMINE,65,E,43RD ST,2,NO INDICATION OF INJURY,0.0,0.0,0.0,0.0,0.0,1.0,0.0,3,6,12
252ad3d9c36a90425162e8c4e59ea52770f1585e31475acabda3cc8a63bed98f1ab330ab7b5d031b4f7b8dbc3910e525c0d52bfd4faa7c29a127b83bbda60b60,2024-01-07 12:00:00,15,NO CONTROLS,NO CONTROLS,CLEAR,DAYLIGHT,PARKED MOTOR VEHICLE,PARKING LOT,STRAIGHT AND LEVEL,DRY,NO DEFECTS,NO INJURY / DRIVE AWAY,"OVER $1,500",IMPROPER BACKING,NOT APPLICABLE,741,W,31ST ST,2,NO INDICATION OF INJURY,0.0,0.0,0.0,0.0,0.0,1.0,0.0,12,1,1
4744c5e828e08343aa910a8653c9e963b9631360f709db515ec4657c50843a0e1d28d10079aa501759c0c974f1236026bf4376394bbf3aae1a0d758fe9ed31e7,2022-01-11 18:03:00,30,TRAFFIC SIGNAL,FUNCTIONING PROPERLY,CLEAR,"DARKNESS, LIGHTED ROAD",TURNING,NOT DIVIDED,STRAIGHT AND LEVEL,ICE,NO DEFECTS,INJURY AND / OR TOW DUE TO CRASH,"OVER $1,500",IMPROPER LANE USAGE,DRIVING SKILLS/KNOWLEDGE/EXPERIENCE,2000,W,71ST ST,2,NO INDICATION OF INJURY,0.0,0.0,0.0,0.0,0.0,2.0,0.0,18,3,1
7df2fda90013cd245c880f757272c8dde7c6d5e931e2a00ebfad889413b7819aea4da7727c33cbe3186dadf679b184d43af1da1f05ff749e8edc723c23d34745,2023-05-08 17:30:00,15,NO CONTROLS,NO CONTROLS,CLEAR,DAYLIGHT,FIXED OBJECT,ALLEY,STRAIGHT AND LEVEL,DRY,NO DEFECTS,NO INJURY / DRIVE AWAY,"OVER $1,500",DRIVING SKILLS/KNOWLEDGE/EXPERIENCE,UNABLE TO DETERMINE,6244,S,NASHVILLE AVE,1,NO INDICATION OF INJURY,0.0,0.0,0.0,0.0,0.0,1.0,0.0,17,2,5
680a1bbcb1821bb3f64a533b41fc986d2993110ad9c99a3377044b9dbc918e3af2fb62124be9b7eeb45a8a31ba116885d9a4bc0ca73e873825a0c849cf3cbee9,2020-12-12 12:53:00,30,NO CONTROLS,NO CONTROLS,RAIN,DAYLIGHT,TURNING,NOT DIVIDED,STRAIGHT ON GRADE,WET,NO DEFECTS,NO INJURY / DRIVE AWAY,"OVER $1,500",FAILING TO YIELD RIGHT-OF-WAY,NOT APPLICABLE,2212,W,23RD PL,2,NO INDICATION OF INJURY,0.0,0.0,0.0,0.0,0.0,4.0,0.0,12,7,12
6bb34f2ce0de2f4e2ab536ad215376037cebd9f0325482214e04a8dbe8fa51105e2540ff8795f1188afe3b8ba5423418d6de92100711165a6ee3e3571d6f375a,2018-04-10 11:45:00,30,TRAFFIC SIGNAL,FUNCTIONING PROPERLY,CLEAR,DAYLIGHT,TURNING,NOT DIVIDED,STRAIGHT AND LEVEL,DRY,NO DEFECTS,INJURY AND / OR TOW DUE TO CRASH,"OVER $1,500",FAILING TO YIELD RIGHT-OF-WAY,NOT APPLICABLE,200,W,115TH ST,2,NO INDICATION OF INJURY,0.0,0.0,0.0,0.0,0.0,3.0,0.0,11,3,4
ade2c1881f1fd40e55ccfe60722856fd040a877916091f70c39411a3c5b39a456c219aa6897df455424f4f9e90b576571e78d197e1348e643097bea4d511d93e,2023-08-19 12:00:00,30,NO CONTROLS,NO CONTROLS,CLEAR,DAYLIGHT,PARKED MOTOR VEHICLE,NOT DIVIDED,STRAIGHT AND LEVEL,DRY,NO DEFECTS,NO INJURY / DRIVE AWAY,"$501 - $1,500",NOT APPLICABLE,NOT APPLICABLE,1742,W,43RD ST,2,NO INDICATION OF INJURY,0.0,0.0,0.0,0.0,0.0,1.0,0.0,12,7,8
1af6114b76f5f1e06dc9c1a161149e9da4d005fdccc679aeab3725934ee7782072d8b23e92621a3fb998770484a4fff780efba32a4971878c081489339588adb,2021-04-02 20:52:00,30,NO CONTROLS,NO CONTROLS,CLEAR,"DARKNESS, LIGHTED ROAD",ANGLE,OTHER,STRAIGHT AND LEVEL,DRY,NO DEFECTS,INJURY AND / OR TOW DUE TO CRASH,"OVER $1,500","OPERATING VEHICLE IN ERRATIC, RECKLESS, CARELESS, NEGLIGENT OR AGGRESSIVE MANNER",NOT APPLICABLE,2328,S,MICHIGAN AVE,2,NO INDICATION OF INJURY,0.0,0.0,0.0,0.0,0.0,6.0,0.0,20,6,4
f5dcb8ab20a3635993a2e54e5a36c86296a990f5d6353c25b6c62a74d9b0020e4ff0757febd0901c0cf2fe3fb67f1f3861a11691df4f535f4fa62c8bb0bc368c,2021-06-25 20:24:00,30,TRAFFIC SIGNAL,FUNCTIONING PROPERLY,CLEAR,"DARKNESS, LIGHTED ROAD",REAR END,NOT DIVIDED,STRAIGHT AND LEVEL,DRY,UNKNOWN,NO INJURY / DRIVE AWAY,"OVER $1,500",UNABLE TO DETERMINE,UNABLE TO DETERMINE,6072,S,ARCHER AVE,2,NO INDICATION OF INJURY,0.0,0.0,0.0,0.0,0.0,2.0,0.0,20,6,6
e8ef7d305f8e98ba53501bd1a22d80c190b380f65fe97c49c0e273710d0a1730d72f4c3ad158fc3707a6647877272de6aa19f0645bbf8d96bbf003d7b3837047,2017-09-15 18:30:00,30,TRAFFIC SIGNAL,FUNCTIONING PROPERLY,CLEAR,DAYLIGHT,TURNING,DIVIDED - W/MEDIAN (NOT RAISED),STRAIGHT AND LEVEL,DRY,UNKNOWN,NO INJURY / DRIVE AWAY,"OVER $1,500",IMPROPER OVERTAKING/PASSING,UNABLE TO DETERMINE,6400,N,MAPLEWOOD AVE,2,NO INDICATION OF INJURY,0.0,0.0,0.0,0.0,0.0,2.0,0.0,18,6,9
7e3249fadb032748e0cd099150b629ef865d3f2f5f35ab7eb68fd2d00e3c7cfb17c4ac7f6a642e44445c6cbd38fcdf3714ddf06c32d90899ed18923811361e2d,2016-07-20 20:00:00,30,NO CONTROLS,NO CONTROLS,CLEAR,DUSK,OTHER NONCOLLISION,NOT DIVIDED,STRAIGHT AND LEVEL,DRY,"RUT, HOLES",NO INJURY / DRIVE AWAY,"OVER $1,500",UNABLE TO DETERMINE,UNABLE TO DETERMINE,3525,W,63RD ST,1,NO INDICATION OF INJURY,0.0,0.0,0.0,0.0,0.0,1.0,0.0,20,4,7
564cc018e17d9cf9c30721ae45309d4bf27c3d317cd9e0929ca009f8a26b4765912d85d526b79241aadee1b5d4e7be7fa775a3a73b8f1ddc6e6bd06cdbd557f6,2020-09-25 21:00:00,35,TRAFFIC SIGNAL,UNKNOWN,CLEAR,"DARKNESS, LIGHTED ROAD",HEAD ON,NOT DIVIDED,STRAIGHT AND LEVEL,DRY,UNKNOWN,NO INJURY / DRIVE AWAY,$500 OR LESS,UNABLE TO DETERMINE,UNABLE TO DETERMINE,200,E,63RD ST,3,NO INDICATION OF INJURY,0.0,0.0,0.0,0.0,0.0,3.0,0.0,21,6,9
d3a9dd900d33d7ede865fcf405ced947b0999ef8d49c5950a3148aa556bf4c3668f0440344a167857ef99b5b9d2c330f5de97202f6d639f5bd69258fcc8ffe60,2021-07-20 17:30:00,10,NO CONTROLS,NO CONTROLS,CLEAR,DAYLIGHT,FIXED OBJECT,PARKING LOT,"CURVE, LEVEL",DRY,NO DEFECTS,NO INJURY / DRIVE AWAY,$500 OR LESS,UNABLE TO DETERMINE,NOT APPLICABLE,845,N,MICHIGAN AVE,1,NO INDICATION OF INJURY,0.0,0.0,0.0,0.0,0.0,1.0,0.0,17,3,7
1f0bf557461ea98d1f05cab668781890bc911006f737e60554e1137d88151c8a49bd5250ecc776be856727a9b0e225e95d6994fa8df914d0791e3438b2ae26fe,2020-09-29 09:40:00,30,TRAFFIC SIGNAL,FUNCTIONING PROPERLY,CLEAR,DAYLIGHT,PEDALCYCLIST,NOT DIVIDED,STRAIGHT AND LEVEL,DRY,UNKNOWN,NO INJURY / DRIVE AWAY,$500 OR LESS,UNABLE TO DETERMINE,UNABLE TO DETERMINE,1000,W,GRANVILLE AVE,2,NO INDICATION OF INJURY,0.0,0.0,0.0,0.0,0.0,2.0,0.0,9,3,9
7a2fd9ad02c44209f7a459ac2fff971c165734a3610e384feceb73a2f8119b0123bdb70fe1775edb25f2667fe05ab8dd05f3a5caa5d2728ecbf8e9d9a5586022,2020-06-09 16:00:00,30,NO CONTROLS,NO CONTROLS,CLEAR,DAYLIGHT,REAR END,NOT DIVIDED,STRAIGHT AND LEVEL,DRY,NO DEFECTS,NO INJURY / DRIVE AWAY,"$501 - $1,500",NOT APPLICABLE,NOT APPLICABLE,6300,S,KILDARE AVE,2,NO INDICATION OF INJURY,0.0,0.0,0.0,0.0,0.0,2.0,0.0,16,3,6
ee615a36df743b97f3fda6d95d3c10483aba3cc976c920d1e273f9a0cf8c92adb988e94c9e84725f5e276196a9003ea28c4711506e439751c8cb4202f23ef820,2022-01-14 01:05:00,20,NO CONTROLS,NO CONTROLS,CLEAR,"DARKNESS, LIGHTED ROAD",PARKED MOTOR VEHICLE,DIVIDED - W/MEDIAN (NOT RAISED),STRAIGHT AND LEVEL,DRY,NO DEFECTS,NO INJURY / DRIVE AWAY,"OVER $1,500",UNABLE TO DETERMINE,NOT APPLICABLE,2358,W,LOGAN BLVD,2,NO INDICATION OF INJURY,0.0,0.0,0.0,0.0,0.0,2.0,0.0,1,6,1
6f92041880c8e73f5d15eaa8c04414178a947a2aba870cbf82d6d8c8abe75506c7120e822078b79664bbc9be391cc767dfa9b21a05ae211531107db69baf615c,2022-02-25 09:00:00,15,NO CONTROLS,NO CONTROLS,UNKNOWN,UNKNOWN,PARKED MOTOR VEHICLE,NOT DIVIDED,STRAIGHT AND LEVEL,UNKNOWN,NO DEFECTS,NO INJURY / DRIVE AWAY,"OVER $1,500",NOT APPLICABLE,NOT APPLICABLE,611,N,HOMAN AVE,2,NO INDICATION OF INJURY,0.0,0.0,0.0,0.0,0.0,1.0,0.0,9,6,2
072ff87a821cc00f7104b262826f75de8d4533f32b70980389d53a2a9cd537295f81e1ff84ff83e5ed5b6ab78585c217ec6c8dc977f163206ad5c7ad7ac2da49,2018-05-24 16:52:00,30,TRAFFIC SIGNAL,FUNCTIONING PROPERLY,CLEAR,DAYLIGHT,REAR END,NOT DIVIDED,STRAIGHT AND LEVEL,DRY,NO DEFECTS,NO INJURY / DRIVE AWAY,"$501 - $1,500",FOLLOWING TOO CLOSELY,FAILING TO REDUCE SPEED TO AVOID CRASH,5556,W,GRAND AVE,2,NO INDICATION OF INJURY,0.0,0.0,0.0,0.0,0.0,2.0,0.0,16,5,5
b2ef8f5531c1babeba3b8d0b0ee935a06e4eaef2af5c924ab32f8846266eb42d3a613aacd5599f8eae1dad17384351d462ffbdceec8b003055455a6af3618073,2019-05-23 14:00:00,25,NO CONTROLS,NO CONTROLS,UNKNOWN,UNKNOWN,PARKED MOTOR VEHICLE,ONE-WAY,STRAIGHT AND LEVEL,UNKNOWN,UNKNOWN,NO INJURY / DRIVE AWAY,"$501 - $1,500",UNABLE TO DETERMINE,UNABLE TO DETERMINE,8955,S,HARPER AVE,2,NO INDICATION OF INJURY,0.0,0.0,0.0,0.0,0.0,1.0,0.0,14,5,5