CRASH_RECORD_ID,CRASH_DATE,POSTED_SPEED_LIMIT,TRAFFIC_CONTROL_DEVICE,DEVICE_CONDITION,WEATHER_CONDITION,LIGHTING_CONDITION,FIRST_CRASH_TYPE,TRAFFICWAY_TYPE,ALIGNMENT,ROADWAY_SURFACE_COND,ROAD_DEFECT,CRASH_TYPE,DAMAGE,PRIM_CONTRIBUTORY_CAUSE,SEC_CONTRIBUTORY_CAUSE,STREET_NO,STREET_DIRECTION,STREET_NAME,NUM_UNITS,MOST_SEVERE_INJURY,INJURIES_TOTAL,INJURIES_FATAL,INJURIES_INCAPACITATING,INJURIES_NON_INCAPACITATING,INJURIES_REPORTED_NOT_EVIDENT,INJURIES_NO_INDICATION,INJURIES_UNKNOWN,CRASH_HOUR,CRASH_DAY_OF_WEEK,CRASH_MONTH
6c9b715b6e300a21ae3a9b47ac9a28846c208f93f223ab5353879bf20a87c7ed114c563b23945f178598360b8aba3fbc405212778d9a74395f440fc905f6c53c,2017-09-10 11:55:00,30,NO CONTROLS,NO CONTROLS,CLEAR,DAYLIGHT,REAR END,ONE-WAY,STRAIGHT AND LEVEL,DRY,NO DEFECTS,NO INJURY / DRIVE AWAY,"OVER $1,500",UNABLE TO DETERMINE,UNABLE TO DETERMINE,3944,W,27TH ST,3,NO INDICATION OF INJURY,0.0,0.0,0.0,0.0,0.0,3.0,0.0,11,1,9
df72f2315b13642db187f578824987495183586dab770020e22e1582d44e9814421c7f4501c78403b9ee72dc0efaed502b196fa3048b1b47d6be1d66b09f5145,2018-11-12 16:15:00,15,TRAFFIC SIGNAL,FUNCTIONING PROPERLY,CLEAR,DAYLIGHT,PEDALCYCLIST,NOT DIVIDED,STRAIGHT AND LEVEL,DRY,NO DEFECTS,NO INJURY / DRIVE AWAY,$500 OR LESS,FAILING TO YIELD RIGHT-OF-WAY,NOT APPLICABLE,1605,W,MEDILL AVE,2,NO INDICATION OF INJURY,0.0,0.0,0.0,0.0,0.0,2.0,0.0,16,2,11
4cbb36aff3a5d7d575c471bd1f5f3383cbf6813c55e21451c34be2bcae2db7acfac32198090c03cff1be9752c68733a3188f5b62915f11efdf869b255936617e,2019-09-12 13:50:00,30,NO CONTROLS,NO CONTROLS,CLEAR,DAYLIGHT,REAR END,NOT DIVIDED,STRAIGHT AND LEVEL,DRY,NO DEFECTS,NO INJURY / DRIVE AWAY,"$501 - $1,500",UNABLE TO DETERMINE,UNABLE TO DETERMINE,1825,E,130TH ST,2,NO INDICATION OF INJURY,0.0,0.0,0.0,0.0,0.0,2.0,0.0,13,5,9
ed6a897a5a2797cfcb862fe6673e48222f88df4e5c5aad649f21229b85e72f8ddb2d072e65c419eef23a6467bb8145293bf73d3f05c341bb63e8a8730d2a36bb,2018-07-23 14:36:00,35,TRAFFIC SIGNAL,FUNCTIONING PROPERLY,CLEAR,DAYLIGHT,TURNING,CENTER TURN LANE,STRAIGHT AND LEVEL,DRY,NO DEFECTS,INJURY AND / OR TOW DUE TO CRASH,"OVER $1,500",IMPROPER TURNING/NO SIGNAL,FAILING TO YIELD RIGHT-OF-WAY,1900,N,ASHLAND AVE,2,NO INDICATION OF INJURY,0.0,0.0,0.0,0.0,0.0,2.0,0.0,14,2,7
f3c251a0f2ed21215576c8018df0286dee1c410b09870a4336ec902335bd18a17d151a8bf810a320eb5917f142eeac8451be81c943ce1ef60f246f439d15617e,2022-01-25 07:20:00,40,UNKNOWN,UNKNOWN,CLEAR,DAYLIGHT,FIXED OBJECT,DIVIDED - W/MEDIAN BARRIER,STRAIGHT AND LEVEL,SNOW OR SLUSH,UNKNOWN,NO INJURY / DRIVE AWAY,"$501 - $1,500",IMPROPER OVERTAKING/PASSING,IMPROPER TURNING/NO SIGNAL,5491,S,LAKE SHORE DR NB,2,NO INDICATION OF INJURY,0.0,0.0,0.0,0.0,0.0,1.0,0.0,7,3,1
28c837577136abc7198ae84de40b2f6f3247c3c8f8648ba618ab93ad49f47c399c3673c25a95ecb2dd4a723051b68eaa81d5c805b144f28e39996c10ed172816,2017-04-09 22:00:00,30,TRAFFIC SIGNAL,FUNCTIONING PROPERLY,CLEAR,"DARKNESS, LIGHTED ROAD",REAR END,NOT DIVIDED,STRAIGHT AND LEVEL,DRY,NO DEFECTS,NO INJURY / DRIVE AWAY,"$501 - $1,500",FAILING TO REDUCE SPEED TO AVOID CRASH,NOT APPLICABLE,7900,S,LOOMIS BLVD,2,NO INDICATION OF INJURY,0.0,0.0,0.0,0.0,0.0,2.0,0.0,22,1,4
abc43cb1047c4f4a2ce4f5704ee70a77449ff1733ff5409fb46d008db9b002deedb8c6d50fd5e69162cab6091ce9a802bbcc07028b12641bb297423e262df965,2015-11-05 09:00:00,30,NO CONTROLS,NO CONTROLS,CLEAR,DAYLIGHT,REAR END,NOT DIVIDED,STRAIGHT AND LEVEL,DRY,NO DEFECTS,NO INJURY / DRIVE AWAY,"OVER $1,500",DRIVING SKILLS/KNOWLEDGE/EXPERIENCE,UNABLE TO DETERMINE,329,S,FRANKLIN ST,3,NO INDICATION OF INJURY,0.0,0.0,0.0,0.0,0.0,3.0,0.0,9,5,11
19e4ed7b67e68b85c1aab35137b22bdf9d2900c52bd5474542e855ac4f32c1a8a623a0837de94c1e2c3f075e01f51db8855f2602112c083e2ea7b1971b0130d7,2020-01-13 07:45:00,30,TRAFFIC SIGNAL,FUNCTIONING PROPERLY,CLOUDY/OVERCAST,DAYLIGHT,TURNING,NOT DIVIDED,STRAIGHT AND LEVEL,WET,NO DEFECTS,INJURY AND / OR TOW DUE TO CRASH,"OVER $1,500",FAILING TO YIELD RIGHT-OF-WAY,IMPROPER TURNING/NO SIGNAL,400,E,107TH ST,2,"REPORTED, NOT EVIDENT",1.0,0.0,0.0,0.0,1.0,2.0,0.0,7,2,1
bcfd51e26c51a5a3f8ef76b53d6d029adcfbc4b611791c1748a37824c039764e756a638ee4570766605bbe722e47b86f0799e8a82412391af21444dc90a6c607,2023-02-07 08:30:00,30,NO CONTROLS,NO CONTROLS,CLEAR,DAYLIGHT,TURNING,NOT DIVIDED,STRAIGHT AND LEVEL,DRY,NO DEFECTS,NO INJURY / DRIVE AWAY,"OVER $1,500",IMPROPER TURNING/NO SIGNAL,NOT APPLICABLE,1000,W,ADDISON ST,2,NO INDICATION OF INJURY,0.0,0.0,0.0,0.0,0.0,2.0,0.0,8,3,2
b86a3ca758bd6572998dcf7a6a325fd10a1b01850dd4c2024049d58a549e396504b498a5b142e195746c226d0d7bdc701983bb8e7f6d6768c7058e08c9336661,2022-04-21 22:00:00,30,NO CONTROLS,NO CONTROLS,CLEAR,"DARKNESS, LIGHTED ROAD",TURNING,ONE-WAY,STRAIGHT AND LEVEL,DRY,NO DEFECTS,NO INJURY / DRIVE AWAY,"$501 - $1,500",FAILING TO YIELD RIGHT-OF-WAY,NOT APPLICABLE,1210,S,INDIANA AVE,2,NO INDICATION OF INJURY,0.0,0.0,0.0,0.0,0.0,2.0,0.0,22,5,4
a997b37be233e70ae8b35b831a84178bf45dd58a67408751a608ce300f8ba9f93fe67acaf6743664e5ccd9303d299ad5e66b2db3d94caba50b5b1cb165e14368,2019-12-21 15:30:00,30,NO CONTROLS,NO CONTROLS,CLEAR,DAYLIGHT,HEAD ON,PARKING LOT,STRAIGHT AND LEVEL,DRY,NO DEFECTS,NO INJURY / DRIVE AWAY,$500 OR LESS,UNABLE TO DETERMINE,NOT APPLICABLE,2055,N,MILWAUKEE AVE,2,NO INDICATION OF INJURY,0.0,0.0,0.0,0.0,0.0,2.0,0.0,15,7,12
6b439486fb5892a3937f24b7955a25f3e0db435e8b4b035b932a066b96bd6de6d9a6a0e3da35d2776beefd295ed2e41265d01d97731be1338c80ade125141ea5,2023-03-01 12:53:00,20,NO CONTROLS,NO CONTROLS,CLEAR,DAYLIGHT,PARKED MOTOR VEHICLE,ONE-WAY,STRAIGHT AND LEVEL,DRY,NO DEFECTS,NO INJURY / DRIVE AWAY,"OVER $1,500",DRIVING SKILLS/KNOWLEDGE/EXPERIENCE,NOT APPLICABLE,6720,S,CORNELL AVE,2,NO INDICATION OF INJURY,0.0,0.0,0.0,0.0,0.0,1.0,0.0,12,4,3
a4245bb990befe5a1ee38ea8e34d082ce78f835532b8775efc91292bc409fe065860001351b2a20a26bc516c8822479cbd934687c091ad4789b731a34333ab5d,2020-05-26 15:00:00,30,TRAFFIC SIGNAL,FUNCTIONING PROPERLY,RAIN,DAYLIGHT,ANGLE,NOT REPORTED,STRAIGHT AND LEVEL,WET,NO DEFECTS,INJURY AND / OR TOW DUE TO CRASH,"OVER $1,500",DISREGARDING TRAFFIC SIGNALS,FAILING TO REDUCE SPEED TO AVOID CRASH,300,S,MORGAN ST,2,NONINCAPACITATING INJURY,2.0,0.0,0.0,1.0,1.0,1.0,0.0,15,3,5
e9a6e7eb9cd5f4be72dce15f149fa1ac2f2b50a35bc68f37409211381efee1c8eb1b5bf39076a31f07ca893be8f387f00d7e048e87579a03691e5d2bfc5bc393,2020-09-25 09:00:00,30,TRAFFIC SIGNAL,FUNCTIONING PROPERLY,CLEAR,DAYLIGHT,ANGLE,FOUR WAY,STRAIGHT AND LEVEL,DRY,NO DEFECTS,INJURY AND / OR TOW DUE TO CRASH,"OVER $1,500",DISREGARDING TRAFFIC SIGNALS,FAILING TO YIELD RIGHT-OF-WAY,2400,W,CHICAGO AVE,2,NONINCAPACITATING INJURY,1.0,0.0,0.0,1.0,0.0,2.0,0.0,9,6,9
e0724088d1b078e6548cd11c67eb00954d4cd99c9c3f19e84cb88faf0ced6f0d6b40e1a80ad0b724239cafea016de66fdd8365a622e0bc99cb6d7cca0edf703f,2022-03-16 15:00:00,20,NO CONTROLS,NO CONTROLS,UNKNOWN,UNKNOWN,PARKED MOTOR VEHICLE,ONE-WAY,STRAIGHT AND LEVEL,UNKNOWN,UNKNOWN,NO INJURY / DRIVE AWAY,"OVER $1,500",UNABLE TO DETERMINE,NOT APPLICABLE,5001,W,WRIGHTWOOD AVE,2,NO INDICATION OF INJURY,0.0,0.0,0.0,0.0,0.0,1.0,0.0,15,4,3
0710a12d096bfefee64237c071d86f7ea058364d18ea9bfcbb6a24525c73c8d8f7b892b84a9c5d51e583a00a549f4aa5867b519917a979ecca120eaa2e43fc10,2023-07-07 14:03:00,30,NO CONTROLS,NO CONTROLS,CLEAR,DAYLIGHT,SIDESWIPE SAME DIRECTION,FOUR WAY,STRAIGHT AND LEVEL,DRY,NO DEFECTS,NO INJURY / DRIVE AWAY,"$501 - $1,500",IMPROPER TURNING/NO SIGNAL,IMPROPER TURNING/NO SIGNAL,1643,W,MONTEREY AVE,2,NO INDICATION OF INJURY,0.0,0.0,0.0,0.0,0.0,2.0,0.0,14,6,7
405a7f4ca6848966c5828dd8aa953fc5f1be2dcd847eca742c6375518449044790a75602adf99fd84c8136e5c179af6ea5db1f4503d7ed8e81d6bbf3274f4406,2020-02-06 14:50:00,30,NO CONTROLS,NO CONTROLS,UNKNOWN,DAYLIGHT,PARKED MOTOR VEHICLE,NOT DIVIDED,STRAIGHT AND LEVEL,WET,NO DEFECTS,NO INJURY / DRIVE AWAY,"OVER $1,500",UNABLE TO DETERMINE,NOT APPLICABLE,3968,W,BARRY AVE,2,NO INDICATION OF INJURY,0.0,0.0,0.0,0.0,0.0,3.0,0.0,14,5,2
2351988bcbc28f037e9a323308495b2eb1bc9c406f975afccf6513e00aa6542875bcd99bd98808bff646837c4276bfe6354dd13f6f50d2e1bddb5ce09c3a3b23,2019-03-28 12:00:00,15,NO CONTROLS,NO CONTROLS,CLEAR,DAYLIGHT,PARKED MOTOR VEHICLE,PARKING LOT,STRAIGHT AND LEVEL,DRY,NO DEFECTS,NO INJURY / DRIVE AWAY,"$501 - $1,500",UNABLE TO DETERMINE,UNABLE TO DETERMINE,3015,N,CLARK ST,2,NO INDICATION OF INJURY,0.0,0.0,0.0,0.0,0.0,1.0,0.0,12,5,3
31a9fe511d75e71eadab88051c23cad7468f9c75b12a6e19d90264119d1b996b16206253783c6c1473e72bccf9627bd05795829c6ad89fcb6f7c99cc299256d5,2022-10-24 15:15:00,30,TRAFFIC SIGNAL,FUNCTIONING PROPERLY,CLEAR,DAYLIGHT,REAR END,DIVIDED - W/MEDIAN BARRIER,STRAIGHT AND LEVEL,DRY,NO DEFECTS,NO INJURY / DRIVE AWAY,"OVER $1,500",UNABLE TO DETERMINE,UNABLE TO DETERMINE,2045,N,LAKE SHORE DR SB,2,NO INDICATION OF INJURY,0.0,0.0,0.0,0.0,0.0,2.0,0.0,15,2,10
f70d024c639fe2c53c3f1d5e6248fe0d397c817189a244cfa000c0ace467b8744ff196ff8ba9747555fa10fa37b0a22204bb2d3687bf831e94ec2d8b0401f64e,2016-06-01 13:45:00,30,STOP SIGN/FLASHER,FUNCTIONING PROPERLY,CLEAR,DAYLIGHT,TURNING,NOT DIVIDED,STRAIGHT AND LEVEL,DRY,NO DEFECTS,NO INJURY / DRIVE AWAY,"OVER $1,500",IMPROPER TURNING/NO SIGNAL,FAILING TO YIELD RIGHT-OF-WAY,7200,S,JEFFERY BLVD,2,NO INDICATION OF INJURY,0.0,0.0,0.0,0.0,0.0,2.0,0.0,13,4,6
36ac459123d8ea6c0761c0e91aefffdb68e84ceb4add4f7e655b52e36cbe027e90f186cc6194ffa955888ea6d32f55d9061d37964db4f5d9742a949b31cf7d0d,2018-12-16 10:30:00,30,NO CONTROLS,NO CONTROLS,CLEAR,DAYLIGHT,SIDESWIPE SAME DIRECTION,UNKNOWN,STRAIGHT AND LEVEL,UNKNOWN,UNKNOWN,INJURY AND / OR TOW DUE TO CRASH,"$501 - $1,500",UNABLE TO DETERMINE,UNABLE TO DETERMINE,5242,N,WASHTENAW AVE,2,NONINCAPACITATING INJURY,1.0,0.0,0.0,1.0,0.0,2.0,0.0,10,1,12
ced461439c7e6679726632e50b563c1854d2a8f63225c378cf85fc4853847b1760e421d0508e55cb29aea29644b901b3fb6245b3129beb179618045451824cd7,2018-10-03 10:50:00,30,TRAFFIC SIGNAL,FUNCTIONING PROPERLY,CLEAR,DAYLIGHT,REAR END,DIVIDED - W/MEDIAN (NOT RAISED),STRAIGHT AND LEVEL,DRY,NO DEFECTS,NO INJURY / DRIVE AWAY,"OVER $1,500",FAILING TO REDUCE SPEED TO AVOID CRASH,FOLLOWING TOO CLOSELY,2542,W,DIVISION ST,2,NO INDICATION OF INJURY,0.0,0.0,0.0,0.0,0.0,2.0,0.0,10,4,10
b94c54e95668cbf2c4333e4cd1d7dc9a8c1ea7c1364810333f79cfb2fece4523a68e1b25d2929085f679b828a45bfb00bbfbdc27d01c1cda205de1eb23139494,2019-04-11 00:30:00,30,NO CONTROLS,NO CONTROLS,CLEAR,"DARKNESS, LIGHTED ROAD",PARKED MOTOR VEHICLE,NOT DIVIDED,STRAIGHT AND LEVEL,DRY,NO DEFECTS,NO INJURY / DRIVE AWAY,"OVER $1,500",UNABLE TO DETERMINE,UNABLE TO DETERMINE,5028,N,LAVERGNE AVE,2,NO INDICATION OF INJURY,0.0,0.0,0.0,0.0,0.0,1.0,0.0,0,5,4
02ee6f5a6f10390bba615033959d5183cedc68858a6dd1fcb8bee777c51cf5537df9846f964f065d00f1c4049d69006255acaf9dd010b964321f53d6d90bf80a,2016-08-13 23:00:00,35,TRAFFIC SIGNAL,FUNCTIONING PROPERLY,CLEAR,"DARKNESS, LIGHTED ROAD",REAR END,DIVIDED - W/MEDIAN BARRIER,STRAIGHT AND LEVEL,DRY,NO DEFECTS,NO INJURY / DRIVE AWAY,"$501 - $1,500",UNABLE TO DETERMINE,UNABLE TO DETERMINE,200,W,CERMAK RD,2,NO INDICATION OF INJURY,0.0,0.0,0.0,0.0,0.0,2.0,0.0,23,7,8
30864608fb1615445ff7f7e8d43f70dd4a6152eaa2dfa489d99153c543dd2c6641695f0c447eb89a538f7ede42c2bf195f23af7e3c2f4f4784ea3dce2730a66c,2018-12-08 14:39:00,30,TRAFFIC SIGNAL,NO CONTROLS,CLEAR,DAYLIGHT,SIDESWIPE SAME DIRECTION,ONE-WAY,STRAIGHT AND LEVEL,DRY,UNKNOWN,NO INJURY / DRIVE AWAY,$500 OR LESS,"OPERATING VEHICLE IN ERRATIC, RECKLESS, CARELESS, NEGLIGENT OR AGGRESSIVE MANNER","OPERATING VEHICLE IN ERRATIC, RECKLESS, CARELESS, NEGLIGENT OR AGGRESSIVE MANNER",533,S,MORGAN ST,2,NO INDICATION OF INJURY,0.0,0.0,0.0,0.0,0.0,2.0,0.0,14,7,12
229ab0d51f25b14089e13e207cafb7bc4b03d6fad968e560a458d227b569a8e051382485b57204385e1432365e3e775d03e7b1eb6c294961d881d57b1c94ed3e,2019-02-28 18:35:00,30,TRAFFIC SIGNAL,FUNCTIONING PROPERLY,UNKNOWN,DARKNESS,REAR END,DIVIDED - W/MEDIAN (NOT RAISED),STRAIGHT AND LEVEL,DRY,NO DEFECTS,NO INJURY / DRIVE AWAY,$500 OR LESS,FOLLOWING TOO CLOSELY,NOT APPLICABLE,6000,S,DR MARTIN LUTHER KING JR DR,2,NO INDICATION OF INJURY,0.0,0.0,0.0,0.0,0.0,2.0,0.0,18,5,2
4144fd130497ae2c0f52a0e179d5e2620ad85810e2009328f7aa20c1a28438fa37165f961efdb668b0691f3dd7edc75215c2815d54b9fd58341fffd76c5e2d95,2023-12-05 14:23:00,30,NO CONTROLS,NO CONTROLS,RAIN,DAYLIGHT,OTHER NONCOLLISION,ONE-WAY,STRAIGHT AND LEVEL,WET,"RUT, HOLES",INJURY AND / OR TOW DUE TO CRASH,"OVER $1,500",UNABLE TO DETERMINE,UNABLE TO DETERMINE,799,N,MAYFIELD AVE,1,NO INDICATION OF INJURY,0.0,0.0,0.0,0.0,0.0,4.0,0.0,14,3,12
c0b95db1039123d0497aef465363094f5bb6f8b2c50932ccebd11a6daef22e597e43389d459781e0bd9cc780e0e2399a38d9db23ddb2a3a4f296255f64fb80c5,2019-02-16 11:30:00,35,TRAFFIC SIGNAL,FUNCTIONING PROPERLY,CLEAR,DAYLIGHT,REAR END,NOT DIVIDED,STRAIGHT AND LEVEL,DRY,NO DEFECTS,NO INJURY / DRIVE AWAY,"OVER $1,500",FOLLOWING TOO CLOSELY,FAILING TO REDUCE SPEED TO AVOID CRASH,10915,S,WESTERN AVE,2,NO INDICATION OF INJURY,0.0,0.0,0.0,0.0,0.0,4.0,0.0,11,7,2
e2b0be7a3c80c29a37e648529b179b66b6ef37c87e6b321949f4af7704f97dbc9e04ed7b58b1091abb23b1d418af4496ffbcb8c70a1a4ea28ced91f5dc73881d,2020-01-03 21:00:00,30,UNKNOWN,UNKNOWN,UNKNOWN,UNKNOWN,PARKED MOTOR VEHICLE,ONE-WAY,STRAIGHT AND LEVEL,UNKNOWN,UNKNOWN,NO INJURY / DRIVE AWAY,"$501 - $1,500",NOT APPLICABLE,NOT APPLICABLE,1311,N,LOCKWOOD AVE,2,NO INDICATION OF INJURY,0.0,0.0,0.0,0.0,0.0,1.0,0.0,21,6,1
ce00255ab9906a2ed5360017a2cd7956cec0f1cc1eceff573a2a8a05118109d44a33ecd3640a1c6044d3c1adc376bf14262bec4826087ab8cd416e53051169b4,2017-10-17 08:00:00,15,NO CONTROLS,NO CONTROLS,CLEAR,DAYLIGHT,REAR END,NOT DIVIDED,STRAIGHT AND LEVEL,DRY,NO DEFECTS,INJURY AND / OR TOW DUE TO CRASH,"OVER $1,500",UNABLE TO DETERMINE,NOT APPLICABLE,1221,S,FEDERAL ST,2,NONINCAPACITATING INJURY,1.0,0.0,0.0,1.0,0.0,1.0,0.0,8,3,10
1e14f13ef3e993e81b16589b10f947c93160b4ea1b0f318d34c520a41ef99fcaebe9f59d14e92417043504ba3fd7b530e165f9837206db2ebd5f25d0c187ecf9,2021-09-23 14:20:00,30,TRAFFIC SIGNAL,FUNCTIONING PROPERLY,CLEAR,DAYLIGHT,TURNING,T-INTERSECTION,STRAIGHT AND LEVEL,DRY,NO DEFECTS,NO INJURY / DRIVE AWAY,"OVER $1,500",DISREGARDING TRAFFIC SIGNALS,NOT APPLICABLE,525,N,LOWER MICHIGAN AVE,2,NO INDICATION OF INJURY,0.0,0.0,0.0,0.0,0.0,2.0,0.0,14,5,9
da3b2a75ba07f3cb2287a9c8c6f3cb560d3b6edbde30f069ab36850895b1318bcdadee02caec1950fee7dcebaef5422eb62626653170bb868eda7b2b843e6056,2021-05-25 14:00:00,30,NO CONTROLS,NO CONTROLS,CLEAR,DAYLIGHT,OTHER OBJECT,DIVIDED - W/MEDIAN (NOT RAISED),STRAIGHT AND LEVEL,DRY,NO DEFECTS,INJURY AND / OR TOW DUE TO CRASH,"OVER $1,500",DISTRACTION - FROM INSIDE VEHICLE,NOT APPLICABLE,644,W,71ST ST,1,NO INDICATION OF INJURY,0.0,0.0,0.0,0.0,0.0,1.0,0.0,14,3,5
e4438f0c00627f071b94836314d08e87ee73da1cb15dff5dabdd029fbcf3ac94a5b19069a1d42d81b4ba46fc2f9e70f149ad06f4fa49fb4e891be8d3edf5e555,2024-02-01 08:09:00,45,NO CONTROLS,NO CONTROLS,CLEAR,DAYLIGHT,REAR END,DIVIDED - W/MEDIAN BARRIER,STRAIGHT AND LEVEL,DRY,NO DEFECTS,INJURY AND / OR TOW DUE TO CRASH,"OVER $1,500",FOLLOWING TOO CLOSELY,FAILING TO REDUCE SPEED TO AVOID CRASH,3314,N,LAKE SHORE DR,2,INCAPACITATING INJURY,1.0,0.0,1.0,0.0,0.0,2.0,0.0,8,5,2
eb0e66a533f4e405b771d8baf4569ab2eaca7856d3c1b25fe45fb8931ac8715921d3b3e47331c9962174daef3ffe86bf76d303e4ac20f66286ae95913d904798,2017-11-28 18:01:00,30,NO CONTROLS,NO CONTROLS,CLEAR,"DARKNESS, LIGHTED ROAD",PARKED MOTOR VEHICLE,NOT DIVIDED,STRAIGHT AND LEVEL,DRY,NO DEFECTS,NO INJURY / DRIVE AWAY,"OVER $1,500","DISTRACTION - OTHER ELECTRONIC DEVICE (NAVIGATION DEVICE, DVD PLAYER, ETC.)",EQUIPMENT - VEHICLE CONDITION,2701,N,HARLEM AVE,2,NO INDICATION OF INJURY,0.0,0.0,0.0,0.0,0.0,1.0,0.0,18,3,11
7feb8c37f0dbb56325b66978c0b2414798e8d2a8445c28d0ad4f6def5ffe0ef9e87d40bc755ba24194031ddc79967c68cd160fc06f896dcd490bb0430eed0ab1,2021-09-09 19:32:00,30,STOP SIGN/FLASHER,FUNCTIONING PROPERLY,CLEAR,"DARKNESS, LIGHTED ROAD",TURNING,T-INTERSECTION,STRAIGHT AND LEVEL,DRY,NO DEFECTS,INJURY AND / OR TOW DUE TO CRASH,"OVER $1,500",FAILING TO YIELD RIGHT-OF-WAY,EQUIPMENT - VEHICLE CONDITION,501,E,PERSHING RD,2,NO INDICATION OF INJURY,0.0,0.0,0.0,0.0,0.0,3.0,0.0,19,5,9
768285184513a0c6cbe93be347dd9cfc93d955e7ca687fd77230a28cdd8b2da4436327bd8c95b675f32fb8917a7f002f86ad703dc4be1ed375bd155a09759d19,2018-08-21 11:10:00,30,TRAFFIC SIGNAL,FUNCTIONING PROPERLY,CLEAR,DAYLIGHT,TURNING,DIVIDED - W/MEDIAN (NOT RAISED),STRAIGHT AND LEVEL,DRY,UNKNOWN,NO INJURY / DRIVE AWAY,"OVER $1,500",IMPROPER LANE USAGE,NOT APPLICABLE,3801,S,CALIFORNIA AVE,2,NO INDICATION OF INJURY,0.0,0.0,0.0,0.0,0.0,2.0,0.0,11,3,8
7308055d7825a74488bc88d9e9c362d3be05837a475895c009a1dfa1155d4be23e587d5fbc8ce3e80f8e17067ba16f45faff2ddd9486b3ee9f47a6c620c522a9,2022-10-13 17:56:00,25,STOP SIGN/FLASHER,FUNCTIONING PROPERLY,CLEAR,DAYLIGHT,ANGLE,UNKNOWN INTERSECTION TYPE,STRAIGHT AND LEVEL,DRY,NO DEFECTS,NO INJURY / DRIVE AWAY,"OVER $1,500","OPERATING VEHICLE IN ERRATIC, RECKLESS, CARELESS, NEGLIGENT OR AGGRESSIVE MANNER",NOT APPLICABLE,1800,W,96TH ST,2,NO INDICATION OF INJURY,0.0,0.0,0.0,0.0,0.0,3.0,0.0,17,5,10
9f9bd2a55f511f605d8679e94a162ceeddbf3cefe75e9015edd6a85de8a45f97f791a63ba2987063eb2eff1249ff803c4c13fcd8306c4c5dd2f06a7561f5299a,2021-05-18 14:30:00,30,STOP SIGN/FLASHER,FUNCTIONING PROPERLY,CLEAR,DAYLIGHT,REAR END,FOUR WAY,STRAIGHT AND LEVEL,DRY,NO DEFECTS,INJURY AND / OR TOW DUE TO CRASH,"$501 - $1,500",UNABLE TO DETERMINE,NOT APPLICABLE,2500,W,DIVISION ST,2,"REPORTED, NOT EVIDENT",1.0,0.0,0.0,0.0,1.0,1.0,0.0,14,3,5
ad0caab15647d6b756c56f356a33a610cba0bfeaf6df32f471dc9300d717e9a5f297907255994b94fef2f14938003df8aed276b38c7a37e09eafd98e9afeac76,2017-10-21 13:00:00,30,NO CONTROLS,NO CONTROLS,CLEAR,DAYLIGHT,FIXED OBJECT,NOT DIVIDED,STRAIGHT AND LEVEL,DRY,NO DEFECTS,NO INJURY / DRIVE AWAY,"OVER $1,500",UNABLE TO DETERMINE,NOT APPLICABLE,3300,S,DAMEN AVE,1,NO INDICATION OF INJURY,0.0,0.0,0.0,0.0,0.0,1.0,0.0,13,7,10
01295fdd1f077b32fd9efe477a1e4a2a238e4bf326a3889d20ef811d0fa287e955f7ee8a99f8165c5da228d9e5c7e5c362d9445f2495d4508e1c46b610cb64cd,2018-11-17 14:40:00,35,TRAFFIC SIGNAL,FUNCTIONING PROPERLY,CLEAR,DAYLIGHT,REAR END,NOT DIVIDED,STRAIGHT AND LEVEL,WET,NO DEFECTS,NO INJURY / DRIVE AWAY,"$501 - $1,500",UNABLE TO DETERMINE,UNABLE TO DETERMINE,2400,W,OGDEN AVE,3,NO INDICATION OF INJURY,0.0,0.0,0.0,0.0,0.0,3.0,0.0,14,7,11
583614207681508a375d5beb01820dbe9c71c72614317c3ec38b82155085cecc54a9338f383160f23fbcd9fbd50c92c7620a8eb5fcda3500cf7943e457b8a115,2021-04-23 08:08:00,30,NO CONTROLS,NO CONTROLS,CLEAR,DAYLIGHT,SIDESWIPE SAME DIRECTION,NOT DIVIDED,STRAIGHT AND LEVEL,DRY,NO DEFECTS,NO INJURY / DRIVE AWAY,"$501 - $1,500",UNABLE TO DETERMINE,NOT APPLICABLE,5809,W,MADISON ST,2,NO INDICATION OF INJURY,0.0,0.0,0.0,0.0,0.0,2.0,0.0,8,6,4
ec8920a3505141d3915310c3f13f3182e0f340bc580fc952243f8e78f440c834ee0ec64fd539bde0f41c37fbd8a31a20fb20cd66b3634c4a50106077fd3b3a57,2021-05-03 22:00:00,30,NO CONTROLS,NO CONTROLS,RAIN,"DARKNESS, LIGHTED ROAD",TURNING,DIVIDED - W/MEDIAN BARRIER,STRAIGHT AND LEVEL,WET,NO DEFECTS,INJURY AND / OR TOW DUE TO CRASH,"OVER $1,500",IMPROPER TURNING/NO SIGNAL,IMPROPER TURNING/NO SIGNAL,11613,S,HALSTED ST,2,INCAPACITATING INJURY,1.0,0.0,1.0,0.0,0.0,2.0,0.0,22,2,5