CRASH_RECORD_ID,CRASH_DATE,POSTED_SPEED_LIMIT,TRAFFIC_CONTROL_DEVICE,DEVICE_CONDITION,WEATHER_CONDITION,LIGHTING_CONDITION,FIRST_CRASH_TYPE,TRAFFICWAY_TYPE,ALIGNMENT,ROADWAY_SURFACE_COND,ROAD_DEFECT,CRASH_TYPE,DAMAGE,PRIM_CONTRIBUTORY_CAUSE,SEC_CONTRIBUTORY_CAUSE,STREET_NO,STREET_DIRECTION,STREET_NAME,NUM_UNITS,MOST_SEVERE_INJURY,INJURIES_TOTAL,INJURIES_FATAL,INJURIES_INCAPACITATING,INJURIES_NON_INCAPACITATING,INJURIES_REPORTED_NOT_EVIDENT,INJURIES_NO_INDICATION,INJURIES_UNKNOWN,CRASH_HOUR,CRASH_DAY_OF_WEEK,CRASH_MONTH
e018376434bc7039c79264fe164f7cb867ac6fb97daaf16f0a8ba945f6498acdd1b47da876f6c75a5ae8f710c6314d9127b8e5fc458559b8e677aee94824b048,2021-05-01 06:55:00,35,TRAFFIC SIGNAL,NO CONTROLS,CLEAR,DAYLIGHT,SIDESWIPE SAME DIRECTION,DIVIDED - W/MEDIAN (NOT RAISED),STRAIGHT AND LEVEL,DRY,NO DEFECTS,INJURY AND / OR TOW DUE TO CRASH,"OVER $1,500",UNABLE TO DETERMINE,UNABLE TO DETERMINE,10032,S,INDIANAPOLIS AVE,2,NO INDICATION OF INJURY,0.0,0.0,0.0,0.0,0.0,1.0,0.0,6,7,5
fa6aac9ef6e61d85a29e418182ef3dd6d27aa9a320cbc0c258e6aadaeff12abdb41c89baa9a4a3cf9d80809786e1f11263b142a03f74addc32a4da770e76bea7,2023-06-11 00:00:00,30,OTHER REG. SIGN,OTHER,CLEAR,"DARKNESS, LIGHTED ROAD",REAR TO FRONT,NOT DIVIDED,STRAIGHT AND LEVEL,DRY,NO DEFECTS,INJURY AND / OR TOW DUE TO CRASH,"OVER $1,500",UNABLE TO DETERMINE,UNABLE TO DETERMINE,230,N,CENTRAL AVE,4,NO INDICATION OF INJURY,0.0,0.0,0.0,0.0,0.0,2.0,0.0,0,1,6
08cf7c1e4962d43cb8fdb349afdf19f6361a4184c2e47df1f75ae9af982b1945cfe19e7d9feec7840bd279745d3073c5f3489b5c16d7c0e003410046e65b165c,2021-02-10 15:04:00,30,NO CONTROLS,NO CONTROLS,SNOW,DAYLIGHT,TURNING,NOT DIVIDED,STRAIGHT AND LEVEL,SNOW OR SLUSH,NO DEFECTS,NO INJURY / DRIVE AWAY,"$501 - $1,500",UNABLE TO DETERMINE,UNABLE TO DETERMINE,1636,N,WELLS ST,2,NO INDICATION OF INJURY,0.0,0.0,0.0,0.0,0.0,2.0,0.0,15,4,2
09853fe5e1d64c5f54ce514ca756e8feb1e66e700a0a8d0a7eabf6c8e004c82fc351e9dee0be1d41b0e794c6bc10a9c56bd097f419f7ff4b71be81a0b54a9e77,2019-09-23 10:30:00,30,NO CONTROLS,NO CONTROLS,CLEAR,DAYLIGHT,SIDESWIPE SAME DIRECTION,DIVIDED - W/MEDIAN (NOT RAISED),STRAIGHT AND LEVEL,DRY,NO DEFECTS,NO INJURY / DRIVE AWAY,"$501 - $1,500",DRIVING SKILLS/KNOWLEDGE/EXPERIENCE,UNABLE TO DETERMINE,6620,W,ARCHER AVE,2,NO INDICATION OF INJURY,0.0,0.0,0.0,0.0,0.0,2.0,0.0,10,2,9
863737dea6ba4e36ae06150c8e52bd3c811259654e555fce27d540fb7d2fb2ef9b877a7cd58e243442ae243bbbeceaf7d8052482f5377260fe87dc970645fea4,2022-08-04 18:10:00,30,TRAFFIC SIGNAL,FUNCTIONING PROPERLY,CLEAR,DAYLIGHT,REAR END,FOUR WAY,STRAIGHT AND LEVEL,DRY,NO DEFECTS,NO INJURY / DRIVE AWAY,"$501 - $1,500",FOLLOWING TOO CLOSELY,UNABLE TO DETERMINE,3,N,WACKER DR,2,NO INDICATION OF INJURY,0.0,0.0,0.0,0.0,0.0,2.0,0.0,18,5,8
3184d2c6f5fd694194056fa28288422cc12492b0d92a6777580a965591d1ca9cbf1c1ab05ba596da806e71fb80e1f351187718d7053a45a10304251f120e8d87,2019-03-15 23:30:00,20,NO CONTROLS,NO CONTROLS,CLEAR,DARKNESS,FIXED OBJECT,ALLEY,STRAIGHT AND LEVEL,DRY,DEBRIS ON ROADWAY,NO INJURY / DRIVE AWAY,"$501 - $1,500","VISION OBSCURED (SIGNS, TREE LIMBS, BUILDINGS, ETC.)",NOT APPLICABLE,2736,W,FLOURNOY ST,1,NO INDICATION OF INJURY,0.0,0.0,0.0,0.0,0.0,3.0,0.0,23,6,3
151a9098ffcfd9b9a3f02e39b2e7f6ff386ebc0e3dad15716edc89ee3cb23fc5085bbcfeca0cfbbab6786e9ab8a1fdc520da8cc2c75aec5c4683f891decdc7b6,2016-07-03 17:00:00,35,NO CONTROLS,NO CONTROLS,CLEAR,DAYLIGHT,SIDESWIPE SAME DIRECTION,NOT DIVIDED,STRAIGHT AND LEVEL,DRY,WORN SURFACE,NO INJURY / DRIVE AWAY,$500 OR LESS,DRIVING SKILLS/KNOWLEDGE/EXPERIENCE,UNABLE TO DETERMINE,2900,W,VAN BUREN ST,2,NO INDICATION OF INJURY,0.0,0.0,0.0,0.0,0.0,2.0,0.0,17,1,7
56e085fafa8447ee906018cd6b53ca9c5aa382bc4c7f49abce79ab76f62020cae6af91c0fd738399b1eab8979b94279e7803a52bc82162863c9445f58c25cfb6,2019-07-17 16:45:00,30,NO CONTROLS,NO CONTROLS,CLEAR,DAYLIGHT,TURNING,NOT DIVIDED,STRAIGHT AND LEVEL,DRY,NO DEFECTS,NO INJURY / DRIVE AWAY,"OVER $1,500",IMPROPER TURNING/NO SIGNAL,IMPROPER TURNING/NO SIGNAL,5500,S,KEDZIE AVE,2,NO INDICATION OF INJURY,0.0,0.0,0.0,0.0,0.0,2.0,0.0,16,4,7
6fccd0d24b97fb6f31fd0f024640e105d5699ce67df1c3415339847ea06f4790802cc1d6738eccf5839b9b5ec55e1448542c89bb1ae90baa193741509f51f494,2017-04-04 23:50:00,30,NO CONTROLS,NO CONTROLS,CLEAR,"DARKNESS, LIGHTED ROAD",ANGLE,NOT DIVIDED,STRAIGHT AND LEVEL,DRY,NO DEFECTS,NO INJURY / DRIVE AWAY,"$501 - $1,500",IMPROPER TURNING/NO SIGNAL,IMPROPER TURNING/NO SIGNAL,400,S,SACRAMENTO BLVD,2,NO INDICATION OF INJURY,0.0,0.0,0.0,0.0,0.0,2.0,0.0,23,3,4
594d5073832095527ce140deaab8270464d7c5fd860cdc1d823dafc03a61eec3d2e0bc9db74097411622d7591edf5bfaa314b94a8c40d47fbc849843f53c2ed9,2018-09-01 10:58:00,30,TRAFFIC SIGNAL,FUNCTIONING PROPERLY,CLOUDY/OVERCAST,DAYLIGHT,REAR END,NOT DIVIDED,STRAIGHT AND LEVEL,WET,NO DEFECTS,INJURY AND / OR TOW DUE TO CRASH,$500 OR LESS,WEATHER,WEATHER,3601,W,WASHINGTON BLVD,2,"REPORTED, NOT EVIDENT",1.0,0.0,0.0,0.0,1.0,2.0,0.0,10,7,9
a5b5cb4b5863c99cbe69ab7b918fed6f721f01ce0c74c2142e74f3d963ea2fcf5dba53acdaf591d19807c1bf55ec51ddbb75aeab7d16e59bf4531fc5ff24893e,2017-01-10 16:10:00,30,STOP SIGN/FLASHER,UNKNOWN,RAIN,"DARKNESS, LIGHTED ROAD",ANGLE,DIVIDED - W/MEDIAN (NOT RAISED),STRAIGHT AND LEVEL,WET,UNKNOWN,NO INJURY / DRIVE AWAY,"OVER $1,500",FAILING TO YIELD RIGHT-OF-WAY,UNABLE TO DETERMINE,4430,W,BELMONT AVE,2,NO INDICATION OF INJURY,0.0,0.0,0.0,0.0,0.0,2.0,0.0,16,3,1
94a85ec29a4444bdad1285a3e8da039372e54ba4324cbc7c9b87006dcb2c46a30cc7d44e6e43ee59b1338422350dd7057d768a348cccba74cd571ab0770bc2c3,2017-06-29 20:20:00,30,NO CONTROLS,NO CONTROLS,RAIN,"DARKNESS, LIGHTED ROAD",TURNING,DIVIDED - W/MEDIAN (NOT RAISED),STRAIGHT AND LEVEL,WET,UNKNOWN,NO INJURY / DRIVE AWAY,"OVER $1,500",UNABLE TO DETERMINE,UNABLE TO DETERMINE,100,W,75TH ST,2,NO INDICATION OF INJURY,0.0,0.0,0.0,0.0,0.0,3.0,0.0,20,5,6
142691a1ecebb6260cf8f95a1b409ec59764dbc7397864db947d4bd858bccf5dc8301d78bd09a20554243ce94703542fa1611ad6e167c66f7be570c05a467dd7,2020-09-04 16:00:00,40,NO CONTROLS,UNKNOWN,CLEAR,DAYLIGHT,SIDESWIPE SAME DIRECTION,DIVIDED - W/MEDIAN BARRIER,STRAIGHT AND LEVEL,UNKNOWN,UNKNOWN,NO INJURY / DRIVE AWAY,"$501 - $1,500",IMPROPER LANE USAGE,UNABLE TO DETERMINE,800,N,LAKE SHORE DR,2,NO INDICATION OF INJURY,0.0,0.0,0.0,0.0,0.0,2.0,0.0,16,6,9
0f49cce4402b7a276ee07dc76c4a16d5159f12768ffbaee491f3bed9ce9210291baea35cc12fb09f84fd14547082fd790d7ff8d3d7b6b4d36c52b41416e18ae6,2021-09-30 14:00:00,30,TRAFFIC SIGNAL,FUNCTIONING PROPERLY,CLEAR,DAYLIGHT,TURNING,NOT DIVIDED,STRAIGHT AND LEVEL,DRY,NO DEFECTS,NO INJURY / DRIVE AWAY,"$501 - $1,500",UNABLE TO DETERMINE,UNABLE TO DETERMINE,3716,W,CONGRESS PKWY,2,NO INDICATION OF INJURY,0.0,0.0,0.0,0.0,0.0,2.0,0.0,14,5,9
1182312ed975f4d3fb0c9019b0ad54ca63e0e7208fe74c8501db0deae5fd11114232f1a44db362f868bb044561ce1b0ee2d0d24474d00571846fbd0bc030685e,2022-11-24 14:17:00,25,NO CONTROLS,NO CONTROLS,CLEAR,DAYLIGHT,ANGLE,ONE-WAY,STRAIGHT AND LEVEL,UNKNOWN,UNKNOWN,NO INJURY / DRIVE AWAY,"OVER $1,500",FAILING TO YIELD RIGHT-OF-WAY,UNABLE TO DETERMINE,2649,W,ARTHUR AVE,2,NO INDICATION OF INJURY,0.0,0.0,0.0,0.0,0.0,2.0,0.0,14,5,11
2460aad31021c5f9694c0f1b995aead0c00527488002176460579c823e41cb34af4723120d605b6cd379172e7b374499add6159f9e52eff9490623ebb6939bf0,2016-06-01 19:15:00,30,NO CONTROLS,NO CONTROLS,CLEAR,DAYLIGHT,REAR END,ONE-WAY,STRAIGHT AND LEVEL,DRY,NO DEFECTS,NO INJURY / DRIVE AWAY,"$501 - $1,500",UNABLE TO DETERMINE,UNABLE TO DETERMINE,400,N,PINE AVE,2,NO INDICATION OF INJURY,0.0,0.0,0.0,0.0,0.0,3.0,0.0,19,4,6
59bc089e3e0671ecf8d6d5c89a671e27f4602aca31647e04b5cecf54fb63ae61b8ff3163b77924cf7e4adeb62387ac7d568586b865206490acec883d19b0b69e,2019-03-10 15:30:00,30,NO CONTROLS,NO CONTROLS,CLOUDY/OVERCAST,DAYLIGHT,OTHER OBJECT,NOT DIVIDED,STRAIGHT ON HILLCREST,DRY,"RUT, HOLES",NO INJURY / DRIVE AWAY,"OVER $1,500",NOT APPLICABLE,ROAD CONSTRUCTION/MAINTENANCE,351,N,HOMAN AVE,1,NO INDICATION OF INJURY,0.0,0.0,0.0,0.0,0.0,1.0,0.0,15,1,3
b2bd1c248c294a00b56284201c75171122a744092ac89da11bb47f75dc1d62c180155ec9493c48725cf923a0a57e35baa03a8b25d7b514d0676fa8b94972bef0,2020-10-02 15:45:00,30,UNKNOWN,UNKNOWN,CLEAR,DAYLIGHT,SIDESWIPE SAME DIRECTION,NOT DIVIDED,STRAIGHT AND LEVEL,DRY,NO DEFECTS,NO INJURY / DRIVE AWAY,"OVER $1,500",FAILING TO YIELD RIGHT-OF-WAY,FAILING TO YIELD RIGHT-OF-WAY,6553,S,DR MARTIN LUTHER KING JR DR,2,NO INDICATION OF INJURY,0.0,0.0,0.0,0.0,0.0,3.0,0.0,15,6,10
4b5afe4059bb3c61f72bea0cd22b4fa900505e21ec52cd38711e21b52a74961d3f28f15624d9ed22b42db1f7228128cf8626eead02073e19177f54fa760060ee,2021-01-23 05:50:00,30,STOP SIGN/FLASHER,NO CONTROLS,CLEAR,"DARKNESS, LIGHTED ROAD",REAR END,NOT DIVIDED,STRAIGHT AND LEVEL,DRY,NO DEFECTS,NO INJURY / DRIVE AWAY,"OVER $1,500",ANIMAL,UNABLE TO DETERMINE,199,S,LARAMIE AVE,2,NO INDICATION OF INJURY,0.0,0.0,0.0,0.0,0.0,2.0,0.0,5,7,1
fd6dd52b620446c355c356f78ec48bc7945987f1ea3399dcae7ecfe1edf0d6839c38492b668489e7557d27c46541f9889fdb08f6b525c7c3552b85f486428fa4,2019-09-28 11:10:00,30,TRAFFIC SIGNAL,FUNCTIONING PROPERLY,CLEAR,DAYLIGHT,REAR END,ONE-WAY,STRAIGHT AND LEVEL,DRY,NO DEFECTS,NO INJURY / DRIVE AWAY,"OVER $1,500",UNABLE TO DETERMINE,UNABLE TO DETERMINE,340,W,OHIO ST,2,NO INDICATION OF INJURY,0.0,0.0,0.0,0.0,0.0,3.0,0.0,11,7,9
ba96da4fbee007cb558cf492f1c1617de81c2c4d2f933f0463af2c3a9977098abcd6e483e1ddb767dc0569d274f507225f08d0b2adcca4c1eae82f78582e02af,2019-10-03 08:20:00,30,STOP SIGN/FLASHER,FUNCTIONING PROPERLY,CLOUDY/OVERCAST,DAYLIGHT,ANGLE,NOT DIVIDED,STRAIGHT AND LEVEL,DRY,NO DEFECTS,INJURY AND / OR TOW DUE TO CRASH,"OVER $1,500",FAILING TO YIELD RIGHT-OF-WAY,NOT APPLICABLE,6329,W,FOSTER AVE,2,NO INDICATION OF INJURY,0.0,0.0,0.0,0.0,0.0,2.0,0.0,8,5,10
c4d212c224fa0912935fdc6a5a793fbf2da3b0096590e3497ebad82123390e5571030da8a7a3771e80a1ebb628a17a53fe2c23f212701f96942b616275e61aae,2017-08-06 02:00:00,35,NO CONTROLS,NO CONTROLS,CLEAR,"DARKNESS, LIGHTED ROAD",SIDESWIPE SAME DIRECTION,NOT DIVIDED,STRAIGHT AND LEVEL,UNKNOWN,UNKNOWN,NO INJURY / DRIVE AWAY,"OVER $1,500",UNABLE TO DETERMINE,NOT APPLICABLE,3700,N,HALSTED ST,2,NO INDICATION OF INJURY,0.0,0.0,0.0,0.0,0.0,2.0,0.0,2,1,8
2a8da30bd6fa99fbe7740b1e6932aa16e7a3afe9cd9f2da6a46f1102f51255e844532076352ec3d649cceb01562369468920d140c6e5d486a9d6603b47c65fbd,2020-10-23 13:09:00,30,NO CONTROLS,NO CONTROLS,RAIN,DAYLIGHT,PEDALCYCLIST,NOT DIVIDED,STRAIGHT AND LEVEL,WET,UNKNOWN,INJURY AND / OR TOW DUE TO CRASH,"OVER $1,500",UNABLE TO DETERMINE,UNABLE TO DETERMINE,6202,W,HIGGINS AVE,2,FATAL,2.0,1.0,0.0,1.0,0.0,0.0,0.0,13,6,10
9d240f7ff8870e63cd7a9433e64970746f4366f681538b0d8412d4ee310e360b58f481589c729c325d1e5163b913fd350cd1b7c4c8ceb4e0278a99543406fed4,2021-03-02 19:51:00,30,NO CONTROLS,NO CONTROLS,CLEAR,"DARKNESS, LIGHTED ROAD",REAR END,DIVIDED - W/MEDIAN (NOT RAISED),STRAIGHT AND LEVEL,DRY,NO DEFECTS,INJURY AND / OR TOW DUE TO CRASH,"OVER $1,500",FOLLOWING TOO CLOSELY,NOT APPLICABLE,4745,W,BELMONT AVE,2,"REPORTED, NOT EVIDENT",1.0,0.0,0.0,0.0,1.0,2.0,0.0,19,3,3
7fbb7ce0cb490bd152cead3b89e18a4568e15ecea70939a7c01f57600c41ae2589c7b66f64c8d28a133af82adfd10561a7d9e851f2996aef0c8d18da2350d14f,2022-07-12 07:30:00,30,TRAFFIC SIGNAL,FUNCTIONING PROPERLY,CLEAR,DAYLIGHT,PEDESTRIAN,NOT DIVIDED,STRAIGHT AND LEVEL,DRY,NO DEFECTS,NO INJURY / DRIVE AWAY,$500 OR LESS,FAILING TO YIELD RIGHT-OF-WAY,UNABLE TO DETERMINE,5201,W,JACKSON BLVD,2,NO INDICATION OF INJURY,0.0,0.0,0.0,0.0,0.0,2.0,0.0,7,3,7
56d3fb499ab686fb46cef5bcdde62b20e0ebfd017a2847f3c09864296b08f4692250e152f4dbee83606891213288451a73f7fb552b7bb03fc21b16ced74dd1aa,2021-06-04 13:45:00,30,NO CONTROLS,NO CONTROLS,CLEAR,DAYLIGHT,SIDESWIPE SAME DIRECTION,DIVIDED - W/MEDIAN (NOT RAISED),STRAIGHT AND LEVEL,DRY,NO DEFECTS,NO INJURY / DRIVE AWAY,"OVER $1,500",UNABLE TO DETERMINE,UNABLE TO DETERMINE,3311,W,DEVON AVE,2,NO INDICATION OF INJURY,0.0,0.0,0.0,0.0,0.0,2.0,0.0,13,6,6
3c76aba68e3f504c1828d66000af119f2afee3bb2ae30b2a296d728bb09806466ff25f6d2306c04341bf7e321aee80536db348ec4816a0cf4d365c89ff1f835e,2018-12-20 04:03:00,30,NO CONTROLS,NO CONTROLS,CLEAR,"DARKNESS, LIGHTED ROAD",PARKED MOTOR VEHICLE,ONE-WAY,STRAIGHT AND LEVEL,DRY,NO DEFECTS,NO INJURY / DRIVE AWAY,$500 OR LESS,NOT APPLICABLE,NOT APPLICABLE,240,W,64TH ST,2,NO INDICATION OF INJURY,0.0,0.0,0.0,0.0,0.0,1.0,0.0,4,5,12
c589bf26dcf9dec50d1cc8324dd9333642a64d29af6c8c2f9feb9f250e4d12a1b8c0abca28b98de0033a9c138e36706852b5ea03c36e75ad2363544e4ee12e5d,2021-04-06 22:30:00,30,NO CONTROLS,NO CONTROLS,CLEAR,"DARKNESS, LIGHTED ROAD",REAR END,FOUR WAY,STRAIGHT AND LEVEL,DRY,NO DEFECTS,INJURY AND / OR TOW DUE TO CRASH,"OVER $1,500",UNABLE TO DETERMINE,FAILING TO REDUCE SPEED TO AVOID CRASH,6620,S,COTTAGE GROVE AVE,3,"REPORTED, NOT EVIDENT",1.0,0.0,0.0,0.0,1.0,2.0,0.0,22,3,4
2a0af3bd222de22230f6add349859522e2fc9e7fe51720bc70f3b6a769d6e9d78b0a97b4bd04a2e164f836a6f252593c90f49c794a2dbb65c4b8f9cf26a2a5c7,2016-04-30 16:30:00,30,TRAFFIC SIGNAL,NO CONTROLS,RAIN,DAWN,SIDESWIPE SAME DIRECTION,DIVIDED - W/MEDIAN (NOT RAISED),STRAIGHT AND LEVEL,WET,UNKNOWN,NO INJURY / DRIVE AWAY,"$501 - $1,500",UNABLE TO DETERMINE,NOT APPLICABLE,1200,S,MICHIGAN AVE,2,NO INDICATION OF INJURY,0.0,0.0,0.0,0.0,0.0,2.0,0.0,16,7,4
b198bcd004f23d4aff6e89eef273cc0a54748b330923b71a6439abca402f5c8b52e4c95b7c3dca36c00fd6b05d23ce5786684b451175c9d84cc6707345c17969,2020-07-20 14:30:00,30,NO CONTROLS,NO CONTROLS,CLEAR,DAYLIGHT,PARKED MOTOR VEHICLE,ONE-WAY,STRAIGHT AND LEVEL,DRY,NO DEFECTS,NO INJURY / DRIVE AWAY,$500 OR LESS,UNABLE TO DETERMINE,NOT APPLICABLE,5633,S,CAMPBELL AVE,2,NO INDICATION OF INJURY,0.0,0.0,0.0,0.0,0.0,1.0,0.0,14,2,7
6b98f4629a207b5d4a1e5e4ee94b546636ef73fa5883f964e1ba16232a1869cb98381bd3b6c75bb82abe4c8f388b2d13666e7efac3fac1f3419937b95a1e2309,2017-07-23 17:30:00,30,NO CONTROLS,NO CONTROLS,CLEAR,DAYLIGHT,REAR END,DIVIDED - W/MEDIAN (NOT RAISED),STRAIGHT AND LEVEL,DRY,NO DEFECTS,NO INJURY / DRIVE AWAY,"OVER $1,500",UNABLE TO DETERMINE,UNABLE TO DETERMINE,6224,N,CENTRAL AVE,2,NO INDICATION OF INJURY,0.0,0.0,0.0,0.0,0.0,2.0,0.0,17,1,7
70fc5f856e562fa2e3d8552bbc917608816b9a001daa1a01c2b7d54e590535294c1871d4fa039d6a4d9789e3ac908cb938e32e82b31a2220a89865ecb582bdf4,2021-05-17 03:15:00,20,NO CONTROLS,NO CONTROLS,CLEAR,"DARKNESS, LIGHTED ROAD",PARKED MOTOR VEHICLE,ONE-WAY,STRAIGHT AND LEVEL,DRY,NO DEFECTS,INJURY AND / OR TOW DUE TO CRASH,"OVER $1,500",EQUIPMENT - VEHICLE CONDITION,NOT APPLICABLE,6714,S,CHAPPEL AVE,3,NO INDICATION OF INJURY,0.0,0.0,0.0,0.0,0.0,1.0,0.0,3,2,5
41577d57c47e427505fbc8848412e2192ceaef33b113de9251d2154028816514381edc16216589867169f5599394f134ad71ab7e4d81a5dbd39cd44f28a9237c,2022-11-13 09:00:00,30,TRAFFIC SIGNAL,FUNCTIONING PROPERLY,CLEAR,DAYLIGHT,TURNING,ONE-WAY,STRAIGHT AND LEVEL,DRY,NO DEFECTS,NO INJURY / DRIVE AWAY,"OVER $1,500",IMPROPER TURNING/NO SIGNAL,IMPROPER TURNING/NO SIGNAL,3559,W,DOUGLAS BLVD,2,NO INDICATION OF INJURY,0.0,0.0,0.0,0.0,0.0,4.0,0.0,9,1,11
b258905012bb33673e871e556fb0cad6d78eeb85937a07b129c74f7d8b5c96c2d702960f6ecfc15f47b9da7b2e4892368f20edd450c2fde95de669473d17209f,2021-11-24 21:19:00,30,NO CONTROLS,NO CONTROLS,RAIN,"DARKNESS, LIGHTED ROAD",PARKED MOTOR VEHICLE,DIVIDED - W/MEDIAN (NOT RAISED),STRAIGHT AND LEVEL,WET,NO DEFECTS,INJURY AND / OR TOW DUE TO CRASH,"OVER $1,500",UNABLE TO DETERMINE,UNABLE TO DETERMINE,2923,W,63RD ST,2,NO INDICATION OF INJURY,0.0,0.0,0.0,0.0,0.0,2.0,0.0,21,4,11
b0ed8553223f739f42daf3020321b0714a3c25d1044e1a5e76dc12fcbdcefdd68be9c1660f5f91cf054804737bfe9a320a0b6cdd10cab32f17a8d70fa2b57f07,2022-09-12 10:58:00,30,NO CONTROLS,NO CONTROLS,CLOUDY/OVERCAST,DAYLIGHT,TURNING,NOT DIVIDED,STRAIGHT AND LEVEL,WET,NO DEFECTS,INJURY AND / OR TOW DUE TO CRASH,"$501 - $1,500",FAILING TO REDUCE SPEED TO AVOID CRASH,"VISION OBSCURED (SIGNS, TREE LIMBS, BUILDINGS, ETC.)",111,W,KINZIE ST,2,"REPORTED, NOT EVIDENT",1.0,0.0,0.0,0.0,1.0,1.0,0.0,10,2,9
1ecd07c2cb720206db274185ff846cd1f8731b44de162a7b6ca98f4eb56f0749011c2417e40a9ccfc2ea45dac77f8e667b5bd9a472851d3b87246f63e391da6c,2018-05-20 08:30:00,30,STOP SIGN/FLASHER,FUNCTIONING PROPERLY,CLEAR,DAYLIGHT,REAR END,NOT DIVIDED,STRAIGHT AND LEVEL,DRY,"RUT, HOLES",NO INJURY / DRIVE AWAY,$500 OR LESS,UNABLE TO DETERMINE,UNABLE TO DETERMINE,9500,S,STONY ISLAND AVE,2,NO INDICATION OF INJURY,0.0,0.0,0.0,0.0,0.0,2.0,0.0,8,1,5
9702df12a5770f673ea069901d1afa0db970c2bfd82de9e580d0733552fc62c8d6fa728322f19c7397559d40f99bc9c4e35f32b6bb40a543b9f7085eae5b9663,2019-09-25 15:50:00,30,NO CONTROLS,NO CONTROLS,CLEAR,DAYLIGHT,ANGLE,NOT DIVIDED,STRAIGHT AND LEVEL,DRY,NO DEFECTS,INJURY AND / OR TOW DUE TO CRASH,"OVER $1,500",FAILING TO REDUCE SPEED TO AVOID CRASH,NOT APPLICABLE,3100,W,LAKE ST,2,NO INDICATION OF INJURY,0.0,0.0,0.0,0.0,0.0,3.0,0.0,15,4,9
638f239db448f3b3f61478f0262d9a6d162b9c46453eb5e8528cb0f3d65860291483e12cff2712873de6cb95c84d1debbc0902d5090afd8fac07c477226732e8,2021-11-09 19:54:00,30,NO CONTROLS,NO CONTROLS,CLEAR,"DARKNESS, LIGHTED ROAD",PARKED MOTOR VEHICLE,ONE-WAY,STRAIGHT AND LEVEL,DRY,NO DEFECTS,NO INJURY / DRIVE AWAY,"OVER $1,500",UNABLE TO DETERMINE,UNABLE TO DETERMINE,948,N,MENARD AVE,2,NO INDICATION OF INJURY,0.0,0.0,0.0,0.0,0.0,1.0,0.0,19,3,11
dc1f4f9a150517b240cd23197571a2ef98351c40ce2cb870c0c3cb4de439ca5ddcb3a2a539307f7247e6f31ef30cb357e841e39663bed1b8486a0789ad0b4444,2016-12-04 17:32:00,30,NO CONTROLS,NO CONTROLS,SNOW,"DARKNESS, LIGHTED ROAD",PARKED MOTOR VEHICLE,NOT DIVIDED,STRAIGHT AND LEVEL,WET,NO DEFECTS,NO INJURY / DRIVE AWAY,"$501 - $1,500",IMPROPER OVERTAKING/PASSING,NOT APPLICABLE,801,W,OAKDALE AVE,2,NO INDICATION OF INJURY,0.0,0.0,0.0,0.0,0.0,1.0,0.0,17,1,12
d53d448706dc22d5f94e18a24d0e5d18c1f37db67b9391e3e0bae27cd18a7218be91810787c348b428c080f75e699cb43f943346196df4d9861e59c5868b5916,2022-04-26 07:45:00,35,OTHER REG. SIGN,FUNCTIONING PROPERLY,CLOUDY/OVERCAST,DAYLIGHT,SIDESWIPE SAME DIRECTION,DIVIDED - W/MEDIAN (NOT RAISED),STRAIGHT AND LEVEL,DRY,NO DEFECTS,INJURY AND / OR TOW DUE TO CRASH,"OVER $1,500",DRIVING SKILLS/KNOWLEDGE/EXPERIENCE,UNABLE TO DETERMINE,5823,S,COTTAGE GROVE AVE,2,NO INDICATION OF INJURY,0.0,0.0,0.0,0.0,0.0,2.0,0.0,7,3,4
032855606857fe36a172728fc2a75435e9864dd42851147c79ec35a935939a2fe4eeb1c3a9cd840715fcb1ebbacd2931ea714dccaf613bd4bbf6db8545766383,2021-11-07 14:14:00,30,NO CONTROLS,NO CONTROLS,CLEAR,DAYLIGHT,TURNING,NOT DIVIDED,STRAIGHT AND LEVEL,DRY,NO DEFECTS,INJURY AND / OR TOW DUE TO CRASH,"OVER $1,500",IMPROPER TURNING/NO SIGNAL,DRIVING SKILLS/KNOWLEDGE/EXPERIENCE,7600,S,SOUTH SHORE DR,2,NONINCAPACITATING INJURY,2.0,0.0,0.0,1.0,1.0,1.0,0.0,14,1,11
23f35dc9f48dbba635d34666377edc37fc14ff2f6c67539652394ae89f3734fe0d70d8da0f4489e124ed7df9afae7aa66f66edd62ead4280e245da858b59f21f,2022-08-26 16:30:00,30,NO CONTROLS,NO CONTROLS,UNKNOWN,DAYLIGHT,PARKED MOTOR VEHICLE,NOT DIVIDED,STRAIGHT AND LEVEL,DRY,NO DEFECTS,NO INJURY / DRIVE AWAY,"$501 - $1,500",UNABLE TO DETERMINE,UNABLE TO DETERMINE,2178,W,LELAND AVE,2,NO INDICATION OF INJURY,0.0,0.0,0.0,0.0,0.0,1.0,0.0,16,6,8
75ab6466c55e4b399e9f87b4a90eeff8a90a3250298b6b39da79b753f24ce70b71a7c4a44c27f1432fb5d0cd2c26ffa6a420c9a388bcc3de054ae2436e5ab18c,2018-02-04 08:00:00,20,NO CONTROLS,NO CONTROLS,SNOW,DAYLIGHT,PARKED MOTOR VEHICLE,ONE-WAY,STRAIGHT AND LEVEL,SNOW OR SLUSH,UNKNOWN,NO INJURY / DRIVE AWAY,"OVER $1,500",IMPROPER OVERTAKING/PASSING,IMPROPER OVERTAKING/PASSING,5933,W,55TH ST,2,NO INDICATION OF INJURY,0.0,0.0,0.0,0.0,0.0,1.0,0.0,8,1,2