CRASH_RECORD_ID,CRASH_DATE,POSTED_SPEED_LIMIT,TRAFFIC_CONTROL_DEVICE,DEVICE_CONDITION,WEATHER_CONDITION,LIGHTING_CONDITION,FIRST_CRASH_TYPE,TRAFFICWAY_TYPE,ALIGNMENT,ROADWAY_SURFACE_COND,ROAD_DEFECT,CRASH_TYPE,DAMAGE,PRIM_CONTRIBUTORY_CAUSE,SEC_CONTRIBUTORY_CAUSE,STREET_NO,STREET_DIRECTION,STREET_NAME,NUM_UNITS,MOST_SEVERE_INJURY,INJURIES_TOTAL,INJURIES_FATAL,INJURIES_INCAPACITATING,INJURIES_NON_INCAPACITATING,INJURIES_REPORTED_NOT_EVIDENT,INJURIES_NO_INDICATION,INJURIES_UNKNOWN,CRASH_HOUR,CRASH_DAY_OF_WEEK,CRASH_MONTH
2c9d29c2ac652e95d1ca862365fa07e452ce69724167a52e33ed6e012a62735f72a75846dd556357aaecad45a36ccd96643316d01ad0aac6eb24f3b0485419bc,2019-01-14 16:18:00,30,NO CONTROLS,NO CONTROLS,SNOW,DAYLIGHT,REAR END,DIVIDED - W/MEDIAN (NOT RAISED),STRAIGHT AND LEVEL,WET,NO DEFECTS,NO INJURY / DRIVE AWAY,"$501 - $1,500",FOLLOWING TOO CLOSELY,NOT APPLICABLE,7903,S,STONY ISLAND AVE,2,NO INDICATION OF INJURY,0.0,0.0,0.0,0.0,0.0,3.0,0.0,16,2,1
fecc555049a1d9bdc8dd596afcebbfd514fccfcaa29ef1740925557bffbd85d88e3d93380f291bd30d51648d9557edf051c4216163bcae934db631013b961e80,2021-06-30 16:00:00,30,TRAFFIC SIGNAL,FUNCTIONING PROPERLY,CLEAR,DAYLIGHT,REAR END,NOT DIVIDED,STRAIGHT AND LEVEL,DRY,NO DEFECTS,NO INJURY / DRIVE AWAY,"OVER $1,500",UNABLE TO DETERMINE,UNABLE TO DETERMINE,4400,W,47TH ST,2,NO INDICATION OF INJURY,0.0,0.0,0.0,0.0,0.0,2.0,0.0,16,4,6
4388a216c38ff9b487e03b53c3961e42b804d6d0b92f44888ba94bd73865bafd90808d24809c471f7dd8bfc4d2ed375d1d10aa47f26b290f95ffc6a5779cec2a,2016-07-11 07:00:00,25,NO CONTROLS,NO CONTROLS,CLEAR,DAYLIGHT,PARKED MOTOR VEHICLE,NOT DIVIDED,STRAIGHT AND LEVEL,DRY,NO DEFECTS,NO INJURY / DRIVE AWAY,"OVER $1,500",UNABLE TO DETERMINE,NOT APPLICABLE,3659,N,WOLCOTT AVE,2,NO INDICATION OF INJURY,0.0,0.0,0.0,0.0,0.0,1.0,0.0,7,2,7
5cb597b626366f3c8e072f301d62ba85a837d999667405580d09dc67402ad3c6a513f020e030b1e7c3859b64fc4122046d61e6cc91209b5fb104f5656a4cc5bc,2023-06-25 09:45:00,30,NO CONTROLS,NO CONTROLS,CLEAR,DAYLIGHT,PARKED MOTOR VEHICLE,NOT DIVIDED,STRAIGHT AND LEVEL,DRY,UNKNOWN,INJURY AND / OR TOW DUE TO CRASH,"OVER $1,500",UNABLE TO DETERMINE,UNABLE TO DETERMINE,2912,N,AUSTIN AVE,3,NO INDICATION OF INJURY,0.0,0.0,0.0,0.0,0.0,1.0,0.0,9,1,6
9e32dcb008b44023027e4adef41ea36f61b3169bb27548c66678ae701de18add29a6cd776bb03c7673a4a9bc860a93abf5868c584033c7a648b84dec9bed62cf,2023-01-11 16:00:00,25,NO CONTROLS,NO CONTROLS,CLEAR,DAYLIGHT,PARKED MOTOR VEHICLE,ONE-WAY,STRAIGHT AND LEVEL,DRY,NO DEFECTS,NO INJURY / DRIVE AWAY,"$501 - $1,500",NOT APPLICABLE,NOT APPLICABLE,3922,W,GLADYS AVE,2,NO INDICATION OF INJURY,0.0,0.0,0.0,0.0,0.0,1.0,0.0,16,4,1
3fcee761c447cc2ca322858e49d99138f3c2dbd5ef962fd6a63845f9104b38ad528f4ed1efa2968b4a2b77138789a615e04309cc3bb636c590bbd136d6aa612f,2018-10-05 06:35:00,35,TRAFFIC SIGNAL,FUNCTIONING PROPERLY,RAIN,DAYLIGHT,SIDESWIPE SAME DIRECTION,NOT DIVIDED,STRAIGHT AND LEVEL,WET,NO DEFECTS,INJURY AND / OR TOW DUE TO CRASH,"OVER $1,500",IMPROPER OVERTAKING/PASSING,NOT APPLICABLE,1848,W,DEVON AVE,3,NO INDICATION OF INJURY,0.0,0.0,0.0,0.0,0.0,3.0,0.0,6,6,10
66e66e78b5f7c8af17613c79741ac2b2ab06bd84156d7e77df6c6486e960cabc77368df4d0fe476ed0fcdc989c15d2c52d7cb35b30d99acba7232461b2e1ba03,2021-05-14 16:50:00,35,TRAFFIC SIGNAL,FUNCTIONING PROPERLY,CLEAR,DAYLIGHT,ANGLE,NOT DIVIDED,STRAIGHT AND LEVEL,DRY,NO DEFECTS,NO INJURY / DRIVE AWAY,"OVER $1,500",NOT APPLICABLE,NOT APPLICABLE,4100,S,PULASKI RD,2,NO INDICATION OF INJURY,0.0,0.0,0.0,0.0,0.0,2.0,0.0,16,6,5
b581629b894ed6e6439d33daf0f68f907e69f80a37d31144efe5ca5fd9253058803bc32fc284bf9dfe36bcaff20d51d27eb254f81e35d954f2705d44846021d3,2018-11-26 15:00:00,30,STOP SIGN/FLASHER,UNKNOWN,CLOUDY/OVERCAST,DUSK,ANGLE,DIVIDED - W/MEDIAN (NOT RAISED),STRAIGHT AND LEVEL,WET,NO DEFECTS,NO INJURY / DRIVE AWAY,"$501 - $1,500","VISION OBSCURED (SIGNS, TREE LIMBS, BUILDINGS, ETC.)",FAILING TO YIELD RIGHT-OF-WAY,9000,S,ASHLAND AVE,2,NO INDICATION OF INJURY,0.0,0.0,0.0,0.0,0.0,2.0,0.0,15,2,11
38f46046f20f39c9f551859708b51d23728aa3f4c7807ac834a0c139f501db0037d311a4e9a04aace4026bde642da24754d23b718d3b00154080560be9e3c0ff,2019-10-18 11:45:00,30,NO CONTROLS,NO CONTROLS,CLEAR,UNKNOWN,PARKED MOTOR VEHICLE,NOT DIVIDED,STRAIGHT AND LEVEL,DRY,NO DEFECTS,NO INJURY / DRIVE AWAY,"OVER $1,500",UNABLE TO DETERMINE,UNABLE TO DETERMINE,1536,W,84TH ST,2,NO INDICATION OF INJURY,0.0,0.0,0.0,0.0,0.0,1.0,0.0,11,6,10
4e1143b077f5fa84c19360b39dbfc57231ceac5df6e67800a70447ebf12981c13add371e0055c9312201fd2404aa34d0d92cd9715f0cbb0056891beb3655b05e,2018-06-26 16:04:00,30,NO CONTROLS,NO CONTROLS,CLEAR,DAYLIGHT,SIDESWIPE SAME DIRECTION,DIVIDED - W/MEDIAN (NOT RAISED),STRAIGHT ON HILLCREST,DRY,NO DEFECTS,NO INJURY / DRIVE AWAY,$500 OR LESS,IMPROPER OVERTAKING/PASSING,UNABLE TO DETERMINE,2110,W,111TH ST,2,NO INDICATION OF INJURY,0.0,0.0,0.0,0.0,0.0,2.0,0.0,16,3,6
a7db6b4b15a567cf1aec48b06c13d0bb8e992724014afbe05055d98971a7bb5d5a19f82afa0e7a902a83ff5e293688b1d8028fdd178bacce86c68e3fc13ef53a,2016-08-25 17:00:00,30,TRAFFIC SIGNAL,FUNCTIONING PROPERLY,CLEAR,DAYLIGHT,REAR END,NOT DIVIDED,STRAIGHT AND LEVEL,DRY,NO DEFECTS,NO INJURY / DRIVE AWAY,$500 OR LESS,FOLLOWING TOO CLOSELY,FOLLOWING TOO CLOSELY,2930,W,OGDEN AVE,2,NO INDICATION OF INJURY,0.0,0.0,0.0,0.0,0.0,2.0,0.0,17,5,8
6cafa735e4a8aedc08538670e094fd0a965e67808d3ddf44ffd9ac139646e04db405cf7abc43376de919b202967706469c45b62d484c99277e82971ca8ce92e9,2021-05-14 15:30:00,30,NO CONTROLS,NO CONTROLS,CLEAR,DAYLIGHT,SIDESWIPE SAME DIRECTION,NOT DIVIDED,STRAIGHT AND LEVEL,DRY,NO DEFECTS,NO INJURY / DRIVE AWAY,"OVER $1,500",UNABLE TO DETERMINE,UNABLE TO DETERMINE,2514,W,ADDISON ST,2,NO INDICATION OF INJURY,0.0,0.0,0.0,0.0,0.0,3.0,0.0,15,6,5
3fb0fb700b09a6c97b6ad253e106395dad2b86ae3faec7a74583abb6439c7951a04c06c1a6600e3ef98bce4d64259e3739219f3c5ed0c660960e6a5c4305258d,2019-08-13 20:00:00,25,NO CONTROLS,NO CONTROLS,CLEAR,"DARKNESS, LIGHTED ROAD",PARKED MOTOR VEHICLE,ONE-WAY,STRAIGHT AND LEVEL,DRY,NO DEFECTS,NO INJURY / DRIVE AWAY,"OVER $1,500",UNABLE TO DETERMINE,UNABLE TO DETERMINE,4505,S,CHRISTIANA AVE,2,NO INDICATION OF INJURY,0.0,0.0,0.0,0.0,0.0,1.0,0.0,20,3,8
f5b1a4f1037b2106fa90b94d97756481af4fe3c01168c1dd2b176af0568913aebf99676291c78361e162f7e2bfc6b37f6adbb635934d618b79230d3fd30d1c6e,2018-06-29 13:30:00,30,TRAFFIC SIGNAL,FUNCTIONING PROPERLY,CLEAR,DAYLIGHT,ANGLE,CENTER TURN LANE,STRAIGHT AND LEVEL,DRY,NO DEFECTS,INJURY AND / OR TOW DUE TO CRASH,"OVER $1,500",FAILING TO YIELD RIGHT-OF-WAY,NOT APPLICABLE,8699,S,WESTERN AVE,2,NO INDICATION OF INJURY,0.0,0.0,0.0,0.0,0.0,3.0,0.0,13,6,6
42198d9b757a6e2231d6523bfd497df372177099765283e641ee71116b71b34e4ef4718a2ed89e81ff12ae301bdd692d0eec4bc9271f51eb3850c23423801354,2021-01-28 18:00:00,30,TRAFFIC SIGNAL,NO CONTROLS,CLEAR,"DARKNESS, LIGHTED ROAD",SIDESWIPE SAME DIRECTION,CENTER TURN LANE,STRAIGHT AND LEVEL,DRY,NO DEFECTS,NO INJURY / DRIVE AWAY,"OVER $1,500",IMPROPER LANE USAGE,UNABLE TO DETERMINE,1158,S,PULASKI RD,2,NO INDICATION OF INJURY,0.0,0.0,0.0,0.0,0.0,2.0,0.0,18,5,1
04cc76b887d2860ef987a192c08d7ae2785e540d23a1c23d18bacaebf9d058af431fb83c0d87db10583f01ee3704c7741a32884ded9132f12a8238c9bdc08a3b,2018-12-06 09:00:00,30,TRAFFIC SIGNAL,FUNCTIONING PROPERLY,CLEAR,DAYLIGHT,SIDESWIPE SAME DIRECTION,DIVIDED - W/MEDIAN (NOT RAISED),STRAIGHT AND LEVEL,DRY,NO DEFECTS,NO INJURY / DRIVE AWAY,"$501 - $1,500",FAILING TO REDUCE SPEED TO AVOID CRASH,IMPROPER LANE USAGE,5405,W,FULLERTON AVE,2,NO INDICATION OF INJURY,0.0,0.0,0.0,0.0,0.0,3.0,0.0,9,5,12
22dbab875364b2601ddf88ed5b1335562fb14161de590c4bd8dc6f6269b4c00c1ba88eec34ad1e468eba6263d910d59883fadb367c421f8f4f9d931823fbd20d,2022-02-06 10:47:00,35,NO CONTROLS,NO CONTROLS,CLEAR,DAYLIGHT,PEDESTRIAN,NOT DIVIDED,STRAIGHT AND LEVEL,ICE,NO DEFECTS,INJURY AND / OR TOW DUE TO CRASH,"$501 - $1,500",FAILING TO YIELD RIGHT-OF-WAY,NOT APPLICABLE,9920,S,AVENUE L,3,NONINCAPACITATING INJURY,2.0,0.0,0.0,2.0,0.0,1.0,0.0,10,1,2
ad080a5845a05b0c5f64ee0007dcf305136b7b54fdac27e2d157fa29c36b161ff7299186b6f2fb20cacc43cdf426b78391b169801902e3f1140a2108b0df9f7d,2017-11-13 18:27:00,30,TRAFFIC SIGNAL,FUNCTIONING PROPERLY,CLEAR,"DARKNESS, LIGHTED ROAD",REAR END,NOT DIVIDED,STRAIGHT AND LEVEL,DRY,NO DEFECTS,NO INJURY / DRIVE AWAY,"OVER $1,500",FOLLOWING TOO CLOSELY,UNABLE TO DETERMINE,3158,W,MARQUETTE RD,2,NO INDICATION OF INJURY,0.0,0.0,0.0,0.0,0.0,2.0,0.0,18,2,11
efcd0b1811800d9ab67fb8af7de8406c8e2b12ed30758d9d98f7091c8896bc88bcfc3f13da1554cd91d989c14d10567c3fbf54530163fb25eee474b4199a8a9c,2018-02-25 17:40:00,30,UNKNOWN,UNKNOWN,UNKNOWN,"DARKNESS, LIGHTED ROAD",REAR END,NOT DIVIDED,STRAIGHT AND LEVEL,UNKNOWN,UNKNOWN,NO INJURY / DRIVE AWAY,"OVER $1,500",FOLLOWING TOO CLOSELY,NOT APPLICABLE,2355,N,CENTRAL AVE,2,NO INDICATION OF INJURY,0.0,0.0,0.0,0.0,0.0,5.0,0.0,17,1,2
cfdcada8ecb7d7139305a4aacc45015545df386ada61c5be0a8cba9d9292cb4a0f77870c21882937aa34bba62bb0aac8fe2d2f43ac156160b3fadeff5622d9a9,2019-10-07 08:11:00,20,OTHER,FUNCTIONING PROPERLY,CLEAR,DAYLIGHT,FIXED OBJECT,DIVIDED - W/MEDIAN (NOT RAISED),STRAIGHT AND LEVEL,DRY,NO DEFECTS,NO INJURY / DRIVE AWAY,"OVER $1,500",FAILING TO REDUCE SPEED TO AVOID CRASH,UNABLE TO DETERMINE,5600,S,CICERO AVE,1,NO INDICATION OF INJURY,0.0,0.0,0.0,0.0,0.0,1.0,0.0,8,2,10
4d929e36b980cfadf2ecd79f6999dc5407c53cd97f1eb168448ad0d763bf4db73e647fba7caa112dc3756620f709dce97d1d5c2443fa2661fc5840f1efe682d4,2023-03-15 11:30:00,30,STOP SIGN/FLASHER,NO CONTROLS,UNKNOWN,DAYLIGHT,ANGLE,FOUR WAY,STRAIGHT AND LEVEL,UNKNOWN,UNKNOWN,NO INJURY / DRIVE AWAY,"OVER $1,500",FAILING TO YIELD RIGHT-OF-WAY,FAILING TO REDUCE SPEED TO AVOID CRASH,1239,W,CORTLAND ST,2,NO INDICATION OF INJURY,0.0,0.0,0.0,0.0,0.0,2.0,0.0,11,4,3
2b7546e08e09aecd00b09b993952eb6c9db03102816b3fa1c1093d2a1772c3b4693f3a0c4d062402e850741c88f5854f642ea990b18728f51f6894518d3a4199,2020-03-20 19:30:00,15,NO CONTROLS,NO CONTROLS,UNKNOWN,UNKNOWN,ANGLE,PARKING LOT,STRAIGHT AND LEVEL,UNKNOWN,UNKNOWN,NO INJURY / DRIVE AWAY,"$501 - $1,500",FAILING TO YIELD RIGHT-OF-WAY,NOT APPLICABLE,5650,W,DIVISION ST,2,NO INDICATION OF INJURY,0.0,0.0,0.0,0.0,0.0,2.0,0.0,19,6,3
cc4129c48a21df954c584c745d2af4379311a571826dd1125e07824c14fc16b797df0ba50ecf1a7891459429564a6eef2b55bc814d43e9b542e13b80df112aec,2020-10-09 06:00:00,30,NO CONTROLS,NO CONTROLS,CLEAR,DAWN,PARKED MOTOR VEHICLE,NOT DIVIDED,STRAIGHT AND LEVEL,DRY,NO DEFECTS,INJURY AND / OR TOW DUE TO CRASH,"$501 - $1,500",UNABLE TO DETERMINE,UNABLE TO DETERMINE,8346,S,KARLOV AVE,2,NO INDICATION OF INJURY,0.0,0.0,0.0,0.0,0.0,1.0,0.0,6,6,10
cfee06fb7c76a36eae4a9ef40ef00921d91bf57b22cf2267c702fad87b7d9889cabb0fcfda39e798e3e7dd4a5120ea40c5d872fd10d87f56d5e506be65ea3190,2020-03-15 21:30:00,30,NO CONTROLS,NO CONTROLS,CLEAR,"DARKNESS, LIGHTED ROAD",TURNING,NOT DIVIDED,STRAIGHT AND LEVEL,DRY,NO DEFECTS,NO INJURY / DRIVE AWAY,"$501 - $1,500",DRIVING SKILLS/KNOWLEDGE/EXPERIENCE,NOT APPLICABLE,1220,S,CANAL ST,2,NO INDICATION OF INJURY,0.0,0.0,0.0,0.0,0.0,2.0,0.0,21,1,3
5740be24dea642088f3e85aac2dd5558fec91771f58bfc65e3c80677dfa5d30c9bca4e6cbb29575ae9f3ecdee066eeb381dc0a73c2f39bf5f8178eda7d790eea,2020-06-12 09:40:00,30,NO CONTROLS,NO CONTROLS,CLEAR,DAYLIGHT,PARKED MOTOR VEHICLE,ONE-WAY,STRAIGHT AND LEVEL,DRY,NO DEFECTS,INJURY AND / OR TOW DUE TO CRASH,"OVER $1,500",FAILING TO REDUCE SPEED TO AVOID CRASH,NOT APPLICABLE,3428,W,DOUGLAS BLVD,3,NONINCAPACITATING INJURY,1.0,0.0,0.0,1.0,0.0,0.0,0.0,9,6,6
1ce573e76bfc386d34d3622ff38d6307184ca2368c25de1ed2bb20ab1b9668e65048dc95a764c0626c9464cb7407ad83a25d2f4c1aab1f6e3302bde4b85cc4a0,2019-11-25 14:15:00,30,NO CONTROLS,NO CONTROLS,CLEAR,DAYLIGHT,SIDESWIPE SAME DIRECTION,DIVIDED - W/MEDIAN (NOT RAISED),STRAIGHT AND LEVEL,DRY,UNKNOWN,NO INJURY / DRIVE AWAY,"OVER $1,500",FAILING TO YIELD RIGHT-OF-WAY,NOT APPLICABLE,427,N,WESTERN AVE,2,NO INDICATION OF INJURY,0.0,0.0,0.0,0.0,0.0,2.0,0.0,14,2,11
bb6f6a8a970be464ed3717427665981f3d692d6fb8cb536dca65a6d714217c48c2495baf22c50af8685dc6ef450300ce2d7f4638946d43224ded27bdcda54c95,2019-09-14 13:00:00,30,TRAFFIC SIGNAL,FUNCTIONING PROPERLY,OTHER,UNKNOWN,OTHER OBJECT,NOT DIVIDED,STRAIGHT AND LEVEL,UNKNOWN,UNKNOWN,NO INJURY / DRIVE AWAY,$500 OR LESS,UNABLE TO DETERMINE,NOT APPLICABLE,4802,W,FLOURNOY ST,1,NO INDICATION OF INJURY,0.0,0.0,0.0,0.0,0.0,1.0,0.0,13,7,9
40740c91bbb0b5483f23b3f22bd9fd501f6bcb679f51c4d0941e1273dab2bf93fe0de40d4b816230f4dfb0ef7e31f2e9594d64c7add45dd856e6c019d68abe1a,2020-01-16 08:45:00,30,TRAFFIC SIGNAL,FUNCTIONING PROPERLY,CLEAR,DAYLIGHT,SIDESWIPE SAME DIRECTION,NOT DIVIDED,STRAIGHT AND LEVEL,DRY,NO DEFECTS,NO INJURY / DRIVE AWAY,"OVER $1,500",IMPROPER OVERTAKING/PASSING,NOT APPLICABLE,5700,S,LAKE SHORE DR,2,NO INDICATION OF INJURY,0.0,0.0,0.0,0.0,0.0,2.0,0.0,8,5,1
cf9a404ce8bbf7d945d2597f7a5bce6f82e0c9accdf1a88b47380b1e249d8119d10b7fd14684dd0b4aaea9b2245a7efa3caefde6a051d3af70ceaeadfd92280c,2021-08-31 09:30:00,20,NO CONTROLS,NO CONTROLS,CLEAR,DAYLIGHT,PARKED MOTOR VEHICLE,PARKING LOT,STRAIGHT AND LEVEL,DRY,NO DEFECTS,NO INJURY / DRIVE AWAY,"OVER $1,500",IMPROPER BACKING,IMPROPER BACKING,7111,S,WESTERN AVE,2,NO INDICATION OF INJURY,0.0,0.0,0.0,0.0,0.0,1.0,0.0,9,3,8
fbc96cb301431d807fb0e98c7722c67ca1c3fee5c5604a1f17f830988b072ada738666762d60972bcc827af9bdabfab17f7ff51188b527d649e4af9db361bafa,2018-03-31 11:20:00,30,TRAFFIC SIGNAL,FUNCTIONING PROPERLY,CLEAR,DAYLIGHT,SIDESWIPE OPPOSITE DIRECTION,NOT DIVIDED,STRAIGHT AND LEVEL,DRY,NO DEFECTS,NO INJURY / DRIVE AWAY,"$501 - $1,500",IMPROPER LANE USAGE,NOT APPLICABLE,3940,N,NARRAGANSETT AVE,2,NO INDICATION OF INJURY,0.0,0.0,0.0,0.0,0.0,2.0,0.0,11,7,3
5bcee0811659cc6d7a4f650abe51933fd900b35703dddbfe181b9d77e644b60e5736adcc2d66ddb64e2bc70a8b9893a57713cf30a44d77cbd031e02ed2748600,2020-07-19 14:25:00,35,TRAFFIC SIGNAL,FUNCTIONING PROPERLY,CLEAR,DAYLIGHT,REAR END,DIVIDED - W/MEDIAN BARRIER,STRAIGHT AND LEVEL,WET,NO DEFECTS,NO INJURY / DRIVE AWAY,$500 OR LESS,FOLLOWING TOO CLOSELY,NOT APPLICABLE,700,S,LAKE SHORE DR E,2,NO INDICATION OF INJURY,0.0,0.0,0.0,0.0,0.0,2.0,0.0,14,1,7
bd66a6df1fffc63e7921dc33dfc97c7e95b7d6f116d8db1d28106d6a163ccde120aac5bc47a3c0c938f8576d162b5d1da3a1007d4f1d68ac3f85339b57b07fb0,2019-03-26 16:08:00,30,NO CONTROLS,NO CONTROLS,CLEAR,DAYLIGHT,REAR END,NOT DIVIDED,STRAIGHT AND LEVEL,DRY,NO DEFECTS,INJURY AND / OR TOW DUE TO CRASH,"OVER $1,500",FOLLOWING TOO CLOSELY,NOT APPLICABLE,4227,N,LARAMIE AVE,2,NONINCAPACITATING INJURY,1.0,0.0,0.0,1.0,0.0,2.0,0.0,16,3,3
dc9f29668bfbbb3d95bd71eca4ab6dcfcf56e32ce63fc09edeaae4f46ff29132b730e1ebec035999f1acd085068c6339e0c10dd1a4fddbeecd7a6ffca88f65a5,2022-03-20 20:00:00,30,STOP SIGN/FLASHER,NO CONTROLS,CLEAR,"DARKNESS, LIGHTED ROAD",TURNING,FOUR WAY,STRAIGHT AND LEVEL,DRY,NO DEFECTS,INJURY AND / OR TOW DUE TO CRASH,"OVER $1,500",FAILING TO REDUCE SPEED TO AVOID CRASH,NOT APPLICABLE,8201,S,HALSTED ST,2,"REPORTED, NOT EVIDENT",1.0,0.0,0.0,0.0,1.0,1.0,0.0,20,1,3
7a3bfad45e68280a5f178733443b84e9a685f209465deeffb7e25b7e2ad3a3829942d16bffcfe2597cf28098bdfbeb167c94491fbf430ec78e41efb09a72b5d1,2020-09-12 18:10:00,30,STOP SIGN/FLASHER,FUNCTIONING PROPERLY,RAIN,DUSK,TURNING,FOUR WAY,STRAIGHT AND LEVEL,WET,NO DEFECTS,NO INJURY / DRIVE AWAY,"OVER $1,500",FAILING TO YIELD RIGHT-OF-WAY,IMPROPER LANE USAGE,4800,W,WILSON AVE,2,NO INDICATION OF INJURY,0.0,0.0,0.0,0.0,0.0,2.0,0.0,18,7,9
773f59811e181621fbe25f014419147aad19b2ffb8faf2bc0fd80032938e3a2c782b059e595e1860204737cc045546e4499f470895810761b0c1102ce9725023,2023-06-28 11:00:00,20,NO CONTROLS,NO CONTROLS,CLEAR,DAYLIGHT,HEAD ON,PARKING LOT,STRAIGHT AND LEVEL,DRY,NO DEFECTS,NO INJURY / DRIVE AWAY,"OVER $1,500",UNABLE TO DETERMINE,UNABLE TO DETERMINE,3200,W,47TH ST,2,NO INDICATION OF INJURY,0.0,0.0,0.0,0.0,0.0,2.0,0.0,11,4,6
f87974a8941cf879e5d0325b6081fed49cd993914113da2db1e90014b48b011056b0bda626e6bb34c57f5d80b8e6cc610ff90268f5a81dad9531075ac641ec6e,2019-02-20 14:16:00,30,NO CONTROLS,NO CONTROLS,RAIN,DAYLIGHT,SIDESWIPE SAME DIRECTION,NOT DIVIDED,STRAIGHT AND LEVEL,WET,NO DEFECTS,NO INJURY / DRIVE AWAY,$500 OR LESS,UNABLE TO DETERMINE,NOT APPLICABLE,2416,N,PULASKI RD,2,NO INDICATION OF INJURY,0.0,0.0,0.0,0.0,0.0,2.0,0.0,14,4,2
e1f3bb9b4109acdf57799c104807b2243b77b77e150261b5d0bf77588d8f005e6e94fb62b9669aa5933c4a35ebdbd6bf9dae5e21387948f6e08abd5290c51b28,2020-08-02 08:15:00,30,NO CONTROLS,NO CONTROLS,CLEAR,DAYLIGHT,PARKED MOTOR VEHICLE,NOT DIVIDED,STRAIGHT AND LEVEL,DRY,NO DEFECTS,NO INJURY / DRIVE AWAY,"$501 - $1,500",IMPROPER LANE USAGE,NOT APPLICABLE,23,N,CENTRAL AVE,3,NO INDICATION OF INJURY,0.0,0.0,0.0,0.0,0.0,1.0,0.0,8,1,8
c12c0358c513ce993cf9561f1670b5461d79d73a9b280b7f87dda937071d494897ea2e89b313e4f6ae9ce2179f63a310fd8c2d57056cf15200b0860c377fff6d,2017-02-04 14:15:00,30,NO CONTROLS,NO CONTROLS,CLEAR,DAYLIGHT,REAR END,ONE-WAY,STRAIGHT AND LEVEL,DRY,NO DEFECTS,NO INJURY / DRIVE AWAY,"$501 - $1,500",FOLLOWING TOO CLOSELY,UNABLE TO DETERMINE,5700,N,SHERIDAN RD,2,NO INDICATION OF INJURY,0.0,0.0,0.0,0.0,0.0,2.0,0.0,14,7,2
04a802e509291fc91fdf6074d35f785fe1049cb7ab26ae4e6484825940736d48766864be154d629231b78614b630b99b50227cdf82985e3997a43f6f69943cb8,2023-07-07 13:00:00,30,NO CONTROLS,NO CONTROLS,CLEAR,DAYLIGHT,SIDESWIPE SAME DIRECTION,ONE-WAY,STRAIGHT AND LEVEL,DRY,UNKNOWN,NO INJURY / DRIVE AWAY,"OVER $1,500",FAILING TO YIELD RIGHT-OF-WAY,UNABLE TO DETERMINE,830,N,CLARK ST,2,NO INDICATION OF INJURY,0.0,0.0,0.0,0.0,0.0,2.0,0.0,13,6,7
b09af91c9ffe208967e0113fb7871ea8bf2d2acd450299f010942e38dcf9b1ecefbe3cf33ec91c0f40c4f516367bcf707e7f86585008f0375403353496585532,2018-08-27 07:50:00,30,NO CONTROLS,NO CONTROLS,CLEAR,DAYLIGHT,SIDESWIPE SAME DIRECTION,DIVIDED - W/MEDIAN (NOT RAISED),STRAIGHT AND LEVEL,DRY,NO DEFECTS,NO INJURY / DRIVE AWAY,"OVER $1,500",UNABLE TO DETERMINE,UNABLE TO DETERMINE,8147,S,STONY ISLAND AVE,2,NO INDICATION OF INJURY,0.0,0.0,0.0,0.0,0.0,3.0,0.0,7,2,8
34e27351aaf88f58bb6c5f4a0bf1089bb2ed435acef2f5bc4995a2058a0f0a95a9f08fc8bbd57bc3a5f1807e454c6a9448aebac18a92894a306e5dad24670176,2017-11-01 09:45:00,30,NO CONTROLS,NO CONTROLS,CLEAR,DAYLIGHT,FIXED OBJECT,ONE-WAY,STRAIGHT AND LEVEL,DRY,NO DEFECTS,NO INJURY / DRIVE AWAY,"OVER $1,500",NOT APPLICABLE,NOT APPLICABLE,8755,S,KINGSTON AVE,2,NO INDICATION OF INJURY,0.0,0.0,0.0,0.0,0.0,2.0,0.0,9,4,11
df870e01dfa2718e29598fd909a00758e5dc172d7786024fa67e797cd2a01e73602e43005547d273c60b0c695b85aaf170c7d8c05133fa0c73786ab911e89f88,2022-05-17 17:15:00,30,TRAFFIC SIGNAL,FUNCTIONING PROPERLY,CLEAR,DAYLIGHT,SIDESWIPE SAME DIRECTION,NOT DIVIDED,STRAIGHT AND LEVEL,DRY,NO DEFECTS,NO INJURY / DRIVE AWAY,"$501 - $1,500",UNABLE TO DETERMINE,NOT APPLICABLE,5158,N,LINCOLN AVE,2,NO INDICATION OF INJURY,0.0,0.0,0.0,0.0,0.0,2.0,0.0,17,3,5
4b7d2a1cc57359a42090a17b4db138eb0039b294faee10c0f16698e83977fb3d7abde46b7f6ee180d61e6651ec70838f9a266e2c4fa7872af3c0b7e930e8c1ad,2017-06-11 23:20:00,30,NO CONTROLS,NO CONTROLS,CLEAR,"DARKNESS, LIGHTED ROAD",PARKED MOTOR VEHICLE,DIVIDED - W/MEDIAN (NOT RAISED),STRAIGHT AND LEVEL,DRY,NO DEFECTS,NO INJURY / DRIVE AWAY,"$501 - $1,500",IMPROPER TURNING/NO SIGNAL,NOT APPLICABLE,402,E,75TH ST,2,NO INDICATION OF INJURY,0.0,0.0,0.0,0.0,0.0,1.0,0.0,23,1,6
2b3f4a25514d9520e378915b939d8882b7817a2a9f076eef500b927a51b2c5fb09524306f3db701ed196f1617d291ca8dbb1eadcc7033aab76ed6dfe68751a17,2017-11-02 07:44:00,35,TRAFFIC SIGNAL,FUNCTIONING PROPERLY,RAIN,DAWN,REAR END,DIVIDED - W/MEDIAN BARRIER,"CURVE, LEVEL",WET,NO DEFECTS,INJURY AND / OR TOW DUE TO CRASH,"OVER $1,500",FOLLOWING TOO CLOSELY,WEATHER,6258,S,LAKE SHORE DR,2,"REPORTED, NOT EVIDENT",1.0,0.0,0.0,0.0,1.0,1.0,0.0,7,5,11