CRASH_RECORD_ID,CRASH_DATE,POSTED_SPEED_LIMIT,TRAFFIC_CONTROL_DEVICE,DEVICE_CONDITION,WEATHER_CONDITION,LIGHTING_CONDITION,FIRST_CRASH_TYPE,TRAFFICWAY_TYPE,ALIGNMENT,ROADWAY_SURFACE_COND,ROAD_DEFECT,CRASH_TYPE,DAMAGE,PRIM_CONTRIBUTORY_CAUSE,SEC_CONTRIBUTORY_CAUSE,STREET_NO,STREET_DIRECTION,STREET_NAME,NUM_UNITS,MOST_SEVERE_INJURY,INJURIES_TOTAL,INJURIES_FATAL,INJURIES_INCAPACITATING,INJURIES_NON_INCAPACITATING,INJURIES_REPORTED_NOT_EVIDENT,INJURIES_NO_INDICATION,INJURIES_UNKNOWN,CRASH_HOUR,CRASH_DAY_OF_WEEK,CRASH_MONTH
df9079eb6d598cee087d7e36bf69d9e863c6385968bc7db57eb6204aa1f8fc25635836b25511b5706bd53265da76cfb838389c0809ea62330de240a3b0c18eb3,2021-10-01 08:00:00,30,NO CONTROLS,NO CONTROLS,CLEAR,DAYLIGHT,PARKED MOTOR VEHICLE,DIVIDED - W/MEDIAN (NOT RAISED),STRAIGHT AND LEVEL,DRY,NO DEFECTS,NO INJURY / DRIVE AWAY,"OVER $1,500",UNABLE TO DETERMINE,NOT APPLICABLE,5438,S,LOOMIS BLVD,2,NO INDICATION OF INJURY,0.0,0.0,0.0,0.0,0.0,1.0,0.0,8,6,10
2fc5cfd52a7e942f48bb74071bb71fa7f5d1b787e6be6f7c05cdd2e586b3b354d4a504b6fa7a7f7af9296f263ffb88d1b54cbe7931b0a495e06c5b14ccc498a0,2020-01-09 06:00:00,30,NO CONTROLS,NO CONTROLS,CLEAR,DARKNESS,PARKED MOTOR VEHICLE,ONE-WAY,STRAIGHT AND LEVEL,DRY,NO DEFECTS,NO INJURY / DRIVE AWAY,"$501 - $1,500",UNABLE TO DETERMINE,UNABLE TO DETERMINE,2655,W,64TH ST,2,NO INDICATION OF INJURY,0.0,0.0,0.0,0.0,0.0,1.0,0.0,6,5,1
507344e0c587acb8c4fc2c46986b818d2c5bbcd991479d15c1c086f2cee725c3e3919298f3fb87827ef61062adaaf7a59215c3de3b7c6f18d779b84bdbf331b3,2021-04-09 16:54:00,25,NO CONTROLS,NO CONTROLS,CLEAR,DAYLIGHT,PARKED MOTOR VEHICLE,NOT DIVIDED,STRAIGHT AND LEVEL,DRY,NO DEFECTS,NO INJURY / DRIVE AWAY,"OVER $1,500",UNABLE TO DETERMINE,NOT APPLICABLE,2624,N,MOBILE AVE,2,NO INDICATION OF INJURY,0.0,0.0,0.0,0.0,0.0,1.0,0.0,16,6,4
4b4cda59d85712c3ef86f0bb89e5626640a2ebae7ce1723d5a67dfc0ebf160525da4c5adb739152abee7b8b36c0182c46d85e108c7ddffc3f601016fa6ed318e,2017-10-07 02:00:00,20,NO CONTROLS,NO CONTROLS,RAIN,"DARKNESS, LIGHTED ROAD",PARKED MOTOR VEHICLE,NOT DIVIDED,STRAIGHT AND LEVEL,WET,NO DEFECTS,NO INJURY / DRIVE AWAY,"$501 - $1,500",IMPROPER LANE USAGE,HAD BEEN DRINKING (USE WHEN ARREST IS NOT MADE),6936,S,PRINCETON AVE,4,NO INDICATION OF INJURY,0.0,0.0,0.0,0.0,0.0,1.0,0.0,2,7,10
094dd43885c58d11f1cc5b4e414edc482177c8ab64c846357f85610906c938035711b677946676a7f645340abd66cf7f5288fb4087af3b4a2858881e15e6db62,2022-11-12 18:00:00,30,NO CONTROLS,NO CONTROLS,CLEAR,"DARKNESS, LIGHTED ROAD",SIDESWIPE SAME DIRECTION,NOT DIVIDED,STRAIGHT AND LEVEL,DRY,NO DEFECTS,NO INJURY / DRIVE AWAY,"OVER $1,500",NOT APPLICABLE,NOT APPLICABLE,3331,W,79TH ST,2,NO INDICATION OF INJURY,0.0,0.0,0.0,0.0,0.0,3.0,0.0,18,7,11
21c1c3b33be64ac2e48396b48a182756479946ac9c1192f3635e30dc9e9912c3911e61680f9e79a1375a49564583094292ca5f84a507af44ea389537f090fe8b,2022-11-04 14:35:00,30,TRAFFIC SIGNAL,FUNCTIONING PROPERLY,CLEAR,DAYLIGHT,REAR TO FRONT,NOT DIVIDED,STRAIGHT AND LEVEL,DRY,NO DEFECTS,NO INJURY / DRIVE AWAY,"OVER $1,500",DRIVING SKILLS/KNOWLEDGE/EXPERIENCE,NOT APPLICABLE,4700,S,KOLIN AVE,2,NO INDICATION OF INJURY,0.0,0.0,0.0,0.0,0.0,2.0,0.0,14,6,11
99e91d7a767a8f3d22ade84bf6df41d5135428314812bec200b5bafea6ae26d3669a987bd36557833a54e2f0ca5644d9cc79e79c64265c53b9033e4c4a25d0ac,2021-10-07 19:59:00,30,STOP SIGN/FLASHER,FUNCTIONING PROPERLY,CLOUDY/OVERCAST,DUSK,ANGLE,DIVIDED - W/MEDIAN BARRIER,STRAIGHT AND LEVEL,WET,NO DEFECTS,INJURY AND / OR TOW DUE TO CRASH,"OVER $1,500",UNABLE TO DETERMINE,NOT APPLICABLE,9001,S,STONY ISLAND AVE,2,NONINCAPACITATING INJURY,3.0,0.0,0.0,3.0,0.0,0.0,0.0,19,5,10
3f445c48c1f58b2de704dfa86c80ec48f4a219c14365b6a8c4d53bf3c0f7770a6b999520c2fe5c7d03adc4287122e0e5985a60f6f9c8cb7fd12af7a115a13cb4,2017-07-28 16:55:00,30,NO CONTROLS,NO CONTROLS,CLEAR,DAYLIGHT,SIDESWIPE SAME DIRECTION,ONE-WAY,STRAIGHT AND LEVEL,DRY,NO DEFECTS,NO INJURY / DRIVE AWAY,"OVER $1,500",IMPROPER OVERTAKING/PASSING,FAILING TO REDUCE SPEED TO AVOID CRASH,250,S,CANAL ST,2,NO INDICATION OF INJURY,0.0,0.0,0.0,0.0,0.0,2.0,0.0,16,6,7
18282c033e1eae90b63f00a13f95e30a0dd55d9bbbecab8d196ede371fd6129a0691800f41a4c2c0020cc89a3b43a90b7ab96e2cc69d26256063e56ce4ede191,2019-08-14 19:25:00,30,NO CONTROLS,NO CONTROLS,CLEAR,DAYLIGHT,OTHER NONCOLLISION,ONE-WAY,STRAIGHT AND LEVEL,DRY,"RUT, HOLES",NO INJURY / DRIVE AWAY,"$501 - $1,500",UNABLE TO DETERMINE,NOT APPLICABLE,1945,W,VAN BUREN ST,1,NO INDICATION OF INJURY,0.0,0.0,0.0,0.0,0.0,1.0,0.0,19,4,8
952fd627ed45a4429703f19b0f9f1b0880ba6bd7d150bec977ab4dd3c93812b15daf6687f085c52b03fe937d469e05adfa8b4966948149ce0605758e6fa46f29,2023-06-07 13:40:00,30,NO CONTROLS,NO CONTROLS,CLEAR,DAWN,OTHER OBJECT,PARKING LOT,STRAIGHT AND LEVEL,DRY,NO DEFECTS,NO INJURY / DRIVE AWAY,$500 OR LESS,UNABLE TO DETERMINE,UNABLE TO DETERMINE,716,E,111TH ST,1,NO INDICATION OF INJURY,0.0,0.0,0.0,0.0,0.0,1.0,0.0,13,4,6
ee06c385d08478a3dd05011b925aa65c2aecb90950d775acde92665def481ef47f80c2ba9812facbf659df4ac558be76c5a4915ad9beeb60a25ca89650b428ba,2024-04-08 00:30:00,30,NO CONTROLS,NO CONTROLS,CLEAR,"DARKNESS, LIGHTED ROAD",REAR END,NOT DIVIDED,STRAIGHT AND LEVEL,DRY,UNKNOWN,NO INJURY / DRIVE AWAY,"OVER $1,500",UNABLE TO DETERMINE,UNABLE TO DETERMINE,6600,S,JEFFERY DR,2,NO INDICATION OF INJURY,0.0,0.0,0.0,0.0,0.0,2.0,0.0,0,2,4
0148f1f9bb81449a930d57e1023d653f1fff0a7c7ae9f8d1e3c2f4c62bb517d3b506dd67b28ba2b7a945d5dcd995490eaa7f064c2fbdc7b9210038757765060a,2020-12-12 09:09:00,35,NO CONTROLS,NO CONTROLS,RAIN,DAYLIGHT,SIDESWIPE SAME DIRECTION,DIVIDED - W/MEDIAN BARRIER,STRAIGHT AND LEVEL,WET,NO DEFECTS,NO INJURY / DRIVE AWAY,"$501 - $1,500",DRIVING SKILLS/KNOWLEDGE/EXPERIENCE,DRIVING SKILLS/KNOWLEDGE/EXPERIENCE,4100,N,CUMBERLAND AVE,2,NO INDICATION OF INJURY,0.0,0.0,0.0,0.0,0.0,2.0,0.0,9,7,12
6ce648e0765bc4a428289de51612805e86ed191e12b0ff877fe326cad6e0786d25c4aa3606fbd4aa9d11884fdd02dcffab080fea23b9090091d8350fb7761426,2020-09-13 17:22:00,30,OTHER,OTHER,CLEAR,DAYLIGHT,REAR END,DIVIDED - W/MEDIAN (NOT RAISED),STRAIGHT AND LEVEL,DRY,NO DEFECTS,INJURY AND / OR TOW DUE TO CRASH,"OVER $1,500",NOT APPLICABLE,NOT APPLICABLE,1428,N,KOSTNER AVE,2,NONINCAPACITATING INJURY,1.0,0.0,0.0,1.0,0.0,1.0,0.0,17,1,9
db12476f921362912627cecfd0c58251d50a99f524cf73696c75331fd3faf0a66e63761a711457ac828899db9911f305a9811b6fb8e74c9ec0da1bca742163b0,2023-03-22 07:00:00,30,NO CONTROLS,NO CONTROLS,CLEAR,DAWN,TURNING,DIVIDED - W/MEDIAN (NOT RAISED),STRAIGHT AND LEVEL,DRY,NO DEFECTS,NO INJURY / DRIVE AWAY,"OVER $1,500",FAILING TO YIELD RIGHT-OF-WAY,FAILING TO REDUCE SPEED TO AVOID CRASH,5099,N,MILWAUKEE AVE,2,NO INDICATION OF INJURY,0.0,0.0,0.0,0.0,0.0,2.0,0.0,7,4,3
1a17d2279e546af40eb9e05fd75cb4aced154005d243e57f042494f461b2eec42738c6f4404872a1f97175cae211516e40e3234154024ceb8e1a4a3179ac3eb7,2023-08-03 16:27:00,30,TRAFFIC SIGNAL,FUNCTIONING PROPERLY,CLEAR,DAYLIGHT,REAR END,NOT DIVIDED,STRAIGHT ON GRADE,DRY,NO DEFECTS,NO INJURY / DRIVE AWAY,"OVER $1,500",FAILING TO REDUCE SPEED TO AVOID CRASH,DRIVING SKILLS/KNOWLEDGE/EXPERIENCE,10844,S,KEDZIE AVE,2,NO INDICATION OF INJURY,0.0,0.0,0.0,0.0,0.0,3.0,0.0,16,5,8
c822309d8af5db94d032e804c21876f294bd2c8690318578b2c84ee32f60e9338957d72dd038c7293bb69a1915171de5cb9a30b1017c79de296b97ac9fc90824,2021-08-28 20:30:00,30,NO CONTROLS,NO CONTROLS,CLEAR,"DARKNESS, LIGHTED ROAD",SIDESWIPE SAME DIRECTION,NOT DIVIDED,STRAIGHT AND LEVEL,DRY,UNKNOWN,NO INJURY / DRIVE AWAY,"OVER $1,500",IMPROPER LANE USAGE,UNABLE TO DETERMINE,5800,S,ASHLAND AVE,2,NO INDICATION OF INJURY,0.0,0.0,0.0,0.0,0.0,2.0,0.0,20,7,8
7894b78b1e6b0b250074dab382ffd075f17f1e665323a4d24eca4ca443af564509efb6bf87a988221868ac311383c543b85d77c16035bb187661c4fdb59d698a,2020-09-20 16:00:00,30,TRAFFIC SIGNAL,FUNCTIONING PROPERLY,CLEAR,DAYLIGHT,TURNING,NOT DIVIDED,STRAIGHT ON GRADE,DRY,NO DEFECTS,INJURY AND / OR TOW DUE TO CRASH,"OVER $1,500",FAILING TO YIELD RIGHT-OF-WAY,DISTRACTION - FROM INSIDE VEHICLE,8658,S,WESTERN AVE,2,NO INDICATION OF INJURY,0.0,0.0,0.0,0.0,0.0,3.0,0.0,16,1,9
62ea17cff51dbebea02dbf86f1d97bfb708c8b7c2f03c6d7d046e71475e41272dfc190482aa4e69948d418d0a2696e5b86d10843fc5fef69bd174eff0dabf0a7,2024-03-25 06:09:00,35,TRAFFIC SIGNAL,FUNCTIONING PROPERLY,CLEAR,DUSK,ANGLE,FOUR WAY,STRAIGHT AND LEVEL,DRY,NO DEFECTS,INJURY AND / OR TOW DUE TO CRASH,"OVER $1,500",FAILING TO REDUCE SPEED TO AVOID CRASH,DISREGARDING TRAFFIC SIGNALS,3100,S,PULASKI RD,3,NONINCAPACITATING INJURY,1.0,0.0,0.0,1.0,0.0,2.0,0.0,6,2,3
5e6be6968fa6199ffe368b7474b9ebbdd5c2c3b75c1a213b2ff69dd2d90a9dc46e8831ea4cfa74c294b0f2df641556fd131915b5e0310022669224117f3a2059,2016-01-01 13:30:00,15,NO CONTROLS,NO CONTROLS,UNKNOWN,DAYLIGHT,PARKED MOTOR VEHICLE,ALLEY,STRAIGHT AND LEVEL,UNKNOWN,NO DEFECTS,NO INJURY / DRIVE AWAY,"$501 - $1,500",UNABLE TO DETERMINE,NOT APPLICABLE,7553,W,ADDISON ST,2,NO INDICATION OF INJURY,0.0,0.0,0.0,0.0,0.0,1.0,0.0,13,6,1
855e212117762b10e04c4e60a0bb6e1b64a516a95ac1d3ac8e8056023e417d353d511da88f0503d0c5bedc7d34621afd07e83fb5e1c237cfb4086d952bfc6b43,2019-06-30 14:04:00,30,TRAFFIC SIGNAL,FUNCTIONING PROPERLY,RAIN,DAYLIGHT,TURNING,T-INTERSECTION,STRAIGHT AND LEVEL,WET,NO DEFECTS,INJURY AND / OR TOW DUE TO CRASH,"$501 - $1,500",UNABLE TO DETERMINE,UNABLE TO DETERMINE,151,W,RANDOLPH ST,2,NONINCAPACITATING INJURY,1.0,0.0,0.0,1.0,0.0,1.0,0.0,14,1,6
1a6c7fa2e8f0da722ff453878cb47b8c884c38c5f290bffa94318efc1b2f4928588b81ce228ac69377bd6e0fec59b916a728e4d63971df7d14900f8a447cd41f,2023-08-18 09:55:00,30,NO CONTROLS,NO CONTROLS,CLEAR,DAYLIGHT,SIDESWIPE SAME DIRECTION,NOT DIVIDED,STRAIGHT AND LEVEL,DRY,NO DEFECTS,NO INJURY / DRIVE AWAY,"OVER $1,500",FAILING TO YIELD RIGHT-OF-WAY,UNABLE TO DETERMINE,5825,S,WESTERN AVE,2,NO INDICATION OF INJURY,0.0,0.0,0.0,0.0,0.0,4.0,0.0,9,6,8
f8f377f93dfe75deb2191928214f88983f93ae859a6ddaba7ed47ef6c853167cc5c47d13c4ed5a57c34f7eb9653be9826e54874bebe6129bf851055610905a8c,2021-07-19 13:20:00,30,NO CONTROLS,NO CONTROLS,CLEAR,DAYLIGHT,SIDESWIPE SAME DIRECTION,NOT DIVIDED,STRAIGHT AND LEVEL,DRY,NO DEFECTS,INJURY AND / OR TOW DUE TO CRASH,"OVER $1,500",NOT APPLICABLE,UNABLE TO DETERMINE,1411,W,CORNELIA AVE,2,NO INDICATION OF INJURY,0.0,0.0,0.0,0.0,0.0,3.0,0.0,13,2,7
b3aeb3dd23d50fc9a95b716a0c86228876d61aaf7e58d6933b2d0ccab9fd8772b2d6b134ca152ff478c76365e017267e9ab1dac8e9969025aaedd3f0faa345e7,2023-09-03 05:15:00,25,STOP SIGN/FLASHER,NO CONTROLS,CLEAR,DAYLIGHT,FIXED OBJECT,ONE-WAY,STRAIGHT AND LEVEL,DRY,NO DEFECTS,INJURY AND / OR TOW DUE TO CRASH,"OVER $1,500",UNABLE TO DETERMINE,UNABLE TO DETERMINE,1228,N,PINE AVE,1,NO INDICATION OF INJURY,0.0,0.0,0.0,0.0,0.0,1.0,0.0,5,1,9
27858988fd978fabf7a38201e14161bb72acf6a3cbac890bc52e7a713482f61e2e91f0c8d59c70528ec6e3dcff29756cd7585ed73b681e92b07e2dfd5b22ee8f,2020-07-17 21:30:00,30,NO CONTROLS,FUNCTIONING PROPERLY,CLEAR,"DARKNESS, LIGHTED ROAD",PARKED MOTOR VEHICLE,ONE-WAY,STRAIGHT AND LEVEL,DRY,UNKNOWN,NO INJURY / DRIVE AWAY,"OVER $1,500","EVASIVE ACTION DUE TO ANIMAL, OBJECT, NONMOTORIST",UNABLE TO DETERMINE,5308,S,WENTWORTH AVE,3,NO INDICATION OF INJURY,0.0,0.0,0.0,0.0,0.0,3.0,0.0,21,6,7
bc349f6cadec55c065eb25b2d9874013b2815a48b5638b8c04d3afc175b921b6810296410322d3185ab1cf5091cbebd9f9bc36039818419161f434ac6155ec20,2023-11-09 14:00:00,30,UNKNOWN,UNKNOWN,UNKNOWN,UNKNOWN,PARKED MOTOR VEHICLE,PARKING LOT,STRAIGHT AND LEVEL,UNKNOWN,UNKNOWN,NO INJURY / DRIVE AWAY,"OVER $1,500",UNABLE TO DETERMINE,NOT APPLICABLE,5205,N,NAGLE AVE,2,NO INDICATION OF INJURY,0.0,0.0,0.0,0.0,0.0,2.0,0.0,14,5,11
2034404588bbe91b6db3621167093a19db34e422d3c1e2f646d28ac7cfdf74228cbfea4f9ddc4f8026994f8a86297afb5f463b9123e5cd49401f6fb1bd6c6a8c,2018-03-17 19:50:00,30,NO CONTROLS,NO CONTROLS,CLEAR,"DARKNESS, LIGHTED ROAD",REAR END,NOT DIVIDED,STRAIGHT AND LEVEL,DRY,NO DEFECTS,NO INJURY / DRIVE AWAY,"$501 - $1,500",FOLLOWING TOO CLOSELY,NOT APPLICABLE,660,N,CLARK ST,2,NO INDICATION OF INJURY,0.0,0.0,0.0,0.0,0.0,4.0,0.0,19,7,3
86da0595013433b7600f7ec8cc1c2bd0c80e2b8aa210292562a78acaf60352473b14f1aa8c3fbbbaa9de1a194e9e07b7a7d24421479afc7b4d4b1b33a59da59e,2019-05-28 16:20:00,35,NO CONTROLS,NO CONTROLS,CLEAR,DAYLIGHT,ANGLE,NOT DIVIDED,STRAIGHT AND LEVEL,DRY,NO DEFECTS,NO INJURY / DRIVE AWAY,"$501 - $1,500",UNABLE TO DETERMINE,NOT APPLICABLE,5160,N,NORTHWEST HWY,2,NO INDICATION OF INJURY,0.0,0.0,0.0,0.0,0.0,3.0,0.0,16,3,5
f1d823e2fd54d3edefcf9959ef5b8a68501b712346cd989ca3a43695cb1e738eb9b3f825fe17eaf92ac2aa6549fe5051b2fd761625eaf9594cd3083e3d3c9c0c,2020-12-01 12:45:00,30,NO CONTROLS,NO CONTROLS,CLEAR,DAYLIGHT,FIXED OBJECT,NOT DIVIDED,STRAIGHT AND LEVEL,DRY,NO DEFECTS,INJURY AND / OR TOW DUE TO CRASH,"OVER $1,500",UNABLE TO DETERMINE,UNABLE TO DETERMINE,9330,S,EWING AVE,1,NO INDICATION OF INJURY,0.0,0.0,0.0,0.0,0.0,1.0,0.0,12,3,12
24ee2da49ec72d30273e66cb2fe7bf4801ee2f782f90a9dc5b109dca99d8f14907a12c355b35d458e342aa83d13288ebb9e842480d93665b8b57df4c167b065f,2022-08-17 23:45:00,30,NO CONTROLS,NO CONTROLS,CLEAR,"DARKNESS, LIGHTED ROAD",REAR END,NOT DIVIDED,STRAIGHT AND LEVEL,DRY,NO DEFECTS,NO INJURY / DRIVE AWAY,"OVER $1,500",FOLLOWING TOO CLOSELY,UNABLE TO DETERMINE,7422,S,WABASH AVE,2,NO INDICATION OF INJURY,0.0,0.0,0.0,0.0,0.0,2.0,0.0,23,4,8
cd77b01146408ac12ced53066dc5515d67378f0a46c1d66efae0daf95b93e35657a4a2cc8a3d9160ab41718dc59e07c151239376df69135eff31474a6b4ef942,2021-07-09 01:25:00,35,NO CONTROLS,NO CONTROLS,CLEAR,"DARKNESS, LIGHTED ROAD",REAR END,DIVIDED - W/MEDIAN BARRIER,CURVE ON GRADE,DRY,NO DEFECTS,INJURY AND / OR TOW DUE TO CRASH,"OVER $1,500",UNABLE TO DETERMINE,UNABLE TO DETERMINE,5655,N,LAKE SHORE DR NB,2,NONINCAPACITATING INJURY,1.0,0.0,0.0,1.0,0.0,2.0,0.0,1,6,7
1a69347e08d78ebfc86fa22eb05c945f1e530c3f258740aea002049846b5909f440faae80f14eaea37d8061ef04320cf6d9b74b2a8f343a04596ab181b640f4a,2023-12-16 23:15:00,30,TRAFFIC SIGNAL,FUNCTIONING PROPERLY,RAIN,"DARKNESS, LIGHTED ROAD",REAR END,NOT DIVIDED,STRAIGHT AND LEVEL,WET,NO DEFECTS,NO INJURY / DRIVE AWAY,"OVER $1,500",UNABLE TO DETERMINE,UNABLE TO DETERMINE,4002,S,CALIFORNIA AVE,2,NO INDICATION OF INJURY,0.0,0.0,0.0,0.0,0.0,2.0,0.0,23,7,12
7c5dd270e79dc04ba7a14a17483b909ed46d00aa6d8e091cb4b2c21090568227167f0d8db0dfa96aacf800622e42b58bd686bf2aeae0171ee9107b419fbb02cc,2021-03-21 17:00:00,30,NO CONTROLS,NO CONTROLS,CLEAR,DAYLIGHT,PARKED MOTOR VEHICLE,NOT DIVIDED,STRAIGHT AND LEVEL,DRY,NO DEFECTS,NO INJURY / DRIVE AWAY,"$501 - $1,500",UNABLE TO DETERMINE,NOT APPLICABLE,2160,W,CULLERTON ST,2,NO INDICATION OF INJURY,0.0,0.0,0.0,0.0,0.0,1.0,0.0,17,1,3
991d5e20924519bdd072084886bea5dd80bf1af8fd057ef261526bef123d52266f2466d4f3f179095f7e03b88593ad84b1b50a96406613734fe6590f68756c63,2020-06-20 17:00:00,30,NO CONTROLS,NO CONTROLS,CLEAR,DAYLIGHT,REAR END,NOT DIVIDED,STRAIGHT AND LEVEL,DRY,NO DEFECTS,NO INJURY / DRIVE AWAY,"$501 - $1,500",UNABLE TO DETERMINE,UNABLE TO DETERMINE,3415,E,106TH ST,2,NO INDICATION OF INJURY,0.0,0.0,0.0,0.0,0.0,2.0,0.0,17,7,6
e3f7594ab44b016f2d4e19d760febf8f0ee2701d11bb3e7674a3338959456af99545267e575d8ec6c03d8dc2d50cecb94ab98f3a29c56361a362ad0f93dab2b4,2021-09-28 16:30:00,30,TRAFFIC SIGNAL,FUNCTIONING PROPERLY,CLEAR,DAYLIGHT,SIDESWIPE SAME DIRECTION,NOT DIVIDED,STRAIGHT AND LEVEL,DRY,NO DEFECTS,NO INJURY / DRIVE AWAY,"$501 - $1,500",DRIVING SKILLS/KNOWLEDGE/EXPERIENCE,UNABLE TO DETERMINE,1601,W,ROOSEVELT RD,2,NO INDICATION OF INJURY,0.0,0.0,0.0,0.0,0.0,2.0,0.0,16,3,9
0131a6d525eac85b5b0fa25e2c5e47b20f938f2c396aeda02f874110864369dbedd380b3da2c444052dde7869d9cdc2e4727d2e0a841c07cec40cdced19022b1,2019-08-26 19:35:00,30,TRAFFIC SIGNAL,FUNCTIONING PROPERLY,RAIN,"DARKNESS, LIGHTED ROAD",REAR END,NOT DIVIDED,STRAIGHT AND LEVEL,WET,UNKNOWN,NO INJURY / DRIVE AWAY,"OVER $1,500",UNABLE TO DETERMINE,NOT APPLICABLE,1959,W,TAYLOR ST,2,NO INDICATION OF INJURY,0.0,0.0,0.0,0.0,0.0,3.0,0.0,19,2,8
b0a3dc59f8b41b5fb18ddc6655128c09305014d93ae98f2b43cac1409e6a59aca478e54d41fd49cb2d8c9e2994e57adeaf2b6239d033c3d58abc48bddfebc6b0,2017-01-13 09:45:00,25,STOP SIGN/FLASHER,OTHER,CLEAR,DAYLIGHT,ANGLE,NOT DIVIDED,STRAIGHT AND LEVEL,ICE,UNKNOWN,INJURY AND / OR TOW DUE TO CRASH,"OVER $1,500",FAILING TO YIELD RIGHT-OF-WAY,UNABLE TO DETERMINE,6300,S,VERNON AVE,2,NONINCAPACITATING INJURY,3.0,0.0,0.0,3.0,0.0,1.0,0.0,9,6,1
d57169dae07e3e67ac4f44cfd3d7d9520c673f9e3774bf1d9d9e8df6edaa9eaf34e22bdb59cfcf6dd3a8a4309c59fbcc59ff56f3b0a3c0d37c58bb477f50c86d,2022-09-10 07:00:00,30,NO CONTROLS,NO CONTROLS,CLEAR,DAYLIGHT,PARKED MOTOR VEHICLE,NOT DIVIDED,STRAIGHT AND LEVEL,DRY,NO DEFECTS,INJURY AND / OR TOW DUE TO CRASH,"OVER $1,500",IMPROPER LANE USAGE,UNABLE TO DETERMINE,1235,N,KEDZIE AVE,2,NO INDICATION OF INJURY,0.0,0.0,0.0,0.0,0.0,1.0,0.0,7,7,9
6271cab69589bf1c8e2a347abc0aad29b030e3cbd1d167ee6d5391e7e281cb7fa38d5f34cd49393e47428e76b04d0b0e5e0190bf760e0cbb237a85419cd59fb6,2016-10-12 16:50:00,30,NO CONTROLS,NO CONTROLS,RAIN,DAYLIGHT,TURNING,NOT DIVIDED,STRAIGHT AND LEVEL,WET,NO DEFECTS,INJURY AND / OR TOW DUE TO CRASH,"OVER $1,500",IMPROPER TURNING/NO SIGNAL,FAILING TO YIELD RIGHT-OF-WAY,5745,S,STATE ST,2,NONINCAPACITATING INJURY,2.0,0.0,0.0,2.0,0.0,1.0,0.0,16,4,10
cc7b3aa27eb47495a6a6633191411373b144fe4aa92d10e54aa3efbc0009c37fc06b4f3fdbead6691fc38d7759a0a1dee13dc6b4cb8333a5c2cb9f6d40b738bc,2019-07-27 18:30:00,30,NO CONTROLS,NO CONTROLS,CLEAR,DAYLIGHT,TURNING,DIVIDED - W/MEDIAN (NOT RAISED),STRAIGHT AND LEVEL,DRY,NO DEFECTS,NO INJURY / DRIVE AWAY,$500 OR LESS,IMPROPER OVERTAKING/PASSING,DRIVING ON WRONG SIDE/WRONG WAY,4707,S,WALLACE ST,2,NO INDICATION OF INJURY,0.0,0.0,0.0,0.0,0.0,2.0,0.0,18,7,7
d072d9bf059a66cba63f94bcc4f8a60decde601c459b35f59d6d0ef4e9d4d2f8c85367ec39a8ef5d54522df489d059632d9e0dd75b942fa1e97f565b5dcd6f3d,2023-08-28 03:12:00,30,NO CONTROLS,NO CONTROLS,CLEAR,"DARKNESS, LIGHTED ROAD",OTHER NONCOLLISION,DIVIDED - W/MEDIAN BARRIER,STRAIGHT AND LEVEL,DRY,NO DEFECTS,INJURY AND / OR TOW DUE TO CRASH,"OVER $1,500",DRIVING SKILLS/KNOWLEDGE/EXPERIENCE,UNABLE TO DETERMINE,800,S,CENTRAL AVE,1,NO INDICATION OF INJURY,0.0,0.0,0.0,0.0,0.0,2.0,0.0,3,2,8
fbd7e96a23c412d758b02c0245125c65c5065033fa164b1063b3e366a940b22e18832911239ea1ebba7d14d173cde38c325c181b805c27dd39c0b4e6070b3588,2021-02-06 13:30:00,30,NO CONTROLS,NO CONTROLS,CLEAR,DAWN,SIDESWIPE SAME DIRECTION,NOT DIVIDED,STRAIGHT AND LEVEL,DRY,NO DEFECTS,NO INJURY / DRIVE AWAY,"$501 - $1,500",UNABLE TO DETERMINE,NOT APPLICABLE,9450,S,STONY ISLAND AVE,2,NO INDICATION OF INJURY,0.0,0.0,0.0,0.0,0.0,2.0,0.0,13,7,2
4beae20201541fe2cdd29608638c313f9b104a78079f700f36e478212138e195bf75c22867aac7e6a2c853088f8ce05fc28634e6729d3801c743a6ad6d6c3396,2016-03-14 06:50:00,30,TRAFFIC SIGNAL,FUNCTIONING PROPERLY,RAIN,"DARKNESS, LIGHTED ROAD",REAR END,NOT DIVIDED,STRAIGHT AND LEVEL,WET,NO DEFECTS,NO INJURY / DRIVE AWAY,"OVER $1,500",WEATHER,FOLLOWING TOO CLOSELY,204,N,WESTERN AVE,2,NO INDICATION OF INJURY,0.0,0.0,0.0,0.0,0.0,2.0,0.0,6,2,3
632e83e13d053ce3ec4b7c62389129b7564ea03ba89028bc5ddcde849258227c005f0222e6c21b2559ade55ec0be49608ac84ad54996bbdfcca859264d0b0290,2018-04-09 16:10:00,30,NO CONTROLS,NO CONTROLS,CLEAR,DAYLIGHT,REAR END,NOT DIVIDED,STRAIGHT AND LEVEL,DRY,NO DEFECTS,INJURY AND / OR TOW DUE TO CRASH,"OVER $1,500",FAILING TO REDUCE SPEED TO AVOID CRASH,FOLLOWING TOO CLOSELY,2802,W,MONTROSE AVE,3,NO INDICATION OF INJURY,0.0,0.0,0.0,0.0,0.0,3.0,0.0,16,2,4