CRASH_RECORD_ID,CRASH_DATE,POSTED_SPEED_LIMIT,TRAFFIC_CONTROL_DEVICE,DEVICE_CONDITION,WEATHER_CONDITION,LIGHTING_CONDITION,FIRST_CRASH_TYPE,TRAFFICWAY_TYPE,ALIGNMENT,ROADWAY_SURFACE_COND,ROAD_DEFECT,CRASH_TYPE,DAMAGE,PRIM_CONTRIBUTORY_CAUSE,SEC_CONTRIBUTORY_CAUSE,STREET_NO,STREET_DIRECTION,STREET_NAME,NUM_UNITS,MOST_SEVERE_INJURY,INJURIES_TOTAL,INJURIES_FATAL,INJURIES_INCAPACITATING,INJURIES_NON_INCAPACITATING,INJURIES_REPORTED_NOT_EVIDENT,INJURIES_NO_INDICATION,INJURIES_UNKNOWN,CRASH_HOUR,CRASH_DAY_OF_WEEK,CRASH_MONTH
2239e16a12d06c6e87fb5f2f67569093ba7ac7dea3383826e03c057f6d4d2d789de26fbae8ccb376c811f6ab12d680e1e331e8954bb7ecd4b05f32fcf477a108,2020-03-23 10:00:00,30,TRAFFIC SIGNAL,FUNCTIONING PROPERLY,RAIN,DAYLIGHT,REAR END,NOT DIVIDED,STRAIGHT AND LEVEL,WET,NO DEFECTS,INJURY AND / OR TOW DUE TO CRASH,"OVER $1,500",FOLLOWING TOO CLOSELY,UNABLE TO DETERMINE,3200,S,KEDZIE AVE,2,NONINCAPACITATING INJURY,1.0,0.0,0.0,1.0,0.0,1.0,0.0,10,2,3
fef3547ae8b31b33e850e7b44831d3e3a5124a8354b1ec99a12b31b030c4c241f1dbf1bb18774724e3059ed42dce46bfcb9d10ba3df7335597d9c5411de7ddcd,2022-08-25 16:20:00,30,NO CONTROLS,NO CONTROLS,CLEAR,DAYLIGHT,SIDESWIPE OPPOSITE DIRECTION,NOT DIVIDED,STRAIGHT AND LEVEL,DRY,NO DEFECTS,NO INJURY / DRIVE AWAY,"OVER $1,500",IMPROPER LANE USAGE,NOT APPLICABLE,350,N,SACRAMENTO BLVD,2,NO INDICATION OF INJURY,0.0,0.0,0.0,0.0,0.0,2.0,0.0,16,5,8
09a41a98684fe7c0595dd038040485017fc6a5c94bc2070f0b9e126c2292753ce752f9c499119b4195393b46fb02e9bcf7fcd06c856ddf8cf8dc31dc88b712fd,2019-09-17 06:30:00,30,TRAFFIC SIGNAL,FUNCTIONING PROPERLY,CLEAR,DAWN,REAR END,DIVIDED - W/MEDIAN (NOT RAISED),STRAIGHT AND LEVEL,DRY,NO DEFECTS,NO INJURY / DRIVE AWAY,"$501 - $1,500",FOLLOWING TOO CLOSELY,UNABLE TO DETERMINE,1958,N,MILWAUKEE AVE,2,NO INDICATION OF INJURY,0.0,0.0,0.0,0.0,0.0,2.0,0.0,6,3,9
d916bd4e93332b88ead8882ba26229e5755d37f249f5006ae95fd004f993b83a1dd5feb343b3a1828bf2bb3063cdd0e1e63c5a77b6930bec361247f28baabc80,2020-09-30 22:41:00,30,TRAFFIC SIGNAL,FUNCTIONING PROPERLY,CLEAR,DAWN,ANGLE,FOUR WAY,STRAIGHT AND LEVEL,DRY,NO DEFECTS,INJURY AND / OR TOW DUE TO CRASH,"OVER $1,500",UNABLE TO DETERMINE,NOT APPLICABLE,4700,S,DR MARTIN LUTHER KING JR DR,2,"REPORTED, NOT EVIDENT",3.0,0.0,0.0,0.0,3.0,0.0,0.0,22,4,9
3e3b41405f140db5fd97748e1d25199f41471f2a8182660ef8c3c5bca7f114f05f77262b969804d3ff2af26e5e26ed001c601b7a6e63ed34b35216b75060dd8e,2018-12-05 14:20:00,30,TRAFFIC SIGNAL,UNKNOWN,CLEAR,DAYLIGHT,REAR END,NOT DIVIDED,STRAIGHT AND LEVEL,DRY,UNKNOWN,NO INJURY / DRIVE AWAY,"OVER $1,500",FOLLOWING TOO CLOSELY,UNABLE TO DETERMINE,2000,W,FULLERTON AVE,2,NO INDICATION OF INJURY,0.0,0.0,0.0,0.0,0.0,2.0,0.0,14,4,12
49b0468b01ce7cf7135f5ec988972e3e1e711fd4803ddf2cbb3300ba049162573adc3432742bd74e00b4858a91ceb0d1cda1b4c03441bfe11319c1e5d24ec6e8,2021-10-14 17:30:00,30,TRAFFIC SIGNAL,FUNCTIONING PROPERLY,CLEAR,DAYLIGHT,ANGLE,FOUR WAY,STRAIGHT AND LEVEL,DRY,NO DEFECTS,NO INJURY / DRIVE AWAY,"OVER $1,500",UNABLE TO DETERMINE,NOT APPLICABLE,3700,S,WESTERN BLVD,2,NO INDICATION OF INJURY,0.0,0.0,0.0,0.0,0.0,2.0,0.0,17,5,10
1a044763c4cbff3dbc33f105f8c7c85c62bfb73e9f93434bdbf63af0983133bdd3c77a5cdf1463b70c961d1dc6fe3fa9439c3fb882abccd51c0bf64c74fc9aaa,2023-05-10 20:30:00,30,TRAFFIC SIGNAL,FUNCTIONING PROPERLY,RAIN,DARKNESS,REAR END,DIVIDED - W/MEDIAN (NOT RAISED),STRAIGHT AND LEVEL,WET,NO DEFECTS,NO INJURY / DRIVE AWAY,"OVER $1,500",FOLLOWING TOO CLOSELY,NOT APPLICABLE,784,N,PULASKI RD,2,NO INDICATION OF INJURY,0.0,0.0,0.0,0.0,0.0,3.0,0.0,20,4,5
c5c4758aaf39d643aa0382c6b8a4c07547f293e92999cb87a057e8d7a96b75645745ba388e47353827e695a78431a806a687442ababfd819cc126bf219392bea,2021-11-16 12:00:00,30,NO CONTROLS,NO CONTROLS,CLEAR,DAYLIGHT,PARKED MOTOR VEHICLE,NOT DIVIDED,STRAIGHT AND LEVEL,DRY,NO DEFECTS,NO INJURY / DRIVE AWAY,"OVER $1,500",UNABLE TO DETERMINE,NOT APPLICABLE,940,W,EXCHANGE AVE,2,NO INDICATION OF INJURY,0.0,0.0,0.0,0.0,0.0,1.0,0.0,12,3,11
5da788d5758cf32a5a601724d8391b12c0884701bb5989c75c42c4e3083eb8b300871970b5b157abdddeb2e86b00ed4d9e1cf3e015185234bbec36cc3bdd8d08,2024-02-17 23:45:00,30,TRAFFIC SIGNAL,FUNCTIONING PROPERLY,CLEAR,"DARKNESS, LIGHTED ROAD",SIDESWIPE SAME DIRECTION,ONE-WAY,STRAIGHT AND LEVEL,DRY,NO DEFECTS,NO INJURY / DRIVE AWAY,"OVER $1,500",IMPROPER LANE USAGE,UNABLE TO DETERMINE,200,W,WASHINGTON ST,2,NO INDICATION OF INJURY,0.0,0.0,0.0,0.0,0.0,2.0,0.0,23,7,2
fe6b783183cb138e24a5e5b3f1b33a27e0a66c3fdc0fcbca6571061968aa9f8fdba2f62f58d2f08dd2973591af0c61112ecdc2698c90f7436f7577ef11c3e3d1,2016-12-14 09:50:00,30,TRAFFIC SIGNAL,FUNCTIONING PROPERLY,CLEAR,DAYLIGHT,SIDESWIPE SAME DIRECTION,DIVIDED - W/MEDIAN (NOT RAISED),STRAIGHT AND LEVEL,SNOW OR SLUSH,NO DEFECTS,NO INJURY / DRIVE AWAY,"OVER $1,500",IMPROPER OVERTAKING/PASSING,NOT APPLICABLE,407,E,69TH ST,2,NO INDICATION OF INJURY,0.0,0.0,0.0,0.0,0.0,2.0,0.0,9,4,12
e0aee36667039e0ad2be9b16629490f26e9588ccdbd7354f1fcf118acdc088cda8e5a81aabc90f90dd584ca744df1c6ad1ef54a558ff39c6eca3a7db02e59bb3,2021-10-19 15:45:00,30,NO CONTROLS,NO CONTROLS,CLEAR,DAYLIGHT,REAR END,DIVIDED - W/MEDIAN BARRIER,STRAIGHT AND LEVEL,DRY,NO DEFECTS,NO INJURY / DRIVE AWAY,"OVER $1,500",FOLLOWING TOO CLOSELY,UNABLE TO DETERMINE,200,N,OGDEN AVE,2,NO INDICATION OF INJURY,0.0,0.0,0.0,0.0,0.0,2.0,0.0,15,3,10
2ee3a75b6d1c7370fedbbb9ff5ead2308612ca359f7bd68ee1eb129b427a65bae7309a60e202a6285033b1766f29178f41ab8d34c228f04d3b7f1febfd5eb31e,2017-11-07 18:45:00,5,NO CONTROLS,NO CONTROLS,CLEAR,DARKNESS,PARKED MOTOR VEHICLE,PARKING LOT,STRAIGHT ON GRADE,DRY,NO DEFECTS,NO INJURY / DRIVE AWAY,"$501 - $1,500",IMPROPER BACKING,FAILING TO REDUCE SPEED TO AVOID CRASH,1933,W,103RD ST,2,NO INDICATION OF INJURY,0.0,0.0,0.0,0.0,0.0,1.0,0.0,18,3,11
0c933d3ed61157106f729be77f9089199a6e3d3704e8d3c85099c91bf72bad9c0f9b6b7f7a18ae9f0f7d757c4c24fa289a5cf5faa63da30b0663b3f5bb286975,2021-08-10 13:40:00,30,NO CONTROLS,NO CONTROLS,CLEAR,DAYLIGHT,PARKED MOTOR VEHICLE,ONE-WAY,STRAIGHT AND LEVEL,DRY,NO DEFECTS,NO INJURY / DRIVE AWAY,"$501 - $1,500",IMPROPER BACKING,DRIVING SKILLS/KNOWLEDGE/EXPERIENCE,2411,W,LELAND AVE,2,NO INDICATION OF INJURY,0.0,0.0,0.0,0.0,0.0,1.0,0.0,13,3,8
138cee3834c9c71aa846a6af57f683fb92262ad61a9b34e0a90a7657b37f164951ce980a8563fbcf3d20f1f14b19c380e5586205bc74cd81937a076ac298cd81,2022-01-14 21:46:00,30,NO CONTROLS,NO CONTROLS,SNOW,"DARKNESS, LIGHTED ROAD",PARKED MOTOR VEHICLE,ALLEY,STRAIGHT AND LEVEL,WET,NO DEFECTS,NO INJURY / DRIVE AWAY,"OVER $1,500",IMPROPER OVERTAKING/PASSING,NOT APPLICABLE,8302,S,INGLESIDE AVE,2,NO INDICATION OF INJURY,0.0,0.0,0.0,0.0,0.0,1.0,0.0,21,6,1
a07ec6d1b914c321a1e6590bb8937a768ab4dcb11c06103ab2c6054457fa1c2ecfda566c45b0b55632d9ce64d05b188803a648ee8081e4a427ad34beeea76100,2020-09-21 17:00:00,30,NO CONTROLS,NO CONTROLS,CLEAR,DAYLIGHT,REAR END,NOT DIVIDED,STRAIGHT AND LEVEL,DRY,NO DEFECTS,NO INJURY / DRIVE AWAY,"$501 - $1,500",UNABLE TO DETERMINE,UNABLE TO DETERMINE,5900,W,ROOSEVELT RD,2,NO INDICATION OF INJURY,0.0,0.0,0.0,0.0,0.0,2.0,0.0,17,2,9
c2cbbecbd33c63af128ae520c1c0875f44b124301032dae7976552975a40dfee98a6dd86f4af3e792e2c52491348d2998e543be2cad5e43cc8db3cf84f99df96,2020-10-08 15:50:00,30,NO CONTROLS,NO CONTROLS,CLEAR,DAYLIGHT,REAR END,NOT DIVIDED,STRAIGHT AND LEVEL,DRY,NO DEFECTS,NO INJURY / DRIVE AWAY,"$501 - $1,500",FOLLOWING TOO CLOSELY,NOT APPLICABLE,4874,N,MILWAUKEE AVE,2,NO INDICATION OF INJURY,0.0,0.0,0.0,0.0,0.0,2.0,0.0,15,5,10
659b5225532f8a8b5c3b937dcc9c881d70241671d3f1d26fe60121708b441ca34a4ae8227605da2d3c0cc2c9155a32a3c0591f588582ef196ba6427a23bb7f8d,2023-04-14 07:32:00,30,STOP SIGN/FLASHER,FUNCTIONING PROPERLY,CLEAR,DAYLIGHT,REAR END,FOUR WAY,STRAIGHT AND LEVEL,DRY,NO DEFECTS,NO INJURY / DRIVE AWAY,"OVER $1,500",FOLLOWING TOO CLOSELY,UNABLE TO DETERMINE,4400,S,PRAIRIE AVE,2,NO INDICATION OF INJURY,0.0,0.0,0.0,0.0,0.0,2.0,0.0,7,6,4
f86d23d28c8fd26a9acb32e5af35a5734263291a5dc8a7415d9c08402209561a49f86d4c9e042d8700d044bee2f424c8fe5dabfa40628ead48415b641d8405d8,2017-08-03 15:15:00,30,TRAFFIC SIGNAL,FUNCTIONING PROPERLY,CLEAR,DAYLIGHT,REAR END,NOT DIVIDED,STRAIGHT AND LEVEL,DRY,NO DEFECTS,NO INJURY / DRIVE AWAY,"$501 - $1,500",FOLLOWING TOO CLOSELY,IMPROPER OVERTAKING/PASSING,800,E,95TH ST,2,NO INDICATION OF INJURY,0.0,0.0,0.0,0.0,0.0,3.0,0.0,15,5,8
d692e608fe60f6ea182c5ecdd1809da55b647bd695eefad245e6fda6d0aeb93307cb3b76d9267b52e8309a85a5a7e1286a684dcc5d117f47a6f52faf9c92a24c,2020-11-13 07:15:00,30,UNKNOWN,UNKNOWN,CLEAR,DUSK,REAR END,NOT DIVIDED,STRAIGHT AND LEVEL,DRY,UNKNOWN,NO INJURY / DRIVE AWAY,$500 OR LESS,UNABLE TO DETERMINE,UNABLE TO DETERMINE,5502,N,ASHLAND AVE,2,NO INDICATION OF INJURY,0.0,0.0,0.0,0.0,0.0,2.0,0.0,7,6,11
f31374ddeda5daf7137b7c7e449b7905621c9e44b3c422a413b61cd7221dc5778524709b7b9c710c1114e3c0850df932077b4f2cda178ec8e2fce6b74d5b03cd,2022-05-15 15:10:00,30,NO CONTROLS,NO CONTROLS,RAIN,DAYLIGHT,FIXED OBJECT,DIVIDED - W/MEDIAN BARRIER,STRAIGHT ON GRADE,WET,NO DEFECTS,INJURY AND / OR TOW DUE TO CRASH,"OVER $1,500",UNABLE TO DETERMINE,UNABLE TO DETERMINE,5100,N,MILWAUKEE AVE,1,NONINCAPACITATING INJURY,1.0,0.0,0.0,1.0,0.0,0.0,0.0,15,1,5
63d75493cd64089e7f156f094eca54c7d63c7f7cf45c3c8ddbbc59ff5e6bb17cf498d2ee4b2d26d5e2626efa7914e2daec48814ba7d0cb7b70ac014bfa4787bf,2020-08-16 15:40:00,35,TRAFFIC SIGNAL,UNKNOWN,CLEAR,DAYLIGHT,TURNING,UNKNOWN INTERSECTION TYPE,STRAIGHT AND LEVEL,DRY,NO DEFECTS,NO INJURY / DRIVE AWAY,"OVER $1,500",UNABLE TO DETERMINE,UNABLE TO DETERMINE,7300,S,WESTERN AVE,2,NO INDICATION OF INJURY,0.0,0.0,0.0,0.0,0.0,2.0,0.0,15,1,8
560183e3e945c832c1033335f5bc7827f79c55029d6bd84ae31c360eb6128f5dcd9ed41a385d2693f81a91bc8e749052ceb707617adec3a24599b5952e392860,2017-10-21 08:56:00,15,NO CONTROLS,NO CONTROLS,CLEAR,DAYLIGHT,FIXED OBJECT,DRIVEWAY,STRAIGHT AND LEVEL,DRY,NO DEFECTS,INJURY AND / OR TOW DUE TO CRASH,"$501 - $1,500",PHYSICAL CONDITION OF DRIVER,NOT APPLICABLE,4646,N,CUMBERLAND AVE,1,NONINCAPACITATING INJURY,1.0,0.0,0.0,1.0,0.0,0.0,0.0,8,7,10
915a04396e8e16f44ec70092b1422b8ffafa7534b354026dd1ee884b744042a78a5fcf0a2e3f7ff52a4a5c76a9ddccfc91f16a8a4eee2b98c1788222199ea576,2019-06-21 17:06:00,30,NO CONTROLS,NO CONTROLS,CLEAR,DAYLIGHT,PEDALCYCLIST,NOT DIVIDED,STRAIGHT AND LEVEL,DRY,NO DEFECTS,INJURY AND / OR TOW DUE TO CRASH,"$501 - $1,500",IMPROPER LANE USAGE,UNABLE TO DETERMINE,2834,N,RACINE AVE,3,NONINCAPACITATING INJURY,2.0,0.0,0.0,2.0,0.0,2.0,0.0,17,6,6
5fa04914a25d50c2d13337c6c5dad6cb2020754bf4fcffd378035c47e4d17ca13278650438e9c25aa46cb2ba03bc3ccee656c02a7d4a1745286d17a659b49698,2023-08-03 08:50:00,30,TRAFFIC SIGNAL,FUNCTIONING PROPERLY,CLEAR,DAYLIGHT,TURNING,NOT DIVIDED,STRAIGHT AND LEVEL,DRY,NO DEFECTS,NO INJURY / DRIVE AWAY,"OVER $1,500",UNABLE TO DETERMINE,NOT APPLICABLE,433,N,WESTERN AVE,2,NO INDICATION OF INJURY,0.0,0.0,0.0,0.0,0.0,2.0,0.0,8,5,8
33ea31eadb1fd5ee9c0eaf104d0046f84054fa884e166d9e54a44d59858f6c5aaa5653f130dd5c2250deb6bcbbddc1c067cd1a4e93bbfb5df515bb9a56d6acb4,2020-09-14 22:40:00,15,NO CONTROLS,NO CONTROLS,CLEAR,"DARKNESS, LIGHTED ROAD",PARKED MOTOR VEHICLE,PARKING LOT,STRAIGHT AND LEVEL,DRY,NO DEFECTS,NO INJURY / DRIVE AWAY,"$501 - $1,500",FAILING TO YIELD RIGHT-OF-WAY,UNABLE TO DETERMINE,1535,W,GARFIELD BLVD,2,NO INDICATION OF INJURY,0.0,0.0,0.0,0.0,0.0,1.0,0.0,22,2,9
cf0c069b0488d9748935000387da1fb6acc681051f82eb7af596daae263e71a041b5aa13a9724ce44c316f29b0cd4258530e729c63d06975c9f2caa83d874e53,2021-01-16 12:07:00,30,NO CONTROLS,NO CONTROLS,CLEAR,DAYLIGHT,SIDESWIPE SAME DIRECTION,NOT DIVIDED,STRAIGHT AND LEVEL,WET,NO DEFECTS,NO INJURY / DRIVE AWAY,"OVER $1,500",FAILING TO YIELD RIGHT-OF-WAY,NOT APPLICABLE,6402,N,DAMEN AVE,2,NO INDICATION OF INJURY,0.0,0.0,0.0,0.0,0.0,3.0,0.0,12,7,1
7c7a9193b8be28e360e9e8e6c1fa78750ce24ecccb58322c1f38fc408fb7a04dd254f8d52f981c81b860fd3bdae1c0e0ae53d5eaa1085851ad413259bfc5fba0,2021-10-24 07:36:00,30,NO CONTROLS,NO CONTROLS,CLOUDY/OVERCAST,DAYLIGHT,PARKED MOTOR VEHICLE,ONE-WAY,STRAIGHT AND LEVEL,UNKNOWN,NO DEFECTS,INJURY AND / OR TOW DUE TO CRASH,"OVER $1,500",UNABLE TO DETERMINE,UNABLE TO DETERMINE,7144,S,EXCHANGE AVE,3,NO INDICATION OF INJURY,0.0,0.0,0.0,0.0,0.0,1.0,0.0,7,1,10
f0c4cea51eafb91e65c8e54c3c00fe7a7f336ddc4a4d38c933b48b7d839ebd79e88e8bd2e56c940c344e51547ef1c8e948437921e6181495674637b7831bb06b,2017-12-13 16:10:00,30,UNKNOWN,UNKNOWN,UNKNOWN,UNKNOWN,PARKED MOTOR VEHICLE,NOT DIVIDED,STRAIGHT ON GRADE,UNKNOWN,UNKNOWN,NO INJURY / DRIVE AWAY,$500 OR LESS,FAILING TO REDUCE SPEED TO AVOID CRASH,NOT APPLICABLE,1239,W,FLOURNOY ST,2,NO INDICATION OF INJURY,0.0,0.0,0.0,0.0,0.0,1.0,0.0,16,4,12
9de3bd5cf88c92c8be963b17ecdd69107120784f94723a05d276a07e1c737c8986fdd2a8a4bc89604149d80d5343fd7e6d6376c4ee7818c1bd15c290c33c413a,2019-01-15 20:30:00,30,NO CONTROLS,NO CONTROLS,CLEAR,"DARKNESS, LIGHTED ROAD",TURNING,NOT DIVIDED,STRAIGHT AND LEVEL,DRY,NO DEFECTS,NO INJURY / DRIVE AWAY,"$501 - $1,500",IMPROPER TURNING/NO SIGNAL,FAILING TO YIELD RIGHT-OF-WAY,6622,W,FULLERTON AVE,2,NO INDICATION OF INJURY,0.0,0.0,0.0,0.0,0.0,2.0,0.0,20,3,1
0f34264d34362ddb5d2f07287dbd772c13017a816db3d12926fdb759ce36f45813e8c65e5d80dfde7b83a9a46b62ce8eb4aa6cdc015a635ad46c75cb886cf13c,2023-03-01 06:55:00,30,TRAFFIC SIGNAL,FUNCTIONING PROPERLY,CLEAR,DAWN,PEDESTRIAN,NOT DIVIDED,STRAIGHT AND LEVEL,DRY,NO DEFECTS,INJURY AND / OR TOW DUE TO CRASH,$500 OR LESS,FAILING TO YIELD RIGHT-OF-WAY,DRIVING SKILLS/KNOWLEDGE/EXPERIENCE,2600,S,CENTRAL PARK AVE,2,NONINCAPACITATING INJURY,1.0,0.0,0.0,1.0,0.0,1.0,0.0,6,4,3
fd41a9ec4c5f4ea6600182c08aed2c3fca2a231eb342731b197a4245406799971d91e3f5308b209adcbbeb4ef8327b200def1899bb7743ab2d3f9cc1b035aafd,2021-09-29 07:00:00,30,NO CONTROLS,NO CONTROLS,CLEAR,DAYLIGHT,SIDESWIPE SAME DIRECTION,DIVIDED - W/MEDIAN (NOT RAISED),STRAIGHT AND LEVEL,DRY,UNKNOWN,INJURY AND / OR TOW DUE TO CRASH,"OVER $1,500",UNABLE TO DETERMINE,UNABLE TO DETERMINE,535,W,71ST ST,2,NO INDICATION OF INJURY,0.0,0.0,0.0,0.0,0.0,2.0,0.0,7,4,9
1e44ad9330325642369e16a924e6c7d3bb0b2b463d4aa4c156f549027b2559beacab5a131ce90b1fc5bc092582c042e7ae3f0597c6235351bc3c574ab086c66e,2021-03-19 19:17:00,30,TRAFFIC SIGNAL,FUNCTIONING PROPERLY,CLEAR,"DARKNESS, LIGHTED ROAD",PEDESTRIAN,FOUR WAY,STRAIGHT AND LEVEL,DRY,NO DEFECTS,INJURY AND / OR TOW DUE TO CRASH,$500 OR LESS,FAILING TO YIELD RIGHT-OF-WAY,NOT APPLICABLE,600,S,WESTERN AVE,2,NONINCAPACITATING INJURY,1.0,0.0,0.0,1.0,0.0,2.0,0.0,19,6,3
373cadcc2e132d10785ab43e48f158f326852bdf97cd395cf7c8853f767e8c38954b57d050facff5caade418c183644701a0d7c3a1ea47076334a72f7d00a434,2018-03-17 13:25:00,30,NO CONTROLS,NO CONTROLS,CLEAR,DAYLIGHT,HEAD ON,DIVIDED - W/MEDIAN (NOT RAISED),STRAIGHT AND LEVEL,DRY,NO DEFECTS,INJURY AND / OR TOW DUE TO CRASH,"OVER $1,500",ROAD ENGINEERING/SURFACE/MARKING DEFECTS,NOT APPLICABLE,1418,S,KEELER AVE,2,"REPORTED, NOT EVIDENT",1.0,0.0,0.0,0.0,1.0,3.0,0.0,13,7,3
074cc82b25b32edd63e9650741ef533c64a7b5b937fe8650d5677e37d495acf726dce87a26f269e4261804ca26d4c9d7f4c77b4dc78842010f627dd25eb44a05,2018-06-27 15:00:00,0,UNKNOWN,UNKNOWN,CLEAR,DAYLIGHT,PEDALCYCLIST,DIVIDED - W/MEDIAN (NOT RAISED),STRAIGHT AND LEVEL,DRY,UNKNOWN,INJURY AND / OR TOW DUE TO CRASH,"$501 - $1,500",IMPROPER OVERTAKING/PASSING,FAILING TO YIELD RIGHT-OF-WAY,4559,N,SHERIDAN RD,2,NONINCAPACITATING INJURY,1.0,0.0,0.0,1.0,0.0,1.0,0.0,15,4,6
3ec6695e9c285c97e423561ab26e5da781df0d7633ac68ac665794deecee7e702d667fc71505bec59fadff52da94914855651edd39dab014474b83fa9bbd890e,2021-11-08 07:30:00,45,NO CONTROLS,NO CONTROLS,CLEAR,DAYLIGHT,SIDESWIPE SAME DIRECTION,DIVIDED - W/MEDIAN BARRIER,STRAIGHT AND LEVEL,DRY,NO DEFECTS,NO INJURY / DRIVE AWAY,"OVER $1,500",IMPROPER LANE USAGE,UNABLE TO DETERMINE,4231,S,LAKE SHORE DR NB,2,NO INDICATION OF INJURY,0.0,0.0,0.0,0.0,0.0,2.0,0.0,7,2,11
5c7ad6ec9b9f71a7cb6c5a068ab601d958b537f24e82a3c80e6465d50d87957bf7423313f7d13601d841e38309b053ba8396e42a507983e9d65830c970e1fe2c,2018-08-21 09:20:00,30,NO CONTROLS,NO CONTROLS,CLEAR,DAYLIGHT,ANGLE,DIVIDED - W/MEDIAN (NOT RAISED),STRAIGHT AND LEVEL,DRY,NO DEFECTS,INJURY AND / OR TOW DUE TO CRASH,"OVER $1,500",FAILING TO YIELD RIGHT-OF-WAY,NOT APPLICABLE,7167,N,ROCKWELL ST,2,NONINCAPACITATING INJURY,1.0,0.0,0.0,1.0,0.0,1.0,0.0,9,3,8
526466c70a3cb75c7a305179478c3e1a190731ad91157d460e6e93e2ce541028edf913255a6353475118d952b504c797ce372397bcfbc9dabbb2cb92a22d8ee8,2018-11-05 01:05:00,30,STOP SIGN/FLASHER,OTHER,RAIN,"DARKNESS, LIGHTED ROAD",REAR END,DIVIDED - W/MEDIAN (NOT RAISED),STRAIGHT AND LEVEL,WET,UNKNOWN,NO INJURY / DRIVE AWAY,"OVER $1,500",DRIVING SKILLS/KNOWLEDGE/EXPERIENCE,DRIVING SKILLS/KNOWLEDGE/EXPERIENCE,332,S,LARAMIE AVE,2,NO INDICATION OF INJURY,0.0,0.0,0.0,0.0,0.0,2.0,0.0,1,2,11
7634585c2c5b27e14cb9ed1293579d815d5ea60c98ef5a55c3191f50f428c9a3ac62d6d6f5ec7ed07e89f995032878e3daecc02fc8bdd6b24c67d1e75a802fe8,2021-08-15 09:45:00,30,NO CONTROLS,NO CONTROLS,CLEAR,DAYLIGHT,SIDESWIPE SAME DIRECTION,NOT DIVIDED,STRAIGHT AND LEVEL,DRY,NO DEFECTS,NO INJURY / DRIVE AWAY,"OVER $1,500",DRIVING SKILLS/KNOWLEDGE/EXPERIENCE,FAILING TO YIELD RIGHT-OF-WAY,1441,S,WABASH AVE,2,NO INDICATION OF INJURY,0.0,0.0,0.0,0.0,0.0,3.0,0.0,9,1,8
f6b0afee86647dc0bcd88782f4f96a958ae5cf33579a377e949e3e657b5e28f3b52ed7baaa639de646773342f6e558eb198cad01be62ee9abcaedc278f93a81e,2021-02-19 12:30:00,30,TRAFFIC SIGNAL,FUNCTIONING PROPERLY,CLEAR,DAYLIGHT,PARKED MOTOR VEHICLE,ONE-WAY,STRAIGHT AND LEVEL,SNOW OR SLUSH,NO DEFECTS,NO INJURY / DRIVE AWAY,"$501 - $1,500",IMPROPER OVERTAKING/PASSING,IMPROPER OVERTAKING/PASSING,16,E,16TH ST,2,NO INDICATION OF INJURY,0.0,0.0,0.0,0.0,0.0,1.0,0.0,12,6,2
5cd767fb0fbb6d4f44dfc5841dba3f9acdc184c1b6909ec03d682a1c24006f8fddc1cb90ec089e68faa2d471a0de47767e1e7cd84a7d8c80a25b8c6778dfa9d2,2018-02-13 16:10:00,30,TRAFFIC SIGNAL,FUNCTIONING PROPERLY,CLEAR,DAYLIGHT,SIDESWIPE SAME DIRECTION,DIVIDED - W/MEDIAN (NOT RAISED),STRAIGHT AND LEVEL,WET,NO DEFECTS,NO INJURY / DRIVE AWAY,"OVER $1,500",IMPROPER OVERTAKING/PASSING,UNABLE TO DETERMINE,2205,S,WESTERN AVE,2,NO INDICATION OF INJURY,0.0,0.0,0.0,0.0,0.0,2.0,0.0,16,3,2
4ff354c5886e7376b3856d2eb4a343b01837f2a4e425fec756212d19bf9878edefa560fef0fff4e687bdd6dc29563c687a6812bfc3d933b9adfaa5a10e5d9d85,2017-08-26 16:40:00,30,NO CONTROLS,NO CONTROLS,CLEAR,DAYLIGHT,REAR END,NOT DIVIDED,STRAIGHT AND LEVEL,DRY,NO DEFECTS,INJURY AND / OR TOW DUE TO CRASH,"OVER $1,500",FOLLOWING TOO CLOSELY,FAILING TO REDUCE SPEED TO AVOID CRASH,1955,N,AUSTIN AVE,2,NONINCAPACITATING INJURY,3.0,0.0,0.0,3.0,0.0,1.0,0.0,16,7,8
139b4910cd77721b2b4a99d84356ebd647e287483869c4cddf28c9f5603ec9ee59811fccac5d89c2f858eab17d2837063c778b2558dfe511c22ec5e9f472c64f,2022-06-01 08:00:00,30,TRAFFIC SIGNAL,FUNCTIONING PROPERLY,CLEAR,DAYLIGHT,ANGLE,FOUR WAY,STRAIGHT AND LEVEL,DRY,NO DEFECTS,NO INJURY / DRIVE AWAY,"OVER $1,500",DISREGARDING TRAFFIC SIGNALS,NOT APPLICABLE,13000,S,INDIANA AVE,2,NO INDICATION OF INJURY,0.0,0.0,0.0,0.0,0.0,2.0,0.0,8,4,6
788b390a18efc74067e74ed7f4bf2aad039a4d17baf9ba1324c056f1c008a819add9d71188ef30566838144339d0beba28907c2b3e77d003a9d164d4208d7efa,2020-01-18 15:10:00,35,TRAFFIC SIGNAL,FUNCTIONING PROPERLY,CLEAR,DAYLIGHT,REAR END,DIVIDED - W/MEDIAN (NOT RAISED),STRAIGHT AND LEVEL,SNOW OR SLUSH,NO DEFECTS,NO INJURY / DRIVE AWAY,"$501 - $1,500",UNABLE TO DETERMINE,UNABLE TO DETERMINE,3300,S,KEDZIE AVE,2,NO INDICATION OF INJURY,0.0,0.0,0.0,0.0,0.0,2.0,0.0,15,7,1