CRASH_RECORD_ID,CRASH_DATE,POSTED_SPEED_LIMIT,TRAFFIC_CONTROL_DEVICE,DEVICE_CONDITION,WEATHER_CONDITION,LIGHTING_CONDITION,FIRST_CRASH_TYPE,TRAFFICWAY_TYPE,ALIGNMENT,ROADWAY_SURFACE_COND,ROAD_DEFECT,CRASH_TYPE,DAMAGE,PRIM_CONTRIBUTORY_CAUSE,SEC_CONTRIBUTORY_CAUSE,STREET_NO,STREET_DIRECTION,STREET_NAME,NUM_UNITS,MOST_SEVERE_INJURY,INJURIES_TOTAL,INJURIES_FATAL,INJURIES_INCAPACITATING,INJURIES_NON_INCAPACITATING,INJURIES_REPORTED_NOT_EVIDENT,INJURIES_NO_INDICATION,INJURIES_UNKNOWN,CRASH_HOUR,CRASH_DAY_OF_WEEK,CRASH_MONTH
7110ed205a4f35190a349c998fa0194f2c247ab07ac11046a82385628dad3a823b8a4bdcff5d5e615412fa3ea2f836622b8e0d761550ed80fe16ddb129f276cc,2015-11-06 08:30:00,20,UNKNOWN,NO CONTROLS,CLEAR,DAYLIGHT,PARKED MOTOR VEHICLE,PARKING LOT,STRAIGHT AND LEVEL,UNKNOWN,UNKNOWN,NO INJURY / DRIVE AWAY,"$501 - $1,500",UNABLE TO DETERMINE,NOT APPLICABLE,3333,S,STATE ST,2,NO INDICATION OF INJURY,0.0,0.0,0.0,0.0,0.0,1.0,0.0,8,6,11
6c5c908ad895b23c43e8c8bf6cb320f391f666869e348bce65a8a118295ff1e5cc6cd34543ca76cffd24e6f35b1419907ba87319d08a4713ac73e3652a2984ce,2021-02-01 20:41:00,30,NO CONTROLS,NO CONTROLS,CLEAR,"DARKNESS, LIGHTED ROAD",PARKED MOTOR VEHICLE,NOT DIVIDED,STRAIGHT AND LEVEL,DRY,NO DEFECTS,NO INJURY / DRIVE AWAY,"OVER $1,500","OPERATING VEHICLE IN ERRATIC, RECKLESS, CARELESS, NEGLIGENT OR AGGRESSIVE MANNER",NOT APPLICABLE,815,E,38TH PL,2,NO INDICATION OF INJURY,0.0,0.0,0.0,0.0,0.0,1.0,0.0,20,2,2
4a023ac12e00be6281ef8d8b9e142672d781f0db5faa3d4e334d27ca7e08a07ae7511379eadd5d62cee151848cb56365a2ba20d1be7de2e8b3eade87709eddeb,2017-12-20 19:00:00,30,NO CONTROLS,NO CONTROLS,CLEAR,"DARKNESS, LIGHTED ROAD",TURNING,NOT DIVIDED,STRAIGHT AND LEVEL,DRY,NO DEFECTS,NO INJURY / DRIVE AWAY,"OVER $1,500",FAILING TO YIELD RIGHT-OF-WAY,NOT APPLICABLE,5099,N,HARLEM AVE,2,NO INDICATION OF INJURY,0.0,0.0,0.0,0.0,0.0,2.0,0.0,19,4,12
46e2588d16b2ec21323acaa8557492ab7eef4eb0c373b2cef8606cac1341127647d5863a20f594d1e0fef84bca28c5ea56e2eaddb4e2da66fc4a8c40c19124d2,2019-10-20 10:30:00,30,TRAFFIC SIGNAL,FUNCTIONING PROPERLY,CLEAR,DAYLIGHT,REAR END,NOT DIVIDED,STRAIGHT AND LEVEL,DRY,UNKNOWN,NO INJURY / DRIVE AWAY,"$501 - $1,500",NOT APPLICABLE,NOT APPLICABLE,4000,W,COLUMBUS AVE,2,NO INDICATION OF INJURY,0.0,0.0,0.0,0.0,0.0,2.0,0.0,10,1,10
54dda9991f7d31125ef4d49cfaca75ce0371628a616ff9fb7a95492038593fd802022eb0214dc8b1626b51066b1af5a48033ca12ea9a140aea955b014c8bcd7b,2018-07-28 20:00:00,30,NO CONTROLS,NO CONTROLS,CLEAR,"DARKNESS, LIGHTED ROAD",PARKED MOTOR VEHICLE,ONE-WAY,STRAIGHT AND LEVEL,DRY,NO DEFECTS,NO INJURY / DRIVE AWAY,"$501 - $1,500",IMPROPER BACKING,DRIVING SKILLS/KNOWLEDGE/EXPERIENCE,321,E,ERIE ST,2,NO INDICATION OF INJURY,0.0,0.0,0.0,0.0,0.0,1.0,0.0,20,7,7
21b8a302c576d7aae63afb66e3165c404c7ccd3f51a97a823408f5a1ce9a4b994f864a81d776fd1e15684e424d748fe3717608061fa563938d2149e807a5ff52,2022-02-22 19:53:00,35,NO CONTROLS,NO CONTROLS,CLEAR,"DARKNESS, LIGHTED ROAD",REAR END,DIVIDED - W/MEDIAN BARRIER,STRAIGHT AND LEVEL,DRY,NO DEFECTS,INJURY AND / OR TOW DUE TO CRASH,"OVER $1,500",FOLLOWING TOO CLOSELY,FOLLOWING TOO CLOSELY,3500,S,LAKE SHORE DR SB,4,NO INDICATION OF INJURY,0.0,0.0,0.0,0.0,0.0,4.0,0.0,19,3,2
48dace19d6a0a564e2b23f7739c33d609643788658e27ca26262057a95bff81cd5244c33a93d24b3b33965f5690f8dfbc21089f4f353295be4cc489d713bb627,2018-09-06 11:45:00,35,TRAFFIC SIGNAL,FUNCTIONING PROPERLY,RAIN,DAYLIGHT,REAR END,NOT DIVIDED,STRAIGHT AND LEVEL,WET,NO DEFECTS,NO INJURY / DRIVE AWAY,"$501 - $1,500",FOLLOWING TOO CLOSELY,UNABLE TO DETERMINE,5900,S,CICERO AVE,2,NO INDICATION OF INJURY,0.0,0.0,0.0,0.0,0.0,2.0,0.0,11,5,9
ebb3dee1da5d9812e69f697b0ef6506c4ac199e703c6e45dc918ce614bd3fd9c76fe5babd46c0f0a33c7ce099d8d647885326a8786684c3533f7275b8dab43a9,2020-09-22 17:30:00,35,TRAFFIC SIGNAL,FUNCTIONING PROPERLY,CLEAR,DAYLIGHT,REAR END,DIVIDED - W/MEDIAN (NOT RAISED),STRAIGHT AND LEVEL,DRY,NO DEFECTS,NO INJURY / DRIVE AWAY,"OVER $1,500",FOLLOWING TOO CLOSELY,UNABLE TO DETERMINE,9529,S,WESTERN AVE,2,NO INDICATION OF INJURY,0.0,0.0,0.0,0.0,0.0,2.0,0.0,17,3,9
15dc29b1f66f699134b20f19c26cc5d4bf21d2b067542d559f47eae2427b9ea8eecb49f0b540c042a813eb2752249a7682c67e2f55f2567a717e5bda88ef3705,2021-07-28 16:30:00,30,NO CONTROLS,NO CONTROLS,CLEAR,DAYLIGHT,SIDESWIPE SAME DIRECTION,NOT DIVIDED,STRAIGHT AND LEVEL,DRY,UNKNOWN,NO INJURY / DRIVE AWAY,"$501 - $1,500",UNABLE TO DETERMINE,UNABLE TO DETERMINE,9730,S,BEVERLY AVE,2,NO INDICATION OF INJURY,0.0,0.0,0.0,0.0,0.0,2.0,0.0,16,4,7
7b29ea75ba44b1f1876a3a57f6bae4eb0fa73e106d713b21c5bf057703c29c7241ba83ffc62c1f75c2beac950fa31ea747c9a7b0eab1c54018088825e92203a8,2018-10-03 19:55:00,30,TRAFFIC SIGNAL,FUNCTIONING PROPERLY,CLEAR,DARKNESS,ANGLE,DIVIDED - W/MEDIAN (NOT RAISED),STRAIGHT AND LEVEL,UNKNOWN,UNKNOWN,INJURY AND / OR TOW DUE TO CRASH,"OVER $1,500",HAD BEEN DRINKING (USE WHEN ARREST IS NOT MADE),DISREGARDING TRAFFIC SIGNALS,1799,S,DAMEN AVE,2,NONINCAPACITATING INJURY,3.0,0.0,0.0,3.0,0.0,0.0,0.0,19,4,10
e66a94bfbef36129085bccd9df4661bcb6693dc01233f6e8203521a3abc671d83ac900e26785908f514147bc908bc4813f71de6f4616f26fc629543241912368,2023-07-02 06:30:00,30,NO CONTROLS,NO CONTROLS,RAIN,DAWN,PARKED MOTOR VEHICLE,NOT DIVIDED,STRAIGHT AND LEVEL,WET,NO DEFECTS,INJURY AND / OR TOW DUE TO CRASH,"OVER $1,500",UNABLE TO DETERMINE,NOT APPLICABLE,321,E,76TH ST,2,NO INDICATION OF INJURY,0.0,0.0,0.0,0.0,0.0,1.0,0.0,6,1,7
4fecef94cd50726907437ffca479c0d9a5b78248203f9adec5cd65bbc7ea2774772cb34fb0d949e32b49fa0ffc0ab5b014bc751df865c62c97bfd72ce78ab832,2023-02-15 06:30:00,30,TRAFFIC SIGNAL,FUNCTIONING PROPERLY,CLEAR,DAYLIGHT,SIDESWIPE SAME DIRECTION,FOUR WAY,STRAIGHT AND LEVEL,DRY,NO DEFECTS,NO INJURY / DRIVE AWAY,$500 OR LESS,IMPROPER OVERTAKING/PASSING,IMPROPER OVERTAKING/PASSING,100,E,BALBO DR,2,NO INDICATION OF INJURY,0.0,0.0,0.0,0.0,0.0,2.0,0.0,6,4,2
bbc48fd9d8cf4605c641bba138b8b14bbe5d7954d748fe0a87daefabf0e2f293d714320160612045fa6a114b002b7a85ee1a760130895b7b833e85fdf0e63bbd,2017-10-24 06:30:00,30,NO CONTROLS,NO CONTROLS,RAIN,"DARKNESS, LIGHTED ROAD",SIDESWIPE SAME DIRECTION,NOT DIVIDED,STRAIGHT AND LEVEL,WET,UNKNOWN,NO INJURY / DRIVE AWAY,"OVER $1,500",UNABLE TO DETERMINE,UNABLE TO DETERMINE,3129,W,LOGAN BLVD,2,NO INDICATION OF INJURY,0.0,0.0,0.0,0.0,0.0,3.0,0.0,6,3,10
d71349f592e74fdb6b61375ff903be2cbe9f9457235db50eaae9463a3570ac43e13448fb724b24a7e2cb6d7aef1dace787016b83a1508011c710031fc4e7c526,2017-08-24 02:10:00,20,NO CONTROLS,NO CONTROLS,CLEAR,"DARKNESS, LIGHTED ROAD",PARKED MOTOR VEHICLE,ONE-WAY,STRAIGHT AND LEVEL,DRY,UNKNOWN,INJURY AND / OR TOW DUE TO CRASH,"OVER $1,500",UNABLE TO DETERMINE,NOT APPLICABLE,4839,W,WABANSIA AVE,5,NO INDICATION OF INJURY,0.0,0.0,0.0,0.0,0.0,1.0,0.0,2,5,8
81e75cd158ffbd1a183bee4a8469aa94e8c35a6511f75373020d6a7687998dc8fa86a633485af34189e593e5c789288330b351ca952c1fa6c758e2436a90602a,2019-02-22 16:00:00,30,STOP SIGN/FLASHER,FUNCTIONING PROPERLY,CLEAR,DAYLIGHT,PEDALCYCLIST,CENTER TURN LANE,STRAIGHT AND LEVEL,DRY,NO DEFECTS,NO INJURY / DRIVE AWAY,$500 OR LESS,FAILING TO YIELD RIGHT-OF-WAY,NOT APPLICABLE,2380,S,HALSTED ST,2,NO INDICATION OF INJURY,0.0,0.0,0.0,0.0,0.0,3.0,0.0,16,6,2
38de83406beecd42b3180a2832f02c4482b1ae5b2da87ff9928a6be5b1ed33865d1826ee8c105649ce03b64f6fcd0846a14bd0791cd85139019f3d072187c208,2017-05-09 16:40:00,30,NO CONTROLS,NO CONTROLS,CLEAR,DAYLIGHT,SIDESWIPE SAME DIRECTION,NOT DIVIDED,STRAIGHT AND LEVEL,DRY,NO DEFECTS,NO INJURY / DRIVE AWAY,$500 OR LESS,IMPROPER LANE USAGE,IMPROPER LANE USAGE,9900,S,HALSTED ST,2,NO INDICATION OF INJURY,0.0,0.0,0.0,0.0,0.0,2.0,0.0,16,3,5
321b5e691268703a15108d9cfd79323a56b9eb7256f81673ae8f7ade3abeaff731568aa3b89d6480d74d95545b6ff604410ac570f0726cb546c188144f21e3d7,2019-01-25 07:15:00,30,TRAFFIC SIGNAL,FUNCTIONING PROPERLY,CLEAR,DAYLIGHT,TURNING,DIVIDED - W/MEDIAN (NOT RAISED),STRAIGHT AND LEVEL,ICE,NO DEFECTS,INJURY AND / OR TOW DUE TO CRASH,"OVER $1,500",UNABLE TO DETERMINE,NOT APPLICABLE,4900,S,ASHLAND AVE,2,NONINCAPACITATING INJURY,1.0,0.0,0.0,1.0,0.0,1.0,0.0,7,6,1
854f32cc4ccd5e2bb5b8854b9019f7ccc60971f6e15f4a93e77cf4ff3b4fd5584f4b10d01342a7edbfda3eed766f2793ccb3d18c1caa18e90bb87ee15cc7af58,2021-12-14 16:04:00,30,STOP SIGN/FLASHER,FUNCTIONING PROPERLY,CLEAR,DAYLIGHT,TURNING,NOT DIVIDED,STRAIGHT AND LEVEL,DRY,NO DEFECTS,NO INJURY / DRIVE AWAY,"OVER $1,500",UNABLE TO DETERMINE,NOT APPLICABLE,4700,S,WESTERN BLVD,2,NO INDICATION OF INJURY,0.0,0.0,0.0,0.0,0.0,3.0,0.0,16,3,12
204bf1da7ac43f0266963200872a43943385f31df11c76aa90a55a2b53a83b3ad63840a1f5015df47ea7cff791ce6075c87570531004da0d8c7396f6d7aae15b,2023-10-25 12:48:00,30,NO CONTROLS,NO CONTROLS,RAIN,DAYLIGHT,ANGLE,NOT DIVIDED,STRAIGHT AND LEVEL,WET,NO DEFECTS,NO INJURY / DRIVE AWAY,"OVER $1,500",FAILING TO YIELD RIGHT-OF-WAY,NOT APPLICABLE,4514,W,NORTH AVE,2,NO INDICATION OF INJURY,0.0,0.0,0.0,0.0,0.0,6.0,0.0,12,4,10
5306f5a6fc767fb9a4a5160ce4ec5e44e1f109c0385628e687778a3fbb5fbef6577e144e0b4315ea3082b2eff3dc773f4082507a86101e24bb59cf9d484f46c1,2022-03-11 07:00:00,30,NO CONTROLS,NO CONTROLS,SNOW,DAYLIGHT,REAR END,CENTER TURN LANE,STRAIGHT AND LEVEL,SNOW OR SLUSH,NO DEFECTS,INJURY AND / OR TOW DUE TO CRASH,"OVER $1,500",UNABLE TO DETERMINE,UNABLE TO DETERMINE,5631,S,PULASKI RD,2,"REPORTED, NOT EVIDENT",1.0,0.0,0.0,0.0,1.0,1.0,0.0,7,6,3
f7a4c2ccfc68f10bc9bd3508c8c0021f1c9ef7c0ee9d58f6554d23a0d9bc481364dd1c557782fc3def2ce13d58e512f06c3d39c202fda4b48e28de4eef826d8d,2021-12-30 12:15:00,30,NO CONTROLS,NO CONTROLS,CLEAR,DAYLIGHT,FIXED OBJECT,NOT DIVIDED,STRAIGHT AND LEVEL,DRY,NO DEFECTS,INJURY AND / OR TOW DUE TO CRASH,"OVER $1,500",UNABLE TO DETERMINE,NOT APPLICABLE,845,E,55TH ST,1,"REPORTED, NOT EVIDENT",1.0,0.0,0.0,0.0,1.0,0.0,0.0,12,5,12
13f54c14b116efb75fa9b745fd12b3fadd30b24f25f13cef10ae412edec15bc0e4950f4a530ad741d37827e55916faca1646c2e53d561f5663956d82c0eddf00,2017-12-01 08:00:00,5,NO CONTROLS,NO CONTROLS,CLEAR,DAYLIGHT,PARKED MOTOR VEHICLE,PARKING LOT,STRAIGHT AND LEVEL,DRY,NO DEFECTS,NO INJURY / DRIVE AWAY,$500 OR LESS,NOT APPLICABLE,NOT APPLICABLE,1531,N,CLYBOURN AVE,2,NO INDICATION OF INJURY,0.0,0.0,0.0,0.0,0.0,1.0,0.0,8,6,12
4b71577efa4e467e2d2c247c3f882c9e625d177a944bf0470809bbbf5b6a52e2f07c5ab656fb23f89a2715f597f640e9e0313b4b9b1cc187b2e9185fcf7e1cca,2018-06-15 14:45:00,35,NO CONTROLS,NO CONTROLS,CLEAR,DAYLIGHT,SIDESWIPE SAME DIRECTION,ONE-WAY,STRAIGHT AND LEVEL,DRY,NO DEFECTS,NO INJURY / DRIVE AWAY,"$501 - $1,500",IMPROPER LANE USAGE,NOT APPLICABLE,100,E,CHESTNUT ST,2,NO INDICATION OF INJURY,0.0,0.0,0.0,0.0,0.0,4.0,0.0,14,6,6
559d4dc1107ceb166d03b686fe3a7ccb07d16df21aa469067e212acbb504e31806a8b54e688575538e11e0e8ad822e68b6ecbb636b453e8d7b1d39ca335b619d,2017-09-02 19:15:00,20,NO CONTROLS,OTHER,RAIN,"DARKNESS, LIGHTED ROAD",PEDALCYCLIST,ONE-WAY,STRAIGHT AND LEVEL,WET,NO DEFECTS,NO INJURY / DRIVE AWAY,"$501 - $1,500",FOLLOWING TOO CLOSELY,FOLLOWING TOO CLOSELY,3631,W,ROSCOE ST,2,NO INDICATION OF INJURY,0.0,0.0,0.0,0.0,0.0,3.0,0.0,19,7,9
82b47f9e0b455056d21d80e58d60b6642eaecaaaafbe9cae6aeba920dbe7c33b2e24baadca0c0fd9a07be2626102e19522d6be533e86a7cefd403dc31d45b659,2021-05-22 21:30:00,30,TRAFFIC SIGNAL,FUNCTIONING PROPERLY,CLEAR,"DARKNESS, LIGHTED ROAD",TURNING,DIVIDED - W/MEDIAN BARRIER,STRAIGHT AND LEVEL,DRY,NO DEFECTS,INJURY AND / OR TOW DUE TO CRASH,"OVER $1,500",UNABLE TO DETERMINE,UNABLE TO DETERMINE,6901,S,STATE ST,3,NONINCAPACITATING INJURY,1.0,0.0,0.0,1.0,0.0,3.0,0.0,21,7,5
a43048f117a225826193baa143c70c56625391a54a1dad9e3e3db3018fec96faa0ad68f089001fbaaeb7550f370ccaebaca0fea5c6dce8ea38c30f19f2db583e,2018-10-22 09:01:00,30,TRAFFIC SIGNAL,FUNCTIONING PROPERLY,CLEAR,DAYLIGHT,TURNING,NOT DIVIDED,STRAIGHT AND LEVEL,DRY,NO DEFECTS,INJURY AND / OR TOW DUE TO CRASH,"OVER $1,500",DISREGARDING TRAFFIC SIGNALS,FAILING TO YIELD RIGHT-OF-WAY,5738,N,CLARK ST,2,NO INDICATION OF INJURY,0.0,0.0,0.0,0.0,0.0,2.0,0.0,9,2,10
2223e09e26e8ae20a1300ebe62e1d3999d21c4ff5ecac0bc0e4f7d85abc280d583d498a1c3d02000c241e078e62d9c5d948466a5577af2e3951c741de9ea1354,2017-02-02 07:00:00,30,TRAFFIC SIGNAL,FUNCTIONING IMPROPERLY,CLEAR,DAYLIGHT,REAR END,DIVIDED - W/MEDIAN (NOT RAISED),STRAIGHT AND LEVEL,SNOW OR SLUSH,NO DEFECTS,INJURY AND / OR TOW DUE TO CRASH,"OVER $1,500",FOLLOWING TOO CLOSELY,NOT APPLICABLE,3001,N,CENTRAL AVE,2,"REPORTED, NOT EVIDENT",1.0,0.0,0.0,0.0,1.0,1.0,0.0,7,5,2
dc012a576172c94d3a1e1b285427e95e442918f1cfb7bbca0c5ebbb698dfd98e660cdef0de6747a907f34519697ca08dae3a107104ed0e69c319fcba388f50d2,2018-05-03 12:39:00,30,NO CONTROLS,NO CONTROLS,CLEAR,DAYLIGHT,PEDALCYCLIST,NOT DIVIDED,STRAIGHT AND LEVEL,WET,NO DEFECTS,INJURY AND / OR TOW DUE TO CRASH,"$501 - $1,500",UNABLE TO DETERMINE,UNABLE TO DETERMINE,2243,W,NORTH AVE,2,NONINCAPACITATING INJURY,1.0,0.0,0.0,1.0,0.0,1.0,0.0,12,5,5
d1ba3e7094658a72bacc85a6981ae68cedf1cc47185cc9a73ad8815960746516d172af712afe820d83334cd6e5e07057fcd7248309c32b0a1b69e7a1d1131cd9,2023-05-09 09:47:00,30,NO CONTROLS,NO CONTROLS,UNKNOWN,UNKNOWN,PARKED MOTOR VEHICLE,OTHER,STRAIGHT AND LEVEL,DRY,NO DEFECTS,NO INJURY / DRIVE AWAY,"OVER $1,500",UNABLE TO DETERMINE,NOT APPLICABLE,2304,N,LEAVITT ST,2,NO INDICATION OF INJURY,0.0,0.0,0.0,0.0,0.0,1.0,0.0,9,3,5
a182a0f7606f556931ec485c5033cbcfb627888a409144d623df17d5d6cb228d3863759439086537298cddb7655ee00edd63a5632232a694d3b1ad9706dff0ee,2021-06-21 07:30:00,35,STOP SIGN/FLASHER,NO CONTROLS,CLEAR,DAYLIGHT,ANGLE,FOUR WAY,STRAIGHT AND LEVEL,DRY,NO DEFECTS,NO INJURY / DRIVE AWAY,"OVER $1,500",UNABLE TO DETERMINE,UNABLE TO DETERMINE,1900,W,ARMITAGE AVE,2,NO INDICATION OF INJURY,0.0,0.0,0.0,0.0,0.0,2.0,0.0,7,2,6
f1ac7c21f1a97646289ce1f28054896708a69afd43fe7f953b42f05e61ac99b80b5fe620ee4722c04238fc4bfe61645dc761fca04f7d6bd6907b0861152720b1,2018-02-07 14:10:00,30,STOP SIGN/FLASHER,FUNCTIONING PROPERLY,CLEAR,DAYLIGHT,ANGLE,NOT DIVIDED,STRAIGHT AND LEVEL,DRY,NO DEFECTS,NO INJURY / DRIVE AWAY,"OVER $1,500",DISREGARDING STOP SIGN,UNABLE TO DETERMINE,10200,S,WENTWORTH AVE,2,NO INDICATION OF INJURY,0.0,0.0,0.0,0.0,0.0,2.0,0.0,14,4,2
16c730a1681eccb16c4c6f5531dba7999c422f16a7402a7e19cd1aeca6729b18c48209b35062562a8c734df5dfdf723fa9250df8e019f3395916f86875df2dbf,2021-05-27 17:35:00,20,NO CONTROLS,NO CONTROLS,CLOUDY/OVERCAST,DAYLIGHT,PARKED MOTOR VEHICLE,NOT DIVIDED,STRAIGHT AND LEVEL,WET,NO DEFECTS,NO INJURY / DRIVE AWAY,"OVER $1,500",IMPROPER OVERTAKING/PASSING,NOT APPLICABLE,6320,S,MAYFIELD AVE,2,NO INDICATION OF INJURY,0.0,0.0,0.0,0.0,0.0,1.0,0.0,17,5,5
7446124b0e74f9de986f8edc4994210e215a95361a1d9c2dae6ba9ad270c292bea3e102d6d144371fcebafd81ed20ab59fb752b92b7d20c82ddf94d10d860e76,2022-10-24 16:52:00,35,NO CONTROLS,NO CONTROLS,CLEAR,DAYLIGHT,ANGLE,ALLEY,STRAIGHT AND LEVEL,DRY,NO DEFECTS,NO INJURY / DRIVE AWAY,"OVER $1,500",FAILING TO YIELD RIGHT-OF-WAY,UNABLE TO DETERMINE,815,N,LAWNDALE AVE,2,NO INDICATION OF INJURY,0.0,0.0,0.0,0.0,0.0,2.0,0.0,16,2,10
537a42a3b4090ab1a7e89ea3b8b366e957a148b51f3072a4115a5d9b0ea9879929933dcf4ce547037b2bc5f9cafa8398c967b2ead5b12c8c77190332223ca49c,2018-06-01 12:45:00,30,NO CONTROLS,NO CONTROLS,CLEAR,DAYLIGHT,PARKED MOTOR VEHICLE,ONE-WAY,STRAIGHT AND LEVEL,DRY,NO DEFECTS,NO INJURY / DRIVE AWAY,"OVER $1,500",NOT APPLICABLE,NOT APPLICABLE,6300,N,MOZART ST,2,NO INDICATION OF INJURY,0.0,0.0,0.0,0.0,0.0,1.0,0.0,12,6,6
893eab3975338cfede34b26a55039f5f6bb2ec5c02a706b97126db053c386f843bd7a5284222df08eb770427962989688dcde6a0e47e5d8b3fbf0b67e2df6f95,2020-01-17 21:15:00,30,TRAFFIC SIGNAL,FUNCTIONING PROPERLY,SNOW,"DARKNESS, LIGHTED ROAD",ANGLE,NOT DIVIDED,STRAIGHT AND LEVEL,SNOW OR SLUSH,UNKNOWN,NO INJURY / DRIVE AWAY,$500 OR LESS,FAILING TO YIELD RIGHT-OF-WAY,FAILING TO YIELD RIGHT-OF-WAY,699,W,BELDEN AVE,2,NO INDICATION OF INJURY,0.0,0.0,0.0,0.0,0.0,2.0,0.0,21,6,1
dfc7704f8db5fe4662b33c0cd44892352a147427098099c9c2aed1fe4492759afadebec6c03dd06a09883f7a0707880a94586e5fa9a807a598cc61db00338bd6,2017-09-11 17:00:00,30,STOP SIGN/FLASHER,FUNCTIONING PROPERLY,CLEAR,DAYLIGHT,ANGLE,NOT DIVIDED,STRAIGHT AND LEVEL,DRY,UNKNOWN,NO INJURY / DRIVE AWAY,"OVER $1,500",FAILING TO YIELD RIGHT-OF-WAY,NOT APPLICABLE,1132,W,GRAND AVE,2,NO INDICATION OF INJURY,0.0,0.0,0.0,0.0,0.0,2.0,0.0,17,2,9
b3a9644b8635f8028108826457bd2861cfe7c4fb5cfd295220e7792893d8dc3ac3383747d512b41661dd0e1707b28f60ebf7e8cab0b636dc9745ea1a75b2c668,2019-01-10 20:10:00,25,NO CONTROLS,NO CONTROLS,CLEAR,DAYLIGHT,REAR END,NOT DIVIDED,STRAIGHT AND LEVEL,DRY,NO DEFECTS,NO INJURY / DRIVE AWAY,"OVER $1,500",UNABLE TO DETERMINE,NOT APPLICABLE,100,E,31ST ST,2,NO INDICATION OF INJURY,0.0,0.0,0.0,0.0,0.0,2.0,0.0,20,5,1
efa53c864f4f5d718db795e168174c0904328b450d14f96e784cee81e90abde7a2fda763f02763ffaf74c7747226f7cfb5663825913ffd072a1b219ad95a12f8,2018-05-14 21:00:00,30,STOP SIGN/FLASHER,FUNCTIONING PROPERLY,CLOUDY/OVERCAST,"DARKNESS, LIGHTED ROAD",TURNING,NOT DIVIDED,STRAIGHT AND LEVEL,WET,NO DEFECTS,NO INJURY / DRIVE AWAY,"OVER $1,500","OPERATING VEHICLE IN ERRATIC, RECKLESS, CARELESS, NEGLIGENT OR AGGRESSIVE MANNER",NOT APPLICABLE,716,N,FRANKLIN ST,3,NO INDICATION OF INJURY,0.0,0.0,0.0,0.0,0.0,2.0,0.0,21,2,5
e0836021a78f4e57d5d0485a37ff0fabd2aac559adf7b6029eae5f9422a779e67161703387392f7427e2afa9199a181e1c5b0021ab5f8e8f370b330035f32524,2022-06-29 00:10:00,30,NO CONTROLS,NO CONTROLS,CLEAR,DAYLIGHT,PARKED MOTOR VEHICLE,NOT DIVIDED,STRAIGHT AND LEVEL,DRY,NO DEFECTS,NO INJURY / DRIVE AWAY,"OVER $1,500",UNABLE TO DETERMINE,UNABLE TO DETERMINE,735,W,35TH ST,2,NO INDICATION OF INJURY,0.0,0.0,0.0,0.0,0.0,1.0,0.0,0,4,6
77908d87ac6d8e2b7df0cb103c007cc04782995de14a00dca034f007b273ea6fe04b0ae7fcd0781f8a7da7d500ba35c78b0d10f9079e1285f43d27a931fb1a67,2018-07-28 13:15:00,25,TRAFFIC SIGNAL,FUNCTIONING PROPERLY,CLEAR,DAYLIGHT,TURNING,DIVIDED - W/MEDIAN (NOT RAISED),STRAIGHT AND LEVEL,DRY,NO DEFECTS,NO INJURY / DRIVE AWAY,"$501 - $1,500",IMPROPER OVERTAKING/PASSING,DRIVING SKILLS/KNOWLEDGE/EXPERIENCE,8100,S,COTTAGE GROVE AVE,2,NO INDICATION OF INJURY,0.0,0.0,0.0,0.0,0.0,2.0,0.0,13,7,7
1bb1f98953054626c2a228c61f8ff3ad397c5528fed8702e2fea71eaa8a09e658667133bb7d33b23938c85c11086b877b79815af9693b3b9e44bd5c6caaf8637,2022-07-26 09:18:00,25,NO CONTROLS,NO CONTROLS,CLEAR,DAYLIGHT,REAR TO FRONT,NOT DIVIDED,STRAIGHT AND LEVEL,DRY,NO DEFECTS,NO INJURY / DRIVE AWAY,"OVER $1,500",IMPROPER BACKING,NOT APPLICABLE,1024,W,FRY ST,2,NO INDICATION OF INJURY,0.0,0.0,0.0,0.0,0.0,2.0,0.0,9,3,7
fee4c38aa97c4cadd7c6494e1b7a3fcf98e87fd728f6b372025795c5ab3f5c1a193d7b388add857354f76c0cdc11dfbc24f9693f055e13b8d61c79c6f3bc2487,2020-05-31 13:00:00,30,NO CONTROLS,NO CONTROLS,CLEAR,DAYLIGHT,OTHER OBJECT,OTHER,STRAIGHT AND LEVEL,DRY,NO DEFECTS,INJURY AND / OR TOW DUE TO CRASH,"OVER $1,500",FAILING TO REDUCE SPEED TO AVOID CRASH,NOT APPLICABLE,305,E,132ND ST,1,NO INDICATION OF INJURY,0.0,0.0,0.0,0.0,0.0,1.0,0.0,13,1,5
bc25c2eee7625f4803f590bbd59a24f80f5e0e28e226a43f7b1cc83cc1935bf5ff4d70b2616925a2e95cc4d3328bdb7a130017646a3f0dbb4f3f735576fd6077,2020-08-27 23:51:00,30,TRAFFIC SIGNAL,FUNCTIONING PROPERLY,CLEAR,"DARKNESS, LIGHTED ROAD",TURNING,T-INTERSECTION,STRAIGHT AND LEVEL,DRY,NO DEFECTS,NO INJURY / DRIVE AWAY,$500 OR LESS,DISREGARDING TRAFFIC SIGNALS,NOT APPLICABLE,8259,S,WOODLAWN AVE,2,NO INDICATION OF INJURY,0.0,0.0,0.0,0.0,0.0,2.0,0.0,23,5,8