CRASH_RECORD_ID,CRASH_DATE,POSTED_SPEED_LIMIT,TRAFFIC_CONTROL_DEVICE,DEVICE_CONDITION,WEATHER_CONDITION,LIGHTING_CONDITION,FIRST_CRASH_TYPE,TRAFFICWAY_TYPE,ALIGNMENT,ROADWAY_SURFACE_COND,ROAD_DEFECT,CRASH_TYPE,DAMAGE,PRIM_CONTRIBUTORY_CAUSE,SEC_CONTRIBUTORY_CAUSE,STREET_NO,STREET_DIRECTION,STREET_NAME,NUM_UNITS,MOST_SEVERE_INJURY,INJURIES_TOTAL,INJURIES_FATAL,INJURIES_INCAPACITATING,INJURIES_NON_INCAPACITATING,INJURIES_REPORTED_NOT_EVIDENT,INJURIES_NO_INDICATION,INJURIES_UNKNOWN,CRASH_HOUR,CRASH_DAY_OF_WEEK,CRASH_MONTH
9ffec1c5bbfcdee03962e0e39deb57a186a384aa3f867c8dbef614e365b40bac0e356f081ce3123aad39159d475148b1a0ab11b668f687276458b16c83727f26,2017-09-28 21:50:00,35,TRAFFIC SIGNAL,FUNCTIONING PROPERLY,CLEAR,"DARKNESS, LIGHTED ROAD",TURNING,NOT DIVIDED,STRAIGHT AND LEVEL,DRY,NO DEFECTS,INJURY AND / OR TOW DUE TO CRASH,"OVER $1,500",FAILING TO YIELD RIGHT-OF-WAY,UNABLE TO DETERMINE,2426,N,ELSTON AVE,2,INCAPACITATING INJURY,1.0,0.0,1.0,0.0,0.0,1.0,0.0,21,5,9
70e8e6e65a2eb0163d9ccb8b114987b33c07e6622aadd61a0cc6d8a314b61f7291a131fbb855cd7841d58cd9bb23dce4f3065f8efd7fdb6edd14d6310bdde58f,2024-01-02 23:37:00,20,NO CONTROLS,NO CONTROLS,CLEAR,"DARKNESS, LIGHTED ROAD",PARKED MOTOR VEHICLE,NOT DIVIDED,STRAIGHT ON GRADE,DRY,UNKNOWN,INJURY AND / OR TOW DUE TO CRASH,"OVER $1,500",UNABLE TO DETERMINE,UNABLE TO DETERMINE,819,E,PERSHING RD,3,NO INDICATION OF INJURY,0.0,0.0,0.0,0.0,0.0,1.0,0.0,23,3,1
2037c386326eb9e6af766fe44db206ed3f24c75fd69f3fb6a711a862946bdaef408078c2fbbeaa7863cbfab177ef51e9f5f02ca5fdf79542efe987913e2f61ca,2021-03-01 13:15:00,30,TRAFFIC SIGNAL,NO CONTROLS,CLEAR,DAYLIGHT,SIDESWIPE SAME DIRECTION,NOT DIVIDED,STRAIGHT AND LEVEL,DRY,NO DEFECTS,NO INJURY / DRIVE AWAY,"OVER $1,500",IMPROPER OVERTAKING/PASSING,DRIVING SKILLS/KNOWLEDGE/EXPERIENCE,200,E,35TH ST,2,NO INDICATION OF INJURY,0.0,0.0,0.0,0.0,0.0,2.0,0.0,13,2,3
2bbe47da5242261491733f1296c92fcdb3ff84eada9cf00468fc56f509db3d229bc78546ef56b36c08a465ddbb2fba5a76ccf635a601f53d078c52ef9e354781,2019-07-24 23:10:00,30,NO CONTROLS,NO CONTROLS,UNKNOWN,"DARKNESS, LIGHTED ROAD",TURNING,NOT DIVIDED,STRAIGHT AND LEVEL,UNKNOWN,UNKNOWN,NO INJURY / DRIVE AWAY,"OVER $1,500",IMPROPER TURNING/NO SIGNAL,UNABLE TO DETERMINE,1450,N,PULASKI RD,2,NO INDICATION OF INJURY,0.0,0.0,0.0,0.0,0.0,2.0,0.0,23,4,7
9d71fa2a9b7af5b3253d3d53da838e41ed58f55a9f7530d607b461bf63a3dd2039fa9d892ebcba679ce943623b060f6e7c9fe6fb1613f2b9e946d67dee40acf1,2020-12-17 13:20:00,30,TRAFFIC SIGNAL,FUNCTIONING PROPERLY,CLEAR,DAYLIGHT,REAR END,NOT DIVIDED,STRAIGHT AND LEVEL,DRY,NO DEFECTS,NO INJURY / DRIVE AWAY,$500 OR LESS,NOT APPLICABLE,NOT APPLICABLE,1358,W,MARQUETTE RD,2,NO INDICATION OF INJURY,0.0,0.0,0.0,0.0,0.0,3.0,0.0,13,5,12
75bccc021fe87b22b243ee0088ab79e89f7454bb69654f5d884be53e3b49e4f3bdeb3eb8854b5df4a9beb0db79335d55ed4f60832db55a220d09682017cbabb5,2023-04-24 07:50:00,30,NO CONTROLS,NO CONTROLS,CLEAR,DAYLIGHT,REAR END,DIVIDED - W/MEDIAN (NOT RAISED),STRAIGHT AND LEVEL,UNKNOWN,UNKNOWN,NO INJURY / DRIVE AWAY,"$501 - $1,500",UNABLE TO DETERMINE,UNABLE TO DETERMINE,455,N,SACRAMENTO BLVD,2,NO INDICATION OF INJURY,0.0,0.0,0.0,0.0,0.0,2.0,0.0,7,2,4
835d5e4181d4a132f3408ef0f310ed5f7d64e4baf71067bde598f3f99775033de22a9482c08e1b06bcd82425d0b26ba3add0540825836960cb45688e3fc20d0d,2020-02-13 22:45:00,30,TRAFFIC SIGNAL,UNKNOWN,UNKNOWN,"DARKNESS, LIGHTED ROAD",REAR END,ONE-WAY,STRAIGHT AND LEVEL,UNKNOWN,UNKNOWN,NO INJURY / DRIVE AWAY,"OVER $1,500",UNABLE TO DETERMINE,NOT APPLICABLE,3,E,ONTARIO ST,2,NO INDICATION OF INJURY,0.0,0.0,0.0,0.0,0.0,2.0,0.0,22,5,2
17c0062f4d7c5dc87ccb7a778df629b0d68cebd5258c006e631c14f20139e1d3a51481f5cd8a295521e423509e2b0aa9eab28ecf6ea7910538fb8cd63ff529e4,2022-09-27 18:30:00,35,NO CONTROLS,NO CONTROLS,CLEAR,DAYLIGHT,ANGLE,NOT DIVIDED,STRAIGHT AND LEVEL,DRY,NO DEFECTS,NO INJURY / DRIVE AWAY,"OVER $1,500",UNABLE TO DETERMINE,NOT APPLICABLE,3610,N,WESTERN AVE,2,NO INDICATION OF INJURY,0.0,0.0,0.0,0.0,0.0,2.0,0.0,18,3,9
fbd8598dd47703307730acffffd5d4bb3f7e20ccffd23ab0a76a871c534c511549da2b7704b2b2c718bd25b1463b9837552e09f344d907aa6c2a9c842908cf39,2023-10-27 14:45:00,30,TRAFFIC SIGNAL,UNKNOWN,CLEAR,DAYLIGHT,HEAD ON,FOUR WAY,STRAIGHT AND LEVEL,DRY,UNKNOWN,NO INJURY / DRIVE AWAY,"$501 - $1,500",DISREGARDING TRAFFIC SIGNALS,FAILING TO REDUCE SPEED TO AVOID CRASH,7500,S,SOUTH CHICAGO AVE,2,NO INDICATION OF INJURY,0.0,0.0,0.0,0.0,0.0,3.0,0.0,14,6,10
2b39c1b1852b030641ab7c3e5734731bf520f8975d6462a86ce4ebacadd50eef5cad99653dc623540462d66a41e039cf94d1d2721bea415094dd82575a87bc9a,2023-12-17 17:15:00,30,NO CONTROLS,NO CONTROLS,CLOUDY/OVERCAST,DUSK,SIDESWIPE SAME DIRECTION,NOT DIVIDED,STRAIGHT AND LEVEL,UNKNOWN,NO DEFECTS,NO INJURY / DRIVE AWAY,"OVER $1,500",IMPROPER OVERTAKING/PASSING,FOLLOWING TOO CLOSELY,3058,W,PETERSON AVE,2,NO INDICATION OF INJURY,0.0,0.0,0.0,0.0,0.0,2.0,0.0,17,1,12
3028233d51a9c9357cbe2c86dfeb8bdfdf9fd9839ea732600d2aaa1ca24465e7e134900e1c661b9dbad94450c94861f99606ad7c4b07264d43ad4f927cda990c,2021-05-26 17:20:00,30,TRAFFIC SIGNAL,FUNCTIONING PROPERLY,CLEAR,DAYLIGHT,PEDESTRIAN,ONE-WAY,STRAIGHT AND LEVEL,DRY,UNKNOWN,NO INJURY / DRIVE AWAY,$500 OR LESS,OBSTRUCTED CROSSWALKS,"EVASIVE ACTION DUE TO ANIMAL, OBJECT, NONMOTORIST",1,S,JEFFERSON ST,2,NO INDICATION OF INJURY,0.0,0.0,0.0,0.0,0.0,2.0,0.0,17,4,5
564723a1d51e889d7b7bc002882ad775435916bf5cbf207565f970274272e9f1720d77f66f4cbc0be736d6695079f18eca80c4b78d15f9f12473d183200bc875,2019-05-25 18:13:00,30,NO CONTROLS,NO CONTROLS,CLEAR,DAYLIGHT,PARKED MOTOR VEHICLE,NOT DIVIDED,STRAIGHT AND LEVEL,DRY,NO DEFECTS,NO INJURY / DRIVE AWAY,$500 OR LESS,IMPROPER OVERTAKING/PASSING,NOT APPLICABLE,346,W,97TH ST,2,NO INDICATION OF INJURY,0.0,0.0,0.0,0.0,0.0,1.0,0.0,18,7,5
a65509e3bd4b1d52dd56c1500c5f2efba03e9800ac587a88aaa7ac93cd937cd9d97731e5b093054ff0cf3e16bde62aff77f2f786da6f17a38c1b48ee31f12faf,2019-01-01 07:30:00,30,NO CONTROLS,NO CONTROLS,CLEAR,DAYLIGHT,FIXED OBJECT,NOT DIVIDED,STRAIGHT ON GRADE,WET,"RUT, HOLES",NO INJURY / DRIVE AWAY,$500 OR LESS,ROAD ENGINEERING/SURFACE/MARKING DEFECTS,UNABLE TO DETERMINE,2110,S,CANAL ST,1,NO INDICATION OF INJURY,0.0,0.0,0.0,0.0,0.0,1.0,0.0,7,3,1
5cf814d5d123610c828b6aa127ab1f5d1c894a9b102211dd5482ce34f0ab36bb0a88e303a9ffb9e2d907efb5b494fd2658891ab2a78a2baed7b9ef19b8382067,2024-04-21 15:15:00,30,TRAFFIC SIGNAL,FUNCTIONING PROPERLY,CLEAR,DAYLIGHT,ANGLE,FOUR WAY,STRAIGHT AND LEVEL,DRY,NO DEFECTS,NO INJURY / DRIVE AWAY,"OVER $1,500",UNABLE TO DETERMINE,NOT APPLICABLE,3100,S,CENTRAL PARK AVE,2,NO INDICATION OF INJURY,0.0,0.0,0.0,0.0,0.0,2.0,0.0,15,1,4
1b53ac44612d6347f37259141cd1df1190f2cbe46f5406edd743d8e3573653fa069e44f9be93541a20f0173d72f0a094168cd7307de17ac5effa7296895f1ca9,2018-12-01 18:45:00,30,NO CONTROLS,NO CONTROLS,CLEAR,"DARKNESS, LIGHTED ROAD",REAR END,NOT DIVIDED,STRAIGHT AND LEVEL,WET,NO DEFECTS,NO INJURY / DRIVE AWAY,"OVER $1,500",FOLLOWING TOO CLOSELY,UNABLE TO DETERMINE,6474,N,MILWAUKEE AVE,2,NO INDICATION OF INJURY,0.0,0.0,0.0,0.0,0.0,3.0,0.0,18,7,12
098b2d1d2db3297a666e8f7bc03491867c0066964386284c28507e89de9400247e79503943d2f279bd0c5ca588da65f2fb375ff24b7ec1d4caaa21118261fa06,2019-12-16 15:08:00,30,NO CONTROLS,NO CONTROLS,CLEAR,DAYLIGHT,SIDESWIPE SAME DIRECTION,NOT DIVIDED,STRAIGHT AND LEVEL,DRY,NO DEFECTS,NO INJURY / DRIVE AWAY,"$501 - $1,500",FOLLOWING TOO CLOSELY,DRIVING SKILLS/KNOWLEDGE/EXPERIENCE,1200,S,STATE ST,2,NO INDICATION OF INJURY,0.0,0.0,0.0,0.0,0.0,2.0,0.0,15,2,12
5cb3107ae531de1e44ba9dd356ee20ac52c0b4fc45f3f02e14a38dfa36e120032cc26ac3cfa3eb3e9bc3ef03b5069c13d60d8f2e7d6d11db05ef3266d399cf85,2022-08-05 22:45:00,30,NO CONTROLS,NO CONTROLS,CLEAR,DARKNESS,PARKED MOTOR VEHICLE,NOT DIVIDED,STRAIGHT AND LEVEL,DRY,NO DEFECTS,NO INJURY / DRIVE AWAY,"OVER $1,500",UNABLE TO DETERMINE,UNABLE TO DETERMINE,210,S,DESPLAINES ST,2,NO INDICATION OF INJURY,0.0,0.0,0.0,0.0,0.0,1.0,0.0,22,6,8
a3ce43466943573de71d59fe7a8ab6adf2278c84439d1e304587609090cf06c858fa4e28ca81f1fff3dc459141a36322f4c26b76e713017094786db4de5fedbf,2023-03-22 22:25:00,30,NO CONTROLS,NO CONTROLS,RAIN,"DARKNESS, LIGHTED ROAD",TURNING,NOT DIVIDED,STRAIGHT AND LEVEL,WET,NO DEFECTS,INJURY AND / OR TOW DUE TO CRASH,"OVER $1,500",UNABLE TO DETERMINE,UNABLE TO DETERMINE,214,S,WOOD ST,2,"REPORTED, NOT EVIDENT",1.0,0.0,0.0,0.0,1.0,2.0,0.0,22,4,3
1f4f61ea940f11b9173d50dbfb73e8b3c8c18ea4060868ca674afca2866eeef6ed00d44def1b030913d20e31ab6f1fdd315aae1b03d5eaceac0d932953fa2cd1,2023-07-07 11:30:00,30,NO CONTROLS,NO CONTROLS,CLEAR,DAYLIGHT,ANGLE,NOT DIVIDED,STRAIGHT AND LEVEL,DRY,NO DEFECTS,NO INJURY / DRIVE AWAY,"OVER $1,500",UNABLE TO DETERMINE,UNABLE TO DETERMINE,2221,N,ELSTON AVE,2,NO INDICATION OF INJURY,0.0,0.0,0.0,0.0,0.0,2.0,0.0,11,6,7
c9879f5c24fafe9e4d9a8a58ab7b82b6d2c07c3f7b391023f469d8811b313a3b1b9a700143f9a77f4a594db0eaf8118cec53b8b093df6cafbc4bc6e3caa9c96a,2018-11-14 13:50:00,25,NO CONTROLS,NO CONTROLS,CLEAR,DAYLIGHT,PARKED MOTOR VEHICLE,NOT DIVIDED,STRAIGHT AND LEVEL,DRY,NO DEFECTS,NO INJURY / DRIVE AWAY,"$501 - $1,500",DRIVING SKILLS/KNOWLEDGE/EXPERIENCE,UNABLE TO DETERMINE,1744,W,87TH ST,2,NO INDICATION OF INJURY,0.0,0.0,0.0,0.0,0.0,1.0,0.0,13,4,11
717cb83693a60e0c9bc610f72c85d8188158398e981373076e26ff5543065a8a34876c529f0ca9a12a96504cd955f0d6097420837405ea1057d3495c522c1e78,2018-05-31 13:11:00,30,TRAFFIC SIGNAL,FUNCTIONING PROPERLY,CLEAR,DAYLIGHT,ANGLE,DIVIDED - W/MEDIAN (NOT RAISED),STRAIGHT AND LEVEL,DRY,NO DEFECTS,INJURY AND / OR TOW DUE TO CRASH,"OVER $1,500",EQUIPMENT - VEHICLE CONDITION,NOT APPLICABLE,3200,W,BELMONT AVE,2,NO INDICATION OF INJURY,0.0,0.0,0.0,0.0,0.0,5.0,0.0,13,5,5
094a7eab2280f42715a252eec8d3ffa87a1de3cb6f1ffcdbb32303d03081d99daa4fad4b2ecf14ca3d43a475bb6e7be5eaceba1948587aef399a55f0ace16c6b,2020-07-13 22:30:00,25,NO CONTROLS,NO CONTROLS,CLEAR,"DARKNESS, LIGHTED ROAD",FIXED OBJECT,ONE-WAY,STRAIGHT AND LEVEL,DRY,NO DEFECTS,NO INJURY / DRIVE AWAY,$500 OR LESS,DISTRACTION - FROM OUTSIDE VEHICLE,NOT APPLICABLE,4950,S,CHICAGO BEACH DR,1,NO INDICATION OF INJURY,0.0,0.0,0.0,0.0,0.0,3.0,0.0,22,2,7
1e5c0c146c425784c85cfe9f0e0ee25ab44d259fec6993d28fc130b35ae87c5ecabbaa2859efc2aa69902dca59ee31f49c5f0e0303b479a57b38969330133966,2021-06-19 08:00:00,25,NO CONTROLS,NO CONTROLS,CLEAR,DAYLIGHT,PARKED MOTOR VEHICLE,ONE-WAY,STRAIGHT AND LEVEL,DRY,NO DEFECTS,NO INJURY / DRIVE AWAY,"OVER $1,500",UNABLE TO DETERMINE,NOT APPLICABLE,48,N,WALLER AVE,2,NO INDICATION OF INJURY,0.0,0.0,0.0,0.0,0.0,1.0,0.0,8,7,6
abd8cda3cf0abb9ce4874593b048ae4d749feaf573a87e7d564bbab867bffa6f12918218ba50ddd58ac1bfade215453b37e2f8be0e40540480ef2d5fc07c0e4a,2019-10-23 18:45:00,30,NO CONTROLS,NO CONTROLS,CLEAR,"DARKNESS, LIGHTED ROAD",REAR END,NOT DIVIDED,STRAIGHT AND LEVEL,DRY,NO DEFECTS,NO INJURY / DRIVE AWAY,"OVER $1,500",FOLLOWING TOO CLOSELY,UNABLE TO DETERMINE,600,W,DIVERSEY PKWY,2,NO INDICATION OF INJURY,0.0,0.0,0.0,0.0,0.0,2.0,0.0,18,4,10
dc5e2beb14509f4fb1ff9361877524351ffc007a4f7d0729ed3d3bb0eee73fea04cf5b095e366e455d92f112a16b8506be74e0d0b2e213f41a6be58bf6e2d764,2024-02-08 11:00:00,30,NO CONTROLS,NO CONTROLS,CLEAR,DAYLIGHT,FIXED OBJECT,NOT DIVIDED,STRAIGHT AND LEVEL,UNKNOWN,UNKNOWN,NO INJURY / DRIVE AWAY,"OVER $1,500",IMPROPER OVERTAKING/PASSING,IMPROPER OVERTAKING/PASSING,1144,W,VAN BUREN ST,1,NO INDICATION OF INJURY,0.0,0.0,0.0,0.0,0.0,1.0,0.0,11,5,2
f05ec2664b3c260b133dafa71d0405c689dea03d5e8b023b93bd5285e351031bb2f2d62c42c78705c8acb3e451e9fd45321d6ae05dfb11cdbb70d3268f1218f0,2021-02-13 07:30:00,20,NO CONTROLS,NO CONTROLS,SNOW,DAYLIGHT,REAR END,PARKING LOT,STRAIGHT AND LEVEL,SNOW OR SLUSH,NO DEFECTS,NO INJURY / DRIVE AWAY,"OVER $1,500",WEATHER,WEATHER,5545,W,DIVERSEY AVE,2,NO INDICATION OF INJURY,0.0,0.0,0.0,0.0,0.0,3.0,0.0,7,7,2
ea458729d999f15cd59fd0ee768fa0367b60f1e3379d176bc54b929dc7cee7779335b94dd1edf0935a2f47aa4f20970610dc77520996d757b6acb6a15219f1ff,2017-11-17 10:55:00,30,NO CONTROLS,NO CONTROLS,CLEAR,DAYLIGHT,REAR END,DIVIDED - W/MEDIAN (NOT RAISED),STRAIGHT AND LEVEL,DRY,NO DEFECTS,NO INJURY / DRIVE AWAY,"$501 - $1,500",UNABLE TO DETERMINE,NOT APPLICABLE,100,E,71ST ST,2,NO INDICATION OF INJURY,0.0,0.0,0.0,0.0,0.0,3.0,0.0,10,6,11
3ad0a4cc8b6c76ba9a9dd3532d696cce11ac827610d3623d2772339468c2555136adfa185473b907e61c454be3022217af5d9f00d912605c7797a12602c3c6b0,2021-01-01 01:51:00,35,NO CONTROLS,NO CONTROLS,CLEAR,"DARKNESS, LIGHTED ROAD",FIXED OBJECT,DIVIDED - W/MEDIAN BARRIER,"CURVE, LEVEL",DRY,NO DEFECTS,INJURY AND / OR TOW DUE TO CRASH,"OVER $1,500","OPERATING VEHICLE IN ERRATIC, RECKLESS, CARELESS, NEGLIGENT OR AGGRESSIVE MANNER","OPERATING VEHICLE IN ERRATIC, RECKLESS, CARELESS, NEGLIGENT OR AGGRESSIVE MANNER",1000,N,LAKE SHORE DR SB,1,NO INDICATION OF INJURY,0.0,0.0,0.0,0.0,0.0,5.0,0.0,1,6,1
1523f9860bd5078dc2b28d402ee2610290e60073bdefd57a60080df87ec7da00cd08bf4c715a4c254ab3d43c8be2401cd823fc3ea52dc0433139b71f39429d43,2021-12-21 19:53:00,30,TRAFFIC SIGNAL,FUNCTIONING PROPERLY,CLEAR,"DARKNESS, LIGHTED ROAD",REAR END,NOT DIVIDED,STRAIGHT AND LEVEL,DRY,NO DEFECTS,NO INJURY / DRIVE AWAY,"OVER $1,500",FOLLOWING TOO CLOSELY,FAILING TO REDUCE SPEED TO AVOID CRASH,209,W,CERMAK RD,3,NO INDICATION OF INJURY,0.0,0.0,0.0,0.0,0.0,3.0,0.0,19,3,12
bca53de242b1f0e22ae8e9ecacb184f8174b078ad1c47086444c8e505a8c539bcb79c16fcc7d03ea3fac7c5b6af1f64da9ca71b560f03a4deb96bd56bce5aa30,2018-04-22 00:30:00,15,NO CONTROLS,UNKNOWN,UNKNOWN,"DARKNESS, LIGHTED ROAD",FIXED OBJECT,ALLEY,STRAIGHT AND LEVEL,UNKNOWN,NO DEFECTS,NO INJURY / DRIVE AWAY,"OVER $1,500",IMPROPER BACKING,NOT APPLICABLE,4653,S,EMERALD AVE,1,NO INDICATION OF INJURY,0.0,0.0,0.0,0.0,0.0,1.0,0.0,0,1,4
bc6a13e1ff23702e58c1c1036ef4d68ba6f4919a2a0b882b7a7792024ffb7bded2e6bcca97d7f39107b7a5975266f88005ff60e51ac87a5b7a095bd0edd1b44c,2023-04-15 16:45:00,30,TRAFFIC SIGNAL,FUNCTIONING PROPERLY,CLEAR,DAYLIGHT,ANGLE,DIVIDED - W/MEDIAN (NOT RAISED),STRAIGHT AND LEVEL,DRY,NO DEFECTS,INJURY AND / OR TOW DUE TO CRASH,"OVER $1,500",UNABLE TO DETERMINE,UNABLE TO DETERMINE,3004,E,100TH ST,2,NO INDICATION OF INJURY,0.0,0.0,0.0,0.0,0.0,2.0,0.0,16,7,4
861c8497647072a8fae7dc70f5b4594f990cf2f96d896a73f58453f32efe80246098b1188296e3bdac8f4b305a40c455066c62186160beb6c1e080cfed238d37,2016-01-18 14:40:00,30,STOP SIGN/FLASHER,NO CONTROLS,CLEAR,DAYLIGHT,ANGLE,NOT DIVIDED,STRAIGHT AND LEVEL,DRY,NO DEFECTS,INJURY AND / OR TOW DUE TO CRASH,"OVER $1,500",DISREGARDING STOP SIGN,FAILING TO REDUCE SPEED TO AVOID CRASH,7400,S,YATES BLVD,2,NO INDICATION OF INJURY,0.0,0.0,0.0,0.0,0.0,4.0,0.0,14,2,1
c2c7ec5d2bc47a757ebd7e60f6a2ccccf3cf966926b389747ae03ed3fca08551f629c159d03b29f7628b94304ca0a1f59c7345fd66e8bce5d57695fe07093d0e,2020-02-09 13:25:00,30,NO CONTROLS,NO CONTROLS,CLEAR,DAYLIGHT,SIDESWIPE SAME DIRECTION,NOT DIVIDED,STRAIGHT AND LEVEL,DRY,NO DEFECTS,NO INJURY / DRIVE AWAY,$500 OR LESS,UNABLE TO DETERMINE,NOT APPLICABLE,7400,N,WESTERN AVE,2,NO INDICATION OF INJURY,0.0,0.0,0.0,0.0,0.0,2.0,0.0,13,1,2
8f5484e13bf6eebfda4ae1ca036214ed9c9667b4b3800beb6ba9952e7d826e9f962e382949451d98d2f8183ec9b1ede143d37f8f7313855c7ccf076b764c74f1,2018-05-27 16:40:00,30,NO CONTROLS,NO CONTROLS,CLEAR,DAYLIGHT,SIDESWIPE SAME DIRECTION,NOT DIVIDED,STRAIGHT AND LEVEL,DRY,NO DEFECTS,INJURY AND / OR TOW DUE TO CRASH,"OVER $1,500",IMPROPER OVERTAKING/PASSING,UNABLE TO DETERMINE,3100,W,MADISON ST,2,NO INDICATION OF INJURY,0.0,0.0,0.0,0.0,0.0,2.0,0.0,16,1,5
944477908c3f2aac6140c54f297b52f3fed6ce910e2bd1009a56af8bc8e89b7fea16f2ccda6fedf211cad338b7dc9f3f51d077665115fcb03cefc7bde7c3be71,2017-08-27 12:13:00,30,TRAFFIC SIGNAL,FUNCTIONING PROPERLY,CLEAR,DAYLIGHT,REAR END,DIVIDED - W/MEDIAN (NOT RAISED),STRAIGHT AND LEVEL,DRY,NO DEFECTS,NO INJURY / DRIVE AWAY,"OVER $1,500",FAILING TO REDUCE SPEED TO AVOID CRASH,NOT APPLICABLE,5500,S,CICERO AVE,2,NO INDICATION OF INJURY,0.0,0.0,0.0,0.0,0.0,2.0,0.0,12,1,8
c006b4013781fd8bfa09cb572a4f80d70e39b5d61ce766fd953d781d19a4f68b467fb6e61f70c476dfda155783ac861353ec5b9818e6017c0f9ee3d74674bb4a,2023-01-14 10:00:00,30,NO CONTROLS,NO CONTROLS,CLEAR,DAYLIGHT,TURNING,NOT DIVIDED,STRAIGHT AND LEVEL,DRY,NO DEFECTS,NO INJURY / DRIVE AWAY,"$501 - $1,500",IMPROPER OVERTAKING/PASSING,NOT APPLICABLE,316,E,71ST ST,2,NO INDICATION OF INJURY,0.0,0.0,0.0,0.0,0.0,2.0,0.0,10,7,1
879b686a416b6022d8d6a27e620d6d5ad499d67564e86d63c41ec343b183a5d1f04e69364c4a69ee2345daec3ac905edbcc21f4f75121a458edf122d8f89545d,2019-12-13 14:45:00,25,NO CONTROLS,NO CONTROLS,CLEAR,DAYLIGHT,SIDESWIPE SAME DIRECTION,NOT DIVIDED,STRAIGHT AND LEVEL,DRY,NO DEFECTS,NO INJURY / DRIVE AWAY,"OVER $1,500",IMPROPER LANE USAGE,UNABLE TO DETERMINE,2701,W,111TH ST,2,NO INDICATION OF INJURY,0.0,0.0,0.0,0.0,0.0,3.0,0.0,14,6,12
ff66b56465f93af4705f1e20cd172b1b0f69f9084a58d67784697c9bd6a7aef8b2097384cc617607dc4da0701fdceb14b7a2a1e09b9fb1a1f05cf1a02bb91645,2016-02-27 08:30:00,30,STOP SIGN/FLASHER,FUNCTIONING PROPERLY,CLEAR,DAYLIGHT,SIDESWIPE SAME DIRECTION,DIVIDED - W/MEDIAN (NOT RAISED),STRAIGHT AND LEVEL,DRY,NO DEFECTS,NO INJURY / DRIVE AWAY,"OVER $1,500",IMPROPER LANE USAGE,UNABLE TO DETERMINE,4801,W,NORTH AVE,2,NO INDICATION OF INJURY,0.0,0.0,0.0,0.0,0.0,2.0,0.0,8,7,2
d4f28956c1daa20874235824c9833f0af6ac30fe36d2dba0a6d9b87a70d34b29f63e74524db80b964c03491a6871ad3a18e7156dac5208623c2a458b28894898,2017-09-23 08:30:00,30,TRAFFIC SIGNAL,FUNCTIONING PROPERLY,CLEAR,DAYLIGHT,SIDESWIPE SAME DIRECTION,DIVIDED - W/MEDIAN (NOT RAISED),STRAIGHT AND LEVEL,DRY,NO DEFECTS,NO INJURY / DRIVE AWAY,"OVER $1,500",IMPROPER LANE USAGE,NOT APPLICABLE,630,W,WASHINGTON BLVD,2,NO INDICATION OF INJURY,0.0,0.0,0.0,0.0,0.0,2.0,0.0,8,7,9
6a6ae5717117fb20b4adf055294a141f6b20f023f7ea2889f47f525008da42698015fefc35d2e37f24bd03b8b75c455dd5348e3991ef766d41b55b0bce946b24,2021-07-21 22:30:00,10,NO CONTROLS,NO CONTROLS,CLEAR,"DARKNESS, LIGHTED ROAD",SIDESWIPE OPPOSITE DIRECTION,NOT DIVIDED,STRAIGHT AND LEVEL,DRY,UNKNOWN,NO INJURY / DRIVE AWAY,"OVER $1,500",UNABLE TO DETERMINE,UNABLE TO DETERMINE,7239,S,HAMLIN AVE,2,NO INDICATION OF INJURY,0.0,0.0,0.0,0.0,0.0,2.0,0.0,22,4,7
3fe1f94a528479b4df013478df06b0fc6480e66d3d6d1ea1095a3dd62f20bd69be13d2affcbd3ba82ef94af2eac8b4d01d044b133a05f7b3c7a885d8d2801dcf,2022-10-15 16:48:00,30,STOP SIGN/FLASHER,FUNCTIONING PROPERLY,CLEAR,DAYLIGHT,REAR END,FOUR WAY,STRAIGHT AND LEVEL,DRY,NO DEFECTS,NO INJURY / DRIVE AWAY,"$501 - $1,500",DRIVING SKILLS/KNOWLEDGE/EXPERIENCE,FAILING TO REDUCE SPEED TO AVOID CRASH,7042,W,GRAND AVE,2,NO INDICATION OF INJURY,0.0,0.0,0.0,0.0,0.0,4.0,0.0,16,7,10
df7348d7e8bc97e8e6c985e3fdfff781d56a98796916659eea1971b28c9bb4405a4a9d9a892fe2ad90133f68ee91d0e5c5d5215c82c0533cdb3141779f036b79,2019-04-27 17:00:00,30,NO CONTROLS,NO CONTROLS,UNKNOWN,DAYLIGHT,SIDESWIPE SAME DIRECTION,ONE-WAY,STRAIGHT AND LEVEL,UNKNOWN,UNKNOWN,NO INJURY / DRIVE AWAY,"OVER $1,500",UNABLE TO DETERMINE,UNABLE TO DETERMINE,4322,N,MENARD AVE,2,NO INDICATION OF INJURY,0.0,0.0,0.0,0.0,0.0,2.0,0.0,17,7,4
2df94a0e1ae006583932c5458a1ccb7e064b89c23f701411fd870b0d14aeb86a1055e3f849aedd89ff7ddd72d37d037acca777401efbf6059c2b3eaeca3bb487,2018-07-03 19:00:00,30,NO CONTROLS,NO CONTROLS,CLEAR,DAYLIGHT,PARKED MOTOR VEHICLE,NOT DIVIDED,STRAIGHT AND LEVEL,DRY,NO DEFECTS,NO INJURY / DRIVE AWAY,"OVER $1,500",FAILING TO YIELD RIGHT-OF-WAY,FOLLOWING TOO CLOSELY,5322,N,MOBILE AVE,2,NO INDICATION OF INJURY,0.0,0.0,0.0,0.0,0.0,4.0,0.0,19,3,7