CRASH_RECORD_ID,CRASH_DATE,POSTED_SPEED_LIMIT,TRAFFIC_CONTROL_DEVICE,DEVICE_CONDITION,WEATHER_CONDITION,LIGHTING_CONDITION,FIRST_CRASH_TYPE,TRAFFICWAY_TYPE,ALIGNMENT,ROADWAY_SURFACE_COND,ROAD_DEFECT,CRASH_TYPE,DAMAGE,PRIM_CONTRIBUTORY_CAUSE,SEC_CONTRIBUTORY_CAUSE,STREET_NO,STREET_DIRECTION,STREET_NAME,NUM_UNITS,MOST_SEVERE_INJURY,INJURIES_TOTAL,INJURIES_FATAL,INJURIES_INCAPACITATING,INJURIES_NON_INCAPACITATING,INJURIES_REPORTED_NOT_EVIDENT,INJURIES_NO_INDICATION,INJURIES_UNKNOWN,CRASH_HOUR,CRASH_DAY_OF_WEEK,CRASH_MONTH
3797e7ab314e457fbdd16c7fe4104cdcb4f56aa3e694b408b1eaffb844b0928662be173db0a445724cbc3a3f6f1a7b04ee5a38a11ad904822cff27c1f562af47,2018-03-18 22:39:00,30,TRAFFIC SIGNAL,FUNCTIONING PROPERLY,CLEAR,"DARKNESS, LIGHTED ROAD",REAR END,NOT DIVIDED,STRAIGHT AND LEVEL,DRY,NO DEFECTS,NO INJURY / DRIVE AWAY,"OVER $1,500",FAILING TO REDUCE SPEED TO AVOID CRASH,FOLLOWING TOO CLOSELY,9501,S,WESTERN AVE,3,NO INDICATION OF INJURY,0.0,0.0,0.0,0.0,0.0,3.0,0.0,22,1,3
16b3ab1639e0d1c8929befc489780ce17d4e02174c7616e4b06e48fa2dc9fb3e57a9b7632aac5d568cf9c8cb2801cc9b2ebcba4f28323c24d5eea15b794c0a56,2020-10-28 16:32:00,30,TRAFFIC SIGNAL,FUNCTIONING PROPERLY,CLEAR,DAYLIGHT,REAR END,NOT DIVIDED,STRAIGHT AND LEVEL,DRY,NO DEFECTS,NO INJURY / DRIVE AWAY,"OVER $1,500",DISTRACTION - FROM INSIDE VEHICLE,NOT APPLICABLE,4799,N,ASHLAND AVE,2,NO INDICATION OF INJURY,0.0,0.0,0.0,0.0,0.0,5.0,0.0,16,4,10
c58830d6e685511b381021bcce4fe2694ac0c99f7af698fea05b974d4659d58628af65e018dc043ab25bc0750ba31922f2ee6f3f4685f1b8b586f78212cc78da,2022-12-23 20:00:00,30,NO CONTROLS,NO CONTROLS,CLEAR,"DARKNESS, LIGHTED ROAD",TURNING,DIVIDED - W/MEDIAN BARRIER,STRAIGHT AND LEVEL,DRY,NO DEFECTS,NO INJURY / DRIVE AWAY,"OVER $1,500",WEATHER,NOT APPLICABLE,10000,W,OHARE ST,2,NO INDICATION OF INJURY,0.0,0.0,0.0,0.0,0.0,2.0,0.0,20,6,12
c2116154df73da1c7f69ca88fde00211c786d4aeccb2b6492779e9bef852e33b2ada5d56ca67ef776a094196a38cc40a380a44bf4e0b6ac88e5a3026b5ca7b5e,2023-04-19 13:55:00,30,UNKNOWN,UNKNOWN,CLEAR,DAYLIGHT,REAR END,FOUR WAY,STRAIGHT AND LEVEL,DRY,NO DEFECTS,NO INJURY / DRIVE AWAY,"OVER $1,500",FOLLOWING TOO CLOSELY,NOT APPLICABLE,8700,S,ST LAWRENCE AVE,2,NO INDICATION OF INJURY,0.0,0.0,0.0,0.0,0.0,3.0,0.0,13,4,4
b322c6852f0660d441591d7d60a2bed846285e41a665a5bf4d1d0caba13764cfda0e05462bb9fa995c7ca485905429473f562c82b75527e49d48a8a588fbd3b9,2016-01-11 13:25:00,30,NO CONTROLS,NO CONTROLS,CLEAR,DAYLIGHT,SIDESWIPE SAME DIRECTION,DIVIDED - W/MEDIAN (NOT RAISED),STRAIGHT AND LEVEL,DRY,NO DEFECTS,NO INJURY / DRIVE AWAY,$500 OR LESS,UNABLE TO DETERMINE,NOT APPLICABLE,100,W,KINZIE ST,2,NO INDICATION OF INJURY,0.0,0.0,0.0,0.0,0.0,2.0,0.0,13,2,1
a700ed9b91e767be3661c3aaaa05f15ba212a297d893ff3cbef53ce0bcbca7b60e0e574bf93b86abb4f211d8810c4a34fd32ed276df79d26e1ec7d722d275751,2022-09-28 20:15:00,30,STOP SIGN/FLASHER,FUNCTIONING PROPERLY,CLEAR,"DARKNESS, LIGHTED ROAD",ANGLE,ONE-WAY,STRAIGHT AND LEVEL,DRY,NO DEFECTS,NO INJURY / DRIVE AWAY,"OVER $1,500",UNABLE TO DETERMINE,UNABLE TO DETERMINE,8100,S,JUSTINE ST,2,NO INDICATION OF INJURY,0.0,0.0,0.0,0.0,0.0,2.0,0.0,20,4,9
046bf7fcbb12a89e3d2190e6995d3718ae2f53c9794c09bf75918d19df5c4c7e475a4fda56942704b2f9f6d01f0a6083280ec228c3fedd8775d7aec38744e3b0,2019-12-22 04:10:00,45,NO CONTROLS,NOT FUNCTIONING,CLEAR,DARKNESS,FIXED OBJECT,ONE-WAY,STRAIGHT AND LEVEL,WET,NO DEFECTS,INJURY AND / OR TOW DUE TO CRASH,"OVER $1,500",UNABLE TO DETERMINE,UNABLE TO DETERMINE,4207,S,LAKE SHORE DR NB,1,NO INDICATION OF INJURY,0.0,0.0,0.0,0.0,0.0,1.0,0.0,4,1,12
b96bbb238a092333a8aea90a9b6c01f12efa24f3e43bf8d4da551df8fda00236285478adeb35ae4022afcf4dc1cfdd9abf0d9e41c4b0a52b2786cee07c82d497,2023-11-15 20:17:00,30,TRAFFIC SIGNAL,FUNCTIONING PROPERLY,CLEAR,"DARKNESS, LIGHTED ROAD",TURNING,DIVIDED - W/MEDIAN (NOT RAISED),STRAIGHT AND LEVEL,DRY,NO DEFECTS,INJURY AND / OR TOW DUE TO CRASH,"OVER $1,500",IMPROPER TURNING/NO SIGNAL,UNABLE TO DETERMINE,1198,E,103RD ST,2,NO INDICATION OF INJURY,0.0,0.0,0.0,0.0,0.0,2.0,0.0,20,4,11
26228d171e0ddc2597e4e806a414b3b633c5e668664990a7b5cd6eb5b406a9184ca928257ffd62661308cebb992cd30ae5b00130f531b2b665137c7e6273e6a3,2018-02-01 20:55:00,0,NO CONTROLS,NO CONTROLS,CLEAR,"DARKNESS, LIGHTED ROAD",SIDESWIPE SAME DIRECTION,ONE-WAY,STRAIGHT AND LEVEL,DRY,NO DEFECTS,NO INJURY / DRIVE AWAY,"OVER $1,500",FOLLOWING TOO CLOSELY,NOT APPLICABLE,5449,S,WENTWORTH AVE,2,NO INDICATION OF INJURY,0.0,0.0,0.0,0.0,0.0,2.0,0.0,20,5,2
7733e3523981ac3bc4bd9606a207fd34b22dd1231a06d56498c7bc4f9202aa2c2d25c8a9a494e7bd5c6ebb7911a265d53b118534146ac689f9d8c63ca31ad7ad,2019-09-08 15:50:00,30,NO CONTROLS,NO CONTROLS,CLOUDY/OVERCAST,DAYLIGHT,REAR TO SIDE,NOT DIVIDED,STRAIGHT AND LEVEL,DRY,NO DEFECTS,NO INJURY / DRIVE AWAY,"$501 - $1,500",UNABLE TO DETERMINE,NOT APPLICABLE,1355,W,18TH ST,2,NO INDICATION OF INJURY,0.0,0.0,0.0,0.0,0.0,5.0,0.0,15,1,9
90f243d161a0def4995d873aa891010ff76e2a3aeb3872c911bbdb0a27a06ccc59cd99a0557da5991b5eb0fe95a8fa9e9dc62c407656f9cb55d419ccd3ac15f7,2023-08-18 21:40:00,30,STOP SIGN/FLASHER,UNKNOWN,UNKNOWN,UNKNOWN,TURNING,NOT DIVIDED,STRAIGHT AND LEVEL,UNKNOWN,UNKNOWN,NO INJURY / DRIVE AWAY,"OVER $1,500",FAILING TO YIELD RIGHT-OF-WAY,DRIVING SKILLS/KNOWLEDGE/EXPERIENCE,7040,W,DIVERSEY AVE,2,NO INDICATION OF INJURY,0.0,0.0,0.0,0.0,0.0,2.0,0.0,21,6,8
df62ff1259c72c875fbc2e9ac8ef4dea36b55b3e732a727ebf1e0dbaa5c3f2f9060c66a53872f1a6af1d123943ded3d8b304697e80e0953d1ed0a65d78a37ac1,2019-09-16 01:00:00,30,NO CONTROLS,NO CONTROLS,CLEAR,"DARKNESS, LIGHTED ROAD",PEDALCYCLIST,ONE-WAY,STRAIGHT AND LEVEL,DRY,NO DEFECTS,NO INJURY / DRIVE AWAY,"OVER $1,500",UNABLE TO DETERMINE,NOT APPLICABLE,40,W,ILLINOIS ST,2,NO INDICATION OF INJURY,0.0,0.0,0.0,0.0,0.0,2.0,0.0,1,2,9
f08c4faf58848d4106558368b2645ae18ca56f49f1bd6e7111ce05fff77b85ec93ccc60d3b6c5573803998a928b24b371e13e74d67babd9c011c1ac389044307,2019-04-15 22:00:00,20,NO CONTROLS,NO CONTROLS,CLEAR,"DARKNESS, LIGHTED ROAD",PARKED MOTOR VEHICLE,ONE-WAY,STRAIGHT AND LEVEL,DRY,NO DEFECTS,NO INJURY / DRIVE AWAY,"OVER $1,500",UNABLE TO DETERMINE,NOT APPLICABLE,6498,W,64TH ST,2,NO INDICATION OF INJURY,0.0,0.0,0.0,0.0,0.0,1.0,0.0,22,2,4
dc1f1002412c0db4f9bd922ddc66ff8bd0413dc8387a244b18e8ce45b59b0a9dfaf88364f195314a41cd994ebd71a98a450929f4677f8512e895b7f55ab9f7c3,2019-12-30 16:00:00,30,NO CONTROLS,NO CONTROLS,CLEAR,"DARKNESS, LIGHTED ROAD",REAR END,DIVIDED - W/MEDIAN (NOT RAISED),STRAIGHT AND LEVEL,DRY,NO DEFECTS,NO INJURY / DRIVE AWAY,"OVER $1,500",IMPROPER LANE USAGE,UNABLE TO DETERMINE,8311,S,HOLLAND RD,2,NO INDICATION OF INJURY,0.0,0.0,0.0,0.0,0.0,3.0,0.0,16,2,12
b94bdfbc09b30826a0232d6fbd5096fc230511a95c388114ad84fcce4334bb65ba7ca9876c976fea8e0545a76cdceb2e22f33680c246381da9b270375440d598,2023-09-14 08:40:00,30,TRAFFIC SIGNAL,FUNCTIONING PROPERLY,CLEAR,DAYLIGHT,SIDESWIPE SAME DIRECTION,NOT DIVIDED,STRAIGHT AND LEVEL,DRY,NO DEFECTS,NO INJURY / DRIVE AWAY,"$501 - $1,500",UNABLE TO DETERMINE,NOT APPLICABLE,4758,W,ROOSEVELT RD,2,NO INDICATION OF INJURY,0.0,0.0,0.0,0.0,0.0,2.0,0.0,8,5,9
0296aa8ff16e33b2a86360b8972d7275d4fa50f28252067a832bffe1f7bd0745e83e30ef5f910e1cdcb5613f45e434646dfd8950bd04f440c1321ec33d3cd0eb,2023-11-26 22:25:00,30,NO CONTROLS,NO CONTROLS,CLEAR,DARKNESS,TURNING,NOT DIVIDED,STRAIGHT AND LEVEL,DRY,NO DEFECTS,NO INJURY / DRIVE AWAY,"OVER $1,500",FOLLOWING TOO CLOSELY,NOT APPLICABLE,4259,S,COTTAGE GROVE AVE,2,NO INDICATION OF INJURY,0.0,0.0,0.0,0.0,0.0,2.0,0.0,22,1,11
18c9e515f190c1475df10aff359199e97eab736e37ef46b886d0745b5bc00c6bfadad356f8b942852485ef86d1bdfa6d02edab5c535b4f02486f8da026c162ff,2022-06-27 12:40:00,30,SCHOOL ZONE,OTHER,CLEAR,DAYLIGHT,REAR END,DIVIDED - W/MEDIAN (NOT RAISED),STRAIGHT AND LEVEL,DRY,NO DEFECTS,NO INJURY / DRIVE AWAY,"$501 - $1,500",FAILING TO YIELD RIGHT-OF-WAY,FOLLOWING TOO CLOSELY,5900,W,BELMONT AVE,2,NO INDICATION OF INJURY,0.0,0.0,0.0,0.0,0.0,2.0,0.0,12,2,6
6c9983cf3a357c35c5ee4b1d5d9dce90cc772a9462b1640ff8be311b2d34476e55e499ed0e0bf977e31b247a4ae78651bf8a39cd0791cdc86b1381d1a5e0b609,2020-08-04 12:40:00,30,TRAFFIC SIGNAL,FUNCTIONING PROPERLY,CLEAR,DAYLIGHT,REAR END,NOT DIVIDED,STRAIGHT AND LEVEL,DRY,NO DEFECTS,NO INJURY / DRIVE AWAY,"OVER $1,500",UNABLE TO DETERMINE,UNABLE TO DETERMINE,400,S,CENTRAL AVE,2,NO INDICATION OF INJURY,0.0,0.0,0.0,0.0,0.0,2.0,0.0,12,3,8
07d65370c51ca9ef54306222b99f3af9d05d0734c892aff8a4c98fd04ddc6d4c003ffe4e3dbeb2cfbd9f25902e1165f16a02e35dcfb58de01fd67ba6a76fa188,2019-05-21 07:20:00,30,STOP SIGN/FLASHER,FUNCTIONING PROPERLY,RAIN,DAYLIGHT,ANGLE,NOT DIVIDED,STRAIGHT AND LEVEL,WET,NO DEFECTS,NO INJURY / DRIVE AWAY,"OVER $1,500",FAILING TO YIELD RIGHT-OF-WAY,UNABLE TO DETERMINE,3200,W,21ST ST,3,NO INDICATION OF INJURY,0.0,0.0,0.0,0.0,0.0,5.0,0.0,7,3,5
ab0f3b85befa90e47f69e4965a58b0d2793fdb8596d05a67755ee2e71c36687f51abaccbbb6b5cf6dc68e06cec57afec3a4d9f1aca19b70e56de6f1fbb335d24,2023-11-28 11:20:00,30,NO CONTROLS,NO CONTROLS,CLEAR,DAWN,SIDESWIPE SAME DIRECTION,NOT DIVIDED,STRAIGHT AND LEVEL,DRY,NO DEFECTS,NO INJURY / DRIVE AWAY,"$501 - $1,500",FAILING TO YIELD RIGHT-OF-WAY,IMPROPER LANE USAGE,2359,W,FULLERTON AVE,2,NO INDICATION OF INJURY,0.0,0.0,0.0,0.0,0.0,2.0,0.0,11,3,11
7cad9779a4621f8313838578df01e71802f33852c37d3af27e7344ed08d8ca14a96a46f12b94ede0f3b038622e26c30e2a3b5b9e4076338eab4862a6a981a70a,2023-12-30 14:30:00,30,NO CONTROLS,NO CONTROLS,CLEAR,DAYLIGHT,PARKED MOTOR VEHICLE,DIVIDED - W/MEDIAN BARRIER,STRAIGHT AND LEVEL,DRY,NO DEFECTS,NO INJURY / DRIVE AWAY,"OVER $1,500",UNABLE TO DETERMINE,NOT APPLICABLE,1240,E,47TH ST,2,NO INDICATION OF INJURY,0.0,0.0,0.0,0.0,0.0,3.0,0.0,14,7,12
e35a4dd75494333f4a00e9fdf33320e745d8494d7e3960ea91d33a134c58b0b501cbbc2eb2d24b60c728e295dc8aeeb7c2d625571a2f06391e4bb4bf24c59a4e,2020-02-15 01:30:00,30,NO CONTROLS,NO CONTROLS,CLEAR,"DARKNESS, LIGHTED ROAD",PARKED MOTOR VEHICLE,ONE-WAY,STRAIGHT AND LEVEL,DRY,NO DEFECTS,NO INJURY / DRIVE AWAY,"OVER $1,500",UNABLE TO DETERMINE,NOT APPLICABLE,101,W,SUPERIOR ST,2,NO INDICATION OF INJURY,0.0,0.0,0.0,0.0,0.0,3.0,0.0,1,7,2
812bcf5c0c9ae5177a74bb7b86ecc7f203ffbff80a223298808378a651169fa300950ff6207b6dbf85cd45550010f9b17bd7e57f9ea9b25690ba95c3af561e13,2020-05-01 11:40:00,30,NO CONTROLS,NO CONTROLS,CLEAR,DAYLIGHT,PARKED MOTOR VEHICLE,NOT DIVIDED,STRAIGHT AND LEVEL,DRY,NO DEFECTS,NO INJURY / DRIVE AWAY,"OVER $1,500","EVASIVE ACTION DUE TO ANIMAL, OBJECT, NONMOTORIST",NOT APPLICABLE,4118,W,31ST ST,2,NO INDICATION OF INJURY,0.0,0.0,0.0,0.0,0.0,1.0,0.0,11,6,5
60d025e40510445b462debcfeaf9e51a9560578feadef236e729f0afdd710b08be57165506bfbd57886bb871442871af5b99629ab8762ba111ee670606afd9a7,2023-07-31 17:00:00,30,NO CONTROLS,NO CONTROLS,UNKNOWN,DAYLIGHT,PARKED MOTOR VEHICLE,NOT DIVIDED,STRAIGHT AND LEVEL,UNKNOWN,UNKNOWN,NO INJURY / DRIVE AWAY,"OVER $1,500",UNABLE TO DETERMINE,NOT APPLICABLE,1644,E,54TH ST,2,NO INDICATION OF INJURY,0.0,0.0,0.0,0.0,0.0,1.0,0.0,17,2,7
4e113ce465fbe7084540fc753b90cbc75531eafe521b48739c3f59b217c3b5183268a6bc56d0309589f41a661dda79a01946a3ef8e1085fcdbc0a5b906de41a6,2016-09-21 15:30:00,35,NO CONTROLS,NO CONTROLS,CLEAR,DAYLIGHT,REAR END,DIVIDED - W/MEDIAN (NOT RAISED),STRAIGHT AND LEVEL,WET,NO DEFECTS,NO INJURY / DRIVE AWAY,$500 OR LESS,FOLLOWING TOO CLOSELY,FOLLOWING TOO CLOSELY,3900,W,103RD ST,2,NO INDICATION OF INJURY,0.0,0.0,0.0,0.0,0.0,2.0,0.0,15,4,9
d7f3137b12e177e337360f2bb58d49b81b6ef6943249b71dc6133fccac17ab88fef9eb430149f5d48549604eb25f6c9d77521c872a954560566d39a578837e6d,2018-09-17 18:56:00,30,NO CONTROLS,NO CONTROLS,CLEAR,DAYLIGHT,REAR END,NOT DIVIDED,STRAIGHT AND LEVEL,DRY,NO DEFECTS,INJURY AND / OR TOW DUE TO CRASH,"OVER $1,500",EQUIPMENT - VEHICLE CONDITION,UNABLE TO DETERMINE,199,S,CICERO AVE,2,INCAPACITATING INJURY,1.0,0.0,1.0,0.0,0.0,2.0,0.0,18,2,9
e80b9cfaf12974a12305eac2a1db679e2f28c280a63fee842fb8893373ea7d91454a46748825ad61cbb91cd366200ef8a0a37c5b56358711abf56eae59a2a0e4,2018-10-20 08:00:00,30,NO CONTROLS,NO CONTROLS,CLEAR,DAYLIGHT,PARKED MOTOR VEHICLE,ONE-WAY,STRAIGHT AND LEVEL,WET,NO DEFECTS,NO INJURY / DRIVE AWAY,"OVER $1,500",UNABLE TO DETERMINE,UNABLE TO DETERMINE,2606,W,60TH ST,2,NO INDICATION OF INJURY,0.0,0.0,0.0,0.0,0.0,1.0,0.0,8,7,10
f8be0db410e9c6249b694f7503dd03c2891a3afb7afb1c986a50bb94d5cda90486902c8b366fcf62c0df99a873fcee0505ab0e558f42c363600af210b70380f5,2018-07-28 22:00:00,30,TRAFFIC SIGNAL,FUNCTIONING PROPERLY,CLEAR,DARKNESS,REAR END,ONE-WAY,STRAIGHT AND LEVEL,DRY,NO DEFECTS,NO INJURY / DRIVE AWAY,"OVER $1,500",FOLLOWING TOO CLOSELY,NOT APPLICABLE,336,W,ONTARIO ST,2,NO INDICATION OF INJURY,0.0,0.0,0.0,0.0,0.0,3.0,0.0,22,7,7
7977ca6cd2c3c2bd9ec0207421dfeb65c68a48fad0a12653fb0b73f3e0a70b83b9f8e9c278d2d501fcb65ff2aaeee6c23fe73a045852a30271d9e427925a3c60,2017-05-10 09:55:00,30,NO CONTROLS,NO CONTROLS,CLEAR,DAYLIGHT,TURNING,DIVIDED - W/MEDIAN (NOT RAISED),STRAIGHT AND LEVEL,DRY,NO DEFECTS,NO INJURY / DRIVE AWAY,"OVER $1,500",UNABLE TO DETERMINE,UNABLE TO DETERMINE,6263,N,MC CORMICK RD,2,NO INDICATION OF INJURY,0.0,0.0,0.0,0.0,0.0,2.0,0.0,9,4,5
45b39a39614b485d7571a9ae804d15e9fb5415fdfbe07ffc84d472f350fe9039481b1c631e2d55a59da17e2e782b37887505653b899e99162eb069b455aba431,2017-09-28 17:35:00,30,TRAFFIC SIGNAL,FUNCTIONING PROPERLY,CLEAR,DAYLIGHT,PEDALCYCLIST,NOT DIVIDED,STRAIGHT AND LEVEL,DRY,NO DEFECTS,NO INJURY / DRIVE AWAY,"OVER $1,500",FAILING TO YIELD RIGHT-OF-WAY,NOT APPLICABLE,4700,W,IRVING PARK RD,2,NO INDICATION OF INJURY,0.0,0.0,0.0,0.0,0.0,2.0,0.0,17,5,9
054d49c6e61e30f88d6d9d0b3b43dc2f6b033e3e85b0f43b3d506c73e8e41c63274209c52291aada7f805514092824037916b4bc3aca5d3367ff26d26d7c7f34,2023-08-28 15:45:00,30,TRAFFIC SIGNAL,FUNCTIONING PROPERLY,CLEAR,DAYLIGHT,ANGLE,NOT DIVIDED,STRAIGHT AND LEVEL,DRY,NO DEFECTS,NO INJURY / DRIVE AWAY,"OVER $1,500",UNABLE TO DETERMINE,UNABLE TO DETERMINE,6254,S,ASHLAND AVE,2,NO INDICATION OF INJURY,0.0,0.0,0.0,0.0,0.0,2.0,0.0,15,2,8
8bf3771db1b1eb390b1f0bbf50bc2b4edd08f96afa1a35e75bd2af5d509ecfcf1dc5e8021e1b7abd9018afc95eb631952b3f00c2f2bc68410abbb5f1aeeba826,2022-10-08 02:06:00,30,UNKNOWN,UNKNOWN,CLEAR,"DARKNESS, LIGHTED ROAD",REAR TO FRONT,NOT DIVIDED,STRAIGHT AND LEVEL,DRY,NO DEFECTS,NO INJURY / DRIVE AWAY,"$501 - $1,500",IMPROPER BACKING,NOT APPLICABLE,3106,W,ADDISON ST,2,NO INDICATION OF INJURY,0.0,0.0,0.0,0.0,0.0,2.0,0.0,2,7,10
e2d6fb78e1f05d010d2dfa099396863a0549d08562d8de00d43484cf2c50b40f20dc88c5fb170d7b634cd1baa13bdb75efd6426e9a1663af528944858ab176aa,2021-11-17 12:10:00,30,TRAFFIC SIGNAL,FUNCTIONING PROPERLY,RAIN,DAYLIGHT,REAR END,DIVIDED - W/MEDIAN BARRIER,STRAIGHT AND LEVEL,WET,NO DEFECTS,INJURY AND / OR TOW DUE TO CRASH,"OVER $1,500",FOLLOWING TOO CLOSELY,FOLLOWING TOO CLOSELY,7150,W,NORTH AVE,2,NONINCAPACITATING INJURY,1.0,0.0,0.0,1.0,0.0,1.0,0.0,12,4,11
7271b370111d2b1aa207ed9d7259d68c9696e4529fb6f9cd0ee4747bb36359f79bcc0689ee651c4d00602faf202cfd48602d1f6da12f0e0fd9e1870c692727d8,2018-05-08 07:48:00,30,NO CONTROLS,UNKNOWN,CLEAR,DAYLIGHT,PARKED MOTOR VEHICLE,NOT DIVIDED,STRAIGHT AND LEVEL,DRY,NO DEFECTS,NO INJURY / DRIVE AWAY,"OVER $1,500",DISTRACTION - FROM OUTSIDE VEHICLE,"OPERATING VEHICLE IN ERRATIC, RECKLESS, CARELESS, NEGLIGENT OR AGGRESSIVE MANNER",4103,S,PRAIRIE AVE,2,NO INDICATION OF INJURY,0.0,0.0,0.0,0.0,0.0,1.0,0.0,7,3,5
6fda05520de88b74bda3755de0908860ad093474308da9bde2b34c224117559b8d976d3df9d4a4baf080de1fc2c793d61e3ae34623f04eaca10fa9107eedf0a4,2023-02-08 07:00:00,25,TRAFFIC SIGNAL,FUNCTIONING PROPERLY,RAIN,DAYLIGHT,TURNING,L-INTERSECTION,STRAIGHT AND LEVEL,DRY,NO DEFECTS,NO INJURY / DRIVE AWAY,"OVER $1,500",UNABLE TO DETERMINE,UNABLE TO DETERMINE,1600,W,PRATT BLVD,2,NO INDICATION OF INJURY,0.0,0.0,0.0,0.0,0.0,2.0,0.0,7,4,2
ecdd485e6d35871f1d4fcc693240ca95d1fc2d60fdb1d093a7063563349ccd3e00f2666465800dacc16b8233c9251859118b21acd6b99282ef158727dfc40a9c,2023-06-24 15:35:00,20,UNKNOWN,UNKNOWN,CLEAR,DAYLIGHT,PEDALCYCLIST,UNKNOWN,STRAIGHT AND LEVEL,DRY,UNKNOWN,INJURY AND / OR TOW DUE TO CRASH,"OVER $1,500",UNABLE TO DETERMINE,UNABLE TO DETERMINE,4000,W,CULLERTON ST,2,NONINCAPACITATING INJURY,1.0,0.0,0.0,1.0,0.0,1.0,0.0,15,7,6
158af9c9485f5cb58bf8c361aa7b9e9c7a08bea300c81dbca98ad0b730412e5d288c77311f2c6b7481947fa7b95f20826fb756808cdcb383f06cbd0532aba11c,2022-08-19 00:30:00,30,NO CONTROLS,NO CONTROLS,CLEAR,"DARKNESS, LIGHTED ROAD",PARKED MOTOR VEHICLE,ONE-WAY,STRAIGHT AND LEVEL,DRY,NO DEFECTS,NO INJURY / DRIVE AWAY,"$501 - $1,500",UNABLE TO DETERMINE,UNABLE TO DETERMINE,4932,W,BELLE PLAINE AVE,2,NO INDICATION OF INJURY,0.0,0.0,0.0,0.0,0.0,1.0,0.0,0,6,8
9ad00a69fc64341ef68427a68e62f437b6ebba80320e545100ed804f24394af0f23b6a219b9183f401366c1912c25d6c5efd6e0f3a469a2ccbc07fd2d1224142,2022-08-04 04:06:00,30,NO CONTROLS,NO CONTROLS,CLEAR,"DARKNESS, LIGHTED ROAD",TURNING,FOUR WAY,STRAIGHT AND LEVEL,DRY,NO DEFECTS,INJURY AND / OR TOW DUE TO CRASH,"OVER $1,500",FAILING TO YIELD RIGHT-OF-WAY,IMPROPER LANE USAGE,601,E,115TH ST,2,NONINCAPACITATING INJURY,1.0,0.0,0.0,1.0,0.0,3.0,0.0,4,5,8
97deb58ed203118585073a8f17beefc6b792fde6c9fa0556118b63838d08dd7896faf93e175456b97dbda9b0f741deecca29446abfc9f1bde5504f04c94f5ee5,2023-01-08 05:30:00,30,NO CONTROLS,NO CONTROLS,CLEAR,"DARKNESS, LIGHTED ROAD",FIXED OBJECT,NOT DIVIDED,STRAIGHT AND LEVEL,DRY,NO DEFECTS,INJURY AND / OR TOW DUE TO CRASH,"OVER $1,500",PHYSICAL CONDITION OF DRIVER,UNABLE TO DETERMINE,2146,E,87TH ST,1,NONINCAPACITATING INJURY,1.0,0.0,0.0,1.0,0.0,0.0,0.0,5,1,1
3d1b410c18ca3b5650a73f71993592e3a599975dd634a430d7c437cc03a7a1a4c67222fcf540202acb49184a05d80fd55dd9e832f8ba3bda0c6aa74df5cb79be,2016-10-21 16:45:00,25,TRAFFIC SIGNAL,FUNCTIONING PROPERLY,CLEAR,DAYLIGHT,SIDESWIPE SAME DIRECTION,DIVIDED - W/MEDIAN (NOT RAISED),STRAIGHT AND LEVEL,DRY,NO DEFECTS,NO INJURY / DRIVE AWAY,"$501 - $1,500",UNABLE TO DETERMINE,UNABLE TO DETERMINE,7201,S,CICERO AVE,2,NO INDICATION OF INJURY,0.0,0.0,0.0,0.0,0.0,2.0,0.0,16,6,10
bd4ba43464752cfffd1fdc9e0d850b2d35e3dd4a2364d12095cc502c743e1f1bbb191c568d313f3bee4003b4a6c80970fb17b4cf9e17f0331be518dd9ead16bc,2021-03-18 08:00:00,30,NO CONTROLS,NO CONTROLS,CLEAR,DAYLIGHT,PARKED MOTOR VEHICLE,ONE-WAY,STRAIGHT AND LEVEL,WET,NO DEFECTS,NO INJURY / DRIVE AWAY,"$501 - $1,500",UNABLE TO DETERMINE,NOT APPLICABLE,6543,S,ELLIS AVE,2,NO INDICATION OF INJURY,0.0,0.0,0.0,0.0,0.0,1.0,0.0,8,5,3
5c1ca3ef9f144539a12f7b1819807d5f58590306a1c5432e78e8a9ea4ce565e95500e11c1989d1e96f286381d924fa4b47d276692cb9563fb33bca0a6ae10cef,2018-03-07 09:20:00,30,STOP SIGN/FLASHER,FUNCTIONING PROPERLY,CLEAR,DAYLIGHT,ANGLE,DIVIDED - W/MEDIAN (NOT RAISED),STRAIGHT AND LEVEL,DRY,NO DEFECTS,NO INJURY / DRIVE AWAY,"$501 - $1,500",UNABLE TO DETERMINE,UNABLE TO DETERMINE,2430,E,74TH ST,2,NO INDICATION OF INJURY,0.0,0.0,0.0,0.0,0.0,2.0,0.0,9,4,3
00a2c75b076c559c59460cb92e88710737ec247a2a449abbb8d13a5b6bc0523b3cb776ee2902abc012ad0ff861d1da7bb4816d0335aeb814690e4ae1a82b9efe,2022-12-21 11:00:00,30,NO CONTROLS,NO CONTROLS,CLEAR,DAYLIGHT,PARKED MOTOR VEHICLE,PARKING LOT,STRAIGHT AND LEVEL,DRY,NO DEFECTS,NO INJURY / DRIVE AWAY,"OVER $1,500",UNABLE TO DETERMINE,NOT APPLICABLE,10437,S,WESTERN AVE,2,NO INDICATION OF INJURY,0.0,0.0,0.0,0.0,0.0,1.0,0.0,11,4,12
6bd2a7ea77d4f3ae0b89b021237ab65ed5273330717f95f5dca66eb4ef89a2908001be713e027ed07f7d2aeb931a2d7648a9e9421d70f6dfe443f8aa8b24893a,2022-11-07 18:20:00,30,STOP SIGN/FLASHER,FUNCTIONING PROPERLY,CLEAR,"DARKNESS, LIGHTED ROAD",ANGLE,FOUR WAY,STRAIGHT AND LEVEL,DRY,NO DEFECTS,INJURY AND / OR TOW DUE TO CRASH,"OVER $1,500",DISREGARDING STOP SIGN,UNABLE TO DETERMINE,4700,W,MADISON ST,2,NO INDICATION OF INJURY,0.0,0.0,0.0,0.0,0.0,2.0,0.0,18,2,11