CRASH_RECORD_ID,CRASH_DATE,POSTED_SPEED_LIMIT,TRAFFIC_CONTROL_DEVICE,DEVICE_CONDITION,WEATHER_CONDITION,LIGHTING_CONDITION,FIRST_CRASH_TYPE,TRAFFICWAY_TYPE,ALIGNMENT,ROADWAY_SURFACE_COND,ROAD_DEFECT,CRASH_TYPE,DAMAGE,PRIM_CONTRIBUTORY_CAUSE,SEC_CONTRIBUTORY_CAUSE,STREET_NO,STREET_DIRECTION,STREET_NAME,NUM_UNITS,MOST_SEVERE_INJURY,INJURIES_TOTAL,INJURIES_FATAL,INJURIES_INCAPACITATING,INJURIES_NON_INCAPACITATING,INJURIES_REPORTED_NOT_EVIDENT,INJURIES_NO_INDICATION,INJURIES_UNKNOWN,CRASH_HOUR,CRASH_DAY_OF_WEEK,CRASH_MONTH
08b82f82c0d7888d7cbc1c84cdbd08a5d9b4f5102dd024d3a45e6dca165057185b63d968d79cc2fa11181359735df8214dd3ffe57ea335228b84b9cfe817caab,2023-11-06 08:35:00,30,NO CONTROLS,NO CONTROLS,CLOUDY/OVERCAST,DAYLIGHT,REAR END,ONE-WAY,STRAIGHT AND LEVEL,DRY,NO DEFECTS,NO INJURY / DRIVE AWAY,"OVER $1,500",UNABLE TO DETERMINE,NOT APPLICABLE,4859,S,ELIZABETH ST,2,NO INDICATION OF INJURY,0.0,0.0,0.0,0.0,0.0,2.0,0.0,8,2,11
69f27f7d565a16afc602160ea95e2ccf46d5675c449d3ed3afa8ec934f6e31eed721a79780eafe5f83f125da3b6877896f234c1850f569818d14d6fa91e47a2c,2016-08-06 00:15:00,30,NO CONTROLS,NO CONTROLS,CLEAR,DARKNESS,PARKED MOTOR VEHICLE,DIVIDED - W/MEDIAN (NOT RAISED),STRAIGHT AND LEVEL,DRY,UNKNOWN,INJURY AND / OR TOW DUE TO CRASH,"OVER $1,500",FAILING TO REDUCE SPEED TO AVOID CRASH,DRIVING SKILLS/KNOWLEDGE/EXPERIENCE,6712,S,MORGAN ST,2,NONINCAPACITATING INJURY,2.0,0.0,0.0,2.0,0.0,0.0,0.0,0,7,8
fabb6bc379765b16ec6a025213b1dc76b96174381089c460a51784faa041dee21ff507162dcad9351dc8b56273ec8a1c6a0ec569a80a89cf4810e378a846a940,2020-09-24 09:15:00,30,NO CONTROLS,NO CONTROLS,UNKNOWN,DAYLIGHT,PARKED MOTOR VEHICLE,ONE-WAY,STRAIGHT AND LEVEL,UNKNOWN,UNKNOWN,NO INJURY / DRIVE AWAY,"OVER $1,500",IMPROPER OVERTAKING/PASSING,IMPROPER OVERTAKING/PASSING,7500,S,VERNON AVE,2,NO INDICATION OF INJURY,0.0,0.0,0.0,0.0,0.0,1.0,0.0,9,5,9
4b91073d7d5313b74644179269ddaa1a3e5554eff7cfa0115dbd8931b7d56e654e842776d9d7f1a7901da5e6ec3871bc0fa5ea04b53465cc95cd67b180f00a08,2021-09-25 09:00:00,30,NO CONTROLS,NO CONTROLS,CLEAR,DAYLIGHT,PARKED MOTOR VEHICLE,NOT DIVIDED,STRAIGHT AND LEVEL,DRY,NO DEFECTS,NO INJURY / DRIVE AWAY,"OVER $1,500",FAILING TO REDUCE SPEED TO AVOID CRASH,DRIVING SKILLS/KNOWLEDGE/EXPERIENCE,5130,S,CICERO AVE,2,NO INDICATION OF INJURY,0.0,0.0,0.0,0.0,0.0,1.0,0.0,9,7,9
a518b8ffb8dc980cb8e9cb7ca621a7bdff3a728fe249986751b940447ffe36f5648b7f3a9ef2c0c8be862ac6e1948703cf909da90ffd36ab2f299e95eb1b7024,2017-08-10 12:05:00,5,NO CONTROLS,NO CONTROLS,CLEAR,DAYLIGHT,FIXED OBJECT,ALLEY,STRAIGHT AND LEVEL,DRY,NO DEFECTS,NO INJURY / DRIVE AWAY,"OVER $1,500",EXCEEDING AUTHORIZED SPEED LIMIT,FAILING TO REDUCE SPEED TO AVOID CRASH,8756,S,SAGINAW AVE,1,NO INDICATION OF INJURY,0.0,0.0,0.0,0.0,0.0,1.0,0.0,12,5,8
c0e93c2144505dc15d6f0ccf18d9326267b8b25915e3ee4dc00489c616462ba9b6e813aaf98aa09208fab6e61005d33c12bf6598f5e9ad01ba906a8ff804b719,2022-12-22 18:00:00,30,UNKNOWN,UNKNOWN,UNKNOWN,UNKNOWN,PARKED MOTOR VEHICLE,ONE-WAY,STRAIGHT AND LEVEL,UNKNOWN,UNKNOWN,NO INJURY / DRIVE AWAY,"OVER $1,500",UNABLE TO DETERMINE,UNABLE TO DETERMINE,4519,S,CHRISTIANA AVE,2,NO INDICATION OF INJURY,0.0,0.0,0.0,0.0,0.0,1.0,0.0,18,5,12
24d7595e7def8635d3252f95a93bb9b2f6e5bd3dec51b074a83ba30a2a419e4bad1b80d4443874b8215be73d81c2a8fcee145b831b68b5bd38de5c200f709207,2018-12-07 19:45:00,30,NO CONTROLS,NO CONTROLS,CLEAR,DARKNESS,PARKED MOTOR VEHICLE,NOT DIVIDED,STRAIGHT AND LEVEL,DRY,NO DEFECTS,INJURY AND / OR TOW DUE TO CRASH,"OVER $1,500",UNDER THE INFLUENCE OF ALCOHOL/DRUGS (USE WHEN ARREST IS EFFECTED),FAILING TO REDUCE SPEED TO AVOID CRASH,1950,E,92ND ST,3,NO INDICATION OF INJURY,0.0,0.0,0.0,0.0,0.0,1.0,0.0,19,6,12
a4109c619001545ca6c55cc3c28f88a96c9ced9f5dd10e57b8728cb9a9afca7334728753011fded6fc0596fdc67c819e238cc83d7d45b745e30a658f9fa7a7ac,2023-11-30 18:00:00,30,OTHER,FUNCTIONING PROPERLY,CLEAR,"DARKNESS, LIGHTED ROAD",SIDESWIPE SAME DIRECTION,DIVIDED - W/MEDIAN BARRIER,STRAIGHT AND LEVEL,DRY,NO DEFECTS,NO INJURY / DRIVE AWAY,"$501 - $1,500",UNABLE TO DETERMINE,NOT APPLICABLE,7856,S,ASHLAND AVE,2,NO INDICATION OF INJURY,0.0,0.0,0.0,0.0,0.0,2.0,0.0,18,5,11
5aa74dcff858054cd08dffbb5a2e715c054d224bbea73a1f5aca83b8bb09b7423b567900b8b9a543f43bc79d36cad5b8960984ea855e62bb318c8df3960e0e06,2020-08-07 11:05:00,30,NO CONTROLS,NO CONTROLS,CLEAR,DAYLIGHT,FIXED OBJECT,NOT DIVIDED,STRAIGHT ON GRADE,DRY,NO DEFECTS,NO INJURY / DRIVE AWAY,"OVER $1,500",UNABLE TO DETERMINE,NOT APPLICABLE,569,W,IRVING PARK DR,1,NO INDICATION OF INJURY,0.0,0.0,0.0,0.0,0.0,1.0,0.0,11,6,8
6858aa8234e0c7be9d7fa223fca427f8d925fc9da324cf8dfbb65068ac9a22ea24aa45414ba8588b136f80d519a512acd69cb5db1a1861611ce344eae16d9fe2,2021-06-08 07:50:00,20,NO CONTROLS,NO CONTROLS,UNKNOWN,UNKNOWN,PARKED MOTOR VEHICLE,ONE-WAY,STRAIGHT AND LEVEL,UNKNOWN,NO DEFECTS,NO INJURY / DRIVE AWAY,"OVER $1,500",UNABLE TO DETERMINE,NOT APPLICABLE,1219,N,LEAVITT ST,2,NO INDICATION OF INJURY,0.0,0.0,0.0,0.0,0.0,1.0,0.0,7,3,6
d8e32f58f8009acd4b4dea3768fbf95eb4c62ec752bf220be70ec3ab1f027a8cb1bbefab8ea97631e59b202aa286ca2ab2db0d7b68b0b2fc39749b7528cc0382,2021-05-31 18:15:00,30,TRAFFIC SIGNAL,FUNCTIONING PROPERLY,CLEAR,DAYLIGHT,REAR END,NOT DIVIDED,STRAIGHT AND LEVEL,DRY,NO DEFECTS,NO INJURY / DRIVE AWAY,"OVER $1,500",FOLLOWING TOO CLOSELY,UNABLE TO DETERMINE,4726,W,ADDISON ST,2,NO INDICATION OF INJURY,0.0,0.0,0.0,0.0,0.0,5.0,0.0,18,2,5
b651f8fe6513b376f59d3a636c1ea50b6f1d03b4409f5543ae881b7b771ceedc4c792a528647af46eb50fc713a2990d7fed8f6abd9db409dcfbd8d00dbe8b6ca,2016-08-04 00:01:00,20,OTHER,UNKNOWN,UNKNOWN,DARKNESS,PARKED MOTOR VEHICLE,ONE-WAY,STRAIGHT AND LEVEL,UNKNOWN,UNKNOWN,NO INJURY / DRIVE AWAY,"OVER $1,500",EXCEEDING AUTHORIZED SPEED LIMIT,NOT APPLICABLE,7642,S,EGGLESTON AVE,2,NO INDICATION OF INJURY,0.0,0.0,0.0,0.0,0.0,1.0,0.0,0,5,8
f5778aa5352173516122a2c0a9916f44e97554ca2c85a2b8d2b3d667ccaee8f48dc33b20cccf7e3d8b04ed5e75508c96b4de10b79aa01d1e6c58234836cc0eee,2022-04-21 17:30:00,25,NO CONTROLS,NO CONTROLS,CLEAR,DAYLIGHT,REAR END,DIVIDED - W/MEDIAN BARRIER,STRAIGHT AND LEVEL,DRY,NO DEFECTS,INJURY AND / OR TOW DUE TO CRASH,"OVER $1,500",UNABLE TO DETERMINE,UNABLE TO DETERMINE,6104,N,CLARK ST,4,"REPORTED, NOT EVIDENT",1.0,0.0,0.0,0.0,1.0,3.0,0.0,17,5,4
80243a0e176ffd125fd5915b65240ae39abcbe9ef2d5a1146b967857f561baa1dab1748d99f481721ee5f4cfc3770de05fdab72270af77a9c3ef5543b1eb9c1b,2018-05-05 18:00:00,20,NO CONTROLS,NO CONTROLS,CLEAR,DAYLIGHT,SIDESWIPE OPPOSITE DIRECTION,PARKING LOT,STRAIGHT AND LEVEL,DRY,UNKNOWN,NO INJURY / DRIVE AWAY,"$501 - $1,500",FAILING TO YIELD RIGHT-OF-WAY,UNABLE TO DETERMINE,3241,W,PETERSON AVE,2,NO INDICATION OF INJURY,0.0,0.0,0.0,0.0,0.0,4.0,0.0,18,7,5
c51e25e9e1a1a37fa7870007b37d5507379a967655af04ce6440e41cde13b87f7cd97a7c74e8cea6df96a4732634ee835fcafacfc92ecad4909519b8fb568555,2022-05-18 01:00:00,30,TRAFFIC SIGNAL,FUNCTIONING PROPERLY,CLEAR,"DARKNESS, LIGHTED ROAD",PARKED MOTOR VEHICLE,DIVIDED - W/MEDIAN (NOT RAISED),STRAIGHT AND LEVEL,DRY,NO DEFECTS,NO INJURY / DRIVE AWAY,"$501 - $1,500",IMPROPER OVERTAKING/PASSING,IMPROPER TURNING/NO SIGNAL,4000,N,LINCOLN AVE,2,NO INDICATION OF INJURY,0.0,0.0,0.0,0.0,0.0,2.0,0.0,1,4,5
85f804efe8411f7bbdd1bc4281ff47fbdbb25b2de3eb5c81361dfaf12ef72abf44c115d62ed36bab4583119e67f5912fc4553a14e04f7dfcc33c59862f619a2c,2018-08-17 23:59:00,30,TRAFFIC SIGNAL,FUNCTIONING PROPERLY,CLEAR,DARKNESS,SIDESWIPE SAME DIRECTION,ONE-WAY,STRAIGHT AND LEVEL,DRY,NO DEFECTS,NO INJURY / DRIVE AWAY,"OVER $1,500",IMPROPER LANE USAGE,NOT APPLICABLE,43,E,WACKER DR,2,NO INDICATION OF INJURY,0.0,0.0,0.0,0.0,0.0,4.0,0.0,23,6,8
36031a0e2a50aa947e1e9f0de416a69a484121b7218b2c7b6a498f4ace4aa6997216d988b42c9da43fc2e1db4a028506c25315368f7d568abfddd43329dad2ae,2022-04-29 15:55:00,30,NO CONTROLS,NO CONTROLS,CLEAR,DAYLIGHT,REAR END,NOT DIVIDED,STRAIGHT AND LEVEL,DRY,NO DEFECTS,NO INJURY / DRIVE AWAY,$500 OR LESS,FAILING TO YIELD RIGHT-OF-WAY,NOT APPLICABLE,4033,N,ELSTON AVE,2,NO INDICATION OF INJURY,0.0,0.0,0.0,0.0,0.0,2.0,0.0,15,6,4
956edd06cc85c1a69cf4b5429af4f4c7da1562a89ac9d314323b330677235750098784dc6fd4666bf426968bae0486b9b2cb81a25884cf8f68cef1ed648833c8,2016-10-30 00:00:00,30,NO CONTROLS,NO CONTROLS,CLEAR,"DARKNESS, LIGHTED ROAD",ANGLE,OTHER,STRAIGHT AND LEVEL,DRY,NO DEFECTS,NO INJURY / DRIVE AWAY,"$501 - $1,500",IMPROPER TURNING/NO SIGNAL,NOT APPLICABLE,8700,S,LOOMIS ST,2,NO INDICATION OF INJURY,0.0,0.0,0.0,0.0,0.0,2.0,0.0,0,1,10
edf50dfee76f5efacc6fd62590fe65f6dadbd27c44ada232e3d142dc655131644492fd4f5d6b93ec302acac128ffa3841ac61925fd2b2943db2809e459c3a1e9,2016-11-20 00:20:00,35,TRAFFIC SIGNAL,FUNCTIONING PROPERLY,CLEAR,"DARKNESS, LIGHTED ROAD",REAR END,NOT DIVIDED,STRAIGHT AND LEVEL,DRY,UNKNOWN,INJURY AND / OR TOW DUE TO CRASH,"OVER $1,500",FOLLOWING TOO CLOSELY,EXCEEDING SAFE SPEED FOR CONDITIONS,7100,S,SOUTH CHICAGO AVE,2,NO INDICATION OF INJURY,0.0,0.0,0.0,0.0,0.0,2.0,0.0,0,1,11
31ccc06e0c2651c047c93e7deb7b0a8e67f23ffa03a3c4526143beca3581ecd9034e7b90f6d4d9d314403fe63612d5dbbe58b2922be0881f8d4adf6c15dfb534,2016-05-26 13:30:00,30,TRAFFIC SIGNAL,FUNCTIONING PROPERLY,CLEAR,DAYLIGHT,TURNING,NOT DIVIDED,STRAIGHT AND LEVEL,DRY,NO DEFECTS,NO INJURY / DRIVE AWAY,"OVER $1,500",IMPROPER TURNING/NO SIGNAL,NOT APPLICABLE,6299,S,ST LAWRENCE AVE,2,NO INDICATION OF INJURY,0.0,0.0,0.0,0.0,0.0,2.0,0.0,13,5,5
16bba5efb0fd538814b2d6c3b0ce35efd79c3717b8613ce739161fe4115937354c690d11c82b86bb28b59dabc4dfadf1c46051c30b780a3ee28308e0db36b710,2018-08-28 19:50:00,30,NO CONTROLS,NO CONTROLS,CLEAR,"DARKNESS, LIGHTED ROAD",REAR END,NOT DIVIDED,STRAIGHT AND LEVEL,WET,NO DEFECTS,INJURY AND / OR TOW DUE TO CRASH,"OVER $1,500",FOLLOWING TOO CLOSELY,NOT APPLICABLE,4721,S,KEDZIE AVE,2,INCAPACITATING INJURY,1.0,0.0,1.0,0.0,0.0,1.0,0.0,19,3,8
816dc28ac4aa4d998d85a7f61361af43a64a089bde150d06224f6688ba2f7b683a0d75c9adcd663e3ccacffd024edd93b727e3f1ab3d407ac17c58f41eb58786,2021-09-16 08:20:00,30,NO CONTROLS,NO CONTROLS,CLEAR,"DARKNESS, LIGHTED ROAD",FIXED OBJECT,ONE-WAY,STRAIGHT AND LEVEL,DRY,NO DEFECTS,NO INJURY / DRIVE AWAY,$500 OR LESS,UNABLE TO DETERMINE,NOT APPLICABLE,5407,W,GRACE ST,1,NO INDICATION OF INJURY,0.0,0.0,0.0,0.0,0.0,1.0,0.0,8,5,9
46c7cdf7d18ee3d9dbdc3f251dde30b16ac0069f5d79a0ac8be7ab5746081c06dc919134a2ec571afa846c3fc7e57c65edce0716be55152808fa8b4c86b07d99,2020-06-06 10:40:00,30,STOP SIGN/FLASHER,FUNCTIONING PROPERLY,CLEAR,DAYLIGHT,ANGLE,FOUR WAY,STRAIGHT ON HILLCREST,DRY,NO DEFECTS,INJURY AND / OR TOW DUE TO CRASH,"$501 - $1,500",FAILING TO YIELD RIGHT-OF-WAY,FAILING TO REDUCE SPEED TO AVOID CRASH,10900,S,MICHIGAN AVE,2,NONINCAPACITATING INJURY,2.0,0.0,0.0,1.0,1.0,3.0,0.0,10,7,6
2d938a9a716fd0af1061691301b13a0f724e8d3fe668024c7feff57f2ecf06356cd452d1bc9cdf64a870ced4f1a5d91f14d47961279d91d81fdc244efe21ef0f,2023-03-29 14:15:00,45,NO CONTROLS,NO CONTROLS,CLEAR,DAYLIGHT,FIXED OBJECT,DIVIDED - W/MEDIAN BARRIER,STRAIGHT AND LEVEL,DRY,NO DEFECTS,INJURY AND / OR TOW DUE TO CRASH,"OVER $1,500",UNABLE TO DETERMINE,UNABLE TO DETERMINE,5300,S,LAKE SHORE DR SB,1,NONINCAPACITATING INJURY,1.0,0.0,0.0,1.0,0.0,1.0,0.0,14,4,3
f246c8a887d31e7efd3b6e83e1ece05ae259537bebe4b1fbb915e93ae1ade3552aefb1cfb20ca6b7929397be01083b8ee158c2dec0c103358c0f44ad8cebc940,2018-07-25 08:25:00,30,NO CONTROLS,NO CONTROLS,CLEAR,DAYLIGHT,ANGLE,NOT DIVIDED,STRAIGHT AND LEVEL,DRY,NO DEFECTS,NO INJURY / DRIVE AWAY,"$501 - $1,500",UNABLE TO DETERMINE,NOT APPLICABLE,2134,W,FULLERTON AVE,2,NO INDICATION OF INJURY,0.0,0.0,0.0,0.0,0.0,2.0,0.0,8,4,7
afdbbec3e4a0f8384d708ae56a767d83f5f9d786610aa385c68e88f20e58a9e507465c56e1e177c2b88c2e816ff82c8c231b6642ec335b8ecc88f43cc20c2f3e,2016-08-09 12:45:00,30,NO CONTROLS,NO CONTROLS,CLEAR,DAYLIGHT,ANGLE,PARKING LOT,STRAIGHT AND LEVEL,DRY,NO DEFECTS,NO INJURY / DRIVE AWAY,"OVER $1,500",IMPROPER BACKING,IMPROPER BACKING,1763,W,HOWARD ST,2,NO INDICATION OF INJURY,0.0,0.0,0.0,0.0,0.0,2.0,0.0,12,3,8
40ddd4afd0a85ac726f8ae0afb423241d7f586783ca5961bc4ec00b8e81733a5114155bdf6cc4a319a3c4adcff6b51fc9125d63581596b97094daf0fe1c822c8,2019-04-24 09:07:00,30,NO CONTROLS,FUNCTIONING PROPERLY,CLEAR,DAYLIGHT,PARKED MOTOR VEHICLE,DIVIDED - W/MEDIAN (NOT RAISED),STRAIGHT AND LEVEL,DRY,NO DEFECTS,NO INJURY / DRIVE AWAY,"OVER $1,500",DISTRACTION - FROM INSIDE VEHICLE,NOT APPLICABLE,6859,S,ASHLAND AVE,2,NO INDICATION OF INJURY,0.0,0.0,0.0,0.0,0.0,1.0,0.0,9,4,4
5a54ac34256a77a2ac5b9ca87567ecc86b62bc2937d3fb6be2d6304a328e6053a33e73dd03d2c62ae21cfbc9c890e1b43e194429c128770997cb12faf832ddf1,2019-01-18 23:50:00,30,NO CONTROLS,NO CONTROLS,SNOW,"DARKNESS, LIGHTED ROAD",OTHER OBJECT,PARKING LOT,STRAIGHT AND LEVEL,SNOW OR SLUSH,NO DEFECTS,NO INJURY / DRIVE AWAY,"$501 - $1,500",WEATHER,EQUIPMENT - VEHICLE CONDITION,7337,S,SOUTH SHORE DR,1,NO INDICATION OF INJURY,0.0,0.0,0.0,0.0,0.0,1.0,0.0,23,6,1
adb4b3d989911ad67ea587e7f80eb33cb9f9769558e00bc9f4ca29127c03e814516302db5c9936ae894a400cd06d83c89f28102a39a14d458d0881bd38f403a2,2017-08-01 16:40:00,30,NO CONTROLS,NO CONTROLS,CLEAR,DAYLIGHT,ANGLE,NOT DIVIDED,STRAIGHT AND LEVEL,UNKNOWN,UNKNOWN,NO INJURY / DRIVE AWAY,$500 OR LESS,UNABLE TO DETERMINE,UNABLE TO DETERMINE,733,N,BISHOP ST,2,NO INDICATION OF INJURY,0.0,0.0,0.0,0.0,0.0,2.0,0.0,16,3,8
2a2225a392a93f0ed132c22f44658e8c74734868e37730b8cc7f1f57568715eeb150661947f859b006fa55f81ac3ca8ebc88c52c1df6e64c37c54cf665b1e6da,2023-04-21 17:20:00,30,NO CONTROLS,NO CONTROLS,CLEAR,DAYLIGHT,ANGLE,FOUR WAY,STRAIGHT AND LEVEL,DRY,NO DEFECTS,NO INJURY / DRIVE AWAY,"OVER $1,500",FAILING TO YIELD RIGHT-OF-WAY,NOT APPLICABLE,1698,W,CERMAK RD,2,NO INDICATION OF INJURY,0.0,0.0,0.0,0.0,0.0,5.0,0.0,17,6,4
e277382843829d61d26e200208728ad9a339e1c68dd4c1cb237786739177d4cd19c2fd63a3555c331b11ae22d7198619008621f606a426d1bec15eab4c224b25,2022-05-20 23:00:00,30,TRAFFIC SIGNAL,FUNCTIONING PROPERLY,RAIN,"DARKNESS, LIGHTED ROAD",TURNING,NOT DIVIDED,STRAIGHT AND LEVEL,WET,UNKNOWN,NO INJURY / DRIVE AWAY,"OVER $1,500",IMPROPER TURNING/NO SIGNAL,NOT APPLICABLE,7103,S,STATE ST,2,NO INDICATION OF INJURY,0.0,0.0,0.0,0.0,0.0,2.0,0.0,23,6,5
d97f37d2729815ea5899483dd9ebe68df2efc31d59702314f87af749d619210c5e8327239143755d3b90f92a69488217b3337ce3bdb24b722b63e5da5448a0a0,2019-03-27 05:38:00,30,TRAFFIC SIGNAL,FUNCTIONING PROPERLY,CLEAR,"DARKNESS, LIGHTED ROAD",TURNING,CENTER TURN LANE,STRAIGHT AND LEVEL,DRY,NO DEFECTS,INJURY AND / OR TOW DUE TO CRASH,"OVER $1,500",UNABLE TO DETERMINE,UNABLE TO DETERMINE,3232,N,KIMBALL AVE,2,NO INDICATION OF INJURY,0.0,0.0,0.0,0.0,0.0,2.0,0.0,5,4,3
33d060a4e0eae04fd3f9cbd3cd0af1d0e4012569d5927c4b53fbdaf90035493927fc0644792cae7c92cfdf6e8b068fdb33d1a040d39cd3fb4409e68e46f53851,2020-06-24 00:32:00,25,TRAFFIC SIGNAL,FUNCTIONING PROPERLY,CLEAR,"DARKNESS, LIGHTED ROAD",REAR END,DIVIDED - W/MEDIAN BARRIER,STRAIGHT AND LEVEL,DRY,NO DEFECTS,NO INJURY / DRIVE AWAY,"$501 - $1,500",FAILING TO REDUCE SPEED TO AVOID CRASH,FOLLOWING TOO CLOSELY,1200,E,103RD ST,2,NO INDICATION OF INJURY,0.0,0.0,0.0,0.0,0.0,2.0,0.0,0,4,6
faadb9474a940ce7f127f497e7cc388632eedb381baf2b6147013e0611a70bb8fd7f0d1fbfa55303e0b9bd04ae7d3c0a4f6600bb40b1c49ff3dba2181d880013,2018-12-02 06:30:00,15,NO CONTROLS,NO CONTROLS,RAIN,"DARKNESS, LIGHTED ROAD",ANGLE,PARKING LOT,STRAIGHT AND LEVEL,WET,NO DEFECTS,NO INJURY / DRIVE AWAY,"OVER $1,500",FAILING TO YIELD RIGHT-OF-WAY,IMPROPER BACKING,1941,N,WESTERN AVE,2,NO INDICATION OF INJURY,0.0,0.0,0.0,0.0,0.0,3.0,0.0,6,1,12
11bcfa74cb2668e53bd807760a96b18afc546917b78a856f3317987a79a8b9c0e59d7c0709eb8672060adaa6263a28dfe7a00b4715172cd70127ce7cfd08f264,2021-10-19 10:20:00,10,NO CONTROLS,NO CONTROLS,CLEAR,DAYLIGHT,REAR TO FRONT,PARKING LOT,STRAIGHT AND LEVEL,DRY,NO DEFECTS,NO INJURY / DRIVE AWAY,"OVER $1,500",IMPROPER BACKING,NOT APPLICABLE,4702,S,CICERO AVE,2,NO INDICATION OF INJURY,0.0,0.0,0.0,0.0,0.0,2.0,0.0,10,3,10
16c7f6dec85e7e07ef66bcf4616087869f877e9663a4329a16a77cef2e7fe90c29260d3b76f7b3f70e8a5b11b66fcd1fa010d60d71e10c8bb3d681742d2a5d10,2020-02-16 13:00:00,20,NO CONTROLS,NO CONTROLS,CLEAR,DAYLIGHT,SIDESWIPE SAME DIRECTION,ONE-WAY,STRAIGHT AND LEVEL,DRY,NO DEFECTS,NO INJURY / DRIVE AWAY,"OVER $1,500",UNABLE TO DETERMINE,NOT APPLICABLE,5700,S,CICERO AVE,2,NO INDICATION OF INJURY,0.0,0.0,0.0,0.0,0.0,2.0,0.0,13,1,2
12413bb5f9a54111dab9624bd8b3c0c0f03e4a20acb51cb0636e1b296d036b4b55a6fb2ab275298de67469324a05c6ffe01725735c2530855242feb1e6600cc6,2018-06-11 07:30:00,10,NO CONTROLS,NO CONTROLS,FOG/SMOKE/HAZE,DAYLIGHT,PARKED MOTOR VEHICLE,PARKING LOT,STRAIGHT AND LEVEL,WET,NO DEFECTS,NO INJURY / DRIVE AWAY,"$501 - $1,500",NOT APPLICABLE,NOT APPLICABLE,4318,W,GRAND AVE,2,NO INDICATION OF INJURY,0.0,0.0,0.0,0.0,0.0,1.0,0.0,7,2,6
d696e3c125191e826fe48cf3c38c28ed38582638244e7e2074f77e06c2f8d34fb32d7d4cc92c4edbf2148bfcfe24e24d80b5c3b157fa0df2b250894c07f45ee4,2021-07-25 18:08:00,15,NO CONTROLS,NO CONTROLS,CLEAR,DAYLIGHT,PARKED MOTOR VEHICLE,ALLEY,STRAIGHT AND LEVEL,DRY,NO DEFECTS,NO INJURY / DRIVE AWAY,"$501 - $1,500",FAILING TO REDUCE SPEED TO AVOID CRASH,NOT APPLICABLE,4300,W,ARMITAGE AVE,2,NO INDICATION OF INJURY,0.0,0.0,0.0,0.0,0.0,2.0,0.0,18,1,7
1871fd85b8707f8087960a4b22f5ec69f0833177c57b5538780a3cdf0eda470162bcbf62ae6914c1a10c3e7402e51fffc88bcf97a71e0e542f106b2a53268f7a,2018-04-27 13:00:00,15,NO CONTROLS,NO CONTROLS,CLEAR,DAYLIGHT,PARKED MOTOR VEHICLE,ONE-WAY,STRAIGHT AND LEVEL,DRY,NO DEFECTS,NO INJURY / DRIVE AWAY,"$501 - $1,500",UNABLE TO DETERMINE,NOT APPLICABLE,315,N,LOTUS AVE,2,NO INDICATION OF INJURY,0.0,0.0,0.0,0.0,0.0,1.0,0.0,13,6,4
fc0b5e937b2805415587185723f1521214edcc82251262e7721bd9992fab22872b0e96047423ff2741762812730042893489949b3952b17a40910d17385c06cb,2018-04-01 03:25:00,30,NO CONTROLS,NO CONTROLS,CLEAR,"DARKNESS, LIGHTED ROAD",PARKED MOTOR VEHICLE,NOT DIVIDED,STRAIGHT AND LEVEL,DRY,NO DEFECTS,INJURY AND / OR TOW DUE TO CRASH,"OVER $1,500",UNABLE TO DETERMINE,FAILING TO REDUCE SPEED TO AVOID CRASH,6110,W,ADDISON ST,4,NO INDICATION OF INJURY,0.0,0.0,0.0,0.0,0.0,1.0,0.0,3,1,4
8f81e01b47cf56cf34fa9041cbe882d71b053cae376aca3e282dfed20c036f3898d43a86db49bceb5c3a9ecbec1aeb0ccf53bce5431f5d5056d34f55e0d38fb9,2018-06-16 05:30:00,30,NO CONTROLS,NO CONTROLS,UNKNOWN,DAYLIGHT,PARKED MOTOR VEHICLE,NOT DIVIDED,STRAIGHT AND LEVEL,UNKNOWN,NO DEFECTS,NO INJURY / DRIVE AWAY,"OVER $1,500",DRIVING ON WRONG SIDE/WRONG WAY,NOT APPLICABLE,11817,S,PRAIRIE AVE,2,NO INDICATION OF INJURY,0.0,0.0,0.0,0.0,0.0,1.0,0.0,5,7,6
d3a57f0afb721b30503d174b03e406e32bc83cbb4838307df375c0a1f7961063176b6fbfc4e1582c88c15d5c2324a65622570b1bb56e9578e4c8db7a4d494fce,2016-03-12 03:00:00,30,NO CONTROLS,NO CONTROLS,CLEAR,"DARKNESS, LIGHTED ROAD",REAR END,NOT DIVIDED,STRAIGHT AND LEVEL,DRY,NO DEFECTS,NO INJURY / DRIVE AWAY,"$501 - $1,500",FOLLOWING TOO CLOSELY,NOT APPLICABLE,10,W,DIVISION ST,2,NO INDICATION OF INJURY,0.0,0.0,0.0,0.0,0.0,2.0,0.0,3,7,3
e6371a01cf1156bf903ecfe40e557f715a4664e38ed67f98c7eb5260a403bce5917c35303158dd204aca9dd1060c9aabaa0f5029f31d925f2180f451ff37462e,2022-05-14 21:10:00,30,STOP SIGN/FLASHER,FUNCTIONING PROPERLY,CLEAR,"DARKNESS, LIGHTED ROAD",SIDESWIPE OPPOSITE DIRECTION,FOUR WAY,STRAIGHT AND LEVEL,DRY,NO DEFECTS,INJURY AND / OR TOW DUE TO CRASH,"OVER $1,500",UNABLE TO DETERMINE,UNABLE TO DETERMINE,1000,W,DIVISION ST,2,NO INDICATION OF INJURY,0.0,0.0,0.0,0.0,0.0,2.0,0.0,21,7,5