CRASH_RECORD_ID,CRASH_DATE,POSTED_SPEED_LIMIT,TRAFFIC_CONTROL_DEVICE,DEVICE_CONDITION,WEATHER_CONDITION,LIGHTING_CONDITION,FIRST_CRASH_TYPE,TRAFFICWAY_TYPE,ALIGNMENT,ROADWAY_SURFACE_COND,ROAD_DEFECT,CRASH_TYPE,DAMAGE,PRIM_CONTRIBUTORY_CAUSE,SEC_CONTRIBUTORY_CAUSE,STREET_NO,STREET_DIRECTION,STREET_NAME,NUM_UNITS,MOST_SEVERE_INJURY,INJURIES_TOTAL,INJURIES_FATAL,INJURIES_INCAPACITATING,INJURIES_NON_INCAPACITATING,INJURIES_REPORTED_NOT_EVIDENT,INJURIES_NO_INDICATION,INJURIES_UNKNOWN,CRASH_HOUR,CRASH_DAY_OF_WEEK,CRASH_MONTH
d95388caa046ce2a015b2b65e87b8ec9d0d0fc767b49045cbce3a8feb942c57b8f5cbc212bd0d5c6c997996b122fcd628a7762b6ba18b751158bc01b4610d9c0,2020-12-16 17:00:00,30,STOP SIGN/FLASHER,FUNCTIONING PROPERLY,CLEAR,DUSK,REAR END,NOT DIVIDED,STRAIGHT AND LEVEL,DRY,NO DEFECTS,NO INJURY / DRIVE AWAY,"$501 - $1,500",FAILING TO REDUCE SPEED TO AVOID CRASH,NOT APPLICABLE,1012,W,LAWRENCE AVE,2,NO INDICATION OF INJURY,0.0,0.0,0.0,0.0,0.0,3.0,0.0,17,4,12
d01376e0544cf637d111c005583681a4ea758e9ff3bba93a089f539838a5712872d8012d0d69bffe73542fda66df1fc3c790244badf45e4a53f41de16dacd3d5,2018-03-29 09:18:00,30,NO CONTROLS,NO CONTROLS,CLEAR,DAYLIGHT,PEDESTRIAN,DIVIDED - W/MEDIAN BARRIER,STRAIGHT AND LEVEL,WET,NO DEFECTS,INJURY AND / OR TOW DUE TO CRASH,"OVER $1,500",PHYSICAL CONDITION OF DRIVER,UNABLE TO DETERMINE,3001,S,STATE ST,2,NONINCAPACITATING INJURY,1.0,0.0,0.0,1.0,0.0,1.0,0.0,9,5,3
ebf3acf3c5af603bbee00596ad432780127c6a4b0fd25b490c9b5b94b4dde660a6dcf6c9174d8754d986ebd4fb3a7d62de9812584a223ee905d758318d4d64c4,2017-11-10 15:45:00,25,STOP SIGN/FLASHER,FUNCTIONING PROPERLY,SNOW,DAYLIGHT,PARKED MOTOR VEHICLE,NOT DIVIDED,STRAIGHT AND LEVEL,WET,UNKNOWN,NO INJURY / DRIVE AWAY,"OVER $1,500",UNABLE TO DETERMINE,NOT APPLICABLE,4656,N,DOVER ST,2,NO INDICATION OF INJURY,0.0,0.0,0.0,0.0,0.0,1.0,0.0,15,6,11
f8b79aa268f116d04b3cf0a66ede7453cb0d94823b1dcfb3bc4fca563daf2e43db0d458895e0c9976768e760b644d2c310791e045236759adb7239701fbb3be2,2021-05-30 01:56:00,30,TRAFFIC SIGNAL,FUNCTIONING PROPERLY,CLEAR,"DARKNESS, LIGHTED ROAD",FIXED OBJECT,DIVIDED - W/MEDIAN (NOT RAISED),STRAIGHT AND LEVEL,DRY,NO DEFECTS,INJURY AND / OR TOW DUE TO CRASH,"OVER $1,500",PHYSICAL CONDITION OF DRIVER,NOT APPLICABLE,199,W,43RD ST,1,NO INDICATION OF INJURY,0.0,0.0,0.0,0.0,0.0,1.0,0.0,1,1,5
8725e13f15f62b5a3ad06de38020e4637f0024304bd3c2d9f3b3ad5b005c59f546d73e6a8dbe019fe37d7dddd88c68d917e0b14fc293d07f942d3c86c891a246,2021-03-31 07:30:00,30,NO CONTROLS,NO CONTROLS,CLEAR,DAYLIGHT,SIDESWIPE SAME DIRECTION,NOT DIVIDED,STRAIGHT AND LEVEL,DRY,NO DEFECTS,NO INJURY / DRIVE AWAY,"OVER $1,500",IMPROPER LANE USAGE,NOT APPLICABLE,700,W,WASHINGTON BLVD,2,NO INDICATION OF INJURY,0.0,0.0,0.0,0.0,0.0,2.0,0.0,7,4,3
432a75888f8232a5bf5abbdfd1dfd40f71111609c2cc6862bb66631c0b3bd70ce7e9569fd77d64329fe48dd21cf06861a9335623388c7feafe97eca7ebbd0b6e,2023-12-14 16:00:00,30,NO CONTROLS,NO CONTROLS,CLEAR,DAYLIGHT,ANGLE,PARKING LOT,STRAIGHT AND LEVEL,DRY,NO DEFECTS,NO INJURY / DRIVE AWAY,"OVER $1,500",IMPROPER BACKING,NOT APPLICABLE,1520,W,HARRISON ST,2,NO INDICATION OF INJURY,0.0,0.0,0.0,0.0,0.0,4.0,0.0,16,5,12
7b4c8f70906e13ec20a6e328c1d8de484c5efabb4260d57ad5e517c9e59991bdbc2209afd874334a4cf8e046a94ba5ed45afa21b7cb21fe693b6a787064fd27e,2017-12-28 07:12:00,30,TRAFFIC SIGNAL,FUNCTIONING PROPERLY,CLEAR,DAYLIGHT,ANGLE,NOT DIVIDED,STRAIGHT AND LEVEL,DRY,NO DEFECTS,INJURY AND / OR TOW DUE TO CRASH,"OVER $1,500",DISREGARDING TRAFFIC SIGNALS,FAILING TO REDUCE SPEED TO AVOID CRASH,800,W,99TH ST,2,NO INDICATION OF INJURY,0.0,0.0,0.0,0.0,0.0,2.0,0.0,7,5,12
1e1bf85d85b14db251d372bc0ce975fcebf6ba9e612cd1404ac5e6baceb8769e14c0bc03af6e2790c151d72e2445ada1f38639ca65f879e6a9a21e319f67a3a8,2017-08-10 02:05:00,30,NO CONTROLS,NO CONTROLS,CLEAR,"DARKNESS, LIGHTED ROAD",PARKED MOTOR VEHICLE,ONE-WAY,STRAIGHT AND LEVEL,DRY,NO DEFECTS,INJURY AND / OR TOW DUE TO CRASH,"OVER $1,500",PHYSICAL CONDITION OF DRIVER,NOT APPLICABLE,1459,W,POTOMAC AVE,4,FATAL,1.0,1.0,0.0,0.0,0.0,0.0,0.0,2,5,8
a9b0b4ad7edd943dbd3a1c5810a37926b4cdb826bff0361a8fc0bcf0c9f235626e1e40830ac3825e2231a3973a5f92bcf4f4aa3f590d0afa46a6b407cd967400,2018-01-16 08:45:00,20,NO CONTROLS,NO CONTROLS,SNOW,DAYLIGHT,PARKED MOTOR VEHICLE,NOT DIVIDED,STRAIGHT AND LEVEL,SNOW OR SLUSH,NO DEFECTS,NO INJURY / DRIVE AWAY,"$501 - $1,500",IMPROPER BACKING,UNABLE TO DETERMINE,1010,E,72ND ST,2,NO INDICATION OF INJURY,0.0,0.0,0.0,0.0,0.0,2.0,0.0,8,3,1
565bea33974a87b0738123a1cf11c904a13b9a4718aaa5a0376bfcd771cab0e1d455e249f6126d6913e7f8b652f79e9c245ff9c0ac91a0cf78556dd9c15c5ada,2019-05-24 16:30:00,30,NO CONTROLS,NO CONTROLS,CLEAR,DAYLIGHT,SIDESWIPE SAME DIRECTION,NOT DIVIDED,STRAIGHT AND LEVEL,DRY,NO DEFECTS,NO INJURY / DRIVE AWAY,"$501 - $1,500",UNABLE TO DETERMINE,NOT APPLICABLE,101,E,CHICAGO AVE,2,NO INDICATION OF INJURY,0.0,0.0,0.0,0.0,0.0,2.0,0.0,16,6,5
13e235b4b237fa5581b922a525393c814b17991b119fdb2059f12683f278a63c45aa1f3c08e444a8398ea74b6853d7a72fc6b3b44a8416aad5fe6f0f8f80d21e,2021-06-04 22:00:00,30,NO CONTROLS,NO CONTROLS,CLEAR,DAYLIGHT,REAR END,NOT DIVIDED,STRAIGHT AND LEVEL,DRY,NO DEFECTS,NO INJURY / DRIVE AWAY,"OVER $1,500",FAILING TO REDUCE SPEED TO AVOID CRASH,DRIVING SKILLS/KNOWLEDGE/EXPERIENCE,4700,S,CICERO AVE,2,NO INDICATION OF INJURY,0.0,0.0,0.0,0.0,0.0,2.0,0.0,22,6,6
ea7a00c05281a87455586c2b14797fae3d7bdd19ebdbb771e1aedf468f304973b3b36a77f90b3d0b072030eba31b86c560047930388fe76a6ee35bbdc5aba982,2020-05-22 11:00:00,30,NO CONTROLS,NO CONTROLS,CLEAR,DAYLIGHT,PARKED MOTOR VEHICLE,NOT DIVIDED,STRAIGHT AND LEVEL,DRY,NO DEFECTS,NO INJURY / DRIVE AWAY,"$501 - $1,500",NOT APPLICABLE,NOT APPLICABLE,2434,W,DEVON AVE,2,NO INDICATION OF INJURY,0.0,0.0,0.0,0.0,0.0,1.0,0.0,11,6,5
2b04dc14c216a80bbe5b0d9ef35ea6efd22fff4d0cb835ce6a70ba1bd0fece0a6d463716489af7c0f2f3c66ae6e8571b00796712e8b4acc307ac836c113c861d,2023-12-31 04:10:00,25,NO CONTROLS,NO CONTROLS,CLEAR,"DARKNESS, LIGHTED ROAD",PARKED MOTOR VEHICLE,ONE-WAY,STRAIGHT AND LEVEL,DRY,NO DEFECTS,INJURY AND / OR TOW DUE TO CRASH,"OVER $1,500",CELL PHONE USE OTHER THAN TEXTING,NOT APPLICABLE,7750,S,EMERALD AVE,4,NONINCAPACITATING INJURY,1.0,0.0,0.0,1.0,0.0,0.0,0.0,4,1,12
02307f7d71dba4b6fcc92f6ee87a19c03373e256d11e9df84e4ac659b237a8499fac4f62e994f3a83607a8277d4a2cc9df972e1ab54908e1128734b9642039ee,2019-04-27 00:17:00,10,NO CONTROLS,NO CONTROLS,CLEAR,"DARKNESS, LIGHTED ROAD",PARKED MOTOR VEHICLE,PARKING LOT,STRAIGHT AND LEVEL,DRY,NO DEFECTS,NO INJURY / DRIVE AWAY,"OVER $1,500",UNABLE TO DETERMINE,NOT APPLICABLE,4201,S,ASHLAND AVE,2,NO INDICATION OF INJURY,0.0,0.0,0.0,0.0,0.0,1.0,0.0,0,7,4
64e31a8892c4efc12200e52b660d6738d18714e92700f9e995c59c62e7871a62396f08f964e5ce845acb6ee54b87b67a6f9548b489c6fa5af0a261b896a04e81,2018-11-18 13:00:00,30,NO CONTROLS,NO CONTROLS,CLEAR,DAYLIGHT,PARKED MOTOR VEHICLE,NOT DIVIDED,STRAIGHT AND LEVEL,DRY,NO DEFECTS,NO INJURY / DRIVE AWAY,$500 OR LESS,UNABLE TO DETERMINE,UNABLE TO DETERMINE,7234,S,DORCHESTER AVE,2,NO INDICATION OF INJURY,0.0,0.0,0.0,0.0,0.0,1.0,0.0,13,1,11
24988ea02396c74aae463e8b2d23c805fbbcb647aec68b8594a4709dcb2c5b75878ab5a3ce324c09c719b4df60a514a245fca922dcb06eb8f5856b2edd468b01,2018-06-05 10:15:00,25,NO CONTROLS,NO CONTROLS,CLEAR,DAYLIGHT,REAR END,DIVIDED - W/MEDIAN (NOT RAISED),STRAIGHT AND LEVEL,DRY,NO DEFECTS,NO INJURY / DRIVE AWAY,"$501 - $1,500",UNABLE TO DETERMINE,UNABLE TO DETERMINE,4598,W,63RD ST,2,NO INDICATION OF INJURY,0.0,0.0,0.0,0.0,0.0,2.0,0.0,10,3,6
d6b50fe6765ae2c1c5ff892d55ef08a2ac9a7b8944532e0af1af321f2016a7c73c22cd1b7bf4abdf13d3252c87b0f4c9be94ede349a0f717f305d6893db28288,2018-11-20 21:45:00,30,NO CONTROLS,NO CONTROLS,CLEAR,"DARKNESS, LIGHTED ROAD",REAR END,NOT DIVIDED,STRAIGHT AND LEVEL,DRY,NO DEFECTS,INJURY AND / OR TOW DUE TO CRASH,"$501 - $1,500",UNABLE TO DETERMINE,UNABLE TO DETERMINE,2876,S,ARCHER AVE,2,NONINCAPACITATING INJURY,5.0,0.0,0.0,5.0,0.0,2.0,0.0,21,3,11
83fe2beef56b145264ef4a688d56aef6f600e9686a59fda822b2310888f198168c440c862a5f462aec7bf1a6953d78edaf13d0de8d67759f9378cee8b38cccd5,2021-06-15 09:00:00,10,NO CONTROLS,NO CONTROLS,CLEAR,DAYLIGHT,PARKED MOTOR VEHICLE,PARKING LOT,STRAIGHT AND LEVEL,DRY,NO DEFECTS,NO INJURY / DRIVE AWAY,$500 OR LESS,UNABLE TO DETERMINE,UNABLE TO DETERMINE,10000,W,OHARE ST,2,NO INDICATION OF INJURY,0.0,0.0,0.0,0.0,0.0,1.0,0.0,9,3,6
017ed34914540cec72104f2c01168f010a3a4ab98ff24a9d869348a5f57146accd8e4a756b8470a516ed16da97510f97739796a562511b7ef17af0e73810c30a,2022-07-28 12:30:00,25,NO CONTROLS,NO CONTROLS,CLEAR,DAYLIGHT,PARKED MOTOR VEHICLE,NOT DIVIDED,STRAIGHT AND LEVEL,DRY,NO DEFECTS,INJURY AND / OR TOW DUE TO CRASH,"$501 - $1,500",UNABLE TO DETERMINE,UNABLE TO DETERMINE,9410,S,WENTWORTH AVE,2,NONINCAPACITATING INJURY,1.0,0.0,0.0,1.0,0.0,0.0,0.0,12,5,7
c4a3e9c88039a18709710c90d08dac847e3d9e137439ac93ae541afd64c5d95e3cbba22f478ed1423d41630a36d35e7a9a426a3bc4244e391037d101366d9cc8,2022-11-29 16:53:00,30,TRAFFIC SIGNAL,FUNCTIONING PROPERLY,CLEAR,"DARKNESS, LIGHTED ROAD",TURNING,FOUR WAY,STRAIGHT AND LEVEL,DRY,UNKNOWN,NO INJURY / DRIVE AWAY,"OVER $1,500",FAILING TO YIELD RIGHT-OF-WAY,NOT APPLICABLE,11500,S,MICHIGAN AVE,2,NO INDICATION OF INJURY,0.0,0.0,0.0,0.0,0.0,3.0,0.0,16,3,11
9da38c21312e4e0e30abc26c8687891a0c469a7503b25b4ad540920169b392bb7a780a1f1d44d6f8574d6619558b0ae7285e1ad5df932aff8b99313617f24035,2018-03-25 16:05:00,30,TRAFFIC SIGNAL,FUNCTIONING PROPERLY,CLEAR,DAYLIGHT,REAR END,DIVIDED - W/MEDIAN (NOT RAISED),STRAIGHT AND LEVEL,DRY,UNKNOWN,NO INJURY / DRIVE AWAY,"$501 - $1,500",UNABLE TO DETERMINE,UNABLE TO DETERMINE,9500,S,WOODLAWN AVE,2,NO INDICATION OF INJURY,0.0,0.0,0.0,0.0,0.0,5.0,0.0,16,1,3
31068bd428efe831b5fa87a77495da52e4f299e58fa3140e2427a9c07b8af2c992f3cd401a9968cae8992da52a98ed73950acf2532d91b94107601ecfea3e580,2024-02-11 12:00:00,35,UNKNOWN,UNKNOWN,UNKNOWN,UNKNOWN,PARKED MOTOR VEHICLE,OTHER,STRAIGHT AND LEVEL,DRY,UNKNOWN,NO INJURY / DRIVE AWAY,"OVER $1,500",UNABLE TO DETERMINE,NOT APPLICABLE,1243,W,JACKSON BLVD,2,NO INDICATION OF INJURY,0.0,0.0,0.0,0.0,0.0,1.0,0.0,12,1,2
d584d57a7c37aa2b7ee1c08f41710ba8aec8bd9c3def9f761f8e0816f8b6d11f1abc0aa5a9c19e38f1f84a095e5c6e565f363fdb30deb01e4696b77acc2a39d4,2024-01-15 20:00:00,30,STOP SIGN/FLASHER,FUNCTIONING PROPERLY,CLEAR,DARKNESS,ANGLE,NOT DIVIDED,STRAIGHT AND LEVEL,DRY,NO DEFECTS,INJURY AND / OR TOW DUE TO CRASH,"OVER $1,500",FAILING TO YIELD RIGHT-OF-WAY,UNABLE TO DETERMINE,6229,W,BRYN MAWR AVE,2,NO INDICATION OF INJURY,0.0,0.0,0.0,0.0,0.0,4.0,0.0,20,2,1
1f6b1644b2e32b2773aa1aa94031bd590b16998c70b841349aa3eaef65aa6e1b50b2c73519877f766e6e85c209319c973a8e179dc5cc03c10fc59b6e22bc2af7,2021-12-28 06:54:00,30,TRAFFIC SIGNAL,FUNCTIONING PROPERLY,CLOUDY/OVERCAST,DAYLIGHT,REAR END,ONE-WAY,STRAIGHT AND LEVEL,WET,NO DEFECTS,INJURY AND / OR TOW DUE TO CRASH,"OVER $1,500",UNABLE TO DETERMINE,NOT APPLICABLE,2401,W,CONGRESS PKWY,4,NO INDICATION OF INJURY,0.0,0.0,0.0,0.0,0.0,4.0,0.0,6,3,12
970ed3dca37deaa8900f50a7190521b13c0e959caa869159f986aee800e533c8d77297f7a69c0e67d912d395710306e41473d35d18776bb056bfaeeea3a71e29,2022-11-06 11:53:00,30,TRAFFIC SIGNAL,FUNCTIONING PROPERLY,CLEAR,DAYLIGHT,TURNING,FOUR WAY,STRAIGHT AND LEVEL,DRY,NO DEFECTS,INJURY AND / OR TOW DUE TO CRASH,"OVER $1,500",FAILING TO YIELD RIGHT-OF-WAY,UNABLE TO DETERMINE,140,W,CHICAGO AVE,2,NONINCAPACITATING INJURY,1.0,0.0,0.0,1.0,0.0,1.0,0.0,11,1,11
9daeb74e79323c112030e9e375002057cedbb8e3129afe539ccde7bf1f60c20b341a29298452a78304efcd798a8b939c138ee1c0f617c1139d211600bca9ca2f,2022-10-25 06:10:00,35,NO CONTROLS,NO CONTROLS,CLEAR,"DARKNESS, LIGHTED ROAD",REAR END,NOT DIVIDED,STRAIGHT AND LEVEL,DRY,NO DEFECTS,INJURY AND / OR TOW DUE TO CRASH,"OVER $1,500",FOLLOWING TOO CLOSELY,NOT APPLICABLE,6202,S,CENTRAL AVE,3,NO INDICATION OF INJURY,0.0,0.0,0.0,0.0,0.0,3.0,0.0,6,3,10
e7fdd6676a11318ef6059220f0f56fcd48fb2abb27e2e934677cbc4aeeab4b38519ecb5d8fd224dc7f67580e7dedea5ff099612d36c8a5769ccee3226f9fa577,2017-04-27 13:48:00,35,NO CONTROLS,NO CONTROLS,CLEAR,DAYLIGHT,REAR END,DIVIDED - W/MEDIAN BARRIER,STRAIGHT AND LEVEL,DRY,NO DEFECTS,NO INJURY / DRIVE AWAY,"OVER $1,500",NOT APPLICABLE,NOT APPLICABLE,1077,W,ROOSEVELT RD,2,NO INDICATION OF INJURY,0.0,0.0,0.0,0.0,0.0,3.0,0.0,13,5,4
8a0d551743b8128950eda6b2b555667403ff519b549a36dad7b207c114f4d73c0b64208b23514027c09f8e5369ba8445cbe2745ebf2d9ef50269089bc8a696c4,2019-12-16 12:30:00,30,NO CONTROLS,NO CONTROLS,CLEAR,DAYLIGHT,ANGLE,NOT DIVIDED,STRAIGHT AND LEVEL,DRY,NO DEFECTS,NO INJURY / DRIVE AWAY,"$501 - $1,500",IMPROPER LANE USAGE,FAILING TO REDUCE SPEED TO AVOID CRASH,1401,N,PULASKI RD,2,NO INDICATION OF INJURY,0.0,0.0,0.0,0.0,0.0,2.0,0.0,12,2,12
b0e89a707892c2c552a5a29cb56f9cb53c466d0a379c15fe779ac9952ed133e2a66ad1df0bd273f7b5fa556eeb185aa1d9b5228fe9cfc82e2c83a3a39a1acd9c,2021-11-01 14:50:00,15,NO CONTROLS,NO CONTROLS,CLEAR,DAYLIGHT,ANGLE,PARKING LOT,STRAIGHT AND LEVEL,DRY,NO DEFECTS,NO INJURY / DRIVE AWAY,"OVER $1,500",IMPROPER LANE USAGE,FAILING TO YIELD RIGHT-OF-WAY,4455,S,PULASKI RD,2,NO INDICATION OF INJURY,0.0,0.0,0.0,0.0,0.0,2.0,0.0,14,2,11
b4129e3dad387473ec2c6ffb95fd699d44aacb52175dc9734c0a7a2d2a0763692773930dbde1f17cf94311d389c21eae46916f0deed019fc1ff52dbd555f9f64,2020-08-14 08:25:00,30,NO CONTROLS,NO CONTROLS,CLEAR,DAYLIGHT,TURNING,NOT DIVIDED,STRAIGHT AND LEVEL,DRY,NO DEFECTS,NO INJURY / DRIVE AWAY,"OVER $1,500",FAILING TO YIELD RIGHT-OF-WAY,UNABLE TO DETERMINE,2609,S,KEDZIE AVE,2,NO INDICATION OF INJURY,0.0,0.0,0.0,0.0,0.0,2.0,0.0,8,6,8
a91212ebb4d399f4794bc16e49b6595ef37b17d09dddc0488a49d64add711f67707fd9d72020abf74c055b632d737ae3676333ab74cfaa2b25e3bb0ac72eedbf,2018-07-24 16:45:00,15,NO CONTROLS,NO CONTROLS,CLEAR,DAYLIGHT,PARKED MOTOR VEHICLE,PARKING LOT,STRAIGHT AND LEVEL,DRY,NO DEFECTS,NO INJURY / DRIVE AWAY,$500 OR LESS,UNABLE TO DETERMINE,UNABLE TO DETERMINE,3441,N,CICERO AVE,2,NO INDICATION OF INJURY,0.0,0.0,0.0,0.0,0.0,1.0,0.0,16,3,7
6038b2557f41e2aba603983c2b997a912c0c608a0743ae8153c0da7f0f86fa6b318c49ebaac3c73aee233fcc053224de644adff27b150e0347a6635d82552c32,2016-12-01 18:50:00,30,NO CONTROLS,NO CONTROLS,CLEAR,DARKNESS,PARKED MOTOR VEHICLE,NOT DIVIDED,STRAIGHT AND LEVEL,DRY,NO DEFECTS,NO INJURY / DRIVE AWAY,"OVER $1,500",UNABLE TO DETERMINE,NOT APPLICABLE,1822,W,NORTH AVE,2,NO INDICATION OF INJURY,0.0,0.0,0.0,0.0,0.0,1.0,0.0,18,5,12
75c67fb5017c301e227b75249a37515e62ab7d55279be432473fc787da6028d1c5b268d95dc06e619cd34ac2845be460443c52d22454dca9ea7ae20c7c42f9c5,2022-08-08 11:00:00,20,NO CONTROLS,NO CONTROLS,UNKNOWN,UNKNOWN,PARKED MOTOR VEHICLE,NOT DIVIDED,STRAIGHT AND LEVEL,UNKNOWN,NO DEFECTS,INJURY AND / OR TOW DUE TO CRASH,"OVER $1,500",UNABLE TO DETERMINE,UNABLE TO DETERMINE,1221,W,110TH PL,2,NO INDICATION OF INJURY,0.0,0.0,0.0,0.0,0.0,1.0,0.0,11,2,8
22213621b01f6caa466c73adc108ccbd30778923297db436c7b17eac037a53d3dd9b73d01bc76a5923877d696cd21b23caa5d5d80a0af35e8e30e4edd5931f9e,2024-02-08 08:10:00,30,STOP SIGN/FLASHER,UNKNOWN,UNKNOWN,UNKNOWN,TURNING,FOUR WAY,STRAIGHT AND LEVEL,UNKNOWN,UNKNOWN,NO INJURY / DRIVE AWAY,"OVER $1,500",UNABLE TO DETERMINE,UNABLE TO DETERMINE,8300,S,MICHIGAN AVE,2,NO INDICATION OF INJURY,0.0,0.0,0.0,0.0,0.0,3.0,0.0,8,5,2
184ea2b4347fca4004b0962275fefd9679b36071083c44dfc94b7886ad5dccde751dd79c5b626d36c9e4987c81c3b71686290dc1f15b96fc00bd22d1dd0117f6,2020-03-04 15:00:00,30,STOP SIGN/FLASHER,FUNCTIONING PROPERLY,CLEAR,DAYLIGHT,ANGLE,NOT DIVIDED,STRAIGHT AND LEVEL,DRY,NO DEFECTS,NO INJURY / DRIVE AWAY,"OVER $1,500",UNABLE TO DETERMINE,NOT APPLICABLE,5300,S,CALIFORNIA AVE,2,NO INDICATION OF INJURY,0.0,0.0,0.0,0.0,0.0,7.0,0.0,15,4,3
250b6084d6ad4600b7a1a44d2c39c877f86166d93a6540ca6511bccac19db88d9a9d0031255c882070601f4351165798fbb5320dd8d093c77981f2bd74466ab1,2024-04-08 17:06:00,30,TRAFFIC SIGNAL,FUNCTIONING PROPERLY,CLEAR,DAYLIGHT,REAR END,NOT DIVIDED,STRAIGHT AND LEVEL,DRY,NO DEFECTS,INJURY AND / OR TOW DUE TO CRASH,"OVER $1,500",UNABLE TO DETERMINE,UNABLE TO DETERMINE,627,N,AUSTIN BLVD,3,"REPORTED, NOT EVIDENT",1.0,0.0,0.0,0.0,1.0,3.0,0.0,17,2,4
b5a0458015747d2f3b5710095c7084bfcf285143d3091455c5f73f2d36e4f7e11118c3f0c4cc5e742f49315804b565fa48df1fc3d30c6524ce3ffe8ee33ad8e8,2017-10-24 11:40:00,30,TRAFFIC SIGNAL,FUNCTIONING PROPERLY,RAIN,DAYLIGHT,TURNING,NOT DIVIDED,STRAIGHT ON HILLCREST,WET,NO DEFECTS,NO INJURY / DRIVE AWAY,"OVER $1,500",FAILING TO YIELD RIGHT-OF-WAY,DRIVING SKILLS/KNOWLEDGE/EXPERIENCE,499,W,POLK ST,2,NO INDICATION OF INJURY,0.0,0.0,0.0,0.0,0.0,2.0,0.0,11,3,10
64d73a23b5dec3da46d17125a46d3b2c0fbd2d2aebce474ef410dedce9342524f1535eccb0b08ee99edf0499ef9f7d2252b04bf8fc4f71874457dac83f4cc6cb,2017-09-11 08:32:00,30,NO CONTROLS,NO CONTROLS,CLEAR,DAYLIGHT,FIXED OBJECT,DIVIDED - W/MEDIAN (NOT RAISED),STRAIGHT AND LEVEL,DRY,WORN SURFACE,NO INJURY / DRIVE AWAY,"OVER $1,500",UNABLE TO DETERMINE,NOT APPLICABLE,2500,W,35TH ST,1,NO INDICATION OF INJURY,0.0,0.0,0.0,0.0,0.0,1.0,0.0,8,2,9
343dcc5ffb4264f8220b4d6289cd7bbade0423bc4de945c5f035226104c71120fee50f47c24eca715dcd3d1ee80dad2797e65a2e07489c1a18e64b9c51d30d03,2021-06-19 10:05:00,30,TRAFFIC SIGNAL,FUNCTIONING PROPERLY,CLEAR,DAYLIGHT,REAR END,Y-INTERSECTION,STRAIGHT AND LEVEL,DRY,NO DEFECTS,NO INJURY / DRIVE AWAY,"OVER $1,500",UNABLE TO DETERMINE,UNABLE TO DETERMINE,14,S,ASHLAND AVE,2,NO INDICATION OF INJURY,0.0,0.0,0.0,0.0,0.0,2.0,0.0,10,7,6
0ecf5d9770a1000127b2daeea574c016f3735028c54fe2adbe507359c0ff6a1503db29674a805827a36a2a5e5232ae1439ef155600fbb48cfd3144c2c14171da,2019-11-26 08:00:00,30,NO CONTROLS,NO CONTROLS,UNKNOWN,DAYLIGHT,SIDESWIPE SAME DIRECTION,DIVIDED - W/MEDIAN (NOT RAISED),STRAIGHT AND LEVEL,UNKNOWN,UNKNOWN,NO INJURY / DRIVE AWAY,"OVER $1,500",IMPROPER LANE USAGE,UNABLE TO DETERMINE,21,W,GARFIELD BLVD,2,NO INDICATION OF INJURY,0.0,0.0,0.0,0.0,0.0,2.0,0.0,8,3,11
5c0a26aaabb6d53c90073e463eb95fabd0f9163f41cf4a238dd4eab3505f3a71095ea59e59fddb1d8aad2aab138208e300cc23f3db7b8e4999002b544dfd0c94,2016-10-02 14:30:00,30,NO CONTROLS,NO CONTROLS,CLEAR,DAYLIGHT,PARKED MOTOR VEHICLE,NOT DIVIDED,STRAIGHT AND LEVEL,DRY,NO DEFECTS,NO INJURY / DRIVE AWAY,$500 OR LESS,UNABLE TO DETERMINE,UNABLE TO DETERMINE,11100,S,THROOP ST,2,NO INDICATION OF INJURY,0.0,0.0,0.0,0.0,0.0,1.0,0.0,14,1,10
866fd4847cd0fe26df0e6266d3fefb1dd2e24d424a5185b8e48574de5423a8cc48e6fe26ba0ea377f8e39ef616f9910b5b0727dab8c26398f70d9a951182e9a4,2023-01-25 14:30:00,20,NO CONTROLS,NO CONTROLS,SNOW,DAYLIGHT,SIDESWIPE SAME DIRECTION,NOT DIVIDED,STRAIGHT AND LEVEL,SNOW OR SLUSH,NO DEFECTS,NO INJURY / DRIVE AWAY,"OVER $1,500",FAILING TO YIELD RIGHT-OF-WAY,NOT APPLICABLE,5415,W,LE MOYNE ST,2,NO INDICATION OF INJURY,0.0,0.0,0.0,0.0,0.0,2.0,0.0,14,4,1
1da5386efed2aef7d1e156acc53472c2e37bccdbce7888a2a0ee5b0c9b54c0481f64bffc5fcc0c2913d77762fab5848fb568b56b476f31de0f2680f42c6bac95,2023-03-29 14:00:00,10,NO CONTROLS,NO CONTROLS,CLEAR,DAYLIGHT,PARKED MOTOR VEHICLE,PARKING LOT,STRAIGHT AND LEVEL,DRY,NO DEFECTS,NO INJURY / DRIVE AWAY,"OVER $1,500",UNABLE TO DETERMINE,UNABLE TO DETERMINE,2490,N,ELSTON AVE,2,NO INDICATION OF INJURY,0.0,0.0,0.0,0.0,0.0,1.0,0.0,14,4,3
4ee7e789c897890671d4027aa2c4785b52eebaaaf591479eb9039406ecda5c4971dc400c570a6da3537d75fb45346ccb424e0ad0cb16c7db5df8e5e1132e924e,2016-11-07 18:29:00,30,UNKNOWN,UNKNOWN,UNKNOWN,DARKNESS,PARKED MOTOR VEHICLE,ONE-WAY,STRAIGHT AND LEVEL,UNKNOWN,UNKNOWN,NO INJURY / DRIVE AWAY,"OVER $1,500",DISTRACTION - FROM OUTSIDE VEHICLE,NOT APPLICABLE,8031,S,EBERHART AVE,2,NO INDICATION OF INJURY,0.0,0.0,0.0,0.0,0.0,1.0,0.0,18,2,11