CRASH_RECORD_ID,CRASH_DATE,POSTED_SPEED_LIMIT,TRAFFIC_CONTROL_DEVICE,DEVICE_CONDITION,WEATHER_CONDITION,LIGHTING_CONDITION,FIRST_CRASH_TYPE,TRAFFICWAY_TYPE,ALIGNMENT,ROADWAY_SURFACE_COND,ROAD_DEFECT,CRASH_TYPE,DAMAGE,PRIM_CONTRIBUTORY_CAUSE,SEC_CONTRIBUTORY_CAUSE,STREET_NO,STREET_DIRECTION,STREET_NAME,NUM_UNITS,MOST_SEVERE_INJURY,INJURIES_TOTAL,INJURIES_FATAL,INJURIES_INCAPACITATING,INJURIES_NON_INCAPACITATING,INJURIES_REPORTED_NOT_EVIDENT,INJURIES_NO_INDICATION,INJURIES_UNKNOWN,CRASH_HOUR,CRASH_DAY_OF_WEEK,CRASH_MONTH
ba99fed57ba8783748ac72170821ec130d67254d05f2c94edcc0c3b65078ea8d7d15fea1251a0230b1b854fdcbc71773d35ac3a24b3dd0dc43a11290281de3fc,2021-02-10 20:20:00,30,NO CONTROLS,NO CONTROLS,CLEAR,"DARKNESS, LIGHTED ROAD",SIDESWIPE SAME DIRECTION,DIVIDED - W/MEDIAN BARRIER,STRAIGHT AND LEVEL,WET,NO DEFECTS,NO INJURY / DRIVE AWAY,"OVER $1,500",IMPROPER OVERTAKING/PASSING,NOT APPLICABLE,1050,N,LAKE SHORE DR,2,NO INDICATION OF INJURY,0.0,0.0,0.0,0.0,0.0,2.0,0.0,20,4,2
ff7d7a79a6653fb94dbbc1d53a4a07bc10036f418b9bf3f749f1d8f6de6a5c75f62e322a35d6db7a479bad54f72d1787d4c4684a498b7ba3c1c13627ccbfb292,2023-12-28 17:30:00,30,TRAFFIC SIGNAL,FUNCTIONING PROPERLY,RAIN,DARKNESS,TURNING,FOUR WAY,STRAIGHT AND LEVEL,WET,NO DEFECTS,INJURY AND / OR TOW DUE TO CRASH,"OVER $1,500",FAILING TO YIELD RIGHT-OF-WAY,NOT APPLICABLE,6700,S,WESTERN AVE,2,"REPORTED, NOT EVIDENT",2.0,0.0,0.0,0.0,2.0,2.0,0.0,17,5,12
453713e723ec7b9726e77d00bb71da8639e3fafcff2d8af4bc7f60e7f7afb53823571dd601a36ac27e2ef6fa7fbaa2e23fd0656b8f0b7327b5ef67cb74297817,2019-05-09 12:30:00,30,UNKNOWN,UNKNOWN,CLEAR,DAYLIGHT,SIDESWIPE SAME DIRECTION,ONE-WAY,STRAIGHT AND LEVEL,UNKNOWN,UNKNOWN,NO INJURY / DRIVE AWAY,"OVER $1,500",IMPROPER OVERTAKING/PASSING,UNABLE TO DETERMINE,540,N,MICHIGAN AVE,2,NO INDICATION OF INJURY,0.0,0.0,0.0,0.0,0.0,2.0,0.0,12,5,5
0a5f356224e06b2e93e20532d8627eed9b483a48bac03000b5bfc30b3954ae450c7d2a476b8186499b7e8b755886cccae9a3e4904111868dafec54cc6bcf5e94,2017-10-29 14:50:00,30,STOP SIGN/FLASHER,FUNCTIONING PROPERLY,CLEAR,DAYLIGHT,TURNING,DIVIDED - W/MEDIAN (NOT RAISED),STRAIGHT AND LEVEL,DRY,NO DEFECTS,INJURY AND / OR TOW DUE TO CRASH,"OVER $1,500",FAILING TO YIELD RIGHT-OF-WAY,FAILING TO YIELD RIGHT-OF-WAY,1599,N,NOBLE ST,2,NO INDICATION OF INJURY,0.0,0.0,0.0,0.0,0.0,2.0,0.0,14,1,10
2064879fb74e69b70e1b2b7f7b65f77f3806761c1be488872622c4398ac7bcd904f68cc73eb1c0c4df65ae37ce3265d0fe28842a750bdc12543e2fb6fe20041d,2018-02-11 10:06:00,30,TRAFFIC SIGNAL,FUNCTIONING PROPERLY,SNOW,DAYLIGHT,REAR END,DIVIDED - W/MEDIAN (NOT RAISED),STRAIGHT AND LEVEL,SNOW OR SLUSH,NO DEFECTS,INJURY AND / OR TOW DUE TO CRASH,"OVER $1,500",WEATHER,NOT APPLICABLE,7800,S,HALSTED ST,2,NO INDICATION OF INJURY,0.0,0.0,0.0,0.0,0.0,2.0,0.0,10,1,2
60bb3c8b5229a64ab70776476833ad3ca3959f9d25949c6b4852134c0db6bb399367414d22b2bd1d78422ae18212651cb710e3ed9c89972e5e836a0d0138a8bc,2023-01-16 18:30:00,30,TRAFFIC SIGNAL,FUNCTIONING PROPERLY,RAIN,DAYLIGHT,REAR END,NOT DIVIDED,STRAIGHT AND LEVEL,WET,NO DEFECTS,NO INJURY / DRIVE AWAY,"OVER $1,500",FOLLOWING TOO CLOSELY,FAILING TO YIELD RIGHT-OF-WAY,2400,N,DAMEN AVE,3,NO INDICATION OF INJURY,0.0,0.0,0.0,0.0,0.0,4.0,0.0,18,2,1
1bf0cb4b0a8f9fc4e7b50f00f14f938bc4b859ac947d93198a5317d1a0004031c65a11966d9b5baa6903095d20a11385ab8926d4ddd3f74020e85f1ff1386f8f,2021-06-24 19:46:00,30,NO CONTROLS,NO CONTROLS,CLOUDY/OVERCAST,DAYLIGHT,REAR END,NOT DIVIDED,STRAIGHT AND LEVEL,WET,UNKNOWN,INJURY AND / OR TOW DUE TO CRASH,"OVER $1,500",FOLLOWING TOO CLOSELY,NOT APPLICABLE,1635,N,NARRAGANSETT AVE,2,NO INDICATION OF INJURY,0.0,0.0,0.0,0.0,0.0,2.0,0.0,19,5,6
2806fc5afafad677cb6b8735f526432b13915c6ced32eaf968bc9bfd56455726d36ace8b5cae3b5c1ea3c21ce69ca9102f291076affb04dcf665f357a9640a3c,2016-05-25 09:02:00,30,NO CONTROLS,NO CONTROLS,CLEAR,DAYLIGHT,SIDESWIPE SAME DIRECTION,NOT DIVIDED,STRAIGHT AND LEVEL,DRY,NO DEFECTS,NO INJURY / DRIVE AWAY,"OVER $1,500",UNABLE TO DETERMINE,UNABLE TO DETERMINE,4101,W,MADISON ST,2,NO INDICATION OF INJURY,0.0,0.0,0.0,0.0,0.0,2.0,0.0,9,4,5
9dedd3697503696d9734758c72303d39ac1dcb616507611c404fb0e68777f10a7e8b5cf2a2f97dc2674783a1c5217a16948d53df2069b76620a83a9c30d67a5d,2016-11-12 14:00:00,30,TRAFFIC SIGNAL,FUNCTIONING PROPERLY,CLEAR,DAYLIGHT,SIDESWIPE SAME DIRECTION,NOT DIVIDED,STRAIGHT AND LEVEL,DRY,"RUT, HOLES",NO INJURY / DRIVE AWAY,"$501 - $1,500",IMPROPER OVERTAKING/PASSING,UNABLE TO DETERMINE,2,E,51ST ST,2,NO INDICATION OF INJURY,0.0,0.0,0.0,0.0,0.0,3.0,0.0,14,7,11
e7ad0a56803fc8a3d81eb2607bd9deefd9fc9476e48b9429ebae40f71b24eb1fc1c14d97c63d75baced6cf50d1b23c7936733677133ccda3d7e5f31a8ea3e389,2018-03-28 14:10:00,30,NO CONTROLS,NO CONTROLS,CLEAR,DAYLIGHT,REAR END,DIVIDED - W/MEDIAN (NOT RAISED),STRAIGHT AND LEVEL,DRY,NO DEFECTS,NO INJURY / DRIVE AWAY,"$501 - $1,500",UNABLE TO DETERMINE,NOT APPLICABLE,8700,S,STONY ISLAND AVE,2,NO INDICATION OF INJURY,0.0,0.0,0.0,0.0,0.0,2.0,0.0,14,4,3
4781c9802ac63ad6dcb4664ff720bc6b1201ec8a1091791b51311af3336ea084c96ed290c75581310ba03c5c5697b1a93c05f2df55ab88c74b035d5cc2bc0f9c,2022-08-08 15:41:00,20,TRAFFIC SIGNAL,FUNCTIONING PROPERLY,CLEAR,DAYLIGHT,REAR END,NOT DIVIDED,STRAIGHT ON GRADE,WET,NO DEFECTS,NO INJURY / DRIVE AWAY,"$501 - $1,500",FOLLOWING TOO CLOSELY,FOLLOWING TOO CLOSELY,3359,W,71ST ST,2,NO INDICATION OF INJURY,0.0,0.0,0.0,0.0,0.0,2.0,0.0,15,2,8
9feb8e45ed18982e3fbcf4e7d4dc55407a667f798bac44ae27192496005a3f565c5292d208139bac5151082949268fa6d048a82d01fc5f28bb3eb63c62287631,2021-08-29 14:50:00,30,TRAFFIC SIGNAL,FUNCTIONING PROPERLY,CLEAR,DAYLIGHT,REAR END,NOT DIVIDED,STRAIGHT AND LEVEL,UNKNOWN,UNKNOWN,NO INJURY / DRIVE AWAY,"$501 - $1,500",FOLLOWING TOO CLOSELY,UNABLE TO DETERMINE,1870,W,FULLERTON AVE,2,NO INDICATION OF INJURY,0.0,0.0,0.0,0.0,0.0,2.0,0.0,14,1,8
a5f432d419f3d8794d04d10394ff3f60954e9b7d3ceb24454266bb37e19a04504565957a0d5a447edefcc35c4001a4d5dd21f4413af21c8760721a7bd094ad0b,2019-11-18 12:45:00,30,STOP SIGN/FLASHER,FUNCTIONING PROPERLY,CLEAR,DAYLIGHT,ANGLE,NOT DIVIDED,STRAIGHT AND LEVEL,DRY,NO DEFECTS,NO INJURY / DRIVE AWAY,"OVER $1,500",FAILING TO REDUCE SPEED TO AVOID CRASH,FAILING TO REDUCE SPEED TO AVOID CRASH,2345,N,OAK PARK AVE,2,NO INDICATION OF INJURY,0.0,0.0,0.0,0.0,0.0,2.0,0.0,12,2,11
908c17af7c3646521ad41716f0c70f6f6e36168a623e844e197b9fc0fe34140205c1d84ed934c135167c3fbd5aa0da8104616912f5e2aa07297000d52c4fed11,2023-10-31 18:00:00,20,NO CONTROLS,NO CONTROLS,SNOW,"DARKNESS, LIGHTED ROAD",REAR END,RAMP,CURVE ON GRADE,SNOW OR SLUSH,UNKNOWN,NO INJURY / DRIVE AWAY,"$501 - $1,500",WEATHER,WEATHER,1154,S,CLARK ST,2,NO INDICATION OF INJURY,0.0,0.0,0.0,0.0,0.0,2.0,0.0,18,3,10
bdddcb078a9fc2b8e071750968bf3ac01de50d4afc0a7b577e42d62040fffdcd2426456ea65ef0d09762c4c94eb1c35d056e0abdd862155403c3c4259c1abaae,2016-05-01 18:10:00,0,TRAFFIC SIGNAL,FUNCTIONING PROPERLY,CLEAR,DUSK,REAR END,OTHER,STRAIGHT AND LEVEL,DRY,NO DEFECTS,NO INJURY / DRIVE AWAY,"OVER $1,500",UNABLE TO DETERMINE,UNABLE TO DETERMINE,7903,S,STATE ST,2,NO INDICATION OF INJURY,0.0,0.0,0.0,0.0,0.0,2.0,0.0,18,1,5
004fde11a9398eaaaa1bbc51f85688b455571b5e5e170882c28176c620777ece827fe84b43f81ab92a5f0c7c3b2c3a8f515962d32d43a80169f4b4887f43f22a,2016-03-12 16:48:00,30,NO CONTROLS,NO CONTROLS,CLEAR,DAYLIGHT,PARKED MOTOR VEHICLE,PARKING LOT,STRAIGHT AND LEVEL,DRY,NO DEFECTS,NO INJURY / DRIVE AWAY,"OVER $1,500",UNABLE TO DETERMINE,UNABLE TO DETERMINE,9802,S,HALSTED ST,2,NO INDICATION OF INJURY,0.0,0.0,0.0,0.0,0.0,1.0,0.0,16,7,3
db9de4a09142cfc86be15257ddf6c6c93438eb3768c063ad781340fa0fa5580058347dad190c8503d386a61d2164ebd9adb79831ccd77592fcf0eeb3c8da19d4,2022-11-26 14:13:00,30,TRAFFIC SIGNAL,FUNCTIONING PROPERLY,CLEAR,DAYLIGHT,TURNING,DIVIDED - W/MEDIAN (NOT RAISED),STRAIGHT AND LEVEL,DRY,NO DEFECTS,NO INJURY / DRIVE AWAY,"OVER $1,500",FAILING TO YIELD RIGHT-OF-WAY,UNABLE TO DETERMINE,10700,S,WESTERN AVE,2,NO INDICATION OF INJURY,0.0,0.0,0.0,0.0,0.0,2.0,0.0,14,7,11
ede392e46746d073b4c9efebf3f3009272be979f46b8e2f343f80573fc050a003a6de8867585316deaf531543afe286dd3846067d7b4c28c9613137cee044e53,2020-08-09 02:30:00,30,TRAFFIC SIGNAL,FUNCTIONING PROPERLY,CLEAR,"DARKNESS, LIGHTED ROAD",ANGLE,NOT DIVIDED,STRAIGHT AND LEVEL,DRY,NO DEFECTS,INJURY AND / OR TOW DUE TO CRASH,"OVER $1,500",DISREGARDING TRAFFIC SIGNALS,NOT APPLICABLE,5200,N,RAVENSWOOD AVE,2,NONINCAPACITATING INJURY,1.0,0.0,0.0,1.0,0.0,4.0,0.0,2,1,8
216ec07718182f1917ac5a6b442ef8bd3ef297163e52bf549a93d30055d321cbc3ed408d00dcf2396516e3cd77196e08449741a5e9ab4e114e2f42e17cff147a,2021-05-13 02:40:00,25,NO CONTROLS,NO CONTROLS,CLEAR,"DARKNESS, LIGHTED ROAD",SIDESWIPE OPPOSITE DIRECTION,NOT DIVIDED,STRAIGHT AND LEVEL,DRY,NO DEFECTS,NO INJURY / DRIVE AWAY,"$501 - $1,500",DRIVING ON WRONG SIDE/WRONG WAY,NOT APPLICABLE,3731,W,107TH ST,2,NO INDICATION OF INJURY,0.0,0.0,0.0,0.0,0.0,2.0,0.0,2,5,5
88c23ef109966312edf93bebf8faea69e0f346cccb2ab366ac807bb1ed0c5a8110e027f841315154971079bf228190b38f71f3a27770c7450016e3cf66944faf,2023-04-30 12:50:00,30,TRAFFIC SIGNAL,FUNCTIONING PROPERLY,RAIN,DAYLIGHT,REAR END,NOT DIVIDED,STRAIGHT AND LEVEL,WET,NO DEFECTS,INJURY AND / OR TOW DUE TO CRASH,"$501 - $1,500",FAILING TO REDUCE SPEED TO AVOID CRASH,NOT APPLICABLE,1344,N,CICERO AVE,2,"REPORTED, NOT EVIDENT",1.0,0.0,0.0,0.0,1.0,1.0,0.0,12,1,4
9380e4b92bda005155203e898d4a3b0085abaa303223c1b81b0bd9a732c448040e2e446d99c109b8c943279bdb1390ef18444d3562fcaf0dcf0e180c6709d470,2015-11-23 18:00:00,30,NO CONTROLS,NO CONTROLS,UNKNOWN,"DARKNESS, LIGHTED ROAD",FIXED OBJECT,DIVIDED - W/MEDIAN (NOT RAISED),STRAIGHT AND LEVEL,UNKNOWN,"RUT, HOLES",NO INJURY / DRIVE AWAY,"$501 - $1,500",ROAD CONSTRUCTION/MAINTENANCE,UNABLE TO DETERMINE,5888,N,RIDGE AVE,1,NO INDICATION OF INJURY,0.0,0.0,0.0,0.0,0.0,1.0,0.0,18,2,11
c78f3f45b91b0f6653577022d4bc47f568c20d8a0a86b086a291ab7c2e235321764a9b491f9b322779c731927a9e3165c2a7ce764e5e21522cb79450024d96f1,2017-08-07 16:30:00,30,STOP SIGN/FLASHER,FUNCTIONING PROPERLY,CLEAR,DAYLIGHT,REAR END,DIVIDED - W/MEDIAN (NOT RAISED),STRAIGHT AND LEVEL,DRY,NO DEFECTS,NO INJURY / DRIVE AWAY,"$501 - $1,500",FOLLOWING TOO CLOSELY,NOT APPLICABLE,332,S,LARAMIE AVE,2,NO INDICATION OF INJURY,0.0,0.0,0.0,0.0,0.0,4.0,0.0,16,2,8
76abb8017fee9d5bca2703db31208ed8925aa89e96dc8aca50f701315c8bf9d3272703b4af41b71bae90fc6536d7355b8b86de59f430a9960adf3c38d1eb3e5b,2021-02-11 14:25:00,30,NO CONTROLS,NO CONTROLS,CLEAR,DARKNESS,PARKED MOTOR VEHICLE,ONE-WAY,STRAIGHT AND LEVEL,SNOW OR SLUSH,NO DEFECTS,NO INJURY / DRIVE AWAY,"OVER $1,500",UNABLE TO DETERMINE,UNABLE TO DETERMINE,4859,W,BLOOMINGDALE AVE,2,NO INDICATION OF INJURY,0.0,0.0,0.0,0.0,0.0,1.0,0.0,14,5,2
fee09c166d1c1ed723b1d24d21666bcd799d670496a1a19092488cde16152fac32e4493dd2a09a01678d7138b4f16c9e2f312c3910c4f689f7f19172ffef0ad0,2023-06-10 05:45:00,30,NO CONTROLS,NO CONTROLS,CLEAR,DAYLIGHT,FIXED OBJECT,NOT DIVIDED,STRAIGHT AND LEVEL,DRY,NO DEFECTS,NO INJURY / DRIVE AWAY,"OVER $1,500","VISION OBSCURED (SIGNS, TREE LIMBS, BUILDINGS, ETC.)",NOT APPLICABLE,615,W,HARRISON ST,1,NO INDICATION OF INJURY,0.0,0.0,0.0,0.0,0.0,1.0,0.0,5,7,6
43aaa847881bd1541e03f4062f0f6b819abcada923aa71c3a5f039bda634b26cfaabfc95131fa33620b89ffd51868420fbaff2cf3144567227700d6b4b91ee82,2021-06-13 16:00:00,15,NO CONTROLS,NO CONTROLS,CLEAR,DAYLIGHT,PARKED MOTOR VEHICLE,PARKING LOT,STRAIGHT ON GRADE,DRY,NO DEFECTS,NO INJURY / DRIVE AWAY,"$501 - $1,500",DRIVING SKILLS/KNOWLEDGE/EXPERIENCE,NOT APPLICABLE,2407,W,111TH ST,2,NO INDICATION OF INJURY,0.0,0.0,0.0,0.0,0.0,2.0,0.0,16,1,6
024d0c8326815fc594becd69bb1bfb6118951322e5d852d19ffe33cf252697f5d1d0a2481767a41263cc8d8d08938b82d8b61e97482d84ccbe5cabb578049504,2020-09-17 10:34:00,25,NO CONTROLS,NO CONTROLS,CLEAR,"DARKNESS, LIGHTED ROAD",PARKED MOTOR VEHICLE,ONE-WAY,STRAIGHT AND LEVEL,DRY,NO DEFECTS,INJURY AND / OR TOW DUE TO CRASH,"OVER $1,500",UNABLE TO DETERMINE,UNABLE TO DETERMINE,9942,S,LAFAYETTE AVE,4,NO INDICATION OF INJURY,0.0,0.0,0.0,0.0,0.0,1.0,0.0,10,5,9
22141b0717d233b3fbbae786afb2eec8d328f15f1582f6185f66dd3f57b4b29e79495982779238aa3b19473d0d82e043ed7b64a42acdcbca21bd3e411dd636b3,2019-02-11 08:50:00,30,NO CONTROLS,NO CONTROLS,CLEAR,DAYLIGHT,REAR END,DIVIDED - W/MEDIAN (NOT RAISED),STRAIGHT AND LEVEL,WET,NO DEFECTS,NO INJURY / DRIVE AWAY,"OVER $1,500",FOLLOWING TOO CLOSELY,UNABLE TO DETERMINE,2499,W,COLUMBUS AVE,2,NO INDICATION OF INJURY,0.0,0.0,0.0,0.0,0.0,3.0,0.0,8,2,2
79a6340b1a69fd5a6e44ecd7d4e534dfb1ca0d2e3c57c8768387788f57daf98b13a1a5051605c36c6e8281f4e27d00390b4cd2ace7931c50c4207287aa1b9c3b,2023-01-08 12:30:00,30,TRAFFIC SIGNAL,FUNCTIONING PROPERLY,CLEAR,DAYLIGHT,SIDESWIPE SAME DIRECTION,FOUR WAY,STRAIGHT AND LEVEL,DRY,UNKNOWN,NO INJURY / DRIVE AWAY,"OVER $1,500",TURNING RIGHT ON RED,TURNING RIGHT ON RED,1615,W,79TH ST,2,NO INDICATION OF INJURY,0.0,0.0,0.0,0.0,0.0,2.0,0.0,12,1,1
58d7dc227e942919ef830586936a4ed427ff986601775386e8c3379172a495e8dbde0e56ac7b5407649ecf20f28c2c43c2c14960a43b380aea96c1ab0cf73b28,2022-03-23 16:46:00,30,TRAFFIC SIGNAL,FUNCTIONING PROPERLY,RAIN,DAYLIGHT,PEDESTRIAN,FOUR WAY,STRAIGHT AND LEVEL,WET,NO DEFECTS,INJURY AND / OR TOW DUE TO CRASH,"OVER $1,500",FAILING TO REDUCE SPEED TO AVOID CRASH,FAILING TO YIELD RIGHT-OF-WAY,1200,W,DEVON AVE,2,INCAPACITATING INJURY,1.0,0.0,1.0,0.0,0.0,1.0,0.0,16,4,3
fc2e32e55af0cf76633436713a6b652aeafd69bf40f11276b4df8f6f80f9a437467b8e178a6ff4941b47dd8b8ad943ec9fb1a3a17f4f848df8a9dc6c20382c73,2021-02-20 23:35:00,30,POLICE/FLAGMAN,FUNCTIONING PROPERLY,CLEAR,"DARKNESS, LIGHTED ROAD",REAR END,NOT DIVIDED,STRAIGHT AND LEVEL,DRY,NO DEFECTS,NO INJURY / DRIVE AWAY,"OVER $1,500",IMPROPER OVERTAKING/PASSING,DISREGARDING OTHER TRAFFIC SIGNS,3100,S,KEDZIE AVE,2,NO INDICATION OF INJURY,0.0,0.0,0.0,0.0,0.0,2.0,0.0,23,7,2
82d0ada69301122bdddc2d60693d081c73c0bc1123f23bfb4b69687f9abf45ca894bf139af25158de414beb70b7b07a47021ceee31fa2223fa854135e0034edc,2024-05-01 14:45:00,30,TRAFFIC SIGNAL,FUNCTIONING PROPERLY,CLEAR,DAYLIGHT,TURNING,FOUR WAY,STRAIGHT AND LEVEL,DRY,NO DEFECTS,INJURY AND / OR TOW DUE TO CRASH,"OVER $1,500",UNABLE TO DETERMINE,NOT APPLICABLE,2400,W,FULLERTON AVE,2,NO INDICATION OF INJURY,0.0,0.0,0.0,0.0,0.0,3.0,0.0,14,4,5
2980269bc6afccabf531feb896d134dd0ea625fae3848b40d087a44f8ea6a86b6b6dd61ae42b6a0ce516811375fe55fe3532e1d21b8b3c5ad88bf318ea7633e3,2019-11-06 17:45:00,30,TRAFFIC SIGNAL,FUNCTIONING PROPERLY,CLEAR,DAWN,PARKED MOTOR VEHICLE,DIVIDED - W/MEDIAN BARRIER,STRAIGHT AND LEVEL,DRY,NO DEFECTS,INJURY AND / OR TOW DUE TO CRASH,"$501 - $1,500","OPERATING VEHICLE IN ERRATIC, RECKLESS, CARELESS, NEGLIGENT OR AGGRESSIVE MANNER","OPERATING VEHICLE IN ERRATIC, RECKLESS, CARELESS, NEGLIGENT OR AGGRESSIVE MANNER",12,S,MICHIGAN AVE,2,"REPORTED, NOT EVIDENT",1.0,0.0,0.0,0.0,1.0,1.0,0.0,17,4,11
6c483dcf3f959aec2b5c38e9b212769bf29799b2a513496f7e14eaff87c13daa2d7c62a2e9c8171a76d3fa02d7b28ad3a758a7ef7c37af7536fa9cff41309959,2023-01-28 04:11:00,30,TRAFFIC SIGNAL,FUNCTIONING PROPERLY,CLEAR,"DARKNESS, LIGHTED ROAD",ANGLE,OTHER,STRAIGHT AND LEVEL,DRY,NO DEFECTS,INJURY AND / OR TOW DUE TO CRASH,"OVER $1,500",UNABLE TO DETERMINE,UNABLE TO DETERMINE,7100,S,STONY ISLAND AVE,2,NONINCAPACITATING INJURY,2.0,0.0,0.0,2.0,0.0,1.0,0.0,4,7,1
18bad96a2e1b53ad193bedcaa26a0c8cf470a5be845d33e6ca0d8f7ac7f0a4b3b54d2c2e767f4852a018bad146aabe8fe30411c91ef436877018c951aba5f5fd,2018-01-04 15:58:00,30,NO CONTROLS,NO CONTROLS,CLEAR,DAYLIGHT,SIDESWIPE OPPOSITE DIRECTION,PARKING LOT,STRAIGHT AND LEVEL,DRY,NO DEFECTS,NO INJURY / DRIVE AWAY,"OVER $1,500",IMPROPER BACKING,"OPERATING VEHICLE IN ERRATIC, RECKLESS, CARELESS, NEGLIGENT OR AGGRESSIVE MANNER",8600,S,STONY ISLAND AVE,2,NO INDICATION OF INJURY,0.0,0.0,0.0,0.0,0.0,2.0,0.0,15,5,1
7ed5d4a4d6cd3d5a54e0d96e09db9e8dbe43f5c8a0c1b31ccc5696c1f6b50ad73158c0102345b96d3950f1771f29b689e4cbd4e80268aa887cea7a12770dd670,2016-12-06 13:48:00,30,NO CONTROLS,NO CONTROLS,CLEAR,DAYLIGHT,SIDESWIPE SAME DIRECTION,NOT DIVIDED,STRAIGHT AND LEVEL,DRY,NO DEFECTS,NO INJURY / DRIVE AWAY,"OVER $1,500",UNABLE TO DETERMINE,UNABLE TO DETERMINE,100,E,GRAND AVE,2,NO INDICATION OF INJURY,0.0,0.0,0.0,0.0,0.0,2.0,0.0,13,3,12
11941ca1eddf093117e4a5fe1e03d3e38b41644aa16a91543ccd2f4f64205c022f349765d7342c1fbabd2c1b28fdf97395fe3b1546eef07415f81a5a283cf513,2023-12-12 20:59:00,30,OTHER WARNING SIGN,NO CONTROLS,CLEAR,"DARKNESS, LIGHTED ROAD",PARKED MOTOR VEHICLE,ONE-WAY,STRAIGHT AND LEVEL,DRY,NO DEFECTS,INJURY AND / OR TOW DUE TO CRASH,"OVER $1,500",DRIVING ON WRONG SIDE/WRONG WAY,UNABLE TO DETERMINE,1230,E,63RD ST,2,NO INDICATION OF INJURY,0.0,0.0,0.0,0.0,0.0,2.0,0.0,20,3,12
992f5cfabe297469068cc771eb80d023bc3cf2a403db91d0ca33f39143d87c31ef6bbca4bbe80416ab6b8e984f6ea2e87cf005cf155e12226b271dadf04fb336,2023-10-16 10:07:00,30,TRAFFIC SIGNAL,FUNCTIONING PROPERLY,RAIN,DAYLIGHT,TURNING,OTHER,STRAIGHT AND LEVEL,WET,NO DEFECTS,NO INJURY / DRIVE AWAY,"OVER $1,500",UNABLE TO DETERMINE,UNABLE TO DETERMINE,2350,W,87TH ST,2,NO INDICATION OF INJURY,0.0,0.0,0.0,0.0,0.0,3.0,0.0,10,2,10
973c8d8b62a4bae8232cae8afd414e387f2568be0081bf5a7c2bbe875c8aac2b7c0c5370edb15953b990e593c75a393df4740627933af11e73ebaa0e0882a48d,2023-12-11 15:15:00,30,UNKNOWN,UNKNOWN,UNKNOWN,DAYLIGHT,SIDESWIPE SAME DIRECTION,NOT DIVIDED,STRAIGHT AND LEVEL,UNKNOWN,UNKNOWN,NO INJURY / DRIVE AWAY,"OVER $1,500",UNABLE TO DETERMINE,NOT APPLICABLE,2601,N,WESTERN AVE,2,NO INDICATION OF INJURY,0.0,0.0,0.0,0.0,0.0,2.0,0.0,15,2,12
fa24992615ac3b6d6ac31a37e04a8784fc646c6e870751b2d11b235545d3c4cebb878c12e9ee56a604c40d7e6ff6ed1d13eafb835b6e247c53c21394dda3ced6,2021-12-31 17:25:00,30,NO CONTROLS,NO CONTROLS,CLEAR,DAYLIGHT,SIDESWIPE SAME DIRECTION,DIVIDED - W/MEDIAN (NOT RAISED),STRAIGHT AND LEVEL,DRY,UNKNOWN,NO INJURY / DRIVE AWAY,"$501 - $1,500",UNABLE TO DETERMINE,UNABLE TO DETERMINE,1232,N,PULASKI RD,2,NO INDICATION OF INJURY,0.0,0.0,0.0,0.0,0.0,2.0,0.0,17,6,12
a29b7b80043852aefb6960dcfd479b7fd60ea61f32808bf8b1d42d455c93c8ce2477748bcaffe2d3a4e22103d569d72271a39143d1ecc90062a98d520d10a763,2022-04-07 13:34:00,30,NO CONTROLS,NO CONTROLS,CLEAR,DAYLIGHT,TURNING,NOT DIVIDED,STRAIGHT AND LEVEL,DRY,NO DEFECTS,NO INJURY / DRIVE AWAY,"$501 - $1,500",UNABLE TO DETERMINE,NOT APPLICABLE,2100,W,OGDEN AVE,2,NO INDICATION OF INJURY,0.0,0.0,0.0,0.0,0.0,2.0,0.0,13,5,4
3b0d47c7f20fe5ad5c862f8a4763f010d80e8ffdb64c69a6ec7f0decad7d8910da4ea45bca0f7da1a4d0e259bb707a3aeca966d1ddfab26ca765b3bad2852c39,2019-10-15 09:05:00,30,NO CONTROLS,NO CONTROLS,CLOUDY/OVERCAST,DAYLIGHT,ANGLE,DIVIDED - W/MEDIAN (NOT RAISED),STRAIGHT AND LEVEL,DRY,NO DEFECTS,INJURY AND / OR TOW DUE TO CRASH,"OVER $1,500",UNABLE TO DETERMINE,UNABLE TO DETERMINE,9715,S,COTTAGE GROVE AVE,2,INCAPACITATING INJURY,2.0,0.0,2.0,0.0,0.0,1.0,0.0,9,3,10
c360e9e77adc23cbe50cf39b8b867946bdef600373a2c7d07e8c5e58170f952a8df354754d5de70ae34afce0277a4429b01033bd4f40732d42cca946182589a0,2021-10-23 16:02:00,30,TRAFFIC SIGNAL,FUNCTIONING PROPERLY,CLEAR,DAYLIGHT,ANGLE,DIVIDED - W/MEDIAN (NOT RAISED),STRAIGHT AND LEVEL,DRY,NO DEFECTS,INJURY AND / OR TOW DUE TO CRASH,"OVER $1,500",WEATHER,UNABLE TO DETERMINE,2798,N,ASHLAND AVE,3,NONINCAPACITATING INJURY,2.0,0.0,0.0,2.0,0.0,2.0,0.0,16,7,10