CRASH_RECORD_ID,CRASH_DATE,POSTED_SPEED_LIMIT,TRAFFIC_CONTROL_DEVICE,DEVICE_CONDITION,WEATHER_CONDITION,LIGHTING_CONDITION,FIRST_CRASH_TYPE,TRAFFICWAY_TYPE,ALIGNMENT,ROADWAY_SURFACE_COND,ROAD_DEFECT,CRASH_TYPE,DAMAGE,PRIM_CONTRIBUTORY_CAUSE,SEC_CONTRIBUTORY_CAUSE,STREET_NO,STREET_DIRECTION,STREET_NAME,NUM_UNITS,MOST_SEVERE_INJURY,INJURIES_TOTAL,INJURIES_FATAL,INJURIES_INCAPACITATING,INJURIES_NON_INCAPACITATING,INJURIES_REPORTED_NOT_EVIDENT,INJURIES_NO_INDICATION,INJURIES_UNKNOWN,CRASH_HOUR,CRASH_DAY_OF_WEEK,CRASH_MONTH
b47709893ae3c8f8ec9ed73ccf8e10984d1d6eed7292e15852ab51636f44c199d6c46164954b2dbfc3f7ab775da2d67ef734aad322e4ace70d37e008272d0578,2020-12-08 11:33:00,45,TRAFFIC SIGNAL,FUNCTIONING PROPERLY,UNKNOWN,DAYLIGHT,REAR END,DIVIDED - W/MEDIAN BARRIER,STRAIGHT AND LEVEL,UNKNOWN,NO DEFECTS,NO INJURY / DRIVE AWAY,"OVER $1,500",UNABLE TO DETERMINE,UNABLE TO DETERMINE,6258,S,LAKE SHORE DR,2,NO INDICATION OF INJURY,0.0,0.0,0.0,0.0,0.0,2.0,0.0,11,3,12
32337c57f5b2eea174c7c3d20a21aba0f2d24d5ab14e6a8f4c9822378e5c9c2f67909ad85805447a5749ce35be3099ed584c0904632a13ba9006aa6b792691f6,2020-10-13 21:20:00,25,TRAFFIC SIGNAL,UNKNOWN,CLEAR,"DARKNESS, LIGHTED ROAD",TURNING,NOT DIVIDED,STRAIGHT AND LEVEL,DRY,UNKNOWN,NO INJURY / DRIVE AWAY,"OVER $1,500",NOT APPLICABLE,NOT APPLICABLE,6800,S,SOUTH SHORE DR,2,NO INDICATION OF INJURY,0.0,0.0,0.0,0.0,0.0,2.0,0.0,21,3,10
521a257ccaa7389cf43f9e247fc7076c52f9dc7708f3f273d98afa57c1767104b5238a6f0f07f3d9cef05d5cc6ec86dad54c15eaac7780fa55fbd8cbc6fabf2e,2017-12-26 17:45:00,45,NO CONTROLS,NO CONTROLS,CLEAR,"DARKNESS, LIGHTED ROAD",SIDESWIPE SAME DIRECTION,DIVIDED - W/MEDIAN BARRIER,STRAIGHT AND LEVEL,DRY,NO DEFECTS,INJURY AND / OR TOW DUE TO CRASH,"OVER $1,500",UNABLE TO DETERMINE,UNABLE TO DETERMINE,1500,N,LAKE SHORE DR SB,2,NONINCAPACITATING INJURY,1.0,0.0,0.0,1.0,0.0,1.0,0.0,17,3,12
a6bbcfd56dcde12bc6ce3dd715d63a62e17404522fe90b6ec30cf3e7e8b3a6fb0f38ecbc155f2007e6714473949fd6fd2cbcb721567a3d4de68d5bb8fa45b3b8,2019-03-25 11:10:00,30,TRAFFIC SIGNAL,FUNCTIONING PROPERLY,CLEAR,DAYLIGHT,TURNING,ONE-WAY,STRAIGHT AND LEVEL,DRY,NO DEFECTS,NO INJURY / DRIVE AWAY,"$501 - $1,500",IMPROPER TURNING/NO SIGNAL,NOT APPLICABLE,600,N,CLARK ST,2,NO INDICATION OF INJURY,0.0,0.0,0.0,0.0,0.0,4.0,0.0,11,2,3
af8b8473055e5a07565269e55d7fff6ba4762e7c9ec62efe52cfc9387955091308ae157c610c9d73ed719f1a866547bcee7d7bf1b70e8338c0e70ccf030a783e,2024-03-24 13:00:00,35,TRAFFIC SIGNAL,FUNCTIONING PROPERLY,CLOUDY/OVERCAST,DAYLIGHT,PEDESTRIAN,FOUR WAY,STRAIGHT AND LEVEL,DRY,NO DEFECTS,INJURY AND / OR TOW DUE TO CRASH,"OVER $1,500",UNABLE TO DETERMINE,UNABLE TO DETERMINE,8702,S,STONY ISLAND AVE,2,INCAPACITATING INJURY,1.0,0.0,1.0,0.0,0.0,3.0,0.0,13,1,3
e211ecd65345380159d482bd2081fadbc2f8958f729e2ef9e8734ddad06d30f47c5fbc50bcea1602f20316f57b6daf3f62de8f69c701e8e68bc074109effb1fb,2017-11-07 07:10:00,30,TRAFFIC SIGNAL,FUNCTIONING PROPERLY,CLEAR,DAYLIGHT,REAR END,NOT DIVIDED,STRAIGHT AND LEVEL,DRY,NO DEFECTS,NO INJURY / DRIVE AWAY,$500 OR LESS,UNABLE TO DETERMINE,UNABLE TO DETERMINE,7209,S,JEFFERY BLVD,2,NO INDICATION OF INJURY,0.0,0.0,0.0,0.0,0.0,2.0,0.0,7,3,11
dadccd52649f11ec4e9f5736344d60356acc8ded4503d59256a79975f4919f70739898b278d2e676a41e1ba1cf600765f8f1841bb8f8995bd9f784a2d4ad7bea,2021-06-05 14:00:00,30,TRAFFIC SIGNAL,FUNCTIONING PROPERLY,CLEAR,DAYLIGHT,REAR END,NOT DIVIDED,STRAIGHT AND LEVEL,DRY,UNKNOWN,NO INJURY / DRIVE AWAY,"OVER $1,500",FAILING TO REDUCE SPEED TO AVOID CRASH,NOT APPLICABLE,4232,W,PETERSON AVE,2,NO INDICATION OF INJURY,0.0,0.0,0.0,0.0,0.0,5.0,0.0,14,7,6
f753a893a4d47b2c77097d556ab08e8f2d7a1630184b666090ab5088ec3c85d1e98c52341d59e2f0621e667a1d1c07966e805a3f0f227bc0ad9aaae5ef234584,2018-04-07 17:22:00,10,NO CONTROLS,NO CONTROLS,CLEAR,DAYLIGHT,SIDESWIPE SAME DIRECTION,PARKING LOT,STRAIGHT AND LEVEL,DRY,NO DEFECTS,NO INJURY / DRIVE AWAY,"OVER $1,500",UNABLE TO DETERMINE,UNABLE TO DETERMINE,4098,N,LINCOLN AVE,2,NO INDICATION OF INJURY,0.0,0.0,0.0,0.0,0.0,2.0,0.0,17,7,4
e253f793007894202b6d29e026f7cb155f91ec0dd37ffd1fe05530203c2a4a1ba4c654731bd1f8f52c0ab78218f8fd1f2090a4af551999afda27f39627e5f656,2022-07-05 15:10:00,30,UNKNOWN,UNKNOWN,CLEAR,UNKNOWN,PARKED MOTOR VEHICLE,UNKNOWN,STRAIGHT AND LEVEL,UNKNOWN,UNKNOWN,NO INJURY / DRIVE AWAY,"OVER $1,500",UNABLE TO DETERMINE,UNABLE TO DETERMINE,155,N,WABASH AVE,2,NO INDICATION OF INJURY,0.0,0.0,0.0,0.0,0.0,1.0,0.0,15,3,7
7f3596b36588e5d88381965ab48dc4aca4a30449a9af2aebdb3a0d6fc543ef2d4ebc71b575e808fd04743857671326519e45022e9aecb0b813d075d789a7afa8,2022-10-30 20:23:00,30,NO CONTROLS,NO CONTROLS,RAIN,DAYLIGHT,ANGLE,OTHER,STRAIGHT AND LEVEL,WET,NO DEFECTS,NO INJURY / DRIVE AWAY,"OVER $1,500",NOT APPLICABLE,NOT APPLICABLE,3638,W,66TH PL,2,NO INDICATION OF INJURY,0.0,0.0,0.0,0.0,0.0,2.0,0.0,20,1,10
834c9a5fe0e99d5c3b8b2f55a9de0b480cfee13923e8f8981cdd822fafbded7b5d1db70c219b62186d094a4e9977578c67ebdfea6d101ed56ec16baf7f594bfa,2017-12-11 06:00:00,25,NO CONTROLS,NO CONTROLS,CLEAR,DAYLIGHT,FIXED OBJECT,DIVIDED - W/MEDIAN (NOT RAISED),STRAIGHT AND LEVEL,DRY,NO DEFECTS,NO INJURY / DRIVE AWAY,"$501 - $1,500",UNABLE TO DETERMINE,UNABLE TO DETERMINE,139,W,CERMAK RD,1,NO INDICATION OF INJURY,0.0,0.0,0.0,0.0,0.0,1.0,0.0,6,2,12
9d2dd72110a19b507f64f7c8fa459bd3d660dc971651d78ebfe4eb3eb30e2c2052328fc9a0199f2cc3c72195615155e6b77664c19fb88cdd3b4063c28ec0e0b1,2023-01-09 13:00:00,30,NO CONTROLS,NO CONTROLS,CLEAR,DAYLIGHT,REAR END,ALLEY,STRAIGHT AND LEVEL,DRY,NO DEFECTS,NO INJURY / DRIVE AWAY,"OVER $1,500",FOLLOWING TOO CLOSELY,NOT APPLICABLE,1823,W,WASHINGTON BLVD,2,NO INDICATION OF INJURY,0.0,0.0,0.0,0.0,0.0,2.0,0.0,13,2,1
cf302f66268760d9c9b5eff413a56afc8c8c1f6dff77710576d338baf82d8737e61886f3735ac7c69d39cd4e13da964fb475457645ada178fecae53e75e88ea2,2019-11-17 10:30:00,35,NO CONTROLS,NO CONTROLS,UNKNOWN,UNKNOWN,REAR TO FRONT,PARKING LOT,STRAIGHT AND LEVEL,UNKNOWN,NO DEFECTS,NO INJURY / DRIVE AWAY,"$501 - $1,500",IMPROPER BACKING,UNABLE TO DETERMINE,1200,S,CANAL ST,2,NO INDICATION OF INJURY,0.0,0.0,0.0,0.0,0.0,2.0,0.0,10,1,11
1f86d07f335d51ea773196cab8910843a1e5ec11c50e2b47a565bc90d3ab729a9d1097cdb92868e68140fd246d3395ca2165f667438360c69b91298999fd4d97,2019-08-11 18:21:00,25,STOP SIGN/FLASHER,FUNCTIONING PROPERLY,CLEAR,DAYLIGHT,TURNING,DIVIDED - W/MEDIAN (NOT RAISED),STRAIGHT AND LEVEL,DRY,NO DEFECTS,NO INJURY / DRIVE AWAY,"OVER $1,500",UNABLE TO DETERMINE,UNABLE TO DETERMINE,7100,N,GLENWOOD AVE,2,NO INDICATION OF INJURY,0.0,0.0,0.0,0.0,0.0,2.0,0.0,18,1,8
fcf03f95b4ebfead64653d0958cc64c46a8414a42fc681830813dd0512ba952e6f53c3bd908cb11a34d2acf095bf9389bfb2a6cb7f40c7c1e85d9ab7c193adf0,2017-05-29 21:43:00,30,NO CONTROLS,NO CONTROLS,CLEAR,"DARKNESS, LIGHTED ROAD",REAR END,DIVIDED - W/MEDIAN (NOT RAISED),STRAIGHT AND LEVEL,DRY,NO DEFECTS,NO INJURY / DRIVE AWAY,"OVER $1,500",DISREGARDING TRAFFIC SIGNALS,EXCEEDING AUTHORIZED SPEED LIMIT,5201,N,WESTERN AVE,2,NO INDICATION OF INJURY,0.0,0.0,0.0,0.0,0.0,3.0,0.0,21,2,5
d3efccee3dd92e12b04bf390f82fb4738a4e59f0bb3cc8a2a40404bf7d4933e8b182912facd5af8d7b34e9daa69d0760cbc9fe92432c904e463c9c8c2e73106b,2022-04-14 21:30:00,30,NO CONTROLS,NO CONTROLS,CLEAR,"DARKNESS, LIGHTED ROAD",PARKED MOTOR VEHICLE,ONE-WAY,STRAIGHT AND LEVEL,DRY,NO DEFECTS,NO INJURY / DRIVE AWAY,"OVER $1,500",FAILING TO REDUCE SPEED TO AVOID CRASH,NOT APPLICABLE,2324,S,TROY ST,2,NO INDICATION OF INJURY,0.0,0.0,0.0,0.0,0.0,1.0,0.0,21,5,4
924a9f902baafdf365188ee6d364c331b761ee9dbed40957ecd6e06a0b397929e69a0acb05aae96374aa64e10fb5c698a7a8c01d106898b030a5d8faaea7a819,2020-08-07 17:05:00,30,NO CONTROLS,NO CONTROLS,CLEAR,DAYLIGHT,HEAD ON,DIVIDED - W/MEDIAN (NOT RAISED),STRAIGHT AND LEVEL,DRY,NO DEFECTS,INJURY AND / OR TOW DUE TO CRASH,"OVER $1,500",EQUIPMENT - VEHICLE CONDITION,NOT APPLICABLE,3720,W,FOSTER AVE,2,NO INDICATION OF INJURY,0.0,0.0,0.0,0.0,0.0,2.0,0.0,17,6,8
b114dd53e459da397ee6ec1cf580dcaa74fe8ed048b3a0d0d1c49f4c90245fa7be23d008d24cac1fd0759f1c06bd43d22d23938a0832acda7b855b063788b506,2019-03-05 17:40:00,30,NO CONTROLS,NO CONTROLS,CLEAR,"DARKNESS, LIGHTED ROAD",SIDESWIPE SAME DIRECTION,OTHER,STRAIGHT AND LEVEL,DRY,UNKNOWN,NO INJURY / DRIVE AWAY,"OVER $1,500",FAILING TO YIELD RIGHT-OF-WAY,FAILING TO REDUCE SPEED TO AVOID CRASH,4958,N,MILWAUKEE AVE,2,NO INDICATION OF INJURY,0.0,0.0,0.0,0.0,0.0,2.0,0.0,17,3,3
087fdddda0ffd1bde527011ec8b97c627830baac02ef4f819508b62bf1c8921743e134f5acbc3c3b2344899ae0f6dd461831caf1454fe4fcda2a5fb617f28ba6,2021-08-15 08:15:00,30,NO CONTROLS,UNKNOWN,CLEAR,DAYLIGHT,PARKED MOTOR VEHICLE,NOT DIVIDED,STRAIGHT AND LEVEL,DRY,NO DEFECTS,INJURY AND / OR TOW DUE TO CRASH,"OVER $1,500",UNABLE TO DETERMINE,UNABLE TO DETERMINE,9928,S,WENTWORTH AVE,3,NO INDICATION OF INJURY,0.0,0.0,0.0,0.0,0.0,1.0,0.0,8,1,8
3bf3a91e9326d95e329e73ec99781ba3f511d33275dddacf81afbb20e8f3093590ff16065bc0342e1b3441558d49cde352f887664f3997e47cb387550fa3cf66,2016-05-06 14:10:00,30,NO CONTROLS,NO CONTROLS,UNKNOWN,UNKNOWN,PARKED MOTOR VEHICLE,PARKING LOT,STRAIGHT AND LEVEL,UNKNOWN,UNKNOWN,NO INJURY / DRIVE AWAY,"$501 - $1,500",IMPROPER BACKING,UNABLE TO DETERMINE,3245,W,30TH ST,2,NO INDICATION OF INJURY,0.0,0.0,0.0,0.0,0.0,1.0,0.0,14,6,5
283f77c17f87746ac037cb9e23f15f4ccf56b69816d7e39029f9ed21cc7d53a55132b871d56eec1c45abf84bdd897a1f14dc1039a159361a9f7665aa06056d53,2021-02-12 17:28:00,30,NO CONTROLS,NO CONTROLS,SNOW,DARKNESS,PARKED MOTOR VEHICLE,ONE-WAY,STRAIGHT AND LEVEL,SNOW OR SLUSH,NO DEFECTS,NO INJURY / DRIVE AWAY,"OVER $1,500",UNABLE TO DETERMINE,UNABLE TO DETERMINE,3306,W,CONGRESS PKWY,3,NO INDICATION OF INJURY,0.0,0.0,0.0,0.0,0.0,1.0,0.0,17,6,2
9cd9bc9d7c070d33c536ee49c3674e3330ad555c89dcad7097d0e039811163ba1cbb0061f279c47e3d37220eeb86e696103ef7a40b27d5aa179af3a65ca08223,2023-05-18 14:05:00,40,UNKNOWN,UNKNOWN,UNKNOWN,DAYLIGHT,SIDESWIPE SAME DIRECTION,DIVIDED - W/MEDIAN BARRIER,STRAIGHT AND LEVEL,UNKNOWN,UNKNOWN,NO INJURY / DRIVE AWAY,"$501 - $1,500",UNABLE TO DETERMINE,UNABLE TO DETERMINE,750,N,LAKE SHORE DR,2,NO INDICATION OF INJURY,0.0,0.0,0.0,0.0,0.0,2.0,0.0,14,5,5
07af9b0ddb14c8081ffe2ea6f24fdf1a2ef3805afc9a1d7e13e1f67b94d159ea28bcf5cc03b65597b4cbf611f4989d77cf30c12174d314fd7624e64f7c5e9bd2,2022-05-05 08:10:00,30,TRAFFIC SIGNAL,FUNCTIONING PROPERLY,CLOUDY/OVERCAST,DAYLIGHT,PARKED MOTOR VEHICLE,FOUR WAY,STRAIGHT AND LEVEL,DRY,NO DEFECTS,NO INJURY / DRIVE AWAY,"OVER $1,500",UNABLE TO DETERMINE,NOT APPLICABLE,5059,S,CALIFORNIA AVE,4,NO INDICATION OF INJURY,0.0,0.0,0.0,0.0,0.0,5.0,0.0,8,5,5
7117e77c244961c18989342a4a5438a4ab75cc5eb6067bc634c4050caf18bd4a30bbed288df80a95a8934ea9b0f6b5b3f2494ae637a26f045b67ac6d9511341b,2021-12-01 15:30:00,30,NO CONTROLS,NO CONTROLS,CLEAR,DUSK,ANGLE,DIVIDED - W/MEDIAN (NOT RAISED),STRAIGHT AND LEVEL,DRY,NO DEFECTS,NO INJURY / DRIVE AWAY,$500 OR LESS,FAILING TO YIELD RIGHT-OF-WAY,UNABLE TO DETERMINE,2932,W,ADDISON ST,2,NO INDICATION OF INJURY,0.0,0.0,0.0,0.0,0.0,3.0,0.0,15,4,12
8fe77d63739b8b559ab55ca973f40bac3cf4b3018ee6d341cb6e3e9b457ff817c27e86fb15fb581ea301eed62aa7769c024fbbedd7a42f6beb4e66db0f1a65ac,2015-12-12 10:45:00,0,NO CONTROLS,NO CONTROLS,CLEAR,DAYLIGHT,TURNING,NOT DIVIDED,STRAIGHT AND LEVEL,WET,NO DEFECTS,NO INJURY / DRIVE AWAY,"$501 - $1,500",UNABLE TO DETERMINE,UNABLE TO DETERMINE,8700,S,INDIANA AVE,2,NO INDICATION OF INJURY,0.0,0.0,0.0,0.0,0.0,2.0,0.0,10,7,12
a3569826ee5cb91d6016258025855900c132d10e87372370d4d8332ca7aba6767bdf2af2f39b8fef5506324ba35a0715c5ddbe79e5dd560041a919c369864301,2021-01-28 16:20:00,20,STOP SIGN/FLASHER,NO CONTROLS,CLEAR,DAYLIGHT,REAR END,FOUR WAY,STRAIGHT AND LEVEL,SNOW OR SLUSH,NO DEFECTS,NO INJURY / DRIVE AWAY,"$501 - $1,500",FOLLOWING TOO CLOSELY,NOT APPLICABLE,1399,W,BARRY AVE,2,NO INDICATION OF INJURY,0.0,0.0,0.0,0.0,0.0,2.0,0.0,16,5,1
c66b42d00642f524d0ecf0a6daad858b8fd337c4661a280db26a7f4d4002ebe5d7227901fdcff46cb1f01a8e555955fb70dcba437df073f219da0a8c92a4f281,2017-06-07 11:15:00,30,TRAFFIC SIGNAL,FUNCTIONING PROPERLY,CLEAR,DAYLIGHT,ANGLE,NOT DIVIDED,STRAIGHT AND LEVEL,DRY,NO DEFECTS,NO INJURY / DRIVE AWAY,"$501 - $1,500",UNABLE TO DETERMINE,NOT APPLICABLE,10300,S,WESTERN AVE,2,NO INDICATION OF INJURY,0.0,0.0,0.0,0.0,0.0,2.0,0.0,11,4,6
62a0d853ed5a3cb15d6e1979319f0cfee7276128e8242d26e50065173b28712c38c687239f7fa1edc5a40e0fe75685487867029ea9f5577405a649cf49709a1f,2021-04-22 13:00:00,30,NO CONTROLS,NO CONTROLS,CLEAR,DAYLIGHT,REAR END,NOT DIVIDED,STRAIGHT AND LEVEL,DRY,NO DEFECTS,NO INJURY / DRIVE AWAY,"OVER $1,500",FAILING TO REDUCE SPEED TO AVOID CRASH,DRIVING SKILLS/KNOWLEDGE/EXPERIENCE,9500,S,OAKLEY AVE,2,NO INDICATION OF INJURY,0.0,0.0,0.0,0.0,0.0,2.0,0.0,13,5,4
afc9207609b4dad97ca1cfdca8c529fe76dbffb5032e7a6e3e7880ec3b37784eb8025341f8822f8e27b1b2be265ef081c2a27ec34f73f821708ac06103c69bc0,2019-08-21 14:00:00,30,NO CONTROLS,NOT FUNCTIONING,UNKNOWN,UNKNOWN,PARKED MOTOR VEHICLE,NOT DIVIDED,STRAIGHT AND LEVEL,UNKNOWN,NO DEFECTS,NO INJURY / DRIVE AWAY,"OVER $1,500",UNABLE TO DETERMINE,UNABLE TO DETERMINE,70,E,66TH ST,2,NO INDICATION OF INJURY,0.0,0.0,0.0,0.0,0.0,1.0,0.0,14,4,8
72e90f6e956689bc572d8f63b27d9d39358952f34d9223e940a946ed5d834b60da1dab9a2e5b2a9bdf9069a175cf5b3aae53acffcf2b45fd3b048e7e4f996692,2019-07-04 16:50:00,15,NO CONTROLS,NO CONTROLS,CLEAR,DAYLIGHT,REAR TO SIDE,PARKING LOT,STRAIGHT AND LEVEL,DRY,NO DEFECTS,NO INJURY / DRIVE AWAY,"OVER $1,500",UNABLE TO DETERMINE,NOT APPLICABLE,11126,S,HALSTED ST,2,NO INDICATION OF INJURY,0.0,0.0,0.0,0.0,0.0,2.0,0.0,16,5,7
f5f06ca45f7f494b7b228196d53c928781acd474822837d47920d113f9f74648acec36ff5f4c93fdc9aef964b55ecc6fe845f7432dd68676d7da07bd931a7645,2022-03-15 11:25:00,30,NO CONTROLS,NO CONTROLS,CLEAR,DAYLIGHT,REAR TO FRONT,ONE-WAY,STRAIGHT AND LEVEL,DRY,NO DEFECTS,NO INJURY / DRIVE AWAY,"$501 - $1,500",IMPROPER BACKING,NOT APPLICABLE,9834,S,MUSKEGON AVE,2,NO INDICATION OF INJURY,0.0,0.0,0.0,0.0,0.0,3.0,0.0,11,3,3
7f0a862759f62ec25da10c16450c789334401092c513edc5681dbfd73bb98c64a314942cb5742ea38e686d54f3a8f6e071b998a6f1344049e158d2fa260c597d,2021-04-14 21:37:00,35,TRAFFIC SIGNAL,FUNCTIONING PROPERLY,CLEAR,DARKNESS,HEAD ON,DIVIDED - W/MEDIAN (NOT RAISED),STRAIGHT AND LEVEL,DRY,NO DEFECTS,INJURY AND / OR TOW DUE TO CRASH,"OVER $1,500",FAILING TO YIELD RIGHT-OF-WAY,NOT APPLICABLE,3900,S,DR MARTIN LUTHER KING JR DR,2,NO INDICATION OF INJURY,0.0,0.0,0.0,0.0,0.0,2.0,0.0,21,4,4
a242c7e7d9d834ed1a712d99ebf97f068f2fe85b18ea7081fd3c42409135fb6dea2664dd5c4ca86b09fa534f337aa01bfe3ca097a4f97ec210f9e14fe8aef508,2021-04-03 17:05:00,35,TRAFFIC SIGNAL,FUNCTIONING PROPERLY,CLEAR,DAYLIGHT,TURNING,FOUR WAY,STRAIGHT AND LEVEL,DRY,NO DEFECTS,INJURY AND / OR TOW DUE TO CRASH,"OVER $1,500",UNABLE TO DETERMINE,NOT APPLICABLE,199,E,GARFIELD BLVD,2,NO INDICATION OF INJURY,0.0,0.0,0.0,0.0,0.0,2.0,0.0,17,7,4
306b6f3e8bda827f1f9735c3d65c0a829e2f21df187fabe769b8d3be0a1e80203832861bbed5fbffdf2037ce8f961ab28754f2c877f672a52706e786f039baa9,2021-07-21 16:20:00,30,NO CONTROLS,NO CONTROLS,CLEAR,DAYLIGHT,REAR END,DIVIDED - W/MEDIAN (NOT RAISED),STRAIGHT AND LEVEL,DRY,NO DEFECTS,NO INJURY / DRIVE AWAY,"OVER $1,500",UNABLE TO DETERMINE,NOT APPLICABLE,7701,W,IRVING PARK RD,2,NO INDICATION OF INJURY,0.0,0.0,0.0,0.0,0.0,2.0,0.0,16,4,7
07a0a0093c9d6850dc4e20e1c709e2358a0a9f9043e4947a31a06a827caa7f01da195c2ec2d55363492864bdf98372138afc29821e35e0a321577bde43d907d0,2023-11-30 19:00:00,30,UNKNOWN,UNKNOWN,UNKNOWN,UNKNOWN,PARKED MOTOR VEHICLE,ONE-WAY,STRAIGHT AND LEVEL,UNKNOWN,UNKNOWN,NO INJURY / DRIVE AWAY,"OVER $1,500",UNABLE TO DETERMINE,NOT APPLICABLE,2004,W,ALBION AVE,2,NO INDICATION OF INJURY,0.0,0.0,0.0,0.0,0.0,1.0,0.0,19,5,11
59b991d0c76ea47298d07184fc88c618a4e7a73fdf8da2c35377f102b7b4ac485bb0dc8438ac2bf8defc0ac3cec8c681658a55c06150c85d3a6040676f2a4261,2020-03-17 20:30:00,30,NO CONTROLS,NO CONTROLS,CLEAR,"DARKNESS, LIGHTED ROAD",SIDESWIPE SAME DIRECTION,NOT DIVIDED,STRAIGHT AND LEVEL,WET,UNKNOWN,NO INJURY / DRIVE AWAY,"$501 - $1,500",UNABLE TO DETERMINE,UNABLE TO DETERMINE,6349,S,COTTAGE GROVE AVE,2,NO INDICATION OF INJURY,0.0,0.0,0.0,0.0,0.0,3.0,0.0,20,3,3
c82e5b1eb945e9d996c309dc16e06aa5ad8a9d72c3ef32730ed86c64fad91d45d9b3cf2896ffad89bd9a09c92a1607bd6e68c2ca3768fac85d4b07f74629bfc8,2020-11-29 08:00:00,30,OTHER,UNKNOWN,CLEAR,DAYLIGHT,SIDESWIPE SAME DIRECTION,DIVIDED - W/MEDIAN (NOT RAISED),STRAIGHT AND LEVEL,DRY,NO DEFECTS,NO INJURY / DRIVE AWAY,"OVER $1,500",IMPROPER LANE USAGE,NOT APPLICABLE,1455,W,43RD ST,2,NO INDICATION OF INJURY,0.0,0.0,0.0,0.0,0.0,2.0,0.0,8,1,11
15b5cce820164aeabf2312006bc0cfdc5603c92066c394ecce30b800b5caf6efa675978cf0ba0f394b182277a1a4d9147344b7a7955396530146023dffe34b5d,2023-05-26 06:40:00,30,NO CONTROLS,NO CONTROLS,CLEAR,DAWN,PEDESTRIAN,NOT DIVIDED,STRAIGHT AND LEVEL,DRY,NO DEFECTS,INJURY AND / OR TOW DUE TO CRASH,$500 OR LESS,NOT APPLICABLE,NOT APPLICABLE,10934,S,WESTERN AVE,2,NONINCAPACITATING INJURY,1.0,0.0,0.0,1.0,0.0,1.0,0.0,6,6,5
c9674196d43ae4458a2aabe3538287ecf3f544e33cf17c9b690a9ffacaf42d3631071ed3e4181f1bf682addad853a41671c88b15f538c368545f5b7cae9ccabe,2019-06-29 11:18:00,30,TRAFFIC SIGNAL,FUNCTIONING PROPERLY,CLEAR,DAYLIGHT,ANGLE,FOUR WAY,STRAIGHT AND LEVEL,DRY,NO DEFECTS,INJURY AND / OR TOW DUE TO CRASH,"OVER $1,500",DISREGARDING TRAFFIC SIGNALS,NOT APPLICABLE,501,S,SACRAMENTO BLVD,2,NONINCAPACITATING INJURY,1.0,0.0,0.0,1.0,0.0,2.0,0.0,11,7,6
506e1ad3740bfe408f3b9d4d395944903dfedf38b2cf4b40138d387328d3edfd21f83f12c6552534e061764f36148b90c829c4ca5cbbd0d78f7bfbe06f6dd734,2021-09-21 13:45:00,30,NO CONTROLS,NO CONTROLS,CLEAR,DAYLIGHT,REAR END,NOT DIVIDED,STRAIGHT AND LEVEL,DRY,OTHER,NO INJURY / DRIVE AWAY,"OVER $1,500",UNABLE TO DETERMINE,UNABLE TO DETERMINE,2840,W,FOSTER AVE,2,NO INDICATION OF INJURY,0.0,0.0,0.0,0.0,0.0,2.0,0.0,13,3,9
0a51f5feb5fba9e46f1214c50ed7197354ea3614ebdc7645f2c4bbfb0dbd1a1da189602d89694b72ad1319d31a0a071217e2351c1f60c970d26b21ad9362d638,2017-11-09 07:30:00,30,NO CONTROLS,NO CONTROLS,CLEAR,DAYLIGHT,PARKED MOTOR VEHICLE,NOT DIVIDED,STRAIGHT AND LEVEL,DRY,NO DEFECTS,NO INJURY / DRIVE AWAY,"OVER $1,500",IMPROPER BACKING,NOT APPLICABLE,3499,N,SAYRE AVE,2,NO INDICATION OF INJURY,0.0,0.0,0.0,0.0,0.0,1.0,0.0,7,5,11
544bb510d7b9ce9698c47c16d0691390f8b2910ddc0535ce5f712a31a5f6782adea4b4a941b913193fe3b6833d16b73e49ee80101ca068fc8979857223a055f0,2022-05-07 23:00:00,30,TRAFFIC SIGNAL,FUNCTIONING PROPERLY,CLEAR,"DARKNESS, LIGHTED ROAD",PARKED MOTOR VEHICLE,NOT DIVIDED,STRAIGHT AND LEVEL,UNKNOWN,UNKNOWN,NO INJURY / DRIVE AWAY,"OVER $1,500",IMPROPER BACKING,NOT APPLICABLE,306,E,75TH ST,2,NO INDICATION OF INJURY,0.0,0.0,0.0,0.0,0.0,1.0,0.0,23,7,5
3b71b84a1a1e6ee21fe1facd9a4e3f5b386c72eca457f537cae0cb5b24a4ceb5ee482a7fb2b4b18ab3a3640d8fa3a92add507cf3999b9fa6d06a3ff68ba923fc,2024-01-10 16:48:00,35,STOP SIGN/FLASHER,FUNCTIONING PROPERLY,CLEAR,DUSK,PEDESTRIAN,FOUR WAY,STRAIGHT AND LEVEL,DRY,NO DEFECTS,INJURY AND / OR TOW DUE TO CRASH,$500 OR LESS,UNABLE TO DETERMINE,UNABLE TO DETERMINE,3539,W,WABANSIA AVE,2,NONINCAPACITATING INJURY,1.0,0.0,0.0,1.0,0.0,1.0,0.0,16,4,1
f6e468e32a17a1b607c2b7ebd8ef0ff2b2e2ec413b0f5f9469e3d15a189f663a3d193f6e3b9431c83539af2a916b5e27600dbbc5a7b57952e86a6e2598a12b2f,2023-04-12 18:50:00,10,UNKNOWN,UNKNOWN,CLEAR,DAYLIGHT,PARKED MOTOR VEHICLE,ALLEY,STRAIGHT AND LEVEL,DRY,UNKNOWN,NO INJURY / DRIVE AWAY,"OVER $1,500",UNABLE TO DETERMINE,NOT APPLICABLE,7113,W,ADDISON ST,2,NO INDICATION OF INJURY,0.0,0.0,0.0,0.0,0.0,1.0,0.0,18,4,4