CRASH_RECORD_ID,CRASH_DATE,POSTED_SPEED_LIMIT,TRAFFIC_CONTROL_DEVICE,DEVICE_CONDITION,WEATHER_CONDITION,LIGHTING_CONDITION,FIRST_CRASH_TYPE,TRAFFICWAY_TYPE,ALIGNMENT,ROADWAY_SURFACE_COND,ROAD_DEFECT,CRASH_TYPE,DAMAGE,PRIM_CONTRIBUTORY_CAUSE,SEC_CONTRIBUTORY_CAUSE,STREET_NO,STREET_DIRECTION,STREET_NAME,NUM_UNITS,MOST_SEVERE_INJURY,INJURIES_TOTAL,INJURIES_FATAL,INJURIES_INCAPACITATING,INJURIES_NON_INCAPACITATING,INJURIES_REPORTED_NOT_EVIDENT,INJURIES_NO_INDICATION,INJURIES_UNKNOWN,CRASH_HOUR,CRASH_DAY_OF_WEEK,CRASH_MONTH
d1178ae0a2f404f2a845b5e2e0af132186336a5d2248cac9cc6242298dc526e5aa8a9b22d12d91a2fe90ce74453f4a372f40cc2f056c66b51cfb319d97b8143e,2022-07-22 17:30:00,30,NO CONTROLS,NO CONTROLS,CLEAR,DAYLIGHT,ANGLE,NOT DIVIDED,STRAIGHT AND LEVEL,DRY,NO DEFECTS,NO INJURY / DRIVE AWAY,"OVER $1,500",FAILING TO YIELD RIGHT-OF-WAY,FAILING TO YIELD RIGHT-OF-WAY,3200,W,55TH ST,2,NO INDICATION OF INJURY,0.0,0.0,0.0,0.0,0.0,2.0,0.0,17,6,7
f0fbf9eeb32ea943176c005cba88bacfe2165ed3cea11d060428e8daa9aa5a9e1e29d91d03566f4355e90e08964dd4ad4f4b0a5d59de63045bd04622ae10dbf7,2016-10-07 08:48:00,20,NO CONTROLS,NO CONTROLS,CLEAR,DAYLIGHT,ANGLE,ONE-WAY,STRAIGHT AND LEVEL,DRY,NO DEFECTS,INJURY AND / OR TOW DUE TO CRASH,"OVER $1,500",IMPROPER BACKING,UNABLE TO DETERMINE,1440,N,WALLER AVE,2,NONINCAPACITATING INJURY,1.0,0.0,0.0,1.0,0.0,2.0,0.0,8,6,10
f50bf8171da5c15f0fc4e84b7cecb8eaab189d746eae8a63d687fbcf1c8b871151175aa0429235e69661d989e5aeee99f0ffa7587500466781f74f57a912fdd6,2019-05-10 21:10:00,30,UNKNOWN,UNKNOWN,CLEAR,"DARKNESS, LIGHTED ROAD",PEDESTRIAN,FOUR WAY,STRAIGHT AND LEVEL,DRY,WORN SURFACE,INJURY AND / OR TOW DUE TO CRASH,$500 OR LESS,UNABLE TO DETERMINE,NOT APPLICABLE,6900,S,ASHLAND AVE,2,NONINCAPACITATING INJURY,1.0,0.0,0.0,1.0,0.0,1.0,0.0,21,6,5
86a69e33cb8e56e255bad716194f16ddf39494d8988ab6e7300154e42fe76249d5d823a93fa8800e18af8dfc0d06506705d91d7f3cdb01b4f1e8baec6c178101,2017-12-31 17:38:00,30,NO CONTROLS,NO CONTROLS,OTHER,DUSK,PARKED MOTOR VEHICLE,ONE-WAY,STRAIGHT AND LEVEL,WET,NO DEFECTS,NO INJURY / DRIVE AWAY,"$501 - $1,500",UNABLE TO DETERMINE,UNABLE TO DETERMINE,2533,N,LOWELL AVE,3,NO INDICATION OF INJURY,0.0,0.0,0.0,0.0,0.0,1.0,0.0,17,1,12
1db82bd0cb0224feb98fbc3fcb42b8fbf35c816c4919e2558e91edfe82fb4fd35c61ce52532f774866f5d9e49c3f33e23f8551e5e64a93d71b0d09c783ed3ce7,2018-11-13 08:05:00,25,STOP SIGN/FLASHER,FUNCTIONING PROPERLY,CLEAR,DAYLIGHT,SIDESWIPE OPPOSITE DIRECTION,NOT DIVIDED,STRAIGHT AND LEVEL,DRY,NO DEFECTS,NO INJURY / DRIVE AWAY,"$501 - $1,500",FAILING TO REDUCE SPEED TO AVOID CRASH,NOT APPLICABLE,5528,N,ORIOLE AVE,2,NO INDICATION OF INJURY,0.0,0.0,0.0,0.0,0.0,2.0,0.0,8,3,11
778bed6af7dca0db854c13c9c741f53971bf459050d498a57f2066441ef6d1f5d1b001e881f210b83b462ad8d2891ecc0687a57a17a24299a3179fad87d5074e,2022-01-22 10:00:00,35,NO CONTROLS,NO CONTROLS,CLEAR,UNKNOWN,PARKED MOTOR VEHICLE,ONE-WAY,STRAIGHT AND LEVEL,DRY,NO DEFECTS,NO INJURY / DRIVE AWAY,"OVER $1,500",FAILING TO REDUCE SPEED TO AVOID CRASH,FAILING TO REDUCE SPEED TO AVOID CRASH,5936,W,WARWICK AVE,2,NO INDICATION OF INJURY,0.0,0.0,0.0,0.0,0.0,1.0,0.0,10,7,1
266f48a6c9eb61f21c9bfeaa54974de4e7a7699fddc0c99791e06a1c0c6aa299d702b6fc323e5345ca5b4ce805c64b0d0057160ef5c2eee11bf96c5a36c5ec17,2017-09-21 14:45:00,25,NO CONTROLS,NO CONTROLS,CLEAR,DAYLIGHT,FIXED OBJECT,DRIVEWAY,STRAIGHT AND LEVEL,DRY,NO DEFECTS,NO INJURY / DRIVE AWAY,"OVER $1,500",UNABLE TO DETERMINE,UNABLE TO DETERMINE,30,S,LOOMIS ST,1,NO INDICATION OF INJURY,0.0,0.0,0.0,0.0,0.0,1.0,0.0,14,5,9
c811306e79192518281f72f1d96b1eb7b45aee4b872ed72636a210165d3fa75461068b36503e461dee1529a1e2d3f5a95bacaffd655bf2f2064012bef2f828d0,2022-11-30 13:30:00,30,STOP SIGN/FLASHER,FUNCTIONING PROPERLY,CLEAR,DAYLIGHT,PEDALCYCLIST,FOUR WAY,STRAIGHT AND LEVEL,DRY,NO DEFECTS,NO INJURY / DRIVE AWAY,$500 OR LESS,UNABLE TO DETERMINE,UNABLE TO DETERMINE,1532,N,HONORE ST,2,NO INDICATION OF INJURY,0.0,0.0,0.0,0.0,0.0,2.0,0.0,13,4,11
58cccd30b8011790fdba795be54775a698ee81ac4c43fbadcbdf606b2629586ef323097725fbbc82ad0c176b495fe5035e3d25658bee9440a419ae64e20d1a9f,2017-09-07 08:45:00,45,NO CONTROLS,NO CONTROLS,CLEAR,DAYLIGHT,SIDESWIPE SAME DIRECTION,DIVIDED - W/MEDIAN (NOT RAISED),STRAIGHT AND LEVEL,DRY,NO DEFECTS,NO INJURY / DRIVE AWAY,"$501 - $1,500",UNABLE TO DETERMINE,UNABLE TO DETERMINE,5100,N,LAKE SHORE DR NB,2,NO INDICATION OF INJURY,0.0,0.0,0.0,0.0,0.0,2.0,0.0,8,5,9
2691064b30282497763fc066b680065d7c8c00cf2bf9b68c65ca3b6e52d370a658740fc23a47fbc4e715214c5170060c27ef8acf70b62709a6b34aa597705b23,2019-03-19 15:20:00,15,NO CONTROLS,NO CONTROLS,CLEAR,DAYLIGHT,PARKED MOTOR VEHICLE,NOT DIVIDED,STRAIGHT AND LEVEL,DRY,NO DEFECTS,NO INJURY / DRIVE AWAY,"OVER $1,500",UNABLE TO DETERMINE,UNABLE TO DETERMINE,9431,S,HARVARD AVE,2,NO INDICATION OF INJURY,0.0,0.0,0.0,0.0,0.0,1.0,0.0,15,3,3
1d1aff4b787f4ed78f9f2a5b134a99178d0217980112030bef52a3cdae6d9e83b454a668933a4ed7b07505b7932bb27ea41b1381c23d130524ff028984e8abe7,2022-08-31 15:20:00,10,NO CONTROLS,NO CONTROLS,CLEAR,DAYLIGHT,PARKED MOTOR VEHICLE,PARKING LOT,STRAIGHT AND LEVEL,DRY,NO DEFECTS,NO INJURY / DRIVE AWAY,$500 OR LESS,UNABLE TO DETERMINE,UNABLE TO DETERMINE,6901,S,FAIRFIELD AVE,2,NO INDICATION OF INJURY,0.0,0.0,0.0,0.0,0.0,1.0,0.0,15,4,8
f733564e77f95b4a2194a140f8a06b3f3a61769d63df9f20d2b9d9eae1835c1af95c48926aa63b1640e3be232a53784fe1d4f375351cdac57f844843f6638f9d,2023-05-18 13:00:00,35,TRAFFIC SIGNAL,FUNCTIONING PROPERLY,CLEAR,DAYLIGHT,SIDESWIPE SAME DIRECTION,NOT DIVIDED,STRAIGHT AND LEVEL,DRY,NO DEFECTS,NO INJURY / DRIVE AWAY,"OVER $1,500",DRIVING SKILLS/KNOWLEDGE/EXPERIENCE,DRIVING SKILLS/KNOWLEDGE/EXPERIENCE,749,W,IRVING PARK RD,2,NO INDICATION OF INJURY,0.0,0.0,0.0,0.0,0.0,2.0,0.0,13,5,5
cc352c537bd88dfd52cc4390129e465002fec0b5a7eb4c3ec70bab73b84d7458c75c09017d7f9b09e67e50ebdf721b1c4bbe20a3a5c8d8f1cee7ed7182c14814,2023-07-27 13:10:00,30,OTHER,OTHER,CLEAR,DAYLIGHT,REAR END,DIVIDED - W/MEDIAN (NOT RAISED),STRAIGHT AND LEVEL,DRY,NO DEFECTS,NO INJURY / DRIVE AWAY,"$501 - $1,500",FOLLOWING TOO CLOSELY,UNABLE TO DETERMINE,2348,W,63RD ST,2,NO INDICATION OF INJURY,0.0,0.0,0.0,0.0,0.0,2.0,0.0,13,5,7
2c37ccf2ffa266ecec26c3f69b07505bd87c74f9db394f94b216e93ef3db966771caf83110973c0a6fcbcdb3c42da710f24ea4a38294bf3867d9c3d693eb6927,2021-10-06 08:00:00,25,OTHER,WORN REFLECTIVE MATERIAL,CLEAR,DAYLIGHT,PARKED MOTOR VEHICLE,NOT DIVIDED,STRAIGHT AND LEVEL,DRY,NO DEFECTS,NO INJURY / DRIVE AWAY,"$501 - $1,500",FAILING TO YIELD RIGHT-OF-WAY,NOT APPLICABLE,247,W,23RD PL,2,NO INDICATION OF INJURY,0.0,0.0,0.0,0.0,0.0,2.0,0.0,8,4,10
848c0b8afeefcae5057ed118c5a320ab263305a9e410569777641f549ed5e244c33bba8f6c1b30da10028279adc34efa4f2ce6ab8f0a3e38d95e698801b3c9d8,2024-04-02 14:00:00,25,NO CONTROLS,NO CONTROLS,CLEAR,DAYLIGHT,PARKED MOTOR VEHICLE,NOT DIVIDED,STRAIGHT AND LEVEL,WET,NO DEFECTS,NO INJURY / DRIVE AWAY,"OVER $1,500",IMPROPER BACKING,IMPROPER BACKING,34,E,OAK ST,2,NO INDICATION OF INJURY,0.0,0.0,0.0,0.0,0.0,1.0,0.0,14,3,4
d4285719179a64014ba3243fe36942470620db45b8e41aa77c94ba942c9993e071b59afc6cb3a7c702bb3f0b630c929366c655e35aaaf4622a095b99ef9053ae,2022-09-15 15:40:00,30,NO CONTROLS,NO CONTROLS,CLEAR,DAYLIGHT,PEDALCYCLIST,NOT DIVIDED,STRAIGHT AND LEVEL,DRY,NO DEFECTS,INJURY AND / OR TOW DUE TO CRASH,"OVER $1,500",UNABLE TO DETERMINE,UNABLE TO DETERMINE,799,N,SANGAMON ST,2,"REPORTED, NOT EVIDENT",1.0,0.0,0.0,0.0,1.0,1.0,0.0,15,5,9
8db70e5badf478566b8b5cce89febb6d2cf031afc0b117129a8865788101e5ba9e3c990991e6501da1cffdd02c5c803b78034f302ebd60d4b14221ed3d60f181,2021-06-13 15:10:00,25,STOP SIGN/FLASHER,FUNCTIONING PROPERLY,CLEAR,DAYLIGHT,PARKED MOTOR VEHICLE,NOT DIVIDED,STRAIGHT AND LEVEL,DRY,NO DEFECTS,INJURY AND / OR TOW DUE TO CRASH,"OVER $1,500",PHYSICAL CONDITION OF DRIVER,NOT APPLICABLE,5610,N,ORIOLE AVE,4,NONINCAPACITATING INJURY,1.0,0.0,0.0,1.0,0.0,0.0,0.0,15,1,6
63674b41a92cc81a6341eaf1a157ee9bbf9b70a87354278b3f3cc89d5cb71bf4722a454cac975b34919fefc884ed9030730e735255449b811515ed44a9b7057c,2018-03-30 16:30:00,35,TRAFFIC SIGNAL,FUNCTIONING PROPERLY,CLEAR,DAYLIGHT,HEAD ON,DIVIDED - W/MEDIAN BARRIER,STRAIGHT AND LEVEL,DRY,NO DEFECTS,INJURY AND / OR TOW DUE TO CRASH,$500 OR LESS,UNABLE TO DETERMINE,UNABLE TO DETERMINE,5847,S,STATE ST,2,NONINCAPACITATING INJURY,1.0,0.0,0.0,1.0,0.0,3.0,0.0,16,6,3
9f89dc74ecdd82cef5ed3934f85ffd85592d5fc92be4b50d1d74fe9bf2ef386b2c173fa3bad50ea24eaccdd5333a8cf35aef1709bc83562ce590db796eefaf3c,2023-11-13 07:39:00,30,TRAFFIC SIGNAL,FUNCTIONING PROPERLY,CLEAR,DAYLIGHT,HEAD ON,NOT DIVIDED,STRAIGHT AND LEVEL,DRY,NO DEFECTS,INJURY AND / OR TOW DUE TO CRASH,"OVER $1,500",FAILING TO YIELD RIGHT-OF-WAY,NOT APPLICABLE,5157,W,GRAND AVE,3,NO INDICATION OF INJURY,0.0,0.0,0.0,0.0,0.0,3.0,0.0,7,2,11
85c64a74a67f5934e3a9fb5113a4bc42e0aad64a7c271eae45ce4e6dcc6f66b3ec5abaddcb00094774b7730968346e6d3682fb9ce679ee40cb805b50fd4eaf88,2017-12-31 15:20:00,10,NO CONTROLS,NO CONTROLS,CLEAR,DAYLIGHT,PARKED MOTOR VEHICLE,PARKING LOT,STRAIGHT AND LEVEL,DRY,NO DEFECTS,NO INJURY / DRIVE AWAY,$500 OR LESS,UNABLE TO DETERMINE,NOT APPLICABLE,5457,W,IRVING PARK RD,2,NO INDICATION OF INJURY,0.0,0.0,0.0,0.0,0.0,1.0,0.0,15,1,12
1d25bbd8a8ad6b79046f82c817b2b6a39e4d6461527601280c76bd6d95876f50980000cc4204554a0b58bfa3844a7da4e03bc1fa9bbe2d033b1cbdcd7bc6de20,2019-01-01 17:24:00,30,STOP SIGN/FLASHER,FUNCTIONING PROPERLY,RAIN,DARKNESS,PARKED MOTOR VEHICLE,NOT DIVIDED,STRAIGHT AND LEVEL,WET,NO DEFECTS,INJURY AND / OR TOW DUE TO CRASH,"OVER $1,500",WEATHER,NOT APPLICABLE,1438,N,CENTRAL AVE,2,NO INDICATION OF INJURY,0.0,0.0,0.0,0.0,0.0,1.0,0.0,17,3,1
6a74f7068d3174742a3ac32f76475d492aa9e45e1138c2d3a79482ca0a7701e7ed9064b06151a6855abf87bca178b98088602cf34f090788f6d840f79fb4393e,2018-11-14 11:55:00,30,TRAFFIC SIGNAL,FUNCTIONING PROPERLY,CLEAR,DAYLIGHT,SIDESWIPE SAME DIRECTION,NOT DIVIDED,STRAIGHT AND LEVEL,DRY,UNKNOWN,NO INJURY / DRIVE AWAY,"OVER $1,500",UNABLE TO DETERMINE,UNABLE TO DETERMINE,4800,N,ASHLAND AVE,2,NO INDICATION OF INJURY,0.0,0.0,0.0,0.0,0.0,3.0,0.0,11,4,11
8614247733770ba221a404d7dd91aeb8b5da8f1a2eb390947b99ec7640d5d3a4dc14521f8ab08a82b525cbb6d71de51042f55923cf39b341777f5021f8c6a3ee,2019-11-12 11:00:00,20,NO CONTROLS,NO CONTROLS,CLEAR,DAYLIGHT,PARKED MOTOR VEHICLE,ONE-WAY,STRAIGHT AND LEVEL,ICE,NO DEFECTS,NO INJURY / DRIVE AWAY,"OVER $1,500",WEATHER,NOT APPLICABLE,1901,S,SAWYER AVE,2,NO INDICATION OF INJURY,0.0,0.0,0.0,0.0,0.0,3.0,0.0,11,3,11
3b630547f010026567e6041108bdfe4808362f23649fe0697b81fcb9d5050cbd981f2bcdef46842c7850cc7c30fdb74673f9f0e082bb205aab085f19c9a5b4b3,2022-02-24 21:50:00,30,TRAFFIC SIGNAL,FUNCTIONING PROPERLY,SNOW,"DARKNESS, LIGHTED ROAD",SIDESWIPE SAME DIRECTION,DIVIDED - W/MEDIAN BARRIER,STRAIGHT AND LEVEL,SNOW OR SLUSH,UNKNOWN,INJURY AND / OR TOW DUE TO CRASH,"OVER $1,500",IMPROPER OVERTAKING/PASSING,IMPROPER OVERTAKING/PASSING,801,S,INDEPENDENCE BLVD,2,INCAPACITATING INJURY,1.0,0.0,1.0,0.0,0.0,3.0,0.0,21,5,2
5246f0645346ca61892ac02442f172c59948dcf1c86c6ee180f4b56fd9054aa49301e3d1ab48ff8da85d622d7508fd89d296f5e59ac6eec5aa1cf308b89fd246,2023-01-01 00:25:00,35,TRAFFIC SIGNAL,FUNCTIONING PROPERLY,CLEAR,"DARKNESS, LIGHTED ROAD",REAR END,DIVIDED - W/MEDIAN (NOT RAISED),STRAIGHT AND LEVEL,DRY,NO DEFECTS,INJURY AND / OR TOW DUE TO CRASH,"OVER $1,500",FOLLOWING TOO CLOSELY,UNABLE TO DETERMINE,4900,N,LINCOLN AVE,2,NONINCAPACITATING INJURY,2.0,0.0,0.0,1.0,1.0,2.0,0.0,0,1,1
d21a3123532b83d1cd9bde0f9a27e3aa0589113c97e8840304e83c67028bc2e2d86ee35084ff3c200e3193e9bd31fc5288d042fef6196c20a96e810a78c87eed,2019-04-12 12:40:00,30,NO CONTROLS,NO CONTROLS,CLEAR,DAYLIGHT,PARKED MOTOR VEHICLE,ONE-WAY,STRAIGHT AND LEVEL,DRY,NO DEFECTS,NO INJURY / DRIVE AWAY,"$501 - $1,500",UNABLE TO DETERMINE,NOT APPLICABLE,22,W,WASHINGTON ST,2,NO INDICATION OF INJURY,0.0,0.0,0.0,0.0,0.0,2.0,0.0,12,6,4
3a4b85c1ca8e6803b8d977ab2c24c7689fad302090378b9dd8de4ce3dc13e9c11ef8de15d85913480bc43f9079d7cf1798afa91217e4e8a1c359d6639dff2287,2016-06-02 12:10:00,25,NO CONTROLS,NO CONTROLS,CLEAR,DAYLIGHT,FIXED OBJECT,NOT DIVIDED,STRAIGHT AND LEVEL,DRY,"RUT, HOLES",NO INJURY / DRIVE AWAY,"OVER $1,500",NOT APPLICABLE,NOT APPLICABLE,832,E,65TH ST,1,NO INDICATION OF INJURY,0.0,0.0,0.0,0.0,0.0,2.0,0.0,12,5,6
7de9685cf811c3e3bf79ed3f5a8b373ed0591e4c7e1645d3f43ffbaeedd784fc329c0303ee52599c33289f5bfff2ac8b89f4d8cb855c58c4470d40fdc9424398,2021-04-22 19:00:00,30,TRAFFIC SIGNAL,FUNCTIONING PROPERLY,CLEAR,DAYLIGHT,REAR END,DIVIDED - W/MEDIAN (NOT RAISED),STRAIGHT AND LEVEL,DRY,NO DEFECTS,NO INJURY / DRIVE AWAY,"OVER $1,500",UNABLE TO DETERMINE,NOT APPLICABLE,696,S,LARAMIE AVE,2,NO INDICATION OF INJURY,0.0,0.0,0.0,0.0,0.0,2.0,0.0,19,5,4
54f770852f6498c91b9ccade0bf8974806e33dc35421c93d8deb4b0d264e43b40697f7965b734135878562ebfd86f8b116d2f489087d8cdc6c866088c6787cfc,2019-06-10 12:40:00,20,NO CONTROLS,NO CONTROLS,CLEAR,DAYLIGHT,PARKED MOTOR VEHICLE,NOT DIVIDED,STRAIGHT AND LEVEL,DRY,NO DEFECTS,NO INJURY / DRIVE AWAY,"OVER $1,500",NOT APPLICABLE,NOT APPLICABLE,5447,W,LAWRENCE AVE,2,NO INDICATION OF INJURY,0.0,0.0,0.0,0.0,0.0,1.0,0.0,12,2,6
52c8bcbf8ab1f64ddac697999516c19051d769603440fa0afb1e1f07b9f81e591582ea26933a4ecba72f0c186aa95d72dfec586baca01effcf20e53cd8c72e69,2019-01-02 01:49:00,30,NO CONTROLS,NO CONTROLS,CLEAR,"DARKNESS, LIGHTED ROAD",PARKED MOTOR VEHICLE,ONE-WAY,STRAIGHT AND LEVEL,WET,NO DEFECTS,NO INJURY / DRIVE AWAY,"OVER $1,500",DISTRACTION - FROM OUTSIDE VEHICLE,UNABLE TO DETERMINE,2019,E,81ST ST,2,NO INDICATION OF INJURY,0.0,0.0,0.0,0.0,0.0,1.0,0.0,1,4,1
27379f45500e7d26a83ab3435221a8d2f21193221d59133b98364e6b5d5ea485b019502bf73457f9efc10af574af34ea0c30416b848114edeba295feeb107ba3,2016-03-11 09:00:00,30,NO CONTROLS,NO CONTROLS,CLEAR,DAYLIGHT,REAR END,NOT DIVIDED,STRAIGHT AND LEVEL,DRY,NO DEFECTS,NO INJURY / DRIVE AWAY,"OVER $1,500",FOLLOWING TOO CLOSELY,UNABLE TO DETERMINE,1525,N,CLARK ST,2,NO INDICATION OF INJURY,0.0,0.0,0.0,0.0,0.0,2.0,0.0,9,6,3
35c8be652bae591bc8ea157828f97b5dd8880a7771df37615bf021665010ecfce7e0484c6539c4f2b7bfc4b8354229d2d46e94ccb9019906fd7e59e56c83c426,2019-03-30 21:00:00,30,NO CONTROLS,NO CONTROLS,CLEAR,"DARKNESS, LIGHTED ROAD",PARKED MOTOR VEHICLE,DIVIDED - W/MEDIAN BARRIER,STRAIGHT AND LEVEL,DRY,NO DEFECTS,INJURY AND / OR TOW DUE TO CRASH,"OVER $1,500",FAILING TO REDUCE SPEED TO AVOID CRASH,NOT APPLICABLE,12719,S,HALSTED ST,2,NO INDICATION OF INJURY,0.0,0.0,0.0,0.0,0.0,1.0,0.0,21,7,3
d5334a2bc5da63adcb1e149adda967150cdec1aead68cca0ea1b5350c7cb9105bf63d03ff57ed875949ea3b242c4bbc4003df9c2ae68e99fa0e43e75029d856f,2022-10-19 18:00:00,25,NO CONTROLS,NO CONTROLS,UNKNOWN,UNKNOWN,PARKED MOTOR VEHICLE,ONE-WAY,STRAIGHT AND LEVEL,UNKNOWN,UNKNOWN,NO INJURY / DRIVE AWAY,"OVER $1,500",UNABLE TO DETERMINE,NOT APPLICABLE,5528,S,CORNELL AVE,2,NO INDICATION OF INJURY,0.0,0.0,0.0,0.0,0.0,1.0,0.0,18,4,10
d21ff60f921f654ce02eba0c52e94226a26050b4ddc9f38a0766fd6c2970db11b6d759dd874aeccca8bf9f6ad1c84686ca498a8bf0c97b12ea3d22dc810e9dbe,2020-12-22 14:13:00,30,NO CONTROLS,NO CONTROLS,CLEAR,DAYLIGHT,REAR END,NOT DIVIDED,STRAIGHT AND LEVEL,DRY,NO DEFECTS,INJURY AND / OR TOW DUE TO CRASH,"OVER $1,500",EQUIPMENT - VEHICLE CONDITION,UNABLE TO DETERMINE,5352,S,WESTERN AVE,2,NO INDICATION OF INJURY,0.0,0.0,0.0,0.0,0.0,2.0,0.0,14,3,12
c876a132001b8e400a762faa40d2c61f9ac64641ff234470010fa1ffd8624bb6dcf872939949346c4f1be8a4c30202c50b7a435b38a8da6da38fe8c39a910a10,2019-06-19 20:00:00,30,NO CONTROLS,NO CONTROLS,RAIN,"DARKNESS, LIGHTED ROAD",SIDESWIPE SAME DIRECTION,NOT DIVIDED,STRAIGHT AND LEVEL,WET,NO DEFECTS,NO INJURY / DRIVE AWAY,"OVER $1,500",UNABLE TO DETERMINE,NOT APPLICABLE,2072,N,WESTERN AVE,3,NO INDICATION OF INJURY,0.0,0.0,0.0,0.0,0.0,3.0,0.0,20,4,6
3c99be86e0c606bb3a3ac0195ff5adc4e134b116c5894fbdf70efd14a5b52e55b290fb0a42f50f4f653396fcc46cc2821fae5437dbc831b3e27dc81be896e4a4,2021-03-28 01:54:00,30,TRAFFIC SIGNAL,FUNCTIONING PROPERLY,FREEZING RAIN/DRIZZLE,"DARKNESS, LIGHTED ROAD",REAR END,DIVIDED - W/MEDIAN BARRIER,STRAIGHT AND LEVEL,WET,NO DEFECTS,INJURY AND / OR TOW DUE TO CRASH,"OVER $1,500",FOLLOWING TOO CLOSELY,FAILING TO REDUCE SPEED TO AVOID CRASH,5900,S,CICERO AVE,2,NO INDICATION OF INJURY,0.0,0.0,0.0,0.0,0.0,2.0,0.0,1,1,3
9d2a99b37a812458105692a72b81a922bd111d0a82d3b12099b63ee793f980929c2ed104cc1df3b1146eac90fc56a0cdd79cb46eb69cb3d619ed37724f9a64f4,2018-06-27 07:15:00,30,TRAFFIC SIGNAL,FUNCTIONING PROPERLY,CLEAR,DAYLIGHT,TURNING,NOT DIVIDED,STRAIGHT AND LEVEL,DRY,NO DEFECTS,INJURY AND / OR TOW DUE TO CRASH,"OVER $1,500",IMPROPER TURNING/NO SIGNAL,NOT APPLICABLE,1600,E,73RD ST,2,"REPORTED, NOT EVIDENT",1.0,0.0,0.0,0.0,1.0,1.0,0.0,7,4,6
8129b549fab0a7dc0dd893bfdf7e51f971b6201b662e262a82b9a9298e45105e05763147431ec0fd1efa06839742d5eec64dbbd2687ca715d0f9b8a376a48b01,2022-10-13 14:30:00,30,NO CONTROLS,UNKNOWN,UNKNOWN,DAYLIGHT,PARKED MOTOR VEHICLE,DIVIDED - W/MEDIAN (NOT RAISED),STRAIGHT AND LEVEL,UNKNOWN,UNKNOWN,NO INJURY / DRIVE AWAY,$500 OR LESS,UNABLE TO DETERMINE,NOT APPLICABLE,1538,W,GRANVILLE AVE,2,NO INDICATION OF INJURY,0.0,0.0,0.0,0.0,0.0,1.0,0.0,14,5,10
d4ca189b1348d7e420889b515d330529b3f1a5835e0b96a2a1f0cd64ae1c3a71a4b2b505cdf44e6e80e8649e7e5159e8162e0c1a26527824e5293712c8e4390a,2022-03-31 23:55:00,30,NO CONTROLS,NO CONTROLS,SNOW,"DARKNESS, LIGHTED ROAD",TURNING,NOT DIVIDED,STRAIGHT AND LEVEL,SNOW OR SLUSH,NO DEFECTS,INJURY AND / OR TOW DUE TO CRASH,"OVER $1,500",FAILING TO YIELD RIGHT-OF-WAY,FAILING TO YIELD RIGHT-OF-WAY,5447,W,WASHINGTON BLVD,2,"REPORTED, NOT EVIDENT",2.0,0.0,0.0,0.0,2.0,4.0,0.0,23,5,3
426dc57386ba51c7c687f63435d4fb2448b75b8ccfe5297e7d48321b0c46912378e25167e3ca8898d398991f63b20be18c5136acf60355e23b628d15159c8163,2022-01-17 10:13:00,35,NO CONTROLS,NO CONTROLS,CLEAR,DAYLIGHT,FIXED OBJECT,NOT DIVIDED,STRAIGHT AND LEVEL,WET,NO DEFECTS,INJURY AND / OR TOW DUE TO CRASH,"OVER $1,500",DRIVING SKILLS/KNOWLEDGE/EXPERIENCE,UNABLE TO DETERMINE,100,W,127TH ST,1,NO INDICATION OF INJURY,0.0,0.0,0.0,0.0,0.0,1.0,0.0,10,2,1
afcdc91418f19e7b2e44e87eb70f18480db110303ba6bfae3b87fd3b75855f5423a7afb91483a860aa2d065b1f7c40047d62fed10c4b4d17f54663678cc087c4,2021-11-12 16:05:00,30,TRAFFIC SIGNAL,FUNCTIONING PROPERLY,RAIN,DAWN,FIXED OBJECT,DIVIDED - W/MEDIAN BARRIER,STRAIGHT AND LEVEL,WET,NO DEFECTS,NO INJURY / DRIVE AWAY,"OVER $1,500",FAILING TO REDUCE SPEED TO AVOID CRASH,NOT APPLICABLE,2201,S,KEELER AVE,1,NO INDICATION OF INJURY,0.0,0.0,0.0,0.0,0.0,1.0,0.0,16,6,11
95877234804e69c5ef67f9ebe6bfa99033448b7a6432981f89f962023cf9a650570cf21dc192b877757cc76d4139b5dbc13b5db697f39a8598f398a03519fabe,2016-04-09 11:51:00,30,TRAFFIC SIGNAL,FUNCTIONING PROPERLY,CLEAR,DAYLIGHT,SIDESWIPE SAME DIRECTION,DIVIDED - W/MEDIAN (NOT RAISED),STRAIGHT AND LEVEL,DRY,NO DEFECTS,NO INJURY / DRIVE AWAY,"OVER $1,500",IMPROPER OVERTAKING/PASSING,FAILING TO REDUCE SPEED TO AVOID CRASH,500,N,DAMEN AVE,2,NO INDICATION OF INJURY,0.0,0.0,0.0,0.0,0.0,2.0,0.0,11,7,4
a20df4cbdd3b5a6db6183ecd91ec8bc7f8ce9252e78ba5f490cb0d3af092589fcc9ea26a65bb6be0791aefc2c4459b333c3b08faeb8d7c15f00d043517205178,2022-09-27 05:30:00,35,NO CONTROLS,NO CONTROLS,CLEAR,DAYLIGHT,FIXED OBJECT,NOT DIVIDED,STRAIGHT AND LEVEL,DRY,NO DEFECTS,NO INJURY / DRIVE AWAY,"OVER $1,500",DRIVING SKILLS/KNOWLEDGE/EXPERIENCE,IMPROPER BACKING,10818,S,LANGLEY AVE,1,NO INDICATION OF INJURY,0.0,0.0,0.0,0.0,0.0,1.0,0.0,5,3,9