CRASH_RECORD_ID,CRASH_DATE,POSTED_SPEED_LIMIT,TRAFFIC_CONTROL_DEVICE,DEVICE_CONDITION,WEATHER_CONDITION,LIGHTING_CONDITION,FIRST_CRASH_TYPE,TRAFFICWAY_TYPE,ALIGNMENT,ROADWAY_SURFACE_COND,ROAD_DEFECT,CRASH_TYPE,DAMAGE,PRIM_CONTRIBUTORY_CAUSE,SEC_CONTRIBUTORY_CAUSE,STREET_NO,STREET_DIRECTION,STREET_NAME,NUM_UNITS,MOST_SEVERE_INJURY,INJURIES_TOTAL,INJURIES_FATAL,INJURIES_INCAPACITATING,INJURIES_NON_INCAPACITATING,INJURIES_REPORTED_NOT_EVIDENT,INJURIES_NO_INDICATION,INJURIES_UNKNOWN,CRASH_HOUR,CRASH_DAY_OF_WEEK,CRASH_MONTH
a29333ad29da9f227789b5fd9308de22269d2c85b05c0fc01b0b5e28acf0bc19910facdb2bd4da0ca031e6480966a95c0914b029456392848643271784362bbd,2017-11-07 17:18:00,30,STOP SIGN/FLASHER,FUNCTIONING PROPERLY,CLEAR,DARKNESS,REAR END,NOT DIVIDED,STRAIGHT AND LEVEL,DRY,NO DEFECTS,NO INJURY / DRIVE AWAY,"OVER $1,500",UNABLE TO DETERMINE,UNABLE TO DETERMINE,3099,S,ARCHER AVE,2,NO INDICATION OF INJURY,0.0,0.0,0.0,0.0,0.0,2.0,0.0,17,3,11
e9831a288920bcd99dd5c28dfe2ff8e625817d2a2ad450b07fab2a9316f99afc6fe9c3fcbc1e4849b66c5b33016e1acff8828066f0730e6c966853234d4cf5be,2017-09-04 17:00:00,30,NO CONTROLS,NO CONTROLS,CLEAR,DAYLIGHT,SIDESWIPE SAME DIRECTION,OTHER,STRAIGHT AND LEVEL,DRY,NO DEFECTS,INJURY AND / OR TOW DUE TO CRASH,"OVER $1,500",NOT APPLICABLE,NOT APPLICABLE,3119,W,LAWRENCE AVE,2,NO INDICATION OF INJURY,0.0,0.0,0.0,0.0,0.0,2.0,0.0,17,2,9
24771effec4276e792e6ca34de26f4a7f6775883e7bfb8f168199493ebbe16ee50d395ad8929f1129a14e3f67d5e05f7cd8f529ceea97c8ca9bf6371bf1d39d1,2017-10-03 10:00:00,30,STOP SIGN/FLASHER,FUNCTIONING PROPERLY,CLEAR,DAYLIGHT,ANGLE,NOT DIVIDED,STRAIGHT AND LEVEL,DRY,NO DEFECTS,NO INJURY / DRIVE AWAY,"OVER $1,500",FAILING TO YIELD RIGHT-OF-WAY,UNABLE TO DETERMINE,6060,N,ELSTON AVE,2,NO INDICATION OF INJURY,0.0,0.0,0.0,0.0,0.0,2.0,0.0,10,3,10
ed6f3a8f6160cb37975867d94d5fd6d0c7af18d427dcb18e143d70033ee985ba509cec53bbf3312947635de6f96d933b1de7f9f060c45cc3a9cac05e671a4b7a,2019-07-14 00:45:00,45,FLASHING CONTROL SIGNAL,FUNCTIONING PROPERLY,CLEAR,"DARKNESS, LIGHTED ROAD",FIXED OBJECT,DIVIDED - W/MEDIAN BARRIER,STRAIGHT AND LEVEL,DRY,UNKNOWN,NO INJURY / DRIVE AWAY,"$501 - $1,500",NOT APPLICABLE,NOT APPLICABLE,800,S,LAKE SHORE DR E,1,NO INDICATION OF INJURY,0.0,0.0,0.0,0.0,0.0,1.0,0.0,0,1,7
8a49e00dc730cfe5b562126855292938b5435e758d9dcd724c56758364b0bcea6f467200e4e1f543b579026dfb6b4debcd5f8ca640d51ab3d1b170b3e3ace128,2022-04-03 10:50:00,30,NO CONTROLS,NO CONTROLS,CLEAR,DAYLIGHT,REAR END,PARKING LOT,STRAIGHT AND LEVEL,DRY,UNKNOWN,NO INJURY / DRIVE AWAY,"OVER $1,500",FOLLOWING TOO CLOSELY,NOT APPLICABLE,333,E,BENTON PL,2,NO INDICATION OF INJURY,0.0,0.0,0.0,0.0,0.0,2.0,0.0,10,1,4
8e2a14e554855b82a839bf959917faae1960316ea526217fd8672b1ceaa5cf3a1ca5f314142af865bd24043fcbf58b5609e6b56ea879b2b93ba060df4aabfc99,2018-10-25 08:20:00,20,NO CONTROLS,NO CONTROLS,CLEAR,DAYLIGHT,PARKED MOTOR VEHICLE,NOT DIVIDED,STRAIGHT AND LEVEL,DRY,WORN SURFACE,NO INJURY / DRIVE AWAY,"OVER $1,500",DRIVING SKILLS/KNOWLEDGE/EXPERIENCE,UNABLE TO DETERMINE,1715,W,HIGHLAND AVE,2,NO INDICATION OF INJURY,0.0,0.0,0.0,0.0,0.0,1.0,0.0,8,5,10
196a5e73447a65e34ee687f0715885cec9bd913136c9c8bda978dafae1e5817f31450eb223fe735dcdc74f6983faab543dcc7d2605dd14cfc9e03b3723c6852d,2018-06-14 20:20:00,30,TRAFFIC SIGNAL,FUNCTIONING PROPERLY,CLEAR,DARKNESS,TURNING,NOT DIVIDED,STRAIGHT AND LEVEL,DRY,UNKNOWN,NO INJURY / DRIVE AWAY,"$501 - $1,500",UNABLE TO DETERMINE,UNABLE TO DETERMINE,5532,N,NAGLE AVE,2,NO INDICATION OF INJURY,0.0,0.0,0.0,0.0,0.0,3.0,0.0,20,5,6
9a92a811baf2260ec419fd3d044780aab460fc89cba6c654c41005d5e3e10d4bff7d291bfafc42f75376edfdd942f35898978c7faf8a37e9dc43d0f879d1e713,2023-05-14 17:00:00,30,NO CONTROLS,NO CONTROLS,CLEAR,DAYLIGHT,SIDESWIPE SAME DIRECTION,NOT DIVIDED,STRAIGHT AND LEVEL,WET,NO DEFECTS,NO INJURY / DRIVE AWAY,"OVER $1,500",IMPROPER OVERTAKING/PASSING,UNABLE TO DETERMINE,3401,S,DAMEN AVE,2,NO INDICATION OF INJURY,0.0,0.0,0.0,0.0,0.0,3.0,0.0,17,1,5
3581743f55c7fb7870f60b7ad7a8e21462f228811f21e50f8510d57ea4835c33835f16e1039dee5d41ecac735526964e531b767a35b600a34dce7fb069dda7a7,2022-05-31 12:00:00,25,NO CONTROLS,NO CONTROLS,CLEAR,UNKNOWN,PARKED MOTOR VEHICLE,DIVIDED - W/MEDIAN (NOT RAISED),STRAIGHT AND LEVEL,DRY,UNKNOWN,NO INJURY / DRIVE AWAY,"OVER $1,500",NOT APPLICABLE,UNABLE TO DETERMINE,212,S,HALSTED ST,2,NO INDICATION OF INJURY,0.0,0.0,0.0,0.0,0.0,1.0,0.0,12,3,5
fe50360f26b112cfee2c07dbd94941bc02d3eaeaa32208f61259c00a454197c938317326c3f5e26fcf71d6d6ef570aa9c5d2a29f19f3b2cc5b310c81bb2b7440,2021-10-03 17:59:00,30,NO CONTROLS,NO CONTROLS,RAIN,DAYLIGHT,REAR END,DIVIDED - W/MEDIAN (NOT RAISED),STRAIGHT AND LEVEL,WET,NO DEFECTS,NO INJURY / DRIVE AWAY,"$501 - $1,500",FOLLOWING TOO CLOSELY,DISTRACTION - FROM INSIDE VEHICLE,1940,W,DIVERSEY PKWY,3,NO INDICATION OF INJURY,0.0,0.0,0.0,0.0,0.0,3.0,0.0,17,1,10
9fa9abcf8448569d9c42af44c0c3a4d48eea7a8e6d99150b364d6f1aa443b96a2246a22753bebae8cc2f523300152dd2909398a4632381067f22f8b88025ee41,2021-07-13 07:56:00,30,NO CONTROLS,NO CONTROLS,CLEAR,DAYLIGHT,PARKED MOTOR VEHICLE,NOT DIVIDED,STRAIGHT AND LEVEL,WET,NO DEFECTS,INJURY AND / OR TOW DUE TO CRASH,"OVER $1,500",DRIVING SKILLS/KNOWLEDGE/EXPERIENCE,DRIVING SKILLS/KNOWLEDGE/EXPERIENCE,1150,W,45TH ST,3,NO INDICATION OF INJURY,0.0,0.0,0.0,0.0,0.0,1.0,0.0,7,3,7
15d5f6e25281dc73365d508c2ff06d63561c5bd0360ead8007577a97f989f21b000dcb2046d9eb03c9c34cacbfb3d9824f1ebd33298ae314303a00be0aa90cb2,2024-03-13 10:45:00,30,NO CONTROLS,NO CONTROLS,CLEAR,DAYLIGHT,REAR END,DIVIDED - W/MEDIAN (NOT RAISED),STRAIGHT AND LEVEL,DRY,NO DEFECTS,INJURY AND / OR TOW DUE TO CRASH,"OVER $1,500",FOLLOWING TOO CLOSELY,NOT APPLICABLE,2032,N,OAK PARK AVE,2,NO INDICATION OF INJURY,0.0,0.0,0.0,0.0,0.0,2.0,0.0,10,4,3
d517dac4fb1d52bb041def73efd2032995cc3bf1767bfff17af40ec3d771c334ee017564fe7166a5d981862c5e8c1d95ac6a60734bc8584e9edef2cf21c350ed,2017-03-01 08:45:00,30,NO CONTROLS,NO CONTROLS,CLOUDY/OVERCAST,DAYLIGHT,REAR END,NOT DIVIDED,STRAIGHT AND LEVEL,DRY,NO DEFECTS,NO INJURY / DRIVE AWAY,"$501 - $1,500",FOLLOWING TOO CLOSELY,NOT APPLICABLE,358,S,STATE ST,2,NO INDICATION OF INJURY,0.0,0.0,0.0,0.0,0.0,2.0,0.0,8,4,3
f61dea2b8b4d70a2b7c991512724a6ee8bb6e5c5cdbe286edfd2a349651f928e26c2de3903c8f3b74a70f4dd2b27e2a88b2b62c30dcb07102dd542c965bbe26a,2017-12-28 15:15:00,35,TRAFFIC SIGNAL,FUNCTIONING PROPERLY,SNOW,DAYLIGHT,ANGLE,NOT DIVIDED,STRAIGHT AND LEVEL,SNOW OR SLUSH,NO DEFECTS,NO INJURY / DRIVE AWAY,"OVER $1,500",UNABLE TO DETERMINE,NOT APPLICABLE,3406,W,JACKSON BLVD,2,NO INDICATION OF INJURY,0.0,0.0,0.0,0.0,0.0,2.0,0.0,15,5,12
73fd36b51c827cf79ba3fd8e60bd81cdeaa0d0f3e459044d8e957736e35c7cc2ac1991b29f009a78b700b8d4f9c910840ac9e3770b6e757c14c5b6358eb94adc,2021-07-14 09:45:00,20,NO CONTROLS,NO CONTROLS,CLEAR,DAYLIGHT,PARKED MOTOR VEHICLE,UNKNOWN,STRAIGHT AND LEVEL,DRY,NO DEFECTS,NO INJURY / DRIVE AWAY,"OVER $1,500",UNABLE TO DETERMINE,NOT APPLICABLE,7650,S,PARNELL AVE,2,NO INDICATION OF INJURY,0.0,0.0,0.0,0.0,0.0,1.0,0.0,9,4,7
ed88a8fd76d962a3239d141d4d71b571ea1f1ed42ee78bf3496550efcb250c65fe1555101ebe00179cf40ada0b1c2a58784e6683fad0557ec4545259baf43052,2016-03-23 23:28:00,30,NO CONTROLS,NO CONTROLS,CLEAR,"DARKNESS, LIGHTED ROAD",SIDESWIPE SAME DIRECTION,NOT DIVIDED,STRAIGHT AND LEVEL,WET,NO DEFECTS,NO INJURY / DRIVE AWAY,$500 OR LESS,IMPROPER OVERTAKING/PASSING,NOT APPLICABLE,1380,E,HYDE PARK BLVD,2,NO INDICATION OF INJURY,0.0,0.0,0.0,0.0,0.0,2.0,0.0,23,4,3
49910a75df8b46ffaa9f81c4c0f1ad008db1db6d2cb0faa5667a78eb1004c05f8faf73b5abdcd3db4f7bfe56447f9b2329d2a99c2b61e4fa87100c19940deadd,2019-08-31 21:19:00,30,TRAFFIC SIGNAL,FUNCTIONING PROPERLY,RAIN,DUSK,REAR END,DIVIDED - W/MEDIAN (NOT RAISED),STRAIGHT AND LEVEL,WET,NO DEFECTS,NO INJURY / DRIVE AWAY,"OVER $1,500",UNABLE TO DETERMINE,NOT APPLICABLE,3859,S,WESTERN AVE,2,NO INDICATION OF INJURY,0.0,0.0,0.0,0.0,0.0,4.0,0.0,21,7,8
36e351778538769a192d6bfe8278f15cafa36965cb961b271d161454492108b68110e5eb1ac2be303339fe333f023ba10365b3482c34a599e42c609b7d4cacff,2020-04-15 11:30:00,30,TRAFFIC SIGNAL,FUNCTIONING PROPERLY,CLEAR,DAYLIGHT,REAR END,NOT DIVIDED,STRAIGHT AND LEVEL,DRY,NO DEFECTS,NO INJURY / DRIVE AWAY,"OVER $1,500",FOLLOWING TOO CLOSELY,FAILING TO REDUCE SPEED TO AVOID CRASH,1955,E,75TH ST,2,NO INDICATION OF INJURY,0.0,0.0,0.0,0.0,0.0,2.0,0.0,11,4,4
c74e1f5f1df3bd0965c98c9328629d7b9a2793d23340d37e6cf386cdd95c655669159285228ef1c72fe78610313d2c7ae21595c92742ac41bd4948e5059854aa,2018-12-18 18:36:00,30,TRAFFIC SIGNAL,FUNCTIONING PROPERLY,CLEAR,DARKNESS,TURNING,NOT DIVIDED,STRAIGHT AND LEVEL,DRY,NO DEFECTS,INJURY AND / OR TOW DUE TO CRASH,"OVER $1,500",FAILING TO YIELD RIGHT-OF-WAY,UNABLE TO DETERMINE,3200,W,PETERSON AVE,2,NO INDICATION OF INJURY,0.0,0.0,0.0,0.0,0.0,5.0,0.0,18,3,12
cbd4648eb92a04f6f65b89b69682a3a9b0f635e2b91d026324a7179ae323d26d955b93c4d6ba03cc1f5ac1d66871f335056efa4f0eccb3fddf67481f8c5c8269,2021-10-20 23:07:00,30,OTHER,OTHER,CLEAR,DARKNESS,PARKED MOTOR VEHICLE,NOT DIVIDED,STRAIGHT AND LEVEL,DRY,UNKNOWN,INJURY AND / OR TOW DUE TO CRASH,"OVER $1,500",UNABLE TO DETERMINE,UNABLE TO DETERMINE,3850,W,MONTROSE AVE,2,NONINCAPACITATING INJURY,1.0,0.0,0.0,1.0,0.0,0.0,0.0,23,4,10
72176172dd14a8aa3a6f89c2c57b16d407c9e83a045962542c78ae95dd568eda5a510bfa5bec665dab50b03b1f014c48e3003fb38c68f2f0fdc47918a821f4ec,2024-04-20 17:30:00,20,NO CONTROLS,NO CONTROLS,CLEAR,DAYLIGHT,REAR END,ONE-WAY,STRAIGHT AND LEVEL,DRY,NO DEFECTS,INJURY AND / OR TOW DUE TO CRASH,"OVER $1,500",UNABLE TO DETERMINE,NOT APPLICABLE,3015,S,SPRINGFIELD AVE,2,NO INDICATION OF INJURY,0.0,0.0,0.0,0.0,0.0,2.0,0.0,17,7,4
73e570a94d6a66a8d7204271b1794750198a441da0d3a4fa042f8e45aaad583a21512d42aa327d2bc7b01bfb29b6da0ae0b47f6e6c9288fd987eff9250108621,2018-12-19 08:00:00,30,TRAFFIC SIGNAL,UNKNOWN,UNKNOWN,UNKNOWN,REAR END,NOT DIVIDED,STRAIGHT AND LEVEL,UNKNOWN,UNKNOWN,NO INJURY / DRIVE AWAY,$500 OR LESS,TEXTING,CELL PHONE USE OTHER THAN TEXTING,7931,S,STONY ISLAND AVE,2,NO INDICATION OF INJURY,0.0,0.0,0.0,0.0,0.0,2.0,0.0,8,4,12
4f24e6a068ecb1ae929aa81a6d7d0e2ec6273b28ee8313e6ada81c09df327b90a89565f7a2fc0d05dcc229dcb131842ecaa1ab57816d061765f6b319342b96bc,2023-07-30 10:00:00,30,NO CONTROLS,NO CONTROLS,CLEAR,DAYLIGHT,PARKED MOTOR VEHICLE,PARKING LOT,STRAIGHT AND LEVEL,DRY,NO DEFECTS,NO INJURY / DRIVE AWAY,"$501 - $1,500",UNABLE TO DETERMINE,UNABLE TO DETERMINE,401,N,WABASH AVE,2,NO INDICATION OF INJURY,0.0,0.0,0.0,0.0,0.0,1.0,0.0,10,1,7
5f6a6d7b3aa7b84ae7e1a1f5a45b5e1419728b6d46974dae36be4a3f62c21a707ef8d6c6be69b71cefca9c726bd50bc8181cee1dcdcb292db33cb1ee4bc64b90,2021-05-11 11:40:00,30,NO CONTROLS,NO CONTROLS,CLEAR,DAYLIGHT,PEDESTRIAN,NOT DIVIDED,STRAIGHT AND LEVEL,DRY,NO DEFECTS,INJURY AND / OR TOW DUE TO CRASH,"$501 - $1,500",UNABLE TO DETERMINE,NOT APPLICABLE,5423,S,HARLEM AVE,2,"REPORTED, NOT EVIDENT",1.0,0.0,0.0,0.0,1.0,2.0,0.0,11,3,5
d28273ff6aa9700079899c1d7ab17df53e7bd8483fa3f8289d724c35de041b532a8b749e03c87735e2506773f3af06ce9208871625d40c5de9bfa330a7833b0d,2016-08-09 18:20:00,25,RAILROAD CROSSING GATE,FUNCTIONING PROPERLY,CLEAR,DAYLIGHT,REAR END,DIVIDED - W/MEDIAN BARRIER,STRAIGHT AND LEVEL,DRY,NO DEFECTS,NO INJURY / DRIVE AWAY,"$501 - $1,500",UNABLE TO DETERMINE,UNABLE TO DETERMINE,3555,W,COLUMBUS AVE,2,NO INDICATION OF INJURY,0.0,0.0,0.0,0.0,0.0,4.0,0.0,18,3,8
72a419fba9694ad17f3e27341432c698041983e4bc61a799fac33758e4d2a99677deae678103f587e868385a36c49133023adbcd2f1e9aa53e67851be247c9c9,2022-10-08 22:31:00,20,NO CONTROLS,NO CONTROLS,CLEAR,"DARKNESS, LIGHTED ROAD",PARKED MOTOR VEHICLE,ONE-WAY,STRAIGHT AND LEVEL,DRY,NO DEFECTS,INJURY AND / OR TOW DUE TO CRASH,"OVER $1,500",UNABLE TO DETERMINE,UNABLE TO DETERMINE,7701,S,CHRISTIANA AVE,2,NO INDICATION OF INJURY,0.0,0.0,0.0,0.0,0.0,1.0,0.0,22,7,10
e84ca8e19cf5103f3abcce6ae6da97d959d6b8fed5063cde2decf52bbd5f3f1df06df02677f4862f27448934d131759ac93156ea72ffc374382fad7bd479bef4,2022-09-27 15:40:00,30,NO CONTROLS,NO CONTROLS,CLEAR,DAYLIGHT,PARKED MOTOR VEHICLE,NOT DIVIDED,STRAIGHT AND LEVEL,DRY,NO DEFECTS,NO INJURY / DRIVE AWAY,"OVER $1,500",DISTRACTION - FROM OUTSIDE VEHICLE,DISTRACTION - FROM INSIDE VEHICLE,3988,W,ARGYLE ST,2,NO INDICATION OF INJURY,0.0,0.0,0.0,0.0,0.0,2.0,0.0,15,3,9
aa911d74b9fc80ae2cf3d4c1ea8c9244846897a0226ee028f1228affb3af1a9ff93a6f5aa36ca611cd8756d51dac8e4e2879b095528752f7013052addc3d0b27,2016-11-09 16:30:00,30,NO CONTROLS,NO CONTROLS,CLEAR,DAYLIGHT,SIDESWIPE SAME DIRECTION,NOT DIVIDED,STRAIGHT AND LEVEL,DRY,NO DEFECTS,NO INJURY / DRIVE AWAY,"OVER $1,500",IMPROPER OVERTAKING/PASSING,NOT APPLICABLE,810,N,ORLEANS ST,2,NO INDICATION OF INJURY,0.0,0.0,0.0,0.0,0.0,2.0,0.0,16,4,11
90782c04767785aca14f56bfff3dbc766116df2e7d02ac2a090a1a95f01fa4528f147c72e1c5f8ff22e95d812446d9d58780d2a95a42c0bc47cf912a0aa22334,2023-08-25 18:35:00,30,NO CONTROLS,NO CONTROLS,CLEAR,DAYLIGHT,SIDESWIPE OPPOSITE DIRECTION,NOT DIVIDED,STRAIGHT AND LEVEL,DRY,NO DEFECTS,NO INJURY / DRIVE AWAY,$500 OR LESS,UNABLE TO DETERMINE,UNABLE TO DETERMINE,800,W,VAN BUREN ST,2,NO INDICATION OF INJURY,0.0,0.0,0.0,0.0,0.0,5.0,0.0,18,6,8
c5a5abb28b2ede869253a38417b8d81633bdb20f3150083b4df0c285ac7a9045c62f64fc6e93bf33030ae35fec3b414960a981958ab051bfe50b0e4c7429bb96,2018-08-12 15:01:00,30,TRAFFIC SIGNAL,FUNCTIONING PROPERLY,CLEAR,DAYLIGHT,PEDALCYCLIST,ONE-WAY,STRAIGHT AND LEVEL,DRY,NO DEFECTS,INJURY AND / OR TOW DUE TO CRASH,$500 OR LESS,FAILING TO YIELD RIGHT-OF-WAY,FAILING TO REDUCE SPEED TO AVOID CRASH,1401,W,GARFIELD BLVD,2,NONINCAPACITATING INJURY,1.0,0.0,0.0,1.0,0.0,1.0,0.0,15,1,8
3e45cf6e8dfe1610f29f949319dfa25f8948e2518031e8eb9642b3397764496173bd9bb5a414d43aca669b21fe1a640934b847e366dd4dec4a971e3a80ee5cbb,2021-12-14 09:45:00,30,NO CONTROLS,NO CONTROLS,CLEAR,DAYLIGHT,FIXED OBJECT,NOT DIVIDED,"CURVE, LEVEL",DRY,NO DEFECTS,INJURY AND / OR TOW DUE TO CRASH,"$501 - $1,500",IMPROPER OVERTAKING/PASSING,FAILING TO REDUCE SPEED TO AVOID CRASH,2347,E,MARQUETTE DR,2,NO INDICATION OF INJURY,0.0,0.0,0.0,0.0,0.0,6.0,0.0,9,3,12
c5df99a8c86acc6fd2fb6ccacc7c76efbcb034cbf85f33992c376f5ae686f2c26f2ac986fe172dd539fd50885531cc52031665cb3d063869829bf9aab85b0388,2023-09-16 21:10:00,30,NO CONTROLS,NO CONTROLS,CLEAR,"DARKNESS, LIGHTED ROAD",SIDESWIPE SAME DIRECTION,NOT DIVIDED,STRAIGHT AND LEVEL,UNKNOWN,UNKNOWN,NO INJURY / DRIVE AWAY,"OVER $1,500",IMPROPER OVERTAKING/PASSING,IMPROPER LANE USAGE,310,N,GREEN ST,2,NO INDICATION OF INJURY,0.0,0.0,0.0,0.0,0.0,2.0,0.0,21,7,9
821cd9b7faf16408c10508dd8b8446c6350cce5a415d5a1943700437cd022fb7db258231877d38fe63f15e444769c4e6d6b3ffc740f10364663ba5f2c8dd291c,2020-05-07 13:05:00,15,NO CONTROLS,NO CONTROLS,CLEAR,DAYLIGHT,PARKED MOTOR VEHICLE,ONE-WAY,STRAIGHT AND LEVEL,DRY,NO DEFECTS,NO INJURY / DRIVE AWAY,"OVER $1,500",FAILING TO REDUCE SPEED TO AVOID CRASH,NOT APPLICABLE,9204,S,WOODLAWN AVE,2,NO INDICATION OF INJURY,0.0,0.0,0.0,0.0,0.0,1.0,0.0,13,5,5
8e550ff6622df6896c02b56b6252f80ead2b37392ee125f64361a57854f85864e38e6f4c12c6b7f2d0b23907abe666690f3d27bebc5ca6df0d6abc9509128dea,2019-06-26 13:31:00,30,STOP SIGN/FLASHER,NO CONTROLS,CLEAR,DAYLIGHT,PARKED MOTOR VEHICLE,T-INTERSECTION,STRAIGHT AND LEVEL,DRY,NO DEFECTS,INJURY AND / OR TOW DUE TO CRASH,"OVER $1,500",DISTRACTION - FROM OUTSIDE VEHICLE,UNABLE TO DETERMINE,1200,W,31ST ST,2,NO INDICATION OF INJURY,0.0,0.0,0.0,0.0,0.0,1.0,0.0,13,4,6
0574159869379ad5554ca1a86693d7c1a4bf2777db939ffbde0918d3f1479905abe1baf6fae721640c369338e83feb936b7bc1f9615de95a08f9b32cbd19c887,2023-02-04 08:09:00,25,NO CONTROLS,NO CONTROLS,CLEAR,DAYLIGHT,FIXED OBJECT,ALLEY,STRAIGHT AND LEVEL,ICE,UNKNOWN,NO INJURY / DRIVE AWAY,"OVER $1,500",UNABLE TO DETERMINE,UNABLE TO DETERMINE,5634,W,63RD ST,1,NO INDICATION OF INJURY,0.0,0.0,0.0,0.0,0.0,1.0,0.0,8,7,2
c3d7b582957e398526860f4eaae04d8bf4abc032d080b232d40c002c4de2d1fd37d619043830e9f933e748201ad06bb5d9706fead3af9f1e27e5713f03eccc1f,2021-08-26 01:14:00,30,NO CONTROLS,NO CONTROLS,CLEAR,DARKNESS,FIXED OBJECT,DRIVEWAY,STRAIGHT AND LEVEL,WET,NO DEFECTS,NO INJURY / DRIVE AWAY,"OVER $1,500",NOT APPLICABLE,NOT APPLICABLE,2323,N,NATCHEZ AVE,1,NO INDICATION OF INJURY,0.0,0.0,0.0,0.0,0.0,1.0,0.0,1,5,8
4f16406fbe224dbc0a9d9daa8921300068b63317f1bdf1a897cba20f485d2f1e2fee51ae35271da4c0d78f0cfe2b3210e372b952a1b8ca2926082855cafc07e9,2020-10-28 15:45:00,30,NO CONTROLS,NO CONTROLS,CLEAR,DAYLIGHT,SIDESWIPE SAME DIRECTION,DIVIDED - W/MEDIAN BARRIER,STRAIGHT AND LEVEL,DRY,NO DEFECTS,NO INJURY / DRIVE AWAY,$500 OR LESS,UNABLE TO DETERMINE,UNABLE TO DETERMINE,122,N,MICHIGAN AVE,2,NO INDICATION OF INJURY,0.0,0.0,0.0,0.0,0.0,3.0,0.0,15,4,10
30e5f4a9e7a201310503d3d6a45e207578d27aa0ab558c03b85a136cd888b6f6b751359ae03d4c9bd018a22224c997c60095c4e9f83f19d4d69874bffcc68e1e,2016-01-04 14:50:00,20,NO CONTROLS,NO CONTROLS,CLEAR,DAYLIGHT,PARKED MOTOR VEHICLE,NOT DIVIDED,STRAIGHT AND LEVEL,DRY,NO DEFECTS,NO INJURY / DRIVE AWAY,"OVER $1,500",IMPROPER OVERTAKING/PASSING,DRIVING SKILLS/KNOWLEDGE/EXPERIENCE,8300,S,HAMLIN AVE,2,NO INDICATION OF INJURY,0.0,0.0,0.0,0.0,0.0,1.0,0.0,14,2,1
5aba09f27077fe2966c2d0f9d2a1fc0ae9192c644251d0f7bdf61d97ef226308be72812814f3e71216729a62adfff706eef442141c7708b3735bb98c4b26aacd,2019-03-07 10:30:00,30,TRAFFIC SIGNAL,FUNCTIONING PROPERLY,CLEAR,DAYLIGHT,REAR END,NOT DIVIDED,STRAIGHT AND LEVEL,DRY,NO DEFECTS,NO INJURY / DRIVE AWAY,"OVER $1,500",UNABLE TO DETERMINE,FAILING TO REDUCE SPEED TO AVOID CRASH,1357,N,KOSTNER AVE,3,NO INDICATION OF INJURY,0.0,0.0,0.0,0.0,0.0,3.0,0.0,10,5,3
f75615140d51df45015017f5c473b0862dcb9e1d67b76f49c4438cb410b22f0d7fe1da110082849bf4d4c950c3c44e9ad280ebd1a9c83a5d3f307eafbd8e09a5,2022-08-25 19:17:00,30,NO CONTROLS,NO CONTROLS,RAIN,"DARKNESS, LIGHTED ROAD",PARKED MOTOR VEHICLE,DIVIDED - W/MEDIAN (NOT RAISED),STRAIGHT AND LEVEL,WET,NO DEFECTS,INJURY AND / OR TOW DUE TO CRASH,"OVER $1,500",UNABLE TO DETERMINE,NOT APPLICABLE,1819,S,CENTRAL PARK AVE,2,NO INDICATION OF INJURY,0.0,0.0,0.0,0.0,0.0,1.0,0.0,19,5,8
c11d121104f89f5fd5e654234785dc51c6367bc8dd8eb67554f0d8b6920314059aa159edf99b90c0cc94cf9847cfa3dff77446175648db0637a3d6c2f51f9d7d,2017-07-31 15:55:00,30,TRAFFIC SIGNAL,FUNCTIONING PROPERLY,CLEAR,DAYLIGHT,TURNING,NOT DIVIDED,STRAIGHT AND LEVEL,DRY,NO DEFECTS,NO INJURY / DRIVE AWAY,"OVER $1,500",FAILING TO YIELD RIGHT-OF-WAY,UNABLE TO DETERMINE,4800,N,PULASKI RD,2,NO INDICATION OF INJURY,0.0,0.0,0.0,0.0,0.0,2.0,0.0,15,2,7
67aab6933676303bc71eab554ffc432fa6b4c1385b39e1685b07f115ed2e1eeef092e1671be945ee22a5a68b6d88332b61a974787eb43f43e1c4f3f86a658d5b,2021-05-06 10:00:00,35,TRAFFIC SIGNAL,UNKNOWN,CLEAR,DAYLIGHT,SIDESWIPE SAME DIRECTION,FOUR WAY,STRAIGHT AND LEVEL,UNKNOWN,UNKNOWN,NO INJURY / DRIVE AWAY,"OVER $1,500",IMPROPER TURNING/NO SIGNAL,NOT APPLICABLE,5551,N,CLARK ST,3,NO INDICATION OF INJURY,0.0,0.0,0.0,0.0,0.0,2.0,0.0,10,5,5
29a5018091344ff35920c6fba7c1ce044e158da09738810126b2d48d25ae41484398af3d7a1c82a87f2840c5e07844875a376fe0ed54f0fa1014e0127492c335,2021-06-20 09:30:00,30,NO CONTROLS,NO CONTROLS,CLEAR,DAYLIGHT,REAR TO SIDE,ALLEY,STRAIGHT AND LEVEL,DRY,NO DEFECTS,NO INJURY / DRIVE AWAY,"OVER $1,500",IMPROPER BACKING,IMPROPER BACKING,7101,S,STONY ISLAND AVE,2,NO INDICATION OF INJURY,0.0,0.0,0.0,0.0,0.0,2.0,0.0,9,1,6
c3d5aba335202f2184fc8288a99755f99a60f1bb3cfb35d3a561f3f39d4d961879d452e14f99bea8e926e2fb0a2966b12496b281b9a14d5e4816b48e394bb995,2019-01-24 13:35:00,30,NO CONTROLS,NO CONTROLS,CLOUDY/OVERCAST,DAYLIGHT,SIDESWIPE SAME DIRECTION,NOT DIVIDED,STRAIGHT AND LEVEL,DRY,NO DEFECTS,NO INJURY / DRIVE AWAY,$500 OR LESS,UNABLE TO DETERMINE,UNABLE TO DETERMINE,1241,S,PULASKI RD,2,NO INDICATION OF INJURY,0.0,0.0,0.0,0.0,0.0,2.0,0.0,13,5,1