CRASH_RECORD_ID,CRASH_DATE,POSTED_SPEED_LIMIT,TRAFFIC_CONTROL_DEVICE,DEVICE_CONDITION,WEATHER_CONDITION,LIGHTING_CONDITION,FIRST_CRASH_TYPE,TRAFFICWAY_TYPE,ALIGNMENT,ROADWAY_SURFACE_COND,ROAD_DEFECT,CRASH_TYPE,DAMAGE,PRIM_CONTRIBUTORY_CAUSE,SEC_CONTRIBUTORY_CAUSE,STREET_NO,STREET_DIRECTION,STREET_NAME,NUM_UNITS,MOST_SEVERE_INJURY,INJURIES_TOTAL,INJURIES_FATAL,INJURIES_INCAPACITATING,INJURIES_NON_INCAPACITATING,INJURIES_REPORTED_NOT_EVIDENT,INJURIES_NO_INDICATION,INJURIES_UNKNOWN,CRASH_HOUR,CRASH_DAY_OF_WEEK,CRASH_MONTH
1d85f88e69043f890f20bee86ccc268d29e30a43ffaf30ae411501c3188d9e6be007a7bd01afedbd1ec393d41def646ed7c5b285041c3804903b8d3edf96e8d7,2023-10-24 13:30:00,30,NO CONTROLS,NO CONTROLS,UNKNOWN,UNKNOWN,REAR TO FRONT,RAMP,STRAIGHT AND LEVEL,UNKNOWN,NO DEFECTS,NO INJURY / DRIVE AWAY,"$501 - $1,500",IMPROPER BACKING,UNABLE TO DETERMINE,5700,S,CICERO AVE,2,NO INDICATION OF INJURY,0.0,0.0,0.0,0.0,0.0,2.0,0.0,13,3,10
0b53e90d4f8a775c993ecca23ab6e1f8f81c00d5e872d6d91b25a79e89b6f09b49dcea493198c6629681c0e6c65335205b79a3c71df9dec4fec650fe02082cda,2023-11-21 17:20:00,0,NO CONTROLS,NO CONTROLS,CLEAR,"DARKNESS, LIGHTED ROAD",PARKED MOTOR VEHICLE,PARKING LOT,STRAIGHT AND LEVEL,DRY,NO DEFECTS,NO INJURY / DRIVE AWAY,$500 OR LESS,UNABLE TO DETERMINE,UNABLE TO DETERMINE,6623,N,DAMEN AVE,2,NO INDICATION OF INJURY,0.0,0.0,0.0,0.0,0.0,2.0,0.0,17,3,11
88bec31a7c4c949ab5891199c693598d184fd9f3f1f096eac61fe251eef48e625a1110a80ae28d6f683034d4b5961f5c4a24ea126fac5ad47956e5cde1d9896f,2016-01-15 05:00:00,30,NO CONTROLS,NO CONTROLS,UNKNOWN,UNKNOWN,PARKED MOTOR VEHICLE,NOT DIVIDED,STRAIGHT AND LEVEL,UNKNOWN,NO DEFECTS,NO INJURY / DRIVE AWAY,"OVER $1,500",UNABLE TO DETERMINE,UNABLE TO DETERMINE,2640,N,OAK PARK AVE,2,NO INDICATION OF INJURY,0.0,0.0,0.0,0.0,0.0,1.0,0.0,5,6,1
768766fe5116ca624bfe18555ee6a7acc2a2934ed9ff56c8b724a01a1d8d66a9befb32f6498c952409922691e3695fc8f77af0e6eabb153ec5d5b63e67fe0410,2018-08-16 22:10:00,30,TRAFFIC SIGNAL,FUNCTIONING PROPERLY,CLEAR,DAWN,TURNING,NOT DIVIDED,STRAIGHT AND LEVEL,DRY,NO DEFECTS,INJURY AND / OR TOW DUE TO CRASH,"OVER $1,500",UNABLE TO DETERMINE,UNABLE TO DETERMINE,7201,S,CICERO AVE,2,NONINCAPACITATING INJURY,1.0,0.0,0.0,1.0,0.0,1.0,0.0,22,5,8
e4e5e445023ee60492926ff6469e6728bfa03383506ad8b563c64ce43090f315a7e10ee9b85ac5c775dba436a90911447dec002b5cd541ad2a500ab9b43bb12d,2024-04-12 18:00:00,30,STOP SIGN/FLASHER,NO CONTROLS,CLEAR,DAYLIGHT,ANGLE,DIVIDED - W/MEDIAN (NOT RAISED),STRAIGHT AND LEVEL,DRY,NO DEFECTS,INJURY AND / OR TOW DUE TO CRASH,"OVER $1,500",DISREGARDING STOP SIGN,DISREGARDING STOP SIGN,8200,S,DR MARTIN LUTHER KING JR DR,2,"REPORTED, NOT EVIDENT",2.0,0.0,0.0,0.0,2.0,1.0,0.0,18,6,4
04869e7fdeb5147bc4120c343304597cb775604afb3d1b4fac788f33f424ea3bab00455884ac263744ff65e0af4fe18c4f4087d37cd37dd0fbbcec563bb4cf92,2021-04-25 01:00:00,35,NO CONTROLS,NO CONTROLS,CLEAR,"DARKNESS, LIGHTED ROAD",SIDESWIPE OPPOSITE DIRECTION,NOT DIVIDED,STRAIGHT AND LEVEL,DRY,NO DEFECTS,INJURY AND / OR TOW DUE TO CRASH,"OVER $1,500",UNABLE TO DETERMINE,UNABLE TO DETERMINE,2035,E,MARQUETTE DR,2,NO INDICATION OF INJURY,0.0,0.0,0.0,0.0,0.0,2.0,0.0,1,1,4
8f720484350f358814df1c05892fab41dd772c1303c538ebf507e7c36f11bc3ee31b0d7304b18146883d49ca58143587f79ddd634b64a9693902cb89cd0e32ee,2017-06-12 17:30:00,0,NO CONTROLS,NO CONTROLS,CLEAR,DAYLIGHT,REAR END,PARKING LOT,STRAIGHT AND LEVEL,DRY,NO DEFECTS,NO INJURY / DRIVE AWAY,"OVER $1,500",UNABLE TO DETERMINE,UNABLE TO DETERMINE,3800,W,CHICAGO AVE,2,NO INDICATION OF INJURY,0.0,0.0,0.0,0.0,0.0,2.0,0.0,17,2,6
8f13078526c20af1900decf46aee3c7eb2759d054a7a78ca3014fc77bcc61a78a360c449c9b0850e9c593a2c530583d2985f3dc80504063b0fac39dd61d9ae77,2017-09-10 07:53:00,35,TRAFFIC SIGNAL,FUNCTIONING PROPERLY,CLEAR,DAYLIGHT,REAR END,NOT DIVIDED,STRAIGHT AND LEVEL,DRY,NO DEFECTS,NO INJURY / DRIVE AWAY,"$501 - $1,500",NOT APPLICABLE,UNABLE TO DETERMINE,3358,W,WILSON AVE,2,NO INDICATION OF INJURY,0.0,0.0,0.0,0.0,0.0,2.0,0.0,7,1,9
0e38053466fa97dda6361f5f9be84d6a53161b1e84a27e4f7efe45a05363570095f2a56260676cf9283ca2dc3294f1ee6f5e53f750d0099004d844b58c6971e7,2024-01-06 22:52:00,30,UNKNOWN,UNKNOWN,UNKNOWN,"DARKNESS, LIGHTED ROAD",TURNING,UNKNOWN,STRAIGHT AND LEVEL,UNKNOWN,UNKNOWN,NO INJURY / DRIVE AWAY,"OVER $1,500",UNABLE TO DETERMINE,UNABLE TO DETERMINE,2011,N,CENTRAL PARK AVE,2,NO INDICATION OF INJURY,0.0,0.0,0.0,0.0,0.0,2.0,0.0,22,7,1
ced5e2f362ff96a69d9ab40abd65fb4330f111f821c8615328f9d0385b94b17f4bfc8c9c996f8a3889268ad2c32f995d70d17e4cfa787b45714ff28ffb269197,2017-01-16 11:05:00,25,NO CONTROLS,NO CONTROLS,RAIN,DAYLIGHT,PARKED MOTOR VEHICLE,NOT DIVIDED,STRAIGHT AND LEVEL,WET,NO DEFECTS,NO INJURY / DRIVE AWAY,"OVER $1,500",UNABLE TO DETERMINE,UNABLE TO DETERMINE,1015,W,BUENA AVE,2,NO INDICATION OF INJURY,0.0,0.0,0.0,0.0,0.0,1.0,0.0,11,2,1
1f96fa6e3dd4e8f544ee4345e9ce9128519212ce0c43833c0b56282df3393b75640dce867146a0198f2c4597a98dd99ee259e40e51a83305e62a6082e3b54f34,2018-12-30 18:35:00,30,TRAFFIC SIGNAL,FUNCTIONING PROPERLY,CLEAR,"DARKNESS, LIGHTED ROAD",REAR END,NOT DIVIDED,STRAIGHT AND LEVEL,DRY,NO DEFECTS,NO INJURY / DRIVE AWAY,"OVER $1,500",FOLLOWING TOO CLOSELY,NOT APPLICABLE,5564,N,NAGLE AVE,2,NO INDICATION OF INJURY,0.0,0.0,0.0,0.0,0.0,3.0,0.0,18,1,12
99cf5ea3b6c528078984986ebd00ea1971610a973831e61c88e9bd6b3e34267e777df2b0af85df5bec42d9b8aab4101d3f631494270ff52d8a4a2afea67029cc,2016-09-02 14:55:00,30,TRAFFIC SIGNAL,FUNCTIONING PROPERLY,CLEAR,DAYLIGHT,REAR END,NOT DIVIDED,STRAIGHT AND LEVEL,DRY,NO DEFECTS,NO INJURY / DRIVE AWAY,"$501 - $1,500",FAILING TO REDUCE SPEED TO AVOID CRASH,UNABLE TO DETERMINE,3524,W,NORTH AVE,2,NO INDICATION OF INJURY,0.0,0.0,0.0,0.0,0.0,3.0,0.0,14,6,9
2e134f9b3ae042c08de895b16dc0bade9f74352d7c184f0ecd2ce2cc2e5d7bede610d90497780db53fd6d6beb7408c80b096bfcf6424b7ee3f1b2437f0353c5f,2021-02-23 09:00:00,20,NO CONTROLS,NO CONTROLS,CLEAR,DAYLIGHT,PARKED MOTOR VEHICLE,NOT DIVIDED,STRAIGHT AND LEVEL,DRY,NO DEFECTS,NO INJURY / DRIVE AWAY,"$501 - $1,500",UNABLE TO DETERMINE,UNABLE TO DETERMINE,6118,S,KIMBARK AVE,2,NO INDICATION OF INJURY,0.0,0.0,0.0,0.0,0.0,1.0,0.0,9,3,2
55dfe6b5f53474e1cdd08e5515845b27c311b334bb2d1a20038afde1e70012d9cd152d52f7ef2fc4f8bec84dba74d8f696d3e54dfca114acb62be927b1cc66f7,2019-07-10 11:00:00,15,NO CONTROLS,NO CONTROLS,CLEAR,DAYLIGHT,PARKED MOTOR VEHICLE,PARKING LOT,STRAIGHT AND LEVEL,DRY,NO DEFECTS,NO INJURY / DRIVE AWAY,"$501 - $1,500",UNABLE TO DETERMINE,UNABLE TO DETERMINE,200,E,ILLINOIS ST,2,NO INDICATION OF INJURY,0.0,0.0,0.0,0.0,0.0,1.0,0.0,11,4,7
3e96528ff8776800af2e42fe52ae67a9476afaa5c4d1c7aa0d419b83ac6188d866f957397afbe19ca0b7f8ab3d6103b4761dfdda0eeb0f4fdfd87fc834e1dc8e,2023-05-04 00:00:00,25,NO CONTROLS,NO CONTROLS,UNKNOWN,UNKNOWN,PARKED MOTOR VEHICLE,NOT DIVIDED,STRAIGHT AND LEVEL,UNKNOWN,UNKNOWN,NO INJURY / DRIVE AWAY,"$501 - $1,500",UNABLE TO DETERMINE,NOT APPLICABLE,1428,E,57TH ST,3,NO INDICATION OF INJURY,0.0,0.0,0.0,0.0,0.0,1.0,0.0,0,5,5
34d527d7da772ff5e65e200599bcdf552b9ed577bef032286e236662376218d2454c4be09ba710fe0ca58fdc88a90b798707da646b4a02677b7f575fa3015fe4,2017-10-25 12:19:00,30,NO CONTROLS,NO CONTROLS,CLEAR,DAYLIGHT,TURNING,NOT DIVIDED,STRAIGHT AND LEVEL,DRY,NO DEFECTS,INJURY AND / OR TOW DUE TO CRASH,"OVER $1,500",UNABLE TO DETERMINE,UNABLE TO DETERMINE,4840,W,FULLERTON AVE,2,NONINCAPACITATING INJURY,2.0,0.0,0.0,2.0,0.0,3.0,0.0,12,4,10
178f3d31ec4098d3fb6f3e767c1b6b45fba1599c0184469f2bfe630b619224844e390fde10656f8544e3c0d86f5f096c590d009abdd2b245aab951804379c558,2018-04-15 13:30:00,35,TRAFFIC SIGNAL,UNKNOWN,CLOUDY/OVERCAST,DAYLIGHT,PARKED MOTOR VEHICLE,NOT DIVIDED,STRAIGHT AND LEVEL,WET,UNKNOWN,NO INJURY / DRIVE AWAY,"$501 - $1,500",IMPROPER OVERTAKING/PASSING,DISREGARDING TRAFFIC SIGNALS,7500,S,COTTAGE GROVE AVE,2,NO INDICATION OF INJURY,0.0,0.0,0.0,0.0,0.0,2.0,0.0,13,1,4
ce948e7f83fa38ecd7ca551be8cfcdc8d4f1dd9c5e6249159c44b266f33159820630b6ba0a610cf4eaefe0d2af0ecae96c6b829e966c2d90dd0b07775ede6906,2019-08-15 09:08:00,30,NO CONTROLS,NO CONTROLS,CLEAR,DAYLIGHT,PARKED MOTOR VEHICLE,ONE-WAY,STRAIGHT AND LEVEL,DRY,NO DEFECTS,NO INJURY / DRIVE AWAY,"$501 - $1,500",IMPROPER BACKING,IMPROPER BACKING,3319,W,CULLOM AVE,2,NO INDICATION OF INJURY,0.0,0.0,0.0,0.0,0.0,1.0,0.0,9,5,8
935e2d156bb3b05cc0c4cfc7ec3d082b66bba4d42b49b447cb01ae8c11c39e6f4ee62b07bf7f1a34df5b7a42e55a7b03ab55a906959253dd0b7824bc0510378c,2022-04-09 16:56:00,30,STOP SIGN/FLASHER,FUNCTIONING PROPERLY,CLEAR,DAYLIGHT,FIXED OBJECT,T-INTERSECTION,STRAIGHT AND LEVEL,DRY,NO DEFECTS,INJURY AND / OR TOW DUE TO CRASH,"$501 - $1,500",PHYSICAL CONDITION OF DRIVER,UNABLE TO DETERMINE,5501,W,WALTON ST,1,NO INDICATION OF INJURY,0.0,0.0,0.0,0.0,0.0,1.0,0.0,16,7,4
6e1bb8e39aaef5ee90110dd16f5ac1a80c96738ec54a902ec2cc57a28c4d097b6b73c9e8ca9e938ce88bfc93984136c6eb0dd6bff6c1089dba62c1a3c7c02cf0,2021-02-23 05:00:00,20,NO CONTROLS,NO CONTROLS,CLEAR,DAYLIGHT,PARKED MOTOR VEHICLE,ONE-WAY,STRAIGHT AND LEVEL,WET,NO DEFECTS,INJURY AND / OR TOW DUE TO CRASH,"OVER $1,500",UNABLE TO DETERMINE,UNABLE TO DETERMINE,5635,W,WARWICK AVE,2,NO INDICATION OF INJURY,0.0,0.0,0.0,0.0,0.0,1.0,0.0,5,3,2
6fec4692b7b122e3629acc3b2e4a8f80a93df117235111da96aaef8515d72bb3f6f19e9100531f962ca25222c8622bb4e7775c368b0b6e68ef85af8909ad94b4,2024-04-03 07:45:00,30,NO CONTROLS,NO CONTROLS,RAIN,DAYLIGHT,ANGLE,T-INTERSECTION,STRAIGHT AND LEVEL,WET,NO DEFECTS,NO INJURY / DRIVE AWAY,"OVER $1,500",FAILING TO YIELD RIGHT-OF-WAY,NOT APPLICABLE,2416,N,NORMANDY AVE,2,NO INDICATION OF INJURY,0.0,0.0,0.0,0.0,0.0,2.0,0.0,7,4,4
f7237a05d4af09858a235c6bce1bc7992887e9a7b960c5a4f06d318851011719504a5037ba24fd0048a5cc18ff051d6ef5eb7081e3e2c2ab255821ecc4b82bee,2018-01-06 17:59:00,30,NO CONTROLS,NO CONTROLS,CLEAR,"DARKNESS, LIGHTED ROAD",REAR END,DIVIDED - W/MEDIAN (NOT RAISED),STRAIGHT AND LEVEL,DRY,NO DEFECTS,NO INJURY / DRIVE AWAY,$500 OR LESS,FAILING TO REDUCE SPEED TO AVOID CRASH,FOLLOWING TOO CLOSELY,4513,W,DIVERSEY AVE,2,NO INDICATION OF INJURY,0.0,0.0,0.0,0.0,0.0,3.0,0.0,17,7,1
c1ede5be59f4287542aa443d60226388aade0cd8d5bd5898ea2549499269e8b9d5673a48742d97b0e831109c4caebf210e7275e0defb1e9c1bec48f2baa66958,2018-09-06 08:10:00,30,NO CONTROLS,NO CONTROLS,RAIN,DAYLIGHT,ANGLE,NOT DIVIDED,STRAIGHT AND LEVEL,WET,NO DEFECTS,NO INJURY / DRIVE AWAY,"$501 - $1,500",UNABLE TO DETERMINE,NOT APPLICABLE,4501,W,GRAND AVE,2,NO INDICATION OF INJURY,0.0,0.0,0.0,0.0,0.0,2.0,0.0,8,5,9
e9ca3008c19de79feeada5172d02fe797113102bb514aa6433a021da466ca2ef729036e6ec2bc72d92138ceeb6f88f2df275943112de9833b9a7bfcc2b9c4abd,2022-01-06 19:42:00,30,STOP SIGN/FLASHER,UNKNOWN,SNOW,"DARKNESS, LIGHTED ROAD",TURNING,FOUR WAY,STRAIGHT AND LEVEL,ICE,UNKNOWN,INJURY AND / OR TOW DUE TO CRASH,"OVER $1,500",DRIVING SKILLS/KNOWLEDGE/EXPERIENCE,NOT APPLICABLE,1558,E,75TH ST,2,NONINCAPACITATING INJURY,1.0,0.0,0.0,1.0,0.0,1.0,0.0,19,5,1
b995148af898b509ab9e09f686b77cffb501a0776d478cec794dc1deb1009dc8a5ede2904213fe737e76a9b7cbff81130551bd1d8de91ae7e8c6cd51adc45058,2022-09-18 20:42:00,30,TRAFFIC SIGNAL,FUNCTIONING PROPERLY,CLEAR,DARKNESS,PEDALCYCLIST,NOT DIVIDED,STRAIGHT AND LEVEL,DRY,NO DEFECTS,INJURY AND / OR TOW DUE TO CRASH,$500 OR LESS,UNABLE TO DETERMINE,UNABLE TO DETERMINE,433,N,WESTERN AVE,2,INCAPACITATING INJURY,1.0,0.0,1.0,0.0,0.0,1.0,0.0,20,1,9
7897b9a36b1cc32358cfc7ded2de15858a99f8071df783c3a08430dc4acc22be151a37cd00533ec069d54468fd1e31320e6ee232ffd64a942f707f7972fcf22f,2023-08-20 00:30:00,30,NO CONTROLS,NO CONTROLS,CLEAR,DARKNESS,SIDESWIPE SAME DIRECTION,NOT DIVIDED,STRAIGHT AND LEVEL,DRY,UNKNOWN,NO INJURY / DRIVE AWAY,"$501 - $1,500",IMPROPER OVERTAKING/PASSING,UNABLE TO DETERMINE,151,E,WACKER DR,2,NO INDICATION OF INJURY,0.0,0.0,0.0,0.0,0.0,3.0,0.0,0,1,8
e105596d23f3358b2dd291bb0ef8af6bcc84561266d50fdec8f781be276bca00d3de8a5f829781093dc49ba2a38d2b6f136ba44141935fe0a4d41d34cbb4072e,2016-12-22 22:30:00,30,TRAFFIC SIGNAL,FUNCTIONING IMPROPERLY,CLEAR,"DARKNESS, LIGHTED ROAD",TURNING,DIVIDED - W/MEDIAN (NOT RAISED),STRAIGHT AND LEVEL,DRY,NO DEFECTS,NO INJURY / DRIVE AWAY,"OVER $1,500",IMPROPER TURNING/NO SIGNAL,FAILING TO YIELD RIGHT-OF-WAY,8256,S,PULASKI RD,2,NO INDICATION OF INJURY,0.0,0.0,0.0,0.0,0.0,2.0,0.0,22,5,12
e65783b614331e3f637928c3040b5c3a2864700a746a959f38bf34fadc5fc186dfde6626396a1c20ac7f195f8ddd6b246a3c6029768d85faeb5f6ae0a3fcdad2,2018-09-07 15:08:00,25,TRAFFIC SIGNAL,FUNCTIONING PROPERLY,RAIN,DAYLIGHT,PEDESTRIAN,OTHER,STRAIGHT AND LEVEL,WET,NO DEFECTS,INJURY AND / OR TOW DUE TO CRASH,"$501 - $1,500",DRIVING SKILLS/KNOWLEDGE/EXPERIENCE,UNABLE TO DETERMINE,8700,S,LAFAYETTE AVE,2,NONINCAPACITATING INJURY,1.0,0.0,0.0,1.0,0.0,1.0,0.0,15,6,9
14da0ee5ece9a838b939c7e7601c7ff2bca5b61423078b38893e9fea9f029e957233a8dc912aa51a055b4ef413ea8e4500d6bc5ae3e5a485512435147587ee8d,2017-04-17 22:30:00,30,TRAFFIC SIGNAL,FUNCTIONING PROPERLY,CLEAR,"DARKNESS, LIGHTED ROAD",SIDESWIPE SAME DIRECTION,NOT DIVIDED,STRAIGHT AND LEVEL,DRY,NO DEFECTS,NO INJURY / DRIVE AWAY,$500 OR LESS,IMPROPER OVERTAKING/PASSING,NOT APPLICABLE,7100,S,STEWART AVE,2,NO INDICATION OF INJURY,0.0,0.0,0.0,0.0,0.0,2.0,0.0,22,2,4
dea3a17bb91939306807b9d6240ba2537956f32d10a2de4427184e0b138f66a73ec583c7c572c77576f3e9d4feab17d754090444ac242967f63c66c356fe6ca4,2020-03-13 18:20:00,30,NO CONTROLS,NO CONTROLS,CLEAR,DUSK,TURNING,NOT DIVIDED,STRAIGHT AND LEVEL,DRY,NO DEFECTS,NO INJURY / DRIVE AWAY,"$501 - $1,500",NOT APPLICABLE,NOT APPLICABLE,5500,S,WASHTENAW AVE,2,NO INDICATION OF INJURY,0.0,0.0,0.0,0.0,0.0,2.0,0.0,18,6,3
d28bf4b23309ccea6745365c1c30514aa6340c767ce5c844dbca83af0e3a73c6763b8a8e8d13142cdcad5ab7be3ba9abdb517ff476fefe3e60ed372a2a675bfb,2019-03-11 17:40:00,25,NO CONTROLS,NO CONTROLS,CLEAR,DAYLIGHT,PARKED MOTOR VEHICLE,DIVIDED - W/MEDIAN (NOT RAISED),STRAIGHT AND LEVEL,DRY,NO DEFECTS,NO INJURY / DRIVE AWAY,"OVER $1,500",UNABLE TO DETERMINE,UNABLE TO DETERMINE,11035,S,GREEN ST,2,NO INDICATION OF INJURY,0.0,0.0,0.0,0.0,0.0,1.0,0.0,17,2,3
81695ca1827e0b5dbf44dc6fa180e4153211b7c6d06d50ab37c04c47055897b317f4731e6841e723db0e355084f4e1f62a13af97231b18f51d93675c0ae28d31,2024-02-29 18:28:00,20,TRAFFIC SIGNAL,FUNCTIONING PROPERLY,CLEAR,"DARKNESS, LIGHTED ROAD",TURNING,NOT DIVIDED,"CURVE, LEVEL",DRY,NO DEFECTS,INJURY AND / OR TOW DUE TO CRASH,"OVER $1,500",UNABLE TO DETERMINE,UNABLE TO DETERMINE,6200,S,DR MARTIN LUTHER KING JR DR,2,NO INDICATION OF INJURY,0.0,0.0,0.0,0.0,0.0,5.0,0.0,18,5,2
c1fb6c4c3734a44d81eaea6db71cd9bb2968c7640b72f4c412ebdf826a4720f0048237c6459d0e483b73e49bdeb3f8c2508dcc66cd78745e1be8f5215c4fe2f0,2023-12-12 12:45:00,30,UNKNOWN,UNKNOWN,CLEAR,DAYLIGHT,SIDESWIPE SAME DIRECTION,NOT DIVIDED,STRAIGHT AND LEVEL,UNKNOWN,UNKNOWN,NO INJURY / DRIVE AWAY,"OVER $1,500",UNABLE TO DETERMINE,NOT APPLICABLE,2311,W,LOGAN BLVD,2,NO INDICATION OF INJURY,0.0,0.0,0.0,0.0,0.0,2.0,0.0,12,3,12
7d73188ffe6e19a1ad3f00d5950f19289cd85cbc231d655a53524fecc7c518c26743263a821197e436d8721b7253b904039453ea936833b46a826a68ff25ea99,2015-10-13 08:40:00,30,NO CONTROLS,NO CONTROLS,CLEAR,DARKNESS,REAR END,NOT DIVIDED,STRAIGHT AND LEVEL,DRY,NO DEFECTS,NO INJURY / DRIVE AWAY,"OVER $1,500",FOLLOWING TOO CLOSELY,NOT APPLICABLE,3640,W,31ST ST,2,NO INDICATION OF INJURY,0.0,0.0,0.0,0.0,0.0,2.0,0.0,8,3,10
8210e59dead75f3e99f9f50a481403691718b36c0e0c86d9ca13d3fb6c1cab51b49730ac6268ca20b88de07e0865abd2f2fae6d414fa1ed0778fdd85ef32186d,2023-11-15 17:30:00,35,STOP SIGN/FLASHER,FUNCTIONING PROPERLY,CLEAR,DAYLIGHT,TURNING,FOUR WAY,STRAIGHT AND LEVEL,DRY,NO DEFECTS,NO INJURY / DRIVE AWAY,"OVER $1,500",UNABLE TO DETERMINE,NOT APPLICABLE,11257,S,KEDZIE AVE,2,NO INDICATION OF INJURY,0.0,0.0,0.0,0.0,0.0,2.0,0.0,17,4,11
5e3dd3cf2e2ca260b7d51c45e2c7b980d65d7f645f5f74b78571d1eaa21747bdbe27bbc90abde45c02fd100ac1c6534269fbf08fb636bd35af75cf03cf53dbb2,2019-08-20 14:10:00,30,TRAFFIC SIGNAL,FUNCTIONING PROPERLY,RAIN,DAYLIGHT,REAR END,NOT DIVIDED,STRAIGHT AND LEVEL,WET,NO DEFECTS,NO INJURY / DRIVE AWAY,$500 OR LESS,WEATHER,DRIVING SKILLS/KNOWLEDGE/EXPERIENCE,429,E,47TH ST,2,NO INDICATION OF INJURY,0.0,0.0,0.0,0.0,0.0,3.0,0.0,14,3,8
4087e60665fb937e52f37d142d57266da90e733abede67702fc52442ef768079e9615832554fc5ce7845a19f00e1485d7f24375b9c7910f7f72c92e092acc46e,2019-05-05 16:04:00,15,NO CONTROLS,NO CONTROLS,CLEAR,DAYLIGHT,PARKED MOTOR VEHICLE,ONE-WAY,STRAIGHT AND LEVEL,DRY,NO DEFECTS,NO INJURY / DRIVE AWAY,"$501 - $1,500",UNABLE TO DETERMINE,NOT APPLICABLE,3107,W,SUNNYSIDE AVE,2,NO INDICATION OF INJURY,0.0,0.0,0.0,0.0,0.0,1.0,0.0,16,1,5
1150332f09015126882672fb27130ff20ca4a7b56b7966719186e7facc6332f1413b06f7fdde5da73405f19497e0adbba17ffe49215ee0a48488c9f69e763235,2024-04-08 20:05:00,30,TRAFFIC SIGNAL,FUNCTIONING PROPERLY,CLEAR,"DARKNESS, LIGHTED ROAD",REAR END,FOUR WAY,STRAIGHT AND LEVEL,DRY,NO DEFECTS,INJURY AND / OR TOW DUE TO CRASH,"OVER $1,500",UNABLE TO DETERMINE,NOT APPLICABLE,8501,S,KEDZIE AVE,2,"REPORTED, NOT EVIDENT",2.0,0.0,0.0,0.0,2.0,2.0,0.0,20,2,4
cf70b88a94135283dc4c00f56783f1e79078422888d3db9cc7c56b915f4ede7173cb9f602698ce3c56213aa4f4777d2de319f8e27fedbc8c68560fe39fa71257,2024-04-24 00:57:00,30,NO CONTROLS,NO CONTROLS,CLEAR,"DARKNESS, LIGHTED ROAD",PARKED MOTOR VEHICLE,NOT DIVIDED,STRAIGHT AND LEVEL,DRY,NO DEFECTS,INJURY AND / OR TOW DUE TO CRASH,"OVER $1,500",FAILING TO REDUCE SPEED TO AVOID CRASH,NOT APPLICABLE,938,E,75TH ST,5,NONINCAPACITATING INJURY,1.0,0.0,0.0,1.0,0.0,0.0,0.0,0,4,4
2241afa2c6f9cd7e4fe5a7e455e81c1bc45fe3b88f186fae386a02a24c4bb1b22f56a472c5111583d04d37211e9ffaa57e36b9e6533066e93995ecededeeb846,2022-06-19 04:00:00,30,TRAFFIC SIGNAL,UNKNOWN,CLEAR,"DARKNESS, LIGHTED ROAD",FIXED OBJECT,DIVIDED - W/MEDIAN (NOT RAISED),STRAIGHT AND LEVEL,DRY,UNKNOWN,INJURY AND / OR TOW DUE TO CRASH,"OVER $1,500",UNABLE TO DETERMINE,UNABLE TO DETERMINE,4501,S,PULASKI RD,1,INCAPACITATING INJURY,4.0,0.0,1.0,2.0,1.0,0.0,0.0,4,1,6
70e0168c0bf7bfde052fd1fb0e0a5d1408e18c7c045083c9273709b9adb42e0b48719e5dfc8cd319ade7e3474fdfc1d05dc8442a1c857a4347671414fcd8b118,2019-05-07 16:34:00,30,NO CONTROLS,NO CONTROLS,CLEAR,DAYLIGHT,SIDESWIPE OPPOSITE DIRECTION,DIVIDED - W/MEDIAN (NOT RAISED),STRAIGHT AND LEVEL,DRY,NO DEFECTS,NO INJURY / DRIVE AWAY,$500 OR LESS,DRIVING ON WRONG SIDE/WRONG WAY,DRIVING ON WRONG SIDE/WRONG WAY,4700,S,ASHLAND AVE,2,NO INDICATION OF INJURY,0.0,0.0,0.0,0.0,0.0,2.0,0.0,16,3,5
9902d4e2cca296a59a6dba9bc247b2f4985a2a498950f8feabb075b10e1e9e81e06955bfb996d3ad291857039be4eb7f656e932083be21dadeb1407f41db138e,2020-03-03 16:30:00,30,TRAFFIC SIGNAL,FUNCTIONING PROPERLY,UNKNOWN,DAYLIGHT,SIDESWIPE SAME DIRECTION,NOT DIVIDED,STRAIGHT AND LEVEL,UNKNOWN,NO DEFECTS,NO INJURY / DRIVE AWAY,"$501 - $1,500",IMPROPER LANE USAGE,NOT APPLICABLE,5673,N,RIDGE AVE,2,NO INDICATION OF INJURY,0.0,0.0,0.0,0.0,0.0,2.0,0.0,16,3,3
cef6de7b1e4d4019b2002e88cc52cf56e54fe179f866135b1cf1bc38d34ce63f3561dc26bdc9baf996479a15ce2eec001948a7175c455ca2ec2fc82e2b83dfe2,2019-03-18 11:15:00,30,NO CONTROLS,NO CONTROLS,CLEAR,DAYLIGHT,PARKED MOTOR VEHICLE,NOT DIVIDED,STRAIGHT AND LEVEL,DRY,NO DEFECTS,NO INJURY / DRIVE AWAY,"$501 - $1,500",IMPROPER BACKING,IMPROPER BACKING,3613,S,CALIFORNIA AVE,2,NO INDICATION OF INJURY,0.0,0.0,0.0,0.0,0.0,2.0,0.0,11,2,3