CRASH_RECORD_ID,CRASH_DATE,POSTED_SPEED_LIMIT,TRAFFIC_CONTROL_DEVICE,DEVICE_CONDITION,WEATHER_CONDITION,LIGHTING_CONDITION,FIRST_CRASH_TYPE,TRAFFICWAY_TYPE,ALIGNMENT,ROADWAY_SURFACE_COND,ROAD_DEFECT,CRASH_TYPE,DAMAGE,PRIM_CONTRIBUTORY_CAUSE,SEC_CONTRIBUTORY_CAUSE,STREET_NO,STREET_DIRECTION,STREET_NAME,NUM_UNITS,MOST_SEVERE_INJURY,INJURIES_TOTAL,INJURIES_FATAL,INJURIES_INCAPACITATING,INJURIES_NON_INCAPACITATING,INJURIES_REPORTED_NOT_EVIDENT,INJURIES_NO_INDICATION,INJURIES_UNKNOWN,CRASH_HOUR,CRASH_DAY_OF_WEEK,CRASH_MONTH
87057d7d8273455bb82b448a63e80bed17bd8ee43a1eb42fa379337e8da184d0c206c7ab86cebbbb952e680ba029b33782012e6a8bb07692d6bbd1a0857379f4,2021-05-26 16:00:00,30,NO CONTROLS,NO CONTROLS,CLEAR,DAYLIGHT,PARKED MOTOR VEHICLE,ONE-WAY,STRAIGHT AND LEVEL,DRY,NO DEFECTS,NO INJURY / DRIVE AWAY,"$501 - $1,500",NOT APPLICABLE,NOT APPLICABLE,3323,W,61ST PL,2,NO INDICATION OF INJURY,0.0,0.0,0.0,0.0,0.0,1.0,0.0,16,4,5
dfb6bee259e73c2da3fdc2154f7d621c6a8004757f7fe7b8ac498f9497c01eb0ec97a11406494d8593ff6d94a1cfafd69ca859806b6ddfd43d4e7eadc9f297e5,2022-04-10 01:40:00,30,TRAFFIC SIGNAL,FUNCTIONING PROPERLY,CLEAR,"DARKNESS, LIGHTED ROAD",SIDESWIPE SAME DIRECTION,Y-INTERSECTION,STRAIGHT AND LEVEL,DRY,NO DEFECTS,INJURY AND / OR TOW DUE TO CRASH,"$501 - $1,500",UNABLE TO DETERMINE,NOT APPLICABLE,1615,N,DAMEN AVE,2,NO INDICATION OF INJURY,0.0,0.0,0.0,0.0,0.0,4.0,0.0,1,1,4
1dabe4994b866e22bbde0be266ed9e1a6fc30fc2fa95fdc68d5f2c2abb8311a6530c39d9de2f6ca708b511526a605ebf734dea77c59eb6f7951f469c625d2788,2018-04-05 12:45:00,30,NO CONTROLS,NO CONTROLS,CLEAR,DAYLIGHT,SIDESWIPE SAME DIRECTION,NOT DIVIDED,STRAIGHT AND LEVEL,DRY,NO DEFECTS,NO INJURY / DRIVE AWAY,"OVER $1,500",NOT APPLICABLE,NOT APPLICABLE,5500,W,DEVON AVE,2,NO INDICATION OF INJURY,0.0,0.0,0.0,0.0,0.0,2.0,0.0,12,5,4
48aad76c752f150f23761bfe6c6841be6d07b144ae3968cc687633aaea5aee05839d0a676ee905650a52df874d4623d33ddd29e871e8072ffb2dfe1f96e2e7ab,2023-12-28 01:03:00,30,UNKNOWN,UNKNOWN,CLEAR,UNKNOWN,REAR END,RAMP,CURVE ON GRADE,UNKNOWN,UNKNOWN,NO INJURY / DRIVE AWAY,"OVER $1,500",NOT APPLICABLE,NOT APPLICABLE,3600,S,DAN RYAN LOCAL OB,2,NO INDICATION OF INJURY,0.0,0.0,0.0,0.0,0.0,2.0,0.0,1,5,12
ac3c150c983320081c3f75d77d8bfe4ef73e9fb5d24d46491c37772581de2edef7d87979becd2cbc7f6142b1f36e42c8ab4369875e5c1d75a79bae6942e690d5,2015-10-18 21:30:00,20,NO CONTROLS,NO CONTROLS,CLEAR,"DARKNESS, LIGHTED ROAD",PARKED MOTOR VEHICLE,NOT DIVIDED,STRAIGHT AND LEVEL,DRY,NO DEFECTS,NO INJURY / DRIVE AWAY,"OVER $1,500",UNABLE TO DETERMINE,NOT APPLICABLE,8208,S,CAMPBELL AVE,2,NO INDICATION OF INJURY,0.0,0.0,0.0,0.0,0.0,1.0,0.0,21,1,10
5492fbe7018b8f9b482bd27b43033712a463cd0c88ce3a2c21acfdc9e40878fbfdde08e1b8097046aced91a8ef66946b52a378348c264375d69837a5a86a66e0,2022-07-26 14:55:00,30,NO CONTROLS,NO CONTROLS,CLEAR,DAYLIGHT,PARKED MOTOR VEHICLE,NOT DIVIDED,STRAIGHT AND LEVEL,DRY,NO DEFECTS,NO INJURY / DRIVE AWAY,"OVER $1,500",IMPROPER BACKING,NOT APPLICABLE,5070,W,HARRISON ST,2,NO INDICATION OF INJURY,0.0,0.0,0.0,0.0,0.0,1.0,0.0,14,3,7
f9263fe5ff6267bdab3c08e258be956dbcd9eef10eaae67f1ae82d1230ba4cbd67d665b884fb188189830d0a6af5b3821f7e8e38665e0d24997d5604005564fe,2020-04-16 08:40:00,30,TRAFFIC SIGNAL,FUNCTIONING PROPERLY,CLEAR,DAYLIGHT,REAR END,NOT DIVIDED,STRAIGHT AND LEVEL,DRY,NO DEFECTS,NO INJURY / DRIVE AWAY,$500 OR LESS,IMPROPER OVERTAKING/PASSING,FOLLOWING TOO CLOSELY,7458,S,DR MARTIN LUTHER KING JR DR,2,NO INDICATION OF INJURY,0.0,0.0,0.0,0.0,0.0,2.0,0.0,8,5,4
9a4ff12bc70581e79be2fa6a7aaf65f66144fcda7ec5576e5e91e3795fd0e4cb1b483b99ce5dbf7c9894e6e54123fec604915e0822388c25a79b4f373bf43068,2024-04-04 17:24:00,30,NO CONTROLS,NO CONTROLS,CLEAR,DAYLIGHT,FIXED OBJECT,PARKING LOT,STRAIGHT AND LEVEL,UNKNOWN,UNKNOWN,NO INJURY / DRIVE AWAY,"OVER $1,500",DRIVING SKILLS/KNOWLEDGE/EXPERIENCE,NOT APPLICABLE,5941,W,DIVERSEY AVE,1,NO INDICATION OF INJURY,0.0,0.0,0.0,0.0,0.0,1.0,0.0,17,5,4
c46aedfbc9421be3124a8ec82030b8c03e587a06e3f7bb8f8c3c9ad63861347c326aa1ed0f854b13dd5a37bdef6d8091e564998c16f93a4462e109955cf0042b,2022-06-10 12:49:00,15,NO CONTROLS,NO CONTROLS,CLEAR,DAYLIGHT,PARKED MOTOR VEHICLE,PARKING LOT,STRAIGHT AND LEVEL,DRY,WORN SURFACE,NO INJURY / DRIVE AWAY,"$501 - $1,500",NOT APPLICABLE,UNABLE TO DETERMINE,3951,N,KIMBALL AVE,2,NO INDICATION OF INJURY,0.0,0.0,0.0,0.0,0.0,1.0,0.0,12,6,6
cc8cbe7b97d80e54829d1431f19da3361adec47252669a32983c1c4e1536e3a2551644190dcad883c2cbd38d2b5fd66e1945351c9bc7d63df2546936936ef30f,2022-03-12 21:30:00,30,NO CONTROLS,NO CONTROLS,CLEAR,"DARKNESS, LIGHTED ROAD",SIDESWIPE SAME DIRECTION,NOT DIVIDED,STRAIGHT AND LEVEL,DRY,NO DEFECTS,NO INJURY / DRIVE AWAY,"OVER $1,500",UNABLE TO DETERMINE,UNABLE TO DETERMINE,722,W,GRAND AVE,2,NO INDICATION OF INJURY,0.0,0.0,0.0,0.0,0.0,2.0,0.0,21,7,3
909d805824826d63270afc24fd5accff83fca55ae72cabdfe7eac11c0a3de14db83c7b11b153059e391c39a969b50680649cbc56bf932f393ba1395376b9c397,2017-12-26 21:45:00,25,NO CONTROLS,NO CONTROLS,CLEAR,"DARKNESS, LIGHTED ROAD",PARKED MOTOR VEHICLE,NOT DIVIDED,STRAIGHT AND LEVEL,ICE,NO DEFECTS,NO INJURY / DRIVE AWAY,"$501 - $1,500",PHYSICAL CONDITION OF DRIVER,HAD BEEN DRINKING (USE WHEN ARREST IS NOT MADE),5455,W,WILSON AVE,2,NO INDICATION OF INJURY,0.0,0.0,0.0,0.0,0.0,1.0,0.0,21,3,12
ca1b4a263b82e609979b02a4e4255857a14f00785d5d326cc706f1f3486562c4e5961559486b6299a9f873c3524854461c19520612108fb98c0863eb3f6fff5f,2016-10-20 21:30:00,30,STOP SIGN/FLASHER,FUNCTIONING PROPERLY,CLEAR,"DARKNESS, LIGHTED ROAD",ANGLE,ONE-WAY,STRAIGHT AND LEVEL,DRY,NO DEFECTS,NO INJURY / DRIVE AWAY,"$501 - $1,500",FAILING TO YIELD RIGHT-OF-WAY,UNABLE TO DETERMINE,3201,N,MELVINA AVE,2,NO INDICATION OF INJURY,0.0,0.0,0.0,0.0,0.0,2.0,0.0,21,5,10
882fa05c3d2bd4bac8ef36a502e773598246be11a78c1b48a9324afd66bda3d5bb2e255ccee43b094f8bca8eb990b2535ae963b6ae5a3a6234a3f7351663709a,2023-09-22 18:30:00,30,UNKNOWN,UNKNOWN,CLEAR,DAYLIGHT,PEDALCYCLIST,NOT DIVIDED,STRAIGHT AND LEVEL,DRY,NO DEFECTS,INJURY AND / OR TOW DUE TO CRASH,$500 OR LESS,FOLLOWING TOO CLOSELY,UNABLE TO DETERMINE,2135,W,DEVON AVE,2,NONINCAPACITATING INJURY,1.0,0.0,0.0,1.0,0.0,1.0,0.0,18,6,9
7786f4850e462899dbe86182e10dc5a86df502c1b9f569991b041f6532fcc3c3241b15eb5dbc02441e99b9bd97f6fc341c129eb89ee13f39dea0f122031b7c04,2016-12-01 14:40:00,30,NO CONTROLS,NO CONTROLS,CLEAR,DAYLIGHT,REAR END,RAMP,STRAIGHT ON GRADE,DRY,NO DEFECTS,NO INJURY / DRIVE AWAY,"OVER $1,500",UNABLE TO DETERMINE,UNABLE TO DETERMINE,6300,S,YALE AVE,2,NO INDICATION OF INJURY,0.0,0.0,0.0,0.0,0.0,2.0,0.0,14,5,12
810286f6a25a2d2517265a21c8e402283e7ec2bfd5984ba37c043f31e94bbe5763c170aa3428a7ad81c35aa65e507ad4f7ae4737a24e402fe19df78be502d631,2023-07-02 16:50:00,30,NO CONTROLS,NO CONTROLS,RAIN,UNKNOWN,OTHER NONCOLLISION,NOT DIVIDED,STRAIGHT AND LEVEL,WET,NO DEFECTS,NO INJURY / DRIVE AWAY,$500 OR LESS,NOT APPLICABLE,NOT APPLICABLE,1960,W,HOOD AVE,2,NO INDICATION OF INJURY,0.0,0.0,0.0,0.0,0.0,1.0,0.0,16,1,7
e47feb8bd3c28cff959a398ab46ca87a3edef2c2e2c816f17b572670624400023e23e789ac4faa96f304d948ce0bad661dbb9ba1a5eab5a6dc5105cc75421e88,2021-05-26 01:00:00,30,TRAFFIC SIGNAL,FUNCTIONING PROPERLY,RAIN,"DARKNESS, LIGHTED ROAD",PEDESTRIAN,NOT DIVIDED,STRAIGHT AND LEVEL,WET,NO DEFECTS,INJURY AND / OR TOW DUE TO CRASH,"OVER $1,500",UNABLE TO DETERMINE,UNABLE TO DETERMINE,1000,N,CENTRAL AVE,2,NONINCAPACITATING INJURY,1.0,0.0,0.0,1.0,0.0,1.0,0.0,1,4,5
bb1f50751422e356b0daeb3d02c5966efac4dd57b9c2fe856a76d46f5bfb90a40ef7fd708ae03630cc2976b251a0b42cc061befde030a438aadb5362a6361d54,2021-07-10 09:00:00,30,NO CONTROLS,NO CONTROLS,RAIN,"DARKNESS, LIGHTED ROAD",PARKED MOTOR VEHICLE,ONE-WAY,STRAIGHT AND LEVEL,WET,NO DEFECTS,NO INJURY / DRIVE AWAY,"OVER $1,500",IMPROPER OVERTAKING/PASSING,UNABLE TO DETERMINE,3901,W,30TH ST,2,NO INDICATION OF INJURY,0.0,0.0,0.0,0.0,0.0,1.0,0.0,9,7,7
c1337824c9bf399107d77d7868c70b1498cc2f578af4e17d46dfbbf2475621cba53c2388449c12dae2d01dbc1c953a816b5949322081e03525fc1ec930a42be5,2023-04-13 18:30:00,30,UNKNOWN,UNKNOWN,UNKNOWN,UNKNOWN,REAR END,UNKNOWN,STRAIGHT AND LEVEL,UNKNOWN,UNKNOWN,NO INJURY / DRIVE AWAY,"OVER $1,500",UNABLE TO DETERMINE,NOT APPLICABLE,5531,W,DEVON AVE,2,NO INDICATION OF INJURY,0.0,0.0,0.0,0.0,0.0,6.0,0.0,18,5,4
f450854de12797f0f2dd97e1c31d8f7b1778e6dacc67e39f13b7767451c63d5eb5961e40024843a39c8bb898d4bdd4ca6992a9e3a078457f5d0813a4ef13483e,2024-01-22 17:00:00,30,NO CONTROLS,NO CONTROLS,CLEAR,"DARKNESS, LIGHTED ROAD",PARKED MOTOR VEHICLE,NOT DIVIDED,STRAIGHT AND LEVEL,DRY,NO DEFECTS,NO INJURY / DRIVE AWAY,"$501 - $1,500",UNABLE TO DETERMINE,UNABLE TO DETERMINE,250,E,111TH ST,2,NO INDICATION OF INJURY,0.0,0.0,0.0,0.0,0.0,1.0,0.0,17,2,1
a3f48a76f7d437d7d6e52af601885d8e8639c406721d7aede8432e5c5f9758bf430a56d68684477535c8ea6f69c0746d4cc0ebc194e344308299ed74a918ed7d,2020-03-01 12:30:00,30,NO CONTROLS,NO CONTROLS,CLEAR,DAYLIGHT,TURNING,NOT DIVIDED,STRAIGHT AND LEVEL,DRY,NO DEFECTS,NO INJURY / DRIVE AWAY,"OVER $1,500",UNABLE TO DETERMINE,UNABLE TO DETERMINE,6798,W,BELMONT AVE,2,NO INDICATION OF INJURY,0.0,0.0,0.0,0.0,0.0,2.0,0.0,12,1,3
464affee9561db4374f046b746ece88fe6dda9ae208e82ea55218d8ef4019ede5bc605e91ea42a9ba94ee231489cbef0c179c8b805b9cc5a18422266509ac2ef,2019-10-09 11:45:00,30,NO CONTROLS,NO CONTROLS,CLEAR,DAYLIGHT,SIDESWIPE SAME DIRECTION,NOT DIVIDED,STRAIGHT AND LEVEL,DRY,NO DEFECTS,NO INJURY / DRIVE AWAY,"OVER $1,500",FAILING TO YIELD RIGHT-OF-WAY,UNABLE TO DETERMINE,1723,N,DAMEN AVE,2,NO INDICATION OF INJURY,0.0,0.0,0.0,0.0,0.0,3.0,0.0,11,4,10
4ae6da0ca8501bbec8402e0264802be991fab736bced863eb099b48d112531c08c2ae4efb4f424084d4b2d41d7bffbe2fec9891a07856ae6cc41908ec05feb25,2016-01-21 18:20:00,30,NO CONTROLS,NO CONTROLS,CLEAR,DARKNESS,PARKED MOTOR VEHICLE,DIVIDED - W/MEDIAN BARRIER,STRAIGHT AND LEVEL,DRY,NO DEFECTS,NO INJURY / DRIVE AWAY,$500 OR LESS,FAILING TO YIELD RIGHT-OF-WAY,IMPROPER LANE USAGE,4809,S,ASHLAND AVE,2,NO INDICATION OF INJURY,0.0,0.0,0.0,0.0,0.0,2.0,0.0,18,5,1
b5fb37510b327b264c1add3f6055bb4cd5d030401e50d27a9630c557f3a015e83c5839da6f239754784e8a848463f36b698b448409a894e91b6f1592a3d9b556,2022-04-01 16:49:00,30,TRAFFIC SIGNAL,FUNCTIONING PROPERLY,CLEAR,DAYLIGHT,REAR END,NOT DIVIDED,STRAIGHT AND LEVEL,DRY,NO DEFECTS,NO INJURY / DRIVE AWAY,"OVER $1,500",FOLLOWING TOO CLOSELY,FAILING TO REDUCE SPEED TO AVOID CRASH,7215,W,TOUHY AVE,2,NO INDICATION OF INJURY,0.0,0.0,0.0,0.0,0.0,2.0,0.0,16,6,4
544c38e5cdbc6105afa3cbce3f4ae35696b3d3592f487e1c9a14f544ebf562b9223ba55cf037655c5668949a7ea89250e1956769b57c4e2fae1c55da58d47276,2022-08-28 18:45:00,30,NO CONTROLS,NO CONTROLS,CLEAR,DUSK,PARKED MOTOR VEHICLE,NOT DIVIDED,STRAIGHT AND LEVEL,DRY,NO DEFECTS,NO INJURY / DRIVE AWAY,"OVER $1,500",FAILING TO YIELD RIGHT-OF-WAY,UNABLE TO DETERMINE,1700,E,56TH ST,2,NO INDICATION OF INJURY,0.0,0.0,0.0,0.0,0.0,2.0,0.0,18,1,8
468c1794cbf10d780f525bab7f266031a4d5dabb986c2bbbf041d74999eff5ff791aa2409b79242c75531e1cb94128bc349eb08cfa487069757da940dbb60f30,2019-05-25 18:00:00,30,TRAFFIC SIGNAL,FUNCTIONING PROPERLY,CLEAR,DAYLIGHT,TURNING,NOT DIVIDED,STRAIGHT AND LEVEL,DRY,NO DEFECTS,NO INJURY / DRIVE AWAY,"$501 - $1,500",FAILING TO YIELD RIGHT-OF-WAY,FAILING TO YIELD RIGHT-OF-WAY,1800,S,KEDZIE AVE,2,NO INDICATION OF INJURY,0.0,0.0,0.0,0.0,0.0,6.0,0.0,18,7,5
d053848e6fa347d4b7e01616cabf9720fa92aa4711e651d6861a63489c9615a07e528d2da962563398cd3e99d301aa0292b9a330466956bf19a0021bd9280726,2016-12-14 18:00:00,30,TRAFFIC SIGNAL,FUNCTIONING PROPERLY,CLEAR,"DARKNESS, LIGHTED ROAD",REAR END,DIVIDED - W/MEDIAN (NOT RAISED),STRAIGHT AND LEVEL,DRY,NO DEFECTS,NO INJURY / DRIVE AWAY,"OVER $1,500",FOLLOWING TOO CLOSELY,FAILING TO REDUCE SPEED TO AVOID CRASH,2726,W,LOGAN BLVD,2,NO INDICATION OF INJURY,0.0,0.0,0.0,0.0,0.0,2.0,0.0,18,4,12
f0d1ab40975d1e4f742181a641d091fe0c7a3403609666f19b55ad05ee6094c7dc941a55b3d8e527ef657ea4e7467b5d18d7777ce15e7b50124b734276f6a4a4,2021-02-26 13:30:00,30,NO CONTROLS,NO CONTROLS,CLEAR,DAYLIGHT,PARKED MOTOR VEHICLE,NOT DIVIDED,STRAIGHT AND LEVEL,DRY,NO DEFECTS,NO INJURY / DRIVE AWAY,"$501 - $1,500",UNABLE TO DETERMINE,UNABLE TO DETERMINE,6340,N,MOBILE AVE,2,NO INDICATION OF INJURY,0.0,0.0,0.0,0.0,0.0,1.0,0.0,13,6,2
3a937d98d85705836a07725ee31e06d4865852d8878dd74343f24379312dde51f7e5ce5b0a4f141a82a1880dce0b11b4fec96430748c1c5721b2313e384f2155,2019-09-19 17:40:00,25,TRAFFIC SIGNAL,FUNCTIONING PROPERLY,CLEAR,DAYLIGHT,PEDALCYCLIST,NOT DIVIDED,STRAIGHT AND LEVEL,DRY,NO DEFECTS,NO INJURY / DRIVE AWAY,"OVER $1,500",UNABLE TO DETERMINE,UNABLE TO DETERMINE,1030,W,CHICAGO AVE,2,NO INDICATION OF INJURY,0.0,0.0,0.0,0.0,0.0,2.0,0.0,17,5,9
4f00ff6c4583c31aed369691e5077d1ac2c27e4db7bd3844039750974acba684250b5bf2a3b0320101d1760a2b57157d55ac9c912df06adb8d09323a2de468da,2020-07-01 03:32:00,30,NO CONTROLS,NO CONTROLS,CLEAR,"DARKNESS, LIGHTED ROAD",PEDESTRIAN,NOT DIVIDED,STRAIGHT AND LEVEL,DRY,NO DEFECTS,INJURY AND / OR TOW DUE TO CRASH,"OVER $1,500",UNABLE TO DETERMINE,NOT APPLICABLE,4400,W,ADAMS ST,2,INCAPACITATING INJURY,1.0,0.0,1.0,0.0,0.0,1.0,0.0,3,4,7
fbd7a71ca8b149b3bc6afcadf0ac2715eb554f2f0bbba22de3d258310a7f27cc980f93ee015682345aa65c35dbb14074bb452218e29bdcd4cdaabde49a236716,2019-06-15 21:30:00,30,NO CONTROLS,NO CONTROLS,CLEAR,"DARKNESS, LIGHTED ROAD",FIXED OBJECT,PARKING LOT,"CURVE, LEVEL",DRY,NO DEFECTS,NO INJURY / DRIVE AWAY,$500 OR LESS,UNABLE TO DETERMINE,UNABLE TO DETERMINE,3550,W,PETERSON AVE,1,NO INDICATION OF INJURY,0.0,0.0,0.0,0.0,0.0,2.0,0.0,21,7,6
29e0d76524f29e48040d7b23c8f52c0e21ff373e7748987d51a05b9fa56ab1086b49b99ad0eb982ddc5b735ee5d4c3914be71695fcd84cc55d554e99cd0b343f,2023-09-25 08:14:00,15,NO CONTROLS,NO CONTROLS,RAIN,DAYLIGHT,FIXED OBJECT,T-INTERSECTION,STRAIGHT AND LEVEL,WET,NO DEFECTS,NO INJURY / DRIVE AWAY,"$501 - $1,500",UNABLE TO DETERMINE,UNABLE TO DETERMINE,4745,W,GLADYS AVE,1,NO INDICATION OF INJURY,0.0,0.0,0.0,0.0,0.0,1.0,0.0,8,2,9
8a88e580e415f5a32b8236d2b777f568d7a9c011b6e4f68eee653abd08c51c1ce581fa022ef3e1c4c1031af75bc5d8d8bd2e0a1720bac14c4b4040d59c926abe,2017-07-10 20:30:00,30,TRAFFIC SIGNAL,FUNCTIONING PROPERLY,CLEAR,DARKNESS,FIXED OBJECT,NOT DIVIDED,STRAIGHT AND LEVEL,DRY,NO DEFECTS,INJURY AND / OR TOW DUE TO CRASH,"OVER $1,500",UNABLE TO DETERMINE,UNABLE TO DETERMINE,4400,W,CONGRESS PKWY,1,NO INDICATION OF INJURY,0.0,0.0,0.0,0.0,0.0,1.0,0.0,20,2,7
b96c9f2fc1e4aa66aad79c9a34bae4822c37624a4efdf7535672365914a6be817c7df814193960c91bf094bbeb225ad1ec80c64bc7ea299a2bd52fca3f364097,2018-09-07 12:40:00,30,TRAFFIC SIGNAL,FUNCTIONING PROPERLY,RAIN,DAYLIGHT,REAR END,NOT DIVIDED,STRAIGHT AND LEVEL,WET,UNKNOWN,NO INJURY / DRIVE AWAY,$500 OR LESS,FOLLOWING TOO CLOSELY,FOLLOWING TOO CLOSELY,1600,W,DIVISION ST,2,NO INDICATION OF INJURY,0.0,0.0,0.0,0.0,0.0,4.0,0.0,12,6,9
7f93508ee4a97e6de3437950560612a2b08e530eacfdd0a7415bd6c9bedcaf687688eda68bd6507b17e099667fdeb7859885c9cfb23c65567ecba211ceab3ecd,2022-12-05 22:20:00,5,NO CONTROLS,NO CONTROLS,CLEAR,"DARKNESS, LIGHTED ROAD",TURNING,OTHER,STRAIGHT AND LEVEL,DRY,NO DEFECTS,NO INJURY / DRIVE AWAY,"$501 - $1,500",FAILING TO YIELD RIGHT-OF-WAY,NOT APPLICABLE,11163,S,VINCENNES AVE,2,NO INDICATION OF INJURY,0.0,0.0,0.0,0.0,0.0,2.0,0.0,22,2,12
c07dc5a217de8404ba198bed46b87ced326b6c5181b20fccebaf485d01696c578d652b9a9a2bc702844a403bf545948916ae22cdfca80e9755fc53083d0d1893,2024-02-29 15:50:00,35,TRAFFIC SIGNAL,FUNCTIONING PROPERLY,CLEAR,DAYLIGHT,REAR END,DIVIDED - W/MEDIAN (NOT RAISED),STRAIGHT AND LEVEL,DRY,NO DEFECTS,NO INJURY / DRIVE AWAY,"OVER $1,500",FOLLOWING TOO CLOSELY,UNABLE TO DETERMINE,8300,S,KEDZIE AVE,2,NO INDICATION OF INJURY,0.0,0.0,0.0,0.0,0.0,2.0,0.0,15,5,2
f134fad94f5a72c1882345c336840af3526bfc9345be6a91941902961745db5721e45d298e5e244c86f53ebe639e1e183496841380e50d8340174eadc90d50ec,2020-07-28 17:44:00,30,NO CONTROLS,NO CONTROLS,CLEAR,DAYLIGHT,TURNING,NOT DIVIDED,STRAIGHT AND LEVEL,DRY,NO DEFECTS,NO INJURY / DRIVE AWAY,"$501 - $1,500",NOT APPLICABLE,NOT APPLICABLE,5900,S,PULASKI RD,2,NO INDICATION OF INJURY,0.0,0.0,0.0,0.0,0.0,5.0,0.0,17,3,7
1c341895209bf85331f38628d0fcc12eefc716cf5fae066674d45529f14927c0d18f80814302c263ec9ccdb100ec8d2d73f4e38bc3299b2d9bd0181d9ec7a32b,2022-12-17 11:30:00,15,NO CONTROLS,NO CONTROLS,CLEAR,DAYLIGHT,PARKED MOTOR VEHICLE,UNKNOWN,STRAIGHT AND LEVEL,DRY,UNKNOWN,NO INJURY / DRIVE AWAY,"OVER $1,500",UNABLE TO DETERMINE,NOT APPLICABLE,8107,S,HARVARD AVE,2,NO INDICATION OF INJURY,0.0,0.0,0.0,0.0,0.0,1.0,0.0,11,7,12
5f6f927840e449356e5b7d9c8d1e8b564e4b34a7c00c8a0ac953c5eaab2f71771d3f8ced7315df7d4891a06cec6b18f89af47474db61acfac3355ef74478c7e8,2016-12-25 18:00:00,25,NO CONTROLS,NO CONTROLS,CLEAR,"DARKNESS, LIGHTED ROAD",PARKED MOTOR VEHICLE,DIVIDED - W/MEDIAN (NOT RAISED),STRAIGHT AND LEVEL,DRY,NO DEFECTS,NO INJURY / DRIVE AWAY,"$501 - $1,500",UNABLE TO DETERMINE,UNABLE TO DETERMINE,4555,W,64TH PL,2,NO INDICATION OF INJURY,0.0,0.0,0.0,0.0,0.0,1.0,0.0,18,1,12
245c8271a2c36115bb93bf2aa741ce35eed13d9bc155d86dbc2f594756d5a358d586c26b347ca14ece19ec9d1ce77e1aeea6abf2805d25d098aae35abd106bc8,2023-10-08 15:10:00,35,TRAFFIC SIGNAL,UNKNOWN,CLEAR,DAYLIGHT,TURNING,DIVIDED - W/MEDIAN (NOT RAISED),STRAIGHT AND LEVEL,DRY,NO DEFECTS,NO INJURY / DRIVE AWAY,"OVER $1,500",FAILING TO YIELD RIGHT-OF-WAY,FAILING TO YIELD RIGHT-OF-WAY,5900,S,PULASKI RD,3,NO INDICATION OF INJURY,0.0,0.0,0.0,0.0,0.0,3.0,0.0,15,1,10
bec56c9cf19b2c5fadd34e84563af48d8ff8a0f0827e8b3ba08069dfe739d389b6bcdb9dd5639703f076b5a9d291ac5bfca0d8e90a3fdc9003ef0d8c10b3cdd5,2023-10-18 12:39:00,30,UNKNOWN,UNKNOWN,UNKNOWN,UNKNOWN,REAR END,UNKNOWN,STRAIGHT AND LEVEL,UNKNOWN,UNKNOWN,NO INJURY / DRIVE AWAY,"OVER $1,500",UNABLE TO DETERMINE,NOT APPLICABLE,6071,N,KIMBALL AVE,2,NO INDICATION OF INJURY,0.0,0.0,0.0,0.0,0.0,3.0,0.0,12,4,10
f76cb1a71fabc9a03ef1dbe4734a9ee861aab7e66a6bcff071efec573467f876f385218018ba108b0ea1fd47dd897dcc9a6ac7008bba8361d9937ca1baf9a621,2021-05-01 21:17:00,30,NO CONTROLS,NO CONTROLS,CLEAR,DAWN,PARKED MOTOR VEHICLE,NOT DIVIDED,STRAIGHT AND LEVEL,DRY,NO DEFECTS,INJURY AND / OR TOW DUE TO CRASH,"OVER $1,500",UNABLE TO DETERMINE,NOT APPLICABLE,4518,N,KEDZIE AVE,4,NO INDICATION OF INJURY,0.0,0.0,0.0,0.0,0.0,1.0,0.0,21,7,5
463b7d66233edb2c6fa39ef82141761e370c5c23480b06afacf862319e23b54efa144b3ce016420e32b5e2c9d7bf889dcce308927428e3824a83d960e7a2eb27,2023-12-02 20:46:00,30,NO CONTROLS,NO CONTROLS,UNKNOWN,UNKNOWN,TURNING,NOT DIVIDED,STRAIGHT AND LEVEL,UNKNOWN,UNKNOWN,NO INJURY / DRIVE AWAY,"OVER $1,500",UNABLE TO DETERMINE,NOT APPLICABLE,8020,S,VINCENNES AVE,2,NO INDICATION OF INJURY,0.0,0.0,0.0,0.0,0.0,2.0,0.0,20,7,12
b371de0c1a413338f62c2dbf4bdccc59505c6460d55c4b382554320dc696204565f7ce10f2aac796f67df16010a736461cf652764c833fffa022e82dc105c964,2019-12-26 23:18:00,30,TRAFFIC SIGNAL,FUNCTIONING PROPERLY,CLEAR,"DARKNESS, LIGHTED ROAD",FIXED OBJECT,UNKNOWN INTERSECTION TYPE,STRAIGHT AND LEVEL,DRY,NO DEFECTS,NO INJURY / DRIVE AWAY,"$501 - $1,500",NOT APPLICABLE,UNABLE TO DETERMINE,3400,W,CONGRESS PKWY,1,NO INDICATION OF INJURY,0.0,0.0,0.0,0.0,0.0,1.0,0.0,23,5,12
84504b88c74a57cf0fafb9fd57d8b5381da0bd8ea944074964b2bc5e3c2eeafc8a0f9bb5c09af6c4095afd63f192e4f50945d4ddb65146662c38b81bdb18f25a,2018-07-23 16:12:00,35,TRAFFIC SIGNAL,FUNCTIONING PROPERLY,CLEAR,DAYLIGHT,REAR END,DIVIDED - W/MEDIAN (NOT RAISED),STRAIGHT AND LEVEL,DRY,NO DEFECTS,NO INJURY / DRIVE AWAY,"OVER $1,500",DISREGARDING TRAFFIC SIGNALS,DISTRACTION - FROM INSIDE VEHICLE,30,W,69TH ST,2,NO INDICATION OF INJURY,0.0,0.0,0.0,0.0,0.0,2.0,0.0,16,2,7