CRASH_RECORD_ID,CRASH_DATE,POSTED_SPEED_LIMIT,TRAFFIC_CONTROL_DEVICE,DEVICE_CONDITION,WEATHER_CONDITION,LIGHTING_CONDITION,FIRST_CRASH_TYPE,TRAFFICWAY_TYPE,ALIGNMENT,ROADWAY_SURFACE_COND,ROAD_DEFECT,CRASH_TYPE,DAMAGE,PRIM_CONTRIBUTORY_CAUSE,SEC_CONTRIBUTORY_CAUSE,STREET_NO,STREET_DIRECTION,STREET_NAME,NUM_UNITS,MOST_SEVERE_INJURY,INJURIES_TOTAL,INJURIES_FATAL,INJURIES_INCAPACITATING,INJURIES_NON_INCAPACITATING,INJURIES_REPORTED_NOT_EVIDENT,INJURIES_NO_INDICATION,INJURIES_UNKNOWN,CRASH_HOUR,CRASH_DAY_OF_WEEK,CRASH_MONTH
8d45ede37253bc0692933c0a8d0ec99709f9e95aa2afb1a7b5692f9ef3a27b987701b2f8dd0e311600ab89ebc291215c9931e21e35992fedfb81221b508622ee,2021-10-17 12:50:00,30,STOP SIGN/FLASHER,NO CONTROLS,CLEAR,DAYLIGHT,SIDESWIPE OPPOSITE DIRECTION,NOT DIVIDED,STRAIGHT AND LEVEL,DRY,NO DEFECTS,INJURY AND / OR TOW DUE TO CRASH,"OVER $1,500",UNABLE TO DETERMINE,UNABLE TO DETERMINE,2904,S,THROOP ST,2,"REPORTED, NOT EVIDENT",1.0,0.0,0.0,0.0,1.0,2.0,0.0,12,1,10
9ae0bf1a0819089920c31d6f081d42cdcada2d0f5757999fdf4120dcb6bfb19f04a586d449c211c2132b6ead9b7d5e6a787b53be5facb9490412ddd481f12613,2017-05-06 07:25:00,30,NO CONTROLS,NO CONTROLS,CLEAR,DAWN,SIDESWIPE SAME DIRECTION,DIVIDED - W/MEDIAN (NOT RAISED),STRAIGHT AND LEVEL,DRY,"RUT, HOLES",NO INJURY / DRIVE AWAY,"$501 - $1,500",IMPROPER OVERTAKING/PASSING,UNABLE TO DETERMINE,2641,N,PULASKI RD,2,NO INDICATION OF INJURY,0.0,0.0,0.0,0.0,0.0,2.0,0.0,7,7,5
e1eb68d79016c8e7853f638cd480f342eb3b0679dbf6dd42b87810308f129d3e5828b190b39022766f1bc765a9dca27b6decfcfcbc035a8535c7e90a7cae3e22,2019-03-20 15:50:00,30,UNKNOWN,UNKNOWN,CLEAR,DAYLIGHT,TURNING,NOT DIVIDED,STRAIGHT AND LEVEL,UNKNOWN,UNKNOWN,INJURY AND / OR TOW DUE TO CRASH,"OVER $1,500",UNABLE TO DETERMINE,NOT APPLICABLE,315,N,KOSTNER AVE,2,NONINCAPACITATING INJURY,1.0,0.0,0.0,1.0,0.0,2.0,0.0,15,4,3
41e509630b47a97ceee815e7117968abdc13067ed687735f5370d82bdc2be83f8ab654dcdc17877f14ebaa88aa4cfdaf6810fa4c0a0fa0a73cba55e5e947d356,2017-10-17 17:00:00,30,NO CONTROLS,NO CONTROLS,CLEAR,DAYLIGHT,ANGLE,PARKING LOT,STRAIGHT AND LEVEL,UNKNOWN,UNKNOWN,NO INJURY / DRIVE AWAY,"OVER $1,500",UNABLE TO DETERMINE,UNABLE TO DETERMINE,3435,S,DR MARTIN LUTHER KING JR DR,2,NO INDICATION OF INJURY,0.0,0.0,0.0,0.0,0.0,2.0,0.0,17,3,10
5624182d8f8e632002a4f12e8be9b4e48e6858dff81ec75adbc20bd736056717440be8524d1b82aaa63b08e088bcb3b7a37720455a5bd1e65f542811a4a23296,2017-06-09 14:50:00,30,TRAFFIC SIGNAL,FUNCTIONING PROPERLY,CLEAR,DAYLIGHT,ANGLE,NOT DIVIDED,STRAIGHT AND LEVEL,DRY,NO DEFECTS,NO INJURY / DRIVE AWAY,"OVER $1,500",UNABLE TO DETERMINE,UNABLE TO DETERMINE,1714,N,SHEFFIELD AVE,2,NO INDICATION OF INJURY,0.0,0.0,0.0,0.0,0.0,2.0,0.0,14,6,6
27a952c0e50c785094f4d28f4ce2b96728085f8af6b809b66dad47be87d1c4284bd775c5055c2976772325b17450d348373cd76cbf509b46895a2d397f34df65,2017-05-29 22:00:00,30,NO CONTROLS,UNKNOWN,CLEAR,"DARKNESS, LIGHTED ROAD",SIDESWIPE OPPOSITE DIRECTION,DIVIDED - W/MEDIAN (NOT RAISED),STRAIGHT AND LEVEL,DRY,UNKNOWN,INJURY AND / OR TOW DUE TO CRASH,"OVER $1,500",IMPROPER LANE USAGE,UNABLE TO DETERMINE,402,N,CICERO AVE,2,"REPORTED, NOT EVIDENT",1.0,0.0,0.0,0.0,1.0,5.0,0.0,22,2,5
735db6005dbaa8977b631743cda11d757a3d65a6e9f98379885fdde2c279429a9697cfd4bb799293f6cdb8c4f90bc643e3d9d3e3c66d71ebb60e1dbbb7bfa164,2018-09-08 18:02:00,30,NO CONTROLS,NO CONTROLS,CLEAR,DAYLIGHT,SIDESWIPE SAME DIRECTION,CENTER TURN LANE,STRAIGHT AND LEVEL,DRY,NO DEFECTS,NO INJURY / DRIVE AWAY,"OVER $1,500",UNABLE TO DETERMINE,UNABLE TO DETERMINE,6700,S,PULASKI RD,2,NO INDICATION OF INJURY,0.0,0.0,0.0,0.0,0.0,3.0,0.0,18,7,9
44726ec7e2f81a8c737fb044ff30cfa75ce5a92faf167943fdc2aab80bd8f63a77742c1fbe5ee7fea22961b9c2c7322e9b0ba4521bbed984700855e9a20569bb,2020-12-15 07:30:00,30,TRAFFIC SIGNAL,NO CONTROLS,CLEAR,DAYLIGHT,TURNING,OTHER,STRAIGHT AND LEVEL,DRY,NO DEFECTS,NO INJURY / DRIVE AWAY,"$501 - $1,500",DRIVING SKILLS/KNOWLEDGE/EXPERIENCE,UNABLE TO DETERMINE,300,W,MADISON ST,2,NO INDICATION OF INJURY,0.0,0.0,0.0,0.0,0.0,2.0,0.0,7,3,12
6d42a4e5f4f1d8178fe23a1e8eff5d3ffbb283a81da4b588a74d49b89409e226d96e6dd252feb144e5acae4f7a446b375f6791603c41514f3405761912307cd9,2017-07-13 23:23:00,30,NO CONTROLS,NO CONTROLS,CLEAR,"DARKNESS, LIGHTED ROAD",PARKED MOTOR VEHICLE,DIVIDED - W/MEDIAN (NOT RAISED),STRAIGHT AND LEVEL,DRY,NO DEFECTS,NO INJURY / DRIVE AWAY,"OVER $1,500",UNABLE TO DETERMINE,UNABLE TO DETERMINE,5336,W,NORTH AVE,2,NO INDICATION OF INJURY,0.0,0.0,0.0,0.0,0.0,1.0,0.0,23,5,7
2460c2d0e72ffbea75209a3758a13c9a4f975566e1c879d5737d9bc0a90c736f299d7debc5e75d054f2f2ce79fdcb84568c1db1202074c90096ba4b35313326f,2019-12-19 15:45:00,30,NO CONTROLS,NO CONTROLS,CLEAR,DAYLIGHT,REAR END,DIVIDED - W/MEDIAN (NOT RAISED),STRAIGHT AND LEVEL,DRY,NO DEFECTS,NO INJURY / DRIVE AWAY,$500 OR LESS,FOLLOWING TOO CLOSELY,DRIVING SKILLS/KNOWLEDGE/EXPERIENCE,2450,W,103RD ST,2,NO INDICATION OF INJURY,0.0,0.0,0.0,0.0,0.0,2.0,0.0,15,5,12
5207f8143d7fb0c04987efa99fb61f2dfe53f38d144a45c0d60616bee52f5347f51516606583938abaa712cd0f956240ea19fc9f6cdc3f147f69f32d409d0307,2019-06-14 02:59:00,30,NO CONTROLS,NO CONTROLS,CLEAR,"DARKNESS, LIGHTED ROAD",FIXED OBJECT,DIVIDED - W/MEDIAN BARRIER,STRAIGHT AND LEVEL,DRY,NO DEFECTS,INJURY AND / OR TOW DUE TO CRASH,"OVER $1,500",DISTRACTION - FROM OUTSIDE VEHICLE,UNABLE TO DETERMINE,7921,S,STONY ISLAND AVE,1,"REPORTED, NOT EVIDENT",1.0,0.0,0.0,0.0,1.0,1.0,0.0,2,6,6
0251e058eeebbfbb43c28d2b92a7e45b8c22e58b5905a76c05f206418f5593062234d464dd387b2995a5d735590e0bcb36af299622a11a29f15afad0a9ce7e22,2018-09-27 07:30:00,30,TRAFFIC SIGNAL,FUNCTIONING PROPERLY,CLEAR,DAYLIGHT,TURNING,NOT DIVIDED,STRAIGHT AND LEVEL,DRY,NO DEFECTS,NO INJURY / DRIVE AWAY,"OVER $1,500",NOT APPLICABLE,NOT APPLICABLE,7600,S,KEDZIE AVE,2,NO INDICATION OF INJURY,0.0,0.0,0.0,0.0,0.0,2.0,0.0,7,5,9
f468e98345b268ad631ff5b75d6d605b13aeb4c916c8b51a00e8b62f97d3f625ce0a6c490a2646645054264e1b9e39f5d1d7cbd77a86c37933cc5436764f3568,2021-11-18 18:50:00,10,NO CONTROLS,NO CONTROLS,CLEAR,"DARKNESS, LIGHTED ROAD",REAR END,OTHER,STRAIGHT AND LEVEL,DRY,NO DEFECTS,NO INJURY / DRIVE AWAY,"OVER $1,500",IMPROPER OVERTAKING/PASSING,NOT APPLICABLE,5526,S,EVERETT AVE,2,NO INDICATION OF INJURY,0.0,0.0,0.0,0.0,0.0,2.0,0.0,18,5,11
39383edec9b38a556d04b5615e415cd7dbd9810836713c26fbf90d21f35248bfff6410983163ea8b76e7f3bd7a05710e15ddd1376d46766d9c6232ee405f8ad7,2018-04-14 09:25:00,30,TRAFFIC SIGNAL,NOT FUNCTIONING,RAIN,DAYLIGHT,ANGLE,NOT DIVIDED,STRAIGHT AND LEVEL,WET,NO DEFECTS,INJURY AND / OR TOW DUE TO CRASH,"OVER $1,500",FAILING TO YIELD RIGHT-OF-WAY,UNABLE TO DETERMINE,6799,W,IRVING PARK RD,2,NO INDICATION OF INJURY,0.0,0.0,0.0,0.0,0.0,2.0,0.0,9,7,4
4081ab1d7df9f2de043aa801e03319cf0a8d1763a835c57a1681412db26b92c10a9d3234a0dec46c1e33a26fc8137a442d3320b55cbe8aa7ad8bdc53564d3547,2022-12-30 14:02:00,30,NO CONTROLS,NO CONTROLS,CLEAR,DAYLIGHT,TURNING,NOT DIVIDED,STRAIGHT AND LEVEL,DRY,NO DEFECTS,NO INJURY / DRIVE AWAY,"OVER $1,500",FAILING TO YIELD RIGHT-OF-WAY,UNABLE TO DETERMINE,3146,W,TOUHY AVE,2,NO INDICATION OF INJURY,0.0,0.0,0.0,0.0,0.0,3.0,0.0,14,6,12
82df01627bb2cc9b773753f0d9e9f37a2ff2f13963c6a7e1ef3a5d2dcbdbd65fb13c82b31734e819e2be52d1467b139ed7eef4285e9ebd53b85e6ead7f36a254,2021-09-19 18:22:00,30,NO CONTROLS,NO CONTROLS,CLEAR,DAYLIGHT,PARKED MOTOR VEHICLE,NOT DIVIDED,STRAIGHT AND LEVEL,DRY,UNKNOWN,INJURY AND / OR TOW DUE TO CRASH,"OVER $1,500",DRIVING ON WRONG SIDE/WRONG WAY,NOT APPLICABLE,1825,W,68TH ST,2,NO INDICATION OF INJURY,0.0,0.0,0.0,0.0,0.0,1.0,0.0,18,1,9
fa9ce47d0e038daecee388b8e68f850d9a4121e17c4a2fafceec5e70f5458dcb58c5f7ee279ed907c4467076099467e81bc0969cff3eea5e356894448c743142,2021-10-01 17:30:00,20,TRAFFIC SIGNAL,FUNCTIONING PROPERLY,CLEAR,DAYLIGHT,SIDESWIPE SAME DIRECTION,DIVIDED - W/MEDIAN (NOT RAISED),STRAIGHT AND LEVEL,DRY,NO DEFECTS,NO INJURY / DRIVE AWAY,"OVER $1,500",DRIVING SKILLS/KNOWLEDGE/EXPERIENCE,UNABLE TO DETERMINE,6368,W,BRYN MAWR AVE,2,NO INDICATION OF INJURY,0.0,0.0,0.0,0.0,0.0,2.0,0.0,17,6,10
022cecf58ccada29f3191c62278e111514697bbaa47602d62a6b30122ae17182ce4c1c14a48cd2d0d5b3cb2c0d7158d57b256286a53c373c450abb8841bac2c6,2022-11-17 15:50:00,25,UNKNOWN,UNKNOWN,UNKNOWN,UNKNOWN,SIDESWIPE SAME DIRECTION,NOT DIVIDED,STRAIGHT AND LEVEL,UNKNOWN,UNKNOWN,NO INJURY / DRIVE AWAY,"OVER $1,500",UNABLE TO DETERMINE,UNABLE TO DETERMINE,710,W,SCHILLER ST,2,NO INDICATION OF INJURY,0.0,0.0,0.0,0.0,0.0,2.0,0.0,15,5,11
f81ab63f016f04fec44ba41560b63f7e8fc6055c936c80c746d944345af9e51a973a9f81fb9315a1a6f531816e601496bc9afeaa64be09b370d2fb8b5f3a5c6e,2022-01-07 18:30:00,35,NO CONTROLS,NO CONTROLS,CLEAR,DAYLIGHT,PARKED MOTOR VEHICLE,PARKING LOT,STRAIGHT AND LEVEL,WET,NO DEFECTS,NO INJURY / DRIVE AWAY,"OVER $1,500",DRIVING SKILLS/KNOWLEDGE/EXPERIENCE,DRIVING SKILLS/KNOWLEDGE/EXPERIENCE,1505,E,87TH ST,2,NO INDICATION OF INJURY,0.0,0.0,0.0,0.0,0.0,1.0,0.0,18,6,1
407602d1df8abfb553ce36392a63a804f00213a05bcec763c722b6f92bf7d6630cbcd2643f1520c928249bd4e04876f1e01d91f1042ea34226dde1990bfb6d0a,2016-12-06 10:40:00,30,NO CONTROLS,NO CONTROLS,CLEAR,DAYLIGHT,PARKED MOTOR VEHICLE,NOT DIVIDED,STRAIGHT AND LEVEL,DRY,NO DEFECTS,NO INJURY / DRIVE AWAY,"OVER $1,500",IMPROPER BACKING,NOT APPLICABLE,7058,S,SPRINGFIELD AVE,2,NO INDICATION OF INJURY,0.0,0.0,0.0,0.0,0.0,1.0,0.0,10,3,12
b4e05115f0594d5d672a3b3f7d0ba3d1229635c02a6dbd88bfb7ce2130aa57ac540a70b4c682715b11beee750bc6c72416fcd43010963a2db5f0f91aa4cdda9d,2018-11-29 08:10:00,30,TRAFFIC SIGNAL,FUNCTIONING PROPERLY,CLOUDY/OVERCAST,DAYLIGHT,SIDESWIPE SAME DIRECTION,DIVIDED - W/MEDIAN BARRIER,STRAIGHT AND LEVEL,WET,NO DEFECTS,INJURY AND / OR TOW DUE TO CRASH,"OVER $1,500",EQUIPMENT - VEHICLE CONDITION,NOT APPLICABLE,401,S,MICHIGAN AVE,2,NO INDICATION OF INJURY,0.0,0.0,0.0,0.0,0.0,2.0,0.0,8,5,11
bd927ec94cf5dda8b8af81d816f6c50988505e21a4bebc7a4ba5edb6817997781f9dcd9e85f0dac304d9591c21267517fb3a9c414643fd5f9cee1aca7f84061c,2023-03-09 21:00:00,30,NO CONTROLS,NO CONTROLS,RAIN,"DARKNESS, LIGHTED ROAD",TURNING,DIVIDED - W/MEDIAN (NOT RAISED),STRAIGHT AND LEVEL,WET,NO DEFECTS,NO INJURY / DRIVE AWAY,"OVER $1,500",IMPROPER OVERTAKING/PASSING,IMPROPER TURNING/NO SIGNAL,3855,W,DIVISION ST,2,NO INDICATION OF INJURY,0.0,0.0,0.0,0.0,0.0,2.0,0.0,21,5,3
663929504ae50c7c412e5c0abd0eba5e815873181d5473a4ede27d61ed2d5427bf739a234be2edf6e90509afbc31f33b7810fd32de796c10adc2fee80e7623fc,2018-07-14 03:52:00,30,NO CONTROLS,NO CONTROLS,CLEAR,"DARKNESS, LIGHTED ROAD",PARKED MOTOR VEHICLE,NOT DIVIDED,STRAIGHT AND LEVEL,DRY,NO DEFECTS,INJURY AND / OR TOW DUE TO CRASH,"OVER $1,500",UNABLE TO DETERMINE,NOT APPLICABLE,821,N,CENTRAL AVE,2,NO INDICATION OF INJURY,0.0,0.0,0.0,0.0,0.0,1.0,0.0,3,7,7
2f15d18d7506aa5392733e875b1885ee93267790b07c34e60f7cbbeca342cdcb18cd76fdb03db0ad0f0e72c194073d296a5e24a615ce9b52db0c0594c8140364,2020-09-21 18:00:00,25,NO CONTROLS,NO CONTROLS,CLEAR,UNKNOWN,PARKED MOTOR VEHICLE,NOT DIVIDED,STRAIGHT AND LEVEL,DRY,NO DEFECTS,NO INJURY / DRIVE AWAY,"$501 - $1,500",UNABLE TO DETERMINE,NOT APPLICABLE,7044,N,BELL AVE,2,NO INDICATION OF INJURY,0.0,0.0,0.0,0.0,0.0,1.0,0.0,18,2,9
3511faac7f3c3810db481c8d66ceba667232929f3970b0bf0a63d437feaad9b08e0045b6052533a82f38eea758fd2582fc126bccb4be041e72476914111042a5,2023-09-15 18:30:00,30,NO CONTROLS,NO CONTROLS,CLEAR,DUSK,TURNING,ONE-WAY,STRAIGHT AND LEVEL,DRY,UNKNOWN,NO INJURY / DRIVE AWAY,"$501 - $1,500",IMPROPER TURNING/NO SIGNAL,UNABLE TO DETERMINE,5455,W,PARKER AVE,2,NO INDICATION OF INJURY,0.0,0.0,0.0,0.0,0.0,2.0,0.0,18,6,9
62aebf214b8e876f64c04c1557fb20c957fa30d44cbb7bfd295ff0fffa516fbfdf735e60155d5e17c0079f85439c5b0872635fac193d9b8c30e5e6d5db7295f7,2019-10-29 11:29:00,30,PEDESTRIAN CROSSING SIGN,FUNCTIONING PROPERLY,CLEAR,DAYLIGHT,PARKED MOTOR VEHICLE,DIVIDED - W/MEDIAN (NOT RAISED),STRAIGHT AND LEVEL,WET,NO DEFECTS,NO INJURY / DRIVE AWAY,"OVER $1,500",DRIVING SKILLS/KNOWLEDGE/EXPERIENCE,RELATED TO BUS STOP,3331,W,LAWRENCE AVE,2,NO INDICATION OF INJURY,0.0,0.0,0.0,0.0,0.0,2.0,0.0,11,3,10
e95d921a529eabf1db95aa7f4436b865b7d1551673e15cab1e326b57872040133c172ba83f4e60edb977b07044b6ed98340ff5798d105fb4909ad567f60c2a0b,2020-11-07 05:00:00,30,TRAFFIC SIGNAL,FUNCTIONING PROPERLY,CLEAR,"DARKNESS, LIGHTED ROAD",TURNING,FOUR WAY,STRAIGHT AND LEVEL,DRY,NO DEFECTS,INJURY AND / OR TOW DUE TO CRASH,"OVER $1,500",FAILING TO YIELD RIGHT-OF-WAY,UNABLE TO DETERMINE,5600,W,DIVERSEY AVE,2,"REPORTED, NOT EVIDENT",2.0,0.0,0.0,0.0,2.0,0.0,0.0,5,7,11
04f0b14f43acc43f5ea0d2cd5c2b15216a7ebbaef7d2ab90eb600276141c624ad71328980713a869cb7d8c81854b53d0f7a4df54d1800a177193115e45256cb1,2024-02-09 14:26:00,30,NO CONTROLS,NO CONTROLS,CLEAR,DAYLIGHT,REAR END,DIVIDED - W/MEDIAN BARRIER,"CURVE, LEVEL",DRY,NO DEFECTS,NO INJURY / DRIVE AWAY,"$501 - $1,500",UNABLE TO DETERMINE,NOT APPLICABLE,4515,N,CICERO AVE,2,NO INDICATION OF INJURY,0.0,0.0,0.0,0.0,0.0,2.0,0.0,14,6,2
0af2b9748ca6c232419e629caadf9bd43f1cb44601e5794d59794370b3da3c19351808bfa2522fff0580805187e53c29b4d2c85311b3b387b2f3424c2e49a13a,2021-08-30 10:12:00,30,TRAFFIC SIGNAL,UNKNOWN,CLEAR,DAYLIGHT,SIDESWIPE SAME DIRECTION,DIVIDED - W/MEDIAN (NOT RAISED),STRAIGHT ON GRADE,UNKNOWN,UNKNOWN,NO INJURY / DRIVE AWAY,"OVER $1,500",FAILING TO YIELD RIGHT-OF-WAY,NOT APPLICABLE,9,W,127TH ST,3,NO INDICATION OF INJURY,0.0,0.0,0.0,0.0,0.0,3.0,0.0,10,2,8
429f18dab9d8e5590de5a140cab4cb1af2790eb503dc460a0e8f8b21c52bf06dbe4a98681887e6fa41a6f64f3d3a749bf29907e1955edca72bb85dde6b16ca0a,2021-10-07 07:35:00,30,TRAFFIC SIGNAL,FUNCTIONING PROPERLY,RAIN,DAYLIGHT,TURNING,DIVIDED - W/MEDIAN BARRIER,STRAIGHT AND LEVEL,WET,NO DEFECTS,INJURY AND / OR TOW DUE TO CRASH,"OVER $1,500",FAILING TO YIELD RIGHT-OF-WAY,FAILING TO YIELD RIGHT-OF-WAY,400,S,WACKER DR,2,"REPORTED, NOT EVIDENT",2.0,0.0,0.0,0.0,2.0,0.0,0.0,7,5,10
62a36e61d90846fec6a98745d7bdc95fcfab77d621bd610b8d4822d37d1a73c7c55841f1cf9874f839b787235208d786d89e475404c290ae8b7fee6d0ff098fd,2016-08-19 16:30:00,30,TRAFFIC SIGNAL,FUNCTIONING PROPERLY,CLEAR,DAYLIGHT,REAR END,NOT DIVIDED,STRAIGHT AND LEVEL,DRY,NO DEFECTS,NO INJURY / DRIVE AWAY,"OVER $1,500",FOLLOWING TOO CLOSELY,NOT APPLICABLE,6244,S,WESTERN AVE,2,NO INDICATION OF INJURY,0.0,0.0,0.0,0.0,0.0,4.0,0.0,16,6,8
920f123830085d8c47bfac1ad687681e506d62982de3251e54bb07c9932abce2fd3c0c649cf9dfac8378bf76f74d64248893088e7c9990fa8fa1a10d27395532,2017-08-09 14:00:00,30,UNKNOWN,UNKNOWN,UNKNOWN,UNKNOWN,ANGLE,NOT DIVIDED,STRAIGHT AND LEVEL,UNKNOWN,UNKNOWN,NO INJURY / DRIVE AWAY,"OVER $1,500",UNABLE TO DETERMINE,UNABLE TO DETERMINE,3200,W,WASHINGTON BLVD,2,NO INDICATION OF INJURY,0.0,0.0,0.0,0.0,0.0,2.0,0.0,14,4,8
8a36abc8a0c71b55a4e61a8d73953677569c542138cf99bc440e85bfa597a3cdb05a55320b7fc045aeedda1ea3ca1a2bd0e2e72e4054db4346c8fd572870a058,2018-10-15 16:00:00,30,NO CONTROLS,NO CONTROLS,CLEAR,DAYLIGHT,REAR END,NOT DIVIDED,STRAIGHT AND LEVEL,DRY,NO DEFECTS,NO INJURY / DRIVE AWAY,"OVER $1,500",FAILING TO YIELD RIGHT-OF-WAY,UNABLE TO DETERMINE,2400,N,HALSTED ST,2,NO INDICATION OF INJURY,0.0,0.0,0.0,0.0,0.0,2.0,0.0,16,2,10
ca4adb51cf777db9a47a9750a25422ddf033ae5dbb80970387e876da3038399db5135a4b38fbece264642004bbf582bb5b5600c6d6e18e8847698d23a1431667,2022-06-08 15:50:00,55,NO CONTROLS,OTHER,RAIN,DAYLIGHT,SIDESWIPE SAME DIRECTION,ONE-WAY,STRAIGHT AND LEVEL,WET,NO DEFECTS,INJURY AND / OR TOW DUE TO CRASH,"OVER $1,500","OPERATING VEHICLE IN ERRATIC, RECKLESS, CARELESS, NEGLIGENT OR AGGRESSIVE MANNER",UNABLE TO DETERMINE,4100,S,LAKE SHORE DR SB,3,NO INDICATION OF INJURY,0.0,0.0,0.0,0.0,0.0,5.0,0.0,15,4,6
8aacf28974012e8b8b0a8aba1930480aaedd96fef7f6eae2692619db30e1e5be71ae96b818b6d8d05dcd5c97c8a97efb61f7230e724d082aa1d9918063ba0a0b,2023-08-28 08:08:00,30,NO CONTROLS,NO CONTROLS,CLEAR,DAYLIGHT,PEDESTRIAN,NOT DIVIDED,STRAIGHT AND LEVEL,DRY,NO DEFECTS,INJURY AND / OR TOW DUE TO CRASH,$500 OR LESS,IMPROPER TURNING/NO SIGNAL,NOT APPLICABLE,3701,N,CICERO AVE,2,"REPORTED, NOT EVIDENT",1.0,0.0,0.0,0.0,1.0,1.0,0.0,8,2,8
f1a34436fa976e36bc646433e8fe540e8d757a35ac800ac55bddc8e343bab9931912d6aa29b4e83465b7bb79dfd196598fe58bf9badca6b84ebdd5cc0a8bea95,2017-06-07 13:15:00,30,TRAFFIC SIGNAL,FUNCTIONING PROPERLY,CLEAR,DAYLIGHT,REAR END,NOT DIVIDED,STRAIGHT AND LEVEL,DRY,NO DEFECTS,NO INJURY / DRIVE AWAY,"$501 - $1,500",FOLLOWING TOO CLOSELY,FAILING TO REDUCE SPEED TO AVOID CRASH,2757,N,NARRAGANSETT AVE,2,NO INDICATION OF INJURY,0.0,0.0,0.0,0.0,0.0,3.0,0.0,13,4,6
69531ae2c78950d5dc0a173b9f5b92144772f1e5c8aa4b5bd00ce1b9dd38c2f5a00f84e9dbb57373275d655a030901e1fb8fcaaf637939cc4f4ece9fe1a5e962,2023-03-09 13:26:00,30,TRAFFIC SIGNAL,FUNCTIONING PROPERLY,CLEAR,DAYLIGHT,PARKED MOTOR VEHICLE,FOUR WAY,STRAIGHT AND LEVEL,DRY,NO DEFECTS,NO INJURY / DRIVE AWAY,"OVER $1,500",DRIVING SKILLS/KNOWLEDGE/EXPERIENCE,UNABLE TO DETERMINE,4747,W,ARMITAGE AVE,3,NO INDICATION OF INJURY,0.0,0.0,0.0,0.0,0.0,1.0,0.0,13,5,3
ee59aedd0e2ca47552ede3e7d794b9cd1393c5cb7f2d45d76df570b036ee41b7f9ece45f51c2600732febcb409fc83d13362f3e4d207ee80d04c2838c9e0db41,2023-08-19 13:00:00,35,NO CONTROLS,NO CONTROLS,CLEAR,DAYLIGHT,PARKED MOTOR VEHICLE,NOT DIVIDED,STRAIGHT AND LEVEL,DRY,NO DEFECTS,NO INJURY / DRIVE AWAY,"OVER $1,500",NOT APPLICABLE,NOT APPLICABLE,3007,N,ALBANY AVE,2,NO INDICATION OF INJURY,0.0,0.0,0.0,0.0,0.0,1.0,0.0,13,7,8
a8f8f886669d38e58e664c23ee2674a2a8f7e16bae5c5b6e4b4f0c7f93d83f54ed2ec896365b7619845ae4fb539741684f95bb15b417b4e4c98daf3b282e52a3,2019-04-02 18:00:00,30,TRAFFIC SIGNAL,FUNCTIONING PROPERLY,CLEAR,DAYLIGHT,TURNING,NOT DIVIDED,STRAIGHT AND LEVEL,DRY,NO DEFECTS,NO INJURY / DRIVE AWAY,"OVER $1,500",IMPROPER TURNING/NO SIGNAL,IMPROPER OVERTAKING/PASSING,1,W,ROOSEVELT RD,2,NO INDICATION OF INJURY,0.0,0.0,0.0,0.0,0.0,2.0,0.0,18,3,4
5508887f8db62b99ad90ddce0e98ce628cb5fe1a71524a75e1e8c5fd6321c48b4ba79acc75eebb17f952ce01f4cd5cad6663e611c8c32c49af1005ab9526a6a2,2021-03-19 08:46:00,30,STOP SIGN/FLASHER,FUNCTIONING PROPERLY,CLEAR,DAYLIGHT,ANGLE,T-INTERSECTION,STRAIGHT AND LEVEL,DRY,NO DEFECTS,INJURY AND / OR TOW DUE TO CRASH,"OVER $1,500",FAILING TO YIELD RIGHT-OF-WAY,NOT APPLICABLE,800,W,88TH ST,2,NO INDICATION OF INJURY,0.0,0.0,0.0,0.0,0.0,5.0,0.0,8,6,3
ba2cde0fb7612cf98f428389d1fafc9909686c07b71028ccf586c17b50acbc0acc0d220461b524b3237a9d5d93717a882e0d3524dbb982ead71d8ca04a556d8c,2023-08-19 10:00:00,30,NO CONTROLS,NO CONTROLS,CLEAR,DAYLIGHT,PARKED MOTOR VEHICLE,ONE-WAY,STRAIGHT AND LEVEL,DRY,NO DEFECTS,NO INJURY / DRIVE AWAY,"OVER $1,500",UNABLE TO DETERMINE,UNABLE TO DETERMINE,3027,W,61ST ST,2,NO INDICATION OF INJURY,0.0,0.0,0.0,0.0,0.0,1.0,0.0,10,7,8
7ed1975f6d04230c34cd856811ef46c7c5b399c5fb071a25612924b757df1881aaf1f676c0c3edd9b858ac602ecacda58b9e02b16208f2200e6f2711d16c8f00,2017-01-03 14:00:00,35,NO CONTROLS,NO CONTROLS,FOG/SMOKE/HAZE,DAYLIGHT,PARKED MOTOR VEHICLE,ONE-WAY,STRAIGHT AND LEVEL,WET,NO DEFECTS,NO INJURY / DRIVE AWAY,"OVER $1,500",NOT APPLICABLE,NOT APPLICABLE,136,W,GRAND AVE,2,NO INDICATION OF INJURY,0.0,0.0,0.0,0.0,0.0,1.0,0.0,14,3,1
8c3afe02af81f51d8078a3a2def7e4436699bd3872bde344f00ce34d64119d775b8a61ebe07b151add18dfbac20eeacc9e03c2ad8111195ace3dd67d8ba0efe6,2016-11-10 18:00:00,35,UNKNOWN,UNKNOWN,CLEAR,UNKNOWN,PARKED MOTOR VEHICLE,NOT DIVIDED,STRAIGHT AND LEVEL,DRY,NO DEFECTS,NO INJURY / DRIVE AWAY,"$501 - $1,500",FAILING TO REDUCE SPEED TO AVOID CRASH,"OPERATING VEHICLE IN ERRATIC, RECKLESS, CARELESS, NEGLIGENT OR AGGRESSIVE MANNER",4700,W,HARRISON ST,2,NO INDICATION OF INJURY,0.0,0.0,0.0,0.0,0.0,1.0,0.0,18,5,11